OPERATION_DATE,ROUTE_ID,DIRECTION,TRIP_ID,VEHICLE_ID,SCHED_DEPTIME,ACT_ARRTIME,ACT_DEPTIME,STOP_ORDER_NBR,STOP_ID,STOP,BOARDINGS,ALIGHTINGS
2025-10-01,424,North,22169,17806.0,15:35:00,15:34:40,15:34:40,0,640,4th Ave S & S Jackson St,4.0,0.0
2025-10-01,424,North,22169,17806.0,,15:35:21,15:35:45,1,635,4th Ave S & S Washington St,1.0,0.0
2025-10-01,424,North,22169,17806.0,,15:36:55,15:37:47,2,2638,4th Ave & Cherry St,12.0,0.0
2025-10-01,424,North,22169,17806.0,,15:40:07,15:40:32,3,641,4th Ave & Seneca St,5.0,0.0
2025-10-01,424,North,22169,17806.0,15:40:00,15:41:44,15:42:01,4,2976,4th Ave & Pine St,2.0,0.0
2025-10-01,424,North,22169,17806.0,,15:43:19,15:44:34,5,473,Olive Way & 6th Ave,12.0,0.0
2025-10-01,424,North,22169,17806.0,15:45:00,15:46:23,15:46:43,6,476,Olive Way & Terry Ave,4.0,0.0
2025-10-01,424,North,22169,17806.0,15:53:00,15:56:15,15:56:40,7,497,Evergreen Point Fwy Station,2.0,1.0
2025-10-01,424,North,22169,17806.0,16:12:00,16:08:31,16:09:25,9,2850,Totem Lake Fwy Station,1.0,26.0
2025-10-01,424,North,22169,17806.0,16:20:00,16:21:19,16:22:20,10,2704,Hwy 522 & 132nd Ave NE Flyer Stop,0.0,6.0
2025-10-01,424,North,22169,17806.0,16:46:00,16:52:17,16:52:41,12,3064,Fryelands Blvd & 161st St SE,0.0,2.0
2025-10-01,424,North,22169,17806.0,,16:53:19,16:53:19,13,2602,Fryelands Blvd & 156th St SE,0.0,0.0
2025-10-01,424,North,22169,17806.0,,16:54:37,16:54:52,14,3066,154th St SE & 168th Ave SE,0.0,1.0
2025-10-01,424,North,22169,17806.0,,16:55:31,16:55:44,15,2599,154th St SE & Mulberry Dr,0.0,1.0
2025-10-01,424,North,22169,17806.0,,16:56:16,16:56:16,16,2597,154th St SE & Lin Ave SE,0.0,0.0
2025-10-01,424,North,22169,17806.0,,16:57:22,16:57:22,17,589,179th Ave SE & Stanton St,0.0,0.0
2025-10-01,424,North,22169,17806.0,,16:57:57,16:58:11,18,585,179th Ave SE & 147th St SE,0.0,1.0
2025-10-01,424,North,22169,17806.0,,17:01:00,17:01:00,19,1915,Hwy 2 & 179th Ave SE,0.0,0.0
2025-10-01,424,North,22169,17806.0,16:55:00,17:01:43,17:02:10,20,1928,Monroe Park & Ride Bay 1,0.0,4.0
2025-10-01,424,North,22169,17806.0,,17:04:41,17:04:41,21,1922,Hwy 2 & Roosevelt Rd (East),0.0,0.0
2025-10-01,424,North,22169,17806.0,,17:11:39,17:11:39,22,1740,92nd St SE & 113th Dr SE,0.0,0.0
2025-10-01,424,North,22169,17806.0,,17:12:25,17:12:25,23,1628,Second St & Pine Ave,0.0,0.0
2025-10-01,424,North,22169,17806.0,,17:13:16,17:13:16,24,3131,2nd St & Cedar Ave,0.0,0.0
2025-10-01,424,North,22169,17806.0,,17:13:33,17:14:43,25,1629,Second St & Ave A,0.0,1.0
2025-10-01,424,North,22169,17806.0,,17:15:25,17:15:25,26,1626,Second St & Ave C,0.0,0.0
2025-10-01,424,North,22169,17806.0,17:10:00,17:16:11,17:16:11,27,858,Ave D & Third St,0.0,0.0
2025-10-01,424,North,22169,17806.0,,,,28,859,Ave D & Fifth St,,
2025-10-01,424,North,22169,17806.0,,,,29,860,Ave D & 10th St,,
2025-10-01,424,North,22169,17806.0,,,,30,857,Ave D & 13th St,,
2025-10-01,424,North,22169,17806.0,,,,31,3127,Ave D & Ferguson Park Rd,,
2025-10-01,424,North,22169,17806.0,17:19:00,,,32,861,Snohomish Park & Ride Bay 2,,
2025-10-01,424,North,22170,21812.0,17:10:00,17:11:27,17:11:27,0,640,4th Ave S & S Jackson St,9.0,0.0
2025-10-01,424,North,22170,21812.0,,17:12:25,17:12:25,1,635,4th Ave S & S Washington St,0.0,0.0
2025-10-01,424,North,22170,21812.0,,17:13:35,17:14:02,2,2638,4th Ave & Cherry St,3.0,0.0
2025-10-01,424,North,22170,21812.0,,17:14:56,17:15:24,3,641,4th Ave & Seneca St,5.0,0.0
2025-10-01,424,North,22170,21812.0,17:16:00,17:17:16,17:18:50,4,2976,4th Ave & Pine St,6.0,0.0
2025-10-01,424,North,22170,21812.0,,17:20:40,17:22:03,5,473,Olive Way & 6th Ave,6.0,0.0
2025-10-01,424,North,22170,21812.0,17:21:00,17:24:00,17:24:40,6,476,Olive Way & Terry Ave,8.0,0.0
2025-10-01,424,North,22170,21812.0,17:31:00,17:37:15,17:37:49,7,497,Evergreen Point Fwy Station,4.0,5.0
2025-10-01,424,North,22170,21812.0,17:53:00,17:48:28,17:49:08,9,2850,Totem Lake Fwy Station,1.0,15.0
2025-10-01,424,North,22170,21812.0,18:00:00,17:56:12,17:57:35,10,2704,Hwy 522 & 132nd Ave NE Flyer Stop,0.0,2.0
2025-10-01,424,North,22170,21812.0,18:20:00,18:16:56,18:17:20,12,3064,Fryelands Blvd & 161st St SE,0.0,2.0
2025-10-01,424,North,22170,21812.0,,18:18:04,18:18:15,13,2602,Fryelands Blvd & 156th St SE,0.0,1.0
2025-10-01,424,North,22170,21812.0,,18:19:53,18:19:53,14,3066,154th St SE & 168th Ave SE,0.0,0.0
2025-10-01,424,North,22170,21812.0,,18:20:26,18:20:26,15,2599,154th St SE & Mulberry Dr,0.0,0.0
2025-10-01,424,North,22170,21812.0,,18:20:58,18:20:58,16,2597,154th St SE & Lin Ave SE,0.0,0.0
2025-10-01,424,North,22170,21812.0,,18:22:32,18:22:50,17,589,179th Ave SE & Stanton St,0.0,2.0
2025-10-01,424,North,22170,21812.0,,18:23:40,18:24:09,18,585,179th Ave SE & 147th St SE,0.0,2.0
2025-10-01,424,North,22170,21812.0,,18:26:21,18:26:36,19,1915,Hwy 2 & 179th Ave SE,0.0,1.0
2025-10-01,424,North,22170,21812.0,18:30:00,18:27:31,18:28:14,20,1928,Monroe Park & Ride Bay 1,0.0,10.0
2025-10-01,424,North,22170,21812.0,,18:30:28,18:30:28,21,1922,Hwy 2 & Roosevelt Rd (East),0.0,0.0
2025-10-01,424,North,22170,21812.0,,18:37:03,18:37:03,22,1740,92nd St SE & 113th Dr SE,0.0,0.0
2025-10-01,424,North,22170,21812.0,,18:37:59,18:37:59,23,1628,Second St & Pine Ave,0.0,0.0
2025-10-01,424,North,22170,21812.0,,18:38:54,18:38:54,24,3131,2nd St & Cedar Ave,0.0,0.0
2025-10-01,424,North,22170,21812.0,,18:39:07,18:39:07,25,1629,Second St & Ave A,0.0,0.0
2025-10-01,424,North,22170,21812.0,,18:39:33,18:39:33,26,1626,Second St & Ave C,0.0,0.0
2025-10-01,424,North,22170,21812.0,18:44:00,18:40:16,18:40:16,27,858,Ave D & Third St,0.0,0.0
2025-10-01,424,North,22170,21812.0,,18:40:53,18:41:07,28,859,Ave D & Fifth St,0.0,1.0
2025-10-01,424,North,22170,21812.0,,18:42:11,18:42:27,29,860,Ave D & 10th St,0.0,1.0
2025-10-01,424,North,22170,21812.0,,18:43:31,18:43:31,30,857,Ave D & 13th St,0.0,0.0
2025-10-01,424,North,22170,21812.0,,18:43:42,18:43:42,31,3127,Ave D & Ferguson Park Rd,0.0,0.0
2025-10-01,424,North,22170,21812.0,18:54:00,18:44:24,18:44:24,32,861,Snohomish Park & Ride Bay 2,0.0,0.0
2025-10-01,424,South,22171,19818.0,05:15:00,05:15:06,05:15:06,0,1349,Snohomish Park & Ride Bay 1,0.0,0.0
2025-10-01,424,South,22171,19818.0,,05:15:55,05:15:55,1,3128,Ave D & 14th St SE,0.0,0.0
2025-10-01,424,South,22171,19818.0,,05:16:40,05:16:40,2,1353,Ave D & 13th St,0.0,0.0
2025-10-01,424,South,22171,19818.0,,05:17:17,05:17:44,3,1351,Ave D & Bonneville Ave,3.0,0.0
2025-10-01,424,South,22171,19818.0,,05:18:40,05:18:40,4,1350,Ave D & Fifth St,0.0,0.0
2025-10-01,424,South,22171,19818.0,05:17:00,05:19:05,05:19:05,5,1352,Ave D & Third St,0.0,0.0
2025-10-01,424,South,22171,19818.0,,05:20:03,05:20:03,6,242,Second St & Ave C,0.0,0.0
2025-10-01,424,South,22171,19818.0,,05:20:26,05:20:45,7,241,Second St & Ave A,1.0,0.0
2025-10-01,424,South,22171,19818.0,,05:21:26,05:21:26,8,243,Second St & Maple Ave,0.0,0.0
2025-10-01,424,South,22171,19818.0,,05:21:46,05:21:46,9,244,Second St & Pine Ave,0.0,0.0
2025-10-01,424,South,22171,19818.0,,05:22:20,05:22:20,10,369,92nd St SE & 113th Dr SE,0.0,0.0
2025-10-01,424,South,22171,19818.0,,05:28:15,05:28:15,11,552,Hwy 2 & Fryelands Blvd SE,0.0,0.0
2025-10-01,424,South,22171,19818.0,05:27:00,05:29:33,05:30:25,12,1928,Monroe Park & Ride Bay 1,7.0,0.0
2025-10-01,424,South,22171,19818.0,,05:32:20,05:32:20,13,1073,179th Ave SE & 147th St SE,0.0,0.0
2025-10-01,424,South,22171,19818.0,,05:33:01,05:33:24,14,1070,179th Ave SE & Stanton St SE,2.0,0.0
2025-10-01,424,South,22171,19818.0,,05:34:42,05:34:42,15,2596,154th St SE & 175th Ave SE,0.0,0.0
2025-10-01,424,South,22171,19818.0,,05:35:18,05:35:40,16,2598,154th St SE & Mulberry Dr,1.0,0.0
2025-10-01,424,South,22171,19818.0,,05:36:22,05:36:45,17,3067,154th St SE & 168th Ave SE,1.0,0.0
2025-10-01,424,South,22171,19818.0,,05:38:20,05:38:20,18,2603,Fryelands Blvd & 156th St SE,0.0,0.0
2025-10-01,424,South,22171,19818.0,05:36:00,05:38:54,05:39:19,19,3065,Fryelands Blvd & 161st St SE,1.0,0.0
2025-10-01,424,South,22171,19818.0,05:49:00,05:58:06,05:58:06,21,2705,Hwy 522 & 132nd Ave NE Flyer Stop,0.0,0.0
2025-10-01,424,South,22171,19818.0,05:54:00,06:03:13,06:03:40,22,2851,Totem Lake Fwy Station,4.0,1.0
2025-10-01,424,South,22171,19818.0,06:07:00,06:14:26,06:14:45,24,1859,Evergreen Point Fwy Station,1.0,2.0
2025-10-01,424,South,22171,19818.0,06:18:00,06:24:09,06:24:32,25,1909,Stewart St & 9th Ave,0.0,3.0
2025-10-01,424,South,22171,19818.0,,06:25:41,06:26:02,26,1908,Stewart St & 7th Ave,0.0,6.0
2025-10-01,424,South,22171,19818.0,,06:27:23,06:27:34,27,1907,Stewart St & 4th Ave,0.0,1.0
2025-10-01,424,South,22171,19818.0,,06:29:20,06:29:36,28,1079,2nd Ave & Stewart St,0.0,2.0
2025-10-01,424,South,22171,19818.0,06:25:00,06:30:49,06:31:12,29,2909,2nd Ave & Seneca St,0.0,4.0
2025-10-01,424,South,22171,19818.0,,06:32:33,06:32:50,30,2631,2nd Ave & Cherry St,0.0,2.0
2025-10-01,424,South,22171,19818.0,06:31:00,06:37:19,06:37:19,31,2349,2nd Ave Ext S & Yesler Way,0.0,0.0
2025-10-01,424,South,22172,21800.0,06:30:00,06:30:01,06:30:01,0,1349,Snohomish Park & Ride Bay 1,0.0,0.0
2025-10-01,424,South,22172,21800.0,,06:30:42,06:30:42,1,3128,Ave D & 14th St SE,0.0,0.0
2025-10-01,424,South,22172,21800.0,,06:31:13,06:31:13,2,1353,Ave D & 13th St,0.0,0.0
2025-10-01,424,South,22172,21800.0,,06:31:50,06:32:14,3,1351,Ave D & Bonneville Ave,1.0,0.0
2025-10-01,424,South,22172,21800.0,,06:33:15,06:33:15,4,1350,Ave D & Fifth St,0.0,0.0
2025-10-01,424,South,22172,21800.0,06:32:00,06:34:17,06:34:17,5,1352,Ave D & Third St,0.0,0.0
2025-10-01,424,South,22172,21800.0,,06:35:41,06:35:41,6,242,Second St & Ave C,0.0,0.0
2025-10-01,424,South,22172,21800.0,,06:35:58,06:35:58,7,241,Second St & Ave A,0.0,0.0
2025-10-01,424,South,22172,21800.0,,06:36:41,06:36:41,8,243,Second St & Maple Ave,0.0,0.0
2025-10-01,424,South,22172,21800.0,,06:37:03,06:37:03,9,244,Second St & Pine Ave,0.0,0.0
2025-10-01,424,South,22172,21800.0,,06:37:44,06:37:44,10,369,92nd St SE & 113th Dr SE,0.0,0.0
2025-10-01,424,South,22172,21800.0,,06:44:30,06:44:30,11,552,Hwy 2 & Fryelands Blvd SE,0.0,0.0
2025-10-01,424,South,22172,21800.0,06:43:00,06:46:08,06:46:46,12,1928,Monroe Park & Ride Bay 1,7.0,0.0
2025-10-01,424,South,22172,21800.0,,06:50:09,06:50:09,13,1073,179th Ave SE & 147th St SE,0.0,0.0
2025-10-01,424,South,22172,21800.0,,06:50:45,06:51:06,14,1070,179th Ave SE & Stanton St SE,1.0,0.0
2025-10-01,424,South,22172,21800.0,,06:52:15,06:52:15,15,2596,154th St SE & 175th Ave SE,0.0,0.0
2025-10-01,424,South,22172,21800.0,,06:52:48,06:52:48,16,2598,154th St SE & Mulberry Dr,0.0,0.0
2025-10-01,424,South,22172,21800.0,,06:53:16,06:53:16,17,3067,154th St SE & 168th Ave SE,0.0,0.0
2025-10-01,424,South,22172,21800.0,,06:54:46,06:55:01,18,2603,Fryelands Blvd & 156th St SE,1.0,0.0
2025-10-01,424,South,22172,21800.0,06:52:00,06:55:43,06:56:19,19,3065,Fryelands Blvd & 161st St SE,2.0,0.0
2025-10-01,424,South,22172,21800.0,07:11:00,07:33:00,07:33:30,21,2705,Hwy 522 & 132nd Ave NE Flyer Stop,5.0,1.0
2025-10-01,424,South,22172,21800.0,07:19:00,07:44:22,07:44:53,22,2851,Totem Lake Fwy Station,5.0,2.0
2025-10-01,424,South,22172,21800.0,07:39:00,07:57:02,07:57:15,24,1859,Evergreen Point Fwy Station,0.0,2.0
2025-10-01,424,South,22172,21800.0,07:54:00,08:09:02,08:09:20,25,1909,Stewart St & 9th Ave,1.0,3.0
2025-10-01,424,South,22172,21800.0,,08:10:44,08:11:07,26,1908,Stewart St & 7th Ave,0.0,8.0
2025-10-01,424,South,22172,21800.0,,08:12:29,08:12:39,27,1907,Stewart St & 4th Ave,0.0,1.0
2025-10-01,424,South,22172,21800.0,,08:14:19,08:15:01,28,1079,2nd Ave & Stewart St,0.0,3.0
2025-10-01,424,South,22172,21800.0,08:05:00,08:16:58,08:17:15,29,2909,2nd Ave & Seneca St,0.0,2.0
2025-10-01,424,South,22172,21800.0,,08:18:51,08:19:04,30,2631,2nd Ave & Cherry St,0.0,1.0
2025-10-01,424,South,22172,21800.0,08:12:00,08:19:41,08:19:41,31,2349,2nd Ave Ext S & Yesler Way,0.0,0.0
2025-10-02,424,North,22169,19821.0,15:35:00,15:39:39,15:39:39,0,640,4th Ave S & S Jackson St,8.0,0.0
2025-10-02,424,North,22169,19821.0,,,,1,635,4th Ave S & S Washington St,,
2025-10-02,424,North,22169,19821.0,,15:42:50,15:43:44,2,2638,4th Ave & Cherry St,9.0,0.0
2025-10-02,424,North,22169,19821.0,,15:46:07,15:46:45,3,641,4th Ave & Seneca St,7.0,0.0
2025-10-02,424,North,22169,19821.0,15:40:00,15:47:49,15:48:30,4,2976,4th Ave & Pine St,4.0,0.0
2025-10-02,424,North,22169,19821.0,,15:49:41,15:50:31,5,473,Olive Way & 6th Ave,7.0,0.0
2025-10-02,424,North,22169,19821.0,15:45:00,15:51:23,15:52:10,6,476,Olive Way & Terry Ave,2.0,0.0
2025-10-02,424,North,22169,19821.0,15:53:00,16:02:21,16:02:57,7,497,Evergreen Point Fwy Station,3.0,1.0
2025-10-02,424,North,22169,19821.0,16:12:00,16:16:42,16:17:47,9,2850,Totem Lake Fwy Station,0.0,16.0
2025-10-02,424,North,22169,19821.0,16:20:00,16:24:46,16:25:43,10,2704,Hwy 522 & 132nd Ave NE Flyer Stop,2.0,6.0
2025-10-02,424,North,22169,19821.0,16:46:00,16:52:40,16:53:26,12,3064,Fryelands Blvd & 161st St SE,0.0,7.0
2025-10-02,424,North,22169,19821.0,,16:53:59,16:53:59,13,2602,Fryelands Blvd & 156th St SE,0.0,0.0
2025-10-02,424,North,22169,19821.0,,16:55:37,16:55:37,14,3066,154th St SE & 168th Ave SE,0.0,0.0
2025-10-02,424,North,22169,19821.0,,16:56:14,16:56:29,15,2599,154th St SE & Mulberry Dr,0.0,1.0
2025-10-02,424,North,22169,19821.0,,16:57:06,16:57:06,16,2597,154th St SE & Lin Ave SE,0.0,0.0
2025-10-02,424,North,22169,19821.0,,16:58:29,16:58:45,17,589,179th Ave SE & Stanton St,0.0,2.0
2025-10-02,424,North,22169,19821.0,,16:59:28,16:59:28,18,585,179th Ave SE & 147th St SE,0.0,0.0
2025-10-02,424,North,22169,19821.0,,17:02:26,17:02:26,19,1915,Hwy 2 & 179th Ave SE,0.0,0.0
2025-10-02,424,North,22169,19821.0,16:55:00,17:03:11,17:03:39,20,1928,Monroe Park & Ride Bay 1,0.0,5.0
2025-10-02,424,North,22169,19821.0,,17:07:05,17:07:05,21,1922,Hwy 2 & Roosevelt Rd (East),0.0,0.0
2025-10-02,424,North,22169,19821.0,,17:13:58,17:13:58,22,1740,92nd St SE & 113th Dr SE,0.0,0.0
2025-10-02,424,North,22169,19821.0,,17:14:49,17:15:03,23,1628,Second St & Pine Ave,0.0,3.0
2025-10-02,424,North,22169,19821.0,,17:16:15,17:16:15,24,3131,2nd St & Cedar Ave,0.0,0.0
2025-10-02,424,North,22169,19821.0,,17:16:45,17:16:45,25,1629,Second St & Ave A,0.0,0.0
2025-10-02,424,North,22169,19821.0,,17:17:42,17:17:42,26,1626,Second St & Ave C,0.0,0.0
2025-10-02,424,North,22169,19821.0,17:10:00,17:18:12,17:18:12,27,858,Ave D & Third St,0.0,0.0
2025-10-02,424,North,22169,19821.0,,17:19:10,17:19:10,28,859,Ave D & Fifth St,0.0,0.0
2025-10-02,424,North,22169,19821.0,,17:21:00,17:21:18,29,860,Ave D & 10th St,0.0,1.0
2025-10-02,424,North,22169,19821.0,,17:22:51,17:22:51,30,857,Ave D & 13th St,0.0,0.0
2025-10-02,424,North,22169,19821.0,,17:23:01,17:23:01,31,3127,Ave D & Ferguson Park Rd,0.0,0.0
2025-10-02,424,North,22169,19821.0,17:19:00,17:23:44,17:23:44,32,861,Snohomish Park & Ride Bay 2,0.0,0.0
2025-10-02,424,North,22170,21806.0,17:10:00,17:10:19,17:10:19,0,640,4th Ave S & S Jackson St,6.0,0.0
2025-10-02,424,North,22170,21806.0,,17:12:06,17:12:06,1,635,4th Ave S & S Washington St,0.0,0.0
2025-10-02,424,North,22170,21806.0,,17:13:09,17:13:34,2,2638,4th Ave & Cherry St,6.0,0.0
2025-10-02,424,North,22170,21806.0,,17:15:57,17:16:21,3,641,4th Ave & Seneca St,6.0,0.0
2025-10-02,424,North,22170,21806.0,17:16:00,17:18:37,17:19:51,4,2976,4th Ave & Pine St,8.0,0.0
2025-10-02,424,North,22170,21806.0,,17:22:15,17:23:33,5,473,Olive Way & 6th Ave,6.0,0.0
2025-10-02,424,North,22170,21806.0,17:21:00,17:24:20,17:25:06,6,476,Olive Way & Terry Ave,7.0,5.0
2025-10-02,424,North,22170,21806.0,17:31:00,17:37:13,17:37:34,7,497,Evergreen Point Fwy Station,2.0,5.0
2025-10-02,424,North,22170,21806.0,17:53:00,17:52:30,17:53:16,9,2850,Totem Lake Fwy Station,3.0,21.0
2025-10-02,424,North,22170,21806.0,18:00:00,17:59:43,17:59:58,10,2704,Hwy 522 & 132nd Ave NE Flyer Stop,0.0,1.0
2025-10-02,424,North,22170,21806.0,18:20:00,18:16:20,18:16:29,12,3064,Fryelands Blvd & 161st St SE,0.0,0.0
2025-10-02,424,North,22170,21806.0,,18:17:07,18:17:17,13,2602,Fryelands Blvd & 156th St SE,0.0,1.0
2025-10-02,424,North,22170,21806.0,,18:18:37,18:18:58,14,3066,154th St SE & 168th Ave SE,0.0,2.0
2025-10-02,424,North,22170,21806.0,,18:19:31,18:19:31,15,2599,154th St SE & Mulberry Dr,0.0,0.0
2025-10-02,424,North,22170,21806.0,,18:20:00,18:20:00,16,2597,154th St SE & Lin Ave SE,0.0,0.0
2025-10-02,424,North,22170,21806.0,,18:21:05,18:21:15,17,589,179th Ave SE & Stanton St,0.0,1.0
2025-10-02,424,North,22170,21806.0,,18:22:32,18:22:32,18,585,179th Ave SE & 147th St SE,0.0,0.0
2025-10-02,424,North,22170,21806.0,,18:23:13,18:23:20,19,1915,Hwy 2 & 179th Ave SE,0.0,1.0
2025-10-02,424,North,22170,21806.0,18:30:00,18:24:09,18:24:33,20,1928,Monroe Park & Ride Bay 1,0.0,5.0
2025-10-02,424,North,22170,21806.0,,18:27:52,18:27:52,21,1922,Hwy 2 & Roosevelt Rd (East),0.0,0.0
2025-10-02,424,North,22170,21806.0,,18:33:55,18:33:55,22,1740,92nd St SE & 113th Dr SE,0.0,0.0
2025-10-02,424,North,22170,21806.0,,18:34:35,18:34:35,23,1628,Second St & Pine Ave,0.0,0.0
2025-10-02,424,North,22170,21806.0,,18:34:58,18:34:58,24,3131,2nd St & Cedar Ave,0.0,0.0
2025-10-02,424,North,22170,21806.0,,18:35:16,18:35:29,25,1629,Second St & Ave A,0.0,1.0
2025-10-02,424,North,22170,21806.0,,18:36:11,18:36:11,26,1626,Second St & Ave C,0.0,0.0
2025-10-02,424,North,22170,21806.0,18:44:00,18:36:40,18:36:40,27,858,Ave D & Third St,0.0,0.0
2025-10-02,424,North,22170,21806.0,,18:37:14,18:37:22,28,859,Ave D & Fifth St,0.0,1.0
2025-10-02,424,North,22170,21806.0,,18:38:22,18:38:22,29,860,Ave D & 10th St,0.0,0.0
2025-10-02,424,North,22170,21806.0,,18:39:27,18:39:27,30,857,Ave D & 13th St,0.0,0.0
2025-10-02,424,North,22170,21806.0,,18:39:36,18:39:36,31,3127,Ave D & Ferguson Park Rd,0.0,0.0
2025-10-02,424,North,22170,21806.0,18:54:00,18:40:08,18:40:08,32,861,Snohomish Park & Ride Bay 2,1.0,1.0
2025-10-02,424,South,22171,17801.0,05:15:00,05:15:08,05:15:08,0,1349,Snohomish Park & Ride Bay 1,0.0,0.0
2025-10-02,424,South,22171,17801.0,,05:15:52,05:15:52,1,3128,Ave D & 14th St SE,0.0,0.0
2025-10-02,424,South,22171,17801.0,,05:16:22,05:16:22,2,1353,Ave D & 13th St,0.0,0.0
2025-10-02,424,South,22171,17801.0,,05:17:01,05:17:23,3,1351,Ave D & Bonneville Ave,3.0,0.0
2025-10-02,424,South,22171,17801.0,,05:18:22,05:18:22,4,1350,Ave D & Fifth St,0.0,0.0
2025-10-02,424,South,22171,17801.0,05:17:00,05:18:46,05:18:46,5,1352,Ave D & Third St,0.0,0.0
2025-10-02,424,South,22171,17801.0,,05:19:27,05:19:27,6,242,Second St & Ave C,0.0,0.0
2025-10-02,424,South,22171,17801.0,,05:19:47,05:20:02,7,241,Second St & Ave A,1.0,0.0
2025-10-02,424,South,22171,17801.0,,05:20:44,05:20:44,8,243,Second St & Maple Ave,0.0,0.0
2025-10-02,424,South,22171,17801.0,,05:21:06,05:21:06,9,244,Second St & Pine Ave,0.0,0.0
2025-10-02,424,South,22171,17801.0,,05:21:41,05:21:59,10,369,92nd St SE & 113th Dr SE,1.0,0.0
2025-10-02,424,South,22171,17801.0,,05:28:13,05:28:13,11,552,Hwy 2 & Fryelands Blvd SE,0.0,0.0
2025-10-02,424,South,22171,17801.0,05:27:00,05:29:31,05:30:19,12,1928,Monroe Park & Ride Bay 1,4.0,1.0
2025-10-02,424,South,22171,17801.0,,05:34:10,05:34:10,13,1073,179th Ave SE & 147th St SE,0.0,0.0
2025-10-02,424,South,22171,17801.0,,05:34:49,05:35:04,14,1070,179th Ave SE & Stanton St SE,2.0,0.0
2025-10-02,424,South,22171,17801.0,,05:36:18,05:36:18,15,2596,154th St SE & 175th Ave SE,0.0,0.0
2025-10-02,424,South,22171,17801.0,,05:36:50,05:37:11,16,2598,154th St SE & Mulberry Dr,1.0,0.0
2025-10-02,424,South,22171,17801.0,,05:37:49,05:38:15,17,3067,154th St SE & 168th Ave SE,1.0,0.0
2025-10-02,424,South,22171,17801.0,,05:39:41,05:39:41,18,2603,Fryelands Blvd & 156th St SE,0.0,0.0
2025-10-02,424,South,22171,17801.0,05:36:00,05:40:12,05:41:01,19,3065,Fryelands Blvd & 161st St SE,3.0,0.0
2025-10-02,424,South,22171,17801.0,05:49:00,05:59:28,05:59:28,21,2705,Hwy 522 & 132nd Ave NE Flyer Stop,0.0,0.0
2025-10-02,424,South,22171,17801.0,05:54:00,06:04:01,06:04:17,22,2851,Totem Lake Fwy Station,1.0,1.0
2025-10-02,424,South,22171,17801.0,06:07:00,06:14:00,06:14:12,24,1859,Evergreen Point Fwy Station,0.0,3.0
2025-10-02,424,South,22171,17801.0,06:18:00,06:23:21,06:23:43,25,1909,Stewart St & 9th Ave,0.0,4.0
2025-10-02,424,South,22171,17801.0,,06:24:11,06:24:51,26,1908,Stewart St & 7th Ave,0.0,4.0
2025-10-02,424,South,22171,17801.0,,06:25:54,06:26:07,27,1907,Stewart St & 4th Ave,0.0,0.0
2025-10-02,424,South,22171,17801.0,,06:27:49,06:27:58,28,1079,2nd Ave & Stewart St,0.0,1.0
2025-10-02,424,South,22171,17801.0,06:25:00,06:29:14,06:29:29,29,2909,2nd Ave & Seneca St,0.0,2.0
2025-10-02,424,South,22171,17801.0,,06:30:49,06:31:01,30,2631,2nd Ave & Cherry St,0.0,1.0
2025-10-02,424,South,22171,17801.0,06:31:00,06:31:36,06:31:36,31,2349,2nd Ave Ext S & Yesler Way,0.0,0.0
2025-10-02,424,South,22172,21807.0,06:30:00,06:31:18,06:31:18,0,1349,Snohomish Park & Ride Bay 1,0.0,0.0
2025-10-02,424,South,22172,21807.0,,06:32:03,06:32:03,1,3128,Ave D & 14th St SE,0.0,0.0
2025-10-02,424,South,22172,21807.0,,06:32:47,06:32:47,2,1353,Ave D & 13th St,0.0,0.0
2025-10-02,424,South,22172,21807.0,,06:33:29,06:33:54,3,1351,Ave D & Bonneville Ave,1.0,0.0
2025-10-02,424,South,22172,21807.0,,06:35:03,06:35:03,4,1350,Ave D & Fifth St,0.0,0.0
2025-10-02,424,South,22172,21807.0,06:32:00,06:35:31,06:35:31,5,1352,Ave D & Third St,0.0,0.0
2025-10-02,424,South,22172,21807.0,,06:36:28,06:36:28,6,242,Second St & Ave C,0.0,0.0
2025-10-02,424,South,22172,21807.0,,06:36:49,06:36:49,7,241,Second St & Ave A,0.0,0.0
2025-10-02,424,South,22172,21807.0,,06:37:27,06:37:27,8,243,Second St & Maple Ave,0.0,0.0
2025-10-02,424,South,22172,21807.0,,06:37:49,06:37:49,9,244,Second St & Pine Ave,0.0,0.0
2025-10-02,424,South,22172,21807.0,,06:38:21,06:38:21,10,369,92nd St SE & 113th Dr SE,0.0,0.0
2025-10-02,424,South,22172,21807.0,,06:44:51,06:44:51,11,552,Hwy 2 & Fryelands Blvd SE,0.0,0.0
2025-10-02,424,South,22172,21807.0,06:43:00,06:46:09,06:46:47,12,1928,Monroe Park & Ride Bay 1,7.0,0.0
2025-10-02,424,South,22172,21807.0,,06:48:29,06:48:29,13,1073,179th Ave SE & 147th St SE,0.0,0.0
2025-10-02,424,South,22172,21807.0,,06:49:07,06:49:07,14,1070,179th Ave SE & Stanton St SE,0.0,0.0
2025-10-02,424,South,22172,21807.0,,06:50:18,06:50:18,15,2596,154th St SE & 175th Ave SE,0.0,0.0
2025-10-02,424,South,22172,21807.0,,06:50:55,06:50:55,16,2598,154th St SE & Mulberry Dr,0.0,0.0
2025-10-02,424,South,22172,21807.0,,06:51:31,06:51:45,17,3067,154th St SE & 168th Ave SE,1.0,0.0
2025-10-02,424,South,22172,21807.0,,06:53:36,06:53:52,18,2603,Fryelands Blvd & 156th St SE,1.0,0.0
2025-10-02,424,South,22172,21807.0,06:52:00,06:54:32,06:54:55,19,3065,Fryelands Blvd & 161st St SE,3.0,0.0
2025-10-02,424,South,22172,21807.0,07:11:00,07:18:59,07:19:28,21,2705,Hwy 522 & 132nd Ave NE Flyer Stop,3.0,1.0
2025-10-02,424,South,22172,21807.0,07:19:00,07:29:13,07:30:26,22,2851,Totem Lake Fwy Station,13.0,2.0
2025-10-02,424,South,22172,21807.0,07:39:00,07:40:50,07:41:06,24,1859,Evergreen Point Fwy Station,1.0,2.0
2025-10-02,424,South,22172,21807.0,07:54:00,07:50:46,07:51:06,25,1909,Stewart St & 9th Ave,0.0,4.0
2025-10-02,424,South,22172,21807.0,,07:51:37,07:52:00,26,1908,Stewart St & 7th Ave,0.0,9.0
2025-10-02,424,South,22172,21807.0,,07:54:23,07:54:42,27,1907,Stewart St & 4th Ave,0.0,5.0
2025-10-02,424,South,22172,21807.0,,07:56:28,07:56:43,28,1079,2nd Ave & Stewart St,0.0,1.0
2025-10-02,424,South,22172,21807.0,08:05:00,07:59:07,08:00:04,29,2909,2nd Ave & Seneca St,0.0,6.0
2025-10-02,424,South,22172,21807.0,,08:00:57,08:01:15,30,2631,2nd Ave & Cherry St,0.0,0.0
2025-10-02,424,South,22172,21807.0,08:12:00,08:01:50,08:01:50,31,2349,2nd Ave Ext S & Yesler Way,0.0,0.0
2025-10-03,424,North,22169,17812.0,15:35:00,15:36:18,15:36:18,0,640,4th Ave S & S Jackson St,5.0,0.0
2025-10-03,424,North,22169,17812.0,,15:37:00,15:37:34,1,635,4th Ave S & S Washington St,1.0,0.0
2025-10-03,424,North,22169,17812.0,,15:38:32,15:39:19,2,2638,4th Ave & Cherry St,6.0,0.0
2025-10-03,424,North,22169,17812.0,,15:40:32,15:41:39,3,641,4th Ave & Seneca St,6.0,0.0
2025-10-03,424,North,22169,17812.0,15:40:00,15:42:54,15:43:20,4,2976,4th Ave & Pine St,3.0,0.0
2025-10-03,424,North,22169,17812.0,,15:45:09,15:46:02,5,473,Olive Way & 6th Ave,4.0,0.0
2025-10-03,424,North,22169,17812.0,15:45:00,15:48:08,15:48:24,6,476,Olive Way & Terry Ave,1.0,2.0
2025-10-03,424,North,22169,17812.0,15:53:00,15:57:41,15:58:22,7,497,Evergreen Point Fwy Station,4.0,0.0
2025-10-03,424,North,22169,17812.0,16:12:00,16:12:36,16:13:15,9,2850,Totem Lake Fwy Station,1.0,13.0
2025-10-03,424,North,22169,17812.0,16:20:00,16:20:40,16:21:27,10,2704,Hwy 522 & 132nd Ave NE Flyer Stop,1.0,2.0
2025-10-03,424,North,22169,17812.0,16:46:00,16:54:49,16:55:49,12,3064,Fryelands Blvd & 161st St SE,0.0,2.0
2025-10-03,424,North,22169,17812.0,,16:56:36,16:56:36,13,2602,Fryelands Blvd & 156th St SE,0.0,0.0
2025-10-03,424,North,22169,17812.0,,16:58:17,16:58:43,14,3066,154th St SE & 168th Ave SE,0.0,2.0
2025-10-03,424,North,22169,17812.0,,16:59:31,16:59:45,15,2599,154th St SE & Mulberry Dr,0.0,1.0
2025-10-03,424,North,22169,17812.0,,17:00:23,17:00:23,16,2597,154th St SE & Lin Ave SE,0.0,0.0
2025-10-03,424,North,22169,17812.0,,17:01:37,17:01:37,17,589,179th Ave SE & Stanton St,0.0,0.0
2025-10-03,424,North,22169,17812.0,,17:02:41,17:02:41,18,585,179th Ave SE & 147th St SE,0.0,1.0
2025-10-03,424,North,22169,17812.0,,17:03:57,17:04:09,19,1915,Hwy 2 & 179th Ave SE,0.0,3.0
2025-10-03,424,North,22169,17812.0,16:55:00,17:05:01,17:05:28,20,1928,Monroe Park & Ride Bay 1,0.0,4.0
2025-10-03,424,North,22169,17812.0,,17:08:07,17:08:07,21,1922,Hwy 2 & Roosevelt Rd (East),0.0,0.0
2025-10-03,424,North,22169,17812.0,,17:14:08,17:14:08,22,1740,92nd St SE & 113th Dr SE,0.0,0.0
2025-10-03,424,North,22169,17812.0,,17:15:24,17:15:24,23,1628,Second St & Pine Ave,0.0,0.0
2025-10-03,424,North,22169,17812.0,,17:16:04,17:16:04,24,3131,2nd St & Cedar Ave,0.0,0.0
2025-10-03,424,North,22169,17812.0,,17:16:24,17:16:45,25,1629,Second St & Ave A,0.0,1.0
2025-10-03,424,North,22169,17812.0,,17:17:16,17:17:16,26,1626,Second St & Ave C,0.0,0.0
2025-10-03,424,North,22169,17812.0,17:10:00,17:17:50,17:17:50,27,858,Ave D & Third St,0.0,0.0
2025-10-03,424,North,22169,17812.0,,17:18:23,17:18:35,28,859,Ave D & Fifth St,0.0,1.0
2025-10-03,424,North,22169,17812.0,,17:19:32,17:19:32,29,860,Ave D & 10th St,0.0,0.0
2025-10-03,424,North,22169,17812.0,,17:20:39,17:20:39,30,857,Ave D & 13th St,0.0,0.0
2025-10-03,424,North,22169,17812.0,,17:20:47,17:20:47,31,3127,Ave D & Ferguson Park Rd,0.0,0.0
2025-10-03,424,North,22169,17812.0,17:19:00,17:21:33,17:21:33,32,861,Snohomish Park & Ride Bay 2,0.0,0.0
2025-10-03,424,North,22170,22808.0,17:10:00,17:09:49,17:09:49,0,640,4th Ave S & S Jackson St,3.0,0.0
2025-10-03,424,North,22170,22808.0,,17:11:03,17:11:15,1,635,4th Ave S & S Washington St,0.0,0.0
2025-10-03,424,North,22170,22808.0,,17:13:07,17:13:35,2,2638,4th Ave & Cherry St,5.0,0.0
2025-10-03,424,North,22170,22808.0,,17:16:28,17:16:53,3,641,4th Ave & Seneca St,6.0,2.0
2025-10-03,424,North,22170,22808.0,17:16:00,17:19:01,17:19:50,4,2976,4th Ave & Pine St,2.0,0.0
2025-10-03,424,North,22170,22808.0,,17:21:03,17:22:05,5,473,Olive Way & 6th Ave,3.0,0.0
2025-10-03,424,North,22170,22808.0,17:21:00,17:24:10,17:24:25,6,476,Olive Way & Terry Ave,0.0,0.0
2025-10-03,424,North,22170,22808.0,17:31:00,17:36:15,17:36:37,7,497,Evergreen Point Fwy Station,1.0,0.0
2025-10-03,424,North,22170,22808.0,17:53:00,17:48:21,17:48:51,9,2850,Totem Lake Fwy Station,2.0,9.0
2025-10-03,424,North,22170,22808.0,18:00:00,17:58:13,17:59:35,10,2704,Hwy 522 & 132nd Ave NE Flyer Stop,0.0,2.0
2025-10-03,424,North,22170,22808.0,18:20:00,18:26:14,18:26:24,12,3064,Fryelands Blvd & 161st St SE,0.0,0.0
2025-10-03,424,North,22170,22808.0,,18:26:59,18:26:59,13,2602,Fryelands Blvd & 156th St SE,0.0,0.0
2025-10-03,424,North,22170,22808.0,,18:28:14,18:28:36,14,3066,154th St SE & 168th Ave SE,0.0,1.0
2025-10-03,424,North,22170,22808.0,,18:29:12,18:29:12,15,2599,154th St SE & Mulberry Dr,0.0,0.0
2025-10-03,424,North,22170,22808.0,,18:29:47,18:29:47,16,2597,154th St SE & Lin Ave SE,0.0,0.0
2025-10-03,424,North,22170,22808.0,,18:31:03,18:31:21,17,589,179th Ave SE & Stanton St,0.0,2.0
2025-10-03,424,North,22170,22808.0,,18:32:35,18:32:35,18,585,179th Ave SE & 147th St SE,0.0,1.0
2025-10-03,424,North,22170,22808.0,,18:34:08,18:34:08,19,1915,Hwy 2 & 179th Ave SE,0.0,0.0
2025-10-03,424,North,22170,22808.0,18:30:00,18:34:50,18:35:30,20,1928,Monroe Park & Ride Bay 1,0.0,5.0
2025-10-03,424,North,22170,22808.0,,18:39:31,18:39:31,21,1922,Hwy 2 & Roosevelt Rd (East),0.0,0.0
2025-10-03,424,North,22170,22808.0,,18:45:12,18:45:12,22,1740,92nd St SE & 113th Dr SE,0.0,0.0
2025-10-03,424,North,22170,22808.0,,18:46:02,18:46:02,23,1628,Second St & Pine Ave,0.0,0.0
2025-10-03,424,North,22170,22808.0,,18:47:16,18:47:16,24,3131,2nd St & Cedar Ave,0.0,0.0
2025-10-03,424,North,22170,22808.0,,18:47:29,18:47:29,25,1629,Second St & Ave A,0.0,0.0
2025-10-03,424,North,22170,22808.0,,18:48:07,18:48:07,26,1626,Second St & Ave C,0.0,0.0
2025-10-03,424,North,22170,22808.0,18:44:00,18:49:20,18:49:20,27,858,Ave D & Third St,0.0,0.0
2025-10-03,424,North,22170,22808.0,,18:50:18,18:50:18,28,859,Ave D & Fifth St,0.0,0.0
2025-10-03,424,North,22170,22808.0,,18:51:22,18:51:22,29,860,Ave D & 10th St,0.0,0.0
2025-10-03,424,North,22170,22808.0,,18:52:36,18:52:36,30,857,Ave D & 13th St,0.0,0.0
2025-10-03,424,North,22170,22808.0,,18:52:46,18:52:46,31,3127,Ave D & Ferguson Park Rd,0.0,0.0
2025-10-03,424,North,22170,22808.0,18:54:00,18:53:28,18:53:28,32,861,Snohomish Park & Ride Bay 2,0.0,0.0
2025-10-03,424,South,22171,21813.0,05:15:00,05:15:23,05:15:23,0,1349,Snohomish Park & Ride Bay 1,0.0,0.0
2025-10-03,424,South,22171,21813.0,,05:16:05,05:16:05,1,3128,Ave D & 14th St SE,0.0,0.0
2025-10-03,424,South,22171,21813.0,,05:16:45,05:16:45,2,1353,Ave D & 13th St,0.0,0.0
2025-10-03,424,South,22171,21813.0,,05:17:21,05:17:44,3,1351,Ave D & Bonneville Ave,1.0,0.0
2025-10-03,424,South,22171,21813.0,,05:18:47,05:18:47,4,1350,Ave D & Fifth St,0.0,0.0
2025-10-03,424,South,22171,21813.0,05:17:00,05:19:10,05:19:10,5,1352,Ave D & Third St,0.0,0.0
2025-10-03,424,South,22171,21813.0,,05:19:46,05:19:46,6,242,Second St & Ave C,0.0,0.0
2025-10-03,424,South,22171,21813.0,,05:20:08,05:20:25,7,241,Second St & Ave A,1.0,0.0
2025-10-03,424,South,22171,21813.0,,05:21:05,05:21:05,8,243,Second St & Maple Ave,0.0,0.0
2025-10-03,424,South,22171,21813.0,,05:21:32,05:22:07,9,244,Second St & Pine Ave,1.0,0.0
2025-10-03,424,South,22171,21813.0,,05:22:47,05:22:47,10,369,92nd St SE & 113th Dr SE,0.0,0.0
2025-10-03,424,South,22171,21813.0,,05:28:41,05:28:54,11,552,Hwy 2 & Fryelands Blvd SE,0.0,1.0
2025-10-03,424,South,22171,21813.0,05:27:00,05:30:26,05:31:03,12,1928,Monroe Park & Ride Bay 1,7.0,0.0
2025-10-03,424,South,22171,21813.0,,05:32:55,05:32:55,13,1073,179th Ave SE & 147th St SE,0.0,0.0
2025-10-03,424,South,22171,21813.0,,05:33:35,05:33:51,14,1070,179th Ave SE & Stanton St SE,2.0,0.0
2025-10-03,424,South,22171,21813.0,,05:35:02,05:35:02,15,2596,154th St SE & 175th Ave SE,0.0,0.0
2025-10-03,424,South,22171,21813.0,,05:35:39,05:35:57,16,2598,154th St SE & Mulberry Dr,1.0,0.0
2025-10-03,424,South,22171,21813.0,,05:36:39,05:37:02,17,3067,154th St SE & 168th Ave SE,1.0,0.0
2025-10-03,424,South,22171,21813.0,,05:38:30,05:38:30,18,2603,Fryelands Blvd & 156th St SE,0.0,0.0
2025-10-03,424,South,22171,21813.0,05:36:00,05:39:04,05:39:34,19,3065,Fryelands Blvd & 161st St SE,1.0,0.0
2025-10-03,424,South,22171,21813.0,05:49:00,05:54:45,05:54:45,21,2705,Hwy 522 & 132nd Ave NE Flyer Stop,0.0,0.0
2025-10-03,424,South,22171,21813.0,05:54:00,05:59:17,05:59:42,22,2851,Totem Lake Fwy Station,2.0,2.0
2025-10-03,424,South,22171,21813.0,06:07:00,06:08:54,06:09:21,24,1859,Evergreen Point Fwy Station,1.0,0.0
2025-10-03,424,South,22171,21813.0,06:18:00,06:18:53,06:19:21,25,1909,Stewart St & 9th Ave,0.0,4.0
2025-10-03,424,South,22171,21813.0,,06:19:47,06:20:07,26,1908,Stewart St & 7th Ave,0.0,6.0
2025-10-03,424,South,22171,21813.0,,06:21:17,06:21:26,27,1907,Stewart St & 4th Ave,0.0,1.0
2025-10-03,424,South,22171,21813.0,,06:21:56,06:22:05,28,1079,2nd Ave & Stewart St,0.0,0.0
2025-10-03,424,South,22171,21813.0,06:25:00,06:23:16,06:23:36,29,2909,2nd Ave & Seneca St,0.0,3.0
2025-10-03,424,South,22171,21813.0,,06:25:05,06:25:24,30,2631,2nd Ave & Cherry St,0.0,1.0
2025-10-03,424,South,22171,21813.0,06:31:00,06:27:03,06:27:03,31,2349,2nd Ave Ext S & Yesler Way,0.0,0.0
2025-10-03,424,South,22172,19822.0,06:30:00,06:33:04,06:33:04,0,1349,Snohomish Park & Ride Bay 1,0.0,0.0
2025-10-03,424,South,22172,19822.0,,06:33:47,06:33:47,1,3128,Ave D & 14th St SE,0.0,0.0
2025-10-03,424,South,22172,19822.0,,06:34:16,06:34:16,2,1353,Ave D & 13th St,0.0,0.0
2025-10-03,424,South,22172,19822.0,,06:34:52,06:34:52,3,1351,Ave D & Bonneville Ave,0.0,0.0
2025-10-03,424,South,22172,19822.0,,06:35:52,06:35:52,4,1350,Ave D & Fifth St,0.0,0.0
2025-10-03,424,South,22172,19822.0,06:32:00,06:36:11,06:36:11,5,1352,Ave D & Third St,0.0,0.0
2025-10-03,424,South,22172,19822.0,,06:36:44,06:36:44,6,242,Second St & Ave C,0.0,0.0
2025-10-03,424,South,22172,19822.0,,06:37:09,06:37:09,7,241,Second St & Ave A,0.0,0.0
2025-10-03,424,South,22172,19822.0,,06:38:10,06:38:10,8,243,Second St & Maple Ave,0.0,0.0
2025-10-03,424,South,22172,19822.0,,06:38:50,06:38:50,9,244,Second St & Pine Ave,0.0,0.0
2025-10-03,424,South,22172,19822.0,,06:39:21,06:39:21,10,369,92nd St SE & 113th Dr SE,0.0,0.0
2025-10-03,424,South,22172,19822.0,,06:46:07,06:46:07,11,552,Hwy 2 & Fryelands Blvd SE,0.0,0.0
2025-10-03,424,South,22172,19822.0,06:43:00,06:47:27,06:48:12,12,1928,Monroe Park & Ride Bay 1,4.0,0.0
2025-10-03,424,South,22172,19822.0,,06:50:13,06:50:13,13,1073,179th Ave SE & 147th St SE,0.0,0.0
2025-10-03,424,South,22172,19822.0,,06:50:49,06:50:49,14,1070,179th Ave SE & Stanton St SE,0.0,0.0
2025-10-03,424,South,22172,19822.0,,06:51:59,06:51:59,15,2596,154th St SE & 175th Ave SE,0.0,0.0
2025-10-03,424,South,22172,19822.0,,06:52:37,06:52:37,16,2598,154th St SE & Mulberry Dr,0.0,0.0
2025-10-03,424,South,22172,19822.0,,06:53:12,06:53:27,17,3067,154th St SE & 168th Ave SE,1.0,0.0
2025-10-03,424,South,22172,19822.0,,06:55:19,06:55:19,18,2603,Fryelands Blvd & 156th St SE,0.0,0.0
2025-10-03,424,South,22172,19822.0,06:52:00,06:55:50,06:56:22,19,3065,Fryelands Blvd & 161st St SE,3.0,0.0
2025-10-03,424,South,22172,19822.0,07:11:00,07:16:57,07:17:13,21,2705,Hwy 522 & 132nd Ave NE Flyer Stop,2.0,0.0
2025-10-03,424,South,22172,19822.0,07:19:00,07:23:03,07:24:28,22,2851,Totem Lake Fwy Station,12.0,1.0
2025-10-03,424,South,22172,19822.0,07:39:00,07:36:17,07:36:42,24,1859,Evergreen Point Fwy Station,2.0,3.0
2025-10-03,424,South,22172,19822.0,07:54:00,07:45:58,07:46:15,25,1909,Stewart St & 9th Ave,0.0,4.0
2025-10-03,424,South,22172,19822.0,,07:46:48,07:47:07,26,1908,Stewart St & 7th Ave,0.0,3.0
2025-10-03,424,South,22172,19822.0,,07:48:36,07:49:06,27,1907,Stewart St & 4th Ave,0.0,2.0
2025-10-03,424,South,22172,19822.0,,07:50:25,07:50:40,28,1079,2nd Ave & Stewart St,0.0,1.0
2025-10-03,424,South,22172,19822.0,08:05:00,07:52:59,07:53:17,29,2909,2nd Ave & Seneca St,0.0,6.0
2025-10-03,424,South,22172,19822.0,,07:54:04,07:54:30,30,2631,2nd Ave & Cherry St,0.0,3.0
2025-10-03,424,South,22172,19822.0,08:12:00,07:55:10,07:55:10,31,2349,2nd Ave Ext S & Yesler Way,0.0,1.0
2025-10-06,424,North,22169,16802.0,15:35:00,15:40:54,15:40:54,0,640,4th Ave S & S Jackson St,4.0,0.0
2025-10-06,424,North,22169,16802.0,,15:42:24,15:42:24,1,635,4th Ave S & S Washington St,0.0,0.0
2025-10-06,424,North,22169,16802.0,,15:43:16,15:44:06,2,2638,4th Ave & Cherry St,13.0,0.0
2025-10-06,424,North,22169,16802.0,,15:45:05,15:46:21,3,641,4th Ave & Seneca St,5.0,0.0
2025-10-06,424,North,22169,16802.0,15:40:00,15:47:31,15:48:22,4,2976,4th Ave & Pine St,1.0,0.0
2025-10-06,424,North,22169,16802.0,,15:49:34,15:50:35,5,473,Olive Way & 6th Ave,14.0,0.0
2025-10-06,424,North,22169,16802.0,15:45:00,15:52:27,15:52:52,6,476,Olive Way & Terry Ave,2.0,0.0
2025-10-06,424,North,22169,16802.0,15:53:00,16:01:36,16:02:11,7,497,Evergreen Point Fwy Station,5.0,1.0
2025-10-06,424,North,22169,16802.0,16:12:00,16:14:26,16:15:12,9,2850,Totem Lake Fwy Station,0.0,24.0
2025-10-06,424,North,22169,16802.0,16:20:00,16:23:39,16:24:07,10,2704,Hwy 522 & 132nd Ave NE Flyer Stop,1.0,7.0
2025-10-06,424,North,22169,16802.0,16:46:00,16:51:05,16:51:21,12,3064,Fryelands Blvd & 161st St SE,0.0,3.0
2025-10-06,424,North,22169,16802.0,,16:52:05,16:52:21,13,2602,Fryelands Blvd & 156th St SE,0.0,1.0
2025-10-06,424,North,22169,16802.0,,16:53:57,16:53:57,14,3066,154th St SE & 168th Ave SE,0.0,0.0
2025-10-06,424,North,22169,16802.0,,16:54:37,16:54:50,15,2599,154th St SE & Mulberry Dr,0.0,2.0
2025-10-06,424,North,22169,16802.0,,16:55:27,16:55:27,16,2597,154th St SE & Lin Ave SE,0.0,0.0
2025-10-06,424,North,22169,16802.0,,16:56:50,16:56:50,17,589,179th Ave SE & Stanton St,0.0,0.0
2025-10-06,424,North,22169,16802.0,,16:57:34,16:57:34,18,585,179th Ave SE & 147th St SE,0.0,0.0
2025-10-06,424,North,22169,16802.0,,16:58:59,16:59:09,19,1915,Hwy 2 & 179th Ave SE,0.0,0.0
2025-10-06,424,North,22169,16802.0,16:55:00,17:00:01,17:00:29,20,1928,Monroe Park & Ride Bay 1,0.0,7.0
2025-10-06,424,North,22169,16802.0,,17:04:06,17:04:06,21,1922,Hwy 2 & Roosevelt Rd (East),0.0,0.0
2025-10-06,424,North,22169,16802.0,,17:11:34,17:11:34,22,1740,92nd St SE & 113th Dr SE,0.0,0.0
2025-10-06,424,North,22169,16802.0,,17:12:25,17:12:25,23,1628,Second St & Pine Ave,0.0,0.0
2025-10-06,424,North,22169,16802.0,,17:13:11,17:13:11,24,3131,2nd St & Cedar Ave,0.0,0.0
2025-10-06,424,North,22169,16802.0,,17:13:25,17:13:25,25,1629,Second St & Ave A,0.0,0.0
2025-10-06,424,North,22169,16802.0,,17:13:56,17:13:56,26,1626,Second St & Ave C,0.0,0.0
2025-10-06,424,North,22169,16802.0,17:10:00,17:15:32,17:15:32,27,858,Ave D & Third St,0.0,0.0
2025-10-06,424,North,22169,16802.0,,17:16:12,17:16:12,28,859,Ave D & Fifth St,0.0,0.0
2025-10-06,424,North,22169,16802.0,,17:17:23,17:17:23,29,860,Ave D & 10th St,0.0,0.0
2025-10-06,424,North,22169,16802.0,,17:18:39,17:18:39,30,857,Ave D & 13th St,0.0,0.0
2025-10-06,424,North,22169,16802.0,,17:18:48,17:18:48,31,3127,Ave D & Ferguson Park Rd,0.0,0.0
2025-10-06,424,North,22169,16802.0,17:19:00,17:19:22,17:19:22,32,861,Snohomish Park & Ride Bay 2,0.0,0.0
2025-10-06,424,North,22170,17806.0,17:10:00,16:58:28,16:58:28,0,640,4th Ave S & S Jackson St,4.0,0.0
2025-10-06,424,North,22170,17806.0,,16:59:28,16:59:28,1,635,4th Ave S & S Washington St,0.0,0.0
2025-10-06,424,North,22170,17806.0,,17:01:08,17:01:53,2,2638,4th Ave & Cherry St,3.0,0.0
2025-10-06,424,North,22170,17806.0,,17:03:13,17:04:40,3,641,4th Ave & Seneca St,0.0,0.0
2025-10-06,424,North,22170,17806.0,17:16:00,17:06:36,17:07:00,4,2976,4th Ave & Pine St,2.0,0.0
2025-10-06,424,North,22170,17806.0,,17:08:46,17:10:00,5,473,Olive Way & 6th Ave,1.0,0.0
2025-10-06,424,North,22170,17806.0,17:21:00,17:12:03,17:12:03,6,476,Olive Way & Terry Ave,0.0,0.0
2025-10-06,424,North,22170,17806.0,17:31:00,17:21:23,17:22:14,7,497,Evergreen Point Fwy Station,3.0,0.0
2025-10-06,424,North,22170,17806.0,17:53:00,17:36:35,17:37:01,9,2850,Totem Lake Fwy Station,1.0,4.0
2025-10-06,424,North,22170,17806.0,18:00:00,17:44:41,17:44:56,10,2704,Hwy 522 & 132nd Ave NE Flyer Stop,0.0,3.0
2025-10-06,424,North,22170,17806.0,18:20:00,18:10:08,18:10:08,12,3064,Fryelands Blvd & 161st St SE,0.0,0.0
2025-10-06,424,North,22170,17806.0,,18:10:39,18:10:51,13,2602,Fryelands Blvd & 156th St SE,0.0,2.0
2025-10-06,424,North,22170,17806.0,,18:12:20,18:12:20,14,3066,154th St SE & 168th Ave SE,0.0,0.0
2025-10-06,424,North,22170,17806.0,,18:12:55,18:12:55,15,2599,154th St SE & Mulberry Dr,0.0,0.0
2025-10-06,424,North,22170,17806.0,,18:13:18,18:13:18,16,2597,154th St SE & Lin Ave SE,0.0,0.0
2025-10-06,424,North,22170,17806.0,,18:14:34,18:14:56,17,589,179th Ave SE & Stanton St,0.0,3.0
2025-10-06,424,North,22170,17806.0,,18:15:44,18:15:44,18,585,179th Ave SE & 147th St SE,0.0,0.0
2025-10-06,424,North,22170,17806.0,,18:16:32,18:16:50,19,1915,Hwy 2 & 179th Ave SE,0.0,0.0
2025-10-06,424,North,22170,17806.0,18:30:00,18:17:43,18:18:09,20,1928,Monroe Park & Ride Bay 1,0.0,1.0
2025-10-06,424,North,22170,17806.0,,18:21:21,18:21:21,21,1922,Hwy 2 & Roosevelt Rd (East),0.0,0.0
2025-10-06,424,North,22170,17806.0,,18:27:37,18:27:37,22,1740,92nd St SE & 113th Dr SE,0.0,0.0
2025-10-06,424,North,22170,17806.0,,18:28:26,18:28:26,23,1628,Second St & Pine Ave,0.0,0.0
2025-10-06,424,North,22170,17806.0,,18:28:55,18:28:55,24,3131,2nd St & Cedar Ave,0.0,0.0
2025-10-06,424,North,22170,17806.0,,18:29:09,18:29:09,25,1629,Second St & Ave A,0.0,0.0
2025-10-06,424,North,22170,17806.0,,18:29:49,18:29:49,26,1626,Second St & Ave C,0.0,0.0
2025-10-06,424,North,22170,17806.0,18:44:00,18:30:48,18:30:48,27,858,Ave D & Third St,0.0,0.0
2025-10-06,424,North,22170,17806.0,,18:31:24,18:31:42,28,859,Ave D & Fifth St,0.0,1.0
2025-10-06,424,North,22170,17806.0,,18:32:53,18:32:53,29,860,Ave D & 10th St,0.0,0.0
2025-10-06,424,North,22170,17806.0,,18:33:56,18:35:43,30,857,Ave D & 13th St,0.0,0.0
2025-10-06,424,North,22170,17806.0,,18:35:59,18:35:59,31,3127,Ave D & Ferguson Park Rd,0.0,0.0
2025-10-06,424,North,22170,17806.0,18:54:00,18:36:44,18:36:44,32,861,Snohomish Park & Ride Bay 2,1.0,1.0
2025-10-06,424,South,22171,17810.0,05:15:00,05:15:08,05:15:08,0,1349,Snohomish Park & Ride Bay 1,1.0,0.0
2025-10-06,424,South,22171,17810.0,,05:16:01,05:16:01,1,3128,Ave D & 14th St SE,0.0,0.0
2025-10-06,424,South,22171,17810.0,,05:16:33,05:16:33,2,1353,Ave D & 13th St,0.0,0.0
2025-10-06,424,South,22171,17810.0,,05:17:12,05:17:44,3,1351,Ave D & Bonneville Ave,2.0,0.0
2025-10-06,424,South,22171,17810.0,,05:18:42,05:18:42,4,1350,Ave D & Fifth St,0.0,0.0
2025-10-06,424,South,22171,17810.0,05:17:00,05:19:06,05:19:06,5,1352,Ave D & Third St,0.0,0.0
2025-10-06,424,South,22171,17810.0,,05:19:44,05:19:44,6,242,Second St & Ave C,0.0,0.0
2025-10-06,424,South,22171,17810.0,,05:20:05,05:20:23,7,241,Second St & Ave A,1.0,0.0
2025-10-06,424,South,22171,17810.0,,05:21:01,05:21:01,8,243,Second St & Maple Ave,0.0,0.0
2025-10-06,424,South,22171,17810.0,,05:21:21,05:21:21,9,244,Second St & Pine Ave,0.0,0.0
2025-10-06,424,South,22171,17810.0,,05:21:54,05:21:54,10,369,92nd St SE & 113th Dr SE,0.0,0.0
2025-10-06,424,South,22171,17810.0,,05:28:25,05:28:25,11,552,Hwy 2 & Fryelands Blvd SE,0.0,0.0
2025-10-06,424,South,22171,17810.0,05:27:00,05:30:15,05:31:00,12,1928,Monroe Park & Ride Bay 1,6.0,0.0
2025-10-06,424,South,22171,17810.0,,05:32:49,05:32:49,13,1073,179th Ave SE & 147th St SE,1.0,0.0
2025-10-06,424,South,22171,17810.0,,05:33:56,05:34:19,14,1070,179th Ave SE & Stanton St SE,2.0,0.0
2025-10-06,424,South,22171,17810.0,,05:35:35,05:35:35,15,2596,154th St SE & 175th Ave SE,0.0,0.0
2025-10-06,424,South,22171,17810.0,,05:36:11,05:36:34,16,2598,154th St SE & Mulberry Dr,2.0,0.0
2025-10-06,424,South,22171,17810.0,,05:37:13,05:37:41,17,3067,154th St SE & 168th Ave SE,1.0,0.0
2025-10-06,424,South,22171,17810.0,,05:39:07,05:39:07,18,2603,Fryelands Blvd & 156th St SE,0.0,0.0
2025-10-06,424,South,22171,17810.0,05:36:00,05:39:38,05:39:38,19,3065,Fryelands Blvd & 161st St SE,0.0,0.0
2025-10-06,424,South,22171,17810.0,05:49:00,05:55:47,05:55:47,21,2705,Hwy 522 & 132nd Ave NE Flyer Stop,0.0,0.0
2025-10-06,424,South,22171,17810.0,05:54:00,06:00:20,06:00:46,22,2851,Totem Lake Fwy Station,2.0,1.0
2025-10-06,424,South,22171,17810.0,06:07:00,06:10:09,06:10:28,24,1859,Evergreen Point Fwy Station,1.0,2.0
2025-10-06,424,South,22171,17810.0,06:18:00,06:18:57,06:19:09,25,1909,Stewart St & 9th Ave,0.0,1.0
2025-10-06,424,South,22171,17810.0,,06:20:02,06:20:21,26,1908,Stewart St & 7th Ave,0.0,4.0
2025-10-06,424,South,22171,17810.0,,06:21:20,06:21:39,27,1907,Stewart St & 4th Ave,0.0,2.0
2025-10-06,424,South,22171,17810.0,,06:23:18,06:23:29,28,1079,2nd Ave & Stewart St,0.0,1.0
2025-10-06,424,South,22171,17810.0,06:25:00,06:25:00,06:25:20,29,2909,2nd Ave & Seneca St,0.0,5.0
2025-10-06,424,South,22171,17810.0,,06:26:22,06:26:36,30,2631,2nd Ave & Cherry St,0.0,3.0
2025-10-06,424,South,22171,17810.0,06:31:00,06:28:10,06:28:10,31,2349,2nd Ave Ext S & Yesler Way,0.0,0.0
2025-10-06,424,South,22172,17806.0,06:30:00,06:30:01,06:30:01,0,1349,Snohomish Park & Ride Bay 1,0.0,0.0
2025-10-06,424,South,22172,17806.0,,06:30:44,06:30:44,1,3128,Ave D & 14th St SE,0.0,0.0
2025-10-06,424,South,22172,17806.0,,06:31:30,06:31:30,2,1353,Ave D & 13th St,0.0,0.0
2025-10-06,424,South,22172,17806.0,,06:32:08,06:32:26,3,1351,Ave D & Bonneville Ave,1.0,0.0
2025-10-06,424,South,22172,17806.0,,06:33:27,06:33:27,4,1350,Ave D & Fifth St,0.0,0.0
2025-10-06,424,South,22172,17806.0,06:32:00,06:33:51,06:33:51,5,1352,Ave D & Third St,0.0,0.0
2025-10-06,424,South,22172,17806.0,,06:35:11,06:35:11,6,242,Second St & Ave C,0.0,0.0
2025-10-06,424,South,22172,17806.0,,06:35:27,06:35:27,7,241,Second St & Ave A,0.0,0.0
2025-10-06,424,South,22172,17806.0,,06:36:01,06:36:01,8,243,Second St & Maple Ave,0.0,0.0
2025-10-06,424,South,22172,17806.0,,06:36:21,06:36:21,9,244,Second St & Pine Ave,0.0,0.0
2025-10-06,424,South,22172,17806.0,,06:36:52,06:36:52,10,369,92nd St SE & 113th Dr SE,0.0,0.0
2025-10-06,424,South,22172,17806.0,,06:43:34,06:43:34,11,552,Hwy 2 & Fryelands Blvd SE,0.0,0.0
2025-10-06,424,South,22172,17806.0,06:43:00,06:46:05,06:47:00,12,1928,Monroe Park & Ride Bay 1,7.0,0.0
2025-10-06,424,South,22172,17806.0,,06:50:14,06:50:14,13,1073,179th Ave SE & 147th St SE,0.0,0.0
2025-10-06,424,South,22172,17806.0,,06:51:09,06:51:19,14,1070,179th Ave SE & Stanton St SE,1.0,0.0
2025-10-06,424,South,22172,17806.0,,06:52:31,06:52:31,15,2596,154th St SE & 175th Ave SE,0.0,0.0
2025-10-06,424,South,22172,17806.0,,06:53:07,06:53:07,16,2598,154th St SE & Mulberry Dr,0.0,0.0
2025-10-06,424,South,22172,17806.0,,06:53:44,06:53:44,17,3067,154th St SE & 168th Ave SE,0.0,0.0
2025-10-06,424,South,22172,17806.0,,06:55:09,06:55:09,18,2603,Fryelands Blvd & 156th St SE,0.0,0.0
2025-10-06,424,South,22172,17806.0,06:52:00,06:55:44,06:56:17,19,3065,Fryelands Blvd & 161st St SE,5.0,0.0
2025-10-06,424,South,22172,17806.0,07:11:00,07:20:57,07:21:18,21,2705,Hwy 522 & 132nd Ave NE Flyer Stop,1.0,2.0
2025-10-06,424,South,22172,17806.0,07:19:00,07:31:45,07:32:44,22,2851,Totem Lake Fwy Station,14.0,3.0
2025-10-06,424,South,22172,17806.0,07:39:00,07:45:10,07:45:35,24,1859,Evergreen Point Fwy Station,0.0,4.0
2025-10-06,424,South,22172,17806.0,07:54:00,07:54:32,07:54:47,25,1909,Stewart St & 9th Ave,0.0,5.0
2025-10-06,424,South,22172,17806.0,,07:55:36,07:56:06,26,1908,Stewart St & 7th Ave,0.0,4.0
2025-10-06,424,South,22172,17806.0,,07:57:18,07:57:39,27,1907,Stewart St & 4th Ave,0.0,2.0
2025-10-06,424,South,22172,17806.0,,07:59:25,07:59:45,28,1079,2nd Ave & Stewart St,0.0,3.0
2025-10-06,424,South,22172,17806.0,08:05:00,08:01:56,08:02:11,29,2909,2nd Ave & Seneca St,0.0,5.0
2025-10-06,424,South,22172,17806.0,,08:02:59,08:03:32,30,2631,2nd Ave & Cherry St,0.0,1.0
2025-10-06,424,South,22172,17806.0,08:12:00,08:05:23,08:05:23,31,2349,2nd Ave Ext S & Yesler Way,0.0,0.0
2025-10-07,424,North,22169,21812.0,15:35:00,15:37:12,15:37:12,0,640,4th Ave S & S Jackson St,5.0,0.0
2025-10-07,424,North,22169,21812.0,,15:37:56,15:38:29,1,635,4th Ave S & S Washington St,1.0,0.0
2025-10-07,424,North,22169,21812.0,,15:40:05,15:40:53,2,2638,4th Ave & Cherry St,11.0,1.0
2025-10-07,424,North,22169,21812.0,,15:43:02,15:43:34,3,641,4th Ave & Seneca St,8.0,0.0
2025-10-07,424,North,22169,21812.0,15:40:00,15:44:34,15:44:53,4,2976,4th Ave & Pine St,1.0,0.0
2025-10-07,424,North,22169,21812.0,,15:46:27,15:47:32,5,473,Olive Way & 6th Ave,11.0,0.0
2025-10-07,424,North,22169,21812.0,15:45:00,15:48:17,15:49:23,6,476,Olive Way & Terry Ave,4.0,0.0
2025-10-07,424,North,22169,21812.0,15:53:00,16:02:05,16:02:44,7,497,Evergreen Point Fwy Station,4.0,1.0
2025-10-07,424,North,22169,21812.0,16:12:00,16:20:22,16:21:05,9,2850,Totem Lake Fwy Station,2.0,25.0
2025-10-07,424,North,22169,21812.0,16:20:00,16:33:22,16:33:51,10,2704,Hwy 522 & 132nd Ave NE Flyer Stop,2.0,6.0
2025-10-07,424,North,22169,21812.0,16:46:00,17:03:23,17:03:34,12,3064,Fryelands Blvd & 161st St SE,0.0,1.0
2025-10-07,424,North,22169,21812.0,,17:04:09,17:04:09,13,2602,Fryelands Blvd & 156th St SE,0.0,0.0
2025-10-07,424,North,22169,21812.0,,17:05:26,17:05:39,14,3066,154th St SE & 168th Ave SE,0.0,1.0
2025-10-07,424,North,22169,21812.0,,17:06:21,17:06:34,15,2599,154th St SE & Mulberry Dr,0.0,3.0
2025-10-07,424,North,22169,21812.0,,17:07:17,17:07:30,16,2597,154th St SE & Lin Ave SE,0.0,1.0
2025-10-07,424,North,22169,21812.0,,17:08:53,17:08:53,17,589,179th Ave SE & Stanton St,0.0,0.0
2025-10-07,424,North,22169,21812.0,,17:10:03,17:10:11,18,585,179th Ave SE & 147th St SE,0.0,0.0
2025-10-07,424,North,22169,21812.0,,17:12:21,17:12:35,19,1915,Hwy 2 & 179th Ave SE,0.0,1.0
2025-10-07,424,North,22169,21812.0,16:55:00,17:13:27,17:13:52,20,1928,Monroe Park & Ride Bay 1,0.0,5.0
2025-10-07,424,North,22169,21812.0,,17:18:07,17:18:07,21,1922,Hwy 2 & Roosevelt Rd (East),0.0,0.0
2025-10-07,424,North,22169,21812.0,,17:23:52,17:23:52,22,1740,92nd St SE & 113th Dr SE,0.0,0.0
2025-10-07,424,North,22169,21812.0,,17:25:22,17:25:34,23,1628,Second St & Pine Ave,0.0,1.0
2025-10-07,424,North,22169,21812.0,,17:26:45,17:26:45,24,3131,2nd St & Cedar Ave,0.0,0.0
2025-10-07,424,North,22169,21812.0,,17:27:08,17:27:20,25,1629,Second St & Ave A,0.0,1.0
2025-10-07,424,North,22169,21812.0,,17:28:19,17:28:19,26,1626,Second St & Ave C,0.0,0.0
2025-10-07,424,North,22169,21812.0,17:10:00,17:28:49,17:28:49,27,858,Ave D & Third St,0.0,0.0
2025-10-07,424,North,22169,21812.0,,17:29:44,17:29:44,28,859,Ave D & Fifth St,0.0,0.0
2025-10-07,424,North,22169,21812.0,,17:31:36,17:31:56,29,860,Ave D & 10th St,0.0,2.0
2025-10-07,424,North,22169,21812.0,,17:32:51,17:32:51,30,857,Ave D & 13th St,0.0,0.0
2025-10-07,424,North,22169,21812.0,,17:33:02,17:33:02,31,3127,Ave D & Ferguson Park Rd,0.0,0.0
2025-10-07,424,North,22169,21812.0,17:19:00,17:33:37,17:33:37,32,861,Snohomish Park & Ride Bay 2,0.0,0.0
2025-10-07,424,North,22170,19801.0,17:10:00,17:12:24,17:12:24,0,640,4th Ave S & S Jackson St,7.0,0.0
2025-10-07,424,North,22170,19801.0,,,,1,635,4th Ave S & S Washington St,,
2025-10-07,424,North,22170,19801.0,,17:14:23,17:14:49,2,2638,4th Ave & Cherry St,3.0,0.0
2025-10-07,424,North,22170,19801.0,,17:17:42,17:18:07,3,641,4th Ave & Seneca St,2.0,1.0
2025-10-07,424,North,22170,19801.0,17:16:00,17:19:20,17:19:54,4,2976,4th Ave & Pine St,7.0,1.0
2025-10-07,424,North,22170,19801.0,,17:20:58,17:21:59,5,473,Olive Way & 6th Ave,11.0,0.0
2025-10-07,424,North,22170,19801.0,17:21:00,17:22:49,17:23:39,6,476,Olive Way & Terry Ave,10.0,0.0
2025-10-07,424,North,22170,19801.0,17:31:00,17:34:01,17:34:31,7,497,Evergreen Point Fwy Station,2.0,12.0
2025-10-07,424,North,22170,19801.0,17:53:00,17:58:24,17:59:08,9,2850,Totem Lake Fwy Station,3.0,19.0
2025-10-07,424,North,22170,19801.0,18:00:00,18:05:51,18:06:07,10,2704,Hwy 522 & 132nd Ave NE Flyer Stop,0.0,1.0
2025-10-07,424,North,22170,19801.0,18:20:00,18:22:43,18:23:00,12,3064,Fryelands Blvd & 161st St SE,0.0,1.0
2025-10-07,424,North,22170,19801.0,,18:23:43,18:23:58,13,2602,Fryelands Blvd & 156th St SE,0.0,1.0
2025-10-07,424,North,22170,19801.0,,18:25:24,18:25:38,14,3066,154th St SE & 168th Ave SE,0.0,1.0
2025-10-07,424,North,22170,19801.0,,18:26:14,18:26:14,15,2599,154th St SE & Mulberry Dr,0.0,0.0
2025-10-07,424,North,22170,19801.0,,18:26:45,18:26:45,16,2597,154th St SE & Lin Ave SE,0.0,0.0
2025-10-07,424,North,22170,19801.0,,18:27:58,18:28:17,17,589,179th Ave SE & Stanton St,0.0,4.0
2025-10-07,424,North,22170,19801.0,,18:29:00,18:29:00,18,585,179th Ave SE & 147th St SE,0.0,0.0
2025-10-07,424,North,22170,19801.0,,18:30:27,18:30:27,19,1915,Hwy 2 & 179th Ave SE,0.0,0.0
2025-10-07,424,North,22170,19801.0,18:30:00,18:31:08,18:34:02,20,1928,Monroe Park & Ride Bay 1,1.0,4.0
2025-10-07,424,North,22170,19801.0,,18:37:47,18:37:47,21,1922,Hwy 2 & Roosevelt Rd (East),0.0,0.0
2025-10-07,424,North,22170,19801.0,,18:44:00,18:44:00,22,1740,92nd St SE & 113th Dr SE,0.0,0.0
2025-10-07,424,North,22170,19801.0,,18:44:45,18:45:05,23,1628,Second St & Pine Ave,2.0,0.0
2025-10-07,424,North,22170,19801.0,,18:45:34,18:45:34,24,3131,2nd St & Cedar Ave,0.0,0.0
2025-10-07,424,North,22170,19801.0,,18:45:49,18:45:49,25,1629,Second St & Ave A,0.0,0.0
2025-10-07,424,North,22170,19801.0,,18:46:15,18:46:15,26,1626,Second St & Ave C,0.0,0.0
2025-10-07,424,North,22170,19801.0,18:44:00,18:46:44,18:46:44,27,858,Ave D & Third St,0.0,0.0
2025-10-07,424,North,22170,19801.0,,18:47:19,18:47:32,28,859,Ave D & Fifth St,0.0,1.0
2025-10-07,424,North,22170,19801.0,,18:48:30,18:48:54,29,860,Ave D & 10th St,0.0,2.0
2025-10-07,424,North,22170,19801.0,,18:49:50,18:49:50,30,857,Ave D & 13th St,0.0,0.0
2025-10-07,424,North,22170,19801.0,,18:50:00,18:50:00,31,3127,Ave D & Ferguson Park Rd,0.0,0.0
2025-10-07,424,North,22170,19801.0,18:54:00,18:50:35,18:50:35,32,861,Snohomish Park & Ride Bay 2,0.0,0.0
2025-10-07,424,South,22171,17803.0,05:15:00,05:15:13,05:15:13,0,1349,Snohomish Park & Ride Bay 1,0.0,0.0
2025-10-07,424,South,22171,17803.0,,05:15:59,05:15:59,1,3128,Ave D & 14th St SE,0.0,0.0
2025-10-07,424,South,22171,17803.0,,05:16:30,05:16:30,2,1353,Ave D & 13th St,0.0,0.0
2025-10-07,424,South,22171,17803.0,,05:17:07,05:17:24,3,1351,Ave D & Bonneville Ave,1.0,0.0
2025-10-07,424,South,22171,17803.0,,05:18:23,05:18:23,4,1350,Ave D & Fifth St,0.0,0.0
2025-10-07,424,South,22171,17803.0,05:17:00,05:18:46,05:18:46,5,1352,Ave D & Third St,0.0,0.0
2025-10-07,424,South,22171,17803.0,,05:19:33,05:19:33,6,242,Second St & Ave C,0.0,0.0
2025-10-07,424,South,22171,17803.0,,05:19:52,05:20:13,7,241,Second St & Ave A,1.0,0.0
2025-10-07,424,South,22171,17803.0,,05:20:51,05:20:51,8,243,Second St & Maple Ave,0.0,0.0
2025-10-07,424,South,22171,17803.0,,05:21:12,05:21:12,9,244,Second St & Pine Ave,0.0,0.0
2025-10-07,424,South,22171,17803.0,,05:21:44,05:21:44,10,369,92nd St SE & 113th Dr SE,0.0,0.0
2025-10-07,424,South,22171,17803.0,,05:27:24,05:27:24,11,552,Hwy 2 & Fryelands Blvd SE,0.0,0.0
2025-10-07,424,South,22171,17803.0,05:27:00,05:28:41,05:29:20,12,1928,Monroe Park & Ride Bay 1,4.0,0.0
2025-10-07,424,South,22171,17803.0,,05:31:21,05:31:21,13,1073,179th Ave SE & 147th St SE,1.0,0.0
2025-10-07,424,South,22171,17803.0,,05:32:34,05:32:54,14,1070,179th Ave SE & Stanton St SE,2.0,0.0
2025-10-07,424,South,22171,17803.0,,05:34:14,05:34:14,15,2596,154th St SE & 175th Ave SE,0.0,0.0
2025-10-07,424,South,22171,17803.0,,05:34:51,05:35:25,16,2598,154th St SE & Mulberry Dr,4.0,0.0
2025-10-07,424,South,22171,17803.0,,05:36:05,05:36:31,17,3067,154th St SE & 168th Ave SE,1.0,0.0
2025-10-07,424,South,22171,17803.0,,05:37:48,05:37:48,18,2603,Fryelands Blvd & 156th St SE,0.0,0.0
2025-10-07,424,South,22171,17803.0,05:36:00,05:38:14,05:38:14,19,3065,Fryelands Blvd & 161st St SE,0.0,0.0
2025-10-07,424,South,22171,17803.0,05:49:00,05:54:20,05:54:20,21,2705,Hwy 522 & 132nd Ave NE Flyer Stop,0.0,0.0
2025-10-07,424,South,22171,17803.0,05:54:00,05:58:43,05:59:10,22,2851,Totem Lake Fwy Station,4.0,1.0
2025-10-07,424,South,22171,17803.0,06:07:00,06:08:26,06:08:49,24,1859,Evergreen Point Fwy Station,3.0,1.0
2025-10-07,424,South,22171,17803.0,06:18:00,06:16:44,06:17:12,25,1909,Stewart St & 9th Ave,0.0,3.0
2025-10-07,424,South,22171,17803.0,,06:18:07,06:18:33,26,1908,Stewart St & 7th Ave,0.0,7.0
2025-10-07,424,South,22171,17803.0,,06:19:48,06:20:06,27,1907,Stewart St & 4th Ave,0.0,3.0
2025-10-07,424,South,22171,17803.0,,06:21:50,06:22:02,28,1079,2nd Ave & Stewart St,0.0,1.0
2025-10-07,424,South,22171,17803.0,06:25:00,06:23:18,06:24:04,29,2909,2nd Ave & Seneca St,0.0,3.0
2025-10-07,424,South,22171,17803.0,,06:24:47,06:24:47,30,2631,2nd Ave & Cherry St,0.0,0.0
2025-10-07,424,South,22171,17803.0,06:31:00,06:25:14,06:25:14,31,2349,2nd Ave Ext S & Yesler Way,0.0,2.0
2025-10-07,424,South,22172,17811.0,06:30:00,06:30:07,06:30:07,0,1349,Snohomish Park & Ride Bay 1,0.0,0.0
2025-10-07,424,South,22172,17811.0,,06:30:50,06:30:50,1,3128,Ave D & 14th St SE,0.0,0.0
2025-10-07,424,South,22172,17811.0,,06:31:19,06:31:19,2,1353,Ave D & 13th St,0.0,0.0
2025-10-07,424,South,22172,17811.0,,06:32:07,06:32:37,3,1351,Ave D & Bonneville Ave,1.0,0.0
2025-10-07,424,South,22172,17811.0,,06:33:31,06:33:31,4,1350,Ave D & Fifth St,0.0,0.0
2025-10-07,424,South,22172,17811.0,06:32:00,06:33:51,06:33:51,5,1352,Ave D & Third St,0.0,0.0
2025-10-07,424,South,22172,17811.0,,06:34:31,06:34:31,6,242,Second St & Ave C,0.0,0.0
2025-10-07,424,South,22172,17811.0,,06:34:50,06:34:50,7,241,Second St & Ave A,0.0,0.0
2025-10-07,424,South,22172,17811.0,,06:35:31,06:35:31,8,243,Second St & Maple Ave,0.0,0.0
2025-10-07,424,South,22172,17811.0,,06:36:22,06:36:22,9,244,Second St & Pine Ave,0.0,0.0
2025-10-07,424,South,22172,17811.0,,06:36:53,06:36:53,10,369,92nd St SE & 113th Dr SE,0.0,0.0
2025-10-07,424,South,22172,17811.0,,06:42:59,06:42:59,11,552,Hwy 2 & Fryelands Blvd SE,0.0,0.0
2025-10-07,424,South,22172,17811.0,06:43:00,06:45:38,06:46:09,12,1928,Monroe Park & Ride Bay 1,4.0,0.0
2025-10-07,424,South,22172,17811.0,,06:49:16,06:49:39,13,1073,179th Ave SE & 147th St SE,2.0,0.0
2025-10-07,424,South,22172,17811.0,,06:50:46,06:50:46,14,1070,179th Ave SE & Stanton St SE,0.0,0.0
2025-10-07,424,South,22172,17811.0,,06:52:09,06:52:09,15,2596,154th St SE & 175th Ave SE,0.0,0.0
2025-10-07,424,South,22172,17811.0,,06:52:40,06:52:40,16,2598,154th St SE & Mulberry Dr,0.0,0.0
2025-10-07,424,South,22172,17811.0,,06:53:14,06:53:30,17,3067,154th St SE & 168th Ave SE,1.0,0.0
2025-10-07,424,South,22172,17811.0,,06:55:19,06:55:32,18,2603,Fryelands Blvd & 156th St SE,1.0,0.0
2025-10-07,424,South,22172,17811.0,06:52:00,06:56:13,06:56:58,19,3065,Fryelands Blvd & 161st St SE,6.0,0.0
2025-10-07,424,South,22172,17811.0,07:11:00,07:30:59,07:31:23,21,2705,Hwy 522 & 132nd Ave NE Flyer Stop,3.0,1.0
2025-10-07,424,South,22172,17811.0,07:19:00,07:41:43,07:42:17,22,2851,Totem Lake Fwy Station,4.0,5.0
2025-10-07,424,South,22172,17811.0,07:39:00,07:52:42,07:52:58,24,1859,Evergreen Point Fwy Station,1.0,1.0
2025-10-07,424,South,22172,17811.0,07:54:00,08:03:16,08:03:31,25,1909,Stewart St & 9th Ave,0.0,3.0
2025-10-07,424,South,22172,17811.0,,08:04:35,08:04:50,26,1908,Stewart St & 7th Ave,0.0,2.0
2025-10-07,424,South,22172,17811.0,,08:06:26,08:06:44,27,1907,Stewart St & 4th Ave,0.0,4.0
2025-10-07,424,South,22172,17811.0,,08:08:29,08:08:41,28,1079,2nd Ave & Stewart St,0.0,3.0
2025-10-07,424,South,22172,17811.0,08:05:00,08:10:57,08:11:10,29,2909,2nd Ave & Seneca St,0.0,3.0
2025-10-07,424,South,22172,17811.0,,08:11:52,08:12:03,30,2631,2nd Ave & Cherry St,0.0,0.0
2025-10-07,424,South,22172,17811.0,08:12:00,08:13:13,08:13:13,31,2349,2nd Ave Ext S & Yesler Way,1.0,2.0
2025-10-08,424,North,22169,21804.0,15:35:00,15:35:07,15:35:07,0,640,4th Ave S & S Jackson St,10.0,0.0
2025-10-08,424,North,22169,21804.0,,15:36:29,15:36:46,1,635,4th Ave S & S Washington St,1.0,0.0
2025-10-08,424,North,22169,21804.0,,15:38:26,15:39:03,2,2638,4th Ave & Cherry St,8.0,0.0
2025-10-08,424,North,22169,21804.0,,15:41:33,15:42:12,3,641,4th Ave & Seneca St,6.0,4.0
2025-10-08,424,North,22169,21804.0,15:40:00,15:43:19,15:43:49,4,2976,4th Ave & Pine St,0.0,0.0
2025-10-08,424,North,22169,21804.0,,15:44:55,15:46:05,5,473,Olive Way & 6th Ave,11.0,0.0
2025-10-08,424,North,22169,21804.0,15:45:00,15:46:47,15:47:38,6,476,Olive Way & Terry Ave,2.0,0.0
2025-10-08,424,North,22169,21804.0,15:53:00,15:55:32,15:56:09,7,497,Evergreen Point Fwy Station,5.0,2.0
2025-10-08,424,North,22169,21804.0,16:12:00,16:08:47,16:09:28,9,2850,Totem Lake Fwy Station,1.0,22.0
2025-10-08,424,North,22169,21804.0,16:20:00,16:20:59,16:21:41,10,2704,Hwy 522 & 132nd Ave NE Flyer Stop,2.0,8.0
2025-10-08,424,North,22169,21804.0,16:46:00,16:49:06,16:49:06,12,3064,Fryelands Blvd & 161st St SE,0.0,0.0
2025-10-08,424,North,22169,21804.0,,16:49:32,16:49:32,13,2602,Fryelands Blvd & 156th St SE,0.0,0.0
2025-10-08,424,North,22169,21804.0,,16:50:43,16:50:43,14,3066,154th St SE & 168th Ave SE,0.0,0.0
2025-10-08,424,North,22169,21804.0,,16:51:17,16:51:31,15,2599,154th St SE & Mulberry Dr,0.0,3.0
2025-10-08,424,North,22169,21804.0,,16:52:09,16:52:25,16,2597,154th St SE & Lin Ave SE,0.0,1.0
2025-10-08,424,North,22169,21804.0,,16:53:58,16:53:58,17,589,179th Ave SE & Stanton St,0.0,0.0
2025-10-08,424,North,22169,21804.0,,16:54:43,16:54:43,18,585,179th Ave SE & 147th St SE,0.0,0.0
2025-10-08,424,North,22169,21804.0,,16:55:37,16:55:49,19,1915,Hwy 2 & 179th Ave SE,0.0,1.0
2025-10-08,424,North,22169,21804.0,16:55:00,16:56:33,16:56:51,20,1928,Monroe Park & Ride Bay 1,0.0,4.0
2025-10-08,424,North,22169,21804.0,,17:01:53,17:02:37,21,1922,Hwy 2 & Roosevelt Rd (East),1.0,2.0
2025-10-08,424,North,22169,21804.0,,17:09:59,17:09:59,22,1740,92nd St SE & 113th Dr SE,0.0,0.0
2025-10-08,424,North,22169,21804.0,,17:10:45,17:10:45,23,1628,Second St & Pine Ave,0.0,0.0
2025-10-08,424,North,22169,21804.0,,17:11:16,17:11:16,24,3131,2nd St & Cedar Ave,0.0,0.0
2025-10-08,424,North,22169,21804.0,,17:11:29,17:11:29,25,1629,Second St & Ave A,0.0,0.0
2025-10-08,424,North,22169,21804.0,,17:12:35,17:12:49,26,1626,Second St & Ave C,1.0,0.0
2025-10-08,424,North,22169,21804.0,17:10:00,17:13:43,17:13:43,27,858,Ave D & Third St,0.0,0.0
2025-10-08,424,North,22169,21804.0,,17:14:35,17:14:35,28,859,Ave D & Fifth St,0.0,0.0
2025-10-08,424,North,22169,21804.0,,17:18:28,17:18:42,29,860,Ave D & 10th St,0.0,1.0
2025-10-08,424,North,22169,21804.0,,17:20:11,17:20:11,30,857,Ave D & 13th St,0.0,0.0
2025-10-08,424,North,22169,21804.0,,17:20:22,17:20:22,31,3127,Ave D & Ferguson Park Rd,0.0,0.0
2025-10-08,424,North,22169,21804.0,17:19:00,17:20:57,17:20:57,32,861,Snohomish Park & Ride Bay 2,0.0,0.0
2025-10-08,424,North,22170,16802.0,17:10:00,17:09:28,17:09:28,0,640,4th Ave S & S Jackson St,15.0,0.0
2025-10-08,424,North,22170,16802.0,,17:10:51,17:10:51,1,635,4th Ave S & S Washington St,0.0,0.0
2025-10-08,424,North,22170,16802.0,,17:11:54,17:12:26,2,2638,4th Ave & Cherry St,0.0,0.0
2025-10-08,424,North,22170,16802.0,,17:14:57,17:16:18,3,641,4th Ave & Seneca St,4.0,0.0
2025-10-08,424,North,22170,16802.0,17:16:00,17:17:38,17:18:22,4,2976,4th Ave & Pine St,5.0,1.0
2025-10-08,424,North,22170,16802.0,,17:19:34,17:20:32,5,473,Olive Way & 6th Ave,5.0,0.0
2025-10-08,424,North,22170,16802.0,17:21:00,17:22:37,17:23:37,6,476,Olive Way & Terry Ave,4.0,0.0
2025-10-08,424,North,22170,16802.0,17:31:00,17:33:51,17:34:21,7,497,Evergreen Point Fwy Station,1.0,0.0
2025-10-08,424,North,22170,16802.0,17:53:00,17:48:29,17:49:37,9,2850,Totem Lake Fwy Station,3.0,15.0
2025-10-08,424,North,22170,16802.0,18:00:00,17:57:44,17:57:44,10,2704,Hwy 522 & 132nd Ave NE Flyer Stop,0.0,0.0
2025-10-08,424,North,22170,16802.0,18:20:00,18:19:00,18:19:33,12,3064,Fryelands Blvd & 161st St SE,0.0,2.0
2025-10-08,424,North,22170,16802.0,,18:20:16,18:20:28,13,2602,Fryelands Blvd & 156th St SE,0.0,1.0
2025-10-08,424,North,22170,16802.0,,18:22:39,18:23:24,14,3066,154th St SE & 168th Ave SE,1.0,2.0
2025-10-08,424,North,22170,16802.0,,18:24:12,18:24:12,15,2599,154th St SE & Mulberry Dr,0.0,0.0
2025-10-08,424,North,22170,16802.0,,18:24:52,18:24:52,16,2597,154th St SE & Lin Ave SE,0.0,0.0
2025-10-08,424,North,22170,16802.0,,18:26:10,18:26:25,17,589,179th Ave SE & Stanton St,0.0,1.0
2025-10-08,424,North,22170,16802.0,,18:27:44,18:28:06,18,585,179th Ave SE & 147th St SE,1.0,3.0
2025-10-08,424,North,22170,16802.0,,18:30:11,18:30:26,19,1915,Hwy 2 & 179th Ave SE,0.0,1.0
2025-10-08,424,North,22170,16802.0,18:30:00,18:31:18,18:31:49,20,1928,Monroe Park & Ride Bay 1,0.0,6.0
2025-10-08,424,North,22170,16802.0,,18:33:39,18:33:39,21,1922,Hwy 2 & Roosevelt Rd (East),0.0,0.0
2025-10-08,424,North,22170,16802.0,,18:40:15,18:40:15,22,1740,92nd St SE & 113th Dr SE,0.0,0.0
2025-10-08,424,North,22170,16802.0,,18:41:01,18:41:01,23,1628,Second St & Pine Ave,0.0,0.0
2025-10-08,424,North,22170,16802.0,,18:41:32,18:41:32,24,3131,2nd St & Cedar Ave,0.0,0.0
2025-10-08,424,North,22170,16802.0,,18:41:53,18:42:06,25,1629,Second St & Ave A,0.0,1.0
2025-10-08,424,North,22170,16802.0,,18:43:00,18:43:00,26,1626,Second St & Ave C,0.0,0.0
2025-10-08,424,North,22170,16802.0,18:44:00,18:43:49,18:44:07,27,858,Ave D & Third St,0.0,2.0
2025-10-08,424,North,22170,16802.0,,18:44:46,18:45:06,28,859,Ave D & Fifth St,0.0,1.0
2025-10-08,424,North,22170,16802.0,,18:46:14,18:46:41,29,860,Ave D & 10th St,0.0,1.0
2025-10-08,424,North,22170,16802.0,,18:48:08,18:48:36,30,857,Ave D & 13th St,0.0,2.0
2025-10-08,424,North,22170,16802.0,,18:48:52,18:48:52,31,3127,Ave D & Ferguson Park Rd,0.0,0.0
2025-10-08,424,North,22170,16802.0,18:54:00,18:49:34,18:49:34,32,861,Snohomish Park & Ride Bay 2,0.0,0.0
2025-10-08,424,South,22171,21811.0,05:15:00,05:15:21,05:15:21,0,1349,Snohomish Park & Ride Bay 1,0.0,0.0
2025-10-08,424,South,22171,21811.0,,05:16:08,05:16:08,1,3128,Ave D & 14th St SE,0.0,0.0
2025-10-08,424,South,22171,21811.0,,05:16:40,05:16:40,2,1353,Ave D & 13th St,0.0,0.0
2025-10-08,424,South,22171,21811.0,,05:17:19,05:17:40,3,1351,Ave D & Bonneville Ave,2.0,0.0
2025-10-08,424,South,22171,21811.0,,05:18:37,05:18:37,4,1350,Ave D & Fifth St,0.0,0.0
2025-10-08,424,South,22171,21811.0,05:17:00,05:18:59,05:18:59,5,1352,Ave D & Third St,0.0,0.0
2025-10-08,424,South,22171,21811.0,,05:19:55,05:19:55,6,242,Second St & Ave C,0.0,0.0
2025-10-08,424,South,22171,21811.0,,05:20:18,05:20:39,7,241,Second St & Ave A,1.0,0.0
2025-10-08,424,South,22171,21811.0,,05:21:27,05:21:43,8,243,Second St & Maple Ave,1.0,0.0
2025-10-08,424,South,22171,21811.0,,05:22:30,05:22:30,9,244,Second St & Pine Ave,0.0,0.0
2025-10-08,424,South,22171,21811.0,,05:23:04,05:23:04,10,369,92nd St SE & 113th Dr SE,0.0,0.0
2025-10-08,424,South,22171,21811.0,,05:28:41,05:28:41,11,552,Hwy 2 & Fryelands Blvd SE,0.0,0.0
2025-10-08,424,South,22171,21811.0,05:27:00,05:30:30,05:31:19,12,1928,Monroe Park & Ride Bay 1,7.0,0.0
2025-10-08,424,South,22171,21811.0,,05:33:08,05:33:08,13,1073,179th Ave SE & 147th St SE,1.0,0.0
2025-10-08,424,South,22171,21811.0,,05:34:16,05:34:37,14,1070,179th Ave SE & Stanton St SE,2.0,0.0
2025-10-08,424,South,22171,21811.0,,05:35:50,05:35:50,15,2596,154th St SE & 175th Ave SE,0.0,0.0
2025-10-08,424,South,22171,21811.0,,05:36:28,05:36:58,16,2598,154th St SE & Mulberry Dr,3.0,0.0
2025-10-08,424,South,22171,21811.0,,05:37:40,05:37:58,17,3067,154th St SE & 168th Ave SE,1.0,0.0
2025-10-08,424,South,22171,21811.0,,05:40:02,05:40:02,18,2603,Fryelands Blvd & 156th St SE,0.0,0.0
2025-10-08,424,South,22171,21811.0,05:36:00,05:40:31,05:40:31,19,3065,Fryelands Blvd & 161st St SE,0.0,0.0
2025-10-08,424,South,22171,21811.0,05:49:00,05:56:23,05:56:31,21,2705,Hwy 522 & 132nd Ave NE Flyer Stop,0.0,0.0
2025-10-08,424,South,22171,21811.0,05:54:00,06:01:18,06:01:47,22,2851,Totem Lake Fwy Station,4.0,2.0
2025-10-08,424,South,22171,21811.0,06:07:00,06:11:39,06:12:09,24,1859,Evergreen Point Fwy Station,0.0,1.0
2025-10-08,424,South,22171,21811.0,06:18:00,06:20:44,06:20:59,25,1909,Stewart St & 9th Ave,0.0,2.0
2025-10-08,424,South,22171,21811.0,,06:21:28,06:21:46,26,1908,Stewart St & 7th Ave,0.0,6.0
2025-10-08,424,South,22171,21811.0,,06:22:53,06:23:09,27,1907,Stewart St & 4th Ave,0.0,3.0
2025-10-08,424,South,22171,21811.0,,06:24:46,06:25:03,28,1079,2nd Ave & Stewart St,0.0,1.0
2025-10-08,424,South,22171,21811.0,06:25:00,06:26:21,06:26:41,29,2909,2nd Ave & Seneca St,0.0,4.0
2025-10-08,424,South,22171,21811.0,,06:27:55,06:28:11,30,2631,2nd Ave & Cherry St,0.0,1.0
2025-10-08,424,South,22171,21811.0,06:31:00,06:28:43,06:28:43,31,2349,2nd Ave Ext S & Yesler Way,0.0,2.0
2025-10-08,424,South,22172,16800.0,06:30:00,06:30:07,06:30:07,0,1349,Snohomish Park & Ride Bay 1,0.0,0.0
2025-10-08,424,South,22172,16800.0,,06:30:51,06:30:51,1,3128,Ave D & 14th St SE,0.0,0.0
2025-10-08,424,South,22172,16800.0,,06:31:51,06:31:51,2,1353,Ave D & 13th St,0.0,0.0
2025-10-08,424,South,22172,16800.0,,06:32:26,06:32:51,3,1351,Ave D & Bonneville Ave,1.0,0.0
2025-10-08,424,South,22172,16800.0,,06:33:55,06:33:55,4,1350,Ave D & Fifth St,0.0,0.0
2025-10-08,424,South,22172,16800.0,06:32:00,06:34:31,06:34:31,5,1352,Ave D & Third St,0.0,0.0
2025-10-08,424,South,22172,16800.0,,06:35:17,06:35:17,6,242,Second St & Ave C,0.0,0.0
2025-10-08,424,South,22172,16800.0,,06:35:35,06:35:35,7,241,Second St & Ave A,0.0,0.0
2025-10-08,424,South,22172,16800.0,,06:36:18,06:36:18,8,243,Second St & Maple Ave,0.0,0.0
2025-10-08,424,South,22172,16800.0,,06:36:48,06:36:48,9,244,Second St & Pine Ave,0.0,0.0
2025-10-08,424,South,22172,16800.0,,06:37:52,06:37:52,10,369,92nd St SE & 113th Dr SE,0.0,0.0
2025-10-08,424,South,22172,16800.0,,06:45:02,06:45:02,11,552,Hwy 2 & Fryelands Blvd SE,0.0,0.0
2025-10-08,424,South,22172,16800.0,06:43:00,06:46:38,06:47:03,12,1928,Monroe Park & Ride Bay 1,2.0,0.0
2025-10-08,424,South,22172,16800.0,,06:49:27,06:49:27,13,1073,179th Ave SE & 147th St SE,0.0,0.0
2025-10-08,424,South,22172,16800.0,,06:50:09,06:50:09,14,1070,179th Ave SE & Stanton St SE,0.0,0.0
2025-10-08,424,South,22172,16800.0,,06:51:25,06:51:25,15,2596,154th St SE & 175th Ave SE,0.0,0.0
2025-10-08,424,South,22172,16800.0,,06:51:57,06:51:57,16,2598,154th St SE & Mulberry Dr,0.0,0.0
2025-10-08,424,South,22172,16800.0,,06:52:27,06:52:45,17,3067,154th St SE & 168th Ave SE,1.0,0.0
2025-10-08,424,South,22172,16800.0,,06:54:23,06:54:23,18,2603,Fryelands Blvd & 156th St SE,0.0,0.0
2025-10-08,424,South,22172,16800.0,06:52:00,06:54:56,06:56:30,19,3065,Fryelands Blvd & 161st St SE,3.0,0.0
2025-10-08,424,South,22172,16800.0,07:11:00,07:21:18,07:21:38,21,2705,Hwy 522 & 132nd Ave NE Flyer Stop,3.0,0.0
2025-10-08,424,South,22172,16800.0,07:19:00,07:31:12,07:32:20,22,2851,Totem Lake Fwy Station,12.0,1.0
2025-10-08,424,South,22172,16800.0,07:39:00,07:42:51,07:43:04,24,1859,Evergreen Point Fwy Station,1.0,2.0
2025-10-08,424,South,22172,16800.0,07:54:00,07:52:33,07:52:45,25,1909,Stewart St & 9th Ave,0.0,2.0
2025-10-08,424,South,22172,16800.0,,07:54:08,07:54:24,26,1908,Stewart St & 7th Ave,0.0,4.0
2025-10-08,424,South,22172,16800.0,,07:55:51,07:56:07,27,1907,Stewart St & 4th Ave,0.0,5.0
2025-10-08,424,South,22172,16800.0,,07:57:53,07:58:10,28,1079,2nd Ave & Stewart St,0.0,4.0
2025-10-08,424,South,22172,16800.0,08:05:00,07:59:20,07:59:39,29,2909,2nd Ave & Seneca St,0.0,4.0
2025-10-08,424,South,22172,16800.0,,08:00:58,08:01:10,30,2631,2nd Ave & Cherry St,0.0,1.0
2025-10-08,424,South,22172,16800.0,08:12:00,08:01:50,08:01:50,31,2349,2nd Ave Ext S & Yesler Way,0.0,0.0
2025-10-09,424,North,22169,21812.0,15:35:00,15:35:16,15:35:16,0,640,4th Ave S & S Jackson St,1.0,0.0
2025-10-09,424,North,22169,21812.0,,15:36:30,15:37:12,1,635,4th Ave S & S Washington St,2.0,0.0
2025-10-09,424,North,22169,21812.0,,15:38:30,15:39:03,2,2638,4th Ave & Cherry St,6.0,0.0
2025-10-09,424,North,22169,21812.0,,15:41:34,15:42:00,3,641,4th Ave & Seneca St,4.0,0.0
2025-10-09,424,North,22169,21812.0,15:40:00,15:43:16,15:43:43,4,2976,4th Ave & Pine St,3.0,0.0
2025-10-09,424,North,22169,21812.0,,15:45:11,15:46:04,5,473,Olive Way & 6th Ave,9.0,0.0
2025-10-09,424,North,22169,21812.0,15:45:00,15:48:04,15:48:31,6,476,Olive Way & Terry Ave,4.0,0.0
2025-10-09,424,North,22169,21812.0,15:53:00,15:57:28,15:59:36,7,497,Evergreen Point Fwy Station,2.0,1.0
2025-10-09,424,North,22169,21812.0,16:12:00,16:14:39,16:15:22,9,2850,Totem Lake Fwy Station,1.0,19.0
2025-10-09,424,North,22169,21812.0,16:20:00,16:22:43,16:23:25,10,2704,Hwy 522 & 132nd Ave NE Flyer Stop,2.0,5.0
2025-10-09,424,North,22169,21812.0,16:46:00,16:55:14,16:55:35,12,3064,Fryelands Blvd & 161st St SE,0.0,2.0
2025-10-09,424,North,22169,21812.0,,16:56:14,16:56:14,13,2602,Fryelands Blvd & 156th St SE,0.0,0.0
2025-10-09,424,North,22169,21812.0,,16:57:36,16:57:36,14,3066,154th St SE & 168th Ave SE,0.0,0.0
2025-10-09,424,North,22169,21812.0,,16:58:08,16:58:08,15,2599,154th St SE & Mulberry Dr,0.0,0.0
2025-10-09,424,North,22169,21812.0,,16:58:50,16:59:05,16,2597,154th St SE & Lin Ave SE,0.0,1.0
2025-10-09,424,North,22169,21812.0,,17:00:29,17:00:29,17,589,179th Ave SE & Stanton St,0.0,0.0
2025-10-09,424,North,22169,21812.0,,17:01:09,17:01:09,18,585,179th Ave SE & 147th St SE,0.0,0.0
2025-10-09,424,North,22169,21812.0,,17:03:33,17:03:47,19,1915,Hwy 2 & 179th Ave SE,0.0,2.0
2025-10-09,424,North,22169,21812.0,16:55:00,17:04:39,17:04:58,20,1928,Monroe Park & Ride Bay 1,0.0,3.0
2025-10-09,424,North,22169,21812.0,,17:08:47,17:08:47,21,1922,Hwy 2 & Roosevelt Rd (East),0.0,0.0
2025-10-09,424,North,22169,21812.0,,17:15:11,17:15:11,22,1740,92nd St SE & 113th Dr SE,0.0,0.0
2025-10-09,424,North,22169,21812.0,,17:16:15,17:16:15,23,1628,Second St & Pine Ave,0.0,0.0
2025-10-09,424,North,22169,21812.0,,17:16:50,17:16:50,24,3131,2nd St & Cedar Ave,0.0,0.0
2025-10-09,424,North,22169,21812.0,,17:17:04,17:17:04,25,1629,Second St & Ave A,0.0,0.0
2025-10-09,424,North,22169,21812.0,,17:17:42,17:17:42,26,1626,Second St & Ave C,0.0,0.0
2025-10-09,424,North,22169,21812.0,17:10:00,17:18:43,17:18:43,27,858,Ave D & Third St,0.0,0.0
2025-10-09,424,North,22169,21812.0,,17:19:19,17:19:19,28,859,Ave D & Fifth St,0.0,0.0
2025-10-09,424,North,22169,21812.0,,17:20:21,17:20:44,29,860,Ave D & 10th St,0.0,1.0
2025-10-09,424,North,22169,21812.0,,17:22:06,17:22:06,30,857,Ave D & 13th St,0.0,0.0
2025-10-09,424,North,22169,21812.0,,17:22:18,17:22:18,31,3127,Ave D & Ferguson Park Rd,0.0,0.0
2025-10-09,424,North,22169,21812.0,17:19:00,17:22:58,17:22:58,32,861,Snohomish Park & Ride Bay 2,0.0,0.0
2025-10-09,424,North,22170,21811.0,17:10:00,17:10:36,17:10:36,0,640,4th Ave S & S Jackson St,6.0,0.0
2025-10-09,424,North,22170,21811.0,,17:12:14,17:12:25,1,635,4th Ave S & S Washington St,0.0,0.0
2025-10-09,424,North,22170,21811.0,,17:13:27,17:15:37,2,2638,4th Ave & Cherry St,9.0,0.0
2025-10-09,424,North,22170,21811.0,,17:19:17,17:19:50,3,641,4th Ave & Seneca St,6.0,0.0
2025-10-09,424,North,22170,21811.0,17:16:00,17:20:46,17:21:19,4,2976,4th Ave & Pine St,4.0,0.0
2025-10-09,424,North,22170,21811.0,,17:22:37,17:23:34,5,473,Olive Way & 6th Ave,7.0,0.0
2025-10-09,424,North,22170,21811.0,17:21:00,17:25:49,17:26:35,6,476,Olive Way & Terry Ave,3.0,0.0
2025-10-09,424,North,22170,21811.0,17:31:00,17:35:11,17:35:32,7,497,Evergreen Point Fwy Station,1.0,3.0
2025-10-09,424,North,22170,21811.0,17:53:00,18:02:24,18:03:03,9,2850,Totem Lake Fwy Station,3.0,24.0
2025-10-09,424,North,22170,21811.0,18:00:00,18:08:26,18:08:41,10,2704,Hwy 522 & 132nd Ave NE Flyer Stop,0.0,0.0
2025-10-09,424,North,22170,21811.0,18:20:00,18:28:05,18:28:05,12,3064,Fryelands Blvd & 161st St SE,0.0,0.0
2025-10-09,424,North,22170,21811.0,,18:28:39,18:28:49,13,2602,Fryelands Blvd & 156th St SE,0.0,1.0
2025-10-09,424,North,22170,21811.0,,18:30:08,18:30:08,14,3066,154th St SE & 168th Ave SE,0.0,0.0
2025-10-09,424,North,22170,21811.0,,18:30:51,18:30:51,15,2599,154th St SE & Mulberry Dr,0.0,0.0
2025-10-09,424,North,22170,21811.0,,18:31:19,18:31:19,16,2597,154th St SE & Lin Ave SE,0.0,0.0
2025-10-09,424,North,22170,21811.0,,18:32:39,18:32:52,17,589,179th Ave SE & Stanton St,0.0,2.0
2025-10-09,424,North,22170,21811.0,,18:34:12,18:35:33,18,585,179th Ave SE & 147th St SE,0.0,1.0
2025-10-09,424,North,22170,21811.0,,18:35:53,18:35:53,19,1915,Hwy 2 & 179th Ave SE,0.0,0.0
2025-10-09,424,North,22170,21811.0,18:30:00,18:36:35,18:36:55,20,1928,Monroe Park & Ride Bay 1,0.0,5.0
2025-10-09,424,North,22170,21811.0,,18:39:55,18:40:51,21,1922,Hwy 2 & Roosevelt Rd (East),1.0,1.0
2025-10-09,424,North,22170,21811.0,,18:47:22,18:47:22,22,1740,92nd St SE & 113th Dr SE,0.0,0.0
2025-10-09,424,North,22170,21811.0,,18:48:46,18:48:46,23,1628,Second St & Pine Ave,0.0,0.0
2025-10-09,424,North,22170,21811.0,,18:49:16,18:49:16,24,3131,2nd St & Cedar Ave,0.0,0.0
2025-10-09,424,North,22170,21811.0,,18:49:41,18:50:12,25,1629,Second St & Ave A,0.0,1.0
2025-10-09,424,North,22170,21811.0,,18:51:18,18:51:18,26,1626,Second St & Ave C,0.0,0.0
2025-10-09,424,North,22170,21811.0,18:44:00,18:51:50,18:52:07,27,858,Ave D & Third St,0.0,1.0
2025-10-09,424,North,22170,21811.0,,18:52:50,18:53:02,28,859,Ave D & Fifth St,0.0,1.0
2025-10-09,424,North,22170,21811.0,,18:54:21,18:54:21,29,860,Ave D & 10th St,0.0,0.0
2025-10-09,424,North,22170,21811.0,,18:55:22,18:55:22,30,857,Ave D & 13th St,0.0,0.0
2025-10-09,424,North,22170,21811.0,,18:55:31,18:55:31,31,3127,Ave D & Ferguson Park Rd,0.0,0.0
2025-10-09,424,North,22170,21811.0,18:54:00,18:56:08,18:56:08,32,861,Snohomish Park & Ride Bay 2,0.0,0.0
2025-10-09,424,South,22171,21814.0,05:15:00,05:15:04,05:15:04,0,1349,Snohomish Park & Ride Bay 1,0.0,0.0
2025-10-09,424,South,22171,21814.0,,05:15:47,05:15:47,1,3128,Ave D & 14th St SE,0.0,0.0
2025-10-09,424,South,22171,21814.0,,05:16:22,05:16:22,2,1353,Ave D & 13th St,0.0,0.0
2025-10-09,424,South,22171,21814.0,,05:16:59,05:17:20,3,1351,Ave D & Bonneville Ave,1.0,0.0
2025-10-09,424,South,22171,21814.0,,05:18:16,05:18:16,4,1350,Ave D & Fifth St,0.0,0.0
2025-10-09,424,South,22171,21814.0,05:17:00,05:18:41,05:18:41,5,1352,Ave D & Third St,0.0,0.0
2025-10-09,424,South,22171,21814.0,,05:19:23,05:19:23,6,242,Second St & Ave C,0.0,0.0
2025-10-09,424,South,22171,21814.0,,05:19:43,05:20:00,7,241,Second St & Ave A,1.0,0.0
2025-10-09,424,South,22171,21814.0,,05:20:48,05:20:48,8,243,Second St & Maple Ave,0.0,0.0
2025-10-09,424,South,22171,21814.0,,05:21:10,05:21:10,9,244,Second St & Pine Ave,0.0,0.0
2025-10-09,424,South,22171,21814.0,,05:21:43,05:21:43,10,369,92nd St SE & 113th Dr SE,0.0,0.0
2025-10-09,424,South,22171,21814.0,,05:27:40,05:27:40,11,552,Hwy 2 & Fryelands Blvd SE,0.0,0.0
2025-10-09,424,South,22171,21814.0,05:27:00,05:29:22,05:30:23,12,1928,Monroe Park & Ride Bay 1,7.0,0.0
2025-10-09,424,South,22171,21814.0,,05:32:24,05:32:24,13,1073,179th Ave SE & 147th St SE,1.0,0.0
2025-10-09,424,South,22171,21814.0,,05:33:42,05:34:00,14,1070,179th Ave SE & Stanton St SE,2.0,0.0
2025-10-09,424,South,22171,21814.0,,05:35:15,05:35:15,15,2596,154th St SE & 175th Ave SE,0.0,0.0
2025-10-09,424,South,22171,21814.0,,05:35:47,05:35:47,16,2598,154th St SE & Mulberry Dr,0.0,0.0
2025-10-09,424,South,22171,21814.0,,05:36:19,05:36:41,17,3067,154th St SE & 168th Ave SE,1.0,0.0
2025-10-09,424,South,22171,21814.0,,05:38:10,05:38:10,18,2603,Fryelands Blvd & 156th St SE,0.0,0.0
2025-10-09,424,South,22171,21814.0,05:36:00,05:38:43,05:39:08,19,3065,Fryelands Blvd & 161st St SE,0.0,0.0
2025-10-09,424,South,22171,21814.0,05:49:00,05:56:53,05:57:06,21,2705,Hwy 522 & 132nd Ave NE Flyer Stop,1.0,0.0
2025-10-09,424,South,22171,21814.0,05:54:00,06:02:26,06:02:48,22,2851,Totem Lake Fwy Station,3.0,2.0
2025-10-09,424,South,22171,21814.0,06:07:00,06:13:00,06:13:18,24,1859,Evergreen Point Fwy Station,0.0,1.0
2025-10-09,424,South,22171,21814.0,06:18:00,06:22:16,06:23:12,25,1909,Stewart St & 9th Ave,0.0,2.0
2025-10-09,424,South,22171,21814.0,,06:24:05,06:24:20,26,1908,Stewart St & 7th Ave,0.0,5.0
2025-10-09,424,South,22171,21814.0,,06:25:56,06:26:09,27,1907,Stewart St & 4th Ave,0.0,1.0
2025-10-09,424,South,22171,21814.0,,06:27:49,06:28:05,28,1079,2nd Ave & Stewart St,0.0,1.0
2025-10-09,424,South,22171,21814.0,06:25:00,06:29:20,06:29:36,29,2909,2nd Ave & Seneca St,0.0,4.0
2025-10-09,424,South,22171,21814.0,,06:30:55,06:31:15,30,2631,2nd Ave & Cherry St,0.0,1.0
2025-10-09,424,South,22171,21814.0,06:31:00,06:31:48,06:31:48,31,2349,2nd Ave Ext S & Yesler Way,0.0,0.0
2025-10-09,424,South,22172,17800.0,06:30:00,06:30:02,06:30:02,0,1349,Snohomish Park & Ride Bay 1,0.0,0.0
2025-10-09,424,South,22172,17800.0,,06:30:50,06:30:50,1,3128,Ave D & 14th St SE,0.0,0.0
2025-10-09,424,South,22172,17800.0,,06:31:24,06:31:24,2,1353,Ave D & 13th St,0.0,0.0
2025-10-09,424,South,22172,17800.0,,06:32:11,06:32:38,3,1351,Ave D & Bonneville Ave,1.0,0.0
2025-10-09,424,South,22172,17800.0,,06:33:40,06:33:40,4,1350,Ave D & Fifth St,0.0,0.0
2025-10-09,424,South,22172,17800.0,06:32:00,06:34:23,06:34:23,5,1352,Ave D & Third St,0.0,0.0
2025-10-09,424,South,22172,17800.0,,06:36:06,06:36:06,6,242,Second St & Ave C,0.0,0.0
2025-10-09,424,South,22172,17800.0,,06:36:24,06:36:24,7,241,Second St & Ave A,0.0,0.0
2025-10-09,424,South,22172,17800.0,,06:37:00,06:37:00,8,243,Second St & Maple Ave,0.0,0.0
2025-10-09,424,South,22172,17800.0,,06:37:51,06:37:51,9,244,Second St & Pine Ave,0.0,0.0
2025-10-09,424,South,22172,17800.0,,06:38:28,06:38:28,10,369,92nd St SE & 113th Dr SE,0.0,0.0
2025-10-09,424,South,22172,17800.0,,06:44:47,06:44:47,11,552,Hwy 2 & Fryelands Blvd SE,0.0,0.0
2025-10-09,424,South,22172,17800.0,06:43:00,06:46:09,06:46:50,12,1928,Monroe Park & Ride Bay 1,7.0,0.0
2025-10-09,424,South,22172,17800.0,,06:48:53,06:48:53,13,1073,179th Ave SE & 147th St SE,0.0,0.0
2025-10-09,424,South,22172,17800.0,,06:49:28,06:49:28,14,1070,179th Ave SE & Stanton St SE,0.0,0.0
2025-10-09,424,South,22172,17800.0,,06:50:41,06:50:41,15,2596,154th St SE & 175th Ave SE,0.0,0.0
2025-10-09,424,South,22172,17800.0,,06:51:08,06:51:08,16,2598,154th St SE & Mulberry Dr,0.0,0.0
2025-10-09,424,South,22172,17800.0,,06:51:41,06:51:41,17,3067,154th St SE & 168th Ave SE,0.0,0.0
2025-10-09,424,South,22172,17800.0,,06:53:03,06:53:25,18,2603,Fryelands Blvd & 156th St SE,1.0,0.0
2025-10-09,424,South,22172,17800.0,06:52:00,06:54:04,06:54:39,19,3065,Fryelands Blvd & 161st St SE,3.0,0.0
2025-10-09,424,South,22172,17800.0,07:11:00,07:27:00,07:27:20,21,2705,Hwy 522 & 132nd Ave NE Flyer Stop,1.0,1.0
2025-10-09,424,South,22172,17800.0,07:19:00,07:39:36,07:40:42,22,2851,Totem Lake Fwy Station,11.0,2.0
2025-10-09,424,South,22172,17800.0,07:39:00,07:53:37,07:53:55,24,1859,Evergreen Point Fwy Station,2.0,2.0
2025-10-09,424,South,22172,17800.0,07:54:00,08:03:21,08:03:42,25,1909,Stewart St & 9th Ave,0.0,4.0
2025-10-09,424,South,22172,17800.0,,08:04:39,08:04:54,26,1908,Stewart St & 7th Ave,0.0,2.0
2025-10-09,424,South,22172,17800.0,,08:06:20,08:06:39,27,1907,Stewart St & 4th Ave,0.0,5.0
2025-10-09,424,South,22172,17800.0,,08:09:49,08:10:11,28,1079,2nd Ave & Stewart St,0.0,3.0
2025-10-09,424,South,22172,17800.0,08:05:00,08:11:31,08:11:54,29,2909,2nd Ave & Seneca St,0.0,5.0
2025-10-09,424,South,22172,17800.0,,08:13:04,08:13:20,30,2631,2nd Ave & Cherry St,0.0,1.0
2025-10-09,424,South,22172,17800.0,08:12:00,08:14:39,08:14:39,31,2349,2nd Ave Ext S & Yesler Way,0.0,1.0
2025-10-10,424,North,22169,19803.0,15:35:00,15:37:21,15:37:21,0,640,4th Ave S & S Jackson St,3.0,0.0
2025-10-10,424,North,22169,19803.0,,15:38:25,15:38:37,1,635,4th Ave S & S Washington St,0.0,0.0
2025-10-10,424,North,22169,19803.0,,15:40:37,15:41:14,2,2638,4th Ave & Cherry St,2.0,0.0
2025-10-10,424,North,22169,19803.0,,15:43:13,15:44:14,3,641,4th Ave & Seneca St,3.0,0.0
2025-10-10,424,North,22169,19803.0,15:40:00,15:46:10,15:47:07,4,2976,4th Ave & Pine St,3.0,0.0
2025-10-10,424,North,22169,19803.0,,15:49:10,15:50:30,5,473,Olive Way & 6th Ave,3.0,0.0
2025-10-10,424,North,22169,19803.0,15:45:00,15:51:17,15:51:36,6,476,Olive Way & Terry Ave,1.0,0.0
2025-10-10,424,North,22169,19803.0,15:53:00,16:03:22,16:03:48,7,497,Evergreen Point Fwy Station,3.0,0.0
2025-10-10,424,North,22169,19803.0,16:12:00,16:16:30,16:17:02,9,2850,Totem Lake Fwy Station,1.0,6.0
2025-10-10,424,North,22169,19803.0,16:20:00,16:24:28,16:24:50,10,2704,Hwy 522 & 132nd Ave NE Flyer Stop,1.0,2.0
2025-10-10,424,North,22169,19803.0,16:46:00,16:52:29,16:52:50,12,3064,Fryelands Blvd & 161st St SE,0.0,2.0
2025-10-10,424,North,22169,19803.0,,16:53:22,16:53:22,13,2602,Fryelands Blvd & 156th St SE,0.0,0.0
2025-10-10,424,North,22169,19803.0,,16:55:17,16:55:35,14,3066,154th St SE & 168th Ave SE,0.0,2.0
2025-10-10,424,North,22169,19803.0,,16:56:13,16:56:13,15,2599,154th St SE & Mulberry Dr,0.0,0.0
2025-10-10,424,North,22169,19803.0,,16:56:50,16:56:50,16,2597,154th St SE & Lin Ave SE,0.0,0.0
2025-10-10,424,North,22169,19803.0,,16:58:01,16:58:14,17,589,179th Ave SE & Stanton St,0.0,1.0
2025-10-10,424,North,22169,19803.0,,16:59:30,16:59:30,18,585,179th Ave SE & 147th St SE,0.0,2.0
2025-10-10,424,North,22169,19803.0,,17:00:40,17:00:55,19,1915,Hwy 2 & 179th Ave SE,0.0,1.0
2025-10-10,424,North,22169,19803.0,16:55:00,17:01:44,17:02:11,20,1928,Monroe Park & Ride Bay 1,0.0,2.0
2025-10-10,424,North,22169,19803.0,,17:06:37,17:06:37,21,1922,Hwy 2 & Roosevelt Rd (East),0.0,0.0
2025-10-10,424,North,22169,19803.0,,17:13:07,17:13:07,22,1740,92nd St SE & 113th Dr SE,0.0,0.0
2025-10-10,424,North,22169,19803.0,,17:13:54,17:13:54,23,1628,Second St & Pine Ave,0.0,0.0
2025-10-10,424,North,22169,19803.0,,17:14:19,17:14:19,24,3131,2nd St & Cedar Ave,0.0,0.0
2025-10-10,424,North,22169,19803.0,,17:14:31,17:14:31,25,1629,Second St & Ave A,0.0,0.0
2025-10-10,424,North,22169,19803.0,,17:15:09,17:15:30,26,1626,Second St & Ave C,0.0,1.0
2025-10-10,424,North,22169,19803.0,17:10:00,17:16:23,17:16:23,27,858,Ave D & Third St,0.0,0.0
2025-10-10,424,North,22169,19803.0,,17:17:11,17:17:23,28,859,Ave D & Fifth St,0.0,1.0
2025-10-10,424,North,22169,19803.0,,17:18:26,17:18:26,29,860,Ave D & 10th St,0.0,0.0
2025-10-10,424,North,22169,19803.0,,17:19:46,17:19:46,30,857,Ave D & 13th St,0.0,0.0
2025-10-10,424,North,22169,19803.0,,17:19:55,17:19:55,31,3127,Ave D & Ferguson Park Rd,0.0,0.0
2025-10-10,424,North,22169,19803.0,17:19:00,17:20:36,17:20:36,32,861,Snohomish Park & Ride Bay 2,1.0,1.0
2025-10-10,424,North,22170,19818.0,17:10:00,17:12:02,17:12:02,0,640,4th Ave S & S Jackson St,2.0,0.0
2025-10-10,424,North,22170,19818.0,,17:12:37,17:12:37,1,635,4th Ave S & S Washington St,0.0,0.0
2025-10-10,424,North,22170,19818.0,,17:13:36,17:14:01,2,2638,4th Ave & Cherry St,2.0,0.0
2025-10-10,424,North,22170,19818.0,,17:15:57,17:16:26,3,641,4th Ave & Seneca St,4.0,0.0
2025-10-10,424,North,22170,19818.0,17:16:00,17:18:34,17:18:47,4,2976,4th Ave & Pine St,0.0,0.0
2025-10-10,424,North,22170,19818.0,,17:20:48,17:22:23,5,473,Olive Way & 6th Ave,2.0,0.0
2025-10-10,424,North,22170,19818.0,17:21:00,17:24:04,17:24:15,6,476,Olive Way & Terry Ave,1.0,0.0
2025-10-10,424,North,22170,19818.0,17:31:00,17:34:00,17:34:19,7,497,Evergreen Point Fwy Station,3.0,0.0
2025-10-10,424,North,22170,19818.0,17:53:00,17:46:22,17:46:53,9,2850,Totem Lake Fwy Station,3.0,4.0
2025-10-10,424,North,22170,19818.0,18:00:00,17:53:42,17:55:23,10,2704,Hwy 522 & 132nd Ave NE Flyer Stop,0.0,2.0
2025-10-10,424,North,22170,19818.0,18:20:00,18:10:54,18:11:03,12,3064,Fryelands Blvd & 161st St SE,0.0,1.0
2025-10-10,424,North,22170,19818.0,,18:11:36,18:11:36,13,2602,Fryelands Blvd & 156th St SE,0.0,0.0
2025-10-10,424,North,22170,19818.0,,18:12:54,18:12:54,14,3066,154th St SE & 168th Ave SE,0.0,0.0
2025-10-10,424,North,22170,19818.0,,18:13:26,18:13:26,15,2599,154th St SE & Mulberry Dr,0.0,0.0
2025-10-10,424,North,22170,19818.0,,18:13:52,18:13:52,16,2597,154th St SE & Lin Ave SE,0.0,0.0
2025-10-10,424,North,22170,19818.0,,18:15:05,18:15:15,17,589,179th Ave SE & Stanton St,0.0,3.0
2025-10-10,424,North,22170,19818.0,,18:16:19,18:16:19,18,585,179th Ave SE & 147th St SE,0.0,1.0
2025-10-10,424,North,22170,19818.0,,18:19:15,18:19:15,19,1915,Hwy 2 & 179th Ave SE,0.0,0.0
2025-10-10,424,North,22170,19818.0,18:30:00,18:19:56,18:20:15,20,1928,Monroe Park & Ride Bay 1,0.0,3.0
2025-10-10,424,North,22170,19818.0,,18:22:26,18:22:43,21,1922,Hwy 2 & Roosevelt Rd (East),0.0,1.0
2025-10-10,424,North,22170,19818.0,,18:29:05,18:29:05,22,1740,92nd St SE & 113th Dr SE,0.0,0.0
2025-10-10,424,North,22170,19818.0,,18:30:36,18:30:36,23,1628,Second St & Pine Ave,0.0,0.0
2025-10-10,424,North,22170,19818.0,,18:31:11,18:31:21,24,3131,2nd St & Cedar Ave,1.0,0.0
2025-10-10,424,North,22170,19818.0,,18:31:46,18:32:00,25,1629,Second St & Ave A,0.0,1.0
2025-10-10,424,North,22170,19818.0,,18:32:57,18:32:57,26,1626,Second St & Ave C,0.0,0.0
2025-10-10,424,North,22170,19818.0,18:44:00,18:33:30,18:33:30,27,858,Ave D & Third St,0.0,0.0
2025-10-10,424,North,22170,19818.0,,18:34:23,18:34:23,28,859,Ave D & Fifth St,0.0,0.0
2025-10-10,424,North,22170,19818.0,,18:35:58,18:36:12,29,860,Ave D & 10th St,0.0,1.0
2025-10-10,424,North,22170,19818.0,,18:37:26,18:37:26,30,857,Ave D & 13th St,0.0,0.0
2025-10-10,424,North,22170,19818.0,,18:37:35,18:37:35,31,3127,Ave D & Ferguson Park Rd,0.0,0.0
2025-10-10,424,North,22170,19818.0,18:54:00,18:41:24,18:41:24,32,861,Snohomish Park & Ride Bay 2,0.0,0.0
2025-10-10,424,South,22171,21810.0,05:15:00,05:15:22,05:15:22,0,1349,Snohomish Park & Ride Bay 1,0.0,0.0
2025-10-10,424,South,22171,21810.0,,05:16:00,05:16:00,1,3128,Ave D & 14th St SE,0.0,0.0
2025-10-10,424,South,22171,21810.0,,05:16:27,05:16:27,2,1353,Ave D & 13th St,0.0,0.0
2025-10-10,424,South,22171,21810.0,,05:17:06,05:17:25,3,1351,Ave D & Bonneville Ave,2.0,0.0
2025-10-10,424,South,22171,21810.0,,05:18:26,05:18:26,4,1350,Ave D & Fifth St,0.0,0.0
2025-10-10,424,South,22171,21810.0,05:17:00,05:18:50,05:18:50,5,1352,Ave D & Third St,0.0,0.0
2025-10-10,424,South,22171,21810.0,,05:19:31,05:19:31,6,242,Second St & Ave C,0.0,0.0
2025-10-10,424,South,22171,21810.0,,05:19:52,05:20:10,7,241,Second St & Ave A,1.0,0.0
2025-10-10,424,South,22171,21810.0,,05:20:51,05:20:51,8,243,Second St & Maple Ave,0.0,0.0
2025-10-10,424,South,22171,21810.0,,05:21:47,05:21:47,9,244,Second St & Pine Ave,0.0,0.0
2025-10-10,424,South,22171,21810.0,,05:22:19,05:22:19,10,369,92nd St SE & 113th Dr SE,0.0,0.0
2025-10-10,424,South,22171,21810.0,,05:28:10,05:28:10,11,552,Hwy 2 & Fryelands Blvd SE,0.0,0.0
2025-10-10,424,South,22171,21810.0,05:27:00,05:29:32,05:30:17,12,1928,Monroe Park & Ride Bay 1,6.0,1.0
2025-10-10,424,South,22171,21810.0,,05:32:38,05:32:38,13,1073,179th Ave SE & 147th St SE,0.0,0.0
2025-10-10,424,South,22171,21810.0,,05:33:17,05:33:35,14,1070,179th Ave SE & Stanton St SE,2.0,0.0
2025-10-10,424,South,22171,21810.0,,05:34:49,05:34:49,15,2596,154th St SE & 175th Ave SE,0.0,0.0
2025-10-10,424,South,22171,21810.0,,05:35:24,05:35:24,16,2598,154th St SE & Mulberry Dr,0.0,0.0
2025-10-10,424,South,22171,21810.0,,05:35:57,05:36:34,17,3067,154th St SE & 168th Ave SE,1.0,0.0
2025-10-10,424,South,22171,21810.0,,05:38:03,05:38:03,18,2603,Fryelands Blvd & 156th St SE,0.0,0.0
2025-10-10,424,South,22171,21810.0,05:36:00,05:38:33,05:38:33,19,3065,Fryelands Blvd & 161st St SE,0.0,0.0
2025-10-10,424,South,22171,21810.0,05:49:00,05:52:23,05:52:23,21,2705,Hwy 522 & 132nd Ave NE Flyer Stop,0.0,0.0
2025-10-10,424,South,22171,21810.0,05:54:00,05:56:52,05:57:13,22,2851,Totem Lake Fwy Station,3.0,1.0
2025-10-10,424,South,22171,21810.0,06:07:00,06:06:39,06:07:06,24,1859,Evergreen Point Fwy Station,2.0,0.0
2025-10-10,424,South,22171,21810.0,06:18:00,06:15:10,06:15:28,25,1909,Stewart St & 9th Ave,0.0,5.0
2025-10-10,424,South,22171,21810.0,,06:16:37,06:16:51,26,1908,Stewart St & 7th Ave,0.0,3.0
2025-10-10,424,South,22171,21810.0,,06:18:18,06:18:29,27,1907,Stewart St & 4th Ave,0.0,1.0
2025-10-10,424,South,22171,21810.0,,06:19:00,06:19:11,28,1079,2nd Ave & Stewart St,0.0,1.0
2025-10-10,424,South,22171,21810.0,06:25:00,06:20:14,06:20:32,29,2909,2nd Ave & Seneca St,0.0,4.0
2025-10-10,424,South,22171,21810.0,,06:21:50,06:22:01,30,2631,2nd Ave & Cherry St,0.0,1.0
2025-10-10,424,South,22171,21810.0,06:31:00,06:23:46,06:23:46,31,2349,2nd Ave Ext S & Yesler Way,0.0,0.0
2025-10-10,424,South,22172,21806.0,06:30:00,06:33:14,06:33:14,0,1349,Snohomish Park & Ride Bay 1,0.0,0.0
2025-10-10,424,South,22172,21806.0,,06:34:23,06:34:23,1,3128,Ave D & 14th St SE,0.0,0.0
2025-10-10,424,South,22172,21806.0,,06:35:06,06:35:06,2,1353,Ave D & 13th St,0.0,0.0
2025-10-10,424,South,22172,21806.0,,06:36:00,06:36:00,3,1351,Ave D & Bonneville Ave,0.0,0.0
2025-10-10,424,South,22172,21806.0,,06:36:52,06:36:52,4,1350,Ave D & Fifth St,0.0,0.0
2025-10-10,424,South,22172,21806.0,06:32:00,06:37:12,06:37:12,5,1352,Ave D & Third St,0.0,0.0
2025-10-10,424,South,22172,21806.0,,06:37:51,06:37:51,6,242,Second St & Ave C,0.0,0.0
2025-10-10,424,South,22172,21806.0,,06:38:11,06:38:11,7,241,Second St & Ave A,0.0,0.0
2025-10-10,424,South,22172,21806.0,,06:39:28,06:39:28,8,243,Second St & Maple Ave,0.0,0.0
2025-10-10,424,South,22172,21806.0,,06:40:05,06:40:05,9,244,Second St & Pine Ave,0.0,0.0
2025-10-10,424,South,22172,21806.0,,06:40:38,06:40:38,10,369,92nd St SE & 113th Dr SE,0.0,0.0
2025-10-10,424,South,22172,21806.0,,06:47:15,06:47:15,11,552,Hwy 2 & Fryelands Blvd SE,0.0,0.0
2025-10-10,424,South,22172,21806.0,06:43:00,06:48:34,06:49:26,12,1928,Monroe Park & Ride Bay 1,4.0,0.0
2025-10-10,424,South,22172,21806.0,,06:51:31,06:51:31,13,1073,179th Ave SE & 147th St SE,0.0,0.0
2025-10-10,424,South,22172,21806.0,,06:52:14,06:52:34,14,1070,179th Ave SE & Stanton St SE,1.0,0.0
2025-10-10,424,South,22172,21806.0,,06:53:52,06:53:52,15,2596,154th St SE & 175th Ave SE,0.0,0.0
2025-10-10,424,South,22172,21806.0,,06:54:27,06:54:27,16,2598,154th St SE & Mulberry Dr,0.0,0.0
2025-10-10,424,South,22172,21806.0,,06:54:56,06:54:56,17,3067,154th St SE & 168th Ave SE,0.0,0.0
2025-10-10,424,South,22172,21806.0,,06:56:40,06:56:40,18,2603,Fryelands Blvd & 156th St SE,0.0,0.0
2025-10-10,424,South,22172,21806.0,06:52:00,06:57:15,06:57:43,19,3065,Fryelands Blvd & 161st St SE,1.0,0.0
2025-10-10,424,South,22172,21806.0,07:11:00,07:16:59,07:17:20,21,2705,Hwy 522 & 132nd Ave NE Flyer Stop,1.0,0.0
2025-10-10,424,South,22172,21806.0,07:19:00,07:23:33,07:24:22,22,2851,Totem Lake Fwy Station,6.0,1.0
2025-10-10,424,South,22172,21806.0,07:39:00,07:34:55,07:35:16,24,1859,Evergreen Point Fwy Station,0.0,3.0
2025-10-10,424,South,22172,21806.0,07:54:00,07:45:03,07:45:27,25,1909,Stewart St & 9th Ave,0.0,5.0
2025-10-10,424,South,22172,21806.0,,07:46:38,07:46:53,26,1908,Stewart St & 7th Ave,0.0,0.0
2025-10-10,424,South,22172,21806.0,,07:48:25,07:48:42,27,1907,Stewart St & 4th Ave,0.0,1.0
2025-10-10,424,South,22172,21806.0,,07:50:35,07:50:54,28,1079,2nd Ave & Stewart St,0.0,1.0
2025-10-10,424,South,22172,21806.0,08:05:00,07:53:07,07:53:26,29,2909,2nd Ave & Seneca St,0.0,2.0
2025-10-10,424,South,22172,21806.0,,07:54:56,07:54:56,30,2631,2nd Ave & Cherry St,0.0,0.0
2025-10-10,424,South,22172,21806.0,08:12:00,07:56:34,07:56:34,31,2349,2nd Ave Ext S & Yesler Way,0.0,0.0
2025-10-13,424,North,22169,19803.0,15:35:00,15:35:08,15:35:08,0,640,4th Ave S & S Jackson St,8.0,0.0
2025-10-13,424,North,22169,19803.0,,15:36:33,15:36:33,1,635,4th Ave S & S Washington St,0.0,0.0
2025-10-13,424,North,22169,19803.0,,15:38:26,15:38:57,2,2638,4th Ave & Cherry St,1.0,0.0
2025-10-13,424,North,22169,19803.0,,15:40:46,15:42:03,3,641,4th Ave & Seneca St,8.0,0.0
2025-10-13,424,North,22169,19803.0,15:40:00,15:43:09,15:43:50,4,2976,4th Ave & Pine St,2.0,0.0
2025-10-13,424,North,22169,19803.0,,15:44:57,15:46:05,5,473,Olive Way & 6th Ave,0.0,0.0
2025-10-13,424,North,22169,19803.0,15:45:00,15:48:01,15:48:35,6,476,Olive Way & Terry Ave,0.0,0.0
2025-10-13,424,North,22169,19803.0,15:53:00,15:57:51,15:58:24,7,497,Evergreen Point Fwy Station,4.0,4.0
2025-10-13,424,North,22169,19803.0,16:12:00,16:10:40,16:11:42,9,2850,Totem Lake Fwy Station,1.0,13.0
2025-10-13,424,North,22169,19803.0,16:20:00,16:18:43,16:20:11,10,2704,Hwy 522 & 132nd Ave NE Flyer Stop,0.0,3.0
2025-10-13,424,North,22169,19803.0,16:46:00,16:39:34,16:40:30,12,3064,Fryelands Blvd & 161st St SE,1.0,1.0
2025-10-13,424,North,22169,19803.0,,16:41:05,16:41:05,13,2602,Fryelands Blvd & 156th St SE,0.0,0.0
2025-10-13,424,North,22169,19803.0,,16:43:08,16:43:08,14,3066,154th St SE & 168th Ave SE,0.0,0.0
2025-10-13,424,North,22169,19803.0,,16:43:40,16:44:07,15,2599,154th St SE & Mulberry Dr,2.0,1.0
2025-10-13,424,North,22169,19803.0,,16:44:43,16:44:43,16,2597,154th St SE & Lin Ave SE,0.0,0.0
2025-10-13,424,North,22169,19803.0,,16:46:05,16:46:05,17,589,179th Ave SE & Stanton St,0.0,0.0
2025-10-13,424,North,22169,19803.0,,16:47:09,16:47:09,18,585,179th Ave SE & 147th St SE,0.0,1.0
2025-10-13,424,North,22169,19803.0,,16:49:18,16:49:18,19,1915,Hwy 2 & 179th Ave SE,0.0,0.0
2025-10-13,424,North,22169,19803.0,16:55:00,16:50:06,16:50:24,20,1928,Monroe Park & Ride Bay 1,0.0,3.0
2025-10-13,424,North,22169,19803.0,,16:53:38,16:54:21,21,1922,Hwy 2 & Roosevelt Rd (East),1.0,0.0
2025-10-13,424,North,22169,19803.0,,17:01:21,17:01:21,22,1740,92nd St SE & 113th Dr SE,0.0,0.0
2025-10-13,424,North,22169,19803.0,,17:02:07,17:02:07,23,1628,Second St & Pine Ave,0.0,0.0
2025-10-13,424,North,22169,19803.0,,17:02:57,17:03:14,24,3131,2nd St & Cedar Ave,1.0,0.0
2025-10-13,424,North,22169,19803.0,,17:03:45,17:04:19,25,1629,Second St & Ave A,2.0,1.0
2025-10-13,424,North,22169,19803.0,,17:05:06,17:05:38,26,1626,Second St & Ave C,1.0,0.0
2025-10-13,424,North,22169,19803.0,17:10:00,17:06:42,17:06:58,27,858,Ave D & Third St,0.0,2.0
2025-10-13,424,North,22169,19803.0,,17:07:34,17:07:34,28,859,Ave D & Fifth St,0.0,0.0
2025-10-13,424,North,22169,19803.0,,17:09:26,17:09:26,29,860,Ave D & 10th St,0.0,0.0
2025-10-13,424,North,22169,19803.0,,17:10:26,17:10:50,30,857,Ave D & 13th St,0.0,1.0
2025-10-13,424,North,22169,19803.0,,17:11:06,17:11:06,31,3127,Ave D & Ferguson Park Rd,0.0,0.0
2025-10-13,424,North,22169,19803.0,17:19:00,17:11:51,17:11:51,32,861,Snohomish Park & Ride Bay 2,0.0,2.0
2025-10-13,424,North,22170,17802.0,17:10:00,17:10:18,17:10:18,0,640,4th Ave S & S Jackson St,3.0,0.0
2025-10-13,424,North,22170,17802.0,,17:11:19,17:11:39,1,635,4th Ave S & S Washington St,1.0,0.0
2025-10-13,424,North,22170,17802.0,,17:12:52,17:13:25,2,2638,4th Ave & Cherry St,0.0,0.0
2025-10-13,424,North,22170,17802.0,,17:14:53,17:16:17,3,641,4th Ave & Seneca St,5.0,0.0
2025-10-13,424,North,22170,17802.0,17:16:00,17:17:14,17:17:37,4,2976,4th Ave & Pine St,2.0,0.0
2025-10-13,424,North,22170,17802.0,,17:19:15,17:20:34,5,473,Olive Way & 6th Ave,5.0,0.0
2025-10-13,424,North,22170,17802.0,17:21:00,17:21:19,17:22:08,6,476,Olive Way & Terry Ave,1.0,0.0
2025-10-13,424,North,22170,17802.0,17:31:00,17:30:34,17:31:05,7,497,Evergreen Point Fwy Station,2.0,0.0
2025-10-13,424,North,22170,17802.0,17:53:00,17:42:29,17:43:06,9,2850,Totem Lake Fwy Station,2.0,12.0
2025-10-13,424,North,22170,17802.0,18:00:00,17:51:15,17:53:17,10,2704,Hwy 522 & 132nd Ave NE Flyer Stop,0.0,1.0
2025-10-13,424,North,22170,17802.0,18:20:00,18:09:59,18:09:59,12,3064,Fryelands Blvd & 161st St SE,0.0,0.0
2025-10-13,424,North,22170,17802.0,,18:10:31,18:10:42,13,2602,Fryelands Blvd & 156th St SE,0.0,1.0
2025-10-13,424,North,22170,17802.0,,18:12:08,18:12:08,14,3066,154th St SE & 168th Ave SE,0.0,0.0
2025-10-13,424,North,22170,17802.0,,18:12:44,18:12:44,15,2599,154th St SE & Mulberry Dr,0.0,0.0
2025-10-13,424,North,22170,17802.0,,18:13:13,18:13:13,16,2597,154th St SE & Lin Ave SE,0.0,0.0
2025-10-13,424,North,22170,17802.0,,18:14:29,18:14:43,17,589,179th Ave SE & Stanton St,0.0,2.0
2025-10-13,424,North,22170,17802.0,,18:15:30,18:15:30,18,585,179th Ave SE & 147th St SE,0.0,0.0
2025-10-13,424,North,22170,17802.0,,18:17:02,18:17:14,19,1915,Hwy 2 & 179th Ave SE,0.0,1.0
2025-10-13,424,North,22170,17802.0,18:30:00,18:18:05,18:18:39,20,1928,Monroe Park & Ride Bay 1,0.0,2.0
2025-10-13,424,North,22170,17802.0,,18:22:23,18:22:42,21,1922,Hwy 2 & Roosevelt Rd (East),1.0,1.0
2025-10-13,424,North,22170,17802.0,,18:29:13,18:29:13,22,1740,92nd St SE & 113th Dr SE,0.0,0.0
2025-10-13,424,North,22170,17802.0,,18:30:01,18:30:01,23,1628,Second St & Pine Ave,0.0,0.0
2025-10-13,424,North,22170,17802.0,,18:30:41,18:30:41,24,3131,2nd St & Cedar Ave,0.0,0.0
2025-10-13,424,North,22170,17802.0,,18:30:56,18:30:56,25,1629,Second St & Ave A,0.0,0.0
2025-10-13,424,North,22170,17802.0,,18:31:34,18:31:34,26,1626,Second St & Ave C,0.0,0.0
2025-10-13,424,North,22170,17802.0,18:44:00,18:32:19,18:32:33,27,858,Ave D & Third St,0.0,1.0
2025-10-13,424,North,22170,17802.0,,18:33:24,18:33:36,28,859,Ave D & Fifth St,0.0,1.0
2025-10-13,424,North,22170,17802.0,,18:34:48,18:34:48,29,860,Ave D & 10th St,0.0,0.0
2025-10-13,424,North,22170,17802.0,,18:35:38,18:35:38,30,857,Ave D & 13th St,0.0,0.0
2025-10-13,424,North,22170,17802.0,,18:35:47,18:35:47,31,3127,Ave D & Ferguson Park Rd,0.0,0.0
2025-10-13,424,North,22170,17802.0,18:54:00,18:36:29,18:36:29,32,861,Snohomish Park & Ride Bay 2,0.0,0.0
2025-10-13,424,South,22171,17803.0,05:15:00,05:15:38,05:15:38,0,1349,Snohomish Park & Ride Bay 1,0.0,0.0
2025-10-13,424,South,22171,17803.0,,05:16:30,05:16:30,1,3128,Ave D & 14th St SE,0.0,0.0
2025-10-13,424,South,22171,17803.0,,05:17:04,05:17:04,2,1353,Ave D & 13th St,0.0,0.0
2025-10-13,424,South,22171,17803.0,,05:17:43,05:18:04,3,1351,Ave D & Bonneville Ave,1.0,0.0
2025-10-13,424,South,22171,17803.0,,05:19:08,05:19:08,4,1350,Ave D & Fifth St,0.0,0.0
2025-10-13,424,South,22171,17803.0,05:17:00,05:19:32,05:19:32,5,1352,Ave D & Third St,0.0,0.0
2025-10-13,424,South,22171,17803.0,,05:20:38,05:20:38,6,242,Second St & Ave C,0.0,0.0
2025-10-13,424,South,22171,17803.0,,05:21:01,05:21:22,7,241,Second St & Ave A,1.0,0.0
2025-10-13,424,South,22171,17803.0,,05:22:03,05:22:03,8,243,Second St & Maple Ave,0.0,0.0
2025-10-13,424,South,22171,17803.0,,05:22:25,05:22:25,9,244,Second St & Pine Ave,0.0,0.0
2025-10-13,424,South,22171,17803.0,,05:22:59,05:22:59,10,369,92nd St SE & 113th Dr SE,0.0,0.0
2025-10-13,424,South,22171,17803.0,,05:29:06,05:29:06,11,552,Hwy 2 & Fryelands Blvd SE,0.0,0.0
2025-10-13,424,South,22171,17803.0,05:27:00,05:30:27,05:31:19,12,1928,Monroe Park & Ride Bay 1,5.0,0.0
2025-10-13,424,South,22171,17803.0,,05:33:18,05:33:18,13,1073,179th Ave SE & 147th St SE,0.0,0.0
2025-10-13,424,South,22171,17803.0,,05:34:01,05:34:17,14,1070,179th Ave SE & Stanton St SE,1.0,0.0
2025-10-13,424,South,22171,17803.0,,05:35:37,05:35:37,15,2596,154th St SE & 175th Ave SE,0.0,0.0
2025-10-13,424,South,22171,17803.0,,05:36:14,05:36:14,16,2598,154th St SE & Mulberry Dr,0.0,0.0
2025-10-13,424,South,22171,17803.0,,05:36:47,05:37:04,17,3067,154th St SE & 168th Ave SE,1.0,0.0
2025-10-13,424,South,22171,17803.0,,05:38:30,05:38:30,18,2603,Fryelands Blvd & 156th St SE,0.0,0.0
2025-10-13,424,South,22171,17803.0,05:36:00,05:38:59,05:38:59,19,3065,Fryelands Blvd & 161st St SE,0.0,0.0
2025-10-13,424,South,22171,17803.0,05:49:00,05:53:40,05:53:40,21,2705,Hwy 522 & 132nd Ave NE Flyer Stop,0.0,0.0
2025-10-13,424,South,22171,17803.0,05:54:00,05:58:17,05:58:36,22,2851,Totem Lake Fwy Station,2.0,1.0
2025-10-13,424,South,22171,17803.0,06:07:00,06:08:01,06:08:16,24,1859,Evergreen Point Fwy Station,0.0,1.0
2025-10-13,424,South,22171,17803.0,06:18:00,06:16:51,06:17:16,25,1909,Stewart St & 9th Ave,0.0,3.0
2025-10-13,424,South,22171,17803.0,,06:18:13,06:18:46,26,1908,Stewart St & 7th Ave,0.0,2.0
2025-10-13,424,South,22171,17803.0,,06:19:56,06:20:14,27,1907,Stewart St & 4th Ave,0.0,1.0
2025-10-13,424,South,22171,17803.0,,06:21:48,06:21:48,28,1079,2nd Ave & Stewart St,0.0,0.0
2025-10-13,424,South,22171,17803.0,06:25:00,06:23:18,06:23:40,29,2909,2nd Ave & Seneca St,0.0,3.0
2025-10-13,424,South,22171,17803.0,,06:24:50,06:24:50,30,2631,2nd Ave & Cherry St,0.0,0.0
2025-10-13,424,South,22171,17803.0,06:31:00,06:25:27,06:25:27,31,2349,2nd Ave Ext S & Yesler Way,0.0,0.0
2025-10-13,424,South,22172,22801.0,06:30:00,,,0,1349,Snohomish Park & Ride Bay 1,,
2025-10-13,424,South,22172,22801.0,,06:31:05,06:31:05,1,3128,Ave D & 14th St SE,0.0,0.0
2025-10-13,424,South,22172,22801.0,,06:31:44,06:31:44,2,1353,Ave D & 13th St,0.0,0.0
2025-10-13,424,South,22172,22801.0,,06:32:33,06:33:02,3,1351,Ave D & Bonneville Ave,1.0,0.0
2025-10-13,424,South,22172,22801.0,,06:34:03,06:34:03,4,1350,Ave D & Fifth St,0.0,0.0
2025-10-13,424,South,22172,22801.0,06:32:00,06:34:33,06:34:33,5,1352,Ave D & Third St,0.0,0.0
2025-10-13,424,South,22172,22801.0,,06:35:23,06:35:23,6,242,Second St & Ave C,0.0,0.0
2025-10-13,424,South,22172,22801.0,,06:35:41,06:35:41,7,241,Second St & Ave A,0.0,0.0
2025-10-13,424,South,22172,22801.0,,06:36:42,06:36:42,8,243,Second St & Maple Ave,0.0,0.0
2025-10-13,424,South,22172,22801.0,,06:37:34,06:37:34,9,244,Second St & Pine Ave,0.0,0.0
2025-10-13,424,South,22172,22801.0,,06:38:15,06:38:15,10,369,92nd St SE & 113th Dr SE,0.0,0.0
2025-10-13,424,South,22172,22801.0,,06:46:12,06:46:12,11,552,Hwy 2 & Fryelands Blvd SE,0.0,0.0
2025-10-13,424,South,22172,22801.0,06:43:00,06:47:51,06:48:32,12,1928,Monroe Park & Ride Bay 1,6.0,0.0
2025-10-13,424,South,22172,22801.0,,06:51:41,06:51:59,13,1073,179th Ave SE & 147th St SE,1.0,0.0
2025-10-13,424,South,22172,22801.0,,06:52:39,06:52:39,14,1070,179th Ave SE & Stanton St SE,0.0,0.0
2025-10-13,424,South,22172,22801.0,,06:53:59,06:53:59,15,2596,154th St SE & 175th Ave SE,0.0,0.0
2025-10-13,424,South,22172,22801.0,,06:54:31,06:54:31,16,2598,154th St SE & Mulberry Dr,0.0,0.0
2025-10-13,424,South,22172,22801.0,,06:55:05,06:55:05,17,3067,154th St SE & 168th Ave SE,0.0,0.0
2025-10-13,424,South,22172,22801.0,,06:57:03,06:57:03,18,2603,Fryelands Blvd & 156th St SE,0.0,0.0
2025-10-13,424,South,22172,22801.0,06:52:00,06:57:39,06:58:06,19,3065,Fryelands Blvd & 161st St SE,2.0,0.0
2025-10-13,424,South,22172,22801.0,07:11:00,07:18:58,07:19:19,21,2705,Hwy 522 & 132nd Ave NE Flyer Stop,2.0,1.0
2025-10-13,424,South,22172,22801.0,07:19:00,07:28:14,07:28:48,22,2851,Totem Lake Fwy Station,6.0,3.0
2025-10-13,424,South,22172,22801.0,07:39:00,07:40:40,07:40:57,24,1859,Evergreen Point Fwy Station,1.0,2.0
2025-10-13,424,South,22172,22801.0,07:54:00,07:50:40,07:50:59,25,1909,Stewart St & 9th Ave,0.0,3.0
2025-10-13,424,South,22172,22801.0,,07:51:34,07:51:54,26,1908,Stewart St & 7th Ave,0.0,2.0
2025-10-13,424,South,22172,22801.0,,07:53:01,07:53:18,27,1907,Stewart St & 4th Ave,0.0,1.0
2025-10-13,424,South,22172,22801.0,,07:54:52,07:55:09,28,1079,2nd Ave & Stewart St,0.0,1.0
2025-10-13,424,South,22172,22801.0,08:05:00,07:57:34,07:57:52,29,2909,2nd Ave & Seneca St,0.0,4.0
2025-10-13,424,South,22172,22801.0,,07:59:29,07:59:29,30,2631,2nd Ave & Cherry St,0.0,0.0
2025-10-13,424,South,22172,22801.0,08:12:00,08:00:08,08:00:08,31,2349,2nd Ave Ext S & Yesler Way,0.0,2.0
2025-10-14,424,North,22169,16800.0,15:35:00,15:34:39,15:34:39,0,640,4th Ave S & S Jackson St,7.0,0.0
2025-10-14,424,North,22169,16800.0,,15:35:24,15:35:37,1,635,4th Ave S & S Washington St,0.0,0.0
2025-10-14,424,North,22169,16800.0,,15:36:58,15:37:40,2,2638,4th Ave & Cherry St,7.0,1.0
2025-10-14,424,North,22169,16800.0,,15:40:01,15:40:37,3,641,4th Ave & Seneca St,8.0,0.0
2025-10-14,424,North,22169,16800.0,15:40:00,15:41:45,15:42:20,4,2976,4th Ave & Pine St,2.0,0.0
2025-10-14,424,North,22169,16800.0,,15:43:34,15:44:34,5,473,Olive Way & 6th Ave,12.0,0.0
2025-10-14,424,North,22169,16800.0,15:45:00,15:46:30,15:46:48,6,476,Olive Way & Terry Ave,2.0,0.0
2025-10-14,424,North,22169,16800.0,15:53:00,15:56:00,15:56:27,7,497,Evergreen Point Fwy Station,2.0,3.0
2025-10-14,424,North,22169,16800.0,16:12:00,16:08:20,16:09:03,9,2850,Totem Lake Fwy Station,0.0,24.0
2025-10-14,424,North,22169,16800.0,16:20:00,16:20:04,16:20:35,10,2704,Hwy 522 & 132nd Ave NE Flyer Stop,2.0,4.0
2025-10-14,424,North,22169,16800.0,16:46:00,16:44:00,16:44:16,12,3064,Fryelands Blvd & 161st St SE,0.0,3.0
2025-10-14,424,North,22169,16800.0,,16:44:50,16:44:50,13,2602,Fryelands Blvd & 156th St SE,0.0,0.0
2025-10-14,424,North,22169,16800.0,,16:46:00,16:46:00,14,3066,154th St SE & 168th Ave SE,0.0,0.0
2025-10-14,424,North,22169,16800.0,,16:46:32,16:46:45,15,2599,154th St SE & Mulberry Dr,0.0,1.0
2025-10-14,424,North,22169,16800.0,,16:47:21,16:47:21,16,2597,154th St SE & Lin Ave SE,0.0,0.0
2025-10-14,424,North,22169,16800.0,,16:48:41,16:49:00,17,589,179th Ave SE & Stanton St,1.0,2.0
2025-10-14,424,North,22169,16800.0,,16:49:55,16:49:55,18,585,179th Ave SE & 147th St SE,0.0,0.0
2025-10-14,424,North,22169,16800.0,,16:52:24,16:53:24,19,1915,Hwy 2 & 179th Ave SE,1.0,1.0
2025-10-14,424,North,22169,16800.0,16:55:00,16:54:10,16:54:59,20,1928,Monroe Park & Ride Bay 1,0.0,3.0
2025-10-14,424,North,22169,16800.0,,16:58:43,16:58:43,21,1922,Hwy 2 & Roosevelt Rd (East),0.0,0.0
2025-10-14,424,North,22169,16800.0,,17:04:44,17:04:56,22,1740,92nd St SE & 113th Dr SE,0.0,0.0
2025-10-14,424,North,22169,16800.0,,17:05:59,17:06:18,23,1628,Second St & Pine Ave,0.0,1.0
2025-10-14,424,North,22169,16800.0,,17:06:52,17:06:52,24,3131,2nd St & Cedar Ave,0.0,0.0
2025-10-14,424,North,22169,16800.0,,17:07:27,17:07:27,25,1629,Second St & Ave A,0.0,0.0
2025-10-14,424,North,22169,16800.0,,17:08:43,17:08:43,26,1626,Second St & Ave C,0.0,0.0
2025-10-14,424,North,22169,16800.0,17:10:00,17:09:15,17:09:15,27,858,Ave D & Third St,0.0,0.0
2025-10-14,424,North,22169,16800.0,,17:10:05,17:10:05,28,859,Ave D & Fifth St,0.0,0.0
2025-10-14,424,North,22169,16800.0,,17:12:24,17:12:38,29,860,Ave D & 10th St,0.0,1.0
2025-10-14,424,North,22169,16800.0,,17:14:27,17:14:41,30,857,Ave D & 13th St,0.0,0.0
2025-10-14,424,North,22169,16800.0,,17:15:25,17:15:25,31,3127,Ave D & Ferguson Park Rd,0.0,0.0
2025-10-14,424,North,22169,16800.0,17:19:00,17:16:08,17:16:08,32,861,Snohomish Park & Ride Bay 2,0.0,0.0
2025-10-14,424,North,22170,17812.0,17:10:00,17:14:51,17:14:51,0,640,4th Ave S & S Jackson St,5.0,0.0
2025-10-14,424,North,22170,17812.0,,17:15:33,17:15:33,1,635,4th Ave S & S Washington St,0.0,0.0
2025-10-14,424,North,22170,17812.0,,17:17:19,17:17:54,2,2638,4th Ave & Cherry St,6.0,0.0
2025-10-14,424,North,22170,17812.0,,17:19:32,17:20:46,3,641,4th Ave & Seneca St,5.0,1.0
2025-10-14,424,North,22170,17812.0,17:16:00,17:21:48,17:22:16,4,2976,4th Ave & Pine St,4.0,0.0
2025-10-14,424,North,22170,17812.0,,17:24:07,17:25:06,5,473,Olive Way & 6th Ave,6.0,0.0
2025-10-14,424,North,22170,17812.0,17:21:00,17:27:05,17:28:07,6,476,Olive Way & Terry Ave,4.0,0.0
2025-10-14,424,North,22170,17812.0,17:31:00,17:37:36,17:38:08,7,497,Evergreen Point Fwy Station,2.0,0.0
2025-10-14,424,North,22170,17812.0,17:53:00,17:52:28,17:53:10,9,2850,Totem Lake Fwy Station,3.0,19.0
2025-10-14,424,North,22170,17812.0,18:00:00,18:00:05,18:01:31,10,2704,Hwy 522 & 132nd Ave NE Flyer Stop,0.0,4.0
2025-10-14,424,North,22170,17812.0,18:20:00,18:19:58,18:19:58,12,3064,Fryelands Blvd & 161st St SE,0.0,0.0
2025-10-14,424,North,22170,17812.0,,18:20:30,18:20:43,13,2602,Fryelands Blvd & 156th St SE,0.0,2.0
2025-10-14,424,North,22170,17812.0,,18:22:08,18:22:08,14,3066,154th St SE & 168th Ave SE,0.0,0.0
2025-10-14,424,North,22170,17812.0,,18:22:43,18:22:43,15,2599,154th St SE & Mulberry Dr,0.0,0.0
2025-10-14,424,North,22170,17812.0,,18:23:13,18:23:13,16,2597,154th St SE & Lin Ave SE,0.0,0.0
2025-10-14,424,North,22170,17812.0,,18:24:26,18:24:47,17,589,179th Ave SE & Stanton St,0.0,3.0
2025-10-14,424,North,22170,17812.0,,18:25:53,18:25:53,18,585,179th Ave SE & 147th St SE,0.0,1.0
2025-10-14,424,North,22170,17812.0,,18:28:04,18:28:04,19,1915,Hwy 2 & 179th Ave SE,0.0,0.0
2025-10-14,424,North,22170,17812.0,18:30:00,18:28:47,18:29:19,20,1928,Monroe Park & Ride Bay 1,0.0,4.0
2025-10-14,424,North,22170,17812.0,,18:32:08,18:32:08,21,1922,Hwy 2 & Roosevelt Rd (East),0.0,0.0
2025-10-14,424,North,22170,17812.0,,18:38:22,18:38:22,22,1740,92nd St SE & 113th Dr SE,0.0,0.0
2025-10-14,424,North,22170,17812.0,,18:38:59,18:38:59,23,1628,Second St & Pine Ave,0.0,0.0
2025-10-14,424,North,22170,17812.0,,18:39:39,18:39:39,24,3131,2nd St & Cedar Ave,0.0,0.0
2025-10-14,424,North,22170,17812.0,,18:39:53,18:39:53,25,1629,Second St & Ave A,0.0,0.0
2025-10-14,424,North,22170,17812.0,,18:40:41,18:40:41,26,1626,Second St & Ave C,0.0,0.0
2025-10-14,424,North,22170,17812.0,18:44:00,18:41:12,18:41:12,27,858,Ave D & Third St,0.0,0.0
2025-10-14,424,North,22170,17812.0,,18:41:55,18:42:11,28,859,Ave D & Fifth St,0.0,1.0
2025-10-14,424,North,22170,17812.0,,18:43:18,18:43:18,29,860,Ave D & 10th St,0.0,0.0
2025-10-14,424,North,22170,17812.0,,18:46:53,18:46:53,30,857,Ave D & 13th St,0.0,0.0
2025-10-14,424,North,22170,17812.0,,18:47:06,18:47:06,31,3127,Ave D & Ferguson Park Rd,0.0,0.0
2025-10-14,424,North,22170,17812.0,18:54:00,18:47:52,18:47:52,32,861,Snohomish Park & Ride Bay 2,0.0,0.0
2025-10-14,424,South,22171,17803.0,05:15:00,05:15:08,05:15:08,0,1349,Snohomish Park & Ride Bay 1,0.0,0.0
2025-10-14,424,South,22171,17803.0,,05:15:57,05:15:57,1,3128,Ave D & 14th St SE,0.0,0.0
2025-10-14,424,South,22171,17803.0,,05:16:31,05:16:31,2,1353,Ave D & 13th St,0.0,0.0
2025-10-14,424,South,22171,17803.0,,05:17:15,05:17:40,3,1351,Ave D & Bonneville Ave,1.0,0.0
2025-10-14,424,South,22171,17803.0,,05:18:41,05:18:41,4,1350,Ave D & Fifth St,0.0,0.0
2025-10-14,424,South,22171,17803.0,05:17:00,05:19:06,05:19:06,5,1352,Ave D & Third St,0.0,0.0
2025-10-14,424,South,22171,17803.0,,05:19:52,05:19:52,6,242,Second St & Ave C,0.0,0.0
2025-10-14,424,South,22171,17803.0,,05:20:12,05:20:12,7,241,Second St & Ave A,0.0,0.0
2025-10-14,424,South,22171,17803.0,,05:20:50,05:20:50,8,243,Second St & Maple Ave,0.0,0.0
2025-10-14,424,South,22171,17803.0,,05:21:21,05:22:53,9,244,Second St & Pine Ave,2.0,0.0
2025-10-14,424,South,22171,17803.0,,05:23:30,05:23:30,10,369,92nd St SE & 113th Dr SE,0.0,0.0
2025-10-14,424,South,22171,17803.0,,05:29:53,05:29:53,11,552,Hwy 2 & Fryelands Blvd SE,0.0,0.0
2025-10-14,424,South,22171,17803.0,05:27:00,05:31:09,05:31:48,12,1928,Monroe Park & Ride Bay 1,5.0,0.0
2025-10-14,424,South,22171,17803.0,,05:33:34,05:33:34,13,1073,179th Ave SE & 147th St SE,0.0,0.0
2025-10-14,424,South,22171,17803.0,,05:34:12,05:34:33,14,1070,179th Ave SE & Stanton St SE,2.0,0.0
2025-10-14,424,South,22171,17803.0,,05:35:49,05:36:43,15,2596,154th St SE & 175th Ave SE,0.0,2.0
2025-10-14,424,South,22171,17803.0,,05:37:27,05:37:50,16,2598,154th St SE & Mulberry Dr,1.0,0.0
2025-10-14,424,South,22171,17803.0,,05:38:33,05:38:58,17,3067,154th St SE & 168th Ave SE,1.0,0.0
2025-10-14,424,South,22171,17803.0,,05:41:03,05:41:03,18,2603,Fryelands Blvd & 156th St SE,0.0,0.0
2025-10-14,424,South,22171,17803.0,05:36:00,05:41:33,05:41:33,19,3065,Fryelands Blvd & 161st St SE,0.0,0.0
2025-10-14,424,South,22171,17803.0,05:49:00,05:57:53,05:57:53,21,2705,Hwy 522 & 132nd Ave NE Flyer Stop,0.0,0.0
2025-10-14,424,South,22171,17803.0,05:54:00,06:02:24,06:02:47,22,2851,Totem Lake Fwy Station,4.0,0.0
2025-10-14,424,South,22171,17803.0,06:07:00,06:12:38,06:12:50,24,1859,Evergreen Point Fwy Station,0.0,1.0
2025-10-14,424,South,22171,17803.0,06:18:00,06:21:02,06:21:42,25,1909,Stewart St & 9th Ave,0.0,3.0
2025-10-14,424,South,22171,17803.0,,06:22:36,06:22:56,26,1908,Stewart St & 7th Ave,0.0,4.0
2025-10-14,424,South,22171,17803.0,,06:24:23,06:24:38,27,1907,Stewart St & 4th Ave,0.0,1.0
2025-10-14,424,South,22171,17803.0,,06:26:38,06:26:38,28,1079,2nd Ave & Stewart St,0.0,0.0
2025-10-14,424,South,22171,17803.0,06:25:00,06:27:49,06:28:35,29,2909,2nd Ave & Seneca St,0.0,4.0
2025-10-14,424,South,22171,17803.0,,06:29:26,06:29:49,30,2631,2nd Ave & Cherry St,0.0,1.0
2025-10-14,424,South,22171,17803.0,06:31:00,06:30:29,06:30:29,31,2349,2nd Ave Ext S & Yesler Way,0.0,0.0
2025-10-14,424,South,22172,21808.0,06:30:00,06:30:04,06:30:04,0,1349,Snohomish Park & Ride Bay 1,1.0,0.0
2025-10-14,424,South,22172,21808.0,,06:30:47,06:30:47,1,3128,Ave D & 14th St SE,0.0,0.0
2025-10-14,424,South,22172,21808.0,,06:31:33,06:31:33,2,1353,Ave D & 13th St,0.0,0.0
2025-10-14,424,South,22172,21808.0,,06:32:17,06:32:37,3,1351,Ave D & Bonneville Ave,1.0,0.0
2025-10-14,424,South,22172,21808.0,,06:33:38,06:33:38,4,1350,Ave D & Fifth St,0.0,0.0
2025-10-14,424,South,22172,21808.0,06:32:00,06:34:05,06:34:05,5,1352,Ave D & Third St,0.0,0.0
2025-10-14,424,South,22172,21808.0,,06:34:40,06:34:40,6,242,Second St & Ave C,0.0,0.0
2025-10-14,424,South,22172,21808.0,,06:34:57,06:34:57,7,241,Second St & Ave A,0.0,0.0
2025-10-14,424,South,22172,21808.0,,06:35:30,06:35:30,8,243,Second St & Maple Ave,0.0,0.0
2025-10-14,424,South,22172,21808.0,,06:36:07,06:36:07,9,244,Second St & Pine Ave,0.0,0.0
2025-10-14,424,South,22172,21808.0,,06:36:41,06:36:41,10,369,92nd St SE & 113th Dr SE,0.0,0.0
2025-10-14,424,South,22172,21808.0,,06:43:14,06:43:14,11,552,Hwy 2 & Fryelands Blvd SE,0.0,0.0
2025-10-14,424,South,22172,21808.0,06:43:00,06:44:35,06:45:35,12,1928,Monroe Park & Ride Bay 1,7.0,0.0
2025-10-14,424,South,22172,21808.0,,06:48:28,06:48:44,13,1073,179th Ave SE & 147th St SE,1.0,0.0
2025-10-14,424,South,22172,21808.0,,06:49:30,06:49:30,14,1070,179th Ave SE & Stanton St SE,0.0,0.0
2025-10-14,424,South,22172,21808.0,,06:50:45,06:50:45,15,2596,154th St SE & 175th Ave SE,0.0,0.0
2025-10-14,424,South,22172,21808.0,,06:51:20,06:51:20,16,2598,154th St SE & Mulberry Dr,0.0,0.0
2025-10-14,424,South,22172,21808.0,,06:51:56,06:51:56,17,3067,154th St SE & 168th Ave SE,0.0,0.0
2025-10-14,424,South,22172,21808.0,,06:53:18,06:53:36,18,2603,Fryelands Blvd & 156th St SE,1.0,0.0
2025-10-14,424,South,22172,21808.0,06:52:00,06:54:18,06:54:51,19,3065,Fryelands Blvd & 161st St SE,4.0,0.0
2025-10-14,424,South,22172,21808.0,07:11:00,07:22:56,07:23:15,21,2705,Hwy 522 & 132nd Ave NE Flyer Stop,1.0,1.0
2025-10-14,424,South,22172,21808.0,07:19:00,07:33:53,07:34:38,22,2851,Totem Lake Fwy Station,15.0,4.0
2025-10-14,424,South,22172,21808.0,07:39:00,07:46:16,07:46:32,24,1859,Evergreen Point Fwy Station,1.0,2.0
2025-10-14,424,South,22172,21808.0,07:54:00,07:55:51,07:56:13,25,1909,Stewart St & 9th Ave,0.0,2.0
2025-10-14,424,South,22172,21808.0,,07:57:20,07:57:40,26,1908,Stewart St & 7th Ave,0.0,5.0
2025-10-14,424,South,22172,21808.0,,07:58:52,07:59:09,27,1907,Stewart St & 4th Ave,0.0,6.0
2025-10-14,424,South,22172,21808.0,,08:00:47,08:01:07,28,1079,2nd Ave & Stewart St,0.0,3.0
2025-10-14,424,South,22172,21808.0,08:05:00,08:03:25,08:03:46,29,2909,2nd Ave & Seneca St,0.0,7.0
2025-10-14,424,South,22172,21808.0,,08:04:27,08:04:39,30,2631,2nd Ave & Cherry St,0.0,2.0
2025-10-14,424,South,22172,21808.0,08:12:00,08:06:15,08:06:15,31,2349,2nd Ave Ext S & Yesler Way,0.0,0.0
2025-10-15,424,North,22169,19802.0,15:35:00,15:36:11,15:36:11,0,640,4th Ave S & S Jackson St,7.0,0.0
2025-10-15,424,North,22169,19802.0,,15:37:07,15:37:07,1,635,4th Ave S & S Washington St,0.0,0.0
2025-10-15,424,North,22169,19802.0,,15:39:43,15:40:18,2,2638,4th Ave & Cherry St,3.0,0.0
2025-10-15,424,North,22169,19802.0,,15:42:14,15:42:39,3,641,4th Ave & Seneca St,5.0,0.0
2025-10-15,424,North,22169,19802.0,15:40:00,15:44:56,15:45:05,4,2976,4th Ave & Pine St,0.0,0.0
2025-10-15,424,North,22169,19802.0,,15:47:23,15:48:32,5,473,Olive Way & 6th Ave,11.0,0.0
2025-10-15,424,North,22169,19802.0,15:45:00,15:50:37,15:51:04,6,476,Olive Way & Terry Ave,5.0,0.0
2025-10-15,424,North,22169,19802.0,15:53:00,15:59:51,16:00:25,7,497,Evergreen Point Fwy Station,3.0,1.0
2025-10-15,424,North,22169,19802.0,16:12:00,16:20:30,16:21:03,9,2850,Totem Lake Fwy Station,0.0,21.0
2025-10-15,424,North,22169,19802.0,16:20:00,16:33:50,16:35:15,10,2704,Hwy 522 & 132nd Ave NE Flyer Stop,1.0,3.0
2025-10-15,424,North,22169,19802.0,16:46:00,17:03:24,17:03:47,12,3064,Fryelands Blvd & 161st St SE,0.0,3.0
2025-10-15,424,North,22169,19802.0,,17:04:27,17:04:27,13,2602,Fryelands Blvd & 156th St SE,0.0,0.0
2025-10-15,424,North,22169,19802.0,,17:05:54,17:05:54,14,3066,154th St SE & 168th Ave SE,0.0,0.0
2025-10-15,424,North,22169,19802.0,,17:06:30,17:06:41,15,2599,154th St SE & Mulberry Dr,0.0,2.0
2025-10-15,424,North,22169,19802.0,,17:07:19,17:07:19,16,2597,154th St SE & Lin Ave SE,0.0,0.0
2025-10-15,424,North,22169,19802.0,,17:08:44,17:08:54,17,589,179th Ave SE & Stanton St,0.0,1.0
2025-10-15,424,North,22169,19802.0,,17:09:53,17:09:53,18,585,179th Ave SE & 147th St SE,0.0,0.0
2025-10-15,424,North,22169,19802.0,,17:12:48,17:13:01,19,1915,Hwy 2 & 179th Ave SE,0.0,1.0
2025-10-15,424,North,22169,19802.0,16:55:00,17:14:01,17:14:48,20,1928,Monroe Park & Ride Bay 1,0.0,3.0
2025-10-15,424,North,22169,19802.0,,17:19:30,17:19:30,21,1922,Hwy 2 & Roosevelt Rd (East),0.0,0.0
2025-10-15,424,North,22169,19802.0,,17:25:46,17:25:46,22,1740,92nd St SE & 113th Dr SE,0.0,0.0
2025-10-15,424,North,22169,19802.0,,17:27:22,17:27:22,23,1628,Second St & Pine Ave,0.0,0.0
2025-10-15,424,North,22169,19802.0,,17:28:11,17:28:11,24,3131,2nd St & Cedar Ave,0.0,0.0
2025-10-15,424,North,22169,19802.0,,17:28:26,17:28:26,25,1629,Second St & Ave A,0.0,0.0
2025-10-15,424,North,22169,19802.0,,17:28:57,17:28:57,26,1626,Second St & Ave C,0.0,0.0
2025-10-15,424,North,22169,19802.0,17:10:00,17:29:32,17:29:32,27,858,Ave D & Third St,0.0,0.0
2025-10-15,424,North,22169,19802.0,,17:30:09,17:30:09,28,859,Ave D & Fifth St,0.0,0.0
2025-10-15,424,North,22169,19802.0,,17:31:10,17:31:10,29,860,Ave D & 10th St,0.0,0.0
2025-10-15,424,North,22169,19802.0,,17:32:22,17:32:22,30,857,Ave D & 13th St,0.0,0.0
2025-10-15,424,North,22169,19802.0,,17:32:33,17:32:33,31,3127,Ave D & Ferguson Park Rd,0.0,0.0
2025-10-15,424,North,22169,19802.0,17:19:00,17:33:09,17:33:09,32,861,Snohomish Park & Ride Bay 2,0.0,0.0
2025-10-15,424,North,22170,19808.0,17:10:00,17:14:57,17:14:57,0,640,4th Ave S & S Jackson St,6.0,0.0
2025-10-15,424,North,22170,19808.0,,17:15:22,17:15:22,1,635,4th Ave S & S Washington St,0.0,0.0
2025-10-15,424,North,22170,19808.0,,17:16:16,17:16:43,2,2638,4th Ave & Cherry St,3.0,0.0
2025-10-15,424,North,22170,19808.0,,17:21:12,17:22:16,3,641,4th Ave & Seneca St,7.0,1.0
2025-10-15,424,North,22170,19808.0,17:16:00,17:23:45,17:24:25,4,2976,4th Ave & Pine St,7.0,0.0
2025-10-15,424,North,22170,19808.0,,17:25:20,17:26:34,5,473,Olive Way & 6th Ave,9.0,0.0
2025-10-15,424,North,22170,19808.0,17:21:00,17:29:31,17:30:21,6,476,Olive Way & Terry Ave,8.0,0.0
2025-10-15,424,North,22170,19808.0,17:31:00,17:39:27,17:39:59,7,497,Evergreen Point Fwy Station,2.0,8.0
2025-10-15,424,North,22170,19808.0,17:53:00,17:54:26,17:55:14,9,2850,Totem Lake Fwy Station,2.0,19.0
2025-10-15,424,North,22170,19808.0,18:00:00,18:00:49,18:01:33,10,2704,Hwy 522 & 132nd Ave NE Flyer Stop,0.0,4.0
2025-10-15,424,North,22170,19808.0,18:20:00,18:18:53,18:19:06,12,3064,Fryelands Blvd & 161st St SE,0.0,2.0
2025-10-15,424,North,22170,19808.0,,18:19:48,18:20:04,13,2602,Fryelands Blvd & 156th St SE,0.0,1.0
2025-10-15,424,North,22170,19808.0,,18:21:28,18:21:44,14,3066,154th St SE & 168th Ave SE,0.0,1.0
2025-10-15,424,North,22170,19808.0,,18:22:24,18:22:24,15,2599,154th St SE & Mulberry Dr,0.0,0.0
2025-10-15,424,North,22170,19808.0,,18:22:59,18:22:59,16,2597,154th St SE & Lin Ave SE,0.0,0.0
2025-10-15,424,North,22170,19808.0,,18:24:08,18:24:24,17,589,179th Ave SE & Stanton St,0.0,1.0
2025-10-15,424,North,22170,19808.0,,18:25:07,18:25:07,18,585,179th Ave SE & 147th St SE,0.0,0.0
2025-10-15,424,North,22170,19808.0,,18:26:07,18:26:21,19,1915,Hwy 2 & 179th Ave SE,0.0,1.0
2025-10-15,424,North,22170,19808.0,18:30:00,18:27:08,18:27:40,20,1928,Monroe Park & Ride Bay 1,0.0,6.0
2025-10-15,424,North,22170,19808.0,,18:29:53,18:31:13,21,1922,Hwy 2 & Roosevelt Rd (East),1.0,0.0
2025-10-15,424,North,22170,19808.0,,18:37:25,18:37:25,22,1740,92nd St SE & 113th Dr SE,0.0,0.0
2025-10-15,424,North,22170,19808.0,,18:38:25,18:38:25,23,1628,Second St & Pine Ave,0.0,0.0
2025-10-15,424,North,22170,19808.0,,18:39:32,18:39:32,24,3131,2nd St & Cedar Ave,0.0,0.0
2025-10-15,424,North,22170,19808.0,,18:39:45,18:39:45,25,1629,Second St & Ave A,0.0,0.0
2025-10-15,424,North,22170,19808.0,,18:40:14,18:40:14,26,1626,Second St & Ave C,0.0,0.0
2025-10-15,424,North,22170,19808.0,18:44:00,18:40:51,18:40:51,27,858,Ave D & Third St,0.0,0.0
2025-10-15,424,North,22170,19808.0,,18:41:32,18:42:06,28,859,Ave D & Fifth St,0.0,1.0
2025-10-15,424,North,22170,19808.0,,18:43:49,18:43:49,29,860,Ave D & 10th St,0.0,0.0
2025-10-15,424,North,22170,19808.0,,18:44:39,18:44:39,30,857,Ave D & 13th St,0.0,0.0
2025-10-15,424,North,22170,19808.0,,18:44:52,18:44:52,31,3127,Ave D & Ferguson Park Rd,0.0,0.0
2025-10-15,424,North,22170,19808.0,18:54:00,18:45:35,18:45:35,32,861,Snohomish Park & Ride Bay 2,0.0,0.0
2025-10-15,424,South,22171,19807.0,05:15:00,05:15:13,05:15:13,0,1349,Snohomish Park & Ride Bay 1,0.0,0.0
2025-10-15,424,South,22171,19807.0,,05:16:01,05:16:01,1,3128,Ave D & 14th St SE,0.0,0.0
2025-10-15,424,South,22171,19807.0,,05:16:32,05:16:32,2,1353,Ave D & 13th St,0.0,0.0
2025-10-15,424,South,22171,19807.0,,05:17:10,05:17:31,3,1351,Ave D & Bonneville Ave,2.0,0.0
2025-10-15,424,South,22171,19807.0,,05:18:27,05:18:27,4,1350,Ave D & Fifth St,0.0,0.0
2025-10-15,424,South,22171,19807.0,05:17:00,05:18:52,05:18:52,5,1352,Ave D & Third St,0.0,0.0
2025-10-15,424,South,22171,19807.0,,05:19:46,05:19:46,6,242,Second St & Ave C,0.0,0.0
2025-10-15,424,South,22171,19807.0,,05:20:04,05:20:04,7,241,Second St & Ave A,0.0,0.0
2025-10-15,424,South,22171,19807.0,,05:21:12,05:21:12,8,243,Second St & Maple Ave,0.0,0.0
2025-10-15,424,South,22171,19807.0,,05:21:48,05:21:48,9,244,Second St & Pine Ave,0.0,0.0
2025-10-15,424,South,22171,19807.0,,05:22:23,05:22:23,10,369,92nd St SE & 113th Dr SE,0.0,0.0
2025-10-15,424,South,22171,19807.0,,05:28:13,05:28:13,11,552,Hwy 2 & Fryelands Blvd SE,0.0,0.0
2025-10-15,424,South,22171,19807.0,05:27:00,05:29:35,05:30:16,12,1928,Monroe Park & Ride Bay 1,7.0,0.0
2025-10-15,424,South,22171,19807.0,,05:32:11,05:32:11,13,1073,179th Ave SE & 147th St SE,0.0,0.0
2025-10-15,424,South,22171,19807.0,,05:32:56,05:33:17,14,1070,179th Ave SE & Stanton St SE,2.0,0.0
2025-10-15,424,South,22171,19807.0,,05:34:34,05:34:34,15,2596,154th St SE & 175th Ave SE,0.0,0.0
2025-10-15,424,South,22171,19807.0,,05:35:11,05:35:32,16,2598,154th St SE & Mulberry Dr,1.0,0.0
2025-10-15,424,South,22171,19807.0,,05:36:17,05:36:45,17,3067,154th St SE & 168th Ave SE,1.0,0.0
2025-10-15,424,South,22171,19807.0,,05:38:03,05:38:03,18,2603,Fryelands Blvd & 156th St SE,0.0,0.0
2025-10-15,424,South,22171,19807.0,05:36:00,05:38:36,05:39:10,19,3065,Fryelands Blvd & 161st St SE,1.0,0.0
2025-10-15,424,South,22171,19807.0,05:49:00,05:53:47,05:53:47,21,2705,Hwy 522 & 132nd Ave NE Flyer Stop,0.0,0.0
2025-10-15,424,South,22171,19807.0,05:54:00,05:58:25,05:59:00,22,2851,Totem Lake Fwy Station,4.0,2.0
2025-10-15,424,South,22171,19807.0,06:07:00,06:08:22,06:09:01,24,1859,Evergreen Point Fwy Station,3.0,1.0
2025-10-15,424,South,22171,19807.0,06:18:00,06:17:26,06:17:48,25,1909,Stewart St & 9th Ave,0.0,3.0
2025-10-15,424,South,22171,19807.0,,06:18:17,06:18:33,26,1908,Stewart St & 7th Ave,0.0,5.0
2025-10-15,424,South,22171,19807.0,,06:19:49,06:20:01,27,1907,Stewart St & 4th Ave,0.0,2.0
2025-10-15,424,South,22171,19807.0,,06:21:48,06:22:01,28,1079,2nd Ave & Stewart St,0.0,1.0
2025-10-15,424,South,22171,19807.0,06:25:00,06:23:17,06:23:36,29,2909,2nd Ave & Seneca St,0.0,6.0
2025-10-15,424,South,22171,19807.0,,06:24:54,06:25:09,30,2631,2nd Ave & Cherry St,0.0,1.0
2025-10-15,424,South,22171,19807.0,06:31:00,06:26:28,06:26:28,31,2349,2nd Ave Ext S & Yesler Way,0.0,0.0
2025-10-15,424,South,22172,21814.0,06:30:00,06:31:29,06:31:29,0,1349,Snohomish Park & Ride Bay 1,1.0,0.0
2025-10-15,424,South,22172,21814.0,,06:32:34,06:32:34,1,3128,Ave D & 14th St SE,1.0,1.0
2025-10-15,424,South,22172,21814.0,,06:33:05,06:33:05,2,1353,Ave D & 13th St,0.0,0.0
2025-10-15,424,South,22172,21814.0,,06:33:44,06:34:36,3,1351,Ave D & Bonneville Ave,1.0,0.0
2025-10-15,424,South,22172,21814.0,,06:35:37,06:35:37,4,1350,Ave D & Fifth St,0.0,0.0
2025-10-15,424,South,22172,21814.0,06:32:00,06:36:02,06:36:02,5,1352,Ave D & Third St,0.0,0.0
2025-10-15,424,South,22172,21814.0,,06:36:42,06:36:42,6,242,Second St & Ave C,0.0,0.0
2025-10-15,424,South,22172,21814.0,,06:37:02,06:37:02,7,241,Second St & Ave A,0.0,0.0
2025-10-15,424,South,22172,21814.0,,06:38:10,06:38:10,8,243,Second St & Maple Ave,0.0,0.0
2025-10-15,424,South,22172,21814.0,,06:39:04,06:39:04,9,244,Second St & Pine Ave,0.0,0.0
2025-10-15,424,South,22172,21814.0,,06:39:34,06:39:34,10,369,92nd St SE & 113th Dr SE,0.0,0.0
2025-10-15,424,South,22172,21814.0,,06:46:00,06:46:00,11,552,Hwy 2 & Fryelands Blvd SE,0.0,0.0
2025-10-15,424,South,22172,21814.0,06:43:00,06:48:23,06:48:57,12,1928,Monroe Park & Ride Bay 1,4.0,0.0
2025-10-15,424,South,22172,21814.0,,06:51:16,06:51:16,13,1073,179th Ave SE & 147th St SE,0.0,0.0
2025-10-15,424,South,22172,21814.0,,06:52:02,06:52:24,14,1070,179th Ave SE & Stanton St SE,1.0,0.0
2025-10-15,424,South,22172,21814.0,,06:53:35,06:53:35,15,2596,154th St SE & 175th Ave SE,0.0,0.0
2025-10-15,424,South,22172,21814.0,,06:54:14,06:54:14,16,2598,154th St SE & Mulberry Dr,0.0,0.0
2025-10-15,424,South,22172,21814.0,,06:54:59,06:54:59,17,3067,154th St SE & 168th Ave SE,0.0,0.0
2025-10-15,424,South,22172,21814.0,,06:56:24,06:57:07,18,2603,Fryelands Blvd & 156th St SE,1.0,0.0
2025-10-15,424,South,22172,21814.0,06:52:00,06:57:46,06:58:11,19,3065,Fryelands Blvd & 161st St SE,1.0,0.0
2025-10-15,424,South,22172,21814.0,07:11:00,07:26:57,07:27:11,21,2705,Hwy 522 & 132nd Ave NE Flyer Stop,1.0,1.0
2025-10-15,424,South,22172,21814.0,07:19:00,07:37:26,07:37:58,22,2851,Totem Lake Fwy Station,7.0,3.0
2025-10-15,424,South,22172,21814.0,07:39:00,07:48:59,07:49:21,24,1859,Evergreen Point Fwy Station,1.0,2.0
2025-10-15,424,South,22172,21814.0,07:54:00,08:00:09,08:00:28,25,1909,Stewart St & 9th Ave,0.0,1.0
2025-10-15,424,South,22172,21814.0,,08:01:38,08:02:02,26,1908,Stewart St & 7th Ave,0.0,1.0
2025-10-15,424,South,22172,21814.0,,08:03:19,08:03:39,27,1907,Stewart St & 4th Ave,0.0,2.0
2025-10-15,424,South,22172,21814.0,,08:05:19,08:05:41,28,1079,2nd Ave & Stewart St,0.0,3.0
2025-10-15,424,South,22172,21814.0,08:05:00,08:07:58,08:08:13,29,2909,2nd Ave & Seneca St,0.0,1.0
2025-10-15,424,South,22172,21814.0,,08:09:56,08:10:12,30,2631,2nd Ave & Cherry St,0.0,2.0
2025-10-15,424,South,22172,21814.0,08:12:00,08:11:20,08:11:20,31,2349,2nd Ave Ext S & Yesler Way,0.0,2.0
2025-10-16,424,North,22169,16800.0,15:35:00,15:35:18,15:35:18,0,640,4th Ave S & S Jackson St,8.0,0.0
2025-10-16,424,North,22169,16800.0,,15:36:20,15:36:20,1,635,4th Ave S & S Washington St,0.0,0.0
2025-10-16,424,North,22169,16800.0,,15:37:37,15:38:10,2,2638,4th Ave & Cherry St,3.0,0.0
2025-10-16,424,North,22169,16800.0,,15:41:44,15:42:03,3,641,4th Ave & Seneca St,3.0,0.0
2025-10-16,424,North,22169,16800.0,15:40:00,15:43:20,15:43:47,4,2976,4th Ave & Pine St,3.0,0.0
2025-10-16,424,North,22169,16800.0,,15:45:11,15:46:00,5,473,Olive Way & 6th Ave,8.0,0.0
2025-10-16,424,North,22169,16800.0,15:45:00,15:47:48,15:48:29,6,476,Olive Way & Terry Ave,4.0,0.0
2025-10-16,424,North,22169,16800.0,15:53:00,15:57:30,15:58:03,7,497,Evergreen Point Fwy Station,2.0,2.0
2025-10-16,424,North,22169,16800.0,16:12:00,16:12:32,16:13:05,9,2850,Totem Lake Fwy Station,0.0,13.0
2025-10-16,424,North,22169,16800.0,16:20:00,16:20:36,16:21:18,10,2704,Hwy 522 & 132nd Ave NE Flyer Stop,1.0,5.0
2025-10-16,424,North,22169,16800.0,16:46:00,16:46:18,16:46:40,12,3064,Fryelands Blvd & 161st St SE,0.0,5.0
2025-10-16,424,North,22169,16800.0,,16:47:24,16:47:41,13,2602,Fryelands Blvd & 156th St SE,0.0,1.0
2025-10-16,424,North,22169,16800.0,,16:49:04,16:49:04,14,3066,154th St SE & 168th Ave SE,0.0,0.0
2025-10-16,424,North,22169,16800.0,,16:49:43,16:49:55,15,2599,154th St SE & Mulberry Dr,0.0,1.0
2025-10-16,424,North,22169,16800.0,,16:50:30,16:50:30,16,2597,154th St SE & Lin Ave SE,0.0,0.0
2025-10-16,424,North,22169,16800.0,,16:51:50,16:51:50,17,589,179th Ave SE & Stanton St,0.0,0.0
2025-10-16,424,North,22169,16800.0,,16:53:52,16:53:52,18,585,179th Ave SE & 147th St SE,0.0,0.0
2025-10-16,424,North,22169,16800.0,,16:54:43,16:56:02,19,1915,Hwy 2 & 179th Ave SE,0.0,2.0
2025-10-16,424,North,22169,16800.0,16:55:00,16:56:53,16:57:14,20,1928,Monroe Park & Ride Bay 1,0.0,3.0
2025-10-16,424,North,22169,16800.0,,17:02:01,17:02:01,21,1922,Hwy 2 & Roosevelt Rd (East),0.0,0.0
2025-10-16,424,North,22169,16800.0,,17:08:00,17:08:00,22,1740,92nd St SE & 113th Dr SE,0.0,0.0
2025-10-16,424,North,22169,16800.0,,17:08:51,17:08:51,23,1628,Second St & Pine Ave,0.0,0.0
2025-10-16,424,North,22169,16800.0,,17:09:27,17:09:27,24,3131,2nd St & Cedar Ave,0.0,0.0
2025-10-16,424,North,22169,16800.0,,17:09:47,17:09:47,25,1629,Second St & Ave A,0.0,0.0
2025-10-16,424,North,22169,16800.0,,17:10:24,17:10:24,26,1626,Second St & Ave C,0.0,0.0
2025-10-16,424,North,22169,16800.0,17:10:00,17:11:33,17:11:33,27,858,Ave D & Third St,0.0,0.0
2025-10-16,424,North,22169,16800.0,,17:12:39,17:12:39,28,859,Ave D & Fifth St,0.0,0.0
2025-10-16,424,North,22169,16800.0,,17:13:35,17:13:35,29,860,Ave D & 10th St,0.0,0.0
2025-10-16,424,North,22169,16800.0,,17:14:55,17:14:55,30,857,Ave D & 13th St,0.0,0.0
2025-10-16,424,North,22169,16800.0,,17:15:06,17:15:06,31,3127,Ave D & Ferguson Park Rd,0.0,0.0
2025-10-16,424,North,22169,16800.0,17:19:00,17:15:53,17:15:53,32,861,Snohomish Park & Ride Bay 2,1.0,1.0
2025-10-16,424,North,22170,22802.0,17:10:00,17:10:14,17:10:14,0,640,4th Ave S & S Jackson St,0.0,0.0
2025-10-16,424,North,22170,22802.0,,17:11:00,17:11:11,1,635,4th Ave S & S Washington St,0.0,0.0
2025-10-16,424,North,22170,22802.0,,17:13:01,17:13:29,2,2638,4th Ave & Cherry St,3.0,0.0
2025-10-16,424,North,22170,22802.0,,17:17:31,17:18:06,3,641,4th Ave & Seneca St,6.0,0.0
2025-10-16,424,North,22170,22802.0,17:16:00,17:19:07,17:19:50,4,2976,4th Ave & Pine St,4.0,1.0
2025-10-16,424,North,22170,22802.0,,17:22:25,17:23:40,5,473,Olive Way & 6th Ave,6.0,0.0
2025-10-16,424,North,22170,22802.0,17:21:00,17:25:45,17:26:16,6,476,Olive Way & Terry Ave,7.0,0.0
2025-10-16,424,North,22170,22802.0,17:31:00,17:34:57,17:35:34,7,497,Evergreen Point Fwy Station,1.0,10.0
2025-10-16,424,North,22170,22802.0,17:53:00,17:48:33,17:49:05,9,2850,Totem Lake Fwy Station,1.0,9.0
2025-10-16,424,North,22170,22802.0,18:00:00,17:56:20,17:56:45,10,2704,Hwy 522 & 132nd Ave NE Flyer Stop,0.0,0.0
2025-10-16,424,North,22170,22802.0,18:20:00,18:17:14,18:17:14,12,3064,Fryelands Blvd & 161st St SE,0.0,0.0
2025-10-16,424,North,22170,22802.0,,18:17:46,18:17:55,13,2602,Fryelands Blvd & 156th St SE,0.0,1.0
2025-10-16,424,North,22170,22802.0,,18:19:31,18:19:45,14,3066,154th St SE & 168th Ave SE,0.0,1.0
2025-10-16,424,North,22170,22802.0,,18:20:25,18:20:25,15,2599,154th St SE & Mulberry Dr,0.0,0.0
2025-10-16,424,North,22170,22802.0,,18:21:01,18:21:01,16,2597,154th St SE & Lin Ave SE,0.0,0.0
2025-10-16,424,North,22170,22802.0,,18:22:19,18:22:34,17,589,179th Ave SE & Stanton St,0.0,1.0
2025-10-16,424,North,22170,22802.0,,18:24:01,18:24:01,18,585,179th Ave SE & 147th St SE,1.0,0.0
2025-10-16,424,North,22170,22802.0,,18:26:38,18:26:38,19,1915,Hwy 2 & 179th Ave SE,0.0,0.0
2025-10-16,424,North,22170,22802.0,18:30:00,18:27:22,18:27:48,20,1928,Monroe Park & Ride Bay 1,0.0,3.0
2025-10-16,424,North,22170,22802.0,,18:29:49,18:29:49,21,1922,Hwy 2 & Roosevelt Rd (East),0.0,0.0
2025-10-16,424,North,22170,22802.0,,18:35:49,18:35:49,22,1740,92nd St SE & 113th Dr SE,0.0,0.0
2025-10-16,424,North,22170,22802.0,,18:36:58,18:37:13,23,1628,Second St & Pine Ave,0.0,0.0
2025-10-16,424,North,22170,22802.0,,18:38:03,18:38:03,24,3131,2nd St & Cedar Ave,0.0,0.0
2025-10-16,424,North,22170,22802.0,,18:38:21,18:38:21,25,1629,Second St & Ave A,0.0,0.0
2025-10-16,424,North,22170,22802.0,,18:38:53,18:39:14,26,1626,Second St & Ave C,1.0,1.0
2025-10-16,424,North,22170,22802.0,18:44:00,18:39:54,18:39:54,27,858,Ave D & Third St,0.0,0.0
2025-10-16,424,North,22170,22802.0,,18:40:31,18:40:54,28,859,Ave D & Fifth St,0.0,2.0
2025-10-16,424,North,22170,22802.0,,18:42:03,18:42:18,29,860,Ave D & 10th St,0.0,1.0
2025-10-16,424,North,22170,22802.0,,18:43:17,18:43:17,30,857,Ave D & 13th St,0.0,0.0
2025-10-16,424,North,22170,22802.0,,18:43:29,18:43:29,31,3127,Ave D & Ferguson Park Rd,0.0,0.0
2025-10-16,424,North,22170,22802.0,18:54:00,18:44:06,18:44:06,32,861,Snohomish Park & Ride Bay 2,0.0,0.0
2025-10-16,424,South,22171,22804.0,05:15:00,05:15:08,05:15:08,0,1349,Snohomish Park & Ride Bay 1,1.0,0.0
2025-10-16,424,South,22171,22804.0,,05:15:50,05:15:50,1,3128,Ave D & 14th St SE,0.0,0.0
2025-10-16,424,South,22171,22804.0,,05:16:17,05:16:17,2,1353,Ave D & 13th St,0.0,0.0
2025-10-16,424,South,22171,22804.0,,05:17:04,05:17:27,3,1351,Ave D & Bonneville Ave,3.0,0.0
2025-10-16,424,South,22171,22804.0,,05:18:21,05:18:21,4,1350,Ave D & Fifth St,0.0,0.0
2025-10-16,424,South,22171,22804.0,05:17:00,05:18:43,05:18:43,5,1352,Ave D & Third St,0.0,0.0
2025-10-16,424,South,22171,22804.0,,05:19:32,05:19:32,6,242,Second St & Ave C,0.0,0.0
2025-10-16,424,South,22171,22804.0,,05:19:51,05:20:07,7,241,Second St & Ave A,1.0,0.0
2025-10-16,424,South,22171,22804.0,,05:20:47,05:20:47,8,243,Second St & Maple Ave,0.0,0.0
2025-10-16,424,South,22171,22804.0,,05:21:13,05:21:13,9,244,Second St & Pine Ave,0.0,0.0
2025-10-16,424,South,22171,22804.0,,05:21:44,05:21:44,10,369,92nd St SE & 113th Dr SE,0.0,0.0
2025-10-16,424,South,22171,22804.0,,05:27:10,05:27:10,11,552,Hwy 2 & Fryelands Blvd SE,0.0,0.0
2025-10-16,424,South,22171,22804.0,05:27:00,05:28:45,05:30:14,12,1928,Monroe Park & Ride Bay 1,7.0,0.0
2025-10-16,424,South,22171,22804.0,,05:31:53,05:31:53,13,1073,179th Ave SE & 147th St SE,0.0,0.0
2025-10-16,424,South,22171,22804.0,,05:32:30,05:32:47,14,1070,179th Ave SE & Stanton St SE,1.0,0.0
2025-10-16,424,South,22171,22804.0,,05:33:58,05:33:58,15,2596,154th St SE & 175th Ave SE,0.0,0.0
2025-10-16,424,South,22171,22804.0,,05:34:30,05:34:49,16,2598,154th St SE & Mulberry Dr,1.0,0.0
2025-10-16,424,South,22171,22804.0,,05:35:33,05:36:09,17,3067,154th St SE & 168th Ave SE,1.0,0.0
2025-10-16,424,South,22171,22804.0,,05:37:33,05:37:33,18,2603,Fryelands Blvd & 156th St SE,0.0,0.0
2025-10-16,424,South,22171,22804.0,05:36:00,05:38:02,05:38:33,19,3065,Fryelands Blvd & 161st St SE,1.0,0.0
2025-10-16,424,South,22171,22804.0,05:49:00,05:53:19,05:53:19,21,2705,Hwy 522 & 132nd Ave NE Flyer Stop,0.0,0.0
2025-10-16,424,South,22171,22804.0,05:54:00,05:57:46,05:58:12,22,2851,Totem Lake Fwy Station,6.0,1.0
2025-10-16,424,South,22171,22804.0,06:07:00,06:07:28,06:07:55,24,1859,Evergreen Point Fwy Station,2.0,0.0
2025-10-16,424,South,22171,22804.0,06:18:00,06:16:53,06:17:18,25,1909,Stewart St & 9th Ave,0.0,4.0
2025-10-16,424,South,22171,22804.0,,06:18:05,06:18:20,26,1908,Stewart St & 7th Ave,0.0,5.0
2025-10-16,424,South,22171,22804.0,,06:19:49,06:19:58,27,1907,Stewart St & 4th Ave,0.0,4.0
2025-10-16,424,South,22171,22804.0,,06:20:27,06:20:48,28,1079,2nd Ave & Stewart St,0.0,2.0
2025-10-16,424,South,22171,22804.0,06:25:00,06:21:49,06:22:08,29,2909,2nd Ave & Seneca St,0.0,4.0
2025-10-16,424,South,22171,22804.0,,06:23:26,06:23:39,30,2631,2nd Ave & Cherry St,0.0,2.0
2025-10-16,424,South,22171,22804.0,06:31:00,06:24:43,06:24:43,31,2349,2nd Ave Ext S & Yesler Way,0.0,2.0
2025-10-16,424,South,22172,16800.0,06:30:00,,,0,1349,Snohomish Park & Ride Bay 1,,
2025-10-16,424,South,22172,16800.0,,06:32:59,06:32:59,1,3128,Ave D & 14th St SE,0.0,0.0
2025-10-16,424,South,22172,16800.0,,06:33:52,06:33:52,2,1353,Ave D & 13th St,0.0,0.0
2025-10-16,424,South,22172,16800.0,,06:34:37,06:35:08,3,1351,Ave D & Bonneville Ave,1.0,0.0
2025-10-16,424,South,22172,16800.0,,06:36:04,06:36:04,4,1350,Ave D & Fifth St,0.0,0.0
2025-10-16,424,South,22172,16800.0,06:32:00,06:36:33,06:36:33,5,1352,Ave D & Third St,0.0,0.0
2025-10-16,424,South,22172,16800.0,,06:37:30,06:37:30,6,242,Second St & Ave C,0.0,0.0
2025-10-16,424,South,22172,16800.0,,06:37:45,06:37:45,7,241,Second St & Ave A,0.0,0.0
2025-10-16,424,South,22172,16800.0,,06:38:19,06:38:19,8,243,Second St & Maple Ave,0.0,0.0
2025-10-16,424,South,22172,16800.0,,06:38:43,06:38:43,9,244,Second St & Pine Ave,0.0,0.0
2025-10-16,424,South,22172,16800.0,,06:39:14,06:39:14,10,369,92nd St SE & 113th Dr SE,0.0,0.0
2025-10-16,424,South,22172,16800.0,,06:47:18,06:47:18,11,552,Hwy 2 & Fryelands Blvd SE,0.0,0.0
2025-10-16,424,South,22172,16800.0,06:43:00,06:48:53,06:49:35,12,1928,Monroe Park & Ride Bay 1,6.0,0.0
2025-10-16,424,South,22172,16800.0,,06:52:00,06:52:00,13,1073,179th Ave SE & 147th St SE,0.0,0.0
2025-10-16,424,South,22172,16800.0,,06:52:42,06:52:56,14,1070,179th Ave SE & Stanton St SE,1.0,0.0
2025-10-16,424,South,22172,16800.0,,06:54:21,06:54:21,15,2596,154th St SE & 175th Ave SE,0.0,0.0
2025-10-16,424,South,22172,16800.0,,06:54:53,06:54:53,16,2598,154th St SE & Mulberry Dr,0.0,0.0
2025-10-16,424,South,22172,16800.0,,06:55:20,06:55:20,17,3067,154th St SE & 168th Ave SE,0.0,0.0
2025-10-16,424,South,22172,16800.0,,06:57:02,06:57:25,18,2603,Fryelands Blvd & 156th St SE,1.0,0.0
2025-10-16,424,South,22172,16800.0,06:52:00,06:58:07,06:58:34,19,3065,Fryelands Blvd & 161st St SE,4.0,0.0
2025-10-16,424,South,22172,16800.0,07:11:00,07:26:59,07:27:15,21,2705,Hwy 522 & 132nd Ave NE Flyer Stop,0.0,1.0
2025-10-16,424,South,22172,16800.0,07:19:00,07:37:45,07:38:45,22,2851,Totem Lake Fwy Station,10.0,2.0
2025-10-16,424,South,22172,16800.0,07:39:00,07:52:14,07:52:43,24,1859,Evergreen Point Fwy Station,1.0,2.0
2025-10-16,424,South,22172,16800.0,07:54:00,08:05:31,08:05:47,25,1909,Stewart St & 9th Ave,0.0,2.0
2025-10-16,424,South,22172,16800.0,,08:06:31,08:06:54,26,1908,Stewart St & 7th Ave,0.0,3.0
2025-10-16,424,South,22172,16800.0,,08:07:59,08:08:21,27,1907,Stewart St & 4th Ave,0.0,3.0
2025-10-16,424,South,22172,16800.0,,08:09:53,08:09:53,28,1079,2nd Ave & Stewart St,0.0,6.0
2025-10-16,424,South,22172,16800.0,08:05:00,08:12:44,08:13:08,29,2909,2nd Ave & Seneca St,0.0,4.0
2025-10-16,424,South,22172,16800.0,,08:14:38,08:14:54,30,2631,2nd Ave & Cherry St,0.0,1.0
2025-10-16,424,South,22172,16800.0,08:12:00,08:16:29,08:16:29,31,2349,2nd Ave Ext S & Yesler Way,0.0,0.0
2025-10-17,424,North,22169.0,19809.0,15:35:00,15:36:51,15:36:51,0,640,4th Ave S & S Jackson St,4.0,0.0
2025-10-17,424,North,22169.0,19809.0,,15:38:02,15:38:31,1,635,4th Ave S & S Washington St,1.0,0.0
2025-10-17,424,North,22169.0,19809.0,,15:39:52,15:40:05,2,2638,4th Ave & Cherry St,0.0,0.0
2025-10-17,424,North,22169.0,19809.0,,15:43:04,15:43:45,3,641,4th Ave & Seneca St,10.0,0.0
2025-10-17,424,North,22169.0,19809.0,15:40:00,15:45:38,15:45:59,4,2976,4th Ave & Pine St,1.0,0.0
2025-10-17,424,North,22169.0,19809.0,,15:47:49,15:49:03,5,473,Olive Way & 6th Ave,4.0,0.0
2025-10-17,424,North,22169.0,19809.0,15:45:00,15:50:00,15:50:00,6,476,Olive Way & Terry Ave,0.0,0.0
2025-10-17,424,North,22169.0,19809.0,15:53:00,15:58:33,15:58:52,7,497,Evergreen Point Fwy Station,2.0,0.0
2025-10-17,424,North,22169.0,19809.0,16:12:00,16:10:38,16:11:09,9,2850,Totem Lake Fwy Station,0.0,8.0
2025-10-17,424,North,22169.0,19809.0,16:20:00,16:19:01,16:20:08,10,2704,Hwy 522 & 132nd Ave NE Flyer Stop,1.0,2.0
2025-10-17,424,North,22169.0,19809.0,16:46:00,16:43:11,16:43:25,12,3064,Fryelands Blvd & 161st St SE,0.0,2.0
2025-10-17,424,North,22169.0,19809.0,,16:43:58,16:43:58,13,2602,Fryelands Blvd & 156th St SE,0.0,0.0
2025-10-17,424,North,22169.0,19809.0,,16:45:14,16:45:14,14,3066,154th St SE & 168th Ave SE,0.0,0.0
2025-10-17,424,North,22169.0,19809.0,,16:45:48,16:46:01,15,2599,154th St SE & Mulberry Dr,0.0,1.0
2025-10-17,424,North,22169.0,19809.0,,16:46:36,16:46:36,16,2597,154th St SE & Lin Ave SE,0.0,0.0
2025-10-17,424,North,22169.0,19809.0,,16:47:53,16:47:53,17,589,179th Ave SE & Stanton St,0.0,0.0
2025-10-17,424,North,22169.0,19809.0,,16:48:40,16:48:40,18,585,179th Ave SE & 147th St SE,0.0,0.0
2025-10-17,424,North,22169.0,19809.0,,16:49:35,16:49:46,19,1915,Hwy 2 & 179th Ave SE,0.0,1.0
2025-10-17,424,North,22169.0,19809.0,16:55:00,16:50:39,16:51:08,20,1928,Monroe Park & Ride Bay 1,0.0,8.0
2025-10-17,424,North,22169.0,19809.0,,16:54:18,16:54:18,21,1922,Hwy 2 & Roosevelt Rd (East),0.0,0.0
2025-10-17,424,North,22169.0,19809.0,,17:00:53,17:00:53,22,1740,92nd St SE & 113th Dr SE,0.0,0.0
2025-10-17,424,North,22169.0,19809.0,,17:03:43,17:03:43,23,1628,Second St & Pine Ave,0.0,0.0
2025-10-17,424,North,22169.0,19809.0,,17:04:30,17:04:30,24,3131,2nd St & Cedar Ave,0.0,0.0
2025-10-17,424,North,22169.0,19809.0,,17:04:47,17:04:47,25,1629,Second St & Ave A,0.0,0.0
2025-10-17,424,North,22169.0,19809.0,,17:05:42,17:05:42,26,1626,Second St & Ave C,0.0,0.0
2025-10-17,424,North,22169.0,19809.0,17:10:00,17:06:14,17:06:14,27,858,Ave D & Third St,0.0,0.0
2025-10-17,424,North,22169.0,19809.0,,17:06:51,17:07:04,28,859,Ave D & Fifth St,0.0,1.0
2025-10-17,424,North,22169.0,19809.0,,17:08:34,17:08:34,29,860,Ave D & 10th St,0.0,0.0
2025-10-17,424,North,22169.0,19809.0,,17:09:52,17:09:52,30,857,Ave D & 13th St,0.0,0.0
2025-10-17,424,North,22169.0,19809.0,,17:10:00,17:10:00,31,3127,Ave D & Ferguson Park Rd,0.0,0.0
2025-10-17,424,North,22169.0,19809.0,17:19:00,17:10:44,17:10:44,32,861,Snohomish Park & Ride Bay 2,1.0,1.0
2025-10-17,424,North,22170.0,17107.0,17:10:00,17:10:23,17:10:23,0,640,4th Ave S & S Jackson St,0.0,0.0
2025-10-17,424,North,22170.0,17107.0,,17:11:03,17:11:11,1,635,4th Ave S & S Washington St,0.0,0.0
2025-10-17,424,North,22170.0,17107.0,,17:12:46,17:13:09,2,2638,4th Ave & Cherry St,3.0,0.0
2025-10-17,424,North,22170.0,17107.0,,17:14:43,17:15:06,3,641,4th Ave & Seneca St,2.0,0.0
2025-10-17,424,North,22170.0,17107.0,17:16:00,17:16:10,17:16:46,4,2976,4th Ave & Pine St,1.0,0.0
2025-10-17,424,North,22170.0,17107.0,,17:17:47,17:19:00,5,473,Olive Way & 6th Ave,4.0,0.0
2025-10-17,424,North,22170.0,17107.0,17:21:00,17:19:45,17:21:16,6,476,Olive Way & Terry Ave,2.0,0.0
2025-10-17,424,North,22170.0,17107.0,17:31:00,17:30:32,17:31:12,7,497,Evergreen Point Fwy Station,4.0,0.0
2025-10-17,424,North,22170.0,17107.0,17:53:00,17:48:20,17:48:49,9,2850,Totem Lake Fwy Station,2.0,10.0
2025-10-17,424,North,22170.0,17107.0,18:00:00,17:54:57,17:55:26,10,2704,Hwy 522 & 132nd Ave NE Flyer Stop,0.0,0.0
2025-10-17,424,North,22170.0,17107.0,18:20:00,18:11:19,18:11:31,12,3064,Fryelands Blvd & 161st St SE,0.0,1.0
2025-10-17,424,North,22170.0,17107.0,,18:12:11,18:12:22,13,2602,Fryelands Blvd & 156th St SE,0.0,1.0
2025-10-17,424,North,22170.0,17107.0,,18:13:39,18:13:39,14,3066,154th St SE & 168th Ave SE,0.0,0.0
2025-10-17,424,North,22170.0,17107.0,,18:14:18,18:14:18,15,2599,154th St SE & Mulberry Dr,0.0,0.0
2025-10-17,424,North,22170.0,17107.0,,18:14:50,18:14:50,16,2597,154th St SE & Lin Ave SE,0.0,0.0
2025-10-17,424,North,22170.0,17107.0,,18:16:10,18:16:20,17,589,179th Ave SE & Stanton St,0.0,1.0
2025-10-17,424,North,22170.0,17107.0,,18:17:25,18:17:25,18,585,179th Ave SE & 147th St SE,0.0,2.0
2025-10-17,424,North,22170.0,17107.0,,18:19:37,18:19:49,19,1915,Hwy 2 & 179th Ave SE,0.0,0.0
2025-10-17,424,North,22170.0,17107.0,18:30:00,18:20:39,18:21:01,20,1928,Monroe Park & Ride Bay 1,0.0,2.0
2025-10-17,424,North,22170.0,17107.0,,18:24:06,18:24:06,21,1922,Hwy 2 & Roosevelt Rd (East),0.0,0.0
2025-10-17,424,North,22170.0,17107.0,,18:30:00,18:30:00,22,1740,92nd St SE & 113th Dr SE,0.0,0.0
2025-10-17,424,North,22170.0,17107.0,,18:31:31,18:31:31,23,1628,Second St & Pine Ave,0.0,0.0
2025-10-17,424,North,22170.0,17107.0,,18:32:00,18:32:00,24,3131,2nd St & Cedar Ave,0.0,0.0
2025-10-17,424,North,22170.0,17107.0,,18:32:19,18:32:40,25,1629,Second St & Ave A,0.0,1.0
2025-10-17,424,North,22170.0,17107.0,,18:33:25,18:33:25,26,1626,Second St & Ave C,0.0,0.0
2025-10-17,424,North,22170.0,17107.0,18:44:00,18:34:00,18:34:00,27,858,Ave D & Third St,0.0,0.0
2025-10-17,424,North,22170.0,17107.0,,18:34:46,18:34:46,28,859,Ave D & Fifth St,0.0,0.0
2025-10-17,424,North,22170.0,17107.0,,18:36:16,18:36:16,29,860,Ave D & 10th St,0.0,0.0
2025-10-17,424,North,22170.0,17107.0,,18:37:34,18:37:34,30,857,Ave D & 13th St,0.0,0.0
2025-10-17,424,North,22170.0,17107.0,,18:37:45,18:37:45,31,3127,Ave D & Ferguson Park Rd,0.0,0.0
2025-10-17,424,North,22170.0,17107.0,18:54:00,18:38:19,18:38:19,32,861,Snohomish Park & Ride Bay 2,0.0,0.0
2025-10-17,424,South,22171.0,21800.0,05:15:00,05:17:55,05:17:55,0,1349,Snohomish Park & Ride Bay 1,0.0,0.0
2025-10-17,424,South,22171.0,21800.0,,05:18:35,05:18:35,1,3128,Ave D & 14th St SE,0.0,0.0
2025-10-17,424,South,22171.0,21800.0,,05:19:02,05:19:02,2,1353,Ave D & 13th St,0.0,0.0
2025-10-17,424,South,22171.0,21800.0,,05:19:39,05:19:56,3,1351,Ave D & Bonneville Ave,1.0,0.0
2025-10-17,424,South,22171.0,21800.0,,05:20:52,05:20:52,4,1350,Ave D & Fifth St,0.0,0.0
2025-10-17,424,South,22171.0,21800.0,05:17:00,05:21:13,05:21:13,5,1352,Ave D & Third St,0.0,0.0
2025-10-17,424,South,22171.0,21800.0,,05:21:56,05:21:56,6,242,Second St & Ave C,0.0,0.0
2025-10-17,424,South,22171.0,21800.0,,05:22:18,05:22:35,7,241,Second St & Ave A,1.0,0.0
2025-10-17,424,South,22171.0,21800.0,,05:23:34,05:23:34,8,243,Second St & Maple Ave,0.0,0.0
2025-10-17,424,South,22171.0,21800.0,,05:24:08,05:24:08,9,244,Second St & Pine Ave,0.0,0.0
2025-10-17,424,South,22171.0,21800.0,,05:24:37,05:24:37,10,369,92nd St SE & 113th Dr SE,0.0,0.0
2025-10-17,424,South,22171.0,21800.0,,05:30:12,05:30:12,11,552,Hwy 2 & Fryelands Blvd SE,0.0,0.0
2025-10-17,424,South,22171.0,21800.0,05:27:00,05:31:25,05:32:15,12,1928,Monroe Park & Ride Bay 1,8.0,0.0
2025-10-17,424,South,22171.0,21800.0,,05:33:54,05:33:54,13,1073,179th Ave SE & 147th St SE,0.0,0.0
2025-10-17,424,South,22171.0,21800.0,,05:34:33,05:34:54,14,1070,179th Ave SE & Stanton St SE,1.0,0.0
2025-10-17,424,South,22171.0,21800.0,,05:36:04,05:36:04,15,2596,154th St SE & 175th Ave SE,0.0,0.0
2025-10-17,424,South,22171.0,21800.0,,05:36:36,05:37:09,16,2598,154th St SE & Mulberry Dr,3.0,0.0
2025-10-17,424,South,22171.0,21800.0,,05:37:46,05:37:46,17,3067,154th St SE & 168th Ave SE,0.0,0.0
2025-10-17,424,South,22171.0,21800.0,,05:39:06,05:39:06,18,2603,Fryelands Blvd & 156th St SE,0.0,0.0
2025-10-17,424,South,22171.0,21800.0,05:36:00,05:39:31,05:39:31,19,3065,Fryelands Blvd & 161st St SE,0.0,0.0
2025-10-17,424,South,22171.0,21800.0,05:49:00,05:53:27,05:53:27,21,2705,Hwy 522 & 132nd Ave NE Flyer Stop,0.0,0.0
2025-10-17,424,South,22171.0,21800.0,05:54:00,05:58:08,05:58:35,22,2851,Totem Lake Fwy Station,3.0,2.0
2025-10-17,424,South,22171.0,21800.0,06:07:00,06:08:09,06:08:23,24,1859,Evergreen Point Fwy Station,1.0,0.0
2025-10-17,424,South,22171.0,21800.0,06:18:00,06:16:54,06:17:13,25,1909,Stewart St & 9th Ave,0.0,5.0
2025-10-17,424,South,22171.0,21800.0,,06:18:10,06:18:35,26,1908,Stewart St & 7th Ave,0.0,4.0
2025-10-17,424,South,22171.0,21800.0,,06:19:46,06:19:46,27,1907,Stewart St & 4th Ave,0.0,0.0
2025-10-17,424,South,22171.0,21800.0,,06:20:13,06:20:13,28,1079,2nd Ave & Stewart St,0.0,0.0
2025-10-17,424,South,22171.0,21800.0,06:25:00,06:21:42,06:21:58,29,2909,2nd Ave & Seneca St,0.0,6.0
2025-10-17,424,South,22171.0,21800.0,,06:23:21,06:23:39,30,2631,2nd Ave & Cherry St,0.0,1.0
2025-10-17,424,South,22171.0,21800.0,06:31:00,06:24:39,06:24:39,31,2349,2nd Ave Ext S & Yesler Way,0.0,0.0
2025-10-17,424,South,22172.0,17809.0,06:30:00,,,0,1349,Snohomish Park & Ride Bay 1,,
2025-10-17,424,South,22172.0,17809.0,,06:32:55,06:32:55,1,3128,Ave D & 14th St SE,0.0,0.0
2025-10-17,424,South,22172.0,17809.0,,06:33:30,06:33:30,2,1353,Ave D & 13th St,0.0,0.0
2025-10-17,424,South,22172.0,17809.0,,06:34:23,06:34:23,3,1351,Ave D & Bonneville Ave,0.0,0.0
2025-10-17,424,South,22172.0,17809.0,,06:35:21,06:35:21,4,1350,Ave D & Fifth St,0.0,0.0
2025-10-17,424,South,22172.0,17809.0,06:32:00,06:35:49,06:35:49,5,1352,Ave D & Third St,0.0,0.0
2025-10-17,424,South,22172.0,17809.0,,06:36:58,06:36:58,6,242,Second St & Ave C,0.0,0.0
2025-10-17,424,South,22172.0,17809.0,,06:37:15,06:37:15,7,241,Second St & Ave A,0.0,0.0
2025-10-17,424,South,22172.0,17809.0,,06:38:12,06:38:12,8,243,Second St & Maple Ave,0.0,0.0
2025-10-17,424,South,22172.0,17809.0,,06:38:48,06:38:48,9,244,Second St & Pine Ave,0.0,0.0
2025-10-17,424,South,22172.0,17809.0,,06:39:27,06:39:27,10,369,92nd St SE & 113th Dr SE,0.0,0.0
2025-10-17,424,South,22172.0,17809.0,,06:47:03,06:47:03,11,552,Hwy 2 & Fryelands Blvd SE,0.0,0.0
2025-10-17,424,South,22172.0,17809.0,06:43:00,06:48:25,06:49:07,12,1928,Monroe Park & Ride Bay 1,5.0,0.0
2025-10-17,424,South,22172.0,17809.0,,06:52:30,06:52:30,13,1073,179th Ave SE & 147th St SE,0.0,0.0
2025-10-17,424,South,22172.0,17809.0,,06:53:09,06:53:22,14,1070,179th Ave SE & Stanton St SE,1.0,0.0
2025-10-17,424,South,22172.0,17809.0,,06:54:45,06:54:45,15,2596,154th St SE & 175th Ave SE,0.0,0.0
2025-10-17,424,South,22172.0,17809.0,,06:55:15,06:55:15,16,2598,154th St SE & Mulberry Dr,0.0,0.0
2025-10-17,424,South,22172.0,17809.0,,06:55:42,06:55:42,17,3067,154th St SE & 168th Ave SE,0.0,0.0
2025-10-17,424,South,22172.0,17809.0,,06:57:15,06:57:15,18,2603,Fryelands Blvd & 156th St SE,0.0,0.0
2025-10-17,424,South,22172.0,17809.0,06:52:00,06:57:49,06:58:19,19,3065,Fryelands Blvd & 161st St SE,2.0,0.0
2025-10-17,424,South,22172.0,17809.0,07:11:00,07:21:00,07:21:16,21,2705,Hwy 522 & 132nd Ave NE Flyer Stop,2.0,0.0
2025-10-17,424,South,22172.0,17809.0,07:19:00,07:30:44,07:31:32,22,2851,Totem Lake Fwy Station,9.0,0.0
2025-10-17,424,South,22172.0,17809.0,07:39:00,07:49:56,07:50:17,24,1859,Evergreen Point Fwy Station,1.0,3.0
2025-10-17,424,South,22172.0,17809.0,07:54:00,08:03:55,08:04:15,25,1909,Stewart St & 9th Ave,0.0,4.0
2025-10-17,424,South,22172.0,17809.0,,08:04:50,08:05:25,26,1908,Stewart St & 7th Ave,0.0,4.0
2025-10-17,424,South,22172.0,17809.0,,08:06:20,08:06:44,27,1907,Stewart St & 4th Ave,0.0,5.0
2025-10-17,424,South,22172.0,17809.0,,08:08:25,08:09:06,28,1079,2nd Ave & Stewart St,0.0,1.0
2025-10-17,424,South,22172.0,17809.0,08:05:00,08:11:00,08:11:28,29,2909,2nd Ave & Seneca St,0.0,2.0
2025-10-17,424,South,22172.0,17809.0,,08:13:02,08:14:02,30,2631,2nd Ave & Cherry St,0.0,0.0
2025-10-17,424,South,22172.0,17809.0,08:12:00,08:14:52,08:14:52,31,2349,2nd Ave Ext S & Yesler Way,0.0,1.0
2025-10-20,424,North,22169.0,17808.0,15:35:00,15:35:15,15:35:15,0,640,4th Ave S & S Jackson St,2.0,0.0
2025-10-20,424,North,22169.0,17808.0,,15:36:42,15:36:42,1,635,4th Ave S & S Washington St,2.0,2.0
2025-10-20,424,North,22169.0,17808.0,,15:38:49,15:39:23,2,2638,4th Ave & Cherry St,5.0,0.0
2025-10-20,424,North,22169.0,17808.0,,15:40:38,15:41:46,3,641,4th Ave & Seneca St,9.0,0.0
2025-10-20,424,North,22169.0,17808.0,15:40:00,15:42:50,15:43:12,4,2976,4th Ave & Pine St,2.0,0.0
2025-10-20,424,North,22169.0,17808.0,,15:45:09,15:46:20,5,473,Olive Way & 6th Ave,17.0,0.0
2025-10-20,424,North,22169.0,17808.0,15:45:00,15:48:13,15:48:42,6,476,Olive Way & Terry Ave,3.0,0.0
2025-10-20,424,North,22169.0,17808.0,15:53:00,15:58:14,15:58:57,7,497,Evergreen Point Fwy Station,3.0,0.0
2025-10-20,424,North,22169.0,17808.0,16:12:00,16:12:22,16:13:02,9,2850,Totem Lake Fwy Station,0.0,22.0
2025-10-20,424,North,22169.0,17808.0,16:20:00,16:21:58,16:22:19,10,2704,Hwy 522 & 132nd Ave NE Flyer Stop,1.0,3.0
2025-10-20,424,North,22169.0,17808.0,16:46:00,16:42:07,16:42:24,12,3064,Fryelands Blvd & 161st St SE,0.0,4.0
2025-10-20,424,North,22169.0,17808.0,,16:42:59,16:42:59,13,2602,Fryelands Blvd & 156th St SE,0.0,0.0
2025-10-20,424,North,22169.0,17808.0,,16:44:17,16:44:17,14,3066,154th St SE & 168th Ave SE,0.0,0.0
2025-10-20,424,North,22169.0,17808.0,,16:44:50,16:45:19,15,2599,154th St SE & Mulberry Dr,0.0,1.0
2025-10-20,424,North,22169.0,17808.0,,16:46:01,16:46:14,16,2597,154th St SE & Lin Ave SE,0.0,1.0
2025-10-20,424,North,22169.0,17808.0,,16:47:29,16:47:29,17,589,179th Ave SE & Stanton St,0.0,1.0
2025-10-20,424,North,22169.0,17808.0,,16:48:44,16:48:44,18,585,179th Ave SE & 147th St SE,0.0,0.0
2025-10-20,424,North,22169.0,17808.0,,16:49:21,16:49:21,19,1915,Hwy 2 & 179th Ave SE,0.0,0.0
2025-10-20,424,North,22169.0,17808.0,16:55:00,16:50:00,16:50:34,20,1928,Monroe Park & Ride Bay 1,0.0,8.0
2025-10-20,424,North,22169.0,17808.0,,16:56:03,16:56:03,21,1922,Hwy 2 & Roosevelt Rd (East),0.0,0.0
2025-10-20,424,North,22169.0,17808.0,,17:02:08,17:02:08,22,1740,92nd St SE & 113th Dr SE,0.0,0.0
2025-10-20,424,North,22169.0,17808.0,,17:02:49,17:02:49,23,1628,Second St & Pine Ave,0.0,0.0
2025-10-20,424,North,22169.0,17808.0,,17:03:11,17:03:11,24,3131,2nd St & Cedar Ave,0.0,0.0
2025-10-20,424,North,22169.0,17808.0,,17:03:26,17:03:26,25,1629,Second St & Ave A,0.0,0.0
2025-10-20,424,North,22169.0,17808.0,,17:04:13,17:04:13,26,1626,Second St & Ave C,0.0,0.0
2025-10-20,424,North,22169.0,17808.0,17:10:00,17:05:44,17:05:57,27,858,Ave D & Third St,0.0,1.0
2025-10-20,424,North,22169.0,17808.0,,17:06:43,17:06:57,28,859,Ave D & Fifth St,0.0,0.0
2025-10-20,424,North,22169.0,17808.0,,17:07:56,17:08:07,29,860,Ave D & 10th St,0.0,1.0
2025-10-20,424,North,22169.0,17808.0,,17:09:41,17:09:41,30,857,Ave D & 13th St,0.0,0.0
2025-10-20,424,North,22169.0,17808.0,,17:09:52,17:09:52,31,3127,Ave D & Ferguson Park Rd,0.0,0.0
2025-10-20,424,North,22169.0,17808.0,17:19:00,17:10:25,17:10:25,32,861,Snohomish Park & Ride Bay 2,0.0,0.0
2025-10-20,424,North,22170.0,17810.0,17:10:00,17:13:45,17:13:45,0,640,4th Ave S & S Jackson St,4.0,0.0
2025-10-20,424,North,22170.0,17810.0,,17:14:15,17:14:24,1,635,4th Ave S & S Washington St,0.0,0.0
2025-10-20,424,North,22170.0,17810.0,,17:15:48,17:16:16,2,2638,4th Ave & Cherry St,2.0,0.0
2025-10-20,424,North,22170.0,17810.0,,17:18:04,17:19:13,3,641,4th Ave & Seneca St,4.0,0.0
2025-10-20,424,North,22170.0,17810.0,17:16:00,17:20:29,17:21:18,4,2976,4th Ave & Pine St,7.0,0.0
2025-10-20,424,North,22170.0,17810.0,,17:23:45,17:25:04,5,473,Olive Way & 6th Ave,8.0,0.0
2025-10-20,424,North,22170.0,17810.0,17:21:00,17:25:51,17:26:37,6,476,Olive Way & Terry Ave,5.0,0.0
2025-10-20,424,North,22170.0,17810.0,17:31:00,17:34:56,17:35:32,7,497,Evergreen Point Fwy Station,3.0,4.0
2025-10-20,424,North,22170.0,17810.0,17:53:00,17:48:23,17:49:01,9,2850,Totem Lake Fwy Station,3.0,17.0
2025-10-20,424,North,22170.0,17810.0,18:00:00,17:57:28,17:57:38,10,2704,Hwy 522 & 132nd Ave NE Flyer Stop,0.0,0.0
2025-10-20,424,North,22170.0,17810.0,18:20:00,18:13:42,18:14:04,12,3064,Fryelands Blvd & 161st St SE,0.0,3.0
2025-10-20,424,North,22170.0,17810.0,,18:14:44,18:14:55,13,2602,Fryelands Blvd & 156th St SE,0.0,1.0
2025-10-20,424,North,22170.0,17810.0,,18:16:20,18:16:20,14,3066,154th St SE & 168th Ave SE,0.0,0.0
2025-10-20,424,North,22170.0,17810.0,,18:16:59,18:16:59,15,2599,154th St SE & Mulberry Dr,0.0,0.0
2025-10-20,424,North,22170.0,17810.0,,18:17:32,18:17:44,16,2597,154th St SE & Lin Ave SE,0.0,1.0
2025-10-20,424,North,22170.0,17810.0,,18:19:09,18:19:24,17,589,179th Ave SE & Stanton St,0.0,2.0
2025-10-20,424,North,22170.0,17810.0,,18:20:34,18:20:34,18,585,179th Ave SE & 147th St SE,0.0,1.0
2025-10-20,424,North,22170.0,17810.0,,18:21:25,18:21:37,19,1915,Hwy 2 & 179th Ave SE,0.0,1.0
2025-10-20,424,North,22170.0,17810.0,18:30:00,18:22:34,18:22:59,20,1928,Monroe Park & Ride Bay 1,0.0,4.0
2025-10-20,424,North,22170.0,17810.0,,18:24:42,18:24:42,21,1922,Hwy 2 & Roosevelt Rd (East),0.0,0.0
2025-10-20,424,North,22170.0,17810.0,,18:31:08,18:31:08,22,1740,92nd St SE & 113th Dr SE,0.0,0.0
2025-10-20,424,North,22170.0,17810.0,,18:31:57,18:31:57,23,1628,Second St & Pine Ave,0.0,0.0
2025-10-20,424,North,22170.0,17810.0,,18:32:25,18:32:25,24,3131,2nd St & Cedar Ave,0.0,0.0
2025-10-20,424,North,22170.0,17810.0,,18:32:40,18:32:40,25,1629,Second St & Ave A,0.0,0.0
2025-10-20,424,North,22170.0,17810.0,,18:33:19,18:33:31,26,1626,Second St & Ave C,0.0,1.0
2025-10-20,424,North,22170.0,17810.0,18:44:00,18:34:41,18:34:41,27,858,Ave D & Third St,0.0,0.0
2025-10-20,424,North,22170.0,17810.0,,18:35:20,18:35:39,28,859,Ave D & Fifth St,0.0,1.0
2025-10-20,424,North,22170.0,17810.0,,18:36:47,18:36:58,29,860,Ave D & 10th St,0.0,0.0
2025-10-20,424,North,22170.0,17810.0,,18:38:11,18:38:35,30,857,Ave D & 13th St,1.0,0.0
2025-10-20,424,North,22170.0,17810.0,,18:38:51,18:38:51,31,3127,Ave D & Ferguson Park Rd,0.0,0.0
2025-10-20,424,North,22170.0,17810.0,18:54:00,18:39:29,18:39:29,32,861,Snohomish Park & Ride Bay 2,0.0,1.0
2025-10-20,424,South,22171.0,16808.0,05:15:00,05:15:11,05:15:11,0,1349,Snohomish Park & Ride Bay 1,0.0,0.0
2025-10-20,424,South,22171.0,16808.0,,05:15:58,05:15:58,1,3128,Ave D & 14th St SE,0.0,0.0
2025-10-20,424,South,22171.0,16808.0,,05:16:30,05:16:30,2,1353,Ave D & 13th St,0.0,0.0
2025-10-20,424,South,22171.0,16808.0,,05:17:10,05:17:41,3,1351,Ave D & Bonneville Ave,3.0,0.0
2025-10-20,424,South,22171.0,16808.0,,05:18:39,05:18:39,4,1350,Ave D & Fifth St,0.0,0.0
2025-10-20,424,South,22171.0,16808.0,05:17:00,05:19:02,05:19:02,5,1352,Ave D & Third St,0.0,0.0
2025-10-20,424,South,22171.0,16808.0,,05:19:51,05:19:51,6,242,Second St & Ave C,0.0,0.0
2025-10-20,424,South,22171.0,16808.0,,05:20:11,05:20:34,7,241,Second St & Ave A,1.0,0.0
2025-10-20,424,South,22171.0,16808.0,,05:21:48,05:22:42,8,243,Second St & Maple Ave,1.0,0.0
2025-10-20,424,South,22171.0,16808.0,,05:23:07,05:23:07,9,244,Second St & Pine Ave,0.0,0.0
2025-10-20,424,South,22171.0,16808.0,,05:23:42,05:23:42,10,369,92nd St SE & 113th Dr SE,0.0,0.0
2025-10-20,424,South,22171.0,16808.0,,05:29:36,05:29:36,11,552,Hwy 2 & Fryelands Blvd SE,0.0,0.0
2025-10-20,424,South,22171.0,16808.0,05:27:00,05:30:46,05:31:33,12,1928,Monroe Park & Ride Bay 1,7.0,0.0
2025-10-20,424,South,22171.0,16808.0,,05:34:14,05:34:14,13,1073,179th Ave SE & 147th St SE,1.0,0.0
2025-10-20,424,South,22171.0,16808.0,,05:35:22,05:35:45,14,1070,179th Ave SE & Stanton St SE,3.0,0.0
2025-10-20,424,South,22171.0,16808.0,,05:37:03,05:37:26,15,2596,154th St SE & 175th Ave SE,1.0,0.0
2025-10-20,424,South,22171.0,16808.0,,05:38:07,05:38:07,16,2598,154th St SE & Mulberry Dr,0.0,0.0
2025-10-20,424,South,22171.0,16808.0,,05:38:45,05:39:12,17,3067,154th St SE & 168th Ave SE,1.0,0.0
2025-10-20,424,South,22171.0,16808.0,,05:40:37,05:40:37,18,2603,Fryelands Blvd & 156th St SE,0.0,0.0
2025-10-20,424,South,22171.0,16808.0,05:36:00,05:41:06,05:41:06,19,3065,Fryelands Blvd & 161st St SE,0.0,0.0
2025-10-20,424,South,22171.0,16808.0,05:49:00,05:57:34,05:57:34,21,2705,Hwy 522 & 132nd Ave NE Flyer Stop,0.0,0.0
2025-10-20,424,South,22171.0,16808.0,05:54:00,06:02:14,06:02:36,22,2851,Totem Lake Fwy Station,3.0,1.0
2025-10-20,424,South,22171.0,16808.0,06:07:00,06:11:54,06:12:27,24,1859,Evergreen Point Fwy Station,0.0,3.0
2025-10-20,424,South,22171.0,16808.0,06:18:00,06:20:52,06:21:08,25,1909,Stewart St & 9th Ave,0.0,2.0
2025-10-20,424,South,22171.0,16808.0,,06:22:38,06:22:56,26,1908,Stewart St & 7th Ave,0.0,7.0
2025-10-20,424,South,22171.0,16808.0,,06:24:21,06:24:21,27,1907,Stewart St & 4th Ave,0.0,0.0
2025-10-20,424,South,22171.0,16808.0,,06:24:52,06:25:08,28,1079,2nd Ave & Stewart St,0.0,1.0
2025-10-20,424,South,22171.0,16808.0,06:25:00,06:26:16,06:26:33,29,2909,2nd Ave & Seneca St,0.0,4.0
2025-10-20,424,South,22171.0,16808.0,,06:28:09,06:28:28,30,2631,2nd Ave & Cherry St,0.0,1.0
2025-10-20,424,South,22171.0,16808.0,06:31:00,06:29:47,06:29:47,31,2349,2nd Ave Ext S & Yesler Way,0.0,2.0
2025-10-20,424,South,22172.0,19818.0,06:30:00,,,0,1349,Snohomish Park & Ride Bay 1,,
2025-10-20,424,South,22172.0,19818.0,,06:31:05,06:31:05,1,3128,Ave D & 14th St SE,0.0,0.0
2025-10-20,424,South,22172.0,19818.0,,06:31:54,06:31:54,2,1353,Ave D & 13th St,0.0,0.0
2025-10-20,424,South,22172.0,19818.0,,06:32:36,06:33:04,3,1351,Ave D & Bonneville Ave,1.0,0.0
2025-10-20,424,South,22172.0,19818.0,,06:34:06,06:34:06,4,1350,Ave D & Fifth St,0.0,0.0
2025-10-20,424,South,22172.0,19818.0,06:32:00,06:34:33,06:34:33,5,1352,Ave D & Third St,0.0,0.0
2025-10-20,424,South,22172.0,19818.0,,06:36:17,06:36:17,6,242,Second St & Ave C,0.0,0.0
2025-10-20,424,South,22172.0,19818.0,,06:36:32,06:36:32,7,241,Second St & Ave A,0.0,0.0
2025-10-20,424,South,22172.0,19818.0,,06:36:58,06:36:58,8,243,Second St & Maple Ave,0.0,0.0
2025-10-20,424,South,22172.0,19818.0,,06:37:31,06:37:31,9,244,Second St & Pine Ave,0.0,0.0
2025-10-20,424,South,22172.0,19818.0,,06:38:03,06:38:03,10,369,92nd St SE & 113th Dr SE,5.0,5.0
2025-10-20,424,South,22172.0,19818.0,,06:50:57,06:50:57,11,552,Hwy 2 & Fryelands Blvd SE,0.0,0.0
2025-10-20,424,South,22172.0,19818.0,06:43:00,06:52:17,06:53:01,12,1928,Monroe Park & Ride Bay 1,10.0,0.0
2025-10-20,424,South,22172.0,19818.0,,06:56:32,06:56:32,13,1073,179th Ave SE & 147th St SE,0.0,0.0
2025-10-20,424,South,22172.0,19818.0,,06:57:23,06:57:23,14,1070,179th Ave SE & Stanton St SE,0.0,0.0
2025-10-20,424,South,22172.0,19818.0,,06:58:38,06:58:38,15,2596,154th St SE & 175th Ave SE,0.0,0.0
2025-10-20,424,South,22172.0,19818.0,,06:59:09,06:59:09,16,2598,154th St SE & Mulberry Dr,0.0,0.0
2025-10-20,424,South,22172.0,19818.0,,06:59:41,07:00:00,17,3067,154th St SE & 168th Ave SE,1.0,0.0
2025-10-20,424,South,22172.0,19818.0,,07:01:40,07:01:40,18,2603,Fryelands Blvd & 156th St SE,1.0,0.0
2025-10-20,424,South,22172.0,19818.0,06:52:00,07:03:21,07:04:00,19,3065,Fryelands Blvd & 161st St SE,6.0,0.0
2025-10-20,424,South,22172.0,19818.0,07:11:00,07:31:28,07:31:53,21,2705,Hwy 522 & 132nd Ave NE Flyer Stop,1.0,1.0
2025-10-20,424,South,22172.0,19818.0,07:19:00,07:42:21,07:43:21,22,2851,Totem Lake Fwy Station,6.0,3.0
2025-10-20,424,South,22172.0,19818.0,07:39:00,07:55:45,07:56:02,24,1859,Evergreen Point Fwy Station,0.0,3.0
2025-10-20,424,South,22172.0,19818.0,07:54:00,08:08:39,08:09:41,25,1909,Stewart St & 9th Ave,2.0,5.0
2025-10-20,424,South,22172.0,19818.0,,08:10:41,08:11:04,26,1908,Stewart St & 7th Ave,0.0,3.0
2025-10-20,424,South,22172.0,19818.0,,08:12:21,08:12:34,27,1907,Stewart St & 4th Ave,0.0,0.0
2025-10-20,424,South,22172.0,19818.0,,08:13:17,08:13:46,28,1079,2nd Ave & Stewart St,0.0,5.0
2025-10-20,424,South,22172.0,19818.0,08:05:00,08:17:27,08:18:04,29,2909,2nd Ave & Seneca St,0.0,5.0
2025-10-20,424,South,22172.0,19818.0,,08:19:03,08:19:16,30,2631,2nd Ave & Cherry St,0.0,1.0
2025-10-20,424,South,22172.0,19818.0,08:12:00,08:21:27,08:21:27,31,2349,2nd Ave Ext S & Yesler Way,0.0,2.0
2025-10-21,424,North,22169.0,19819.0,15:35:00,15:38:19,15:38:19,0,640,4th Ave S & S Jackson St,3.0,0.0
2025-10-21,424,North,22169.0,19819.0,,,,1,635,4th Ave S & S Washington St,,
2025-10-21,424,North,22169.0,19819.0,,15:40:01,15:40:40,2,2638,4th Ave & Cherry St,6.0,0.0
2025-10-21,424,North,22169.0,19819.0,,15:42:17,15:43:14,3,641,4th Ave & Seneca St,7.0,0.0
2025-10-21,424,North,22169.0,19819.0,15:40:00,15:44:53,15:45:19,4,2976,4th Ave & Pine St,0.0,0.0
2025-10-21,424,North,22169.0,19819.0,,15:46:33,15:47:38,5,473,Olive Way & 6th Ave,9.0,0.0
2025-10-21,424,North,22169.0,19819.0,15:45:00,15:49:30,15:49:57,6,476,Olive Way & Terry Ave,3.0,0.0
2025-10-21,424,North,22169.0,19819.0,15:53:00,15:57:46,15:58:22,7,497,Evergreen Point Fwy Station,3.0,3.0
2025-10-21,424,North,22169.0,19819.0,16:12:00,16:12:37,16:13:32,9,2850,Totem Lake Fwy Station,3.0,19.0
2025-10-21,424,North,22169.0,19819.0,16:20:00,16:24:44,16:24:59,10,2704,Hwy 522 & 132nd Ave NE Flyer Stop,0.0,2.0
2025-10-21,424,North,22169.0,19819.0,16:46:00,16:55:30,16:55:56,12,3064,Fryelands Blvd & 161st St SE,0.0,2.0
2025-10-21,424,North,22169.0,19819.0,,16:56:30,16:56:30,13,2602,Fryelands Blvd & 156th St SE,0.0,0.0
2025-10-21,424,North,22169.0,19819.0,,16:57:53,16:57:53,14,3066,154th St SE & 168th Ave SE,0.0,0.0
2025-10-21,424,North,22169.0,19819.0,,16:58:34,16:58:44,15,2599,154th St SE & Mulberry Dr,0.0,0.0
2025-10-21,424,North,22169.0,19819.0,,16:59:26,16:59:38,16,2597,154th St SE & Lin Ave SE,1.0,2.0
2025-10-21,424,North,22169.0,19819.0,,17:01:06,17:01:16,17,589,179th Ave SE & Stanton St,0.0,1.0
2025-10-21,424,North,22169.0,19819.0,,17:02:04,17:02:26,18,585,179th Ave SE & 147th St SE,0.0,1.0
2025-10-21,424,North,22169.0,19819.0,,17:04:56,17:05:20,19,1915,Hwy 2 & 179th Ave SE,0.0,1.0
2025-10-21,424,North,22169.0,19819.0,16:55:00,17:06:06,17:06:23,20,1928,Monroe Park & Ride Bay 1,0.0,2.0
2025-10-21,424,North,22169.0,19819.0,,17:09:33,17:09:33,21,1922,Hwy 2 & Roosevelt Rd (East),0.0,0.0
2025-10-21,424,North,22169.0,19819.0,,17:15:43,17:15:43,22,1740,92nd St SE & 113th Dr SE,0.0,0.0
2025-10-21,424,North,22169.0,19819.0,,17:16:24,17:16:24,23,1628,Second St & Pine Ave,0.0,0.0
2025-10-21,424,North,22169.0,19819.0,,17:16:48,17:16:48,24,3131,2nd St & Cedar Ave,0.0,0.0
2025-10-21,424,North,22169.0,19819.0,,17:17:02,17:17:02,25,1629,Second St & Ave A,0.0,0.0
2025-10-21,424,North,22169.0,19819.0,,17:18:42,17:18:42,26,1626,Second St & Ave C,0.0,0.0
2025-10-21,424,North,22169.0,19819.0,17:10:00,17:19:12,17:19:12,27,858,Ave D & Third St,0.0,0.0
2025-10-21,424,North,22169.0,19819.0,,17:20:50,17:20:50,28,859,Ave D & Fifth St,0.0,0.0
2025-10-21,424,North,22169.0,19819.0,,17:25:06,17:25:33,29,860,Ave D & 10th St,0.0,1.0
2025-10-21,424,North,22169.0,19819.0,,17:26:49,17:27:05,30,857,Ave D & 13th St,0.0,1.0
2025-10-21,424,North,22169.0,19819.0,,17:27:25,17:27:25,31,3127,Ave D & Ferguson Park Rd,0.0,0.0
2025-10-21,424,North,22169.0,19819.0,17:19:00,17:27:59,17:27:59,32,861,Snohomish Park & Ride Bay 2,0.0,0.0
2025-10-21,424,North,22170.0,21801.0,17:10:00,17:15:17,17:15:17,0,640,4th Ave S & S Jackson St,4.0,0.0
2025-10-21,424,North,22170.0,21801.0,,17:16:38,17:16:38,1,635,4th Ave S & S Washington St,0.0,0.0
2025-10-21,424,North,22170.0,21801.0,,17:17:43,17:18:17,2,2638,4th Ave & Cherry St,5.0,0.0
2025-10-21,424,North,22170.0,21801.0,,17:20:34,17:21:32,3,641,4th Ave & Seneca St,5.0,0.0
2025-10-21,424,North,22170.0,21801.0,17:16:00,17:24:48,17:25:20,4,2976,4th Ave & Pine St,4.0,0.0
2025-10-21,424,North,22170.0,21801.0,,17:27:01,17:28:05,5,473,Olive Way & 6th Ave,10.0,1.0
2025-10-21,424,North,22170.0,21801.0,17:21:00,17:29:56,17:30:23,6,476,Olive Way & Terry Ave,3.0,0.0
2025-10-21,424,North,22170.0,21801.0,17:31:00,17:39:23,17:39:57,7,497,Evergreen Point Fwy Station,3.0,3.0
2025-10-21,424,North,22170.0,21801.0,17:53:00,18:00:29,18:01:31,9,2850,Totem Lake Fwy Station,5.0,21.0
2025-10-21,424,North,22170.0,21801.0,18:00:00,18:11:15,18:11:35,10,2704,Hwy 522 & 132nd Ave NE Flyer Stop,0.0,3.0
2025-10-21,424,North,22170.0,21801.0,18:20:00,18:31:24,18:31:24,12,3064,Fryelands Blvd & 161st St SE,0.0,0.0
2025-10-21,424,North,22170.0,21801.0,,18:31:59,18:32:09,13,2602,Fryelands Blvd & 156th St SE,0.0,1.0
2025-10-21,424,North,22170.0,21801.0,,18:33:34,18:33:34,14,3066,154th St SE & 168th Ave SE,0.0,0.0
2025-10-21,424,North,22170.0,21801.0,,18:34:09,18:34:09,15,2599,154th St SE & Mulberry Dr,0.0,0.0
2025-10-21,424,North,22170.0,21801.0,,18:34:38,18:34:38,16,2597,154th St SE & Lin Ave SE,0.0,0.0
2025-10-21,424,North,22170.0,21801.0,,18:36:02,18:36:21,17,589,179th Ave SE & Stanton St,0.0,3.0
2025-10-21,424,North,22170.0,21801.0,,18:37:11,18:37:11,18,585,179th Ave SE & 147th St SE,0.0,0.0
2025-10-21,424,North,22170.0,21801.0,,18:38:16,18:38:16,19,1915,Hwy 2 & 179th Ave SE,0.0,0.0
2025-10-21,424,North,22170.0,21801.0,18:30:00,18:39:00,18:39:35,20,1928,Monroe Park & Ride Bay 1,0.0,4.0
2025-10-21,424,North,22170.0,21801.0,,18:42:49,18:42:49,21,1922,Hwy 2 & Roosevelt Rd (East),0.0,0.0
2025-10-21,424,North,22170.0,21801.0,,18:49:08,18:49:08,22,1740,92nd St SE & 113th Dr SE,0.0,0.0
2025-10-21,424,North,22170.0,21801.0,,18:50:02,18:50:02,23,1628,Second St & Pine Ave,0.0,0.0
2025-10-21,424,North,22170.0,21801.0,,18:50:45,18:50:45,24,3131,2nd St & Cedar Ave,0.0,0.0
2025-10-21,424,North,22170.0,21801.0,,18:51:07,18:51:31,25,1629,Second St & Ave A,0.0,1.0
2025-10-21,424,North,22170.0,21801.0,,18:52:12,18:52:34,26,1626,Second St & Ave C,1.0,1.0
2025-10-21,424,North,22170.0,21801.0,18:44:00,18:53:08,18:53:08,27,858,Ave D & Third St,0.0,0.0
2025-10-21,424,North,22170.0,21801.0,,18:53:45,18:54:15,28,859,Ave D & Fifth St,0.0,1.0
2025-10-21,424,North,22170.0,21801.0,,18:55:24,18:55:40,29,860,Ave D & 10th St,0.0,1.0
2025-10-21,424,North,22170.0,21801.0,,18:56:35,18:56:35,30,857,Ave D & 13th St,0.0,0.0
2025-10-21,424,North,22170.0,21801.0,,18:56:46,18:56:46,31,3127,Ave D & Ferguson Park Rd,0.0,0.0
2025-10-21,424,North,22170.0,21801.0,18:54:00,18:57:27,18:57:27,32,861,Snohomish Park & Ride Bay 2,0.0,0.0
2025-10-21,424,South,22171.0,16800.0,05:15:00,05:15:08,05:15:08,0,1349,Snohomish Park & Ride Bay 1,0.0,0.0
2025-10-21,424,South,22171.0,16800.0,,05:15:51,05:15:51,1,3128,Ave D & 14th St SE,0.0,0.0
2025-10-21,424,South,22171.0,16800.0,,05:16:24,05:16:24,2,1353,Ave D & 13th St,0.0,0.0
2025-10-21,424,South,22171.0,16800.0,,05:17:04,05:17:27,3,1351,Ave D & Bonneville Ave,2.0,0.0
2025-10-21,424,South,22171.0,16800.0,,05:18:23,05:18:23,4,1350,Ave D & Fifth St,0.0,0.0
2025-10-21,424,South,22171.0,16800.0,05:17:00,05:18:46,05:18:46,5,1352,Ave D & Third St,0.0,0.0
2025-10-21,424,South,22171.0,16800.0,,05:19:45,05:19:45,6,242,Second St & Ave C,0.0,0.0
2025-10-21,424,South,22171.0,16800.0,,05:20:09,05:20:28,7,241,Second St & Ave A,1.0,0.0
2025-10-21,424,South,22171.0,16800.0,,05:21:07,05:21:07,8,243,Second St & Maple Ave,0.0,0.0
2025-10-21,424,South,22171.0,16800.0,,05:21:27,05:21:27,9,244,Second St & Pine Ave,0.0,0.0
2025-10-21,424,South,22171.0,16800.0,,05:22:00,05:22:00,10,369,92nd St SE & 113th Dr SE,0.0,0.0
2025-10-21,424,South,22171.0,16800.0,,05:28:25,05:28:25,11,552,Hwy 2 & Fryelands Blvd SE,0.0,0.0
2025-10-21,424,South,22171.0,16800.0,05:27:00,05:29:39,05:30:25,12,1928,Monroe Park & Ride Bay 1,5.0,0.0
2025-10-21,424,South,22171.0,16800.0,,05:32:43,05:32:43,13,1073,179th Ave SE & 147th St SE,1.0,0.0
2025-10-21,424,South,22171.0,16800.0,,05:33:50,05:34:11,14,1070,179th Ave SE & Stanton St SE,2.0,0.0
2025-10-21,424,South,22171.0,16800.0,,05:35:30,05:35:52,15,2596,154th St SE & 175th Ave SE,1.0,0.0
2025-10-21,424,South,22171.0,16800.0,,05:36:38,05:36:51,16,2598,154th St SE & Mulberry Dr,1.0,0.0
2025-10-21,424,South,22171.0,16800.0,,05:37:37,05:38:00,17,3067,154th St SE & 168th Ave SE,1.0,0.0
2025-10-21,424,South,22171.0,16800.0,,05:39:27,05:39:27,18,2603,Fryelands Blvd & 156th St SE,0.0,0.0
2025-10-21,424,South,22171.0,16800.0,05:36:00,05:39:55,05:39:55,19,3065,Fryelands Blvd & 161st St SE,0.0,0.0
2025-10-21,424,South,22171.0,16800.0,05:49:00,05:55:02,05:55:02,21,2705,Hwy 522 & 132nd Ave NE Flyer Stop,0.0,0.0
2025-10-21,424,South,22171.0,16800.0,05:54:00,06:00:01,06:00:26,22,2851,Totem Lake Fwy Station,4.0,1.0
2025-10-21,424,South,22171.0,16800.0,06:07:00,06:09:50,06:10:06,24,1859,Evergreen Point Fwy Station,0.0,1.0
2025-10-21,424,South,22171.0,16800.0,06:18:00,06:19:03,06:20:13,25,1909,Stewart St & 9th Ave,1.0,3.0
2025-10-21,424,South,22171.0,16800.0,,06:21:07,06:21:23,26,1908,Stewart St & 7th Ave,0.0,5.0
2025-10-21,424,South,22171.0,16800.0,,06:22:50,06:23:06,27,1907,Stewart St & 4th Ave,0.0,4.0
2025-10-21,424,South,22171.0,16800.0,,06:24:44,06:24:44,28,1079,2nd Ave & Stewart St,0.0,0.0
2025-10-21,424,South,22171.0,16800.0,06:25:00,06:26:18,06:26:33,29,2909,2nd Ave & Seneca St,0.0,2.0
2025-10-21,424,South,22171.0,16800.0,,06:27:58,06:28:25,30,2631,2nd Ave & Cherry St,0.0,3.0
2025-10-21,424,South,22171.0,16800.0,06:31:00,06:29:47,06:29:47,31,2349,2nd Ave Ext S & Yesler Way,0.0,0.0
2025-10-21,424,South,22172.0,21802.0,06:30:00,06:30:02,06:30:02,0,1349,Snohomish Park & Ride Bay 1,0.0,0.0
2025-10-21,424,South,22172.0,21802.0,,06:30:42,06:30:42,1,3128,Ave D & 14th St SE,0.0,0.0
2025-10-21,424,South,22172.0,21802.0,,06:31:44,06:31:44,2,1353,Ave D & 13th St,0.0,0.0
2025-10-21,424,South,22172.0,21802.0,,06:32:23,06:32:48,3,1351,Ave D & Bonneville Ave,1.0,0.0
2025-10-21,424,South,22172.0,21802.0,,06:33:40,06:33:40,4,1350,Ave D & Fifth St,0.0,0.0
2025-10-21,424,South,22172.0,21802.0,06:32:00,06:34:02,06:34:02,5,1352,Ave D & Third St,0.0,0.0
2025-10-21,424,South,22172.0,21802.0,,06:35:12,06:35:12,6,242,Second St & Ave C,0.0,0.0
2025-10-21,424,South,22172.0,21802.0,,06:35:29,06:35:29,7,241,Second St & Ave A,0.0,0.0
2025-10-21,424,South,22172.0,21802.0,,06:36:03,06:36:03,8,243,Second St & Maple Ave,0.0,0.0
2025-10-21,424,South,22172.0,21802.0,,06:36:30,06:36:30,9,244,Second St & Pine Ave,0.0,0.0
2025-10-21,424,South,22172.0,21802.0,,06:37:01,06:37:01,10,369,92nd St SE & 113th Dr SE,0.0,0.0
2025-10-21,424,South,22172.0,21802.0,,06:43:31,06:43:31,11,552,Hwy 2 & Fryelands Blvd SE,0.0,0.0
2025-10-21,424,South,22172.0,21802.0,06:43:00,06:45:06,06:45:49,12,1928,Monroe Park & Ride Bay 1,6.0,0.0
2025-10-21,424,South,22172.0,21802.0,,06:47:34,06:47:34,13,1073,179th Ave SE & 147th St SE,0.0,0.0
2025-10-21,424,South,22172.0,21802.0,,06:48:11,06:48:11,14,1070,179th Ave SE & Stanton St SE,0.0,0.0
2025-10-21,424,South,22172.0,21802.0,,06:49:17,06:49:17,15,2596,154th St SE & 175th Ave SE,0.0,0.0
2025-10-21,424,South,22172.0,21802.0,,06:49:48,06:49:48,16,2598,154th St SE & Mulberry Dr,0.0,0.0
2025-10-21,424,South,22172.0,21802.0,,06:50:32,06:50:32,17,3067,154th St SE & 168th Ave SE,0.0,0.0
2025-10-21,424,South,22172.0,21802.0,,06:51:58,06:51:58,18,2603,Fryelands Blvd & 156th St SE,0.0,0.0
2025-10-21,424,South,22172.0,21802.0,06:52:00,06:52:34,06:53:20,19,3065,Fryelands Blvd & 161st St SE,5.0,0.0
2025-10-21,424,South,22172.0,21802.0,07:11:00,07:26:58,07:27:28,21,2705,Hwy 522 & 132nd Ave NE Flyer Stop,4.0,1.0
2025-10-21,424,South,22172.0,21802.0,07:19:00,07:38:08,07:38:52,22,2851,Totem Lake Fwy Station,11.0,3.0
2025-10-21,424,South,22172.0,21802.0,07:39:00,07:50:29,07:50:48,24,1859,Evergreen Point Fwy Station,2.0,2.0
2025-10-21,424,South,22172.0,21802.0,07:54:00,08:01:44,08:02:00,25,1909,Stewart St & 9th Ave,0.0,1.0
2025-10-21,424,South,22172.0,21802.0,,08:03:07,08:03:37,26,1908,Stewart St & 7th Ave,0.0,9.0
2025-10-21,424,South,22172.0,21802.0,,08:04:53,08:05:14,27,1907,Stewart St & 4th Ave,0.0,8.0
2025-10-21,424,South,22172.0,21802.0,,08:07:04,08:07:25,28,1079,2nd Ave & Stewart St,0.0,4.0
2025-10-21,424,South,22172.0,21802.0,08:05:00,08:09:45,08:09:56,29,2909,2nd Ave & Seneca St,0.0,1.0
2025-10-21,424,South,22172.0,21802.0,,08:11:35,08:11:50,30,2631,2nd Ave & Cherry St,0.0,0.0
2025-10-21,424,South,22172.0,21802.0,08:12:00,08:13:08,08:13:08,31,2349,2nd Ave Ext S & Yesler Way,0.0,0.0
2025-10-22,424,North,22169.0,16807.0,15:35:00,15:34:59,15:34:59,0,640,4th Ave S & S Jackson St,6.0,0.0
2025-10-22,424,North,22169.0,16807.0,,15:36:33,15:36:43,1,635,4th Ave S & S Washington St,0.0,0.0
2025-10-22,424,North,22169.0,16807.0,,15:38:19,15:39:05,2,2638,4th Ave & Cherry St,8.0,0.0
2025-10-22,424,North,22169.0,16807.0,,15:42:03,15:43:28,3,641,4th Ave & Seneca St,11.0,0.0
2025-10-22,424,North,22169.0,16807.0,15:40:00,15:44:35,15:45:30,4,2976,4th Ave & Pine St,5.0,0.0
2025-10-22,424,North,22169.0,16807.0,,15:46:39,15:47:34,5,473,Olive Way & 6th Ave,12.0,0.0
2025-10-22,424,North,22169.0,16807.0,15:45:00,15:48:20,15:49:05,6,476,Olive Way & Terry Ave,8.0,0.0
2025-10-22,424,North,22169.0,16807.0,15:53:00,15:56:42,15:57:13,7,497,Evergreen Point Fwy Station,1.0,7.0
2025-10-22,424,North,22169.0,16807.0,16:12:00,16:08:20,16:08:55,9,2850,Totem Lake Fwy Station,0.0,26.0
2025-10-22,424,North,22169.0,16807.0,16:20:00,16:18:38,16:19:00,10,2704,Hwy 522 & 132nd Ave NE Flyer Stop,0.0,8.0
2025-10-22,424,North,22169.0,16807.0,16:46:00,16:39:52,16:40:13,12,3064,Fryelands Blvd & 161st St SE,0.0,3.0
2025-10-22,424,North,22169.0,16807.0,,16:40:48,16:40:48,13,2602,Fryelands Blvd & 156th St SE,0.0,0.0
2025-10-22,424,North,22169.0,16807.0,,16:42:12,16:42:12,14,3066,154th St SE & 168th Ave SE,0.0,0.0
2025-10-22,424,North,22169.0,16807.0,,16:42:51,16:43:02,15,2599,154th St SE & Mulberry Dr,0.0,1.0
2025-10-22,424,North,22169.0,16807.0,,16:43:41,16:43:52,16,2597,154th St SE & Lin Ave SE,0.0,1.0
2025-10-22,424,North,22169.0,16807.0,,16:45:19,16:45:19,17,589,179th Ave SE & Stanton St,0.0,0.0
2025-10-22,424,North,22169.0,16807.0,,16:45:56,16:45:56,18,585,179th Ave SE & 147th St SE,0.0,0.0
2025-10-22,424,North,22169.0,16807.0,,16:47:23,16:47:23,19,1915,Hwy 2 & 179th Ave SE,0.0,0.0
2025-10-22,424,North,22169.0,16807.0,16:55:00,16:48:07,16:48:31,20,1928,Monroe Park & Ride Bay 1,0.0,5.0
2025-10-22,424,North,22169.0,16807.0,,16:51:58,16:52:37,21,1922,Hwy 2 & Roosevelt Rd (East),1.0,0.0
2025-10-22,424,North,22169.0,16807.0,,16:58:57,16:58:57,22,1740,92nd St SE & 113th Dr SE,0.0,0.0
2025-10-22,424,North,22169.0,16807.0,,16:59:45,16:59:45,23,1628,Second St & Pine Ave,0.0,0.0
2025-10-22,424,North,22169.0,16807.0,,17:00:10,17:00:10,24,3131,2nd St & Cedar Ave,0.0,0.0
2025-10-22,424,North,22169.0,16807.0,,17:00:21,17:00:21,25,1629,Second St & Ave A,0.0,0.0
2025-10-22,424,North,22169.0,16807.0,,17:00:45,17:00:45,26,1626,Second St & Ave C,0.0,0.0
2025-10-22,424,North,22169.0,16807.0,17:10:00,17:01:21,17:01:21,27,858,Ave D & Third St,0.0,0.0
2025-10-22,424,North,22169.0,16807.0,,17:01:51,17:01:51,28,859,Ave D & Fifth St,0.0,0.0
2025-10-22,424,North,22169.0,16807.0,,17:02:43,17:02:43,29,860,Ave D & 10th St,0.0,0.0
2025-10-22,424,North,22169.0,16807.0,,17:04:11,17:04:41,30,857,Ave D & 13th St,0.0,1.0
2025-10-22,424,North,22169.0,16807.0,,17:04:57,17:04:57,31,3127,Ave D & Ferguson Park Rd,0.0,0.0
2025-10-22,424,North,22169.0,16807.0,17:19:00,17:05:33,17:05:33,32,861,Snohomish Park & Ride Bay 2,0.0,0.0
2025-10-22,424,North,22170.0,21813.0,17:10:00,17:12:02,17:12:02,0,640,4th Ave S & S Jackson St,5.0,0.0
2025-10-22,424,North,22170.0,21813.0,,17:12:33,17:13:00,1,635,4th Ave S & S Washington St,0.0,1.0
2025-10-22,424,North,22170.0,21813.0,,17:16:01,17:16:48,2,2638,4th Ave & Cherry St,6.0,0.0
2025-10-22,424,North,22170.0,21813.0,,17:22:08,17:22:44,3,641,4th Ave & Seneca St,5.0,0.0
2025-10-22,424,North,22170.0,21813.0,17:16:00,17:24:36,17:25:13,4,2976,4th Ave & Pine St,6.0,0.0
2025-10-22,424,North,22170.0,21813.0,,17:27:07,17:28:03,5,473,Olive Way & 6th Ave,8.0,0.0
2025-10-22,424,North,22170.0,21813.0,17:21:00,17:28:50,17:29:37,6,476,Olive Way & Terry Ave,4.0,1.0
2025-10-22,424,North,22170.0,21813.0,17:31:00,17:40:04,17:40:45,7,497,Evergreen Point Fwy Station,3.0,4.0
2025-10-22,424,North,22170.0,21813.0,17:53:00,17:58:27,17:59:14,9,2850,Totem Lake Fwy Station,2.0,21.0
2025-10-22,424,North,22170.0,21813.0,18:00:00,18:09:15,18:09:34,10,2704,Hwy 522 & 132nd Ave NE Flyer Stop,0.0,2.0
2025-10-22,424,North,22170.0,21813.0,18:20:00,18:25:25,18:25:45,12,3064,Fryelands Blvd & 161st St SE,0.0,2.0
2025-10-22,424,North,22170.0,21813.0,,18:26:29,18:26:42,13,2602,Fryelands Blvd & 156th St SE,0.0,1.0
2025-10-22,424,North,22170.0,21813.0,,18:28:17,18:28:17,14,3066,154th St SE & 168th Ave SE,0.0,0.0
2025-10-22,424,North,22170.0,21813.0,,18:28:58,18:28:58,15,2599,154th St SE & Mulberry Dr,0.0,0.0
2025-10-22,424,North,22170.0,21813.0,,18:29:29,18:29:29,16,2597,154th St SE & Lin Ave SE,0.0,0.0
2025-10-22,424,North,22170.0,21813.0,,18:30:52,18:31:05,17,589,179th Ave SE & Stanton St,0.0,1.0
2025-10-22,424,North,22170.0,21813.0,,18:31:53,18:31:53,18,585,179th Ave SE & 147th St SE,0.0,0.0
2025-10-22,424,North,22170.0,21813.0,,18:34:41,18:34:54,19,1915,Hwy 2 & 179th Ave SE,0.0,1.0
2025-10-22,424,North,22170.0,21813.0,18:30:00,18:35:49,18:36:26,20,1928,Monroe Park & Ride Bay 1,0.0,4.0
2025-10-22,424,North,22170.0,21813.0,,18:39:54,18:39:54,21,1922,Hwy 2 & Roosevelt Rd (East),0.0,0.0
2025-10-22,424,North,22170.0,21813.0,,18:46:18,18:46:18,22,1740,92nd St SE & 113th Dr SE,0.0,0.0
2025-10-22,424,North,22170.0,21813.0,,18:47:30,18:47:30,23,1628,Second St & Pine Ave,0.0,0.0
2025-10-22,424,North,22170.0,21813.0,,18:48:00,18:48:00,24,3131,2nd St & Cedar Ave,0.0,0.0
2025-10-22,424,North,22170.0,21813.0,,18:48:22,18:48:40,25,1629,Second St & Ave A,0.0,1.0
2025-10-22,424,North,22170.0,21813.0,,18:49:38,18:49:38,26,1626,Second St & Ave C,0.0,0.0
2025-10-22,424,North,22170.0,21813.0,18:44:00,18:50:31,18:50:31,27,858,Ave D & Third St,0.0,0.0
2025-10-22,424,North,22170.0,21813.0,,18:51:00,18:51:00,28,859,Ave D & Fifth St,0.0,0.0
2025-10-22,424,North,22170.0,21813.0,,18:51:56,18:51:56,29,860,Ave D & 10th St,0.0,0.0
2025-10-22,424,North,22170.0,21813.0,,18:52:45,18:52:45,30,857,Ave D & 13th St,0.0,0.0
2025-10-22,424,North,22170.0,21813.0,,18:52:56,18:52:56,31,3127,Ave D & Ferguson Park Rd,0.0,0.0
2025-10-22,424,North,22170.0,21813.0,18:54:00,18:53:35,18:53:35,32,861,Snohomish Park & Ride Bay 2,0.0,0.0
2025-10-22,424,South,22171.0,16808.0,05:15:00,05:15:07,05:15:07,0,1349,Snohomish Park & Ride Bay 1,0.0,0.0
2025-10-22,424,South,22171.0,16808.0,,05:15:55,05:15:55,1,3128,Ave D & 14th St SE,0.0,0.0
2025-10-22,424,South,22171.0,16808.0,,05:16:25,05:16:25,2,1353,Ave D & 13th St,0.0,0.0
2025-10-22,424,South,22171.0,16808.0,,05:17:07,05:17:24,3,1351,Ave D & Bonneville Ave,1.0,0.0
2025-10-22,424,South,22171.0,16808.0,,05:18:26,05:18:26,4,1350,Ave D & Fifth St,0.0,0.0
2025-10-22,424,South,22171.0,16808.0,05:17:00,05:18:52,05:18:52,5,1352,Ave D & Third St,0.0,0.0
2025-10-22,424,South,22171.0,16808.0,,05:19:30,05:19:30,6,242,Second St & Ave C,0.0,0.0
2025-10-22,424,South,22171.0,16808.0,,05:19:51,05:20:11,7,241,Second St & Ave A,1.0,0.0
2025-10-22,424,South,22171.0,16808.0,,05:20:54,05:20:54,8,243,Second St & Maple Ave,0.0,0.0
2025-10-22,424,South,22171.0,16808.0,,05:21:32,05:21:32,9,244,Second St & Pine Ave,0.0,0.0
2025-10-22,424,South,22171.0,16808.0,,05:22:06,05:22:06,10,369,92nd St SE & 113th Dr SE,0.0,0.0
2025-10-22,424,South,22171.0,16808.0,,05:28:00,05:28:00,11,552,Hwy 2 & Fryelands Blvd SE,0.0,0.0
2025-10-22,424,South,22171.0,16808.0,05:27:00,05:29:41,05:30:09,12,1928,Monroe Park & Ride Bay 1,4.0,0.0
2025-10-22,424,South,22171.0,16808.0,,05:31:54,05:31:54,13,1073,179th Ave SE & 147th St SE,1.0,0.0
2025-10-22,424,South,22171.0,16808.0,,05:33:30,05:33:50,14,1070,179th Ave SE & Stanton St SE,2.0,0.0
2025-10-22,424,South,22171.0,16808.0,,05:35:12,05:35:33,15,2596,154th St SE & 175th Ave SE,1.0,0.0
2025-10-22,424,South,22171.0,16808.0,,05:36:11,05:36:11,16,2598,154th St SE & Mulberry Dr,0.0,0.0
2025-10-22,424,South,22171.0,16808.0,,05:36:47,05:37:11,17,3067,154th St SE & 168th Ave SE,1.0,0.0
2025-10-22,424,South,22171.0,16808.0,,05:38:37,05:38:37,18,2603,Fryelands Blvd & 156th St SE,0.0,0.0
2025-10-22,424,South,22171.0,16808.0,05:36:00,05:39:08,05:39:37,19,3065,Fryelands Blvd & 161st St SE,1.0,0.0
2025-10-22,424,South,22171.0,16808.0,05:49:00,05:56:19,05:56:37,21,2705,Hwy 522 & 132nd Ave NE Flyer Stop,2.0,0.0
2025-10-22,424,South,22171.0,16808.0,05:54:00,06:01:15,06:01:42,22,2851,Totem Lake Fwy Station,4.0,1.0
2025-10-22,424,South,22171.0,16808.0,06:07:00,06:11:07,06:11:17,24,1859,Evergreen Point Fwy Station,0.0,0.0
2025-10-22,424,South,22171.0,16808.0,06:18:00,06:20:29,06:20:29,25,1909,Stewart St & 9th Ave,0.0,1.0
2025-10-22,424,South,22171.0,16808.0,,06:21:13,06:21:43,26,1908,Stewart St & 7th Ave,0.0,7.0
2025-10-22,424,South,22171.0,16808.0,,06:22:49,06:23:02,27,1907,Stewart St & 4th Ave,0.0,3.0
2025-10-22,424,South,22171.0,16808.0,,06:24:45,06:24:57,28,1079,2nd Ave & Stewart St,0.0,1.0
2025-10-22,424,South,22171.0,16808.0,06:25:00,06:26:19,06:27:03,29,2909,2nd Ave & Seneca St,0.0,2.0
2025-10-22,424,South,22171.0,16808.0,,06:27:53,06:29:01,30,2631,2nd Ave & Cherry St,0.0,3.0
2025-10-22,424,South,22171.0,16808.0,06:31:00,06:29:46,06:29:46,31,2349,2nd Ave Ext S & Yesler Way,0.0,0.0
2025-10-22,424,South,22172.0,21811.0,06:30:00,06:30:03,06:30:03,0,1349,Snohomish Park & Ride Bay 1,0.0,0.0
2025-10-22,424,South,22172.0,21811.0,,06:30:49,06:30:49,1,3128,Ave D & 14th St SE,0.0,0.0
2025-10-22,424,South,22172.0,21811.0,,06:31:19,06:31:19,2,1353,Ave D & 13th St,0.0,0.0
2025-10-22,424,South,22172.0,21811.0,,06:31:57,06:32:27,3,1351,Ave D & Bonneville Ave,1.0,0.0
2025-10-22,424,South,22172.0,21811.0,,06:33:36,06:33:36,4,1350,Ave D & Fifth St,0.0,0.0
2025-10-22,424,South,22172.0,21811.0,06:32:00,06:34:15,06:34:28,5,1352,Ave D & Third St,1.0,0.0
2025-10-22,424,South,22172.0,21811.0,,06:35:52,06:35:52,6,242,Second St & Ave C,0.0,0.0
2025-10-22,424,South,22172.0,21811.0,,06:36:12,06:36:12,7,241,Second St & Ave A,0.0,0.0
2025-10-22,424,South,22172.0,21811.0,,06:36:59,06:36:59,8,243,Second St & Maple Ave,0.0,0.0
2025-10-22,424,South,22172.0,21811.0,,06:37:38,06:37:38,9,244,Second St & Pine Ave,0.0,0.0
2025-10-22,424,South,22172.0,21811.0,,06:38:09,06:38:09,10,369,92nd St SE & 113th Dr SE,0.0,0.0
2025-10-22,424,South,22172.0,21811.0,,06:44:57,06:44:57,11,552,Hwy 2 & Fryelands Blvd SE,0.0,0.0
2025-10-22,424,South,22172.0,21811.0,06:43:00,06:46:18,06:46:57,12,1928,Monroe Park & Ride Bay 1,6.0,0.0
2025-10-22,424,South,22172.0,21811.0,,06:49:41,06:49:41,13,1073,179th Ave SE & 147th St SE,0.0,1.0
2025-10-22,424,South,22172.0,21811.0,,06:50:39,06:51:00,14,1070,179th Ave SE & Stanton St SE,1.0,0.0
2025-10-22,424,South,22172.0,21811.0,,06:52:08,06:52:08,15,2596,154th St SE & 175th Ave SE,0.0,0.0
2025-10-22,424,South,22172.0,21811.0,,06:52:38,06:52:38,16,2598,154th St SE & Mulberry Dr,0.0,0.0
2025-10-22,424,South,22172.0,21811.0,,06:53:10,06:53:10,17,3067,154th St SE & 168th Ave SE,0.0,0.0
2025-10-22,424,South,22172.0,21811.0,,06:54:30,06:54:30,18,2603,Fryelands Blvd & 156th St SE,0.0,0.0
2025-10-22,424,South,22172.0,21811.0,06:52:00,06:54:59,06:55:31,19,3065,Fryelands Blvd & 161st St SE,3.0,0.0
2025-10-22,424,South,22172.0,21811.0,07:11:00,07:30:58,07:31:20,21,2705,Hwy 522 & 132nd Ave NE Flyer Stop,3.0,1.0
2025-10-22,424,South,22172.0,21811.0,07:19:00,07:40:42,07:41:13,22,2851,Totem Lake Fwy Station,6.0,1.0
2025-10-22,424,South,22172.0,21811.0,07:39:00,07:52:10,07:52:28,24,1859,Evergreen Point Fwy Station,2.0,2.0
2025-10-22,424,South,22172.0,21811.0,07:54:00,08:03:23,08:03:59,25,1909,Stewart St & 9th Ave,0.0,1.0
2025-10-22,424,South,22172.0,21811.0,,08:04:36,08:04:54,26,1908,Stewart St & 7th Ave,0.0,4.0
2025-10-22,424,South,22172.0,21811.0,,08:06:22,08:06:45,27,1907,Stewart St & 4th Ave,1.0,5.0
2025-10-22,424,South,22172.0,21811.0,,08:08:34,08:08:54,28,1079,2nd Ave & Stewart St,0.0,3.0
2025-10-22,424,South,22172.0,21811.0,08:05:00,08:11:11,08:11:31,29,2909,2nd Ave & Seneca St,0.0,6.0
2025-10-22,424,South,22172.0,21811.0,,08:12:50,08:13:00,30,2631,2nd Ave & Cherry St,0.0,0.0
2025-10-22,424,South,22172.0,21811.0,08:12:00,08:13:30,08:13:30,31,2349,2nd Ave Ext S & Yesler Way,0.0,0.0
2025-10-23,424,North,22169.0,21805.0,15:35:00,15:37:30,15:37:30,0,640,4th Ave S & S Jackson St,8.0,0.0
2025-10-23,424,North,22169.0,21805.0,,15:37:57,15:38:21,1,635,4th Ave S & S Washington St,1.0,0.0
2025-10-23,424,North,22169.0,21805.0,,15:39:52,15:40:33,2,2638,4th Ave & Cherry St,5.0,0.0
2025-10-23,424,North,22169.0,21805.0,,15:43:21,15:44:46,3,641,4th Ave & Seneca St,6.0,0.0
2025-10-23,424,North,22169.0,21805.0,15:40:00,15:46:00,15:46:51,4,2976,4th Ave & Pine St,1.0,0.0
2025-10-23,424,North,22169.0,21805.0,,15:48:06,15:49:01,5,473,Olive Way & 6th Ave,8.0,0.0
2025-10-23,424,North,22169.0,21805.0,15:45:00,15:49:54,15:50:37,6,476,Olive Way & Terry Ave,5.0,0.0
2025-10-23,424,North,22169.0,21805.0,15:53:00,15:58:43,15:59:03,7,497,Evergreen Point Fwy Station,2.0,1.0
2025-10-23,424,North,22169.0,21805.0,16:12:00,16:16:37,16:17:18,9,2850,Totem Lake Fwy Station,1.0,18.0
2025-10-23,424,North,22169.0,21805.0,16:20:00,16:25:58,16:26:30,10,2704,Hwy 522 & 132nd Ave NE Flyer Stop,2.0,2.0
2025-10-23,424,North,22169.0,21805.0,16:46:00,16:49:59,16:50:19,12,3064,Fryelands Blvd & 161st St SE,0.0,3.0
2025-10-23,424,North,22169.0,21805.0,,16:50:52,16:50:52,13,2602,Fryelands Blvd & 156th St SE,0.0,0.0
2025-10-23,424,North,22169.0,21805.0,,16:52:06,16:52:06,14,3066,154th St SE & 168th Ave SE,0.0,0.0
2025-10-23,424,North,22169.0,21805.0,,16:52:45,16:52:45,15,2599,154th St SE & Mulberry Dr,0.0,0.0
2025-10-23,424,North,22169.0,21805.0,,16:53:18,16:53:27,16,2597,154th St SE & Lin Ave SE,0.0,1.0
2025-10-23,424,North,22169.0,21805.0,,16:54:37,16:54:37,17,589,179th Ave SE & Stanton St,0.0,0.0
2025-10-23,424,North,22169.0,21805.0,,16:55:16,16:55:16,18,585,179th Ave SE & 147th St SE,0.0,0.0
2025-10-23,424,North,22169.0,21805.0,,16:55:59,16:56:15,19,1915,Hwy 2 & 179th Ave SE,0.0,2.0
2025-10-23,424,North,22169.0,21805.0,16:55:00,16:57:08,16:57:39,20,1928,Monroe Park & Ride Bay 1,0.0,6.0
2025-10-23,424,North,22169.0,21805.0,,16:59:54,16:59:54,21,1922,Hwy 2 & Roosevelt Rd (East),0.0,0.0
2025-10-23,424,North,22169.0,21805.0,,17:06:13,17:06:13,22,1740,92nd St SE & 113th Dr SE,0.0,0.0
2025-10-23,424,North,22169.0,21805.0,,17:07:10,17:07:10,23,1628,Second St & Pine Ave,0.0,0.0
2025-10-23,424,North,22169.0,21805.0,,17:08:23,17:08:23,24,3131,2nd St & Cedar Ave,0.0,0.0
2025-10-23,424,North,22169.0,21805.0,,17:09:05,17:09:33,25,1629,Second St & Ave A,0.0,5.0
2025-10-23,424,North,22169.0,21805.0,,,,26,1626,Second St & Ave C,,
2025-10-23,424,North,22169.0,21805.0,17:10:00,17:11:55,17:11:55,27,858,Ave D & Third St,0.0,0.0
2025-10-23,424,North,22169.0,21805.0,,17:12:44,17:12:44,28,859,Ave D & Fifth St,0.0,0.0
2025-10-23,424,North,22169.0,21805.0,,17:14:35,17:15:24,29,860,Ave D & 10th St,0.0,1.0
2025-10-23,424,North,22169.0,21805.0,,17:16:45,17:16:45,30,857,Ave D & 13th St,0.0,0.0
2025-10-23,424,North,22169.0,21805.0,,17:16:54,17:16:54,31,3127,Ave D & Ferguson Park Rd,0.0,0.0
2025-10-23,424,North,22169.0,21805.0,17:19:00,17:17:39,17:17:39,32,861,Snohomish Park & Ride Bay 2,2.0,2.0
2025-10-23,424,North,22170.0,19824.0,17:10:00,17:10:24,17:10:24,0,640,4th Ave S & S Jackson St,7.0,0.0
2025-10-23,424,North,22170.0,19824.0,,17:10:55,17:11:21,1,635,4th Ave S & S Washington St,2.0,0.0
2025-10-23,424,North,22170.0,19824.0,,17:13:14,17:13:49,2,2638,4th Ave & Cherry St,5.0,0.0
2025-10-23,424,North,22170.0,19824.0,,17:16:19,17:16:52,3,641,4th Ave & Seneca St,6.0,2.0
2025-10-23,424,North,22170.0,19824.0,17:16:00,17:18:33,17:19:01,4,2976,4th Ave & Pine St,5.0,2.0
2025-10-23,424,North,22170.0,19824.0,,17:20:45,17:22:02,5,473,Olive Way & 6th Ave,5.0,0.0
2025-10-23,424,North,22170.0,19824.0,17:21:00,17:22:49,17:23:36,6,476,Olive Way & Terry Ave,4.0,0.0
2025-10-23,424,North,22170.0,19824.0,17:31:00,17:32:32,17:33:02,7,497,Evergreen Point Fwy Station,2.0,3.0
2025-10-23,424,North,22170.0,19824.0,17:53:00,17:52:23,17:52:59,9,2850,Totem Lake Fwy Station,1.0,18.0
2025-10-23,424,North,22170.0,19824.0,18:00:00,18:00:27,18:00:48,10,2704,Hwy 522 & 132nd Ave NE Flyer Stop,0.0,4.0
2025-10-23,424,North,22170.0,19824.0,18:20:00,18:22:07,18:22:41,12,3064,Fryelands Blvd & 161st St SE,0.0,0.0
2025-10-23,424,North,22170.0,19824.0,,18:23:25,18:23:36,13,2602,Fryelands Blvd & 156th St SE,0.0,1.0
2025-10-23,424,North,22170.0,19824.0,,18:25:01,18:25:26,14,3066,154th St SE & 168th Ave SE,1.0,1.0
2025-10-23,424,North,22170.0,19824.0,,18:26:04,18:26:04,15,2599,154th St SE & Mulberry Dr,0.0,0.0
2025-10-23,424,North,22170.0,19824.0,,18:26:38,18:26:38,16,2597,154th St SE & Lin Ave SE,0.0,0.0
2025-10-23,424,North,22170.0,19824.0,,18:28:02,18:28:16,17,589,179th Ave SE & Stanton St,0.0,1.0
2025-10-23,424,North,22170.0,19824.0,,18:29:21,18:29:21,18,585,179th Ave SE & 147th St SE,0.0,1.0
2025-10-23,424,North,22170.0,19824.0,,18:32:19,18:32:19,19,1915,Hwy 2 & 179th Ave SE,0.0,0.0
2025-10-23,424,North,22170.0,19824.0,18:30:00,18:33:05,18:33:23,20,1928,Monroe Park & Ride Bay 1,0.0,0.0
2025-10-23,424,North,22170.0,19824.0,,18:37:07,18:37:07,21,1922,Hwy 2 & Roosevelt Rd (East),0.0,0.0
2025-10-23,424,North,22170.0,19824.0,,18:43:32,18:43:32,22,1740,92nd St SE & 113th Dr SE,0.0,0.0
2025-10-23,424,North,22170.0,19824.0,,18:44:29,18:44:29,23,1628,Second St & Pine Ave,0.0,0.0
2025-10-23,424,North,22170.0,19824.0,,18:45:23,18:45:23,24,3131,2nd St & Cedar Ave,0.0,0.0
2025-10-23,424,North,22170.0,19824.0,,18:45:44,18:45:59,25,1629,Second St & Ave A,0.0,1.0
2025-10-23,424,North,22170.0,19824.0,,,,26,1626,Second St & Ave C,,
2025-10-23,424,North,22170.0,19824.0,18:44:00,18:47:39,18:47:56,27,858,Ave D & Third St,0.0,1.0
2025-10-23,424,North,22170.0,19824.0,,18:48:33,18:48:33,28,859,Ave D & Fifth St,0.0,0.0
2025-10-23,424,North,22170.0,19824.0,,18:49:45,18:50:06,29,860,Ave D & 10th St,0.0,2.0
2025-10-23,424,North,22170.0,19824.0,,18:51:33,18:51:47,30,857,Ave D & 13th St,0.0,1.0
2025-10-23,424,North,22170.0,19824.0,,18:52:02,18:52:02,31,3127,Ave D & Ferguson Park Rd,0.0,0.0
2025-10-23,424,North,22170.0,19824.0,18:54:00,18:52:46,18:52:46,32,861,Snohomish Park & Ride Bay 2,0.0,0.0
2025-10-23,424,South,22171.0,21806.0,05:15:00,05:15:13,05:15:13,0,1349,Snohomish Park & Ride Bay 1,0.0,0.0
2025-10-23,424,South,22171.0,21806.0,,05:15:59,05:15:59,1,3128,Ave D & 14th St SE,0.0,0.0
2025-10-23,424,South,22171.0,21806.0,,05:16:30,05:16:30,2,1353,Ave D & 13th St,0.0,0.0
2025-10-23,424,South,22171.0,21806.0,,05:17:06,05:17:26,3,1351,Ave D & Bonneville Ave,1.0,0.0
2025-10-23,424,South,22171.0,21806.0,,05:18:25,05:18:25,4,1350,Ave D & Fifth St,0.0,0.0
2025-10-23,424,South,22171.0,21806.0,05:17:00,05:18:48,05:18:48,5,1352,Ave D & Third St,0.0,0.0
2025-10-23,424,South,22171.0,21806.0,,05:19:31,05:19:31,6,242,Second St & Ave C,0.0,0.0
2025-10-23,424,South,22171.0,21806.0,,05:19:53,05:20:13,7,241,Second St & Ave A,1.0,0.0
2025-10-23,424,South,22171.0,21806.0,,05:20:54,05:20:54,8,243,Second St & Maple Ave,0.0,0.0
2025-10-23,424,South,22171.0,21806.0,,05:21:33,05:21:33,9,244,Second St & Pine Ave,0.0,0.0
2025-10-23,424,South,22171.0,21806.0,,05:22:05,05:22:05,10,369,92nd St SE & 113th Dr SE,0.0,0.0
2025-10-23,424,South,22171.0,21806.0,,05:28:05,05:28:05,11,552,Hwy 2 & Fryelands Blvd SE,0.0,0.0
2025-10-23,424,South,22171.0,21806.0,05:27:00,05:29:25,05:29:55,12,1928,Monroe Park & Ride Bay 1,3.0,0.0
2025-10-23,424,South,22171.0,21806.0,,05:31:54,05:31:54,13,1073,179th Ave SE & 147th St SE,0.0,0.0
2025-10-23,424,South,22171.0,21806.0,,05:32:34,05:32:51,14,1070,179th Ave SE & Stanton St SE,2.0,0.0
2025-10-23,424,South,22171.0,21806.0,,05:34:05,05:34:24,15,2596,154th St SE & 175th Ave SE,1.0,0.0
2025-10-23,424,South,22171.0,21806.0,,05:34:58,05:34:58,16,2598,154th St SE & Mulberry Dr,0.0,0.0
2025-10-23,424,South,22171.0,21806.0,,05:35:35,05:36:04,17,3067,154th St SE & 168th Ave SE,1.0,0.0
2025-10-23,424,South,22171.0,21806.0,,05:37:32,05:37:32,18,2603,Fryelands Blvd & 156th St SE,0.0,0.0
2025-10-23,424,South,22171.0,21806.0,05:36:00,05:38:05,05:38:36,19,3065,Fryelands Blvd & 161st St SE,1.0,0.0
2025-10-23,424,South,22171.0,21806.0,05:49:00,05:53:34,05:53:34,21,2705,Hwy 522 & 132nd Ave NE Flyer Stop,0.0,0.0
2025-10-23,424,South,22171.0,21806.0,05:54:00,05:58:23,05:58:47,22,2851,Totem Lake Fwy Station,4.0,1.0
2025-10-23,424,South,22171.0,21806.0,06:07:00,06:08:23,06:08:54,24,1859,Evergreen Point Fwy Station,3.0,0.0
2025-10-23,424,South,22171.0,21806.0,06:18:00,06:16:53,06:17:35,25,1909,Stewart St & 9th Ave,4.0,4.0
2025-10-23,424,South,22171.0,21806.0,,06:18:13,06:18:36,26,1908,Stewart St & 7th Ave,0.0,7.0
2025-10-23,424,South,22171.0,21806.0,,06:19:50,06:20:09,27,1907,Stewart St & 4th Ave,0.0,6.0
2025-10-23,424,South,22171.0,21806.0,,06:21:44,06:21:57,28,1079,2nd Ave & Stewart St,0.0,1.0
2025-10-23,424,South,22171.0,21806.0,06:25:00,06:23:26,06:24:05,29,2909,2nd Ave & Seneca St,0.0,2.0
2025-10-23,424,South,22171.0,21806.0,,06:24:44,06:24:44,30,2631,2nd Ave & Cherry St,0.0,0.0
2025-10-23,424,South,22171.0,21806.0,06:31:00,06:25:13,06:25:13,31,2349,2nd Ave Ext S & Yesler Way,0.0,0.0
2025-10-23,424,South,22172.0,16802.0,06:30:00,,,0,1349,Snohomish Park & Ride Bay 1,,
2025-10-23,424,South,22172.0,16802.0,,06:30:15,06:30:15,1,3128,Ave D & 14th St SE,0.0,0.0
2025-10-23,424,South,22172.0,16802.0,,06:31:09,06:31:09,2,1353,Ave D & 13th St,0.0,0.0
2025-10-23,424,South,22172.0,16802.0,,06:32:05,06:32:31,3,1351,Ave D & Bonneville Ave,1.0,0.0
2025-10-23,424,South,22172.0,16802.0,,06:33:28,06:33:28,4,1350,Ave D & Fifth St,0.0,0.0
2025-10-23,424,South,22172.0,16802.0,06:32:00,06:33:54,06:35:00,5,1352,Ave D & Third St,1.0,0.0
2025-10-23,424,South,22172.0,16802.0,,06:37:10,06:37:10,6,242,Second St & Ave C,0.0,0.0
2025-10-23,424,South,22172.0,16802.0,,06:37:39,06:37:39,7,241,Second St & Ave A,0.0,0.0
2025-10-23,424,South,22172.0,16802.0,,06:38:17,06:38:17,8,243,Second St & Maple Ave,0.0,0.0
2025-10-23,424,South,22172.0,16802.0,,06:39:02,06:39:02,9,244,Second St & Pine Ave,0.0,0.0
2025-10-23,424,South,22172.0,16802.0,,06:39:35,06:39:35,10,369,92nd St SE & 113th Dr SE,0.0,0.0
2025-10-23,424,South,22172.0,16802.0,,06:46:17,06:46:17,11,552,Hwy 2 & Fryelands Blvd SE,0.0,0.0
2025-10-23,424,South,22172.0,16802.0,06:43:00,06:47:43,06:48:24,12,1928,Monroe Park & Ride Bay 1,6.0,1.0
2025-10-23,424,South,22172.0,16802.0,,06:51:29,06:51:29,13,1073,179th Ave SE & 147th St SE,0.0,0.0
2025-10-23,424,South,22172.0,16802.0,,06:52:07,06:52:30,14,1070,179th Ave SE & Stanton St SE,1.0,0.0
2025-10-23,424,South,22172.0,16802.0,,06:53:56,06:53:56,15,2596,154th St SE & 175th Ave SE,0.0,0.0
2025-10-23,424,South,22172.0,16802.0,,06:54:24,06:54:24,16,2598,154th St SE & Mulberry Dr,0.0,0.0
2025-10-23,424,South,22172.0,16802.0,,06:54:52,06:54:52,17,3067,154th St SE & 168th Ave SE,0.0,0.0
2025-10-23,424,South,22172.0,16802.0,,06:57:03,06:57:03,18,2603,Fryelands Blvd & 156th St SE,0.0,0.0
2025-10-23,424,South,22172.0,16802.0,06:52:00,06:57:36,06:57:59,19,3065,Fryelands Blvd & 161st St SE,2.0,0.0
2025-10-23,424,South,22172.0,16802.0,07:11:00,07:31:02,07:31:19,21,2705,Hwy 522 & 132nd Ave NE Flyer Stop,0.0,1.0
2025-10-23,424,South,22172.0,16802.0,07:19:00,07:42:38,07:43:23,22,2851,Totem Lake Fwy Station,9.0,2.0
2025-10-23,424,South,22172.0,16802.0,07:39:00,07:55:03,07:55:22,24,1859,Evergreen Point Fwy Station,1.0,2.0
2025-10-23,424,South,22172.0,16802.0,07:54:00,08:05:41,08:06:26,25,1909,Stewart St & 9th Ave,0.0,1.0
2025-10-23,424,South,22172.0,16802.0,,08:07:48,08:08:21,26,1908,Stewart St & 7th Ave,0.0,3.0
2025-10-23,424,South,22172.0,16802.0,,08:10:36,08:10:36,27,1907,Stewart St & 4th Ave,0.0,4.0
2025-10-23,424,South,22172.0,16802.0,,08:11:28,08:11:45,28,1079,2nd Ave & Stewart St,0.0,1.0
2025-10-23,424,South,22172.0,16802.0,08:05:00,08:14:28,08:14:51,29,2909,2nd Ave & Seneca St,0.0,3.0
2025-10-23,424,South,22172.0,16802.0,,08:15:45,08:15:45,30,2631,2nd Ave & Cherry St,0.0,0.0
2025-10-23,424,South,22172.0,16802.0,08:12:00,08:16:26,08:16:26,31,2349,2nd Ave Ext S & Yesler Way,0.0,3.0
2025-10-24,424,North,22169.0,19806.0,15:35:00,15:36:45,15:36:45,0,640,4th Ave S & S Jackson St,7.0,0.0
2025-10-24,424,North,22169.0,19806.0,,15:37:57,15:38:10,1,635,4th Ave S & S Washington St,1.0,0.0
2025-10-24,424,North,22169.0,19806.0,,15:39:59,15:40:24,2,2638,4th Ave & Cherry St,3.0,0.0
2025-10-24,424,North,22169.0,19806.0,,15:43:29,15:43:51,3,641,4th Ave & Seneca St,3.0,1.0
2025-10-24,424,North,22169.0,19806.0,15:40:00,15:45:37,15:46:00,4,2976,4th Ave & Pine St,1.0,0.0
2025-10-24,424,North,22169.0,19806.0,,15:47:47,15:48:58,5,473,Olive Way & 6th Ave,6.0,0.0
2025-10-24,424,North,22169.0,19806.0,15:45:00,15:50:58,15:51:15,6,476,Olive Way & Terry Ave,1.0,0.0
2025-10-24,424,North,22169.0,19806.0,15:53:00,16:02:12,16:02:31,7,497,Evergreen Point Fwy Station,1.0,1.0
2025-10-24,424,North,22169.0,19806.0,16:12:00,16:16:33,16:17:02,9,2850,Totem Lake Fwy Station,1.0,8.0
2025-10-24,424,North,22169.0,19806.0,16:20:00,16:26:43,16:27:02,10,2704,Hwy 522 & 132nd Ave NE Flyer Stop,1.0,3.0
2025-10-24,424,North,22169.0,19806.0,16:46:00,17:00:30,17:00:30,12,3064,Fryelands Blvd & 161st St SE,0.0,0.0
2025-10-24,424,North,22169.0,19806.0,,17:00:58,17:00:58,13,2602,Fryelands Blvd & 156th St SE,0.0,0.0
2025-10-24,424,North,22169.0,19806.0,,17:02:08,17:02:08,14,3066,154th St SE & 168th Ave SE,0.0,0.0
2025-10-24,424,North,22169.0,19806.0,,17:02:48,17:03:05,15,2599,154th St SE & Mulberry Dr,0.0,1.0
2025-10-24,424,North,22169.0,19806.0,,17:03:52,17:04:12,16,2597,154th St SE & Lin Ave SE,0.0,2.0
2025-10-24,424,North,22169.0,19806.0,,17:05:27,17:05:27,17,589,179th Ave SE & Stanton St,0.0,0.0
2025-10-24,424,North,22169.0,19806.0,,17:06:13,17:06:13,18,585,179th Ave SE & 147th St SE,0.0,0.0
2025-10-24,424,North,22169.0,19806.0,,17:07:49,17:08:02,19,1915,Hwy 2 & 179th Ave SE,0.0,1.0
2025-10-24,424,North,22169.0,19806.0,16:55:00,17:08:55,17:09:19,20,1928,Monroe Park & Ride Bay 1,0.0,6.0
2025-10-24,424,North,22169.0,19806.0,,17:13:20,17:13:20,21,1922,Hwy 2 & Roosevelt Rd (East),0.0,0.0
2025-10-24,424,North,22169.0,19806.0,,17:20:07,17:20:07,22,1740,92nd St SE & 113th Dr SE,0.0,0.0
2025-10-24,424,North,22169.0,19806.0,,17:20:53,17:20:53,23,1628,Second St & Pine Ave,0.0,0.0
2025-10-24,424,North,22169.0,19806.0,,17:21:26,17:21:26,24,3131,2nd St & Cedar Ave,0.0,0.0
2025-10-24,424,North,22169.0,19806.0,,17:21:51,17:22:15,25,1629,Second St & Ave A,0.0,1.0
2025-10-24,424,North,22169.0,19806.0,,,,26,1626,Second St & Ave C,,
2025-10-24,424,North,22169.0,19806.0,17:10:00,17:25:11,17:25:11,27,858,Ave D & Third St,0.0,0.0
2025-10-24,424,North,22169.0,19806.0,,17:25:54,17:26:08,28,859,Ave D & Fifth St,0.0,1.0
2025-10-24,424,North,22169.0,19806.0,,17:27:07,17:27:07,29,860,Ave D & 10th St,0.0,0.0
2025-10-24,424,North,22169.0,19806.0,,17:28:12,17:28:12,30,857,Ave D & 13th St,0.0,0.0
2025-10-24,424,North,22169.0,19806.0,,17:28:21,17:28:21,31,3127,Ave D & Ferguson Park Rd,0.0,0.0
2025-10-24,424,North,22169.0,19806.0,17:19:00,17:29:09,17:29:09,32,861,Snohomish Park & Ride Bay 2,0.0,0.0
2025-10-24,424,North,22170.0,17804.0,17:10:00,17:10:25,17:10:25,0,640,4th Ave S & S Jackson St,3.0,0.0
2025-10-24,424,North,22170.0,17804.0,,17:11:02,17:11:13,1,635,4th Ave S & S Washington St,0.0,0.0
2025-10-24,424,North,22170.0,17804.0,,17:12:53,17:13:18,2,2638,4th Ave & Cherry St,1.0,0.0
2025-10-24,424,North,22170.0,17804.0,,17:14:59,17:16:13,3,641,4th Ave & Seneca St,4.0,0.0
2025-10-24,424,North,22170.0,17804.0,17:16:00,17:17:38,17:18:21,4,2976,4th Ave & Pine St,1.0,0.0
2025-10-24,424,North,22170.0,17804.0,,17:19:25,17:20:32,5,473,Olive Way & 6th Ave,1.0,0.0
2025-10-24,424,North,22170.0,17804.0,17:21:00,17:21:17,17:22:09,6,476,Olive Way & Terry Ave,2.0,0.0
2025-10-24,424,North,22170.0,17804.0,17:31:00,17:31:33,17:31:56,7,497,Evergreen Point Fwy Station,2.0,2.0
2025-10-24,424,North,22170.0,17804.0,17:53:00,17:48:42,17:49:19,9,2850,Totem Lake Fwy Station,2.0,9.0
2025-10-24,424,North,22170.0,17804.0,18:00:00,17:57:25,17:57:38,10,2704,Hwy 522 & 132nd Ave NE Flyer Stop,0.0,0.0
2025-10-24,424,North,22170.0,17804.0,18:20:00,18:14:24,18:14:24,12,3064,Fryelands Blvd & 161st St SE,0.0,0.0
2025-10-24,424,North,22170.0,17804.0,,18:14:51,18:14:51,13,2602,Fryelands Blvd & 156th St SE,0.0,0.0
2025-10-24,424,North,22170.0,17804.0,,18:16:06,18:16:06,14,3066,154th St SE & 168th Ave SE,0.0,0.0
2025-10-24,424,North,22170.0,17804.0,,18:16:41,18:16:41,15,2599,154th St SE & Mulberry Dr,0.0,0.0
2025-10-24,424,North,22170.0,17804.0,,18:17:12,18:17:12,16,2597,154th St SE & Lin Ave SE,0.0,0.0
2025-10-24,424,North,22170.0,17804.0,,18:18:36,18:18:50,17,589,179th Ave SE & Stanton St,0.0,1.0
2025-10-24,424,North,22170.0,17804.0,,18:20:02,18:20:02,18,585,179th Ave SE & 147th St SE,0.0,4.0
2025-10-24,424,North,22170.0,17804.0,,18:22:48,18:22:48,19,1915,Hwy 2 & 179th Ave SE,0.0,0.0
2025-10-24,424,North,22170.0,17804.0,18:30:00,18:23:36,18:23:50,20,1928,Monroe Park & Ride Bay 1,0.0,0.0
2025-10-24,424,North,22170.0,17804.0,,18:27:11,18:27:11,21,1922,Hwy 2 & Roosevelt Rd (East),0.0,0.0
2025-10-24,424,North,22170.0,17804.0,,18:33:41,18:33:41,22,1740,92nd St SE & 113th Dr SE,0.0,0.0
2025-10-24,424,North,22170.0,17804.0,,18:34:30,18:34:30,23,1628,Second St & Pine Ave,0.0,0.0
2025-10-24,424,North,22170.0,17804.0,,18:35:18,18:35:18,24,3131,2nd St & Cedar Ave,0.0,0.0
2025-10-24,424,North,22170.0,17804.0,,18:35:31,18:35:31,25,1629,Second St & Ave A,0.0,0.0
2025-10-24,424,North,22170.0,17804.0,,18:35:58,18:35:58,26,1626,Second St & Ave C,0.0,0.0
2025-10-24,424,North,22170.0,17804.0,18:44:00,18:37:03,18:37:03,27,858,Ave D & Third St,0.0,0.0
2025-10-24,424,North,22170.0,17804.0,,18:37:59,18:37:59,28,859,Ave D & Fifth St,0.0,0.0
2025-10-24,424,North,22170.0,17804.0,,18:38:55,18:38:55,29,860,Ave D & 10th St,0.0,0.0
2025-10-24,424,North,22170.0,17804.0,,18:40:02,18:40:02,30,857,Ave D & 13th St,0.0,0.0
2025-10-24,424,North,22170.0,17804.0,,18:40:12,18:40:12,31,3127,Ave D & Ferguson Park Rd,0.0,0.0
2025-10-24,424,North,22170.0,17804.0,18:54:00,18:40:51,18:40:51,32,861,Snohomish Park & Ride Bay 2,0.0,0.0
2025-10-24,424,South,22171.0,17804.0,05:15:00,05:15:09,05:15:09,0,1349,Snohomish Park & Ride Bay 1,0.0,0.0
2025-10-24,424,South,22171.0,17804.0,,05:15:51,05:15:51,1,3128,Ave D & 14th St SE,0.0,0.0
2025-10-24,424,South,22171.0,17804.0,,05:16:19,05:16:19,2,1353,Ave D & 13th St,0.0,0.0
2025-10-24,424,South,22171.0,17804.0,,05:16:58,05:17:15,3,1351,Ave D & Bonneville Ave,1.0,0.0
2025-10-24,424,South,22171.0,17804.0,,05:18:14,05:18:14,4,1350,Ave D & Fifth St,0.0,0.0
2025-10-24,424,South,22171.0,17804.0,05:17:00,05:18:36,05:18:36,5,1352,Ave D & Third St,0.0,0.0
2025-10-24,424,South,22171.0,17804.0,,05:19:36,05:19:36,6,242,Second St & Ave C,0.0,0.0
2025-10-24,424,South,22171.0,17804.0,,05:19:56,05:20:27,7,241,Second St & Ave A,1.0,0.0
2025-10-24,424,South,22171.0,17804.0,,05:21:08,05:21:08,8,243,Second St & Maple Ave,0.0,0.0
2025-10-24,424,South,22171.0,17804.0,,05:21:29,05:21:29,9,244,Second St & Pine Ave,0.0,0.0
2025-10-24,424,South,22171.0,17804.0,,05:21:58,05:21:58,10,369,92nd St SE & 113th Dr SE,0.0,0.0
2025-10-24,424,South,22171.0,17804.0,,05:27:31,05:27:31,11,552,Hwy 2 & Fryelands Blvd SE,0.0,0.0
2025-10-24,424,South,22171.0,17804.0,05:27:00,05:28:46,05:29:13,12,1928,Monroe Park & Ride Bay 1,1.0,0.0
2025-10-24,424,South,22171.0,17804.0,,05:30:59,05:30:59,13,1073,179th Ave SE & 147th St SE,0.0,0.0
2025-10-24,424,South,22171.0,17804.0,,05:31:37,05:32:02,14,1070,179th Ave SE & Stanton St SE,2.0,0.0
2025-10-24,424,South,22171.0,17804.0,,05:33:16,05:33:37,15,2596,154th St SE & 175th Ave SE,1.0,0.0
2025-10-24,424,South,22171.0,17804.0,,05:34:15,05:34:44,16,2598,154th St SE & Mulberry Dr,2.0,0.0
2025-10-24,424,South,22171.0,17804.0,,05:35:23,05:35:23,17,3067,154th St SE & 168th Ave SE,0.0,0.0
2025-10-24,424,South,22171.0,17804.0,,05:37:02,05:37:02,18,2603,Fryelands Blvd & 156th St SE,0.0,0.0
2025-10-24,424,South,22171.0,17804.0,05:36:00,05:37:29,05:37:29,19,3065,Fryelands Blvd & 161st St SE,0.0,0.0
2025-10-24,424,South,22171.0,17804.0,05:49:00,05:51:43,05:51:43,21,2705,Hwy 522 & 132nd Ave NE Flyer Stop,0.0,0.0
2025-10-24,424,South,22171.0,17804.0,05:54:00,05:56:12,05:56:42,22,2851,Totem Lake Fwy Station,3.0,1.0
2025-10-24,424,South,22171.0,17804.0,06:07:00,06:05:48,06:06:02,24,1859,Evergreen Point Fwy Station,1.0,0.0
2025-10-24,424,South,22171.0,17804.0,06:18:00,06:14:54,06:15:42,25,1909,Stewart St & 9th Ave,5.0,2.0
2025-10-24,424,South,22171.0,17804.0,,06:16:36,06:16:52,26,1908,Stewart St & 7th Ave,0.0,5.0
2025-10-24,424,South,22171.0,17804.0,,06:18:18,06:18:36,27,1907,Stewart St & 4th Ave,0.0,6.0
2025-10-24,424,South,22171.0,17804.0,,06:20:23,06:20:33,28,1079,2nd Ave & Stewart St,0.0,1.0
2025-10-24,424,South,22171.0,17804.0,06:25:00,06:21:44,06:21:54,29,2909,2nd Ave & Seneca St,0.0,2.0
2025-10-24,424,South,22171.0,17804.0,,06:23:16,06:23:16,30,2631,2nd Ave & Cherry St,0.0,0.0
2025-10-24,424,South,22171.0,17804.0,06:31:00,06:23:45,06:23:45,31,2349,2nd Ave Ext S & Yesler Way,0.0,0.0
2025-10-24,424,South,22172.0,19807.0,06:30:00,,,0,1349,Snohomish Park & Ride Bay 1,,
2025-10-24,424,South,22172.0,19807.0,,06:31:08,06:31:08,1,3128,Ave D & 14th St SE,0.0,0.0
2025-10-24,424,South,22172.0,19807.0,,06:31:42,06:31:42,2,1353,Ave D & 13th St,0.0,0.0
2025-10-24,424,South,22172.0,19807.0,,06:32:22,06:32:49,3,1351,Ave D & Bonneville Ave,1.0,0.0
2025-10-24,424,South,22172.0,19807.0,,06:33:52,06:33:52,4,1350,Ave D & Fifth St,0.0,0.0
2025-10-24,424,South,22172.0,19807.0,06:32:00,06:34:16,06:34:16,5,1352,Ave D & Third St,0.0,0.0
2025-10-24,424,South,22172.0,19807.0,,06:35:36,06:35:36,6,242,Second St & Ave C,0.0,0.0
2025-10-24,424,South,22172.0,19807.0,,06:35:54,06:35:54,7,241,Second St & Ave A,0.0,0.0
2025-10-24,424,South,22172.0,19807.0,,06:36:35,06:36:35,8,243,Second St & Maple Ave,0.0,0.0
2025-10-24,424,South,22172.0,19807.0,,06:36:54,06:36:54,9,244,Second St & Pine Ave,0.0,0.0
2025-10-24,424,South,22172.0,19807.0,,06:37:27,06:37:27,10,369,92nd St SE & 113th Dr SE,0.0,0.0
2025-10-24,424,South,22172.0,19807.0,,06:44:56,06:44:56,11,552,Hwy 2 & Fryelands Blvd SE,0.0,0.0
2025-10-24,424,South,22172.0,19807.0,06:43:00,06:46:26,06:47:18,12,1928,Monroe Park & Ride Bay 1,5.0,0.0
2025-10-24,424,South,22172.0,19807.0,,06:51:02,06:51:02,13,1073,179th Ave SE & 147th St SE,0.0,0.0
2025-10-24,424,South,22172.0,19807.0,,06:51:37,06:51:37,14,1070,179th Ave SE & Stanton St SE,0.0,0.0
2025-10-24,424,South,22172.0,19807.0,,06:52:51,06:52:51,15,2596,154th St SE & 175th Ave SE,0.0,0.0
2025-10-24,424,South,22172.0,19807.0,,06:53:20,06:53:20,16,2598,154th St SE & Mulberry Dr,0.0,0.0
2025-10-24,424,South,22172.0,19807.0,,06:53:53,06:53:53,17,3067,154th St SE & 168th Ave SE,0.0,0.0
2025-10-24,424,South,22172.0,19807.0,,06:55:18,06:55:18,18,2603,Fryelands Blvd & 156th St SE,0.0,0.0
2025-10-24,424,South,22172.0,19807.0,06:52:00,06:55:50,06:56:17,19,3065,Fryelands Blvd & 161st St SE,1.0,0.0
2025-10-24,424,South,22172.0,19807.0,07:11:00,07:15:00,07:16:41,21,2705,Hwy 522 & 132nd Ave NE Flyer Stop,3.0,1.0
2025-10-24,424,South,22172.0,19807.0,07:19:00,07:23:35,07:24:16,22,2851,Totem Lake Fwy Station,7.0,1.0
2025-10-24,424,South,22172.0,19807.0,07:39:00,07:34:31,07:35:05,24,1859,Evergreen Point Fwy Station,1.0,3.0
2025-10-24,424,South,22172.0,19807.0,07:54:00,07:44:57,07:45:19,25,1909,Stewart St & 9th Ave,0.0,3.0
2025-10-24,424,South,22172.0,19807.0,,07:46:41,07:47:08,26,1908,Stewart St & 7th Ave,0.0,2.0
2025-10-24,424,South,22172.0,19807.0,,07:48:21,07:48:38,27,1907,Stewart St & 4th Ave,0.0,1.0
2025-10-24,424,South,22172.0,19807.0,,07:50:42,07:51:00,28,1079,2nd Ave & Stewart St,0.0,1.0
2025-10-24,424,South,22172.0,19807.0,08:05:00,07:53:04,07:53:19,29,2909,2nd Ave & Seneca St,0.0,4.0
2025-10-24,424,South,22172.0,19807.0,,07:55:00,07:55:17,30,2631,2nd Ave & Cherry St,0.0,2.0
2025-10-24,424,South,22172.0,19807.0,08:12:00,07:56:47,07:56:47,31,2349,2nd Ave Ext S & Yesler Way,0.0,0.0
2025-10-27,424,North,22169.0,17114.0,15:35:00,15:38:07,15:38:07,0,640,4th Ave S & S Jackson St,3.0,0.0
2025-10-27,424,North,22169.0,17114.0,,15:39:25,15:39:48,1,635,4th Ave S & S Washington St,1.0,0.0
2025-10-27,424,North,22169.0,17114.0,,15:41:14,15:41:48,2,2638,4th Ave & Cherry St,5.0,0.0
2025-10-27,424,North,22169.0,17114.0,,15:43:21,15:43:56,3,641,4th Ave & Seneca St,7.0,0.0
2025-10-27,424,North,22169.0,17114.0,15:40:00,15:45:39,15:46:15,4,2976,4th Ave & Pine St,3.0,0.0
2025-10-27,424,North,22169.0,17114.0,,15:47:41,15:49:00,5,473,Olive Way & 6th Ave,17.0,1.0
2025-10-27,424,North,22169.0,17114.0,15:45:00,15:49:47,15:50:36,6,476,Olive Way & Terry Ave,2.0,0.0
2025-10-27,424,North,22169.0,17114.0,15:53:00,15:58:41,15:59:11,7,497,Evergreen Point Fwy Station,2.0,0.0
2025-10-27,424,North,22169.0,17114.0,16:12:00,16:10:24,16:11:06,9,2850,Totem Lake Fwy Station,1.0,19.0
2025-10-27,424,North,22169.0,17114.0,16:20:00,16:19:01,16:19:53,10,2704,Hwy 522 & 132nd Ave NE Flyer Stop,2.0,6.0
2025-10-27,424,North,22169.0,17114.0,16:46:00,16:39:47,16:40:19,12,3064,Fryelands Blvd & 161st St SE,0.0,4.0
2025-10-27,424,North,22169.0,17114.0,,16:40:59,16:40:59,13,2602,Fryelands Blvd & 156th St SE,0.0,0.0
2025-10-27,424,North,22169.0,17114.0,,16:42:37,16:42:37,14,3066,154th St SE & 168th Ave SE,0.0,0.0
2025-10-27,424,North,22169.0,17114.0,,16:43:11,16:43:11,15,2599,154th St SE & Mulberry Dr,0.0,0.0
2025-10-27,424,North,22169.0,17114.0,,16:43:44,16:43:56,16,2597,154th St SE & Lin Ave SE,0.0,1.0
2025-10-27,424,North,22169.0,17114.0,,16:45:55,16:45:55,17,589,179th Ave SE & Stanton St,0.0,0.0
2025-10-27,424,North,22169.0,17114.0,,16:46:37,16:46:49,18,585,179th Ave SE & 147th St SE,0.0,2.0
2025-10-27,424,North,22169.0,17114.0,,16:48:46,16:48:46,19,1915,Hwy 2 & 179th Ave SE,0.0,0.0
2025-10-27,424,North,22169.0,17114.0,16:55:00,16:49:25,16:49:51,20,1928,Monroe Park & Ride Bay 1,0.0,8.0
2025-10-27,424,North,22169.0,17114.0,,16:51:41,16:52:01,21,1922,Hwy 2 & Roosevelt Rd (East),0.0,1.0
2025-10-27,424,North,22169.0,17114.0,,16:58:05,16:58:05,22,1740,92nd St SE & 113th Dr SE,0.0,0.0
2025-10-27,424,North,22169.0,17114.0,,16:58:57,16:58:57,23,1628,Second St & Pine Ave,0.0,0.0
2025-10-27,424,North,22169.0,17114.0,,16:59:46,16:59:46,24,3131,2nd St & Cedar Ave,0.0,0.0
2025-10-27,424,North,22169.0,17114.0,,17:00:04,17:00:19,25,1629,Second St & Ave A,0.0,1.0
2025-10-27,424,North,22169.0,17114.0,,17:01:22,17:01:22,26,1626,Second St & Ave C,0.0,0.0
2025-10-27,424,North,22169.0,17114.0,17:10:00,17:03:37,17:03:37,27,858,Ave D & Third St,0.0,0.0
2025-10-27,424,North,22169.0,17114.0,,17:04:42,17:04:42,28,859,Ave D & Fifth St,0.0,0.0
2025-10-27,424,North,22169.0,17114.0,,17:06:26,17:06:26,29,860,Ave D & 10th St,0.0,0.0
2025-10-27,424,North,22169.0,17114.0,,17:09:15,17:09:15,30,857,Ave D & 13th St,0.0,0.0
2025-10-27,424,North,22169.0,17114.0,,17:09:26,17:09:26,31,3127,Ave D & Ferguson Park Rd,0.0,0.0
2025-10-27,424,North,22169.0,17114.0,17:19:00,17:10:26,17:10:26,32,861,Snohomish Park & Ride Bay 2,0.0,0.0
2025-10-27,424,North,22170.0,16808.0,17:10:00,17:10:19,17:10:19,0,640,4th Ave S & S Jackson St,9.0,0.0
2025-10-27,424,North,22170.0,16808.0,,17:10:59,17:11:07,1,635,4th Ave S & S Washington St,0.0,0.0
2025-10-27,424,North,22170.0,16808.0,,17:12:49,17:13:18,2,2638,4th Ave & Cherry St,4.0,0.0
2025-10-27,424,North,22170.0,16808.0,,17:15:43,17:16:18,3,641,4th Ave & Seneca St,5.0,3.0
2025-10-27,424,North,22170.0,16808.0,17:16:00,17:17:23,17:18:21,4,2976,4th Ave & Pine St,7.0,0.0
2025-10-27,424,North,22170.0,16808.0,,17:19:17,17:20:34,5,473,Olive Way & 6th Ave,8.0,0.0
2025-10-27,424,North,22170.0,16808.0,17:21:00,17:22:29,17:23:37,6,476,Olive Way & Terry Ave,3.0,0.0
2025-10-27,424,North,22170.0,16808.0,17:31:00,17:33:09,17:33:42,7,497,Evergreen Point Fwy Station,3.0,0.0
2025-10-27,424,North,22170.0,16808.0,17:53:00,17:46:26,17:47:04,9,2850,Totem Lake Fwy Station,1.0,24.0
2025-10-27,424,North,22170.0,16808.0,18:00:00,17:55:38,17:55:48,10,2704,Hwy 522 & 132nd Ave NE Flyer Stop,0.0,0.0
2025-10-27,424,North,22170.0,16808.0,18:20:00,18:11:49,18:12:11,12,3064,Fryelands Blvd & 161st St SE,0.0,5.0
2025-10-27,424,North,22170.0,16808.0,,18:12:53,18:13:09,13,2602,Fryelands Blvd & 156th St SE,1.0,1.0
2025-10-27,424,North,22170.0,16808.0,,18:14:28,18:14:43,14,3066,154th St SE & 168th Ave SE,0.0,1.0
2025-10-27,424,North,22170.0,16808.0,,18:15:21,18:15:21,15,2599,154th St SE & Mulberry Dr,0.0,0.0
2025-10-27,424,North,22170.0,16808.0,,18:15:59,18:16:09,16,2597,154th St SE & Lin Ave SE,0.0,1.0
2025-10-27,424,North,22170.0,16808.0,,18:17:33,18:17:45,17,589,179th Ave SE & Stanton St,0.0,1.0
2025-10-27,424,North,22170.0,16808.0,,18:18:31,18:18:31,18,585,179th Ave SE & 147th St SE,0.0,0.0
2025-10-27,424,North,22170.0,16808.0,,18:20:13,18:20:23,19,1915,Hwy 2 & 179th Ave SE,0.0,1.0
2025-10-27,424,North,22170.0,16808.0,18:30:00,18:21:17,18:21:38,20,1928,Monroe Park & Ride Bay 1,0.0,2.0
2025-10-27,424,North,22170.0,16808.0,,18:24:19,18:24:37,21,1922,Hwy 2 & Roosevelt Rd (East),0.0,1.0
2025-10-27,424,North,22170.0,16808.0,,18:30:52,18:30:52,22,1740,92nd St SE & 113th Dr SE,0.0,0.0
2025-10-27,424,North,22170.0,16808.0,,18:32:12,18:32:12,23,1628,Second St & Pine Ave,0.0,0.0
2025-10-27,424,North,22170.0,16808.0,,18:32:49,18:32:49,24,3131,2nd St & Cedar Ave,0.0,0.0
2025-10-27,424,North,22170.0,16808.0,,18:33:03,18:33:03,25,1629,Second St & Ave A,0.0,0.0
2025-10-27,424,North,22170.0,16808.0,,18:33:33,18:33:33,26,1626,Second St & Ave C,0.0,0.0
2025-10-27,424,North,22170.0,16808.0,18:44:00,18:34:12,18:34:12,27,858,Ave D & Third St,0.0,0.0
2025-10-27,424,North,22170.0,16808.0,,18:34:50,18:35:01,28,859,Ave D & Fifth St,0.0,1.0
2025-10-27,424,North,22170.0,16808.0,,18:36:01,18:36:01,29,860,Ave D & 10th St,0.0,0.0
2025-10-27,424,North,22170.0,16808.0,,18:37:02,18:37:02,30,857,Ave D & 13th St,0.0,0.0
2025-10-27,424,North,22170.0,16808.0,,18:37:13,18:37:13,31,3127,Ave D & Ferguson Park Rd,0.0,0.0
2025-10-27,424,North,22170.0,16808.0,18:54:00,18:37:53,18:37:53,32,861,Snohomish Park & Ride Bay 2,0.0,0.0
2025-10-27,424,South,22171.0,16806.0,05:15:00,,,0,1349,Snohomish Park & Ride Bay 1,,
2025-10-27,424,South,22171.0,16806.0,,,,1,3128,Ave D & 14th St SE,,
2025-10-27,424,South,22171.0,16806.0,,,,2,1353,Ave D & 13th St,,
2025-10-27,424,South,22171.0,16806.0,,,,3,1351,Ave D & Bonneville Ave,,
2025-10-27,424,South,22171.0,16806.0,,,,4,1350,Ave D & Fifth St,,
2025-10-27,424,South,22171.0,16806.0,05:17:00,,,5,1352,Ave D & Third St,,
2025-10-27,424,South,22171.0,16806.0,,,,6,242,Second St & Ave C,,
2025-10-27,424,South,22171.0,16806.0,,,,7,241,Second St & Ave A,,
2025-10-27,424,South,22171.0,16806.0,,,,8,243,Second St & Maple Ave,,
2025-10-27,424,South,22171.0,16806.0,,,,9,244,Second St & Pine Ave,,
2025-10-27,424,South,22171.0,16806.0,,,,10,369,92nd St SE & 113th Dr SE,,
2025-10-27,424,South,22171.0,16806.0,,,,11,552,Hwy 2 & Fryelands Blvd SE,,
2025-10-27,424,South,22171.0,16806.0,05:27:00,,,12,1928,Monroe Park & Ride Bay 1,,
2025-10-27,424,South,22171.0,16806.0,,,,13,1073,179th Ave SE & 147th St SE,,
2025-10-27,424,South,22171.0,16806.0,,,,14,1070,179th Ave SE & Stanton St SE,,
2025-10-27,424,South,22171.0,16806.0,,,,15,2596,154th St SE & 175th Ave SE,,
2025-10-27,424,South,22171.0,16806.0,,,,16,2598,154th St SE & Mulberry Dr,,
2025-10-27,424,South,22171.0,16806.0,,,,17,3067,154th St SE & 168th Ave SE,,
2025-10-27,424,South,22171.0,16806.0,,,,18,2603,Fryelands Blvd & 156th St SE,,
2025-10-27,424,South,22171.0,16806.0,05:36:00,,,19,3065,Fryelands Blvd & 161st St SE,,
2025-10-27,424,South,22171.0,16806.0,05:49:00,,,21,2705,Hwy 522 & 132nd Ave NE Flyer Stop,,
2025-10-27,424,South,22171.0,16806.0,05:54:00,,,22,2851,Totem Lake Fwy Station,,
2025-10-27,424,South,22171.0,16806.0,06:07:00,,,24,1859,Evergreen Point Fwy Station,,
2025-10-27,424,South,22171.0,16806.0,06:18:00,,,25,1909,Stewart St & 9th Ave,,
2025-10-27,424,South,22171.0,16806.0,,,,26,1908,Stewart St & 7th Ave,,
2025-10-27,424,South,22171.0,16806.0,,,,27,1907,Stewart St & 4th Ave,,
2025-10-27,424,South,22171.0,16806.0,,,,28,1079,2nd Ave & Stewart St,,
2025-10-27,424,South,22171.0,16806.0,06:25:00,,,29,2909,2nd Ave & Seneca St,,
2025-10-27,424,South,22171.0,16806.0,,,,30,2631,2nd Ave & Cherry St,,
2025-10-27,424,South,22171.0,16806.0,06:31:00,,,31,2349,2nd Ave Ext S & Yesler Way,,
2025-10-27,424,South,22172.0,19803.0,06:30:00,,,0,1349,Snohomish Park & Ride Bay 1,,
2025-10-27,424,South,22172.0,19803.0,,06:33:14,06:33:14,1,3128,Ave D & 14th St SE,0.0,0.0
2025-10-27,424,South,22172.0,19803.0,,06:33:52,06:33:52,2,1353,Ave D & 13th St,0.0,0.0
2025-10-27,424,South,22172.0,19803.0,,06:35:19,06:35:47,3,1351,Ave D & Bonneville Ave,1.0,0.0
2025-10-27,424,South,22172.0,19803.0,,06:36:44,06:36:44,4,1350,Ave D & Fifth St,0.0,0.0
2025-10-27,424,South,22172.0,19803.0,06:32:00,06:37:09,06:37:09,5,1352,Ave D & Third St,0.0,0.0
2025-10-27,424,South,22172.0,19803.0,,06:37:56,06:37:56,6,242,Second St & Ave C,0.0,0.0
2025-10-27,424,South,22172.0,19803.0,,06:38:23,06:38:23,7,241,Second St & Ave A,0.0,0.0
2025-10-27,424,South,22172.0,19803.0,,06:39:29,06:39:29,8,243,Second St & Maple Ave,0.0,0.0
2025-10-27,424,South,22172.0,19803.0,,06:39:49,06:39:49,9,244,Second St & Pine Ave,0.0,0.0
2025-10-27,424,South,22172.0,19803.0,,06:40:20,06:40:20,10,369,92nd St SE & 113th Dr SE,0.0,0.0
2025-10-27,424,South,22172.0,19803.0,,06:47:40,06:47:40,11,552,Hwy 2 & Fryelands Blvd SE,0.0,0.0
2025-10-27,424,South,22172.0,19803.0,06:43:00,06:49:07,06:49:58,12,1928,Monroe Park & Ride Bay 1,9.0,0.0
2025-10-27,424,South,22172.0,19803.0,,06:52:22,06:52:22,13,1073,179th Ave SE & 147th St SE,0.0,0.0
2025-10-27,424,South,22172.0,19803.0,,06:52:59,06:53:21,14,1070,179th Ave SE & Stanton St SE,1.0,0.0
2025-10-27,424,South,22172.0,19803.0,,06:54:35,06:54:35,15,2596,154th St SE & 175th Ave SE,0.0,0.0
2025-10-27,424,South,22172.0,19803.0,,06:55:10,06:55:10,16,2598,154th St SE & Mulberry Dr,0.0,0.0
2025-10-27,424,South,22172.0,19803.0,,06:55:34,06:55:34,17,3067,154th St SE & 168th Ave SE,0.0,0.0
2025-10-27,424,South,22172.0,19803.0,,06:57:18,06:57:36,18,2603,Fryelands Blvd & 156th St SE,1.0,0.0
2025-10-27,424,South,22172.0,19803.0,06:52:00,06:58:21,06:59:28,19,3065,Fryelands Blvd & 161st St SE,4.0,0.0
2025-10-27,424,South,22172.0,19803.0,07:11:00,07:24:58,07:25:14,21,2705,Hwy 522 & 132nd Ave NE Flyer Stop,0.0,0.0
2025-10-27,424,South,22172.0,19803.0,07:19:00,07:35:46,07:37:01,22,2851,Totem Lake Fwy Station,16.0,1.0
2025-10-27,424,South,22172.0,19803.0,07:39:00,07:48:53,07:48:53,24,1859,Evergreen Point Fwy Station,0.0,0.0
2025-10-27,424,South,22172.0,19803.0,07:54:00,08:02:25,08:02:54,25,1909,Stewart St & 9th Ave,0.0,7.0
2025-10-27,424,South,22172.0,19803.0,,08:03:46,08:04:21,26,1908,Stewart St & 7th Ave,0.0,7.0
2025-10-27,424,South,22172.0,19803.0,,08:06:19,08:06:42,27,1907,Stewart St & 4th Ave,0.0,4.0
2025-10-27,424,South,22172.0,19803.0,,08:08:24,08:08:49,28,1079,2nd Ave & Stewart St,0.0,3.0
2025-10-27,424,South,22172.0,19803.0,08:05:00,08:11:21,08:11:52,29,2909,2nd Ave & Seneca St,0.0,6.0
2025-10-27,424,South,22172.0,19803.0,,08:12:54,08:13:07,30,2631,2nd Ave & Cherry St,0.0,0.0
2025-10-27,424,South,22172.0,19803.0,08:12:00,08:14:40,08:14:40,31,2349,2nd Ave Ext S & Yesler Way,0.0,0.0
2025-10-28,424,North,22169.0,17803.0,15:35:00,15:36:10,15:36:10,0,640,4th Ave S & S Jackson St,2.0,0.0
2025-10-28,424,North,22169.0,17803.0,,15:36:40,15:36:40,1,635,4th Ave S & S Washington St,0.0,0.0
2025-10-28,424,North,22169.0,17803.0,,15:38:24,15:38:55,2,2638,4th Ave & Cherry St,8.0,0.0
2025-10-28,424,North,22169.0,17803.0,,15:41:53,15:42:25,3,641,4th Ave & Seneca St,10.0,0.0
2025-10-28,424,North,22169.0,17803.0,15:40:00,15:44:01,15:44:11,4,2976,4th Ave & Pine St,0.0,0.0
2025-10-28,424,North,22169.0,17803.0,,15:45:01,15:46:01,5,473,Olive Way & 6th Ave,12.0,0.0
2025-10-28,424,North,22169.0,17803.0,15:45:00,15:46:59,15:47:39,6,476,Olive Way & Terry Ave,1.0,0.0
2025-10-28,424,North,22169.0,17803.0,15:53:00,15:55:59,15:56:28,7,497,Evergreen Point Fwy Station,4.0,1.0
2025-10-28,424,North,22169.0,17803.0,16:12:00,16:14:22,16:15:04,9,2850,Totem Lake Fwy Station,1.0,22.0
2025-10-28,424,North,22169.0,17803.0,16:20:00,16:23:17,16:23:31,10,2704,Hwy 522 & 132nd Ave NE Flyer Stop,0.0,2.0
2025-10-28,424,North,22169.0,17803.0,16:46:00,16:43:39,16:44:03,12,3064,Fryelands Blvd & 161st St SE,0.0,2.0
2025-10-28,424,North,22169.0,17803.0,,16:44:42,16:44:42,13,2602,Fryelands Blvd & 156th St SE,0.0,0.0
2025-10-28,424,North,22169.0,17803.0,,16:46:15,16:46:15,14,3066,154th St SE & 168th Ave SE,0.0,0.0
2025-10-28,424,North,22169.0,17803.0,,16:46:56,16:47:08,15,2599,154th St SE & Mulberry Dr,0.0,1.0
2025-10-28,424,North,22169.0,17803.0,,16:47:45,16:47:56,16,2597,154th St SE & Lin Ave SE,0.0,1.0
2025-10-28,424,North,22169.0,17803.0,,16:49:13,16:49:27,17,589,179th Ave SE & Stanton St,0.0,1.0
2025-10-28,424,North,22169.0,17803.0,,16:52:08,16:52:08,18,585,179th Ave SE & 147th St SE,0.0,0.0
2025-10-28,424,North,22169.0,17803.0,,16:53:02,16:53:02,19,1915,Hwy 2 & 179th Ave SE,0.0,0.0
2025-10-28,424,North,22169.0,17803.0,16:55:00,16:53:46,16:54:12,20,1928,Monroe Park & Ride Bay 1,0.0,5.0
2025-10-28,424,North,22169.0,17803.0,,16:59:54,16:59:54,21,1922,Hwy 2 & Roosevelt Rd (East),0.0,0.0
2025-10-28,424,North,22169.0,17803.0,,17:05:51,17:05:51,22,1740,92nd St SE & 113th Dr SE,0.0,0.0
2025-10-28,424,North,22169.0,17803.0,,17:07:12,17:07:12,23,1628,Second St & Pine Ave,0.0,0.0
2025-10-28,424,North,22169.0,17803.0,,17:08:10,17:08:10,24,3131,2nd St & Cedar Ave,0.0,0.0
2025-10-28,424,North,22169.0,17803.0,,17:08:24,17:08:24,25,1629,Second St & Ave A,0.0,0.0
2025-10-28,424,North,22169.0,17803.0,,17:09:31,17:09:31,26,1626,Second St & Ave C,0.0,0.0
2025-10-28,424,North,22169.0,17803.0,17:10:00,17:10:02,17:10:02,27,858,Ave D & Third St,0.0,0.0
2025-10-28,424,North,22169.0,17803.0,,17:10:34,17:10:34,28,859,Ave D & Fifth St,0.0,0.0
2025-10-28,424,North,22169.0,17803.0,,17:11:19,17:11:34,29,860,Ave D & 10th St,0.0,1.0
2025-10-28,424,North,22169.0,17803.0,,17:13:38,17:13:52,30,857,Ave D & 13th St,0.0,1.0
2025-10-28,424,North,22169.0,17803.0,,17:14:06,17:14:06,31,3127,Ave D & Ferguson Park Rd,0.0,0.0
2025-10-28,424,North,22169.0,17803.0,17:19:00,17:14:40,17:14:40,32,861,Snohomish Park & Ride Bay 2,0.0,1.0
2025-10-28,424,North,22170.0,17800.0,17:10:00,17:13:08,17:13:08,0,640,4th Ave S & S Jackson St,5.0,0.0
2025-10-28,424,North,22170.0,17800.0,,17:13:57,17:14:07,1,635,4th Ave S & S Washington St,0.0,0.0
2025-10-28,424,North,22170.0,17800.0,,17:16:01,17:16:24,2,2638,4th Ave & Cherry St,4.0,0.0
2025-10-28,424,North,22170.0,17800.0,,17:19:36,17:20:52,3,641,4th Ave & Seneca St,8.0,1.0
2025-10-28,424,North,22170.0,17800.0,17:16:00,17:22:14,17:23:00,4,2976,4th Ave & Pine St,5.0,0.0
2025-10-28,424,North,22170.0,17800.0,,17:25:24,17:26:34,5,473,Olive Way & 6th Ave,4.0,0.0
2025-10-28,424,North,22170.0,17800.0,17:21:00,17:28:45,17:29:37,6,476,Olive Way & Terry Ave,3.0,0.0
2025-10-28,424,North,22170.0,17800.0,17:31:00,17:42:10,17:42:45,7,497,Evergreen Point Fwy Station,5.0,3.0
2025-10-28,424,North,22170.0,17800.0,17:53:00,18:02:32,18:03:14,9,2850,Totem Lake Fwy Station,3.0,22.0
2025-10-28,424,North,22170.0,17800.0,18:00:00,18:10:58,18:11:22,10,2704,Hwy 522 & 132nd Ave NE Flyer Stop,0.0,4.0
2025-10-28,424,North,22170.0,17800.0,18:20:00,18:30:12,18:30:12,12,3064,Fryelands Blvd & 161st St SE,0.0,0.0
2025-10-28,424,North,22170.0,17800.0,,18:30:44,18:31:01,13,2602,Fryelands Blvd & 156th St SE,0.0,0.0
2025-10-28,424,North,22170.0,17800.0,,18:32:39,18:33:01,14,3066,154th St SE & 168th Ave SE,0.0,1.0
2025-10-28,424,North,22170.0,17800.0,,18:33:44,18:33:44,15,2599,154th St SE & Mulberry Dr,0.0,0.0
2025-10-28,424,North,22170.0,17800.0,,18:34:17,18:34:17,16,2597,154th St SE & Lin Ave SE,0.0,0.0
2025-10-28,424,North,22170.0,17800.0,,18:35:38,18:36:08,17,589,179th Ave SE & Stanton St,0.0,2.0
2025-10-28,424,North,22170.0,17800.0,,18:36:54,18:36:54,18,585,179th Ave SE & 147th St SE,0.0,0.0
2025-10-28,424,North,22170.0,17800.0,,18:40:01,18:40:13,19,1915,Hwy 2 & 179th Ave SE,0.0,1.0
2025-10-28,424,North,22170.0,17800.0,18:30:00,18:41:06,18:41:23,20,1928,Monroe Park & Ride Bay 1,0.0,1.0
2025-10-28,424,North,22170.0,17800.0,,18:45:39,18:45:39,21,1922,Hwy 2 & Roosevelt Rd (East),0.0,0.0
2025-10-28,424,North,22170.0,17800.0,,18:52:03,18:52:03,22,1740,92nd St SE & 113th Dr SE,0.0,0.0
2025-10-28,424,North,22170.0,17800.0,,18:53:13,18:53:13,23,1628,Second St & Pine Ave,0.0,0.0
2025-10-28,424,North,22170.0,17800.0,,18:54:14,18:54:32,24,3131,2nd St & Cedar Ave,1.0,1.0
2025-10-28,424,North,22170.0,17800.0,,18:55:00,18:55:14,25,1629,Second St & Ave A,0.0,1.0
2025-10-28,424,North,22170.0,17800.0,,18:55:52,18:55:52,26,1626,Second St & Ave C,0.0,0.0
2025-10-28,424,North,22170.0,17800.0,18:44:00,18:56:27,18:56:27,27,858,Ave D & Third St,0.0,0.0
2025-10-28,424,North,22170.0,17800.0,,18:57:02,18:57:18,28,859,Ave D & Fifth St,0.0,1.0
2025-10-28,424,North,22170.0,17800.0,,18:58:13,18:58:13,29,860,Ave D & 10th St,0.0,0.0
2025-10-28,424,North,22170.0,17800.0,,18:59:21,18:59:21,30,857,Ave D & 13th St,0.0,0.0
2025-10-28,424,North,22170.0,17800.0,,18:59:31,18:59:31,31,3127,Ave D & Ferguson Park Rd,0.0,0.0
2025-10-28,424,North,22170.0,17800.0,18:54:00,19:00:17,19:00:17,32,861,Snohomish Park & Ride Bay 2,0.0,0.0
2025-10-28,424,South,22171.0,19809.0,05:15:00,05:15:37,05:15:37,0,1349,Snohomish Park & Ride Bay 1,0.0,0.0
2025-10-28,424,South,22171.0,19809.0,,05:16:26,05:16:26,1,3128,Ave D & 14th St SE,0.0,0.0
2025-10-28,424,South,22171.0,19809.0,,05:16:59,05:16:59,2,1353,Ave D & 13th St,0.0,0.0
2025-10-28,424,South,22171.0,19809.0,,05:17:37,05:18:07,3,1351,Ave D & Bonneville Ave,1.0,0.0
2025-10-28,424,South,22171.0,19809.0,,05:19:07,05:19:07,4,1350,Ave D & Fifth St,0.0,0.0
2025-10-28,424,South,22171.0,19809.0,05:17:00,05:19:33,05:19:33,5,1352,Ave D & Third St,0.0,0.0
2025-10-28,424,South,22171.0,19809.0,,05:20:18,05:20:18,6,242,Second St & Ave C,0.0,0.0
2025-10-28,424,South,22171.0,19809.0,,05:20:40,05:20:58,7,241,Second St & Ave A,1.0,0.0
2025-10-28,424,South,22171.0,19809.0,,05:21:40,05:21:40,8,243,Second St & Maple Ave,0.0,0.0
2025-10-28,424,South,22171.0,19809.0,,05:22:03,05:22:03,9,244,Second St & Pine Ave,0.0,0.0
2025-10-28,424,South,22171.0,19809.0,,05:22:34,05:22:34,10,369,92nd St SE & 113th Dr SE,0.0,0.0
2025-10-28,424,South,22171.0,19809.0,,05:29:08,05:29:08,11,552,Hwy 2 & Fryelands Blvd SE,0.0,0.0
2025-10-28,424,South,22171.0,19809.0,05:27:00,05:30:26,05:31:12,12,1928,Monroe Park & Ride Bay 1,4.0,0.0
2025-10-28,424,South,22171.0,19809.0,,05:32:55,05:32:55,13,1073,179th Ave SE & 147th St SE,3.0,0.0
2025-10-28,424,South,22171.0,19809.0,,05:33:34,05:33:56,14,1070,179th Ave SE & Stanton St SE,0.0,0.0
2025-10-28,424,South,22171.0,19809.0,,05:35:12,05:35:32,15,2596,154th St SE & 175th Ave SE,5.0,0.0
2025-10-28,424,South,22171.0,19809.0,,05:36:14,05:36:33,16,2598,154th St SE & Mulberry Dr,0.0,0.0
2025-10-28,424,South,22171.0,19809.0,,05:37:15,05:37:43,17,3067,154th St SE & 168th Ave SE,0.0,0.0
2025-10-28,424,South,22171.0,19809.0,,05:39:10,05:39:10,18,2603,Fryelands Blvd & 156th St SE,0.0,0.0
2025-10-28,424,South,22171.0,19809.0,05:36:00,05:39:43,05:39:59,19,3065,Fryelands Blvd & 161st St SE,8.0,0.0
2025-10-28,424,South,22171.0,19809.0,05:49:00,05:56:48,05:57:07,21,2705,Hwy 522 & 132nd Ave NE Flyer Stop,0.0,0.0
2025-10-28,424,South,22171.0,19809.0,05:54:00,06:01:57,06:02:27,22,2851,Totem Lake Fwy Station,0.0,3.0
2025-10-28,424,South,22171.0,19809.0,06:07:00,06:12:07,06:12:38,24,1859,Evergreen Point Fwy Station,0.0,2.0
2025-10-28,424,South,22171.0,19809.0,06:18:00,06:22:18,06:23:17,25,1909,Stewart St & 9th Ave,0.0,9.0
2025-10-28,424,South,22171.0,19809.0,,06:24:09,06:24:47,26,1908,Stewart St & 7th Ave,0.0,0.0
2025-10-28,424,South,22171.0,19809.0,,06:26:03,06:26:26,27,1907,Stewart St & 4th Ave,0.0,0.0
2025-10-28,424,South,22171.0,19809.0,,06:27:59,06:28:11,28,1079,2nd Ave & Stewart St,0.0,0.0
2025-10-28,424,South,22171.0,19809.0,06:25:00,06:29:24,06:29:42,29,2909,2nd Ave & Seneca St,0.0,8.0
2025-10-28,424,South,22171.0,19809.0,,06:30:54,06:31:06,30,2631,2nd Ave & Cherry St,0.0,0.0
2025-10-28,424,South,22171.0,19809.0,06:31:00,06:31:44,06:31:44,31,2349,2nd Ave Ext S & Yesler Way,0.0,0.0
2025-10-28,424,South,22172.0,22802.0,06:30:00,06:30:21,06:30:21,0,1349,Snohomish Park & Ride Bay 1,0.0,0.0
2025-10-28,424,South,22172.0,22802.0,,06:31:08,06:31:08,1,3128,Ave D & 14th St SE,0.0,0.0
2025-10-28,424,South,22172.0,22802.0,,06:31:43,06:31:43,2,1353,Ave D & 13th St,0.0,0.0
2025-10-28,424,South,22172.0,22802.0,,06:32:26,06:32:42,3,1351,Ave D & Bonneville Ave,1.0,0.0
2025-10-28,424,South,22172.0,22802.0,,06:34:06,06:34:06,4,1350,Ave D & Fifth St,0.0,0.0
2025-10-28,424,South,22172.0,22802.0,06:32:00,06:34:30,06:34:30,5,1352,Ave D & Third St,0.0,0.0
2025-10-28,424,South,22172.0,22802.0,,06:35:27,06:35:27,6,242,Second St & Ave C,0.0,0.0
2025-10-28,424,South,22172.0,22802.0,,06:35:45,06:35:45,7,241,Second St & Ave A,0.0,0.0
2025-10-28,424,South,22172.0,22802.0,,06:36:48,06:36:48,8,243,Second St & Maple Ave,0.0,0.0
2025-10-28,424,South,22172.0,22802.0,,06:37:27,06:37:27,9,244,Second St & Pine Ave,0.0,0.0
2025-10-28,424,South,22172.0,22802.0,,06:38:01,06:38:01,10,369,92nd St SE & 113th Dr SE,0.0,0.0
2025-10-28,424,South,22172.0,22802.0,,06:45:04,06:45:04,11,552,Hwy 2 & Fryelands Blvd SE,0.0,0.0
2025-10-28,424,South,22172.0,22802.0,06:43:00,06:46:32,06:47:04,12,1928,Monroe Park & Ride Bay 1,7.0,0.0
2025-10-28,424,South,22172.0,22802.0,,06:49:38,06:49:38,13,1073,179th Ave SE & 147th St SE,0.0,0.0
2025-10-28,424,South,22172.0,22802.0,,06:50:13,06:50:27,14,1070,179th Ave SE & Stanton St SE,1.0,0.0
2025-10-28,424,South,22172.0,22802.0,,06:51:35,06:51:35,15,2596,154th St SE & 175th Ave SE,0.0,0.0
2025-10-28,424,South,22172.0,22802.0,,06:52:08,06:52:08,16,2598,154th St SE & Mulberry Dr,0.0,0.0
2025-10-28,424,South,22172.0,22802.0,,06:52:35,06:52:35,17,3067,154th St SE & 168th Ave SE,0.0,0.0
2025-10-28,424,South,22172.0,22802.0,,06:53:45,06:53:45,18,2603,Fryelands Blvd & 156th St SE,0.0,0.0
2025-10-28,424,South,22172.0,22802.0,06:52:00,06:54:16,06:54:30,19,3065,Fryelands Blvd & 161st St SE,1.0,0.0
2025-10-28,424,South,22172.0,22802.0,07:11:00,07:18:58,07:19:41,21,2705,Hwy 522 & 132nd Ave NE Flyer Stop,3.0,0.0
2025-10-28,424,South,22172.0,22802.0,07:19:00,07:25:48,07:28:42,22,2851,Totem Lake Fwy Station,30.0,4.0
2025-10-28,424,South,22172.0,22802.0,07:39:00,07:40:01,07:40:21,24,1859,Evergreen Point Fwy Station,1.0,2.0
2025-10-28,424,South,22172.0,22802.0,07:54:00,07:50:46,07:51:11,25,1909,Stewart St & 9th Ave,0.0,7.0
2025-10-28,424,South,22172.0,22802.0,,07:51:43,07:52:05,26,1908,Stewart St & 7th Ave,0.0,7.0
2025-10-28,424,South,22172.0,22802.0,,07:54:22,07:54:43,27,1907,Stewart St & 4th Ave,0.0,10.0
2025-10-28,424,South,22172.0,22802.0,,07:56:25,07:56:37,28,1079,2nd Ave & Stewart St,0.0,1.0
2025-10-28,424,South,22172.0,22802.0,08:05:00,07:59:01,07:59:22,29,2909,2nd Ave & Seneca St,0.0,5.0
2025-10-28,424,South,22172.0,22802.0,,08:01:02,08:01:15,30,2631,2nd Ave & Cherry St,0.0,2.0
2025-10-28,424,South,22172.0,22802.0,08:12:00,08:01:58,08:01:58,31,2349,2nd Ave Ext S & Yesler Way,0.0,4.0
2025-10-29,424,North,22169.0,19807.0,15:35:00,15:35:00,15:35:00,0,640,4th Ave S & S Jackson St,5.0,0.0
2025-10-29,424,North,22169.0,19807.0,,15:36:30,15:36:53,1,635,4th Ave S & S Washington St,1.0,0.0
2025-10-29,424,North,22169.0,19807.0,,15:38:27,15:39:10,2,2638,4th Ave & Cherry St,5.0,0.0
2025-10-29,424,North,22169.0,19807.0,,15:40:33,15:41:45,3,641,4th Ave & Seneca St,5.0,1.0
2025-10-29,424,North,22169.0,19807.0,15:40:00,15:42:44,15:43:06,4,2976,4th Ave & Pine St,1.0,1.0
2025-10-29,424,North,22169.0,19807.0,,15:44:45,15:46:03,5,473,Olive Way & 6th Ave,10.0,0.0
2025-10-29,424,North,22169.0,19807.0,15:45:00,15:46:53,15:47:35,6,476,Olive Way & Terry Ave,3.0,0.0
2025-10-29,424,North,22169.0,19807.0,15:53:00,15:55:57,15:56:10,7,497,Evergreen Point Fwy Station,0.0,1.0
2025-10-29,424,North,22169.0,19807.0,16:12:00,16:08:28,16:09:00,9,2850,Totem Lake Fwy Station,0.0,17.0
2025-10-29,424,North,22169.0,19807.0,16:20:00,16:17:01,16:17:56,10,2704,Hwy 522 & 132nd Ave NE Flyer Stop,1.0,5.0
2025-10-29,424,North,22169.0,19807.0,16:46:00,16:41:59,16:42:20,12,3064,Fryelands Blvd & 161st St SE,0.0,3.0
2025-10-29,424,North,22169.0,19807.0,,16:42:57,16:42:57,13,2602,Fryelands Blvd & 156th St SE,0.0,0.0
2025-10-29,424,North,22169.0,19807.0,,16:44:10,16:44:10,14,3066,154th St SE & 168th Ave SE,0.0,0.0
2025-10-29,424,North,22169.0,19807.0,,16:44:42,16:44:42,15,2599,154th St SE & Mulberry Dr,0.0,0.0
2025-10-29,424,North,22169.0,19807.0,,16:45:09,16:45:09,16,2597,154th St SE & Lin Ave SE,0.0,0.0
2025-10-29,424,North,22169.0,19807.0,,16:46:18,16:46:18,17,589,179th Ave SE & Stanton St,0.0,0.0
2025-10-29,424,North,22169.0,19807.0,,16:48:44,16:48:44,18,585,179th Ave SE & 147th St SE,0.0,0.0
2025-10-29,424,North,22169.0,19807.0,,16:49:32,16:49:32,19,1915,Hwy 2 & 179th Ave SE,0.0,0.0
2025-10-29,424,North,22169.0,19807.0,16:55:00,16:50:13,16:51:23,20,1928,Monroe Park & Ride Bay 1,0.0,3.0
2025-10-29,424,North,22169.0,19807.0,,16:54:19,16:54:19,21,1922,Hwy 2 & Roosevelt Rd (East),0.0,0.0
2025-10-29,424,North,22169.0,19807.0,,17:00:23,17:00:23,22,1740,92nd St SE & 113th Dr SE,0.0,0.0
2025-10-29,424,North,22169.0,19807.0,,17:01:12,17:01:12,23,1628,Second St & Pine Ave,0.0,0.0
2025-10-29,424,North,22169.0,19807.0,,17:01:45,17:01:45,24,3131,2nd St & Cedar Ave,0.0,0.0
2025-10-29,424,North,22169.0,19807.0,,17:02:03,17:02:03,25,1629,Second St & Ave A,0.0,0.0
2025-10-29,424,North,22169.0,19807.0,,17:02:34,17:02:34,26,1626,Second St & Ave C,0.0,0.0
2025-10-29,424,North,22169.0,19807.0,17:10:00,17:03:06,17:03:06,27,858,Ave D & Third St,0.0,0.0
2025-10-29,424,North,22169.0,19807.0,,17:03:56,17:03:56,28,859,Ave D & Fifth St,0.0,0.0
2025-10-29,424,North,22169.0,19807.0,,17:05:19,17:05:19,29,860,Ave D & 10th St,0.0,0.0
2025-10-29,424,North,22169.0,19807.0,,17:06:31,17:06:31,30,857,Ave D & 13th St,0.0,0.0
2025-10-29,424,North,22169.0,19807.0,,17:06:40,17:06:40,31,3127,Ave D & Ferguson Park Rd,0.0,0.0
2025-10-29,424,North,22169.0,19807.0,17:19:00,17:09:05,17:09:05,32,861,Snohomish Park & Ride Bay 2,0.0,0.0
2025-10-29,424,North,22170.0,16800.0,17:10:00,17:12:50,17:12:50,0,640,4th Ave S & S Jackson St,7.0,0.0
2025-10-29,424,North,22170.0,16800.0,,17:14:06,17:14:06,1,635,4th Ave S & S Washington St,0.0,0.0
2025-10-29,424,North,22170.0,16800.0,,17:15:51,17:16:10,2,2638,4th Ave & Cherry St,2.0,0.0
2025-10-29,424,North,22170.0,16800.0,,17:17:57,17:18:45,3,641,4th Ave & Seneca St,5.0,0.0
2025-10-29,424,North,22170.0,16800.0,17:16:00,17:20:26,17:21:21,4,2976,4th Ave & Pine St,10.0,1.0
2025-10-29,424,North,22170.0,16800.0,,17:22:32,17:23:30,5,473,Olive Way & 6th Ave,6.0,1.0
2025-10-29,424,North,22170.0,16800.0,17:21:00,17:27:19,17:27:19,6,476,Olive Way & Terry Ave,13.0,0.0
2025-10-29,424,North,22170.0,16800.0,17:31:00,17:38:25,17:39:07,7,497,Evergreen Point Fwy Station,5.0,5.0
2025-10-29,424,North,22170.0,16800.0,17:53:00,17:50:23,17:52:15,9,2850,Totem Lake Fwy Station,2.0,29.0
2025-10-29,424,North,22170.0,16800.0,18:00:00,17:59:19,17:59:43,10,2704,Hwy 522 & 132nd Ave NE Flyer Stop,0.0,3.0
2025-10-29,424,North,22170.0,16800.0,18:20:00,18:21:35,18:21:35,12,3064,Fryelands Blvd & 161st St SE,0.0,0.0
2025-10-29,424,North,22170.0,16800.0,,18:22:09,18:22:25,13,2602,Fryelands Blvd & 156th St SE,0.0,1.0
2025-10-29,424,North,22170.0,16800.0,,18:23:48,18:23:48,14,3066,154th St SE & 168th Ave SE,0.0,0.0
2025-10-29,424,North,22170.0,16800.0,,18:24:23,18:24:23,15,2599,154th St SE & Mulberry Dr,0.0,0.0
2025-10-29,424,North,22170.0,16800.0,,18:24:51,18:24:51,16,2597,154th St SE & Lin Ave SE,0.0,0.0
2025-10-29,424,North,22170.0,16800.0,,18:26:11,18:26:24,17,589,179th Ave SE & Stanton St,0.0,1.0
2025-10-29,424,North,22170.0,16800.0,,18:27:09,18:27:09,18,585,179th Ave SE & 147th St SE,0.0,0.0
2025-10-29,424,North,22170.0,16800.0,,18:29:14,18:29:25,19,1915,Hwy 2 & 179th Ave SE,0.0,2.0
2025-10-29,424,North,22170.0,16800.0,18:30:00,18:30:17,18:30:44,20,1928,Monroe Park & Ride Bay 1,0.0,4.0
2025-10-29,424,North,22170.0,16800.0,,18:34:40,18:34:40,21,1922,Hwy 2 & Roosevelt Rd (East),0.0,0.0
2025-10-29,424,North,22170.0,16800.0,,18:41:05,18:41:05,22,1740,92nd St SE & 113th Dr SE,0.0,0.0
2025-10-29,424,North,22170.0,16800.0,,18:41:49,18:41:49,23,1628,Second St & Pine Ave,0.0,0.0
2025-10-29,424,North,22170.0,16800.0,,18:42:32,18:42:32,24,3131,2nd St & Cedar Ave,0.0,0.0
2025-10-29,424,North,22170.0,16800.0,,18:42:54,18:43:11,25,1629,Second St & Ave A,0.0,1.0
2025-10-29,424,North,22170.0,16800.0,,18:44:04,18:44:04,26,1626,Second St & Ave C,0.0,0.0
2025-10-29,424,North,22170.0,16800.0,18:44:00,18:45:01,18:45:01,27,858,Ave D & Third St,0.0,0.0
2025-10-29,424,North,22170.0,16800.0,,18:45:35,18:45:50,28,859,Ave D & Fifth St,0.0,1.0
2025-10-29,424,North,22170.0,16800.0,,18:46:50,18:47:03,29,860,Ave D & 10th St,0.0,1.0
2025-10-29,424,North,22170.0,16800.0,,18:48:00,18:48:00,30,857,Ave D & 13th St,0.0,0.0
2025-10-29,424,North,22170.0,16800.0,,18:48:11,18:48:11,31,3127,Ave D & Ferguson Park Rd,0.0,0.0
2025-10-29,424,North,22170.0,16800.0,18:54:00,18:48:46,18:48:46,32,861,Snohomish Park & Ride Bay 2,0.0,0.0
2025-10-29,424,South,22171.0,16808.0,05:15:00,05:15:04,05:15:04,0,1349,Snohomish Park & Ride Bay 1,0.0,0.0
2025-10-29,424,South,22171.0,16808.0,,05:15:54,05:15:54,1,3128,Ave D & 14th St SE,0.0,0.0
2025-10-29,424,South,22171.0,16808.0,,05:16:26,05:16:26,2,1353,Ave D & 13th St,0.0,0.0
2025-10-29,424,South,22171.0,16808.0,,05:17:09,05:17:53,3,1351,Ave D & Bonneville Ave,3.0,0.0
2025-10-29,424,South,22171.0,16808.0,,05:18:52,05:18:52,4,1350,Ave D & Fifth St,0.0,0.0
2025-10-29,424,South,22171.0,16808.0,05:17:00,05:19:15,05:19:15,5,1352,Ave D & Third St,0.0,0.0
2025-10-29,424,South,22171.0,16808.0,,05:20:07,05:20:07,6,242,Second St & Ave C,0.0,0.0
2025-10-29,424,South,22171.0,16808.0,,05:20:28,05:20:49,7,241,Second St & Ave A,1.0,0.0
2025-10-29,424,South,22171.0,16808.0,,05:21:24,05:21:24,8,243,Second St & Maple Ave,0.0,0.0
2025-10-29,424,South,22171.0,16808.0,,05:21:43,05:21:43,9,244,Second St & Pine Ave,0.0,0.0
2025-10-29,424,South,22171.0,16808.0,,05:22:18,05:22:18,10,369,92nd St SE & 113th Dr SE,0.0,0.0
2025-10-29,424,South,22171.0,16808.0,,05:27:56,05:27:56,11,552,Hwy 2 & Fryelands Blvd SE,0.0,0.0
2025-10-29,424,South,22171.0,16808.0,05:27:00,05:29:18,05:30:01,12,1928,Monroe Park & Ride Bay 1,5.0,0.0
2025-10-29,424,South,22171.0,16808.0,,05:31:44,05:31:44,13,1073,179th Ave SE & 147th St SE,0.0,0.0
2025-10-29,424,South,22171.0,16808.0,,05:32:32,05:32:54,14,1070,179th Ave SE & Stanton St SE,2.0,0.0
2025-10-29,424,South,22171.0,16808.0,,05:34:13,05:34:13,15,2596,154th St SE & 175th Ave SE,0.0,0.0
2025-10-29,424,South,22171.0,16808.0,,05:34:52,05:34:52,16,2598,154th St SE & Mulberry Dr,0.0,0.0
2025-10-29,424,South,22171.0,16808.0,,05:35:25,05:35:46,17,3067,154th St SE & 168th Ave SE,1.0,0.0
2025-10-29,424,South,22171.0,16808.0,,05:37:28,05:37:28,18,2603,Fryelands Blvd & 156th St SE,0.0,0.0
2025-10-29,424,South,22171.0,16808.0,05:36:00,05:38:00,05:38:26,19,3065,Fryelands Blvd & 161st St SE,1.0,0.0
2025-10-29,424,South,22171.0,16808.0,05:49:00,05:53:46,05:54:02,21,2705,Hwy 522 & 132nd Ave NE Flyer Stop,1.0,0.0
2025-10-29,424,South,22171.0,16808.0,05:54:00,05:58:38,05:59:08,22,2851,Totem Lake Fwy Station,5.0,1.0
2025-10-29,424,South,22171.0,16808.0,06:07:00,06:08:02,06:08:22,24,1859,Evergreen Point Fwy Station,1.0,0.0
2025-10-29,424,South,22171.0,16808.0,06:18:00,06:17:28,06:18:09,25,1909,Stewart St & 9th Ave,5.0,6.0
2025-10-29,424,South,22171.0,16808.0,,06:18:37,06:18:53,26,1908,Stewart St & 7th Ave,0.0,5.0
2025-10-29,424,South,22171.0,16808.0,,06:19:50,06:20:14,27,1907,Stewart St & 4th Ave,0.0,7.0
2025-10-29,424,South,22171.0,16808.0,,06:21:47,06:22:00,28,1079,2nd Ave & Stewart St,0.0,2.0
2025-10-29,424,South,22171.0,16808.0,06:25:00,06:23:17,06:24:03,29,2909,2nd Ave & Seneca St,0.0,3.0
2025-10-29,424,South,22171.0,16808.0,,06:24:52,06:25:10,30,2631,2nd Ave & Cherry St,0.0,1.0
2025-10-29,424,South,22171.0,16808.0,06:31:00,06:26:29,06:26:29,31,2349,2nd Ave Ext S & Yesler Way,0.0,0.0
2025-10-29,424,South,22172.0,21807.0,06:30:00,06:30:16,06:30:16,0,1349,Snohomish Park & Ride Bay 1,1.0,0.0
2025-10-29,424,South,22172.0,21807.0,,06:31:06,06:31:06,1,3128,Ave D & 14th St SE,0.0,0.0
2025-10-29,424,South,22172.0,21807.0,,06:31:38,06:31:38,2,1353,Ave D & 13th St,0.0,0.0
2025-10-29,424,South,22172.0,21807.0,,06:32:15,06:32:55,3,1351,Ave D & Bonneville Ave,1.0,0.0
2025-10-29,424,South,22172.0,21807.0,,06:34:19,06:34:19,4,1350,Ave D & Fifth St,0.0,0.0
2025-10-29,424,South,22172.0,21807.0,06:32:00,06:38:55,06:38:55,5,1352,Ave D & Third St,0.0,0.0
2025-10-29,424,South,22172.0,21807.0,,06:39:41,06:39:41,6,242,Second St & Ave C,0.0,0.0
2025-10-29,424,South,22172.0,21807.0,,06:39:55,06:39:55,7,241,Second St & Ave A,0.0,0.0
2025-10-29,424,South,22172.0,21807.0,,06:40:45,06:40:45,8,243,Second St & Maple Ave,0.0,0.0
2025-10-29,424,South,22172.0,21807.0,,06:41:05,06:41:05,9,244,Second St & Pine Ave,0.0,0.0
2025-10-29,424,South,22172.0,21807.0,,06:41:57,06:41:57,10,369,92nd St SE & 113th Dr SE,0.0,0.0
2025-10-29,424,South,22172.0,21807.0,,06:48:36,06:48:36,11,552,Hwy 2 & Fryelands Blvd SE,0.0,0.0
2025-10-29,424,South,22172.0,21807.0,06:43:00,06:50:11,06:50:43,12,1928,Monroe Park & Ride Bay 1,6.0,0.0
2025-10-29,424,South,22172.0,21807.0,,06:53:45,06:53:45,13,1073,179th Ave SE & 147th St SE,0.0,0.0
2025-10-29,424,South,22172.0,21807.0,,06:55:03,06:55:23,14,1070,179th Ave SE & Stanton St SE,0.0,0.0
2025-10-29,424,South,22172.0,21807.0,,06:57:02,06:57:02,15,2596,154th St SE & 175th Ave SE,0.0,0.0
2025-10-29,424,South,22172.0,21807.0,,06:58:26,06:58:26,16,2598,154th St SE & Mulberry Dr,0.0,0.0
2025-10-29,424,South,22172.0,21807.0,,06:58:53,06:58:53,17,3067,154th St SE & 168th Ave SE,0.0,0.0
2025-10-29,424,South,22172.0,21807.0,,07:00:13,07:00:13,18,2603,Fryelands Blvd & 156th St SE,0.0,0.0
2025-10-29,424,South,22172.0,21807.0,06:52:00,07:00:40,07:01:26,19,3065,Fryelands Blvd & 161st St SE,1.0,0.0
2025-10-29,424,South,22172.0,21807.0,07:11:00,07:37:03,07:37:14,21,2705,Hwy 522 & 132nd Ave NE Flyer Stop,1.0,1.0
2025-10-29,424,South,22172.0,21807.0,07:19:00,07:47:20,07:47:51,22,2851,Totem Lake Fwy Station,5.0,1.0
2025-10-29,424,South,22172.0,21807.0,07:39:00,07:58:17,07:58:32,24,1859,Evergreen Point Fwy Station,0.0,4.0
2025-10-29,424,South,22172.0,21807.0,07:54:00,08:08:47,08:09:04,25,1909,Stewart St & 9th Ave,1.0,1.0
2025-10-29,424,South,22172.0,21807.0,,08:09:33,08:09:54,26,1908,Stewart St & 7th Ave,0.0,3.0
2025-10-29,424,South,22172.0,21807.0,,08:10:51,08:11:03,27,1907,Stewart St & 4th Ave,0.0,1.0
2025-10-29,424,South,22172.0,21807.0,,08:12:55,08:13:12,28,1079,2nd Ave & Stewart St,0.0,2.0
2025-10-29,424,South,22172.0,21807.0,08:05:00,08:14:26,08:14:38,29,2909,2nd Ave & Seneca St,0.0,3.0
2025-10-29,424,South,22172.0,21807.0,,08:15:48,08:15:59,30,2631,2nd Ave & Cherry St,0.0,0.0
2025-10-29,424,South,22172.0,21807.0,08:12:00,08:16:29,08:16:29,31,2349,2nd Ave Ext S & Yesler Way,0.0,0.0
2025-10-30,424,North,22169.0,17804.0,15:35:00,15:35:23,15:35:23,0,640,4th Ave S & S Jackson St,2.0,0.0
2025-10-30,424,North,22169.0,17804.0,,15:36:27,15:36:59,1,635,4th Ave S & S Washington St,3.0,0.0
2025-10-30,424,North,22169.0,17804.0,,15:38:31,15:39:01,2,2638,4th Ave & Cherry St,4.0,0.0
2025-10-30,424,North,22169.0,17804.0,,15:40:40,15:41:44,3,641,4th Ave & Seneca St,5.0,0.0
2025-10-30,424,North,22169.0,17804.0,15:40:00,15:43:01,15:43:51,4,2976,4th Ave & Pine St,5.0,1.0
2025-10-30,424,North,22169.0,17804.0,,15:44:59,15:46:01,5,473,Olive Way & 6th Ave,11.0,0.0
2025-10-30,424,North,22169.0,17804.0,15:45:00,15:46:48,15:47:37,6,476,Olive Way & Terry Ave,2.0,0.0
2025-10-30,424,North,22169.0,17804.0,15:53:00,15:55:54,15:56:23,7,497,Evergreen Point Fwy Station,2.0,1.0
2025-10-30,424,North,22169.0,17804.0,16:12:00,16:10:33,16:11:21,9,2850,Totem Lake Fwy Station,2.0,16.0
2025-10-30,424,North,22169.0,17804.0,16:20:00,16:19:30,16:20:05,10,2704,Hwy 522 & 132nd Ave NE Flyer Stop,0.0,6.0
2025-10-30,424,North,22169.0,17804.0,16:46:00,16:39:56,16:40:21,12,3064,Fryelands Blvd & 161st St SE,0.0,4.0
2025-10-30,424,North,22169.0,17804.0,,16:40:58,16:40:58,13,2602,Fryelands Blvd & 156th St SE,0.0,0.0
2025-10-30,424,North,22169.0,17804.0,,16:42:18,16:42:18,14,3066,154th St SE & 168th Ave SE,0.0,0.0
2025-10-30,424,North,22169.0,17804.0,,16:42:53,16:42:53,15,2599,154th St SE & Mulberry Dr,0.0,0.0
2025-10-30,424,North,22169.0,17804.0,,16:43:33,16:43:44,16,2597,154th St SE & Lin Ave SE,0.0,1.0
2025-10-30,424,North,22169.0,17804.0,,16:45:10,16:45:24,17,589,179th Ave SE & Stanton St,0.0,2.0
2025-10-30,424,North,22169.0,17804.0,,16:46:06,16:46:06,18,585,179th Ave SE & 147th St SE,0.0,0.0
2025-10-30,424,North,22169.0,17804.0,,16:48:45,16:48:55,19,1915,Hwy 2 & 179th Ave SE,0.0,1.0
2025-10-30,424,North,22169.0,17804.0,16:55:00,16:49:44,16:50:04,20,1928,Monroe Park & Ride Bay 1,0.0,4.0
2025-10-30,424,North,22169.0,17804.0,,16:54:00,16:54:00,21,1922,Hwy 2 & Roosevelt Rd (East),0.0,0.0
2025-10-30,424,North,22169.0,17804.0,,17:00:41,17:00:41,22,1740,92nd St SE & 113th Dr SE,0.0,0.0
2025-10-30,424,North,22169.0,17804.0,,17:01:25,17:01:25,23,1628,Second St & Pine Ave,0.0,0.0
2025-10-30,424,North,22169.0,17804.0,,17:02:01,17:02:01,24,3131,2nd St & Cedar Ave,0.0,0.0
2025-10-30,424,North,22169.0,17804.0,,17:02:18,17:02:18,25,1629,Second St & Ave A,0.0,0.0
2025-10-30,424,North,22169.0,17804.0,,17:02:47,17:02:47,26,1626,Second St & Ave C,0.0,0.0
2025-10-30,424,North,22169.0,17804.0,17:10:00,17:03:22,17:03:22,27,858,Ave D & Third St,0.0,0.0
2025-10-30,424,North,22169.0,17804.0,,17:04:02,17:04:02,28,859,Ave D & Fifth St,0.0,0.0
2025-10-30,424,North,22169.0,17804.0,,17:04:54,17:04:54,29,860,Ave D & 10th St,0.0,0.0
2025-10-30,424,North,22169.0,17804.0,,17:05:59,17:05:59,30,857,Ave D & 13th St,0.0,0.0
2025-10-30,424,North,22169.0,17804.0,,17:06:08,17:06:08,31,3127,Ave D & Ferguson Park Rd,0.0,0.0
2025-10-30,424,North,22169.0,17804.0,17:19:00,17:07:02,17:07:02,32,861,Snohomish Park & Ride Bay 2,1.0,1.0
2025-10-30,424,North,22170.0,21807.0,17:10:00,17:11:37,17:11:37,0,640,4th Ave S & S Jackson St,6.0,0.0
2025-10-30,424,North,22170.0,21807.0,,17:12:35,17:12:46,1,635,4th Ave S & S Washington St,0.0,0.0
2025-10-30,424,North,22170.0,21807.0,,17:15:47,17:16:21,2,2638,4th Ave & Cherry St,4.0,0.0
2025-10-30,424,North,22170.0,21807.0,,17:19:07,17:19:46,3,641,4th Ave & Seneca St,4.0,0.0
2025-10-30,424,North,22170.0,21807.0,17:16:00,17:20:44,17:21:20,4,2976,4th Ave & Pine St,3.0,0.0
2025-10-30,424,North,22170.0,21807.0,,17:23:52,17:25:03,5,473,Olive Way & 6th Ave,8.0,0.0
2025-10-30,424,North,22170.0,21807.0,17:21:00,17:27:15,17:28:08,6,476,Olive Way & Terry Ave,10.0,0.0
2025-10-30,424,North,22170.0,21807.0,17:31:00,17:37:22,17:38:03,7,497,Evergreen Point Fwy Station,3.0,7.0
2025-10-30,424,North,22170.0,21807.0,17:53:00,17:56:37,17:57:34,9,2850,Totem Lake Fwy Station,5.0,21.0
2025-10-30,424,North,22170.0,21807.0,18:00:00,18:04:17,18:04:34,10,2704,Hwy 522 & 132nd Ave NE Flyer Stop,0.0,3.0
2025-10-30,424,North,22170.0,21807.0,18:20:00,18:21:38,18:21:38,12,3064,Fryelands Blvd & 161st St SE,0.0,0.0
2025-10-30,424,North,22170.0,21807.0,,18:22:11,18:22:22,13,2602,Fryelands Blvd & 156th St SE,0.0,1.0
2025-10-30,424,North,22170.0,21807.0,,18:23:43,18:23:43,14,3066,154th St SE & 168th Ave SE,0.0,0.0
2025-10-30,424,North,22170.0,21807.0,,18:24:20,18:24:20,15,2599,154th St SE & Mulberry Dr,0.0,0.0
2025-10-30,424,North,22170.0,21807.0,,18:24:49,18:24:49,16,2597,154th St SE & Lin Ave SE,0.0,0.0
2025-10-30,424,North,22170.0,21807.0,,18:26:09,18:26:25,17,589,179th Ave SE & Stanton St,0.0,1.0
2025-10-30,424,North,22170.0,21807.0,,18:27:34,18:27:34,18,585,179th Ave SE & 147th St SE,0.0,1.0
2025-10-30,424,North,22170.0,21807.0,,18:30:03,18:30:15,19,1915,Hwy 2 & 179th Ave SE,0.0,1.0
2025-10-30,424,North,22170.0,21807.0,18:30:00,18:31:06,18:31:44,20,1928,Monroe Park & Ride Bay 1,0.0,3.0
2025-10-30,424,North,22170.0,21807.0,,18:34:04,18:34:21,21,1922,Hwy 2 & Roosevelt Rd (East),0.0,1.0
2025-10-30,424,North,22170.0,21807.0,,18:41:26,18:41:26,22,1740,92nd St SE & 113th Dr SE,0.0,0.0
2025-10-30,424,North,22170.0,21807.0,,18:42:35,18:42:35,23,1628,Second St & Pine Ave,0.0,0.0
2025-10-30,424,North,22170.0,21807.0,,18:43:12,18:43:31,24,3131,2nd St & Cedar Ave,0.0,3.0
2025-10-30,424,North,22170.0,21807.0,,18:43:51,18:43:51,25,1629,Second St & Ave A,0.0,0.0
2025-10-30,424,North,22170.0,21807.0,,18:44:24,18:44:24,26,1626,Second St & Ave C,0.0,0.0
2025-10-30,424,North,22170.0,21807.0,18:44:00,18:44:56,18:44:56,27,858,Ave D & Third St,0.0,0.0
2025-10-30,424,North,22170.0,21807.0,,18:45:29,18:45:45,28,859,Ave D & Fifth St,0.0,1.0
2025-10-30,424,North,22170.0,21807.0,,18:46:48,18:46:48,29,860,Ave D & 10th St,0.0,0.0
2025-10-30,424,North,22170.0,21807.0,,18:47:41,18:47:41,30,857,Ave D & 13th St,0.0,0.0
2025-10-30,424,North,22170.0,21807.0,,18:47:51,18:47:51,31,3127,Ave D & Ferguson Park Rd,0.0,0.0
2025-10-30,424,North,22170.0,21807.0,18:54:00,18:48:31,18:48:31,32,861,Snohomish Park & Ride Bay 2,0.0,0.0
2025-10-30,424,South,22171.0,21808.0,05:15:00,05:15:14,05:15:14,0,1349,Snohomish Park & Ride Bay 1,0.0,0.0
2025-10-30,424,South,22171.0,21808.0,,05:16:00,05:16:00,1,3128,Ave D & 14th St SE,0.0,0.0
2025-10-30,424,South,22171.0,21808.0,,05:16:30,05:16:30,2,1353,Ave D & 13th St,0.0,0.0
2025-10-30,424,South,22171.0,21808.0,,05:17:04,05:17:36,3,1351,Ave D & Bonneville Ave,2.0,0.0
2025-10-30,424,South,22171.0,21808.0,,05:18:24,05:18:24,4,1350,Ave D & Fifth St,0.0,0.0
2025-10-30,424,South,22171.0,21808.0,05:17:00,05:19:05,05:19:05,5,1352,Ave D & Third St,0.0,0.0
2025-10-30,424,South,22171.0,21808.0,,05:19:52,05:19:52,6,242,Second St & Ave C,0.0,0.0
2025-10-30,424,South,22171.0,21808.0,,05:20:08,05:20:08,7,241,Second St & Ave A,0.0,0.0
2025-10-30,424,South,22171.0,21808.0,,05:20:47,05:20:47,8,243,Second St & Maple Ave,0.0,0.0
2025-10-30,424,South,22171.0,21808.0,,05:21:07,05:21:07,9,244,Second St & Pine Ave,0.0,0.0
2025-10-30,424,South,22171.0,21808.0,,05:21:38,05:21:38,10,369,92nd St SE & 113th Dr SE,0.0,0.0
2025-10-30,424,South,22171.0,21808.0,,05:27:17,05:27:17,11,552,Hwy 2 & Fryelands Blvd SE,0.0,0.0
2025-10-30,424,South,22171.0,21808.0,05:27:00,05:28:51,05:29:21,12,1928,Monroe Park & Ride Bay 1,3.0,0.0
2025-10-30,424,South,22171.0,21808.0,,05:31:21,05:31:21,13,1073,179th Ave SE & 147th St SE,0.0,0.0
2025-10-30,424,South,22171.0,21808.0,,05:32:01,05:32:23,14,1070,179th Ave SE & Stanton St SE,3.0,0.0
2025-10-30,424,South,22171.0,21808.0,,05:33:35,05:33:55,15,2596,154th St SE & 175th Ave SE,1.0,0.0
2025-10-30,424,South,22171.0,21808.0,,05:34:35,05:34:48,16,2598,154th St SE & Mulberry Dr,1.0,0.0
2025-10-30,424,South,22171.0,21808.0,,05:35:29,05:35:55,17,3067,154th St SE & 168th Ave SE,1.0,0.0
2025-10-30,424,South,22171.0,21808.0,,05:37:18,05:37:18,18,2603,Fryelands Blvd & 156th St SE,0.0,0.0
2025-10-30,424,South,22171.0,21808.0,05:36:00,05:37:48,05:37:48,19,3065,Fryelands Blvd & 161st St SE,0.0,0.0
2025-10-30,424,South,22171.0,21808.0,05:49:00,05:51:25,05:51:25,21,2705,Hwy 522 & 132nd Ave NE Flyer Stop,0.0,0.0
2025-10-30,424,South,22171.0,21808.0,05:54:00,05:56:04,05:56:24,22,2851,Totem Lake Fwy Station,2.0,0.0
2025-10-30,424,South,22171.0,21808.0,06:07:00,06:05:41,06:05:57,24,1859,Evergreen Point Fwy Station,0.0,2.0
2025-10-30,424,South,22171.0,21808.0,06:18:00,06:13:29,06:13:38,25,1909,Stewart St & 9th Ave,0.0,2.0
2025-10-30,424,South,22171.0,21808.0,,06:14:06,06:14:22,26,1908,Stewart St & 7th Ave,0.0,5.0
2025-10-30,424,South,22171.0,21808.0,,06:15:16,06:15:27,27,1907,Stewart St & 4th Ave,0.0,2.0
2025-10-30,424,South,22171.0,21808.0,,06:15:59,06:16:09,28,1079,2nd Ave & Stewart St,0.0,1.0
2025-10-30,424,South,22171.0,21808.0,06:25:00,06:17:15,06:17:24,29,2909,2nd Ave & Seneca St,0.0,1.0
2025-10-30,424,South,22171.0,21808.0,,06:18:44,06:18:44,30,2631,2nd Ave & Cherry St,0.0,0.0
2025-10-30,424,South,22171.0,21808.0,06:31:00,06:19:36,06:19:36,31,2349,2nd Ave Ext S & Yesler Way,0.0,0.0
2025-10-30,424,South,22172.0,16807.0,06:30:00,06:30:32,06:30:32,0,1349,Snohomish Park & Ride Bay 1,0.0,0.0
2025-10-30,424,South,22172.0,16807.0,,06:31:25,06:31:25,1,3128,Ave D & 14th St SE,0.0,0.0
2025-10-30,424,South,22172.0,16807.0,,06:31:52,06:31:52,2,1353,Ave D & 13th St,0.0,0.0
2025-10-30,424,South,22172.0,16807.0,,06:32:39,06:33:00,3,1351,Ave D & Bonneville Ave,1.0,0.0
2025-10-30,424,South,22172.0,16807.0,,06:34:06,06:34:06,4,1350,Ave D & Fifth St,0.0,0.0
2025-10-30,424,South,22172.0,16807.0,06:32:00,06:34:29,06:34:29,5,1352,Ave D & Third St,0.0,0.0
2025-10-30,424,South,22172.0,16807.0,,06:35:11,06:35:11,6,242,Second St & Ave C,0.0,0.0
2025-10-30,424,South,22172.0,16807.0,,06:35:26,06:35:26,7,241,Second St & Ave A,0.0,0.0
2025-10-30,424,South,22172.0,16807.0,,06:36:05,06:36:05,8,243,Second St & Maple Ave,0.0,0.0
2025-10-30,424,South,22172.0,16807.0,,06:36:30,06:36:30,9,244,Second St & Pine Ave,0.0,0.0
2025-10-30,424,South,22172.0,16807.0,,06:37:32,06:37:32,10,369,92nd St SE & 113th Dr SE,0.0,0.0
2025-10-30,424,South,22172.0,16807.0,,06:45:40,06:45:40,11,552,Hwy 2 & Fryelands Blvd SE,0.0,0.0
2025-10-30,424,South,22172.0,16807.0,06:43:00,06:47:10,06:48:04,12,1928,Monroe Park & Ride Bay 1,8.0,0.0
2025-10-30,424,South,22172.0,16807.0,,06:51:21,06:51:21,13,1073,179th Ave SE & 147th St SE,0.0,0.0
2025-10-30,424,South,22172.0,16807.0,,06:51:55,06:52:15,14,1070,179th Ave SE & Stanton St SE,1.0,0.0
2025-10-30,424,South,22172.0,16807.0,,06:53:30,06:53:30,15,2596,154th St SE & 175th Ave SE,0.0,0.0
2025-10-30,424,South,22172.0,16807.0,,06:54:03,06:54:03,16,2598,154th St SE & Mulberry Dr,0.0,0.0
2025-10-30,424,South,22172.0,16807.0,,06:54:32,06:54:32,17,3067,154th St SE & 168th Ave SE,0.0,0.0
2025-10-30,424,South,22172.0,16807.0,,06:56:25,06:56:25,18,2603,Fryelands Blvd & 156th St SE,0.0,0.0
2025-10-30,424,South,22172.0,16807.0,06:52:00,06:56:57,06:57:19,19,3065,Fryelands Blvd & 161st St SE,1.0,0.0
2025-10-30,424,South,22172.0,16807.0,07:11:00,07:29:26,07:29:42,21,2705,Hwy 522 & 132nd Ave NE Flyer Stop,1.0,1.0
2025-10-30,424,South,22172.0,16807.0,07:19:00,07:40:21,07:41:04,22,2851,Totem Lake Fwy Station,10.0,1.0
2025-10-30,424,South,22172.0,16807.0,07:39:00,07:53:40,07:54:10,24,1859,Evergreen Point Fwy Station,2.0,2.0
2025-10-30,424,South,22172.0,16807.0,07:54:00,08:05:29,08:05:51,25,1909,Stewart St & 9th Ave,0.0,3.0
2025-10-30,424,South,22172.0,16807.0,,08:06:26,08:06:56,26,1908,Stewart St & 7th Ave,0.0,10.0
2025-10-30,424,South,22172.0,16807.0,,08:08:03,08:08:16,27,1907,Stewart St & 4th Ave,0.0,2.0
2025-10-30,424,South,22172.0,16807.0,,08:09:57,08:10:12,28,1079,2nd Ave & Stewart St,0.0,1.0
2025-10-30,424,South,22172.0,16807.0,08:05:00,08:12:58,08:13:20,29,2909,2nd Ave & Seneca St,0.0,3.0
2025-10-30,424,South,22172.0,16807.0,,08:14:31,08:14:46,30,2631,2nd Ave & Cherry St,0.0,1.0
2025-10-30,424,South,22172.0,16807.0,08:12:00,08:15:22,08:15:22,31,2349,2nd Ave Ext S & Yesler Way,0.0,0.0
2025-10-31,424,North,22169.0,19822.0,15:35:00,15:40:43,15:40:43,0,640,4th Ave S & S Jackson St,5.0,0.0
2025-10-31,424,North,22169.0,19822.0,,15:42:25,15:42:45,1,635,4th Ave S & S Washington St,1.0,0.0
2025-10-31,424,North,22169.0,19822.0,,15:44:58,15:45:25,2,2638,4th Ave & Cherry St,2.0,0.0
2025-10-31,424,North,22169.0,19822.0,,15:46:31,15:46:54,3,641,4th Ave & Seneca St,4.0,0.0
2025-10-31,424,North,22169.0,19822.0,15:40:00,15:48:42,15:48:59,4,2976,4th Ave & Pine St,3.0,0.0
2025-10-31,424,North,22169.0,19822.0,,15:50:47,15:51:59,5,473,Olive Way & 6th Ave,8.0,0.0
2025-10-31,424,North,22169.0,19822.0,15:45:00,15:53:02,15:53:34,6,476,Olive Way & Terry Ave,4.0,0.0
2025-10-31,424,North,22169.0,19822.0,15:53:00,16:04:52,16:05:15,7,497,Evergreen Point Fwy Station,4.0,0.0
2025-10-31,424,North,22169.0,19822.0,16:12:00,16:26:34,16:26:59,9,2850,Totem Lake Fwy Station,0.0,13.0
2025-10-31,424,North,22169.0,19822.0,16:20:00,16:37:13,16:37:35,10,2704,Hwy 522 & 132nd Ave NE Flyer Stop,1.0,5.0
2025-10-31,424,North,22169.0,19822.0,16:46:00,17:11:03,17:11:13,12,3064,Fryelands Blvd & 161st St SE,0.0,1.0
2025-10-31,424,North,22169.0,19822.0,,17:11:53,17:11:53,13,2602,Fryelands Blvd & 156th St SE,0.0,0.0
2025-10-31,424,North,22169.0,19822.0,,17:13:12,17:13:12,14,3066,154th St SE & 168th Ave SE,0.0,0.0
2025-10-31,424,North,22169.0,19822.0,,17:13:50,17:13:59,15,2599,154th St SE & Mulberry Dr,0.0,0.0
2025-10-31,424,North,22169.0,19822.0,,17:14:54,17:15:04,16,2597,154th St SE & Lin Ave SE,0.0,1.0
2025-10-31,424,North,22169.0,19822.0,,17:16:32,17:16:44,17,589,179th Ave SE & Stanton St,0.0,1.0
2025-10-31,424,North,22169.0,19822.0,,17:17:58,17:17:58,18,585,179th Ave SE & 147th St SE,0.0,4.0
2025-10-31,424,North,22169.0,19822.0,,17:20:26,17:20:36,19,1915,Hwy 2 & 179th Ave SE,0.0,1.0
2025-10-31,424,North,22169.0,19822.0,16:55:00,17:21:28,17:21:55,20,1928,Monroe Park & Ride Bay 1,0.0,5.0
2025-10-31,424,North,22169.0,19822.0,,17:24:55,17:24:55,21,1922,Hwy 2 & Roosevelt Rd (East),0.0,0.0
2025-10-31,424,North,22169.0,19822.0,,17:31:50,17:31:50,22,1740,92nd St SE & 113th Dr SE,0.0,0.0
2025-10-31,424,North,22169.0,19822.0,,17:32:36,17:32:36,23,1628,Second St & Pine Ave,0.0,0.0
2025-10-31,424,North,22169.0,19822.0,,17:33:06,17:33:06,24,3131,2nd St & Cedar Ave,0.0,0.0
2025-10-31,424,North,22169.0,19822.0,,17:33:20,17:33:20,25,1629,Second St & Ave A,0.0,0.0
2025-10-31,424,North,22169.0,19822.0,,17:33:53,17:33:53,26,1626,Second St & Ave C,0.0,0.0
2025-10-31,424,North,22169.0,19822.0,17:10:00,17:34:30,17:34:30,27,858,Ave D & Third St,0.0,0.0
2025-10-31,424,North,22169.0,19822.0,,17:35:19,17:35:40,28,859,Ave D & Fifth St,0.0,1.0
2025-10-31,424,North,22169.0,19822.0,,17:37:14,17:37:14,29,860,Ave D & 10th St,0.0,0.0
2025-10-31,424,North,22169.0,19822.0,,17:38:33,17:38:33,30,857,Ave D & 13th St,0.0,0.0
2025-10-31,424,North,22169.0,19822.0,,17:38:43,17:38:43,31,3127,Ave D & Ferguson Park Rd,0.0,0.0
2025-10-31,424,North,22169.0,19822.0,17:19:00,17:39:23,17:39:23,32,861,Snohomish Park & Ride Bay 2,0.0,0.0
2025-10-31,424,North,22170.0,19802.0,17:10:00,17:10:45,17:10:45,0,640,4th Ave S & S Jackson St,1.0,0.0
2025-10-31,424,North,22170.0,19802.0,,17:11:13,17:11:24,1,635,4th Ave S & S Washington St,0.0,0.0
2025-10-31,424,North,22170.0,19802.0,,17:12:51,17:13:01,2,2638,4th Ave & Cherry St,0.0,0.0
2025-10-31,424,North,22170.0,19802.0,,17:14:45,17:15:16,3,641,4th Ave & Seneca St,4.0,0.0
2025-10-31,424,North,22170.0,19802.0,17:16:00,17:16:17,17:16:49,4,2976,4th Ave & Pine St,3.0,0.0
2025-10-31,424,North,22170.0,19802.0,,17:17:57,17:19:02,5,473,Olive Way & 6th Ave,1.0,0.0
2025-10-31,424,North,22170.0,19802.0,17:21:00,17:21:03,17:21:25,6,476,Olive Way & Terry Ave,2.0,0.0
2025-10-31,424,North,22170.0,19802.0,17:31:00,17:30:49,17:31:06,7,497,Evergreen Point Fwy Station,0.0,1.0
2025-10-31,424,North,22170.0,19802.0,17:53:00,17:44:26,17:45:01,9,2850,Totem Lake Fwy Station,2.0,9.0
2025-10-31,424,North,22170.0,19802.0,18:00:00,17:53:16,17:53:25,10,2704,Hwy 522 & 132nd Ave NE Flyer Stop,0.0,0.0
2025-10-31,424,North,22170.0,19802.0,18:20:00,18:17:56,18:17:56,12,3064,Fryelands Blvd & 161st St SE,0.0,0.0
2025-10-31,424,North,22170.0,19802.0,,18:18:24,18:18:24,13,2602,Fryelands Blvd & 156th St SE,0.0,0.0
2025-10-31,424,North,22170.0,19802.0,,18:20:18,18:20:18,14,3066,154th St SE & 168th Ave SE,0.0,0.0
2025-10-31,424,North,22170.0,19802.0,,18:21:03,18:21:03,15,2599,154th St SE & Mulberry Dr,0.0,0.0
2025-10-31,424,North,22170.0,19802.0,,18:21:49,18:21:49,16,2597,154th St SE & Lin Ave SE,0.0,0.0
2025-10-31,424,North,22170.0,19802.0,,18:23:11,18:23:21,17,589,179th Ave SE & Stanton St,0.0,0.0
2025-10-31,424,North,22170.0,19802.0,,18:24:31,18:24:31,18,585,179th Ave SE & 147th St SE,0.0,1.0
2025-10-31,424,North,22170.0,19802.0,,18:25:24,18:25:24,19,1915,Hwy 2 & 179th Ave SE,0.0,0.0
2025-10-31,424,North,22170.0,19802.0,18:30:00,18:26:11,18:26:30,20,1928,Monroe Park & Ride Bay 1,0.0,1.0
2025-10-31,424,North,22170.0,19802.0,,18:30:03,18:30:03,21,1922,Hwy 2 & Roosevelt Rd (East),0.0,0.0
2025-10-31,424,North,22170.0,19802.0,,18:36:46,18:36:46,22,1740,92nd St SE & 113th Dr SE,0.0,0.0
2025-10-31,424,North,22170.0,19802.0,,18:37:36,18:37:36,23,1628,Second St & Pine Ave,0.0,0.0
2025-10-31,424,North,22170.0,19802.0,,18:38:32,18:38:32,24,3131,2nd St & Cedar Ave,0.0,0.0
2025-10-31,424,North,22170.0,19802.0,,18:38:52,18:39:08,25,1629,Second St & Ave A,0.0,1.0
2025-10-31,424,North,22170.0,19802.0,,18:39:48,18:39:48,26,1626,Second St & Ave C,0.0,0.0
2025-10-31,424,North,22170.0,19802.0,18:44:00,18:40:36,18:40:36,27,858,Ave D & Third St,0.0,0.0
2025-10-31,424,North,22170.0,19802.0,,18:41:36,18:41:36,28,859,Ave D & Fifth St,0.0,0.0
2025-10-31,424,North,22170.0,19802.0,,18:42:34,18:42:34,29,860,Ave D & 10th St,0.0,0.0
2025-10-31,424,North,22170.0,19802.0,,18:43:26,18:43:26,30,857,Ave D & 13th St,0.0,0.0
2025-10-31,424,North,22170.0,19802.0,,18:43:36,18:43:36,31,3127,Ave D & Ferguson Park Rd,0.0,0.0
2025-10-31,424,North,22170.0,19802.0,18:54:00,18:44:11,18:44:11,32,861,Snohomish Park & Ride Bay 2,0.0,0.0
2025-10-31,424,South,22171.0,19800.0,05:15:00,05:15:06,05:15:06,0,1349,Snohomish Park & Ride Bay 1,0.0,0.0
2025-10-31,424,South,22171.0,19800.0,,05:15:50,05:15:50,1,3128,Ave D & 14th St SE,0.0,0.0
2025-10-31,424,South,22171.0,19800.0,,05:16:28,05:16:28,2,1353,Ave D & 13th St,0.0,0.0
2025-10-31,424,South,22171.0,19800.0,,05:17:09,05:17:27,3,1351,Ave D & Bonneville Ave,1.0,0.0
2025-10-31,424,South,22171.0,19800.0,,05:18:23,05:18:23,4,1350,Ave D & Fifth St,0.0,0.0
2025-10-31,424,South,22171.0,19800.0,05:17:00,05:18:48,05:18:48,5,1352,Ave D & Third St,0.0,0.0
2025-10-31,424,South,22171.0,19800.0,,05:19:25,05:19:25,6,242,Second St & Ave C,0.0,0.0
2025-10-31,424,South,22171.0,19800.0,,05:19:49,05:20:07,7,241,Second St & Ave A,1.0,0.0
2025-10-31,424,South,22171.0,19800.0,,05:20:47,05:20:47,8,243,Second St & Maple Ave,0.0,0.0
2025-10-31,424,South,22171.0,19800.0,,05:21:14,05:21:14,9,244,Second St & Pine Ave,0.0,0.0
2025-10-31,424,South,22171.0,19800.0,,05:21:48,05:21:48,10,369,92nd St SE & 113th Dr SE,0.0,0.0
2025-10-31,424,South,22171.0,19800.0,,05:27:13,05:27:13,11,552,Hwy 2 & Fryelands Blvd SE,0.0,0.0
2025-10-31,424,South,22171.0,19800.0,05:27:00,05:28:27,05:29:02,12,1928,Monroe Park & Ride Bay 1,4.0,0.0
2025-10-31,424,South,22171.0,19800.0,,05:30:56,05:30:56,13,1073,179th Ave SE & 147th St SE,0.0,0.0
2025-10-31,424,South,22171.0,19800.0,,05:31:35,05:31:52,14,1070,179th Ave SE & Stanton St SE,2.0,0.0
2025-10-31,424,South,22171.0,19800.0,,05:33:08,05:33:30,15,2596,154th St SE & 175th Ave SE,1.0,0.0
2025-10-31,424,South,22171.0,19800.0,,05:34:06,05:34:06,16,2598,154th St SE & Mulberry Dr,0.0,0.0
2025-10-31,424,South,22171.0,19800.0,,05:34:40,05:34:40,17,3067,154th St SE & 168th Ave SE,0.0,0.0
2025-10-31,424,South,22171.0,19800.0,,05:35:57,05:35:57,18,2603,Fryelands Blvd & 156th St SE,0.0,0.0
2025-10-31,424,South,22171.0,19800.0,05:36:00,05:36:25,05:36:25,19,3065,Fryelands Blvd & 161st St SE,0.0,0.0
2025-10-31,424,South,22171.0,19800.0,05:49:00,05:50:09,05:50:09,21,2705,Hwy 522 & 132nd Ave NE Flyer Stop,0.0,0.0
2025-10-31,424,South,22171.0,19800.0,05:54:00,05:54:38,05:54:58,22,2851,Totem Lake Fwy Station,1.0,1.0
2025-10-31,424,South,22171.0,19800.0,06:07:00,06:04:07,06:04:28,24,1859,Evergreen Point Fwy Station,1.0,0.0
2025-10-31,424,South,22171.0,19800.0,06:18:00,06:13:19,06:13:50,25,1909,Stewart St & 9th Ave,3.0,3.0
2025-10-31,424,South,22171.0,19800.0,,06:15:10,06:15:22,26,1908,Stewart St & 7th Ave,0.0,5.0
2025-10-31,424,South,22171.0,19800.0,,06:16:48,06:17:03,27,1907,Stewart St & 4th Ave,0.0,3.0
2025-10-31,424,South,22171.0,19800.0,,06:18:43,06:18:43,28,1079,2nd Ave & Stewart St,0.0,0.0
2025-10-31,424,South,22171.0,19800.0,06:25:00,06:20:12,06:20:22,29,2909,2nd Ave & Seneca St,0.0,2.0
2025-10-31,424,South,22171.0,19800.0,,06:21:48,06:21:48,30,2631,2nd Ave & Cherry St,0.0,0.0
2025-10-31,424,South,22171.0,19800.0,06:31:00,06:23:40,06:23:40,31,2349,2nd Ave Ext S & Yesler Way,0.0,0.0
2025-10-31,424,South,22172.0,19809.0,06:30:00,06:30:47,06:30:47,0,1349,Snohomish Park & Ride Bay 1,0.0,0.0
2025-10-31,424,South,22172.0,19809.0,,06:31:38,06:31:38,1,3128,Ave D & 14th St SE,0.0,0.0
2025-10-31,424,South,22172.0,19809.0,,06:32:19,06:32:19,2,1353,Ave D & 13th St,0.0,0.0
2025-10-31,424,South,22172.0,19809.0,,06:32:58,06:32:58,3,1351,Ave D & Bonneville Ave,0.0,0.0
2025-10-31,424,South,22172.0,19809.0,,06:33:58,06:33:58,4,1350,Ave D & Fifth St,0.0,0.0
2025-10-31,424,South,22172.0,19809.0,06:32:00,06:34:21,06:34:21,5,1352,Ave D & Third St,0.0,0.0
2025-10-31,424,South,22172.0,19809.0,,06:35:44,06:35:44,6,242,Second St & Ave C,0.0,0.0
2025-10-31,424,South,22172.0,19809.0,,06:35:57,06:35:57,7,241,Second St & Ave A,0.0,0.0
2025-10-31,424,South,22172.0,19809.0,,06:36:44,06:36:44,8,243,Second St & Maple Ave,0.0,0.0
2025-10-31,424,South,22172.0,19809.0,,06:37:04,06:37:04,9,244,Second St & Pine Ave,0.0,0.0
2025-10-31,424,South,22172.0,19809.0,,06:37:33,06:37:33,10,369,92nd St SE & 113th Dr SE,0.0,0.0
2025-10-31,424,South,22172.0,19809.0,,06:44:12,06:44:12,11,552,Hwy 2 & Fryelands Blvd SE,0.0,0.0
2025-10-31,424,South,22172.0,19809.0,06:43:00,06:45:46,06:46:34,12,1928,Monroe Park & Ride Bay 1,0.0,0.0
2025-10-31,424,South,22172.0,19809.0,,06:49:37,06:49:37,13,1073,179th Ave SE & 147th St SE,0.0,0.0
2025-10-31,424,South,22172.0,19809.0,,06:50:14,06:50:37,14,1070,179th Ave SE & Stanton St SE,0.0,0.0
2025-10-31,424,South,22172.0,19809.0,,06:51:53,06:51:53,15,2596,154th St SE & 175th Ave SE,0.0,0.0
2025-10-31,424,South,22172.0,19809.0,,06:52:33,06:52:33,16,2598,154th St SE & Mulberry Dr,0.0,0.0
2025-10-31,424,South,22172.0,19809.0,,06:53:01,06:53:01,17,3067,154th St SE & 168th Ave SE,0.0,0.0
2025-10-31,424,South,22172.0,19809.0,,06:54:23,06:54:23,18,2603,Fryelands Blvd & 156th St SE,0.0,0.0
2025-10-31,424,South,22172.0,19809.0,06:52:00,06:54:55,06:55:18,19,3065,Fryelands Blvd & 161st St SE,0.0,0.0
2025-10-31,424,South,22172.0,19809.0,07:11:00,07:12:58,07:14:27,21,2705,Hwy 522 & 132nd Ave NE Flyer Stop,0.0,0.0
2025-10-31,424,South,22172.0,19809.0,07:19:00,07:20:01,07:22:15,22,2851,Totem Lake Fwy Station,0.0,0.0
2025-10-31,424,South,22172.0,19809.0,07:39:00,07:32:31,07:33:03,24,1859,Evergreen Point Fwy Station,0.0,0.0
2025-10-31,424,South,22172.0,19809.0,07:54:00,07:41:46,07:42:06,25,1909,Stewart St & 9th Ave,0.0,0.0
2025-10-31,424,South,22172.0,19809.0,,07:42:44,07:43:12,26,1908,Stewart St & 7th Ave,0.0,0.0
2025-10-31,424,South,22172.0,19809.0,,07:45:20,07:45:40,27,1907,Stewart St & 4th Ave,0.0,0.0
2025-10-31,424,South,22172.0,19809.0,,07:47:29,07:47:48,28,1079,2nd Ave & Stewart St,0.0,0.0
2025-10-31,424,South,22172.0,19809.0,08:05:00,07:48:56,07:49:15,29,2909,2nd Ave & Seneca St,0.0,0.0
2025-10-31,424,South,22172.0,19809.0,,07:50:26,07:50:42,30,2631,2nd Ave & Cherry St,0.0,0.0
2025-10-31,424,South,22172.0,19809.0,08:12:00,07:51:34,07:51:34,31,2349,2nd Ave Ext S & Yesler Way,0.0,0.0
