OPERATION_DATE,ROUTE_ID,DIRECTION,TRIP_ID,VEHICLE_ID,SCHED_DEPTIME,ACT_ARRTIME,ACT_DEPTIME,STOP_ORDER_NBR,STOP_ID,STOP,BOARDINGS,ALIGHTINGS
2023-10-02,405,North,24023,15805.0,15:15:00,15:18:06,15:18:06,0,640,4th Ave S & S Jackson St,0.0,0.0
2023-10-02,405,North,24023,15805.0,,15:19:20,15:19:38,1,635,4th Ave S & S Washington St,0.0,0.0
2023-10-02,405,North,24023,15805.0,,15:20:48,15:21:04,2,2638,4th Ave & Cherry St,1.0,0.0
2023-10-02,405,North,24023,15805.0,,15:22:37,15:22:56,3,641,4th Ave & Seneca St,1.0,0.0
2023-10-02,405,North,24023,15805.0,15:20:00,15:25:03,15:25:53,4,2976,4th Ave & Pine St,1.0,0.0
2023-10-02,405,North,24023,15805.0,,15:28:23,15:31:06,5,473,Olive Way & 6th Ave,5.0,0.0
2023-10-02,405,North,24023,15805.0,15:24:00,15:31:59,15:32:19,6,430,Howell St & 9th Ave,0.0,0.0
2023-10-02,405,North,24023,15805.0,,15:35:44,15:36:03,7,431,Howell St & Yale Ave,1.0,0.0
2023-10-02,405,North,24023,15805.0,,16:00:05,16:01:23,10,2673,220th St SW & 64th Ave W,1.0,3.0
2023-10-02,405,North,24023,15805.0,,16:01:47,16:01:47,11,1677,220th St SW & 66th Ave W,0.0,0.0
2023-10-02,405,North,24023,15805.0,,16:03:32,16:03:47,12,1667,220th St SW & 70th Ave W,0.0,1.0
2023-10-02,405,North,24023,15805.0,,16:04:28,16:04:39,13,1013,Hwy 99 & 220th St SW,0.0,0.0
2023-10-02,405,North,24023,15805.0,,16:05:40,16:06:02,14,1012,Hwy 99 & 216th St SW,0.0,3.0
2023-10-02,405,North,24023,15805.0,16:11:00,16:08:44,16:08:44,15,1242,Edmonds Park & Ride Bay 1,0.0,3.0
2023-10-02,405,North,24024,19855.0,15:55:00,15:56:09,15:56:09,0,640,4th Ave S & S Jackson St,4.0,0.0
2023-10-02,405,North,24024,19855.0,,15:57:49,15:57:49,1,635,4th Ave S & S Washington St,0.0,0.0
2023-10-02,405,North,24024,19855.0,,15:59:23,15:59:41,2,2638,4th Ave & Cherry St,1.0,0.0
2023-10-02,405,North,24024,19855.0,,16:01:05,16:01:13,3,641,4th Ave & Seneca St,0.0,0.0
2023-10-02,405,North,24024,19855.0,16:01:00,16:02:18,16:02:37,4,2976,4th Ave & Pine St,1.0,0.0
2023-10-02,405,North,24024,19855.0,,16:04:14,16:04:52,5,473,Olive Way & 6th Ave,4.0,0.0
2023-10-02,405,North,24024,19855.0,16:05:00,16:06:12,16:06:39,6,430,Howell St & 9th Ave,2.0,0.0
2023-10-02,405,North,24024,19855.0,,16:10:09,16:10:27,7,431,Howell St & Yale Ave,0.0,2.0
2023-10-02,405,North,24024,19855.0,,16:36:49,16:37:09,10,2673,220th St SW & 64th Ave W,0.0,1.0
2023-10-02,405,North,24024,19855.0,,16:37:47,16:37:47,11,1677,220th St SW & 66th Ave W,0.0,0.0
2023-10-02,405,North,24024,19855.0,,16:38:34,16:38:34,12,1667,220th St SW & 70th Ave W,0.0,0.0
2023-10-02,405,North,24024,19855.0,,16:41:23,16:41:41,13,1013,Hwy 99 & 220th St SW,0.0,2.0
2023-10-02,405,North,24024,19855.0,,16:42:49,16:42:49,14,1012,Hwy 99 & 216th St SW,0.0,0.0
2023-10-02,405,North,24024,19855.0,16:51:00,16:46:12,16:46:12,15,1242,Edmonds Park & Ride Bay 1,0.0,7.0
2023-10-02,405,North,24025,19856.0,16:35:00,16:36:04,16:36:04,0,640,4th Ave S & S Jackson St,1.0,0.0
2023-10-02,405,North,24025,19856.0,,16:36:50,16:36:50,1,635,4th Ave S & S Washington St,0.0,0.0
2023-10-02,405,North,24025,19856.0,,16:38:30,16:38:55,2,2638,4th Ave & Cherry St,1.0,0.0
2023-10-02,405,North,24025,19856.0,,16:41:36,16:42:13,3,641,4th Ave & Seneca St,2.0,0.0
2023-10-02,405,North,24025,19856.0,16:41:00,16:44:06,16:44:42,4,2976,4th Ave & Pine St,1.0,0.0
2023-10-02,405,North,24025,19856.0,,16:47:16,16:48:03,5,473,Olive Way & 6th Ave,3.0,0.0
2023-10-02,405,North,24025,19856.0,16:45:00,16:49:37,16:50:27,6,430,Howell St & 9th Ave,3.0,0.0
2023-10-02,405,North,24025,19856.0,,16:56:34,16:56:34,7,431,Howell St & Yale Ave,0.0,0.0
2023-10-02,405,North,24025,19856.0,,17:25:03,17:25:15,10,2673,220th St SW & 64th Ave W,0.0,0.0
2023-10-02,405,North,24025,19856.0,,17:25:32,17:25:32,11,1677,220th St SW & 66th Ave W,0.0,1.0
2023-10-02,405,North,24025,19856.0,,17:27:32,17:27:49,12,1667,220th St SW & 70th Ave W,0.0,1.0
2023-10-02,405,North,24025,19856.0,,17:29:03,17:29:03,13,1013,Hwy 99 & 220th St SW,0.0,0.0
2023-10-02,405,North,24025,19856.0,,17:30:41,17:30:41,14,1012,Hwy 99 & 216th St SW,0.0,0.0
2023-10-02,405,North,24025,19856.0,17:30:00,17:33:46,17:33:46,15,1242,Edmonds Park & Ride Bay 1,0.0,9.0
2023-10-02,405,North,24026,19815.0,17:15:00,17:15:15,17:15:15,0,640,4th Ave S & S Jackson St,1.0,0.0
2023-10-02,405,North,24026,19815.0,,17:16:28,17:16:28,1,635,4th Ave S & S Washington St,0.0,0.0
2023-10-02,405,North,24026,19815.0,,17:17:29,17:17:40,2,2638,4th Ave & Cherry St,0.0,0.0
2023-10-02,405,North,24026,19815.0,,17:19:32,17:19:45,3,641,4th Ave & Seneca St,1.0,0.0
2023-10-02,405,North,24026,19815.0,17:21:00,17:20:57,17:21:29,4,2976,4th Ave & Pine St,0.0,0.0
2023-10-02,405,North,24026,19815.0,,17:23:52,17:25:05,5,473,Olive Way & 6th Ave,2.0,0.0
2023-10-02,405,North,24026,19815.0,17:25:00,17:26:35,17:26:53,6,430,Howell St & 9th Ave,0.0,0.0
2023-10-02,405,North,24026,19815.0,,17:31:10,17:31:20,7,431,Howell St & Yale Ave,0.0,0.0
2023-10-02,405,North,24026,19815.0,,17:58:51,17:58:51,10,2673,220th St SW & 64th Ave W,0.0,0.0
2023-10-02,405,North,24026,19815.0,,17:59:07,17:59:07,11,1677,220th St SW & 66th Ave W,0.0,0.0
2023-10-02,405,North,24026,19815.0,,18:00:16,18:00:16,12,1667,220th St SW & 70th Ave W,0.0,0.0
2023-10-02,405,North,24026,19815.0,,18:01:30,18:01:30,13,1013,Hwy 99 & 220th St SW,0.0,0.0
2023-10-02,405,North,24026,19815.0,,18:02:38,18:02:49,14,1012,Hwy 99 & 216th St SW,0.0,1.0
2023-10-02,405,North,24026,19815.0,18:07:00,18:06:36,18:06:36,15,1242,Edmonds Park & Ride Bay 1,1.0,4.0
2023-10-02,405,North,24027,19855.0,17:55:00,17:55:32,17:55:32,0,640,4th Ave S & S Jackson St,0.0,0.0
2023-10-02,405,North,24027,19855.0,,17:56:46,17:56:46,1,635,4th Ave S & S Washington St,0.0,0.0
2023-10-02,405,North,24027,19855.0,,17:58:00,17:58:06,2,2638,4th Ave & Cherry St,0.0,0.0
2023-10-02,405,North,24027,19855.0,,17:59:59,18:00:20,3,641,4th Ave & Seneca St,2.0,0.0
2023-10-02,405,North,24027,19855.0,18:01:00,18:02:30,18:02:38,4,2976,4th Ave & Pine St,0.0,0.0
2023-10-02,405,North,24027,19855.0,,18:04:12,18:04:23,5,473,Olive Way & 6th Ave,0.0,0.0
2023-10-02,405,North,24027,19855.0,18:04:00,18:05:59,18:06:14,6,430,Howell St & 9th Ave,0.0,0.0
2023-10-02,405,North,24027,19855.0,,18:08:37,18:08:52,7,431,Howell St & Yale Ave,1.0,0.0
2023-10-02,405,North,24027,19855.0,,18:28:41,18:28:41,10,2673,220th St SW & 64th Ave W,0.0,0.0
2023-10-02,405,North,24027,19855.0,,18:28:57,18:28:57,11,1677,220th St SW & 66th Ave W,0.0,0.0
2023-10-02,405,North,24027,19855.0,,18:30:09,18:30:09,12,1667,220th St SW & 70th Ave W,0.0,0.0
2023-10-02,405,North,24027,19855.0,,18:31:17,18:31:32,13,1013,Hwy 99 & 220th St SW,0.0,1.0
2023-10-02,405,North,24027,19855.0,,18:32:57,18:32:57,14,1012,Hwy 99 & 216th St SW,0.0,0.0
2023-10-02,405,North,24027,19855.0,18:38:00,18:36:12,18:36:12,15,1242,Edmonds Park & Ride Bay 1,0.0,2.0
2023-10-02,405,South,24028,15814.0,05:50:00,05:51:36,05:51:36,0,1242,Edmonds Park & Ride Bay 1,2.0,0.0
2023-10-02,405,South,24028,15814.0,,,,1,1508,Hwy 99 & 216th St SW,,
2023-10-02,405,South,24028,15814.0,,05:53:04,05:53:04,2,298,220th St SW & 70th Ave W,0.0,0.0
2023-10-02,405,South,24028,15814.0,,05:54:29,05:57:18,3,290,220th St SW & 66th Ave W,9.0,1.0
2023-10-02,405,South,24028,15814.0,06:14:00,06:13:40,06:13:40,6,1909,Stewart St & 9th Ave,0.0,0.0
2023-10-02,405,South,24028,15814.0,,06:14:04,06:14:27,7,1908,Stewart St & 7th Ave,0.0,2.0
2023-10-02,405,South,24028,15814.0,,06:16:53,06:17:14,8,1907,Stewart St & 4th Ave,0.0,5.0
2023-10-02,405,South,24028,15814.0,,06:18:57,06:19:54,9,1079,2nd Ave & Stewart St,0.0,2.0
2023-10-02,405,South,24028,15814.0,06:22:00,06:21:39,06:21:39,10,2909,2nd Ave & Seneca St,0.0,0.0
2023-10-02,405,South,24028,15814.0,,06:22:31,06:22:31,11,2631,2nd Ave & Cherry St,0.0,0.0
2023-10-02,405,South,24028,15814.0,06:25:00,06:23:39,06:23:39,12,2349,2nd Ave Ext S & Yesler Way,0.0,1.0
2023-10-02,405,South,24029,17859.0,06:30:00,06:30:13,06:30:13,0,1242,Edmonds Park & Ride Bay 1,6.0,0.0
2023-10-02,405,South,24029,17859.0,,06:31:19,06:31:36,1,1508,Hwy 99 & 216th St SW,1.0,0.0
2023-10-02,405,South,24029,17859.0,,06:32:56,06:32:56,2,298,220th St SW & 70th Ave W,0.0,0.0
2023-10-02,405,South,24029,17859.0,,06:33:41,06:34:06,3,290,220th St SW & 66th Ave W,0.0,1.0
2023-10-02,405,South,24029,17859.0,06:55:00,06:51:40,06:52:08,6,1909,Stewart St & 9th Ave,1.0,2.0
2023-10-02,405,South,24029,17859.0,,06:53:07,06:53:26,7,1908,Stewart St & 7th Ave,0.0,3.0
2023-10-02,405,South,24029,17859.0,,06:55:52,06:56:07,8,1907,Stewart St & 4th Ave,0.0,1.0
2023-10-02,405,South,24029,17859.0,,06:57:45,06:57:45,9,1079,2nd Ave & Stewart St,0.0,0.0
2023-10-02,405,South,24029,17859.0,07:03:00,06:59:14,06:59:14,10,2909,2nd Ave & Seneca St,0.0,0.0
2023-10-02,405,South,24029,17859.0,,06:59:55,07:00:32,11,2631,2nd Ave & Cherry St,0.0,1.0
2023-10-02,405,South,24029,17859.0,07:07:00,07:01:19,07:01:19,12,2349,2nd Ave Ext S & Yesler Way,0.0,0.0
2023-10-02,405,South,24030,17861.0,07:05:00,07:05:12,07:05:12,0,1242,Edmonds Park & Ride Bay 1,12.0,0.0
2023-10-02,405,South,24030,17861.0,,07:06:31,07:06:51,1,1508,Hwy 99 & 216th St SW,2.0,0.0
2023-10-02,405,South,24030,17861.0,,07:09:41,07:10:00,2,298,220th St SW & 70th Ave W,1.0,0.0
2023-10-02,405,South,24030,17861.0,,07:11:40,07:12:06,3,290,220th St SW & 66th Ave W,3.0,0.0
2023-10-02,405,South,24030,17861.0,07:31:00,07:31:44,07:32:15,6,1909,Stewart St & 9th Ave,0.0,2.0
2023-10-02,405,South,24030,17861.0,,07:33:23,07:33:49,7,1908,Stewart St & 7th Ave,0.0,9.0
2023-10-02,405,South,24030,17861.0,,07:34:55,07:35:31,8,1907,Stewart St & 4th Ave,0.0,3.0
2023-10-02,405,South,24030,17861.0,,07:37:00,07:37:00,9,1079,2nd Ave & Stewart St,0.0,0.0
2023-10-02,405,South,24030,17861.0,07:39:00,07:38:18,07:38:41,10,2909,2nd Ave & Seneca St,0.0,2.0
2023-10-02,405,South,24030,17861.0,,07:39:54,07:39:54,11,2631,2nd Ave & Cherry St,0.0,0.0
2023-10-02,405,South,24030,17861.0,07:43:00,07:40:26,07:40:26,12,2349,2nd Ave Ext S & Yesler Way,0.0,2.0
2023-10-02,405,South,24031,17859.0,07:50:00,07:50:17,07:50:17,0,1242,Edmonds Park & Ride Bay 1,7.0,0.0
2023-10-02,405,South,24031,17859.0,,07:52:11,07:52:11,1,1508,Hwy 99 & 216th St SW,0.0,0.0
2023-10-02,405,South,24031,17859.0,,07:54:30,07:54:30,2,298,220th St SW & 70th Ave W,0.0,0.0
2023-10-02,405,South,24031,17859.0,,07:55:44,07:56:05,3,290,220th St SW & 66th Ave W,1.0,0.0
2023-10-02,405,South,24031,17859.0,08:23:00,08:17:19,08:17:42,6,1909,Stewart St & 9th Ave,0.0,4.0
2023-10-02,405,South,24031,17859.0,,08:18:28,08:18:48,7,1908,Stewart St & 7th Ave,0.0,3.0
2023-10-02,405,South,24031,17859.0,,08:19:50,08:20:08,8,1907,Stewart St & 4th Ave,0.0,1.0
2023-10-02,405,South,24031,17859.0,,08:21:44,08:21:44,9,1079,2nd Ave & Stewart St,0.0,0.0
2023-10-02,405,South,24031,17859.0,08:34:00,08:24:23,08:24:23,10,2909,2nd Ave & Seneca St,0.0,0.0
2023-10-02,405,South,24031,17859.0,,08:25:29,08:25:29,11,2631,2nd Ave & Cherry St,0.0,0.0
2023-10-02,405,South,24031,17859.0,08:38:00,08:26:35,08:26:35,12,2349,2nd Ave Ext S & Yesler Way,0.0,0.0
2023-10-03,405,North,24023,19857.0,15:15:00,15:18:05,15:18:05,0,640,4th Ave S & S Jackson St,0.0,0.0
2023-10-03,405,North,24023,19857.0,,15:18:47,15:18:56,1,635,4th Ave S & S Washington St,0.0,0.0
2023-10-03,405,North,24023,19857.0,,15:20:25,15:20:41,2,2638,4th Ave & Cherry St,1.0,0.0
2023-10-03,405,North,24023,19857.0,,15:22:01,15:22:28,3,641,4th Ave & Seneca St,2.0,0.0
2023-10-03,405,North,24023,19857.0,15:20:00,15:23:46,15:24:24,4,2976,4th Ave & Pine St,0.0,0.0
2023-10-03,405,North,24023,19857.0,,15:25:32,15:28:10,5,473,Olive Way & 6th Ave,4.0,0.0
2023-10-03,405,North,24023,19857.0,15:24:00,15:29:41,15:30:09,6,430,Howell St & 9th Ave,1.0,0.0
2023-10-03,405,North,24023,19857.0,,15:34:10,15:34:32,7,431,Howell St & Yale Ave,2.0,0.0
2023-10-03,405,North,24023,19857.0,,15:54:50,15:55:55,10,2673,220th St SW & 64th Ave W,0.0,2.0
2023-10-03,405,North,24023,19857.0,,15:56:15,15:56:15,11,1677,220th St SW & 66th Ave W,0.0,0.0
2023-10-03,405,North,24023,19857.0,,15:57:02,15:57:02,12,1667,220th St SW & 70th Ave W,0.0,0.0
2023-10-03,405,North,24023,19857.0,,15:59:01,15:59:19,13,1013,Hwy 99 & 220th St SW,0.0,2.0
2023-10-03,405,North,24023,19857.0,,16:00:01,16:00:19,14,1012,Hwy 99 & 216th St SW,0.0,2.0
2023-10-03,405,North,24023,19857.0,16:11:00,16:04:16,16:04:16,15,1242,Edmonds Park & Ride Bay 1,0.0,4.0
2023-10-03,405,North,24024,19814.0,15:55:00,15:58:20,15:58:20,0,640,4th Ave S & S Jackson St,2.0,0.0
2023-10-03,405,North,24024,19814.0,,15:58:54,15:59:04,1,635,4th Ave S & S Washington St,0.0,0.0
2023-10-03,405,North,24024,19814.0,,15:59:57,16:00:13,2,2638,4th Ave & Cherry St,2.0,0.0
2023-10-03,405,North,24024,19814.0,,16:01:29,16:01:44,3,641,4th Ave & Seneca St,0.0,0.0
2023-10-03,405,North,24024,19814.0,16:01:00,16:03:41,16:03:56,4,2976,4th Ave & Pine St,1.0,0.0
2023-10-03,405,North,24024,19814.0,,16:05:44,16:07:01,5,473,Olive Way & 6th Ave,7.0,0.0
2023-10-03,405,North,24024,19814.0,16:05:00,16:08:40,16:08:59,6,430,Howell St & 9th Ave,2.0,0.0
2023-10-03,405,North,24024,19814.0,,16:11:37,16:11:57,7,431,Howell St & Yale Ave,1.0,0.0
2023-10-03,405,North,24024,19814.0,,16:34:48,16:34:58,10,2673,220th St SW & 64th Ave W,0.0,1.0
2023-10-03,405,North,24024,19814.0,,16:35:22,16:35:22,11,1677,220th St SW & 66th Ave W,0.0,0.0
2023-10-03,405,North,24024,19814.0,,16:36:23,16:36:23,12,1667,220th St SW & 70th Ave W,0.0,0.0
2023-10-03,405,North,24024,19814.0,,16:38:56,16:39:10,13,1013,Hwy 99 & 220th St SW,0.0,1.0
2023-10-03,405,North,24024,19814.0,,16:39:50,16:40:02,14,1012,Hwy 99 & 216th St SW,0.0,1.0
2023-10-03,405,North,24024,19814.0,16:51:00,16:43:41,16:43:41,15,1242,Edmonds Park & Ride Bay 1,0.0,12.0
2023-10-03,405,North,24025,19850.0,16:35:00,16:36:38,16:36:38,0,640,4th Ave S & S Jackson St,1.0,0.0
2023-10-03,405,North,24025,19850.0,,16:37:26,16:37:37,1,635,4th Ave S & S Washington St,0.0,0.0
2023-10-03,405,North,24025,19850.0,,16:38:40,16:38:57,2,2638,4th Ave & Cherry St,1.0,0.0
2023-10-03,405,North,24025,19850.0,,16:40:41,16:41:42,3,641,4th Ave & Seneca St,3.0,3.0
2023-10-03,405,North,24025,19850.0,16:41:00,16:43:19,16:43:56,4,2976,4th Ave & Pine St,1.0,0.0
2023-10-03,405,North,24025,19850.0,,16:45:10,16:46:04,5,473,Olive Way & 6th Ave,3.0,0.0
2023-10-03,405,North,24025,19850.0,16:45:00,16:47:41,16:48:03,6,430,Howell St & 9th Ave,1.0,5.0
2023-10-03,405,North,24025,19850.0,,16:50:38,16:50:58,7,431,Howell St & Yale Ave,1.0,0.0
2023-10-03,405,North,24025,19850.0,,17:12:49,17:12:49,10,2673,220th St SW & 64th Ave W,0.0,0.0
2023-10-03,405,North,24025,19850.0,,17:13:03,17:13:03,11,1677,220th St SW & 66th Ave W,0.0,0.0
2023-10-03,405,North,24025,19850.0,,17:14:27,17:14:27,12,1667,220th St SW & 70th Ave W,0.0,0.0
2023-10-03,405,North,24025,19850.0,,17:16:34,17:16:49,13,1013,Hwy 99 & 220th St SW,0.0,3.0
2023-10-03,405,North,24025,19850.0,,17:17:33,17:17:33,14,1012,Hwy 99 & 216th St SW,0.0,0.0
2023-10-03,405,North,24025,19850.0,17:30:00,17:22:17,17:22:17,15,1242,Edmonds Park & Ride Bay 1,0.0,0.0
2023-10-03,405,North,24026,19824.0,17:15:00,17:15:14,17:15:14,0,640,4th Ave S & S Jackson St,1.0,0.0
2023-10-03,405,North,24026,19824.0,,17:15:50,17:16:00,1,635,4th Ave S & S Washington St,0.0,0.0
2023-10-03,405,North,24026,19824.0,,17:17:53,17:18:08,2,2638,4th Ave & Cherry St,1.0,0.0
2023-10-03,405,North,24026,19824.0,,17:19:32,17:19:46,3,641,4th Ave & Seneca St,0.0,0.0
2023-10-03,405,North,24026,19824.0,17:21:00,17:21:42,17:22:02,4,2976,4th Ave & Pine St,1.0,0.0
2023-10-03,405,North,24026,19824.0,,17:23:52,17:25:04,5,473,Olive Way & 6th Ave,0.0,0.0
2023-10-03,405,North,24026,19824.0,17:25:00,17:26:50,17:27:19,6,430,Howell St & 9th Ave,1.0,0.0
2023-10-03,405,North,24026,19824.0,,17:32:39,17:32:50,7,431,Howell St & Yale Ave,0.0,0.0
2023-10-03,405,North,24026,19824.0,,17:53:58,17:53:58,10,2673,220th St SW & 64th Ave W,0.0,0.0
2023-10-03,405,North,24026,19824.0,,17:54:16,17:54:27,11,1677,220th St SW & 66th Ave W,0.0,1.0
2023-10-03,405,North,24026,19824.0,,17:56:12,17:56:23,12,1667,220th St SW & 70th Ave W,0.0,0.0
2023-10-03,405,North,24026,19824.0,,17:58:56,17:59:07,13,1013,Hwy 99 & 220th St SW,0.0,1.0
2023-10-03,405,North,24026,19824.0,,18:00:23,18:00:34,14,1012,Hwy 99 & 216th St SW,0.0,0.0
2023-10-03,405,North,24026,19824.0,18:07:00,18:04:04,18:04:04,15,1242,Edmonds Park & Ride Bay 1,0.0,2.0
2023-10-03,405,North,24027,19814.0,17:55:00,17:58:06,17:58:06,0,640,4th Ave S & S Jackson St,1.0,0.0
2023-10-03,405,North,24027,19814.0,,17:58:56,17:59:07,1,635,4th Ave S & S Washington St,0.0,0.0
2023-10-03,405,North,24027,19814.0,,17:59:58,18:00:09,2,2638,4th Ave & Cherry St,0.0,0.0
2023-10-03,405,North,24027,19814.0,,18:01:38,18:02:42,3,641,4th Ave & Seneca St,2.0,0.0
2023-10-03,405,North,24027,19814.0,18:01:00,18:03:56,18:05:04,4,2976,4th Ave & Pine St,3.0,0.0
2023-10-03,405,North,24027,19814.0,,18:06:03,18:07:02,5,473,Olive Way & 6th Ave,2.0,0.0
2023-10-03,405,North,24027,19814.0,18:04:00,18:08:36,18:08:50,6,430,Howell St & 9th Ave,0.0,0.0
2023-10-03,405,North,24027,19814.0,,18:11:35,18:11:59,7,431,Howell St & Yale Ave,2.0,1.0
2023-10-03,405,North,24027,19814.0,,18:29:33,18:29:48,10,2673,220th St SW & 64th Ave W,0.0,3.0
2023-10-03,405,North,24027,19814.0,,18:30:31,18:30:31,11,1677,220th St SW & 66th Ave W,0.0,0.0
2023-10-03,405,North,24027,19814.0,,18:31:25,18:31:37,12,1667,220th St SW & 70th Ave W,0.0,1.0
2023-10-03,405,North,24027,19814.0,,18:33:43,18:33:57,13,1013,Hwy 99 & 220th St SW,0.0,1.0
2023-10-03,405,North,24027,19814.0,,18:34:59,18:34:59,14,1012,Hwy 99 & 216th St SW,0.0,0.0
2023-10-03,405,North,24027,19814.0,18:38:00,18:38:24,18:38:24,15,1242,Edmonds Park & Ride Bay 1,0.0,4.0
2023-10-03,405,South,24028,19857.0,05:50:00,05:50:09,05:50:09,0,1242,Edmonds Park & Ride Bay 1,2.0,0.0
2023-10-03,405,South,24028,19857.0,,05:51:35,05:52:07,1,1508,Hwy 99 & 216th St SW,2.0,0.0
2023-10-03,405,South,24028,19857.0,,05:53:10,05:53:10,2,298,220th St SW & 70th Ave W,0.0,0.0
2023-10-03,405,South,24028,19857.0,,05:54:12,05:57:11,3,290,220th St SW & 66th Ave W,6.0,0.0
2023-10-03,405,South,24028,19857.0,06:14:00,06:15:02,06:15:22,6,1909,Stewart St & 9th Ave,1.0,1.0
2023-10-03,405,South,24028,19857.0,,06:15:53,06:16:22,7,1908,Stewart St & 7th Ave,0.0,2.0
2023-10-03,405,South,24028,19857.0,,06:18:21,06:18:36,8,1907,Stewart St & 4th Ave,0.0,4.0
2023-10-03,405,South,24028,19857.0,,06:20:22,06:21:51,9,1079,2nd Ave & Stewart St,0.0,1.0
2023-10-03,405,South,24028,19857.0,06:22:00,06:23:36,06:23:50,10,2909,2nd Ave & Seneca St,0.0,1.0
2023-10-03,405,South,24028,19857.0,,06:24:54,06:24:54,11,2631,2nd Ave & Cherry St,0.0,0.0
2023-10-03,405,South,24028,19857.0,06:25:00,06:26:14,06:26:14,12,2349,2nd Ave Ext S & Yesler Way,0.0,2.0
2023-10-03,405,South,24029,15800.0,06:30:00,06:30:49,06:30:49,0,1242,Edmonds Park & Ride Bay 1,7.0,0.0
2023-10-03,405,South,24029,15800.0,,06:32:16,06:32:34,1,1508,Hwy 99 & 216th St SW,1.0,0.0
2023-10-03,405,South,24029,15800.0,,06:35:43,06:36:30,2,298,220th St SW & 70th Ave W,0.0,0.0
2023-10-03,405,South,24029,15800.0,,06:37:24,06:37:41,3,290,220th St SW & 66th Ave W,1.0,1.0
2023-10-03,405,South,24029,15800.0,06:55:00,06:57:00,06:57:24,6,1909,Stewart St & 9th Ave,0.0,4.0
2023-10-03,405,South,24029,15800.0,,06:57:54,06:58:21,7,1908,Stewart St & 7th Ave,0.0,2.0
2023-10-03,405,South,24029,15800.0,,07:00:22,07:00:39,8,1907,Stewart St & 4th Ave,0.0,1.0
2023-10-03,405,South,24029,15800.0,,07:02:22,07:02:22,9,1079,2nd Ave & Stewart St,0.0,0.0
2023-10-03,405,South,24029,15800.0,07:03:00,07:03:57,07:04:16,10,2909,2nd Ave & Seneca St,0.0,1.0
2023-10-03,405,South,24029,15800.0,,07:05:24,07:05:24,11,2631,2nd Ave & Cherry St,0.0,0.0
2023-10-03,405,South,24029,15800.0,07:07:00,07:06:18,07:06:18,12,2349,2nd Ave Ext S & Yesler Way,0.0,0.0
2023-10-03,405,South,24030,19853.0,07:05:00,07:05:10,07:05:10,0,1242,Edmonds Park & Ride Bay 1,14.0,0.0
2023-10-03,405,South,24030,19853.0,,07:07:18,07:07:43,1,1508,Hwy 99 & 216th St SW,2.0,0.0
2023-10-03,405,South,24030,19853.0,,07:09:39,07:09:39,2,298,220th St SW & 70th Ave W,0.0,0.0
2023-10-03,405,South,24030,19853.0,,07:10:30,07:10:46,3,290,220th St SW & 66th Ave W,2.0,0.0
2023-10-03,405,South,24030,19853.0,07:31:00,07:31:50,07:32:13,6,1909,Stewart St & 9th Ave,0.0,4.0
2023-10-03,405,South,24030,19853.0,,07:33:18,07:33:43,7,1908,Stewart St & 7th Ave,0.0,5.0
2023-10-03,405,South,24030,19853.0,,07:34:56,07:35:23,8,1907,Stewart St & 4th Ave,0.0,3.0
2023-10-03,405,South,24030,19853.0,,07:36:55,07:36:55,9,1079,2nd Ave & Stewart St,0.0,0.0
2023-10-03,405,South,24030,19853.0,07:39:00,07:39:25,07:39:48,10,2909,2nd Ave & Seneca St,0.0,3.0
2023-10-03,405,South,24030,19853.0,,07:41:13,07:41:13,11,2631,2nd Ave & Cherry St,0.0,0.0
2023-10-03,405,South,24030,19853.0,07:43:00,07:41:50,07:41:50,12,2349,2nd Ave Ext S & Yesler Way,0.0,3.0
2023-10-03,405,South,24031,15800.0,07:50:00,07:50:12,07:50:12,0,1242,Edmonds Park & Ride Bay 1,15.0,0.0
2023-10-03,405,South,24031,15800.0,,07:51:28,07:52:59,1,1508,Hwy 99 & 216th St SW,3.0,1.0
2023-10-03,405,South,24031,15800.0,,07:54:54,07:55:17,2,298,220th St SW & 70th Ave W,1.0,0.0
2023-10-03,405,South,24031,15800.0,,07:56:12,07:56:40,3,290,220th St SW & 66th Ave W,2.0,0.0
2023-10-03,405,South,24031,15800.0,08:23:00,08:21:18,08:21:45,6,1909,Stewart St & 9th Ave,0.0,7.0
2023-10-03,405,South,24031,15800.0,,08:22:42,08:23:01,7,1908,Stewart St & 7th Ave,0.0,4.0
2023-10-03,405,South,24031,15800.0,,08:24:50,08:25:38,8,1907,Stewart St & 4th Ave,0.0,3.0
2023-10-03,405,South,24031,15800.0,,08:26:31,08:26:48,9,1079,2nd Ave & Stewart St,0.0,2.0
2023-10-03,405,South,24031,15800.0,08:34:00,08:28:59,08:29:14,10,2909,2nd Ave & Seneca St,0.0,2.0
2023-10-03,405,South,24031,15800.0,,08:30:57,08:30:57,11,2631,2nd Ave & Cherry St,0.0,0.0
2023-10-03,405,South,24031,15800.0,08:38:00,08:31:40,08:31:40,12,2349,2nd Ave Ext S & Yesler Way,0.0,2.0
2023-10-04,405,North,24023,15819.0,15:15:00,15:17:00,15:17:00,0,640,4th Ave S & S Jackson St,1.0,0.0
2023-10-04,405,North,24023,15819.0,,15:18:05,15:18:13,1,635,4th Ave S & S Washington St,0.0,0.0
2023-10-04,405,North,24023,15819.0,,15:19:41,15:20:05,2,2638,4th Ave & Cherry St,2.0,0.0
2023-10-04,405,North,24023,15819.0,,15:22:08,15:22:50,3,641,4th Ave & Seneca St,4.0,0.0
2023-10-04,405,North,24023,15819.0,15:20:00,15:24:42,15:24:56,4,2976,4th Ave & Pine St,0.0,0.0
2023-10-04,405,North,24023,15819.0,,15:26:47,15:29:41,5,473,Olive Way & 6th Ave,6.0,2.0
2023-10-04,405,North,24023,15819.0,15:24:00,15:31:11,15:31:49,6,430,Howell St & 9th Ave,1.0,1.0
2023-10-04,405,North,24023,15819.0,,15:37:08,15:37:31,7,431,Howell St & Yale Ave,2.0,0.0
2023-10-04,405,North,24023,15819.0,,16:06:12,16:07:12,10,2673,220th St SW & 64th Ave W,0.0,2.0
2023-10-04,405,North,24023,15819.0,,16:07:35,16:07:35,11,1677,220th St SW & 66th Ave W,0.0,0.0
2023-10-04,405,North,24023,15819.0,,16:08:44,16:08:44,12,1667,220th St SW & 70th Ave W,0.0,0.0
2023-10-04,405,North,24023,15819.0,,16:09:19,16:09:32,13,1013,Hwy 99 & 220th St SW,0.0,0.0
2023-10-04,405,North,24023,15819.0,,16:10:12,16:10:30,14,1012,Hwy 99 & 216th St SW,0.0,2.0
2023-10-04,405,North,24023,15819.0,16:11:00,16:13:50,16:13:50,15,1242,Edmonds Park & Ride Bay 1,0.0,9.0
2023-10-04,405,North,24024,19822.0,15:55:00,15:56:11,15:56:11,0,640,4th Ave S & S Jackson St,0.0,0.0
2023-10-04,405,North,24024,19822.0,,15:56:49,15:57:01,1,635,4th Ave S & S Washington St,0.0,0.0
2023-10-04,405,North,24024,19822.0,,15:58:05,15:58:19,2,2638,4th Ave & Cherry St,0.0,0.0
2023-10-04,405,North,24024,19822.0,,15:59:54,16:00:12,3,641,4th Ave & Seneca St,1.0,0.0
2023-10-04,405,North,24024,19822.0,16:01:00,16:01:19,16:01:49,4,2976,4th Ave & Pine St,2.0,0.0
2023-10-04,405,North,24024,19822.0,,16:02:48,16:04:04,5,473,Olive Way & 6th Ave,2.0,0.0
2023-10-04,405,North,24024,19822.0,16:05:00,16:05:33,16:05:51,6,430,Howell St & 9th Ave,0.0,0.0
2023-10-04,405,North,24024,19822.0,,16:10:05,16:10:14,7,431,Howell St & Yale Ave,0.0,0.0
2023-10-04,405,North,24024,19822.0,,16:39:41,16:39:54,10,2673,220th St SW & 64th Ave W,0.0,1.0
2023-10-04,405,North,24024,19822.0,,16:40:16,16:40:33,11,1677,220th St SW & 66th Ave W,0.0,1.0
2023-10-04,405,North,24024,19822.0,,16:42:16,16:42:16,12,1667,220th St SW & 70th Ave W,0.0,0.0
2023-10-04,405,North,24024,19822.0,,16:43:59,16:43:59,13,1013,Hwy 99 & 220th St SW,0.0,0.0
2023-10-04,405,North,24024,19822.0,,16:45:31,16:45:31,14,1012,Hwy 99 & 216th St SW,0.0,0.0
2023-10-04,405,North,24024,19822.0,16:51:00,16:49:10,16:49:10,15,1242,Edmonds Park & Ride Bay 1,0.0,3.0
2023-10-04,405,North,24025,15804.0,16:35:00,16:36:04,16:36:04,0,640,4th Ave S & S Jackson St,2.0,0.0
2023-10-04,405,North,24025,15804.0,,16:37:05,16:37:18,1,635,4th Ave S & S Washington St,0.0,0.0
2023-10-04,405,North,24025,15804.0,,16:38:51,16:39:03,2,2638,4th Ave & Cherry St,0.0,0.0
2023-10-04,405,North,24025,15804.0,,16:41:33,16:42:02,3,641,4th Ave & Seneca St,4.0,0.0
2023-10-04,405,North,24025,15804.0,16:41:00,16:43:18,16:43:45,4,2976,4th Ave & Pine St,2.0,0.0
2023-10-04,405,North,24025,15804.0,,16:44:50,16:46:00,5,473,Olive Way & 6th Ave,1.0,0.0
2023-10-04,405,North,24025,15804.0,16:45:00,16:49:01,16:49:42,6,430,Howell St & 9th Ave,4.0,0.0
2023-10-04,405,North,24025,15804.0,,16:53:37,16:53:59,7,431,Howell St & Yale Ave,1.0,0.0
2023-10-04,405,North,24025,15804.0,,17:31:40,17:32:05,10,2673,220th St SW & 64th Ave W,0.0,1.0
2023-10-04,405,North,24025,15804.0,,17:32:30,17:32:30,11,1677,220th St SW & 66th Ave W,0.0,0.0
2023-10-04,405,North,24025,15804.0,,17:34:31,17:34:51,12,1667,220th St SW & 70th Ave W,1.0,3.0
2023-10-04,405,North,24025,15804.0,,17:36:42,17:36:57,13,1013,Hwy 99 & 220th St SW,0.0,1.0
2023-10-04,405,North,24025,15804.0,,17:38:02,17:38:02,14,1012,Hwy 99 & 216th St SW,0.0,0.0
2023-10-04,405,North,24025,15804.0,17:30:00,17:41:33,17:41:33,15,1242,Edmonds Park & Ride Bay 1,0.0,10.0
2023-10-04,405,North,24026,19818.0,17:15:00,17:15:14,17:15:14,0,640,4th Ave S & S Jackson St,1.0,0.0
2023-10-04,405,North,24026,19818.0,,17:15:43,17:15:43,1,635,4th Ave S & S Washington St,0.0,0.0
2023-10-04,405,North,24026,19818.0,,17:17:23,17:17:34,2,2638,4th Ave & Cherry St,0.0,0.0
2023-10-04,405,North,24026,19818.0,,17:20:03,17:20:53,3,641,4th Ave & Seneca St,2.0,0.0
2023-10-04,405,North,24026,19818.0,17:21:00,17:24:43,17:25:02,4,2976,4th Ave & Pine St,3.0,0.0
2023-10-04,405,North,24026,19818.0,,17:27:01,17:28:09,5,473,Olive Way & 6th Ave,5.0,0.0
2023-10-04,405,North,24026,19818.0,17:25:00,17:30:00,17:30:32,6,430,Howell St & 9th Ave,0.0,0.0
2023-10-04,405,North,24026,19818.0,,17:35:44,17:35:57,7,431,Howell St & Yale Ave,1.0,0.0
2023-10-04,405,North,24026,19818.0,,18:06:54,18:06:54,10,2673,220th St SW & 64th Ave W,0.0,0.0
2023-10-04,405,North,24026,19818.0,,18:07:12,18:07:25,11,1677,220th St SW & 66th Ave W,0.0,1.0
2023-10-04,405,North,24026,19818.0,,18:08:18,18:08:34,12,1667,220th St SW & 70th Ave W,0.0,1.0
2023-10-04,405,North,24026,19818.0,,18:09:14,18:09:32,13,1013,Hwy 99 & 220th St SW,0.0,1.0
2023-10-04,405,North,24026,19818.0,,18:11:26,18:11:42,14,1012,Hwy 99 & 216th St SW,0.0,2.0
2023-10-04,405,North,24026,19818.0,18:07:00,18:16:46,18:16:46,15,1242,Edmonds Park & Ride Bay 1,0.0,7.0
2023-10-04,405,North,24027,19822.0,17:55:00,17:56:46,17:56:46,0,640,4th Ave S & S Jackson St,0.0,0.0
2023-10-04,405,North,24027,19822.0,,17:58:02,17:58:13,1,635,4th Ave S & S Washington St,0.0,0.0
2023-10-04,405,North,24027,19822.0,,18:00:44,18:00:54,2,2638,4th Ave & Cherry St,0.0,0.0
2023-10-04,405,North,24027,19822.0,,18:02:33,18:02:42,3,641,4th Ave & Seneca St,0.0,0.0
2023-10-04,405,North,24027,19822.0,18:01:00,18:04:07,18:04:47,4,2976,4th Ave & Pine St,0.0,0.0
2023-10-04,405,North,24027,19822.0,,18:06:06,18:07:03,5,473,Olive Way & 6th Ave,1.0,0.0
2023-10-04,405,North,24027,19822.0,18:04:00,18:08:28,18:08:47,6,430,Howell St & 9th Ave,1.0,0.0
2023-10-04,405,North,24027,19822.0,,18:11:34,18:11:54,7,431,Howell St & Yale Ave,3.0,0.0
2023-10-04,405,North,24027,19822.0,,18:33:46,18:33:46,10,2673,220th St SW & 64th Ave W,0.0,0.0
2023-10-04,405,North,24027,19822.0,,18:34:26,18:34:26,11,1677,220th St SW & 66th Ave W,0.0,0.0
2023-10-04,405,North,24027,19822.0,,18:35:08,18:35:08,12,1667,220th St SW & 70th Ave W,0.0,0.0
2023-10-04,405,North,24027,19822.0,,18:36:16,18:36:16,13,1013,Hwy 99 & 220th St SW,0.0,0.0
2023-10-04,405,North,24027,19822.0,,18:36:53,18:37:08,14,1012,Hwy 99 & 216th St SW,0.0,1.0
2023-10-04,405,North,24027,19822.0,18:38:00,18:41:34,18:41:34,15,1242,Edmonds Park & Ride Bay 1,1.0,5.0
2023-10-04,405,South,24028,15814.0,05:50:00,05:50:15,05:50:15,0,1242,Edmonds Park & Ride Bay 1,4.0,0.0
2023-10-04,405,South,24028,15814.0,,05:51:28,05:51:28,1,1508,Hwy 99 & 216th St SW,0.0,0.0
2023-10-04,405,South,24028,15814.0,,05:52:55,05:52:55,2,298,220th St SW & 70th Ave W,0.0,0.0
2023-10-04,405,South,24028,15814.0,,05:53:44,05:56:57,3,290,220th St SW & 66th Ave W,6.0,2.0
2023-10-04,405,South,24028,15814.0,06:14:00,06:13:32,06:13:47,6,1909,Stewart St & 9th Ave,1.0,1.0
2023-10-04,405,South,24028,15814.0,,06:14:18,06:14:47,7,1908,Stewart St & 7th Ave,0.0,2.0
2023-10-04,405,South,24028,15814.0,,06:16:54,06:17:11,8,1907,Stewart St & 4th Ave,0.0,3.0
2023-10-04,405,South,24028,15814.0,,06:19:04,06:20:24,9,1079,2nd Ave & Stewart St,0.0,1.0
2023-10-04,405,South,24028,15814.0,06:22:00,06:23:13,06:23:23,10,2909,2nd Ave & Seneca St,0.0,1.0
2023-10-04,405,South,24028,15814.0,,06:24:57,06:24:57,11,2631,2nd Ave & Cherry St,0.0,0.0
2023-10-04,405,South,24028,15814.0,06:25:00,06:26:24,06:26:24,12,2349,2nd Ave Ext S & Yesler Way,0.0,1.0
2023-10-04,405,South,24029,15807.0,06:30:00,06:30:11,06:30:11,0,1242,Edmonds Park & Ride Bay 1,4.0,0.0
2023-10-04,405,South,24029,15807.0,,06:31:29,06:31:29,1,1508,Hwy 99 & 216th St SW,0.0,0.0
2023-10-04,405,South,24029,15807.0,,06:32:48,06:32:48,2,298,220th St SW & 70th Ave W,0.0,0.0
2023-10-04,405,South,24029,15807.0,,06:34:19,06:34:44,3,290,220th St SW & 66th Ave W,0.0,1.0
2023-10-04,405,South,24029,15807.0,06:55:00,06:52:56,06:52:56,6,1909,Stewart St & 9th Ave,0.0,0.0
2023-10-04,405,South,24029,15807.0,,06:53:27,06:53:47,7,1908,Stewart St & 7th Ave,0.0,3.0
2023-10-04,405,South,24029,15807.0,,06:55:46,06:55:46,8,1907,Stewart St & 4th Ave,0.0,0.0
2023-10-04,405,South,24029,15807.0,,06:56:16,06:56:16,9,1079,2nd Ave & Stewart St,0.0,0.0
2023-10-04,405,South,24029,15807.0,07:03:00,06:57:51,06:57:51,10,2909,2nd Ave & Seneca St,0.0,0.0
2023-10-04,405,South,24029,15807.0,,06:59:11,06:59:11,11,2631,2nd Ave & Cherry St,0.0,0.0
2023-10-04,405,South,24029,15807.0,07:07:00,06:59:56,06:59:56,12,2349,2nd Ave Ext S & Yesler Way,0.0,0.0
2023-10-04,405,South,24030,17864.0,07:05:00,07:05:18,07:05:18,0,1242,Edmonds Park & Ride Bay 1,17.0,0.0
2023-10-04,405,South,24030,17864.0,,07:07:15,07:07:33,1,1508,Hwy 99 & 216th St SW,1.0,0.0
2023-10-04,405,South,24030,17864.0,,07:09:28,07:10:16,2,298,220th St SW & 70th Ave W,1.0,0.0
2023-10-04,405,South,24030,17864.0,,07:11:21,07:11:38,3,290,220th St SW & 66th Ave W,1.0,0.0
2023-10-04,405,South,24030,17864.0,07:31:00,07:31:52,07:32:19,6,1909,Stewart St & 9th Ave,0.0,6.0
2023-10-04,405,South,24030,17864.0,,07:33:10,07:33:40,7,1908,Stewart St & 7th Ave,0.0,7.0
2023-10-04,405,South,24030,17864.0,,07:34:50,07:35:13,8,1907,Stewart St & 4th Ave,0.0,2.0
2023-10-04,405,South,24030,17864.0,,07:36:58,07:37:10,9,1079,2nd Ave & Stewart St,0.0,1.0
2023-10-04,405,South,24030,17864.0,07:39:00,07:39:41,07:40:10,10,2909,2nd Ave & Seneca St,0.0,2.0
2023-10-04,405,South,24030,17864.0,,07:41:34,07:41:34,11,2631,2nd Ave & Cherry St,0.0,0.0
2023-10-04,405,South,24030,17864.0,07:43:00,07:42:57,07:42:57,12,2349,2nd Ave Ext S & Yesler Way,0.0,2.0
2023-10-04,405,South,24031,15807.0,07:50:00,07:50:52,07:50:52,0,1242,Edmonds Park & Ride Bay 1,13.0,0.0
2023-10-04,405,South,24031,15807.0,,07:52:45,07:53:02,1,1508,Hwy 99 & 216th St SW,1.0,0.0
2023-10-04,405,South,24031,15807.0,,07:54:43,07:55:02,2,298,220th St SW & 70th Ave W,1.0,0.0
2023-10-04,405,South,24031,15807.0,,07:56:06,07:56:39,3,290,220th St SW & 66th Ave W,4.0,0.0
2023-10-04,405,South,24031,15807.0,08:23:00,08:24:39,08:25:01,6,1909,Stewart St & 9th Ave,1.0,6.0
2023-10-04,405,South,24031,15807.0,,08:25:59,08:26:22,7,1908,Stewart St & 7th Ave,0.0,4.0
2023-10-04,405,South,24031,15807.0,,08:28:50,08:29:12,8,1907,Stewart St & 4th Ave,0.0,3.0
2023-10-04,405,South,24031,15807.0,,08:30:59,08:31:11,9,1079,2nd Ave & Stewart St,0.0,2.0
2023-10-04,405,South,24031,15807.0,08:34:00,08:33:35,08:34:36,10,2909,2nd Ave & Seneca St,0.0,5.0
2023-10-04,405,South,24031,15807.0,,08:35:21,08:35:21,11,2631,2nd Ave & Cherry St,0.0,0.0
2023-10-04,405,South,24031,15807.0,08:38:00,08:36:15,08:36:15,12,2349,2nd Ave Ext S & Yesler Way,0.0,0.0
2023-10-05,405,North,24023,15811.0,15:15:00,15:18:32,15:18:32,0,640,4th Ave S & S Jackson St,1.0,0.0
2023-10-05,405,North,24023,15811.0,,15:19:28,15:19:39,1,635,4th Ave S & S Washington St,0.0,0.0
2023-10-05,405,North,24023,15811.0,,15:20:42,15:21:05,2,2638,4th Ave & Cherry St,2.0,0.0
2023-10-05,405,North,24023,15811.0,,15:22:45,15:23:48,3,641,4th Ave & Seneca St,2.0,1.0
2023-10-05,405,North,24023,15811.0,15:20:00,15:24:54,15:25:14,4,2976,4th Ave & Pine St,1.0,0.0
2023-10-05,405,North,24023,15811.0,,15:26:57,15:28:04,5,473,Olive Way & 6th Ave,3.0,0.0
2023-10-05,405,North,24023,15811.0,15:24:00,15:28:41,15:29:08,6,430,Howell St & 9th Ave,3.0,0.0
2023-10-05,405,North,24023,15811.0,,15:32:38,15:33:09,7,431,Howell St & Yale Ave,2.0,1.0
2023-10-05,405,North,24023,15811.0,,15:57:30,15:57:47,10,2673,220th St SW & 64th Ave W,0.0,3.0
2023-10-05,405,North,24023,15811.0,,15:59:16,15:59:16,11,1677,220th St SW & 66th Ave W,0.0,0.0
2023-10-05,405,North,24023,15811.0,,16:01:22,16:01:22,12,1667,220th St SW & 70th Ave W,0.0,0.0
2023-10-05,405,North,24023,15811.0,,16:03:48,16:03:59,13,1013,Hwy 99 & 220th St SW,0.0,0.0
2023-10-05,405,North,24023,15811.0,,16:05:53,16:06:42,14,1012,Hwy 99 & 216th St SW,0.0,1.0
2023-10-05,405,North,24023,15811.0,16:11:00,16:09:10,16:09:10,15,1242,Edmonds Park & Ride Bay 1,0.0,8.0
2023-10-05,405,North,24024,19816.0,15:55:00,15:55:40,15:55:40,0,640,4th Ave S & S Jackson St,1.0,0.0
2023-10-05,405,North,24024,19816.0,,15:56:45,15:56:45,1,635,4th Ave S & S Washington St,0.0,0.0
2023-10-05,405,North,24024,19816.0,,15:58:11,15:58:44,2,2638,4th Ave & Cherry St,1.0,0.0
2023-10-05,405,North,24024,19816.0,,16:00:07,16:00:27,3,641,4th Ave & Seneca St,1.0,0.0
2023-10-05,405,North,24024,19816.0,16:01:00,16:02:16,16:02:32,4,2976,4th Ave & Pine St,1.0,0.0
2023-10-05,405,North,24024,19816.0,,16:04:18,16:07:07,5,473,Olive Way & 6th Ave,6.0,0.0
2023-10-05,405,North,24024,19816.0,16:05:00,16:08:45,16:09:11,6,430,Howell St & 9th Ave,1.0,0.0
2023-10-05,405,North,24024,19816.0,,16:13:10,16:13:28,7,431,Howell St & Yale Ave,2.0,0.0
2023-10-05,405,North,24024,19816.0,,16:40:42,16:41:57,10,2673,220th St SW & 64th Ave W,1.0,5.0
2023-10-05,405,North,24024,19816.0,,16:42:35,16:42:35,11,1677,220th St SW & 66th Ave W,0.0,0.0
2023-10-05,405,North,24024,19816.0,,16:44:33,16:44:45,12,1667,220th St SW & 70th Ave W,0.0,1.0
2023-10-05,405,North,24024,19816.0,,16:46:53,16:46:53,13,1013,Hwy 99 & 220th St SW,0.0,0.0
2023-10-05,405,North,24024,19816.0,,16:48:07,16:48:30,14,1012,Hwy 99 & 216th St SW,0.0,1.0
2023-10-05,405,North,24024,19816.0,16:51:00,16:52:32,16:52:32,15,1242,Edmonds Park & Ride Bay 1,0.0,7.0
2023-10-05,405,North,24025,15814.0,16:35:00,16:37:33,16:37:33,0,640,4th Ave S & S Jackson St,0.0,0.0
2023-10-05,405,North,24025,15814.0,,16:38:14,16:38:30,1,635,4th Ave S & S Washington St,1.0,0.0
2023-10-05,405,North,24025,15814.0,,16:40:00,16:40:18,2,2638,4th Ave & Cherry St,0.0,1.0
2023-10-05,405,North,24025,15814.0,,16:42:15,16:42:26,3,641,4th Ave & Seneca St,0.0,0.0
2023-10-05,405,North,24025,15814.0,16:41:00,16:44:20,16:44:35,4,2976,4th Ave & Pine St,1.0,0.0
2023-10-05,405,North,24025,15814.0,,16:46:16,16:47:32,5,473,Olive Way & 6th Ave,1.0,0.0
2023-10-05,405,North,24025,15814.0,16:45:00,16:49:46,16:50:16,6,430,Howell St & 9th Ave,2.0,0.0
2023-10-05,405,North,24025,15814.0,,16:53:36,16:53:52,7,431,Howell St & Yale Ave,1.0,0.0
2023-10-05,405,North,24025,15814.0,,17:24:04,17:24:04,10,2673,220th St SW & 64th Ave W,0.0,0.0
2023-10-05,405,North,24025,15814.0,,17:24:52,17:24:52,11,1677,220th St SW & 66th Ave W,0.0,0.0
2023-10-05,405,North,24025,15814.0,,17:25:54,17:26:09,12,1667,220th St SW & 70th Ave W,0.0,1.0
2023-10-05,405,North,24025,15814.0,,17:28:01,17:28:16,13,1013,Hwy 99 & 220th St SW,0.0,1.0
2023-10-05,405,North,24025,15814.0,,17:28:57,17:28:57,14,1012,Hwy 99 & 216th St SW,0.0,0.0
2023-10-05,405,North,24025,15814.0,17:30:00,17:32:52,17:32:52,15,1242,Edmonds Park & Ride Bay 1,0.0,3.0
2023-10-05,405,North,24026,19812.0,17:15:00,17:15:09,17:15:09,0,640,4th Ave S & S Jackson St,1.0,0.0
2023-10-05,405,North,24026,19812.0,,17:16:40,17:16:40,1,635,4th Ave S & S Washington St,0.0,0.0
2023-10-05,405,North,24026,19812.0,,17:19:00,17:19:10,2,2638,4th Ave & Cherry St,0.0,0.0
2023-10-05,405,North,24026,19812.0,,17:20:59,17:21:25,3,641,4th Ave & Seneca St,3.0,0.0
2023-10-05,405,North,24026,19812.0,17:21:00,17:23:28,17:24:23,4,2976,4th Ave & Pine St,3.0,0.0
2023-10-05,405,North,24026,19812.0,,17:25:36,17:26:49,5,473,Olive Way & 6th Ave,5.0,0.0
2023-10-05,405,North,24026,19812.0,17:25:00,17:29:34,17:30:00,6,430,Howell St & 9th Ave,1.0,0.0
2023-10-05,405,North,24026,19812.0,,17:37:03,17:37:15,7,431,Howell St & Yale Ave,0.0,0.0
2023-10-05,405,North,24026,19812.0,,18:05:14,18:05:14,10,2673,220th St SW & 64th Ave W,0.0,0.0
2023-10-05,405,North,24026,19812.0,,18:05:29,18:05:44,11,1677,220th St SW & 66th Ave W,0.0,1.0
2023-10-05,405,North,24026,19812.0,,18:07:37,18:07:37,12,1667,220th St SW & 70th Ave W,0.0,0.0
2023-10-05,405,North,24026,19812.0,,18:09:01,18:09:16,13,1013,Hwy 99 & 220th St SW,0.0,1.0
2023-10-05,405,North,24026,19812.0,,18:10:08,18:10:24,14,1012,Hwy 99 & 216th St SW,0.0,3.0
2023-10-05,405,North,24026,19812.0,18:07:00,18:13:40,18:13:40,15,1242,Edmonds Park & Ride Bay 1,0.0,8.0
2023-10-05,405,North,24027,19816.0,17:55:00,17:55:37,17:55:37,0,640,4th Ave S & S Jackson St,1.0,0.0
2023-10-05,405,North,24027,19816.0,,17:56:46,17:56:46,1,635,4th Ave S & S Washington St,0.0,0.0
2023-10-05,405,North,24027,19816.0,,17:58:03,17:58:22,2,2638,4th Ave & Cherry St,1.0,0.0
2023-10-05,405,North,24027,19816.0,,18:00:11,18:01:18,3,641,4th Ave & Seneca St,1.0,0.0
2023-10-05,405,North,24027,19816.0,18:01:00,18:03:35,18:03:47,4,2976,4th Ave & Pine St,0.0,0.0
2023-10-05,405,North,24027,19816.0,,18:05:48,18:06:03,5,473,Olive Way & 6th Ave,0.0,0.0
2023-10-05,405,North,24027,19816.0,18:04:00,18:07:40,18:08:00,6,430,Howell St & 9th Ave,0.0,1.0
2023-10-05,405,North,24027,19816.0,,18:11:40,18:12:00,7,431,Howell St & Yale Ave,2.0,0.0
2023-10-05,405,North,24027,19816.0,,18:34:51,18:34:51,10,2673,220th St SW & 64th Ave W,0.0,0.0
2023-10-05,405,North,24027,19816.0,,18:35:05,18:35:05,11,1677,220th St SW & 66th Ave W,0.0,0.0
2023-10-05,405,North,24027,19816.0,,18:35:46,18:35:46,12,1667,220th St SW & 70th Ave W,0.0,0.0
2023-10-05,405,North,24027,19816.0,,18:38:07,18:38:07,13,1013,Hwy 99 & 220th St SW,0.0,0.0
2023-10-05,405,North,24027,19816.0,,18:39:27,18:39:43,14,1012,Hwy 99 & 216th St SW,1.0,1.0
2023-10-05,405,North,24027,19816.0,18:38:00,18:42:45,18:42:45,15,1242,Edmonds Park & Ride Bay 1,0.0,4.0
2023-10-05,405,South,24028,15820.0,05:50:00,05:50:10,05:50:10,0,1242,Edmonds Park & Ride Bay 1,3.0,0.0
2023-10-05,405,South,24028,15820.0,,05:51:23,05:51:23,1,1508,Hwy 99 & 216th St SW,0.0,0.0
2023-10-05,405,South,24028,15820.0,,05:53:03,05:53:03,2,298,220th St SW & 70th Ave W,0.0,0.0
2023-10-05,405,South,24028,15820.0,,05:54:09,05:56:51,3,290,220th St SW & 66th Ave W,7.0,0.0
2023-10-05,405,South,24028,15820.0,06:14:00,06:13:44,06:14:01,6,1909,Stewart St & 9th Ave,1.0,0.0
2023-10-05,405,South,24028,15820.0,,06:15:12,06:15:25,7,1908,Stewart St & 7th Ave,0.0,4.0
2023-10-05,405,South,24028,15820.0,,06:16:57,06:17:14,8,1907,Stewart St & 4th Ave,0.0,3.0
2023-10-05,405,South,24028,15820.0,,06:19:29,06:20:25,9,1079,2nd Ave & Stewart St,0.0,2.0
2023-10-05,405,South,24028,15820.0,06:22:00,06:23:00,06:23:13,10,2909,2nd Ave & Seneca St,0.0,1.0
2023-10-05,405,South,24028,15820.0,,06:25:00,06:25:00,11,2631,2nd Ave & Cherry St,0.0,0.0
2023-10-05,405,South,24028,15820.0,06:25:00,06:26:23,06:26:23,12,2349,2nd Ave Ext S & Yesler Way,0.0,1.0
2023-10-05,405,South,24029,15807.0,06:30:00,06:30:10,06:30:10,0,1242,Edmonds Park & Ride Bay 1,3.0,0.0
2023-10-05,405,South,24029,15807.0,,06:31:21,06:32:16,1,1508,Hwy 99 & 216th St SW,3.0,0.0
2023-10-05,405,South,24029,15807.0,,06:33:35,06:34:18,2,298,220th St SW & 70th Ave W,1.0,0.0
2023-10-05,405,South,24029,15807.0,,06:35:17,06:35:28,3,290,220th St SW & 66th Ave W,0.0,1.0
2023-10-05,405,South,24029,15807.0,06:55:00,06:54:56,06:55:35,6,1909,Stewart St & 9th Ave,0.0,5.0
2023-10-05,405,South,24029,15807.0,,06:56:13,06:56:26,7,1908,Stewart St & 7th Ave,0.0,1.0
2023-10-05,405,South,24029,15807.0,,06:58:47,06:58:47,8,1907,Stewart St & 4th Ave,0.0,0.0
2023-10-05,405,South,24029,15807.0,,06:59:24,06:59:24,9,1079,2nd Ave & Stewart St,0.0,0.0
2023-10-05,405,South,24029,15807.0,07:03:00,07:01:57,07:01:57,10,2909,2nd Ave & Seneca St,0.0,0.0
2023-10-05,405,South,24029,15807.0,,07:02:40,07:02:40,11,2631,2nd Ave & Cherry St,0.0,0.0
2023-10-05,405,South,24029,15807.0,07:07:00,07:03:09,07:03:09,12,2349,2nd Ave Ext S & Yesler Way,0.0,0.0
2023-10-05,405,South,24030,19855.0,07:05:00,07:05:12,07:05:12,0,1242,Edmonds Park & Ride Bay 1,12.0,0.0
2023-10-05,405,South,24030,19855.0,,07:07:11,07:07:35,1,1508,Hwy 99 & 216th St SW,2.0,0.0
2023-10-05,405,South,24030,19855.0,,07:09:34,07:09:54,2,298,220th St SW & 70th Ave W,1.0,0.0
2023-10-05,405,South,24030,19855.0,,07:10:45,07:10:57,3,290,220th St SW & 66th Ave W,1.0,0.0
2023-10-05,405,South,24030,19855.0,07:31:00,07:31:29,07:31:44,6,1909,Stewart St & 9th Ave,0.0,1.0
2023-10-05,405,South,24030,19855.0,,07:32:12,07:32:43,7,1908,Stewart St & 7th Ave,0.0,8.0
2023-10-05,405,South,24030,19855.0,,07:34:48,07:35:17,8,1907,Stewart St & 4th Ave,0.0,1.0
2023-10-05,405,South,24030,19855.0,,07:36:57,07:37:11,9,1079,2nd Ave & Stewart St,0.0,2.0
2023-10-05,405,South,24030,19855.0,07:39:00,07:39:30,07:39:55,10,2909,2nd Ave & Seneca St,0.0,3.0
2023-10-05,405,South,24030,19855.0,,07:41:08,07:41:08,11,2631,2nd Ave & Cherry St,0.0,0.0
2023-10-05,405,South,24030,19855.0,07:43:00,07:41:41,07:41:41,12,2349,2nd Ave Ext S & Yesler Way,0.0,1.0
2023-10-05,405,South,24031,15807.0,07:50:00,07:50:10,07:50:10,0,1242,Edmonds Park & Ride Bay 1,15.0,0.0
2023-10-05,405,South,24031,15807.0,,07:52:48,07:53:04,1,1508,Hwy 99 & 216th St SW,1.0,0.0
2023-10-05,405,South,24031,15807.0,,07:54:45,07:55:03,2,298,220th St SW & 70th Ave W,1.0,0.0
2023-10-05,405,South,24031,15807.0,,07:56:23,07:56:52,3,290,220th St SW & 66th Ave W,3.0,0.0
2023-10-05,405,South,24031,15807.0,08:23:00,08:24:34,08:24:56,6,1909,Stewart St & 9th Ave,0.0,8.0
2023-10-05,405,South,24031,15807.0,,08:25:35,08:25:54,7,1908,Stewart St & 7th Ave,0.0,4.0
2023-10-05,405,South,24031,15807.0,,08:27:17,08:27:36,8,1907,Stewart St & 4th Ave,0.0,3.0
2023-10-05,405,South,24031,15807.0,,08:29:02,08:29:40,9,1079,2nd Ave & Stewart St,0.0,2.0
2023-10-05,405,South,24031,15807.0,08:34:00,08:33:22,08:33:39,10,2909,2nd Ave & Seneca St,0.0,2.0
2023-10-05,405,South,24031,15807.0,,08:35:03,08:35:03,11,2631,2nd Ave & Cherry St,0.0,0.0
2023-10-05,405,South,24031,15807.0,08:38:00,08:36:17,08:36:17,12,2349,2nd Ave Ext S & Yesler Way,0.0,1.0
2023-10-06,405,North,24023,17865.0,15:15:00,15:15:17,15:15:17,0,640,4th Ave S & S Jackson St,1.0,0.0
2023-10-06,405,North,24023,17865.0,,15:16:31,15:16:39,1,635,4th Ave S & S Washington St,0.0,0.0
2023-10-06,405,North,24023,17865.0,,15:17:47,15:18:03,2,2638,4th Ave & Cherry St,1.0,0.0
2023-10-06,405,North,24023,17865.0,,15:19:43,15:20:46,3,641,4th Ave & Seneca St,2.0,0.0
2023-10-06,405,North,24023,17865.0,15:20:00,15:21:52,15:22:07,4,2976,4th Ave & Pine St,1.0,0.0
2023-10-06,405,North,24023,17865.0,,15:23:46,15:25:02,5,473,Olive Way & 6th Ave,5.0,0.0
2023-10-06,405,North,24023,17865.0,15:24:00,15:25:45,15:26:02,6,430,Howell St & 9th Ave,1.0,0.0
2023-10-06,405,North,24023,17865.0,,15:29:37,15:30:08,7,431,Howell St & Yale Ave,3.0,0.0
2023-10-06,405,North,24023,17865.0,,15:56:08,15:56:26,10,2673,220th St SW & 64th Ave W,0.0,2.0
2023-10-06,405,North,24023,17865.0,,15:57:09,15:57:09,11,1677,220th St SW & 66th Ave W,0.0,0.0
2023-10-06,405,North,24023,17865.0,,15:58:40,15:58:40,12,1667,220th St SW & 70th Ave W,0.0,0.0
2023-10-06,405,North,24023,17865.0,,15:59:41,16:00:04,13,1013,Hwy 99 & 220th St SW,0.0,2.0
2023-10-06,405,North,24023,17865.0,,16:01:04,16:01:19,14,1012,Hwy 99 & 216th St SW,0.0,1.0
2023-10-06,405,North,24023,17865.0,16:11:00,16:03:02,16:03:02,15,1242,Edmonds Park & Ride Bay 1,0.0,9.0
2023-10-06,405,North,24024,15808.0,15:55:00,15:57:59,15:57:59,0,640,4th Ave S & S Jackson St,1.0,0.0
2023-10-06,405,North,24024,15808.0,,15:58:36,15:58:36,1,635,4th Ave S & S Washington St,0.0,0.0
2023-10-06,405,North,24024,15808.0,,15:59:42,15:59:54,2,2638,4th Ave & Cherry St,0.0,0.0
2023-10-06,405,North,24024,15808.0,,16:01:35,16:02:48,3,641,4th Ave & Seneca St,0.0,0.0
2023-10-06,405,North,24024,15808.0,16:01:00,16:04:02,16:04:14,4,2976,4th Ave & Pine St,0.0,0.0
2023-10-06,405,North,24024,15808.0,,16:05:55,16:07:06,5,473,Olive Way & 6th Ave,1.0,0.0
2023-10-06,405,North,24024,15808.0,16:05:00,16:08:40,16:08:55,6,430,Howell St & 9th Ave,0.0,0.0
2023-10-06,405,North,24024,15808.0,,16:11:39,16:11:52,7,431,Howell St & Yale Ave,0.0,0.0
2023-10-06,405,North,24024,15808.0,,16:39:22,16:40:28,10,2673,220th St SW & 64th Ave W,1.0,0.0
2023-10-06,405,North,24024,15808.0,,16:40:49,16:40:49,11,1677,220th St SW & 66th Ave W,0.0,0.0
2023-10-06,405,North,24024,15808.0,,16:42:43,16:42:43,12,1667,220th St SW & 70th Ave W,0.0,0.0
2023-10-06,405,North,24024,15808.0,,16:45:26,16:45:45,13,1013,Hwy 99 & 220th St SW,0.0,2.0
2023-10-06,405,North,24024,15808.0,,16:46:23,16:46:23,14,1012,Hwy 99 & 216th St SW,0.0,0.0
2023-10-06,405,North,24024,15808.0,16:51:00,16:51:13,16:51:13,15,1242,Edmonds Park & Ride Bay 1,0.0,1.0
2023-10-06,405,North,24025,19853.0,16:35:00,16:35:15,16:35:15,0,640,4th Ave S & S Jackson St,0.0,0.0
2023-10-06,405,North,24025,19853.0,,16:36:28,16:36:39,1,635,4th Ave S & S Washington St,0.0,0.0
2023-10-06,405,North,24025,19853.0,,16:37:24,16:37:37,2,2638,4th Ave & Cherry St,0.0,0.0
2023-10-06,405,North,24025,19853.0,,16:39:08,16:40:12,3,641,4th Ave & Seneca St,2.0,0.0
2023-10-06,405,North,24025,19853.0,16:41:00,16:41:18,16:41:34,4,2976,4th Ave & Pine St,1.0,0.0
2023-10-06,405,North,24025,19853.0,,16:43:13,16:44:31,5,473,Olive Way & 6th Ave,1.0,0.0
2023-10-06,405,North,24025,19853.0,16:45:00,16:45:09,16:45:34,6,430,Howell St & 9th Ave,1.0,0.0
2023-10-06,405,North,24025,19853.0,,16:49:07,16:49:23,7,431,Howell St & Yale Ave,1.0,0.0
2023-10-06,405,North,24025,19853.0,,17:11:13,17:11:13,10,2673,220th St SW & 64th Ave W,0.0,0.0
2023-10-06,405,North,24025,19853.0,,17:12:43,17:12:43,11,1677,220th St SW & 66th Ave W,0.0,0.0
2023-10-06,405,North,24025,19853.0,,17:15:08,17:15:24,12,1667,220th St SW & 70th Ave W,0.0,1.0
2023-10-06,405,North,24025,19853.0,,17:19:45,17:19:59,13,1013,Hwy 99 & 220th St SW,0.0,1.0
2023-10-06,405,North,24025,19853.0,,17:21:23,17:21:23,14,1012,Hwy 99 & 216th St SW,0.0,0.0
2023-10-06,405,North,24025,19853.0,17:30:00,17:25:52,17:25:52,15,1242,Edmonds Park & Ride Bay 1,0.0,4.0
2023-10-06,405,North,24026,19820.0,17:15:00,17:16:08,17:16:08,0,640,4th Ave S & S Jackson St,2.0,0.0
2023-10-06,405,North,24026,19820.0,,17:17:06,17:17:06,1,635,4th Ave S & S Washington St,0.0,0.0
2023-10-06,405,North,24026,19820.0,,17:17:49,17:18:03,2,2638,4th Ave & Cherry St,0.0,0.0
2023-10-06,405,North,24026,19820.0,,17:19:40,17:19:52,3,641,4th Ave & Seneca St,0.0,0.0
2023-10-06,405,North,24026,19820.0,17:21:00,17:21:12,17:21:29,4,2976,4th Ave & Pine St,0.0,0.0
2023-10-06,405,North,24026,19820.0,,17:22:35,17:22:48,5,473,Olive Way & 6th Ave,0.0,0.0
2023-10-06,405,North,24026,19820.0,17:25:00,17:25:04,17:25:17,6,430,Howell St & 9th Ave,0.0,0.0
2023-10-06,405,North,24026,19820.0,,17:28:06,17:28:20,7,431,Howell St & Yale Ave,1.0,0.0
2023-10-06,405,North,24026,19820.0,,17:47:30,17:47:30,10,2673,220th St SW & 64th Ave W,0.0,0.0
2023-10-06,405,North,24026,19820.0,,17:47:43,17:47:43,11,1677,220th St SW & 66th Ave W,0.0,0.0
2023-10-06,405,North,24026,19820.0,,17:53:23,17:53:23,12,1667,220th St SW & 70th Ave W,0.0,0.0
2023-10-06,405,North,24026,19820.0,,17:57:53,17:58:10,13,1013,Hwy 99 & 220th St SW,0.0,1.0
2023-10-06,405,North,24026,19820.0,,17:58:47,17:58:47,14,1012,Hwy 99 & 216th St SW,0.0,0.0
2023-10-06,405,North,24026,19820.0,18:07:00,18:01:09,18:01:09,15,1242,Edmonds Park & Ride Bay 1,0.0,2.0
2023-10-06,405,North,24027,15808.0,17:55:00,17:55:38,17:55:38,0,640,4th Ave S & S Jackson St,0.0,0.0
2023-10-06,405,North,24027,15808.0,,17:56:37,17:56:37,1,635,4th Ave S & S Washington St,0.0,0.0
2023-10-06,405,North,24027,15808.0,,17:58:03,17:58:14,2,2638,4th Ave & Cherry St,0.0,0.0
2023-10-06,405,North,24027,15808.0,,17:59:50,18:00:11,3,641,4th Ave & Seneca St,0.0,0.0
2023-10-06,405,North,24027,15808.0,18:01:00,18:01:18,18:01:58,4,2976,4th Ave & Pine St,1.0,0.0
2023-10-06,405,North,24027,15808.0,,18:02:59,18:04:06,5,473,Olive Way & 6th Ave,0.0,0.0
2023-10-06,405,North,24027,15808.0,18:04:00,18:05:40,18:06:02,6,430,Howell St & 9th Ave,0.0,0.0
2023-10-06,405,North,24027,15808.0,,18:08:38,18:08:57,7,431,Howell St & Yale Ave,1.0,0.0
2023-10-06,405,North,24027,15808.0,,18:25:57,18:25:57,10,2673,220th St SW & 64th Ave W,0.0,0.0
2023-10-06,405,North,24027,15808.0,,18:26:10,18:26:10,11,1677,220th St SW & 66th Ave W,0.0,0.0
2023-10-06,405,North,24027,15808.0,,18:26:53,18:26:53,12,1667,220th St SW & 70th Ave W,0.0,0.0
2023-10-06,405,North,24027,15808.0,,18:28:41,18:28:56,13,1013,Hwy 99 & 220th St SW,0.0,1.0
2023-10-06,405,North,24027,15808.0,,18:29:34,18:29:34,14,1012,Hwy 99 & 216th St SW,0.0,0.0
2023-10-06,405,North,24027,15808.0,18:38:00,18:31:19,18:31:19,15,1242,Edmonds Park & Ride Bay 1,0.0,1.0
2023-10-06,405,South,24028,15821.0,05:50:00,05:50:21,05:50:21,0,1242,Edmonds Park & Ride Bay 1,3.0,0.0
2023-10-06,405,South,24028,15821.0,,05:51:57,05:52:27,1,1508,Hwy 99 & 216th St SW,1.0,0.0
2023-10-06,405,South,24028,15821.0,,05:54:02,05:54:15,2,298,220th St SW & 70th Ave W,0.0,1.0
2023-10-06,405,South,24028,15821.0,,05:55:12,05:57:45,3,290,220th St SW & 66th Ave W,5.0,1.0
2023-10-06,405,South,24028,15821.0,06:14:00,06:15:27,06:15:44,6,1909,Stewart St & 9th Ave,0.0,1.0
2023-10-06,405,South,24028,15821.0,,06:16:41,06:17:11,7,1908,Stewart St & 7th Ave,0.0,2.0
2023-10-06,405,South,24028,15821.0,,06:18:25,06:18:44,8,1907,Stewart St & 4th Ave,0.0,3.0
2023-10-06,405,South,24028,15821.0,,06:20:55,06:22:03,9,1079,2nd Ave & Stewart St,0.0,1.0
2023-10-06,405,South,24028,15821.0,06:22:00,06:23:21,06:23:21,10,2909,2nd Ave & Seneca St,0.0,0.0
2023-10-06,405,South,24028,15821.0,,06:25:03,06:25:03,11,2631,2nd Ave & Cherry St,0.0,0.0
2023-10-06,405,South,24028,15821.0,06:25:00,06:25:29,06:25:29,12,2349,2nd Ave Ext S & Yesler Way,0.0,0.0
2023-10-06,405,South,24029,15819.0,06:30:00,06:30:09,06:30:09,0,1242,Edmonds Park & Ride Bay 1,3.0,0.0
2023-10-06,405,South,24029,15819.0,,06:31:52,06:32:17,1,1508,Hwy 99 & 216th St SW,2.0,0.0
2023-10-06,405,South,24029,15819.0,,06:34:30,06:34:30,2,298,220th St SW & 70th Ave W,0.0,0.0
2023-10-06,405,South,24029,15819.0,,06:35:15,06:35:43,3,290,220th St SW & 66th Ave W,1.0,1.0
2023-10-06,405,South,24029,15819.0,06:55:00,06:53:07,06:53:20,6,1909,Stewart St & 9th Ave,0.0,2.0
2023-10-06,405,South,24029,15819.0,,06:54:05,06:54:22,7,1908,Stewart St & 7th Ave,0.0,2.0
2023-10-06,405,South,24029,15819.0,,06:55:52,06:56:06,8,1907,Stewart St & 4th Ave,0.0,1.0
2023-10-06,405,South,24029,15819.0,,06:58:01,06:58:01,9,1079,2nd Ave & Stewart St,0.0,0.0
2023-10-06,405,South,24029,15819.0,07:03:00,06:59:20,06:59:20,10,2909,2nd Ave & Seneca St,0.0,0.0
2023-10-06,405,South,24029,15819.0,,07:00:49,07:00:49,11,2631,2nd Ave & Cherry St,0.0,0.0
2023-10-06,405,South,24029,15819.0,07:07:00,07:01:36,07:01:36,12,2349,2nd Ave Ext S & Yesler Way,0.0,0.0
2023-10-06,405,South,24030,15803.0,07:05:00,07:05:12,07:05:12,0,1242,Edmonds Park & Ride Bay 1,8.0,0.0
2023-10-06,405,South,24030,15803.0,,07:07:15,07:07:33,1,1508,Hwy 99 & 216th St SW,1.0,0.0
2023-10-06,405,South,24030,15803.0,,07:09:12,07:09:12,2,298,220th St SW & 70th Ave W,0.0,0.0
2023-10-06,405,South,24030,15803.0,,07:09:59,07:10:14,3,290,220th St SW & 66th Ave W,1.0,0.0
2023-10-06,405,South,24030,15803.0,07:31:00,07:26:57,07:27:15,6,1909,Stewart St & 9th Ave,0.0,2.0
2023-10-06,405,South,24030,15803.0,,07:27:45,07:28:07,7,1908,Stewart St & 7th Ave,0.0,4.0
2023-10-06,405,South,24030,15803.0,,07:30:18,07:30:35,8,1907,Stewart St & 4th Ave,0.0,1.0
2023-10-06,405,South,24030,15803.0,,07:32:40,07:32:56,9,1079,2nd Ave & Stewart St,0.0,1.0
2023-10-06,405,South,24030,15803.0,07:39:00,07:35:23,07:35:42,10,2909,2nd Ave & Seneca St,0.0,1.0
2023-10-06,405,South,24030,15803.0,,07:36:52,07:36:52,11,2631,2nd Ave & Cherry St,0.0,0.0
2023-10-06,405,South,24030,15803.0,07:43:00,07:37:58,07:37:58,12,2349,2nd Ave Ext S & Yesler Way,0.0,1.0
2023-10-06,405,South,24031,15819.0,07:50:00,07:50:28,07:50:28,0,1242,Edmonds Park & Ride Bay 1,10.0,0.0
2023-10-06,405,South,24031,15819.0,,07:52:36,07:52:36,1,1508,Hwy 99 & 216th St SW,0.0,0.0
2023-10-06,405,South,24031,15819.0,,07:55:35,07:55:35,2,298,220th St SW & 70th Ave W,0.0,0.0
2023-10-06,405,South,24031,15819.0,,07:56:22,07:56:45,3,290,220th St SW & 66th Ave W,2.0,0.0
2023-10-06,405,South,24031,15819.0,08:23:00,08:13:43,08:14:53,6,1909,Stewart St & 9th Ave,0.0,4.0
2023-10-06,405,South,24031,15819.0,,08:15:23,08:15:45,7,1908,Stewart St & 7th Ave,0.0,3.0
2023-10-06,405,South,24031,15819.0,,08:18:24,08:18:46,8,1907,Stewart St & 4th Ave,0.0,2.0
2023-10-06,405,South,24031,15819.0,,08:21:05,08:21:05,9,1079,2nd Ave & Stewart St,0.0,0.0
2023-10-06,405,South,24031,15819.0,08:34:00,08:23:17,08:23:29,10,2909,2nd Ave & Seneca St,0.0,2.0
2023-10-06,405,South,24031,15819.0,,08:24:51,08:24:51,11,2631,2nd Ave & Cherry St,0.0,0.0
2023-10-06,405,South,24031,15819.0,08:38:00,08:25:21,08:25:21,12,2349,2nd Ave Ext S & Yesler Way,0.0,1.0
2023-10-09,405,North,24023,15800.0,15:15:00,15:17:32,15:17:32,0,640,4th Ave S & S Jackson St,0.0,0.0
2023-10-09,405,North,24023,15800.0,,15:18:03,15:18:34,1,635,4th Ave S & S Washington St,1.0,0.0
2023-10-09,405,North,24023,15800.0,,15:19:27,15:19:40,2,2638,4th Ave & Cherry St,1.0,0.0
2023-10-09,405,North,24023,15800.0,,15:21:15,15:22:19,3,641,4th Ave & Seneca St,3.0,0.0
2023-10-09,405,North,24023,15800.0,15:20:00,15:23:33,15:24:27,4,2976,4th Ave & Pine St,1.0,0.0
2023-10-09,405,North,24023,15800.0,,15:25:34,15:28:33,5,473,Olive Way & 6th Ave,5.0,1.0
2023-10-09,405,North,24023,15800.0,15:24:00,15:30:09,15:30:37,6,430,Howell St & 9th Ave,2.0,0.0
2023-10-09,405,North,24023,15800.0,,15:34:08,15:34:24,7,431,Howell St & Yale Ave,2.0,0.0
2023-10-09,405,North,24023,15800.0,,15:55:17,15:56:21,10,2673,220th St SW & 64th Ave W,1.0,2.0
2023-10-09,405,North,24023,15800.0,,15:57:03,15:57:17,11,1677,220th St SW & 66th Ave W,0.0,1.0
2023-10-09,405,North,24023,15800.0,,15:58:58,15:59:17,12,1667,220th St SW & 70th Ave W,0.0,1.0
2023-10-09,405,North,24023,15800.0,,16:01:33,16:02:02,13,1013,Hwy 99 & 220th St SW,0.0,2.0
2023-10-09,405,North,24023,15800.0,,16:02:44,16:02:44,14,1012,Hwy 99 & 216th St SW,0.0,0.0
2023-10-09,405,North,24023,15800.0,16:11:00,16:06:49,16:06:49,15,1242,Edmonds Park & Ride Bay 1,0.0,9.0
2023-10-09,405,North,24024,19810.0,15:55:00,15:57:46,15:57:46,0,640,4th Ave S & S Jackson St,1.0,0.0
2023-10-09,405,North,24024,19810.0,,15:58:25,15:58:37,1,635,4th Ave S & S Washington St,0.0,0.0
2023-10-09,405,North,24024,19810.0,,15:59:45,16:00:39,2,2638,4th Ave & Cherry St,1.0,0.0
2023-10-09,405,North,24024,19810.0,,16:01:43,16:01:56,3,641,4th Ave & Seneca St,0.0,0.0
2023-10-09,405,North,24024,19810.0,16:01:00,16:03:54,16:04:56,4,2976,4th Ave & Pine St,2.0,0.0
2023-10-09,405,North,24024,19810.0,,16:06:09,16:07:05,5,473,Olive Way & 6th Ave,2.0,0.0
2023-10-09,405,North,24024,19810.0,16:05:00,16:07:46,16:08:33,6,430,Howell St & 9th Ave,3.0,0.0
2023-10-09,405,North,24024,19810.0,,16:10:28,16:10:48,7,431,Howell St & Yale Ave,1.0,0.0
2023-10-09,405,North,24024,19810.0,,16:34:42,16:35:02,10,2673,220th St SW & 64th Ave W,0.0,1.0
2023-10-09,405,North,24024,19810.0,,16:35:26,16:35:26,11,1677,220th St SW & 66th Ave W,0.0,0.0
2023-10-09,405,North,24024,19810.0,,16:36:22,16:36:41,12,1667,220th St SW & 70th Ave W,0.0,2.0
2023-10-09,405,North,24024,19810.0,,16:38:55,16:38:55,13,1013,Hwy 99 & 220th St SW,0.0,0.0
2023-10-09,405,North,24024,19810.0,,16:40:11,16:40:11,14,1012,Hwy 99 & 216th St SW,0.0,0.0
2023-10-09,405,North,24024,19810.0,16:51:00,16:44:23,16:44:23,15,1242,Edmonds Park & Ride Bay 1,0.0,7.0
2023-10-09,405,North,24025,17863.0,16:35:00,16:35:36,16:35:36,0,640,4th Ave S & S Jackson St,1.0,0.0
2023-10-09,405,North,24025,17863.0,,16:36:36,16:36:36,1,635,4th Ave S & S Washington St,0.0,0.0
2023-10-09,405,North,24025,17863.0,,16:37:21,16:37:32,2,2638,4th Ave & Cherry St,0.0,0.0
2023-10-09,405,North,24025,17863.0,,16:39:07,16:39:20,3,641,4th Ave & Seneca St,1.0,0.0
2023-10-09,405,North,24025,17863.0,16:41:00,16:40:17,16:40:39,4,2976,4th Ave & Pine St,1.0,0.0
2023-10-09,405,North,24025,17863.0,,16:41:47,16:42:09,5,473,Olive Way & 6th Ave,0.0,0.0
2023-10-09,405,North,24025,17863.0,16:45:00,16:44:28,16:44:42,6,430,Howell St & 9th Ave,0.0,0.0
2023-10-09,405,North,24025,17863.0,,16:48:58,16:49:12,7,431,Howell St & Yale Ave,0.0,0.0
2023-10-09,405,North,24025,17863.0,,17:14:30,17:14:30,10,2673,220th St SW & 64th Ave W,0.0,0.0
2023-10-09,405,North,24025,17863.0,,17:14:42,17:14:42,11,1677,220th St SW & 66th Ave W,0.0,0.0
2023-10-09,405,North,24025,17863.0,,17:15:20,17:15:20,12,1667,220th St SW & 70th Ave W,0.0,0.0
2023-10-09,405,North,24025,17863.0,,17:18:50,17:19:02,13,1013,Hwy 99 & 220th St SW,0.0,0.0
2023-10-09,405,North,24025,17863.0,,17:19:48,17:20:05,14,1012,Hwy 99 & 216th St SW,0.0,1.0
2023-10-09,405,North,24025,17863.0,17:30:00,17:23:58,17:23:58,15,1242,Edmonds Park & Ride Bay 1,0.0,2.0
2023-10-09,405,North,24026,19825.0,17:15:00,17:15:16,17:15:16,0,640,4th Ave S & S Jackson St,0.0,0.0
2023-10-09,405,North,24026,19825.0,,17:16:45,17:17:01,1,635,4th Ave S & S Washington St,0.0,0.0
2023-10-09,405,North,24026,19825.0,,17:18:34,17:18:50,2,2638,4th Ave & Cherry St,1.0,0.0
2023-10-09,405,North,24026,19825.0,,17:21:11,17:21:29,3,641,4th Ave & Seneca St,1.0,0.0
2023-10-09,405,North,24026,19825.0,17:21:00,17:23:20,17:24:26,4,2976,4th Ave & Pine St,4.0,0.0
2023-10-09,405,North,24026,19825.0,,17:25:40,17:26:34,5,473,Olive Way & 6th Ave,2.0,0.0
2023-10-09,405,North,24026,19825.0,17:25:00,17:27:17,17:27:31,6,430,Howell St & 9th Ave,0.0,0.0
2023-10-09,405,North,24026,19825.0,,17:31:23,17:31:46,7,431,Howell St & Yale Ave,3.0,0.0
2023-10-09,405,North,24026,19825.0,,17:54:55,17:55:10,10,2673,220th St SW & 64th Ave W,0.0,2.0
2023-10-09,405,North,24026,19825.0,,17:55:27,17:55:27,11,1677,220th St SW & 66th Ave W,0.0,0.0
2023-10-09,405,North,24026,19825.0,,17:56:10,17:56:10,12,1667,220th St SW & 70th Ave W,0.0,0.0
2023-10-09,405,North,24026,19825.0,,17:56:43,17:56:43,13,1013,Hwy 99 & 220th St SW,0.0,0.0
2023-10-09,405,North,24026,19825.0,,17:57:42,17:57:42,14,1012,Hwy 99 & 216th St SW,0.0,0.0
2023-10-09,405,North,24026,19825.0,18:07:00,18:00:59,18:00:59,15,1242,Edmonds Park & Ride Bay 1,0.0,9.0
2023-10-09,405,North,24027,19810.0,17:55:00,17:56:16,17:56:16,0,640,4th Ave S & S Jackson St,0.0,0.0
2023-10-09,405,North,24027,19810.0,,17:57:08,17:57:20,1,635,4th Ave S & S Washington St,0.0,0.0
2023-10-09,405,North,24027,19810.0,,17:58:12,17:58:24,2,2638,4th Ave & Cherry St,0.0,0.0
2023-10-09,405,North,24027,19810.0,,18:00:25,18:01:17,3,641,4th Ave & Seneca St,2.0,0.0
2023-10-09,405,North,24027,19810.0,18:01:00,18:02:29,18:03:23,4,2976,4th Ave & Pine St,1.0,0.0
2023-10-09,405,North,24027,19810.0,,18:04:32,18:05:36,5,473,Olive Way & 6th Ave,0.0,0.0
2023-10-09,405,North,24027,19810.0,18:04:00,18:07:07,18:07:28,6,430,Howell St & 9th Ave,1.0,0.0
2023-10-09,405,North,24027,19810.0,,18:11:45,18:12:09,7,431,Howell St & Yale Ave,1.0,0.0
2023-10-09,405,North,24027,19810.0,,18:28:00,18:28:10,10,2673,220th St SW & 64th Ave W,0.0,1.0
2023-10-09,405,North,24027,19810.0,,18:28:28,18:28:28,11,1677,220th St SW & 66th Ave W,0.0,0.0
2023-10-09,405,North,24027,19810.0,,18:29:22,18:29:22,12,1667,220th St SW & 70th Ave W,0.0,0.0
2023-10-09,405,North,24027,19810.0,,18:31:46,18:32:00,13,1013,Hwy 99 & 220th St SW,0.0,1.0
2023-10-09,405,North,24027,19810.0,,18:32:43,18:32:43,14,1012,Hwy 99 & 216th St SW,0.0,0.0
2023-10-09,405,North,24027,19810.0,18:38:00,18:35:00,18:35:00,15,1242,Edmonds Park & Ride Bay 1,0.0,3.0
2023-10-09,405,South,24028,19853.0,05:50:00,05:50:18,05:50:18,0,1242,Edmonds Park & Ride Bay 1,5.0,0.0
2023-10-09,405,South,24028,19853.0,,05:51:28,05:51:28,1,1508,Hwy 99 & 216th St SW,0.0,0.0
2023-10-09,405,South,24028,19853.0,,05:52:58,05:52:58,2,298,220th St SW & 70th Ave W,0.0,0.0
2023-10-09,405,South,24028,19853.0,,05:53:45,05:56:35,3,290,220th St SW & 66th Ave W,4.0,0.0
2023-10-09,405,South,24028,19853.0,06:14:00,06:11:26,06:12:07,6,1909,Stewart St & 9th Ave,0.0,1.0
2023-10-09,405,South,24028,19853.0,,06:12:38,06:13:04,7,1908,Stewart St & 7th Ave,0.0,1.0
2023-10-09,405,South,24028,19853.0,,06:15:23,06:15:47,8,1907,Stewart St & 4th Ave,0.0,5.0
2023-10-09,405,South,24028,19853.0,,06:17:05,06:18:08,9,1079,2nd Ave & Stewart St,0.0,1.0
2023-10-09,405,South,24028,19853.0,06:22:00,06:19:56,06:19:56,10,2909,2nd Ave & Seneca St,0.0,0.0
2023-10-09,405,South,24028,19853.0,,06:21:38,06:21:38,11,2631,2nd Ave & Cherry St,0.0,0.0
2023-10-09,405,South,24028,19853.0,06:25:00,06:23:10,06:23:10,12,2349,2nd Ave Ext S & Yesler Way,0.0,1.0
2023-10-09,405,South,24029,17864.0,06:30:00,06:30:12,06:30:12,0,1242,Edmonds Park & Ride Bay 1,3.0,0.0
2023-10-09,405,South,24029,17864.0,,06:31:33,06:31:56,1,1508,Hwy 99 & 216th St SW,2.0,0.0
2023-10-09,405,South,24029,17864.0,,06:34:08,06:34:08,2,298,220th St SW & 70th Ave W,0.0,0.0
2023-10-09,405,South,24029,17864.0,,06:34:53,06:35:22,3,290,220th St SW & 66th Ave W,1.0,1.0
2023-10-09,405,South,24029,17864.0,06:55:00,06:51:55,06:52:27,6,1909,Stewart St & 9th Ave,0.0,3.0
2023-10-09,405,South,24029,17864.0,,06:53:05,06:53:17,7,1908,Stewart St & 7th Ave,0.0,1.0
2023-10-09,405,South,24029,17864.0,,06:54:23,06:54:35,8,1907,Stewart St & 4th Ave,0.0,1.0
2023-10-09,405,South,24029,17864.0,,06:56:48,06:56:48,9,1079,2nd Ave & Stewart St,0.0,0.0
2023-10-09,405,South,24029,17864.0,07:03:00,06:59:01,06:59:01,10,2909,2nd Ave & Seneca St,0.0,0.0
2023-10-09,405,South,24029,17864.0,,06:59:38,06:59:38,11,2631,2nd Ave & Cherry St,0.0,0.0
2023-10-09,405,South,24029,17864.0,07:07:00,07:00:53,07:00:53,12,2349,2nd Ave Ext S & Yesler Way,0.0,0.0
2023-10-09,405,South,24030,15820.0,07:05:00,07:05:25,07:05:25,0,1242,Edmonds Park & Ride Bay 1,9.0,0.0
2023-10-09,405,South,24030,15820.0,,07:06:47,07:06:47,1,1508,Hwy 99 & 216th St SW,0.0,0.0
2023-10-09,405,South,24030,15820.0,,07:09:54,07:09:54,2,298,220th St SW & 70th Ave W,0.0,0.0
2023-10-09,405,South,24030,15820.0,,07:10:45,07:11:01,3,290,220th St SW & 66th Ave W,1.0,0.0
2023-10-09,405,South,24030,15820.0,07:31:00,07:32:04,07:32:29,6,1909,Stewart St & 9th Ave,0.0,3.0
2023-10-09,405,South,24030,15820.0,,07:33:31,07:33:55,7,1908,Stewart St & 7th Ave,0.0,3.0
2023-10-09,405,South,24030,15820.0,,07:36:29,07:37:01,8,1907,Stewart St & 4th Ave,0.0,2.0
2023-10-09,405,South,24030,15820.0,,07:38:22,07:38:22,9,1079,2nd Ave & Stewart St,0.0,0.0
2023-10-09,405,South,24030,15820.0,07:39:00,07:41:03,07:41:26,10,2909,2nd Ave & Seneca St,0.0,2.0
2023-10-09,405,South,24030,15820.0,,07:42:46,07:42:46,11,2631,2nd Ave & Cherry St,0.0,0.0
2023-10-09,405,South,24030,15820.0,07:43:00,07:43:18,07:43:18,12,2349,2nd Ave Ext S & Yesler Way,0.0,0.0
2023-10-09,405,South,24031,17864.0,07:50:00,07:50:09,07:50:09,0,1242,Edmonds Park & Ride Bay 1,11.0,0.0
2023-10-09,405,South,24031,17864.0,,07:51:25,07:51:25,1,1508,Hwy 99 & 216th St SW,0.0,0.0
2023-10-09,405,South,24031,17864.0,,07:52:23,07:52:23,2,298,220th St SW & 70th Ave W,0.0,0.0
2023-10-09,405,South,24031,17864.0,,07:54:01,07:54:40,3,290,220th St SW & 66th Ave W,3.0,0.0
2023-10-09,405,South,24031,17864.0,08:23:00,08:16:27,08:16:46,6,1909,Stewart St & 9th Ave,0.0,5.0
2023-10-09,405,South,24031,17864.0,,08:17:14,08:17:47,7,1908,Stewart St & 7th Ave,0.0,3.0
2023-10-09,405,South,24031,17864.0,,08:19:50,08:20:14,8,1907,Stewart St & 4th Ave,0.0,2.0
2023-10-09,405,South,24031,17864.0,,08:22:17,08:22:17,9,1079,2nd Ave & Stewart St,0.0,0.0
2023-10-09,405,South,24031,17864.0,08:34:00,08:25:54,08:26:08,10,2909,2nd Ave & Seneca St,0.0,3.0
2023-10-09,405,South,24031,17864.0,,08:27:34,08:27:34,11,2631,2nd Ave & Cherry St,0.0,0.0
2023-10-09,405,South,24031,17864.0,08:38:00,08:28:04,08:28:04,12,2349,2nd Ave Ext S & Yesler Way,0.0,1.0
2023-10-10,405,North,24023,15802.0,15:15:00,15:17:13,15:17:13,0,640,4th Ave S & S Jackson St,1.0,0.0
2023-10-10,405,North,24023,15802.0,,15:18:13,15:18:22,1,635,4th Ave S & S Washington St,0.0,0.0
2023-10-10,405,North,24023,15802.0,,15:19:11,15:19:24,2,2638,4th Ave & Cherry St,1.0,0.0
2023-10-10,405,North,24023,15802.0,,15:21:05,15:21:26,3,641,4th Ave & Seneca St,4.0,0.0
2023-10-10,405,North,24023,15802.0,15:20:00,15:22:44,15:23:02,4,2976,4th Ave & Pine St,0.0,0.0
2023-10-10,405,North,24023,15802.0,,15:25:23,15:26:37,5,473,Olive Way & 6th Ave,4.0,0.0
2023-10-10,405,North,24023,15802.0,15:24:00,15:27:46,15:28:15,6,430,Howell St & 9th Ave,1.0,0.0
2023-10-10,405,North,24023,15802.0,,15:32:35,15:33:06,7,431,Howell St & Yale Ave,2.0,1.0
2023-10-10,405,North,24023,15802.0,,15:57:33,15:57:45,10,2673,220th St SW & 64th Ave W,0.0,1.0
2023-10-10,405,North,24023,15802.0,,15:58:31,15:58:31,11,1677,220th St SW & 66th Ave W,0.0,0.0
2023-10-10,405,North,24023,15802.0,,15:59:14,15:59:14,12,1667,220th St SW & 70th Ave W,0.0,0.0
2023-10-10,405,North,24023,15802.0,,16:01:43,16:01:59,13,1013,Hwy 99 & 220th St SW,0.0,1.0
2023-10-10,405,North,24023,15802.0,,16:03:31,16:03:45,14,1012,Hwy 99 & 216th St SW,0.0,1.0
2023-10-10,405,North,24023,15802.0,16:11:00,16:06:47,16:06:47,15,1242,Edmonds Park & Ride Bay 1,0.0,9.0
2023-10-10,405,North,24024,19810.0,15:55:00,15:58:15,15:58:15,0,640,4th Ave S & S Jackson St,1.0,0.0
2023-10-10,405,North,24024,19810.0,,15:58:58,15:59:10,1,635,4th Ave S & S Washington St,0.0,0.0
2023-10-10,405,North,24024,19810.0,,16:00:02,16:00:25,2,2638,4th Ave & Cherry St,2.0,0.0
2023-10-10,405,North,24024,19810.0,,16:01:38,16:01:48,3,641,4th Ave & Seneca St,0.0,0.0
2023-10-10,405,North,24024,19810.0,16:01:00,16:03:54,16:04:11,4,2976,4th Ave & Pine St,1.0,0.0
2023-10-10,405,North,24024,19810.0,,16:06:07,16:10:06,5,473,Olive Way & 6th Ave,8.0,0.0
2023-10-10,405,North,24024,19810.0,16:05:00,16:11:39,16:12:10,6,430,Howell St & 9th Ave,3.0,0.0
2023-10-10,405,North,24024,19810.0,,16:16:03,16:16:31,7,431,Howell St & Yale Ave,0.0,0.0
2023-10-10,405,North,24024,19810.0,,16:49:44,16:50:38,10,2673,220th St SW & 64th Ave W,0.0,1.0
2023-10-10,405,North,24024,19810.0,,16:51:03,16:51:15,11,1677,220th St SW & 66th Ave W,0.0,1.0
2023-10-10,405,North,24024,19810.0,,16:53:11,16:53:11,12,1667,220th St SW & 70th Ave W,0.0,0.0
2023-10-10,405,North,24024,19810.0,,16:54:26,16:54:26,13,1013,Hwy 99 & 220th St SW,0.0,0.0
2023-10-10,405,North,24024,19810.0,,16:55:56,16:56:31,14,1012,Hwy 99 & 216th St SW,0.0,3.0
2023-10-10,405,North,24024,19810.0,16:51:00,16:59:00,16:59:00,15,1242,Edmonds Park & Ride Bay 1,0.0,10.0
2023-10-10,405,North,24025,15808.0,16:35:00,16:36:36,16:36:36,0,640,4th Ave S & S Jackson St,4.0,0.0
2023-10-10,405,North,24025,15808.0,,16:37:06,16:37:06,1,635,4th Ave S & S Washington St,0.0,0.0
2023-10-10,405,North,24025,15808.0,,16:38:22,16:38:46,2,2638,4th Ave & Cherry St,1.0,0.0
2023-10-10,405,North,24025,15808.0,,16:40:23,16:40:54,3,641,4th Ave & Seneca St,3.0,0.0
2023-10-10,405,North,24025,15808.0,16:41:00,16:43:35,16:43:59,4,2976,4th Ave & Pine St,1.0,0.0
2023-10-10,405,North,24025,15808.0,,16:45:08,16:46:09,5,473,Olive Way & 6th Ave,2.0,0.0
2023-10-10,405,North,24025,15808.0,16:45:00,16:48:59,16:49:18,6,430,Howell St & 9th Ave,0.0,0.0
2023-10-10,405,North,24025,15808.0,,16:53:24,16:53:41,7,431,Howell St & Yale Ave,1.0,0.0
2023-10-10,405,North,24025,15808.0,,17:23:47,17:23:47,10,2673,220th St SW & 64th Ave W,0.0,0.0
2023-10-10,405,North,24025,15808.0,,17:24:03,17:24:15,11,1677,220th St SW & 66th Ave W,0.0,1.0
2023-10-10,405,North,24025,15808.0,,17:25:36,17:25:36,12,1667,220th St SW & 70th Ave W,0.0,0.0
2023-10-10,405,North,24025,15808.0,,17:26:33,17:26:33,13,1013,Hwy 99 & 220th St SW,0.0,0.0
2023-10-10,405,North,24025,15808.0,,17:27:16,17:27:29,14,1012,Hwy 99 & 216th St SW,0.0,0.0
2023-10-10,405,North,24025,15808.0,17:30:00,17:30:57,17:30:57,15,1242,Edmonds Park & Ride Bay 1,0.0,11.0
2023-10-10,405,North,24026,19822.0,17:15:00,17:15:13,17:15:13,0,640,4th Ave S & S Jackson St,0.0,0.0
2023-10-10,405,North,24026,19822.0,,17:16:02,17:16:02,1,635,4th Ave S & S Washington St,0.0,0.0
2023-10-10,405,North,24026,19822.0,,17:18:52,17:19:07,2,2638,4th Ave & Cherry St,0.0,0.0
2023-10-10,405,North,24026,19822.0,,17:21:23,17:22:43,3,641,4th Ave & Seneca St,0.0,0.0
2023-10-10,405,North,24026,19822.0,17:21:00,17:24:45,17:24:56,4,2976,4th Ave & Pine St,0.0,0.0
2023-10-10,405,North,24026,19822.0,,17:26:57,17:28:05,5,473,Olive Way & 6th Ave,3.0,0.0
2023-10-10,405,North,24026,19822.0,17:25:00,17:29:47,17:30:14,6,430,Howell St & 9th Ave,3.0,0.0
2023-10-10,405,North,24026,19822.0,,17:35:29,17:35:44,7,431,Howell St & Yale Ave,1.0,0.0
2023-10-10,405,North,24026,19822.0,,18:04:21,18:04:21,10,2673,220th St SW & 64th Ave W,0.0,0.0
2023-10-10,405,North,24026,19822.0,,18:04:39,18:04:50,11,1677,220th St SW & 66th Ave W,0.0,1.0
2023-10-10,405,North,24026,19822.0,,18:05:37,18:05:37,12,1667,220th St SW & 70th Ave W,0.0,0.0
2023-10-10,405,North,24026,19822.0,,18:06:20,18:06:32,13,1013,Hwy 99 & 220th St SW,0.0,0.0
2023-10-10,405,North,24026,19822.0,,18:07:14,18:07:31,14,1012,Hwy 99 & 216th St SW,0.0,2.0
2023-10-10,405,North,24026,19822.0,18:07:00,18:11:26,18:11:26,15,1242,Edmonds Park & Ride Bay 1,0.0,4.0
2023-10-10,405,North,24027,19810.0,17:55:00,17:59:09,17:59:09,0,640,4th Ave S & S Jackson St,1.0,0.0
2023-10-10,405,North,24027,19810.0,,18:00:31,18:00:41,1,635,4th Ave S & S Washington St,0.0,0.0
2023-10-10,405,North,24027,19810.0,,18:01:27,18:01:52,2,2638,4th Ave & Cherry St,2.0,0.0
2023-10-10,405,North,24027,19810.0,,18:03:09,18:03:26,3,641,4th Ave & Seneca St,1.0,0.0
2023-10-10,405,North,24027,19810.0,18:01:00,18:05:52,18:06:24,4,2976,4th Ave & Pine St,1.0,0.0
2023-10-10,405,North,24027,19810.0,,18:07:41,18:08:32,5,473,Olive Way & 6th Ave,0.0,0.0
2023-10-10,405,North,24027,19810.0,18:04:00,18:10:20,18:10:39,6,430,Howell St & 9th Ave,1.0,0.0
2023-10-10,405,North,24027,19810.0,,18:14:30,18:14:56,7,431,Howell St & Yale Ave,1.0,1.0
2023-10-10,405,North,24027,19810.0,,18:35:21,18:35:21,10,2673,220th St SW & 64th Ave W,0.0,0.0
2023-10-10,405,North,24027,19810.0,,18:35:40,18:35:40,11,1677,220th St SW & 66th Ave W,0.0,0.0
2023-10-10,405,North,24027,19810.0,,18:36:59,18:36:59,12,1667,220th St SW & 70th Ave W,0.0,0.0
2023-10-10,405,North,24027,19810.0,,18:38:49,18:39:08,13,1013,Hwy 99 & 220th St SW,0.0,2.0
2023-10-10,405,North,24027,19810.0,,18:39:58,18:40:15,14,1012,Hwy 99 & 216th St SW,0.0,1.0
2023-10-10,405,North,24027,19810.0,18:38:00,18:43:49,18:43:49,15,1242,Edmonds Park & Ride Bay 1,0.0,3.0
2023-10-10,405,South,24028,15814.0,05:50:00,05:50:17,05:50:17,0,1242,Edmonds Park & Ride Bay 1,2.0,0.0
2023-10-10,405,South,24028,15814.0,,05:51:33,05:51:33,1,1508,Hwy 99 & 216th St SW,0.0,0.0
2023-10-10,405,South,24028,15814.0,,05:53:42,05:53:42,2,298,220th St SW & 70th Ave W,0.0,0.0
2023-10-10,405,South,24028,15814.0,,05:54:28,05:57:30,3,290,220th St SW & 66th Ave W,4.0,0.0
2023-10-10,405,South,24028,15814.0,06:14:00,06:15:07,06:15:07,6,1909,Stewart St & 9th Ave,0.0,0.0
2023-10-10,405,South,24028,15814.0,,06:15:33,06:16:02,7,1908,Stewart St & 7th Ave,0.0,2.0
2023-10-10,405,South,24028,15814.0,,06:18:29,06:18:52,8,1907,Stewart St & 4th Ave,1.0,4.0
2023-10-10,405,South,24028,15814.0,,06:21:39,06:22:46,9,1079,2nd Ave & Stewart St,0.0,1.0
2023-10-10,405,South,24028,15814.0,06:22:00,06:24:24,06:24:24,10,2909,2nd Ave & Seneca St,0.0,0.0
2023-10-10,405,South,24028,15814.0,,06:25:23,06:25:23,11,2631,2nd Ave & Cherry St,0.0,0.0
2023-10-10,405,South,24028,15814.0,06:25:00,06:26:29,06:26:29,12,2349,2nd Ave Ext S & Yesler Way,0.0,0.0
2023-10-10,405,South,24029,17865.0,06:30:00,06:30:20,06:30:20,0,1242,Edmonds Park & Ride Bay 1,7.0,0.0
2023-10-10,405,South,24029,17865.0,,06:31:53,06:32:32,1,1508,Hwy 99 & 216th St SW,2.0,0.0
2023-10-10,405,South,24029,17865.0,,06:35:25,06:35:25,2,298,220th St SW & 70th Ave W,0.0,0.0
2023-10-10,405,South,24029,17865.0,,06:36:33,06:37:00,3,290,220th St SW & 66th Ave W,1.0,1.0
2023-10-10,405,South,24029,17865.0,06:55:00,06:57:15,06:57:36,6,1909,Stewart St & 9th Ave,0.0,3.0
2023-10-10,405,South,24029,17865.0,,06:58:39,06:58:54,7,1908,Stewart St & 7th Ave,0.0,3.0
2023-10-10,405,South,24029,17865.0,,07:00:20,07:00:35,8,1907,Stewart St & 4th Ave,0.0,1.0
2023-10-10,405,South,24029,17865.0,,07:01:57,07:01:57,9,1079,2nd Ave & Stewart St,0.0,0.0
2023-10-10,405,South,24029,17865.0,07:03:00,07:03:26,07:03:52,10,2909,2nd Ave & Seneca St,0.0,2.0
2023-10-10,405,South,24029,17865.0,,07:05:05,07:05:05,11,2631,2nd Ave & Cherry St,0.0,0.0
2023-10-10,405,South,24029,17865.0,07:07:00,07:06:30,07:06:30,12,2349,2nd Ave Ext S & Yesler Way,0.0,0.0
2023-10-10,405,South,24030,17864.0,07:05:00,07:05:10,07:05:10,0,1242,Edmonds Park & Ride Bay 1,14.0,0.0
2023-10-10,405,South,24030,17864.0,,07:06:22,07:07:05,1,1508,Hwy 99 & 216th St SW,2.0,0.0
2023-10-10,405,South,24030,17864.0,,07:09:29,07:09:29,2,298,220th St SW & 70th Ave W,0.0,0.0
2023-10-10,405,South,24030,17864.0,,07:10:36,07:10:52,3,290,220th St SW & 66th Ave W,1.0,1.0
2023-10-10,405,South,24030,17864.0,07:31:00,07:33:31,07:33:54,6,1909,Stewart St & 9th Ave,0.0,7.0
2023-10-10,405,South,24030,17864.0,,07:34:57,07:35:16,7,1908,Stewart St & 7th Ave,0.0,5.0
2023-10-10,405,South,24030,17864.0,,07:37:55,07:38:17,8,1907,Stewart St & 4th Ave,0.0,1.0
2023-10-10,405,South,24030,17864.0,,07:39:30,07:39:30,9,1079,2nd Ave & Stewart St,0.0,0.0
2023-10-10,405,South,24030,17864.0,07:39:00,07:41:33,07:41:54,10,2909,2nd Ave & Seneca St,0.0,2.0
2023-10-10,405,South,24030,17864.0,,07:44:02,07:44:02,11,2631,2nd Ave & Cherry St,0.0,0.0
2023-10-10,405,South,24030,17864.0,07:43:00,07:44:42,07:44:42,12,2349,2nd Ave Ext S & Yesler Way,0.0,1.0
2023-10-10,405,South,24031,17865.0,07:50:00,07:50:10,07:50:10,0,1242,Edmonds Park & Ride Bay 1,11.0,0.0
2023-10-10,405,South,24031,17865.0,,07:52:49,07:53:26,1,1508,Hwy 99 & 216th St SW,3.0,0.0
2023-10-10,405,South,24031,17865.0,,07:54:34,07:54:51,2,298,220th St SW & 70th Ave W,1.0,0.0
2023-10-10,405,South,24031,17865.0,,07:55:46,07:56:11,3,290,220th St SW & 66th Ave W,3.0,0.0
2023-10-10,405,South,24031,17865.0,08:23:00,08:26:55,08:27:22,6,1909,Stewart St & 9th Ave,0.0,6.0
2023-10-10,405,South,24031,17865.0,,08:27:50,08:28:14,7,1908,Stewart St & 7th Ave,0.0,4.0
2023-10-10,405,South,24031,17865.0,,08:30:18,08:30:44,8,1907,Stewart St & 4th Ave,0.0,3.0
2023-10-10,405,South,24031,17865.0,,08:31:48,08:31:48,9,1079,2nd Ave & Stewart St,0.0,0.0
2023-10-10,405,South,24031,17865.0,08:34:00,08:34:58,08:35:18,10,2909,2nd Ave & Seneca St,0.0,3.0
2023-10-10,405,South,24031,17865.0,,08:36:53,08:36:53,11,2631,2nd Ave & Cherry St,0.0,0.0
2023-10-10,405,South,24031,17865.0,08:38:00,08:37:58,08:37:58,12,2349,2nd Ave Ext S & Yesler Way,0.0,2.0
2023-10-11,405,North,24023,17863.0,15:15:00,15:18:03,15:18:03,0,640,4th Ave S & S Jackson St,0.0,0.0
2023-10-11,405,North,24023,17863.0,,15:18:41,15:18:50,1,635,4th Ave S & S Washington St,0.0,0.0
2023-10-11,405,North,24023,17863.0,,15:20:34,15:20:47,2,2638,4th Ave & Cherry St,1.0,0.0
2023-10-11,405,North,24023,17863.0,,15:22:36,15:22:53,3,641,4th Ave & Seneca St,2.0,0.0
2023-10-11,405,North,24023,17863.0,15:20:00,15:24:46,15:25:00,4,2976,4th Ave & Pine St,1.0,0.0
2023-10-11,405,North,24023,17863.0,,15:26:45,15:27:57,5,473,Olive Way & 6th Ave,2.0,0.0
2023-10-11,405,North,24023,17863.0,15:24:00,15:28:41,15:29:13,6,430,Howell St & 9th Ave,2.0,0.0
2023-10-11,405,North,24023,17863.0,,15:32:19,15:32:42,7,431,Howell St & Yale Ave,3.0,0.0
2023-10-11,405,North,24023,17863.0,,15:55:02,15:55:15,10,2673,220th St SW & 64th Ave W,0.0,1.0
2023-10-11,405,North,24023,17863.0,,15:55:35,15:55:35,11,1677,220th St SW & 66th Ave W,0.0,0.0
2023-10-11,405,North,24023,17863.0,,15:56:39,15:56:54,12,1667,220th St SW & 70th Ave W,0.0,3.0
2023-10-11,405,North,24023,17863.0,,15:58:55,15:58:55,13,1013,Hwy 99 & 220th St SW,0.0,0.0
2023-10-11,405,North,24023,17863.0,,15:59:34,15:59:50,14,1012,Hwy 99 & 216th St SW,0.0,1.0
2023-10-11,405,North,24023,17863.0,16:11:00,16:01:57,16:01:57,15,1242,Edmonds Park & Ride Bay 1,0.0,6.0
2023-10-11,405,North,24024,19820.0,15:55:00,16:04:26,16:04:26,0,640,4th Ave S & S Jackson St,1.0,0.0
2023-10-11,405,North,24024,19820.0,,16:05:13,16:05:24,1,635,4th Ave S & S Washington St,0.0,0.0
2023-10-11,405,North,24024,19820.0,,16:06:53,16:07:04,2,2638,4th Ave & Cherry St,0.0,0.0
2023-10-11,405,North,24024,19820.0,,16:08:55,16:09:06,3,641,4th Ave & Seneca St,0.0,0.0
2023-10-11,405,North,24024,19820.0,16:01:00,16:11:04,16:11:22,4,2976,4th Ave & Pine St,1.0,0.0
2023-10-11,405,North,24024,19820.0,,16:13:14,16:16:00,5,473,Olive Way & 6th Ave,5.0,0.0
2023-10-11,405,North,24024,19820.0,16:05:00,16:16:42,16:17:07,6,430,Howell St & 9th Ave,1.0,0.0
2023-10-11,405,North,24024,19820.0,,16:21:49,16:22:20,7,431,Howell St & Yale Ave,1.0,0.0
2023-10-11,405,North,24024,19820.0,,16:42:52,16:43:42,10,2673,220th St SW & 64th Ave W,0.0,3.0
2023-10-11,405,North,24024,19820.0,,16:44:05,16:44:05,11,1677,220th St SW & 66th Ave W,0.0,0.0
2023-10-11,405,North,24024,19820.0,,16:44:55,16:44:55,12,1667,220th St SW & 70th Ave W,0.0,0.0
2023-10-11,405,North,24024,19820.0,,16:46:28,16:46:28,13,1013,Hwy 99 & 220th St SW,0.0,0.0
2023-10-11,405,North,24024,19820.0,,16:47:03,16:47:03,14,1012,Hwy 99 & 216th St SW,0.0,0.0
2023-10-11,405,North,24024,19820.0,16:51:00,16:48:57,16:48:57,15,1242,Edmonds Park & Ride Bay 1,0.0,6.0
2023-10-11,405,North,24025,15821.0,16:35:00,16:36:29,16:36:29,0,640,4th Ave S & S Jackson St,2.0,0.0
2023-10-11,405,North,24025,15821.0,,16:37:55,16:38:04,1,635,4th Ave S & S Washington St,0.0,0.0
2023-10-11,405,North,24025,15821.0,,16:38:57,16:39:14,2,2638,4th Ave & Cherry St,1.0,0.0
2023-10-11,405,North,24025,15821.0,,16:40:23,16:40:42,3,641,4th Ave & Seneca St,4.0,1.0
2023-10-11,405,North,24025,15821.0,16:41:00,16:42:32,16:42:48,4,2976,4th Ave & Pine St,2.0,0.0
2023-10-11,405,North,24025,15821.0,,16:43:31,16:44:32,5,473,Olive Way & 6th Ave,5.0,0.0
2023-10-11,405,North,24025,15821.0,16:45:00,16:46:03,16:46:31,6,430,Howell St & 9th Ave,2.0,0.0
2023-10-11,405,North,24025,15821.0,,16:48:49,16:49:04,7,431,Howell St & Yale Ave,2.0,0.0
2023-10-11,405,North,24025,15821.0,,17:10:28,17:10:41,10,2673,220th St SW & 64th Ave W,0.0,3.0
2023-10-11,405,North,24025,15821.0,,17:10:59,17:10:59,11,1677,220th St SW & 66th Ave W,0.0,0.0
2023-10-11,405,North,24025,15821.0,,17:12:54,17:13:04,12,1667,220th St SW & 70th Ave W,0.0,1.0
2023-10-11,405,North,24025,15821.0,,17:14:14,17:14:31,13,1013,Hwy 99 & 220th St SW,0.0,2.0
2023-10-11,405,North,24025,15821.0,,17:15:17,17:15:35,14,1012,Hwy 99 & 216th St SW,0.0,2.0
2023-10-11,405,North,24025,15821.0,17:30:00,17:18:35,17:18:35,15,1242,Edmonds Park & Ride Bay 1,0.0,9.0
2023-10-11,405,North,24026,19818.0,17:15:00,17:15:13,17:15:13,0,640,4th Ave S & S Jackson St,1.0,0.0
2023-10-11,405,North,24026,19818.0,,17:15:45,17:15:56,1,635,4th Ave S & S Washington St,0.0,0.0
2023-10-11,405,North,24026,19818.0,,17:17:24,17:17:35,2,2638,4th Ave & Cherry St,0.0,0.0
2023-10-11,405,North,24026,19818.0,,17:19:03,17:19:30,3,641,4th Ave & Seneca St,1.0,0.0
2023-10-11,405,North,24026,19818.0,17:21:00,17:20:43,17:21:28,4,2976,4th Ave & Pine St,1.0,0.0
2023-10-11,405,North,24026,19818.0,,17:22:49,17:23:38,5,473,Olive Way & 6th Ave,4.0,0.0
2023-10-11,405,North,24026,19818.0,17:25:00,17:25:48,17:26:02,6,430,Howell St & 9th Ave,0.0,0.0
2023-10-11,405,North,24026,19818.0,,17:32:21,17:32:46,7,431,Howell St & Yale Ave,2.0,0.0
2023-10-11,405,North,24026,19818.0,,17:53:51,17:53:51,10,2673,220th St SW & 64th Ave W,0.0,0.0
2023-10-11,405,North,24026,19818.0,,17:54:04,17:54:04,11,1677,220th St SW & 66th Ave W,0.0,0.0
2023-10-11,405,North,24026,19818.0,,17:54:46,17:54:46,12,1667,220th St SW & 70th Ave W,0.0,0.0
2023-10-11,405,North,24026,19818.0,,17:56:18,17:56:40,13,1013,Hwy 99 & 220th St SW,0.0,2.0
2023-10-11,405,North,24026,19818.0,,17:58:15,17:58:35,14,1012,Hwy 99 & 216th St SW,0.0,1.0
2023-10-11,405,North,24026,19818.0,18:07:00,18:01:22,18:01:22,15,1242,Edmonds Park & Ride Bay 1,0.0,6.0
2023-10-11,405,North,24027,19820.0,17:55:00,17:56:29,17:56:29,0,640,4th Ave S & S Jackson St,0.0,0.0
2023-10-11,405,North,24027,19820.0,,17:57:26,17:57:37,1,635,4th Ave S & S Washington St,0.0,0.0
2023-10-11,405,North,24027,19820.0,,17:58:26,17:58:50,2,2638,4th Ave & Cherry St,1.0,0.0
2023-10-11,405,North,24027,19820.0,,18:00:03,18:01:14,3,641,4th Ave & Seneca St,0.0,0.0
2023-10-11,405,North,24027,19820.0,18:01:00,18:02:31,18:03:21,4,2976,4th Ave & Pine St,1.0,0.0
2023-10-11,405,North,24027,19820.0,,18:04:41,18:05:29,5,473,Olive Way & 6th Ave,0.0,0.0
2023-10-11,405,North,24027,19820.0,18:04:00,18:07:03,18:07:14,6,430,Howell St & 9th Ave,0.0,0.0
2023-10-11,405,North,24027,19820.0,,18:09:51,18:10:29,7,431,Howell St & Yale Ave,1.0,0.0
2023-10-11,405,North,24027,19820.0,,18:27:17,18:27:36,10,2673,220th St SW & 64th Ave W,0.0,2.0
2023-10-11,405,North,24027,19820.0,,18:27:56,18:27:56,11,1677,220th St SW & 66th Ave W,0.0,0.0
2023-10-11,405,North,24027,19820.0,,18:28:46,18:28:46,12,1667,220th St SW & 70th Ave W,0.0,0.0
2023-10-11,405,North,24027,19820.0,,18:31:03,18:31:03,13,1013,Hwy 99 & 220th St SW,0.0,0.0
2023-10-11,405,North,24027,19820.0,,18:31:43,18:31:43,14,1012,Hwy 99 & 216th St SW,0.0,0.0
2023-10-11,405,North,24027,19820.0,18:38:00,18:36:05,18:36:05,15,1242,Edmonds Park & Ride Bay 1,0.0,1.0
2023-10-11,405,South,24028,15808.0,05:50:00,05:50:15,05:50:15,0,1242,Edmonds Park & Ride Bay 1,4.0,0.0
2023-10-11,405,South,24028,15808.0,,05:51:57,05:51:57,1,1508,Hwy 99 & 216th St SW,0.0,0.0
2023-10-11,405,South,24028,15808.0,,05:54:10,05:54:10,2,298,220th St SW & 70th Ave W,0.0,0.0
2023-10-11,405,South,24028,15808.0,,05:55:18,05:57:51,3,290,220th St SW & 66th Ave W,4.0,0.0
2023-10-11,405,South,24028,15808.0,06:14:00,06:15:02,06:15:19,6,1909,Stewart St & 9th Ave,0.0,1.0
2023-10-11,405,South,24028,15808.0,,06:15:52,06:16:13,7,1908,Stewart St & 7th Ave,0.0,1.0
2023-10-11,405,South,24028,15808.0,,06:18:22,06:18:42,8,1907,Stewart St & 4th Ave,0.0,3.0
2023-10-11,405,South,24028,15808.0,,06:20:22,06:21:26,9,1079,2nd Ave & Stewart St,0.0,1.0
2023-10-11,405,South,24028,15808.0,06:22:00,06:23:17,06:24:08,10,2909,2nd Ave & Seneca St,0.0,1.0
2023-10-11,405,South,24028,15808.0,,06:25:14,06:25:14,11,2631,2nd Ave & Cherry St,0.0,0.0
2023-10-11,405,South,24028,15808.0,06:25:00,06:26:25,06:26:25,12,2349,2nd Ave Ext S & Yesler Way,0.0,1.0
2023-10-11,405,South,24029,15811.0,06:30:00,06:30:35,06:30:35,0,1242,Edmonds Park & Ride Bay 1,6.0,0.0
2023-10-11,405,South,24029,15811.0,,06:32:16,06:32:36,1,1508,Hwy 99 & 216th St SW,1.0,0.0
2023-10-11,405,South,24029,15811.0,,06:34:05,06:34:05,2,298,220th St SW & 70th Ave W,0.0,0.0
2023-10-11,405,South,24029,15811.0,,06:35:09,06:35:39,3,290,220th St SW & 66th Ave W,3.0,1.0
2023-10-11,405,South,24029,15811.0,06:55:00,06:55:31,06:55:54,6,1909,Stewart St & 9th Ave,0.0,2.0
2023-10-11,405,South,24029,15811.0,,06:56:33,06:56:53,7,1908,Stewart St & 7th Ave,0.0,4.0
2023-10-11,405,South,24029,15811.0,,06:58:56,06:59:11,8,1907,Stewart St & 4th Ave,0.0,3.0
2023-10-11,405,South,24029,15811.0,,07:00:55,07:00:55,9,1079,2nd Ave & Stewart St,0.0,0.0
2023-10-11,405,South,24029,15811.0,07:03:00,07:02:15,07:02:15,10,2909,2nd Ave & Seneca St,0.0,0.0
2023-10-11,405,South,24029,15811.0,,07:03:57,07:03:57,11,2631,2nd Ave & Cherry St,0.0,0.0
2023-10-11,405,South,24029,15811.0,07:07:00,07:04:47,07:04:47,12,2349,2nd Ave Ext S & Yesler Way,0.0,0.0
2023-10-11,405,South,24030,19854.0,07:05:00,07:05:18,07:05:18,0,1242,Edmonds Park & Ride Bay 1,12.0,0.0
2023-10-11,405,South,24030,19854.0,,07:06:40,07:06:40,1,1508,Hwy 99 & 216th St SW,0.0,0.0
2023-10-11,405,South,24030,19854.0,,07:09:29,07:10:14,2,298,220th St SW & 70th Ave W,2.0,0.0
2023-10-11,405,South,24030,19854.0,,07:12:08,07:12:27,3,290,220th St SW & 66th Ave W,2.0,0.0
2023-10-11,405,South,24030,19854.0,07:31:00,07:36:00,07:36:34,6,1909,Stewart St & 9th Ave,0.0,4.0
2023-10-11,405,South,24030,19854.0,,07:37:44,07:38:10,7,1908,Stewart St & 7th Ave,0.0,8.0
2023-10-11,405,South,24030,19854.0,,07:40:54,07:40:54,8,1907,Stewart St & 4th Ave,0.0,0.0
2023-10-11,405,South,24030,19854.0,,07:42:49,07:42:59,9,1079,2nd Ave & Stewart St,0.0,1.0
2023-10-11,405,South,24030,19854.0,07:39:00,07:44:20,07:44:33,10,2909,2nd Ave & Seneca St,0.0,1.0
2023-10-11,405,South,24030,19854.0,,07:46:10,07:46:10,11,2631,2nd Ave & Cherry St,0.0,0.0
2023-10-11,405,South,24030,19854.0,07:43:00,07:46:44,07:46:44,12,2349,2nd Ave Ext S & Yesler Way,0.0,2.0
2023-10-11,405,South,24031,15811.0,07:50:00,07:50:47,07:50:47,0,1242,Edmonds Park & Ride Bay 1,11.0,0.0
2023-10-11,405,South,24031,15811.0,,07:51:56,07:51:56,1,1508,Hwy 99 & 216th St SW,0.0,0.0
2023-10-11,405,South,24031,15811.0,,07:54:42,07:55:01,2,298,220th St SW & 70th Ave W,1.0,0.0
2023-10-11,405,South,24031,15811.0,,07:56:25,07:56:56,3,290,220th St SW & 66th Ave W,2.0,1.0
2023-10-11,405,South,24031,15811.0,08:23:00,08:31:21,08:31:41,6,1909,Stewart St & 9th Ave,1.0,5.0
2023-10-11,405,South,24031,15811.0,,08:32:10,08:32:34,7,1908,Stewart St & 7th Ave,0.0,3.0
2023-10-11,405,South,24031,15811.0,,08:34:50,08:35:10,8,1907,Stewart St & 4th Ave,0.0,3.0
2023-10-11,405,South,24031,15811.0,,08:37:12,08:37:12,9,1079,2nd Ave & Stewart St,0.0,0.0
2023-10-11,405,South,24031,15811.0,08:34:00,08:39:25,08:39:44,10,2909,2nd Ave & Seneca St,0.0,2.0
2023-10-11,405,South,24031,15811.0,,08:41:26,08:41:37,11,2631,2nd Ave & Cherry St,0.0,1.0
2023-10-11,405,South,24031,15811.0,08:38:00,08:42:58,08:42:58,12,2349,2nd Ave Ext S & Yesler Way,0.0,0.0
2023-10-12,405,North,24023,19853.0,15:15:00,15:18:28,15:18:28,0,640,4th Ave S & S Jackson St,1.0,0.0
2023-10-12,405,North,24023,19853.0,,,,1,635,4th Ave S & S Washington St,,
2023-10-12,405,North,24023,19853.0,,15:19:33,15:19:48,2,2638,4th Ave & Cherry St,1.0,0.0
2023-10-12,405,North,24023,19853.0,,15:21:01,15:21:30,3,641,4th Ave & Seneca St,2.0,0.0
2023-10-12,405,North,24023,19853.0,15:20:00,15:23:31,15:23:42,4,2976,4th Ave & Pine St,0.0,0.0
2023-10-12,405,North,24023,19853.0,,15:26:51,15:29:42,5,473,Olive Way & 6th Ave,3.0,0.0
2023-10-12,405,North,24023,19853.0,15:24:00,15:31:09,15:31:38,6,430,Howell St & 9th Ave,3.0,0.0
2023-10-12,405,North,24023,19853.0,,15:36:44,15:37:07,7,431,Howell St & Yale Ave,0.0,1.0
2023-10-12,405,North,24023,19853.0,,16:01:48,16:02:45,10,2673,220th St SW & 64th Ave W,0.0,2.0
2023-10-12,405,North,24023,19853.0,,16:03:28,16:03:28,11,1677,220th St SW & 66th Ave W,0.0,0.0
2023-10-12,405,North,24023,19853.0,,16:04:09,16:04:09,12,1667,220th St SW & 70th Ave W,0.0,0.0
2023-10-12,405,North,24023,19853.0,,16:06:22,16:06:22,13,1013,Hwy 99 & 220th St SW,0.0,0.0
2023-10-12,405,North,24023,19853.0,,16:07:48,16:07:48,14,1012,Hwy 99 & 216th St SW,0.0,0.0
2023-10-12,405,North,24023,19853.0,16:11:00,16:11:38,16:11:38,15,1242,Edmonds Park & Ride Bay 1,0.0,7.0
2023-10-12,405,North,24024,19825.0,15:55:00,15:55:58,15:55:58,0,640,4th Ave S & S Jackson St,2.0,0.0
2023-10-12,405,North,24024,19825.0,,15:57:28,15:57:28,1,635,4th Ave S & S Washington St,0.0,0.0
2023-10-12,405,North,24024,19825.0,,15:58:22,15:58:42,2,2638,4th Ave & Cherry St,2.0,0.0
2023-10-12,405,North,24024,19825.0,,16:00:18,16:01:17,3,641,4th Ave & Seneca St,3.0,0.0
2023-10-12,405,North,24024,19825.0,16:01:00,16:02:24,16:02:42,4,2976,4th Ave & Pine St,1.0,0.0
2023-10-12,405,North,24024,19825.0,,16:04:30,16:05:33,5,473,Olive Way & 6th Ave,1.0,0.0
2023-10-12,405,North,24024,19825.0,16:05:00,16:07:08,16:07:26,6,430,Howell St & 9th Ave,1.0,0.0
2023-10-12,405,North,24024,19825.0,,16:11:15,16:11:34,7,431,Howell St & Yale Ave,1.0,1.0
2023-10-12,405,North,24024,19825.0,,16:38:02,16:38:29,10,2673,220th St SW & 64th Ave W,1.0,3.0
2023-10-12,405,North,24024,19825.0,,16:38:51,16:38:51,11,1677,220th St SW & 66th Ave W,0.0,0.0
2023-10-12,405,North,24024,19825.0,,16:40:12,16:40:26,12,1667,220th St SW & 70th Ave W,0.0,1.0
2023-10-12,405,North,24024,19825.0,,16:41:37,16:41:52,13,1013,Hwy 99 & 220th St SW,0.0,1.0
2023-10-12,405,North,24024,19825.0,,16:43:20,16:43:20,14,1012,Hwy 99 & 216th St SW,0.0,0.0
2023-10-12,405,North,24024,19825.0,16:51:00,16:47:05,16:47:05,15,1242,Edmonds Park & Ride Bay 1,0.0,6.0
2023-10-12,405,North,24025,19850.0,16:35:00,16:35:54,16:35:54,0,640,4th Ave S & S Jackson St,0.0,0.0
2023-10-12,405,North,24025,19850.0,,16:36:24,16:36:24,1,635,4th Ave S & S Washington St,0.0,0.0
2023-10-12,405,North,24025,19850.0,,16:37:07,16:37:17,2,2638,4th Ave & Cherry St,0.0,0.0
2023-10-12,405,North,24025,19850.0,,16:39:19,16:40:14,3,641,4th Ave & Seneca St,2.0,0.0
2023-10-12,405,North,24025,19850.0,16:41:00,16:41:14,16:41:27,4,2976,4th Ave & Pine St,1.0,0.0
2023-10-12,405,North,24025,19850.0,,16:43:17,16:44:38,5,473,Olive Way & 6th Ave,5.0,0.0
2023-10-12,405,North,24025,19850.0,16:45:00,16:46:54,16:47:09,6,430,Howell St & 9th Ave,1.0,0.0
2023-10-12,405,North,24025,19850.0,,16:53:10,16:53:10,7,431,Howell St & Yale Ave,0.0,0.0
2023-10-12,405,North,24025,19850.0,,17:19:07,17:19:17,10,2673,220th St SW & 64th Ave W,0.0,1.0
2023-10-12,405,North,24025,19850.0,,17:19:33,17:19:33,11,1677,220th St SW & 66th Ave W,0.0,0.0
2023-10-12,405,North,24025,19850.0,,17:21:14,17:21:14,12,1667,220th St SW & 70th Ave W,0.0,0.0
2023-10-12,405,North,24025,19850.0,,17:23:49,17:23:49,13,1013,Hwy 99 & 220th St SW,0.0,0.0
2023-10-12,405,North,24025,19850.0,,17:24:37,17:24:37,14,1012,Hwy 99 & 216th St SW,0.0,0.0
2023-10-12,405,North,24025,19850.0,17:30:00,17:26:10,17:26:10,15,1242,Edmonds Park & Ride Bay 1,0.0,8.0
2023-10-12,405,North,24026,19815.0,17:15:00,17:17:31,17:17:31,0,640,4th Ave S & S Jackson St,1.0,0.0
2023-10-12,405,North,24026,19815.0,,,,1,635,4th Ave S & S Washington St,,
2023-10-12,405,North,24026,19815.0,,17:17:56,17:18:15,2,2638,4th Ave & Cherry St,2.0,0.0
2023-10-12,405,North,24026,19815.0,,17:19:37,17:21:04,3,641,4th Ave & Seneca St,3.0,0.0
2023-10-12,405,North,24026,19815.0,17:21:00,17:23:03,17:23:21,4,2976,4th Ave & Pine St,1.0,0.0
2023-10-12,405,North,24026,19815.0,,17:24:10,17:25:06,5,473,Olive Way & 6th Ave,4.0,0.0
2023-10-12,405,North,24026,19815.0,17:25:00,17:26:41,17:27:06,6,430,Howell St & 9th Ave,1.0,1.0
2023-10-12,405,North,24026,19815.0,,17:30:44,17:31:06,7,431,Howell St & Yale Ave,2.0,1.0
2023-10-12,405,North,24026,19815.0,,17:58:50,17:58:50,10,2673,220th St SW & 64th Ave W,0.0,0.0
2023-10-12,405,North,24026,19815.0,,17:59:08,17:59:08,11,1677,220th St SW & 66th Ave W,0.0,0.0
2023-10-12,405,North,24026,19815.0,,18:00:17,18:00:17,12,1667,220th St SW & 70th Ave W,0.0,0.0
2023-10-12,405,North,24026,19815.0,,18:01:32,18:01:32,13,1013,Hwy 99 & 220th St SW,0.0,0.0
2023-10-12,405,North,24026,19815.0,,18:02:19,18:02:36,14,1012,Hwy 99 & 216th St SW,0.0,2.0
2023-10-12,405,North,24026,19815.0,18:07:00,18:06:52,18:06:52,15,1242,Edmonds Park & Ride Bay 1,0.0,10.0
2023-10-12,405,North,24027,19825.0,17:55:00,17:55:54,17:55:54,0,640,4th Ave S & S Jackson St,3.0,0.0
2023-10-12,405,North,24027,19825.0,,17:57:18,17:57:31,1,635,4th Ave S & S Washington St,1.0,0.0
2023-10-12,405,North,24027,19825.0,,17:58:19,17:58:42,2,2638,4th Ave & Cherry St,1.0,0.0
2023-10-12,405,North,24027,19825.0,,18:00:09,18:01:22,3,641,4th Ave & Seneca St,3.0,0.0
2023-10-12,405,North,24027,19825.0,18:01:00,18:02:32,18:03:11,4,2976,4th Ave & Pine St,2.0,1.0
2023-10-12,405,North,24027,19825.0,,18:04:28,18:05:32,5,473,Olive Way & 6th Ave,0.0,0.0
2023-10-12,405,North,24027,19825.0,18:04:00,18:07:06,18:07:24,6,430,Howell St & 9th Ave,0.0,0.0
2023-10-12,405,North,24027,19825.0,,18:09:43,18:10:04,7,431,Howell St & Yale Ave,2.0,2.0
2023-10-12,405,North,24027,19825.0,,18:37:00,18:37:00,10,2673,220th St SW & 64th Ave W,0.0,0.0
2023-10-12,405,North,24027,19825.0,,18:37:15,18:37:15,11,1677,220th St SW & 66th Ave W,0.0,0.0
2023-10-12,405,North,24027,19825.0,,18:38:03,18:38:03,12,1667,220th St SW & 70th Ave W,0.0,0.0
2023-10-12,405,North,24027,19825.0,,18:38:54,18:39:07,13,1013,Hwy 99 & 220th St SW,0.0,1.0
2023-10-12,405,North,24027,19825.0,,18:39:55,18:40:10,14,1012,Hwy 99 & 216th St SW,0.0,1.0
2023-10-12,405,North,24027,19825.0,18:38:00,18:44:10,18:44:10,15,1242,Edmonds Park & Ride Bay 1,0.0,7.0
2023-10-12,405,South,24028,15821.0,05:50:00,05:50:07,05:50:07,0,1242,Edmonds Park & Ride Bay 1,4.0,0.0
2023-10-12,405,South,24028,15821.0,,05:51:53,05:51:53,1,1508,Hwy 99 & 216th St SW,0.0,0.0
2023-10-12,405,South,24028,15821.0,,05:54:00,05:54:00,2,298,220th St SW & 70th Ave W,0.0,0.0
2023-10-12,405,South,24028,15821.0,,05:55:02,05:57:34,3,290,220th St SW & 66th Ave W,5.0,3.0
2023-10-12,405,South,24028,15821.0,06:14:00,06:13:25,06:13:25,6,1909,Stewart St & 9th Ave,0.0,0.0
2023-10-12,405,South,24028,15821.0,,06:13:51,06:14:24,7,1908,Stewart St & 7th Ave,0.0,2.0
2023-10-12,405,South,24028,15821.0,,06:16:51,06:17:10,8,1907,Stewart St & 4th Ave,0.0,2.0
2023-10-12,405,South,24028,15821.0,,06:18:48,06:19:58,9,1079,2nd Ave & Stewart St,0.0,1.0
2023-10-12,405,South,24028,15821.0,06:22:00,06:21:41,06:21:41,10,2909,2nd Ave & Seneca St,0.0,0.0
2023-10-12,405,South,24028,15821.0,,06:22:17,06:22:17,11,2631,2nd Ave & Cherry St,0.0,0.0
2023-10-12,405,South,24028,15821.0,06:25:00,06:23:06,06:23:06,12,2349,2nd Ave Ext S & Yesler Way,0.0,1.0
2023-10-12,405,South,24029,19854.0,06:30:00,06:30:55,06:30:55,0,1242,Edmonds Park & Ride Bay 1,8.0,0.0
2023-10-12,405,South,24029,19854.0,,06:31:57,06:31:57,1,1508,Hwy 99 & 216th St SW,0.0,0.0
2023-10-12,405,South,24029,19854.0,,06:34:59,06:35:39,2,298,220th St SW & 70th Ave W,1.0,0.0
2023-10-12,405,South,24029,19854.0,,06:36:44,06:37:04,3,290,220th St SW & 66th Ave W,1.0,1.0
2023-10-12,405,South,24029,19854.0,06:55:00,06:56:50,06:57:17,6,1909,Stewart St & 9th Ave,0.0,5.0
2023-10-12,405,South,24029,19854.0,,06:57:47,06:58:33,7,1908,Stewart St & 7th Ave,0.0,3.0
2023-10-12,405,South,24029,19854.0,,07:00:29,07:01:19,8,1907,Stewart St & 4th Ave,0.0,1.0
2023-10-12,405,South,24029,19854.0,,07:02:47,07:02:47,9,1079,2nd Ave & Stewart St,0.0,0.0
2023-10-12,405,South,24029,19854.0,07:03:00,07:04:39,07:04:39,10,2909,2nd Ave & Seneca St,0.0,0.0
2023-10-12,405,South,24029,19854.0,,07:05:20,07:05:20,11,2631,2nd Ave & Cherry St,0.0,0.0
2023-10-12,405,South,24029,19854.0,07:07:00,07:06:40,07:06:40,12,2349,2nd Ave Ext S & Yesler Way,0.0,0.0
2023-10-12,405,South,24030,15809.0,07:05:00,07:05:09,07:05:09,0,1242,Edmonds Park & Ride Bay 1,9.0,0.0
2023-10-12,405,South,24030,15809.0,,07:07:11,07:07:28,1,1508,Hwy 99 & 216th St SW,1.0,0.0
2023-10-12,405,South,24030,15809.0,,07:09:47,07:09:47,2,298,220th St SW & 70th Ave W,0.0,0.0
2023-10-12,405,South,24030,15809.0,,07:10:39,07:10:54,3,290,220th St SW & 66th Ave W,1.0,0.0
2023-10-12,405,South,24030,15809.0,07:31:00,07:31:54,07:32:41,6,1909,Stewart St & 9th Ave,0.0,2.0
2023-10-12,405,South,24030,15809.0,,07:33:08,07:33:28,7,1908,Stewart St & 7th Ave,0.0,3.0
2023-10-12,405,South,24030,15809.0,,07:34:48,07:35:12,8,1907,Stewart St & 4th Ave,0.0,1.0
2023-10-12,405,South,24030,15809.0,,07:36:48,07:37:04,9,1079,2nd Ave & Stewart St,0.0,1.0
2023-10-12,405,South,24030,15809.0,07:39:00,07:38:23,07:39:05,10,2909,2nd Ave & Seneca St,0.0,3.0
2023-10-12,405,South,24030,15809.0,,07:40:16,07:40:16,11,2631,2nd Ave & Cherry St,0.0,0.0
2023-10-12,405,South,24030,15809.0,07:43:00,07:41:30,07:41:30,12,2349,2nd Ave Ext S & Yesler Way,0.0,1.0
2023-10-12,405,South,24031,19854.0,07:50:00,07:50:09,07:50:09,0,1242,Edmonds Park & Ride Bay 1,16.0,0.0
2023-10-12,405,South,24031,19854.0,,07:51:22,07:52:33,1,1508,Hwy 99 & 216th St SW,2.0,0.0
2023-10-12,405,South,24031,19854.0,,07:54:43,07:55:11,2,298,220th St SW & 70th Ave W,2.0,0.0
2023-10-12,405,South,24031,19854.0,,07:56:07,07:56:37,3,290,220th St SW & 66th Ave W,3.0,2.0
2023-10-12,405,South,24031,19854.0,08:23:00,08:26:44,08:27:13,6,1909,Stewart St & 9th Ave,0.0,8.0
2023-10-12,405,South,24031,19854.0,,08:27:42,08:28:01,7,1908,Stewart St & 7th Ave,0.0,2.0
2023-10-12,405,South,24031,19854.0,,08:28:53,08:29:20,8,1907,Stewart St & 4th Ave,0.0,2.0
2023-10-12,405,South,24031,19854.0,,08:30:53,08:31:15,9,1079,2nd Ave & Stewart St,0.0,1.0
2023-10-12,405,South,24031,19854.0,08:34:00,08:32:28,08:32:51,10,2909,2nd Ave & Seneca St,0.0,5.0
2023-10-12,405,South,24031,19854.0,,08:34:01,08:34:01,11,2631,2nd Ave & Cherry St,0.0,0.0
2023-10-12,405,South,24031,19854.0,08:38:00,08:34:40,08:34:40,12,2349,2nd Ave Ext S & Yesler Way,0.0,3.0
2023-10-13,405,North,24023,17860.0,15:15:00,15:17:23,15:17:23,0,640,4th Ave S & S Jackson St,0.0,0.0
2023-10-13,405,North,24023,17860.0,,,,1,635,4th Ave S & S Washington St,,
2023-10-13,405,North,24023,17860.0,,15:19:07,15:19:27,2,2638,4th Ave & Cherry St,1.0,0.0
2023-10-13,405,North,24023,17860.0,,15:22:05,15:22:21,3,641,4th Ave & Seneca St,0.0,0.0
2023-10-13,405,North,24023,17860.0,15:20:00,15:23:41,15:24:15,4,2976,4th Ave & Pine St,7.0,0.0
2023-10-13,405,North,24023,17860.0,,15:25:19,15:26:32,5,473,Olive Way & 6th Ave,2.0,0.0
2023-10-13,405,North,24023,17860.0,15:24:00,15:27:06,15:27:37,6,430,Howell St & 9th Ave,2.0,0.0
2023-10-13,405,North,24023,17860.0,,15:30:39,15:31:01,7,431,Howell St & Yale Ave,1.0,0.0
2023-10-13,405,North,24023,17860.0,,15:56:59,15:57:20,10,2673,220th St SW & 64th Ave W,0.0,3.0
2023-10-13,405,North,24023,17860.0,,15:57:36,15:57:36,11,1677,220th St SW & 66th Ave W,0.0,0.0
2023-10-13,405,North,24023,17860.0,,15:59:00,15:59:23,12,1667,220th St SW & 70th Ave W,0.0,3.0
2023-10-13,405,North,24023,17860.0,,16:01:18,16:01:28,13,1013,Hwy 99 & 220th St SW,0.0,0.0
2023-10-13,405,North,24023,17860.0,,16:02:11,16:02:32,14,1012,Hwy 99 & 216th St SW,0.0,3.0
2023-10-13,405,North,24023,17860.0,16:11:00,16:06:14,16:06:14,15,1242,Edmonds Park & Ride Bay 1,0.0,4.0
2023-10-13,405,North,24024,15819.0,15:55:00,15:55:55,15:55:55,0,640,4th Ave S & S Jackson St,0.0,0.0
2023-10-13,405,North,24024,15819.0,,15:57:24,15:57:24,1,635,4th Ave S & S Washington St,0.0,0.0
2023-10-13,405,North,24024,15819.0,,15:58:11,15:58:18,2,2638,4th Ave & Cherry St,0.0,0.0
2023-10-13,405,North,24024,15819.0,,16:00:01,16:00:12,3,641,4th Ave & Seneca St,0.0,0.0
2023-10-13,405,North,24024,15819.0,16:01:00,16:02:11,16:02:33,4,2976,4th Ave & Pine St,2.0,0.0
2023-10-13,405,North,24024,15819.0,,16:04:11,16:05:31,5,473,Olive Way & 6th Ave,2.0,0.0
2023-10-13,405,North,24024,15819.0,16:05:00,16:07:10,16:07:31,6,430,Howell St & 9th Ave,1.0,0.0
2023-10-13,405,North,24024,15819.0,,16:09:39,16:09:51,7,431,Howell St & Yale Ave,0.0,0.0
2023-10-13,405,North,24024,15819.0,,16:39:10,16:39:33,10,2673,220th St SW & 64th Ave W,0.0,1.0
2023-10-13,405,North,24024,15819.0,,16:39:52,16:39:52,11,1677,220th St SW & 66th Ave W,0.0,0.0
2023-10-13,405,North,24024,15819.0,,16:40:41,16:40:41,12,1667,220th St SW & 70th Ave W,0.0,0.0
2023-10-13,405,North,24024,15819.0,,16:43:53,16:44:08,13,1013,Hwy 99 & 220th St SW,0.0,1.0
2023-10-13,405,North,24024,15819.0,,16:44:49,16:44:49,14,1012,Hwy 99 & 216th St SW,0.0,0.0
2023-10-13,405,North,24024,15819.0,16:51:00,16:49:19,16:49:19,15,1242,Edmonds Park & Ride Bay 1,0.0,3.0
2023-10-13,405,North,24025,19851.0,16:35:00,16:35:55,16:35:55,0,640,4th Ave S & S Jackson St,1.0,0.0
2023-10-13,405,North,24025,19851.0,,16:36:36,16:36:36,1,635,4th Ave S & S Washington St,0.0,0.0
2023-10-13,405,North,24025,19851.0,,16:37:23,16:37:36,2,2638,4th Ave & Cherry St,0.0,0.0
2023-10-13,405,North,24025,19851.0,,16:39:03,16:39:13,3,641,4th Ave & Seneca St,0.0,0.0
2023-10-13,405,North,24025,19851.0,16:41:00,16:40:27,16:40:49,4,2976,4th Ave & Pine St,2.0,0.0
2023-10-13,405,North,24025,19851.0,,16:41:41,16:42:59,5,473,Olive Way & 6th Ave,5.0,0.0
2023-10-13,405,North,24025,19851.0,16:45:00,16:43:35,16:44:11,6,430,Howell St & 9th Ave,1.0,0.0
2023-10-13,405,North,24025,19851.0,,16:47:06,16:47:21,7,431,Howell St & Yale Ave,0.0,0.0
2023-10-13,405,North,24025,19851.0,,17:12:28,17:12:28,10,2673,220th St SW & 64th Ave W,0.0,0.0
2023-10-13,405,North,24025,19851.0,,17:12:46,17:12:46,11,1677,220th St SW & 66th Ave W,0.0,0.0
2023-10-13,405,North,24025,19851.0,,17:13:17,17:13:17,12,1667,220th St SW & 70th Ave W,0.0,0.0
2023-10-13,405,North,24025,19851.0,,17:14:05,17:14:23,13,1013,Hwy 99 & 220th St SW,0.0,1.0
2023-10-13,405,North,24025,19851.0,,17:15:06,17:15:24,14,1012,Hwy 99 & 216th St SW,0.0,3.0
2023-10-13,405,North,24025,19851.0,17:30:00,17:18:40,17:18:40,15,1242,Edmonds Park & Ride Bay 1,0.0,5.0
2023-10-13,405,North,24026,19812.0,17:15:00,17:15:14,17:15:14,0,640,4th Ave S & S Jackson St,0.0,0.0
2023-10-13,405,North,24026,19812.0,,17:15:46,17:15:46,1,635,4th Ave S & S Washington St,0.0,0.0
2023-10-13,405,North,24026,19812.0,,17:17:21,17:17:33,2,2638,4th Ave & Cherry St,0.0,0.0
2023-10-13,405,North,24026,19812.0,,17:19:04,17:19:26,3,641,4th Ave & Seneca St,1.0,0.0
2023-10-13,405,North,24026,19812.0,17:21:00,17:21:35,17:21:47,4,2976,4th Ave & Pine St,0.0,0.0
2023-10-13,405,North,24026,19812.0,,17:23:39,17:23:39,5,473,Olive Way & 6th Ave,1.0,0.0
2023-10-13,405,North,24026,19812.0,17:25:00,17:26:35,17:26:46,6,430,Howell St & 9th Ave,0.0,0.0
2023-10-13,405,North,24026,19812.0,,17:29:12,17:29:41,7,431,Howell St & Yale Ave,2.0,0.0
2023-10-13,405,North,24026,19812.0,,17:49:48,17:49:48,10,2673,220th St SW & 64th Ave W,0.0,0.0
2023-10-13,405,North,24026,19812.0,,17:50:00,17:50:00,11,1677,220th St SW & 66th Ave W,0.0,0.0
2023-10-13,405,North,24026,19812.0,,17:51:20,17:51:20,12,1667,220th St SW & 70th Ave W,0.0,0.0
2023-10-13,405,North,24026,19812.0,,17:53:57,17:53:57,13,1013,Hwy 99 & 220th St SW,0.0,0.0
2023-10-13,405,North,24026,19812.0,,17:54:33,17:54:47,14,1012,Hwy 99 & 216th St SW,0.0,1.0
2023-10-13,405,North,24026,19812.0,18:07:00,17:59:29,17:59:29,15,1242,Edmonds Park & Ride Bay 1,0.0,3.0
2023-10-13,405,North,24027,15819.0,17:55:00,17:55:16,17:55:16,0,640,4th Ave S & S Jackson St,1.0,0.0
2023-10-13,405,North,24027,15819.0,,17:55:50,17:55:50,1,635,4th Ave S & S Washington St,0.0,0.0
2023-10-13,405,North,24027,15819.0,,17:56:33,17:57:11,2,2638,4th Ave & Cherry St,1.0,0.0
2023-10-13,405,North,24027,15819.0,,17:58:34,17:58:52,3,641,4th Ave & Seneca St,2.0,0.0
2023-10-13,405,North,24027,15819.0,18:01:00,18:01:02,18:02:03,4,2976,4th Ave & Pine St,1.0,1.0
2023-10-13,405,North,24027,15819.0,,18:03:03,18:04:01,5,473,Olive Way & 6th Ave,0.0,0.0
2023-10-13,405,North,24027,15819.0,18:04:00,18:05:32,18:05:47,6,430,Howell St & 9th Ave,0.0,0.0
2023-10-13,405,North,24027,15819.0,,18:08:08,18:08:26,7,431,Howell St & Yale Ave,1.0,0.0
2023-10-13,405,North,24027,15819.0,,18:24:57,18:24:57,10,2673,220th St SW & 64th Ave W,0.0,0.0
2023-10-13,405,North,24027,15819.0,,18:25:29,18:25:29,11,1677,220th St SW & 66th Ave W,0.0,0.0
2023-10-13,405,North,24027,15819.0,,18:26:20,18:26:20,12,1667,220th St SW & 70th Ave W,0.0,0.0
2023-10-13,405,North,24027,15819.0,,18:28:50,18:29:06,13,1013,Hwy 99 & 220th St SW,0.0,3.0
2023-10-13,405,North,24027,15819.0,,18:31:01,18:31:01,14,1012,Hwy 99 & 216th St SW,0.0,0.0
2023-10-13,405,North,24027,15819.0,18:38:00,18:33:45,18:33:45,15,1242,Edmonds Park & Ride Bay 1,0.0,2.0
2023-10-13,405,South,24028,17857.0,05:50:00,05:50:13,05:50:13,0,1242,Edmonds Park & Ride Bay 1,1.0,0.0
2023-10-13,405,South,24028,17857.0,,05:51:24,05:51:24,1,1508,Hwy 99 & 216th St SW,0.0,0.0
2023-10-13,405,South,24028,17857.0,,05:52:51,05:52:51,2,298,220th St SW & 70th Ave W,0.0,0.0
2023-10-13,405,South,24028,17857.0,,05:54:27,05:57:17,3,290,220th St SW & 66th Ave W,3.0,0.0
2023-10-13,405,South,24028,17857.0,06:14:00,06:14:48,06:14:48,6,1909,Stewart St & 9th Ave,0.0,0.0
2023-10-13,405,South,24028,17857.0,,06:15:20,06:15:20,7,1908,Stewart St & 7th Ave,0.0,0.0
2023-10-13,405,South,24028,17857.0,,06:17:05,06:17:21,8,1907,Stewart St & 4th Ave,0.0,3.0
2023-10-13,405,South,24028,17857.0,,06:19:04,06:20:25,9,1079,2nd Ave & Stewart St,0.0,1.0
2023-10-13,405,South,24028,17857.0,06:22:00,06:21:48,06:21:48,10,2909,2nd Ave & Seneca St,0.0,0.0
2023-10-13,405,South,24028,17857.0,,06:23:23,06:23:23,11,2631,2nd Ave & Cherry St,0.0,0.0
2023-10-13,405,South,24028,17857.0,06:25:00,06:24:45,06:24:45,12,2349,2nd Ave Ext S & Yesler Way,0.0,0.0
2023-10-13,405,South,24029,17858.0,06:30:00,06:30:11,06:30:11,0,1242,Edmonds Park & Ride Bay 1,3.0,0.0
2023-10-13,405,South,24029,17858.0,,06:31:25,06:31:51,1,1508,Hwy 99 & 216th St SW,1.0,0.0
2023-10-13,405,South,24029,17858.0,,06:33:46,06:33:46,2,298,220th St SW & 70th Ave W,0.0,0.0
2023-10-13,405,South,24029,17858.0,,06:35:14,06:35:40,3,290,220th St SW & 66th Ave W,1.0,1.0
2023-10-13,405,South,24029,17858.0,06:55:00,06:52:55,06:53:32,6,1909,Stewart St & 9th Ave,0.0,1.0
2023-10-13,405,South,24029,17858.0,,06:54:06,06:54:17,7,1908,Stewart St & 7th Ave,0.0,1.0
2023-10-13,405,South,24029,17858.0,,06:55:48,06:56:04,8,1907,Stewart St & 4th Ave,0.0,2.0
2023-10-13,405,South,24029,17858.0,,06:57:50,06:57:50,9,1079,2nd Ave & Stewart St,0.0,0.0
2023-10-13,405,South,24029,17858.0,07:03:00,06:59:01,06:59:01,10,2909,2nd Ave & Seneca St,0.0,0.0
2023-10-13,405,South,24029,17858.0,,07:00:45,07:00:45,11,2631,2nd Ave & Cherry St,0.0,0.0
2023-10-13,405,South,24029,17858.0,07:07:00,07:01:29,07:01:29,12,2349,2nd Ave Ext S & Yesler Way,0.0,0.0
2023-10-13,405,South,24030,19854.0,07:05:00,07:05:07,07:05:07,0,1242,Edmonds Park & Ride Bay 1,5.0,0.0
2023-10-13,405,South,24030,19854.0,,07:06:19,07:06:39,1,1508,Hwy 99 & 216th St SW,1.0,0.0
2023-10-13,405,South,24030,19854.0,,07:09:23,07:09:46,2,298,220th St SW & 70th Ave W,2.0,0.0
2023-10-13,405,South,24030,19854.0,,07:10:43,07:10:56,3,290,220th St SW & 66th Ave W,1.0,0.0
2023-10-13,405,South,24030,19854.0,07:31:00,07:30:10,07:30:28,6,1909,Stewart St & 9th Ave,0.0,2.0
2023-10-13,405,South,24030,19854.0,,07:31:41,07:32:05,7,1908,Stewart St & 7th Ave,0.0,3.0
2023-10-13,405,South,24030,19854.0,,07:33:33,07:33:33,8,1907,Stewart St & 4th Ave,0.0,0.0
2023-10-13,405,South,24030,19854.0,,07:34:16,07:34:16,9,1079,2nd Ave & Stewart St,0.0,0.0
2023-10-13,405,South,24030,19854.0,07:39:00,07:35:29,07:35:47,10,2909,2nd Ave & Seneca St,0.0,3.0
2023-10-13,405,South,24030,19854.0,,07:37:04,07:37:04,11,2631,2nd Ave & Cherry St,0.0,0.0
2023-10-13,405,South,24030,19854.0,07:43:00,07:39:37,07:39:37,12,2349,2nd Ave Ext S & Yesler Way,0.0,1.0
2023-10-13,405,South,24031,17858.0,07:50:00,07:50:10,07:50:10,0,1242,Edmonds Park & Ride Bay 1,9.0,0.0
2023-10-13,405,South,24031,17858.0,,07:51:09,07:51:24,1,1508,Hwy 99 & 216th St SW,1.0,0.0
2023-10-13,405,South,24031,17858.0,,07:52:24,07:52:24,2,298,220th St SW & 70th Ave W,0.0,0.0
2023-10-13,405,South,24031,17858.0,,07:53:54,07:54:25,3,290,220th St SW & 66th Ave W,3.0,0.0
2023-10-13,405,South,24031,17858.0,08:23:00,08:11:45,08:12:07,6,1909,Stewart St & 9th Ave,1.0,3.0
2023-10-13,405,South,24031,17858.0,,08:12:35,08:12:55,7,1908,Stewart St & 7th Ave,0.0,5.0
2023-10-13,405,South,24031,17858.0,,08:15:14,08:15:42,8,1907,Stewart St & 4th Ave,0.0,4.0
2023-10-13,405,South,24031,17858.0,,08:17:19,08:17:19,9,1079,2nd Ave & Stewart St,0.0,0.0
2023-10-13,405,South,24031,17858.0,08:34:00,08:18:35,08:18:55,10,2909,2nd Ave & Seneca St,0.0,1.0
2023-10-13,405,South,24031,17858.0,,08:20:19,08:20:19,11,2631,2nd Ave & Cherry St,0.0,0.0
2023-10-13,405,South,24031,17858.0,08:38:00,08:21:16,08:21:16,12,2349,2nd Ave Ext S & Yesler Way,0.0,1.0
2023-10-16,405,North,24023,15816.0,15:15:00,15:15:16,15:15:16,0,640,4th Ave S & S Jackson St,2.0,0.0
2023-10-16,405,North,24023,15816.0,,15:15:46,15:15:59,1,635,4th Ave S & S Washington St,0.0,0.0
2023-10-16,405,North,24023,15816.0,,15:17:29,15:17:46,2,2638,4th Ave & Cherry St,1.0,0.0
2023-10-16,405,North,24023,15816.0,,15:19:17,15:19:39,3,641,4th Ave & Seneca St,1.0,0.0
2023-10-16,405,North,24023,15816.0,15:20:00,15:21:39,15:21:52,4,2976,4th Ave & Pine St,0.0,0.0
2023-10-16,405,North,24023,15816.0,,15:23:53,15:26:55,5,473,Olive Way & 6th Ave,8.0,0.0
2023-10-16,405,North,24023,15816.0,15:24:00,15:28:29,15:28:43,6,430,Howell St & 9th Ave,0.0,0.0
2023-10-16,405,North,24023,15816.0,,15:32:16,15:32:41,7,431,Howell St & Yale Ave,2.0,1.0
2023-10-16,405,North,24023,15816.0,,15:50:07,15:51:30,10,2673,220th St SW & 64th Ave W,0.0,4.0
2023-10-16,405,North,24023,15816.0,,15:52:25,15:52:25,11,1677,220th St SW & 66th Ave W,0.0,0.0
2023-10-16,405,North,24023,15816.0,,15:53:10,15:53:10,12,1667,220th St SW & 70th Ave W,0.0,0.0
2023-10-16,405,North,24023,15816.0,,15:54:05,15:54:22,13,1013,Hwy 99 & 220th St SW,0.0,1.0
2023-10-16,405,North,24023,15816.0,,15:55:21,15:55:36,14,1012,Hwy 99 & 216th St SW,0.0,2.0
2023-10-16,405,North,24023,15816.0,16:11:00,15:59:19,15:59:19,15,1242,Edmonds Park & Ride Bay 1,0.0,6.0
2023-10-16,405,North,24024,19823.0,15:55:00,15:55:24,15:55:24,0,640,4th Ave S & S Jackson St,2.0,0.0
2023-10-16,405,North,24024,19823.0,,15:56:09,15:56:21,1,635,4th Ave S & S Washington St,0.0,0.0
2023-10-16,405,North,24024,19823.0,,15:57:58,15:58:12,2,2638,4th Ave & Cherry St,1.0,0.0
2023-10-16,405,North,24024,19823.0,,16:01:04,16:01:18,3,641,4th Ave & Seneca St,1.0,0.0
2023-10-16,405,North,24024,19823.0,16:01:00,16:02:54,16:03:20,4,2976,4th Ave & Pine St,1.0,0.0
2023-10-16,405,North,24024,19823.0,,16:04:33,16:05:33,5,473,Olive Way & 6th Ave,2.0,0.0
2023-10-16,405,North,24024,19823.0,16:05:00,16:07:13,16:07:36,6,430,Howell St & 9th Ave,2.0,0.0
2023-10-16,405,North,24024,19823.0,,16:11:11,16:11:29,7,431,Howell St & Yale Ave,2.0,1.0
2023-10-16,405,North,24024,19823.0,,16:29:29,16:29:43,10,2673,220th St SW & 64th Ave W,0.0,3.0
2023-10-16,405,North,24024,19823.0,,16:30:05,16:30:05,11,1677,220th St SW & 66th Ave W,0.0,0.0
2023-10-16,405,North,24024,19823.0,,16:31:36,16:31:50,12,1667,220th St SW & 70th Ave W,0.0,1.0
2023-10-16,405,North,24024,19823.0,,16:34:02,16:34:02,13,1013,Hwy 99 & 220th St SW,0.0,0.0
2023-10-16,405,North,24024,19823.0,,16:34:37,16:34:37,14,1012,Hwy 99 & 216th St SW,0.0,0.0
2023-10-16,405,North,24024,19823.0,16:51:00,16:39:49,16:39:49,15,1242,Edmonds Park & Ride Bay 1,0.0,6.0
2023-10-16,405,North,24025,19851.0,16:35:00,16:37:52,16:37:52,0,640,4th Ave S & S Jackson St,2.0,0.0
2023-10-16,405,North,24025,19851.0,,16:39:06,16:39:06,1,635,4th Ave S & S Washington St,0.0,0.0
2023-10-16,405,North,24025,19851.0,,16:40:11,16:40:35,2,2638,4th Ave & Cherry St,1.0,0.0
2023-10-16,405,North,24025,19851.0,,16:42:07,16:42:23,3,641,4th Ave & Seneca St,2.0,0.0
2023-10-16,405,North,24025,19851.0,16:41:00,16:44:07,16:44:41,4,2976,4th Ave & Pine St,2.0,0.0
2023-10-16,405,North,24025,19851.0,,16:46:22,16:47:29,5,473,Olive Way & 6th Ave,2.0,0.0
2023-10-16,405,North,24025,19851.0,16:45:00,16:48:07,16:48:27,6,430,Howell St & 9th Ave,0.0,1.0
2023-10-16,405,North,24025,19851.0,,16:51:37,16:51:37,7,431,Howell St & Yale Ave,0.0,0.0
2023-10-16,405,North,24025,19851.0,,17:07:57,17:08:09,10,2673,220th St SW & 64th Ave W,0.0,2.0
2023-10-16,405,North,24025,19851.0,,17:08:28,17:08:43,11,1677,220th St SW & 66th Ave W,0.0,1.0
2023-10-16,405,North,24025,19851.0,,17:10:32,17:10:32,12,1667,220th St SW & 70th Ave W,0.0,0.0
2023-10-16,405,North,24025,19851.0,,17:14:04,17:14:04,13,1013,Hwy 99 & 220th St SW,0.0,0.0
2023-10-16,405,North,24025,19851.0,,17:14:38,17:14:38,14,1012,Hwy 99 & 216th St SW,0.0,0.0
2023-10-16,405,North,24025,19851.0,17:30:00,17:18:29,17:18:29,15,1242,Edmonds Park & Ride Bay 1,0.0,5.0
2023-10-16,405,North,24026,17857.0,17:15:00,17:16:24,17:16:24,0,640,4th Ave S & S Jackson St,2.0,0.0
2023-10-16,405,North,24026,17857.0,,17:16:55,17:16:55,1,635,4th Ave S & S Washington St,0.0,0.0
2023-10-16,405,North,24026,17857.0,,17:17:45,17:17:53,2,2638,4th Ave & Cherry St,0.0,0.0
2023-10-16,405,North,24026,17857.0,,17:19:38,17:19:56,3,641,4th Ave & Seneca St,1.0,0.0
2023-10-16,405,North,24026,17857.0,17:21:00,17:21:42,17:22:06,4,2976,4th Ave & Pine St,0.0,0.0
2023-10-16,405,North,24026,17857.0,,17:23:43,17:25:05,5,473,Olive Way & 6th Ave,3.0,0.0
2023-10-16,405,North,24026,17857.0,17:25:00,17:26:34,17:26:44,6,430,Howell St & 9th Ave,0.0,0.0
2023-10-16,405,North,24026,17857.0,,17:30:43,17:30:51,7,431,Howell St & Yale Ave,0.0,0.0
2023-10-16,405,North,24026,17857.0,,17:47:47,17:47:47,10,2673,220th St SW & 64th Ave W,0.0,0.0
2023-10-16,405,North,24026,17857.0,,17:48:02,17:48:02,11,1677,220th St SW & 66th Ave W,0.0,0.0
2023-10-16,405,North,24026,17857.0,,17:49:25,17:49:25,12,1667,220th St SW & 70th Ave W,0.0,0.0
2023-10-16,405,North,24026,17857.0,,17:51:22,17:51:22,13,1013,Hwy 99 & 220th St SW,0.0,0.0
2023-10-16,405,North,24026,17857.0,,17:51:56,17:52:15,14,1012,Hwy 99 & 216th St SW,0.0,1.0
2023-10-16,405,North,24026,17857.0,18:07:00,17:54:21,17:54:21,15,1242,Edmonds Park & Ride Bay 1,0.0,5.0
2023-10-16,405,North,24027,19823.0,17:55:00,17:55:43,17:55:43,0,640,4th Ave S & S Jackson St,1.0,0.0
2023-10-16,405,North,24027,19823.0,,17:56:19,17:56:28,1,635,4th Ave S & S Washington St,0.0,0.0
2023-10-16,405,North,24027,19823.0,,17:57:53,17:58:03,2,2638,4th Ave & Cherry St,0.0,0.0
2023-10-16,405,North,24027,19823.0,,17:59:41,17:59:58,3,641,4th Ave & Seneca St,4.0,0.0
2023-10-16,405,North,24027,19823.0,18:01:00,18:02:01,18:02:13,4,2976,4th Ave & Pine St,0.0,0.0
2023-10-16,405,North,24027,19823.0,,18:04:12,18:05:31,5,473,Olive Way & 6th Ave,1.0,0.0
2023-10-16,405,North,24027,19823.0,18:04:00,18:07:05,18:07:21,6,430,Howell St & 9th Ave,0.0,0.0
2023-10-16,405,North,24027,19823.0,,18:09:40,18:09:56,7,431,Howell St & Yale Ave,1.0,0.0
2023-10-16,405,North,24027,19823.0,,18:25:51,18:25:51,10,2673,220th St SW & 64th Ave W,0.0,0.0
2023-10-16,405,North,24027,19823.0,,18:26:04,18:26:04,11,1677,220th St SW & 66th Ave W,0.0,0.0
2023-10-16,405,North,24027,19823.0,,18:26:53,18:27:17,12,1667,220th St SW & 70th Ave W,0.0,2.0
2023-10-16,405,North,24027,19823.0,,18:28:48,18:29:03,13,1013,Hwy 99 & 220th St SW,0.0,1.0
2023-10-16,405,North,24027,19823.0,,18:30:56,18:31:12,14,1012,Hwy 99 & 216th St SW,0.0,1.0
2023-10-16,405,North,24027,19823.0,18:38:00,18:33:31,18:33:31,15,1242,Edmonds Park & Ride Bay 1,0.0,3.0
2023-10-16,405,South,24028,19855.0,05:50:00,05:50:15,05:50:15,0,1242,Edmonds Park & Ride Bay 1,3.0,0.0
2023-10-16,405,South,24028,19855.0,,05:51:26,05:51:26,1,1508,Hwy 99 & 216th St SW,0.0,0.0
2023-10-16,405,South,24028,19855.0,,05:52:23,05:52:23,2,298,220th St SW & 70th Ave W,0.0,0.0
2023-10-16,405,South,24028,19855.0,,05:54:06,05:56:46,3,290,220th St SW & 66th Ave W,3.0,0.0
2023-10-16,405,South,24028,19855.0,06:14:00,06:13:11,06:13:11,6,1909,Stewart St & 9th Ave,0.0,0.0
2023-10-16,405,South,24028,19855.0,,06:13:42,06:14:06,7,1908,Stewart St & 7th Ave,0.0,1.0
2023-10-16,405,South,24028,19855.0,,06:16:51,06:17:05,8,1907,Stewart St & 4th Ave,0.0,2.0
2023-10-16,405,South,24028,19855.0,,06:18:54,06:19:59,9,1079,2nd Ave & Stewart St,0.0,2.0
2023-10-16,405,South,24028,19855.0,06:22:00,06:21:37,06:21:37,10,2909,2nd Ave & Seneca St,0.0,0.0
2023-10-16,405,South,24028,19855.0,,06:22:14,06:22:14,11,2631,2nd Ave & Cherry St,0.0,0.0
2023-10-16,405,South,24028,19855.0,06:25:00,06:23:04,06:23:04,12,2349,2nd Ave Ext S & Yesler Way,0.0,1.0
2023-10-16,405,South,24029,15805.0,06:30:00,06:30:11,06:30:11,0,1242,Edmonds Park & Ride Bay 1,7.0,0.0
2023-10-16,405,South,24029,15805.0,,06:31:25,06:31:39,1,1508,Hwy 99 & 216th St SW,1.0,0.0
2023-10-16,405,South,24029,15805.0,,06:32:45,06:32:45,2,298,220th St SW & 70th Ave W,0.0,0.0
2023-10-16,405,South,24029,15805.0,,06:33:32,06:34:00,3,290,220th St SW & 66th Ave W,4.0,1.0
2023-10-16,405,South,24029,15805.0,06:55:00,06:53:40,06:53:54,6,1909,Stewart St & 9th Ave,0.0,3.0
2023-10-16,405,South,24029,15805.0,,06:54:21,06:54:56,7,1908,Stewart St & 7th Ave,0.0,5.0
2023-10-16,405,South,24029,15805.0,,06:55:51,06:56:09,8,1907,Stewart St & 4th Ave,0.0,2.0
2023-10-16,405,South,24029,15805.0,,06:58:11,06:58:11,9,1079,2nd Ave & Stewart St,0.0,0.0
2023-10-16,405,South,24029,15805.0,07:03:00,06:59:10,06:59:10,10,2909,2nd Ave & Seneca St,0.0,0.0
2023-10-16,405,South,24029,15805.0,,06:59:47,06:59:47,11,2631,2nd Ave & Cherry St,0.0,0.0
2023-10-16,405,South,24029,15805.0,07:07:00,07:00:17,07:00:17,12,2349,2nd Ave Ext S & Yesler Way,0.0,1.0
2023-10-16,405,South,24030,15816.0,07:05:00,07:05:16,07:05:16,0,1242,Edmonds Park & Ride Bay 1,13.0,0.0
2023-10-16,405,South,24030,15816.0,,07:07:49,07:08:10,1,1508,Hwy 99 & 216th St SW,1.0,0.0
2023-10-16,405,South,24030,15816.0,,07:12:01,07:12:01,2,298,220th St SW & 70th Ave W,0.0,0.0
2023-10-16,405,South,24030,15816.0,,07:13:48,07:14:03,3,290,220th St SW & 66th Ave W,1.0,0.0
2023-10-16,405,South,24030,15816.0,07:31:00,07:35:37,07:36:00,6,1909,Stewart St & 9th Ave,0.0,4.0
2023-10-16,405,South,24030,15816.0,,07:36:31,07:36:58,7,1908,Stewart St & 7th Ave,0.0,5.0
2023-10-16,405,South,24030,15816.0,,07:39:34,07:39:34,8,1907,Stewart St & 4th Ave,0.0,0.0
2023-10-16,405,South,24030,15816.0,,07:40:10,07:40:10,9,1079,2nd Ave & Stewart St,0.0,0.0
2023-10-16,405,South,24030,15816.0,07:39:00,07:41:24,07:41:49,10,2909,2nd Ave & Seneca St,0.0,3.0
2023-10-16,405,South,24030,15816.0,,07:43:07,07:43:07,11,2631,2nd Ave & Cherry St,0.0,0.0
2023-10-16,405,South,24030,15816.0,07:43:00,07:43:43,07:43:43,12,2349,2nd Ave Ext S & Yesler Way,0.0,3.0
2023-10-16,405,South,24031,15805.0,07:50:00,07:50:32,07:50:32,0,1242,Edmonds Park & Ride Bay 1,10.0,0.0
2023-10-16,405,South,24031,15805.0,,07:51:38,07:51:38,1,1508,Hwy 99 & 216th St SW,0.0,0.0
2023-10-16,405,South,24031,15805.0,,07:54:39,07:54:39,2,298,220th St SW & 70th Ave W,0.0,0.0
2023-10-16,405,South,24031,15805.0,,07:56:23,07:56:47,3,290,220th St SW & 66th Ave W,2.0,0.0
2023-10-16,405,South,24031,15805.0,08:23:00,08:19:17,08:19:43,6,1909,Stewart St & 9th Ave,2.0,2.0
2023-10-16,405,South,24031,15805.0,,08:20:11,08:20:30,7,1908,Stewart St & 7th Ave,0.0,4.0
2023-10-16,405,South,24031,15805.0,,08:22:49,08:23:10,8,1907,Stewart St & 4th Ave,0.0,2.0
2023-10-16,405,South,24031,15805.0,,08:24:58,08:25:23,9,1079,2nd Ave & Stewart St,0.0,4.0
2023-10-16,405,South,24031,15805.0,08:34:00,08:26:29,08:26:49,10,2909,2nd Ave & Seneca St,0.0,1.0
2023-10-16,405,South,24031,15805.0,,08:27:59,08:28:13,11,2631,2nd Ave & Cherry St,0.0,1.0
2023-10-16,405,South,24031,15805.0,08:38:00,08:28:45,08:28:45,12,2349,2nd Ave Ext S & Yesler Way,0.0,0.0
2023-10-17,405,North,24023,15803.0,15:15:00,15:15:25,15:15:25,0,640,4th Ave S & S Jackson St,0.0,0.0
2023-10-17,405,North,24023,15803.0,,15:16:42,15:16:54,1,635,4th Ave S & S Washington St,0.0,0.0
2023-10-17,405,North,24023,15803.0,,15:17:55,15:18:11,2,2638,4th Ave & Cherry St,1.0,0.0
2023-10-17,405,North,24023,15803.0,,15:19:32,15:20:04,3,641,4th Ave & Seneca St,4.0,0.0
2023-10-17,405,North,24023,15803.0,15:20:00,15:21:57,15:22:07,4,2976,4th Ave & Pine St,0.0,0.0
2023-10-17,405,North,24023,15803.0,,15:23:46,15:25:05,5,473,Olive Way & 6th Ave,4.0,0.0
2023-10-17,405,North,24023,15803.0,15:24:00,15:25:42,15:26:00,6,430,Howell St & 9th Ave,1.0,0.0
2023-10-17,405,North,24023,15803.0,,15:29:08,15:29:31,7,431,Howell St & Yale Ave,3.0,0.0
2023-10-17,405,North,24023,15803.0,,15:53:01,15:53:19,10,2673,220th St SW & 64th Ave W,0.0,0.0
2023-10-17,405,North,24023,15803.0,,15:53:45,15:54:02,11,1677,220th St SW & 66th Ave W,0.0,1.0
2023-10-17,405,North,24023,15803.0,,15:55:10,15:55:10,12,1667,220th St SW & 70th Ave W,0.0,0.0
2023-10-17,405,North,24023,15803.0,,15:57:10,15:57:37,13,1013,Hwy 99 & 220th St SW,0.0,1.0
2023-10-17,405,North,24023,15803.0,,15:59:10,15:59:32,14,1012,Hwy 99 & 216th St SW,0.0,1.0
2023-10-17,405,North,24023,15803.0,16:11:00,16:03:58,16:03:58,15,1242,Edmonds Park & Ride Bay 1,0.0,10.0
2023-10-17,405,North,24024,19854.0,15:55:00,15:57:05,15:57:05,0,640,4th Ave S & S Jackson St,2.0,0.0
2023-10-17,405,North,24024,19854.0,,15:57:51,15:58:01,1,635,4th Ave S & S Washington St,0.0,0.0
2023-10-17,405,North,24024,19854.0,,15:59:26,15:59:51,2,2638,4th Ave & Cherry St,1.0,0.0
2023-10-17,405,North,24024,19854.0,,16:01:57,16:02:47,3,641,4th Ave & Seneca St,0.0,0.0
2023-10-17,405,North,24024,19854.0,16:01:00,16:04:10,16:04:50,4,2976,4th Ave & Pine St,2.0,0.0
2023-10-17,405,North,24024,19854.0,,16:06:16,16:07:05,5,473,Olive Way & 6th Ave,5.0,1.0
2023-10-17,405,North,24024,19854.0,16:05:00,16:08:33,16:08:57,6,430,Howell St & 9th Ave,3.0,0.0
2023-10-17,405,North,24024,19854.0,,16:12:39,16:13:09,7,431,Howell St & Yale Ave,2.0,1.0
2023-10-17,405,North,24024,19854.0,,16:43:13,16:43:35,10,2673,220th St SW & 64th Ave W,0.0,2.0
2023-10-17,405,North,24024,19854.0,,16:44:23,16:44:23,11,1677,220th St SW & 66th Ave W,0.0,0.0
2023-10-17,405,North,24024,19854.0,,16:45:12,16:45:30,12,1667,220th St SW & 70th Ave W,0.0,2.0
2023-10-17,405,North,24024,19854.0,,16:46:48,16:46:48,13,1013,Hwy 99 & 220th St SW,0.0,0.0
2023-10-17,405,North,24024,19854.0,,16:47:30,16:47:30,14,1012,Hwy 99 & 216th St SW,0.0,0.0
2023-10-17,405,North,24024,19854.0,16:51:00,16:52:08,16:52:08,15,1242,Edmonds Park & Ride Bay 1,0.0,9.0
2023-10-17,405,North,24025,15812.0,16:35:00,16:35:36,16:35:36,0,640,4th Ave S & S Jackson St,3.0,0.0
2023-10-17,405,North,24025,15812.0,,16:36:31,16:36:31,1,635,4th Ave S & S Washington St,0.0,0.0
2023-10-17,405,North,24025,15812.0,,16:37:11,16:37:23,2,2638,4th Ave & Cherry St,0.0,0.0
2023-10-17,405,North,24025,15812.0,,16:39:09,16:39:24,3,641,4th Ave & Seneca St,3.0,0.0
2023-10-17,405,North,24025,15812.0,16:41:00,16:41:16,16:41:33,4,2976,4th Ave & Pine St,1.0,0.0
2023-10-17,405,North,24025,15812.0,,16:43:17,16:44:06,5,473,Olive Way & 6th Ave,1.0,0.0
2023-10-17,405,North,24025,15812.0,16:45:00,16:46:22,16:47:46,6,430,Howell St & 9th Ave,2.0,0.0
2023-10-17,405,North,24025,15812.0,,16:53:09,16:53:36,7,431,Howell St & Yale Ave,1.0,0.0
2023-10-17,405,North,24025,15812.0,,17:24:42,17:24:56,10,2673,220th St SW & 64th Ave W,0.0,1.0
2023-10-17,405,North,24025,15812.0,,17:25:15,17:25:29,11,1677,220th St SW & 66th Ave W,0.0,1.0
2023-10-17,405,North,24025,15812.0,,17:26:13,17:26:13,12,1667,220th St SW & 70th Ave W,0.0,0.0
2023-10-17,405,North,24025,15812.0,,17:27:11,17:27:11,13,1013,Hwy 99 & 220th St SW,0.0,0.0
2023-10-17,405,North,24025,15812.0,,17:27:51,17:28:12,14,1012,Hwy 99 & 216th St SW,0.0,1.0
2023-10-17,405,North,24025,15812.0,17:30:00,17:32:19,17:32:19,15,1242,Edmonds Park & Ride Bay 1,0.0,8.0
2023-10-17,405,North,24026,15801.0,17:15:00,17:16:17,17:16:17,0,640,4th Ave S & S Jackson St,2.0,0.0
2023-10-17,405,North,24026,15801.0,,17:16:53,17:16:53,1,635,4th Ave S & S Washington St,0.0,0.0
2023-10-17,405,North,24026,15801.0,,17:17:47,17:18:06,2,2638,4th Ave & Cherry St,1.0,0.0
2023-10-17,405,North,24026,15801.0,,17:20:59,17:21:22,3,641,4th Ave & Seneca St,2.0,0.0
2023-10-17,405,North,24026,15801.0,17:21:00,17:23:17,17:24:23,4,2976,4th Ave & Pine St,2.0,1.0
2023-10-17,405,North,24026,15801.0,,17:26:52,17:28:06,5,473,Olive Way & 6th Ave,3.0,0.0
2023-10-17,405,North,24026,15801.0,17:25:00,17:29:39,17:29:59,6,430,Howell St & 9th Ave,1.0,0.0
2023-10-17,405,North,24026,15801.0,,17:33:41,17:33:58,7,431,Howell St & Yale Ave,1.0,0.0
2023-10-17,405,North,24026,15801.0,,18:01:21,18:01:41,10,2673,220th St SW & 64th Ave W,0.0,3.0
2023-10-17,405,North,24026,15801.0,,18:02:05,18:02:23,11,1677,220th St SW & 66th Ave W,0.0,2.0
2023-10-17,405,North,24026,15801.0,,18:03:10,18:03:10,12,1667,220th St SW & 70th Ave W,0.0,0.0
2023-10-17,405,North,24026,15801.0,,18:03:53,18:04:13,13,1013,Hwy 99 & 220th St SW,0.0,0.0
2023-10-17,405,North,24026,15801.0,,18:04:55,18:05:13,14,1012,Hwy 99 & 216th St SW,0.0,1.0
2023-10-17,405,North,24026,15801.0,18:07:00,18:08:48,18:08:48,15,1242,Edmonds Park & Ride Bay 1,0.0,5.0
2023-10-17,405,North,24027,19854.0,17:55:00,17:55:24,17:55:24,0,640,4th Ave S & S Jackson St,2.0,0.0
2023-10-17,405,North,24027,19854.0,,17:56:09,17:56:16,1,635,4th Ave S & S Washington St,0.0,0.0
2023-10-17,405,North,24027,19854.0,,17:57:59,17:58:15,2,2638,4th Ave & Cherry St,1.0,0.0
2023-10-17,405,North,24027,19854.0,,18:00:10,18:01:14,3,641,4th Ave & Seneca St,3.0,0.0
2023-10-17,405,North,24027,19854.0,18:01:00,18:03:43,18:03:52,4,2976,4th Ave & Pine St,0.0,0.0
2023-10-17,405,North,24027,19854.0,,18:07:17,18:08:32,5,473,Olive Way & 6th Ave,1.0,0.0
2023-10-17,405,North,24027,19854.0,18:04:00,18:10:02,18:10:25,6,430,Howell St & 9th Ave,1.0,0.0
2023-10-17,405,North,24027,19854.0,,18:12:40,18:12:58,7,431,Howell St & Yale Ave,1.0,0.0
2023-10-17,405,North,24027,19854.0,,18:36:42,18:36:59,10,2673,220th St SW & 64th Ave W,0.0,1.0
2023-10-17,405,North,24027,19854.0,,18:37:20,18:37:20,11,1677,220th St SW & 66th Ave W,0.0,0.0
2023-10-17,405,North,24027,19854.0,,18:39:16,18:39:16,12,1667,220th St SW & 70th Ave W,0.0,0.0
2023-10-17,405,North,24027,19854.0,,18:41:16,18:41:33,13,1013,Hwy 99 & 220th St SW,0.0,2.0
2023-10-17,405,North,24027,19854.0,,18:42:18,18:42:18,14,1012,Hwy 99 & 216th St SW,0.0,0.0
2023-10-17,405,North,24027,19854.0,18:38:00,18:46:03,18:46:03,15,1242,Edmonds Park & Ride Bay 1,0.0,6.0
2023-10-17,405,South,24028,19856.0,05:50:00,05:50:14,05:50:14,0,1242,Edmonds Park & Ride Bay 1,5.0,0.0
2023-10-17,405,South,24028,19856.0,,05:51:37,05:51:37,1,1508,Hwy 99 & 216th St SW,0.0,0.0
2023-10-17,405,South,24028,19856.0,,05:53:13,05:53:13,2,298,220th St SW & 70th Ave W,0.0,0.0
2023-10-17,405,South,24028,19856.0,,05:54:22,05:54:47,3,290,220th St SW & 66th Ave W,2.0,0.0
2023-10-17,405,South,24028,19856.0,06:14:00,06:11:45,06:11:45,6,1909,Stewart St & 9th Ave,0.0,0.0
2023-10-17,405,South,24028,19856.0,,06:12:10,06:12:33,7,1908,Stewart St & 7th Ave,0.0,4.0
2023-10-17,405,South,24028,19856.0,,06:13:51,06:14:05,8,1907,Stewart St & 4th Ave,0.0,2.0
2023-10-17,405,South,24028,19856.0,,06:15:51,06:15:51,9,1079,2nd Ave & Stewart St,0.0,0.0
2023-10-17,405,South,24028,19856.0,06:22:00,06:17:15,06:17:15,10,2909,2nd Ave & Seneca St,0.0,0.0
2023-10-17,405,South,24028,19856.0,,06:17:54,06:17:54,11,2631,2nd Ave & Cherry St,0.0,0.0
2023-10-17,405,South,24028,19856.0,06:25:00,06:18:25,06:18:25,12,2349,2nd Ave Ext S & Yesler Way,0.0,1.0
2023-10-17,405,South,24029,15809.0,06:30:00,06:30:13,06:30:13,0,1242,Edmonds Park & Ride Bay 1,6.0,0.0
2023-10-17,405,South,24029,15809.0,,06:31:29,06:31:44,1,1508,Hwy 99 & 216th St SW,1.0,0.0
2023-10-17,405,South,24029,15809.0,,06:33:46,06:34:20,2,298,220th St SW & 70th Ave W,1.0,0.0
2023-10-17,405,South,24029,15809.0,,06:35:20,06:35:44,3,290,220th St SW & 66th Ave W,1.0,1.0
2023-10-17,405,South,24029,15809.0,06:55:00,06:56:48,06:57:22,6,1909,Stewart St & 9th Ave,0.0,2.0
2023-10-17,405,South,24029,15809.0,,06:57:50,06:58:08,7,1908,Stewart St & 7th Ave,0.0,3.0
2023-10-17,405,South,24029,15809.0,,07:00:18,07:00:33,8,1907,Stewart St & 4th Ave,0.0,1.0
2023-10-17,405,South,24029,15809.0,,07:02:12,07:02:12,9,1079,2nd Ave & Stewart St,0.0,0.0
2023-10-17,405,South,24029,15809.0,07:03:00,07:03:41,07:03:41,10,2909,2nd Ave & Seneca St,0.0,0.0
2023-10-17,405,South,24029,15809.0,,07:04:28,07:04:55,11,2631,2nd Ave & Cherry St,0.0,2.0
2023-10-17,405,South,24029,15809.0,07:07:00,07:06:17,07:06:17,12,2349,2nd Ave Ext S & Yesler Way,0.0,0.0
2023-10-17,405,South,24030,19854.0,07:05:00,07:05:08,07:05:08,0,1242,Edmonds Park & Ride Bay 1,14.0,0.0
2023-10-17,405,South,24030,19854.0,,07:07:43,07:07:43,1,1508,Hwy 99 & 216th St SW,0.0,0.0
2023-10-17,405,South,24030,19854.0,,07:09:49,07:10:10,2,298,220th St SW & 70th Ave W,1.0,0.0
2023-10-17,405,South,24030,19854.0,,07:11:42,07:11:42,3,290,220th St SW & 66th Ave W,0.0,0.0
2023-10-17,405,South,24030,19854.0,07:31:00,07:42:27,07:43:01,6,1909,Stewart St & 9th Ave,0.0,8.0
2023-10-17,405,South,24030,19854.0,,07:43:38,07:44:06,7,1908,Stewart St & 7th Ave,0.0,3.0
2023-10-17,405,South,24030,19854.0,,07:45:28,07:45:28,8,1907,Stewart St & 4th Ave,0.0,0.0
2023-10-17,405,South,24030,19854.0,,07:46:12,07:46:12,9,1079,2nd Ave & Stewart St,0.0,0.0
2023-10-17,405,South,24030,19854.0,07:39:00,07:47:27,07:47:46,10,2909,2nd Ave & Seneca St,0.0,3.0
2023-10-17,405,South,24030,19854.0,,07:48:52,07:48:52,11,2631,2nd Ave & Cherry St,0.0,0.0
2023-10-17,405,South,24030,19854.0,07:43:00,07:49:46,07:49:46,12,2349,2nd Ave Ext S & Yesler Way,0.0,1.0
2023-10-17,405,South,24031,15809.0,07:50:00,07:50:15,07:50:15,0,1242,Edmonds Park & Ride Bay 1,10.0,0.0
2023-10-17,405,South,24031,15809.0,,07:51:26,07:52:48,1,1508,Hwy 99 & 216th St SW,2.0,0.0
2023-10-17,405,South,24031,15809.0,,07:54:40,07:54:58,2,298,220th St SW & 70th Ave W,1.0,0.0
2023-10-17,405,South,24031,15809.0,,07:57:38,07:58:04,3,290,220th St SW & 66th Ave W,3.0,0.0
2023-10-17,405,South,24031,15809.0,08:23:00,08:31:55,08:32:31,6,1909,Stewart St & 9th Ave,0.0,5.0
2023-10-17,405,South,24031,15809.0,,08:33:03,08:33:52,7,1908,Stewart St & 7th Ave,0.0,5.0
2023-10-17,405,South,24031,15809.0,,08:34:49,08:35:17,8,1907,Stewart St & 4th Ave,0.0,3.0
2023-10-17,405,South,24031,15809.0,,08:36:49,08:37:02,9,1079,2nd Ave & Stewart St,0.0,1.0
2023-10-17,405,South,24031,15809.0,08:34:00,08:38:20,08:38:35,10,2909,2nd Ave & Seneca St,0.0,1.0
2023-10-17,405,South,24031,15809.0,,08:39:58,08:39:58,11,2631,2nd Ave & Cherry St,0.0,0.0
2023-10-17,405,South,24031,15809.0,08:38:00,08:41:20,08:41:20,12,2349,2nd Ave Ext S & Yesler Way,0.0,1.0
2023-10-18,405,North,24023,15813.0,15:15:00,15:18:25,15:18:25,0,640,4th Ave S & S Jackson St,4.0,0.0
2023-10-18,405,North,24023,15813.0,,,,1,635,4th Ave S & S Washington St,,
2023-10-18,405,North,24023,15813.0,,15:20:24,15:39:43,2,2638,4th Ave & Cherry St,4.0,3.0
2023-10-18,405,North,24023,15813.0,,15:41:38,15:42:26,3,641,4th Ave & Seneca St,3.0,0.0
2023-10-18,405,North,24023,15813.0,15:20:00,15:44:21,15:44:32,4,2976,4th Ave & Pine St,0.0,0.0
2023-10-18,405,North,24023,15813.0,,15:46:39,15:50:45,5,473,Olive Way & 6th Ave,5.0,0.0
2023-10-18,405,North,24023,15813.0,15:24:00,15:52:25,15:52:50,6,430,Howell St & 9th Ave,3.0,0.0
2023-10-18,405,North,24023,15813.0,,15:56:19,15:56:52,7,431,Howell St & Yale Ave,5.0,0.0
2023-10-18,405,North,24023,15813.0,,16:18:39,16:19:53,10,2673,220th St SW & 64th Ave W,0.0,6.0
2023-10-18,405,North,24023,15813.0,,16:20:36,16:20:36,11,1677,220th St SW & 66th Ave W,0.0,0.0
2023-10-18,405,North,24023,15813.0,,16:21:21,16:21:21,12,1667,220th St SW & 70th Ave W,0.0,0.0
2023-10-18,405,North,24023,15813.0,,16:23:58,16:24:24,13,1013,Hwy 99 & 220th St SW,0.0,2.0
2023-10-18,405,North,24023,15813.0,,16:25:30,16:25:53,14,1012,Hwy 99 & 216th St SW,0.0,1.0
2023-10-18,405,North,24023,15813.0,16:11:00,16:28:48,16:28:48,15,1242,Edmonds Park & Ride Bay 1,0.0,12.0
2023-10-18,405,North,24024,17858.0,15:55:00,16:00:31,16:00:31,0,640,4th Ave S & S Jackson St,1.0,0.0
2023-10-18,405,North,24024,17858.0,,16:01:55,16:02:12,1,635,4th Ave S & S Washington St,1.0,0.0
2023-10-18,405,North,24024,17858.0,,16:03:01,16:03:15,2,2638,4th Ave & Cherry St,0.0,0.0
2023-10-18,405,North,24024,17858.0,,16:04:31,16:04:50,3,641,4th Ave & Seneca St,1.0,1.0
2023-10-18,405,North,24024,17858.0,16:01:00,16:06:42,16:06:58,4,2976,4th Ave & Pine St,1.0,0.0
2023-10-18,405,North,24024,17858.0,,16:08:47,16:10:05,5,473,Olive Way & 6th Ave,2.0,0.0
2023-10-18,405,North,24024,17858.0,16:05:00,16:11:35,16:11:55,6,430,Howell St & 9th Ave,1.0,0.0
2023-10-18,405,North,24024,17858.0,,16:17:13,16:17:28,7,431,Howell St & Yale Ave,1.0,1.0
2023-10-18,405,North,24024,17858.0,,16:42:55,16:43:11,10,2673,220th St SW & 64th Ave W,0.0,3.0
2023-10-18,405,North,24024,17858.0,,16:43:53,16:43:53,11,1677,220th St SW & 66th Ave W,0.0,0.0
2023-10-18,405,North,24024,17858.0,,16:44:48,16:44:48,12,1667,220th St SW & 70th Ave W,0.0,0.0
2023-10-18,405,North,24024,17858.0,,16:46:35,16:46:35,13,1013,Hwy 99 & 220th St SW,0.0,0.0
2023-10-18,405,North,24024,17858.0,,16:47:12,16:47:12,14,1012,Hwy 99 & 216th St SW,0.0,0.0
2023-10-18,405,North,24024,17858.0,16:51:00,16:48:47,16:48:47,15,1242,Edmonds Park & Ride Bay 1,0.0,3.0
2023-10-18,405,North,24025,15809.0,16:35:00,16:37:01,16:37:01,0,640,4th Ave S & S Jackson St,2.0,0.0
2023-10-18,405,North,24025,15809.0,,16:38:04,16:38:21,1,635,4th Ave S & S Washington St,0.0,0.0
2023-10-18,405,North,24025,15809.0,,16:40:01,16:40:18,2,2638,4th Ave & Cherry St,0.0,0.0
2023-10-18,405,North,24025,15809.0,,16:42:30,16:43:13,3,641,4th Ave & Seneca St,2.0,0.0
2023-10-18,405,North,24025,15809.0,16:41:00,16:45:39,16:46:55,4,2976,4th Ave & Pine St,5.0,1.0
2023-10-18,405,North,24025,15809.0,,16:49:13,16:50:29,5,473,Olive Way & 6th Ave,4.0,0.0
2023-10-18,405,North,24025,15809.0,16:45:00,16:52:00,16:52:27,6,430,Howell St & 9th Ave,2.0,0.0
2023-10-18,405,North,24025,15809.0,,16:57:43,16:58:09,7,431,Howell St & Yale Ave,2.0,0.0
2023-10-18,405,North,24025,15809.0,,17:25:47,17:26:10,10,2673,220th St SW & 64th Ave W,0.0,3.0
2023-10-18,405,North,24025,15809.0,,17:26:30,17:26:30,11,1677,220th St SW & 66th Ave W,0.0,0.0
2023-10-18,405,North,24025,15809.0,,17:27:52,17:27:52,12,1667,220th St SW & 70th Ave W,0.0,0.0
2023-10-18,405,North,24025,15809.0,,17:28:56,17:29:13,13,1013,Hwy 99 & 220th St SW,0.0,2.0
2023-10-18,405,North,24025,15809.0,,17:29:54,17:30:11,14,1012,Hwy 99 & 216th St SW,0.0,1.0
2023-10-18,405,North,24025,15809.0,17:30:00,17:34:04,17:34:04,15,1242,Edmonds Park & Ride Bay 1,0.0,10.0
2023-10-18,405,North,24026,19824.0,17:15:00,17:15:14,17:15:14,0,640,4th Ave S & S Jackson St,0.0,0.0
2023-10-18,405,North,24026,19824.0,,17:15:46,17:15:56,1,635,4th Ave S & S Washington St,0.0,0.0
2023-10-18,405,North,24026,19824.0,,17:17:25,17:17:37,2,2638,4th Ave & Cherry St,0.0,0.0
2023-10-18,405,North,24026,19824.0,,17:19:43,17:20:47,3,641,4th Ave & Seneca St,2.0,0.0
2023-10-18,405,North,24026,19824.0,17:21:00,17:22:12,17:22:53,4,2976,4th Ave & Pine St,2.0,0.0
2023-10-18,405,North,24026,19824.0,,17:24:09,17:25:09,5,473,Olive Way & 6th Ave,3.0,0.0
2023-10-18,405,North,24026,19824.0,17:25:00,17:27:05,17:27:27,6,430,Howell St & 9th Ave,3.0,0.0
2023-10-18,405,North,24026,19824.0,,17:32:24,17:33:09,7,431,Howell St & Yale Ave,0.0,0.0
2023-10-18,405,North,24026,19824.0,,17:58:57,17:59:16,10,2673,220th St SW & 64th Ave W,0.0,1.0
2023-10-18,405,North,24026,19824.0,,18:00:02,18:00:17,11,1677,220th St SW & 66th Ave W,0.0,1.0
2023-10-18,405,North,24026,19824.0,,18:01:03,18:01:03,12,1667,220th St SW & 70th Ave W,0.0,0.0
2023-10-18,405,North,24026,19824.0,,18:01:47,18:01:47,13,1013,Hwy 99 & 220th St SW,0.0,0.0
2023-10-18,405,North,24026,19824.0,,18:03:07,18:03:07,14,1012,Hwy 99 & 216th St SW,0.0,0.0
2023-10-18,405,North,24026,19824.0,18:07:00,18:06:58,18:06:58,15,1242,Edmonds Park & Ride Bay 1,0.0,8.0
2023-10-18,405,North,24027,17858.0,17:55:00,17:57:11,17:57:11,0,640,4th Ave S & S Jackson St,2.0,0.0
2023-10-18,405,North,24027,17858.0,,17:57:56,17:58:08,1,635,4th Ave S & S Washington St,0.0,0.0
2023-10-18,405,North,24027,17858.0,,17:59:25,17:59:43,2,2638,4th Ave & Cherry St,0.0,0.0
2023-10-18,405,North,24027,17858.0,,18:01:32,18:02:44,3,641,4th Ave & Seneca St,2.0,0.0
2023-10-18,405,North,24027,17858.0,18:01:00,18:05:01,18:05:19,4,2976,4th Ave & Pine St,0.0,0.0
2023-10-18,405,North,24027,17858.0,,18:07:14,18:08:35,5,473,Olive Way & 6th Ave,2.0,0.0
2023-10-18,405,North,24027,17858.0,18:04:00,18:10:02,18:10:22,6,430,Howell St & 9th Ave,1.0,0.0
2023-10-18,405,North,24027,17858.0,,18:14:12,18:14:32,7,431,Howell St & Yale Ave,1.0,0.0
2023-10-18,405,North,24027,17858.0,,18:35:25,18:35:37,10,2673,220th St SW & 64th Ave W,0.0,1.0
2023-10-18,405,North,24027,17858.0,,18:35:58,18:35:58,11,1677,220th St SW & 66th Ave W,0.0,0.0
2023-10-18,405,North,24027,17858.0,,18:37:05,18:37:17,12,1667,220th St SW & 70th Ave W,0.0,1.0
2023-10-18,405,North,24027,17858.0,,18:39:15,18:39:30,13,1013,Hwy 99 & 220th St SW,0.0,1.0
2023-10-18,405,North,24027,17858.0,,18:40:09,18:40:09,14,1012,Hwy 99 & 216th St SW,0.0,0.0
2023-10-18,405,North,24027,17858.0,18:38:00,18:43:48,18:43:48,15,1242,Edmonds Park & Ride Bay 1,0.0,5.0
2023-10-18,405,South,24028,15821.0,05:50:00,05:50:12,05:50:12,0,1242,Edmonds Park & Ride Bay 1,6.0,0.0
2023-10-18,405,South,24028,15821.0,,05:51:26,05:51:26,1,1508,Hwy 99 & 216th St SW,0.0,0.0
2023-10-18,405,South,24028,15821.0,,05:52:56,05:52:56,2,298,220th St SW & 70th Ave W,0.0,0.0
2023-10-18,405,South,24028,15821.0,,05:54:08,05:57:15,3,290,220th St SW & 66th Ave W,6.0,0.0
2023-10-18,405,South,24028,15821.0,06:14:00,06:13:11,06:13:31,6,1909,Stewart St & 9th Ave,0.0,2.0
2023-10-18,405,South,24028,15821.0,,06:14:03,06:14:28,7,1908,Stewart St & 7th Ave,0.0,5.0
2023-10-18,405,South,24028,15821.0,,06:15:21,06:15:39,8,1907,Stewart St & 4th Ave,0.0,3.0
2023-10-18,405,South,24028,15821.0,,06:17:24,06:18:28,9,1079,2nd Ave & Stewart St,0.0,1.0
2023-10-18,405,South,24028,15821.0,06:22:00,06:20:05,06:20:05,10,2909,2nd Ave & Seneca St,0.0,0.0
2023-10-18,405,South,24028,15821.0,,06:20:45,06:20:45,11,2631,2nd Ave & Cherry St,0.0,0.0
2023-10-18,405,South,24028,15821.0,06:25:00,06:21:31,06:21:31,12,2349,2nd Ave Ext S & Yesler Way,0.0,1.0
2023-10-18,405,South,24029,17865.0,06:30:00,06:30:15,06:30:15,0,1242,Edmonds Park & Ride Bay 1,4.0,0.0
2023-10-18,405,South,24029,17865.0,,06:31:44,06:31:44,1,1508,Hwy 99 & 216th St SW,0.0,0.0
2023-10-18,405,South,24029,17865.0,,06:33:34,06:33:34,2,298,220th St SW & 70th Ave W,0.0,0.0
2023-10-18,405,South,24029,17865.0,,06:35:30,06:36:00,3,290,220th St SW & 66th Ave W,1.0,1.0
2023-10-18,405,South,24029,17865.0,06:55:00,06:57:05,06:57:18,6,1909,Stewart St & 9th Ave,0.0,0.0
2023-10-18,405,South,24029,17865.0,,06:57:44,06:58:01,7,1908,Stewart St & 7th Ave,0.0,4.0
2023-10-18,405,South,24029,17865.0,,07:00:16,07:00:16,8,1907,Stewart St & 4th Ave,0.0,0.0
2023-10-18,405,South,24029,17865.0,,07:01:09,07:01:09,9,1079,2nd Ave & Stewart St,0.0,0.0
2023-10-18,405,South,24029,17865.0,07:03:00,07:02:13,07:02:13,10,2909,2nd Ave & Seneca St,0.0,0.0
2023-10-18,405,South,24029,17865.0,,07:02:44,07:02:44,11,2631,2nd Ave & Cherry St,0.0,0.0
2023-10-18,405,South,24029,17865.0,07:07:00,07:03:16,07:03:16,12,2349,2nd Ave Ext S & Yesler Way,0.0,0.0
2023-10-18,405,South,24030,17862.0,07:05:00,07:05:13,07:05:13,0,1242,Edmonds Park & Ride Bay 1,11.0,0.0
2023-10-18,405,South,24030,17862.0,,07:06:22,07:06:34,1,1508,Hwy 99 & 216th St SW,1.0,0.0
2023-10-18,405,South,24030,17862.0,,07:09:18,07:09:58,2,298,220th St SW & 70th Ave W,2.0,0.0
2023-10-18,405,South,24030,17862.0,,07:11:56,07:12:10,3,290,220th St SW & 66th Ave W,1.0,1.0
2023-10-18,405,South,24030,17862.0,07:31:00,07:33:29,07:34:01,6,1909,Stewart St & 9th Ave,0.0,6.0
2023-10-18,405,South,24030,17862.0,,07:34:40,07:35:04,7,1908,Stewart St & 7th Ave,0.0,3.0
2023-10-18,405,South,24030,17862.0,,07:36:23,07:36:23,8,1907,Stewart St & 4th Ave,0.0,0.0
2023-10-18,405,South,24030,17862.0,,07:37:04,07:37:26,9,1079,2nd Ave & Stewart St,0.0,1.0
2023-10-18,405,South,24030,17862.0,07:39:00,07:39:26,07:39:37,10,2909,2nd Ave & Seneca St,0.0,1.0
2023-10-18,405,South,24030,17862.0,,07:40:19,07:40:19,11,2631,2nd Ave & Cherry St,0.0,0.0
2023-10-18,405,South,24030,17862.0,07:43:00,07:41:19,07:41:19,12,2349,2nd Ave Ext S & Yesler Way,0.0,3.0
2023-10-18,405,South,24031,17865.0,07:50:00,07:50:32,07:50:32,0,1242,Edmonds Park & Ride Bay 1,14.0,0.0
2023-10-18,405,South,24031,17865.0,,07:52:46,07:53:00,1,1508,Hwy 99 & 216th St SW,1.0,0.0
2023-10-18,405,South,24031,17865.0,,07:56:52,07:57:09,2,298,220th St SW & 70th Ave W,1.0,0.0
2023-10-18,405,South,24031,17865.0,,07:58:01,07:58:23,3,290,220th St SW & 66th Ave W,2.0,0.0
2023-10-18,405,South,24031,17865.0,08:23:00,08:31:00,08:31:22,6,1909,Stewart St & 9th Ave,0.0,6.0
2023-10-18,405,South,24031,17865.0,,08:31:50,08:32:24,7,1908,Stewart St & 7th Ave,0.0,5.0
2023-10-18,405,South,24031,17865.0,,08:34:46,08:35:03,8,1907,Stewart St & 4th Ave,0.0,3.0
2023-10-18,405,South,24031,17865.0,,08:36:47,08:37:06,9,1079,2nd Ave & Stewart St,0.0,1.0
2023-10-18,405,South,24031,17865.0,08:34:00,08:38:23,08:38:50,10,2909,2nd Ave & Seneca St,0.0,3.0
2023-10-18,405,South,24031,17865.0,,08:39:49,08:39:49,11,2631,2nd Ave & Cherry St,0.0,0.0
2023-10-18,405,South,24031,17865.0,08:38:00,08:40:18,08:40:18,12,2349,2nd Ave Ext S & Yesler Way,0.0,0.0
2023-10-19,405,North,24023,17866.0,15:15:00,15:16:38,15:16:38,0,640,4th Ave S & S Jackson St,0.0,0.0
2023-10-19,405,North,24023,17866.0,,15:17:09,15:17:18,1,635,4th Ave S & S Washington St,0.0,0.0
2023-10-19,405,North,24023,17866.0,,15:19:00,15:19:14,2,2638,4th Ave & Cherry St,1.0,0.0
2023-10-19,405,North,24023,17866.0,,15:20:49,15:21:10,3,641,4th Ave & Seneca St,2.0,0.0
2023-10-19,405,North,24023,17866.0,15:20:00,15:23:03,15:23:18,4,2976,4th Ave & Pine St,0.0,0.0
2023-10-19,405,North,24023,17866.0,,15:25:18,15:28:09,5,473,Olive Way & 6th Ave,6.0,1.0
2023-10-19,405,North,24023,17866.0,15:24:00,15:29:41,15:30:40,6,430,Howell St & 9th Ave,5.0,0.0
2023-10-19,405,North,24023,17866.0,,15:33:38,15:34:01,7,431,Howell St & Yale Ave,2.0,1.0
2023-10-19,405,North,24023,17866.0,,15:52:59,15:54:02,10,2673,220th St SW & 64th Ave W,0.0,3.0
2023-10-19,405,North,24023,17866.0,,15:54:31,15:54:51,11,1677,220th St SW & 66th Ave W,0.0,1.0
2023-10-19,405,North,24023,17866.0,,15:56:45,15:56:45,12,1667,220th St SW & 70th Ave W,0.0,0.0
2023-10-19,405,North,24023,17866.0,,15:58:48,15:59:10,13,1013,Hwy 99 & 220th St SW,0.0,1.0
2023-10-19,405,North,24023,17866.0,,15:59:50,16:00:06,14,1012,Hwy 99 & 216th St SW,0.0,1.0
2023-10-19,405,North,24023,17866.0,16:11:00,16:04:05,16:04:05,15,1242,Edmonds Park & Ride Bay 1,0.0,8.0
2023-10-19,405,North,24024,19810.0,15:55:00,15:56:41,15:56:41,0,640,4th Ave S & S Jackson St,3.0,0.0
2023-10-19,405,North,24024,19810.0,,15:57:32,15:57:32,1,635,4th Ave S & S Washington St,0.0,0.0
2023-10-19,405,North,24024,19810.0,,15:58:39,15:59:10,2,2638,4th Ave & Cherry St,0.0,0.0
2023-10-19,405,North,24024,19810.0,,16:01:05,16:01:21,3,641,4th Ave & Seneca St,1.0,0.0
2023-10-19,405,North,24024,19810.0,16:01:00,16:02:40,16:03:23,4,2976,4th Ave & Pine St,3.0,0.0
2023-10-19,405,North,24024,19810.0,,16:04:29,16:05:36,5,473,Olive Way & 6th Ave,2.0,0.0
2023-10-19,405,North,24024,19810.0,16:05:00,16:07:30,16:10:11,6,430,Howell St & 9th Ave,3.0,0.0
2023-10-19,405,North,24024,19810.0,,16:14:13,16:14:29,7,431,Howell St & Yale Ave,1.0,0.0
2023-10-19,405,North,24024,19810.0,,16:36:19,16:36:45,10,2673,220th St SW & 64th Ave W,0.0,2.0
2023-10-19,405,North,24024,19810.0,,16:38:05,16:38:38,11,1677,220th St SW & 66th Ave W,2.0,1.0
2023-10-19,405,North,24024,19810.0,,16:40:09,16:40:27,12,1667,220th St SW & 70th Ave W,0.0,3.0
2023-10-19,405,North,24024,19810.0,,16:41:47,16:42:04,13,1013,Hwy 99 & 220th St SW,0.0,4.0
2023-10-19,405,North,24024,19810.0,,16:42:51,16:42:51,14,1012,Hwy 99 & 216th St SW,0.0,0.0
2023-10-19,405,North,24024,19810.0,16:51:00,16:46:22,16:46:22,15,1242,Edmonds Park & Ride Bay 1,0.0,5.0
2023-10-19,405,North,24025,15819.0,16:35:00,16:35:34,16:35:34,0,640,4th Ave S & S Jackson St,0.0,0.0
2023-10-19,405,North,24025,15819.0,,16:36:34,16:36:34,1,635,4th Ave S & S Washington St,0.0,0.0
2023-10-19,405,North,24025,15819.0,,16:37:21,16:37:37,2,2638,4th Ave & Cherry St,1.0,0.0
2023-10-19,405,North,24025,15819.0,,16:38:59,16:39:27,3,641,4th Ave & Seneca St,2.0,0.0
2023-10-19,405,North,24025,15819.0,16:41:00,16:41:16,16:41:36,4,2976,4th Ave & Pine St,2.0,0.0
2023-10-19,405,North,24025,15819.0,,16:43:05,16:44:28,5,473,Olive Way & 6th Ave,6.0,0.0
2023-10-19,405,North,24025,15819.0,16:45:00,16:46:05,16:46:22,6,430,Howell St & 9th Ave,1.0,0.0
2023-10-19,405,North,24025,15819.0,,16:48:34,16:48:45,7,431,Howell St & Yale Ave,0.0,0.0
2023-10-19,405,North,24025,15819.0,,17:10:35,17:10:50,10,2673,220th St SW & 64th Ave W,0.0,3.0
2023-10-19,405,North,24025,15819.0,,17:11:10,17:11:23,11,1677,220th St SW & 66th Ave W,0.0,1.0
2023-10-19,405,North,24025,15819.0,,17:12:36,17:12:36,12,1667,220th St SW & 70th Ave W,0.0,0.0
2023-10-19,405,North,24025,15819.0,,17:14:11,17:14:22,13,1013,Hwy 99 & 220th St SW,0.0,0.0
2023-10-19,405,North,24025,15819.0,,17:14:58,17:15:14,14,1012,Hwy 99 & 216th St SW,0.0,1.0
2023-10-19,405,North,24025,15819.0,17:30:00,17:18:31,17:18:31,15,1242,Edmonds Park & Ride Bay 1,0.0,7.0
2023-10-19,405,North,24026,19820.0,17:15:00,17:15:13,17:15:13,0,640,4th Ave S & S Jackson St,0.0,0.0
2023-10-19,405,North,24026,19820.0,,17:15:47,17:15:57,1,635,4th Ave S & S Washington St,0.0,0.0
2023-10-19,405,North,24026,19820.0,,17:17:20,17:17:41,2,2638,4th Ave & Cherry St,2.0,0.0
2023-10-19,405,North,24026,19820.0,,17:19:28,17:19:51,3,641,4th Ave & Seneca St,1.0,0.0
2023-10-19,405,North,24026,19820.0,17:21:00,17:22:22,17:22:50,4,2976,4th Ave & Pine St,1.0,0.0
2023-10-19,405,North,24026,19820.0,,17:23:50,17:25:10,5,473,Olive Way & 6th Ave,1.0,0.0
2023-10-19,405,North,24026,19820.0,17:25:00,17:26:40,17:26:54,6,430,Howell St & 9th Ave,0.0,0.0
2023-10-19,405,North,24026,19820.0,,17:33:40,17:33:55,7,431,Howell St & Yale Ave,0.0,1.0
2023-10-19,405,North,24026,19820.0,,17:54:00,17:54:00,10,2673,220th St SW & 64th Ave W,0.0,0.0
2023-10-19,405,North,24026,19820.0,,17:54:13,17:54:13,11,1677,220th St SW & 66th Ave W,0.0,0.0
2023-10-19,405,North,24026,19820.0,,17:55:42,17:55:42,12,1667,220th St SW & 70th Ave W,0.0,0.0
2023-10-19,405,North,24026,19820.0,,17:56:44,17:56:44,13,1013,Hwy 99 & 220th St SW,0.0,0.0
2023-10-19,405,North,24026,19820.0,,17:57:59,17:57:59,14,1012,Hwy 99 & 216th St SW,0.0,0.0
2023-10-19,405,North,24026,19820.0,18:07:00,18:01:46,18:01:46,15,1242,Edmonds Park & Ride Bay 1,0.0,4.0
2023-10-19,405,North,24027,19810.0,17:55:00,17:55:29,17:55:29,0,640,4th Ave S & S Jackson St,2.0,0.0
2023-10-19,405,North,24027,19810.0,,17:56:06,17:56:06,1,635,4th Ave S & S Washington St,0.0,0.0
2023-10-19,405,North,24027,19810.0,,17:56:57,17:57:11,2,2638,4th Ave & Cherry St,1.0,0.0
2023-10-19,405,North,24027,19810.0,,17:58:45,17:59:50,3,641,4th Ave & Seneca St,2.0,0.0
2023-10-19,405,North,24027,19810.0,18:01:00,18:01:23,18:01:51,4,2976,4th Ave & Pine St,3.0,1.0
2023-10-19,405,North,24027,19810.0,,18:04:18,18:05:37,5,473,Olive Way & 6th Ave,2.0,0.0
2023-10-19,405,North,24027,19810.0,18:04:00,18:07:16,18:07:33,6,430,Howell St & 9th Ave,1.0,0.0
2023-10-19,405,North,24027,19810.0,,18:11:13,18:11:36,7,431,Howell St & Yale Ave,1.0,0.0
2023-10-19,405,North,24027,19810.0,,18:27:26,18:27:40,10,2673,220th St SW & 64th Ave W,0.0,2.0
2023-10-19,405,North,24027,19810.0,,18:28:26,18:28:26,11,1677,220th St SW & 66th Ave W,0.0,0.0
2023-10-19,405,North,24027,19810.0,,18:29:17,18:29:17,12,1667,220th St SW & 70th Ave W,0.0,0.0
2023-10-19,405,North,24027,19810.0,,18:31:42,18:31:59,13,1013,Hwy 99 & 220th St SW,0.0,1.0
2023-10-19,405,North,24027,19810.0,,18:32:37,18:32:51,14,1012,Hwy 99 & 216th St SW,0.0,1.0
2023-10-19,405,North,24027,19810.0,18:38:00,18:36:55,18:36:55,15,1242,Edmonds Park & Ride Bay 1,0.0,7.0
2023-10-19,405,South,24028,17864.0,05:50:00,05:50:52,05:50:52,0,1242,Edmonds Park & Ride Bay 1,3.0,0.0
2023-10-19,405,South,24028,17864.0,,05:52:10,05:52:10,1,1508,Hwy 99 & 216th St SW,0.0,0.0
2023-10-19,405,South,24028,17864.0,,05:54:01,05:54:01,2,298,220th St SW & 70th Ave W,0.0,0.0
2023-10-19,405,South,24028,17864.0,,05:56:05,05:58:33,3,290,220th St SW & 66th Ave W,5.0,0.0
2023-10-19,405,South,24028,17864.0,06:14:00,06:14:56,06:14:56,6,1909,Stewart St & 9th Ave,0.0,0.0
2023-10-19,405,South,24028,17864.0,,06:15:21,06:15:52,7,1908,Stewart St & 7th Ave,0.0,2.0
2023-10-19,405,South,24028,17864.0,,06:18:20,06:18:34,8,1907,Stewart St & 4th Ave,0.0,3.0
2023-10-19,405,South,24028,17864.0,,06:20:24,06:21:48,9,1079,2nd Ave & Stewart St,0.0,1.0
2023-10-19,405,South,24028,17864.0,06:22:00,06:23:08,06:23:08,10,2909,2nd Ave & Seneca St,0.0,0.0
2023-10-19,405,South,24028,17864.0,,06:23:54,06:24:08,11,2631,2nd Ave & Cherry St,0.0,1.0
2023-10-19,405,South,24028,17864.0,06:25:00,06:25:12,06:25:12,12,2349,2nd Ave Ext S & Yesler Way,0.0,1.0
2023-10-19,405,South,24029,17850.0,06:30:00,06:30:14,06:30:14,0,1242,Edmonds Park & Ride Bay 1,6.0,0.0
2023-10-19,405,South,24029,17850.0,,06:31:42,06:32:08,1,1508,Hwy 99 & 216th St SW,2.0,0.0
2023-10-19,405,South,24029,17850.0,,06:33:39,06:34:14,2,298,220th St SW & 70th Ave W,1.0,0.0
2023-10-19,405,South,24029,17850.0,,06:35:09,06:35:31,3,290,220th St SW & 66th Ave W,0.0,1.0
2023-10-19,405,South,24029,17850.0,06:55:00,06:55:12,06:55:36,6,1909,Stewart St & 9th Ave,0.0,5.0
2023-10-19,405,South,24029,17850.0,,06:56:11,06:56:29,7,1908,Stewart St & 7th Ave,0.0,2.0
2023-10-19,405,South,24029,17850.0,,06:58:47,06:59:00,8,1907,Stewart St & 4th Ave,0.0,1.0
2023-10-19,405,South,24029,17850.0,,07:00:40,07:00:40,9,1079,2nd Ave & Stewart St,0.0,0.0
2023-10-19,405,South,24029,17850.0,07:03:00,07:02:06,07:02:06,10,2909,2nd Ave & Seneca St,0.0,0.0
2023-10-19,405,South,24029,17850.0,,07:02:42,07:02:42,11,2631,2nd Ave & Cherry St,0.0,0.0
2023-10-19,405,South,24029,17850.0,07:07:00,07:03:16,07:03:16,12,2349,2nd Ave Ext S & Yesler Way,0.0,0.0
2023-10-19,405,South,24030,19853.0,07:05:00,07:05:18,07:05:18,0,1242,Edmonds Park & Ride Bay 1,11.0,0.0
2023-10-19,405,South,24030,19853.0,,07:07:17,07:07:17,1,1508,Hwy 99 & 216th St SW,0.0,0.0
2023-10-19,405,South,24030,19853.0,,07:11:45,07:11:45,2,298,220th St SW & 70th Ave W,0.0,0.0
2023-10-19,405,South,24030,19853.0,,07:12:32,07:12:32,3,290,220th St SW & 66th Ave W,0.0,0.0
2023-10-19,405,South,24030,19853.0,07:31:00,07:35:34,07:35:49,6,1909,Stewart St & 9th Ave,0.0,2.0
2023-10-19,405,South,24030,19853.0,,07:36:18,07:36:43,7,1908,Stewart St & 7th Ave,0.0,5.0
2023-10-19,405,South,24030,19853.0,,07:39:13,07:39:28,8,1907,Stewart St & 4th Ave,0.0,1.0
2023-10-19,405,South,24030,19853.0,,07:41:14,07:41:27,9,1079,2nd Ave & Stewart St,0.0,1.0
2023-10-19,405,South,24030,19853.0,07:39:00,07:42:48,07:43:31,10,2909,2nd Ave & Seneca St,0.0,2.0
2023-10-19,405,South,24030,19853.0,,07:44:27,07:44:27,11,2631,2nd Ave & Cherry St,0.0,0.0
2023-10-19,405,South,24030,19853.0,07:43:00,07:44:58,07:44:58,12,2349,2nd Ave Ext S & Yesler Way,0.0,0.0
2023-10-19,405,South,24031,17850.0,07:50:00,07:50:08,07:50:08,0,1242,Edmonds Park & Ride Bay 1,9.0,0.0
2023-10-19,405,South,24031,17850.0,,07:51:29,07:51:41,1,1508,Hwy 99 & 216th St SW,1.0,0.0
2023-10-19,405,South,24031,17850.0,,07:54:46,07:54:46,2,298,220th St SW & 70th Ave W,0.0,0.0
2023-10-19,405,South,24031,17850.0,,07:56:15,07:56:40,3,290,220th St SW & 66th Ave W,2.0,0.0
2023-10-19,405,South,24031,17850.0,08:23:00,08:20:58,08:21:18,6,1909,Stewart St & 9th Ave,1.0,4.0
2023-10-19,405,South,24031,17850.0,,08:21:47,08:22:07,7,1908,Stewart St & 7th Ave,0.0,4.0
2023-10-19,405,South,24031,17850.0,,08:24:19,08:24:42,8,1907,Stewart St & 4th Ave,0.0,3.0
2023-10-19,405,South,24031,17850.0,,08:26:26,08:26:38,9,1079,2nd Ave & Stewart St,0.0,1.0
2023-10-19,405,South,24031,17850.0,08:34:00,08:28:52,08:28:52,10,2909,2nd Ave & Seneca St,0.0,0.0
2023-10-19,405,South,24031,17850.0,,08:29:24,08:29:24,11,2631,2nd Ave & Cherry St,0.0,0.0
2023-10-19,405,South,24031,17850.0,08:38:00,08:29:56,08:29:56,12,2349,2nd Ave Ext S & Yesler Way,0.0,1.0
2023-10-20,405,North,24023,19857.0,15:15:00,15:16:37,15:16:37,0,640,4th Ave S & S Jackson St,0.0,0.0
2023-10-20,405,North,24023,19857.0,,15:17:31,15:18:29,1,635,4th Ave S & S Washington St,1.0,0.0
2023-10-20,405,North,24023,19857.0,,15:19:20,15:19:32,2,2638,4th Ave & Cherry St,0.0,0.0
2023-10-20,405,North,24023,19857.0,,15:21:04,15:21:29,3,641,4th Ave & Seneca St,1.0,0.0
2023-10-20,405,North,24023,19857.0,15:20:00,15:23:11,15:23:33,4,2976,4th Ave & Pine St,0.0,0.0
2023-10-20,405,North,24023,19857.0,,15:25:19,15:29:32,5,473,Olive Way & 6th Ave,5.0,0.0
2023-10-20,405,North,24023,19857.0,15:24:00,15:30:16,15:30:37,6,430,Howell St & 9th Ave,1.0,0.0
2023-10-20,405,North,24023,19857.0,,15:33:42,15:34:12,7,431,Howell St & Yale Ave,3.0,1.0
2023-10-20,405,North,24023,19857.0,,15:56:54,15:58:01,10,2673,220th St SW & 64th Ave W,0.0,4.0
2023-10-20,405,North,24023,19857.0,,15:59:10,15:59:37,11,1677,220th St SW & 66th Ave W,1.0,1.0
2023-10-20,405,North,24023,19857.0,,16:01:15,16:01:26,12,1667,220th St SW & 70th Ave W,0.0,1.0
2023-10-20,405,North,24023,19857.0,,16:03:37,16:03:49,13,1013,Hwy 99 & 220th St SW,0.0,0.0
2023-10-20,405,North,24023,19857.0,,16:04:33,16:04:44,14,1012,Hwy 99 & 216th St SW,0.0,1.0
2023-10-20,405,North,24023,19857.0,16:11:00,16:08:42,16:08:42,15,1242,Edmonds Park & Ride Bay 1,0.0,4.0
2023-10-20,405,North,24024,19818.0,15:55:00,15:56:35,15:56:35,0,640,4th Ave S & S Jackson St,0.0,0.0
2023-10-20,405,North,24024,19818.0,,15:57:41,15:57:54,1,635,4th Ave S & S Washington St,0.0,0.0
2023-10-20,405,North,24024,19818.0,,15:59:24,15:59:36,2,2638,4th Ave & Cherry St,0.0,0.0
2023-10-20,405,North,24024,19818.0,,16:01:17,16:01:33,3,641,4th Ave & Seneca St,0.0,0.0
2023-10-20,405,North,24024,19818.0,16:01:00,16:03:37,16:03:54,4,2976,4th Ave & Pine St,0.0,0.0
2023-10-20,405,North,24024,19818.0,,16:05:47,16:07:03,5,473,Olive Way & 6th Ave,1.0,0.0
2023-10-20,405,North,24024,19818.0,16:05:00,16:08:39,16:08:56,6,430,Howell St & 9th Ave,0.0,0.0
2023-10-20,405,North,24024,19818.0,,16:12:43,16:13:00,7,431,Howell St & Yale Ave,0.0,0.0
2023-10-20,405,North,24024,19818.0,,16:36:42,16:36:42,10,2673,220th St SW & 64th Ave W,0.0,0.0
2023-10-20,405,North,24024,19818.0,,16:37:33,16:37:33,11,1677,220th St SW & 66th Ave W,0.0,0.0
2023-10-20,405,North,24024,19818.0,,16:38:23,16:38:23,12,1667,220th St SW & 70th Ave W,0.0,0.0
2023-10-20,405,North,24024,19818.0,,16:41:42,16:41:42,13,1013,Hwy 99 & 220th St SW,0.0,0.0
2023-10-20,405,North,24024,19818.0,,16:42:41,16:42:57,14,1012,Hwy 99 & 216th St SW,0.0,1.0
2023-10-20,405,North,24024,19818.0,16:51:00,16:46:27,16:46:27,15,1242,Edmonds Park & Ride Bay 1,0.0,0.0
2023-10-20,405,North,24025,15812.0,16:35:00,16:36:01,16:36:01,0,640,4th Ave S & S Jackson St,2.0,0.0
2023-10-20,405,North,24025,15812.0,,16:36:42,16:36:42,1,635,4th Ave S & S Washington St,0.0,0.0
2023-10-20,405,North,24025,15812.0,,16:37:26,16:37:47,2,2638,4th Ave & Cherry St,1.0,0.0
2023-10-20,405,North,24025,15812.0,,16:38:57,16:39:16,3,641,4th Ave & Seneca St,1.0,0.0
2023-10-20,405,North,24025,15812.0,16:41:00,16:41:03,16:41:20,4,2976,4th Ave & Pine St,3.0,0.0
2023-10-20,405,North,24025,15812.0,,16:42:03,16:42:24,5,473,Olive Way & 6th Ave,1.0,0.0
2023-10-20,405,North,24025,15812.0,16:45:00,16:43:40,16:44:15,6,430,Howell St & 9th Ave,3.0,0.0
2023-10-20,405,North,24025,15812.0,,16:47:11,16:47:11,7,431,Howell St & Yale Ave,0.0,0.0
2023-10-20,405,North,24025,15812.0,,17:08:51,17:09:18,10,2673,220th St SW & 64th Ave W,0.0,4.0
2023-10-20,405,North,24025,15812.0,,17:10:01,17:10:01,11,1677,220th St SW & 66th Ave W,0.0,0.0
2023-10-20,405,North,24025,15812.0,,17:11:45,17:11:45,12,1667,220th St SW & 70th Ave W,0.0,0.0
2023-10-20,405,North,24025,15812.0,,17:14:21,17:14:40,13,1013,Hwy 99 & 220th St SW,0.0,1.0
2023-10-20,405,North,24025,15812.0,,17:15:48,17:15:48,14,1012,Hwy 99 & 216th St SW,0.0,0.0
2023-10-20,405,North,24025,15812.0,17:30:00,17:18:39,17:18:39,15,1242,Edmonds Park & Ride Bay 1,0.0,6.0
2023-10-20,405,North,24026,17857.0,17:15:00,17:15:11,17:15:11,0,640,4th Ave S & S Jackson St,0.0,0.0
2023-10-20,405,North,24026,17857.0,,17:15:51,17:15:51,1,635,4th Ave S & S Washington St,0.0,0.0
2023-10-20,405,North,24026,17857.0,,17:17:34,17:18:02,2,2638,4th Ave & Cherry St,0.0,0.0
2023-10-20,405,North,24026,17857.0,,17:20:55,17:21:03,3,641,4th Ave & Seneca St,0.0,0.0
2023-10-20,405,North,24026,17857.0,17:21:00,17:23:22,17:24:20,4,2976,4th Ave & Pine St,3.0,0.0
2023-10-20,405,North,24026,17857.0,,17:25:34,17:26:35,5,473,Olive Way & 6th Ave,1.0,0.0
2023-10-20,405,North,24026,17857.0,17:25:00,17:28:02,17:28:14,6,430,Howell St & 9th Ave,0.0,0.0
2023-10-20,405,North,24026,17857.0,,17:30:42,17:31:14,7,431,Howell St & Yale Ave,3.0,0.0
2023-10-20,405,North,24026,17857.0,,17:51:45,17:51:45,10,2673,220th St SW & 64th Ave W,0.0,0.0
2023-10-20,405,North,24026,17857.0,,17:52:01,17:52:20,11,1677,220th St SW & 66th Ave W,0.0,1.0
2023-10-20,405,North,24026,17857.0,,17:53:50,17:54:14,12,1667,220th St SW & 70th Ave W,0.0,3.0
2023-10-20,405,North,24026,17857.0,,17:58:54,17:59:12,13,1013,Hwy 99 & 220th St SW,0.0,1.0
2023-10-20,405,North,24026,17857.0,,18:00:15,18:00:35,14,1012,Hwy 99 & 216th St SW,0.0,2.0
2023-10-20,405,North,24026,17857.0,18:07:00,18:03:34,18:03:34,15,1242,Edmonds Park & Ride Bay 1,0.0,0.0
2023-10-20,405,North,24027,19818.0,17:55:00,17:56:56,17:56:56,0,640,4th Ave S & S Jackson St,0.0,0.0
2023-10-20,405,North,24027,19818.0,,17:57:34,17:57:34,1,635,4th Ave S & S Washington St,0.0,0.0
2023-10-20,405,North,24027,19818.0,,17:59:15,17:59:25,2,2638,4th Ave & Cherry St,0.0,0.0
2023-10-20,405,North,24027,19818.0,,18:01:00,18:01:14,3,641,4th Ave & Seneca St,0.0,0.0
2023-10-20,405,North,24027,19818.0,18:01:00,18:02:38,18:03:19,4,2976,4th Ave & Pine St,0.0,0.0
2023-10-20,405,North,24027,19818.0,,18:04:31,18:05:32,5,473,Olive Way & 6th Ave,0.0,0.0
2023-10-20,405,North,24027,19818.0,18:04:00,18:07:10,18:07:31,6,430,Howell St & 9th Ave,2.0,0.0
2023-10-20,405,North,24027,19818.0,,18:09:46,18:10:05,7,431,Howell St & Yale Ave,2.0,0.0
2023-10-20,405,North,24027,19818.0,,18:26:37,18:26:37,10,2673,220th St SW & 64th Ave W,0.0,0.0
2023-10-20,405,North,24027,19818.0,,18:27:20,18:27:20,11,1677,220th St SW & 66th Ave W,0.0,0.0
2023-10-20,405,North,24027,19818.0,,18:28:45,18:28:45,12,1667,220th St SW & 70th Ave W,0.0,0.0
2023-10-20,405,North,24027,19818.0,,18:29:32,18:29:32,13,1013,Hwy 99 & 220th St SW,0.0,0.0
2023-10-20,405,North,24027,19818.0,,18:30:01,18:30:01,14,1012,Hwy 99 & 216th St SW,0.0,0.0
2023-10-20,405,North,24027,19818.0,18:38:00,18:34:20,18:34:20,15,1242,Edmonds Park & Ride Bay 1,0.0,4.0
2023-10-20,405,South,24028,15809.0,05:50:00,05:50:08,05:50:08,0,1242,Edmonds Park & Ride Bay 1,3.0,0.0
2023-10-20,405,South,24028,15809.0,,05:51:29,05:51:29,1,1508,Hwy 99 & 216th St SW,0.0,0.0
2023-10-20,405,South,24028,15809.0,,05:53:37,05:54:14,2,298,220th St SW & 70th Ave W,1.0,0.0
2023-10-20,405,South,24028,15809.0,,05:55:09,05:57:39,3,290,220th St SW & 66th Ave W,5.0,0.0
2023-10-20,405,South,24028,15809.0,06:14:00,06:13:18,06:13:40,6,1909,Stewart St & 9th Ave,0.0,3.0
2023-10-20,405,South,24028,15809.0,,06:14:10,06:14:32,7,1908,Stewart St & 7th Ave,0.0,2.0
2023-10-20,405,South,24028,15809.0,,06:16:48,06:16:48,8,1907,Stewart St & 4th Ave,0.0,0.0
2023-10-20,405,South,24028,15809.0,,06:17:24,06:18:38,9,1079,2nd Ave & Stewart St,0.0,4.0
2023-10-20,405,South,24028,15809.0,06:22:00,06:20:05,06:20:05,10,2909,2nd Ave & Seneca St,0.0,0.0
2023-10-20,405,South,24028,15809.0,,06:20:44,06:20:44,11,2631,2nd Ave & Cherry St,0.0,0.0
2023-10-20,405,South,24028,15809.0,06:25:00,06:21:24,06:21:24,12,2349,2nd Ave Ext S & Yesler Way,0.0,0.0
2023-10-20,405,South,24029,15803.0,06:30:00,06:30:11,06:30:11,0,1242,Edmonds Park & Ride Bay 1,2.0,0.0
2023-10-20,405,South,24029,15803.0,,06:31:14,06:31:30,1,1508,Hwy 99 & 216th St SW,1.0,0.0
2023-10-20,405,South,24029,15803.0,,06:32:47,06:32:47,2,298,220th St SW & 70th Ave W,0.0,0.0
2023-10-20,405,South,24029,15803.0,,06:33:32,06:34:00,3,290,220th St SW & 66th Ave W,2.0,1.0
2023-10-20,405,South,24029,15803.0,06:55:00,06:49:48,06:50:03,6,1909,Stewart St & 9th Ave,0.0,1.0
2023-10-20,405,South,24029,15803.0,,06:51:07,06:51:21,7,1908,Stewart St & 7th Ave,0.0,1.0
2023-10-20,405,South,24029,15803.0,,06:52:54,06:53:14,8,1907,Stewart St & 4th Ave,0.0,2.0
2023-10-20,405,South,24029,15803.0,,06:55:06,06:55:06,9,1079,2nd Ave & Stewart St,0.0,0.0
2023-10-20,405,South,24029,15803.0,07:03:00,06:56:12,06:56:12,10,2909,2nd Ave & Seneca St,0.0,0.0
2023-10-20,405,South,24029,15803.0,,06:56:49,06:56:49,11,2631,2nd Ave & Cherry St,0.0,0.0
2023-10-20,405,South,24029,15803.0,07:07:00,06:58:09,06:58:09,12,2349,2nd Ave Ext S & Yesler Way,0.0,0.0
2023-10-20,405,South,24030,15821.0,07:05:00,07:05:10,07:05:10,0,1242,Edmonds Park & Ride Bay 1,6.0,0.0
2023-10-20,405,South,24030,15821.0,,07:07:14,07:07:33,1,1508,Hwy 99 & 216th St SW,2.0,0.0
2023-10-20,405,South,24030,15821.0,,07:09:21,07:09:36,2,298,220th St SW & 70th Ave W,1.0,0.0
2023-10-20,405,South,24030,15821.0,,07:10:37,07:10:54,3,290,220th St SW & 66th Ave W,2.0,0.0
2023-10-20,405,South,24030,15821.0,07:31:00,07:35:37,07:35:56,6,1909,Stewart St & 9th Ave,0.0,4.0
2023-10-20,405,South,24030,15821.0,,07:36:31,07:36:49,7,1908,Stewart St & 7th Ave,0.0,2.0
2023-10-20,405,South,24030,15821.0,,07:38:00,07:38:00,8,1907,Stewart St & 4th Ave,0.0,0.0
2023-10-20,405,South,24030,15821.0,,07:38:37,07:38:37,9,1079,2nd Ave & Stewart St,0.0,0.0
2023-10-20,405,South,24030,15821.0,07:39:00,07:39:49,07:40:09,10,2909,2nd Ave & Seneca St,0.0,2.0
2023-10-20,405,South,24030,15821.0,,07:41:31,07:41:31,11,2631,2nd Ave & Cherry St,0.0,0.0
2023-10-20,405,South,24030,15821.0,07:43:00,07:42:02,07:42:02,12,2349,2nd Ave Ext S & Yesler Way,0.0,3.0
2023-10-20,405,South,24031,15803.0,07:50:00,07:51:34,07:51:34,0,1242,Edmonds Park & Ride Bay 1,6.0,0.0
2023-10-20,405,South,24031,15803.0,,07:52:54,07:52:54,1,1508,Hwy 99 & 216th St SW,0.0,0.0
2023-10-20,405,South,24031,15803.0,,07:54:55,07:54:55,2,298,220th St SW & 70th Ave W,0.0,0.0
2023-10-20,405,South,24031,15803.0,,07:56:09,07:56:45,3,290,220th St SW & 66th Ave W,4.0,0.0
2023-10-20,405,South,24031,15803.0,08:23:00,08:16:03,08:16:36,6,1909,Stewart St & 9th Ave,1.0,6.0
2023-10-20,405,South,24031,15803.0,,08:17:05,08:17:25,7,1908,Stewart St & 7th Ave,0.0,2.0
2023-10-20,405,South,24031,15803.0,,08:19:49,08:20:09,8,1907,Stewart St & 4th Ave,0.0,1.0
2023-10-20,405,South,24031,15803.0,,08:21:56,08:22:10,9,1079,2nd Ave & Stewart St,0.0,1.0
2023-10-20,405,South,24031,15803.0,08:34:00,08:23:28,08:23:28,10,2909,2nd Ave & Seneca St,0.0,0.0
2023-10-20,405,South,24031,15803.0,,08:24:52,08:24:52,11,2631,2nd Ave & Cherry St,0.0,0.0
2023-10-20,405,South,24031,15803.0,08:38:00,08:25:23,08:25:23,12,2349,2nd Ave Ext S & Yesler Way,0.0,1.0
2023-10-23,405,North,24023,17852.0,15:15:00,15:16:19,15:16:19,0,640,4th Ave S & S Jackson St,0.0,0.0
2023-10-23,405,North,24023,17852.0,,15:16:52,15:17:28,1,635,4th Ave S & S Washington St,1.0,0.0
2023-10-23,405,North,24023,17852.0,,15:18:49,15:19:03,2,2638,4th Ave & Cherry St,1.0,0.0
2023-10-23,405,North,24023,17852.0,,15:20:35,15:20:49,3,641,4th Ave & Seneca St,0.0,0.0
2023-10-23,405,North,24023,17852.0,15:20:00,15:22:01,15:22:15,4,2976,4th Ave & Pine St,1.0,0.0
2023-10-23,405,North,24023,17852.0,,15:23:42,15:25:01,5,473,Olive Way & 6th Ave,5.0,0.0
2023-10-23,405,North,24023,17852.0,15:24:00,15:26:24,15:26:41,6,430,Howell St & 9th Ave,1.0,0.0
2023-10-23,405,North,24023,17852.0,,15:29:03,15:29:30,7,431,Howell St & Yale Ave,3.0,0.0
2023-10-23,405,North,24023,17852.0,,15:46:50,15:47:05,10,2673,220th St SW & 64th Ave W,0.0,1.0
2023-10-23,405,North,24023,17852.0,,15:47:41,15:47:41,11,1677,220th St SW & 66th Ave W,0.0,0.0
2023-10-23,405,North,24023,17852.0,,15:48:27,15:48:39,12,1667,220th St SW & 70th Ave W,0.0,2.0
2023-10-23,405,North,24023,17852.0,,15:49:21,15:49:34,13,1013,Hwy 99 & 220th St SW,0.0,1.0
2023-10-23,405,North,24023,17852.0,,15:50:38,15:51:04,14,1012,Hwy 99 & 216th St SW,0.0,1.0
2023-10-23,405,North,24023,17852.0,16:11:00,15:54:33,15:54:33,15,1242,Edmonds Park & Ride Bay 1,0.0,7.0
2023-10-23,405,North,24024,19813.0,15:55:00,15:56:49,15:56:49,0,640,4th Ave S & S Jackson St,2.0,0.0
2023-10-23,405,North,24024,19813.0,,15:57:22,15:57:22,1,635,4th Ave S & S Washington St,0.0,0.0
2023-10-23,405,North,24024,19813.0,,15:58:46,15:59:08,2,2638,4th Ave & Cherry St,0.0,0.0
2023-10-23,405,North,24024,19813.0,,16:01:33,16:01:48,3,641,4th Ave & Seneca St,0.0,0.0
2023-10-23,405,North,24024,19813.0,16:01:00,16:04:31,16:04:58,4,2976,4th Ave & Pine St,2.0,0.0
2023-10-23,405,North,24024,19813.0,,16:07:10,16:08:34,5,473,Olive Way & 6th Ave,4.0,0.0
2023-10-23,405,North,24024,19813.0,16:05:00,16:10:03,16:10:31,6,430,Howell St & 9th Ave,2.0,0.0
2023-10-23,405,North,24024,19813.0,,16:14:02,16:14:15,7,431,Howell St & Yale Ave,0.0,0.0
2023-10-23,405,North,24024,19813.0,,16:36:52,16:37:06,10,2673,220th St SW & 64th Ave W,0.0,1.0
2023-10-23,405,North,24024,19813.0,,16:37:42,16:37:42,11,1677,220th St SW & 66th Ave W,0.0,0.0
2023-10-23,405,North,24024,19813.0,,16:38:29,16:38:29,12,1667,220th St SW & 70th Ave W,0.0,0.0
2023-10-23,405,North,24024,19813.0,,16:39:05,16:39:05,13,1013,Hwy 99 & 220th St SW,0.0,0.0
2023-10-23,405,North,24024,19813.0,,16:40:04,16:40:04,14,1012,Hwy 99 & 216th St SW,0.0,0.0
2023-10-23,405,North,24024,19813.0,16:51:00,16:43:58,16:43:58,15,1242,Edmonds Park & Ride Bay 1,0.0,9.0
2023-10-23,405,North,24025,15802.0,16:35:00,16:35:43,16:35:43,0,640,4th Ave S & S Jackson St,3.0,0.0
2023-10-23,405,North,24025,15802.0,,16:36:24,16:36:24,1,635,4th Ave S & S Washington St,0.0,0.0
2023-10-23,405,North,24025,15802.0,,16:37:06,16:37:20,2,2638,4th Ave & Cherry St,1.0,0.0
2023-10-23,405,North,24025,15802.0,,16:38:50,16:39:20,3,641,4th Ave & Seneca St,2.0,0.0
2023-10-23,405,North,24025,15802.0,16:41:00,16:40:18,16:40:41,4,2976,4th Ave & Pine St,2.0,0.0
2023-10-23,405,North,24025,15802.0,,16:41:38,16:42:19,5,473,Olive Way & 6th Ave,4.0,0.0
2023-10-23,405,North,24025,15802.0,16:45:00,16:45:02,16:45:02,6,430,Howell St & 9th Ave,2.0,0.0
2023-10-23,405,North,24025,15802.0,,16:46:53,16:47:08,7,431,Howell St & Yale Ave,0.0,1.0
2023-10-23,405,North,24025,15802.0,,17:13:09,17:13:09,10,2673,220th St SW & 64th Ave W,0.0,0.0
2023-10-23,405,North,24025,15802.0,,17:13:27,17:13:40,11,1677,220th St SW & 66th Ave W,0.0,1.0
2023-10-23,405,North,24025,15802.0,,17:14:35,17:14:35,12,1667,220th St SW & 70th Ave W,0.0,0.0
2023-10-23,405,North,24025,15802.0,,17:16:26,17:16:26,13,1013,Hwy 99 & 220th St SW,0.0,0.0
2023-10-23,405,North,24025,15802.0,,17:17:37,17:17:37,14,1012,Hwy 99 & 216th St SW,0.0,0.0
2023-10-23,405,North,24025,15802.0,17:30:00,17:21:51,17:21:51,15,1242,Edmonds Park & Ride Bay 1,0.0,12.0
2023-10-23,405,North,24026,15815.0,17:15:00,17:15:15,17:15:15,0,640,4th Ave S & S Jackson St,1.0,0.0
2023-10-23,405,North,24026,15815.0,,17:15:49,17:15:59,1,635,4th Ave S & S Washington St,0.0,0.0
2023-10-23,405,North,24026,15815.0,,17:17:23,17:17:34,2,2638,4th Ave & Cherry St,0.0,0.0
2023-10-23,405,North,24026,15815.0,,17:19:06,17:19:20,3,641,4th Ave & Seneca St,0.0,0.0
2023-10-23,405,North,24026,15815.0,17:21:00,17:20:56,17:21:30,4,2976,4th Ave & Pine St,0.0,0.0
2023-10-23,405,North,24026,15815.0,,17:24:07,17:25:06,5,473,Olive Way & 6th Ave,2.0,0.0
2023-10-23,405,North,24026,15815.0,17:25:00,17:26:28,17:26:54,6,430,Howell St & 9th Ave,1.0,0.0
2023-10-23,405,North,24026,15815.0,,17:29:00,17:29:13,7,431,Howell St & Yale Ave,0.0,1.0
2023-10-23,405,North,24026,15815.0,,17:52:37,17:52:37,10,2673,220th St SW & 64th Ave W,0.0,0.0
2023-10-23,405,North,24026,15815.0,,17:53:05,17:53:05,11,1677,220th St SW & 66th Ave W,0.0,0.0
2023-10-23,405,North,24026,15815.0,,17:53:59,17:53:59,12,1667,220th St SW & 70th Ave W,0.0,0.0
2023-10-23,405,North,24026,15815.0,,17:57:07,17:57:07,13,1013,Hwy 99 & 220th St SW,0.0,0.0
2023-10-23,405,North,24026,15815.0,,17:58:26,17:58:26,14,1012,Hwy 99 & 216th St SW,0.0,0.0
2023-10-23,405,North,24026,15815.0,18:07:00,18:01:30,18:01:30,15,1242,Edmonds Park & Ride Bay 1,1.0,4.0
2023-10-23,405,North,24027,19813.0,17:55:00,17:56:01,17:56:01,0,640,4th Ave S & S Jackson St,1.0,0.0
2023-10-23,405,North,24027,19813.0,,17:57:17,17:57:17,1,635,4th Ave S & S Washington St,0.0,0.0
2023-10-23,405,North,24027,19813.0,,17:58:07,17:58:19,2,2638,4th Ave & Cherry St,0.0,0.0
2023-10-23,405,North,24027,19813.0,,18:00:08,18:01:19,3,641,4th Ave & Seneca St,5.0,0.0
2023-10-23,405,North,24027,19813.0,18:01:00,18:03:31,18:05:45,4,2976,4th Ave & Pine St,1.0,0.0
2023-10-23,405,North,24027,19813.0,,18:07:21,18:08:34,5,473,Olive Way & 6th Ave,0.0,0.0
2023-10-23,405,North,24027,19813.0,18:04:00,18:09:57,18:10:11,6,430,Howell St & 9th Ave,0.0,0.0
2023-10-23,405,North,24027,19813.0,,18:12:29,18:12:49,7,431,Howell St & Yale Ave,2.0,0.0
2023-10-23,405,North,24027,19813.0,,18:30:30,18:30:43,10,2673,220th St SW & 64th Ave W,0.0,1.0
2023-10-23,405,North,24027,19813.0,,18:31:01,18:31:01,11,1677,220th St SW & 66th Ave W,0.0,0.0
2023-10-23,405,North,24027,19813.0,,18:32:47,18:33:06,12,1667,220th St SW & 70th Ave W,0.0,1.0
2023-10-23,405,North,24027,19813.0,,18:36:25,18:36:37,13,1013,Hwy 99 & 220th St SW,0.0,1.0
2023-10-23,405,North,24027,19813.0,,18:37:25,18:37:25,14,1012,Hwy 99 & 216th St SW,0.0,0.0
2023-10-23,405,North,24027,19813.0,18:38:00,18:41:07,18:41:07,15,1242,Edmonds Park & Ride Bay 1,0.0,6.0
2023-10-23,405,South,24028,17850.0,05:50:00,05:50:19,05:50:19,0,1242,Edmonds Park & Ride Bay 1,3.0,0.0
2023-10-23,405,South,24028,17850.0,,05:51:41,05:51:41,1,1508,Hwy 99 & 216th St SW,0.0,0.0
2023-10-23,405,South,24028,17850.0,,05:52:44,05:52:44,2,298,220th St SW & 70th Ave W,0.0,0.0
2023-10-23,405,South,24028,17850.0,,05:53:33,05:53:53,3,290,220th St SW & 66th Ave W,2.0,0.0
2023-10-23,405,South,24028,17850.0,06:14:00,06:11:26,06:11:42,6,1909,Stewart St & 9th Ave,0.0,1.0
2023-10-23,405,South,24028,17850.0,,06:12:14,06:12:14,7,1908,Stewart St & 7th Ave,0.0,0.0
2023-10-23,405,South,24028,17850.0,,06:13:52,06:14:11,8,1907,Stewart St & 4th Ave,0.0,3.0
2023-10-23,405,South,24028,17850.0,,06:15:48,06:15:48,9,1079,2nd Ave & Stewart St,0.0,0.0
2023-10-23,405,South,24028,17850.0,06:22:00,06:17:14,06:17:14,10,2909,2nd Ave & Seneca St,0.0,0.0
2023-10-23,405,South,24028,17850.0,,06:17:55,06:17:55,11,2631,2nd Ave & Cherry St,0.0,0.0
2023-10-23,405,South,24028,17850.0,06:25:00,06:19:43,06:19:43,12,2349,2nd Ave Ext S & Yesler Way,0.0,1.0
2023-10-23,405,South,24029,19856.0,06:30:00,06:30:21,06:30:21,0,1242,Edmonds Park & Ride Bay 1,5.0,0.0
2023-10-23,405,South,24029,19856.0,,06:31:29,06:32:12,1,1508,Hwy 99 & 216th St SW,2.0,0.0
2023-10-23,405,South,24029,19856.0,,06:33:41,06:33:41,2,298,220th St SW & 70th Ave W,0.0,0.0
2023-10-23,405,South,24029,19856.0,,06:35:11,06:35:27,3,290,220th St SW & 66th Ave W,1.0,0.0
2023-10-23,405,South,24029,19856.0,06:55:00,06:53:45,06:53:59,6,1909,Stewart St & 9th Ave,0.0,2.0
2023-10-23,405,South,24029,19856.0,,06:54:27,06:54:50,7,1908,Stewart St & 7th Ave,0.0,5.0
2023-10-23,405,South,24029,19856.0,,06:55:52,06:56:08,8,1907,Stewart St & 4th Ave,0.0,1.0
2023-10-23,405,South,24029,19856.0,,06:57:47,06:57:47,9,1079,2nd Ave & Stewart St,0.0,0.0
2023-10-23,405,South,24029,19856.0,07:03:00,06:59:11,06:59:11,10,2909,2nd Ave & Seneca St,0.0,0.0
2023-10-23,405,South,24029,19856.0,,06:59:47,06:59:47,11,2631,2nd Ave & Cherry St,0.0,0.0
2023-10-23,405,South,24029,19856.0,07:07:00,07:00:19,07:00:19,12,2349,2nd Ave Ext S & Yesler Way,0.0,0.0
2023-10-23,405,South,24030,19855.0,07:05:00,07:05:20,07:05:20,0,1242,Edmonds Park & Ride Bay 1,14.0,0.0
2023-10-23,405,South,24030,19855.0,,07:06:32,07:06:32,1,1508,Hwy 99 & 216th St SW,0.0,0.0
2023-10-23,405,South,24030,19855.0,,07:08:58,07:09:13,2,298,220th St SW & 70th Ave W,1.0,0.0
2023-10-23,405,South,24030,19855.0,,07:10:28,07:10:28,3,290,220th St SW & 66th Ave W,0.0,0.0
2023-10-23,405,South,24030,19855.0,07:31:00,07:31:39,07:32:06,6,1909,Stewart St & 9th Ave,1.0,2.0
2023-10-23,405,South,24030,19855.0,,07:33:02,07:33:31,7,1908,Stewart St & 7th Ave,0.0,8.0
2023-10-23,405,South,24030,19855.0,,07:34:51,07:35:12,8,1907,Stewart St & 4th Ave,0.0,1.0
2023-10-23,405,South,24030,19855.0,,07:36:49,07:36:49,9,1079,2nd Ave & Stewart St,0.0,0.0
2023-10-23,405,South,24030,19855.0,07:39:00,07:38:20,07:38:44,10,2909,2nd Ave & Seneca St,0.0,3.0
2023-10-23,405,South,24030,19855.0,,07:39:59,07:39:59,11,2631,2nd Ave & Cherry St,0.0,0.0
2023-10-23,405,South,24030,19855.0,07:43:00,07:41:25,07:41:25,12,2349,2nd Ave Ext S & Yesler Way,0.0,2.0
2023-10-23,405,South,24031,19856.0,07:50:00,07:50:10,07:50:10,0,1242,Edmonds Park & Ride Bay 1,12.0,0.0
2023-10-23,405,South,24031,19856.0,,07:51:40,07:52:05,1,1508,Hwy 99 & 216th St SW,2.0,0.0
2023-10-23,405,South,24031,19856.0,,07:54:32,07:54:32,2,298,220th St SW & 70th Ave W,0.0,0.0
2023-10-23,405,South,24031,19856.0,,07:56:07,07:56:38,3,290,220th St SW & 66th Ave W,3.0,1.0
2023-10-23,405,South,24031,19856.0,08:23:00,08:17:29,08:17:55,6,1909,Stewart St & 9th Ave,0.0,8.0
2023-10-23,405,South,24031,19856.0,,08:18:24,08:18:44,7,1908,Stewart St & 7th Ave,0.0,3.0
2023-10-23,405,South,24031,19856.0,,08:19:47,08:20:04,8,1907,Stewart St & 4th Ave,0.0,2.0
2023-10-23,405,South,24031,19856.0,,08:21:46,08:21:46,9,1079,2nd Ave & Stewart St,0.0,0.0
2023-10-23,405,South,24031,19856.0,08:34:00,08:23:24,08:23:46,10,2909,2nd Ave & Seneca St,0.0,2.0
2023-10-23,405,South,24031,19856.0,,08:25:02,08:25:02,11,2631,2nd Ave & Cherry St,0.0,0.0
2023-10-23,405,South,24031,19856.0,08:38:00,08:26:28,08:26:28,12,2349,2nd Ave Ext S & Yesler Way,0.0,1.0
2023-10-24,405,North,24023,15820.0,15:15:00,15:16:24,15:16:24,0,640,4th Ave S & S Jackson St,0.0,0.0
2023-10-24,405,North,24023,15820.0,,15:17:05,15:17:13,1,635,4th Ave S & S Washington St,0.0,0.0
2023-10-24,405,North,24023,15820.0,,15:18:10,15:18:26,2,2638,4th Ave & Cherry St,0.0,0.0
2023-10-24,405,North,24023,15820.0,,15:20:04,15:20:49,3,641,4th Ave & Seneca St,2.0,0.0
2023-10-24,405,North,24023,15820.0,15:20:00,15:22:00,15:22:12,4,2976,4th Ave & Pine St,1.0,0.0
2023-10-24,405,North,24023,15820.0,,15:23:53,15:25:02,5,473,Olive Way & 6th Ave,4.0,0.0
2023-10-24,405,North,24023,15820.0,15:24:00,15:25:38,15:25:55,6,430,Howell St & 9th Ave,1.0,0.0
2023-10-24,405,North,24023,15820.0,,15:29:05,15:29:37,7,431,Howell St & Yale Ave,4.0,0.0
2023-10-24,405,North,24023,15820.0,,15:53:27,15:53:27,10,2673,220th St SW & 64th Ave W,0.0,0.0
2023-10-24,405,North,24023,15820.0,,15:53:44,15:53:44,11,1677,220th St SW & 66th Ave W,0.0,0.0
2023-10-24,405,North,24023,15820.0,,15:54:37,15:54:37,12,1667,220th St SW & 70th Ave W,0.0,0.0
2023-10-24,405,North,24023,15820.0,,15:56:18,15:56:36,13,1013,Hwy 99 & 220th St SW,0.0,2.0
2023-10-24,405,North,24023,15820.0,,15:57:15,15:57:28,14,1012,Hwy 99 & 216th St SW,0.0,1.0
2023-10-24,405,North,24023,15820.0,16:11:00,16:01:35,16:01:35,15,1242,Edmonds Park & Ride Bay 1,0.0,9.0
2023-10-24,405,North,24024,15814.0,15:55:00,15:56:14,15:56:14,0,640,4th Ave S & S Jackson St,0.0,0.0
2023-10-24,405,North,24024,15814.0,,15:57:46,15:57:58,1,635,4th Ave S & S Washington St,0.0,0.0
2023-10-24,405,North,24024,15814.0,,15:59:38,16:00:06,2,2638,4th Ave & Cherry St,2.0,0.0
2023-10-24,405,North,24024,15814.0,,16:02:52,16:03:11,3,641,4th Ave & Seneca St,0.0,0.0
2023-10-24,405,North,24024,15814.0,16:01:00,16:04:22,16:04:53,4,2976,4th Ave & Pine St,1.0,0.0
2023-10-24,405,North,24024,15814.0,,16:06:02,16:07:02,5,473,Olive Way & 6th Ave,3.0,0.0
2023-10-24,405,North,24024,15814.0,16:05:00,16:08:32,16:08:53,6,430,Howell St & 9th Ave,1.0,0.0
2023-10-24,405,North,24024,15814.0,,16:14:04,16:14:35,7,431,Howell St & Yale Ave,3.0,1.0
2023-10-24,405,North,24024,15814.0,,16:46:41,16:46:52,10,2673,220th St SW & 64th Ave W,0.0,1.0
2023-10-24,405,North,24024,15814.0,,16:47:10,16:47:10,11,1677,220th St SW & 66th Ave W,0.0,0.0
2023-10-24,405,North,24024,15814.0,,16:48:42,16:49:00,12,1667,220th St SW & 70th Ave W,0.0,1.0
2023-10-24,405,North,24024,15814.0,,16:51:21,16:51:21,13,1013,Hwy 99 & 220th St SW,0.0,0.0
2023-10-24,405,North,24024,15814.0,,16:51:59,16:51:59,14,1012,Hwy 99 & 216th St SW,0.0,0.0
2023-10-24,405,North,24024,15814.0,16:51:00,16:56:38,16:56:38,15,1242,Edmonds Park & Ride Bay 1,0.0,7.0
2023-10-24,405,North,24025,15803.0,16:35:00,16:35:47,16:35:47,0,640,4th Ave S & S Jackson St,3.0,0.0
2023-10-24,405,North,24025,15803.0,,16:36:22,16:36:22,1,635,4th Ave S & S Washington St,0.0,0.0
2023-10-24,405,North,24025,15803.0,,16:38:23,16:38:35,2,2638,4th Ave & Cherry St,0.0,0.0
2023-10-24,405,North,24025,15803.0,,16:40:13,16:40:46,3,641,4th Ave & Seneca St,3.0,0.0
2023-10-24,405,North,24025,15803.0,16:41:00,16:42:30,16:42:46,4,2976,4th Ave & Pine St,1.0,0.0
2023-10-24,405,North,24025,15803.0,,16:43:36,16:44:28,5,473,Olive Way & 6th Ave,5.0,0.0
2023-10-24,405,North,24025,15803.0,16:45:00,16:45:06,16:45:25,6,430,Howell St & 9th Ave,2.0,0.0
2023-10-24,405,North,24025,15803.0,,16:53:35,16:53:35,7,431,Howell St & Yale Ave,1.0,0.0
2023-10-24,405,North,24025,15803.0,,17:28:04,17:28:04,10,2673,220th St SW & 64th Ave W,0.0,0.0
2023-10-24,405,North,24025,15803.0,,17:28:20,17:28:33,11,1677,220th St SW & 66th Ave W,0.0,4.0
2023-10-24,405,North,24025,15803.0,,17:30:02,17:30:02,12,1667,220th St SW & 70th Ave W,0.0,0.0
2023-10-24,405,North,24025,15803.0,,17:31:27,17:31:27,13,1013,Hwy 99 & 220th St SW,0.0,0.0
2023-10-24,405,North,24025,15803.0,,17:32:08,17:32:08,14,1012,Hwy 99 & 216th St SW,0.0,0.0
2023-10-24,405,North,24025,15803.0,17:30:00,17:34:25,17:34:25,15,1242,Edmonds Park & Ride Bay 1,0.0,11.0
2023-10-24,405,North,24026,19824.0,17:15:00,17:16:02,17:16:02,0,640,4th Ave S & S Jackson St,2.0,0.0
2023-10-24,405,North,24026,19824.0,,17:16:57,17:17:07,1,635,4th Ave S & S Washington St,0.0,0.0
2023-10-24,405,North,24026,19824.0,,17:19:17,17:19:37,2,2638,4th Ave & Cherry St,3.0,0.0
2023-10-24,405,North,24026,19824.0,,17:21:26,17:22:36,3,641,4th Ave & Seneca St,1.0,0.0
2023-10-24,405,North,24026,19824.0,17:21:00,17:25:19,17:26:00,4,2976,4th Ave & Pine St,0.0,1.0
2023-10-24,405,North,24026,19824.0,,17:29:48,17:31:07,5,473,Olive Way & 6th Ave,2.0,0.0
2023-10-24,405,North,24026,19824.0,17:25:00,17:36:58,17:37:21,6,430,Howell St & 9th Ave,0.0,0.0
2023-10-24,405,North,24026,19824.0,,17:42:36,17:43:18,7,431,Howell St & Yale Ave,0.0,0.0
2023-10-24,405,North,24026,19824.0,,18:16:49,18:17:20,10,2673,220th St SW & 64th Ave W,0.0,0.0
2023-10-24,405,North,24026,19824.0,,18:17:46,18:17:46,11,1677,220th St SW & 66th Ave W,0.0,0.0
2023-10-24,405,North,24026,19824.0,,18:19:43,18:19:43,12,1667,220th St SW & 70th Ave W,0.0,0.0
2023-10-24,405,North,24026,19824.0,,18:21:18,18:21:34,13,1013,Hwy 99 & 220th St SW,0.0,1.0
2023-10-24,405,North,24026,19824.0,,18:22:23,18:22:23,14,1012,Hwy 99 & 216th St SW,0.0,0.0
2023-10-24,405,North,24026,19824.0,18:07:00,18:26:31,18:26:31,15,1242,Edmonds Park & Ride Bay 1,0.0,6.0
2023-10-24,405,North,24027,15814.0,17:55:00,17:55:40,17:55:40,0,640,4th Ave S & S Jackson St,0.0,0.0
2023-10-24,405,North,24027,15814.0,,17:56:12,17:56:12,1,635,4th Ave S & S Washington St,0.0,0.0
2023-10-24,405,North,24027,15814.0,,17:57:51,17:58:07,2,2638,4th Ave & Cherry St,1.0,0.0
2023-10-24,405,North,24027,15814.0,,17:59:42,18:00:08,3,641,4th Ave & Seneca St,4.0,0.0
2023-10-24,405,North,24027,15814.0,18:01:00,18:01:28,18:01:52,4,2976,4th Ave & Pine St,2.0,0.0
2023-10-24,405,North,24027,15814.0,,18:02:55,18:04:02,5,473,Olive Way & 6th Ave,1.0,0.0
2023-10-24,405,North,24027,15814.0,18:04:00,18:05:37,18:05:55,6,430,Howell St & 9th Ave,0.0,3.0
2023-10-24,405,North,24027,15814.0,,18:09:36,18:09:51,7,431,Howell St & Yale Ave,1.0,0.0
2023-10-24,405,North,24027,15814.0,,18:37:29,18:37:29,10,2673,220th St SW & 64th Ave W,0.0,0.0
2023-10-24,405,North,24027,15814.0,,18:37:46,18:37:46,11,1677,220th St SW & 66th Ave W,0.0,0.0
2023-10-24,405,North,24027,15814.0,,18:39:04,18:39:04,12,1667,220th St SW & 70th Ave W,0.0,0.0
2023-10-24,405,North,24027,15814.0,,18:41:25,18:41:38,13,1013,Hwy 99 & 220th St SW,0.0,1.0
2023-10-24,405,North,24027,15814.0,,18:42:17,18:42:17,14,1012,Hwy 99 & 216th St SW,0.0,0.0
2023-10-24,405,North,24027,15814.0,18:38:00,18:46:40,18:46:40,15,1242,Edmonds Park & Ride Bay 1,0.0,5.0
2023-10-24,405,South,24028,17861.0,05:50:00,05:50:24,05:50:24,0,1242,Edmonds Park & Ride Bay 1,2.0,0.0
2023-10-24,405,South,24028,17861.0,,05:51:31,05:51:31,1,1508,Hwy 99 & 216th St SW,0.0,0.0
2023-10-24,405,South,24028,17861.0,,05:52:36,05:52:36,2,298,220th St SW & 70th Ave W,0.0,0.0
2023-10-24,405,South,24028,17861.0,,05:53:23,05:53:51,3,290,220th St SW & 66th Ave W,2.0,0.0
2023-10-24,405,South,24028,17861.0,06:14:00,06:11:32,06:11:32,6,1909,Stewart St & 9th Ave,0.0,0.0
2023-10-24,405,South,24028,17861.0,,06:12:03,06:12:47,7,1908,Stewart St & 7th Ave,0.0,1.0
2023-10-24,405,South,24028,17861.0,,06:13:53,06:14:08,8,1907,Stewart St & 4th Ave,0.0,2.0
2023-10-24,405,South,24028,17861.0,,06:15:47,06:15:47,9,1079,2nd Ave & Stewart St,0.0,0.0
2023-10-24,405,South,24028,17861.0,06:22:00,06:17:05,06:17:05,10,2909,2nd Ave & Seneca St,0.0,0.0
2023-10-24,405,South,24028,17861.0,,06:17:42,06:17:42,11,2631,2nd Ave & Cherry St,0.0,0.0
2023-10-24,405,South,24028,17861.0,06:25:00,06:18:16,06:18:16,12,2349,2nd Ave Ext S & Yesler Way,0.0,1.0
2023-10-24,405,South,24029,15813.0,06:30:00,06:30:12,06:30:12,0,1242,Edmonds Park & Ride Bay 1,5.0,0.0
2023-10-24,405,South,24029,15813.0,,06:31:34,06:32:23,1,1508,Hwy 99 & 216th St SW,2.0,0.0
2023-10-24,405,South,24029,15813.0,,06:33:43,06:33:43,2,298,220th St SW & 70th Ave W,0.0,0.0
2023-10-24,405,South,24029,15813.0,,06:35:18,06:35:45,3,290,220th St SW & 66th Ave W,1.0,1.0
2023-10-24,405,South,24029,15813.0,06:55:00,06:55:08,06:55:24,6,1909,Stewart St & 9th Ave,0.0,2.0
2023-10-24,405,South,24029,15813.0,,06:55:56,06:56:12,7,1908,Stewart St & 7th Ave,0.0,2.0
2023-10-24,405,South,24029,15813.0,,06:57:17,06:57:35,8,1907,Stewart St & 4th Ave,0.0,2.0
2023-10-24,405,South,24029,15813.0,,06:58:07,06:58:07,9,1079,2nd Ave & Stewart St,0.0,0.0
2023-10-24,405,South,24029,15813.0,07:03:00,06:59:18,06:59:18,10,2909,2nd Ave & Seneca St,0.0,0.0
2023-10-24,405,South,24029,15813.0,,06:59:57,07:00:39,11,2631,2nd Ave & Cherry St,0.0,1.0
2023-10-24,405,South,24029,15813.0,07:07:00,07:01:42,07:01:42,12,2349,2nd Ave Ext S & Yesler Way,0.0,0.0
2023-10-24,405,South,24030,15805.0,07:05:00,07:05:25,07:05:25,0,1242,Edmonds Park & Ride Bay 1,16.0,0.0
2023-10-24,405,South,24030,15805.0,,07:07:14,07:07:14,1,1508,Hwy 99 & 216th St SW,0.0,0.0
2023-10-24,405,South,24030,15805.0,,07:09:46,07:09:46,2,298,220th St SW & 70th Ave W,0.0,0.0
2023-10-24,405,South,24030,15805.0,,07:10:36,07:10:36,3,290,220th St SW & 66th Ave W,0.0,0.0
2023-10-24,405,South,24030,15805.0,07:31:00,07:44:27,07:44:53,6,1909,Stewart St & 9th Ave,0.0,4.0
2023-10-24,405,South,24030,15805.0,,07:45:26,07:45:50,7,1908,Stewart St & 7th Ave,0.0,7.0
2023-10-24,405,South,24030,15805.0,,07:48:07,07:48:07,8,1907,Stewart St & 4th Ave,0.0,0.0
2023-10-24,405,South,24030,15805.0,,07:49:21,07:49:21,9,1079,2nd Ave & Stewart St,0.0,0.0
2023-10-24,405,South,24030,15805.0,07:39:00,07:50:33,07:51:09,10,2909,2nd Ave & Seneca St,0.0,4.0
2023-10-24,405,South,24030,15805.0,,07:52:01,07:52:01,11,2631,2nd Ave & Cherry St,0.0,0.0
2023-10-24,405,South,24030,15805.0,07:43:00,07:53:02,07:53:02,12,2349,2nd Ave Ext S & Yesler Way,0.0,1.0
2023-10-24,405,South,24031,15813.0,07:50:00,07:50:16,07:50:16,0,1242,Edmonds Park & Ride Bay 1,12.0,0.0
2023-10-24,405,South,24031,15813.0,,07:52:56,07:53:24,1,1508,Hwy 99 & 216th St SW,2.0,0.0
2023-10-24,405,South,24031,15813.0,,07:54:53,07:55:31,2,298,220th St SW & 70th Ave W,2.0,0.0
2023-10-24,405,South,24031,15813.0,,07:56:28,07:56:53,3,290,220th St SW & 66th Ave W,2.0,0.0
2023-10-24,405,South,24031,15813.0,08:23:00,08:27:00,08:27:22,6,1909,Stewart St & 9th Ave,0.0,5.0
2023-10-24,405,South,24031,15813.0,,08:28:32,08:29:18,7,1908,Stewart St & 7th Ave,0.0,4.0
2023-10-24,405,South,24031,15813.0,,08:30:22,08:30:50,8,1907,Stewart St & 4th Ave,0.0,3.0
2023-10-24,405,South,24031,15813.0,,08:32:24,08:32:38,9,1079,2nd Ave & Stewart St,0.0,1.0
2023-10-24,405,South,24031,15813.0,08:34:00,08:33:57,08:34:21,10,2909,2nd Ave & Seneca St,0.0,3.0
2023-10-24,405,South,24031,15813.0,,08:35:22,08:35:22,11,2631,2nd Ave & Cherry St,0.0,0.0
2023-10-24,405,South,24031,15813.0,08:38:00,08:36:20,08:36:20,12,2349,2nd Ave Ext S & Yesler Way,0.0,2.0
2023-10-25,405,North,24023,15802.0,15:15:00,15:25:42,15:25:42,0,640,4th Ave S & S Jackson St,0.0,0.0
2023-10-25,405,North,24023,15802.0,,15:26:10,15:26:19,1,635,4th Ave S & S Washington St,0.0,0.0
2023-10-25,405,North,24023,15802.0,,15:27:49,15:28:08,2,2638,4th Ave & Cherry St,1.0,0.0
2023-10-25,405,North,24023,15802.0,,15:29:56,15:30:13,3,641,4th Ave & Seneca St,2.0,0.0
2023-10-25,405,North,24023,15802.0,15:20:00,15:31:14,15:31:51,4,2976,4th Ave & Pine St,2.0,0.0
2023-10-25,405,North,24023,15802.0,,15:33:06,15:34:03,5,473,Olive Way & 6th Ave,2.0,0.0
2023-10-25,405,North,24023,15802.0,15:24:00,15:34:35,15:35:08,6,430,Howell St & 9th Ave,7.0,0.0
2023-10-25,405,North,24023,15802.0,,15:37:58,15:38:19,7,431,Howell St & Yale Ave,3.0,0.0
2023-10-25,405,North,24023,15802.0,,16:00:34,16:00:34,10,2673,220th St SW & 64th Ave W,0.0,0.0
2023-10-25,405,North,24023,15802.0,,16:00:47,16:00:47,11,1677,220th St SW & 66th Ave W,0.0,0.0
2023-10-25,405,North,24023,15802.0,,16:01:33,16:01:50,12,1667,220th St SW & 70th Ave W,0.0,2.0
2023-10-25,405,North,24023,15802.0,,16:04:06,16:04:06,13,1013,Hwy 99 & 220th St SW,0.0,0.0
2023-10-25,405,North,24023,15802.0,,16:04:56,16:05:08,14,1012,Hwy 99 & 216th St SW,0.0,1.0
2023-10-25,405,North,24023,15802.0,16:11:00,16:09:18,16:09:18,15,1242,Edmonds Park & Ride Bay 1,0.0,14.0
2023-10-25,405,North,24024,17856.0,15:55:00,15:58:16,15:58:16,0,640,4th Ave S & S Jackson St,5.0,0.0
2023-10-25,405,North,24024,17856.0,,15:58:53,15:58:53,1,635,4th Ave S & S Washington St,0.0,0.0
2023-10-25,405,North,24024,17856.0,,15:59:46,15:59:58,2,2638,4th Ave & Cherry St,0.0,0.0
2023-10-25,405,North,24024,17856.0,,16:02:34,16:02:55,3,641,4th Ave & Seneca St,0.0,1.0
2023-10-25,405,North,24024,17856.0,16:01:00,16:04:21,16:05:07,4,2976,4th Ave & Pine St,2.0,0.0
2023-10-25,405,North,24024,17856.0,,16:06:07,16:07:05,5,473,Olive Way & 6th Ave,4.0,4.0
2023-10-25,405,North,24024,17856.0,16:05:00,16:08:39,16:08:53,6,430,Howell St & 9th Ave,0.0,0.0
2023-10-25,405,North,24024,17856.0,,16:12:31,16:12:55,7,431,Howell St & Yale Ave,2.0,0.0
2023-10-25,405,North,24024,17856.0,,16:34:13,16:34:24,10,2673,220th St SW & 64th Ave W,0.0,1.0
2023-10-25,405,North,24024,17856.0,,16:34:44,16:34:44,11,1677,220th St SW & 66th Ave W,0.0,0.0
2023-10-25,405,North,24024,17856.0,,16:35:42,16:35:42,12,1667,220th St SW & 70th Ave W,0.0,0.0
2023-10-25,405,North,24024,17856.0,,16:36:22,16:36:22,13,1013,Hwy 99 & 220th St SW,0.0,0.0
2023-10-25,405,North,24024,17856.0,,16:37:05,16:37:18,14,1012,Hwy 99 & 216th St SW,0.0,2.0
2023-10-25,405,North,24024,17856.0,16:51:00,16:41:18,16:41:18,15,1242,Edmonds Park & Ride Bay 1,0.0,5.0
2023-10-25,405,North,24025,15821.0,16:35:00,16:36:14,16:36:14,0,640,4th Ave S & S Jackson St,1.0,0.0
2023-10-25,405,North,24025,15821.0,,16:37:53,16:37:53,1,635,4th Ave S & S Washington St,0.0,0.0
2023-10-25,405,North,24025,15821.0,,16:38:35,16:38:44,2,2638,4th Ave & Cherry St,0.0,0.0
2023-10-25,405,North,24025,15821.0,,16:40:34,16:41:02,3,641,4th Ave & Seneca St,3.0,0.0
2023-10-25,405,North,24025,15821.0,16:41:00,16:42:46,16:43:04,4,2976,4th Ave & Pine St,1.0,0.0
2023-10-25,405,North,24025,15821.0,,16:44:54,16:45:17,5,473,Olive Way & 6th Ave,3.0,0.0
2023-10-25,405,North,24025,15821.0,16:45:00,16:46:57,16:46:57,6,430,Howell St & 9th Ave,0.0,0.0
2023-10-25,405,North,24025,15821.0,,16:52:00,16:52:00,7,431,Howell St & Yale Ave,1.0,0.0
2023-10-25,405,North,24025,15821.0,,17:17:05,17:17:16,10,2673,220th St SW & 64th Ave W,0.0,1.0
2023-10-25,405,North,24025,15821.0,,17:17:33,17:17:33,11,1677,220th St SW & 66th Ave W,0.0,0.0
2023-10-25,405,North,24025,15821.0,,17:19:01,17:19:01,12,1667,220th St SW & 70th Ave W,0.0,0.0
2023-10-25,405,North,24025,15821.0,,17:21:23,17:21:23,13,1013,Hwy 99 & 220th St SW,0.0,0.0
2023-10-25,405,North,24025,15821.0,,17:22:27,17:22:27,14,1012,Hwy 99 & 216th St SW,0.0,0.0
2023-10-25,405,North,24025,15821.0,17:30:00,17:26:46,17:26:46,15,1242,Edmonds Park & Ride Bay 1,0.0,8.0
2023-10-25,405,North,24026,19852.0,17:15:00,17:15:14,17:15:14,0,640,4th Ave S & S Jackson St,1.0,0.0
2023-10-25,405,North,24026,19852.0,,17:15:45,17:15:45,1,635,4th Ave S & S Washington St,0.0,0.0
2023-10-25,405,North,24026,19852.0,,17:17:38,17:17:48,2,2638,4th Ave & Cherry St,0.0,0.0
2023-10-25,405,North,24026,19852.0,,17:20:10,17:20:49,3,641,4th Ave & Seneca St,3.0,0.0
2023-10-25,405,North,24026,19852.0,17:21:00,17:22:09,17:22:54,4,2976,4th Ave & Pine St,1.0,0.0
2023-10-25,405,North,24026,19852.0,,17:25:36,17:26:34,5,473,Olive Way & 6th Ave,2.0,0.0
2023-10-25,405,North,24026,19852.0,17:25:00,17:28:37,17:28:49,6,430,Howell St & 9th Ave,0.0,0.0
2023-10-25,405,North,24026,19852.0,,17:35:00,17:35:31,7,431,Howell St & Yale Ave,2.0,1.0
2023-10-25,405,North,24026,19852.0,,17:57:11,17:57:28,10,2673,220th St SW & 64th Ave W,0.0,2.0
2023-10-25,405,North,24026,19852.0,,17:58:24,17:58:24,11,1677,220th St SW & 66th Ave W,0.0,0.0
2023-10-25,405,North,24026,19852.0,,18:00:10,18:00:27,12,1667,220th St SW & 70th Ave W,0.0,2.0
2023-10-25,405,North,24026,19852.0,,18:02:17,18:02:27,13,1013,Hwy 99 & 220th St SW,0.0,0.0
2023-10-25,405,North,24026,19852.0,,18:03:20,18:03:35,14,1012,Hwy 99 & 216th St SW,0.0,1.0
2023-10-25,405,North,24026,19852.0,18:07:00,18:07:17,18:07:17,15,1242,Edmonds Park & Ride Bay 1,1.0,4.0
2023-10-25,405,North,24027,17856.0,17:55:00,17:57:34,17:57:34,0,640,4th Ave S & S Jackson St,0.0,0.0
2023-10-25,405,North,24027,17856.0,,17:58:56,18:00:03,1,635,4th Ave S & S Washington St,0.0,0.0
2023-10-25,405,North,24027,17856.0,,18:00:51,18:01:00,2,2638,4th Ave & Cherry St,0.0,0.0
2023-10-25,405,North,24027,17856.0,,18:02:33,18:02:58,3,641,4th Ave & Seneca St,2.0,0.0
2023-10-25,405,North,24027,17856.0,18:01:00,18:04:06,18:04:50,4,2976,4th Ave & Pine St,0.0,0.0
2023-10-25,405,North,24027,17856.0,,18:07:15,18:08:36,5,473,Olive Way & 6th Ave,0.0,0.0
2023-10-25,405,North,24027,17856.0,18:04:00,18:10:07,18:10:33,6,430,Howell St & 9th Ave,2.0,0.0
2023-10-25,405,North,24027,17856.0,,18:12:31,18:12:56,7,431,Howell St & Yale Ave,2.0,0.0
2023-10-25,405,North,24027,17856.0,,18:31:54,18:32:10,10,2673,220th St SW & 64th Ave W,0.0,1.0
2023-10-25,405,North,24027,17856.0,,18:32:40,18:32:40,11,1677,220th St SW & 66th Ave W,0.0,0.0
2023-10-25,405,North,24027,17856.0,,18:33:28,18:33:28,12,1667,220th St SW & 70th Ave W,0.0,0.0
2023-10-25,405,North,24027,17856.0,,18:34:57,18:35:15,13,1013,Hwy 99 & 220th St SW,0.0,1.0
2023-10-25,405,North,24027,17856.0,,18:35:53,18:35:53,14,1012,Hwy 99 & 216th St SW,0.0,0.0
2023-10-25,405,North,24027,17856.0,18:38:00,18:37:27,18:37:27,15,1242,Edmonds Park & Ride Bay 1,0.0,4.0
2023-10-25,405,South,24028,17852.0,05:50:00,05:50:22,05:50:22,0,1242,Edmonds Park & Ride Bay 1,4.0,0.0
2023-10-25,405,South,24028,17852.0,,05:51:28,05:51:28,1,1508,Hwy 99 & 216th St SW,0.0,0.0
2023-10-25,405,South,24028,17852.0,,05:53:18,05:53:18,2,298,220th St SW & 70th Ave W,0.0,0.0
2023-10-25,405,South,24028,17852.0,,05:54:25,05:54:54,3,290,220th St SW & 66th Ave W,1.0,0.0
2023-10-25,405,South,24028,17852.0,06:14:00,06:12:58,06:12:58,6,1909,Stewart St & 9th Ave,0.0,0.0
2023-10-25,405,South,24028,17852.0,,06:13:44,06:14:16,7,1908,Stewart St & 7th Ave,0.0,3.0
2023-10-25,405,South,24028,17852.0,,06:15:20,06:15:20,8,1907,Stewart St & 4th Ave,0.0,0.0
2023-10-25,405,South,24028,17852.0,,06:16:02,06:16:02,9,1079,2nd Ave & Stewart St,0.0,0.0
2023-10-25,405,South,24028,17852.0,06:22:00,06:17:22,06:17:47,10,2909,2nd Ave & Seneca St,0.0,1.0
2023-10-25,405,South,24028,17852.0,,06:18:53,06:18:53,11,2631,2nd Ave & Cherry St,0.0,0.0
2023-10-25,405,South,24028,17852.0,06:25:00,06:19:50,06:19:50,12,2349,2nd Ave Ext S & Yesler Way,0.0,1.0
2023-10-25,405,South,24029,15812.0,06:30:00,06:30:16,06:30:16,0,1242,Edmonds Park & Ride Bay 1,4.0,0.0
2023-10-25,405,South,24029,15812.0,,06:31:35,06:31:35,1,1508,Hwy 99 & 216th St SW,0.0,0.0
2023-10-25,405,South,24029,15812.0,,06:33:27,06:33:27,2,298,220th St SW & 70th Ave W,0.0,0.0
2023-10-25,405,South,24029,15812.0,,06:35:01,06:35:27,3,290,220th St SW & 66th Ave W,1.0,1.0
2023-10-25,405,South,24029,15812.0,06:55:00,06:57:04,06:57:42,6,1909,Stewart St & 9th Ave,0.0,0.0
2023-10-25,405,South,24029,15812.0,,06:58:38,06:58:59,7,1908,Stewart St & 7th Ave,0.0,3.0
2023-10-25,405,South,24029,15812.0,,07:00:17,07:00:32,8,1907,Stewart St & 4th Ave,0.0,1.0
2023-10-25,405,South,24029,15812.0,,07:02:37,07:02:37,9,1079,2nd Ave & Stewart St,0.0,0.0
2023-10-25,405,South,24029,15812.0,07:03:00,07:03:38,07:03:38,10,2909,2nd Ave & Seneca St,0.0,0.0
2023-10-25,405,South,24029,15812.0,,07:04:14,07:04:14,11,2631,2nd Ave & Cherry St,0.0,0.0
2023-10-25,405,South,24029,15812.0,07:07:00,07:05:37,07:05:37,12,2349,2nd Ave Ext S & Yesler Way,0.0,0.0
2023-10-25,405,South,24030,17856.0,07:05:00,07:05:15,07:05:15,0,1242,Edmonds Park & Ride Bay 1,11.0,0.0
2023-10-25,405,South,24030,17856.0,,07:07:18,07:07:34,1,1508,Hwy 99 & 216th St SW,2.0,0.0
2023-10-25,405,South,24030,17856.0,,07:09:49,07:10:07,2,298,220th St SW & 70th Ave W,1.0,0.0
2023-10-25,405,South,24030,17856.0,,07:11:34,07:11:52,3,290,220th St SW & 66th Ave W,1.0,1.0
2023-10-25,405,South,24030,17856.0,07:31:00,07:46:46,07:47:11,6,1909,Stewart St & 9th Ave,0.0,3.0
2023-10-25,405,South,24030,17856.0,,07:48:09,07:48:33,7,1908,Stewart St & 7th Ave,0.0,5.0
2023-10-25,405,South,24030,17856.0,,07:49:52,07:50:09,8,1907,Stewart St & 4th Ave,0.0,1.0
2023-10-25,405,South,24030,17856.0,,07:51:48,07:51:59,9,1079,2nd Ave & Stewart St,0.0,2.0
2023-10-25,405,South,24030,17856.0,07:39:00,07:53:18,07:53:39,10,2909,2nd Ave & Seneca St,0.0,2.0
2023-10-25,405,South,24030,17856.0,,07:54:57,07:54:57,11,2631,2nd Ave & Cherry St,0.0,0.0
2023-10-25,405,South,24030,17856.0,07:43:00,07:56:23,07:56:23,12,2349,2nd Ave Ext S & Yesler Way,0.0,1.0
2023-10-25,405,South,24031,15812.0,07:50:00,07:50:10,07:50:10,0,1242,Edmonds Park & Ride Bay 1,19.0,0.0
2023-10-25,405,South,24031,15812.0,,07:51:14,07:51:39,1,1508,Hwy 99 & 216th St SW,1.0,0.0
2023-10-25,405,South,24031,15812.0,,07:54:33,07:55:09,2,298,220th St SW & 70th Ave W,2.0,0.0
2023-10-25,405,South,24031,15812.0,,07:56:22,07:56:49,3,290,220th St SW & 66th Ave W,2.0,0.0
2023-10-25,405,South,24031,15812.0,08:23:00,08:33:47,08:34:36,6,1909,Stewart St & 9th Ave,0.0,10.0
2023-10-25,405,South,24031,15812.0,,08:35:05,08:35:26,7,1908,Stewart St & 7th Ave,0.0,2.0
2023-10-25,405,South,24031,15812.0,,08:36:15,08:36:51,8,1907,Stewart St & 4th Ave,0.0,7.0
2023-10-25,405,South,24031,15812.0,,08:38:36,08:38:36,9,1079,2nd Ave & Stewart St,0.0,0.0
2023-10-25,405,South,24031,15812.0,08:34:00,08:39:43,08:40:08,10,2909,2nd Ave & Seneca St,0.0,4.0
2023-10-25,405,South,24031,15812.0,,08:41:27,08:41:27,11,2631,2nd Ave & Cherry St,0.0,0.0
2023-10-25,405,South,24031,15812.0,08:38:00,08:41:53,08:41:53,12,2349,2nd Ave Ext S & Yesler Way,0.0,1.0
2023-10-26,405,North,24023,15821.0,15:15:00,15:15:12,15:15:12,0,640,4th Ave S & S Jackson St,0.0,0.0
2023-10-26,405,North,24023,15821.0,,15:15:43,15:15:50,1,635,4th Ave S & S Washington St,0.0,0.0
2023-10-26,405,North,24023,15821.0,,15:17:20,15:17:33,2,2638,4th Ave & Cherry St,1.0,0.0
2023-10-26,405,North,24023,15821.0,,15:19:02,15:19:18,3,641,4th Ave & Seneca St,1.0,0.0
2023-10-26,405,North,24023,15821.0,15:20:00,15:20:25,15:20:38,4,2976,4th Ave & Pine St,1.0,0.0
2023-10-26,405,North,24023,15821.0,,15:22:13,15:23:32,5,473,Olive Way & 6th Ave,3.0,0.0
2023-10-26,405,North,24023,15821.0,15:24:00,15:24:11,15:24:29,6,430,Howell St & 9th Ave,2.0,0.0
2023-10-26,405,North,24023,15821.0,,15:27:30,15:27:49,7,431,Howell St & Yale Ave,1.0,1.0
2023-10-26,405,North,24023,15821.0,,15:46:44,15:46:58,10,2673,220th St SW & 64th Ave W,0.0,1.0
2023-10-26,405,North,24023,15821.0,,15:47:53,15:47:53,11,1677,220th St SW & 66th Ave W,0.0,0.0
2023-10-26,405,North,24023,15821.0,,15:48:42,15:48:56,12,1667,220th St SW & 70th Ave W,0.0,1.0
2023-10-26,405,North,24023,15821.0,,15:50:03,15:50:03,13,1013,Hwy 99 & 220th St SW,0.0,0.0
2023-10-26,405,North,24023,15821.0,,15:51:25,15:51:38,14,1012,Hwy 99 & 216th St SW,0.0,1.0
2023-10-26,405,North,24023,15821.0,16:11:00,15:54:53,15:54:53,15,1242,Edmonds Park & Ride Bay 1,0.0,5.0
2023-10-26,405,North,24024,19817.0,15:55:00,16:02:08,16:02:08,0,640,4th Ave S & S Jackson St,1.0,0.0
2023-10-26,405,North,24024,19817.0,,16:03:30,16:03:30,1,635,4th Ave S & S Washington St,0.0,0.0
2023-10-26,405,North,24024,19817.0,,16:04:20,16:04:31,2,2638,4th Ave & Cherry St,0.0,0.0
2023-10-26,405,North,24024,19817.0,,16:06:04,16:07:15,3,641,4th Ave & Seneca St,1.0,0.0
2023-10-26,405,North,24024,19817.0,16:01:00,16:08:49,16:09:26,4,2976,4th Ave & Pine St,1.0,0.0
2023-10-26,405,North,24024,19817.0,,16:11:54,16:13:02,5,473,Olive Way & 6th Ave,3.0,0.0
2023-10-26,405,North,24024,19817.0,16:05:00,16:14:35,16:15:04,6,430,Howell St & 9th Ave,3.0,0.0
2023-10-26,405,North,24024,19817.0,,16:18:28,16:18:57,7,431,Howell St & Yale Ave,2.0,0.0
2023-10-26,405,North,24024,19817.0,,16:44:14,16:44:24,10,2673,220th St SW & 64th Ave W,0.0,1.0
2023-10-26,405,North,24024,19817.0,,16:44:44,16:44:44,11,1677,220th St SW & 66th Ave W,0.0,0.0
2023-10-26,405,North,24024,19817.0,,16:46:30,16:46:40,12,1667,220th St SW & 70th Ave W,0.0,1.0
2023-10-26,405,North,24024,19817.0,,16:47:38,16:47:55,13,1013,Hwy 99 & 220th St SW,0.0,2.0
2023-10-26,405,North,24024,19817.0,,16:48:42,16:48:42,14,1012,Hwy 99 & 216th St SW,0.0,0.0
2023-10-26,405,North,24024,19817.0,16:51:00,16:53:11,16:53:11,15,1242,Edmonds Park & Ride Bay 1,0.0,7.0
2023-10-26,405,North,24025,15802.0,16:35:00,16:36:03,16:36:03,0,640,4th Ave S & S Jackson St,2.0,0.0
2023-10-26,405,North,24025,15802.0,,16:36:51,16:36:51,1,635,4th Ave S & S Washington St,0.0,0.0
2023-10-26,405,North,24025,15802.0,,16:38:36,16:38:50,2,2638,4th Ave & Cherry St,1.0,0.0
2023-10-26,405,North,24025,15802.0,,16:40:38,16:40:54,3,641,4th Ave & Seneca St,3.0,0.0
2023-10-26,405,North,24025,15802.0,16:41:00,16:42:27,16:42:50,4,2976,4th Ave & Pine St,1.0,0.0
2023-10-26,405,North,24025,15802.0,,16:44:54,16:46:17,5,473,Olive Way & 6th Ave,2.0,0.0
2023-10-26,405,North,24025,15802.0,16:45:00,16:49:06,16:49:20,6,430,Howell St & 9th Ave,1.0,0.0
2023-10-26,405,North,24025,15802.0,,16:53:21,16:53:37,7,431,Howell St & Yale Ave,0.0,0.0
2023-10-26,405,North,24025,15802.0,,17:17:00,17:17:27,10,2673,220th St SW & 64th Ave W,0.0,2.0
2023-10-26,405,North,24025,15802.0,,17:17:44,17:17:44,11,1677,220th St SW & 66th Ave W,0.0,0.0
2023-10-26,405,North,24025,15802.0,,17:18:58,17:18:58,12,1667,220th St SW & 70th Ave W,0.0,0.0
2023-10-26,405,North,24025,15802.0,,17:20:16,17:20:45,13,1013,Hwy 99 & 220th St SW,0.0,1.0
2023-10-26,405,North,24025,15802.0,,17:21:25,17:21:41,14,1012,Hwy 99 & 216th St SW,0.0,1.0
2023-10-26,405,North,24025,15802.0,17:30:00,17:24:45,17:24:45,15,1242,Edmonds Park & Ride Bay 1,0.0,6.0
2023-10-26,405,North,24026,19852.0,17:15:00,17:15:14,17:15:14,0,640,4th Ave S & S Jackson St,2.0,0.0
2023-10-26,405,North,24026,19852.0,,17:15:43,17:15:43,1,635,4th Ave S & S Washington St,0.0,0.0
2023-10-26,405,North,24026,19852.0,,17:17:23,17:17:33,2,2638,4th Ave & Cherry St,0.0,0.0
2023-10-26,405,North,24026,19852.0,,17:20:37,17:21:04,3,641,4th Ave & Seneca St,1.0,0.0
2023-10-26,405,North,24026,19852.0,17:21:00,17:23:03,17:23:24,4,2976,4th Ave & Pine St,2.0,0.0
2023-10-26,405,North,24026,19852.0,,17:25:11,17:26:32,5,473,Olive Way & 6th Ave,3.0,0.0
2023-10-26,405,North,24026,19852.0,17:25:00,17:27:12,17:27:38,6,430,Howell St & 9th Ave,2.0,1.0
2023-10-26,405,North,24026,19852.0,,17:32:01,17:32:31,7,431,Howell St & Yale Ave,0.0,0.0
2023-10-26,405,North,24026,19852.0,,17:55:51,17:55:51,10,2673,220th St SW & 64th Ave W,0.0,0.0
2023-10-26,405,North,24026,19852.0,,17:56:09,17:56:23,11,1677,220th St SW & 66th Ave W,0.0,1.0
2023-10-26,405,North,24026,19852.0,,17:57:42,17:57:42,12,1667,220th St SW & 70th Ave W,0.0,0.0
2023-10-26,405,North,24026,19852.0,,17:59:19,17:59:19,13,1013,Hwy 99 & 220th St SW,0.0,0.0
2023-10-26,405,North,24026,19852.0,,18:00:08,18:00:08,14,1012,Hwy 99 & 216th St SW,0.0,0.0
2023-10-26,405,North,24026,19852.0,18:07:00,18:01:48,18:01:48,15,1242,Edmonds Park & Ride Bay 1,1.0,9.0
2023-10-26,405,North,24027,19817.0,17:55:00,17:58:32,17:58:32,0,640,4th Ave S & S Jackson St,1.0,0.0
2023-10-26,405,North,24027,19817.0,,17:59:08,17:59:08,1,635,4th Ave S & S Washington St,0.0,0.0
2023-10-26,405,North,24027,19817.0,,18:00:01,18:00:14,2,2638,4th Ave & Cherry St,0.0,0.0
2023-10-26,405,North,24027,19817.0,,18:02:30,18:02:48,3,641,4th Ave & Seneca St,3.0,0.0
2023-10-26,405,North,24027,19817.0,18:01:00,18:04:02,18:04:57,4,2976,4th Ave & Pine St,3.0,0.0
2023-10-26,405,North,24027,19817.0,,18:06:01,18:08:32,5,473,Olive Way & 6th Ave,2.0,0.0
2023-10-26,405,North,24027,19817.0,18:04:00,18:10:06,18:10:34,6,430,Howell St & 9th Ave,2.0,0.0
2023-10-26,405,North,24027,19817.0,,18:13:58,18:14:21,7,431,Howell St & Yale Ave,1.0,1.0
2023-10-26,405,North,24027,19817.0,,18:34:20,18:34:34,10,2673,220th St SW & 64th Ave W,0.0,1.0
2023-10-26,405,North,24027,19817.0,,18:34:52,18:34:52,11,1677,220th St SW & 66th Ave W,0.0,0.0
2023-10-26,405,North,24027,19817.0,,18:35:47,18:36:01,12,1667,220th St SW & 70th Ave W,0.0,1.0
2023-10-26,405,North,24027,19817.0,,18:38:14,18:38:29,13,1013,Hwy 99 & 220th St SW,0.0,2.0
2023-10-26,405,North,24027,19817.0,,18:39:15,18:39:15,14,1012,Hwy 99 & 216th St SW,0.0,0.0
2023-10-26,405,North,24027,19817.0,18:38:00,18:43:24,18:43:24,15,1242,Edmonds Park & Ride Bay 1,0.0,7.0
2023-10-26,405,South,24028,19856.0,05:50:00,05:50:09,05:50:09,0,1242,Edmonds Park & Ride Bay 1,3.0,0.0
2023-10-26,405,South,24028,19856.0,,05:51:19,05:51:19,1,1508,Hwy 99 & 216th St SW,0.0,0.0
2023-10-26,405,South,24028,19856.0,,05:52:36,05:52:36,2,298,220th St SW & 70th Ave W,0.0,0.0
2023-10-26,405,South,24028,19856.0,,05:53:36,05:53:59,3,290,220th St SW & 66th Ave W,1.0,0.0
2023-10-26,405,South,24028,19856.0,06:14:00,06:09:56,06:09:56,6,1909,Stewart St & 9th Ave,0.0,0.0
2023-10-26,405,South,24028,19856.0,,06:10:42,06:11:09,7,1908,Stewart St & 7th Ave,0.0,1.0
2023-10-26,405,South,24028,19856.0,,06:12:21,06:12:33,8,1907,Stewart St & 4th Ave,0.0,1.0
2023-10-26,405,South,24028,19856.0,,06:14:14,06:14:14,9,1079,2nd Ave & Stewart St,0.0,0.0
2023-10-26,405,South,24028,19856.0,06:22:00,06:15:45,06:15:45,10,2909,2nd Ave & Seneca St,0.0,0.0
2023-10-26,405,South,24028,19856.0,,06:16:31,06:17:01,11,2631,2nd Ave & Cherry St,0.0,1.0
2023-10-26,405,South,24028,19856.0,06:25:00,06:18:00,06:18:00,12,2349,2nd Ave Ext S & Yesler Way,0.0,1.0
2023-10-26,405,South,24029,15818.0,06:30:00,06:30:11,06:30:11,0,1242,Edmonds Park & Ride Bay 1,6.0,0.0
2023-10-26,405,South,24029,15818.0,,06:31:17,06:31:44,1,1508,Hwy 99 & 216th St SW,2.0,0.0
2023-10-26,405,South,24029,15818.0,,06:33:19,06:33:53,2,298,220th St SW & 70th Ave W,1.0,0.0
2023-10-26,405,South,24029,15818.0,,06:34:52,06:35:14,3,290,220th St SW & 66th Ave W,1.0,1.0
2023-10-26,405,South,24029,15818.0,06:55:00,06:53:32,06:54:03,6,1909,Stewart St & 9th Ave,0.0,5.0
2023-10-26,405,South,24029,15818.0,,06:54:32,06:54:51,7,1908,Stewart St & 7th Ave,0.0,3.0
2023-10-26,405,South,24029,15818.0,,06:55:55,06:56:07,8,1907,Stewart St & 4th Ave,0.0,1.0
2023-10-26,405,South,24029,15818.0,,06:57:46,06:57:46,9,1079,2nd Ave & Stewart St,0.0,0.0
2023-10-26,405,South,24029,15818.0,07:03:00,06:59:05,06:59:05,10,2909,2nd Ave & Seneca St,0.0,0.0
2023-10-26,405,South,24029,15818.0,,06:59:41,06:59:41,11,2631,2nd Ave & Cherry St,0.0,0.0
2023-10-26,405,South,24029,15818.0,07:07:00,07:00:14,07:00:14,12,2349,2nd Ave Ext S & Yesler Way,0.0,0.0
2023-10-26,405,South,24030,17852.0,07:05:00,07:05:13,07:05:13,0,1242,Edmonds Park & Ride Bay 1,14.0,0.0
2023-10-26,405,South,24030,17852.0,,07:06:36,07:06:36,1,1508,Hwy 99 & 216th St SW,0.0,0.0
2023-10-26,405,South,24030,17852.0,,07:09:27,07:09:42,2,298,220th St SW & 70th Ave W,1.0,0.0
2023-10-26,405,South,24030,17852.0,,07:10:43,07:10:58,3,290,220th St SW & 66th Ave W,1.0,0.0
2023-10-26,405,South,24030,17852.0,07:31:00,07:35:30,07:35:48,6,1909,Stewart St & 9th Ave,0.0,4.0
2023-10-26,405,South,24030,17852.0,,07:36:24,07:36:45,7,1908,Stewart St & 7th Ave,0.0,4.0
2023-10-26,405,South,24030,17852.0,,07:37:52,07:38:21,8,1907,Stewart St & 4th Ave,0.0,2.0
2023-10-26,405,South,24030,17852.0,,07:39:57,07:40:10,9,1079,2nd Ave & Stewart St,0.0,2.0
2023-10-26,405,South,24030,17852.0,07:39:00,07:41:26,07:42:10,10,2909,2nd Ave & Seneca St,0.0,2.0
2023-10-26,405,South,24030,17852.0,,07:42:56,07:42:56,11,2631,2nd Ave & Cherry St,0.0,0.0
2023-10-26,405,South,24030,17852.0,07:43:00,07:43:31,07:43:31,12,2349,2nd Ave Ext S & Yesler Way,0.0,2.0
2023-10-26,405,South,24031,15818.0,07:50:00,07:50:15,07:50:15,0,1242,Edmonds Park & Ride Bay 1,11.0,0.0
2023-10-26,405,South,24031,15818.0,,07:53:02,07:53:17,1,1508,Hwy 99 & 216th St SW,1.0,0.0
2023-10-26,405,South,24031,15818.0,,07:54:48,07:55:08,2,298,220th St SW & 70th Ave W,1.0,0.0
2023-10-26,405,South,24031,15818.0,,07:56:25,07:56:44,3,290,220th St SW & 66th Ave W,1.0,0.0
2023-10-26,405,South,24031,15818.0,08:23:00,08:28:25,08:29:12,6,1909,Stewart St & 9th Ave,0.0,4.0
2023-10-26,405,South,24031,15818.0,,08:30:06,08:30:44,7,1908,Stewart St & 7th Ave,0.0,5.0
2023-10-26,405,South,24031,15818.0,,08:32:01,08:32:01,8,1907,Stewart St & 4th Ave,0.0,0.0
2023-10-26,405,South,24031,15818.0,,08:32:31,08:32:48,9,1079,2nd Ave & Stewart St,0.0,1.0
2023-10-26,405,South,24031,15818.0,08:34:00,08:33:57,08:34:17,10,2909,2nd Ave & Seneca St,0.0,2.0
2023-10-26,405,South,24031,15818.0,,08:35:29,08:35:29,11,2631,2nd Ave & Cherry St,0.0,0.0
2023-10-26,405,South,24031,15818.0,08:38:00,08:36:23,08:36:23,12,2349,2nd Ave Ext S & Yesler Way,0.0,2.0
2023-10-27,405,North,24023,15801.0,15:15:00,15:15:08,15:15:08,0,640,4th Ave S & S Jackson St,0.0,0.0
2023-10-27,405,North,24023,15801.0,,15:15:43,15:16:48,1,635,4th Ave S & S Washington St,1.0,1.0
2023-10-27,405,North,24023,15801.0,,15:17:40,15:18:13,2,2638,4th Ave & Cherry St,0.0,0.0
2023-10-27,405,North,24023,15801.0,,15:19:44,15:19:58,3,641,4th Ave & Seneca St,0.0,0.0
2023-10-27,405,North,24023,15801.0,15:20:00,15:21:55,15:22:55,4,2976,4th Ave & Pine St,2.0,1.0
2023-10-27,405,North,24023,15801.0,,15:23:59,15:25:06,5,473,Olive Way & 6th Ave,7.0,0.0
2023-10-27,405,North,24023,15801.0,15:24:00,15:25:44,15:25:56,6,430,Howell St & 9th Ave,0.0,0.0
2023-10-27,405,North,24023,15801.0,,15:30:02,15:30:23,7,431,Howell St & Yale Ave,1.0,1.0
2023-10-27,405,North,24023,15801.0,,15:52:57,15:52:57,10,2673,220th St SW & 64th Ave W,0.0,0.0
2023-10-27,405,North,24023,15801.0,,15:53:52,15:53:52,11,1677,220th St SW & 66th Ave W,0.0,0.0
2023-10-27,405,North,24023,15801.0,,15:54:35,15:54:35,12,1667,220th St SW & 70th Ave W,0.0,0.0
2023-10-27,405,North,24023,15801.0,,15:55:41,15:55:41,13,1013,Hwy 99 & 220th St SW,0.0,0.0
2023-10-27,405,North,24023,15801.0,,15:56:47,15:57:03,14,1012,Hwy 99 & 216th St SW,0.0,1.0
2023-10-27,405,North,24023,15801.0,16:11:00,16:01:08,16:01:08,15,1242,Edmonds Park & Ride Bay 1,0.0,7.0
2023-10-27,405,North,24024,19814.0,15:55:00,16:01:49,16:01:49,0,640,4th Ave S & S Jackson St,1.0,0.0
2023-10-27,405,North,24024,19814.0,,16:03:23,16:03:23,1,635,4th Ave S & S Washington St,0.0,0.0
2023-10-27,405,North,24024,19814.0,,16:04:24,16:04:37,2,2638,4th Ave & Cherry St,0.0,0.0
2023-10-27,405,North,24024,19814.0,,16:06:22,16:07:16,3,641,4th Ave & Seneca St,0.0,0.0
2023-10-27,405,North,24024,19814.0,16:01:00,16:08:38,16:09:21,4,2976,4th Ave & Pine St,0.0,0.0
2023-10-27,405,North,24024,19814.0,,16:10:23,16:11:34,5,473,Olive Way & 6th Ave,1.0,0.0
2023-10-27,405,North,24024,19814.0,16:05:00,16:13:07,16:13:34,6,430,Howell St & 9th Ave,2.0,0.0
2023-10-27,405,North,24024,19814.0,,16:16:24,16:16:47,7,431,Howell St & Yale Ave,1.0,0.0
2023-10-27,405,North,24024,19814.0,,16:40:24,16:40:39,10,2673,220th St SW & 64th Ave W,0.0,1.0
2023-10-27,405,North,24024,19814.0,,16:40:59,16:40:59,11,1677,220th St SW & 66th Ave W,0.0,0.0
2023-10-27,405,North,24024,19814.0,,16:42:27,16:42:38,12,1667,220th St SW & 70th Ave W,0.0,1.0
2023-10-27,405,North,24024,19814.0,,16:45:52,16:45:52,13,1013,Hwy 99 & 220th St SW,0.0,0.0
2023-10-27,405,North,24024,19814.0,,16:46:37,16:46:37,14,1012,Hwy 99 & 216th St SW,0.0,0.0
2023-10-27,405,North,24024,19814.0,16:51:00,16:51:36,16:51:36,15,1242,Edmonds Park & Ride Bay 1,0.0,3.0
2023-10-27,405,North,24025,17861.0,16:35:00,16:36:06,16:36:06,0,640,4th Ave S & S Jackson St,1.0,0.0
2023-10-27,405,North,24025,17861.0,,16:36:44,16:36:44,1,635,4th Ave S & S Washington St,0.0,0.0
2023-10-27,405,North,24025,17861.0,,16:37:29,16:37:39,2,2638,4th Ave & Cherry St,0.0,0.0
2023-10-27,405,North,24025,17861.0,,16:39:56,16:40:19,3,641,4th Ave & Seneca St,0.0,0.0
2023-10-27,405,North,24025,17861.0,16:41:00,16:41:17,16:42:21,4,2976,4th Ave & Pine St,3.0,0.0
2023-10-27,405,North,24025,17861.0,,16:43:27,16:44:37,5,473,Olive Way & 6th Ave,2.0,0.0
2023-10-27,405,North,24025,17861.0,16:45:00,16:45:12,16:45:38,6,430,Howell St & 9th Ave,4.0,0.0
2023-10-27,405,North,24025,17861.0,,16:47:51,16:48:04,7,431,Howell St & Yale Ave,1.0,0.0
2023-10-27,405,North,24025,17861.0,,17:12:44,17:13:08,10,2673,220th St SW & 64th Ave W,0.0,4.0
2023-10-27,405,North,24025,17861.0,,17:13:28,17:13:47,11,1677,220th St SW & 66th Ave W,0.0,1.0
2023-10-27,405,North,24025,17861.0,,17:14:35,17:14:55,12,1667,220th St SW & 70th Ave W,1.0,2.0
2023-10-27,405,North,24025,17861.0,,17:15:53,17:16:05,13,1013,Hwy 99 & 220th St SW,0.0,1.0
2023-10-27,405,North,24025,17861.0,,17:16:54,17:17:09,14,1012,Hwy 99 & 216th St SW,0.0,1.0
2023-10-27,405,North,24025,17861.0,17:30:00,17:20:31,17:20:31,15,1242,Edmonds Park & Ride Bay 1,0.0,3.0
2023-10-27,405,North,24026,19813.0,17:15:00,17:15:15,17:15:15,0,640,4th Ave S & S Jackson St,1.0,0.0
2023-10-27,405,North,24026,19813.0,,17:15:49,17:16:00,1,635,4th Ave S & S Washington St,0.0,0.0
2023-10-27,405,North,24026,19813.0,,17:17:23,17:17:34,2,2638,4th Ave & Cherry St,0.0,0.0
2023-10-27,405,North,24026,19813.0,,17:19:02,17:19:13,3,641,4th Ave & Seneca St,0.0,0.0
2023-10-27,405,North,24026,19813.0,17:21:00,17:20:30,17:20:40,4,2976,4th Ave & Pine St,0.0,0.0
2023-10-27,405,North,24026,19813.0,,17:22:35,17:23:33,5,473,Olive Way & 6th Ave,0.0,0.0
2023-10-27,405,North,24026,19813.0,17:25:00,17:25:00,17:25:13,6,430,Howell St & 9th Ave,0.0,0.0
2023-10-27,405,North,24026,19813.0,,17:28:06,17:28:31,7,431,Howell St & Yale Ave,1.0,0.0
2023-10-27,405,North,24026,19813.0,,17:49:38,17:49:38,10,2673,220th St SW & 64th Ave W,0.0,0.0
2023-10-27,405,North,24026,19813.0,,17:49:53,17:49:53,11,1677,220th St SW & 66th Ave W,0.0,0.0
2023-10-27,405,North,24026,19813.0,,17:51:20,17:51:20,12,1667,220th St SW & 70th Ave W,0.0,0.0
2023-10-27,405,North,24026,19813.0,,17:52:17,17:52:17,13,1013,Hwy 99 & 220th St SW,0.0,0.0
2023-10-27,405,North,24026,19813.0,,17:52:48,17:52:48,14,1012,Hwy 99 & 216th St SW,0.0,0.0
2023-10-27,405,North,24026,19813.0,18:07:00,17:54:41,17:54:41,15,1242,Edmonds Park & Ride Bay 1,0.0,2.0
2023-10-27,405,North,24027,19814.0,17:55:00,18:00:22,18:00:22,0,640,4th Ave S & S Jackson St,2.0,0.0
2023-10-27,405,North,24027,19814.0,,18:01:41,18:01:41,1,635,4th Ave S & S Washington St,0.0,0.0
2023-10-27,405,North,24027,19814.0,,18:02:35,18:02:47,2,2638,4th Ave & Cherry St,1.0,0.0
2023-10-27,405,North,24027,19814.0,,18:04:39,18:05:44,3,641,4th Ave & Seneca St,1.0,0.0
2023-10-27,405,North,24027,19814.0,18:01:00,18:07:01,18:07:50,4,2976,4th Ave & Pine St,1.0,0.0
2023-10-27,405,North,24027,19814.0,,18:10:15,18:11:33,5,473,Olive Way & 6th Ave,2.0,0.0
2023-10-27,405,North,24027,19814.0,18:04:00,18:13:04,18:13:17,6,430,Howell St & 9th Ave,0.0,0.0
2023-10-27,405,North,24027,19814.0,,18:16:07,18:16:30,7,431,Howell St & Yale Ave,1.0,1.0
2023-10-27,405,North,24027,19814.0,,18:33:11,18:33:24,10,2673,220th St SW & 64th Ave W,0.0,2.0
2023-10-27,405,North,24027,19814.0,,18:33:43,18:33:43,11,1677,220th St SW & 66th Ave W,0.0,0.0
2023-10-27,405,North,24027,19814.0,,18:34:33,18:34:33,12,1667,220th St SW & 70th Ave W,0.0,0.0
2023-10-27,405,North,24027,19814.0,,18:36:54,18:37:07,13,1013,Hwy 99 & 220th St SW,0.0,1.0
2023-10-27,405,North,24027,19814.0,,18:37:54,18:38:06,14,1012,Hwy 99 & 216th St SW,0.0,1.0
2023-10-27,405,North,24027,19814.0,18:38:00,18:42:48,18:42:48,15,1242,Edmonds Park & Ride Bay 1,0.0,3.0
2023-10-27,405,South,24028,15801.0,05:50:00,05:50:16,05:50:16,0,1242,Edmonds Park & Ride Bay 1,1.0,0.0
2023-10-27,405,South,24028,15801.0,,05:51:24,05:51:24,1,1508,Hwy 99 & 216th St SW,0.0,0.0
2023-10-27,405,South,24028,15801.0,,05:53:17,05:53:17,2,298,220th St SW & 70th Ave W,0.0,0.0
2023-10-27,405,South,24028,15801.0,,05:54:19,05:54:40,3,290,220th St SW & 66th Ave W,1.0,0.0
2023-10-27,405,South,24028,15801.0,06:14:00,06:11:26,06:11:26,6,1909,Stewart St & 9th Ave,0.0,0.0
2023-10-27,405,South,24028,15801.0,,06:12:16,06:12:50,7,1908,Stewart St & 7th Ave,0.0,1.0
2023-10-27,405,South,24028,15801.0,,06:13:56,06:14:10,8,1907,Stewart St & 4th Ave,0.0,1.0
2023-10-27,405,South,24028,15801.0,,06:15:47,06:15:47,9,1079,2nd Ave & Stewart St,0.0,0.0
2023-10-27,405,South,24028,15801.0,06:22:00,06:17:08,06:17:08,10,2909,2nd Ave & Seneca St,0.0,0.0
2023-10-27,405,South,24028,15801.0,,06:17:45,06:17:45,11,2631,2nd Ave & Cherry St,0.0,0.0
2023-10-27,405,South,24028,15801.0,06:25:00,06:18:19,06:18:19,12,2349,2nd Ave Ext S & Yesler Way,0.0,0.0
2023-10-27,405,South,24029,15812.0,06:30:00,06:30:22,06:30:22,0,1242,Edmonds Park & Ride Bay 1,3.0,0.0
2023-10-27,405,South,24029,15812.0,,06:31:51,06:32:15,1,1508,Hwy 99 & 216th St SW,2.0,0.0
2023-10-27,405,South,24029,15812.0,,06:34:41,06:34:41,2,298,220th St SW & 70th Ave W,0.0,0.0
2023-10-27,405,South,24029,15812.0,,06:36:24,06:36:44,3,290,220th St SW & 66th Ave W,2.0,0.0
2023-10-27,405,South,24029,15812.0,06:55:00,07:09:55,07:10:37,6,1909,Stewart St & 9th Ave,0.0,2.0
2023-10-27,405,South,24029,15812.0,,07:11:05,07:11:42,7,1908,Stewart St & 7th Ave,0.0,3.0
2023-10-27,405,South,24029,15812.0,,07:13:48,07:14:04,8,1907,Stewart St & 4th Ave,0.0,2.0
2023-10-27,405,South,24029,15812.0,,07:15:46,07:15:46,9,1079,2nd Ave & Stewart St,0.0,0.0
2023-10-27,405,South,24029,15812.0,07:03:00,07:17:14,07:17:14,10,2909,2nd Ave & Seneca St,0.0,0.0
2023-10-27,405,South,24029,15812.0,,07:17:50,07:17:50,11,2631,2nd Ave & Cherry St,0.0,0.0
2023-10-27,405,South,24029,15812.0,07:07:00,07:18:17,07:18:17,12,2349,2nd Ave Ext S & Yesler Way,0.0,0.0
2023-10-27,405,South,24030,17858.0,07:05:00,07:05:16,07:05:16,0,1242,Edmonds Park & Ride Bay 1,8.0,0.0
2023-10-27,405,South,24030,17858.0,,07:07:09,07:07:09,1,1508,Hwy 99 & 216th St SW,0.0,0.0
2023-10-27,405,South,24030,17858.0,,07:09:46,07:10:02,2,298,220th St SW & 70th Ave W,1.0,0.0
2023-10-27,405,South,24030,17858.0,,07:11:34,07:11:45,3,290,220th St SW & 66th Ave W,1.0,0.0
2023-10-27,405,South,24030,17858.0,07:31:00,07:31:29,07:31:52,6,1909,Stewart St & 9th Ave,1.0,1.0
2023-10-27,405,South,24030,17858.0,,07:33:10,07:33:30,7,1908,Stewart St & 7th Ave,0.0,4.0
2023-10-27,405,South,24030,17858.0,,07:34:47,07:35:06,8,1907,Stewart St & 4th Ave,0.0,2.0
2023-10-27,405,South,24030,17858.0,,07:36:42,07:36:42,9,1079,2nd Ave & Stewart St,0.0,0.0
2023-10-27,405,South,24030,17858.0,07:39:00,07:38:16,07:38:42,10,2909,2nd Ave & Seneca St,0.0,3.0
2023-10-27,405,South,24030,17858.0,,07:39:56,07:39:56,11,2631,2nd Ave & Cherry St,0.0,0.0
2023-10-27,405,South,24030,17858.0,07:43:00,07:41:26,07:41:26,12,2349,2nd Ave Ext S & Yesler Way,0.0,1.0
2023-10-27,405,South,24031,15812.0,07:50:00,07:50:08,07:50:08,0,1242,Edmonds Park & Ride Bay 1,6.0,0.0
2023-10-27,405,South,24031,15812.0,,07:51:15,07:51:15,1,1508,Hwy 99 & 216th St SW,0.0,0.0
2023-10-27,405,South,24031,15812.0,,07:52:15,07:52:15,2,298,220th St SW & 70th Ave W,0.0,0.0
2023-10-27,405,South,24031,15812.0,,07:53:58,07:55:12,3,290,220th St SW & 66th Ave W,4.0,0.0
2023-10-27,405,South,24031,15812.0,08:23:00,08:13:36,08:14:05,6,1909,Stewart St & 9th Ave,1.0,6.0
2023-10-27,405,South,24031,15812.0,,08:15:07,08:15:38,7,1908,Stewart St & 7th Ave,0.0,1.0
2023-10-27,405,South,24031,15812.0,,08:16:47,08:17:08,8,1907,Stewart St & 4th Ave,0.0,2.0
2023-10-27,405,South,24031,15812.0,,08:18:45,08:18:45,9,1079,2nd Ave & Stewart St,0.0,0.0
2023-10-27,405,South,24031,15812.0,08:34:00,08:20:08,08:20:25,10,2909,2nd Ave & Seneca St,0.0,1.0
2023-10-27,405,South,24031,15812.0,,08:21:42,08:21:42,11,2631,2nd Ave & Cherry St,0.0,0.0
2023-10-27,405,South,24031,15812.0,08:38:00,08:22:57,08:22:57,12,2349,2nd Ave Ext S & Yesler Way,0.0,1.0
2023-10-30,405,North,24023,19851.0,15:15:00,15:17:53,15:17:53,0,640,4th Ave S & S Jackson St,0.0,0.0
2023-10-30,405,North,24023,19851.0,,15:18:27,15:18:37,1,635,4th Ave S & S Washington St,0.0,0.0
2023-10-30,405,North,24023,19851.0,,15:19:28,15:19:39,2,2638,4th Ave & Cherry St,0.0,0.0
2023-10-30,405,North,24023,19851.0,,15:21:01,15:21:23,3,641,4th Ave & Seneca St,1.0,0.0
2023-10-30,405,North,24023,19851.0,15:20:00,15:23:08,15:23:28,4,2976,4th Ave & Pine St,2.0,0.0
2023-10-30,405,North,24023,19851.0,,15:25:18,15:26:33,5,473,Olive Way & 6th Ave,3.0,0.0
2023-10-30,405,North,24023,19851.0,15:24:00,15:27:07,15:27:20,6,430,Howell St & 9th Ave,0.0,0.0
2023-10-30,405,North,24023,19851.0,,15:29:44,15:30:14,7,431,Howell St & Yale Ave,2.0,1.0
2023-10-30,405,North,24023,19851.0,,15:49:18,15:49:30,10,2673,220th St SW & 64th Ave W,0.0,1.0
2023-10-30,405,North,24023,19851.0,,15:50:39,15:50:39,11,1677,220th St SW & 66th Ave W,0.0,0.0
2023-10-30,405,North,24023,19851.0,,15:52:29,15:52:42,12,1667,220th St SW & 70th Ave W,0.0,1.0
2023-10-30,405,North,24023,19851.0,,15:54:10,15:54:25,13,1013,Hwy 99 & 220th St SW,0.0,1.0
2023-10-30,405,North,24023,19851.0,,15:55:08,15:55:25,14,1012,Hwy 99 & 216th St SW,0.0,1.0
2023-10-30,405,North,24023,19851.0,16:11:00,15:59:42,15:59:42,15,1242,Edmonds Park & Ride Bay 1,0.0,3.0
2023-10-30,405,North,24024,19821.0,15:55:00,15:58:50,15:58:50,0,640,4th Ave S & S Jackson St,3.0,0.0
2023-10-30,405,North,24024,19821.0,,16:00:14,16:00:14,1,635,4th Ave S & S Washington St,0.0,0.0
2023-10-30,405,North,24024,19821.0,,16:01:01,16:01:16,2,2638,4th Ave & Cherry St,0.0,0.0
2023-10-30,405,North,24024,19821.0,,16:03:07,16:03:19,3,641,4th Ave & Seneca St,0.0,0.0
2023-10-30,405,North,24024,19821.0,16:01:00,16:05:09,16:06:20,4,2976,4th Ave & Pine St,3.0,3.0
2023-10-30,405,North,24024,19821.0,,16:07:24,16:08:33,5,473,Olive Way & 6th Ave,3.0,0.0
2023-10-30,405,North,24024,19821.0,16:05:00,16:10:06,16:10:46,6,430,Howell St & 9th Ave,2.0,0.0
2023-10-30,405,North,24024,19821.0,,16:13:12,16:13:24,7,431,Howell St & Yale Ave,0.0,0.0
2023-10-30,405,North,24024,19821.0,,16:34:37,16:34:56,10,2673,220th St SW & 64th Ave W,0.0,2.0
2023-10-30,405,North,24024,19821.0,,16:35:55,16:35:55,11,1677,220th St SW & 66th Ave W,0.0,0.0
2023-10-30,405,North,24024,19821.0,,16:36:47,16:36:59,12,1667,220th St SW & 70th Ave W,0.0,2.0
2023-10-30,405,North,24024,19821.0,,16:37:40,16:37:51,13,1013,Hwy 99 & 220th St SW,0.0,0.0
2023-10-30,405,North,24024,19821.0,,16:38:28,16:38:28,14,1012,Hwy 99 & 216th St SW,0.0,0.0
2023-10-30,405,North,24024,19821.0,16:51:00,16:40:13,16:40:13,15,1242,Edmonds Park & Ride Bay 1,0.0,4.0
2023-10-30,405,North,24025,19850.0,16:35:00,16:36:30,16:36:30,0,640,4th Ave S & S Jackson St,1.0,0.0
2023-10-30,405,North,24025,19850.0,,16:38:00,16:38:08,1,635,4th Ave S & S Washington St,0.0,0.0
2023-10-30,405,North,24025,19850.0,,16:39:01,16:39:34,2,2638,4th Ave & Cherry St,1.0,0.0
2023-10-30,405,North,24025,19850.0,,16:40:40,16:41:49,3,641,4th Ave & Seneca St,2.0,0.0
2023-10-30,405,North,24025,19850.0,16:41:00,16:43:17,16:44:00,4,2976,4th Ave & Pine St,1.0,0.0
2023-10-30,405,North,24025,19850.0,,16:45:09,16:46:11,5,473,Olive Way & 6th Ave,6.0,0.0
2023-10-30,405,North,24025,19850.0,16:45:00,16:49:21,16:49:41,6,430,Howell St & 9th Ave,2.0,0.0
2023-10-30,405,North,24025,19850.0,,16:53:49,16:54:21,7,431,Howell St & Yale Ave,1.0,1.0
2023-10-30,405,North,24025,19850.0,,17:13:30,17:13:46,10,2673,220th St SW & 64th Ave W,0.0,1.0
2023-10-30,405,North,24025,19850.0,,17:14:42,17:14:42,11,1677,220th St SW & 66th Ave W,0.0,0.0
2023-10-30,405,North,24025,19850.0,,17:15:26,17:15:26,12,1667,220th St SW & 70th Ave W,0.0,0.0
2023-10-30,405,North,24025,19850.0,,17:17:15,17:17:15,13,1013,Hwy 99 & 220th St SW,0.0,0.0
2023-10-30,405,North,24025,19850.0,,17:18:53,17:19:18,14,1012,Hwy 99 & 216th St SW,0.0,2.0
2023-10-30,405,North,24025,19850.0,17:30:00,17:25:23,17:25:23,15,1242,Edmonds Park & Ride Bay 1,0.0,10.0
2023-10-30,405,North,24026,19822.0,17:15:00,17:15:12,17:15:12,0,640,4th Ave S & S Jackson St,0.0,0.0
2023-10-30,405,North,24026,19822.0,,17:15:44,17:15:44,1,635,4th Ave S & S Washington St,0.0,0.0
2023-10-30,405,North,24026,19822.0,,17:16:39,17:17:01,2,2638,4th Ave & Cherry St,1.0,0.0
2023-10-30,405,North,24026,19822.0,,17:19:03,17:19:24,3,641,4th Ave & Seneca St,1.0,0.0
2023-10-30,405,North,24026,19822.0,17:21:00,17:20:57,17:21:25,4,2976,4th Ave & Pine St,0.0,0.0
2023-10-30,405,North,24026,19822.0,,17:22:39,17:24:07,5,473,Olive Way & 6th Ave,1.0,0.0
2023-10-30,405,North,24026,19822.0,17:25:00,17:25:42,17:25:55,6,430,Howell St & 9th Ave,0.0,0.0
2023-10-30,405,North,24026,19822.0,,17:28:18,17:28:37,7,431,Howell St & Yale Ave,2.0,1.0
2023-10-30,405,North,24026,19822.0,,17:47:16,17:47:27,10,2673,220th St SW & 64th Ave W,0.0,1.0
2023-10-30,405,North,24026,19822.0,,17:47:44,17:47:44,11,1677,220th St SW & 66th Ave W,0.0,0.0
2023-10-30,405,North,24026,19822.0,,17:49:23,17:49:23,12,1667,220th St SW & 70th Ave W,0.0,0.0
2023-10-30,405,North,24026,19822.0,,17:49:54,17:50:06,13,1013,Hwy 99 & 220th St SW,0.0,0.0
2023-10-30,405,North,24026,19822.0,,17:50:48,17:50:48,14,1012,Hwy 99 & 216th St SW,0.0,0.0
2023-10-30,405,North,24026,19822.0,18:07:00,17:55:02,17:55:02,15,1242,Edmonds Park & Ride Bay 1,1.0,4.0
2023-10-30,405,North,24027,19821.0,17:55:00,17:56:29,17:56:29,0,640,4th Ave S & S Jackson St,1.0,0.0
2023-10-30,405,North,24027,19821.0,,17:57:37,17:57:37,1,635,4th Ave S & S Washington St,0.0,0.0
2023-10-30,405,North,24027,19821.0,,17:59:17,17:59:28,2,2638,4th Ave & Cherry St,0.0,0.0
2023-10-30,405,North,24027,19821.0,,18:00:59,18:01:15,3,641,4th Ave & Seneca St,1.0,0.0
2023-10-30,405,North,24027,19821.0,18:01:00,18:02:32,18:03:18,4,2976,4th Ave & Pine St,1.0,0.0
2023-10-30,405,North,24027,19821.0,,18:04:17,18:05:33,5,473,Olive Way & 6th Ave,1.0,0.0
2023-10-30,405,North,24027,19821.0,18:04:00,18:07:02,18:07:20,6,430,Howell St & 9th Ave,1.0,0.0
2023-10-30,405,North,24027,19821.0,,18:10:12,18:10:28,7,431,Howell St & Yale Ave,1.0,0.0
2023-10-30,405,North,24027,19821.0,,18:25:12,18:25:20,10,2673,220th St SW & 64th Ave W,0.0,1.0
2023-10-30,405,North,24027,19821.0,,18:25:40,18:25:40,11,1677,220th St SW & 66th Ave W,0.0,0.0
2023-10-30,405,North,24027,19821.0,,18:26:30,18:26:30,12,1667,220th St SW & 70th Ave W,0.0,0.0
2023-10-30,405,North,24027,19821.0,,18:28:12,18:28:26,13,1013,Hwy 99 & 220th St SW,0.0,1.0
2023-10-30,405,North,24027,19821.0,,18:29:21,18:29:21,14,1012,Hwy 99 & 216th St SW,0.0,0.0
2023-10-30,405,North,24027,19821.0,18:38:00,18:31:23,18:31:23,15,1242,Edmonds Park & Ride Bay 1,0.0,4.0
2023-10-30,405,South,24028,19854.0,05:50:00,05:50:16,05:50:16,0,1242,Edmonds Park & Ride Bay 1,2.0,0.0
2023-10-30,405,South,24028,19854.0,,05:51:26,05:51:26,1,1508,Hwy 99 & 216th St SW,0.0,0.0
2023-10-30,405,South,24028,19854.0,,05:53:43,05:53:43,2,298,220th St SW & 70th Ave W,0.0,0.0
2023-10-30,405,South,24028,19854.0,,05:54:28,05:54:43,3,290,220th St SW & 66th Ave W,1.0,0.0
2023-10-30,405,South,24028,19854.0,06:14:00,06:11:34,06:11:34,6,1909,Stewart St & 9th Ave,0.0,0.0
2023-10-30,405,South,24028,19854.0,,06:13:04,06:13:04,7,1908,Stewart St & 7th Ave,0.0,0.0
2023-10-30,405,South,24028,19854.0,,06:15:20,06:15:34,8,1907,Stewart St & 4th Ave,0.0,2.0
2023-10-30,405,South,24028,19854.0,,06:17:19,06:17:19,9,1079,2nd Ave & Stewart St,0.0,0.0
2023-10-30,405,South,24028,19854.0,06:22:00,06:18:35,06:18:35,10,2909,2nd Ave & Seneca St,0.0,0.0
2023-10-30,405,South,24028,19854.0,,06:19:12,06:19:12,11,2631,2nd Ave & Cherry St,0.0,0.0
2023-10-30,405,South,24028,19854.0,06:25:00,06:19:49,06:19:49,12,2349,2nd Ave Ext S & Yesler Way,0.0,1.0
2023-10-30,405,South,24029,17852.0,06:30:00,06:30:10,06:30:10,0,1242,Edmonds Park & Ride Bay 1,4.0,0.0
2023-10-30,405,South,24029,17852.0,,06:31:23,06:31:39,1,1508,Hwy 99 & 216th St SW,1.0,0.0
2023-10-30,405,South,24029,17852.0,,06:33:50,06:33:50,2,298,220th St SW & 70th Ave W,0.0,0.0
2023-10-30,405,South,24029,17852.0,,06:34:53,06:35:15,3,290,220th St SW & 66th Ave W,3.0,0.0
2023-10-30,405,South,24029,17852.0,06:55:00,06:53:40,06:53:51,6,1909,Stewart St & 9th Ave,0.0,1.0
2023-10-30,405,South,24029,17852.0,,06:54:21,06:54:41,7,1908,Stewart St & 7th Ave,0.0,5.0
2023-10-30,405,South,24029,17852.0,,06:55:59,06:56:15,8,1907,Stewart St & 4th Ave,0.0,2.0
2023-10-30,405,South,24029,17852.0,,06:57:47,06:57:47,9,1079,2nd Ave & Stewart St,0.0,0.0
2023-10-30,405,South,24029,17852.0,07:03:00,06:59:11,06:59:11,10,2909,2nd Ave & Seneca St,0.0,0.0
2023-10-30,405,South,24029,17852.0,,06:59:48,06:59:48,11,2631,2nd Ave & Cherry St,0.0,0.0
2023-10-30,405,South,24029,17852.0,07:07:00,07:00:11,07:00:11,12,2349,2nd Ave Ext S & Yesler Way,0.0,0.0
2023-10-30,405,South,24030,15803.0,07:05:00,07:05:09,07:05:09,0,1242,Edmonds Park & Ride Bay 1,12.0,0.0
2023-10-30,405,South,24030,15803.0,,07:06:26,07:06:42,1,1508,Hwy 99 & 216th St SW,1.0,0.0
2023-10-30,405,South,24030,15803.0,,07:09:25,07:09:42,2,298,220th St SW & 70th Ave W,1.0,0.0
2023-10-30,405,South,24030,15803.0,,07:10:39,07:11:04,3,290,220th St SW & 66th Ave W,2.0,0.0
2023-10-30,405,South,24030,15803.0,07:31:00,07:31:36,07:31:57,6,1909,Stewart St & 9th Ave,0.0,3.0
2023-10-30,405,South,24030,15803.0,,07:33:08,07:33:41,7,1908,Stewart St & 7th Ave,0.0,8.0
2023-10-30,405,South,24030,15803.0,,07:36:22,07:36:47,8,1907,Stewart St & 4th Ave,0.0,3.0
2023-10-30,405,South,24030,15803.0,,07:38:38,07:38:38,9,1079,2nd Ave & Stewart St,0.0,0.0
2023-10-30,405,South,24030,15803.0,07:39:00,07:39:54,07:40:13,10,2909,2nd Ave & Seneca St,0.0,1.0
2023-10-30,405,South,24030,15803.0,,07:41:34,07:41:34,11,2631,2nd Ave & Cherry St,0.0,0.0
2023-10-30,405,South,24030,15803.0,07:43:00,07:43:03,07:43:03,12,2349,2nd Ave Ext S & Yesler Way,0.0,1.0
2023-10-30,405,South,24031,17852.0,07:50:00,07:50:18,07:50:18,0,1242,Edmonds Park & Ride Bay 1,8.0,0.0
2023-10-30,405,South,24031,17852.0,,07:51:32,07:51:32,1,1508,Hwy 99 & 216th St SW,0.0,0.0
2023-10-30,405,South,24031,17852.0,,07:54:56,07:55:14,2,298,220th St SW & 70th Ave W,1.0,0.0
2023-10-30,405,South,24031,17852.0,,07:56:23,07:56:41,3,290,220th St SW & 66th Ave W,1.0,0.0
2023-10-30,405,South,24031,17852.0,08:23:00,08:19:10,08:19:27,6,1909,Stewart St & 9th Ave,0.0,2.0
2023-10-30,405,South,24031,17852.0,,08:19:57,08:20:21,7,1908,Stewart St & 7th Ave,0.0,5.0
2023-10-30,405,South,24031,17852.0,,08:22:50,08:23:01,8,1907,Stewart St & 4th Ave,0.0,1.0
2023-10-30,405,South,24031,17852.0,,08:23:46,08:23:46,9,1079,2nd Ave & Stewart St,0.0,0.0
2023-10-30,405,South,24031,17852.0,08:34:00,08:24:48,08:25:24,10,2909,2nd Ave & Seneca St,0.0,2.0
2023-10-30,405,South,24031,17852.0,,08:26:27,08:26:27,11,2631,2nd Ave & Cherry St,0.0,0.0
2023-10-30,405,South,24031,17852.0,08:38:00,08:26:52,08:26:52,12,2349,2nd Ave Ext S & Yesler Way,0.0,0.0
2023-10-31,405,North,24023,15814.0,15:15:00,15:15:48,15:15:48,0,640,4th Ave S & S Jackson St,0.0,0.0
2023-10-31,405,North,24023,15814.0,,15:16:59,15:17:07,1,635,4th Ave S & S Washington St,0.0,0.0
2023-10-31,405,North,24023,15814.0,,15:18:59,15:19:19,2,2638,4th Ave & Cherry St,2.0,0.0
2023-10-31,405,North,24023,15814.0,,15:21:11,15:22:16,3,641,4th Ave & Seneca St,4.0,0.0
2023-10-31,405,North,24023,15814.0,15:20:00,15:23:19,15:24:31,4,2976,4th Ave & Pine St,6.0,1.0
2023-10-31,405,North,24023,15814.0,,15:25:37,15:26:33,5,473,Olive Way & 6th Ave,6.0,0.0
2023-10-31,405,North,24023,15814.0,15:24:00,15:27:11,15:27:21,6,430,Howell St & 9th Ave,0.0,0.0
2023-10-31,405,North,24023,15814.0,,15:31:05,15:31:31,7,431,Howell St & Yale Ave,2.0,1.0
2023-10-31,405,North,24023,15814.0,,15:54:11,15:54:28,10,2673,220th St SW & 64th Ave W,0.0,1.0
2023-10-31,405,North,24023,15814.0,,15:54:48,15:54:48,11,1677,220th St SW & 66th Ave W,0.0,0.0
2023-10-31,405,North,24023,15814.0,,15:56:47,15:57:07,12,1667,220th St SW & 70th Ave W,0.0,4.0
2023-10-31,405,North,24023,15814.0,,15:58:40,15:58:54,13,1013,Hwy 99 & 220th St SW,0.0,1.0
2023-10-31,405,North,24023,15814.0,,15:59:38,15:59:51,14,1012,Hwy 99 & 216th St SW,0.0,1.0
2023-10-31,405,North,24023,15814.0,16:11:00,16:03:10,16:03:10,15,1242,Edmonds Park & Ride Bay 1,0.0,11.0
2023-10-31,405,North,24024,17861.0,15:55:00,15:56:10,15:56:10,0,640,4th Ave S & S Jackson St,1.0,0.0
2023-10-31,405,North,24024,17861.0,,15:57:21,15:57:21,1,635,4th Ave S & S Washington St,0.0,0.0
2023-10-31,405,North,24024,17861.0,,15:58:05,15:58:05,2,2638,4th Ave & Cherry St,0.0,0.0
2023-10-31,405,North,24024,17861.0,,15:59:30,15:59:46,3,641,4th Ave & Seneca St,0.0,0.0
2023-10-31,405,North,24024,17861.0,16:01:00,16:01:02,16:01:50,4,2976,4th Ave & Pine St,1.0,0.0
2023-10-31,405,North,24024,17861.0,,16:02:53,16:04:03,5,473,Olive Way & 6th Ave,2.0,0.0
2023-10-31,405,North,24024,17861.0,16:05:00,16:05:34,16:06:03,6,430,Howell St & 9th Ave,1.0,0.0
2023-10-31,405,North,24024,17861.0,,16:11:34,16:11:53,7,431,Howell St & Yale Ave,1.0,0.0
2023-10-31,405,North,24024,17861.0,,16:36:19,16:36:31,10,2673,220th St SW & 64th Ave W,0.0,1.0
2023-10-31,405,North,24024,17861.0,,16:37:00,16:37:00,11,1677,220th St SW & 66th Ave W,0.0,0.0
2023-10-31,405,North,24024,17861.0,,16:38:12,16:38:27,12,1667,220th St SW & 70th Ave W,0.0,1.0
2023-10-31,405,North,24024,17861.0,,16:42:14,16:42:14,13,1013,Hwy 99 & 220th St SW,0.0,0.0
2023-10-31,405,North,24024,17861.0,,16:43:31,16:43:31,14,1012,Hwy 99 & 216th St SW,0.0,0.0
2023-10-31,405,North,24024,17861.0,16:51:00,16:47:01,16:47:01,15,1242,Edmonds Park & Ride Bay 1,0.0,4.0
2023-10-31,405,North,24025,17862.0,16:35:00,16:35:23,16:35:23,0,640,4th Ave S & S Jackson St,2.0,0.0
2023-10-31,405,North,24025,17862.0,,16:36:34,16:36:41,1,635,4th Ave S & S Washington St,0.0,0.0
2023-10-31,405,North,24025,17862.0,,16:37:42,16:38:06,2,2638,4th Ave & Cherry St,0.0,0.0
2023-10-31,405,North,24025,17862.0,,16:40:48,16:41:44,3,641,4th Ave & Seneca St,1.0,0.0
2023-10-31,405,North,24025,17862.0,16:41:00,16:43:00,16:43:49,4,2976,4th Ave & Pine St,4.0,0.0
2023-10-31,405,North,24025,17862.0,,16:45:12,16:46:04,5,473,Olive Way & 6th Ave,2.0,0.0
2023-10-31,405,North,24025,17862.0,16:45:00,16:47:35,16:49:23,6,430,Howell St & 9th Ave,1.0,0.0
2023-10-31,405,North,24025,17862.0,,16:54:23,16:54:23,7,431,Howell St & Yale Ave,1.0,1.0
2023-10-31,405,North,24025,17862.0,,17:21:15,17:21:24,10,2673,220th St SW & 64th Ave W,0.0,0.0
2023-10-31,405,North,24025,17862.0,,17:21:48,17:21:48,11,1677,220th St SW & 66th Ave W,0.0,0.0
2023-10-31,405,North,24025,17862.0,,17:23:36,17:23:36,12,1667,220th St SW & 70th Ave W,0.0,0.0
2023-10-31,405,North,24025,17862.0,,17:25:23,17:25:51,13,1013,Hwy 99 & 220th St SW,0.0,1.0
2023-10-31,405,North,24025,17862.0,,17:26:29,17:26:29,14,1012,Hwy 99 & 216th St SW,0.0,0.0
2023-10-31,405,North,24025,17862.0,17:30:00,17:29:09,17:29:09,15,1242,Edmonds Park & Ride Bay 1,0.0,9.0
2023-10-31,405,North,24026,15811.0,17:15:00,17:15:15,17:15:15,0,640,4th Ave S & S Jackson St,1.0,0.0
2023-10-31,405,North,24026,15811.0,,17:15:43,17:15:43,1,635,4th Ave S & S Washington St,0.0,0.0
2023-10-31,405,North,24026,15811.0,,17:16:26,17:16:49,2,2638,4th Ave & Cherry St,2.0,0.0
2023-10-31,405,North,24026,15811.0,,17:18:04,17:19:13,3,641,4th Ave & Seneca St,3.0,0.0
2023-10-31,405,North,24026,15811.0,17:21:00,17:20:21,17:21:18,4,2976,4th Ave & Pine St,1.0,0.0
2023-10-31,405,North,24026,15811.0,,17:22:35,17:23:32,5,473,Olive Way & 6th Ave,2.0,0.0
2023-10-31,405,North,24026,15811.0,17:25:00,17:25:07,17:25:24,6,430,Howell St & 9th Ave,0.0,0.0
2023-10-31,405,North,24026,15811.0,,17:31:02,17:31:26,7,431,Howell St & Yale Ave,1.0,0.0
2023-10-31,405,North,24026,15811.0,,17:55:52,17:56:08,10,2673,220th St SW & 64th Ave W,0.0,1.0
2023-10-31,405,North,24026,15811.0,,17:56:24,17:56:24,11,1677,220th St SW & 66th Ave W,0.0,0.0
2023-10-31,405,North,24026,15811.0,,17:57:41,17:57:41,12,1667,220th St SW & 70th Ave W,0.0,0.0
2023-10-31,405,North,24026,15811.0,,18:00:09,18:00:26,13,1013,Hwy 99 & 220th St SW,0.0,3.0
2023-10-31,405,North,24026,15811.0,,18:01:03,18:01:03,14,1012,Hwy 99 & 216th St SW,0.0,0.0
2023-10-31,405,North,24026,15811.0,18:07:00,18:04:45,18:04:45,15,1242,Edmonds Park & Ride Bay 1,0.0,6.0
2023-10-31,405,North,24027,17861.0,17:55:00,17:56:52,17:56:52,0,640,4th Ave S & S Jackson St,1.0,0.0
2023-10-31,405,North,24027,17861.0,,17:57:28,17:57:28,1,635,4th Ave S & S Washington St,0.0,0.0
2023-10-31,405,North,24027,17861.0,,17:59:16,18:00:48,2,2638,4th Ave & Cherry St,1.0,0.0
2023-10-31,405,North,24027,17861.0,,18:02:30,18:02:48,3,641,4th Ave & Seneca St,2.0,0.0
2023-10-31,405,North,24027,17861.0,18:01:00,18:04:04,18:04:58,4,2976,4th Ave & Pine St,1.0,0.0
2023-10-31,405,North,24027,17861.0,,18:06:05,18:07:02,5,473,Olive Way & 6th Ave,2.0,1.0
2023-10-31,405,North,24027,17861.0,18:04:00,18:08:33,18:08:45,6,430,Howell St & 9th Ave,0.0,0.0
2023-10-31,405,North,24027,17861.0,,18:11:32,18:11:48,7,431,Howell St & Yale Ave,1.0,0.0
2023-10-31,405,North,24027,17861.0,,18:28:42,18:28:53,10,2673,220th St SW & 64th Ave W,0.0,1.0
2023-10-31,405,North,24027,17861.0,,18:29:10,18:29:10,11,1677,220th St SW & 66th Ave W,0.0,0.0
2023-10-31,405,North,24027,17861.0,,18:30:17,18:30:17,12,1667,220th St SW & 70th Ave W,0.0,0.0
2023-10-31,405,North,24027,17861.0,,18:31:22,18:31:40,13,1013,Hwy 99 & 220th St SW,0.0,1.0
2023-10-31,405,North,24027,17861.0,,18:32:33,18:32:33,14,1012,Hwy 99 & 216th St SW,0.0,0.0
2023-10-31,405,North,24027,17861.0,18:38:00,18:35:49,18:35:49,15,1242,Edmonds Park & Ride Bay 1,0.0,5.0
2023-10-31,405,South,24028,19855.0,05:50:00,05:50:34,05:50:34,0,1242,Edmonds Park & Ride Bay 1,4.0,0.0
2023-10-31,405,South,24028,19855.0,,05:52:07,05:52:23,1,1508,Hwy 99 & 216th St SW,1.0,0.0
2023-10-31,405,South,24028,19855.0,,05:54:34,05:54:34,2,298,220th St SW & 70th Ave W,0.0,0.0
2023-10-31,405,South,24028,19855.0,,05:55:40,05:56:04,3,290,220th St SW & 66th Ave W,2.0,0.0
2023-10-31,405,South,24028,19855.0,06:14:00,06:11:35,06:11:35,6,1909,Stewart St & 9th Ave,0.0,0.0
2023-10-31,405,South,24028,19855.0,,06:12:15,06:12:40,7,1908,Stewart St & 7th Ave,0.0,3.0
2023-10-31,405,South,24028,19855.0,,06:13:54,06:14:12,8,1907,Stewart St & 4th Ave,0.0,2.0
2023-10-31,405,South,24028,19855.0,,06:15:48,06:15:48,9,1079,2nd Ave & Stewart St,0.0,0.0
2023-10-31,405,South,24028,19855.0,06:22:00,06:17:16,06:17:36,10,2909,2nd Ave & Seneca St,0.0,1.0
2023-10-31,405,South,24028,19855.0,,06:18:54,06:18:54,11,2631,2nd Ave & Cherry St,0.0,0.0
2023-10-31,405,South,24028,19855.0,06:25:00,06:19:44,06:19:44,12,2349,2nd Ave Ext S & Yesler Way,0.0,1.0
2023-10-31,405,South,24029,15818.0,06:30:00,06:30:11,06:30:11,0,1242,Edmonds Park & Ride Bay 1,7.0,0.0
2023-10-31,405,South,24029,15818.0,,06:31:23,06:31:54,1,1508,Hwy 99 & 216th St SW,2.0,0.0
2023-10-31,405,South,24029,15818.0,,06:34:31,06:35:07,2,298,220th St SW & 70th Ave W,1.0,0.0
2023-10-31,405,South,24029,15818.0,,06:36:42,06:36:59,3,290,220th St SW & 66th Ave W,1.0,0.0
2023-10-31,405,South,24029,15818.0,06:55:00,06:56:48,06:57:10,6,1909,Stewart St & 9th Ave,0.0,5.0
2023-10-31,405,South,24029,15818.0,,06:57:37,06:57:58,7,1908,Stewart St & 7th Ave,0.0,3.0
2023-10-31,405,South,24029,15818.0,,06:58:49,06:59:03,8,1907,Stewart St & 4th Ave,0.0,2.0
2023-10-31,405,South,24029,15818.0,,07:00:43,07:00:43,9,1079,2nd Ave & Stewart St,0.0,0.0
2023-10-31,405,South,24029,15818.0,07:03:00,07:02:12,07:03:05,10,2909,2nd Ave & Seneca St,0.0,1.0
2023-10-31,405,South,24029,15818.0,,07:03:59,07:03:59,11,2631,2nd Ave & Cherry St,0.0,0.0
2023-10-31,405,South,24029,15818.0,07:07:00,07:04:47,07:04:47,12,2349,2nd Ave Ext S & Yesler Way,0.0,0.0
2023-10-31,405,South,24030,15807.0,07:05:00,07:05:09,07:05:09,0,1242,Edmonds Park & Ride Bay 1,14.0,0.0
2023-10-31,405,South,24030,15807.0,,07:07:12,07:07:12,1,1508,Hwy 99 & 216th St SW,0.0,0.0
2023-10-31,405,South,24030,15807.0,,07:09:51,07:09:51,2,298,220th St SW & 70th Ave W,0.0,0.0
2023-10-31,405,South,24030,15807.0,,07:10:39,07:11:01,3,290,220th St SW & 66th Ave W,2.0,0.0
2023-10-31,405,South,24030,15807.0,07:31:00,07:34:01,07:34:37,6,1909,Stewart St & 9th Ave,0.0,3.0
2023-10-31,405,South,24030,15807.0,,07:36:09,07:36:36,7,1908,Stewart St & 7th Ave,0.0,7.0
2023-10-31,405,South,24030,15807.0,,07:37:58,07:38:19,8,1907,Stewart St & 4th Ave,0.0,2.0
2023-10-31,405,South,24030,15807.0,,07:39:54,07:39:54,9,1079,2nd Ave & Stewart St,0.0,0.0
2023-10-31,405,South,24030,15807.0,07:39:00,07:41:15,07:41:34,10,2909,2nd Ave & Seneca St,0.0,3.0
2023-10-31,405,South,24030,15807.0,,07:42:47,07:42:47,11,2631,2nd Ave & Cherry St,0.0,0.0
2023-10-31,405,South,24030,15807.0,07:43:00,07:43:32,07:43:32,12,2349,2nd Ave Ext S & Yesler Way,0.0,1.0
2023-10-31,405,South,24031,15818.0,07:50:00,07:50:10,07:50:10,0,1242,Edmonds Park & Ride Bay 1,8.0,0.0
2023-10-31,405,South,24031,15818.0,,07:51:34,07:51:58,1,1508,Hwy 99 & 216th St SW,2.0,0.0
2023-10-31,405,South,24031,15818.0,,07:54:31,07:54:50,2,298,220th St SW & 70th Ave W,1.0,0.0
2023-10-31,405,South,24031,15818.0,,07:55:56,07:56:14,3,290,220th St SW & 66th Ave W,1.0,0.0
2023-10-31,405,South,24031,15818.0,08:23:00,08:21:24,08:21:51,6,1909,Stewart St & 9th Ave,0.0,2.0
2023-10-31,405,South,24031,15818.0,,08:22:42,08:23:12,7,1908,Stewart St & 7th Ave,0.0,4.0
2023-10-31,405,South,24031,15818.0,,08:24:30,08:24:30,8,1907,Stewart St & 4th Ave,0.0,0.0
2023-10-31,405,South,24031,15818.0,,08:25:06,08:25:21,9,1079,2nd Ave & Stewart St,1.0,1.0
2023-10-31,405,South,24031,15818.0,08:34:00,08:26:31,08:27:06,10,2909,2nd Ave & Seneca St,0.0,5.0
2023-10-31,405,South,24031,15818.0,,08:27:52,08:27:52,11,2631,2nd Ave & Cherry St,0.0,0.0
2023-10-31,405,South,24031,15818.0,08:38:00,08:28:21,08:28:21,12,2349,2nd Ave Ext S & Yesler Way,0.0,1.0
