OPERATION_DATE,ROUTE_ID,DIRECTION,TRIP_ID,VEHICLE_ID,SCHED_DEPTIME,ACT_ARRTIME,ACT_DEPTIME,STOP_ORDER_NBR,STOP_ID,STOP,BOARDINGS,ALIGHTINGS
2024-10-01,513,North,25178,91719.0,15:07:00,15:07:04,15:07:04,0,2543,Lynnwood City Center Station Bay D4,0.0,0.0
2024-10-01,513,North,25178,91719.0,15:14:00,15:13:25,15:13:46,1,2163,Ash Way Park & Ride Bay 4,0.0,0.0
2024-10-01,513,North,25178,91719.0,15:26:00,15:26:02,15:26:02,2,2144,Eastmont Park & Ride Bay 1,0.0,0.0
2024-10-01,513,North,25178,91719.0,,15:30:42,15:30:42,3,1765,W Casino Rd & Evergreen Way,0.0,0.0
2024-10-01,513,North,25178,91719.0,15:48:00,15:39:22,15:39:22,4,3190,Seaway Transit Center Bay 11,0.0,0.0
2024-10-01,513,North,25179,91706.0,15:37:00,15:37:14,15:37:14,0,2543,Lynnwood City Center Station Bay D4,0.0,0.0
2024-10-01,513,North,25179,91706.0,15:44:00,15:44:32,15:45:02,1,2163,Ash Way Park & Ride Bay 4,0.0,0.0
2024-10-01,513,North,25179,91706.0,15:57:00,16:01:37,16:01:50,2,2144,Eastmont Park & Ride Bay 1,0.0,0.0
2024-10-01,513,North,25179,91706.0,,16:06:25,16:06:37,3,1765,W Casino Rd & Evergreen Way,0.0,0.0
2024-10-01,513,North,25179,91706.0,16:19:00,16:16:09,16:16:09,4,3190,Seaway Transit Center Bay 11,0.0,0.0
2024-10-01,513,North,25180,91902.0,16:07:00,16:09:02,16:09:02,0,2543,Lynnwood City Center Station Bay D4,7.0,0.0
2024-10-01,513,North,25180,91902.0,16:14:00,16:14:50,16:15:11,1,2163,Ash Way Park & Ride Bay 4,0.0,3.0
2024-10-01,513,North,25180,91902.0,16:28:00,16:32:36,16:32:52,2,2144,Eastmont Park & Ride Bay 1,0.0,3.0
2024-10-01,513,North,25180,91902.0,,16:38:45,16:39:02,3,1765,W Casino Rd & Evergreen Way,0.0,1.0
2024-10-01,513,North,25180,91902.0,16:50:00,16:47:27,16:47:27,4,3190,Seaway Transit Center Bay 11,0.0,0.0
2024-10-01,513,North,25181,15814.0,16:37:00,16:41:43,16:41:43,0,2543,Lynnwood City Center Station Bay D4,0.0,0.0
2024-10-01,513,North,25181,15814.0,16:44:00,16:47:45,16:48:36,1,2163,Ash Way Park & Ride Bay 4,0.0,0.0
2024-10-01,513,North,25181,15814.0,16:58:00,17:04:36,17:04:48,2,2144,Eastmont Park & Ride Bay 1,0.0,0.0
2024-10-01,513,North,25181,15814.0,,17:10:29,17:10:50,3,1765,W Casino Rd & Evergreen Way,0.0,0.0
2024-10-01,513,North,25181,15814.0,17:20:00,17:19:12,17:19:12,4,3190,Seaway Transit Center Bay 11,0.0,0.0
2024-10-01,513,North,25182,19857.0,17:07:00,17:07:14,17:07:14,0,2543,Lynnwood City Center Station Bay D4,13.0,0.0
2024-10-01,513,North,25182,19857.0,17:14:00,17:14:42,17:15:20,1,2163,Ash Way Park & Ride Bay 4,1.0,11.0
2024-10-01,513,North,25182,19857.0,17:28:00,17:35:20,17:35:43,2,2144,Eastmont Park & Ride Bay 1,0.0,1.0
2024-10-01,513,North,25182,19857.0,,17:42:17,17:42:28,3,1765,W Casino Rd & Evergreen Way,0.0,1.0
2024-10-01,513,North,25182,19857.0,17:50:00,17:49:40,17:49:40,4,3190,Seaway Transit Center Bay 11,0.0,1.0
2024-10-01,513,North,25183,17858.0,17:37:00,17:37:28,17:37:28,0,2543,Lynnwood City Center Station Bay D4,9.0,0.0
2024-10-01,513,North,25183,17858.0,17:44:00,17:43:38,17:44:44,1,2163,Ash Way Park & Ride Bay 4,0.0,8.0
2024-10-01,513,North,25183,17858.0,17:58:00,18:00:31,18:00:40,2,2144,Eastmont Park & Ride Bay 1,0.0,0.0
2024-10-01,513,North,25183,17858.0,,18:06:25,18:06:40,3,1765,W Casino Rd & Evergreen Way,0.0,1.0
2024-10-01,513,North,25183,17858.0,18:20:00,18:13:51,18:13:51,4,3190,Seaway Transit Center Bay 11,0.0,0.0
2024-10-01,513,North,25184,17852.0,18:07:00,18:08:38,18:08:38,0,2543,Lynnwood City Center Station Bay D4,4.0,0.0
2024-10-01,513,North,25184,17852.0,18:14:00,18:15:54,18:16:13,1,2163,Ash Way Park & Ride Bay 4,0.0,1.0
2024-10-01,513,North,25184,17852.0,18:27:00,18:28:41,18:29:21,2,2144,Eastmont Park & Ride Bay 1,0.0,1.0
2024-10-01,513,North,25184,17852.0,,18:36:09,18:36:25,3,1765,W Casino Rd & Evergreen Way,0.0,1.0
2024-10-01,513,North,25184,17852.0,18:47:00,18:43:29,18:43:29,4,3190,Seaway Transit Center Bay 11,0.0,1.0
2024-10-01,513,North,25185,15818.0,18:37:00,18:37:25,18:37:25,0,2543,Lynnwood City Center Station Bay D4,7.0,0.0
2024-10-01,513,North,25185,15818.0,18:44:00,18:44:02,18:44:28,1,2163,Ash Way Park & Ride Bay 4,1.0,5.0
2024-10-01,513,North,25185,15818.0,18:56:00,19:02:40,19:03:05,2,2144,Eastmont Park & Ride Bay 1,0.0,1.0
2024-10-01,513,North,25185,15818.0,,19:09:33,19:09:53,3,1765,W Casino Rd & Evergreen Way,0.0,2.0
2024-10-01,513,North,25185,15818.0,19:14:00,19:19:44,19:19:44,4,3190,Seaway Transit Center Bay 11,0.0,0.0
2024-10-01,513,South,25186,91912.0,05:00:00,05:00:10,05:00:10,0,3190,Seaway Transit Center Bay 11,0.0,0.0
2024-10-01,513,South,25186,91912.0,,05:04:55,05:05:16,1,394,W Casino Rd & Evergreen Way,2.0,0.0
2024-10-01,513,South,25186,91912.0,05:10:00,05:09:38,05:09:55,2,2144,Eastmont Park & Ride Bay 1,1.0,0.0
2024-10-01,513,South,25186,91912.0,05:21:00,05:21:18,05:21:28,3,2164,Ash Way Park & Ride Bay 1,0.0,0.0
2024-10-01,513,South,25186,91912.0,05:32:00,05:27:38,05:27:38,4,2114,Lynnwood City Center Station Bay D2,0.0,3.0
2024-10-01,513,South,25187,91905.0,05:30:00,05:31:56,05:31:56,0,3190,Seaway Transit Center Bay 11,1.0,0.0
2024-10-01,513,South,25187,91905.0,,05:37:00,05:37:24,1,394,W Casino Rd & Evergreen Way,1.0,0.0
2024-10-01,513,South,25187,91905.0,05:40:00,05:43:23,05:43:23,2,2144,Eastmont Park & Ride Bay 1,0.0,0.0
2024-10-01,513,South,25187,91905.0,05:52:00,05:54:08,05:54:34,3,2164,Ash Way Park & Ride Bay 1,2.0,1.0
2024-10-01,513,South,25187,91905.0,06:03:00,06:13:43,06:13:43,4,2114,Lynnwood City Center Station Bay D2,0.0,3.0
2024-10-01,513,South,25188,91727.0,06:00:00,06:00:34,06:00:34,0,3190,Seaway Transit Center Bay 11,0.0,0.0
2024-10-01,513,South,25188,91727.0,,06:06:27,06:06:48,1,394,W Casino Rd & Evergreen Way,2.0,0.0
2024-10-01,513,South,25188,91727.0,06:10:00,06:13:12,06:13:24,2,2144,Eastmont Park & Ride Bay 1,0.0,0.0
2024-10-01,513,South,25188,91727.0,06:23:00,06:28:37,06:29:30,3,2164,Ash Way Park & Ride Bay 1,5.0,1.0
2024-10-01,513,South,25188,91727.0,06:38:00,06:57:22,06:57:22,4,2114,Lynnwood City Center Station Bay D2,0.0,6.0
2024-10-01,513,South,25189,15804.0,06:30:00,06:30:07,06:30:07,0,3190,Seaway Transit Center Bay 11,0.0,0.0
2024-10-01,513,South,25189,15804.0,,06:34:49,06:35:08,1,394,W Casino Rd & Evergreen Way,2.0,0.0
2024-10-01,513,South,25189,15804.0,06:41:00,06:41:44,06:41:57,2,2144,Eastmont Park & Ride Bay 1,0.0,0.0
2024-10-01,513,South,25189,15804.0,06:54:00,06:54:19,06:55:15,3,2164,Ash Way Park & Ride Bay 1,5.0,0.0
2024-10-01,513,South,25189,15804.0,07:09:00,07:03:16,07:03:16,4,2114,Lynnwood City Center Station Bay D2,0.0,7.0
2024-10-01,513,South,25190,15815.0,07:00:00,07:00:24,07:00:24,0,3190,Seaway Transit Center Bay 11,0.0,0.0
2024-10-01,513,South,25190,15815.0,,07:07:08,07:07:59,1,394,W Casino Rd & Evergreen Way,1.0,0.0
2024-10-01,513,South,25190,15815.0,07:11:00,07:17:07,07:17:20,2,2144,Eastmont Park & Ride Bay 1,0.0,0.0
2024-10-01,513,South,25190,15815.0,07:24:00,07:38:26,07:39:17,3,2164,Ash Way Park & Ride Bay 1,11.0,0.0
2024-10-01,513,South,25190,15815.0,07:41:00,07:50:38,07:50:38,4,2114,Lynnwood City Center Station Bay D2,0.0,12.0
2024-10-01,513,South,25191,17853.0,07:30:00,07:30:38,07:30:38,0,3190,Seaway Transit Center Bay 11,,
2024-10-01,513,South,25191,17853.0,,07:35:58,07:36:39,1,394,W Casino Rd & Evergreen Way,,
2024-10-01,513,South,25191,17853.0,07:41:00,07:43:10,07:43:22,2,2144,Eastmont Park & Ride Bay 1,,
2024-10-01,513,South,25191,17853.0,07:54:00,08:02:04,08:02:46,3,2164,Ash Way Park & Ride Bay 1,,
2024-10-01,513,South,25191,17853.0,08:11:00,08:21:37,08:21:37,4,2114,Lynnwood City Center Station Bay D2,,
2024-10-01,513,South,25192,91904.0,08:00:00,07:59:56,07:59:56,0,3190,Seaway Transit Center Bay 11,1.0,0.0
2024-10-01,513,South,25192,91904.0,,08:04:51,08:04:51,1,394,W Casino Rd & Evergreen Way,0.0,0.0
2024-10-01,513,South,25192,91904.0,08:11:00,08:10:18,08:10:42,2,2144,Eastmont Park & Ride Bay 1,1.0,0.0
2024-10-01,513,South,25192,91904.0,08:24:00,08:25:03,08:26:28,3,2164,Ash Way Park & Ride Bay 1,5.0,0.0
2024-10-01,513,South,25192,91904.0,08:37:00,08:34:00,08:34:00,4,2114,Lynnwood City Center Station Bay D2,0.0,7.0
2024-10-01,513,South,25193,91702.0,08:30:00,08:30:37,08:30:37,0,3190,Seaway Transit Center Bay 11,1.0,0.0
2024-10-01,513,South,25193,91702.0,,08:36:11,08:36:43,1,394,W Casino Rd & Evergreen Way,3.0,0.0
2024-10-01,513,South,25193,91702.0,08:41:00,08:42:54,08:43:05,2,2144,Eastmont Park & Ride Bay 1,0.0,0.0
2024-10-01,513,South,25193,91702.0,08:54:00,09:00:07,09:00:53,3,2164,Ash Way Park & Ride Bay 1,12.0,0.0
2024-10-01,513,South,25193,91702.0,09:07:00,09:07:14,09:07:14,4,2114,Lynnwood City Center Station Bay D2,0.0,16.0
2024-10-02,513,North,25178,91912.0,15:07:00,15:07:02,15:07:02,0,2543,Lynnwood City Center Station Bay D4,8.0,0.0
2024-10-02,513,North,25178,91912.0,15:14:00,15:13:00,15:13:44,1,2163,Ash Way Park & Ride Bay 4,1.0,6.0
2024-10-02,513,North,25178,91912.0,15:26:00,15:25:10,15:25:22,2,2144,Eastmont Park & Ride Bay 1,0.0,1.0
2024-10-02,513,North,25178,91912.0,,15:30:19,15:30:32,3,1765,W Casino Rd & Evergreen Way,0.0,2.0
2024-10-02,513,North,25178,91912.0,15:48:00,15:37:51,15:37:51,4,3190,Seaway Transit Center Bay 11,0.0,0.0
2024-10-02,513,North,25179,19819.0,15:37:00,15:39:04,15:39:04,0,2543,Lynnwood City Center Station Bay D4,17.0,0.0
2024-10-02,513,North,25179,19819.0,15:44:00,15:45:19,15:45:45,1,2163,Ash Way Park & Ride Bay 4,0.0,13.0
2024-10-02,513,North,25179,19819.0,15:57:00,16:01:54,16:02:12,2,2144,Eastmont Park & Ride Bay 1,1.0,0.0
2024-10-02,513,North,25179,19819.0,,16:12:40,16:12:58,3,1765,W Casino Rd & Evergreen Way,0.0,4.0
2024-10-02,513,North,25179,19819.0,16:19:00,16:19:37,16:19:37,4,3190,Seaway Transit Center Bay 11,0.0,1.0
2024-10-02,513,North,25180,91705.0,16:07:00,16:08:26,16:08:26,0,2543,Lynnwood City Center Station Bay D4,8.0,0.0
2024-10-02,513,North,25180,91705.0,16:14:00,16:14:53,16:15:17,1,2163,Ash Way Park & Ride Bay 4,0.0,6.0
2024-10-02,513,North,25180,91705.0,16:28:00,16:31:18,16:31:37,2,2144,Eastmont Park & Ride Bay 1,0.0,2.0
2024-10-02,513,North,25180,91705.0,,16:36:44,16:36:44,3,1765,W Casino Rd & Evergreen Way,0.0,0.0
2024-10-02,513,North,25180,91705.0,16:50:00,16:43:31,16:43:31,4,3190,Seaway Transit Center Bay 11,0.0,0.0
2024-10-02,513,North,25181,17858.0,16:37:00,16:39:48,16:39:48,0,2543,Lynnwood City Center Station Bay D4,4.0,0.0
2024-10-02,513,North,25181,17858.0,16:44:00,16:46:51,16:47:17,1,2163,Ash Way Park & Ride Bay 4,0.0,3.0
2024-10-02,513,North,25181,17858.0,16:58:00,17:05:49,17:06:05,2,2144,Eastmont Park & Ride Bay 1,0.0,1.0
2024-10-02,513,North,25181,17858.0,,17:14:41,17:15:00,3,1765,W Casino Rd & Evergreen Way,0.0,0.0
2024-10-02,513,North,25181,17858.0,17:20:00,17:22:34,17:22:34,4,3190,Seaway Transit Center Bay 11,0.0,0.0
2024-10-02,513,North,25182,19815.0,17:07:00,17:07:05,17:07:05,0,2543,Lynnwood City Center Station Bay D4,5.0,0.0
2024-10-02,513,North,25182,19815.0,17:14:00,17:15:07,17:15:49,1,2163,Ash Way Park & Ride Bay 4,0.0,4.0
2024-10-02,513,North,25182,19815.0,17:28:00,17:33:07,17:33:07,2,2144,Eastmont Park & Ride Bay 1,0.0,0.0
2024-10-02,513,North,25182,19815.0,,17:40:43,17:40:43,3,1765,W Casino Rd & Evergreen Way,0.0,0.0
2024-10-02,513,North,25182,19815.0,17:50:00,17:47:36,17:47:36,4,3190,Seaway Transit Center Bay 11,0.0,1.0
2024-10-02,513,North,25183,19850.0,17:37:00,17:37:08,17:37:08,0,2543,Lynnwood City Center Station Bay D4,8.0,0.0
2024-10-02,513,North,25183,19850.0,17:44:00,17:43:16,17:43:46,1,2163,Ash Way Park & Ride Bay 4,0.0,7.0
2024-10-02,513,North,25183,19850.0,17:58:00,17:56:09,17:56:20,2,2144,Eastmont Park & Ride Bay 1,0.0,0.0
2024-10-02,513,North,25183,19850.0,,18:02:23,18:02:23,3,1765,W Casino Rd & Evergreen Way,0.0,0.0
2024-10-02,513,North,25183,19850.0,18:20:00,18:09:06,18:09:06,4,3190,Seaway Transit Center Bay 11,0.0,1.0
2024-10-02,513,North,25184,15816.0,18:07:00,18:08:12,18:08:12,0,2543,Lynnwood City Center Station Bay D4,9.0,0.0
2024-10-02,513,North,25184,15816.0,18:14:00,18:14:33,18:15:00,1,2163,Ash Way Park & Ride Bay 4,0.0,5.0
2024-10-02,513,North,25184,15816.0,18:27:00,18:31:35,18:31:55,2,2144,Eastmont Park & Ride Bay 1,0.0,3.0
2024-10-02,513,North,25184,15816.0,,18:37:54,18:38:12,3,1765,W Casino Rd & Evergreen Way,0.0,1.0
2024-10-02,513,North,25184,15816.0,18:47:00,18:45:36,18:45:36,4,3190,Seaway Transit Center Bay 11,0.0,0.0
2024-10-02,513,North,25185,91908.0,18:37:00,18:37:12,18:37:12,0,2543,Lynnwood City Center Station Bay D4,0.0,0.0
2024-10-02,513,North,25185,91908.0,18:44:00,18:43:10,18:43:23,1,2163,Ash Way Park & Ride Bay 4,1.0,0.0
2024-10-02,513,North,25185,91908.0,18:56:00,19:00:31,19:00:54,2,2144,Eastmont Park & Ride Bay 1,0.0,1.0
2024-10-02,513,North,25185,91908.0,,19:07:29,19:07:29,3,1765,W Casino Rd & Evergreen Way,0.0,0.0
2024-10-02,513,North,25185,91908.0,19:14:00,19:14:13,19:14:13,4,3190,Seaway Transit Center Bay 11,0.0,0.0
2024-10-02,513,South,25186,91908.0,05:00:00,05:00:13,05:00:13,0,3190,Seaway Transit Center Bay 11,0.0,0.0
2024-10-02,513,South,25186,91908.0,,05:05:01,05:05:24,1,394,W Casino Rd & Evergreen Way,2.0,0.0
2024-10-02,513,South,25186,91908.0,05:10:00,05:09:56,05:10:12,2,2144,Eastmont Park & Ride Bay 1,1.0,0.0
2024-10-02,513,South,25186,91908.0,05:21:00,05:20:07,05:20:22,3,2164,Ash Way Park & Ride Bay 1,0.0,0.0
2024-10-02,513,South,25186,91908.0,05:32:00,05:26:50,05:26:50,4,2114,Lynnwood City Center Station Bay D2,0.0,3.0
2024-10-02,513,South,25187,91905.0,05:30:00,05:30:38,05:30:38,0,3190,Seaway Transit Center Bay 11,1.0,0.0
2024-10-02,513,South,25187,91905.0,,05:37:19,05:37:19,1,394,W Casino Rd & Evergreen Way,0.0,0.0
2024-10-02,513,South,25187,91905.0,05:40:00,05:42:23,05:42:32,2,2144,Eastmont Park & Ride Bay 1,0.0,0.0
2024-10-02,513,South,25187,91905.0,05:52:00,05:54:15,05:55:45,3,2164,Ash Way Park & Ride Bay 1,4.0,5.0
2024-10-02,513,South,25187,91905.0,06:03:00,06:02:06,06:02:06,4,2114,Lynnwood City Center Station Bay D2,0.0,0.0
2024-10-02,513,South,25188,91708.0,06:00:00,06:00:11,06:00:11,0,3190,Seaway Transit Center Bay 11,0.0,0.0
2024-10-02,513,South,25188,91708.0,,06:07:12,06:07:30,1,394,W Casino Rd & Evergreen Way,1.0,0.0
2024-10-02,513,South,25188,91708.0,06:10:00,06:12:53,06:13:06,2,2144,Eastmont Park & Ride Bay 1,0.0,0.0
2024-10-02,513,South,25188,91708.0,06:23:00,06:27:23,06:28:00,3,2164,Ash Way Park & Ride Bay 1,6.0,1.0
2024-10-02,513,South,25188,91708.0,06:38:00,06:57:16,06:57:16,4,2114,Lynnwood City Center Station Bay D2,0.0,6.0
2024-10-02,513,South,25189,15802.0,06:30:00,06:30:10,06:30:10,0,3190,Seaway Transit Center Bay 11,0.0,0.0
2024-10-02,513,South,25189,15802.0,,06:35:14,06:35:29,1,394,W Casino Rd & Evergreen Way,3.0,0.0
2024-10-02,513,South,25189,15802.0,06:41:00,06:41:31,06:41:52,2,2144,Eastmont Park & Ride Bay 1,1.0,0.0
2024-10-02,513,South,25189,15802.0,06:54:00,06:54:36,06:55:11,3,2164,Ash Way Park & Ride Bay 1,4.0,1.0
2024-10-02,513,South,25189,15802.0,07:09:00,07:01:55,07:01:55,4,2114,Lynnwood City Center Station Bay D2,0.0,7.0
2024-10-02,513,South,25190,19850.0,07:00:00,07:01:01,07:01:01,0,3190,Seaway Transit Center Bay 11,0.0,0.0
2024-10-02,513,South,25190,19850.0,,07:06:15,07:06:40,1,394,W Casino Rd & Evergreen Way,1.0,0.0
2024-10-02,513,South,25190,19850.0,07:11:00,07:13:32,07:13:43,2,2144,Eastmont Park & Ride Bay 1,0.0,0.0
2024-10-02,513,South,25190,19850.0,07:24:00,07:28:33,07:30:04,3,2164,Ash Way Park & Ride Bay 1,9.0,0.0
2024-10-02,513,South,25190,19850.0,07:41:00,08:00:08,08:00:08,4,2114,Lynnwood City Center Station Bay D2,0.0,10.0
2024-10-02,513,South,25191,19851.0,07:30:00,07:30:28,07:30:28,0,3190,Seaway Transit Center Bay 11,1.0,0.0
2024-10-02,513,South,25191,19851.0,,07:35:42,07:36:13,1,394,W Casino Rd & Evergreen Way,3.0,0.0
2024-10-02,513,South,25191,19851.0,07:41:00,07:41:35,07:41:44,2,2144,Eastmont Park & Ride Bay 1,0.0,0.0
2024-10-02,513,South,25191,19851.0,07:54:00,08:00:11,08:01:05,3,2164,Ash Way Park & Ride Bay 1,7.0,0.0
2024-10-02,513,South,25191,19851.0,08:11:00,08:10:55,08:10:55,4,2114,Lynnwood City Center Station Bay D2,0.0,11.0
2024-10-02,513,South,25192,15818.0,08:00:00,07:59:48,07:59:48,0,3190,Seaway Transit Center Bay 11,0.0,0.0
2024-10-02,513,South,25192,15818.0,,08:04:57,08:04:57,1,394,W Casino Rd & Evergreen Way,0.0,0.0
2024-10-02,513,South,25192,15818.0,08:11:00,08:12:39,08:13:12,2,2144,Eastmont Park & Ride Bay 1,5.0,0.0
2024-10-02,513,South,25192,15818.0,08:24:00,08:24:27,08:25:19,3,2164,Ash Way Park & Ride Bay 1,8.0,0.0
2024-10-02,513,South,25192,15818.0,08:37:00,08:34:33,08:34:33,4,2114,Lynnwood City Center Station Bay D2,0.0,13.0
2024-10-02,513,South,25193,15816.0,08:30:00,08:31:07,08:31:07,0,3190,Seaway Transit Center Bay 11,0.0,0.0
2024-10-02,513,South,25193,15816.0,,08:37:39,08:37:39,1,394,W Casino Rd & Evergreen Way,0.0,0.0
2024-10-02,513,South,25193,15816.0,08:41:00,08:43:40,08:43:58,2,2144,Eastmont Park & Ride Bay 1,1.0,0.0
2024-10-02,513,South,25193,15816.0,08:54:00,08:55:44,08:56:09,3,2164,Ash Way Park & Ride Bay 1,2.0,0.0
2024-10-02,513,South,25193,15816.0,09:07:00,09:04:02,09:04:02,4,2114,Lynnwood City Center Station Bay D2,0.0,3.0
2024-10-03,513,North,25178,91715.0,15:07:00,15:10:00,15:10:00,0,2543,Lynnwood City Center Station Bay D4,5.0,0.0
2024-10-03,513,North,25178,91715.0,15:14:00,15:15:59,15:16:40,1,2163,Ash Way Park & Ride Bay 4,0.0,4.0
2024-10-03,513,North,25178,91715.0,15:26:00,15:32:41,15:32:56,2,2144,Eastmont Park & Ride Bay 1,0.0,1.0
2024-10-03,513,North,25178,91715.0,,15:39:22,15:39:35,3,1765,W Casino Rd & Evergreen Way,0.0,0.0
2024-10-03,513,North,25178,91715.0,15:48:00,15:47:07,15:47:07,4,3190,Seaway Transit Center Bay 11,0.0,0.0
2024-10-03,513,North,25179,91731.0,15:37:00,15:38:28,15:38:28,0,2543,Lynnwood City Center Station Bay D4,2.0,0.0
2024-10-03,513,North,25179,91731.0,15:44:00,15:45:53,15:46:14,1,2163,Ash Way Park & Ride Bay 4,0.0,2.0
2024-10-03,513,North,25179,91731.0,15:57:00,15:58:21,15:58:44,2,2144,Eastmont Park & Ride Bay 1,2.0,0.0
2024-10-03,513,North,25179,91731.0,,16:06:04,16:06:28,3,1765,W Casino Rd & Evergreen Way,0.0,2.0
2024-10-03,513,North,25179,91731.0,16:19:00,16:14:04,16:14:04,4,3190,Seaway Transit Center Bay 11,0.0,0.0
2024-10-03,513,North,25180,91714.0,16:07:00,16:08:41,16:08:41,0,2543,Lynnwood City Center Station Bay D4,7.0,0.0
2024-10-03,513,North,25180,91714.0,16:14:00,16:14:59,16:15:21,1,2163,Ash Way Park & Ride Bay 4,0.0,6.0
2024-10-03,513,North,25180,91714.0,16:28:00,16:35:24,16:37:38,2,2144,Eastmont Park & Ride Bay 1,2.0,3.0
2024-10-03,513,North,25180,91714.0,,16:44:38,16:44:38,3,1765,W Casino Rd & Evergreen Way,0.0,0.0
2024-10-03,513,North,25180,91714.0,16:50:00,16:51:50,16:51:50,4,3190,Seaway Transit Center Bay 11,0.0,0.0
2024-10-03,513,North,25181,91728.0,16:37:00,16:37:09,16:37:09,0,2543,Lynnwood City Center Station Bay D4,1.0,0.0
2024-10-03,513,North,25181,91728.0,16:44:00,16:44:31,16:44:46,1,2163,Ash Way Park & Ride Bay 4,0.0,0.0
2024-10-03,513,North,25181,91728.0,16:58:00,17:02:04,17:02:31,2,2144,Eastmont Park & Ride Bay 1,0.0,1.0
2024-10-03,513,North,25181,91728.0,,17:09:06,17:09:06,3,1765,W Casino Rd & Evergreen Way,0.0,0.0
2024-10-03,513,North,25181,91728.0,17:20:00,17:17:28,17:17:28,4,3190,Seaway Transit Center Bay 11,0.0,0.0
2024-10-03,513,North,25182,17865.0,17:07:00,17:07:06,17:07:06,0,2543,Lynnwood City Center Station Bay D4,7.0,0.0
2024-10-03,513,North,25182,17865.0,17:14:00,17:13:57,17:14:23,1,2163,Ash Way Park & Ride Bay 4,0.0,5.0
2024-10-03,513,North,25182,17865.0,17:28:00,17:31:28,17:31:45,2,2144,Eastmont Park & Ride Bay 1,0.0,2.0
2024-10-03,513,North,25182,17865.0,,17:37:17,17:37:17,3,1765,W Casino Rd & Evergreen Way,0.0,0.0
2024-10-03,513,North,25182,17865.0,17:50:00,17:44:10,17:44:10,4,3190,Seaway Transit Center Bay 11,0.0,0.0
2024-10-03,513,North,25183,19816.0,17:37:00,17:37:13,17:37:13,0,2543,Lynnwood City Center Station Bay D4,11.0,0.0
2024-10-03,513,North,25183,19816.0,17:44:00,17:43:22,17:43:55,1,2163,Ash Way Park & Ride Bay 4,0.0,8.0
2024-10-03,513,North,25183,19816.0,17:58:00,17:59:50,18:00:01,2,2144,Eastmont Park & Ride Bay 1,0.0,0.0
2024-10-03,513,North,25183,19816.0,,18:06:49,18:07:03,3,1765,W Casino Rd & Evergreen Way,0.0,1.0
2024-10-03,513,North,25183,19816.0,18:20:00,18:14:14,18:14:14,4,3190,Seaway Transit Center Bay 11,0.0,2.0
2024-10-03,513,North,25184,91727.0,18:07:00,18:08:53,18:08:53,0,2543,Lynnwood City Center Station Bay D4,9.0,0.0
2024-10-03,513,North,25184,91727.0,18:14:00,18:15:56,18:16:27,1,2163,Ash Way Park & Ride Bay 4,1.0,6.0
2024-10-03,513,North,25184,91727.0,18:27:00,18:34:22,18:34:39,2,2144,Eastmont Park & Ride Bay 1,0.0,2.0
2024-10-03,513,North,25184,91727.0,,18:39:59,18:40:17,3,1765,W Casino Rd & Evergreen Way,0.0,2.0
2024-10-03,513,North,25184,91727.0,18:47:00,18:47:29,18:47:29,4,3190,Seaway Transit Center Bay 11,0.0,0.0
2024-10-03,513,North,25185,91702.0,18:37:00,18:37:26,18:37:26,0,2543,Lynnwood City Center Station Bay D4,7.0,0.0
2024-10-03,513,North,25185,91702.0,18:44:00,18:45:50,18:46:20,1,2163,Ash Way Park & Ride Bay 4,0.0,5.0
2024-10-03,513,North,25185,91702.0,18:56:00,19:05:24,19:05:34,2,2144,Eastmont Park & Ride Bay 1,0.0,0.0
2024-10-03,513,North,25185,91702.0,,19:11:38,19:11:58,3,1765,W Casino Rd & Evergreen Way,0.0,2.0
2024-10-03,513,North,25185,91702.0,19:14:00,19:19:18,19:19:18,4,3190,Seaway Transit Center Bay 11,0.0,0.0
2024-10-03,513,South,25186,91902.0,05:00:00,05:00:15,05:00:15,0,3190,Seaway Transit Center Bay 11,0.0,0.0
2024-10-03,513,South,25186,91902.0,,05:04:45,05:05:04,1,394,W Casino Rd & Evergreen Way,1.0,0.0
2024-10-03,513,South,25186,91902.0,05:10:00,05:09:25,05:09:41,2,2144,Eastmont Park & Ride Bay 1,1.0,0.0
2024-10-03,513,South,25186,91902.0,05:21:00,05:20:03,05:20:48,3,2164,Ash Way Park & Ride Bay 1,10.0,0.0
2024-10-03,513,South,25186,91902.0,05:32:00,05:26:52,05:26:52,4,2114,Lynnwood City Center Station Bay D2,0.0,12.0
2024-10-03,513,South,25187,91730.0,05:30:00,05:30:29,05:30:29,0,3190,Seaway Transit Center Bay 11,1.0,0.0
2024-10-03,513,South,25187,91730.0,,05:36:29,05:36:53,1,394,W Casino Rd & Evergreen Way,0.0,0.0
2024-10-03,513,South,25187,91730.0,05:40:00,05:42:27,05:42:41,2,2144,Eastmont Park & Ride Bay 1,0.0,0.0
2024-10-03,513,South,25187,91730.0,05:52:00,05:54:17,05:54:44,3,2164,Ash Way Park & Ride Bay 1,1.0,2.0
2024-10-03,513,South,25187,91730.0,06:03:00,06:01:19,06:01:19,4,2114,Lynnwood City Center Station Bay D2,0.0,0.0
2024-10-03,513,South,25188,91503.0,06:00:00,06:00:13,06:00:13,0,3190,Seaway Transit Center Bay 11,1.0,0.0
2024-10-03,513,South,25188,91503.0,,06:06:06,06:06:41,1,394,W Casino Rd & Evergreen Way,5.0,0.0
2024-10-03,513,South,25188,91503.0,06:10:00,06:12:53,06:13:04,2,2144,Eastmont Park & Ride Bay 1,0.0,0.0
2024-10-03,513,South,25188,91503.0,06:23:00,06:26:05,06:26:52,3,2164,Ash Way Park & Ride Bay 1,3.0,2.0
2024-10-03,513,South,25188,91503.0,06:38:00,06:33:51,06:33:51,4,2114,Lynnwood City Center Station Bay D2,0.0,7.0
2024-10-03,513,South,25189,17854.0,06:30:00,06:30:08,06:30:08,0,3190,Seaway Transit Center Bay 11,0.0,0.0
2024-10-03,513,South,25189,17854.0,,06:34:53,06:35:15,1,394,W Casino Rd & Evergreen Way,3.0,0.0
2024-10-03,513,South,25189,17854.0,06:41:00,06:40:47,06:41:12,2,2144,Eastmont Park & Ride Bay 1,3.0,0.0
2024-10-03,513,South,25189,17854.0,06:54:00,06:52:47,06:54:11,3,2164,Ash Way Park & Ride Bay 1,5.0,1.0
2024-10-03,513,South,25189,17854.0,07:09:00,07:01:30,07:01:30,4,2114,Lynnwood City Center Station Bay D2,0.0,10.0
2024-10-03,513,South,25190,15815.0,07:00:00,07:00:20,07:00:20,0,3190,Seaway Transit Center Bay 11,0.0,0.0
2024-10-03,513,South,25190,15815.0,,07:05:51,07:06:20,1,394,W Casino Rd & Evergreen Way,1.0,0.0
2024-10-03,513,South,25190,15815.0,07:11:00,07:13:25,07:13:37,2,2144,Eastmont Park & Ride Bay 1,0.0,0.0
2024-10-03,513,South,25190,15815.0,07:24:00,07:28:25,07:28:54,3,2164,Ash Way Park & Ride Bay 1,3.0,0.0
2024-10-03,513,South,25190,15815.0,07:41:00,07:38:29,07:38:29,4,2114,Lynnwood City Center Station Bay D2,0.0,4.0
2024-10-03,513,South,25191,19853.0,07:30:00,07:30:12,07:30:12,0,3190,Seaway Transit Center Bay 11,0.0,0.0
2024-10-03,513,South,25191,19853.0,,07:36:28,07:36:58,1,394,W Casino Rd & Evergreen Way,2.0,0.0
2024-10-03,513,South,25191,19853.0,07:41:00,07:43:55,07:44:15,2,2144,Eastmont Park & Ride Bay 1,2.0,0.0
2024-10-03,513,South,25191,19853.0,07:54:00,08:00:06,08:00:29,3,2164,Ash Way Park & Ride Bay 1,2.0,0.0
2024-10-03,513,South,25191,19853.0,08:11:00,08:08:04,08:08:04,4,2114,Lynnwood City Center Station Bay D2,0.0,6.0
2024-10-03,513,South,25192,91715.0,08:00:00,07:59:08,07:59:08,0,3190,Seaway Transit Center Bay 11,0.0,0.0
2024-10-03,513,South,25192,91715.0,,08:04:16,08:04:41,1,394,W Casino Rd & Evergreen Way,1.0,0.0
2024-10-03,513,South,25192,91715.0,08:11:00,08:10:32,08:10:52,2,2144,Eastmont Park & Ride Bay 1,2.0,0.0
2024-10-03,513,South,25192,91715.0,08:24:00,08:22:28,08:23:11,3,2164,Ash Way Park & Ride Bay 1,2.0,0.0
2024-10-03,513,South,25192,91715.0,08:37:00,08:30:10,08:30:10,4,2114,Lynnwood City Center Station Bay D2,0.0,5.0
2024-10-03,513,South,25193,19851.0,08:30:00,08:30:27,08:30:27,0,3190,Seaway Transit Center Bay 11,0.0,0.0
2024-10-03,513,South,25193,19851.0,,08:36:27,08:36:57,1,394,W Casino Rd & Evergreen Way,1.0,0.0
2024-10-03,513,South,25193,19851.0,08:41:00,08:43:29,08:43:37,2,2144,Eastmont Park & Ride Bay 1,0.0,0.0
2024-10-03,513,South,25193,19851.0,08:54:00,08:55:37,08:56:02,3,2164,Ash Way Park & Ride Bay 1,2.0,0.0
2024-10-03,513,South,25193,19851.0,09:07:00,09:02:45,09:02:45,4,2114,Lynnwood City Center Station Bay D2,0.0,3.0
2024-10-04,513,North,25178,91702.0,15:07:00,15:07:38,15:07:38,0,2543,Lynnwood City Center Station Bay D4,0.0,0.0
2024-10-04,513,North,25178,91702.0,15:14:00,15:14:30,15:14:39,1,2163,Ash Way Park & Ride Bay 4,0.0,0.0
2024-10-04,513,North,25178,91702.0,15:26:00,15:28:16,15:28:30,2,2144,Eastmont Park & Ride Bay 1,0.0,0.0
2024-10-04,513,North,25178,91702.0,,15:32:21,15:32:34,3,1765,W Casino Rd & Evergreen Way,0.0,0.0
2024-10-04,513,North,25178,91702.0,15:48:00,15:40:06,15:40:06,4,3190,Seaway Transit Center Bay 11,0.0,0.0
2024-10-04,513,North,25179,17865.0,15:37:00,15:38:07,15:38:07,0,2543,Lynnwood City Center Station Bay D4,4.0,0.0
2024-10-04,513,North,25179,17865.0,15:44:00,15:44:17,15:44:43,1,2163,Ash Way Park & Ride Bay 4,0.0,3.0
2024-10-04,513,North,25179,17865.0,15:57:00,15:57:30,15:57:40,2,2144,Eastmont Park & Ride Bay 1,0.0,0.0
2024-10-04,513,North,25179,17865.0,,16:02:34,16:02:50,3,1765,W Casino Rd & Evergreen Way,0.0,1.0
2024-10-04,513,North,25179,17865.0,16:19:00,16:09:27,16:09:27,4,3190,Seaway Transit Center Bay 11,0.0,0.0
2024-10-04,513,North,25180,91722.0,16:07:00,16:08:00,16:08:00,0,2543,Lynnwood City Center Station Bay D4,8.0,0.0
2024-10-04,513,North,25180,91722.0,16:14:00,16:13:52,16:14:16,1,2163,Ash Way Park & Ride Bay 4,0.0,5.0
2024-10-04,513,North,25180,91722.0,16:28:00,16:28:11,16:28:28,2,2144,Eastmont Park & Ride Bay 1,0.0,2.0
2024-10-04,513,North,25180,91722.0,,16:36:54,16:36:54,3,1765,W Casino Rd & Evergreen Way,0.0,0.0
2024-10-04,513,North,25180,91722.0,16:50:00,16:43:48,16:43:48,4,3190,Seaway Transit Center Bay 11,0.0,1.0
2024-10-04,513,North,25181,91706.0,16:37:00,16:37:55,16:37:55,0,2543,Lynnwood City Center Station Bay D4,0.0,0.0
2024-10-04,513,North,25181,91706.0,16:44:00,16:43:51,16:44:23,1,2163,Ash Way Park & Ride Bay 4,0.0,0.0
2024-10-04,513,North,25181,91706.0,16:58:00,17:00:42,17:01:01,2,2144,Eastmont Park & Ride Bay 1,0.0,0.0
2024-10-04,513,North,25181,91706.0,,17:08:38,17:08:56,3,1765,W Casino Rd & Evergreen Way,0.0,0.0
2024-10-04,513,North,25181,91706.0,17:20:00,17:15:50,17:15:50,4,3190,Seaway Transit Center Bay 11,0.0,0.0
2024-10-04,513,North,25182,19822.0,17:07:00,17:07:31,17:07:31,0,2543,Lynnwood City Center Station Bay D4,10.0,0.0
2024-10-04,513,North,25182,19822.0,17:14:00,17:14:26,17:14:59,1,2163,Ash Way Park & Ride Bay 4,0.0,7.0
2024-10-04,513,North,25182,19822.0,17:28:00,17:30:02,17:30:37,2,2144,Eastmont Park & Ride Bay 1,0.0,0.0
2024-10-04,513,North,25182,19822.0,,17:36:40,17:36:51,3,1765,W Casino Rd & Evergreen Way,0.0,1.0
2024-10-04,513,North,25182,19822.0,17:50:00,17:44:15,17:44:15,4,3190,Seaway Transit Center Bay 11,0.0,2.0
2024-10-04,513,North,25183,15804.0,17:37:00,17:37:53,17:37:53,0,2543,Lynnwood City Center Station Bay D4,4.0,0.0
2024-10-04,513,North,25183,15804.0,17:44:00,17:43:17,17:43:44,1,2163,Ash Way Park & Ride Bay 4,1.0,1.0
2024-10-04,513,North,25183,15804.0,17:58:00,17:58:13,17:58:31,2,2144,Eastmont Park & Ride Bay 1,0.0,1.0
2024-10-04,513,North,25183,15804.0,,18:04:35,18:04:52,3,1765,W Casino Rd & Evergreen Way,0.0,3.0
2024-10-04,513,North,25183,15804.0,18:20:00,18:12:21,18:12:21,4,3190,Seaway Transit Center Bay 11,0.0,0.0
2024-10-04,513,North,25184,19852.0,18:07:00,18:07:53,18:07:53,0,2543,Lynnwood City Center Station Bay D4,5.0,0.0
2024-10-04,513,North,25184,19852.0,18:14:00,18:14:20,18:14:44,1,2163,Ash Way Park & Ride Bay 4,0.0,1.0
2024-10-04,513,North,25184,19852.0,18:27:00,18:30:04,18:30:19,2,2144,Eastmont Park & Ride Bay 1,0.0,1.0
2024-10-04,513,North,25184,19852.0,,18:36:16,18:36:27,3,1765,W Casino Rd & Evergreen Way,0.0,0.0
2024-10-04,513,North,25184,19852.0,18:47:00,18:44:09,18:44:09,4,3190,Seaway Transit Center Bay 11,0.0,3.0
2024-10-04,513,North,25185,15814.0,18:37:00,18:37:17,18:37:17,0,2543,Lynnwood City Center Station Bay D4,8.0,0.0
2024-10-04,513,North,25185,15814.0,18:44:00,18:43:11,18:43:36,1,2163,Ash Way Park & Ride Bay 4,1.0,5.0
2024-10-04,513,North,25185,15814.0,18:56:00,18:57:34,18:57:45,2,2144,Eastmont Park & Ride Bay 1,0.0,0.0
2024-10-04,513,North,25185,15814.0,,19:04:29,19:04:58,3,1765,W Casino Rd & Evergreen Way,0.0,3.0
2024-10-04,513,North,25185,15814.0,19:14:00,19:12:59,19:12:59,4,3190,Seaway Transit Center Bay 11,0.0,1.0
2024-10-04,513,South,25186,91711.0,05:00:00,05:00:47,05:00:47,0,3190,Seaway Transit Center Bay 11,0.0,0.0
2024-10-04,513,South,25186,91711.0,,05:05:22,05:05:22,1,394,W Casino Rd & Evergreen Way,0.0,0.0
2024-10-04,513,South,25186,91711.0,05:10:00,05:11:38,05:11:53,2,2144,Eastmont Park & Ride Bay 1,1.0,0.0
2024-10-04,513,South,25186,91711.0,05:21:00,05:21:20,05:21:59,3,2164,Ash Way Park & Ride Bay 1,4.0,0.0
2024-10-04,513,South,25186,91711.0,05:32:00,05:47:38,05:47:38,4,2114,Lynnwood City Center Station Bay D2,0.0,5.0
2024-10-04,513,South,25187,91909.0,05:30:00,05:31:37,05:31:37,0,3190,Seaway Transit Center Bay 11,1.0,0.0
2024-10-04,513,South,25187,91909.0,,05:37:30,05:37:30,1,394,W Casino Rd & Evergreen Way,0.0,0.0
2024-10-04,513,South,25187,91909.0,05:40:00,05:44:00,05:45:04,2,2144,Eastmont Park & Ride Bay 1,0.0,0.0
2024-10-04,513,South,25187,91909.0,05:52:00,05:55:49,05:56:12,3,2164,Ash Way Park & Ride Bay 1,4.0,1.0
2024-10-04,513,South,25187,91909.0,06:03:00,06:15:30,06:15:30,4,2114,Lynnwood City Center Station Bay D2,0.0,4.0
2024-10-04,513,South,25188,91705.0,06:00:00,06:00:12,06:00:12,0,3190,Seaway Transit Center Bay 11,0.0,0.0
2024-10-04,513,South,25188,91705.0,,06:06:43,06:07:05,1,394,W Casino Rd & Evergreen Way,2.0,0.0
2024-10-04,513,South,25188,91705.0,06:10:00,06:13:27,06:13:38,2,2144,Eastmont Park & Ride Bay 1,0.0,0.0
2024-10-04,513,South,25188,91705.0,06:23:00,06:24:54,06:25:19,3,2164,Ash Way Park & Ride Bay 1,3.0,1.0
2024-10-04,513,South,25188,91705.0,06:38:00,06:32:46,06:32:46,4,2114,Lynnwood City Center Station Bay D2,0.0,4.0
2024-10-04,513,South,25189,15814.0,06:30:00,06:30:16,06:30:16,0,3190,Seaway Transit Center Bay 11,0.0,0.0
2024-10-04,513,South,25189,15814.0,,06:35:04,06:35:22,1,394,W Casino Rd & Evergreen Way,4.0,0.0
2024-10-04,513,South,25189,15814.0,06:41:00,06:41:01,06:41:27,2,2144,Eastmont Park & Ride Bay 1,3.0,0.0
2024-10-04,513,South,25189,15814.0,06:54:00,06:53:22,06:54:08,3,2164,Ash Way Park & Ride Bay 1,4.0,1.0
2024-10-04,513,South,25189,15814.0,07:09:00,07:01:38,07:01:38,4,2114,Lynnwood City Center Station Bay D2,0.0,10.0
2024-10-04,513,South,25190,19851.0,07:00:00,07:00:17,07:00:17,0,3190,Seaway Transit Center Bay 11,0.0,0.0
2024-10-04,513,South,25190,19851.0,,07:06:26,07:07:01,1,394,W Casino Rd & Evergreen Way,2.0,0.0
2024-10-04,513,South,25190,19851.0,07:11:00,07:15:05,07:15:35,2,2144,Eastmont Park & Ride Bay 1,1.0,0.0
2024-10-04,513,South,25190,19851.0,07:24:00,07:34:28,07:35:26,3,2164,Ash Way Park & Ride Bay 1,8.0,3.0
2024-10-04,513,South,25190,19851.0,07:41:00,07:43:53,07:43:53,4,2114,Lynnwood City Center Station Bay D2,0.0,8.0
2024-10-04,513,South,25191,15804.0,07:30:00,07:30:13,07:30:13,0,3190,Seaway Transit Center Bay 11,0.0,0.0
2024-10-04,513,South,25191,15804.0,,07:37:32,07:38:02,1,394,W Casino Rd & Evergreen Way,1.0,0.0
2024-10-04,513,South,25191,15804.0,07:41:00,07:45:41,07:45:49,2,2144,Eastmont Park & Ride Bay 1,0.0,0.0
2024-10-04,513,South,25191,15804.0,07:54:00,08:01:30,08:02:05,3,2164,Ash Way Park & Ride Bay 1,4.0,0.0
2024-10-04,513,South,25191,15804.0,08:11:00,08:09:34,08:09:34,4,2114,Lynnwood City Center Station Bay D2,0.0,5.0
2024-10-04,513,South,25192,91912.0,08:00:00,07:59:13,07:59:13,0,3190,Seaway Transit Center Bay 11,0.0,0.0
2024-10-04,513,South,25192,91912.0,,08:04:03,08:04:31,1,394,W Casino Rd & Evergreen Way,1.0,0.0
2024-10-04,513,South,25192,91912.0,08:11:00,08:11:30,08:11:51,2,2144,Eastmont Park & Ride Bay 1,1.0,0.0
2024-10-04,513,South,25192,91912.0,08:24:00,08:26:37,08:27:07,3,2164,Ash Way Park & Ride Bay 1,3.0,0.0
2024-10-04,513,South,25192,91912.0,08:37:00,08:35:38,08:35:38,4,2114,Lynnwood City Center Station Bay D2,0.0,5.0
2024-10-04,513,South,25193,19850.0,08:30:00,08:30:50,08:30:50,0,3190,Seaway Transit Center Bay 11,0.0,0.0
2024-10-04,513,South,25193,19850.0,,08:37:22,08:38:04,1,394,W Casino Rd & Evergreen Way,1.0,0.0
2024-10-04,513,South,25193,19850.0,08:41:00,08:44:01,08:44:12,2,2144,Eastmont Park & Ride Bay 1,0.0,0.0
2024-10-04,513,South,25193,19850.0,08:54:00,08:57:54,08:58:37,3,2164,Ash Way Park & Ride Bay 1,4.0,0.0
2024-10-04,513,South,25193,19850.0,09:07:00,09:05:37,09:05:37,4,2114,Lynnwood City Center Station Bay D2,0.0,5.0
2024-10-07,513,North,25178,91906.0,15:07:00,15:07:04,15:07:04,0,2543,Lynnwood City Center Station Bay D4,0.0,0.0
2024-10-07,513,North,25178,91906.0,15:14:00,15:13:26,15:13:51,1,2163,Ash Way Park & Ride Bay 4,0.0,0.0
2024-10-07,513,North,25178,91906.0,15:26:00,15:25:21,15:25:21,2,2144,Eastmont Park & Ride Bay 1,0.0,0.0
2024-10-07,513,North,25178,91906.0,,15:30:10,15:30:10,3,1765,W Casino Rd & Evergreen Way,0.0,0.0
2024-10-07,513,North,25178,91906.0,15:48:00,15:36:49,15:36:49,4,3190,Seaway Transit Center Bay 11,0.0,0.0
2024-10-07,513,North,25179,91503.0,15:37:00,15:37:31,15:37:31,0,2543,Lynnwood City Center Station Bay D4,3.0,0.0
2024-10-07,513,North,25179,91503.0,15:44:00,15:43:52,15:44:15,1,2163,Ash Way Park & Ride Bay 4,1.0,1.0
2024-10-07,513,North,25179,91503.0,15:57:00,16:00:46,16:01:03,2,2144,Eastmont Park & Ride Bay 1,0.0,1.0
2024-10-07,513,North,25179,91503.0,,16:06:20,16:06:32,3,1765,W Casino Rd & Evergreen Way,0.0,0.0
2024-10-07,513,North,25179,91503.0,16:19:00,16:14:09,16:14:09,4,3190,Seaway Transit Center Bay 11,0.0,2.0
2024-10-07,513,North,25180,91902.0,16:07:00,16:07:56,16:07:56,0,2543,Lynnwood City Center Station Bay D4,9.0,0.0
2024-10-07,513,North,25180,91902.0,16:14:00,16:13:57,16:14:29,1,2163,Ash Way Park & Ride Bay 4,0.0,8.0
2024-10-07,513,North,25180,91902.0,16:28:00,16:31:58,16:32:17,2,2144,Eastmont Park & Ride Bay 1,0.0,0.0
2024-10-07,513,North,25180,91902.0,,16:38:21,16:38:56,3,1765,W Casino Rd & Evergreen Way,0.0,1.0
2024-10-07,513,North,25180,91902.0,16:50:00,16:45:42,16:45:42,4,3190,Seaway Transit Center Bay 11,0.0,0.0
2024-10-07,513,North,25181,15816.0,16:37:00,16:39:37,16:39:37,0,2543,Lynnwood City Center Station Bay D4,7.0,0.0
2024-10-07,513,North,25181,15816.0,16:44:00,16:45:53,16:47:01,1,2163,Ash Way Park & Ride Bay 4,0.0,2.0
2024-10-07,513,North,25181,15816.0,16:58:00,17:06:21,17:06:35,2,2144,Eastmont Park & Ride Bay 1,0.0,0.0
2024-10-07,513,North,25181,15816.0,,17:12:38,17:13:07,3,1765,W Casino Rd & Evergreen Way,0.0,4.0
2024-10-07,513,North,25181,15816.0,17:20:00,17:20:50,17:20:50,4,3190,Seaway Transit Center Bay 11,0.0,1.0
2024-10-07,513,North,25182,17865.0,17:07:00,17:07:41,17:07:41,0,2543,Lynnwood City Center Station Bay D4,7.0,0.0
2024-10-07,513,North,25182,17865.0,17:14:00,17:15:01,17:15:23,1,2163,Ash Way Park & Ride Bay 4,0.0,6.0
2024-10-07,513,North,25182,17865.0,17:28:00,17:29:50,17:29:50,2,2144,Eastmont Park & Ride Bay 1,0.0,0.0
2024-10-07,513,North,25182,17865.0,,17:36:19,17:36:31,3,1765,W Casino Rd & Evergreen Way,0.0,1.0
2024-10-07,513,North,25182,17865.0,17:50:00,17:43:01,17:43:01,4,3190,Seaway Transit Center Bay 11,0.0,0.0
2024-10-07,513,North,25183,19851.0,17:37:00,17:37:17,17:37:17,0,2543,Lynnwood City Center Station Bay D4,5.0,0.0
2024-10-07,513,North,25183,19851.0,17:44:00,17:43:12,17:43:37,1,2163,Ash Way Park & Ride Bay 4,0.0,4.0
2024-10-07,513,North,25183,19851.0,17:58:00,17:59:36,17:59:51,2,2144,Eastmont Park & Ride Bay 1,0.0,0.0
2024-10-07,513,North,25183,19851.0,,18:04:59,18:04:59,3,1765,W Casino Rd & Evergreen Way,0.0,0.0
2024-10-07,513,North,25183,19851.0,18:20:00,18:11:56,18:11:56,4,3190,Seaway Transit Center Bay 11,0.0,1.0
2024-10-07,513,North,25184,15809.0,18:07:00,18:08:14,18:08:14,0,2543,Lynnwood City Center Station Bay D4,6.0,0.0
2024-10-07,513,North,25184,15809.0,18:14:00,18:15:14,18:15:33,1,2163,Ash Way Park & Ride Bay 4,0.0,2.0
2024-10-07,513,North,25184,15809.0,18:27:00,18:32:40,18:32:55,2,2144,Eastmont Park & Ride Bay 1,0.0,2.0
2024-10-07,513,North,25184,15809.0,,18:39:50,18:40:08,3,1765,W Casino Rd & Evergreen Way,0.0,1.0
2024-10-07,513,North,25184,15809.0,18:47:00,18:47:05,18:47:05,4,3190,Seaway Transit Center Bay 11,0.0,1.0
2024-10-07,513,North,25185,19813.0,18:37:00,18:37:11,18:37:11,0,2543,Lynnwood City Center Station Bay D4,5.0,0.0
2024-10-07,513,North,25185,19813.0,18:44:00,18:42:55,18:43:05,1,2163,Ash Way Park & Ride Bay 4,0.0,0.0
2024-10-07,513,North,25185,19813.0,18:56:00,18:55:49,18:56:07,2,2144,Eastmont Park & Ride Bay 1,0.0,3.0
2024-10-07,513,North,25185,19813.0,,19:02:20,19:02:35,3,1765,W Casino Rd & Evergreen Way,0.0,2.0
2024-10-07,513,North,25185,19813.0,19:14:00,19:12:34,19:12:34,4,3190,Seaway Transit Center Bay 11,0.0,0.0
2024-10-07,513,South,25186,91723.0,05:00:00,05:00:37,05:00:37,0,3190,Seaway Transit Center Bay 11,0.0,0.0
2024-10-07,513,South,25186,91723.0,,05:05:31,05:05:47,1,394,W Casino Rd & Evergreen Way,1.0,0.0
2024-10-07,513,South,25186,91723.0,05:10:00,05:10:29,05:10:58,2,2144,Eastmont Park & Ride Bay 1,2.0,0.0
2024-10-07,513,South,25186,91723.0,05:21:00,05:20:46,05:21:06,3,2164,Ash Way Park & Ride Bay 1,0.0,1.0
2024-10-07,513,South,25186,91723.0,05:32:00,05:27:08,05:27:08,4,2114,Lynnwood City Center Station Bay D2,0.0,2.0
2024-10-07,513,South,25187,91707.0,05:30:00,05:31:01,05:31:01,0,3190,Seaway Transit Center Bay 11,1.0,0.0
2024-10-07,513,South,25187,91707.0,,05:36:49,05:37:08,1,394,W Casino Rd & Evergreen Way,1.0,0.0
2024-10-07,513,South,25187,91707.0,05:40:00,05:42:27,05:42:35,2,2144,Eastmont Park & Ride Bay 1,0.0,0.0
2024-10-07,513,South,25187,91707.0,05:52:00,05:53:35,05:54:01,3,2164,Ash Way Park & Ride Bay 1,3.0,1.0
2024-10-07,513,South,25187,91707.0,06:03:00,06:00:04,06:00:04,4,2114,Lynnwood City Center Station Bay D2,0.0,4.0
2024-10-07,513,South,25188,91907.0,06:00:00,06:00:19,06:00:19,0,3190,Seaway Transit Center Bay 11,0.0,0.0
2024-10-07,513,South,25188,91907.0,,06:06:38,06:07:03,1,394,W Casino Rd & Evergreen Way,2.0,0.0
2024-10-07,513,South,25188,91907.0,06:10:00,06:11:45,06:11:59,2,2144,Eastmont Park & Ride Bay 1,0.0,0.0
2024-10-07,513,South,25188,91907.0,06:23:00,06:24:30,06:24:49,3,2164,Ash Way Park & Ride Bay 1,1.0,1.0
2024-10-07,513,South,25188,91907.0,06:38:00,06:57:12,06:57:12,4,2114,Lynnwood City Center Station Bay D2,0.0,2.0
2024-10-07,513,South,25189,19811.0,06:30:00,06:30:37,06:30:37,0,3190,Seaway Transit Center Bay 11,0.0,0.0
2024-10-07,513,South,25189,19811.0,,06:36:55,06:37:27,1,394,W Casino Rd & Evergreen Way,4.0,0.0
2024-10-07,513,South,25189,19811.0,06:41:00,06:43:55,06:44:16,2,2144,Eastmont Park & Ride Bay 1,1.0,0.0
2024-10-07,513,South,25189,19811.0,06:54:00,06:57:48,06:58:21,3,2164,Ash Way Park & Ride Bay 1,0.0,2.0
2024-10-07,513,South,25189,19811.0,07:09:00,07:05:24,07:05:24,4,2114,Lynnwood City Center Station Bay D2,0.0,3.0
2024-10-07,513,South,25190,17857.0,07:00:00,07:00:15,07:00:15,0,3190,Seaway Transit Center Bay 11,0.0,0.0
2024-10-07,513,South,25190,17857.0,,07:06:04,07:06:25,1,394,W Casino Rd & Evergreen Way,0.0,0.0
2024-10-07,513,South,25190,17857.0,07:11:00,07:14:39,07:15:26,2,2144,Eastmont Park & Ride Bay 1,1.0,1.0
2024-10-07,513,South,25190,17857.0,07:24:00,07:28:54,07:30:37,3,2164,Ash Way Park & Ride Bay 1,11.0,0.0
2024-10-07,513,South,25190,17857.0,07:41:00,07:38:27,07:38:27,4,2114,Lynnwood City Center Station Bay D2,0.0,11.0
2024-10-07,513,South,25191,15812.0,07:30:00,07:30:12,07:30:12,0,3190,Seaway Transit Center Bay 11,0.0,0.0
2024-10-07,513,South,25191,15812.0,,07:34:58,07:35:18,1,394,W Casino Rd & Evergreen Way,1.0,0.0
2024-10-07,513,South,25191,15812.0,07:41:00,07:42:16,07:42:28,2,2144,Eastmont Park & Ride Bay 1,0.0,0.0
2024-10-07,513,South,25191,15812.0,07:54:00,07:55:21,07:55:51,3,2164,Ash Way Park & Ride Bay 1,3.0,0.0
2024-10-07,513,South,25191,15812.0,08:11:00,08:03:59,08:03:59,4,2114,Lynnwood City Center Station Bay D2,0.0,4.0
2024-10-07,513,South,25192,91706.0,08:00:00,07:59:49,07:59:49,0,3190,Seaway Transit Center Bay 11,0.0,0.0
2024-10-07,513,South,25192,91706.0,,08:05:02,08:05:02,1,394,W Casino Rd & Evergreen Way,0.0,0.0
2024-10-07,513,South,25192,91706.0,08:11:00,08:10:56,08:11:34,2,2144,Eastmont Park & Ride Bay 1,0.0,0.0
2024-10-07,513,South,25192,91706.0,08:24:00,08:23:05,08:23:25,3,2164,Ash Way Park & Ride Bay 1,0.0,0.0
2024-10-07,513,South,25192,91706.0,08:37:00,08:29:46,08:29:46,4,2114,Lynnwood City Center Station Bay D2,0.0,0.0
2024-10-07,513,South,25193,91909.0,08:30:00,08:30:25,08:30:25,0,3190,Seaway Transit Center Bay 11,1.0,0.0
2024-10-07,513,South,25193,91909.0,,08:37:02,08:37:26,1,394,W Casino Rd & Evergreen Way,2.0,0.0
2024-10-07,513,South,25193,91909.0,08:41:00,08:42:44,08:43:09,2,2144,Eastmont Park & Ride Bay 1,2.0,0.0
2024-10-07,513,South,25193,91909.0,08:54:00,08:54:12,08:54:33,3,2164,Ash Way Park & Ride Bay 1,2.0,0.0
2024-10-07,513,South,25193,91909.0,09:07:00,09:00:43,09:00:43,4,2114,Lynnwood City Center Station Bay D2,0.0,7.0
2024-10-08,513,North,25178,91724.0,15:07:00,15:08:26,15:08:26,0,2543,Lynnwood City Center Station Bay D4,6.0,0.0
2024-10-08,513,North,25178,91724.0,15:14:00,15:14:25,15:14:44,1,2163,Ash Way Park & Ride Bay 4,0.0,6.0
2024-10-08,513,North,25178,91724.0,15:26:00,15:30:04,15:30:04,2,2144,Eastmont Park & Ride Bay 1,0.0,0.0
2024-10-08,513,North,25178,91724.0,,15:36:18,15:36:25,3,1765,W Casino Rd & Evergreen Way,0.0,0.0
2024-10-08,513,North,25178,91724.0,15:48:00,15:46:04,15:46:04,4,3190,Seaway Transit Center Bay 11,0.0,0.0
2024-10-08,513,North,25179,91908.0,15:37:00,15:38:01,15:38:01,0,2543,Lynnwood City Center Station Bay D4,5.0,0.0
2024-10-08,513,North,25179,91908.0,15:44:00,15:44:01,15:44:27,1,2163,Ash Way Park & Ride Bay 4,0.0,5.0
2024-10-08,513,North,25179,91908.0,15:57:00,16:01:37,16:01:46,2,2144,Eastmont Park & Ride Bay 1,0.0,0.0
2024-10-08,513,North,25179,91908.0,,16:08:20,16:08:20,3,1765,W Casino Rd & Evergreen Way,0.0,0.0
2024-10-08,513,North,25179,91908.0,16:19:00,16:16:10,16:16:10,4,3190,Seaway Transit Center Bay 11,0.0,0.0
2024-10-08,513,North,25180,91904.0,16:07:00,16:09:55,16:09:55,0,2543,Lynnwood City Center Station Bay D4,7.0,0.0
2024-10-08,513,North,25180,91904.0,16:14:00,16:16:08,16:16:28,1,2163,Ash Way Park & Ride Bay 4,0.0,5.0
2024-10-08,513,North,25180,91904.0,16:28:00,16:31:05,16:31:19,2,2144,Eastmont Park & Ride Bay 1,0.0,2.0
2024-10-08,513,North,25180,91904.0,,16:36:15,16:36:15,3,1765,W Casino Rd & Evergreen Way,0.0,0.0
2024-10-08,513,North,25180,91904.0,16:50:00,16:46:06,16:46:06,4,3190,Seaway Transit Center Bay 11,0.0,0.0
2024-10-08,513,North,25181,91705.0,16:37:00,16:40:03,16:40:03,0,2543,Lynnwood City Center Station Bay D4,3.0,0.0
2024-10-08,513,North,25181,91705.0,16:44:00,16:46:18,16:46:45,1,2163,Ash Way Park & Ride Bay 4,0.0,3.0
2024-10-08,513,North,25181,91705.0,16:58:00,17:04:00,17:04:11,2,2144,Eastmont Park & Ride Bay 1,0.0,0.0
2024-10-08,513,North,25181,91705.0,,17:10:21,17:11:08,3,1765,W Casino Rd & Evergreen Way,0.0,0.0
2024-10-08,513,North,25181,91705.0,17:20:00,17:24:04,17:24:04,4,3190,Seaway Transit Center Bay 11,0.0,0.0
2024-10-08,513,North,25182,17866.0,17:07:00,17:07:08,17:07:08,0,2543,Lynnwood City Center Station Bay D4,4.0,0.0
2024-10-08,513,North,25182,17866.0,17:14:00,17:14:02,17:14:57,1,2163,Ash Way Park & Ride Bay 4,2.0,1.0
2024-10-08,513,North,25182,17866.0,17:28:00,17:32:51,17:33:10,2,2144,Eastmont Park & Ride Bay 1,0.0,1.0
2024-10-08,513,North,25182,17866.0,,17:38:44,17:39:13,3,1765,W Casino Rd & Evergreen Way,0.0,4.0
2024-10-08,513,North,25182,17866.0,17:50:00,17:45:57,17:45:57,4,3190,Seaway Transit Center Bay 11,0.0,0.0
2024-10-08,513,North,25183,91711.0,17:37:00,17:37:10,17:37:10,0,2543,Lynnwood City Center Station Bay D4,10.0,0.0
2024-10-08,513,North,25183,91711.0,17:44:00,17:44:34,17:45:07,1,2163,Ash Way Park & Ride Bay 4,0.0,6.0
2024-10-08,513,North,25183,91711.0,17:58:00,18:02:26,18:02:26,2,2144,Eastmont Park & Ride Bay 1,0.0,0.0
2024-10-08,513,North,25183,91711.0,,18:06:49,18:07:09,3,1765,W Casino Rd & Evergreen Way,0.0,4.0
2024-10-08,513,North,25183,91711.0,18:20:00,18:14:37,18:14:37,4,3190,Seaway Transit Center Bay 11,0.0,0.0
2024-10-08,513,North,25184,91714.0,18:07:00,18:08:48,18:08:48,0,2543,Lynnwood City Center Station Bay D4,22.0,0.0
2024-10-08,513,North,25184,91714.0,18:14:00,18:15:38,18:16:22,1,2163,Ash Way Park & Ride Bay 4,0.0,18.0
2024-10-08,513,North,25184,91714.0,18:27:00,18:29:50,18:30:06,2,2144,Eastmont Park & Ride Bay 1,0.0,1.0
2024-10-08,513,North,25184,91714.0,,18:34:45,18:35:00,3,1765,W Casino Rd & Evergreen Way,0.0,1.0
2024-10-08,513,North,25184,91714.0,18:47:00,18:42:18,18:42:18,4,3190,Seaway Transit Center Bay 11,0.0,2.0
2024-10-08,513,North,25185,17856.0,18:37:00,18:37:30,18:37:30,0,2543,Lynnwood City Center Station Bay D4,3.0,0.0
2024-10-08,513,North,25185,17856.0,18:44:00,18:44:11,18:44:51,1,2163,Ash Way Park & Ride Bay 4,4.0,1.0
2024-10-08,513,North,25185,17856.0,18:56:00,19:05:08,19:05:30,2,2144,Eastmont Park & Ride Bay 1,0.0,0.0
2024-10-08,513,North,25185,17856.0,,19:11:08,19:11:38,3,1765,W Casino Rd & Evergreen Way,0.0,6.0
2024-10-08,513,North,25185,17856.0,19:14:00,19:21:46,19:21:46,4,3190,Seaway Transit Center Bay 11,0.0,0.0
2024-10-08,513,South,25186,91906.0,05:00:00,05:00:12,05:00:12,0,3190,Seaway Transit Center Bay 11,0.0,0.0
2024-10-08,513,South,25186,91906.0,,05:04:36,05:04:53,1,394,W Casino Rd & Evergreen Way,1.0,0.0
2024-10-08,513,South,25186,91906.0,05:10:00,05:10:42,05:10:58,2,2144,Eastmont Park & Ride Bay 1,1.0,0.0
2024-10-08,513,South,25186,91906.0,05:21:00,05:21:13,05:21:23,3,2164,Ash Way Park & Ride Bay 1,0.0,0.0
2024-10-08,513,South,25186,91906.0,05:32:00,05:27:33,05:27:33,4,2114,Lynnwood City Center Station Bay D2,0.0,2.0
2024-10-08,513,South,25187,91722.0,05:30:00,05:30:50,05:30:50,0,3190,Seaway Transit Center Bay 11,1.0,0.0
2024-10-08,513,South,25187,91722.0,,05:35:30,05:35:39,1,394,W Casino Rd & Evergreen Way,0.0,0.0
2024-10-08,513,South,25187,91722.0,05:40:00,05:42:00,05:42:15,2,2144,Eastmont Park & Ride Bay 1,0.0,0.0
2024-10-08,513,South,25187,91722.0,05:52:00,05:54:47,05:55:47,3,2164,Ash Way Park & Ride Bay 1,3.0,4.0
2024-10-08,513,South,25187,91722.0,06:03:00,06:02:28,06:02:28,4,2114,Lynnwood City Center Station Bay D2,0.0,0.0
2024-10-08,513,South,25188,91714.0,06:00:00,06:00:29,06:00:29,0,3190,Seaway Transit Center Bay 11,0.0,0.0
2024-10-08,513,South,25188,91714.0,,06:06:10,06:06:24,1,394,W Casino Rd & Evergreen Way,0.0,0.0
2024-10-08,513,South,25188,91714.0,06:10:00,06:12:53,06:13:04,2,2144,Eastmont Park & Ride Bay 1,0.0,0.0
2024-10-08,513,South,25188,91714.0,06:23:00,06:31:58,06:32:36,3,2164,Ash Way Park & Ride Bay 1,11.0,0.0
2024-10-08,513,South,25188,91714.0,06:38:00,06:43:09,06:43:09,4,2114,Lynnwood City Center Station Bay D2,0.0,11.0
2024-10-08,513,South,25189,19857.0,06:30:00,06:29:25,06:29:25,0,3190,Seaway Transit Center Bay 11,0.0,0.0
2024-10-08,513,South,25189,19857.0,,06:34:40,06:35:09,1,394,W Casino Rd & Evergreen Way,3.0,0.0
2024-10-08,513,South,25189,19857.0,06:41:00,06:42:03,06:42:21,2,2144,Eastmont Park & Ride Bay 1,2.0,0.0
2024-10-08,513,South,25189,19857.0,06:54:00,07:05:02,07:05:36,3,2164,Ash Way Park & Ride Bay 1,9.0,1.0
2024-10-08,513,South,25189,19857.0,07:09:00,07:15:16,07:15:16,4,2114,Lynnwood City Center Station Bay D2,0.0,13.0
2024-10-08,513,South,25190,19852.0,07:00:00,07:00:24,07:00:24,0,3190,Seaway Transit Center Bay 11,0.0,0.0
2024-10-08,513,South,25190,19852.0,,07:06:16,07:06:25,1,394,W Casino Rd & Evergreen Way,0.0,0.0
2024-10-08,513,South,25190,19852.0,07:11:00,07:14:13,07:14:39,2,2144,Eastmont Park & Ride Bay 1,3.0,0.0
2024-10-08,513,South,25190,19852.0,07:24:00,07:32:01,07:33:30,3,2164,Ash Way Park & Ride Bay 1,17.0,0.0
2024-10-08,513,South,25190,19852.0,07:41:00,07:48:16,07:48:16,4,2114,Lynnwood City Center Station Bay D2,0.0,20.0
2024-10-08,513,South,25191,17850.0,07:30:00,07:30:14,07:30:14,0,3190,Seaway Transit Center Bay 11,0.0,0.0
2024-10-08,513,South,25191,17850.0,,07:35:46,07:36:08,1,394,W Casino Rd & Evergreen Way,1.0,0.0
2024-10-08,513,South,25191,17850.0,07:41:00,07:43:39,07:43:51,2,2144,Eastmont Park & Ride Bay 1,0.0,0.0
2024-10-08,513,South,25191,17850.0,07:54:00,08:05:14,08:05:52,3,2164,Ash Way Park & Ride Bay 1,7.0,0.0
2024-10-08,513,South,25191,17850.0,08:11:00,08:18:38,08:18:38,4,2114,Lynnwood City Center Station Bay D2,0.0,8.0
2024-10-08,513,South,25192,91904.0,08:00:00,07:59:50,07:59:50,0,3190,Seaway Transit Center Bay 11,0.0,0.0
2024-10-08,513,South,25192,91904.0,,08:04:22,08:04:47,1,394,W Casino Rd & Evergreen Way,1.0,0.0
2024-10-08,513,South,25192,91904.0,08:11:00,08:10:58,08:11:25,2,2144,Eastmont Park & Ride Bay 1,1.0,0.0
2024-10-08,513,South,25192,91904.0,08:24:00,08:23:44,08:23:54,3,2164,Ash Way Park & Ride Bay 1,0.0,0.0
2024-10-08,513,South,25192,91904.0,08:37:00,08:34:22,08:34:22,4,2114,Lynnwood City Center Station Bay D2,0.0,2.0
2024-10-08,513,South,25193,91721.0,08:30:00,08:35:28,08:35:28,0,3190,Seaway Transit Center Bay 11,1.0,0.0
2024-10-08,513,South,25193,91721.0,,08:41:51,08:42:14,1,394,W Casino Rd & Evergreen Way,2.0,0.0
2024-10-08,513,South,25193,91721.0,08:41:00,08:50:02,08:50:18,2,2144,Eastmont Park & Ride Bay 1,0.0,1.0
2024-10-08,513,South,25193,91721.0,08:54:00,09:00:44,09:02:42,3,2164,Ash Way Park & Ride Bay 1,9.0,0.0
2024-10-08,513,South,25193,91721.0,09:07:00,09:09:46,09:09:46,4,2114,Lynnwood City Center Station Bay D2,0.0,11.0
2024-10-09,513,North,25178,91711.0,15:07:00,15:07:05,15:07:05,0,2543,Lynnwood City Center Station Bay D4,2.0,0.0
2024-10-09,513,North,25178,91711.0,15:14:00,15:13:13,15:13:28,1,2163,Ash Way Park & Ride Bay 4,0.0,0.0
2024-10-09,513,North,25178,91711.0,15:26:00,15:27:28,15:27:37,2,2144,Eastmont Park & Ride Bay 1,0.0,2.0
2024-10-09,513,North,25178,91711.0,,15:32:57,15:32:57,3,1765,W Casino Rd & Evergreen Way,0.0,0.0
2024-10-09,513,North,25178,91711.0,15:48:00,15:41:05,15:41:05,4,3190,Seaway Transit Center Bay 11,0.0,0.0
2024-10-09,513,North,25179,91731.0,15:37:00,15:37:37,15:37:37,0,2543,Lynnwood City Center Station Bay D4,9.0,0.0
2024-10-09,513,North,25179,91731.0,15:44:00,15:44:32,15:45:00,1,2163,Ash Way Park & Ride Bay 4,0.0,7.0
2024-10-09,513,North,25179,91731.0,15:57:00,16:02:46,16:02:56,2,2144,Eastmont Park & Ride Bay 1,0.0,0.0
2024-10-09,513,North,25179,91731.0,,16:08:23,16:08:44,3,1765,W Casino Rd & Evergreen Way,0.0,2.0
2024-10-09,513,North,25179,91731.0,16:19:00,16:17:25,16:17:25,4,3190,Seaway Transit Center Bay 11,0.0,0.0
2024-10-09,513,North,25180,91716.0,16:07:00,16:08:23,16:08:23,0,2543,Lynnwood City Center Station Bay D4,7.0,0.0
2024-10-09,513,North,25180,91716.0,16:14:00,16:14:25,16:14:44,1,2163,Ash Way Park & Ride Bay 4,0.0,4.0
2024-10-09,513,North,25180,91716.0,16:28:00,16:27:28,16:27:39,2,2144,Eastmont Park & Ride Bay 1,0.0,1.0
2024-10-09,513,North,25180,91716.0,,16:34:22,16:34:41,3,1765,W Casino Rd & Evergreen Way,0.0,1.0
2024-10-09,513,North,25180,91716.0,16:50:00,16:42:28,16:42:28,4,3190,Seaway Transit Center Bay 11,0.0,1.0
2024-10-09,513,North,25181,15812.0,16:37:00,16:39:42,16:39:42,0,2543,Lynnwood City Center Station Bay D4,14.0,0.0
2024-10-09,513,North,25181,15812.0,16:44:00,16:46:00,16:46:47,1,2163,Ash Way Park & Ride Bay 4,0.0,11.0
2024-10-09,513,North,25181,15812.0,16:58:00,17:01:15,17:01:34,2,2144,Eastmont Park & Ride Bay 1,0.0,2.0
2024-10-09,513,North,25181,15812.0,,17:08:34,17:08:58,3,1765,W Casino Rd & Evergreen Way,0.0,1.0
2024-10-09,513,North,25181,15812.0,17:20:00,17:17:18,17:17:18,4,3190,Seaway Transit Center Bay 11,0.0,0.0
2024-10-09,513,North,25182,19855.0,17:07:00,17:07:15,17:07:15,0,2543,Lynnwood City Center Station Bay D4,2.0,0.0
2024-10-09,513,North,25182,19855.0,17:14:00,17:14:15,17:14:32,1,2163,Ash Way Park & Ride Bay 4,0.0,0.0
2024-10-09,513,North,25182,19855.0,17:28:00,17:40:17,17:40:29,2,2144,Eastmont Park & Ride Bay 1,0.0,0.0
2024-10-09,513,North,25182,19855.0,,17:46:37,17:46:59,3,1765,W Casino Rd & Evergreen Way,0.0,2.0
2024-10-09,513,North,25182,19855.0,17:50:00,17:53:58,17:53:58,4,3190,Seaway Transit Center Bay 11,0.0,0.0
2024-10-09,513,North,25183,19812.0,17:37:00,17:37:47,17:37:47,0,2543,Lynnwood City Center Station Bay D4,12.0,0.0
2024-10-09,513,North,25183,19812.0,17:44:00,17:44:37,17:45:11,1,2163,Ash Way Park & Ride Bay 4,0.0,9.0
2024-10-09,513,North,25183,19812.0,17:58:00,18:03:14,18:03:27,2,2144,Eastmont Park & Ride Bay 1,0.0,1.0
2024-10-09,513,North,25183,19812.0,,18:08:18,18:08:31,3,1765,W Casino Rd & Evergreen Way,0.0,2.0
2024-10-09,513,North,25183,19812.0,18:20:00,18:15:03,18:15:03,4,3190,Seaway Transit Center Bay 11,0.0,0.0
2024-10-09,513,North,25184,9560.0,18:07:00,18:50:58,18:50:58,0,2543,Lynnwood City Center Station Bay D4,0.0,0.0
2024-10-09,513,North,25184,9560.0,18:14:00,,,1,2163,Ash Way Park & Ride Bay 4,,
2024-10-09,513,North,25184,9560.0,18:27:00,,,2,2144,Eastmont Park & Ride Bay 1,,
2024-10-09,513,North,25184,9560.0,,,,3,1765,W Casino Rd & Evergreen Way,,
2024-10-09,513,North,25184,9560.0,18:47:00,18:51:11,18:51:11,4,3190,Seaway Transit Center Bay 11,0.0,0.0
2024-10-09,513,North,25185,17855.0,18:37:00,18:37:55,18:37:55,0,2543,Lynnwood City Center Station Bay D4,9.0,0.0
2024-10-09,513,North,25185,17855.0,18:44:00,18:45:05,18:45:48,1,2163,Ash Way Park & Ride Bay 4,1.0,7.0
2024-10-09,513,North,25185,17855.0,18:56:00,19:01:48,19:02:03,2,2144,Eastmont Park & Ride Bay 1,0.0,2.0
2024-10-09,513,North,25185,17855.0,,19:07:59,19:08:17,3,1765,W Casino Rd & Evergreen Way,0.0,1.0
2024-10-09,513,North,25185,17855.0,19:14:00,19:18:49,19:18:49,4,3190,Seaway Transit Center Bay 11,0.0,0.0
2024-10-09,513,South,25186,91723.0,05:00:00,05:00:20,05:00:20,0,3190,Seaway Transit Center Bay 11,0.0,0.0
2024-10-09,513,South,25186,91723.0,,05:04:59,05:05:17,1,394,W Casino Rd & Evergreen Way,2.0,0.0
2024-10-09,513,South,25186,91723.0,05:10:00,05:10:34,05:10:52,2,2144,Eastmont Park & Ride Bay 1,1.0,0.0
2024-10-09,513,South,25186,91723.0,05:21:00,05:21:11,05:21:19,3,2164,Ash Way Park & Ride Bay 1,0.0,0.0
2024-10-09,513,South,25186,91723.0,05:32:00,05:27:19,05:27:19,4,2114,Lynnwood City Center Station Bay D2,0.0,3.0
2024-10-09,513,South,25187,91901.0,05:30:00,05:30:10,05:30:10,0,3190,Seaway Transit Center Bay 11,3.0,0.0
2024-10-09,513,South,25187,91901.0,,05:35:53,05:36:32,1,394,W Casino Rd & Evergreen Way,2.0,0.0
2024-10-09,513,South,25187,91901.0,05:40:00,05:42:21,05:42:36,2,2144,Eastmont Park & Ride Bay 1,0.0,0.0
2024-10-09,513,South,25187,91901.0,05:52:00,05:54:19,05:54:50,3,2164,Ash Way Park & Ride Bay 1,2.0,2.0
2024-10-09,513,South,25187,91901.0,06:03:00,06:01:39,06:01:39,4,2114,Lynnwood City Center Station Bay D2,0.0,5.0
2024-10-09,513,South,25188,91721.0,06:00:00,06:00:12,06:00:12,0,3190,Seaway Transit Center Bay 11,0.0,0.0
2024-10-09,513,South,25188,91721.0,,06:06:17,06:06:40,1,394,W Casino Rd & Evergreen Way,0.0,0.0
2024-10-09,513,South,25188,91721.0,06:10:00,06:12:18,06:12:32,2,2144,Eastmont Park & Ride Bay 1,0.0,0.0
2024-10-09,513,South,25188,91721.0,06:23:00,06:26:16,06:27:06,3,2164,Ash Way Park & Ride Bay 1,5.0,0.0
2024-10-09,513,South,25188,91721.0,06:38:00,06:53:24,06:53:24,4,2114,Lynnwood City Center Station Bay D2,0.0,5.0
2024-10-09,513,South,25189,19852.0,06:30:00,06:50:01,06:50:01,0,3190,Seaway Transit Center Bay 11,0.0,0.0
2024-10-09,513,South,25189,19852.0,,06:55:46,06:56:27,1,394,W Casino Rd & Evergreen Way,4.0,0.0
2024-10-09,513,South,25189,19852.0,06:41:00,07:03:02,07:03:12,2,2144,Eastmont Park & Ride Bay 1,0.0,0.0
2024-10-09,513,South,25189,19852.0,06:54:00,07:14:12,07:14:36,3,2164,Ash Way Park & Ride Bay 1,0.0,1.0
2024-10-09,513,South,25189,19852.0,07:09:00,07:23:56,07:23:56,4,2114,Lynnwood City Center Station Bay D2,0.0,3.0
2024-10-09,513,South,25190,17859.0,07:00:00,07:00:12,07:00:12,0,3190,Seaway Transit Center Bay 11,0.0,0.0
2024-10-09,513,South,25190,17859.0,,07:06:49,07:07:04,1,394,W Casino Rd & Evergreen Way,0.0,0.0
2024-10-09,513,South,25190,17859.0,07:11:00,07:15:51,07:16:02,2,2144,Eastmont Park & Ride Bay 1,0.0,0.0
2024-10-09,513,South,25190,17859.0,07:24:00,07:28:35,07:29:36,3,2164,Ash Way Park & Ride Bay 1,9.0,0.0
2024-10-09,513,South,25190,17859.0,07:41:00,07:40:25,07:40:25,4,2114,Lynnwood City Center Station Bay D2,0.0,9.0
2024-10-09,513,South,25191,17858.0,07:30:00,07:30:26,07:30:26,0,3190,Seaway Transit Center Bay 11,0.0,0.0
2024-10-09,513,South,25191,17858.0,,07:35:28,07:35:52,1,394,W Casino Rd & Evergreen Way,2.0,0.0
2024-10-09,513,South,25191,17858.0,07:41:00,07:41:33,07:41:49,2,2144,Eastmont Park & Ride Bay 1,0.0,1.0
2024-10-09,513,South,25191,17858.0,07:54:00,07:53:59,07:54:31,3,2164,Ash Way Park & Ride Bay 1,4.0,0.0
2024-10-09,513,South,25191,17858.0,08:11:00,08:06:14,08:06:14,4,2114,Lynnwood City Center Station Bay D2,0.0,5.0
2024-10-09,513,South,25192,91711.0,08:00:00,08:00:05,08:00:05,0,3190,Seaway Transit Center Bay 11,0.0,0.0
2024-10-09,513,South,25192,91711.0,,08:05:46,08:05:46,1,394,W Casino Rd & Evergreen Way,0.0,0.0
2024-10-09,513,South,25192,91711.0,08:11:00,08:11:46,08:12:13,2,2144,Eastmont Park & Ride Bay 1,2.0,0.0
2024-10-09,513,South,25192,91711.0,08:24:00,08:22:43,08:23:26,3,2164,Ash Way Park & Ride Bay 1,2.0,0.0
2024-10-09,513,South,25192,91711.0,08:37:00,08:32:20,08:32:20,4,2114,Lynnwood City Center Station Bay D2,0.0,4.0
2024-10-09,513,South,25193,91713.0,08:30:00,08:31:05,08:31:05,0,3190,Seaway Transit Center Bay 11,0.0,0.0
2024-10-09,513,South,25193,91713.0,,08:37:21,08:37:48,1,394,W Casino Rd & Evergreen Way,1.0,0.0
2024-10-09,513,South,25193,91713.0,08:41:00,08:44:54,08:45:19,2,2144,Eastmont Park & Ride Bay 1,2.0,0.0
2024-10-09,513,South,25193,91713.0,08:54:00,08:56:10,08:56:52,3,2164,Ash Way Park & Ride Bay 1,6.0,0.0
2024-10-09,513,South,25193,91713.0,09:07:00,09:03:20,09:03:20,4,2114,Lynnwood City Center Station Bay D2,0.0,9.0
2024-10-10,513,North,25178,91906.0,15:07:00,15:07:10,15:07:10,0,2543,Lynnwood City Center Station Bay D4,1.0,0.0
2024-10-10,513,North,25178,91906.0,15:14:00,15:14:29,15:14:49,1,2163,Ash Way Park & Ride Bay 4,0.0,0.0
2024-10-10,513,North,25178,91906.0,15:26:00,15:28:48,15:30:56,2,2144,Eastmont Park & Ride Bay 1,1.0,1.0
2024-10-10,513,North,25178,91906.0,,15:36:51,15:37:31,3,1765,W Casino Rd & Evergreen Way,1.0,0.0
2024-10-10,513,North,25178,91906.0,15:48:00,15:46:43,15:46:43,4,3190,Seaway Transit Center Bay 11,0.0,2.0
2024-10-10,513,North,25179,17864.0,15:37:00,15:38:33,15:38:33,0,2543,Lynnwood City Center Station Bay D4,7.0,0.0
2024-10-10,513,North,25179,17864.0,15:44:00,15:45:12,15:45:34,1,2163,Ash Way Park & Ride Bay 4,0.0,5.0
2024-10-10,513,North,25179,17864.0,15:57:00,16:03:40,16:04:02,2,2144,Eastmont Park & Ride Bay 1,1.0,1.0
2024-10-10,513,North,25179,17864.0,,16:10:39,16:10:59,3,1765,W Casino Rd & Evergreen Way,0.0,2.0
2024-10-10,513,North,25179,17864.0,16:19:00,16:18:05,16:18:05,4,3190,Seaway Transit Center Bay 11,0.0,0.0
2024-10-10,513,North,25180,91723.0,16:07:00,16:08:59,16:08:59,0,2543,Lynnwood City Center Station Bay D4,5.0,0.0
2024-10-10,513,North,25180,91723.0,16:14:00,16:16:09,16:16:58,1,2163,Ash Way Park & Ride Bay 4,2.0,3.0
2024-10-10,513,North,25180,91723.0,16:28:00,16:32:09,16:32:25,2,2144,Eastmont Park & Ride Bay 1,0.0,2.0
2024-10-10,513,North,25180,91723.0,,16:36:49,16:36:49,3,1765,W Casino Rd & Evergreen Way,0.0,2.0
2024-10-10,513,North,25180,91723.0,16:50:00,16:44:14,16:44:14,4,3190,Seaway Transit Center Bay 11,0.0,0.0
2024-10-10,513,North,25181,19819.0,16:37:00,16:36:06,16:36:06,0,2543,Lynnwood City Center Station Bay D4,6.0,0.0
2024-10-10,513,North,25181,19819.0,16:44:00,16:44:47,16:45:20,1,2163,Ash Way Park & Ride Bay 4,0.0,6.0
2024-10-10,513,North,25181,19819.0,16:58:00,17:00:35,17:01:06,2,2144,Eastmont Park & Ride Bay 1,0.0,0.0
2024-10-10,513,North,25181,19819.0,,17:08:57,17:09:13,3,1765,W Casino Rd & Evergreen Way,0.0,0.0
2024-10-10,513,North,25181,19819.0,17:20:00,17:18:31,17:18:31,4,3190,Seaway Transit Center Bay 11,0.0,0.0
2024-10-10,513,North,25182,19825.0,17:07:00,17:07:14,17:07:14,0,2543,Lynnwood City Center Station Bay D4,8.0,0.0
2024-10-10,513,North,25182,19825.0,17:14:00,17:13:49,17:14:19,1,2163,Ash Way Park & Ride Bay 4,0.0,5.0
2024-10-10,513,North,25182,19825.0,17:28:00,17:41:56,17:42:14,2,2144,Eastmont Park & Ride Bay 1,0.0,1.0
2024-10-10,513,North,25182,19825.0,,17:48:29,17:48:49,3,1765,W Casino Rd & Evergreen Way,0.0,1.0
2024-10-10,513,North,25182,19825.0,17:50:00,17:55:57,17:55:57,4,3190,Seaway Transit Center Bay 11,0.0,1.0
2024-10-10,513,North,25183,9560.0,17:37:00,17:37:40,17:37:40,0,2543,Lynnwood City Center Station Bay D4,14.0,0.0
2024-10-10,513,North,25183,9560.0,17:44:00,17:44:19,17:44:47,1,2163,Ash Way Park & Ride Bay 4,0.0,12.0
2024-10-10,513,North,25183,9560.0,17:58:00,18:02:16,18:02:34,2,2144,Eastmont Park & Ride Bay 1,0.0,1.0
2024-10-10,513,North,25183,9560.0,,18:06:45,18:06:54,3,1765,W Casino Rd & Evergreen Way,0.0,1.0
2024-10-10,513,North,25183,9560.0,18:20:00,18:13:43,18:13:43,4,3190,Seaway Transit Center Bay 11,0.0,0.0
2024-10-10,513,North,25184,15814.0,18:07:00,18:08:37,18:08:37,0,2543,Lynnwood City Center Station Bay D4,19.0,0.0
2024-10-10,513,North,25184,15814.0,18:14:00,18:15:51,18:16:24,1,2163,Ash Way Park & Ride Bay 4,0.0,16.0
2024-10-10,513,North,25184,15814.0,18:27:00,18:29:13,18:29:25,2,2144,Eastmont Park & Ride Bay 1,0.0,0.0
2024-10-10,513,North,25184,15814.0,,18:34:44,18:35:07,3,1765,W Casino Rd & Evergreen Way,0.0,3.0
2024-10-10,513,North,25184,15814.0,18:47:00,18:42:11,18:42:11,4,3190,Seaway Transit Center Bay 11,0.0,0.0
2024-10-10,513,North,25185,91907.0,18:37:00,18:37:24,18:37:24,0,2543,Lynnwood City Center Station Bay D4,2.0,0.0
2024-10-10,513,North,25185,91907.0,18:44:00,18:44:05,18:44:33,1,2163,Ash Way Park & Ride Bay 4,1.0,0.0
2024-10-10,513,North,25185,91907.0,18:56:00,19:02:39,19:02:55,2,2144,Eastmont Park & Ride Bay 1,0.0,0.0
2024-10-10,513,North,25185,91907.0,,19:09:41,19:10:04,3,1765,W Casino Rd & Evergreen Way,0.0,3.0
2024-10-10,513,North,25185,91907.0,19:14:00,19:18:09,19:18:09,4,3190,Seaway Transit Center Bay 11,0.0,0.0
2024-10-10,513,South,25186,91728.0,05:00:00,05:00:25,05:00:25,0,3190,Seaway Transit Center Bay 11,0.0,0.0
2024-10-10,513,South,25186,91728.0,,05:05:08,05:05:28,1,394,W Casino Rd & Evergreen Way,1.0,1.0
2024-10-10,513,South,25186,91728.0,05:10:00,05:11:13,05:11:26,2,2144,Eastmont Park & Ride Bay 1,2.0,0.0
2024-10-10,513,South,25186,91728.0,05:21:00,05:21:12,05:21:27,3,2164,Ash Way Park & Ride Bay 1,1.0,0.0
2024-10-10,513,South,25186,91728.0,05:32:00,05:27:05,05:27:05,4,2114,Lynnwood City Center Station Bay D2,0.0,3.0
2024-10-10,513,South,25187,91723.0,05:30:00,05:30:25,05:30:25,0,3190,Seaway Transit Center Bay 11,1.0,0.0
2024-10-10,513,South,25187,91723.0,,05:34:48,05:35:09,1,394,W Casino Rd & Evergreen Way,1.0,0.0
2024-10-10,513,South,25187,91723.0,05:40:00,05:41:00,05:41:15,2,2144,Eastmont Park & Ride Bay 1,0.0,0.0
2024-10-10,513,South,25187,91723.0,05:52:00,05:52:17,05:52:43,3,2164,Ash Way Park & Ride Bay 1,1.0,1.0
2024-10-10,513,South,25187,91723.0,06:03:00,05:59:22,05:59:22,4,2114,Lynnwood City Center Station Bay D2,0.0,2.0
2024-10-10,513,South,25188,91702.0,06:00:00,06:00:17,06:00:17,0,3190,Seaway Transit Center Bay 11,0.0,0.0
2024-10-10,513,South,25188,91702.0,,06:05:50,06:06:52,1,394,W Casino Rd & Evergreen Way,3.0,0.0
2024-10-10,513,South,25188,91702.0,06:10:00,06:12:43,06:12:57,2,2144,Eastmont Park & Ride Bay 1,0.0,0.0
2024-10-10,513,South,25188,91702.0,06:23:00,06:25:44,06:26:12,3,2164,Ash Way Park & Ride Bay 1,3.0,2.0
2024-10-10,513,South,25188,91702.0,06:38:00,06:57:10,06:57:10,4,2114,Lynnwood City Center Station Bay D2,0.0,4.0
2024-10-10,513,South,25189,17857.0,06:30:00,06:30:17,06:30:17,0,3190,Seaway Transit Center Bay 11,0.0,0.0
2024-10-10,513,South,25189,17857.0,,06:36:55,06:37:22,1,394,W Casino Rd & Evergreen Way,2.0,0.0
2024-10-10,513,South,25189,17857.0,06:41:00,06:44:15,06:44:30,2,2144,Eastmont Park & Ride Bay 1,1.0,0.0
2024-10-10,513,South,25189,17857.0,06:54:00,06:57:43,06:57:57,3,2164,Ash Way Park & Ride Bay 1,1.0,0.0
2024-10-10,513,South,25189,17857.0,07:09:00,07:06:20,07:06:20,4,2114,Lynnwood City Center Station Bay D2,0.0,4.0
2024-10-10,513,South,25190,17859.0,07:00:00,07:00:16,07:00:16,0,3190,Seaway Transit Center Bay 11,0.0,0.0
2024-10-10,513,South,25190,17859.0,,07:06:02,07:07:01,1,394,W Casino Rd & Evergreen Way,1.0,0.0
2024-10-10,513,South,25190,17859.0,07:11:00,07:14:50,07:15:02,2,2144,Eastmont Park & Ride Bay 1,0.0,0.0
2024-10-10,513,South,25190,17859.0,07:24:00,07:30:51,07:31:56,3,2164,Ash Way Park & Ride Bay 1,7.0,0.0
2024-10-10,513,South,25190,17859.0,07:41:00,07:43:44,07:43:44,4,2114,Lynnwood City Center Station Bay D2,0.0,8.0
2024-10-10,513,South,25191,19852.0,07:30:00,07:30:17,07:30:17,0,3190,Seaway Transit Center Bay 11,0.0,0.0
2024-10-10,513,South,25191,19852.0,,07:35:40,07:36:06,1,394,W Casino Rd & Evergreen Way,2.0,0.0
2024-10-10,513,South,25191,19852.0,07:41:00,07:43:45,07:43:56,2,2144,Eastmont Park & Ride Bay 1,0.0,0.0
2024-10-10,513,South,25191,19852.0,07:54:00,07:58:30,07:58:46,3,2164,Ash Way Park & Ride Bay 1,1.0,0.0
2024-10-10,513,South,25191,19852.0,08:11:00,08:08:38,08:08:38,4,2114,Lynnwood City Center Station Bay D2,0.0,3.0
2024-10-10,513,South,25192,91901.0,08:00:00,07:58:57,07:58:57,0,3190,Seaway Transit Center Bay 11,0.0,0.0
2024-10-10,513,South,25192,91901.0,,08:03:59,08:03:59,1,394,W Casino Rd & Evergreen Way,0.0,0.0
2024-10-10,513,South,25192,91901.0,08:11:00,08:11:23,08:11:23,2,2144,Eastmont Park & Ride Bay 1,0.0,0.0
2024-10-10,513,South,25192,91901.0,08:24:00,08:22:00,08:22:29,3,2164,Ash Way Park & Ride Bay 1,2.0,0.0
2024-10-10,513,South,25192,91901.0,08:37:00,08:29:45,08:29:45,4,2114,Lynnwood City Center Station Bay D2,0.0,2.0
2024-10-10,513,South,25193,9560.0,08:30:00,08:30:45,08:30:45,0,3190,Seaway Transit Center Bay 11,0.0,0.0
2024-10-10,513,South,25193,9560.0,,08:36:54,08:37:18,1,394,W Casino Rd & Evergreen Way,1.0,1.0
2024-10-10,513,South,25193,9560.0,08:41:00,08:45:35,08:46:32,2,2144,Eastmont Park & Ride Bay 1,2.0,0.0
2024-10-10,513,South,25193,9560.0,08:54:00,08:57:26,08:57:58,3,2164,Ash Way Park & Ride Bay 1,1.0,0.0
2024-10-10,513,South,25193,9560.0,09:07:00,09:04:31,09:04:31,4,2114,Lynnwood City Center Station Bay D2,0.0,3.0
2024-10-11,513,North,25178,91719.0,15:07:00,15:07:38,15:07:38,0,2543,Lynnwood City Center Station Bay D4,4.0,0.0
2024-10-11,513,North,25178,91719.0,15:14:00,15:17:04,15:17:50,1,2163,Ash Way Park & Ride Bay 4,0.0,4.0
2024-10-11,513,North,25178,91719.0,15:26:00,15:31:51,15:32:00,2,2144,Eastmont Park & Ride Bay 1,0.0,0.0
2024-10-11,513,North,25178,91719.0,,15:37:03,15:37:03,3,1765,W Casino Rd & Evergreen Way,0.0,0.0
2024-10-11,513,North,25178,91719.0,15:48:00,15:44:07,15:44:07,4,3190,Seaway Transit Center Bay 11,0.0,0.0
2024-10-11,513,North,25179,91902.0,15:37:00,15:37:28,15:37:28,0,2543,Lynnwood City Center Station Bay D4,5.0,0.0
2024-10-11,513,North,25179,91902.0,15:44:00,15:46:40,15:46:51,1,2163,Ash Way Park & Ride Bay 4,0.0,0.0
2024-10-11,513,North,25179,91902.0,15:57:00,16:01:21,16:01:35,2,2144,Eastmont Park & Ride Bay 1,0.0,1.0
2024-10-11,513,North,25179,91902.0,,16:08:30,16:08:50,3,1765,W Casino Rd & Evergreen Way,0.0,2.0
2024-10-11,513,North,25179,91902.0,16:19:00,16:16:10,16:16:10,4,3190,Seaway Transit Center Bay 11,0.0,2.0
2024-10-11,513,North,25180,91503.0,16:07:00,16:07:58,16:07:58,0,2543,Lynnwood City Center Station Bay D4,2.0,0.0
2024-10-11,513,North,25180,91503.0,16:14:00,16:17:41,16:17:59,1,2163,Ash Way Park & Ride Bay 4,0.0,0.0
2024-10-11,513,North,25180,91503.0,16:28:00,16:35:20,16:37:00,2,2144,Eastmont Park & Ride Bay 1,1.0,3.0
2024-10-11,513,North,25180,91503.0,,16:42:37,16:42:37,3,1765,W Casino Rd & Evergreen Way,0.0,0.0
2024-10-11,513,North,25180,91503.0,16:50:00,16:49:39,16:49:39,4,3190,Seaway Transit Center Bay 11,0.0,0.0
2024-10-11,513,North,25181,91728.0,16:37:00,16:37:09,16:37:09,0,2543,Lynnwood City Center Station Bay D4,9.0,0.0
2024-10-11,513,North,25181,91728.0,16:44:00,16:48:31,16:49:00,1,2163,Ash Way Park & Ride Bay 4,1.0,6.0
2024-10-11,513,North,25181,91728.0,16:58:00,17:06:05,17:06:26,2,2144,Eastmont Park & Ride Bay 1,1.0,2.0
2024-10-11,513,North,25181,91728.0,,17:12:49,17:13:08,3,1765,W Casino Rd & Evergreen Way,0.0,3.0
2024-10-11,513,North,25181,91728.0,17:20:00,17:21:18,17:21:18,4,3190,Seaway Transit Center Bay 11,0.0,0.0
2024-10-11,513,North,25182,19810.0,17:07:00,17:08:04,17:08:04,0,2543,Lynnwood City Center Station Bay D4,8.0,0.0
2024-10-11,513,North,25182,19810.0,17:14:00,17:17:35,17:18:06,1,2163,Ash Way Park & Ride Bay 4,0.0,7.0
2024-10-11,513,North,25182,19810.0,17:28:00,17:40:54,17:41:06,2,2144,Eastmont Park & Ride Bay 1,0.0,0.0
2024-10-11,513,North,25182,19810.0,,17:46:32,17:46:49,3,1765,W Casino Rd & Evergreen Way,0.0,1.0
2024-10-11,513,North,25182,19810.0,17:50:00,17:57:14,17:57:14,4,3190,Seaway Transit Center Bay 11,0.0,0.0
2024-10-11,513,North,25183,91905.0,17:37:00,17:37:45,17:37:45,0,2543,Lynnwood City Center Station Bay D4,6.0,0.0
2024-10-11,513,North,25183,91905.0,17:44:00,17:47:01,17:47:38,1,2163,Ash Way Park & Ride Bay 4,1.0,5.0
2024-10-11,513,North,25183,91905.0,17:58:00,18:05:46,18:06:11,2,2144,Eastmont Park & Ride Bay 1,0.0,0.0
2024-10-11,513,North,25183,91905.0,,18:11:46,18:12:34,3,1765,W Casino Rd & Evergreen Way,0.0,2.0
2024-10-11,513,North,25183,91905.0,18:20:00,18:19:53,18:19:53,4,3190,Seaway Transit Center Bay 11,0.0,0.0
2024-10-11,513,North,25184,19813.0,18:07:00,18:07:25,18:07:25,0,2543,Lynnwood City Center Station Bay D4,2.0,0.0
2024-10-11,513,North,25184,19813.0,18:14:00,18:15:25,18:15:40,1,2163,Ash Way Park & Ride Bay 4,0.0,0.0
2024-10-11,513,North,25184,19813.0,18:27:00,18:34:33,18:34:47,2,2144,Eastmont Park & Ride Bay 1,0.0,0.0
2024-10-11,513,North,25184,19813.0,,18:39:57,18:40:08,3,1765,W Casino Rd & Evergreen Way,0.0,0.0
2024-10-11,513,North,25184,19813.0,18:47:00,18:46:18,18:46:18,4,3190,Seaway Transit Center Bay 11,0.0,2.0
2024-10-11,513,North,25185,15819.0,18:37:00,18:37:14,18:37:14,0,2543,Lynnwood City Center Station Bay D4,6.0,0.0
2024-10-11,513,North,25185,15819.0,18:44:00,18:46:32,18:46:54,1,2163,Ash Way Park & Ride Bay 4,0.0,4.0
2024-10-11,513,North,25185,15819.0,18:56:00,19:02:39,19:02:39,2,2144,Eastmont Park & Ride Bay 1,0.0,0.0
2024-10-11,513,North,25185,15819.0,,19:08:06,19:08:22,3,1765,W Casino Rd & Evergreen Way,0.0,2.0
2024-10-11,513,North,25185,15819.0,19:14:00,19:19:02,19:19:02,4,3190,Seaway Transit Center Bay 11,0.0,0.0
2024-10-11,513,South,25186,91904.0,05:00:00,05:00:18,05:00:18,0,3190,Seaway Transit Center Bay 11,0.0,0.0
2024-10-11,513,South,25186,91904.0,,05:05:23,05:05:23,1,394,W Casino Rd & Evergreen Way,0.0,0.0
2024-10-11,513,South,25186,91904.0,05:10:00,05:10:25,05:10:44,2,2144,Eastmont Park & Ride Bay 1,2.0,0.0
2024-10-11,513,South,25186,91904.0,05:21:00,05:20:50,05:21:05,3,2164,Ash Way Park & Ride Bay 1,2.0,0.0
2024-10-11,513,South,25186,91904.0,05:32:00,05:47:31,05:47:31,4,2114,Lynnwood City Center Station Bay D2,0.0,4.0
2024-10-11,513,South,25187,91908.0,05:30:00,05:30:11,05:30:11,0,3190,Seaway Transit Center Bay 11,1.0,0.0
2024-10-11,513,South,25187,91908.0,,05:35:59,05:36:23,1,394,W Casino Rd & Evergreen Way,0.0,0.0
2024-10-11,513,South,25187,91908.0,05:40:00,05:42:25,05:42:38,2,2144,Eastmont Park & Ride Bay 1,0.0,0.0
2024-10-11,513,South,25187,91908.0,05:52:00,05:54:24,05:54:46,3,2164,Ash Way Park & Ride Bay 1,2.0,3.0
2024-10-11,513,South,25187,91908.0,06:03:00,06:02:16,06:02:16,4,2114,Lynnwood City Center Station Bay D2,0.0,0.0
2024-10-11,513,South,25188,91903.0,06:00:00,06:00:22,06:00:22,0,3190,Seaway Transit Center Bay 11,0.0,0.0
2024-10-11,513,South,25188,91903.0,,06:06:13,06:06:27,1,394,W Casino Rd & Evergreen Way,1.0,0.0
2024-10-11,513,South,25188,91903.0,06:10:00,06:11:20,06:11:34,2,2144,Eastmont Park & Ride Bay 1,0.0,0.0
2024-10-11,513,South,25188,91903.0,06:23:00,06:22:45,06:23:21,3,2164,Ash Way Park & Ride Bay 1,6.0,0.0
2024-10-11,513,South,25188,91903.0,06:38:00,06:30:32,06:30:32,4,2114,Lynnwood City Center Station Bay D2,0.0,7.0
2024-10-11,513,South,25189,,06:30:00,,,0,3190,Seaway Transit Center Bay 11,,
2024-10-11,513,South,25189,,,,,1,394,W Casino Rd & Evergreen Way,,
2024-10-11,513,South,25189,,06:41:00,,,2,2144,Eastmont Park & Ride Bay 1,,
2024-10-11,513,South,25189,,06:54:00,,,3,2164,Ash Way Park & Ride Bay 1,,
2024-10-11,513,South,25189,,07:09:00,,,4,2114,Lynnwood City Center Station Bay D2,,
2024-10-11,513,South,25190,91907.0,07:00:00,07:00:28,07:00:28,0,3190,Seaway Transit Center Bay 11,0.0,0.0
2024-10-11,513,South,25190,91907.0,,07:07:45,07:08:41,1,394,W Casino Rd & Evergreen Way,3.0,0.0
2024-10-11,513,South,25190,91907.0,07:11:00,07:16:13,07:16:23,2,2144,Eastmont Park & Ride Bay 1,0.0,0.0
2024-10-11,513,South,25190,91907.0,07:24:00,07:29:47,07:30:10,3,2164,Ash Way Park & Ride Bay 1,2.0,1.0
2024-10-11,513,South,25190,91907.0,07:41:00,07:37:33,07:37:33,4,2114,Lynnwood City Center Station Bay D2,0.0,4.0
2024-10-11,513,South,25191,17854.0,07:30:00,07:30:11,07:30:11,0,3190,Seaway Transit Center Bay 11,0.0,0.0
2024-10-11,513,South,25191,17854.0,,07:35:49,07:36:19,1,394,W Casino Rd & Evergreen Way,2.0,0.0
2024-10-11,513,South,25191,17854.0,07:41:00,07:42:20,07:42:30,2,2144,Eastmont Park & Ride Bay 1,0.0,0.0
2024-10-11,513,South,25191,17854.0,07:54:00,07:54:02,07:54:25,3,2164,Ash Way Park & Ride Bay 1,3.0,0.0
2024-10-11,513,South,25191,17854.0,08:11:00,08:00:48,08:00:48,4,2114,Lynnwood City Center Station Bay D2,0.0,5.0
2024-10-11,513,South,25192,91719.0,08:00:00,07:59:12,07:59:12,0,3190,Seaway Transit Center Bay 11,0.0,0.0
2024-10-11,513,South,25192,91719.0,,08:05:01,08:05:01,1,394,W Casino Rd & Evergreen Way,0.0,0.0
2024-10-11,513,South,25192,91719.0,08:11:00,08:11:39,08:12:01,2,2144,Eastmont Park & Ride Bay 1,1.0,0.0
2024-10-11,513,South,25192,91719.0,08:24:00,08:22:34,08:22:52,3,2164,Ash Way Park & Ride Bay 1,1.0,0.0
2024-10-11,513,South,25192,91719.0,08:37:00,08:29:18,08:29:18,4,2114,Lynnwood City Center Station Bay D2,0.0,2.0
2024-10-11,513,South,25193,91709.0,08:30:00,08:30:28,08:30:28,0,3190,Seaway Transit Center Bay 11,0.0,0.0
2024-10-11,513,South,25193,91709.0,,08:36:26,08:36:48,1,394,W Casino Rd & Evergreen Way,0.0,0.0
2024-10-11,513,South,25193,91709.0,08:41:00,08:43:17,08:43:35,2,2144,Eastmont Park & Ride Bay 1,0.0,0.0
2024-10-11,513,South,25193,91709.0,08:54:00,08:54:10,08:54:39,3,2164,Ash Way Park & Ride Bay 1,4.0,0.0
2024-10-11,513,South,25193,91709.0,09:07:00,09:01:09,09:01:09,4,2114,Lynnwood City Center Station Bay D2,0.0,4.0
2024-10-14,513,North,25178,91714.0,15:07:00,15:07:40,15:07:40,0,2543,Lynnwood City Center Station Bay D4,2.0,0.0
2024-10-14,513,North,25178,91714.0,15:14:00,15:14:46,15:15:24,1,2163,Ash Way Park & Ride Bay 4,1.0,1.0
2024-10-14,513,North,25178,91714.0,15:26:00,15:27:48,15:28:04,2,2144,Eastmont Park & Ride Bay 1,0.0,1.0
2024-10-14,513,North,25178,91714.0,,15:32:48,15:32:48,3,1765,W Casino Rd & Evergreen Way,0.0,0.0
2024-10-14,513,North,25178,91714.0,15:48:00,15:42:17,15:42:17,4,3190,Seaway Transit Center Bay 11,0.0,1.0
2024-10-14,513,North,25179,91716.0,15:37:00,15:38:12,15:38:12,0,2543,Lynnwood City Center Station Bay D4,3.0,0.0
2024-10-14,513,North,25179,91716.0,15:44:00,15:45:24,15:45:45,1,2163,Ash Way Park & Ride Bay 4,0.0,2.0
2024-10-14,513,North,25179,91716.0,15:57:00,16:00:46,16:00:55,2,2144,Eastmont Park & Ride Bay 1,0.0,0.0
2024-10-14,513,North,25179,91716.0,,16:04:44,16:05:01,3,1765,W Casino Rd & Evergreen Way,0.0,1.0
2024-10-14,513,North,25179,91716.0,16:19:00,16:12:28,16:12:28,4,3190,Seaway Transit Center Bay 11,0.0,0.0
2024-10-14,513,North,25180,91702.0,16:07:00,16:08:08,16:08:08,0,2543,Lynnwood City Center Station Bay D4,6.0,0.0
2024-10-14,513,North,25180,91702.0,16:14:00,16:15:24,16:15:55,1,2163,Ash Way Park & Ride Bay 4,0.0,5.0
2024-10-14,513,North,25180,91702.0,16:28:00,16:33:57,16:34:11,2,2144,Eastmont Park & Ride Bay 1,0.0,0.0
2024-10-14,513,North,25180,91702.0,,16:40:32,16:40:58,3,1765,W Casino Rd & Evergreen Way,0.0,1.0
2024-10-14,513,North,25180,91702.0,16:50:00,16:59:04,16:59:04,4,3190,Seaway Transit Center Bay 11,0.0,0.0
2024-10-14,513,North,25181,19812.0,16:37:00,16:40:25,16:40:25,0,2543,Lynnwood City Center Station Bay D4,6.0,0.0
2024-10-14,513,North,25181,19812.0,16:44:00,16:48:21,16:48:59,1,2163,Ash Way Park & Ride Bay 4,0.0,5.0
2024-10-14,513,North,25181,19812.0,16:58:00,17:07:39,17:07:56,2,2144,Eastmont Park & Ride Bay 1,0.0,1.0
2024-10-14,513,North,25181,19812.0,,17:15:09,17:15:26,3,1765,W Casino Rd & Evergreen Way,0.0,0.0
2024-10-14,513,North,25181,19812.0,17:20:00,17:24:02,17:24:02,4,3190,Seaway Transit Center Bay 11,0.0,0.0
2024-10-14,513,North,25182,19818.0,17:07:00,17:07:49,17:07:49,0,2543,Lynnwood City Center Station Bay D4,9.0,0.0
2024-10-14,513,North,25182,19818.0,17:14:00,17:16:32,17:17:17,1,2163,Ash Way Park & Ride Bay 4,2.0,8.0
2024-10-14,513,North,25182,19818.0,17:28:00,17:34:09,17:34:22,2,2144,Eastmont Park & Ride Bay 1,0.0,0.0
2024-10-14,513,North,25182,19818.0,,17:38:37,17:38:55,3,1765,W Casino Rd & Evergreen Way,0.0,2.0
2024-10-14,513,North,25182,19818.0,17:50:00,17:47:33,17:47:33,4,3190,Seaway Transit Center Bay 11,0.0,1.0
2024-10-14,513,North,25183,19810.0,17:37:00,17:37:41,17:37:41,0,2543,Lynnwood City Center Station Bay D4,0.0,0.0
2024-10-14,513,North,25183,19810.0,17:44:00,17:45:36,17:46:04,1,2163,Ash Way Park & Ride Bay 4,0.0,0.0
2024-10-14,513,North,25183,19810.0,17:58:00,18:06:44,18:06:54,2,2144,Eastmont Park & Ride Bay 1,0.0,0.0
2024-10-14,513,North,25183,19810.0,,18:11:42,18:11:54,3,1765,W Casino Rd & Evergreen Way,0.0,0.0
2024-10-14,513,North,25183,19810.0,18:20:00,18:19:26,18:19:26,4,3190,Seaway Transit Center Bay 11,0.0,0.0
2024-10-14,513,North,25184,19813.0,18:07:00,18:08:23,18:08:23,0,2543,Lynnwood City Center Station Bay D4,7.0,0.0
2024-10-14,513,North,25184,19813.0,18:14:00,18:15:37,18:15:51,1,2163,Ash Way Park & Ride Bay 4,0.0,1.0
2024-10-14,513,North,25184,19813.0,18:27:00,18:31:38,18:31:56,2,2144,Eastmont Park & Ride Bay 1,0.0,2.0
2024-10-14,513,North,25184,19813.0,,18:36:27,18:36:49,3,1765,W Casino Rd & Evergreen Way,0.0,3.0
2024-10-14,513,North,25184,19813.0,18:47:00,18:43:36,18:43:36,4,3190,Seaway Transit Center Bay 11,0.0,1.0
2024-10-14,513,North,25185,19814.0,18:37:00,18:37:12,18:37:12,0,2543,Lynnwood City Center Station Bay D4,7.0,0.0
2024-10-14,513,North,25185,19814.0,18:44:00,18:43:46,18:44:10,1,2163,Ash Way Park & Ride Bay 4,0.0,3.0
2024-10-14,513,North,25185,19814.0,18:56:00,19:02:18,19:02:37,2,2144,Eastmont Park & Ride Bay 1,0.0,2.0
2024-10-14,513,North,25185,19814.0,,19:07:56,19:08:25,3,1765,W Casino Rd & Evergreen Way,0.0,2.0
2024-10-14,513,North,25185,19814.0,19:14:00,19:18:15,19:18:15,4,3190,Seaway Transit Center Bay 11,0.0,0.0
2024-10-14,513,South,25186,91722.0,05:00:00,05:00:27,05:00:27,0,3190,Seaway Transit Center Bay 11,0.0,0.0
2024-10-14,513,South,25186,91722.0,,05:05:31,05:05:31,1,394,W Casino Rd & Evergreen Way,0.0,0.0
2024-10-14,513,South,25186,91722.0,05:10:00,05:09:26,05:10:08,2,2144,Eastmont Park & Ride Bay 1,2.0,0.0
2024-10-14,513,South,25186,91722.0,05:21:00,05:20:07,05:20:16,3,2164,Ash Way Park & Ride Bay 1,0.0,0.0
2024-10-14,513,South,25186,91722.0,05:32:00,05:25:47,05:25:47,4,2114,Lynnwood City Center Station Bay D2,0.0,2.0
2024-10-14,513,South,25187,91905.0,05:30:00,05:31:01,05:31:01,0,3190,Seaway Transit Center Bay 11,0.0,0.0
2024-10-14,513,South,25187,91905.0,,05:36:05,05:36:36,1,394,W Casino Rd & Evergreen Way,0.0,0.0
2024-10-14,513,South,25187,91905.0,05:40:00,05:43:03,05:43:16,2,2144,Eastmont Park & Ride Bay 1,0.0,0.0
2024-10-14,513,South,25187,91905.0,05:52:00,05:53:49,05:54:18,3,2164,Ash Way Park & Ride Bay 1,0.0,0.0
2024-10-14,513,South,25187,91905.0,06:03:00,06:00:36,06:00:36,4,2114,Lynnwood City Center Station Bay D2,0.0,0.0
2024-10-14,513,South,25188,91901.0,06:00:00,06:00:28,06:00:28,0,3190,Seaway Transit Center Bay 11,0.0,0.0
2024-10-14,513,South,25188,91901.0,,06:06:15,06:06:34,1,394,W Casino Rd & Evergreen Way,0.0,0.0
2024-10-14,513,South,25188,91901.0,06:10:00,06:12:27,06:12:41,2,2144,Eastmont Park & Ride Bay 1,0.0,0.0
2024-10-14,513,South,25188,91901.0,06:23:00,06:24:26,06:24:53,3,2164,Ash Way Park & Ride Bay 1,4.0,0.0
2024-10-14,513,South,25188,91901.0,06:38:00,06:31:48,06:31:48,4,2114,Lynnwood City Center Station Bay D2,0.0,4.0
2024-10-14,513,South,25189,15814.0,06:30:00,06:30:19,06:30:19,0,3190,Seaway Transit Center Bay 11,0.0,0.0
2024-10-14,513,South,25189,15814.0,,06:36:10,06:36:30,1,394,W Casino Rd & Evergreen Way,5.0,0.0
2024-10-14,513,South,25189,15814.0,06:41:00,06:43:52,06:44:04,2,2144,Eastmont Park & Ride Bay 1,0.0,0.0
2024-10-14,513,South,25189,15814.0,06:54:00,06:57:20,06:57:41,3,2164,Ash Way Park & Ride Bay 1,5.0,0.0
2024-10-14,513,South,25189,15814.0,07:09:00,07:04:38,07:04:38,4,2114,Lynnwood City Center Station Bay D2,0.0,10.0
2024-10-14,513,South,25190,15815.0,07:00:00,07:00:17,07:00:17,0,3190,Seaway Transit Center Bay 11,0.0,0.0
2024-10-14,513,South,25190,15815.0,,07:07:30,07:07:54,1,394,W Casino Rd & Evergreen Way,0.0,0.0
2024-10-14,513,South,25190,15815.0,07:11:00,07:16:01,07:16:15,2,2144,Eastmont Park & Ride Bay 1,0.0,0.0
2024-10-14,513,South,25190,15815.0,07:24:00,07:30:12,07:32:46,3,2164,Ash Way Park & Ride Bay 1,9.0,0.0
2024-10-14,513,South,25190,15815.0,07:41:00,07:40:21,07:40:21,4,2114,Lynnwood City Center Station Bay D2,0.0,9.0
2024-10-14,513,South,25191,19852.0,07:30:00,07:30:12,07:30:12,0,3190,Seaway Transit Center Bay 11,0.0,0.0
2024-10-14,513,South,25191,19852.0,,07:36:05,07:36:28,1,394,W Casino Rd & Evergreen Way,1.0,0.0
2024-10-14,513,South,25191,19852.0,07:41:00,07:42:07,07:42:17,2,2144,Eastmont Park & Ride Bay 1,0.0,0.0
2024-10-14,513,South,25191,19852.0,07:54:00,07:54:38,07:55:12,3,2164,Ash Way Park & Ride Bay 1,6.0,0.0
2024-10-14,513,South,25191,19852.0,08:11:00,08:02:18,08:02:18,4,2114,Lynnwood City Center Station Bay D2,0.0,7.0
2024-10-14,513,South,25192,91503.0,08:00:00,08:00:13,08:00:13,0,3190,Seaway Transit Center Bay 11,1.0,0.0
2024-10-14,513,South,25192,91503.0,,08:05:02,08:05:10,1,394,W Casino Rd & Evergreen Way,0.0,0.0
2024-10-14,513,South,25192,91503.0,08:11:00,08:12:35,08:13:04,2,2144,Eastmont Park & Ride Bay 1,1.0,0.0
2024-10-14,513,South,25192,91503.0,08:24:00,08:23:54,08:24:28,3,2164,Ash Way Park & Ride Bay 1,2.0,0.0
2024-10-14,513,South,25192,91503.0,08:37:00,08:30:34,08:30:34,4,2114,Lynnwood City Center Station Bay D2,0.0,4.0
2024-10-14,513,South,25193,91908.0,08:30:00,08:31:03,08:31:03,0,3190,Seaway Transit Center Bay 11,0.0,0.0
2024-10-14,513,South,25193,91908.0,,08:36:02,08:36:30,1,394,W Casino Rd & Evergreen Way,2.0,0.0
2024-10-14,513,South,25193,91908.0,08:41:00,08:42:26,08:42:45,2,2144,Eastmont Park & Ride Bay 1,1.0,0.0
2024-10-14,513,South,25193,91908.0,08:54:00,09:00:50,09:01:24,3,2164,Ash Way Park & Ride Bay 1,4.0,0.0
2024-10-14,513,South,25193,91908.0,09:07:00,09:07:12,09:07:12,4,2114,Lynnwood City Center Station Bay D2,0.0,7.0
2024-10-15,513,North,25178,91716.0,15:07:00,15:07:05,15:07:05,0,2543,Lynnwood City Center Station Bay D4,0.0,0.0
2024-10-15,513,North,25178,91716.0,15:14:00,15:12:42,15:13:35,1,2163,Ash Way Park & Ride Bay 4,0.0,0.0
2024-10-15,513,North,25178,91716.0,15:26:00,15:28:29,15:28:33,2,2144,Eastmont Park & Ride Bay 1,0.0,0.0
2024-10-15,513,North,25178,91716.0,,15:34:46,15:34:46,3,1765,W Casino Rd & Evergreen Way,0.0,0.0
2024-10-15,513,North,25178,91716.0,15:48:00,15:42:37,15:42:37,4,3190,Seaway Transit Center Bay 11,0.0,0.0
2024-10-15,513,North,25179,91713.0,15:37:00,15:38:21,15:38:21,0,2543,Lynnwood City Center Station Bay D4,3.0,0.0
2024-10-15,513,North,25179,91713.0,15:44:00,15:44:55,15:45:20,1,2163,Ash Way Park & Ride Bay 4,0.0,3.0
2024-10-15,513,North,25179,91713.0,15:57:00,16:00:28,16:00:40,2,2144,Eastmont Park & Ride Bay 1,0.0,0.0
2024-10-15,513,North,25179,91713.0,,16:06:29,16:06:42,3,1765,W Casino Rd & Evergreen Way,0.0,0.0
2024-10-15,513,North,25179,91713.0,16:19:00,16:13:31,16:13:31,4,3190,Seaway Transit Center Bay 11,0.0,0.0
2024-10-15,513,North,25180,91502.0,16:07:00,16:10:37,16:10:37,0,2543,Lynnwood City Center Station Bay D4,16.0,0.0
2024-10-15,513,North,25180,91502.0,16:14:00,16:17:14,16:18:23,1,2163,Ash Way Park & Ride Bay 4,0.0,13.0
2024-10-15,513,North,25180,91502.0,16:28:00,16:36:25,16:38:00,2,2144,Eastmont Park & Ride Bay 1,1.0,3.0
2024-10-15,513,North,25180,91502.0,,16:44:38,16:44:50,3,1765,W Casino Rd & Evergreen Way,0.0,1.0
2024-10-15,513,North,25180,91502.0,16:50:00,16:50:41,16:50:41,4,3190,Seaway Transit Center Bay 11,0.0,0.0
2024-10-15,513,North,25181,91501.0,16:37:00,16:38:02,16:38:02,0,2543,Lynnwood City Center Station Bay D4,4.0,0.0
2024-10-15,513,North,25181,91501.0,16:44:00,16:44:42,16:45:05,1,2163,Ash Way Park & Ride Bay 4,0.0,4.0
2024-10-15,513,North,25181,91501.0,16:58:00,17:10:39,17:10:47,2,2144,Eastmont Park & Ride Bay 1,0.0,0.0
2024-10-15,513,North,25181,91501.0,,17:16:23,17:16:42,3,1765,W Casino Rd & Evergreen Way,0.0,0.0
2024-10-15,513,North,25181,91501.0,17:20:00,17:25:47,17:25:47,4,3190,Seaway Transit Center Bay 11,0.0,0.0
2024-10-15,513,North,25182,91721.0,17:07:00,17:07:28,17:07:28,0,2543,Lynnwood City Center Station Bay D4,8.0,0.0
2024-10-15,513,North,25182,91721.0,17:14:00,17:13:49,17:15:12,1,2163,Ash Way Park & Ride Bay 4,0.0,7.0
2024-10-15,513,North,25182,91721.0,17:28:00,17:32:30,17:32:43,2,2144,Eastmont Park & Ride Bay 1,0.0,0.0
2024-10-15,513,North,25182,91721.0,,17:38:29,17:38:48,3,1765,W Casino Rd & Evergreen Way,0.0,1.0
2024-10-15,513,North,25182,91721.0,17:50:00,17:46:05,17:46:05,4,3190,Seaway Transit Center Bay 11,0.0,0.0
2024-10-15,513,North,25183,19811.0,17:37:00,17:38:06,17:38:06,0,2543,Lynnwood City Center Station Bay D4,16.0,0.0
2024-10-15,513,North,25183,19811.0,17:44:00,17:44:26,17:44:56,1,2163,Ash Way Park & Ride Bay 4,0.0,12.0
2024-10-15,513,North,25183,19811.0,17:58:00,18:03:22,18:03:38,2,2144,Eastmont Park & Ride Bay 1,0.0,2.0
2024-10-15,513,North,25183,19811.0,,18:10:00,18:10:22,3,1765,W Casino Rd & Evergreen Way,0.0,1.0
2024-10-15,513,North,25183,19811.0,18:20:00,18:19:07,18:19:07,4,3190,Seaway Transit Center Bay 11,0.0,1.0
2024-10-15,513,North,25184,91707.0,18:07:00,18:11:09,18:11:09,0,2543,Lynnwood City Center Station Bay D4,5.0,0.0
2024-10-15,513,North,25184,91707.0,18:14:00,18:17:04,18:17:27,1,2163,Ash Way Park & Ride Bay 4,1.0,4.0
2024-10-15,513,North,25184,91707.0,18:27:00,18:36:29,18:36:46,2,2144,Eastmont Park & Ride Bay 1,0.0,1.0
2024-10-15,513,North,25184,91707.0,,18:41:29,18:41:51,3,1765,W Casino Rd & Evergreen Way,0.0,1.0
2024-10-15,513,North,25184,91707.0,18:47:00,18:49:08,18:49:08,4,3190,Seaway Transit Center Bay 11,0.0,0.0
2024-10-15,513,North,25185,15820.0,18:37:00,18:37:11,18:37:11,0,2543,Lynnwood City Center Station Bay D4,4.0,0.0
2024-10-15,513,North,25185,15820.0,18:44:00,18:43:32,18:43:52,1,2163,Ash Way Park & Ride Bay 4,0.0,0.0
2024-10-15,513,North,25185,15820.0,18:56:00,19:01:02,19:01:20,2,2144,Eastmont Park & Ride Bay 1,0.0,1.0
2024-10-15,513,North,25185,15820.0,,19:07:44,19:08:07,3,1765,W Casino Rd & Evergreen Way,0.0,3.0
2024-10-15,513,North,25185,15820.0,19:14:00,19:19:20,19:19:20,4,3190,Seaway Transit Center Bay 11,0.0,0.0
2024-10-15,513,South,25186,91908.0,05:00:00,05:00:23,05:00:23,0,3190,Seaway Transit Center Bay 11,0.0,0.0
2024-10-15,513,South,25186,91908.0,,05:04:35,05:04:51,1,394,W Casino Rd & Evergreen Way,2.0,0.0
2024-10-15,513,South,25186,91908.0,05:10:00,05:09:00,05:10:09,2,2144,Eastmont Park & Ride Bay 1,1.0,0.0
2024-10-15,513,South,25186,91908.0,05:21:00,05:20:01,05:20:09,3,2164,Ash Way Park & Ride Bay 1,0.0,0.0
2024-10-15,513,South,25186,91908.0,05:32:00,05:26:23,05:26:23,4,2114,Lynnwood City Center Station Bay D2,0.0,3.0
2024-10-15,513,South,25187,91709.0,05:30:00,05:30:48,05:30:48,0,3190,Seaway Transit Center Bay 11,0.0,0.0
2024-10-15,513,South,25187,91709.0,,05:36:27,05:36:52,1,394,W Casino Rd & Evergreen Way,0.0,0.0
2024-10-15,513,South,25187,91709.0,05:40:00,05:43:09,05:43:24,2,2144,Eastmont Park & Ride Bay 1,0.0,0.0
2024-10-15,513,South,25187,91709.0,05:52:00,05:54:16,05:54:50,3,2164,Ash Way Park & Ride Bay 1,0.0,0.0
2024-10-15,513,South,25187,91709.0,06:03:00,06:01:16,06:01:16,4,2114,Lynnwood City Center Station Bay D2,0.0,0.0
2024-10-15,513,South,25188,91504.0,06:00:00,06:00:17,06:00:17,0,3190,Seaway Transit Center Bay 11,0.0,0.0
2024-10-15,513,South,25188,91504.0,,06:05:59,06:06:28,1,394,W Casino Rd & Evergreen Way,1.0,0.0
2024-10-15,513,South,25188,91504.0,06:10:00,06:12:22,06:12:33,2,2144,Eastmont Park & Ride Bay 1,0.0,0.0
2024-10-15,513,South,25188,91504.0,06:23:00,06:25:40,06:26:20,3,2164,Ash Way Park & Ride Bay 1,6.0,0.0
2024-10-15,513,South,25188,91504.0,06:38:00,06:57:19,06:57:19,4,2114,Lynnwood City Center Station Bay D2,0.0,7.0
2024-10-15,513,South,25189,91729.0,06:30:00,06:30:11,06:30:11,0,3190,Seaway Transit Center Bay 11,0.0,0.0
2024-10-15,513,South,25189,91729.0,,06:35:55,06:36:20,1,394,W Casino Rd & Evergreen Way,3.0,0.0
2024-10-15,513,South,25189,91729.0,06:41:00,06:42:22,06:43:02,2,2144,Eastmont Park & Ride Bay 1,2.0,0.0
2024-10-15,513,South,25189,91729.0,06:54:00,06:55:50,06:56:26,3,2164,Ash Way Park & Ride Bay 1,9.0,0.0
2024-10-15,513,South,25189,91729.0,07:09:00,07:04:23,07:04:23,4,2114,Lynnwood City Center Station Bay D2,0.0,14.0
2024-10-15,513,South,25190,17866.0,07:00:00,07:00:17,07:00:17,0,3190,Seaway Transit Center Bay 11,1.0,0.0
2024-10-15,513,South,25190,17866.0,,07:06:15,07:06:41,1,394,W Casino Rd & Evergreen Way,1.0,0.0
2024-10-15,513,South,25190,17866.0,07:11:00,07:12:47,07:12:59,2,2144,Eastmont Park & Ride Bay 1,0.0,0.0
2024-10-15,513,South,25190,17866.0,07:24:00,07:26:53,07:27:32,3,2164,Ash Way Park & Ride Bay 1,5.0,0.0
2024-10-15,513,South,25190,17866.0,07:41:00,07:38:30,07:38:30,4,2114,Lynnwood City Center Station Bay D2,0.0,7.0
2024-10-15,513,South,25191,15820.0,07:30:00,07:30:26,07:30:26,0,3190,Seaway Transit Center Bay 11,1.0,0.0
2024-10-15,513,South,25191,15820.0,,07:36:12,07:36:42,1,394,W Casino Rd & Evergreen Way,3.0,0.0
2024-10-15,513,South,25191,15820.0,07:41:00,07:44:40,07:44:51,2,2144,Eastmont Park & Ride Bay 1,0.0,0.0
2024-10-15,513,South,25191,15820.0,07:54:00,08:00:27,08:00:42,3,2164,Ash Way Park & Ride Bay 1,0.0,0.0
2024-10-15,513,South,25191,15820.0,08:11:00,08:12:06,08:12:06,4,2114,Lynnwood City Center Station Bay D2,0.0,4.0
2024-10-15,513,South,25192,91902.0,08:00:00,07:59:11,07:59:11,0,3190,Seaway Transit Center Bay 11,1.0,0.0
2024-10-15,513,South,25192,91902.0,,08:04:46,08:04:46,1,394,W Casino Rd & Evergreen Way,0.0,0.0
2024-10-15,513,South,25192,91902.0,08:11:00,08:10:35,08:11:00,2,2144,Eastmont Park & Ride Bay 1,1.0,0.0
2024-10-15,513,South,25192,91902.0,08:24:00,08:22:41,08:23:17,3,2164,Ash Way Park & Ride Bay 1,3.0,0.0
2024-10-15,513,South,25192,91902.0,08:37:00,08:30:39,08:30:39,4,2114,Lynnwood City Center Station Bay D2,0.0,5.0
2024-10-15,513,South,25193,91701.0,08:30:00,08:30:08,08:30:08,0,3190,Seaway Transit Center Bay 11,0.0,0.0
2024-10-15,513,South,25193,91701.0,,08:35:19,08:35:49,1,394,W Casino Rd & Evergreen Way,1.0,0.0
2024-10-15,513,South,25193,91701.0,08:41:00,08:42:18,08:42:36,2,2144,Eastmont Park & Ride Bay 1,1.0,0.0
2024-10-15,513,South,25193,91701.0,08:54:00,08:56:14,08:56:53,3,2164,Ash Way Park & Ride Bay 1,3.0,0.0
2024-10-15,513,South,25193,91701.0,09:07:00,09:03:21,09:03:21,4,2114,Lynnwood City Center Station Bay D2,0.0,5.0
2024-10-16,513,North,25178,91724.0,15:07:00,15:07:15,15:07:15,0,2543,Lynnwood City Center Station Bay D4,1.0,0.0
2024-10-16,513,North,25178,91724.0,15:14:00,15:13:28,15:13:45,1,2163,Ash Way Park & Ride Bay 4,0.0,0.0
2024-10-16,513,North,25178,91724.0,15:26:00,15:27:55,15:28:01,2,2144,Eastmont Park & Ride Bay 1,0.0,0.0
2024-10-16,513,North,25178,91724.0,,15:32:38,15:32:53,3,1765,W Casino Rd & Evergreen Way,0.0,1.0
2024-10-16,513,North,25178,91724.0,15:48:00,15:40:50,15:40:50,4,3190,Seaway Transit Center Bay 11,0.0,0.0
2024-10-16,513,North,25179,19851.0,15:37:00,15:37:47,15:37:47,0,2543,Lynnwood City Center Station Bay D4,9.0,0.0
2024-10-16,513,North,25179,19851.0,15:44:00,15:44:15,15:44:41,1,2163,Ash Way Park & Ride Bay 4,0.0,5.0
2024-10-16,513,North,25179,19851.0,15:57:00,16:02:28,16:02:47,2,2144,Eastmont Park & Ride Bay 1,0.0,1.0
2024-10-16,513,North,25179,19851.0,,16:08:27,16:08:46,3,1765,W Casino Rd & Evergreen Way,0.0,2.0
2024-10-16,513,North,25179,19851.0,16:19:00,16:15:49,16:15:49,4,3190,Seaway Transit Center Bay 11,0.0,1.0
2024-10-16,513,North,25180,91707.0,16:07:00,16:08:45,16:08:45,0,2543,Lynnwood City Center Station Bay D4,7.0,0.0
2024-10-16,513,North,25180,91707.0,16:14:00,16:15:29,16:15:45,1,2163,Ash Way Park & Ride Bay 4,0.0,3.0
2024-10-16,513,North,25180,91707.0,16:28:00,16:35:24,16:35:39,2,2144,Eastmont Park & Ride Bay 1,0.0,1.0
2024-10-16,513,North,25180,91707.0,,16:40:12,16:40:39,3,1765,W Casino Rd & Evergreen Way,0.0,3.0
2024-10-16,513,North,25180,91707.0,16:50:00,16:52:17,16:52:17,4,3190,Seaway Transit Center Bay 11,0.0,0.0
2024-10-16,513,North,25181,15814.0,16:37:00,16:39:54,16:39:54,0,2543,Lynnwood City Center Station Bay D4,5.0,0.0
2024-10-16,513,North,25181,15814.0,16:44:00,16:46:47,16:47:19,1,2163,Ash Way Park & Ride Bay 4,1.0,6.0
2024-10-16,513,North,25181,15814.0,16:58:00,17:03:29,17:03:39,2,2144,Eastmont Park & Ride Bay 1,0.0,0.0
2024-10-16,513,North,25181,15814.0,,17:10:37,17:11:31,3,1765,W Casino Rd & Evergreen Way,0.0,0.0
2024-10-16,513,North,25181,15814.0,17:20:00,17:19:07,17:19:07,4,3190,Seaway Transit Center Bay 11,0.0,0.0
2024-10-16,513,North,25182,91721.0,17:07:00,17:07:38,17:07:38,0,2543,Lynnwood City Center Station Bay D4,6.0,0.0
2024-10-16,513,North,25182,91721.0,17:14:00,17:14:33,17:15:28,1,2163,Ash Way Park & Ride Bay 4,1.0,5.0
2024-10-16,513,North,25182,91721.0,17:28:00,17:28:33,17:28:48,2,2144,Eastmont Park & Ride Bay 1,0.0,1.0
2024-10-16,513,North,25182,91721.0,,17:34:30,17:34:46,3,1765,W Casino Rd & Evergreen Way,0.0,0.0
2024-10-16,513,North,25182,91721.0,17:50:00,17:40:42,17:40:42,4,3190,Seaway Transit Center Bay 11,0.0,1.0
2024-10-16,513,North,25183,19820.0,17:37:00,17:37:12,17:37:12,0,2543,Lynnwood City Center Station Bay D4,6.0,0.0
2024-10-16,513,North,25183,19820.0,17:44:00,17:43:36,17:43:55,1,2163,Ash Way Park & Ride Bay 4,0.0,1.0
2024-10-16,513,North,25183,19820.0,17:58:00,17:59:37,17:59:50,2,2144,Eastmont Park & Ride Bay 1,0.0,1.0
2024-10-16,513,North,25183,19820.0,,18:06:28,18:06:47,3,1765,W Casino Rd & Evergreen Way,0.0,3.0
2024-10-16,513,North,25183,19820.0,18:20:00,18:14:07,18:14:07,4,3190,Seaway Transit Center Bay 11,0.0,1.0
2024-10-16,513,North,25184,91503.0,18:07:00,18:07:41,18:07:41,0,2543,Lynnwood City Center Station Bay D4,8.0,0.0
2024-10-16,513,North,25184,91503.0,18:14:00,18:15:09,18:15:32,1,2163,Ash Way Park & Ride Bay 4,0.0,3.0
2024-10-16,513,North,25184,91503.0,18:27:00,18:35:48,18:36:05,2,2144,Eastmont Park & Ride Bay 1,0.0,3.0
2024-10-16,513,North,25184,91503.0,,18:41:49,18:42:09,3,1765,W Casino Rd & Evergreen Way,0.0,2.0
2024-10-16,513,North,25184,91503.0,18:47:00,18:50:35,18:50:35,4,3190,Seaway Transit Center Bay 11,0.0,0.0
2024-10-16,513,North,25185,17860.0,18:37:00,18:39:11,18:39:11,0,2543,Lynnwood City Center Station Bay D4,4.0,0.0
2024-10-16,513,North,25185,17860.0,18:44:00,18:46:18,18:46:52,1,2163,Ash Way Park & Ride Bay 4,1.0,4.0
2024-10-16,513,North,25185,17860.0,18:56:00,19:00:36,19:00:51,2,2144,Eastmont Park & Ride Bay 1,0.0,1.0
2024-10-16,513,North,25185,17860.0,,19:06:09,19:06:29,3,1765,W Casino Rd & Evergreen Way,0.0,0.0
2024-10-16,513,North,25185,17860.0,19:14:00,19:14:24,19:14:24,4,3190,Seaway Transit Center Bay 11,0.0,0.0
2024-10-16,513,South,25186,91907.0,05:00:00,05:00:09,05:00:09,0,3190,Seaway Transit Center Bay 11,1.0,0.0
2024-10-16,513,South,25186,91907.0,,05:04:36,05:04:56,1,394,W Casino Rd & Evergreen Way,2.0,0.0
2024-10-16,513,South,25186,91907.0,05:10:00,05:09:31,05:09:50,2,2144,Eastmont Park & Ride Bay 1,1.0,0.0
2024-10-16,513,South,25186,91907.0,05:21:00,05:20:42,05:20:53,3,2164,Ash Way Park & Ride Bay 1,0.0,0.0
2024-10-16,513,South,25186,91907.0,05:32:00,05:27:10,05:27:10,4,2114,Lynnwood City Center Station Bay D2,0.0,4.0
2024-10-16,513,South,25187,91901.0,05:30:00,05:30:09,05:30:09,0,3190,Seaway Transit Center Bay 11,0.0,0.0
2024-10-16,513,South,25187,91901.0,,05:35:03,05:35:22,1,394,W Casino Rd & Evergreen Way,1.0,0.0
2024-10-16,513,South,25187,91901.0,05:40:00,05:40:23,05:40:35,2,2144,Eastmont Park & Ride Bay 1,0.0,0.0
2024-10-16,513,South,25187,91901.0,05:52:00,05:51:09,05:52:15,3,2164,Ash Way Park & Ride Bay 1,7.0,0.0
2024-10-16,513,South,25187,91901.0,06:03:00,05:58:56,05:58:56,4,2114,Lynnwood City Center Station Bay D2,0.0,8.0
2024-10-16,513,South,25188,91729.0,06:00:00,06:00:18,06:00:18,0,3190,Seaway Transit Center Bay 11,0.0,0.0
2024-10-16,513,South,25188,91729.0,,06:06:43,06:06:56,1,394,W Casino Rd & Evergreen Way,0.0,0.0
2024-10-16,513,South,25188,91729.0,06:10:00,06:12:48,06:13:02,2,2144,Eastmont Park & Ride Bay 1,0.0,0.0
2024-10-16,513,South,25188,91729.0,06:23:00,06:25:28,06:25:53,3,2164,Ash Way Park & Ride Bay 1,4.0,0.0
2024-10-16,513,South,25188,91729.0,06:38:00,06:57:01,06:57:01,4,2114,Lynnwood City Center Station Bay D2,0.0,4.0
2024-10-16,513,South,25189,15816.0,06:30:00,06:30:07,06:30:07,0,3190,Seaway Transit Center Bay 11,0.0,0.0
2024-10-16,513,South,25189,15816.0,,06:35:26,06:35:41,1,394,W Casino Rd & Evergreen Way,1.0,0.0
2024-10-16,513,South,25189,15816.0,06:41:00,06:42:14,06:42:33,2,2144,Eastmont Park & Ride Bay 1,1.0,0.0
2024-10-16,513,South,25189,15816.0,06:54:00,06:54:39,06:55:46,3,2164,Ash Way Park & Ride Bay 1,8.0,0.0
2024-10-16,513,South,25189,15816.0,07:09:00,07:02:53,07:02:53,4,2114,Lynnwood City Center Station Bay D2,0.0,10.0
2024-10-16,513,South,25190,17866.0,07:00:00,07:00:14,07:00:14,0,3190,Seaway Transit Center Bay 11,0.0,0.0
2024-10-16,513,South,25190,17866.0,,07:05:32,07:05:58,1,394,W Casino Rd & Evergreen Way,1.0,0.0
2024-10-16,513,South,25190,17866.0,07:11:00,07:12:36,07:12:49,2,2144,Eastmont Park & Ride Bay 1,0.0,0.0
2024-10-16,513,South,25190,17866.0,07:24:00,07:26:46,07:27:28,3,2164,Ash Way Park & Ride Bay 1,6.0,0.0
2024-10-16,513,South,25190,17866.0,07:41:00,07:39:08,07:39:08,4,2114,Lynnwood City Center Station Bay D2,0.0,7.0
2024-10-16,513,South,25191,91912.0,07:30:00,07:30:15,07:30:15,0,3190,Seaway Transit Center Bay 11,1.0,0.0
2024-10-16,513,South,25191,91912.0,,07:36:36,07:36:54,1,394,W Casino Rd & Evergreen Way,0.0,0.0
2024-10-16,513,South,25191,91912.0,07:41:00,07:45:04,07:45:28,2,2144,Eastmont Park & Ride Bay 1,1.0,0.0
2024-10-16,513,South,25191,91912.0,07:54:00,07:58:02,07:59:10,3,2164,Ash Way Park & Ride Bay 1,4.0,1.0
2024-10-16,513,South,25191,91912.0,08:11:00,08:11:14,08:11:14,4,2114,Lynnwood City Center Station Bay D2,0.0,5.0
2024-10-16,513,South,25192,91714.0,08:00:00,07:59:31,07:59:31,0,3190,Seaway Transit Center Bay 11,1.0,0.0
2024-10-16,513,South,25192,91714.0,,08:03:50,08:04:09,1,394,W Casino Rd & Evergreen Way,1.0,0.0
2024-10-16,513,South,25192,91714.0,08:11:00,08:11:27,08:11:52,2,2144,Eastmont Park & Ride Bay 1,2.0,0.0
2024-10-16,513,South,25192,91714.0,08:24:00,08:22:50,08:23:22,3,2164,Ash Way Park & Ride Bay 1,7.0,0.0
2024-10-16,513,South,25192,91714.0,08:37:00,08:30:04,08:30:04,4,2114,Lynnwood City Center Station Bay D2,0.0,11.0
2024-10-16,513,South,25193,17855.0,08:30:00,08:30:28,08:30:28,0,3190,Seaway Transit Center Bay 11,0.0,0.0
2024-10-16,513,South,25193,17855.0,,08:37:07,08:37:26,1,394,W Casino Rd & Evergreen Way,1.0,0.0
2024-10-16,513,South,25193,17855.0,08:41:00,08:43:07,08:43:19,2,2144,Eastmont Park & Ride Bay 1,0.0,0.0
2024-10-16,513,South,25193,17855.0,08:54:00,08:54:10,08:55:26,3,2164,Ash Way Park & Ride Bay 1,7.0,0.0
2024-10-16,513,South,25193,17855.0,09:07:00,09:01:44,09:01:44,4,2114,Lynnwood City Center Station Bay D2,0.0,8.0
2024-10-17,513,North,25178,91713.0,15:07:00,15:07:10,15:07:10,0,2543,Lynnwood City Center Station Bay D4,2.0,0.0
2024-10-17,513,North,25178,91713.0,15:14:00,15:13:07,15:14:10,1,2163,Ash Way Park & Ride Bay 4,3.0,0.0
2024-10-17,513,North,25178,91713.0,15:26:00,15:27:07,15:27:31,2,2144,Eastmont Park & Ride Bay 1,0.0,1.0
2024-10-17,513,North,25178,91713.0,,15:32:22,15:32:47,3,1765,W Casino Rd & Evergreen Way,0.0,4.0
2024-10-17,513,North,25178,91713.0,15:48:00,15:42:23,15:42:23,4,3190,Seaway Transit Center Bay 11,0.0,0.0
2024-10-17,513,North,25179,15812.0,15:37:00,15:38:09,15:38:09,0,2543,Lynnwood City Center Station Bay D4,8.0,0.0
2024-10-17,513,North,25179,15812.0,15:44:00,15:44:52,15:45:26,1,2163,Ash Way Park & Ride Bay 4,0.0,8.0
2024-10-17,513,North,25179,15812.0,15:57:00,16:01:40,16:01:52,2,2144,Eastmont Park & Ride Bay 1,0.0,0.0
2024-10-17,513,North,25179,15812.0,,16:08:23,16:08:37,3,1765,W Casino Rd & Evergreen Way,0.0,0.0
2024-10-17,513,North,25179,15812.0,16:19:00,16:15:50,16:15:50,4,3190,Seaway Transit Center Bay 11,0.0,0.0
2024-10-17,513,North,25180,91501.0,16:07:00,16:08:00,16:08:00,0,2543,Lynnwood City Center Station Bay D4,11.0,0.0
2024-10-17,513,North,25180,91501.0,16:14:00,16:14:17,16:14:44,1,2163,Ash Way Park & Ride Bay 4,0.0,10.0
2024-10-17,513,North,25180,91501.0,16:28:00,16:32:01,16:33:59,2,2144,Eastmont Park & Ride Bay 1,1.0,2.0
2024-10-17,513,North,25180,91501.0,,16:38:42,16:38:42,3,1765,W Casino Rd & Evergreen Way,0.0,0.0
2024-10-17,513,North,25180,91501.0,16:50:00,16:45:34,16:45:34,4,3190,Seaway Transit Center Bay 11,0.0,0.0
2024-10-17,513,North,25181,19815.0,16:37:00,16:37:18,16:37:18,0,2543,Lynnwood City Center Station Bay D4,9.0,0.0
2024-10-17,513,North,25181,19815.0,16:44:00,16:45:36,16:46:34,1,2163,Ash Way Park & Ride Bay 4,0.0,7.0
2024-10-17,513,North,25181,19815.0,16:58:00,17:04:32,17:04:49,2,2144,Eastmont Park & Ride Bay 1,0.0,2.0
2024-10-17,513,North,25181,19815.0,,17:10:33,17:10:33,3,1765,W Casino Rd & Evergreen Way,0.0,0.0
2024-10-17,513,North,25181,19815.0,17:20:00,17:19:21,17:19:21,4,3190,Seaway Transit Center Bay 11,0.0,0.0
2024-10-17,513,North,25182,19825.0,17:07:00,17:07:54,17:07:54,0,2543,Lynnwood City Center Station Bay D4,11.0,0.0
2024-10-17,513,North,25182,19825.0,17:14:00,17:14:49,17:15:15,1,2163,Ash Way Park & Ride Bay 4,0.0,9.0
2024-10-17,513,North,25182,19825.0,17:28:00,17:32:19,17:32:34,2,2144,Eastmont Park & Ride Bay 1,0.0,2.0
2024-10-17,513,North,25182,19825.0,,17:38:25,17:38:25,3,1765,W Casino Rd & Evergreen Way,0.0,0.0
2024-10-17,513,North,25182,19825.0,17:50:00,17:45:42,17:45:42,4,3190,Seaway Transit Center Bay 11,0.0,0.0
2024-10-17,513,North,25183,91901.0,17:37:00,17:37:34,17:37:34,0,2543,Lynnwood City Center Station Bay D4,4.0,0.0
2024-10-17,513,North,25183,91901.0,17:44:00,17:43:25,17:44:01,1,2163,Ash Way Park & Ride Bay 4,0.0,1.0
2024-10-17,513,North,25183,91901.0,17:58:00,18:01:35,18:01:54,2,2144,Eastmont Park & Ride Bay 1,0.0,3.0
2024-10-17,513,North,25183,91901.0,,18:06:56,18:06:56,3,1765,W Casino Rd & Evergreen Way,0.0,0.0
2024-10-17,513,North,25183,91901.0,18:20:00,18:13:17,18:13:17,4,3190,Seaway Transit Center Bay 11,0.0,0.0
2024-10-17,513,North,25184,19814.0,18:07:00,18:08:34,18:08:34,0,2543,Lynnwood City Center Station Bay D4,9.0,0.0
2024-10-17,513,North,25184,19814.0,18:14:00,18:15:22,18:15:47,1,2163,Ash Way Park & Ride Bay 4,0.0,6.0
2024-10-17,513,North,25184,19814.0,18:27:00,18:34:17,18:34:32,2,2144,Eastmont Park & Ride Bay 1,0.0,0.0
2024-10-17,513,North,25184,19814.0,,18:40:05,18:40:19,3,1765,W Casino Rd & Evergreen Way,0.0,2.0
2024-10-17,513,North,25184,19814.0,18:47:00,18:47:38,18:47:38,4,3190,Seaway Transit Center Bay 11,0.0,1.0
2024-10-17,513,North,25185,17854.0,18:37:00,18:37:22,18:37:22,0,2543,Lynnwood City Center Station Bay D4,13.0,0.0
2024-10-17,513,North,25185,17854.0,18:44:00,18:43:54,18:44:28,1,2163,Ash Way Park & Ride Bay 4,0.0,13.0
2024-10-17,513,North,25185,17854.0,18:56:00,18:59:46,19:00:00,2,2144,Eastmont Park & Ride Bay 1,0.0,0.0
2024-10-17,513,North,25185,17854.0,,19:04:25,19:04:25,3,1765,W Casino Rd & Evergreen Way,0.0,0.0
2024-10-17,513,North,25185,17854.0,19:14:00,19:11:26,19:11:26,4,3190,Seaway Transit Center Bay 11,0.0,0.0
2024-10-17,513,South,25186,91901.0,05:00:00,05:00:33,05:00:33,0,3190,Seaway Transit Center Bay 11,0.0,0.0
2024-10-17,513,South,25186,91901.0,,05:05:41,05:06:00,1,394,W Casino Rd & Evergreen Way,1.0,0.0
2024-10-17,513,South,25186,91901.0,05:10:00,05:10:47,05:11:03,2,2144,Eastmont Park & Ride Bay 1,2.0,0.0
2024-10-17,513,South,25186,91901.0,05:21:00,05:20:51,05:21:31,3,2164,Ash Way Park & Ride Bay 1,2.0,0.0
2024-10-17,513,South,25186,91901.0,05:32:00,05:27:08,05:27:08,4,2114,Lynnwood City Center Station Bay D2,0.0,5.0
2024-10-17,513,South,25187,91729.0,05:30:00,05:31:24,05:31:24,0,3190,Seaway Transit Center Bay 11,0.0,0.0
2024-10-17,513,South,25187,91729.0,,05:36:42,05:37:09,1,394,W Casino Rd & Evergreen Way,0.0,0.0
2024-10-17,513,South,25187,91729.0,05:40:00,05:42:40,05:42:51,2,2144,Eastmont Park & Ride Bay 1,0.0,0.0
2024-10-17,513,South,25187,91729.0,05:52:00,05:54:16,05:54:54,3,2164,Ash Way Park & Ride Bay 1,0.0,0.0
2024-10-17,513,South,25187,91729.0,06:03:00,06:01:53,06:01:53,4,2114,Lynnwood City Center Station Bay D2,0.0,0.0
2024-10-17,513,South,25188,91721.0,06:00:00,06:00:21,06:00:21,0,3190,Seaway Transit Center Bay 11,0.0,0.0
2024-10-17,513,South,25188,91721.0,,06:06:17,06:06:33,1,394,W Casino Rd & Evergreen Way,0.0,0.0
2024-10-17,513,South,25188,91721.0,06:10:00,06:12:27,06:12:41,2,2144,Eastmont Park & Ride Bay 1,0.0,0.0
2024-10-17,513,South,25188,91721.0,06:23:00,06:25:46,06:26:14,3,2164,Ash Way Park & Ride Bay 1,4.0,0.0
2024-10-17,513,South,25188,91721.0,06:38:00,06:56:58,06:56:58,4,2114,Lynnwood City Center Station Bay D2,0.0,4.0
2024-10-17,513,South,25189,15820.0,06:30:00,06:30:08,06:30:08,0,3190,Seaway Transit Center Bay 11,0.0,0.0
2024-10-17,513,South,25189,15820.0,,06:35:51,06:36:08,1,394,W Casino Rd & Evergreen Way,1.0,0.0
2024-10-17,513,South,25189,15820.0,06:41:00,06:43:11,06:43:22,2,2144,Eastmont Park & Ride Bay 1,0.0,0.0
2024-10-17,513,South,25189,15820.0,06:54:00,06:56:39,06:57:05,3,2164,Ash Way Park & Ride Bay 1,4.0,0.0
2024-10-17,513,South,25189,15820.0,07:09:00,07:04:28,07:04:28,4,2114,Lynnwood City Center Station Bay D2,0.0,5.0
2024-10-17,513,South,25190,19852.0,07:00:00,07:00:17,07:00:17,0,3190,Seaway Transit Center Bay 11,0.0,0.0
2024-10-17,513,South,25190,19852.0,,07:08:18,07:08:44,1,394,W Casino Rd & Evergreen Way,1.0,0.0
2024-10-17,513,South,25190,19852.0,07:11:00,07:18:38,07:18:58,2,2144,Eastmont Park & Ride Bay 1,1.0,0.0
2024-10-17,513,South,25190,19852.0,07:24:00,07:37:13,07:37:51,3,2164,Ash Way Park & Ride Bay 1,5.0,0.0
2024-10-17,513,South,25190,19852.0,07:41:00,07:50:53,07:50:53,4,2114,Lynnwood City Center Station Bay D2,0.0,7.0
2024-10-17,513,South,25191,19812.0,07:30:00,07:30:19,07:30:19,0,3190,Seaway Transit Center Bay 11,0.0,0.0
2024-10-17,513,South,25191,19812.0,,07:36:04,07:36:16,1,394,W Casino Rd & Evergreen Way,0.0,0.0
2024-10-17,513,South,25191,19812.0,07:41:00,07:43:44,07:43:55,2,2144,Eastmont Park & Ride Bay 1,0.0,0.0
2024-10-17,513,South,25191,19812.0,07:54:00,07:57:25,07:58:07,3,2164,Ash Way Park & Ride Bay 1,0.0,0.0
2024-10-17,513,South,25191,19812.0,08:11:00,08:10:03,08:10:03,4,2114,Lynnwood City Center Station Bay D2,0.0,0.0
2024-10-17,513,South,25192,91709.0,08:00:00,08:00:46,08:00:46,0,3190,Seaway Transit Center Bay 11,0.0,0.0
2024-10-17,513,South,25192,91709.0,,08:07:25,08:08:06,1,394,W Casino Rd & Evergreen Way,0.0,0.0
2024-10-17,513,South,25192,91709.0,08:11:00,08:13:56,08:14:06,2,2144,Eastmont Park & Ride Bay 1,0.0,0.0
2024-10-17,513,South,25192,91709.0,08:24:00,08:26:11,08:26:47,3,2164,Ash Way Park & Ride Bay 1,7.0,0.0
2024-10-17,513,South,25192,91709.0,08:37:00,08:33:58,08:33:58,4,2114,Lynnwood City Center Station Bay D2,0.0,7.0
2024-10-17,513,South,25193,15813.0,08:30:00,08:30:29,08:30:29,0,3190,Seaway Transit Center Bay 11,0.0,0.0
2024-10-17,513,South,25193,15813.0,,08:36:29,08:36:49,1,394,W Casino Rd & Evergreen Way,1.0,0.0
2024-10-17,513,South,25193,15813.0,08:41:00,08:44:04,08:44:21,2,2144,Eastmont Park & Ride Bay 1,1.0,0.0
2024-10-17,513,South,25193,15813.0,08:54:00,08:55:42,08:56:15,3,2164,Ash Way Park & Ride Bay 1,2.0,0.0
2024-10-17,513,South,25193,15813.0,09:07:00,09:02:55,09:02:55,4,2114,Lynnwood City Center Station Bay D2,0.0,4.0
2024-10-18,513,North,25178,91909.0,15:07:00,15:07:09,15:07:09,0,2543,Lynnwood City Center Station Bay D4,4.0,0.0
2024-10-18,513,North,25178,91909.0,15:14:00,15:14:35,15:15:07,1,2163,Ash Way Park & Ride Bay 4,1.0,4.0
2024-10-18,513,North,25178,91909.0,15:26:00,15:27:38,15:27:53,2,2144,Eastmont Park & Ride Bay 1,0.0,1.0
2024-10-18,513,North,25178,91909.0,,15:34:19,15:34:19,3,1765,W Casino Rd & Evergreen Way,0.0,0.0
2024-10-18,513,North,25178,91909.0,15:48:00,15:41:02,15:41:02,4,3190,Seaway Transit Center Bay 11,0.0,0.0
2024-10-18,513,North,25179,17864.0,15:37:00,15:38:31,15:38:31,0,2543,Lynnwood City Center Station Bay D4,10.0,0.0
2024-10-18,513,North,25179,17864.0,15:44:00,15:46:50,15:47:34,1,2163,Ash Way Park & Ride Bay 4,0.0,7.0
2024-10-18,513,North,25179,17864.0,15:57:00,16:01:46,16:02:03,2,2144,Eastmont Park & Ride Bay 1,0.0,1.0
2024-10-18,513,North,25179,17864.0,,16:08:15,16:11:57,3,1765,W Casino Rd & Evergreen Way,2.0,4.0
2024-10-18,513,North,25179,17864.0,16:19:00,16:18:33,16:18:33,4,3190,Seaway Transit Center Bay 11,0.0,0.0
2024-10-18,513,North,25180,91912.0,16:07:00,16:08:23,16:08:23,0,2543,Lynnwood City Center Station Bay D4,10.0,0.0
2024-10-18,513,North,25180,91912.0,16:14:00,16:16:17,16:16:36,1,2163,Ash Way Park & Ride Bay 4,0.0,3.0
2024-10-18,513,North,25180,91912.0,16:28:00,16:33:33,16:33:52,2,2144,Eastmont Park & Ride Bay 1,0.0,5.0
2024-10-18,513,North,25180,91912.0,,16:38:41,16:38:41,3,1765,W Casino Rd & Evergreen Way,0.0,0.0
2024-10-18,513,North,25180,91912.0,16:50:00,16:49:41,16:49:41,4,3190,Seaway Transit Center Bay 11,0.0,0.0
2024-10-18,513,North,25181,91905.0,16:37:00,16:37:33,16:37:33,0,2543,Lynnwood City Center Station Bay D4,4.0,0.0
2024-10-18,513,North,25181,91905.0,16:44:00,16:46:47,16:47:03,1,2163,Ash Way Park & Ride Bay 4,0.0,2.0
2024-10-18,513,North,25181,91905.0,16:58:00,17:04:16,17:04:34,2,2144,Eastmont Park & Ride Bay 1,1.0,0.0
2024-10-18,513,North,25181,91905.0,,17:12:26,17:12:40,3,1765,W Casino Rd & Evergreen Way,0.0,3.0
2024-10-18,513,North,25181,91905.0,17:20:00,17:20:12,17:20:12,4,3190,Seaway Transit Center Bay 11,0.0,0.0
2024-10-18,513,North,25182,19813.0,17:07:00,17:07:25,17:07:25,0,2543,Lynnwood City Center Station Bay D4,1.0,0.0
2024-10-18,513,North,25182,19813.0,17:14:00,17:17:22,17:18:12,1,2163,Ash Way Park & Ride Bay 4,3.0,1.0
2024-10-18,513,North,25182,19813.0,17:28:00,17:34:32,17:34:43,2,2144,Eastmont Park & Ride Bay 1,0.0,0.0
2024-10-18,513,North,25182,19813.0,,17:40:24,17:40:41,3,1765,W Casino Rd & Evergreen Way,0.0,2.0
2024-10-18,513,North,25182,19813.0,17:50:00,17:48:05,17:48:05,4,3190,Seaway Transit Center Bay 11,0.0,1.0
2024-10-18,513,North,25183,17852.0,17:37:00,17:37:37,17:37:37,0,2543,Lynnwood City Center Station Bay D4,6.0,0.0
2024-10-18,513,North,25183,17852.0,17:44:00,17:45:17,17:48:32,1,2163,Ash Way Park & Ride Bay 4,1.0,6.0
2024-10-18,513,North,25183,17852.0,17:58:00,18:04:05,18:04:37,2,2144,Eastmont Park & Ride Bay 1,0.0,0.0
2024-10-18,513,North,25183,17852.0,,18:10:03,18:10:15,3,1765,W Casino Rd & Evergreen Way,0.0,1.0
2024-10-18,513,North,25183,17852.0,18:20:00,18:17:39,18:17:39,4,3190,Seaway Transit Center Bay 11,0.0,0.0
2024-10-18,513,North,25184,19819.0,18:07:00,18:07:54,18:07:54,0,2543,Lynnwood City Center Station Bay D4,11.0,0.0
2024-10-18,513,North,25184,19819.0,18:14:00,18:15:42,18:16:36,1,2163,Ash Way Park & Ride Bay 4,0.0,8.0
2024-10-18,513,North,25184,19819.0,18:27:00,18:30:43,18:31:01,2,2144,Eastmont Park & Ride Bay 1,0.0,0.0
2024-10-18,513,North,25184,19819.0,,18:37:52,18:38:15,3,1765,W Casino Rd & Evergreen Way,0.0,2.0
2024-10-18,513,North,25184,19819.0,18:47:00,18:47:26,18:47:26,4,3190,Seaway Transit Center Bay 11,0.0,1.0
2024-10-18,513,North,25185,91721.0,18:37:00,18:37:43,18:37:43,0,2543,Lynnwood City Center Station Bay D4,9.0,0.0
2024-10-18,513,North,25185,91721.0,18:44:00,18:45:35,18:46:04,1,2163,Ash Way Park & Ride Bay 4,0.0,7.0
2024-10-18,513,North,25185,91721.0,18:56:00,19:03:12,19:03:26,2,2144,Eastmont Park & Ride Bay 1,0.0,0.0
2024-10-18,513,North,25185,91721.0,,19:11:02,19:11:48,3,1765,W Casino Rd & Evergreen Way,0.0,1.0
2024-10-18,513,North,25185,91721.0,19:14:00,19:19:00,19:19:00,4,3190,Seaway Transit Center Bay 11,0.0,1.0
2024-10-18,513,South,25186,91705.0,05:00:00,05:00:12,05:00:12,0,3190,Seaway Transit Center Bay 11,0.0,0.0
2024-10-18,513,South,25186,91705.0,,05:04:45,05:04:45,1,394,W Casino Rd & Evergreen Way,0.0,0.0
2024-10-18,513,South,25186,91705.0,05:10:00,05:09:54,05:10:10,2,2144,Eastmont Park & Ride Bay 1,1.0,0.0
2024-10-18,513,South,25186,91705.0,05:21:00,05:20:01,05:20:20,3,2164,Ash Way Park & Ride Bay 1,1.0,0.0
2024-10-18,513,South,25186,91705.0,05:32:00,05:46:44,05:46:44,4,2114,Lynnwood City Center Station Bay D2,0.0,2.0
2024-10-18,513,South,25187,91727.0,05:30:00,05:29:54,05:29:54,0,3190,Seaway Transit Center Bay 11,1.0,0.0
2024-10-18,513,South,25187,91727.0,,05:34:17,05:34:34,1,394,W Casino Rd & Evergreen Way,1.0,0.0
2024-10-18,513,South,25187,91727.0,05:40:00,05:39:42,05:39:54,2,2144,Eastmont Park & Ride Bay 1,0.0,0.0
2024-10-18,513,South,25187,91727.0,05:52:00,05:49:26,05:50:18,3,2164,Ash Way Park & Ride Bay 1,5.0,0.0
2024-10-18,513,South,25187,91727.0,06:03:00,05:56:27,05:56:27,4,2114,Lynnwood City Center Station Bay D2,0.0,7.0
2024-10-18,513,South,25188,91707.0,06:00:00,06:00:14,06:00:14,0,3190,Seaway Transit Center Bay 11,0.0,0.0
2024-10-18,513,South,25188,91707.0,,06:05:36,06:05:53,1,394,W Casino Rd & Evergreen Way,1.0,0.0
2024-10-18,513,South,25188,91707.0,06:10:00,06:11:49,06:12:01,2,2144,Eastmont Park & Ride Bay 1,0.0,0.0
2024-10-18,513,South,25188,91707.0,06:23:00,06:24:22,06:24:44,3,2164,Ash Way Park & Ride Bay 1,0.0,1.0
2024-10-18,513,South,25188,91707.0,06:38:00,06:57:00,06:57:00,4,2114,Lynnwood City Center Station Bay D2,0.0,0.0
2024-10-18,513,South,25189,17856.0,06:30:00,06:30:09,06:30:09,0,3190,Seaway Transit Center Bay 11,0.0,0.0
2024-10-18,513,South,25189,17856.0,,06:34:51,06:35:05,1,394,W Casino Rd & Evergreen Way,2.0,0.0
2024-10-18,513,South,25189,17856.0,06:41:00,06:40:17,06:40:29,2,2144,Eastmont Park & Ride Bay 1,0.0,0.0
2024-10-18,513,South,25189,17856.0,06:54:00,06:51:55,06:54:07,3,2164,Ash Way Park & Ride Bay 1,1.0,0.0
2024-10-18,513,South,25189,17856.0,07:09:00,07:00:27,07:00:27,4,2114,Lynnwood City Center Station Bay D2,0.0,3.0
2024-10-18,513,South,25190,19819.0,07:00:00,07:00:11,07:00:11,0,3190,Seaway Transit Center Bay 11,0.0,0.0
2024-10-18,513,South,25190,19819.0,,07:07:13,07:07:25,1,394,W Casino Rd & Evergreen Way,0.0,0.0
2024-10-18,513,South,25190,19819.0,07:11:00,07:14:29,07:14:53,2,2144,Eastmont Park & Ride Bay 1,1.0,0.0
2024-10-18,513,South,25190,19819.0,07:24:00,07:28:45,07:29:24,3,2164,Ash Way Park & Ride Bay 1,6.0,0.0
2024-10-18,513,South,25190,19819.0,07:41:00,07:37:14,07:37:14,4,2114,Lynnwood City Center Station Bay D2,0.0,7.0
2024-10-18,513,South,25191,91503.0,07:30:00,07:30:36,07:30:36,0,3190,Seaway Transit Center Bay 11,3.0,0.0
2024-10-18,513,South,25191,91503.0,,07:36:53,07:37:27,1,394,W Casino Rd & Evergreen Way,2.0,0.0
2024-10-18,513,South,25191,91503.0,07:41:00,07:45:11,07:45:22,2,2144,Eastmont Park & Ride Bay 1,0.0,0.0
2024-10-18,513,South,25191,91503.0,07:54:00,07:56:25,07:57:14,3,2164,Ash Way Park & Ride Bay 1,9.0,0.0
2024-10-18,513,South,25191,91503.0,08:11:00,08:04:31,08:04:31,4,2114,Lynnwood City Center Station Bay D2,0.0,14.0
2024-10-18,513,South,25192,17858.0,08:00:00,08:00:01,08:00:01,0,3190,Seaway Transit Center Bay 11,0.0,0.0
2024-10-18,513,South,25192,17858.0,,08:05:18,08:05:18,1,394,W Casino Rd & Evergreen Way,0.0,0.0
2024-10-18,513,South,25192,17858.0,08:11:00,08:11:12,08:11:22,2,2144,Eastmont Park & Ride Bay 1,0.0,0.0
2024-10-18,513,South,25192,17858.0,08:24:00,08:22:26,08:22:43,3,2164,Ash Way Park & Ride Bay 1,0.0,0.0
2024-10-18,513,South,25192,17858.0,08:37:00,08:29:00,08:29:00,4,2114,Lynnwood City Center Station Bay D2,0.0,0.0
2024-10-18,513,South,25193,17857.0,08:30:00,08:32:56,08:32:56,0,3190,Seaway Transit Center Bay 11,0.0,0.0
2024-10-18,513,South,25193,17857.0,,08:38:01,08:38:27,1,394,W Casino Rd & Evergreen Way,2.0,0.0
2024-10-18,513,South,25193,17857.0,08:41:00,08:45:35,08:45:55,2,2144,Eastmont Park & Ride Bay 1,1.0,0.0
2024-10-18,513,South,25193,17857.0,08:54:00,08:57:08,08:57:57,3,2164,Ash Way Park & Ride Bay 1,4.0,0.0
2024-10-18,513,South,25193,17857.0,09:07:00,09:04:22,09:04:22,4,2114,Lynnwood City Center Station Bay D2,1.0,8.0
2024-10-21,513,North,25178,91905.0,15:07:00,15:07:10,15:07:10,0,2543,Lynnwood City Center Station Bay D4,1.0,0.0
2024-10-21,513,North,25178,91905.0,15:14:00,15:13:18,15:13:51,1,2163,Ash Way Park & Ride Bay 4,0.0,0.0
2024-10-21,513,North,25178,91905.0,15:26:00,15:30:55,15:30:55,2,2144,Eastmont Park & Ride Bay 1,0.0,0.0
2024-10-21,513,North,25178,91905.0,,15:34:22,15:34:22,3,1765,W Casino Rd & Evergreen Way,0.0,0.0
2024-10-21,513,North,25178,91905.0,15:48:00,15:42:26,15:42:26,4,3190,Seaway Transit Center Bay 11,0.0,1.0
2024-10-21,513,North,25179,19810.0,15:37:00,15:38:05,15:38:05,0,2543,Lynnwood City Center Station Bay D4,7.0,0.0
2024-10-21,513,North,25179,19810.0,15:44:00,15:44:13,15:44:38,1,2163,Ash Way Park & Ride Bay 4,0.0,5.0
2024-10-21,513,North,25179,19810.0,15:57:00,15:56:41,15:57:01,2,2144,Eastmont Park & Ride Bay 1,1.0,0.0
2024-10-21,513,North,25179,19810.0,,16:02:18,16:02:51,3,1765,W Casino Rd & Evergreen Way,0.0,3.0
2024-10-21,513,North,25179,19810.0,16:19:00,16:11:11,16:11:11,4,3190,Seaway Transit Center Bay 11,0.0,0.0
2024-10-21,513,North,25180,91902.0,16:07:00,16:07:38,16:07:38,0,2543,Lynnwood City Center Station Bay D4,9.0,0.0
2024-10-21,513,North,25180,91902.0,16:14:00,16:14:01,16:14:33,1,2163,Ash Way Park & Ride Bay 4,0.0,8.0
2024-10-21,513,North,25180,91902.0,16:28:00,16:30:32,16:31:02,2,2144,Eastmont Park & Ride Bay 1,0.0,0.0
2024-10-21,513,North,25180,91902.0,,16:38:25,16:38:50,3,1765,W Casino Rd & Evergreen Way,0.0,1.0
2024-10-21,513,North,25180,91902.0,16:50:00,16:45:30,16:45:30,4,3190,Seaway Transit Center Bay 11,0.0,0.0
2024-10-21,513,North,25181,17860.0,16:37:00,16:37:15,16:37:15,0,2543,Lynnwood City Center Station Bay D4,1.0,0.0
2024-10-21,513,North,25181,17860.0,16:44:00,16:43:09,16:43:57,1,2163,Ash Way Park & Ride Bay 4,0.0,1.0
2024-10-21,513,North,25181,17860.0,16:58:00,17:01:55,17:02:06,2,2144,Eastmont Park & Ride Bay 1,0.0,0.0
2024-10-21,513,North,25181,17860.0,,17:08:27,17:08:45,3,1765,W Casino Rd & Evergreen Way,0.0,0.0
2024-10-21,513,North,25181,17860.0,17:20:00,17:16:56,17:16:56,4,3190,Seaway Transit Center Bay 11,0.0,0.0
2024-10-21,513,North,25182,15813.0,17:07:00,17:07:48,17:07:48,0,2543,Lynnwood City Center Station Bay D4,9.0,0.0
2024-10-21,513,North,25182,15813.0,17:14:00,17:13:44,17:14:36,1,2163,Ash Way Park & Ride Bay 4,0.0,9.0
2024-10-21,513,North,25182,15813.0,17:28:00,17:29:26,17:29:26,2,2144,Eastmont Park & Ride Bay 1,0.0,0.0
2024-10-21,513,North,25182,15813.0,,17:34:46,17:34:46,3,1765,W Casino Rd & Evergreen Way,0.0,0.0
2024-10-21,513,North,25182,15813.0,17:50:00,17:40:50,17:40:50,4,3190,Seaway Transit Center Bay 11,0.0,0.0
2024-10-21,513,North,25183,19811.0,17:37:00,17:37:13,17:37:13,0,2543,Lynnwood City Center Station Bay D4,5.0,0.0
2024-10-21,513,North,25183,19811.0,17:44:00,17:43:25,17:44:14,1,2163,Ash Way Park & Ride Bay 4,1.0,4.0
2024-10-21,513,North,25183,19811.0,17:58:00,17:58:23,17:58:39,2,2144,Eastmont Park & Ride Bay 1,0.0,1.0
2024-10-21,513,North,25183,19811.0,,18:08:01,18:08:13,3,1765,W Casino Rd & Evergreen Way,0.0,1.0
2024-10-21,513,North,25183,19811.0,18:20:00,18:15:35,18:15:35,4,3190,Seaway Transit Center Bay 11,0.0,0.0
2024-10-21,513,North,25184,19815.0,18:07:00,18:07:55,18:07:55,0,2543,Lynnwood City Center Station Bay D4,7.0,0.0
2024-10-21,513,North,25184,19815.0,18:14:00,18:14:19,18:14:44,1,2163,Ash Way Park & Ride Bay 4,0.0,3.0
2024-10-21,513,North,25184,19815.0,18:27:00,18:29:59,18:30:11,2,2144,Eastmont Park & Ride Bay 1,0.0,0.0
2024-10-21,513,North,25184,19815.0,,18:34:34,18:35:04,3,1765,W Casino Rd & Evergreen Way,1.0,3.0
2024-10-21,513,North,25184,19815.0,18:47:00,18:42:58,18:42:58,4,3190,Seaway Transit Center Bay 11,0.0,2.0
2024-10-21,513,North,25185,91907.0,18:37:00,18:38:17,18:38:17,0,2543,Lynnwood City Center Station Bay D4,11.0,0.0
2024-10-21,513,North,25185,91907.0,18:44:00,18:43:56,18:44:23,1,2163,Ash Way Park & Ride Bay 4,0.0,9.0
2024-10-21,513,North,25185,91907.0,18:56:00,18:57:04,18:57:24,2,2144,Eastmont Park & Ride Bay 1,0.0,1.0
2024-10-21,513,North,25185,91907.0,,19:04:25,19:05:11,3,1765,W Casino Rd & Evergreen Way,0.0,0.0
2024-10-21,513,North,25185,91907.0,19:14:00,19:13:19,19:13:19,4,3190,Seaway Transit Center Bay 11,0.0,1.0
2024-10-21,513,South,25186,91712.0,05:00:00,05:00:28,05:00:28,0,3190,Seaway Transit Center Bay 11,1.0,0.0
2024-10-21,513,South,25186,91712.0,,05:04:20,05:04:41,1,394,W Casino Rd & Evergreen Way,1.0,0.0
2024-10-21,513,South,25186,91712.0,05:10:00,05:09:43,05:10:04,2,2144,Eastmont Park & Ride Bay 1,2.0,0.0
2024-10-21,513,South,25186,91712.0,05:21:00,05:20:01,05:20:18,3,2164,Ash Way Park & Ride Bay 1,2.0,0.0
2024-10-21,513,South,25186,91712.0,05:32:00,05:26:21,05:26:21,4,2114,Lynnwood City Center Station Bay D2,0.0,6.0
2024-10-21,513,South,25187,91727.0,05:30:00,05:31:12,05:31:12,0,3190,Seaway Transit Center Bay 11,0.0,0.0
2024-10-21,513,South,25187,91727.0,,05:37:11,05:37:11,1,394,W Casino Rd & Evergreen Way,0.0,0.0
2024-10-21,513,South,25187,91727.0,05:40:00,05:43:22,05:43:57,2,2144,Eastmont Park & Ride Bay 1,0.0,0.0
2024-10-21,513,South,25187,91727.0,05:52:00,05:55:20,05:55:43,3,2164,Ash Way Park & Ride Bay 1,3.0,0.0
2024-10-21,513,South,25187,91727.0,06:03:00,06:02:24,06:02:24,4,2114,Lynnwood City Center Station Bay D2,0.0,3.0
2024-10-21,513,South,25188,91908.0,06:00:00,06:00:34,06:00:34,0,3190,Seaway Transit Center Bay 11,0.0,0.0
2024-10-21,513,South,25188,91908.0,,06:06:38,06:07:04,1,394,W Casino Rd & Evergreen Way,1.0,0.0
2024-10-21,513,South,25188,91908.0,06:10:00,06:13:47,06:14:00,2,2144,Eastmont Park & Ride Bay 1,0.0,0.0
2024-10-21,513,South,25188,91908.0,06:23:00,06:26:48,06:27:21,3,2164,Ash Way Park & Ride Bay 1,4.0,0.0
2024-10-21,513,South,25188,91908.0,06:38:00,06:57:10,06:57:10,4,2114,Lynnwood City Center Station Bay D2,0.0,5.0
2024-10-21,513,South,25189,15814.0,06:30:00,06:30:08,06:30:08,0,3190,Seaway Transit Center Bay 11,0.0,0.0
2024-10-21,513,South,25189,15814.0,,06:35:35,06:35:52,1,394,W Casino Rd & Evergreen Way,3.0,0.0
2024-10-21,513,South,25189,15814.0,06:41:00,06:42:08,06:42:24,2,2144,Eastmont Park & Ride Bay 1,0.0,0.0
2024-10-21,513,South,25189,15814.0,06:54:00,06:53:25,06:54:07,3,2164,Ash Way Park & Ride Bay 1,1.0,0.0
2024-10-21,513,South,25189,15814.0,07:09:00,07:00:33,07:00:33,4,2114,Lynnwood City Center Station Bay D2,0.0,4.0
2024-10-21,513,South,25190,19814.0,07:00:00,07:00:21,07:00:21,0,3190,Seaway Transit Center Bay 11,0.0,0.0
2024-10-21,513,South,25190,19814.0,,07:07:07,07:07:25,1,394,W Casino Rd & Evergreen Way,0.0,0.0
2024-10-21,513,South,25190,19814.0,07:11:00,07:15:37,07:15:47,2,2144,Eastmont Park & Ride Bay 1,0.0,0.0
2024-10-21,513,South,25190,19814.0,07:24:00,07:29:47,07:30:48,3,2164,Ash Way Park & Ride Bay 1,6.0,0.0
2024-10-21,513,South,25190,19814.0,07:41:00,07:38:39,07:38:39,4,2114,Lynnwood City Center Station Bay D2,0.0,6.0
2024-10-21,513,South,25191,19815.0,07:30:00,07:31:11,07:31:11,0,3190,Seaway Transit Center Bay 11,2.0,0.0
2024-10-21,513,South,25191,19815.0,,07:36:17,07:36:39,1,394,W Casino Rd & Evergreen Way,0.0,1.0
2024-10-21,513,South,25191,19815.0,07:41:00,07:42:35,07:42:45,2,2144,Eastmont Park & Ride Bay 1,0.0,0.0
2024-10-21,513,South,25191,19815.0,07:54:00,07:57:09,07:57:20,3,2164,Ash Way Park & Ride Bay 1,0.0,0.0
2024-10-21,513,South,25191,19815.0,08:11:00,08:04:29,08:04:29,4,2114,Lynnwood City Center Station Bay D2,0.0,1.0
2024-10-21,513,South,25192,91501.0,08:00:00,07:59:18,07:59:18,0,3190,Seaway Transit Center Bay 11,1.0,0.0
2024-10-21,513,South,25192,91501.0,,,,1,394,W Casino Rd & Evergreen Way,,
2024-10-21,513,South,25192,91501.0,08:11:00,08:10:16,08:10:27,2,2144,Eastmont Park & Ride Bay 1,0.0,0.0
2024-10-21,513,South,25192,91501.0,08:24:00,08:22:29,08:23:08,3,2164,Ash Way Park & Ride Bay 1,2.0,0.0
2024-10-21,513,South,25192,91501.0,08:37:00,08:29:22,08:29:22,4,2114,Lynnwood City Center Station Bay D2,0.0,3.0
2024-10-21,513,South,25193,15819.0,08:30:00,08:31:19,08:31:19,0,3190,Seaway Transit Center Bay 11,0.0,0.0
2024-10-21,513,South,25193,15819.0,,08:36:04,08:36:04,1,394,W Casino Rd & Evergreen Way,0.0,0.0
2024-10-21,513,South,25193,15819.0,08:41:00,08:43:02,08:43:11,2,2144,Eastmont Park & Ride Bay 1,0.0,0.0
2024-10-21,513,South,25193,15819.0,08:54:00,08:53:31,08:54:20,3,2164,Ash Way Park & Ride Bay 1,5.0,0.0
2024-10-21,513,South,25193,15819.0,09:07:00,09:00:45,09:00:45,4,2114,Lynnwood City Center Station Bay D2,0.0,5.0
2024-10-22,513,North,25178,19820.0,15:07:00,15:07:26,15:07:26,0,2543,Lynnwood City Center Station Bay D4,1.0,0.0
2024-10-22,513,North,25178,19820.0,15:14:00,15:13:13,15:14:00,1,2163,Ash Way Park & Ride Bay 4,1.0,0.0
2024-10-22,513,North,25178,19820.0,15:26:00,15:29:02,15:29:25,2,2144,Eastmont Park & Ride Bay 1,0.0,0.0
2024-10-22,513,North,25178,19820.0,,15:34:37,15:34:47,3,1765,W Casino Rd & Evergreen Way,0.0,2.0
2024-10-22,513,North,25178,19820.0,15:48:00,15:42:25,15:42:25,4,3190,Seaway Transit Center Bay 11,0.0,0.0
2024-10-22,513,North,25179,17864.0,15:37:00,15:37:51,15:37:51,0,2543,Lynnwood City Center Station Bay D4,3.0,0.0
2024-10-22,513,North,25179,17864.0,15:44:00,15:44:05,15:44:24,1,2163,Ash Way Park & Ride Bay 4,0.0,1.0
2024-10-22,513,North,25179,17864.0,15:57:00,16:00:38,16:00:54,2,2144,Eastmont Park & Ride Bay 1,0.0,2.0
2024-10-22,513,North,25179,17864.0,,16:06:15,16:06:24,3,1765,W Casino Rd & Evergreen Way,0.0,0.0
2024-10-22,513,North,25179,17864.0,16:19:00,16:14:26,16:14:26,4,3190,Seaway Transit Center Bay 11,0.0,0.0
2024-10-22,513,North,25180,91912.0,16:07:00,16:08:11,16:08:11,0,2543,Lynnwood City Center Station Bay D4,12.0,0.0
2024-10-22,513,North,25180,91912.0,16:14:00,16:14:52,16:15:20,1,2163,Ash Way Park & Ride Bay 4,0.0,10.0
2024-10-22,513,North,25180,91912.0,16:28:00,16:34:36,16:38:10,2,2144,Eastmont Park & Ride Bay 1,1.0,3.0
2024-10-22,513,North,25180,91912.0,,16:44:36,16:44:36,3,1765,W Casino Rd & Evergreen Way,0.0,0.0
2024-10-22,513,North,25180,91912.0,16:50:00,16:52:08,16:52:08,4,3190,Seaway Transit Center Bay 11,0.0,0.0
2024-10-22,513,North,25181,19815.0,16:37:00,16:37:40,16:37:40,0,2543,Lynnwood City Center Station Bay D4,6.0,0.0
2024-10-22,513,North,25181,19815.0,16:44:00,16:44:22,16:44:41,1,2163,Ash Way Park & Ride Bay 4,0.0,1.0
2024-10-22,513,North,25181,19815.0,16:58:00,17:01:34,17:01:55,2,2144,Eastmont Park & Ride Bay 1,1.0,1.0
2024-10-22,513,North,25181,19815.0,,17:08:21,17:08:44,3,1765,W Casino Rd & Evergreen Way,0.0,4.0
2024-10-22,513,North,25181,19815.0,17:20:00,17:15:41,17:15:41,4,3190,Seaway Transit Center Bay 11,0.0,1.0
2024-10-22,513,North,25182,19814.0,17:07:00,17:07:25,17:07:25,0,2543,Lynnwood City Center Station Bay D4,9.0,0.0
2024-10-22,513,North,25182,19814.0,17:14:00,17:15:07,17:15:39,1,2163,Ash Way Park & Ride Bay 4,1.0,7.0
2024-10-22,513,North,25182,19814.0,17:28:00,17:31:49,17:32:06,2,2144,Eastmont Park & Ride Bay 1,0.0,1.0
2024-10-22,513,North,25182,19814.0,,17:38:17,17:38:29,3,1765,W Casino Rd & Evergreen Way,0.0,1.0
2024-10-22,513,North,25182,19814.0,17:50:00,17:45:36,17:45:36,4,3190,Seaway Transit Center Bay 11,0.0,1.0
2024-10-22,513,North,25183,91905.0,17:37:00,17:37:23,17:37:23,0,2543,Lynnwood City Center Station Bay D4,18.0,0.0
2024-10-22,513,North,25183,91905.0,17:44:00,17:44:19,17:45:25,1,2163,Ash Way Park & Ride Bay 4,2.0,19.0
2024-10-22,513,North,25183,91905.0,17:58:00,18:00:26,18:00:26,2,2144,Eastmont Park & Ride Bay 1,0.0,0.0
2024-10-22,513,North,25183,91905.0,,18:06:19,18:06:31,3,1765,W Casino Rd & Evergreen Way,0.0,1.0
2024-10-22,513,North,25183,91905.0,18:20:00,18:13:10,18:13:10,4,3190,Seaway Transit Center Bay 11,0.0,0.0
2024-10-22,513,North,25184,19812.0,18:07:00,18:09:10,18:09:10,0,2543,Lynnwood City Center Station Bay D4,6.0,0.0
2024-10-22,513,North,25184,19812.0,18:14:00,18:15:40,18:16:17,1,2163,Ash Way Park & Ride Bay 4,0.0,4.0
2024-10-22,513,North,25184,19812.0,18:27:00,18:32:57,18:33:19,2,2144,Eastmont Park & Ride Bay 1,0.0,0.0
2024-10-22,513,North,25184,19812.0,,18:39:44,18:40:00,3,1765,W Casino Rd & Evergreen Way,0.0,1.0
2024-10-22,513,North,25184,19812.0,18:47:00,18:48:06,18:48:06,4,3190,Seaway Transit Center Bay 11,0.0,1.0
2024-10-22,513,North,25185,91503.0,18:37:00,18:39:08,18:39:08,0,2543,Lynnwood City Center Station Bay D4,15.0,0.0
2024-10-22,513,North,25185,91503.0,18:44:00,18:45:16,18:45:57,1,2163,Ash Way Park & Ride Bay 4,1.0,12.0
2024-10-22,513,North,25185,91503.0,18:56:00,18:59:46,19:00:05,2,2144,Eastmont Park & Ride Bay 1,0.0,2.0
2024-10-22,513,North,25185,91503.0,,19:06:07,19:06:29,3,1765,W Casino Rd & Evergreen Way,0.0,2.0
2024-10-22,513,North,25185,91503.0,19:14:00,19:13:31,19:13:31,4,3190,Seaway Transit Center Bay 11,0.0,0.0
2024-10-22,513,South,25186,91713.0,05:00:00,05:00:28,05:00:28,0,3190,Seaway Transit Center Bay 11,0.0,0.0
2024-10-22,513,South,25186,91713.0,,05:04:49,05:05:19,1,394,W Casino Rd & Evergreen Way,3.0,0.0
2024-10-22,513,South,25186,91713.0,05:10:00,05:10:00,05:10:18,2,2144,Eastmont Park & Ride Bay 1,1.0,0.0
2024-10-22,513,South,25186,91713.0,05:21:00,05:20:08,05:20:17,3,2164,Ash Way Park & Ride Bay 1,0.0,0.0
2024-10-22,513,South,25186,91713.0,05:32:00,05:25:56,05:25:56,4,2114,Lynnwood City Center Station Bay D2,0.0,4.0
2024-10-22,513,South,25187,91712.0,05:30:00,05:30:22,05:30:22,0,3190,Seaway Transit Center Bay 11,0.0,0.0
2024-10-22,513,South,25187,91712.0,,05:36:10,05:36:10,1,394,W Casino Rd & Evergreen Way,0.0,0.0
2024-10-22,513,South,25187,91712.0,05:40:00,05:40:10,05:40:23,2,2144,Eastmont Park & Ride Bay 1,0.0,0.0
2024-10-22,513,South,25187,91712.0,05:52:00,05:51:43,05:52:15,3,2164,Ash Way Park & Ride Bay 1,2.0,0.0
2024-10-22,513,South,25187,91712.0,06:03:00,05:59:05,05:59:05,4,2114,Lynnwood City Center Station Bay D2,0.0,2.0
2024-10-22,513,South,25188,91705.0,06:00:00,06:00:42,06:00:42,0,3190,Seaway Transit Center Bay 11,0.0,0.0
2024-10-22,513,South,25188,91705.0,,06:06:53,06:07:18,1,394,W Casino Rd & Evergreen Way,2.0,0.0
2024-10-22,513,South,25188,91705.0,06:10:00,06:13:01,06:13:13,2,2144,Eastmont Park & Ride Bay 1,0.0,0.0
2024-10-22,513,South,25188,91705.0,06:23:00,06:25:50,06:26:08,3,2164,Ash Way Park & Ride Bay 1,1.0,0.0
2024-10-22,513,South,25188,91705.0,06:38:00,06:56:58,06:56:58,4,2114,Lynnwood City Center Station Bay D2,0.0,3.0
2024-10-22,513,South,25189,19821.0,06:30:00,06:30:08,06:30:08,0,3190,Seaway Transit Center Bay 11,0.0,0.0
2024-10-22,513,South,25189,19821.0,,06:35:32,06:35:46,1,394,W Casino Rd & Evergreen Way,1.0,0.0
2024-10-22,513,South,25189,19821.0,06:41:00,06:43:10,06:43:27,2,2144,Eastmont Park & Ride Bay 1,1.0,0.0
2024-10-22,513,South,25189,19821.0,06:54:00,06:54:44,06:56:28,3,2164,Ash Way Park & Ride Bay 1,10.0,0.0
2024-10-22,513,South,25189,19821.0,07:09:00,07:03:55,07:03:55,4,2114,Lynnwood City Center Station Bay D2,0.0,12.0
2024-10-22,513,South,25190,19819.0,07:00:00,07:00:23,07:00:23,0,3190,Seaway Transit Center Bay 11,0.0,0.0
2024-10-22,513,South,25190,19819.0,,07:06:58,07:07:23,1,394,W Casino Rd & Evergreen Way,2.0,0.0
2024-10-22,513,South,25190,19819.0,07:11:00,07:15:06,07:15:40,2,2144,Eastmont Park & Ride Bay 1,3.0,0.0
2024-10-22,513,South,25190,19819.0,07:24:00,07:27:45,07:28:19,3,2164,Ash Way Park & Ride Bay 1,3.0,3.0
2024-10-22,513,South,25190,19819.0,07:41:00,07:35:54,07:35:54,4,2114,Lynnwood City Center Station Bay D2,0.0,5.0
2024-10-22,513,South,25191,91906.0,07:30:00,07:30:13,07:30:13,0,3190,Seaway Transit Center Bay 11,0.0,0.0
2024-10-22,513,South,25191,91906.0,,07:35:43,07:36:01,1,394,W Casino Rd & Evergreen Way,1.0,0.0
2024-10-22,513,South,25191,91906.0,07:41:00,07:44:06,07:44:20,2,2144,Eastmont Park & Ride Bay 1,0.0,0.0
2024-10-22,513,South,25191,91906.0,07:54:00,07:56:08,07:56:30,3,2164,Ash Way Park & Ride Bay 1,2.0,0.0
2024-10-22,513,South,25191,91906.0,08:11:00,08:04:10,08:04:10,4,2114,Lynnwood City Center Station Bay D2,0.0,3.0
2024-10-22,513,South,25192,15815.0,08:00:00,07:59:44,07:59:44,0,3190,Seaway Transit Center Bay 11,1.0,0.0
2024-10-22,513,South,25192,15815.0,,08:04:52,08:04:52,1,394,W Casino Rd & Evergreen Way,0.0,0.0
2024-10-22,513,South,25192,15815.0,08:11:00,08:12:29,08:12:38,2,2144,Eastmont Park & Ride Bay 1,0.0,0.0
2024-10-22,513,South,25192,15815.0,08:24:00,08:23:37,08:25:01,3,2164,Ash Way Park & Ride Bay 1,8.0,0.0
2024-10-22,513,South,25192,15815.0,08:37:00,08:32:32,08:32:32,4,2114,Lynnwood City Center Station Bay D2,0.0,9.0
2024-10-22,513,South,25193,15819.0,08:30:00,08:30:33,08:30:33,0,3190,Seaway Transit Center Bay 11,0.0,0.0
2024-10-22,513,South,25193,15819.0,,08:36:46,08:37:18,1,394,W Casino Rd & Evergreen Way,2.0,0.0
2024-10-22,513,South,25193,15819.0,08:41:00,08:43:47,08:43:56,2,2144,Eastmont Park & Ride Bay 1,0.0,0.0
2024-10-22,513,South,25193,15819.0,08:54:00,08:54:31,08:54:44,3,2164,Ash Way Park & Ride Bay 1,0.0,0.0
2024-10-22,513,South,25193,15819.0,09:07:00,09:01:43,09:01:43,4,2114,Lynnwood City Center Station Bay D2,0.0,2.0
2024-10-23,513,North,25178,91705.0,15:07:00,15:06:52,15:06:52,0,2543,Lynnwood City Center Station Bay D4,5.0,0.0
2024-10-23,513,North,25178,91705.0,15:14:00,15:12:58,15:13:27,1,2163,Ash Way Park & Ride Bay 4,0.0,4.0
2024-10-23,513,North,25178,91705.0,15:26:00,15:23:11,15:23:16,2,2144,Eastmont Park & Ride Bay 1,0.0,0.0
2024-10-23,513,North,25178,91705.0,,15:30:13,15:30:33,3,1765,W Casino Rd & Evergreen Way,0.0,1.0
2024-10-23,513,North,25178,91705.0,15:48:00,15:40:59,15:40:59,4,3190,Seaway Transit Center Bay 11,0.0,0.0
2024-10-23,513,North,25179,19812.0,15:37:00,15:38:32,15:38:32,0,2543,Lynnwood City Center Station Bay D4,0.0,0.0
2024-10-23,513,North,25179,19812.0,15:44:00,15:47:33,15:48:00,1,2163,Ash Way Park & Ride Bay 4,0.0,0.0
2024-10-23,513,North,25179,19812.0,15:57:00,16:00:18,16:00:31,2,2144,Eastmont Park & Ride Bay 1,0.0,0.0
2024-10-23,513,North,25179,19812.0,,16:06:29,16:06:51,3,1765,W Casino Rd & Evergreen Way,0.0,0.0
2024-10-23,513,North,25179,19812.0,16:19:00,16:14:26,16:14:26,4,3190,Seaway Transit Center Bay 11,0.0,0.0
2024-10-23,513,North,25180,91908.0,16:07:00,16:08:13,16:08:13,0,2543,Lynnwood City Center Station Bay D4,19.0,0.0
2024-10-23,513,North,25180,91908.0,16:14:00,16:20:19,16:20:50,1,2163,Ash Way Park & Ride Bay 4,0.0,17.0
2024-10-23,513,North,25180,91908.0,16:28:00,16:35:22,16:35:38,2,2144,Eastmont Park & Ride Bay 1,0.0,1.0
2024-10-23,513,North,25180,91908.0,,16:42:18,16:42:38,3,1765,W Casino Rd & Evergreen Way,0.0,1.0
2024-10-23,513,North,25180,91908.0,16:50:00,16:54:59,16:54:59,4,3190,Seaway Transit Center Bay 11,0.0,0.0
2024-10-23,513,North,25181,19817.0,16:37:00,16:37:10,16:37:10,0,2543,Lynnwood City Center Station Bay D4,8.0,0.0
2024-10-23,513,North,25181,19817.0,16:44:00,16:46:37,16:47:03,1,2163,Ash Way Park & Ride Bay 4,0.0,4.0
2024-10-23,513,North,25181,19817.0,16:58:00,17:03:57,17:04:24,2,2144,Eastmont Park & Ride Bay 1,1.0,0.0
2024-10-23,513,North,25181,19817.0,,17:12:45,17:12:56,3,1765,W Casino Rd & Evergreen Way,0.0,1.0
2024-10-23,513,North,25181,19817.0,17:20:00,17:19:57,17:19:57,4,3190,Seaway Transit Center Bay 11,0.0,4.0
2024-10-23,513,North,25182,19813.0,17:07:00,17:07:20,17:07:20,0,2543,Lynnwood City Center Station Bay D4,14.0,0.0
2024-10-23,513,North,25182,19813.0,17:14:00,17:14:11,17:14:49,1,2163,Ash Way Park & Ride Bay 4,1.0,13.0
2024-10-23,513,North,25182,19813.0,17:28:00,17:33:44,17:33:57,2,2144,Eastmont Park & Ride Bay 1,0.0,0.0
2024-10-23,513,North,25182,19813.0,,17:42:36,17:42:49,3,1765,W Casino Rd & Evergreen Way,0.0,0.0
2024-10-23,513,North,25182,19813.0,17:50:00,17:49:29,17:49:29,4,3190,Seaway Transit Center Bay 11,0.0,2.0
2024-10-23,513,North,25183,91902.0,17:37:00,17:37:42,17:37:42,0,2543,Lynnwood City Center Station Bay D4,12.0,0.0
2024-10-23,513,North,25183,91902.0,17:44:00,17:45:21,17:45:45,1,2163,Ash Way Park & Ride Bay 4,0.0,5.0
2024-10-23,513,North,25183,91902.0,17:58:00,18:01:32,18:01:50,2,2144,Eastmont Park & Ride Bay 1,0.0,5.0
2024-10-23,513,North,25183,91902.0,,18:06:51,18:07:05,3,1765,W Casino Rd & Evergreen Way,0.0,2.0
2024-10-23,513,North,25183,91902.0,18:20:00,18:14:11,18:14:11,4,3190,Seaway Transit Center Bay 11,0.0,0.0
2024-10-23,513,North,25184,19814.0,18:07:00,18:07:11,18:07:11,0,2543,Lynnwood City Center Station Bay D4,17.0,0.0
2024-10-23,513,North,25184,19814.0,18:14:00,18:14:39,18:15:13,1,2163,Ash Way Park & Ride Bay 4,0.0,11.0
2024-10-23,513,North,25184,19814.0,18:27:00,18:30:04,18:30:30,2,2144,Eastmont Park & Ride Bay 1,0.0,1.0
2024-10-23,513,North,25184,19814.0,,18:38:00,18:38:24,3,1765,W Casino Rd & Evergreen Way,0.0,5.0
2024-10-23,513,North,25184,19814.0,18:47:00,18:46:29,18:46:29,4,3190,Seaway Transit Center Bay 11,0.0,0.0
2024-10-23,513,North,25185,91727.0,18:37:00,18:38:11,18:38:11,0,2543,Lynnwood City Center Station Bay D4,3.0,0.0
2024-10-23,513,North,25185,91727.0,18:44:00,18:45:13,18:46:34,1,2163,Ash Way Park & Ride Bay 4,1.0,2.0
2024-10-23,513,North,25185,91727.0,18:56:00,18:59:10,18:59:29,2,2144,Eastmont Park & Ride Bay 1,0.0,1.0
2024-10-23,513,North,25185,91727.0,,19:04:22,19:04:38,3,1765,W Casino Rd & Evergreen Way,0.0,1.0
2024-10-23,513,North,25185,91727.0,19:14:00,19:15:27,19:15:27,4,3190,Seaway Transit Center Bay 11,0.0,0.0
2024-10-23,513,South,25186,91709.0,05:00:00,05:00:12,05:00:12,0,3190,Seaway Transit Center Bay 11,0.0,0.0
2024-10-23,513,South,25186,91709.0,,05:04:46,05:05:00,1,394,W Casino Rd & Evergreen Way,0.0,0.0
2024-10-23,513,South,25186,91709.0,05:10:00,05:10:51,05:11:08,2,2144,Eastmont Park & Ride Bay 1,0.0,0.0
2024-10-23,513,South,25186,91709.0,05:21:00,05:21:11,05:21:34,3,2164,Ash Way Park & Ride Bay 1,0.0,0.0
2024-10-23,513,South,25186,91709.0,05:32:00,05:48:46,05:48:46,4,2114,Lynnwood City Center Station Bay D2,0.0,0.0
2024-10-23,513,South,25187,91905.0,05:30:00,05:32:31,05:32:31,0,3190,Seaway Transit Center Bay 11,0.0,0.0
2024-10-23,513,South,25187,91905.0,,05:38:13,05:38:39,1,394,W Casino Rd & Evergreen Way,2.0,0.0
2024-10-23,513,South,25187,91905.0,05:40:00,05:42:57,05:43:06,2,2144,Eastmont Park & Ride Bay 1,0.0,0.0
2024-10-23,513,South,25187,91905.0,05:52:00,05:54:04,05:55:27,3,2164,Ash Way Park & Ride Bay 1,5.0,2.0
2024-10-23,513,South,25187,91905.0,06:03:00,06:01:38,06:01:38,4,2114,Lynnwood City Center Station Bay D2,0.0,5.0
2024-10-23,513,South,25188,91721.0,06:00:00,06:00:13,06:00:13,0,3190,Seaway Transit Center Bay 11,0.0,0.0
2024-10-23,513,South,25188,91721.0,,06:06:51,06:07:08,1,394,W Casino Rd & Evergreen Way,0.0,0.0
2024-10-23,513,South,25188,91721.0,06:10:00,06:13:12,06:13:29,2,2144,Eastmont Park & Ride Bay 1,0.0,0.0
2024-10-23,513,South,25188,91721.0,06:23:00,06:26:22,06:26:42,3,2164,Ash Way Park & Ride Bay 1,2.0,0.0
2024-10-23,513,South,25188,91721.0,06:38:00,06:56:59,06:56:59,4,2114,Lynnwood City Center Station Bay D2,0.0,2.0
2024-10-23,513,South,25189,15814.0,06:30:00,06:30:10,06:30:10,0,3190,Seaway Transit Center Bay 11,1.0,0.0
2024-10-23,513,South,25189,15814.0,,06:35:23,06:35:41,1,394,W Casino Rd & Evergreen Way,2.0,0.0
2024-10-23,513,South,25189,15814.0,06:41:00,06:41:56,06:42:11,2,2144,Eastmont Park & Ride Bay 1,0.0,0.0
2024-10-23,513,South,25189,15814.0,06:54:00,06:55:07,06:55:36,3,2164,Ash Way Park & Ride Bay 1,5.0,0.0
2024-10-23,513,South,25189,15814.0,07:09:00,07:02:50,07:02:50,4,2114,Lynnwood City Center Station Bay D2,0.0,8.0
2024-10-23,513,South,25190,17856.0,07:00:00,07:00:12,07:00:12,0,3190,Seaway Transit Center Bay 11,0.0,0.0
2024-10-23,513,South,25190,17856.0,,07:06:05,07:06:30,1,394,W Casino Rd & Evergreen Way,2.0,0.0
2024-10-23,513,South,25190,17856.0,07:11:00,07:14:20,07:14:33,2,2144,Eastmont Park & Ride Bay 1,0.0,0.0
2024-10-23,513,South,25190,17856.0,07:24:00,07:33:26,07:34:24,3,2164,Ash Way Park & Ride Bay 1,9.0,0.0
2024-10-23,513,South,25190,17856.0,07:41:00,07:45:46,07:45:46,4,2114,Lynnwood City Center Station Bay D2,0.0,11.0
2024-10-23,513,South,25191,91702.0,07:30:00,07:30:12,07:30:12,0,3190,Seaway Transit Center Bay 11,0.0,0.0
2024-10-23,513,South,25191,91702.0,,07:35:57,07:36:17,1,394,W Casino Rd & Evergreen Way,1.0,0.0
2024-10-23,513,South,25191,91702.0,07:41:00,07:41:28,07:41:39,2,2144,Eastmont Park & Ride Bay 1,0.0,0.0
2024-10-23,513,South,25191,91702.0,07:54:00,07:56:48,07:57:21,3,2164,Ash Way Park & Ride Bay 1,7.0,0.0
2024-10-23,513,South,25191,91702.0,08:11:00,08:09:20,08:09:20,4,2114,Lynnwood City Center Station Bay D2,0.0,8.0
2024-10-23,513,South,25192,15811.0,08:00:00,08:00:14,08:00:14,0,3190,Seaway Transit Center Bay 11,0.0,0.0
2024-10-23,513,South,25192,15811.0,,08:05:29,08:05:29,1,394,W Casino Rd & Evergreen Way,0.0,0.0
2024-10-23,513,South,25192,15811.0,08:11:00,08:11:17,08:11:31,2,2144,Eastmont Park & Ride Bay 1,1.0,0.0
2024-10-23,513,South,25192,15811.0,08:24:00,08:23:26,08:23:49,3,2164,Ash Way Park & Ride Bay 1,2.0,0.0
2024-10-23,513,South,25192,15811.0,08:37:00,08:33:23,08:33:23,4,2114,Lynnwood City Center Station Bay D2,0.0,3.0
2024-10-23,513,South,25193,15815.0,08:30:00,08:30:19,08:30:19,0,3190,Seaway Transit Center Bay 11,0.0,0.0
2024-10-23,513,South,25193,15815.0,,08:37:30,08:37:54,1,394,W Casino Rd & Evergreen Way,1.0,0.0
2024-10-23,513,South,25193,15815.0,08:41:00,08:44:19,08:44:46,2,2144,Eastmont Park & Ride Bay 1,0.0,0.0
2024-10-23,513,South,25193,15815.0,08:54:00,08:57:35,08:58:57,3,2164,Ash Way Park & Ride Bay 1,8.0,0.0
2024-10-23,513,South,25193,15815.0,09:07:00,09:06:33,09:06:33,4,2114,Lynnwood City Center Station Bay D2,0.0,9.0
2024-10-24,513,North,25178,91907.0,15:07:00,15:07:46,15:07:46,0,2543,Lynnwood City Center Station Bay D4,2.0,0.0
2024-10-24,513,North,25178,91907.0,15:14:00,15:13:52,15:13:52,1,2163,Ash Way Park & Ride Bay 4,0.0,0.0
2024-10-24,513,North,25178,91907.0,15:26:00,15:25:58,15:27:56,2,2144,Eastmont Park & Ride Bay 1,1.0,3.0
2024-10-24,513,North,25178,91907.0,,15:32:26,15:32:26,3,1765,W Casino Rd & Evergreen Way,0.0,0.0
2024-10-24,513,North,25178,91907.0,15:48:00,15:40:55,15:40:55,4,3190,Seaway Transit Center Bay 11,0.0,0.0
2024-10-24,513,North,25179,17855.0,15:37:00,15:37:39,15:37:39,0,2543,Lynnwood City Center Station Bay D4,8.0,0.0
2024-10-24,513,North,25179,17855.0,15:44:00,15:44:09,15:44:37,1,2163,Ash Way Park & Ride Bay 4,1.0,6.0
2024-10-24,513,North,25179,17855.0,15:57:00,15:57:23,15:57:41,2,2144,Eastmont Park & Ride Bay 1,0.0,1.0
2024-10-24,513,North,25179,17855.0,,16:02:53,16:03:24,3,1765,W Casino Rd & Evergreen Way,0.0,1.0
2024-10-24,513,North,25179,17855.0,16:19:00,16:11:17,16:11:17,4,3190,Seaway Transit Center Bay 11,0.0,1.0
2024-10-24,513,North,25180,91902.0,16:07:00,16:07:54,16:07:54,0,2543,Lynnwood City Center Station Bay D4,12.0,0.0
2024-10-24,513,North,25180,91902.0,16:14:00,16:14:07,16:14:38,1,2163,Ash Way Park & Ride Bay 4,0.0,10.0
2024-10-24,513,North,25180,91902.0,16:28:00,16:27:38,16:27:52,2,2144,Eastmont Park & Ride Bay 1,0.0,1.0
2024-10-24,513,North,25180,91902.0,,16:34:11,16:34:52,3,1765,W Casino Rd & Evergreen Way,1.0,1.0
2024-10-24,513,North,25180,91902.0,16:50:00,16:41:28,16:41:28,4,3190,Seaway Transit Center Bay 11,0.0,1.0
2024-10-24,513,North,25181,91731.0,16:37:00,16:36:39,16:36:39,0,2543,Lynnwood City Center Station Bay D4,3.0,0.0
2024-10-24,513,North,25181,91731.0,16:44:00,16:42:52,16:43:35,1,2163,Ash Way Park & Ride Bay 4,0.0,2.0
2024-10-24,513,North,25181,91731.0,16:58:00,16:58:09,16:58:27,2,2144,Eastmont Park & Ride Bay 1,0.0,0.0
2024-10-24,513,North,25181,91731.0,,17:04:29,17:04:44,3,1765,W Casino Rd & Evergreen Way,0.0,0.0
2024-10-24,513,North,25181,91731.0,17:20:00,17:15:43,17:15:43,4,3190,Seaway Transit Center Bay 11,0.0,1.0
2024-10-24,513,North,25182,19810.0,17:07:00,17:07:07,17:07:07,0,2543,Lynnwood City Center Station Bay D4,20.0,0.0
2024-10-24,513,North,25182,19810.0,17:14:00,17:14:00,17:14:41,1,2163,Ash Way Park & Ride Bay 4,0.0,16.0
2024-10-24,513,North,25182,19810.0,17:28:00,17:29:56,17:30:12,2,2144,Eastmont Park & Ride Bay 1,0.0,1.0
2024-10-24,513,North,25182,19810.0,,17:38:42,17:38:53,3,1765,W Casino Rd & Evergreen Way,0.0,1.0
2024-10-24,513,North,25182,19810.0,17:50:00,17:45:27,17:45:27,4,3190,Seaway Transit Center Bay 11,0.0,2.0
2024-10-24,513,North,25183,17863.0,17:37:00,17:37:11,17:37:11,0,2543,Lynnwood City Center Station Bay D4,8.0,0.0
2024-10-24,513,North,25183,17863.0,17:44:00,17:43:00,17:43:28,1,2163,Ash Way Park & Ride Bay 4,1.0,6.0
2024-10-24,513,North,25183,17863.0,17:58:00,18:02:11,18:02:11,2,2144,Eastmont Park & Ride Bay 1,0.0,0.0
2024-10-24,513,North,25183,17863.0,,18:08:11,18:08:27,3,1765,W Casino Rd & Evergreen Way,0.0,2.0
2024-10-24,513,North,25183,17863.0,18:20:00,18:15:49,18:15:49,4,3190,Seaway Transit Center Bay 11,0.0,1.0
2024-10-24,513,North,25184,19821.0,18:07:00,18:07:21,18:07:21,0,2543,Lynnwood City Center Station Bay D4,5.0,0.0
2024-10-24,513,North,25184,19821.0,18:14:00,18:14:59,18:15:32,1,2163,Ash Way Park & Ride Bay 4,3.0,3.0
2024-10-24,513,North,25184,19821.0,18:27:00,18:31:22,18:31:51,2,2144,Eastmont Park & Ride Bay 1,0.0,3.0
2024-10-24,513,North,25184,19821.0,,18:38:08,18:38:24,3,1765,W Casino Rd & Evergreen Way,0.0,2.0
2024-10-24,513,North,25184,19821.0,18:47:00,18:46:09,18:46:09,4,3190,Seaway Transit Center Bay 11,0.0,0.0
2024-10-24,513,North,25185,15820.0,18:37:00,18:39:51,18:39:51,0,2543,Lynnwood City Center Station Bay D4,12.0,0.0
2024-10-24,513,North,25185,15820.0,18:44:00,18:46:49,18:47:21,1,2163,Ash Way Park & Ride Bay 4,0.0,8.0
2024-10-24,513,North,25185,15820.0,18:56:00,19:06:39,19:06:54,2,2144,Eastmont Park & Ride Bay 1,0.0,1.0
2024-10-24,513,North,25185,15820.0,,19:11:22,19:11:45,3,1765,W Casino Rd & Evergreen Way,0.0,3.0
2024-10-24,513,North,25185,15820.0,19:14:00,19:19:22,19:19:22,4,3190,Seaway Transit Center Bay 11,0.0,0.0
2024-10-24,513,South,25186,91707.0,05:00:00,05:00:10,05:00:10,0,3190,Seaway Transit Center Bay 11,0.0,0.0
2024-10-24,513,South,25186,91707.0,,05:04:56,05:05:20,1,394,W Casino Rd & Evergreen Way,3.0,0.0
2024-10-24,513,South,25186,91707.0,05:10:00,05:09:36,05:09:57,2,2144,Eastmont Park & Ride Bay 1,1.0,0.0
2024-10-24,513,South,25186,91707.0,05:21:00,05:20:54,05:21:08,3,2164,Ash Way Park & Ride Bay 1,1.0,0.0
2024-10-24,513,South,25186,91707.0,05:32:00,05:27:39,05:27:39,4,2114,Lynnwood City Center Station Bay D2,0.0,5.0
2024-10-24,513,South,25187,91727.0,05:30:00,05:30:23,05:30:23,0,3190,Seaway Transit Center Bay 11,0.0,0.0
2024-10-24,513,South,25187,91727.0,,05:35:57,05:36:11,1,394,W Casino Rd & Evergreen Way,0.0,0.0
2024-10-24,513,South,25187,91727.0,05:40:00,05:41:47,05:42:08,2,2144,Eastmont Park & Ride Bay 1,1.0,0.0
2024-10-24,513,South,25187,91727.0,05:52:00,05:53:42,05:54:27,3,2164,Ash Way Park & Ride Bay 1,2.0,3.0
2024-10-24,513,South,25187,91727.0,06:03:00,06:01:21,06:01:21,4,2114,Lynnwood City Center Station Bay D2,0.0,0.0
2024-10-24,513,South,25188,91901.0,06:00:00,06:01:02,06:01:02,0,3190,Seaway Transit Center Bay 11,0.0,0.0
2024-10-24,513,South,25188,91901.0,,06:06:34,06:07:07,1,394,W Casino Rd & Evergreen Way,2.0,0.0
2024-10-24,513,South,25188,91901.0,06:10:00,06:13:06,06:13:19,2,2144,Eastmont Park & Ride Bay 1,0.0,0.0
2024-10-24,513,South,25188,91901.0,06:23:00,06:27:17,06:27:42,3,2164,Ash Way Park & Ride Bay 1,1.0,1.0
2024-10-24,513,South,25188,91901.0,06:38:00,06:56:42,06:56:42,4,2114,Lynnwood City Center Station Bay D2,0.0,2.0
2024-10-24,513,South,25189,15815.0,06:30:00,06:30:24,06:30:24,0,3190,Seaway Transit Center Bay 11,0.0,0.0
2024-10-24,513,South,25189,15815.0,,06:36:19,06:36:37,1,394,W Casino Rd & Evergreen Way,3.0,0.0
2024-10-24,513,South,25189,15815.0,06:41:00,06:43:33,06:43:53,2,2144,Eastmont Park & Ride Bay 1,3.0,0.0
2024-10-24,513,South,25189,15815.0,06:54:00,06:57:01,06:57:34,3,2164,Ash Way Park & Ride Bay 1,4.0,0.0
2024-10-24,513,South,25189,15815.0,07:09:00,07:05:40,07:05:40,4,2114,Lynnwood City Center Station Bay D2,0.0,10.0
2024-10-24,513,South,25190,15812.0,07:00:00,07:00:50,07:00:50,0,3190,Seaway Transit Center Bay 11,0.0,0.0
2024-10-24,513,South,25190,15812.0,,07:08:00,07:08:31,1,394,W Casino Rd & Evergreen Way,1.0,0.0
2024-10-24,513,South,25190,15812.0,07:11:00,07:17:31,07:17:43,2,2144,Eastmont Park & Ride Bay 1,0.0,0.0
2024-10-24,513,South,25190,15812.0,07:24:00,07:36:13,07:37:13,3,2164,Ash Way Park & Ride Bay 1,11.0,0.0
2024-10-24,513,South,25190,15812.0,07:41:00,07:48:55,07:48:55,4,2114,Lynnwood City Center Station Bay D2,0.0,12.0
2024-10-24,513,South,25191,91503.0,07:30:00,07:30:27,07:30:27,0,3190,Seaway Transit Center Bay 11,0.0,0.0
2024-10-24,513,South,25191,91503.0,,07:35:44,07:36:09,1,394,W Casino Rd & Evergreen Way,1.0,0.0
2024-10-24,513,South,25191,91503.0,07:41:00,07:44:31,07:44:41,2,2144,Eastmont Park & Ride Bay 1,0.0,0.0
2024-10-24,513,South,25191,91503.0,07:54:00,07:59:16,07:59:44,3,2164,Ash Way Park & Ride Bay 1,5.0,0.0
2024-10-24,513,South,25191,91503.0,08:11:00,08:09:44,08:09:44,4,2114,Lynnwood City Center Station Bay D2,0.0,6.0
2024-10-24,513,South,25192,15809.0,08:00:00,07:59:41,07:59:41,0,3190,Seaway Transit Center Bay 11,0.0,0.0
2024-10-24,513,South,25192,15809.0,,08:05:06,08:05:06,1,394,W Casino Rd & Evergreen Way,0.0,0.0
2024-10-24,513,South,25192,15809.0,08:11:00,08:13:00,08:13:00,2,2144,Eastmont Park & Ride Bay 1,0.0,0.0
2024-10-24,513,South,25192,15809.0,08:24:00,08:24:08,08:25:02,3,2164,Ash Way Park & Ride Bay 1,5.0,0.0
2024-10-24,513,South,25192,15809.0,08:37:00,08:35:19,08:35:19,4,2114,Lynnwood City Center Station Bay D2,0.0,5.0
2024-10-24,513,South,25193,15813.0,08:30:00,08:30:53,08:30:53,0,3190,Seaway Transit Center Bay 11,0.0,0.0
2024-10-24,513,South,25193,15813.0,,08:38:02,08:38:30,1,394,W Casino Rd & Evergreen Way,2.0,0.0
2024-10-24,513,South,25193,15813.0,08:41:00,08:45:23,08:45:44,2,2144,Eastmont Park & Ride Bay 1,1.0,0.0
2024-10-24,513,South,25193,15813.0,08:54:00,08:55:40,08:55:52,3,2164,Ash Way Park & Ride Bay 1,0.0,0.0
2024-10-24,513,South,25193,15813.0,09:07:00,09:03:17,09:03:17,4,2114,Lynnwood City Center Station Bay D2,0.0,3.0
2024-10-25,513,North,25178,91724.0,15:07:00,15:07:08,15:07:08,0,2543,Lynnwood City Center Station Bay D4,3.0,0.0
2024-10-25,513,North,25178,91724.0,15:14:00,15:12:45,15:12:55,1,2163,Ash Way Park & Ride Bay 4,0.0,1.0
2024-10-25,513,North,25178,91724.0,15:26:00,15:26:13,15:26:21,2,2144,Eastmont Park & Ride Bay 1,0.0,0.0
2024-10-25,513,North,25178,91724.0,,15:30:26,15:30:40,3,1765,W Casino Rd & Evergreen Way,0.0,2.0
2024-10-25,513,North,25178,91724.0,15:48:00,15:37:15,15:37:15,4,3190,Seaway Transit Center Bay 11,0.0,0.0
2024-10-25,513,North,25179,91709.0,15:37:00,15:37:59,15:37:59,0,2543,Lynnwood City Center Station Bay D4,0.0,0.0
2024-10-25,513,North,25179,91709.0,15:44:00,15:44:30,15:44:51,1,2163,Ash Way Park & Ride Bay 4,0.0,0.0
2024-10-25,513,North,25179,91709.0,15:57:00,16:04:07,16:04:17,2,2144,Eastmont Park & Ride Bay 1,0.0,0.0
2024-10-25,513,North,25179,91709.0,,16:12:27,16:12:59,3,1765,W Casino Rd & Evergreen Way,0.0,0.0
2024-10-25,513,North,25179,91709.0,16:19:00,16:19:27,16:19:27,4,3190,Seaway Transit Center Bay 11,0.0,0.0
2024-10-25,513,North,25180,91701.0,16:07:00,16:09:03,16:09:03,0,2543,Lynnwood City Center Station Bay D4,11.0,0.0
2024-10-25,513,North,25180,91701.0,16:14:00,16:15:58,16:16:38,1,2163,Ash Way Park & Ride Bay 4,0.0,9.0
2024-10-25,513,North,25180,91701.0,16:28:00,16:30:05,16:30:23,2,2144,Eastmont Park & Ride Bay 1,0.0,1.0
2024-10-25,513,North,25180,91701.0,,16:36:30,16:36:49,3,1765,W Casino Rd & Evergreen Way,0.0,1.0
2024-10-25,513,North,25180,91701.0,16:50:00,16:44:14,16:44:14,4,3190,Seaway Transit Center Bay 11,0.0,0.0
2024-10-25,513,North,25181,19817.0,16:37:00,16:37:54,16:37:54,0,2543,Lynnwood City Center Station Bay D4,4.0,0.0
2024-10-25,513,North,25181,19817.0,16:44:00,16:45:18,16:46:39,1,2163,Ash Way Park & Ride Bay 4,1.0,4.0
2024-10-25,513,North,25181,19817.0,16:58:00,17:00:45,17:01:08,2,2144,Eastmont Park & Ride Bay 1,0.0,0.0
2024-10-25,513,North,25181,19817.0,,17:06:42,17:07:48,3,1765,W Casino Rd & Evergreen Way,0.0,1.0
2024-10-25,513,North,25181,19817.0,17:20:00,17:20:01,17:20:01,4,3190,Seaway Transit Center Bay 11,0.0,0.0
2024-10-25,513,North,25182,17852.0,17:07:00,17:07:07,17:07:07,0,2543,Lynnwood City Center Station Bay D4,0.0,0.0
2024-10-25,513,North,25182,17852.0,17:14:00,17:15:16,17:15:16,1,2163,Ash Way Park & Ride Bay 4,0.0,0.0
2024-10-25,513,North,25182,17852.0,17:28:00,17:32:07,17:32:07,2,2144,Eastmont Park & Ride Bay 1,0.0,0.0
2024-10-25,513,North,25182,17852.0,,17:38:13,17:38:25,3,1765,W Casino Rd & Evergreen Way,0.0,0.0
2024-10-25,513,North,25182,17852.0,17:50:00,17:45:08,17:45:08,4,3190,Seaway Transit Center Bay 11,0.0,0.0
2024-10-25,513,North,25183,19814.0,17:37:00,17:37:10,17:37:10,0,2543,Lynnwood City Center Station Bay D4,5.0,0.0
2024-10-25,513,North,25183,19814.0,17:44:00,17:43:28,17:43:41,1,2163,Ash Way Park & Ride Bay 4,0.0,1.0
2024-10-25,513,North,25183,19814.0,17:58:00,17:57:56,17:58:06,2,2144,Eastmont Park & Ride Bay 1,0.0,1.0
2024-10-25,513,North,25183,19814.0,,18:04:53,18:05:04,3,1765,W Casino Rd & Evergreen Way,0.0,3.0
2024-10-25,513,North,25183,19814.0,18:20:00,18:12:23,18:12:23,4,3190,Seaway Transit Center Bay 11,0.0,0.0
2024-10-25,513,North,25184,91714.0,18:07:00,18:07:46,18:07:46,0,2543,Lynnwood City Center Station Bay D4,4.0,0.0
2024-10-25,513,North,25184,91714.0,18:14:00,18:14:56,18:15:55,1,2163,Ash Way Park & Ride Bay 4,1.0,1.0
2024-10-25,513,North,25184,91714.0,18:27:00,18:33:38,18:34:20,2,2144,Eastmont Park & Ride Bay 1,0.0,1.0
2024-10-25,513,North,25184,91714.0,,18:41:30,18:42:05,3,1765,W Casino Rd & Evergreen Way,0.0,1.0
2024-10-25,513,North,25184,91714.0,18:47:00,18:50:10,18:50:10,4,3190,Seaway Transit Center Bay 11,0.0,2.0
2024-10-25,513,North,25185,17864.0,18:37:00,18:38:32,18:38:32,0,2543,Lynnwood City Center Station Bay D4,2.0,0.0
2024-10-25,513,North,25185,17864.0,18:44:00,18:44:43,18:44:55,1,2163,Ash Way Park & Ride Bay 4,0.0,2.0
2024-10-25,513,North,25185,17864.0,18:56:00,19:00:02,19:00:11,2,2144,Eastmont Park & Ride Bay 1,0.0,0.0
2024-10-25,513,North,25185,17864.0,,19:06:07,19:06:22,3,1765,W Casino Rd & Evergreen Way,0.0,0.0
2024-10-25,513,North,25185,17864.0,19:14:00,19:15:18,19:15:18,4,3190,Seaway Transit Center Bay 11,0.0,0.0
2024-10-25,513,South,25186,91912.0,05:00:00,05:00:16,05:00:16,0,3190,Seaway Transit Center Bay 11,0.0,0.0
2024-10-25,513,South,25186,91912.0,,05:05:07,05:05:26,1,394,W Casino Rd & Evergreen Way,2.0,0.0
2024-10-25,513,South,25186,91912.0,05:10:00,05:09:55,05:10:12,2,2144,Eastmont Park & Ride Bay 1,1.0,0.0
2024-10-25,513,South,25186,91912.0,05:21:00,05:20:33,05:20:54,3,2164,Ash Way Park & Ride Bay 1,2.0,1.0
2024-10-25,513,South,25186,91912.0,05:32:00,05:26:54,05:26:54,4,2114,Lynnwood City Center Station Bay D2,0.0,4.0
2024-10-25,513,South,25187,91901.0,05:30:00,05:30:07,05:30:07,0,3190,Seaway Transit Center Bay 11,1.0,0.0
2024-10-25,513,South,25187,91901.0,,05:35:04,05:35:22,1,394,W Casino Rd & Evergreen Way,0.0,1.0
2024-10-25,513,South,25187,91901.0,05:40:00,05:39:28,05:40:06,2,2144,Eastmont Park & Ride Bay 1,0.0,0.0
2024-10-25,513,South,25187,91901.0,05:52:00,05:50:20,05:52:10,3,2164,Ash Way Park & Ride Bay 1,3.0,0.0
2024-10-25,513,South,25187,91901.0,06:03:00,06:14:21,06:14:21,4,2114,Lynnwood City Center Station Bay D2,0.0,3.0
2024-10-25,513,South,25188,91712.0,06:00:00,06:00:47,06:00:47,0,3190,Seaway Transit Center Bay 11,0.0,0.0
2024-10-25,513,South,25188,91712.0,,06:07:51,06:08:16,1,394,W Casino Rd & Evergreen Way,3.0,0.0
2024-10-25,513,South,25188,91712.0,06:10:00,06:13:58,06:14:10,2,2144,Eastmont Park & Ride Bay 1,0.0,0.0
2024-10-25,513,South,25188,91712.0,06:23:00,06:25:22,06:25:41,3,2164,Ash Way Park & Ride Bay 1,1.0,1.0
2024-10-25,513,South,25188,91712.0,06:38:00,06:57:01,06:57:01,4,2114,Lynnwood City Center Station Bay D2,0.0,3.0
2024-10-25,513,South,25189,17862.0,06:30:00,06:30:07,06:30:07,0,3190,Seaway Transit Center Bay 11,0.0,0.0
2024-10-25,513,South,25189,17862.0,,06:35:00,06:35:25,1,394,W Casino Rd & Evergreen Way,0.0,0.0
2024-10-25,513,South,25189,17862.0,06:41:00,06:41:27,06:41:48,2,2144,Eastmont Park & Ride Bay 1,0.0,0.0
2024-10-25,513,South,25189,17862.0,06:54:00,06:52:49,06:54:10,3,2164,Ash Way Park & Ride Bay 1,0.0,0.0
2024-10-25,513,South,25189,17862.0,07:09:00,07:00:40,07:00:40,4,2114,Lynnwood City Center Station Bay D2,0.0,0.0
2024-10-25,513,South,25190,19850.0,07:00:00,07:00:34,07:00:34,0,3190,Seaway Transit Center Bay 11,0.0,0.0
2024-10-25,513,South,25190,19850.0,,07:06:29,07:08:36,1,394,W Casino Rd & Evergreen Way,2.0,0.0
2024-10-25,513,South,25190,19850.0,07:11:00,07:17:10,07:20:26,2,2144,Eastmont Park & Ride Bay 1,2.0,1.0
2024-10-25,513,South,25190,19850.0,07:24:00,07:35:15,07:35:44,3,2164,Ash Way Park & Ride Bay 1,1.0,0.0
2024-10-25,513,South,25190,19850.0,07:41:00,07:45:48,07:45:48,4,2114,Lynnwood City Center Station Bay D2,0.0,4.0
2024-10-25,513,South,25191,91707.0,07:30:00,07:30:42,07:30:42,0,3190,Seaway Transit Center Bay 11,0.0,0.0
2024-10-25,513,South,25191,91707.0,,07:35:56,07:36:14,1,394,W Casino Rd & Evergreen Way,1.0,0.0
2024-10-25,513,South,25191,91707.0,07:41:00,07:43:01,07:43:10,2,2144,Eastmont Park & Ride Bay 1,0.0,0.0
2024-10-25,513,South,25191,91707.0,07:54:00,07:55:02,07:55:26,3,2164,Ash Way Park & Ride Bay 1,3.0,0.0
2024-10-25,513,South,25191,91707.0,08:11:00,08:02:12,08:02:12,4,2114,Lynnwood City Center Station Bay D2,0.0,4.0
2024-10-25,513,South,25192,91728.0,08:00:00,07:59:36,07:59:36,0,3190,Seaway Transit Center Bay 11,1.0,0.0
2024-10-25,513,South,25192,91728.0,,08:04:18,08:04:18,1,394,W Casino Rd & Evergreen Way,0.0,0.0
2024-10-25,513,South,25192,91728.0,08:11:00,08:10:34,08:10:48,2,2144,Eastmont Park & Ride Bay 1,0.0,0.0
2024-10-25,513,South,25192,91728.0,08:24:00,08:22:11,08:22:54,3,2164,Ash Way Park & Ride Bay 1,3.0,1.0
2024-10-25,513,South,25192,91728.0,08:37:00,08:29:14,08:29:14,4,2114,Lynnwood City Center Station Bay D2,0.0,3.0
2024-10-25,513,South,25193,15815.0,08:30:00,08:30:37,08:30:37,0,3190,Seaway Transit Center Bay 11,0.0,0.0
2024-10-25,513,South,25193,15815.0,,08:35:49,08:35:49,1,394,W Casino Rd & Evergreen Way,0.0,0.0
2024-10-25,513,South,25193,15815.0,08:41:00,08:41:30,08:41:50,2,2144,Eastmont Park & Ride Bay 1,1.0,0.0
2024-10-25,513,South,25193,15815.0,08:54:00,08:52:32,08:54:18,3,2164,Ash Way Park & Ride Bay 1,2.0,0.0
2024-10-25,513,South,25193,15815.0,09:07:00,09:00:07,09:00:07,4,2114,Lynnwood City Center Station Bay D2,0.0,3.0
2024-10-28,513,North,25178,91708.0,15:07:00,15:07:07,15:07:07,0,2543,Lynnwood City Center Station Bay D4,0.0,0.0
2024-10-28,513,North,25178,91708.0,15:14:00,15:12:52,15:13:16,1,2163,Ash Way Park & Ride Bay 4,0.0,0.0
2024-10-28,513,North,25178,91708.0,15:26:00,15:22:55,15:23:00,2,2144,Eastmont Park & Ride Bay 1,0.0,0.0
2024-10-28,513,North,25178,91708.0,,15:28:14,15:28:14,3,1765,W Casino Rd & Evergreen Way,0.0,0.0
2024-10-28,513,North,25178,91708.0,15:48:00,15:35:52,15:35:52,4,3190,Seaway Transit Center Bay 11,0.0,0.0
2024-10-28,513,North,25179,19810.0,15:37:00,15:40:40,15:40:40,0,2543,Lynnwood City Center Station Bay D4,13.0,0.0
2024-10-28,513,North,25179,19810.0,15:44:00,15:45:08,15:45:58,1,2163,Ash Way Park & Ride Bay 4,0.0,13.0
2024-10-28,513,North,25179,19810.0,15:57:00,16:00:09,16:02:49,2,2144,Eastmont Park & Ride Bay 1,1.0,1.0
2024-10-28,513,North,25179,19810.0,,16:10:23,16:10:31,3,1765,W Casino Rd & Evergreen Way,0.0,0.0
2024-10-28,513,North,25179,19810.0,16:19:00,16:19:34,16:19:34,4,3190,Seaway Transit Center Bay 11,0.0,0.0
2024-10-28,513,North,25180,91712.0,16:07:00,16:08:27,16:08:27,0,2543,Lynnwood City Center Station Bay D4,5.0,0.0
2024-10-28,513,North,25180,91712.0,16:14:00,16:15:19,16:15:51,1,2163,Ash Way Park & Ride Bay 4,0.0,4.0
2024-10-28,513,North,25180,91712.0,16:28:00,16:29:49,16:30:11,2,2144,Eastmont Park & Ride Bay 1,0.0,1.0
2024-10-28,513,North,25180,91712.0,,16:36:30,16:36:59,3,1765,W Casino Rd & Evergreen Way,0.0,0.0
2024-10-28,513,North,25180,91712.0,16:50:00,16:44:06,16:44:06,4,3190,Seaway Transit Center Bay 11,0.0,0.0
2024-10-28,513,North,25181,15814.0,16:37:00,16:40:36,16:40:36,0,2543,Lynnwood City Center Station Bay D4,13.0,0.0
2024-10-28,513,North,25181,15814.0,16:44:00,16:47:36,16:48:08,1,2163,Ash Way Park & Ride Bay 4,0.0,6.0
2024-10-28,513,North,25181,15814.0,16:58:00,17:17:40,17:18:18,2,2144,Eastmont Park & Ride Bay 1,1.0,4.0
2024-10-28,513,North,25181,15814.0,,17:26:21,17:27:10,3,1765,W Casino Rd & Evergreen Way,0.0,4.0
2024-10-28,513,North,25181,15814.0,17:20:00,17:35:56,17:35:56,4,3190,Seaway Transit Center Bay 11,0.0,0.0
2024-10-28,513,North,25182,19854.0,17:07:00,17:07:07,17:07:07,0,2543,Lynnwood City Center Station Bay D4,7.0,0.0
2024-10-28,513,North,25182,19854.0,17:14:00,17:13:58,17:16:59,1,2163,Ash Way Park & Ride Bay 4,2.0,4.0
2024-10-28,513,North,25182,19854.0,17:28:00,17:36:07,17:36:17,2,2144,Eastmont Park & Ride Bay 1,0.0,0.0
2024-10-28,513,North,25182,19854.0,,17:44:37,17:44:53,3,1765,W Casino Rd & Evergreen Way,0.0,3.0
2024-10-28,513,North,25182,19854.0,17:50:00,17:50:58,17:50:58,4,3190,Seaway Transit Center Bay 11,0.0,2.0
2024-10-28,513,North,25183,19811.0,17:37:00,17:37:45,17:37:45,0,2543,Lynnwood City Center Station Bay D4,6.0,0.0
2024-10-28,513,North,25183,19811.0,17:44:00,17:43:37,17:44:01,1,2163,Ash Way Park & Ride Bay 4,0.0,3.0
2024-10-28,513,North,25183,19811.0,17:58:00,18:04:49,18:05:03,2,2144,Eastmont Park & Ride Bay 1,0.0,1.0
2024-10-28,513,North,25183,19811.0,,18:11:40,18:11:51,3,1765,W Casino Rd & Evergreen Way,0.0,1.0
2024-10-28,513,North,25183,19811.0,18:20:00,18:18:44,18:18:44,4,3190,Seaway Transit Center Bay 11,0.0,1.0
2024-10-28,513,North,25184,91909.0,18:07:00,18:08:01,18:08:01,0,2543,Lynnwood City Center Station Bay D4,8.0,0.0
2024-10-28,513,North,25184,91909.0,18:14:00,18:14:19,18:14:39,1,2163,Ash Way Park & Ride Bay 4,0.0,3.0
2024-10-28,513,North,25184,91909.0,18:27:00,18:29:53,18:30:14,2,2144,Eastmont Park & Ride Bay 1,0.0,2.0
2024-10-28,513,North,25184,91909.0,,18:34:55,18:35:32,3,1765,W Casino Rd & Evergreen Way,0.0,3.0
2024-10-28,513,North,25184,91909.0,18:47:00,18:43:53,18:43:53,4,3190,Seaway Transit Center Bay 11,0.0,0.0
2024-10-28,513,North,25185,15812.0,18:37:00,18:38:41,18:38:41,0,2543,Lynnwood City Center Station Bay D4,3.0,0.0
2024-10-28,513,North,25185,15812.0,18:44:00,18:44:29,18:44:57,1,2163,Ash Way Park & Ride Bay 4,0.0,2.0
2024-10-28,513,North,25185,15812.0,18:56:00,18:59:57,19:00:09,2,2144,Eastmont Park & Ride Bay 1,0.0,0.0
2024-10-28,513,North,25185,15812.0,,19:05:58,19:06:20,3,1765,W Casino Rd & Evergreen Way,0.0,1.0
2024-10-28,513,North,25185,15812.0,19:14:00,19:16:04,19:16:04,4,3190,Seaway Transit Center Bay 11,0.0,0.0
2024-10-28,513,South,25186,91716.0,05:00:00,05:00:13,05:00:13,0,3190,Seaway Transit Center Bay 11,0.0,0.0
2024-10-28,513,South,25186,91716.0,,05:04:14,05:04:40,1,394,W Casino Rd & Evergreen Way,3.0,0.0
2024-10-28,513,South,25186,91716.0,05:10:00,05:08:52,05:09:10,2,2144,Eastmont Park & Ride Bay 1,1.0,0.0
2024-10-28,513,South,25186,91716.0,05:21:00,05:19:17,05:20:08,3,2164,Ash Way Park & Ride Bay 1,1.0,0.0
2024-10-28,513,South,25186,91716.0,05:32:00,05:25:56,05:25:56,4,2114,Lynnwood City Center Station Bay D2,0.0,5.0
2024-10-28,513,South,25187,91702.0,05:30:00,05:30:06,05:30:06,0,3190,Seaway Transit Center Bay 11,0.0,0.0
2024-10-28,513,South,25187,91702.0,,05:34:59,05:35:09,1,394,W Casino Rd & Evergreen Way,0.0,0.0
2024-10-28,513,South,25187,91702.0,05:40:00,05:40:32,05:40:43,2,2144,Eastmont Park & Ride Bay 1,0.0,0.0
2024-10-28,513,South,25187,91702.0,05:52:00,05:51:16,05:52:06,3,2164,Ash Way Park & Ride Bay 1,1.0,0.0
2024-10-28,513,South,25187,91702.0,06:03:00,06:15:03,06:15:03,4,2114,Lynnwood City Center Station Bay D2,0.0,1.0
2024-10-28,513,South,25188,91909.0,06:00:00,06:00:26,06:00:26,0,3190,Seaway Transit Center Bay 11,0.0,0.0
2024-10-28,513,South,25188,91909.0,,06:05:36,06:05:47,1,394,W Casino Rd & Evergreen Way,0.0,0.0
2024-10-28,513,South,25188,91909.0,06:10:00,06:11:19,06:11:33,2,2144,Eastmont Park & Ride Bay 1,0.0,0.0
2024-10-28,513,South,25188,91909.0,06:23:00,06:24:24,06:25:00,3,2164,Ash Way Park & Ride Bay 1,3.0,0.0
2024-10-28,513,South,25188,91909.0,06:38:00,06:32:12,06:32:12,4,2114,Lynnwood City Center Station Bay D2,0.0,3.0
2024-10-28,513,South,25189,19854.0,06:30:00,06:30:09,06:30:09,0,3190,Seaway Transit Center Bay 11,0.0,0.0
2024-10-28,513,South,25189,19854.0,,06:35:50,06:36:18,1,394,W Casino Rd & Evergreen Way,4.0,0.0
2024-10-28,513,South,25189,19854.0,06:41:00,06:42:10,06:42:23,2,2144,Eastmont Park & Ride Bay 1,0.0,0.0
2024-10-28,513,South,25189,19854.0,06:54:00,06:54:35,06:55:01,3,2164,Ash Way Park & Ride Bay 1,4.0,0.0
2024-10-28,513,South,25189,19854.0,07:09:00,07:02:57,07:02:57,4,2114,Lynnwood City Center Station Bay D2,0.0,8.0
2024-10-28,513,South,25190,17851.0,07:00:00,07:00:20,07:00:20,0,3190,Seaway Transit Center Bay 11,0.0,0.0
2024-10-28,513,South,25190,17851.0,,07:06:52,07:07:04,1,394,W Casino Rd & Evergreen Way,0.0,0.0
2024-10-28,513,South,25190,17851.0,07:11:00,07:14:18,07:14:32,2,2144,Eastmont Park & Ride Bay 1,0.0,0.0
2024-10-28,513,South,25190,17851.0,07:24:00,07:29:40,07:30:30,3,2164,Ash Way Park & Ride Bay 1,5.0,0.0
2024-10-28,513,South,25190,17851.0,07:41:00,07:39:30,07:39:30,4,2114,Lynnwood City Center Station Bay D2,0.0,5.0
2024-10-28,513,South,25191,17863.0,07:30:00,07:30:24,07:30:24,0,3190,Seaway Transit Center Bay 11,1.0,0.0
2024-10-28,513,South,25191,17863.0,,07:35:55,07:36:14,1,394,W Casino Rd & Evergreen Way,1.0,0.0
2024-10-28,513,South,25191,17863.0,07:41:00,07:42:29,07:42:40,2,2144,Eastmont Park & Ride Bay 1,0.0,0.0
2024-10-28,513,South,25191,17863.0,07:54:00,07:55:49,07:56:36,3,2164,Ash Way Park & Ride Bay 1,10.0,0.0
2024-10-28,513,South,25191,17863.0,08:11:00,08:06:52,08:06:52,4,2114,Lynnwood City Center Station Bay D2,0.0,12.0
2024-10-28,513,South,25192,91701.0,08:00:00,08:01:31,08:01:31,0,3190,Seaway Transit Center Bay 11,0.0,0.0
2024-10-28,513,South,25192,91701.0,,08:06:47,08:07:07,1,394,W Casino Rd & Evergreen Way,1.0,0.0
2024-10-28,513,South,25192,91701.0,08:11:00,08:13:53,08:14:02,2,2144,Eastmont Park & Ride Bay 1,0.0,0.0
2024-10-28,513,South,25192,91701.0,08:24:00,08:24:42,08:27:09,3,2164,Ash Way Park & Ride Bay 1,3.0,0.0
2024-10-28,513,South,25192,91701.0,08:37:00,08:34:27,08:34:27,4,2114,Lynnwood City Center Station Bay D2,0.0,4.0
2024-10-28,513,South,25193,15801.0,08:30:00,08:30:14,08:30:14,0,3190,Seaway Transit Center Bay 11,0.0,0.0
2024-10-28,513,South,25193,15801.0,,08:37:01,08:37:01,1,394,W Casino Rd & Evergreen Way,0.0,0.0
2024-10-28,513,South,25193,15801.0,08:41:00,08:43:55,08:44:17,2,2144,Eastmont Park & Ride Bay 1,2.0,0.0
2024-10-28,513,South,25193,15801.0,08:54:00,08:55:35,08:56:17,3,2164,Ash Way Park & Ride Bay 1,4.0,0.0
2024-10-28,513,South,25193,15801.0,09:07:00,09:02:47,09:02:47,4,2114,Lynnwood City Center Station Bay D2,0.0,6.0
2024-10-29,513,North,25178,91713.0,15:07:00,15:07:05,15:07:05,0,2543,Lynnwood City Center Station Bay D4,4.0,0.0
2024-10-29,513,North,25178,91713.0,15:14:00,15:12:47,15:13:10,1,2163,Ash Way Park & Ride Bay 4,0.0,4.0
2024-10-29,513,North,25178,91713.0,15:26:00,15:28:57,15:28:57,2,2144,Eastmont Park & Ride Bay 1,0.0,0.0
2024-10-29,513,North,25178,91713.0,,15:34:40,15:34:40,3,1765,W Casino Rd & Evergreen Way,0.0,0.0
2024-10-29,513,North,25178,91713.0,15:48:00,15:42:49,15:42:49,4,3190,Seaway Transit Center Bay 11,0.0,0.0
2024-10-29,513,North,25179,19810.0,15:37:00,15:38:12,15:38:12,0,2543,Lynnwood City Center Station Bay D4,8.0,0.0
2024-10-29,513,North,25179,19810.0,15:44:00,15:45:35,15:46:14,1,2163,Ash Way Park & Ride Bay 4,1.0,7.0
2024-10-29,513,North,25179,19810.0,15:57:00,15:59:02,15:59:22,2,2144,Eastmont Park & Ride Bay 1,1.0,0.0
2024-10-29,513,North,25179,19810.0,,16:04:23,16:04:43,3,1765,W Casino Rd & Evergreen Way,0.0,3.0
2024-10-29,513,North,25179,19810.0,16:19:00,16:12:18,16:12:18,4,3190,Seaway Transit Center Bay 11,0.0,0.0
2024-10-29,513,North,25180,91901.0,16:07:00,16:08:21,16:08:21,0,2543,Lynnwood City Center Station Bay D4,15.0,0.0
2024-10-29,513,North,25180,91901.0,16:14:00,16:14:47,16:15:21,1,2163,Ash Way Park & Ride Bay 4,0.0,12.0
2024-10-29,513,North,25180,91901.0,16:28:00,16:28:23,16:28:48,2,2144,Eastmont Park & Ride Bay 1,0.0,2.0
2024-10-29,513,North,25180,91901.0,,16:32:41,16:32:41,3,1765,W Casino Rd & Evergreen Way,0.0,0.0
2024-10-29,513,North,25180,91901.0,16:50:00,16:42:06,16:42:06,4,3190,Seaway Transit Center Bay 11,0.0,1.0
2024-10-29,513,North,25181,15820.0,16:37:00,16:39:08,16:39:08,0,2543,Lynnwood City Center Station Bay D4,11.0,0.0
2024-10-29,513,North,25181,15820.0,16:44:00,16:45:58,16:46:43,1,2163,Ash Way Park & Ride Bay 4,0.0,6.0
2024-10-29,513,North,25181,15820.0,16:58:00,17:02:51,17:03:44,2,2144,Eastmont Park & Ride Bay 1,0.0,2.0
2024-10-29,513,North,25181,15820.0,,17:11:15,17:11:41,3,1765,W Casino Rd & Evergreen Way,0.0,3.0
2024-10-29,513,North,25181,15820.0,17:20:00,17:19:56,17:19:56,4,3190,Seaway Transit Center Bay 11,0.0,0.0
2024-10-29,513,North,25182,17865.0,17:07:00,17:07:07,17:07:07,0,2543,Lynnwood City Center Station Bay D4,6.0,0.0
2024-10-29,513,North,25182,17865.0,17:14:00,17:14:13,17:14:41,1,2163,Ash Way Park & Ride Bay 4,0.0,6.0
2024-10-29,513,North,25182,17865.0,17:28:00,17:33:21,17:33:21,2,2144,Eastmont Park & Ride Bay 1,0.0,0.0
2024-10-29,513,North,25182,17865.0,,17:38:26,17:38:26,3,1765,W Casino Rd & Evergreen Way,0.0,0.0
2024-10-29,513,North,25182,17865.0,17:50:00,17:44:26,17:44:26,4,3190,Seaway Transit Center Bay 11,0.0,0.0
2024-10-29,513,North,25183,17855.0,17:37:00,17:37:15,17:37:15,0,2543,Lynnwood City Center Station Bay D4,7.0,0.0
2024-10-29,513,North,25183,17855.0,17:44:00,17:43:43,17:44:27,1,2163,Ash Way Park & Ride Bay 4,0.0,3.0
2024-10-29,513,North,25183,17855.0,17:58:00,18:04:28,18:04:28,2,2144,Eastmont Park & Ride Bay 1,0.0,0.0
2024-10-29,513,North,25183,17855.0,,18:11:35,18:11:52,3,1765,W Casino Rd & Evergreen Way,0.0,4.0
2024-10-29,513,North,25183,17855.0,18:20:00,18:18:35,18:18:35,4,3190,Seaway Transit Center Bay 11,0.0,0.0
2024-10-29,513,North,25184,19814.0,18:07:00,18:07:30,18:07:30,0,2543,Lynnwood City Center Station Bay D4,4.0,0.0
2024-10-29,513,North,25184,19814.0,18:14:00,18:15:00,18:15:26,1,2163,Ash Way Park & Ride Bay 4,1.0,0.0
2024-10-29,513,North,25184,19814.0,18:27:00,18:32:01,18:32:19,2,2144,Eastmont Park & Ride Bay 1,0.0,2.0
2024-10-29,513,North,25184,19814.0,,18:37:58,18:38:17,3,1765,W Casino Rd & Evergreen Way,0.0,2.0
2024-10-29,513,North,25184,19814.0,18:47:00,18:45:31,18:45:31,4,3190,Seaway Transit Center Bay 11,0.0,1.0
2024-10-29,513,North,25185,91721.0,18:37:00,18:37:25,18:37:25,0,2543,Lynnwood City Center Station Bay D4,6.0,0.0
2024-10-29,513,North,25185,91721.0,18:44:00,18:43:32,18:44:14,1,2163,Ash Way Park & Ride Bay 4,0.0,4.0
2024-10-29,513,North,25185,91721.0,18:56:00,19:02:58,19:03:11,2,2144,Eastmont Park & Ride Bay 1,0.0,0.0
2024-10-29,513,North,25185,91721.0,,19:09:20,19:09:39,3,1765,W Casino Rd & Evergreen Way,0.0,1.0
2024-10-29,513,North,25185,91721.0,19:14:00,19:16:26,19:16:26,4,3190,Seaway Transit Center Bay 11,0.0,1.0
2024-10-29,513,South,25186,91911.0,05:00:00,05:00:38,05:00:38,0,3190,Seaway Transit Center Bay 11,0.0,0.0
2024-10-29,513,South,25186,91911.0,,05:05:40,05:06:03,1,394,W Casino Rd & Evergreen Way,3.0,0.0
2024-10-29,513,South,25186,91911.0,05:10:00,05:11:04,05:11:22,2,2144,Eastmont Park & Ride Bay 1,2.0,0.0
2024-10-29,513,South,25186,91911.0,05:21:00,05:21:03,05:21:26,3,2164,Ash Way Park & Ride Bay 1,3.0,0.0
2024-10-29,513,South,25186,91911.0,05:32:00,05:27:26,05:27:26,4,2114,Lynnwood City Center Station Bay D2,0.0,8.0
2024-10-29,513,South,25187,91701.0,05:30:00,05:32:45,05:32:45,0,3190,Seaway Transit Center Bay 11,0.0,0.0
2024-10-29,513,South,25187,91701.0,,05:38:02,05:38:11,1,394,W Casino Rd & Evergreen Way,0.0,0.0
2024-10-29,513,South,25187,91701.0,05:40:00,05:42:41,05:42:49,2,2144,Eastmont Park & Ride Bay 1,0.0,0.0
2024-10-29,513,South,25187,91701.0,05:52:00,05:53:06,05:53:39,3,2164,Ash Way Park & Ride Bay 1,4.0,0.0
2024-10-29,513,South,25187,91701.0,06:03:00,06:00:02,06:00:02,4,2114,Lynnwood City Center Station Bay D2,0.0,4.0
2024-10-29,513,South,25188,91714.0,06:00:00,06:00:14,06:00:14,0,3190,Seaway Transit Center Bay 11,0.0,0.0
2024-10-29,513,South,25188,91714.0,,06:05:41,06:06:17,1,394,W Casino Rd & Evergreen Way,1.0,0.0
2024-10-29,513,South,25188,91714.0,06:10:00,06:11:21,06:11:40,2,2144,Eastmont Park & Ride Bay 1,1.0,0.0
2024-10-29,513,South,25188,91714.0,06:23:00,06:24:07,06:24:38,3,2164,Ash Way Park & Ride Bay 1,3.0,0.0
2024-10-29,513,South,25188,91714.0,06:38:00,06:56:50,06:56:50,4,2114,Lynnwood City Center Station Bay D2,0.0,5.0
2024-10-29,513,South,25189,15815.0,06:30:00,06:30:09,06:30:09,0,3190,Seaway Transit Center Bay 11,0.0,0.0
2024-10-29,513,South,25189,15815.0,,06:36:01,06:36:17,1,394,W Casino Rd & Evergreen Way,1.0,0.0
2024-10-29,513,South,25189,15815.0,06:41:00,06:43:49,06:44:02,2,2144,Eastmont Park & Ride Bay 1,0.0,0.0
2024-10-29,513,South,25189,15815.0,06:54:00,06:55:39,06:56:20,3,2164,Ash Way Park & Ride Bay 1,6.0,0.0
2024-10-29,513,South,25189,15815.0,07:09:00,07:05:39,07:05:39,4,2114,Lynnwood City Center Station Bay D2,0.0,7.0
2024-10-29,513,South,25190,17866.0,07:00:00,07:00:20,07:00:20,0,3190,Seaway Transit Center Bay 11,0.0,0.0
2024-10-29,513,South,25190,17866.0,,07:06:08,07:06:57,1,394,W Casino Rd & Evergreen Way,0.0,0.0
2024-10-29,513,South,25190,17866.0,07:11:00,07:16:18,07:16:30,2,2144,Eastmont Park & Ride Bay 1,0.0,0.0
2024-10-29,513,South,25190,17866.0,07:24:00,07:30:13,07:32:09,3,2164,Ash Way Park & Ride Bay 1,14.0,0.0
2024-10-29,513,South,25190,17866.0,07:41:00,07:45:51,07:45:51,4,2114,Lynnwood City Center Station Bay D2,0.0,14.0
2024-10-29,513,South,25191,91716.0,07:30:00,07:30:39,07:30:39,0,3190,Seaway Transit Center Bay 11,0.0,0.0
2024-10-29,513,South,25191,91716.0,,07:35:07,07:35:21,1,394,W Casino Rd & Evergreen Way,0.0,0.0
2024-10-29,513,South,25191,91716.0,07:41:00,07:41:40,07:41:48,2,2144,Eastmont Park & Ride Bay 1,0.0,0.0
2024-10-29,513,South,25191,91716.0,07:54:00,07:57:28,07:58:25,3,2164,Ash Way Park & Ride Bay 1,0.0,0.0
2024-10-29,513,South,25191,91716.0,08:11:00,08:10:01,08:10:01,4,2114,Lynnwood City Center Station Bay D2,0.0,0.0
2024-10-29,513,South,25192,91907.0,08:00:00,08:00:18,08:00:18,0,3190,Seaway Transit Center Bay 11,0.0,0.0
2024-10-29,513,South,25192,91907.0,,08:05:31,08:05:31,1,394,W Casino Rd & Evergreen Way,0.0,0.0
2024-10-29,513,South,25192,91907.0,08:11:00,08:11:10,08:11:24,2,2144,Eastmont Park & Ride Bay 1,0.0,0.0
2024-10-29,513,South,25192,91907.0,08:24:00,08:23:05,08:24:08,3,2164,Ash Way Park & Ride Bay 1,3.0,0.0
2024-10-29,513,South,25192,91907.0,08:37:00,08:37:54,08:37:54,4,2114,Lynnwood City Center Station Bay D2,0.0,3.0
2024-10-29,513,South,25193,15812.0,08:30:00,08:31:52,08:31:52,0,3190,Seaway Transit Center Bay 11,0.0,0.0
2024-10-29,513,South,25193,15812.0,,08:39:13,08:39:13,1,394,W Casino Rd & Evergreen Way,0.0,0.0
2024-10-29,513,South,25193,15812.0,08:41:00,08:46:01,08:46:15,2,2144,Eastmont Park & Ride Bay 1,0.0,0.0
2024-10-29,513,South,25193,15812.0,08:54:00,09:05:20,09:06:00,3,2164,Ash Way Park & Ride Bay 1,5.0,0.0
2024-10-29,513,South,25193,15812.0,09:07:00,09:16:31,09:16:31,4,2114,Lynnwood City Center Station Bay D2,0.0,5.0
2024-10-30,513,North,25178,91708.0,15:07:00,15:07:23,15:07:23,0,2543,Lynnwood City Center Station Bay D4,7.0,0.0
2024-10-30,513,North,25178,91708.0,15:14:00,15:14:24,15:14:51,1,2163,Ash Way Park & Ride Bay 4,0.0,6.0
2024-10-30,513,North,25178,91708.0,15:26:00,15:27:59,15:27:59,2,2144,Eastmont Park & Ride Bay 1,0.0,0.0
2024-10-30,513,North,25178,91708.0,,15:34:16,15:34:26,3,1765,W Casino Rd & Evergreen Way,0.0,1.0
2024-10-30,513,North,25178,91708.0,15:48:00,15:43:22,15:43:22,4,3190,Seaway Transit Center Bay 11,0.0,0.0
2024-10-30,513,North,25179,19811.0,15:37:00,15:37:53,15:37:53,0,2543,Lynnwood City Center Station Bay D4,4.0,0.0
2024-10-30,513,North,25179,19811.0,15:44:00,15:45:47,15:46:03,1,2163,Ash Way Park & Ride Bay 4,0.0,2.0
2024-10-30,513,North,25179,19811.0,15:57:00,16:03:19,16:03:38,2,2144,Eastmont Park & Ride Bay 1,1.0,0.0
2024-10-30,513,North,25179,19811.0,,16:11:01,16:11:18,3,1765,W Casino Rd & Evergreen Way,0.0,3.0
2024-10-30,513,North,25179,19811.0,16:19:00,16:20:40,16:20:40,4,3190,Seaway Transit Center Bay 11,0.0,0.0
2024-10-30,513,North,25180,91701.0,16:07:00,16:08:44,16:08:44,0,2543,Lynnwood City Center Station Bay D4,7.0,0.0
2024-10-30,513,North,25180,91701.0,16:14:00,16:18:38,16:18:59,1,2163,Ash Way Park & Ride Bay 4,1.0,6.0
2024-10-30,513,North,25180,91701.0,16:28:00,16:35:08,16:35:21,2,2144,Eastmont Park & Ride Bay 1,0.0,1.0
2024-10-30,513,North,25180,91701.0,,16:42:23,16:42:40,3,1765,W Casino Rd & Evergreen Way,0.0,1.0
2024-10-30,513,North,25180,91701.0,16:50:00,16:50:31,16:50:31,4,3190,Seaway Transit Center Bay 11,0.0,0.0
2024-10-30,513,North,25181,19813.0,16:37:00,16:41:18,16:41:18,0,2543,Lynnwood City Center Station Bay D4,10.0,0.0
2024-10-30,513,North,25181,19813.0,16:44:00,16:49:46,16:51:33,1,2163,Ash Way Park & Ride Bay 4,0.0,7.0
2024-10-30,513,North,25181,19813.0,16:58:00,17:08:08,17:08:30,2,2144,Eastmont Park & Ride Bay 1,0.0,2.0
2024-10-30,513,North,25181,19813.0,,17:16:24,17:16:41,3,1765,W Casino Rd & Evergreen Way,0.0,0.0
2024-10-30,513,North,25181,19813.0,17:20:00,17:24:32,17:24:32,4,3190,Seaway Transit Center Bay 11,0.0,1.0
2024-10-30,513,North,25182,19820.0,17:07:00,17:07:22,17:07:22,0,2543,Lynnwood City Center Station Bay D4,17.0,0.0
2024-10-30,513,North,25182,19820.0,17:14:00,17:16:42,17:17:34,1,2163,Ash Way Park & Ride Bay 4,1.0,15.0
2024-10-30,513,North,25182,19820.0,17:28:00,17:34:54,17:35:20,2,2144,Eastmont Park & Ride Bay 1,1.0,1.0
2024-10-30,513,North,25182,19820.0,,17:40:36,17:40:50,3,1765,W Casino Rd & Evergreen Way,0.0,1.0
2024-10-30,513,North,25182,19820.0,17:50:00,17:48:27,17:48:27,4,3190,Seaway Transit Center Bay 11,0.0,2.0
2024-10-30,513,North,25183,17855.0,17:37:00,17:37:11,17:37:11,0,2543,Lynnwood City Center Station Bay D4,12.0,0.0
2024-10-30,513,North,25183,17855.0,17:44:00,17:43:52,17:44:26,1,2163,Ash Way Park & Ride Bay 4,0.0,5.0
2024-10-30,513,North,25183,17855.0,17:58:00,18:04:54,18:05:09,2,2144,Eastmont Park & Ride Bay 1,0.0,2.0
2024-10-30,513,North,25183,17855.0,,18:11:32,18:11:51,3,1765,W Casino Rd & Evergreen Way,0.0,2.0
2024-10-30,513,North,25183,17855.0,18:20:00,18:19:02,18:19:02,4,3190,Seaway Transit Center Bay 11,0.0,3.0
2024-10-30,513,North,25184,19810.0,18:07:00,18:07:53,18:07:53,0,2543,Lynnwood City Center Station Bay D4,8.0,0.0
2024-10-30,513,North,25184,19810.0,18:14:00,18:14:38,18:15:06,1,2163,Ash Way Park & Ride Bay 4,0.0,3.0
2024-10-30,513,North,25184,19810.0,18:27:00,18:33:43,18:33:59,2,2144,Eastmont Park & Ride Bay 1,0.0,1.0
2024-10-30,513,North,25184,19810.0,,18:39:33,18:39:57,3,1765,W Casino Rd & Evergreen Way,0.0,3.0
2024-10-30,513,North,25184,19810.0,18:47:00,18:47:38,18:47:38,4,3190,Seaway Transit Center Bay 11,0.0,1.0
2024-10-30,513,North,25185,17865.0,18:37:00,18:38:06,18:38:06,0,2543,Lynnwood City Center Station Bay D4,4.0,0.0
2024-10-30,513,North,25185,17865.0,18:44:00,18:44:55,18:45:23,1,2163,Ash Way Park & Ride Bay 4,1.0,2.0
2024-10-30,513,North,25185,17865.0,18:56:00,19:07:02,19:07:18,2,2144,Eastmont Park & Ride Bay 1,0.0,1.0
2024-10-30,513,North,25185,17865.0,,19:13:05,19:13:21,3,1765,W Casino Rd & Evergreen Way,0.0,1.0
2024-10-30,513,North,25185,17865.0,19:14:00,19:20:42,19:20:42,4,3190,Seaway Transit Center Bay 11,0.0,1.0
2024-10-30,513,South,25186,91707.0,05:00:00,05:00:10,05:00:10,0,3190,Seaway Transit Center Bay 11,0.0,0.0
2024-10-30,513,South,25186,91707.0,,05:05:04,05:05:33,1,394,W Casino Rd & Evergreen Way,2.0,0.0
2024-10-30,513,South,25186,91707.0,05:10:00,05:10:09,05:10:26,2,2144,Eastmont Park & Ride Bay 1,2.0,0.0
2024-10-30,513,South,25186,91707.0,05:21:00,05:20:07,05:20:29,3,2164,Ash Way Park & Ride Bay 1,2.0,0.0
2024-10-30,513,South,25186,91707.0,05:32:00,05:26:19,05:26:19,4,2114,Lynnwood City Center Station Bay D2,0.0,6.0
2024-10-30,513,South,25187,91904.0,05:30:00,05:30:38,05:30:38,0,3190,Seaway Transit Center Bay 11,0.0,0.0
2024-10-30,513,South,25187,91904.0,,05:36:10,05:36:26,1,394,W Casino Rd & Evergreen Way,0.0,0.0
2024-10-30,513,South,25187,91904.0,05:40:00,05:41:42,05:41:55,2,2144,Eastmont Park & Ride Bay 1,0.0,0.0
2024-10-30,513,South,25187,91904.0,05:52:00,05:53:07,05:53:54,3,2164,Ash Way Park & Ride Bay 1,3.0,0.0
2024-10-30,513,South,25187,91904.0,06:03:00,06:00:19,06:00:19,4,2114,Lynnwood City Center Station Bay D2,0.0,3.0
2024-10-30,513,South,25188,91504.0,06:00:00,06:00:23,06:00:23,0,3190,Seaway Transit Center Bay 11,0.0,0.0
2024-10-30,513,South,25188,91504.0,,06:06:50,06:07:09,1,394,W Casino Rd & Evergreen Way,1.0,0.0
2024-10-30,513,South,25188,91504.0,06:10:00,06:13:17,06:13:33,2,2144,Eastmont Park & Ride Bay 1,0.0,0.0
2024-10-30,513,South,25188,91504.0,06:23:00,06:27:19,06:27:53,3,2164,Ash Way Park & Ride Bay 1,10.0,0.0
2024-10-30,513,South,25188,91504.0,06:38:00,06:35:00,06:35:00,4,2114,Lynnwood City Center Station Bay D2,0.0,11.0
2024-10-30,513,South,25189,15804.0,06:30:00,06:30:07,06:30:07,0,3190,Seaway Transit Center Bay 11,0.0,0.0
2024-10-30,513,South,25189,15804.0,,06:36:42,06:36:57,1,394,W Casino Rd & Evergreen Way,1.0,0.0
2024-10-30,513,South,25189,15804.0,06:41:00,06:42:52,06:43:07,2,2144,Eastmont Park & Ride Bay 1,0.0,0.0
2024-10-30,513,South,25189,15804.0,06:54:00,06:56:13,06:56:42,3,2164,Ash Way Park & Ride Bay 1,7.0,0.0
2024-10-30,513,South,25189,15804.0,07:09:00,07:05:44,07:05:44,4,2114,Lynnwood City Center Station Bay D2,0.0,8.0
2024-10-30,513,South,25190,15812.0,07:00:00,07:00:56,07:00:56,0,3190,Seaway Transit Center Bay 11,0.0,0.0
2024-10-30,513,South,25190,15812.0,,07:07:43,07:08:07,1,394,W Casino Rd & Evergreen Way,2.0,0.0
2024-10-30,513,South,25190,15812.0,07:11:00,07:16:04,07:16:18,2,2144,Eastmont Park & Ride Bay 1,0.0,0.0
2024-10-30,513,South,25190,15812.0,07:24:00,07:35:46,07:36:37,3,2164,Ash Way Park & Ride Bay 1,10.0,1.0
2024-10-30,513,South,25190,15812.0,07:41:00,07:48:00,07:48:00,4,2114,Lynnwood City Center Station Bay D2,0.0,11.0
2024-10-30,513,South,25191,91702.0,07:30:00,07:30:51,07:30:51,0,3190,Seaway Transit Center Bay 11,0.0,0.0
2024-10-30,513,South,25191,91702.0,,07:36:15,07:36:33,1,394,W Casino Rd & Evergreen Way,1.0,0.0
2024-10-30,513,South,25191,91702.0,07:41:00,07:43:17,07:43:42,2,2144,Eastmont Park & Ride Bay 1,1.0,0.0
2024-10-30,513,South,25191,91702.0,07:54:00,07:57:24,07:58:20,3,2164,Ash Way Park & Ride Bay 1,7.0,0.0
2024-10-30,513,South,25191,91702.0,08:11:00,08:07:23,08:07:23,4,2114,Lynnwood City Center Station Bay D2,0.0,9.0
2024-10-30,513,South,25192,91716.0,08:00:00,07:59:36,07:59:36,0,3190,Seaway Transit Center Bay 11,0.0,0.0
2024-10-30,513,South,25192,91716.0,,08:06:15,08:06:15,1,394,W Casino Rd & Evergreen Way,0.0,0.0
2024-10-30,513,South,25192,91716.0,08:11:00,08:12:24,08:12:38,2,2144,Eastmont Park & Ride Bay 1,1.0,0.0
2024-10-30,513,South,25192,91716.0,08:24:00,08:24:11,08:25:07,3,2164,Ash Way Park & Ride Bay 1,3.0,0.0
2024-10-30,513,South,25192,91716.0,08:37:00,08:32:53,08:32:53,4,2114,Lynnwood City Center Station Bay D2,0.0,4.0
2024-10-30,513,South,25193,17852.0,08:30:00,08:31:37,08:31:37,0,3190,Seaway Transit Center Bay 11,0.0,0.0
2024-10-30,513,South,25193,17852.0,,08:37:45,08:38:19,1,394,W Casino Rd & Evergreen Way,2.0,0.0
2024-10-30,513,South,25193,17852.0,08:41:00,08:43:27,08:43:39,2,2144,Eastmont Park & Ride Bay 1,0.0,0.0
2024-10-30,513,South,25193,17852.0,08:54:00,08:55:33,08:57:02,3,2164,Ash Way Park & Ride Bay 1,5.0,0.0
2024-10-30,513,South,25193,17852.0,09:07:00,09:03:54,09:03:54,4,2114,Lynnwood City Center Station Bay D2,0.0,7.0
2024-10-31,513,North,25178,91712.0,15:07:00,15:07:16,15:07:16,0,2543,Lynnwood City Center Station Bay D4,3.0,0.0
2024-10-31,513,North,25178,91712.0,15:14:00,15:13:03,15:13:35,1,2163,Ash Way Park & Ride Bay 4,1.0,1.0
2024-10-31,513,North,25178,91712.0,15:26:00,15:32:34,15:32:48,2,2144,Eastmont Park & Ride Bay 1,0.0,0.0
2024-10-31,513,North,25178,91712.0,,15:38:35,15:38:50,3,1765,W Casino Rd & Evergreen Way,0.0,3.0
2024-10-31,513,North,25178,91712.0,15:48:00,15:46:58,15:46:58,4,3190,Seaway Transit Center Bay 11,0.0,0.0
2024-10-31,513,North,25179,19820.0,15:37:00,15:37:53,15:37:53,0,2543,Lynnwood City Center Station Bay D4,6.0,0.0
2024-10-31,513,North,25179,19820.0,15:44:00,15:46:25,15:46:48,1,2163,Ash Way Park & Ride Bay 4,0.0,6.0
2024-10-31,513,North,25179,19820.0,15:57:00,16:03:04,16:03:27,2,2144,Eastmont Park & Ride Bay 1,1.0,1.0
2024-10-31,513,North,25179,19820.0,,16:12:37,16:12:51,3,1765,W Casino Rd & Evergreen Way,0.0,0.0
2024-10-31,513,North,25179,19820.0,16:19:00,16:21:36,16:21:36,4,3190,Seaway Transit Center Bay 11,0.0,0.0
2024-10-31,513,North,25180,91731.0,16:07:00,16:07:54,16:07:54,0,2543,Lynnwood City Center Station Bay D4,2.0,0.0
2024-10-31,513,North,25180,91731.0,16:14:00,16:14:38,16:14:52,1,2163,Ash Way Park & Ride Bay 4,0.0,2.0
2024-10-31,513,North,25180,91731.0,16:28:00,16:32:40,16:32:55,2,2144,Eastmont Park & Ride Bay 1,0.0,0.0
2024-10-31,513,North,25180,91731.0,,16:38:44,16:38:44,3,1765,W Casino Rd & Evergreen Way,0.0,0.0
2024-10-31,513,North,25180,91731.0,16:50:00,16:48:53,16:48:53,4,3190,Seaway Transit Center Bay 11,0.0,0.0
2024-10-31,513,North,25181,19811.0,16:37:00,16:42:30,16:42:30,0,2543,Lynnwood City Center Station Bay D4,14.0,0.0
2024-10-31,513,North,25181,19811.0,16:44:00,16:50:23,16:50:52,1,2163,Ash Way Park & Ride Bay 4,0.0,10.0
2024-10-31,513,North,25181,19811.0,16:58:00,17:11:24,17:11:45,2,2144,Eastmont Park & Ride Bay 1,1.0,1.0
2024-10-31,513,North,25181,19811.0,,17:18:17,17:18:38,3,1765,W Casino Rd & Evergreen Way,0.0,3.0
2024-10-31,513,North,25181,19811.0,17:20:00,17:26:03,17:26:03,4,3190,Seaway Transit Center Bay 11,0.0,1.0
2024-10-31,513,North,25182,19812.0,17:07:00,17:07:05,17:07:05,0,2543,Lynnwood City Center Station Bay D4,0.0,0.0
2024-10-31,513,North,25182,19812.0,17:14:00,17:15:38,17:16:42,1,2163,Ash Way Park & Ride Bay 4,0.0,0.0
2024-10-31,513,North,25182,19812.0,17:28:00,17:43:43,17:43:43,2,2144,Eastmont Park & Ride Bay 1,0.0,0.0
2024-10-31,513,North,25182,19812.0,,17:50:24,17:50:24,3,1765,W Casino Rd & Evergreen Way,0.0,0.0
2024-10-31,513,North,25182,19812.0,17:50:00,17:56:59,17:56:59,4,3190,Seaway Transit Center Bay 11,0.0,0.0
2024-10-31,513,North,25183,17856.0,17:37:00,17:37:37,17:37:37,0,2543,Lynnwood City Center Station Bay D4,5.0,0.0
2024-10-31,513,North,25183,17856.0,17:44:00,17:43:45,17:44:06,1,2163,Ash Way Park & Ride Bay 4,0.0,4.0
2024-10-31,513,North,25183,17856.0,17:58:00,18:07:25,18:07:34,2,2144,Eastmont Park & Ride Bay 1,0.0,0.0
2024-10-31,513,North,25183,17856.0,,18:13:24,18:13:44,3,1765,W Casino Rd & Evergreen Way,0.0,1.0
2024-10-31,513,North,25183,17856.0,18:20:00,18:20:50,18:20:50,4,3190,Seaway Transit Center Bay 11,0.0,0.0
2024-10-31,513,North,25184,91705.0,18:07:00,18:07:23,18:07:23,0,2543,Lynnwood City Center Station Bay D4,11.0,0.0
2024-10-31,513,North,25184,91705.0,18:14:00,18:15:10,18:15:44,1,2163,Ash Way Park & Ride Bay 4,1.0,9.0
2024-10-31,513,North,25184,91705.0,18:27:00,18:38:28,18:38:41,2,2144,Eastmont Park & Ride Bay 1,0.0,0.0
2024-10-31,513,North,25184,91705.0,,18:45:04,18:45:24,3,1765,W Casino Rd & Evergreen Way,0.0,3.0
2024-10-31,513,North,25184,91705.0,18:47:00,18:52:43,18:52:43,4,3190,Seaway Transit Center Bay 11,0.0,0.0
2024-10-31,513,North,25185,17858.0,18:37:00,18:46:00,18:46:00,0,2543,Lynnwood City Center Station Bay D4,3.0,0.0
2024-10-31,513,North,25185,17858.0,18:44:00,18:53:45,18:54:20,1,2163,Ash Way Park & Ride Bay 4,3.0,0.0
2024-10-31,513,North,25185,17858.0,18:56:00,19:14:05,19:14:26,2,2144,Eastmont Park & Ride Bay 1,0.0,2.0
2024-10-31,513,North,25185,17858.0,,19:21:51,19:22:48,3,1765,W Casino Rd & Evergreen Way,1.0,5.0
2024-10-31,513,North,25185,17858.0,19:14:00,19:33:02,19:33:02,4,3190,Seaway Transit Center Bay 11,0.0,0.0
2024-10-31,513,South,25186,91902.0,05:00:00,05:00:13,05:00:13,0,3190,Seaway Transit Center Bay 11,0.0,0.0
2024-10-31,513,South,25186,91902.0,,05:04:26,05:04:50,1,394,W Casino Rd & Evergreen Way,2.0,0.0
2024-10-31,513,South,25186,91902.0,05:10:00,05:09:21,05:09:45,2,2144,Eastmont Park & Ride Bay 1,2.0,0.0
2024-10-31,513,South,25186,91902.0,05:21:00,05:20:02,05:20:35,3,2164,Ash Way Park & Ride Bay 1,3.0,0.0
2024-10-31,513,South,25186,91902.0,05:32:00,05:27:01,05:27:01,4,2114,Lynnwood City Center Station Bay D2,0.0,7.0
2024-10-31,513,South,25187,91715.0,05:30:00,05:30:29,05:30:29,0,3190,Seaway Transit Center Bay 11,0.0,0.0
2024-10-31,513,South,25187,91715.0,,05:37:03,05:37:21,1,394,W Casino Rd & Evergreen Way,0.0,0.0
2024-10-31,513,South,25187,91715.0,05:40:00,05:43:43,05:43:53,2,2144,Eastmont Park & Ride Bay 1,0.0,0.0
2024-10-31,513,South,25187,91715.0,05:52:00,05:55:41,05:56:25,3,2164,Ash Way Park & Ride Bay 1,0.0,0.0
2024-10-31,513,South,25187,91715.0,06:03:00,06:03:09,06:03:09,4,2114,Lynnwood City Center Station Bay D2,0.0,0.0
2024-10-31,513,South,25188,91908.0,06:00:00,06:00:34,06:00:34,0,3190,Seaway Transit Center Bay 11,1.0,0.0
2024-10-31,513,South,25188,91908.0,,06:07:00,06:07:18,1,394,W Casino Rd & Evergreen Way,1.0,0.0
2024-10-31,513,South,25188,91908.0,06:10:00,06:12:39,06:12:58,2,2144,Eastmont Park & Ride Bay 1,0.0,0.0
2024-10-31,513,South,25188,91908.0,06:23:00,06:25:10,06:25:27,3,2164,Ash Way Park & Ride Bay 1,1.0,0.0
2024-10-31,513,South,25188,91908.0,06:38:00,06:56:59,06:56:59,4,2114,Lynnwood City Center Station Bay D2,0.0,3.0
2024-10-31,513,South,25189,17858.0,06:30:00,06:30:09,06:30:09,0,3190,Seaway Transit Center Bay 11,0.0,0.0
2024-10-31,513,South,25189,17858.0,,06:35:13,06:35:27,1,394,W Casino Rd & Evergreen Way,1.0,0.0
2024-10-31,513,South,25189,17858.0,06:41:00,06:42:45,06:43:09,2,2144,Eastmont Park & Ride Bay 1,2.0,0.0
2024-10-31,513,South,25189,17858.0,06:54:00,06:54:36,06:55:01,3,2164,Ash Way Park & Ride Bay 1,2.0,0.0
2024-10-31,513,South,25189,17858.0,07:09:00,07:01:37,07:01:37,4,2114,Lynnwood City Center Station Bay D2,0.0,5.0
2024-10-31,513,South,25190,19853.0,07:00:00,07:00:36,07:00:36,0,3190,Seaway Transit Center Bay 11,0.0,0.0
2024-10-31,513,South,25190,19853.0,,07:06:50,07:07:28,1,394,W Casino Rd & Evergreen Way,1.0,0.0
2024-10-31,513,South,25190,19853.0,07:11:00,07:15:10,07:15:22,2,2144,Eastmont Park & Ride Bay 1,0.0,0.0
2024-10-31,513,South,25190,19853.0,07:24:00,07:29:49,07:31:20,3,2164,Ash Way Park & Ride Bay 1,8.0,1.0
2024-10-31,513,South,25190,19853.0,07:41:00,07:39:17,07:39:17,4,2114,Lynnwood City Center Station Bay D2,0.0,8.0
2024-10-31,513,South,25191,19851.0,07:30:00,07:30:21,07:30:21,0,3190,Seaway Transit Center Bay 11,0.0,0.0
2024-10-31,513,South,25191,19851.0,,07:36:10,07:36:28,1,394,W Casino Rd & Evergreen Way,1.0,0.0
2024-10-31,513,South,25191,19851.0,07:41:00,07:41:44,07:41:53,2,2144,Eastmont Park & Ride Bay 1,0.0,0.0
2024-10-31,513,South,25191,19851.0,07:54:00,07:56:49,07:57:26,3,2164,Ash Way Park & Ride Bay 1,8.0,0.0
2024-10-31,513,South,25191,19851.0,08:11:00,08:04:26,08:04:26,4,2114,Lynnwood City Center Station Bay D2,0.0,9.0
2024-10-31,513,South,25192,91503.0,08:00:00,08:00:43,08:00:43,0,3190,Seaway Transit Center Bay 11,0.0,0.0
2024-10-31,513,South,25192,91503.0,,08:05:11,08:05:11,1,394,W Casino Rd & Evergreen Way,0.0,0.0
2024-10-31,513,South,25192,91503.0,08:11:00,08:12:05,08:12:17,2,2144,Eastmont Park & Ride Bay 1,0.0,0.0
2024-10-31,513,South,25192,91503.0,08:24:00,08:24:12,08:24:31,3,2164,Ash Way Park & Ride Bay 1,3.0,0.0
2024-10-31,513,South,25192,91503.0,08:37:00,08:31:27,08:31:27,4,2114,Lynnwood City Center Station Bay D2,0.0,3.0
2024-10-31,513,South,25193,91702.0,08:30:00,08:30:31,08:30:31,0,3190,Seaway Transit Center Bay 11,1.0,0.0
2024-10-31,513,South,25193,91702.0,,08:37:15,08:37:45,1,394,W Casino Rd & Evergreen Way,2.0,0.0
2024-10-31,513,South,25193,91702.0,08:41:00,08:44:12,08:44:30,2,2144,Eastmont Park & Ride Bay 1,0.0,0.0
2024-10-31,513,South,25193,91702.0,08:54:00,08:55:40,08:56:16,3,2164,Ash Way Park & Ride Bay 1,1.0,0.0
2024-10-31,513,South,25193,91702.0,09:07:00,09:02:22,09:02:22,4,2114,Lynnwood City Center Station Bay D2,0.0,4.0
