OPERATION_DATE,ROUTE_ID,DIRECTION,TRIP_ID,VEHICLE_ID,SCHED_DEPTIME,ACT_ARRTIME,ACT_DEPTIME,STOP_ORDER_NBR,STOP_ID,STOP,BOARDINGS,ALIGHTINGS
2023-10-02,107,North,21113,19104.0,06:06:00,06:06:05,06:06:05,0,2111,Lynnwood Transit Center Bay C3,7.0,0.0
2023-10-02,107,North,21113,19104.0,,06:09:20,06:09:20,1,250,Alderwood Mall Blvd & 44th Ave W,0.0,0.0
2023-10-02,107,North,21113,19104.0,,06:09:33,06:09:33,2,262,Alderwood Mall Blvd & 40th Ave W,0.0,0.0
2023-10-02,107,North,21113,19104.0,,06:10:32,06:10:32,3,371,Alderwood Mall Blvd & 33rd Ave W,0.0,0.0
2023-10-02,107,North,21113,19104.0,,06:11:15,06:11:15,4,370,Alderwood Mall Blvd & 28th Ave W,0.0,0.0
2023-10-02,107,North,21113,19104.0,,06:12:08,06:12:08,5,814,Alderwood Mall Pkwy & Beech Rd,0.0,0.0
2023-10-02,107,North,21113,19104.0,06:11:00,06:12:34,06:12:48,6,2431,Alderwood Mall Pkwy & 184th St SW,1.0,0.0
2023-10-02,107,North,21113,19104.0,,06:13:53,06:13:53,7,2432,Alderwood Mall Pkwy & Maple Rd,0.0,0.0
2023-10-02,107,North,21113,19104.0,,06:18:31,06:18:44,8,970,Hwy 525 & Lincoln Way,1.0,0.0
2023-10-02,107,North,21113,19104.0,06:18:00,06:20:46,06:20:46,9,966,Hwy 525 & Beverly Park Rd,0.0,0.0
2023-10-02,107,North,21113,19104.0,,06:21:48,06:21:57,10,969,Hwy 525 & Harbour Pointe Blvd SW,0.0,1.0
2023-10-02,107,North,21113,19104.0,,06:23:04,06:23:04,11,974,Hwy 525 & Chennault Beach Rd,0.0,0.0
2023-10-02,107,North,21113,19104.0,,06:23:51,06:24:02,12,975,Hwy 525 & Harbour Pointe Blvd,0.0,2.0
2023-10-02,107,North,21113,19104.0,06:23:00,06:25:33,06:25:33,13,965,Hwy 525 & 92nd St SW,0.0,0.0
2023-10-02,107,North,21113,19104.0,,06:26:38,06:26:51,14,3198,84th St SW & SR 525,0.0,1.0
2023-10-02,107,North,21113,19104.0,,06:27:44,06:27:44,15,2485,84th St SW & 44th Ave W,0.0,0.0
2023-10-02,107,North,21113,19104.0,06:33:00,06:32:41,06:32:41,16,3199,Seaway Transit Center,0.0,5.0
2023-10-02,107,North,21114,21805.0,06:41:00,06:41:39,06:41:39,0,2111,Lynnwood Transit Center Bay C3,3.0,0.0
2023-10-02,107,North,21114,21805.0,,06:46:23,06:46:23,1,250,Alderwood Mall Blvd & 44th Ave W,0.0,0.0
2023-10-02,107,North,21114,21805.0,,06:46:59,06:46:59,2,262,Alderwood Mall Blvd & 40th Ave W,0.0,0.0
2023-10-02,107,North,21114,21805.0,,06:48:06,06:48:06,3,371,Alderwood Mall Blvd & 33rd Ave W,0.0,0.0
2023-10-02,107,North,21114,21805.0,,06:48:58,06:49:14,4,370,Alderwood Mall Blvd & 28th Ave W,0.0,0.0
2023-10-02,107,North,21114,21805.0,,06:50:45,06:50:45,5,814,Alderwood Mall Pkwy & Beech Rd,0.0,0.0
2023-10-02,107,North,21114,21805.0,06:46:00,06:51:27,06:51:27,6,2431,Alderwood Mall Pkwy & 184th St SW,0.0,0.0
2023-10-02,107,North,21114,21805.0,,06:53:02,06:53:02,7,2432,Alderwood Mall Pkwy & Maple Rd,0.0,0.0
2023-10-02,107,North,21114,21805.0,,06:57:42,06:57:42,8,970,Hwy 525 & Lincoln Way,0.0,0.0
2023-10-02,107,North,21114,21805.0,06:53:00,06:59:18,06:59:18,9,966,Hwy 525 & Beverly Park Rd,0.0,0.0
2023-10-02,107,North,21114,21805.0,,07:01:02,07:01:28,10,969,Hwy 525 & Harbour Pointe Blvd SW,1.0,1.0
2023-10-02,107,North,21114,21805.0,,07:02:57,07:02:57,11,974,Hwy 525 & Chennault Beach Rd,0.0,0.0
2023-10-02,107,North,21114,21805.0,,07:03:48,07:03:48,12,975,Hwy 525 & Harbour Pointe Blvd,0.0,0.0
2023-10-02,107,North,21114,21805.0,06:58:00,07:06:08,07:06:08,13,965,Hwy 525 & 92nd St SW,0.0,0.0
2023-10-02,107,North,21114,21805.0,,07:07:40,07:07:40,14,3198,84th St SW & SR 525,0.0,0.0
2023-10-02,107,North,21114,21805.0,,07:08:45,07:08:45,15,2485,84th St SW & 44th Ave W,0.0,0.0
2023-10-02,107,North,21114,21805.0,07:09:00,07:12:39,07:12:39,16,3199,Seaway Transit Center,0.0,3.0
2023-10-02,107,South,21115,17803.0,15:50:00,15:49:44,15:49:44,0,3185,Seaway Transit Center Bay 1,4.0,0.0
2023-10-02,107,South,21115,17803.0,,15:55:35,15:55:53,1,2486,84th St SW & 44th Ave W,1.0,0.0
2023-10-02,107,South,21115,17803.0,,15:56:47,15:56:47,2,1457,Hwy 525 & 84th St SW,0.0,0.0
2023-10-02,107,South,21115,17803.0,,15:57:17,15:57:17,3,1458,Hwy 525 & 88th St SW,0.0,0.0
2023-10-02,107,South,21115,17803.0,15:58:00,15:57:53,15:57:53,4,1459,Hwy 525 & 92nd St SW,0.0,0.0
2023-10-02,107,South,21115,17803.0,,15:59:53,16:00:10,5,1466,Hwy 525 & Harbour Pointe Blvd,2.0,0.0
2023-10-02,107,South,21115,17803.0,,16:01:04,16:01:25,6,1461,Hwy 525 & Chennault Beach Rd,1.0,0.0
2023-10-02,107,South,21115,17803.0,,16:01:54,16:01:54,7,1464,Hwy 525 & Russell Rd,0.0,0.0
2023-10-02,107,South,21115,17803.0,,16:04:18,16:04:18,8,1462,Hwy 525 & Harbour Pointe Blvd SW,0.0,0.0
2023-10-02,107,South,21115,17803.0,16:06:00,16:05:40,16:05:40,9,1460,Hwy 525 & Beverly Park Rd,0.0,0.0
2023-10-02,107,South,21115,17803.0,,16:06:44,16:06:44,10,1467,Hwy 525 & Lincoln Way,0.0,0.0
2023-10-02,107,South,21115,17803.0,,16:13:33,16:13:44,11,2433,Alderwood Mall Pkwy & 182nd St SW,0.0,1.0
2023-10-02,107,South,21115,17803.0,16:14:00,16:14:54,16:15:09,12,1303,Alderwood Mall Pkwy & 184th St SW,0.0,4.0
2023-10-02,107,South,21115,17803.0,,16:15:35,16:15:35,13,1305,Alderwood Mall Pkwy & Beech Rd,0.0,0.0
2023-10-02,107,South,21115,17803.0,,16:16:09,16:16:09,14,1742,Alderwood Mall Blvd & 28th Ave W,0.0,0.0
2023-10-02,107,South,21115,17803.0,,16:16:59,16:16:59,15,1743,Alderwood Mall Blvd & 33rd Ave W,0.0,0.0
2023-10-02,107,South,21115,17803.0,,16:18:46,16:18:58,16,1635,Alderwood Mall Blvd & 40th Ave W,0.0,1.0
2023-10-02,107,South,21115,17803.0,16:27:00,16:22:14,16:22:14,17,2035,Lynnwood Transit Center,0.0,2.0
2023-10-02,107,South,21116,19116.0,16:20:00,,,0,3185,Seaway Transit Center Bay 1,,
2023-10-02,107,South,21116,19116.0,,,,1,2486,84th St SW & 44th Ave W,,
2023-10-02,107,South,21116,19116.0,,,,2,1457,Hwy 525 & 84th St SW,,
2023-10-02,107,South,21116,19116.0,,,,3,1458,Hwy 525 & 88th St SW,,
2023-10-02,107,South,21116,19116.0,16:27:00,,,4,1459,Hwy 525 & 92nd St SW,,
2023-10-02,107,South,21116,19116.0,,,,5,1466,Hwy 525 & Harbour Pointe Blvd,,
2023-10-02,107,South,21116,19116.0,,,,6,1461,Hwy 525 & Chennault Beach Rd,,
2023-10-02,107,South,21116,19116.0,,,,7,1464,Hwy 525 & Russell Rd,,
2023-10-02,107,South,21116,19116.0,,,,8,1462,Hwy 525 & Harbour Pointe Blvd SW,,
2023-10-02,107,South,21116,19116.0,16:34:00,,,9,1460,Hwy 525 & Beverly Park Rd,,
2023-10-02,107,South,21116,19116.0,,,,10,1467,Hwy 525 & Lincoln Way,,
2023-10-02,107,South,21116,19116.0,,,,11,2433,Alderwood Mall Pkwy & 182nd St SW,,
2023-10-02,107,South,21116,19116.0,16:42:00,,,12,1303,Alderwood Mall Pkwy & 184th St SW,,
2023-10-02,107,South,21116,19116.0,,,,13,1305,Alderwood Mall Pkwy & Beech Rd,,
2023-10-02,107,South,21116,19116.0,,,,14,1742,Alderwood Mall Blvd & 28th Ave W,,
2023-10-02,107,South,21116,19116.0,,,,15,1743,Alderwood Mall Blvd & 33rd Ave W,,
2023-10-02,107,South,21116,19116.0,,,,16,1635,Alderwood Mall Blvd & 40th Ave W,,
2023-10-02,107,South,21116,19116.0,16:54:00,,,17,2035,Lynnwood Transit Center,,
2023-10-03,107,North,21113,19112.0,06:06:00,06:06:05,06:06:05,0,2111,Lynnwood Transit Center Bay C3,5.0,0.0
2023-10-03,107,North,21113,19112.0,,06:10:17,06:10:17,1,250,Alderwood Mall Blvd & 44th Ave W,0.0,0.0
2023-10-03,107,North,21113,19112.0,,06:10:31,06:10:31,2,262,Alderwood Mall Blvd & 40th Ave W,0.0,0.0
2023-10-03,107,North,21113,19112.0,,06:11:32,06:11:32,3,371,Alderwood Mall Blvd & 33rd Ave W,0.0,0.0
2023-10-03,107,North,21113,19112.0,,06:12:14,06:12:14,4,370,Alderwood Mall Blvd & 28th Ave W,0.0,0.0
2023-10-03,107,North,21113,19112.0,,06:12:57,06:12:57,5,814,Alderwood Mall Pkwy & Beech Rd,0.0,0.0
2023-10-03,107,North,21113,19112.0,06:11:00,06:13:25,06:13:37,6,2431,Alderwood Mall Pkwy & 184th St SW,1.0,0.0
2023-10-03,107,North,21113,19112.0,,06:14:58,06:14:58,7,2432,Alderwood Mall Pkwy & Maple Rd,0.0,0.0
2023-10-03,107,North,21113,19112.0,,06:19:18,06:19:18,8,970,Hwy 525 & Lincoln Way,0.0,0.0
2023-10-03,107,North,21113,19112.0,06:18:00,06:20:25,06:20:25,9,966,Hwy 525 & Beverly Park Rd,0.0,0.0
2023-10-03,107,North,21113,19112.0,,06:21:43,06:21:54,10,969,Hwy 525 & Harbour Pointe Blvd SW,0.0,0.0
2023-10-03,107,North,21113,19112.0,,06:23:29,06:23:29,11,974,Hwy 525 & Chennault Beach Rd,0.0,0.0
2023-10-03,107,North,21113,19112.0,,06:24:17,06:24:36,12,975,Hwy 525 & Harbour Pointe Blvd,0.0,1.0
2023-10-03,107,North,21113,19112.0,06:23:00,06:26:15,06:26:15,13,965,Hwy 525 & 92nd St SW,0.0,0.0
2023-10-03,107,North,21113,19112.0,,06:27:23,06:27:35,14,3198,84th St SW & SR 525,0.0,1.0
2023-10-03,107,North,21113,19112.0,,06:28:46,06:29:01,15,2485,84th St SW & 44th Ave W,1.0,0.0
2023-10-03,107,North,21113,19112.0,06:33:00,06:33:02,06:33:02,16,3199,Seaway Transit Center,0.0,5.0
2023-10-03,107,North,21114,19802.0,06:41:00,06:41:40,06:41:40,0,2111,Lynnwood Transit Center Bay C3,1.0,0.0
2023-10-03,107,North,21114,19802.0,,06:47:37,06:47:37,1,250,Alderwood Mall Blvd & 44th Ave W,0.0,0.0
2023-10-03,107,North,21114,19802.0,,06:48:06,06:48:06,2,262,Alderwood Mall Blvd & 40th Ave W,0.0,0.0
2023-10-03,107,North,21114,19802.0,,06:49:23,06:49:23,3,371,Alderwood Mall Blvd & 33rd Ave W,0.0,0.0
2023-10-03,107,North,21114,19802.0,,06:50:07,06:50:07,4,370,Alderwood Mall Blvd & 28th Ave W,0.0,0.0
2023-10-03,107,North,21114,19802.0,,06:50:49,06:51:12,5,814,Alderwood Mall Pkwy & Beech Rd,2.0,0.0
2023-10-03,107,North,21114,19802.0,06:46:00,06:51:50,06:51:50,6,2431,Alderwood Mall Pkwy & 184th St SW,0.0,0.0
2023-10-03,107,North,21114,19802.0,,06:53:51,06:53:51,7,2432,Alderwood Mall Pkwy & Maple Rd,0.0,0.0
2023-10-03,107,North,21114,19802.0,,06:58:02,06:58:19,8,970,Hwy 525 & Lincoln Way,1.0,0.0
2023-10-03,107,North,21114,19802.0,06:53:00,07:00:26,07:00:53,9,966,Hwy 525 & Beverly Park Rd,2.0,0.0
2023-10-03,107,North,21114,19802.0,,07:01:51,07:02:04,10,969,Hwy 525 & Harbour Pointe Blvd SW,1.0,1.0
2023-10-03,107,North,21114,19802.0,,07:03:07,07:03:07,11,974,Hwy 525 & Chennault Beach Rd,0.0,0.0
2023-10-03,107,North,21114,19802.0,,07:03:48,07:03:58,12,975,Hwy 525 & Harbour Pointe Blvd,0.0,1.0
2023-10-03,107,North,21114,19802.0,06:58:00,07:05:35,07:05:35,13,965,Hwy 525 & 92nd St SW,0.0,0.0
2023-10-03,107,North,21114,19802.0,,07:06:39,07:06:39,14,3198,84th St SW & SR 525,0.0,0.0
2023-10-03,107,North,21114,19802.0,,07:07:35,07:07:55,15,2485,84th St SW & 44th Ave W,0.0,2.0
2023-10-03,107,North,21114,19802.0,07:09:00,07:11:22,07:11:22,16,3199,Seaway Transit Center,0.0,3.0
2023-10-03,107,South,21115,22805.0,15:50:00,15:50:54,15:50:54,0,3185,Seaway Transit Center Bay 1,8.0,0.0
2023-10-03,107,South,21115,22805.0,,15:58:34,15:59:00,1,2486,84th St SW & 44th Ave W,1.0,0.0
2023-10-03,107,South,21115,22805.0,,16:00:10,16:00:10,2,1457,Hwy 525 & 84th St SW,0.0,0.0
2023-10-03,107,South,21115,22805.0,,16:00:40,16:00:53,3,1458,Hwy 525 & 88th St SW,1.0,0.0
2023-10-03,107,South,21115,22805.0,15:58:00,16:01:28,16:01:28,4,1459,Hwy 525 & 92nd St SW,0.0,0.0
2023-10-03,107,South,21115,22805.0,,16:04:56,16:05:17,5,1466,Hwy 525 & Harbour Pointe Blvd,1.0,0.0
2023-10-03,107,South,21115,22805.0,,16:07:02,16:07:23,6,1461,Hwy 525 & Chennault Beach Rd,0.0,1.0
2023-10-03,107,South,21115,22805.0,,16:07:51,16:07:51,7,1464,Hwy 525 & Russell Rd,0.0,0.0
2023-10-03,107,South,21115,22805.0,,16:10:17,16:10:37,8,1462,Hwy 525 & Harbour Pointe Blvd SW,1.0,0.0
2023-10-03,107,South,21115,22805.0,16:06:00,16:13:13,16:13:35,9,1460,Hwy 525 & Beverly Park Rd,2.0,0.0
2023-10-03,107,South,21115,22805.0,,16:15:11,16:15:22,10,1467,Hwy 525 & Lincoln Way,0.0,1.0
2023-10-03,107,South,21115,22805.0,,16:20:24,16:20:35,11,2433,Alderwood Mall Pkwy & 182nd St SW,0.0,1.0
2023-10-03,107,South,21115,22805.0,16:14:00,16:22:21,16:22:37,12,1303,Alderwood Mall Pkwy & 184th St SW,0.0,3.0
2023-10-03,107,South,21115,22805.0,,16:23:14,16:23:24,13,1305,Alderwood Mall Pkwy & Beech Rd,0.0,1.0
2023-10-03,107,South,21115,22805.0,,16:24:02,16:24:02,14,1742,Alderwood Mall Blvd & 28th Ave W,0.0,0.0
2023-10-03,107,South,21115,22805.0,,16:24:45,16:24:45,15,1743,Alderwood Mall Blvd & 33rd Ave W,0.0,0.0
2023-10-03,107,South,21115,22805.0,,16:25:58,16:25:58,16,1635,Alderwood Mall Blvd & 40th Ave W,0.0,0.0
2023-10-03,107,South,21115,22805.0,16:27:00,16:29:55,16:29:55,17,2035,Lynnwood Transit Center,0.0,7.0
2023-10-03,107,South,21116,17125.0,16:20:00,16:20:10,16:20:10,0,3185,Seaway Transit Center Bay 1,0.0,0.0
2023-10-03,107,South,21116,17125.0,,16:26:38,16:26:38,1,2486,84th St SW & 44th Ave W,0.0,0.0
2023-10-03,107,South,21116,17125.0,,16:27:34,16:27:44,2,1457,Hwy 525 & 84th St SW,1.0,0.0
2023-10-03,107,South,21116,17125.0,,16:28:13,16:28:13,3,1458,Hwy 525 & 88th St SW,0.0,0.0
2023-10-03,107,South,21116,17125.0,16:27:00,16:29:07,16:29:07,4,1459,Hwy 525 & 92nd St SW,0.0,0.0
2023-10-03,107,South,21116,17125.0,,16:32:12,16:32:21,5,1466,Hwy 525 & Harbour Pointe Blvd,0.0,1.0
2023-10-03,107,South,21116,17125.0,,16:33:39,16:33:39,6,1461,Hwy 525 & Chennault Beach Rd,0.0,0.0
2023-10-03,107,South,21116,17125.0,,16:34:05,16:34:05,7,1464,Hwy 525 & Russell Rd,0.0,0.0
2023-10-03,107,South,21116,17125.0,,16:36:32,16:36:56,8,1462,Hwy 525 & Harbour Pointe Blvd SW,1.0,0.0
2023-10-03,107,South,21116,17125.0,16:34:00,16:38:14,16:38:27,9,1460,Hwy 525 & Beverly Park Rd,2.0,0.0
2023-10-03,107,South,21116,17125.0,,16:40:18,16:40:18,10,1467,Hwy 525 & Lincoln Way,0.0,0.0
2023-10-03,107,South,21116,17125.0,,16:44:53,16:44:53,11,2433,Alderwood Mall Pkwy & 182nd St SW,0.0,0.0
2023-10-03,107,South,21116,17125.0,16:42:00,16:46:38,16:46:56,12,1303,Alderwood Mall Pkwy & 184th St SW,2.0,1.0
2023-10-03,107,South,21116,17125.0,,16:47:19,16:47:19,13,1305,Alderwood Mall Pkwy & Beech Rd,0.0,0.0
2023-10-03,107,South,21116,17125.0,,16:48:30,16:48:45,14,1742,Alderwood Mall Blvd & 28th Ave W,1.0,0.0
2023-10-03,107,South,21116,17125.0,,16:49:36,16:49:43,15,1743,Alderwood Mall Blvd & 33rd Ave W,0.0,1.0
2023-10-03,107,South,21116,17125.0,,16:51:05,16:51:26,16,1635,Alderwood Mall Blvd & 40th Ave W,0.0,1.0
2023-10-03,107,South,21116,17125.0,16:54:00,16:56:39,16:56:39,17,2035,Lynnwood Transit Center,0.0,3.0
2023-10-04,107,North,21113,11108.0,06:06:00,06:06:04,06:06:04,0,2111,Lynnwood Transit Center Bay C3,7.0,0.0
2023-10-04,107,North,21113,11108.0,,06:08:24,06:08:24,1,250,Alderwood Mall Blvd & 44th Ave W,0.0,0.0
2023-10-04,107,North,21113,11108.0,,06:08:37,06:08:37,2,262,Alderwood Mall Blvd & 40th Ave W,0.0,0.0
2023-10-04,107,North,21113,11108.0,,06:09:33,06:09:33,3,371,Alderwood Mall Blvd & 33rd Ave W,0.0,0.0
2023-10-04,107,North,21113,11108.0,,06:10:15,06:10:15,4,370,Alderwood Mall Blvd & 28th Ave W,0.0,0.0
2023-10-04,107,North,21113,11108.0,,06:10:53,06:11:06,5,814,Alderwood Mall Pkwy & Beech Rd,0.0,0.0
2023-10-04,107,North,21113,11108.0,06:11:00,06:11:41,06:11:41,6,2431,Alderwood Mall Pkwy & 184th St SW,0.0,0.0
2023-10-04,107,North,21113,11108.0,,06:12:48,06:12:48,7,2432,Alderwood Mall Pkwy & Maple Rd,0.0,0.0
2023-10-04,107,North,21113,11108.0,,06:16:38,06:16:48,8,970,Hwy 525 & Lincoln Way,1.0,0.0
2023-10-04,107,North,21113,11108.0,06:18:00,06:18:02,06:18:02,9,966,Hwy 525 & Beverly Park Rd,0.0,0.0
2023-10-04,107,North,21113,11108.0,,06:19:01,06:19:12,10,969,Hwy 525 & Harbour Pointe Blvd SW,0.0,2.0
2023-10-04,107,North,21113,11108.0,,06:20:23,06:20:23,11,974,Hwy 525 & Chennault Beach Rd,0.0,0.0
2023-10-04,107,North,21113,11108.0,,06:21:19,06:21:33,12,975,Hwy 525 & Harbour Pointe Blvd,0.0,1.0
2023-10-04,107,North,21113,11108.0,06:23:00,06:22:52,06:22:52,13,965,Hwy 525 & 92nd St SW,0.0,0.0
2023-10-04,107,North,21113,11108.0,,06:23:58,06:24:09,14,3198,84th St SW & SR 525,0.0,2.0
2023-10-04,107,North,21113,11108.0,,06:25:02,06:25:02,15,2485,84th St SW & 44th Ave W,0.0,0.0
2023-10-04,107,North,21113,11108.0,06:33:00,06:28:59,06:28:59,16,3199,Seaway Transit Center,0.0,3.0
2023-10-04,107,North,21114,17813.0,06:41:00,06:42:39,06:42:39,0,2111,Lynnwood Transit Center Bay C3,4.0,0.0
2023-10-04,107,North,21114,17813.0,,06:45:04,06:45:04,1,250,Alderwood Mall Blvd & 44th Ave W,0.0,0.0
2023-10-04,107,North,21114,17813.0,,06:45:19,06:45:19,2,262,Alderwood Mall Blvd & 40th Ave W,0.0,0.0
2023-10-04,107,North,21114,17813.0,,06:46:35,06:46:35,3,371,Alderwood Mall Blvd & 33rd Ave W,0.0,0.0
2023-10-04,107,North,21114,17813.0,,06:47:21,06:47:21,4,370,Alderwood Mall Blvd & 28th Ave W,0.0,0.0
2023-10-04,107,North,21114,17813.0,,06:48:55,06:49:30,5,814,Alderwood Mall Pkwy & Beech Rd,2.0,0.0
2023-10-04,107,North,21114,17813.0,06:46:00,06:50:02,06:50:13,6,2431,Alderwood Mall Pkwy & 184th St SW,1.0,0.0
2023-10-04,107,North,21114,17813.0,,06:51:44,06:51:44,7,2432,Alderwood Mall Pkwy & Maple Rd,0.0,0.0
2023-10-04,107,North,21114,17813.0,,06:56:09,06:56:22,8,970,Hwy 525 & Lincoln Way,1.0,0.0
2023-10-04,107,North,21114,17813.0,06:53:00,06:58:59,06:59:15,9,966,Hwy 525 & Beverly Park Rd,1.0,0.0
2023-10-04,107,North,21114,17813.0,,07:00:39,07:01:11,10,969,Hwy 525 & Harbour Pointe Blvd SW,1.0,2.0
2023-10-04,107,North,21114,17813.0,,07:03:12,07:03:12,11,974,Hwy 525 & Chennault Beach Rd,0.0,0.0
2023-10-04,107,North,21114,17813.0,,07:03:58,07:05:04,12,975,Hwy 525 & Harbour Pointe Blvd,0.0,3.0
2023-10-04,107,North,21114,17813.0,06:58:00,07:07:13,07:07:13,13,965,Hwy 525 & 92nd St SW,0.0,0.0
2023-10-04,107,North,21114,17813.0,,07:08:18,07:08:18,14,3198,84th St SW & SR 525,0.0,0.0
2023-10-04,107,North,21114,17813.0,,07:09:14,07:09:14,15,2485,84th St SW & 44th Ave W,0.0,0.0
2023-10-04,107,North,21114,17813.0,07:09:00,07:13:35,07:13:35,16,3199,Seaway Transit Center,0.0,5.0
2023-10-04,107,South,21115,22805.0,15:50:00,15:50:17,15:50:17,0,3185,Seaway Transit Center Bay 1,5.0,0.0
2023-10-04,107,South,21115,22805.0,,15:56:42,15:57:27,1,2486,84th St SW & 44th Ave W,1.0,0.0
2023-10-04,107,South,21115,22805.0,,15:58:43,15:58:43,2,1457,Hwy 525 & 84th St SW,0.0,0.0
2023-10-04,107,South,21115,22805.0,,15:59:07,15:59:07,3,1458,Hwy 525 & 88th St SW,0.0,0.0
2023-10-04,107,South,21115,22805.0,15:58:00,15:59:35,15:59:35,4,1459,Hwy 525 & 92nd St SW,0.0,0.0
2023-10-04,107,South,21115,22805.0,,16:02:46,16:03:09,5,1466,Hwy 525 & Harbour Pointe Blvd,2.0,0.0
2023-10-04,107,South,21115,22805.0,,16:04:42,16:04:42,6,1461,Hwy 525 & Chennault Beach Rd,0.0,0.0
2023-10-04,107,South,21115,22805.0,,16:05:06,16:05:06,7,1464,Hwy 525 & Russell Rd,0.0,0.0
2023-10-04,107,South,21115,22805.0,,16:06:31,16:06:31,8,1462,Hwy 525 & Harbour Pointe Blvd SW,0.0,0.0
2023-10-04,107,South,21115,22805.0,16:06:00,16:08:13,16:08:43,9,1460,Hwy 525 & Beverly Park Rd,2.0,4.0
2023-10-04,107,South,21115,22805.0,,16:10:25,16:10:25,10,1467,Hwy 525 & Lincoln Way,0.0,0.0
2023-10-04,107,South,21115,22805.0,,16:14:19,16:14:19,11,2433,Alderwood Mall Pkwy & 182nd St SW,0.0,0.0
2023-10-04,107,South,21115,22805.0,16:14:00,16:16:24,16:16:35,12,1303,Alderwood Mall Pkwy & 184th St SW,0.0,1.0
2023-10-04,107,South,21115,22805.0,,16:17:03,16:17:03,13,1305,Alderwood Mall Pkwy & Beech Rd,0.0,0.0
2023-10-04,107,South,21115,22805.0,,16:18:08,16:18:08,14,1742,Alderwood Mall Blvd & 28th Ave W,0.0,0.0
2023-10-04,107,South,21115,22805.0,,16:19:03,16:19:25,15,1743,Alderwood Mall Blvd & 33rd Ave W,5.0,0.0
2023-10-04,107,South,21115,22805.0,,16:20:53,16:21:14,16,1635,Alderwood Mall Blvd & 40th Ave W,0.0,2.0
2023-10-04,107,South,21115,22805.0,16:27:00,16:24:48,16:24:48,17,2035,Lynnwood Transit Center,0.0,8.0
2023-10-04,107,South,21116,17104.0,16:20:00,16:20:09,16:20:09,0,3185,Seaway Transit Center Bay 1,2.0,0.0
2023-10-04,107,South,21116,17104.0,,16:25:34,16:25:34,1,2486,84th St SW & 44th Ave W,0.0,0.0
2023-10-04,107,South,21116,17104.0,,16:27:54,16:27:54,2,1457,Hwy 525 & 84th St SW,0.0,0.0
2023-10-04,107,South,21116,17104.0,,16:28:17,16:28:17,3,1458,Hwy 525 & 88th St SW,0.0,0.0
2023-10-04,107,South,21116,17104.0,16:27:00,16:29:19,16:29:19,4,1459,Hwy 525 & 92nd St SW,0.0,0.0
2023-10-04,107,South,21116,17104.0,,16:32:45,16:33:38,5,1466,Hwy 525 & Harbour Pointe Blvd,1.0,0.0
2023-10-04,107,South,21116,17104.0,,16:35:51,16:35:51,6,1461,Hwy 525 & Chennault Beach Rd,0.0,0.0
2023-10-04,107,South,21116,17104.0,,16:36:12,16:36:12,7,1464,Hwy 525 & Russell Rd,0.0,0.0
2023-10-04,107,South,21116,17104.0,,16:38:02,16:38:30,8,1462,Hwy 525 & Harbour Pointe Blvd SW,3.0,1.0
2023-10-04,107,South,21116,17104.0,16:34:00,16:42:28,16:42:28,9,1460,Hwy 525 & Beverly Park Rd,0.0,0.0
2023-10-04,107,South,21116,17104.0,,16:43:36,16:45:16,10,1467,Hwy 525 & Lincoln Way,0.0,1.0
2023-10-04,107,South,21116,17104.0,,16:48:57,16:48:57,11,2433,Alderwood Mall Pkwy & 182nd St SW,0.0,0.0
2023-10-04,107,South,21116,17104.0,16:42:00,16:49:57,16:50:05,12,1303,Alderwood Mall Pkwy & 184th St SW,0.0,0.0
2023-10-04,107,South,21116,17104.0,,16:51:08,16:51:23,13,1305,Alderwood Mall Pkwy & Beech Rd,1.0,0.0
2023-10-04,107,South,21116,17104.0,,16:52:00,16:52:18,14,1742,Alderwood Mall Blvd & 28th Ave W,1.0,0.0
2023-10-04,107,South,21116,17104.0,,16:53:10,16:53:23,15,1743,Alderwood Mall Blvd & 33rd Ave W,1.0,1.0
2023-10-04,107,South,21116,17104.0,,16:54:50,16:55:16,16,1635,Alderwood Mall Blvd & 40th Ave W,0.0,2.0
2023-10-04,107,South,21116,17104.0,16:54:00,17:02:08,17:02:08,17,2035,Lynnwood Transit Center,0.0,4.0
2023-10-05,107,North,21113,15114.0,06:06:00,06:05:56,06:05:56,0,2111,Lynnwood Transit Center Bay C3,6.0,0.0
2023-10-05,107,North,21113,15114.0,,06:09:25,06:09:25,1,250,Alderwood Mall Blvd & 44th Ave W,0.0,0.0
2023-10-05,107,North,21113,15114.0,,06:09:40,06:09:40,2,262,Alderwood Mall Blvd & 40th Ave W,0.0,0.0
2023-10-05,107,North,21113,15114.0,,06:10:37,06:10:37,3,371,Alderwood Mall Blvd & 33rd Ave W,0.0,0.0
2023-10-05,107,North,21113,15114.0,,06:11:20,06:11:20,4,370,Alderwood Mall Blvd & 28th Ave W,0.0,0.0
2023-10-05,107,North,21113,15114.0,,06:12:00,06:12:00,5,814,Alderwood Mall Pkwy & Beech Rd,0.0,0.0
2023-10-05,107,North,21113,15114.0,06:11:00,06:12:22,06:12:35,6,2431,Alderwood Mall Pkwy & 184th St SW,1.0,0.0
2023-10-05,107,North,21113,15114.0,,06:13:47,06:13:47,7,2432,Alderwood Mall Pkwy & Maple Rd,0.0,0.0
2023-10-05,107,North,21113,15114.0,,06:18:20,06:18:20,8,970,Hwy 525 & Lincoln Way,0.0,0.0
2023-10-05,107,North,21113,15114.0,06:18:00,06:19:25,06:20:09,9,966,Hwy 525 & Beverly Park Rd,1.0,0.0
2023-10-05,107,North,21113,15114.0,,06:21:55,06:22:14,10,969,Hwy 525 & Harbour Pointe Blvd SW,0.0,0.0
2023-10-05,107,North,21113,15114.0,,06:23:22,06:23:22,11,974,Hwy 525 & Chennault Beach Rd,0.0,0.0
2023-10-05,107,North,21113,15114.0,,06:24:02,06:24:17,12,975,Hwy 525 & Harbour Pointe Blvd,0.0,1.0
2023-10-05,107,North,21113,15114.0,06:23:00,06:26:12,06:26:12,13,965,Hwy 525 & 92nd St SW,0.0,0.0
2023-10-05,107,North,21113,15114.0,,06:27:11,06:27:26,14,3198,84th St SW & SR 525,0.0,1.0
2023-10-05,107,North,21113,15114.0,,06:28:19,06:28:19,15,2485,84th St SW & 44th Ave W,0.0,0.0
2023-10-05,107,North,21113,15114.0,06:33:00,06:31:40,06:31:40,16,3199,Seaway Transit Center,0.0,6.0
2023-10-05,107,North,21114,17806.0,06:41:00,06:41:06,06:41:06,0,2111,Lynnwood Transit Center Bay C3,2.0,0.0
2023-10-05,107,North,21114,17806.0,,06:44:27,06:44:27,1,250,Alderwood Mall Blvd & 44th Ave W,0.0,0.0
2023-10-05,107,North,21114,17806.0,,06:44:41,06:44:41,2,262,Alderwood Mall Blvd & 40th Ave W,0.0,0.0
2023-10-05,107,North,21114,17806.0,,06:45:42,06:45:42,3,371,Alderwood Mall Blvd & 33rd Ave W,0.0,0.0
2023-10-05,107,North,21114,17806.0,,06:46:26,06:46:26,4,370,Alderwood Mall Blvd & 28th Ave W,0.0,0.0
2023-10-05,107,North,21114,17806.0,,06:47:59,06:47:59,5,814,Alderwood Mall Pkwy & Beech Rd,0.0,0.0
2023-10-05,107,North,21114,17806.0,06:46:00,06:48:19,06:48:19,6,2431,Alderwood Mall Pkwy & 184th St SW,0.0,0.0
2023-10-05,107,North,21114,17806.0,,06:50:16,06:50:16,7,2432,Alderwood Mall Pkwy & Maple Rd,0.0,0.0
2023-10-05,107,North,21114,17806.0,,06:54:12,06:54:26,8,970,Hwy 525 & Lincoln Way,1.0,0.0
2023-10-05,107,North,21114,17806.0,06:53:00,06:55:46,06:56:07,9,966,Hwy 525 & Beverly Park Rd,1.0,0.0
2023-10-05,107,North,21114,17806.0,,06:57:04,06:57:27,10,969,Hwy 525 & Harbour Pointe Blvd SW,1.0,1.0
2023-10-05,107,North,21114,17806.0,,06:59:02,06:59:02,11,974,Hwy 525 & Chennault Beach Rd,0.0,0.0
2023-10-05,107,North,21114,17806.0,,07:00:16,07:00:16,12,975,Hwy 525 & Harbour Pointe Blvd,0.0,0.0
2023-10-05,107,North,21114,17806.0,06:58:00,07:02:23,07:02:23,13,965,Hwy 525 & 92nd St SW,0.0,0.0
2023-10-05,107,North,21114,17806.0,,07:03:39,07:03:39,14,3198,84th St SW & SR 525,0.0,0.0
2023-10-05,107,North,21114,17806.0,,07:04:32,07:04:32,15,2485,84th St SW & 44th Ave W,0.0,0.0
2023-10-05,107,North,21114,17806.0,07:09:00,07:09:10,07:09:10,16,3199,Seaway Transit Center,0.0,4.0
2023-10-05,107,South,21115,19114.0,15:50:00,15:50:13,15:50:13,0,3185,Seaway Transit Center Bay 1,6.0,0.0
2023-10-05,107,South,21115,19114.0,,15:57:25,15:58:05,1,2486,84th St SW & 44th Ave W,2.0,0.0
2023-10-05,107,South,21115,19114.0,,16:00:07,16:00:07,2,1457,Hwy 525 & 84th St SW,0.0,0.0
2023-10-05,107,South,21115,19114.0,,16:00:32,16:00:32,3,1458,Hwy 525 & 88th St SW,0.0,0.0
2023-10-05,107,South,21115,19114.0,15:58:00,16:00:59,16:00:59,4,1459,Hwy 525 & 92nd St SW,0.0,0.0
2023-10-05,107,South,21115,19114.0,,16:02:52,16:03:09,5,1466,Hwy 525 & Harbour Pointe Blvd,2.0,0.0
2023-10-05,107,South,21115,19114.0,,16:04:34,16:04:47,6,1461,Hwy 525 & Chennault Beach Rd,0.0,1.0
2023-10-05,107,South,21115,19114.0,,16:05:14,16:05:14,7,1464,Hwy 525 & Russell Rd,0.0,0.0
2023-10-05,107,South,21115,19114.0,,16:07:34,16:07:56,8,1462,Hwy 525 & Harbour Pointe Blvd SW,2.0,1.0
2023-10-05,107,South,21115,19114.0,16:06:00,16:10:48,16:11:23,9,1460,Hwy 525 & Beverly Park Rd,3.0,2.0
2023-10-05,107,South,21115,19114.0,,16:13:29,16:13:54,10,1467,Hwy 525 & Lincoln Way,0.0,2.0
2023-10-05,107,South,21115,19114.0,,16:19:02,16:19:13,11,2433,Alderwood Mall Pkwy & 182nd St SW,0.0,1.0
2023-10-05,107,South,21115,19114.0,16:14:00,16:21:26,16:21:39,12,1303,Alderwood Mall Pkwy & 184th St SW,0.0,2.0
2023-10-05,107,South,21115,19114.0,,16:22:09,16:22:26,13,1305,Alderwood Mall Pkwy & Beech Rd,1.0,0.0
2023-10-05,107,South,21115,19114.0,,16:23:03,16:23:03,14,1742,Alderwood Mall Blvd & 28th Ave W,0.0,0.0
2023-10-05,107,South,21115,19114.0,,16:24:11,16:24:11,15,1743,Alderwood Mall Blvd & 33rd Ave W,0.0,0.0
2023-10-05,107,South,21115,19114.0,,16:25:21,16:25:21,16,1635,Alderwood Mall Blvd & 40th Ave W,0.0,0.0
2023-10-05,107,South,21115,19114.0,16:27:00,16:29:09,16:29:09,17,2035,Lynnwood Transit Center,0.0,7.0
2023-10-05,107,South,21116,15100.0,16:20:00,16:20:12,16:20:12,0,3185,Seaway Transit Center Bay 1,3.0,0.0
2023-10-05,107,South,21116,15100.0,,16:27:01,16:27:24,1,2486,84th St SW & 44th Ave W,2.0,1.0
2023-10-05,107,South,21116,15100.0,,16:28:46,16:28:46,2,1457,Hwy 525 & 84th St SW,0.0,0.0
2023-10-05,107,South,21116,15100.0,,16:29:08,16:29:08,3,1458,Hwy 525 & 88th St SW,0.0,0.0
2023-10-05,107,South,21116,15100.0,16:27:00,16:29:57,16:29:57,4,1459,Hwy 525 & 92nd St SW,0.0,0.0
2023-10-05,107,South,21116,15100.0,,16:32:59,16:33:24,5,1466,Hwy 525 & Harbour Pointe Blvd,0.0,0.0
2023-10-05,107,South,21116,15100.0,,16:35:02,16:35:02,6,1461,Hwy 525 & Chennault Beach Rd,0.0,0.0
2023-10-05,107,South,21116,15100.0,,16:35:29,16:35:29,7,1464,Hwy 525 & Russell Rd,0.0,0.0
2023-10-05,107,South,21116,15100.0,,16:38:35,16:39:13,8,1462,Hwy 525 & Harbour Pointe Blvd SW,4.0,0.0
2023-10-05,107,South,21116,15100.0,16:34:00,16:42:32,16:42:32,9,1460,Hwy 525 & Beverly Park Rd,0.0,0.0
2023-10-05,107,South,21116,15100.0,,16:43:32,16:43:45,10,1467,Hwy 525 & Lincoln Way,0.0,0.0
2023-10-05,107,South,21116,15100.0,,16:49:39,16:49:39,11,2433,Alderwood Mall Pkwy & 182nd St SW,0.0,0.0
2023-10-05,107,South,21116,15100.0,16:42:00,16:52:19,16:52:19,12,1303,Alderwood Mall Pkwy & 184th St SW,0.0,0.0
2023-10-05,107,South,21116,15100.0,,16:52:39,16:52:39,13,1305,Alderwood Mall Pkwy & Beech Rd,0.0,0.0
2023-10-05,107,South,21116,15100.0,,16:53:21,16:53:21,14,1742,Alderwood Mall Blvd & 28th Ave W,0.0,0.0
2023-10-05,107,South,21116,15100.0,,16:54:17,16:54:30,15,1743,Alderwood Mall Blvd & 33rd Ave W,1.0,1.0
2023-10-05,107,South,21116,15100.0,,16:56:55,16:56:55,16,1635,Alderwood Mall Blvd & 40th Ave W,0.0,0.0
2023-10-05,107,South,21116,15100.0,16:54:00,17:01:38,17:01:38,17,2035,Lynnwood Transit Center,0.0,8.0
2023-10-06,107,North,21113,19110.0,06:06:00,06:06:09,06:06:09,0,2111,Lynnwood Transit Center Bay C3,5.0,0.0
2023-10-06,107,North,21113,19110.0,,06:09:42,06:09:42,1,250,Alderwood Mall Blvd & 44th Ave W,0.0,0.0
2023-10-06,107,North,21113,19110.0,,06:09:56,06:09:56,2,262,Alderwood Mall Blvd & 40th Ave W,0.0,0.0
2023-10-06,107,North,21113,19110.0,,06:10:59,06:10:59,3,371,Alderwood Mall Blvd & 33rd Ave W,0.0,0.0
2023-10-06,107,North,21113,19110.0,,06:11:44,06:11:44,4,370,Alderwood Mall Blvd & 28th Ave W,0.0,0.0
2023-10-06,107,North,21113,19110.0,,06:12:20,06:12:20,5,814,Alderwood Mall Pkwy & Beech Rd,0.0,0.0
2023-10-06,107,North,21113,19110.0,06:11:00,06:12:48,06:12:48,6,2431,Alderwood Mall Pkwy & 184th St SW,0.0,0.0
2023-10-06,107,North,21113,19110.0,,06:13:49,06:13:49,7,2432,Alderwood Mall Pkwy & Maple Rd,0.0,0.0
2023-10-06,107,North,21113,19110.0,,06:18:25,06:18:36,8,970,Hwy 525 & Lincoln Way,1.0,0.0
2023-10-06,107,North,21113,19110.0,06:18:00,06:20:03,06:20:03,9,966,Hwy 525 & Beverly Park Rd,0.0,0.0
2023-10-06,107,North,21113,19110.0,,06:21:06,06:21:16,10,969,Hwy 525 & Harbour Pointe Blvd SW,0.0,1.0
2023-10-06,107,North,21113,19110.0,,06:22:29,06:22:29,11,974,Hwy 525 & Chennault Beach Rd,0.0,0.0
2023-10-06,107,North,21113,19110.0,,06:23:43,06:23:56,12,975,Hwy 525 & Harbour Pointe Blvd,0.0,3.0
2023-10-06,107,North,21113,19110.0,06:23:00,06:25:39,06:25:39,13,965,Hwy 525 & 92nd St SW,0.0,0.0
2023-10-06,107,North,21113,19110.0,,06:26:58,06:27:09,14,3198,84th St SW & SR 525,0.0,1.0
2023-10-06,107,North,21113,19110.0,,06:28:01,06:28:01,15,2485,84th St SW & 44th Ave W,0.0,0.0
2023-10-06,107,North,21113,19110.0,06:33:00,06:32:12,06:32:12,16,3199,Seaway Transit Center,0.0,1.0
2023-10-06,107,North,21114,16809.0,06:41:00,06:41:07,06:41:07,0,2111,Lynnwood Transit Center Bay C3,2.0,0.0
2023-10-06,107,North,21114,16809.0,,06:43:45,06:43:45,1,250,Alderwood Mall Blvd & 44th Ave W,0.0,0.0
2023-10-06,107,North,21114,16809.0,,06:43:59,06:43:59,2,262,Alderwood Mall Blvd & 40th Ave W,0.0,0.0
2023-10-06,107,North,21114,16809.0,,06:45:11,06:45:11,3,371,Alderwood Mall Blvd & 33rd Ave W,0.0,0.0
2023-10-06,107,North,21114,16809.0,,06:45:52,06:45:52,4,370,Alderwood Mall Blvd & 28th Ave W,0.0,0.0
2023-10-06,107,North,21114,16809.0,,06:46:49,06:46:49,5,814,Alderwood Mall Pkwy & Beech Rd,0.0,0.0
2023-10-06,107,North,21114,16809.0,06:46:00,06:47:09,06:47:24,6,2431,Alderwood Mall Pkwy & 184th St SW,1.0,0.0
2023-10-06,107,North,21114,16809.0,,06:48:45,06:48:45,7,2432,Alderwood Mall Pkwy & Maple Rd,0.0,0.0
2023-10-06,107,North,21114,16809.0,,06:52:25,06:52:25,8,970,Hwy 525 & Lincoln Way,0.0,0.0
2023-10-06,107,North,21114,16809.0,06:53:00,06:53:37,06:53:37,9,966,Hwy 525 & Beverly Park Rd,0.0,0.0
2023-10-06,107,North,21114,16809.0,,06:54:57,06:55:18,10,969,Hwy 525 & Harbour Pointe Blvd SW,2.0,0.0
2023-10-06,107,North,21114,16809.0,,06:57:17,06:57:17,11,974,Hwy 525 & Chennault Beach Rd,0.0,0.0
2023-10-06,107,North,21114,16809.0,,06:57:54,06:57:54,12,975,Hwy 525 & Harbour Pointe Blvd,0.0,0.0
2023-10-06,107,North,21114,16809.0,06:58:00,06:59:18,06:59:18,13,965,Hwy 525 & 92nd St SW,0.0,0.0
2023-10-06,107,North,21114,16809.0,,07:00:35,07:00:35,14,3198,84th St SW & SR 525,0.0,0.0
2023-10-06,107,North,21114,16809.0,,07:01:41,07:02:07,15,2485,84th St SW & 44th Ave W,1.0,2.0
2023-10-06,107,North,21114,16809.0,07:09:00,07:06:18,07:06:18,16,3199,Seaway Transit Center,1.0,5.0
2023-10-06,107,South,21115,22801.0,15:50:00,15:50:37,15:50:37,0,3185,Seaway Transit Center Bay 1,1.0,0.0
2023-10-06,107,South,21115,22801.0,,15:57:22,15:57:22,1,2486,84th St SW & 44th Ave W,0.0,0.0
2023-10-06,107,South,21115,22801.0,,15:58:38,15:58:51,2,1457,Hwy 525 & 84th St SW,1.0,0.0
2023-10-06,107,South,21115,22801.0,,15:59:23,15:59:23,3,1458,Hwy 525 & 88th St SW,0.0,0.0
2023-10-06,107,South,21115,22801.0,15:58:00,16:00:59,16:00:59,4,1459,Hwy 525 & 92nd St SW,0.0,0.0
2023-10-06,107,South,21115,22801.0,,16:03:07,16:03:07,5,1466,Hwy 525 & Harbour Pointe Blvd,0.0,0.0
2023-10-06,107,South,21115,22801.0,,16:03:51,16:03:51,6,1461,Hwy 525 & Chennault Beach Rd,0.0,0.0
2023-10-06,107,South,21115,22801.0,,16:04:12,16:04:12,7,1464,Hwy 525 & Russell Rd,0.0,0.0
2023-10-06,107,South,21115,22801.0,,16:05:18,16:05:18,8,1462,Hwy 525 & Harbour Pointe Blvd SW,0.0,0.0
2023-10-06,107,South,21115,22801.0,16:06:00,16:07:13,16:07:40,9,1460,Hwy 525 & Beverly Park Rd,2.0,0.0
2023-10-06,107,South,21115,22801.0,,16:09:36,16:09:53,10,1467,Hwy 525 & Lincoln Way,0.0,1.0
2023-10-06,107,South,21115,22801.0,,16:13:55,16:13:55,11,2433,Alderwood Mall Pkwy & 182nd St SW,0.0,0.0
2023-10-06,107,South,21115,22801.0,16:14:00,16:15:53,16:15:53,12,1303,Alderwood Mall Pkwy & 184th St SW,0.0,0.0
2023-10-06,107,South,21115,22801.0,,16:16:58,16:16:58,13,1305,Alderwood Mall Pkwy & Beech Rd,0.0,0.0
2023-10-06,107,South,21115,22801.0,,16:17:25,16:17:25,14,1742,Alderwood Mall Blvd & 28th Ave W,0.0,0.0
2023-10-06,107,South,21115,22801.0,,16:18:27,16:18:27,15,1743,Alderwood Mall Blvd & 33rd Ave W,0.0,0.0
2023-10-06,107,South,21115,22801.0,,16:20:11,16:20:11,16,1635,Alderwood Mall Blvd & 40th Ave W,0.0,0.0
2023-10-06,107,South,21115,22801.0,16:27:00,16:24:33,16:24:33,17,2035,Lynnwood Transit Center,0.0,3.0
2023-10-06,107,South,21116,15104.0,16:20:00,16:20:08,16:20:08,0,3185,Seaway Transit Center Bay 1,0.0,0.0
2023-10-06,107,South,21116,15104.0,,16:26:27,16:26:27,1,2486,84th St SW & 44th Ave W,0.0,0.0
2023-10-06,107,South,21116,15104.0,,16:27:52,16:27:52,2,1457,Hwy 525 & 84th St SW,0.0,0.0
2023-10-06,107,South,21116,15104.0,,16:28:18,16:28:18,3,1458,Hwy 525 & 88th St SW,0.0,0.0
2023-10-06,107,South,21116,15104.0,16:27:00,16:28:48,16:28:48,4,1459,Hwy 525 & 92nd St SW,0.0,0.0
2023-10-06,107,South,21116,15104.0,,16:30:46,16:30:46,5,1466,Hwy 525 & Harbour Pointe Blvd,0.0,0.0
2023-10-06,107,South,21116,15104.0,,16:32:08,16:32:08,6,1461,Hwy 525 & Chennault Beach Rd,0.0,0.0
2023-10-06,107,South,21116,15104.0,,16:32:30,16:32:30,7,1464,Hwy 525 & Russell Rd,0.0,0.0
2023-10-06,107,South,21116,15104.0,,16:33:54,16:34:08,8,1462,Hwy 525 & Harbour Pointe Blvd SW,2.0,0.0
2023-10-06,107,South,21116,15104.0,16:34:00,16:37:11,16:37:11,9,1460,Hwy 525 & Beverly Park Rd,0.0,0.0
2023-10-06,107,South,21116,15104.0,,16:38:10,16:38:10,10,1467,Hwy 525 & Lincoln Way,0.0,0.0
2023-10-06,107,South,21116,15104.0,,16:43:08,16:43:08,11,2433,Alderwood Mall Pkwy & 182nd St SW,0.0,0.0
2023-10-06,107,South,21116,15104.0,16:42:00,16:44:37,16:44:37,12,1303,Alderwood Mall Pkwy & 184th St SW,0.0,0.0
2023-10-06,107,South,21116,15104.0,,16:44:59,16:44:59,13,1305,Alderwood Mall Pkwy & Beech Rd,0.0,0.0
2023-10-06,107,South,21116,15104.0,,16:46:07,16:46:15,14,1742,Alderwood Mall Blvd & 28th Ave W,0.0,0.0
2023-10-06,107,South,21116,15104.0,,16:47:46,16:48:05,15,1743,Alderwood Mall Blvd & 33rd Ave W,1.0,0.0
2023-10-06,107,South,21116,15104.0,,16:49:27,16:49:40,16,1635,Alderwood Mall Blvd & 40th Ave W,0.0,0.0
2023-10-06,107,South,21116,15104.0,16:54:00,16:54:53,16:54:53,17,2035,Lynnwood Transit Center,0.0,3.0
2023-10-09,107,North,21113,19114.0,06:06:00,06:06:25,06:06:25,0,2111,Lynnwood Transit Center Bay C3,9.0,0.0
2023-10-09,107,North,21113,19114.0,,06:09:11,06:09:11,1,250,Alderwood Mall Blvd & 44th Ave W,0.0,0.0
2023-10-09,107,North,21113,19114.0,,06:09:24,06:09:24,2,262,Alderwood Mall Blvd & 40th Ave W,0.0,0.0
2023-10-09,107,North,21113,19114.0,,06:10:32,06:10:41,3,371,Alderwood Mall Blvd & 33rd Ave W,0.0,1.0
2023-10-09,107,North,21113,19114.0,,06:11:33,06:11:33,4,370,Alderwood Mall Blvd & 28th Ave W,0.0,0.0
2023-10-09,107,North,21113,19114.0,,06:12:21,06:12:21,5,814,Alderwood Mall Pkwy & Beech Rd,0.0,0.0
2023-10-09,107,North,21113,19114.0,06:11:00,06:12:43,06:12:56,6,2431,Alderwood Mall Pkwy & 184th St SW,1.0,0.0
2023-10-09,107,North,21113,19114.0,,06:14:23,06:15:05,7,2432,Alderwood Mall Pkwy & Maple Rd,1.0,0.0
2023-10-09,107,North,21113,19114.0,,06:19:50,06:20:04,8,970,Hwy 525 & Lincoln Way,1.0,0.0
2023-10-09,107,North,21113,19114.0,06:18:00,06:21:17,06:21:17,9,966,Hwy 525 & Beverly Park Rd,0.0,0.0
2023-10-09,107,North,21113,19114.0,,06:22:18,06:22:44,10,969,Hwy 525 & Harbour Pointe Blvd SW,0.0,2.0
2023-10-09,107,North,21113,19114.0,,06:23:56,06:23:56,11,974,Hwy 525 & Chennault Beach Rd,0.0,0.0
2023-10-09,107,North,21113,19114.0,,06:25:05,06:25:15,12,975,Hwy 525 & Harbour Pointe Blvd,0.0,2.0
2023-10-09,107,North,21113,19114.0,06:23:00,06:26:42,06:26:42,13,965,Hwy 525 & 92nd St SW,0.0,0.0
2023-10-09,107,North,21113,19114.0,,06:27:43,06:27:57,14,3198,84th St SW & SR 525,0.0,1.0
2023-10-09,107,North,21113,19114.0,,06:28:56,06:29:36,15,2485,84th St SW & 44th Ave W,1.0,3.0
2023-10-09,107,North,21113,19114.0,06:33:00,06:33:40,06:33:40,16,3199,Seaway Transit Center,0.0,4.0
2023-10-09,107,North,21114,22806.0,06:41:00,06:41:37,06:41:37,0,2111,Lynnwood Transit Center Bay C3,3.0,0.0
2023-10-09,107,North,21114,22806.0,,06:44:03,06:44:03,1,250,Alderwood Mall Blvd & 44th Ave W,0.0,0.0
2023-10-09,107,North,21114,22806.0,,06:44:17,06:44:17,2,262,Alderwood Mall Blvd & 40th Ave W,0.0,0.0
2023-10-09,107,North,21114,22806.0,,06:45:17,06:45:17,3,371,Alderwood Mall Blvd & 33rd Ave W,0.0,0.0
2023-10-09,107,North,21114,22806.0,,06:46:02,06:46:02,4,370,Alderwood Mall Blvd & 28th Ave W,0.0,0.0
2023-10-09,107,North,21114,22806.0,,06:47:06,06:47:25,5,814,Alderwood Mall Pkwy & Beech Rd,1.0,0.0
2023-10-09,107,North,21114,22806.0,06:46:00,06:47:49,06:47:49,6,2431,Alderwood Mall Pkwy & 184th St SW,0.0,0.0
2023-10-09,107,North,21114,22806.0,,06:48:29,06:48:29,7,2432,Alderwood Mall Pkwy & Maple Rd,0.0,0.0
2023-10-09,107,North,21114,22806.0,,06:52:49,06:53:05,8,970,Hwy 525 & Lincoln Way,1.0,1.0
2023-10-09,107,North,21114,22806.0,06:53:00,06:55:40,06:55:40,9,966,Hwy 525 & Beverly Park Rd,0.0,0.0
2023-10-09,107,North,21114,22806.0,,06:56:54,06:57:13,10,969,Hwy 525 & Harbour Pointe Blvd SW,1.0,1.0
2023-10-09,107,North,21114,22806.0,,06:58:18,06:58:18,11,974,Hwy 525 & Chennault Beach Rd,0.0,0.0
2023-10-09,107,North,21114,22806.0,,06:58:53,06:58:53,12,975,Hwy 525 & Harbour Pointe Blvd,0.0,0.0
2023-10-09,107,North,21114,22806.0,06:58:00,07:00:43,07:00:43,13,965,Hwy 525 & 92nd St SW,0.0,0.0
2023-10-09,107,North,21114,22806.0,,07:01:40,07:01:40,14,3198,84th St SW & SR 525,0.0,0.0
2023-10-09,107,North,21114,22806.0,,07:02:30,07:02:30,15,2485,84th St SW & 44th Ave W,0.0,0.0
2023-10-09,107,North,21114,22806.0,07:09:00,07:06:01,07:06:01,16,3199,Seaway Transit Center,0.0,4.0
2023-10-09,107,South,21115,11102.0,15:50:00,15:50:59,15:50:59,0,3185,Seaway Transit Center Bay 1,7.0,0.0
2023-10-09,107,South,21115,11102.0,,15:58:20,15:58:58,1,2486,84th St SW & 44th Ave W,1.0,0.0
2023-10-09,107,South,21115,11102.0,,16:00:07,16:00:07,2,1457,Hwy 525 & 84th St SW,0.0,0.0
2023-10-09,107,South,21115,11102.0,,16:00:39,16:00:39,3,1458,Hwy 525 & 88th St SW,0.0,0.0
2023-10-09,107,South,21115,11102.0,15:58:00,16:01:06,16:01:06,4,1459,Hwy 525 & 92nd St SW,0.0,0.0
2023-10-09,107,South,21115,11102.0,,16:04:06,16:04:06,5,1466,Hwy 525 & Harbour Pointe Blvd,0.0,0.0
2023-10-09,107,South,21115,11102.0,,16:05:07,16:05:07,6,1461,Hwy 525 & Chennault Beach Rd,0.0,0.0
2023-10-09,107,South,21115,11102.0,,16:05:33,16:05:33,7,1464,Hwy 525 & Russell Rd,0.0,0.0
2023-10-09,107,South,21115,11102.0,,16:08:46,16:09:08,8,1462,Hwy 525 & Harbour Pointe Blvd SW,1.0,0.0
2023-10-09,107,South,21115,11102.0,16:06:00,16:11:33,16:12:07,9,1460,Hwy 525 & Beverly Park Rd,2.0,1.0
2023-10-09,107,South,21115,11102.0,,16:14:00,16:14:00,10,1467,Hwy 525 & Lincoln Way,0.0,0.0
2023-10-09,107,South,21115,11102.0,,16:19:23,16:19:23,11,2433,Alderwood Mall Pkwy & 182nd St SW,0.0,0.0
2023-10-09,107,South,21115,11102.0,16:14:00,16:21:03,16:21:16,12,1303,Alderwood Mall Pkwy & 184th St SW,0.0,3.0
2023-10-09,107,South,21115,11102.0,,16:21:49,16:21:49,13,1305,Alderwood Mall Pkwy & Beech Rd,0.0,0.0
2023-10-09,107,South,21115,11102.0,,16:22:34,16:22:34,14,1742,Alderwood Mall Blvd & 28th Ave W,0.0,0.0
2023-10-09,107,South,21115,11102.0,,16:23:18,16:23:18,15,1743,Alderwood Mall Blvd & 33rd Ave W,0.0,0.0
2023-10-09,107,South,21115,11102.0,,16:27:13,16:27:13,16,1635,Alderwood Mall Blvd & 40th Ave W,0.0,0.0
2023-10-09,107,South,21115,11102.0,16:27:00,16:32:15,16:32:15,17,2035,Lynnwood Transit Center,0.0,7.0
2023-10-09,107,South,21116,13605.0,16:20:00,16:20:03,16:20:03,0,3185,Seaway Transit Center Bay 1,1.0,0.0
2023-10-09,107,South,21116,13605.0,,16:27:11,16:27:11,1,2486,84th St SW & 44th Ave W,0.0,0.0
2023-10-09,107,South,21116,13605.0,,16:28:53,16:29:23,2,1457,Hwy 525 & 84th St SW,1.0,0.0
2023-10-09,107,South,21116,13605.0,,16:29:56,16:29:56,3,1458,Hwy 525 & 88th St SW,0.0,0.0
2023-10-09,107,South,21116,13605.0,16:27:00,16:30:33,16:31:00,4,1459,Hwy 525 & 92nd St SW,3.0,0.0
2023-10-09,107,South,21116,13605.0,,16:32:53,16:33:06,5,1466,Hwy 525 & Harbour Pointe Blvd,1.0,0.0
2023-10-09,107,South,21116,13605.0,,16:34:47,16:34:47,6,1461,Hwy 525 & Chennault Beach Rd,0.0,0.0
2023-10-09,107,South,21116,13605.0,,16:35:09,16:35:09,7,1464,Hwy 525 & Russell Rd,0.0,0.0
2023-10-09,107,South,21116,13605.0,,16:36:25,16:36:39,8,1462,Hwy 525 & Harbour Pointe Blvd SW,1.0,0.0
2023-10-09,107,South,21116,13605.0,16:34:00,16:39:26,16:40:03,9,1460,Hwy 525 & Beverly Park Rd,2.0,0.0
2023-10-09,107,South,21116,13605.0,,16:41:52,16:41:52,10,1467,Hwy 525 & Lincoln Way,0.0,0.0
2023-10-09,107,South,21116,13605.0,,16:48:33,16:48:33,11,2433,Alderwood Mall Pkwy & 182nd St SW,0.0,0.0
2023-10-09,107,South,21116,13605.0,16:42:00,16:49:18,16:49:38,12,1303,Alderwood Mall Pkwy & 184th St SW,0.0,2.0
2023-10-09,107,South,21116,13605.0,,16:50:40,16:50:40,13,1305,Alderwood Mall Pkwy & Beech Rd,0.0,0.0
2023-10-09,107,South,21116,13605.0,,16:51:16,16:51:16,14,1742,Alderwood Mall Blvd & 28th Ave W,0.0,0.0
2023-10-09,107,South,21116,13605.0,,16:52:03,16:52:03,15,1743,Alderwood Mall Blvd & 33rd Ave W,0.0,0.0
2023-10-09,107,South,21116,13605.0,,16:54:44,16:54:44,16,1635,Alderwood Mall Blvd & 40th Ave W,0.0,0.0
2023-10-09,107,South,21116,13605.0,16:54:00,16:58:55,16:58:55,17,2035,Lynnwood Transit Center,0.0,7.0
2023-10-10,107,North,21113,15107.0,06:06:00,06:06:16,06:06:16,0,2111,Lynnwood Transit Center Bay C3,5.0,0.0
2023-10-10,107,North,21113,15107.0,,06:10:08,06:10:08,1,250,Alderwood Mall Blvd & 44th Ave W,0.0,0.0
2023-10-10,107,North,21113,15107.0,,06:10:21,06:10:21,2,262,Alderwood Mall Blvd & 40th Ave W,0.0,0.0
2023-10-10,107,North,21113,15107.0,,06:11:24,06:11:24,3,371,Alderwood Mall Blvd & 33rd Ave W,0.0,0.0
2023-10-10,107,North,21113,15107.0,,06:12:08,06:12:08,4,370,Alderwood Mall Blvd & 28th Ave W,0.0,0.0
2023-10-10,107,North,21113,15107.0,,06:13:32,06:13:32,5,814,Alderwood Mall Pkwy & Beech Rd,0.0,0.0
2023-10-10,107,North,21113,15107.0,06:11:00,06:14:02,06:14:02,6,2431,Alderwood Mall Pkwy & 184th St SW,0.0,0.0
2023-10-10,107,North,21113,15107.0,,06:15:14,06:16:10,7,2432,Alderwood Mall Pkwy & Maple Rd,1.0,0.0
2023-10-10,107,North,21113,15107.0,,06:20:35,06:20:52,8,970,Hwy 525 & Lincoln Way,1.0,0.0
2023-10-10,107,North,21113,15107.0,06:18:00,06:22:31,06:22:31,9,966,Hwy 525 & Beverly Park Rd,0.0,0.0
2023-10-10,107,North,21113,15107.0,,06:23:26,06:23:39,10,969,Hwy 525 & Harbour Pointe Blvd SW,0.0,0.0
2023-10-10,107,North,21113,15107.0,,06:25:01,06:25:01,11,974,Hwy 525 & Chennault Beach Rd,0.0,0.0
2023-10-10,107,North,21113,15107.0,,06:26:08,06:26:22,12,975,Hwy 525 & Harbour Pointe Blvd,0.0,2.0
2023-10-10,107,North,21113,15107.0,06:23:00,06:28:12,06:28:12,13,965,Hwy 525 & 92nd St SW,0.0,0.0
2023-10-10,107,North,21113,15107.0,,06:29:15,06:29:31,14,3198,84th St SW & SR 525,0.0,1.0
2023-10-10,107,North,21113,15107.0,,06:30:29,06:31:07,15,2485,84th St SW & 44th Ave W,2.0,1.0
2023-10-10,107,North,21113,15107.0,06:33:00,06:35:45,06:35:45,16,3199,Seaway Transit Center,0.0,5.0
2023-10-10,107,North,21114,17801.0,06:41:00,06:41:14,06:41:14,0,2111,Lynnwood Transit Center Bay C3,3.0,0.0
2023-10-10,107,North,21114,17801.0,,06:44:07,06:44:07,1,250,Alderwood Mall Blvd & 44th Ave W,0.0,0.0
2023-10-10,107,North,21114,17801.0,,06:44:22,06:44:22,2,262,Alderwood Mall Blvd & 40th Ave W,0.0,0.0
2023-10-10,107,North,21114,17801.0,,06:45:25,06:45:25,3,371,Alderwood Mall Blvd & 33rd Ave W,0.0,0.0
2023-10-10,107,North,21114,17801.0,,06:46:13,06:46:13,4,370,Alderwood Mall Blvd & 28th Ave W,0.0,0.0
2023-10-10,107,North,21114,17801.0,,06:46:51,06:46:51,5,814,Alderwood Mall Pkwy & Beech Rd,0.0,0.0
2023-10-10,107,North,21114,17801.0,06:46:00,06:47:14,06:47:25,6,2431,Alderwood Mall Pkwy & 184th St SW,1.0,0.0
2023-10-10,107,North,21114,17801.0,,06:48:29,06:48:29,7,2432,Alderwood Mall Pkwy & Maple Rd,0.0,0.0
2023-10-10,107,North,21114,17801.0,,06:52:50,06:53:05,8,970,Hwy 525 & Lincoln Way,1.0,0.0
2023-10-10,107,North,21114,17801.0,06:53:00,06:56:39,06:56:56,9,966,Hwy 525 & Beverly Park Rd,2.0,0.0
2023-10-10,107,North,21114,17801.0,,06:57:59,06:58:20,10,969,Hwy 525 & Harbour Pointe Blvd SW,1.0,1.0
2023-10-10,107,North,21114,17801.0,,06:59:58,06:59:58,11,974,Hwy 525 & Chennault Beach Rd,0.0,0.0
2023-10-10,107,North,21114,17801.0,,07:00:38,07:00:38,12,975,Hwy 525 & Harbour Pointe Blvd,0.0,0.0
2023-10-10,107,North,21114,17801.0,06:58:00,07:01:46,07:01:46,13,965,Hwy 525 & 92nd St SW,0.0,0.0
2023-10-10,107,North,21114,17801.0,,07:02:53,07:02:53,14,3198,84th St SW & SR 525,0.0,0.0
2023-10-10,107,North,21114,17801.0,,07:03:42,07:03:42,15,2485,84th St SW & 44th Ave W,0.0,0.0
2023-10-10,107,North,21114,17801.0,07:09:00,07:08:26,07:08:26,16,3199,Seaway Transit Center,0.0,7.0
2023-10-10,107,South,21115,19806.0,15:50:00,15:50:07,15:50:07,0,3185,Seaway Transit Center Bay 1,6.0,0.0
2023-10-10,107,South,21115,19806.0,,15:56:18,15:56:50,1,2486,84th St SW & 44th Ave W,2.0,0.0
2023-10-10,107,South,21115,19806.0,,15:57:50,15:58:05,2,1457,Hwy 525 & 84th St SW,1.0,0.0
2023-10-10,107,South,21115,19806.0,,15:58:38,15:58:38,3,1458,Hwy 525 & 88th St SW,0.0,0.0
2023-10-10,107,South,21115,19806.0,15:58:00,15:59:06,15:59:06,4,1459,Hwy 525 & 92nd St SW,0.0,0.0
2023-10-10,107,South,21115,19806.0,,16:01:12,16:01:12,5,1466,Hwy 525 & Harbour Pointe Blvd,0.0,0.0
2023-10-10,107,South,21115,19806.0,,16:01:59,16:01:59,6,1461,Hwy 525 & Chennault Beach Rd,0.0,0.0
2023-10-10,107,South,21115,19806.0,,16:02:19,16:02:19,7,1464,Hwy 525 & Russell Rd,0.0,0.0
2023-10-10,107,South,21115,19806.0,,16:03:35,16:03:35,8,1462,Hwy 525 & Harbour Pointe Blvd SW,0.0,0.0
2023-10-10,107,South,21115,19806.0,16:06:00,16:06:40,16:07:37,9,1460,Hwy 525 & Beverly Park Rd,5.0,1.0
2023-10-10,107,South,21115,19806.0,,16:09:20,16:09:20,10,1467,Hwy 525 & Lincoln Way,0.0,0.0
2023-10-10,107,South,21115,19806.0,,16:13:39,16:14:00,11,2433,Alderwood Mall Pkwy & 182nd St SW,0.0,0.0
2023-10-10,107,South,21115,19806.0,16:14:00,16:16:04,16:16:18,12,1303,Alderwood Mall Pkwy & 184th St SW,0.0,4.0
2023-10-10,107,South,21115,19806.0,,16:17:23,16:17:39,13,1305,Alderwood Mall Pkwy & Beech Rd,0.0,2.0
2023-10-10,107,South,21115,19806.0,,16:18:14,16:18:14,14,1742,Alderwood Mall Blvd & 28th Ave W,0.0,0.0
2023-10-10,107,South,21115,19806.0,,16:18:55,16:18:55,15,1743,Alderwood Mall Blvd & 33rd Ave W,0.0,0.0
2023-10-10,107,South,21115,19806.0,,16:21:57,16:21:57,16,1635,Alderwood Mall Blvd & 40th Ave W,0.0,0.0
2023-10-10,107,South,21115,19806.0,16:27:00,16:26:24,16:26:24,17,2035,Lynnwood Transit Center,0.0,7.0
2023-10-10,107,South,21116,17113.0,16:20:00,16:20:28,16:20:28,0,3185,Seaway Transit Center Bay 1,5.0,0.0
2023-10-10,107,South,21116,17113.0,,16:26:53,16:26:53,1,2486,84th St SW & 44th Ave W,0.0,0.0
2023-10-10,107,South,21116,17113.0,,16:28:02,16:28:52,2,1457,Hwy 525 & 84th St SW,0.0,0.0
2023-10-10,107,South,21116,17113.0,,16:29:22,16:29:22,3,1458,Hwy 525 & 88th St SW,0.0,0.0
2023-10-10,107,South,21116,17113.0,16:27:00,16:29:50,16:29:50,4,1459,Hwy 525 & 92nd St SW,0.0,0.0
2023-10-10,107,South,21116,17113.0,,16:32:34,16:32:44,5,1466,Hwy 525 & Harbour Pointe Blvd,2.0,0.0
2023-10-10,107,South,21116,17113.0,,16:34:08,16:34:16,6,1461,Hwy 525 & Chennault Beach Rd,0.0,1.0
2023-10-10,107,South,21116,17113.0,,16:34:45,16:34:45,7,1464,Hwy 525 & Russell Rd,0.0,0.0
2023-10-10,107,South,21116,17113.0,,16:36:37,16:36:52,8,1462,Hwy 525 & Harbour Pointe Blvd SW,1.0,3.0
2023-10-10,107,South,21116,17113.0,16:34:00,16:38:52,16:39:00,9,1460,Hwy 525 & Beverly Park Rd,0.0,1.0
2023-10-10,107,South,21116,17113.0,,16:40:48,16:40:48,10,1467,Hwy 525 & Lincoln Way,0.0,0.0
2023-10-10,107,South,21116,17113.0,,16:45:12,16:45:12,11,2433,Alderwood Mall Pkwy & 182nd St SW,0.0,0.0
2023-10-10,107,South,21116,17113.0,16:42:00,16:48:09,16:48:24,12,1303,Alderwood Mall Pkwy & 184th St SW,2.0,0.0
2023-10-10,107,South,21116,17113.0,,16:49:06,16:49:06,13,1305,Alderwood Mall Pkwy & Beech Rd,0.0,0.0
2023-10-10,107,South,21116,17113.0,,16:49:43,16:49:43,14,1742,Alderwood Mall Blvd & 28th Ave W,0.0,0.0
2023-10-10,107,South,21116,17113.0,,16:50:37,16:50:37,15,1743,Alderwood Mall Blvd & 33rd Ave W,0.0,0.0
2023-10-10,107,South,21116,17113.0,,16:54:32,16:54:32,16,1635,Alderwood Mall Blvd & 40th Ave W,0.0,0.0
2023-10-10,107,South,21116,17113.0,16:54:00,16:59:20,16:59:20,17,2035,Lynnwood Transit Center,0.0,5.0
2023-10-11,107,North,21113,17103.0,06:06:00,06:05:46,06:05:46,0,2111,Lynnwood Transit Center Bay C3,8.0,0.0
2023-10-11,107,North,21113,17103.0,,06:09:10,06:09:10,1,250,Alderwood Mall Blvd & 44th Ave W,0.0,0.0
2023-10-11,107,North,21113,17103.0,,06:09:25,06:09:25,2,262,Alderwood Mall Blvd & 40th Ave W,0.0,0.0
2023-10-11,107,North,21113,17103.0,,06:10:25,06:10:25,3,371,Alderwood Mall Blvd & 33rd Ave W,0.0,0.0
2023-10-11,107,North,21113,17103.0,,06:12:05,06:12:05,4,370,Alderwood Mall Blvd & 28th Ave W,0.0,0.0
2023-10-11,107,North,21113,17103.0,,06:12:46,06:12:46,5,814,Alderwood Mall Pkwy & Beech Rd,0.0,0.0
2023-10-11,107,North,21113,17103.0,06:11:00,06:13:24,06:13:24,6,2431,Alderwood Mall Pkwy & 184th St SW,0.0,0.0
2023-10-11,107,North,21113,17103.0,,06:14:53,06:14:53,7,2432,Alderwood Mall Pkwy & Maple Rd,0.0,0.0
2023-10-11,107,North,21113,17103.0,,06:19:14,06:19:14,8,970,Hwy 525 & Lincoln Way,0.0,0.0
2023-10-11,107,North,21113,17103.0,06:18:00,06:21:40,06:21:40,9,966,Hwy 525 & Beverly Park Rd,0.0,0.0
2023-10-11,107,North,21113,17103.0,,06:22:29,06:22:29,10,969,Hwy 525 & Harbour Pointe Blvd SW,0.0,0.0
2023-10-11,107,North,21113,17103.0,,06:23:38,06:23:52,11,974,Hwy 525 & Chennault Beach Rd,0.0,1.0
2023-10-11,107,North,21113,17103.0,,06:24:44,06:24:59,12,975,Hwy 525 & Harbour Pointe Blvd,0.0,1.0
2023-10-11,107,North,21113,17103.0,06:23:00,06:26:49,06:26:49,13,965,Hwy 525 & 92nd St SW,0.0,0.0
2023-10-11,107,North,21113,17103.0,,06:27:55,06:28:09,14,3198,84th St SW & SR 525,0.0,1.0
2023-10-11,107,North,21113,17103.0,,06:29:04,06:29:18,15,2485,84th St SW & 44th Ave W,1.0,1.0
2023-10-11,107,North,21113,17103.0,06:33:00,06:33:19,06:33:19,16,3199,Seaway Transit Center,0.0,5.0
2023-10-11,107,North,21114,16807.0,06:41:00,06:41:06,06:41:06,0,2111,Lynnwood Transit Center Bay C3,3.0,0.0
2023-10-11,107,North,21114,16807.0,,06:45:08,06:45:08,1,250,Alderwood Mall Blvd & 44th Ave W,0.0,0.0
2023-10-11,107,North,21114,16807.0,,06:45:22,06:45:22,2,262,Alderwood Mall Blvd & 40th Ave W,0.0,0.0
2023-10-11,107,North,21114,16807.0,,06:46:22,06:46:22,3,371,Alderwood Mall Blvd & 33rd Ave W,0.0,0.0
2023-10-11,107,North,21114,16807.0,,06:47:04,06:47:04,4,370,Alderwood Mall Blvd & 28th Ave W,0.0,0.0
2023-10-11,107,North,21114,16807.0,,06:48:23,06:48:23,5,814,Alderwood Mall Pkwy & Beech Rd,0.0,0.0
2023-10-11,107,North,21114,16807.0,06:46:00,06:48:48,06:48:57,6,2431,Alderwood Mall Pkwy & 184th St SW,1.0,0.0
2023-10-11,107,North,21114,16807.0,,06:50:02,06:50:31,7,2432,Alderwood Mall Pkwy & Maple Rd,1.0,0.0
2023-10-11,107,North,21114,16807.0,,06:55:30,06:55:45,8,970,Hwy 525 & Lincoln Way,1.0,0.0
2023-10-11,107,North,21114,16807.0,06:53:00,06:57:40,06:57:57,9,966,Hwy 525 & Beverly Park Rd,1.0,0.0
2023-10-11,107,North,21114,16807.0,,06:59:31,06:59:58,10,969,Hwy 525 & Harbour Pointe Blvd SW,1.0,2.0
2023-10-11,107,North,21114,16807.0,,07:01:24,07:01:24,11,974,Hwy 525 & Chennault Beach Rd,0.0,0.0
2023-10-11,107,North,21114,16807.0,,07:02:06,07:02:06,12,975,Hwy 525 & Harbour Pointe Blvd,0.0,0.0
2023-10-11,107,North,21114,16807.0,06:58:00,07:04:10,07:04:10,13,965,Hwy 525 & 92nd St SW,0.0,0.0
2023-10-11,107,North,21114,16807.0,,07:05:15,07:05:15,14,3198,84th St SW & SR 525,0.0,0.0
2023-10-11,107,North,21114,16807.0,,07:06:13,07:06:39,15,2485,84th St SW & 44th Ave W,0.0,1.0
2023-10-11,107,North,21114,16807.0,07:09:00,07:11:36,07:11:36,16,3199,Seaway Transit Center,0.0,5.0
2023-10-11,107,South,21115,22805.0,15:50:00,15:50:11,15:50:11,0,3185,Seaway Transit Center Bay 1,4.0,0.0
2023-10-11,107,South,21115,22805.0,,15:56:03,15:56:41,1,2486,84th St SW & 44th Ave W,1.0,0.0
2023-10-11,107,South,21115,22805.0,,15:58:15,15:58:15,2,1457,Hwy 525 & 84th St SW,0.0,0.0
2023-10-11,107,South,21115,22805.0,,15:59:06,15:59:06,3,1458,Hwy 525 & 88th St SW,0.0,0.0
2023-10-11,107,South,21115,22805.0,15:58:00,15:59:32,15:59:32,4,1459,Hwy 525 & 92nd St SW,0.0,0.0
2023-10-11,107,South,21115,22805.0,,16:02:18,16:02:27,5,1466,Hwy 525 & Harbour Pointe Blvd,1.0,0.0
2023-10-11,107,South,21115,22805.0,,16:03:21,16:03:48,6,1461,Hwy 525 & Chennault Beach Rd,2.0,0.0
2023-10-11,107,South,21115,22805.0,,16:04:20,16:04:20,7,1464,Hwy 525 & Russell Rd,0.0,0.0
2023-10-11,107,South,21115,22805.0,,16:06:42,16:07:21,8,1462,Hwy 525 & Harbour Pointe Blvd SW,1.0,2.0
2023-10-11,107,South,21115,22805.0,16:06:00,16:09:42,16:10:25,9,1460,Hwy 525 & Beverly Park Rd,3.0,3.0
2023-10-11,107,South,21115,22805.0,,16:11:48,16:12:00,10,1467,Hwy 525 & Lincoln Way,0.0,2.0
2023-10-11,107,South,21115,22805.0,,16:17:21,16:17:21,11,2433,Alderwood Mall Pkwy & 182nd St SW,0.0,0.0
2023-10-11,107,South,21115,22805.0,16:14:00,16:18:03,16:18:03,12,1303,Alderwood Mall Pkwy & 184th St SW,0.0,0.0
2023-10-11,107,South,21115,22805.0,,16:19:06,16:19:06,13,1305,Alderwood Mall Pkwy & Beech Rd,0.0,0.0
2023-10-11,107,South,21115,22805.0,,16:20:12,16:20:12,14,1742,Alderwood Mall Blvd & 28th Ave W,0.0,0.0
2023-10-11,107,South,21115,22805.0,,16:21:51,16:21:51,15,1743,Alderwood Mall Blvd & 33rd Ave W,0.0,0.0
2023-10-11,107,South,21115,22805.0,,16:24:45,16:24:45,16,1635,Alderwood Mall Blvd & 40th Ave W,0.0,0.0
2023-10-11,107,South,21115,22805.0,16:27:00,16:31:13,16:31:13,17,2035,Lynnwood Transit Center,0.0,5.0
2023-10-11,107,South,21116,17118.0,16:20:00,16:20:22,16:20:22,0,3185,Seaway Transit Center Bay 1,3.0,0.0
2023-10-11,107,South,21116,17118.0,,16:26:50,16:26:50,1,2486,84th St SW & 44th Ave W,0.0,0.0
2023-10-11,107,South,21116,17118.0,,16:28:02,16:28:18,2,1457,Hwy 525 & 84th St SW,1.0,0.0
2023-10-11,107,South,21116,17118.0,,16:28:46,16:28:46,3,1458,Hwy 525 & 88th St SW,0.0,0.0
2023-10-11,107,South,21116,17118.0,16:27:00,16:29:15,16:29:15,4,1459,Hwy 525 & 92nd St SW,0.0,0.0
2023-10-11,107,South,21116,17118.0,,16:32:31,16:32:54,5,1466,Hwy 525 & Harbour Pointe Blvd,2.0,1.0
2023-10-11,107,South,21116,17118.0,,16:33:56,16:33:56,6,1461,Hwy 525 & Chennault Beach Rd,0.0,0.0
2023-10-11,107,South,21116,17118.0,,16:34:22,16:34:22,7,1464,Hwy 525 & Russell Rd,0.0,0.0
2023-10-11,107,South,21116,17118.0,,16:35:35,16:36:04,8,1462,Hwy 525 & Harbour Pointe Blvd SW,3.0,0.0
2023-10-11,107,South,21116,17118.0,16:34:00,16:37:54,16:37:54,9,1460,Hwy 525 & Beverly Park Rd,0.0,0.0
2023-10-11,107,South,21116,17118.0,,16:39:55,16:40:08,10,1467,Hwy 525 & Lincoln Way,0.0,2.0
2023-10-11,107,South,21116,17118.0,,16:43:59,16:43:59,11,2433,Alderwood Mall Pkwy & 182nd St SW,0.0,0.0
2023-10-11,107,South,21116,17118.0,16:42:00,16:45:33,16:45:46,12,1303,Alderwood Mall Pkwy & 184th St SW,0.0,1.0
2023-10-11,107,South,21116,17118.0,,16:46:26,16:46:42,13,1305,Alderwood Mall Pkwy & Beech Rd,0.0,0.0
2023-10-11,107,South,21116,17118.0,,16:47:21,16:47:21,14,1742,Alderwood Mall Blvd & 28th Ave W,0.0,0.0
2023-10-11,107,South,21116,17118.0,,16:48:39,16:48:49,15,1743,Alderwood Mall Blvd & 33rd Ave W,1.0,0.0
2023-10-11,107,South,21116,17118.0,,16:52:21,16:52:21,16,1635,Alderwood Mall Blvd & 40th Ave W,0.0,0.0
2023-10-11,107,South,21116,17118.0,16:54:00,16:57:12,16:57:12,17,2035,Lynnwood Transit Center,0.0,6.0
2023-10-12,107,North,21113,15118.0,06:06:00,06:06:05,06:06:05,0,2111,Lynnwood Transit Center Bay C3,4.0,0.0
2023-10-12,107,North,21113,15118.0,,06:09:10,06:09:10,1,250,Alderwood Mall Blvd & 44th Ave W,0.0,0.0
2023-10-12,107,North,21113,15118.0,,06:09:25,06:09:25,2,262,Alderwood Mall Blvd & 40th Ave W,0.0,0.0
2023-10-12,107,North,21113,15118.0,,06:10:22,06:10:22,3,371,Alderwood Mall Blvd & 33rd Ave W,0.0,0.0
2023-10-12,107,North,21113,15118.0,,06:11:00,06:11:00,4,370,Alderwood Mall Blvd & 28th Ave W,0.0,0.0
2023-10-12,107,North,21113,15118.0,,06:11:40,06:11:40,5,814,Alderwood Mall Pkwy & Beech Rd,0.0,0.0
2023-10-12,107,North,21113,15118.0,06:11:00,06:12:45,06:12:45,6,2431,Alderwood Mall Pkwy & 184th St SW,0.0,0.0
2023-10-12,107,North,21113,15118.0,,06:13:36,06:13:36,7,2432,Alderwood Mall Pkwy & Maple Rd,0.0,0.0
2023-10-12,107,North,21113,15118.0,,06:17:32,06:17:49,8,970,Hwy 525 & Lincoln Way,1.0,0.0
2023-10-12,107,North,21113,15118.0,06:18:00,06:19:08,06:19:08,9,966,Hwy 525 & Beverly Park Rd,0.0,0.0
2023-10-12,107,North,21113,15118.0,,06:20:42,06:20:54,10,969,Hwy 525 & Harbour Pointe Blvd SW,0.0,1.0
2023-10-12,107,North,21113,15118.0,,06:22:04,06:22:04,11,974,Hwy 525 & Chennault Beach Rd,0.0,0.0
2023-10-12,107,North,21113,15118.0,,06:22:58,06:23:24,12,975,Hwy 525 & Harbour Pointe Blvd,0.0,3.0
2023-10-12,107,North,21113,15118.0,06:23:00,06:24:43,06:24:43,13,965,Hwy 525 & 92nd St SW,0.0,0.0
2023-10-12,107,North,21113,15118.0,,06:25:47,06:26:01,14,3198,84th St SW & SR 525,0.0,0.0
2023-10-12,107,North,21113,15118.0,,06:26:56,06:27:10,15,2485,84th St SW & 44th Ave W,1.0,0.0
2023-10-12,107,North,21113,15118.0,06:33:00,06:30:53,06:30:53,16,3199,Seaway Transit Center,0.0,2.0
2023-10-12,107,North,21114,16801.0,06:41:00,06:41:14,06:41:14,0,2111,Lynnwood Transit Center Bay C3,2.0,0.0
2023-10-12,107,North,21114,16801.0,,06:45:09,06:45:09,1,250,Alderwood Mall Blvd & 44th Ave W,0.0,0.0
2023-10-12,107,North,21114,16801.0,,06:45:32,06:45:32,2,262,Alderwood Mall Blvd & 40th Ave W,0.0,0.0
2023-10-12,107,North,21114,16801.0,,06:46:32,06:46:32,3,371,Alderwood Mall Blvd & 33rd Ave W,0.0,0.0
2023-10-12,107,North,21114,16801.0,,06:47:26,06:47:26,4,370,Alderwood Mall Blvd & 28th Ave W,0.0,0.0
2023-10-12,107,North,21114,16801.0,,06:48:46,06:49:17,5,814,Alderwood Mall Pkwy & Beech Rd,2.0,0.0
2023-10-12,107,North,21114,16801.0,06:46:00,06:49:51,06:50:11,6,2431,Alderwood Mall Pkwy & 184th St SW,1.0,0.0
2023-10-12,107,North,21114,16801.0,,06:52:56,06:52:56,7,2432,Alderwood Mall Pkwy & Maple Rd,0.0,0.0
2023-10-12,107,North,21114,16801.0,,06:58:50,06:59:12,8,970,Hwy 525 & Lincoln Way,4.0,0.0
2023-10-12,107,North,21114,16801.0,06:53:00,07:02:35,07:02:53,9,966,Hwy 525 & Beverly Park Rd,2.0,0.0
2023-10-12,107,North,21114,16801.0,,07:03:53,07:04:10,10,969,Hwy 525 & Harbour Pointe Blvd SW,1.0,2.0
2023-10-12,107,North,21114,16801.0,,07:05:22,07:05:36,11,974,Hwy 525 & Chennault Beach Rd,0.0,1.0
2023-10-12,107,North,21114,16801.0,,07:06:27,07:06:52,12,975,Hwy 525 & Harbour Pointe Blvd,0.0,3.0
2023-10-12,107,North,21114,16801.0,06:58:00,07:08:13,07:08:13,13,965,Hwy 525 & 92nd St SW,0.0,0.0
2023-10-12,107,North,21114,16801.0,,07:09:19,07:09:19,14,3198,84th St SW & SR 525,0.0,0.0
2023-10-12,107,North,21114,16801.0,,07:10:12,07:10:12,15,2485,84th St SW & 44th Ave W,0.0,0.0
2023-10-12,107,North,21114,16801.0,07:09:00,07:14:56,07:14:56,16,3199,Seaway Transit Center,0.0,6.0
2023-10-12,107,South,21115,19111.0,15:50:00,15:50:06,15:50:06,0,3185,Seaway Transit Center Bay 1,2.0,0.0
2023-10-12,107,South,21115,19111.0,,15:57:31,15:58:05,1,2486,84th St SW & 44th Ave W,2.0,0.0
2023-10-12,107,South,21115,19111.0,,15:58:58,15:58:58,2,1457,Hwy 525 & 84th St SW,0.0,0.0
2023-10-12,107,South,21115,19111.0,,15:59:24,15:59:24,3,1458,Hwy 525 & 88th St SW,0.0,0.0
2023-10-12,107,South,21115,19111.0,15:58:00,16:00:12,16:00:12,4,1459,Hwy 525 & 92nd St SW,0.0,0.0
2023-10-12,107,South,21115,19111.0,,16:02:47,16:02:47,5,1466,Hwy 525 & Harbour Pointe Blvd,0.0,0.0
2023-10-12,107,South,21115,19111.0,,16:04:29,16:04:44,6,1461,Hwy 525 & Chennault Beach Rd,1.0,0.0
2023-10-12,107,South,21115,19111.0,,16:05:10,16:05:10,7,1464,Hwy 525 & Russell Rd,0.0,0.0
2023-10-12,107,South,21115,19111.0,,16:06:19,16:06:19,8,1462,Hwy 525 & Harbour Pointe Blvd SW,0.0,0.0
2023-10-12,107,South,21115,19111.0,16:06:00,16:08:11,16:08:42,9,1460,Hwy 525 & Beverly Park Rd,4.0,1.0
2023-10-12,107,South,21115,19111.0,,16:10:40,16:10:40,10,1467,Hwy 525 & Lincoln Way,0.0,0.0
2023-10-12,107,South,21115,19111.0,,16:14:54,16:15:04,11,2433,Alderwood Mall Pkwy & 182nd St SW,0.0,1.0
2023-10-12,107,South,21115,19111.0,16:14:00,16:15:59,16:16:17,12,1303,Alderwood Mall Pkwy & 184th St SW,1.0,1.0
2023-10-12,107,South,21115,19111.0,,16:16:58,16:16:58,13,1305,Alderwood Mall Pkwy & Beech Rd,0.0,0.0
2023-10-12,107,South,21115,19111.0,,16:17:29,16:17:29,14,1742,Alderwood Mall Blvd & 28th Ave W,0.0,0.0
2023-10-12,107,South,21115,19111.0,,16:19:12,16:19:12,15,1743,Alderwood Mall Blvd & 33rd Ave W,0.0,0.0
2023-10-12,107,South,21115,19111.0,,16:21:39,16:21:39,16,1635,Alderwood Mall Blvd & 40th Ave W,0.0,0.0
2023-10-12,107,South,21115,19111.0,16:27:00,16:26:39,16:26:39,17,2035,Lynnwood Transit Center,0.0,7.0
2023-10-12,107,South,21116,15110.0,16:20:00,16:19:24,16:19:24,0,3185,Seaway Transit Center Bay 1,2.0,0.0
2023-10-12,107,South,21116,15110.0,,16:25:31,16:25:31,1,2486,84th St SW & 44th Ave W,0.0,0.0
2023-10-12,107,South,21116,15110.0,,16:27:01,16:27:01,2,1457,Hwy 525 & 84th St SW,0.0,0.0
2023-10-12,107,South,21116,15110.0,,16:27:25,16:27:25,3,1458,Hwy 525 & 88th St SW,0.0,0.0
2023-10-12,107,South,21116,15110.0,16:27:00,16:27:55,16:27:55,4,1459,Hwy 525 & 92nd St SW,0.0,0.0
2023-10-12,107,South,21116,15110.0,,16:30:03,16:30:19,5,1466,Hwy 525 & Harbour Pointe Blvd,2.0,0.0
2023-10-12,107,South,21116,15110.0,,16:31:09,16:31:09,6,1461,Hwy 525 & Chennault Beach Rd,0.0,0.0
2023-10-12,107,South,21116,15110.0,,16:31:32,16:31:32,7,1464,Hwy 525 & Russell Rd,0.0,0.0
2023-10-12,107,South,21116,15110.0,,16:33:48,16:34:26,8,1462,Hwy 525 & Harbour Pointe Blvd SW,3.0,0.0
2023-10-12,107,South,21116,15110.0,16:34:00,16:36:22,16:36:22,9,1460,Hwy 525 & Beverly Park Rd,0.0,0.0
2023-10-12,107,South,21116,15110.0,,16:37:40,16:38:33,10,1467,Hwy 525 & Lincoln Way,0.0,1.0
2023-10-12,107,South,21116,15110.0,,16:43:19,16:43:19,11,2433,Alderwood Mall Pkwy & 182nd St SW,0.0,0.0
2023-10-12,107,South,21116,15110.0,16:42:00,16:45:37,16:45:37,12,1303,Alderwood Mall Pkwy & 184th St SW,0.0,0.0
2023-10-12,107,South,21116,15110.0,,16:46:45,16:46:45,13,1305,Alderwood Mall Pkwy & Beech Rd,0.0,0.0
2023-10-12,107,South,21116,15110.0,,16:47:22,16:47:31,14,1742,Alderwood Mall Blvd & 28th Ave W,0.0,0.0
2023-10-12,107,South,21116,15110.0,,16:49:05,16:49:14,15,1743,Alderwood Mall Blvd & 33rd Ave W,0.0,1.0
2023-10-12,107,South,21116,15110.0,,16:52:03,16:52:03,16,1635,Alderwood Mall Blvd & 40th Ave W,0.0,0.0
2023-10-12,107,South,21116,15110.0,16:54:00,17:02:30,17:02:30,17,2035,Lynnwood Transit Center,0.0,5.0
2023-10-13,107,North,21113,19122.0,06:06:00,06:05:53,06:05:53,0,2111,Lynnwood Transit Center Bay C3,4.0,0.0
2023-10-13,107,North,21113,19122.0,,06:08:57,06:08:57,1,250,Alderwood Mall Blvd & 44th Ave W,0.0,0.0
2023-10-13,107,North,21113,19122.0,,06:09:30,06:09:30,2,262,Alderwood Mall Blvd & 40th Ave W,0.0,0.0
2023-10-13,107,North,21113,19122.0,,06:10:34,06:10:34,3,371,Alderwood Mall Blvd & 33rd Ave W,0.0,0.0
2023-10-13,107,North,21113,19122.0,,06:11:22,06:11:22,4,370,Alderwood Mall Blvd & 28th Ave W,0.0,0.0
2023-10-13,107,North,21113,19122.0,,06:12:02,06:12:02,5,814,Alderwood Mall Pkwy & Beech Rd,0.0,0.0
2023-10-13,107,North,21113,19122.0,06:11:00,06:12:32,06:12:32,6,2431,Alderwood Mall Pkwy & 184th St SW,0.0,0.0
2023-10-13,107,North,21113,19122.0,,06:13:41,06:13:41,7,2432,Alderwood Mall Pkwy & Maple Rd,0.0,0.0
2023-10-13,107,North,21113,19122.0,,06:18:07,06:18:07,8,970,Hwy 525 & Lincoln Way,0.0,0.0
2023-10-13,107,North,21113,19122.0,06:18:00,06:19:21,06:19:21,9,966,Hwy 525 & Beverly Park Rd,0.0,0.0
2023-10-13,107,North,21113,19122.0,,06:20:12,06:20:12,10,969,Hwy 525 & Harbour Pointe Blvd SW,0.0,0.0
2023-10-13,107,North,21113,19122.0,,06:21:15,06:21:15,11,974,Hwy 525 & Chennault Beach Rd,0.0,0.0
2023-10-13,107,North,21113,19122.0,,06:22:12,06:22:22,12,975,Hwy 525 & Harbour Pointe Blvd,0.0,1.0
2023-10-13,107,North,21113,19122.0,06:23:00,06:24:22,06:24:22,13,965,Hwy 525 & 92nd St SW,0.0,0.0
2023-10-13,107,North,21113,19122.0,,06:25:29,06:25:42,14,3198,84th St SW & SR 525,0.0,2.0
2023-10-13,107,North,21113,19122.0,,06:26:41,06:26:41,15,2485,84th St SW & 44th Ave W,0.0,0.0
2023-10-13,107,North,21113,19122.0,06:33:00,06:30:22,06:30:22,16,3199,Seaway Transit Center,0.0,1.0
2023-10-13,107,North,21114,21804.0,06:41:00,06:41:06,06:41:06,0,2111,Lynnwood Transit Center Bay C3,4.0,0.0
2023-10-13,107,North,21114,21804.0,,06:44:46,06:44:46,1,250,Alderwood Mall Blvd & 44th Ave W,0.0,0.0
2023-10-13,107,North,21114,21804.0,,06:44:56,06:44:56,2,262,Alderwood Mall Blvd & 40th Ave W,0.0,0.0
2023-10-13,107,North,21114,21804.0,,06:46:02,06:46:14,3,371,Alderwood Mall Blvd & 33rd Ave W,1.0,0.0
2023-10-13,107,North,21114,21804.0,,06:47:05,06:47:05,4,370,Alderwood Mall Blvd & 28th Ave W,0.0,0.0
2023-10-13,107,North,21114,21804.0,,06:48:18,06:48:18,5,814,Alderwood Mall Pkwy & Beech Rd,0.0,0.0
2023-10-13,107,North,21114,21804.0,06:46:00,06:48:43,06:49:04,6,2431,Alderwood Mall Pkwy & 184th St SW,2.0,0.0
2023-10-13,107,North,21114,21804.0,,06:50:16,06:50:16,7,2432,Alderwood Mall Pkwy & Maple Rd,0.0,0.0
2023-10-13,107,North,21114,21804.0,,06:54:16,06:54:16,8,970,Hwy 525 & Lincoln Way,0.0,0.0
2023-10-13,107,North,21114,21804.0,06:53:00,06:55:43,06:55:43,9,966,Hwy 525 & Beverly Park Rd,0.0,0.0
2023-10-13,107,North,21114,21804.0,,06:56:50,06:56:50,10,969,Hwy 525 & Harbour Pointe Blvd SW,0.0,0.0
2023-10-13,107,North,21114,21804.0,,06:58:04,06:58:04,11,974,Hwy 525 & Chennault Beach Rd,0.0,0.0
2023-10-13,107,North,21114,21804.0,,06:58:59,06:58:59,12,975,Hwy 525 & Harbour Pointe Blvd,0.0,0.0
2023-10-13,107,North,21114,21804.0,06:58:00,07:00:21,07:00:35,13,965,Hwy 525 & 92nd St SW,0.0,2.0
2023-10-13,107,North,21114,21804.0,,07:01:46,07:01:46,14,3198,84th St SW & SR 525,0.0,0.0
2023-10-13,107,North,21114,21804.0,,07:03:04,07:03:04,15,2485,84th St SW & 44th Ave W,0.0,0.0
2023-10-13,107,North,21114,21804.0,07:09:00,07:07:00,07:07:00,16,3199,Seaway Transit Center,0.0,5.0
2023-10-13,107,South,21115,17801.0,15:50:00,15:50:13,15:50:13,0,3185,Seaway Transit Center Bay 1,4.0,0.0
2023-10-13,107,South,21115,17801.0,,15:57:02,15:57:02,1,2486,84th St SW & 44th Ave W,0.0,0.0
2023-10-13,107,South,21115,17801.0,,15:58:43,15:58:58,2,1457,Hwy 525 & 84th St SW,1.0,0.0
2023-10-13,107,South,21115,17801.0,,15:59:28,15:59:28,3,1458,Hwy 525 & 88th St SW,0.0,0.0
2023-10-13,107,South,21115,17801.0,15:58:00,16:00:25,16:00:25,4,1459,Hwy 525 & 92nd St SW,0.0,0.0
2023-10-13,107,South,21115,17801.0,,16:02:45,16:03:00,5,1466,Hwy 525 & Harbour Pointe Blvd,1.0,0.0
2023-10-13,107,South,21115,17801.0,,16:03:50,16:03:50,6,1461,Hwy 525 & Chennault Beach Rd,0.0,0.0
2023-10-13,107,South,21115,17801.0,,16:04:11,16:04:11,7,1464,Hwy 525 & Russell Rd,0.0,0.0
2023-10-13,107,South,21115,17801.0,,16:06:16,16:06:16,8,1462,Hwy 525 & Harbour Pointe Blvd SW,0.0,0.0
2023-10-13,107,South,21115,17801.0,16:06:00,16:08:48,16:09:37,9,1460,Hwy 525 & Beverly Park Rd,3.0,0.0
2023-10-13,107,South,21115,17801.0,,16:11:41,16:11:56,10,1467,Hwy 525 & Lincoln Way,1.0,1.0
2023-10-13,107,South,21115,17801.0,,16:17:33,16:17:33,11,2433,Alderwood Mall Pkwy & 182nd St SW,0.0,0.0
2023-10-13,107,South,21115,17801.0,16:14:00,16:19:09,16:19:24,12,1303,Alderwood Mall Pkwy & 184th St SW,0.0,2.0
2023-10-13,107,South,21115,17801.0,,16:20:10,16:20:10,13,1305,Alderwood Mall Pkwy & Beech Rd,0.0,0.0
2023-10-13,107,South,21115,17801.0,,16:21:22,16:21:22,14,1742,Alderwood Mall Blvd & 28th Ave W,0.0,0.0
2023-10-13,107,South,21115,17801.0,,16:22:19,16:22:39,15,1743,Alderwood Mall Blvd & 33rd Ave W,0.0,1.0
2023-10-13,107,South,21115,17801.0,,16:24:21,16:26:28,16,1635,Alderwood Mall Blvd & 40th Ave W,0.0,1.0
2023-10-13,107,South,21115,17801.0,16:27:00,16:31:22,16:31:22,17,2035,Lynnwood Transit Center,0.0,5.0
2023-10-13,107,South,21116,19118.0,16:20:00,16:20:14,16:20:14,0,3185,Seaway Transit Center Bay 1,0.0,0.0
2023-10-13,107,South,21116,19118.0,,16:27:36,16:27:36,1,2486,84th St SW & 44th Ave W,0.0,0.0
2023-10-13,107,South,21116,19118.0,,16:29:17,16:29:17,2,1457,Hwy 525 & 84th St SW,0.0,0.0
2023-10-13,107,South,21116,19118.0,,16:29:41,16:29:41,3,1458,Hwy 525 & 88th St SW,0.0,0.0
2023-10-13,107,South,21116,19118.0,16:27:00,16:30:42,16:31:08,4,1459,Hwy 525 & 92nd St SW,1.0,0.0
2023-10-13,107,South,21116,19118.0,,16:34:00,16:34:12,5,1466,Hwy 525 & Harbour Pointe Blvd,1.0,1.0
2023-10-13,107,South,21116,19118.0,,16:35:03,16:35:03,6,1461,Hwy 525 & Chennault Beach Rd,0.0,0.0
2023-10-13,107,South,21116,19118.0,,16:35:24,16:35:24,7,1464,Hwy 525 & Russell Rd,0.0,0.0
2023-10-13,107,South,21116,19118.0,,16:37:32,16:37:43,8,1462,Hwy 525 & Harbour Pointe Blvd SW,1.0,0.0
2023-10-13,107,South,21116,19118.0,16:34:00,16:39:31,16:39:41,9,1460,Hwy 525 & Beverly Park Rd,2.0,0.0
2023-10-13,107,South,21116,19118.0,,16:41:04,16:41:12,10,1467,Hwy 525 & Lincoln Way,1.0,0.0
2023-10-13,107,South,21116,19118.0,,16:46:56,16:46:56,11,2433,Alderwood Mall Pkwy & 182nd St SW,0.0,0.0
2023-10-13,107,South,21116,19118.0,16:42:00,16:49:10,16:49:21,12,1303,Alderwood Mall Pkwy & 184th St SW,0.0,2.0
2023-10-13,107,South,21116,19118.0,,16:49:57,16:49:57,13,1305,Alderwood Mall Pkwy & Beech Rd,0.0,0.0
2023-10-13,107,South,21116,19118.0,,16:50:43,16:50:43,14,1742,Alderwood Mall Blvd & 28th Ave W,0.0,0.0
2023-10-13,107,South,21116,19118.0,,16:51:33,16:51:49,15,1743,Alderwood Mall Blvd & 33rd Ave W,2.0,0.0
2023-10-13,107,South,21116,19118.0,,16:54:35,16:54:35,16,1635,Alderwood Mall Blvd & 40th Ave W,0.0,0.0
2023-10-13,107,South,21116,19118.0,16:54:00,17:01:38,17:01:38,17,2035,Lynnwood Transit Center,0.0,5.0
2023-10-16,107,North,21113,19112.0,06:06:00,06:07:25,06:07:25,0,2111,Lynnwood Transit Center Bay C3,6.0,0.0
2023-10-16,107,North,21113,19112.0,,06:09:40,06:09:40,1,250,Alderwood Mall Blvd & 44th Ave W,0.0,0.0
2023-10-16,107,North,21113,19112.0,,06:09:57,06:09:57,2,262,Alderwood Mall Blvd & 40th Ave W,0.0,0.0
2023-10-16,107,North,21113,19112.0,,06:10:58,06:10:58,3,371,Alderwood Mall Blvd & 33rd Ave W,0.0,0.0
2023-10-16,107,North,21113,19112.0,,06:11:38,06:11:38,4,370,Alderwood Mall Blvd & 28th Ave W,0.0,0.0
2023-10-16,107,North,21113,19112.0,,06:12:26,06:12:26,5,814,Alderwood Mall Pkwy & Beech Rd,0.0,0.0
2023-10-16,107,North,21113,19112.0,06:11:00,06:12:50,06:12:50,6,2431,Alderwood Mall Pkwy & 184th St SW,0.0,0.0
2023-10-16,107,North,21113,19112.0,,06:13:57,06:13:57,7,2432,Alderwood Mall Pkwy & Maple Rd,0.0,0.0
2023-10-16,107,North,21113,19112.0,,06:18:23,06:18:40,8,970,Hwy 525 & Lincoln Way,1.0,0.0
2023-10-16,107,North,21113,19112.0,06:18:00,06:20:00,06:20:00,9,966,Hwy 525 & Beverly Park Rd,0.0,0.0
2023-10-16,107,North,21113,19112.0,,06:20:59,06:21:11,10,969,Hwy 525 & Harbour Pointe Blvd SW,0.0,1.0
2023-10-16,107,North,21113,19112.0,,06:22:17,06:22:17,11,974,Hwy 525 & Chennault Beach Rd,0.0,0.0
2023-10-16,107,North,21113,19112.0,,06:23:05,06:23:18,12,975,Hwy 525 & Harbour Pointe Blvd,0.0,2.0
2023-10-16,107,North,21113,19112.0,06:23:00,06:24:43,06:24:43,13,965,Hwy 525 & 92nd St SW,0.0,0.0
2023-10-16,107,North,21113,19112.0,,06:25:52,06:26:06,14,3198,84th St SW & SR 525,0.0,2.0
2023-10-16,107,North,21113,19112.0,,06:27:06,06:27:18,15,2485,84th St SW & 44th Ave W,1.0,0.0
2023-10-16,107,North,21113,19112.0,06:33:00,06:31:23,06:31:23,16,3199,Seaway Transit Center,0.0,3.0
2023-10-16,107,North,21114,19806.0,06:41:00,06:41:14,06:41:14,0,2111,Lynnwood Transit Center Bay C3,3.0,0.0
2023-10-16,107,North,21114,19806.0,,06:44:36,06:44:36,1,250,Alderwood Mall Blvd & 44th Ave W,0.0,0.0
2023-10-16,107,North,21114,19806.0,,06:44:51,06:44:51,2,262,Alderwood Mall Blvd & 40th Ave W,0.0,0.0
2023-10-16,107,North,21114,19806.0,,06:45:55,06:45:55,3,371,Alderwood Mall Blvd & 33rd Ave W,0.0,0.0
2023-10-16,107,North,21114,19806.0,,06:46:39,06:46:39,4,370,Alderwood Mall Blvd & 28th Ave W,0.0,0.0
2023-10-16,107,North,21114,19806.0,,06:47:20,06:47:20,5,814,Alderwood Mall Pkwy & Beech Rd,0.0,0.0
2023-10-16,107,North,21114,19806.0,06:46:00,06:47:48,06:48:02,6,2431,Alderwood Mall Pkwy & 184th St SW,1.0,0.0
2023-10-16,107,North,21114,19806.0,,06:49:02,06:49:02,7,2432,Alderwood Mall Pkwy & Maple Rd,0.0,0.0
2023-10-16,107,North,21114,19806.0,,06:54:12,06:54:12,8,970,Hwy 525 & Lincoln Way,0.0,0.0
2023-10-16,107,North,21114,19806.0,06:53:00,06:56:31,06:56:31,9,966,Hwy 525 & Beverly Park Rd,0.0,0.0
2023-10-16,107,North,21114,19806.0,,06:57:33,06:57:53,10,969,Hwy 525 & Harbour Pointe Blvd SW,1.0,0.0
2023-10-16,107,North,21114,19806.0,,06:59:10,06:59:10,11,974,Hwy 525 & Chennault Beach Rd,0.0,0.0
2023-10-16,107,North,21114,19806.0,,07:00:12,07:00:12,12,975,Hwy 525 & Harbour Pointe Blvd,0.0,0.0
2023-10-16,107,North,21114,19806.0,06:58:00,07:01:42,07:01:42,13,965,Hwy 525 & 92nd St SW,0.0,0.0
2023-10-16,107,North,21114,19806.0,,07:03:15,07:03:15,14,3198,84th St SW & SR 525,0.0,0.0
2023-10-16,107,North,21114,19806.0,,07:04:15,07:04:15,15,2485,84th St SW & 44th Ave W,0.0,0.0
2023-10-16,107,North,21114,19806.0,07:09:00,07:08:19,07:08:19,16,3199,Seaway Transit Center,0.0,5.0
2023-10-16,107,South,21115,22806.0,15:50:00,15:50:05,15:50:05,0,3185,Seaway Transit Center Bay 1,5.0,0.0
2023-10-16,107,South,21115,22806.0,,15:56:13,15:56:13,1,2486,84th St SW & 44th Ave W,0.0,0.0
2023-10-16,107,South,21115,22806.0,,15:57:01,15:57:01,2,1457,Hwy 525 & 84th St SW,0.0,0.0
2023-10-16,107,South,21115,22806.0,,15:57:25,15:57:25,3,1458,Hwy 525 & 88th St SW,0.0,0.0
2023-10-16,107,South,21115,22806.0,15:58:00,15:57:52,15:57:52,4,1459,Hwy 525 & 92nd St SW,0.0,0.0
2023-10-16,107,South,21115,22806.0,,16:00:00,16:00:00,5,1466,Hwy 525 & Harbour Pointe Blvd,0.0,0.0
2023-10-16,107,South,21115,22806.0,,16:01:29,16:01:29,6,1461,Hwy 525 & Chennault Beach Rd,0.0,0.0
2023-10-16,107,South,21115,22806.0,,16:01:51,16:01:51,7,1464,Hwy 525 & Russell Rd,0.0,0.0
2023-10-16,107,South,21115,22806.0,,16:03:48,16:03:48,8,1462,Hwy 525 & Harbour Pointe Blvd SW,0.0,0.0
2023-10-16,107,South,21115,22806.0,16:06:00,16:05:40,16:05:40,9,1460,Hwy 525 & Beverly Park Rd,0.0,0.0
2023-10-16,107,South,21115,22806.0,,16:07:11,16:07:11,10,1467,Hwy 525 & Lincoln Way,0.0,0.0
2023-10-16,107,South,21115,22806.0,,16:12:32,16:12:32,11,2433,Alderwood Mall Pkwy & 182nd St SW,0.0,0.0
2023-10-16,107,South,21115,22806.0,16:14:00,16:14:35,16:14:54,12,1303,Alderwood Mall Pkwy & 184th St SW,0.0,1.0
2023-10-16,107,South,21115,22806.0,,16:16:15,16:16:15,13,1305,Alderwood Mall Pkwy & Beech Rd,0.0,0.0
2023-10-16,107,South,21115,22806.0,,16:16:51,16:17:36,14,1742,Alderwood Mall Blvd & 28th Ave W,1.0,0.0
2023-10-16,107,South,21115,22806.0,,16:18:23,16:18:23,15,1743,Alderwood Mall Blvd & 33rd Ave W,0.0,0.0
2023-10-16,107,South,21115,22806.0,,16:19:50,16:19:50,16,1635,Alderwood Mall Blvd & 40th Ave W,0.0,0.0
2023-10-16,107,South,21115,22806.0,16:27:00,16:23:35,16:23:35,17,2035,Lynnwood Transit Center,0.0,5.0
2023-10-16,107,South,21116,19114.0,16:20:00,16:19:58,16:19:58,0,3185,Seaway Transit Center Bay 1,3.0,0.0
2023-10-16,107,South,21116,19114.0,,16:26:14,16:26:34,1,2486,84th St SW & 44th Ave W,3.0,0.0
2023-10-16,107,South,21116,19114.0,,16:27:28,16:27:28,2,1457,Hwy 525 & 84th St SW,0.0,0.0
2023-10-16,107,South,21116,19114.0,,16:27:53,16:27:53,3,1458,Hwy 525 & 88th St SW,0.0,0.0
2023-10-16,107,South,21116,19114.0,16:27:00,16:28:22,16:28:22,4,1459,Hwy 525 & 92nd St SW,0.0,0.0
2023-10-16,107,South,21116,19114.0,,16:30:59,16:31:14,5,1466,Hwy 525 & Harbour Pointe Blvd,1.0,0.0
2023-10-16,107,South,21116,19114.0,,16:32:02,16:32:02,6,1461,Hwy 525 & Chennault Beach Rd,0.0,0.0
2023-10-16,107,South,21116,19114.0,,16:32:23,16:32:23,7,1464,Hwy 525 & Russell Rd,0.0,0.0
2023-10-16,107,South,21116,19114.0,,16:33:59,16:34:29,8,1462,Hwy 525 & Harbour Pointe Blvd SW,2.0,1.0
2023-10-16,107,South,21116,19114.0,16:34:00,16:36:44,16:36:44,9,1460,Hwy 525 & Beverly Park Rd,0.0,0.0
2023-10-16,107,South,21116,19114.0,,16:37:55,16:37:55,10,1467,Hwy 525 & Lincoln Way,0.0,0.0
2023-10-16,107,South,21116,19114.0,,16:43:15,16:43:15,11,2433,Alderwood Mall Pkwy & 182nd St SW,0.0,0.0
2023-10-16,107,South,21116,19114.0,16:42:00,16:44:19,16:44:55,12,1303,Alderwood Mall Pkwy & 184th St SW,1.0,1.0
2023-10-16,107,South,21116,19114.0,,16:45:45,16:45:58,13,1305,Alderwood Mall Pkwy & Beech Rd,0.0,2.0
2023-10-16,107,South,21116,19114.0,,16:46:32,16:46:32,14,1742,Alderwood Mall Blvd & 28th Ave W,0.0,0.0
2023-10-16,107,South,21116,19114.0,,16:47:23,16:47:36,15,1743,Alderwood Mall Blvd & 33rd Ave W,1.0,0.0
2023-10-16,107,South,21116,19114.0,,16:49:04,16:49:04,16,1635,Alderwood Mall Blvd & 40th Ave W,0.0,0.0
2023-10-16,107,South,21116,19114.0,16:54:00,16:53:29,16:53:29,17,2035,Lynnwood Transit Center,0.0,7.0
2023-10-17,107,North,21113,19118.0,06:06:00,06:16:37,06:16:37,0,2111,Lynnwood Transit Center Bay C3,7.0,0.0
2023-10-17,107,North,21113,19118.0,,06:19:35,06:19:35,1,250,Alderwood Mall Blvd & 44th Ave W,0.0,0.0
2023-10-17,107,North,21113,19118.0,,06:19:48,06:19:48,2,262,Alderwood Mall Blvd & 40th Ave W,0.0,0.0
2023-10-17,107,North,21113,19118.0,,06:20:47,06:20:47,3,371,Alderwood Mall Blvd & 33rd Ave W,0.0,0.0
2023-10-17,107,North,21113,19118.0,,06:21:28,06:21:28,4,370,Alderwood Mall Blvd & 28th Ave W,0.0,0.0
2023-10-17,107,North,21113,19118.0,,06:22:24,06:22:24,5,814,Alderwood Mall Pkwy & Beech Rd,0.0,0.0
2023-10-17,107,North,21113,19118.0,06:11:00,06:22:42,06:22:42,6,2431,Alderwood Mall Pkwy & 184th St SW,0.0,0.0
2023-10-17,107,North,21113,19118.0,,06:23:52,06:23:52,7,2432,Alderwood Mall Pkwy & Maple Rd,0.0,0.0
2023-10-17,107,North,21113,19118.0,,06:28:23,06:28:23,8,970,Hwy 525 & Lincoln Way,0.0,0.0
2023-10-17,107,North,21113,19118.0,06:18:00,06:29:31,06:29:31,9,966,Hwy 525 & Beverly Park Rd,0.0,0.0
2023-10-17,107,North,21113,19118.0,,06:30:24,06:30:35,10,969,Hwy 525 & Harbour Pointe Blvd SW,0.0,1.0
2023-10-17,107,North,21113,19118.0,,06:31:44,06:31:44,11,974,Hwy 525 & Chennault Beach Rd,0.0,0.0
2023-10-17,107,North,21113,19118.0,,06:32:48,06:32:58,12,975,Hwy 525 & Harbour Pointe Blvd,0.0,1.0
2023-10-17,107,North,21113,19118.0,06:23:00,06:34:56,06:34:56,13,965,Hwy 525 & 92nd St SW,0.0,0.0
2023-10-17,107,North,21113,19118.0,,06:36:01,06:36:15,14,3198,84th St SW & SR 525,0.0,2.0
2023-10-17,107,North,21113,19118.0,,06:37:03,06:37:03,15,2485,84th St SW & 44th Ave W,0.0,0.0
2023-10-17,107,North,21113,19118.0,06:33:00,06:41:22,06:41:22,16,3199,Seaway Transit Center,0.0,3.0
2023-10-17,107,North,21114,16809.0,06:41:00,06:43:49,06:43:49,0,2111,Lynnwood Transit Center Bay C3,0.0,0.0
2023-10-17,107,North,21114,16809.0,,06:47:41,06:47:41,1,250,Alderwood Mall Blvd & 44th Ave W,0.0,0.0
2023-10-17,107,North,21114,16809.0,,06:47:51,06:47:51,2,262,Alderwood Mall Blvd & 40th Ave W,0.0,0.0
2023-10-17,107,North,21114,16809.0,,06:48:49,06:48:49,3,371,Alderwood Mall Blvd & 33rd Ave W,0.0,0.0
2023-10-17,107,North,21114,16809.0,,06:49:33,06:49:33,4,370,Alderwood Mall Blvd & 28th Ave W,0.0,0.0
2023-10-17,107,North,21114,16809.0,,06:51:07,06:51:07,5,814,Alderwood Mall Pkwy & Beech Rd,0.0,0.0
2023-10-17,107,North,21114,16809.0,06:46:00,06:51:30,06:51:58,6,2431,Alderwood Mall Pkwy & 184th St SW,4.0,0.0
2023-10-17,107,North,21114,16809.0,,06:53:13,06:53:13,7,2432,Alderwood Mall Pkwy & Maple Rd,0.0,0.0
2023-10-17,107,North,21114,16809.0,,06:58:12,06:58:12,8,970,Hwy 525 & Lincoln Way,0.0,0.0
2023-10-17,107,North,21114,16809.0,06:53:00,07:00:50,07:01:16,9,966,Hwy 525 & Beverly Park Rd,1.0,0.0
2023-10-17,107,North,21114,16809.0,,07:02:24,07:02:48,10,969,Hwy 525 & Harbour Pointe Blvd SW,1.0,0.0
2023-10-17,107,North,21114,16809.0,,07:04:42,07:04:42,11,974,Hwy 525 & Chennault Beach Rd,0.0,0.0
2023-10-17,107,North,21114,16809.0,,07:05:20,07:05:20,12,975,Hwy 525 & Harbour Pointe Blvd,0.0,0.0
2023-10-17,107,North,21114,16809.0,06:58:00,07:06:44,07:06:44,13,965,Hwy 525 & 92nd St SW,0.0,0.0
2023-10-17,107,North,21114,16809.0,,07:07:55,07:07:55,14,3198,84th St SW & SR 525,0.0,0.0
2023-10-17,107,North,21114,16809.0,,07:09:20,07:09:33,15,2485,84th St SW & 44th Ave W,0.0,2.0
2023-10-17,107,North,21114,16809.0,07:09:00,07:14:02,07:14:02,16,3199,Seaway Transit Center,1.0,5.0
2023-10-17,107,South,21115,21802.0,15:50:00,15:50:09,15:50:09,0,3185,Seaway Transit Center Bay 1,5.0,0.0
2023-10-17,107,South,21115,21802.0,,15:56:58,15:57:28,1,2486,84th St SW & 44th Ave W,1.0,0.0
2023-10-17,107,South,21115,21802.0,,15:58:20,15:58:20,2,1457,Hwy 525 & 84th St SW,0.0,0.0
2023-10-17,107,South,21115,21802.0,,15:58:45,15:58:45,3,1458,Hwy 525 & 88th St SW,0.0,0.0
2023-10-17,107,South,21115,21802.0,15:58:00,15:59:13,15:59:13,4,1459,Hwy 525 & 92nd St SW,0.0,0.0
2023-10-17,107,South,21115,21802.0,,16:01:19,16:01:19,5,1466,Hwy 525 & Harbour Pointe Blvd,0.0,0.0
2023-10-17,107,South,21115,21802.0,,16:02:10,16:02:30,6,1461,Hwy 525 & Chennault Beach Rd,1.0,0.0
2023-10-17,107,South,21115,21802.0,,16:02:57,16:02:57,7,1464,Hwy 525 & Russell Rd,0.0,0.0
2023-10-17,107,South,21115,21802.0,,16:05:16,16:05:43,8,1462,Hwy 525 & Harbour Pointe Blvd SW,0.0,1.0
2023-10-17,107,South,21115,21802.0,16:06:00,16:08:42,16:09:38,9,1460,Hwy 525 & Beverly Park Rd,4.0,1.0
2023-10-17,107,South,21115,21802.0,,16:11:03,16:11:13,10,1467,Hwy 525 & Lincoln Way,0.0,0.0
2023-10-17,107,South,21115,21802.0,,16:18:09,16:18:09,11,2433,Alderwood Mall Pkwy & 182nd St SW,0.0,0.0
2023-10-17,107,South,21115,21802.0,16:14:00,16:19:28,16:19:40,12,1303,Alderwood Mall Pkwy & 184th St SW,0.0,1.0
2023-10-17,107,South,21115,21802.0,,16:20:10,16:20:21,13,1305,Alderwood Mall Pkwy & Beech Rd,0.0,1.0
2023-10-17,107,South,21115,21802.0,,16:21:02,16:21:02,14,1742,Alderwood Mall Blvd & 28th Ave W,0.0,0.0
2023-10-17,107,South,21115,21802.0,,16:21:48,16:21:48,15,1743,Alderwood Mall Blvd & 33rd Ave W,0.0,0.0
2023-10-17,107,South,21115,21802.0,,16:24:13,16:24:13,16,1635,Alderwood Mall Blvd & 40th Ave W,0.0,0.0
2023-10-17,107,South,21115,21802.0,16:27:00,16:28:27,16:28:27,17,2035,Lynnwood Transit Center,0.0,7.0
2023-10-17,107,South,21116,17123.0,16:20:00,16:20:16,16:20:16,0,3185,Seaway Transit Center Bay 1,2.0,0.0
2023-10-17,107,South,21116,17123.0,,16:25:55,16:25:55,1,2486,84th St SW & 44th Ave W,0.0,0.0
2023-10-17,107,South,21116,17123.0,,16:27:40,16:28:00,2,1457,Hwy 525 & 84th St SW,1.0,0.0
2023-10-17,107,South,21116,17123.0,,16:28:35,16:28:59,3,1458,Hwy 525 & 88th St SW,2.0,0.0
2023-10-17,107,South,21116,17123.0,16:27:00,16:29:32,16:29:32,4,1459,Hwy 525 & 92nd St SW,0.0,0.0
2023-10-17,107,South,21116,17123.0,,16:31:41,16:31:56,5,1466,Hwy 525 & Harbour Pointe Blvd,1.0,1.0
2023-10-17,107,South,21116,17123.0,,16:32:40,16:32:40,6,1461,Hwy 525 & Chennault Beach Rd,0.0,0.0
2023-10-17,107,South,21116,17123.0,,16:33:01,16:33:01,7,1464,Hwy 525 & Russell Rd,0.0,0.0
2023-10-17,107,South,21116,17123.0,,16:35:25,16:35:55,8,1462,Hwy 525 & Harbour Pointe Blvd SW,2.0,1.0
2023-10-17,107,South,21116,17123.0,16:34:00,16:37:28,16:37:42,9,1460,Hwy 525 & Beverly Park Rd,1.0,0.0
2023-10-17,107,South,21116,17123.0,,16:39:36,16:39:36,10,1467,Hwy 525 & Lincoln Way,0.0,0.0
2023-10-17,107,South,21116,17123.0,,16:43:58,16:43:58,11,2433,Alderwood Mall Pkwy & 182nd St SW,0.0,0.0
2023-10-17,107,South,21116,17123.0,16:42:00,16:45:46,16:45:55,12,1303,Alderwood Mall Pkwy & 184th St SW,0.0,1.0
2023-10-17,107,South,21116,17123.0,,16:46:40,16:46:50,13,1305,Alderwood Mall Pkwy & Beech Rd,0.0,2.0
2023-10-17,107,South,21116,17123.0,,16:47:53,16:47:53,14,1742,Alderwood Mall Blvd & 28th Ave W,0.0,0.0
2023-10-17,107,South,21116,17123.0,,16:48:41,16:48:41,15,1743,Alderwood Mall Blvd & 33rd Ave W,0.0,0.0
2023-10-17,107,South,21116,17123.0,,16:49:52,16:50:00,16,1635,Alderwood Mall Blvd & 40th Ave W,0.0,1.0
2023-10-17,107,South,21116,17123.0,16:54:00,16:54:44,16:54:44,17,2035,Lynnwood Transit Center,0.0,3.0
2023-10-18,107,North,21113,19101.0,06:06:00,06:05:52,06:05:52,0,2111,Lynnwood Transit Center Bay C3,5.0,0.0
2023-10-18,107,North,21113,19101.0,,06:08:29,06:08:29,1,250,Alderwood Mall Blvd & 44th Ave W,0.0,0.0
2023-10-18,107,North,21113,19101.0,,06:08:44,06:08:44,2,262,Alderwood Mall Blvd & 40th Ave W,0.0,0.0
2023-10-18,107,North,21113,19101.0,,06:09:45,06:09:45,3,371,Alderwood Mall Blvd & 33rd Ave W,0.0,0.0
2023-10-18,107,North,21113,19101.0,,06:10:36,06:10:36,4,370,Alderwood Mall Blvd & 28th Ave W,0.0,0.0
2023-10-18,107,North,21113,19101.0,,06:11:32,06:11:32,5,814,Alderwood Mall Pkwy & Beech Rd,0.0,0.0
2023-10-18,107,North,21113,19101.0,06:11:00,06:11:57,06:12:05,6,2431,Alderwood Mall Pkwy & 184th St SW,0.0,0.0
2023-10-18,107,North,21113,19101.0,,06:13:16,06:13:16,7,2432,Alderwood Mall Pkwy & Maple Rd,0.0,0.0
2023-10-18,107,North,21113,19101.0,,06:17:47,06:17:47,8,970,Hwy 525 & Lincoln Way,0.0,0.0
2023-10-18,107,North,21113,19101.0,06:18:00,06:18:56,06:18:56,9,966,Hwy 525 & Beverly Park Rd,0.0,0.0
2023-10-18,107,North,21113,19101.0,,06:19:57,06:19:57,10,969,Hwy 525 & Harbour Pointe Blvd SW,0.0,0.0
2023-10-18,107,North,21113,19101.0,,06:21:03,06:21:03,11,974,Hwy 525 & Chennault Beach Rd,0.0,0.0
2023-10-18,107,North,21113,19101.0,,06:21:49,06:22:01,12,975,Hwy 525 & Harbour Pointe Blvd,0.0,1.0
2023-10-18,107,North,21113,19101.0,06:23:00,06:24:02,06:24:02,13,965,Hwy 525 & 92nd St SW,0.0,0.0
2023-10-18,107,North,21113,19101.0,,06:25:02,06:25:14,14,3198,84th St SW & SR 525,0.0,1.0
2023-10-18,107,North,21113,19101.0,,06:26:12,06:26:25,15,2485,84th St SW & 44th Ave W,1.0,0.0
2023-10-18,107,North,21113,19101.0,06:33:00,06:30:06,06:30:06,16,3199,Seaway Transit Center,0.0,4.0
2023-10-18,107,North,21114,21808.0,06:41:00,06:41:05,06:41:05,0,2111,Lynnwood Transit Center Bay C3,6.0,0.0
2023-10-18,107,North,21114,21808.0,,06:44:40,06:44:40,1,250,Alderwood Mall Blvd & 44th Ave W,0.0,0.0
2023-10-18,107,North,21114,21808.0,,06:44:54,06:44:54,2,262,Alderwood Mall Blvd & 40th Ave W,0.0,0.0
2023-10-18,107,North,21114,21808.0,,06:46:04,06:46:04,3,371,Alderwood Mall Blvd & 33rd Ave W,0.0,0.0
2023-10-18,107,North,21114,21808.0,,06:46:44,06:46:44,4,370,Alderwood Mall Blvd & 28th Ave W,0.0,0.0
2023-10-18,107,North,21114,21808.0,,06:47:30,06:47:30,5,814,Alderwood Mall Pkwy & Beech Rd,0.0,0.0
2023-10-18,107,North,21114,21808.0,06:46:00,06:47:55,06:48:59,6,2431,Alderwood Mall Pkwy & 184th St SW,1.0,0.0
2023-10-18,107,North,21114,21808.0,,06:49:49,06:49:49,7,2432,Alderwood Mall Pkwy & Maple Rd,0.0,0.0
2023-10-18,107,North,21114,21808.0,,06:54:49,06:55:06,8,970,Hwy 525 & Lincoln Way,1.0,0.0
2023-10-18,107,North,21114,21808.0,06:53:00,06:57:29,06:57:29,9,966,Hwy 525 & Beverly Park Rd,0.0,0.0
2023-10-18,107,North,21114,21808.0,,06:58:17,06:58:37,10,969,Hwy 525 & Harbour Pointe Blvd SW,1.0,2.0
2023-10-18,107,North,21114,21808.0,,06:59:41,06:59:41,11,974,Hwy 525 & Chennault Beach Rd,0.0,0.0
2023-10-18,107,North,21114,21808.0,,07:00:26,07:00:38,12,975,Hwy 525 & Harbour Pointe Blvd,0.0,1.0
2023-10-18,107,North,21114,21808.0,06:58:00,07:01:48,07:01:48,13,965,Hwy 525 & 92nd St SW,0.0,0.0
2023-10-18,107,North,21114,21808.0,,07:03:00,07:03:00,14,3198,84th St SW & SR 525,0.0,0.0
2023-10-18,107,North,21114,21808.0,,07:04:17,07:04:17,15,2485,84th St SW & 44th Ave W,0.0,0.0
2023-10-18,107,North,21114,21808.0,07:09:00,07:09:08,07:09:08,16,3199,Seaway Transit Center,0.0,6.0
2023-10-18,107,South,21115,21811.0,15:50:00,15:51:01,15:51:01,0,3185,Seaway Transit Center Bay 1,3.0,0.0
2023-10-18,107,South,21115,21811.0,,15:57:43,15:57:43,1,2486,84th St SW & 44th Ave W,0.0,0.0
2023-10-18,107,South,21115,21811.0,,15:59:14,15:59:14,2,1457,Hwy 525 & 84th St SW,0.0,0.0
2023-10-18,107,South,21115,21811.0,,15:59:38,15:59:38,3,1458,Hwy 525 & 88th St SW,0.0,0.0
2023-10-18,107,South,21115,21811.0,15:58:00,16:00:08,16:00:08,4,1459,Hwy 525 & 92nd St SW,0.0,0.0
2023-10-18,107,South,21115,21811.0,,16:01:52,16:02:06,5,1466,Hwy 525 & Harbour Pointe Blvd,1.0,0.0
2023-10-18,107,South,21115,21811.0,,16:03:28,16:03:28,6,1461,Hwy 525 & Chennault Beach Rd,0.0,0.0
2023-10-18,107,South,21115,21811.0,,16:03:50,16:03:50,7,1464,Hwy 525 & Russell Rd,0.0,0.0
2023-10-18,107,South,21115,21811.0,,16:05:30,16:05:30,8,1462,Hwy 525 & Harbour Pointe Blvd SW,0.0,0.0
2023-10-18,107,South,21115,21811.0,16:06:00,16:08:28,16:09:32,9,1460,Hwy 525 & Beverly Park Rd,4.0,0.0
2023-10-18,107,South,21115,21811.0,,16:11:19,16:11:44,10,1467,Hwy 525 & Lincoln Way,2.0,1.0
2023-10-18,107,South,21115,21811.0,,16:17:14,16:17:14,11,2433,Alderwood Mall Pkwy & 182nd St SW,0.0,0.0
2023-10-18,107,South,21115,21811.0,16:14:00,16:18:13,16:19:29,12,1303,Alderwood Mall Pkwy & 184th St SW,0.0,3.0
2023-10-18,107,South,21115,21811.0,,16:20:04,16:20:04,13,1305,Alderwood Mall Pkwy & Beech Rd,0.0,0.0
2023-10-18,107,South,21115,21811.0,,16:21:24,16:21:24,14,1742,Alderwood Mall Blvd & 28th Ave W,0.0,0.0
2023-10-18,107,South,21115,21811.0,,16:22:11,16:22:11,15,1743,Alderwood Mall Blvd & 33rd Ave W,0.0,0.0
2023-10-18,107,South,21115,21811.0,,16:23:48,16:24:02,16,1635,Alderwood Mall Blvd & 40th Ave W,0.0,1.0
2023-10-18,107,South,21115,21811.0,16:27:00,16:29:37,16:29:37,17,2035,Lynnwood Transit Center,0.0,5.0
2023-10-18,107,South,21116,19804.0,16:20:00,16:19:56,16:19:56,0,3185,Seaway Transit Center Bay 1,3.0,0.0
2023-10-18,107,South,21116,19804.0,,16:26:31,16:27:06,1,2486,84th St SW & 44th Ave W,0.0,1.0
2023-10-18,107,South,21116,19804.0,,16:28:24,16:29:00,2,1457,Hwy 525 & 84th St SW,3.0,0.0
2023-10-18,107,South,21116,19804.0,,16:29:35,16:29:35,3,1458,Hwy 525 & 88th St SW,0.0,0.0
2023-10-18,107,South,21116,19804.0,16:27:00,16:30:30,16:30:30,4,1459,Hwy 525 & 92nd St SW,0.0,0.0
2023-10-18,107,South,21116,19804.0,,16:32:45,16:33:17,5,1466,Hwy 525 & Harbour Pointe Blvd,3.0,0.0
2023-10-18,107,South,21116,19804.0,,16:35:34,16:35:34,6,1461,Hwy 525 & Chennault Beach Rd,0.0,0.0
2023-10-18,107,South,21116,19804.0,,16:36:01,16:36:01,7,1464,Hwy 525 & Russell Rd,0.0,0.0
2023-10-18,107,South,21116,19804.0,,16:38:17,16:38:43,8,1462,Hwy 525 & Harbour Pointe Blvd SW,2.0,0.0
2023-10-18,107,South,21116,19804.0,16:34:00,16:40:43,16:41:10,9,1460,Hwy 525 & Beverly Park Rd,0.0,3.0
2023-10-18,107,South,21116,19804.0,,16:42:49,16:43:01,10,1467,Hwy 525 & Lincoln Way,0.0,2.0
2023-10-18,107,South,21116,19804.0,,16:48:04,16:48:04,11,2433,Alderwood Mall Pkwy & 182nd St SW,0.0,0.0
2023-10-18,107,South,21116,19804.0,16:42:00,16:50:03,16:50:03,12,1303,Alderwood Mall Pkwy & 184th St SW,0.0,0.0
2023-10-18,107,South,21116,19804.0,,16:50:25,16:50:25,13,1305,Alderwood Mall Pkwy & Beech Rd,0.0,0.0
2023-10-18,107,South,21116,19804.0,,16:51:02,16:51:29,14,1742,Alderwood Mall Blvd & 28th Ave W,4.0,0.0
2023-10-18,107,South,21116,19804.0,,16:52:30,16:52:53,15,1743,Alderwood Mall Blvd & 33rd Ave W,3.0,0.0
2023-10-18,107,South,21116,19804.0,,16:55:29,16:55:29,16,1635,Alderwood Mall Blvd & 40th Ave W,0.0,0.0
2023-10-18,107,South,21116,19804.0,16:54:00,17:00:59,17:00:59,17,2035,Lynnwood Transit Center,0.0,12.0
2023-10-19,107,North,21113,19101.0,06:06:00,06:05:57,06:05:57,0,2111,Lynnwood Transit Center Bay C3,8.0,0.0
2023-10-19,107,North,21113,19101.0,,06:08:14,06:08:14,1,250,Alderwood Mall Blvd & 44th Ave W,0.0,0.0
2023-10-19,107,North,21113,19101.0,,06:08:27,06:08:27,2,262,Alderwood Mall Blvd & 40th Ave W,0.0,0.0
2023-10-19,107,North,21113,19101.0,,06:09:21,06:09:21,3,371,Alderwood Mall Blvd & 33rd Ave W,0.0,0.0
2023-10-19,107,North,21113,19101.0,,06:10:02,06:10:02,4,370,Alderwood Mall Blvd & 28th Ave W,0.0,0.0
2023-10-19,107,North,21113,19101.0,,06:10:41,06:10:41,5,814,Alderwood Mall Pkwy & Beech Rd,0.0,0.0
2023-10-19,107,North,21113,19101.0,06:11:00,06:10:59,06:10:59,6,2431,Alderwood Mall Pkwy & 184th St SW,0.0,0.0
2023-10-19,107,North,21113,19101.0,,06:12:22,06:12:22,7,2432,Alderwood Mall Pkwy & Maple Rd,0.0,0.0
2023-10-19,107,North,21113,19101.0,,06:16:12,06:16:36,8,970,Hwy 525 & Lincoln Way,1.0,0.0
2023-10-19,107,North,21113,19101.0,06:18:00,06:18:40,06:18:40,9,966,Hwy 525 & Beverly Park Rd,0.0,0.0
2023-10-19,107,North,21113,19101.0,,06:19:31,06:19:41,10,969,Hwy 525 & Harbour Pointe Blvd SW,0.0,1.0
2023-10-19,107,North,21113,19101.0,,06:20:50,06:20:50,11,974,Hwy 525 & Chennault Beach Rd,0.0,0.0
2023-10-19,107,North,21113,19101.0,,06:21:33,06:21:46,12,975,Hwy 525 & Harbour Pointe Blvd,0.0,2.0
2023-10-19,107,North,21113,19101.0,06:23:00,06:23:06,06:23:06,13,965,Hwy 525 & 92nd St SW,0.0,0.0
2023-10-19,107,North,21113,19101.0,,06:24:08,06:24:20,14,3198,84th St SW & SR 525,0.0,1.0
2023-10-19,107,North,21113,19101.0,,06:25:32,06:25:43,15,2485,84th St SW & 44th Ave W,1.0,2.0
2023-10-19,107,North,21113,19101.0,06:33:00,06:29:15,06:29:15,16,3199,Seaway Transit Center,0.0,4.0
2023-10-19,107,North,21114,22808.0,06:41:00,06:41:16,06:41:16,0,2111,Lynnwood Transit Center Bay C3,2.0,0.0
2023-10-19,107,North,21114,22808.0,,06:44:09,06:44:09,1,250,Alderwood Mall Blvd & 44th Ave W,0.0,0.0
2023-10-19,107,North,21114,22808.0,,06:44:22,06:44:22,2,262,Alderwood Mall Blvd & 40th Ave W,0.0,0.0
2023-10-19,107,North,21114,22808.0,,06:45:18,06:45:18,3,371,Alderwood Mall Blvd & 33rd Ave W,0.0,0.0
2023-10-19,107,North,21114,22808.0,,06:46:06,06:46:20,4,370,Alderwood Mall Blvd & 28th Ave W,1.0,0.0
2023-10-19,107,North,21114,22808.0,,06:47:52,06:47:52,5,814,Alderwood Mall Pkwy & Beech Rd,0.0,0.0
2023-10-19,107,North,21114,22808.0,06:46:00,06:48:18,06:49:10,6,2431,Alderwood Mall Pkwy & 184th St SW,4.0,0.0
2023-10-19,107,North,21114,22808.0,,06:50:28,06:50:28,7,2432,Alderwood Mall Pkwy & Maple Rd,0.0,0.0
2023-10-19,107,North,21114,22808.0,,06:54:43,06:54:43,8,970,Hwy 525 & Lincoln Way,0.0,0.0
2023-10-19,107,North,21114,22808.0,06:53:00,06:57:22,06:57:22,9,966,Hwy 525 & Beverly Park Rd,0.0,0.0
2023-10-19,107,North,21114,22808.0,,06:58:13,06:58:27,10,969,Hwy 525 & Harbour Pointe Blvd SW,1.0,0.0
2023-10-19,107,North,21114,22808.0,,06:59:36,06:59:36,11,974,Hwy 525 & Chennault Beach Rd,0.0,0.0
2023-10-19,107,North,21114,22808.0,,07:00:45,07:00:45,12,975,Hwy 525 & Harbour Pointe Blvd,0.0,0.0
2023-10-19,107,North,21114,22808.0,06:58:00,07:03:12,07:03:31,13,965,Hwy 525 & 92nd St SW,0.0,2.0
2023-10-19,107,North,21114,22808.0,,07:04:47,07:04:47,14,3198,84th St SW & SR 525,0.0,0.0
2023-10-19,107,North,21114,22808.0,,07:05:37,07:05:37,15,2485,84th St SW & 44th Ave W,0.0,0.0
2023-10-19,107,North,21114,22808.0,07:09:00,07:10:11,07:10:11,16,3199,Seaway Transit Center,0.0,6.0
2023-10-19,107,South,21115,22801.0,15:50:00,15:50:07,15:50:07,0,3185,Seaway Transit Center Bay 1,3.0,0.0
2023-10-19,107,South,21115,22801.0,,15:55:42,15:56:13,1,2486,84th St SW & 44th Ave W,1.0,0.0
2023-10-19,107,South,21115,22801.0,,15:58:36,15:58:36,2,1457,Hwy 525 & 84th St SW,0.0,0.0
2023-10-19,107,South,21115,22801.0,,15:59:01,15:59:01,3,1458,Hwy 525 & 88th St SW,0.0,0.0
2023-10-19,107,South,21115,22801.0,15:58:00,16:00:09,16:00:09,4,1459,Hwy 525 & 92nd St SW,0.0,0.0
2023-10-19,107,South,21115,22801.0,,16:01:20,16:01:20,5,1466,Hwy 525 & Harbour Pointe Blvd,0.0,0.0
2023-10-19,107,South,21115,22801.0,,16:02:17,16:02:33,6,1461,Hwy 525 & Chennault Beach Rd,0.0,1.0
2023-10-19,107,South,21115,22801.0,,16:03:00,16:03:00,7,1464,Hwy 525 & Russell Rd,0.0,0.0
2023-10-19,107,South,21115,22801.0,,16:05:28,16:05:28,8,1462,Hwy 525 & Harbour Pointe Blvd SW,0.0,0.0
2023-10-19,107,South,21115,22801.0,16:06:00,16:08:27,16:09:14,9,1460,Hwy 525 & Beverly Park Rd,7.0,1.0
2023-10-19,107,South,21115,22801.0,,16:10:23,16:10:23,10,1467,Hwy 525 & Lincoln Way,0.0,0.0
2023-10-19,107,South,21115,22801.0,,16:15:01,16:15:01,11,2433,Alderwood Mall Pkwy & 182nd St SW,0.0,0.0
2023-10-19,107,South,21115,22801.0,16:14:00,16:16:15,16:16:36,12,1303,Alderwood Mall Pkwy & 184th St SW,0.0,3.0
2023-10-19,107,South,21115,22801.0,,16:17:25,16:17:25,13,1305,Alderwood Mall Pkwy & Beech Rd,0.0,0.0
2023-10-19,107,South,21115,22801.0,,16:17:59,16:17:59,14,1742,Alderwood Mall Blvd & 28th Ave W,0.0,0.0
2023-10-19,107,South,21115,22801.0,,16:19:02,16:19:02,15,1743,Alderwood Mall Blvd & 33rd Ave W,0.0,0.0
2023-10-19,107,South,21115,22801.0,,16:20:35,16:20:52,16,1635,Alderwood Mall Blvd & 40th Ave W,0.0,3.0
2023-10-19,107,South,21115,22801.0,16:27:00,16:23:52,16:23:52,17,2035,Lynnwood Transit Center,0.0,3.0
2023-10-19,107,South,21116,17124.0,16:20:00,16:22:26,16:22:26,0,3185,Seaway Transit Center Bay 1,1.0,0.0
2023-10-19,107,South,21116,17124.0,,16:28:19,16:28:19,1,2486,84th St SW & 44th Ave W,0.0,0.0
2023-10-19,107,South,21116,17124.0,,16:29:20,16:30:23,2,1457,Hwy 525 & 84th St SW,1.0,0.0
2023-10-19,107,South,21116,17124.0,,16:30:54,16:30:54,3,1458,Hwy 525 & 88th St SW,0.0,0.0
2023-10-19,107,South,21116,17124.0,16:27:00,16:31:41,16:31:41,4,1459,Hwy 525 & 92nd St SW,0.0,0.0
2023-10-19,107,South,21116,17124.0,,16:33:52,16:33:52,5,1466,Hwy 525 & Harbour Pointe Blvd,0.0,0.0
2023-10-19,107,South,21116,17124.0,,16:34:30,16:34:30,6,1461,Hwy 525 & Chennault Beach Rd,0.0,0.0
2023-10-19,107,South,21116,17124.0,,16:34:50,16:34:50,7,1464,Hwy 525 & Russell Rd,0.0,0.0
2023-10-19,107,South,21116,17124.0,,16:36:09,16:36:36,8,1462,Hwy 525 & Harbour Pointe Blvd SW,4.0,0.0
2023-10-19,107,South,21116,17124.0,16:34:00,16:37:59,16:38:45,9,1460,Hwy 525 & Beverly Park Rd,1.0,1.0
2023-10-19,107,South,21116,17124.0,,16:40:01,16:40:11,10,1467,Hwy 525 & Lincoln Way,0.0,1.0
2023-10-19,107,South,21116,17124.0,,16:46:36,16:46:36,11,2433,Alderwood Mall Pkwy & 182nd St SW,0.0,0.0
2023-10-19,107,South,21116,17124.0,16:42:00,16:47:37,16:47:44,12,1303,Alderwood Mall Pkwy & 184th St SW,0.0,0.0
2023-10-19,107,South,21116,17124.0,,16:48:27,16:48:27,13,1305,Alderwood Mall Pkwy & Beech Rd,0.0,0.0
2023-10-19,107,South,21116,17124.0,,16:49:38,16:49:38,14,1742,Alderwood Mall Blvd & 28th Ave W,0.0,0.0
2023-10-19,107,South,21116,17124.0,,16:50:21,16:50:36,15,1743,Alderwood Mall Blvd & 33rd Ave W,1.0,0.0
2023-10-19,107,South,21116,17124.0,,16:51:48,16:51:57,16,1635,Alderwood Mall Blvd & 40th Ave W,0.0,1.0
2023-10-19,107,South,21116,17124.0,16:54:00,16:56:06,16:56:06,17,2035,Lynnwood Transit Center,0.0,5.0
2023-10-20,107,North,21113,19110.0,06:06:00,06:05:56,06:05:56,0,2111,Lynnwood Transit Center Bay C3,6.0,0.0
2023-10-20,107,North,21113,19110.0,,06:08:28,06:08:28,1,250,Alderwood Mall Blvd & 44th Ave W,0.0,0.0
2023-10-20,107,North,21113,19110.0,,06:08:43,06:08:43,2,262,Alderwood Mall Blvd & 40th Ave W,0.0,0.0
2023-10-20,107,North,21113,19110.0,,06:09:48,06:09:48,3,371,Alderwood Mall Blvd & 33rd Ave W,0.0,0.0
2023-10-20,107,North,21113,19110.0,,06:11:18,06:11:18,4,370,Alderwood Mall Blvd & 28th Ave W,0.0,0.0
2023-10-20,107,North,21113,19110.0,,06:12:09,06:12:09,5,814,Alderwood Mall Pkwy & Beech Rd,0.0,0.0
2023-10-20,107,North,21113,19110.0,06:11:00,06:12:35,06:13:22,6,2431,Alderwood Mall Pkwy & 184th St SW,1.0,0.0
2023-10-20,107,North,21113,19110.0,,06:14:39,06:14:39,7,2432,Alderwood Mall Pkwy & Maple Rd,0.0,0.0
2023-10-20,107,North,21113,19110.0,,06:18:29,06:18:29,8,970,Hwy 525 & Lincoln Way,0.0,0.0
2023-10-20,107,North,21113,19110.0,06:18:00,06:19:41,06:19:41,9,966,Hwy 525 & Beverly Park Rd,0.0,0.0
2023-10-20,107,North,21113,19110.0,,06:20:37,06:20:46,10,969,Hwy 525 & Harbour Pointe Blvd SW,0.0,1.0
2023-10-20,107,North,21113,19110.0,,06:22:07,06:22:07,11,974,Hwy 525 & Chennault Beach Rd,0.0,0.0
2023-10-20,107,North,21113,19110.0,,06:22:55,06:23:03,12,975,Hwy 525 & Harbour Pointe Blvd,0.0,2.0
2023-10-20,107,North,21113,19110.0,06:23:00,06:24:29,06:24:29,13,965,Hwy 525 & 92nd St SW,0.0,0.0
2023-10-20,107,North,21113,19110.0,,06:25:40,06:25:52,14,3198,84th St SW & SR 525,0.0,1.0
2023-10-20,107,North,21113,19110.0,,06:26:52,06:27:10,15,2485,84th St SW & 44th Ave W,1.0,1.0
2023-10-20,107,North,21113,19110.0,06:33:00,06:31:25,06:31:25,16,3199,Seaway Transit Center,0.0,3.0
2023-10-20,107,North,21114,21810.0,06:41:00,06:41:06,06:41:06,0,2111,Lynnwood Transit Center Bay C3,2.0,0.0
2023-10-20,107,North,21114,21810.0,,06:44:08,06:44:08,1,250,Alderwood Mall Blvd & 44th Ave W,0.0,0.0
2023-10-20,107,North,21114,21810.0,,06:44:32,06:44:32,2,262,Alderwood Mall Blvd & 40th Ave W,0.0,0.0
2023-10-20,107,North,21114,21810.0,,06:45:42,06:45:42,3,371,Alderwood Mall Blvd & 33rd Ave W,0.0,0.0
2023-10-20,107,North,21114,21810.0,,06:46:26,06:46:26,4,370,Alderwood Mall Blvd & 28th Ave W,0.0,0.0
2023-10-20,107,North,21114,21810.0,,06:47:56,06:47:56,5,814,Alderwood Mall Pkwy & Beech Rd,0.0,0.0
2023-10-20,107,North,21114,21810.0,06:46:00,06:48:24,06:48:35,6,2431,Alderwood Mall Pkwy & 184th St SW,0.0,0.0
2023-10-20,107,North,21114,21810.0,,06:50:40,06:50:40,7,2432,Alderwood Mall Pkwy & Maple Rd,0.0,0.0
2023-10-20,107,North,21114,21810.0,,06:55:03,06:55:17,8,970,Hwy 525 & Lincoln Way,1.0,0.0
2023-10-20,107,North,21114,21810.0,06:53:00,06:56:36,06:56:36,9,966,Hwy 525 & Beverly Park Rd,0.0,0.0
2023-10-20,107,North,21114,21810.0,,06:57:30,06:57:46,10,969,Hwy 525 & Harbour Pointe Blvd SW,1.0,1.0
2023-10-20,107,North,21114,21810.0,,06:59:24,06:59:35,11,974,Hwy 525 & Chennault Beach Rd,0.0,1.0
2023-10-20,107,North,21114,21810.0,,07:00:20,07:00:20,12,975,Hwy 525 & Harbour Pointe Blvd,0.0,0.0
2023-10-20,107,North,21114,21810.0,06:58:00,07:02:12,07:02:12,13,965,Hwy 525 & 92nd St SW,0.0,0.0
2023-10-20,107,North,21114,21810.0,,07:03:17,07:03:17,14,3198,84th St SW & SR 525,0.0,0.0
2023-10-20,107,North,21114,21810.0,,07:04:29,07:04:29,15,2485,84th St SW & 44th Ave W,0.0,0.0
2023-10-20,107,North,21114,21810.0,07:09:00,07:09:23,07:09:23,16,3199,Seaway Transit Center,0.0,2.0
2023-10-20,107,South,21115,19802.0,15:50:00,15:50:07,15:50:07,0,3185,Seaway Transit Center Bay 1,2.0,0.0
2023-10-20,107,South,21115,19802.0,,15:56:16,15:56:16,1,2486,84th St SW & 44th Ave W,0.0,0.0
2023-10-20,107,South,21115,19802.0,,15:58:02,15:58:02,2,1457,Hwy 525 & 84th St SW,0.0,0.0
2023-10-20,107,South,21115,19802.0,,15:58:25,15:58:25,3,1458,Hwy 525 & 88th St SW,0.0,0.0
2023-10-20,107,South,21115,19802.0,15:58:00,15:58:56,15:58:56,4,1459,Hwy 525 & 92nd St SW,0.0,0.0
2023-10-20,107,South,21115,19802.0,,16:01:41,16:01:55,5,1466,Hwy 525 & Harbour Pointe Blvd,2.0,0.0
2023-10-20,107,South,21115,19802.0,,16:04:14,16:04:32,6,1461,Hwy 525 & Chennault Beach Rd,2.0,0.0
2023-10-20,107,South,21115,19802.0,,16:05:19,16:05:19,7,1464,Hwy 525 & Russell Rd,0.0,0.0
2023-10-20,107,South,21115,19802.0,,16:06:48,16:07:14,8,1462,Hwy 525 & Harbour Pointe Blvd SW,2.0,0.0
2023-10-20,107,South,21115,19802.0,16:06:00,16:09:34,16:10:15,9,1460,Hwy 525 & Beverly Park Rd,3.0,1.0
2023-10-20,107,South,21115,19802.0,,16:12:07,16:12:19,10,1467,Hwy 525 & Lincoln Way,0.0,1.0
2023-10-20,107,South,21115,19802.0,,16:17:00,16:17:00,11,2433,Alderwood Mall Pkwy & 182nd St SW,0.0,0.0
2023-10-20,107,South,21115,19802.0,16:14:00,16:18:15,16:18:15,12,1303,Alderwood Mall Pkwy & 184th St SW,0.0,0.0
2023-10-20,107,South,21115,19802.0,,16:18:38,16:18:46,13,1305,Alderwood Mall Pkwy & Beech Rd,0.0,1.0
2023-10-20,107,South,21115,19802.0,,16:19:32,16:19:32,14,1742,Alderwood Mall Blvd & 28th Ave W,0.0,0.0
2023-10-20,107,South,21115,19802.0,,16:20:50,16:20:50,15,1743,Alderwood Mall Blvd & 33rd Ave W,0.0,0.0
2023-10-20,107,South,21115,19802.0,,16:24:19,16:24:19,16,1635,Alderwood Mall Blvd & 40th Ave W,0.0,0.0
2023-10-20,107,South,21115,19802.0,16:27:00,16:29:31,16:29:31,17,2035,Lynnwood Transit Center,0.0,8.0
2023-10-20,107,South,21116,21812.0,16:20:00,16:20:07,16:20:07,0,3185,Seaway Transit Center Bay 1,0.0,0.0
2023-10-20,107,South,21116,21812.0,,16:26:03,16:26:03,1,2486,84th St SW & 44th Ave W,0.0,0.0
2023-10-20,107,South,21116,21812.0,,16:28:00,16:28:00,2,1457,Hwy 525 & 84th St SW,0.0,0.0
2023-10-20,107,South,21116,21812.0,,16:28:25,16:28:25,3,1458,Hwy 525 & 88th St SW,0.0,0.0
2023-10-20,107,South,21116,21812.0,16:27:00,16:28:50,16:28:50,4,1459,Hwy 525 & 92nd St SW,0.0,0.0
2023-10-20,107,South,21116,21812.0,,16:31:21,16:31:37,5,1466,Hwy 525 & Harbour Pointe Blvd,2.0,0.0
2023-10-20,107,South,21116,21812.0,,16:32:29,16:32:29,6,1461,Hwy 525 & Chennault Beach Rd,0.0,0.0
2023-10-20,107,South,21116,21812.0,,16:32:51,16:32:51,7,1464,Hwy 525 & Russell Rd,0.0,0.0
2023-10-20,107,South,21116,21812.0,,16:34:03,16:34:16,8,1462,Hwy 525 & Harbour Pointe Blvd SW,2.0,0.0
2023-10-20,107,South,21116,21812.0,16:34:00,16:35:32,16:36:28,9,1460,Hwy 525 & Beverly Park Rd,9.0,0.0
2023-10-20,107,South,21116,21812.0,,16:37:50,16:37:50,10,1467,Hwy 525 & Lincoln Way,0.0,0.0
2023-10-20,107,South,21116,21812.0,,16:43:34,16:43:34,11,2433,Alderwood Mall Pkwy & 182nd St SW,0.0,0.0
2023-10-20,107,South,21116,21812.0,16:42:00,16:45:27,16:45:48,12,1303,Alderwood Mall Pkwy & 184th St SW,0.0,9.0
2023-10-20,107,South,21116,21812.0,,16:46:42,16:46:42,13,1305,Alderwood Mall Pkwy & Beech Rd,0.0,0.0
2023-10-20,107,South,21116,21812.0,,16:47:22,16:47:22,14,1742,Alderwood Mall Blvd & 28th Ave W,0.0,0.0
2023-10-20,107,South,21116,21812.0,,16:48:12,16:48:28,15,1743,Alderwood Mall Blvd & 33rd Ave W,2.0,0.0
2023-10-20,107,South,21116,21812.0,,16:52:00,16:52:00,16,1635,Alderwood Mall Blvd & 40th Ave W,0.0,0.0
2023-10-20,107,South,21116,21812.0,16:54:00,16:56:35,16:56:35,17,2035,Lynnwood Transit Center,0.0,6.0
2023-10-23,107,North,21113,19106.0,06:06:00,06:07:16,06:07:16,0,2111,Lynnwood Transit Center Bay C3,8.0,0.0
2023-10-23,107,North,21113,19106.0,,06:10:10,06:10:10,1,250,Alderwood Mall Blvd & 44th Ave W,0.0,0.0
2023-10-23,107,North,21113,19106.0,,06:10:25,06:10:25,2,262,Alderwood Mall Blvd & 40th Ave W,0.0,0.0
2023-10-23,107,North,21113,19106.0,,06:11:29,06:11:29,3,371,Alderwood Mall Blvd & 33rd Ave W,0.0,0.0
2023-10-23,107,North,21113,19106.0,,06:12:13,06:12:13,4,370,Alderwood Mall Blvd & 28th Ave W,0.0,0.0
2023-10-23,107,North,21113,19106.0,,06:12:59,06:12:59,5,814,Alderwood Mall Pkwy & Beech Rd,0.0,0.0
2023-10-23,107,North,21113,19106.0,06:11:00,06:13:19,06:13:19,6,2431,Alderwood Mall Pkwy & 184th St SW,0.0,0.0
2023-10-23,107,North,21113,19106.0,,06:14:06,06:14:06,7,2432,Alderwood Mall Pkwy & Maple Rd,0.0,0.0
2023-10-23,107,North,21113,19106.0,,06:18:01,06:18:01,8,970,Hwy 525 & Lincoln Way,0.0,0.0
2023-10-23,107,North,21113,19106.0,06:18:00,06:19:25,06:19:25,9,966,Hwy 525 & Beverly Park Rd,0.0,0.0
2023-10-23,107,North,21113,19106.0,,06:20:19,06:20:32,10,969,Hwy 525 & Harbour Pointe Blvd SW,0.0,1.0
2023-10-23,107,North,21113,19106.0,,06:21:41,06:21:41,11,974,Hwy 525 & Chennault Beach Rd,0.0,0.0
2023-10-23,107,North,21113,19106.0,,06:22:35,06:22:49,12,975,Hwy 525 & Harbour Pointe Blvd,0.0,1.0
2023-10-23,107,North,21113,19106.0,06:23:00,06:24:24,06:24:24,13,965,Hwy 525 & 92nd St SW,0.0,0.0
2023-10-23,107,North,21113,19106.0,,06:25:32,06:25:43,14,3198,84th St SW & SR 525,0.0,1.0
2023-10-23,107,North,21113,19106.0,,06:26:43,06:26:56,15,2485,84th St SW & 44th Ave W,1.0,1.0
2023-10-23,107,North,21113,19106.0,06:33:00,06:30:55,06:30:55,16,3199,Seaway Transit Center,0.0,5.0
2023-10-23,107,North,21114,17810.0,06:41:00,06:41:29,06:41:29,0,2111,Lynnwood Transit Center Bay C3,2.0,0.0
2023-10-23,107,North,21114,17810.0,,06:46:04,06:46:04,1,250,Alderwood Mall Blvd & 44th Ave W,0.0,0.0
2023-10-23,107,North,21114,17810.0,,06:46:19,06:46:19,2,262,Alderwood Mall Blvd & 40th Ave W,0.0,0.0
2023-10-23,107,North,21114,17810.0,,06:47:25,06:47:25,3,371,Alderwood Mall Blvd & 33rd Ave W,0.0,0.0
2023-10-23,107,North,21114,17810.0,,06:48:10,06:48:10,4,370,Alderwood Mall Blvd & 28th Ave W,0.0,0.0
2023-10-23,107,North,21114,17810.0,,06:49:25,06:49:25,5,814,Alderwood Mall Pkwy & Beech Rd,0.0,0.0
2023-10-23,107,North,21114,17810.0,06:46:00,06:49:51,06:50:03,6,2431,Alderwood Mall Pkwy & 184th St SW,1.0,0.0
2023-10-23,107,North,21114,17810.0,,06:51:49,06:51:49,7,2432,Alderwood Mall Pkwy & Maple Rd,0.0,0.0
2023-10-23,107,North,21114,17810.0,,06:57:12,06:57:12,8,970,Hwy 525 & Lincoln Way,0.0,0.0
2023-10-23,107,North,21114,17810.0,06:53:00,06:58:33,06:58:52,9,966,Hwy 525 & Beverly Park Rd,0.0,1.0
2023-10-23,107,North,21114,17810.0,,07:00:14,07:00:34,10,969,Hwy 525 & Harbour Pointe Blvd SW,1.0,0.0
2023-10-23,107,North,21114,17810.0,,07:01:43,07:01:43,11,974,Hwy 525 & Chennault Beach Rd,0.0,0.0
2023-10-23,107,North,21114,17810.0,,07:02:45,07:02:45,12,975,Hwy 525 & Harbour Pointe Blvd,0.0,0.0
2023-10-23,107,North,21114,17810.0,06:58:00,07:03:52,07:03:52,13,965,Hwy 525 & 92nd St SW,0.0,0.0
2023-10-23,107,North,21114,17810.0,,07:04:56,07:04:56,14,3198,84th St SW & SR 525,0.0,0.0
2023-10-23,107,North,21114,17810.0,,07:05:48,07:05:48,15,2485,84th St SW & 44th Ave W,0.0,0.0
2023-10-23,107,North,21114,17810.0,07:09:00,07:11:05,07:11:05,16,3199,Seaway Transit Center,0.0,3.0
2023-10-23,107,South,21115,21809.0,15:50:00,15:50:07,15:50:07,0,3185,Seaway Transit Center Bay 1,6.0,0.0
2023-10-23,107,South,21115,21809.0,,15:56:35,15:57:01,1,2486,84th St SW & 44th Ave W,2.0,0.0
2023-10-23,107,South,21115,21809.0,,15:59:05,15:59:05,2,1457,Hwy 525 & 84th St SW,0.0,0.0
2023-10-23,107,South,21115,21809.0,,15:59:29,15:59:29,3,1458,Hwy 525 & 88th St SW,0.0,0.0
2023-10-23,107,South,21115,21809.0,15:58:00,16:00:06,16:00:06,4,1459,Hwy 525 & 92nd St SW,0.0,0.0
2023-10-23,107,South,21115,21809.0,,16:03:24,16:03:38,5,1466,Hwy 525 & Harbour Pointe Blvd,1.0,0.0
2023-10-23,107,South,21115,21809.0,,16:05:01,16:05:01,6,1461,Hwy 525 & Chennault Beach Rd,0.0,0.0
2023-10-23,107,South,21115,21809.0,,16:05:25,16:05:25,7,1464,Hwy 525 & Russell Rd,0.0,0.0
2023-10-23,107,South,21115,21809.0,,16:07:29,16:07:57,8,1462,Hwy 525 & Harbour Pointe Blvd SW,1.0,0.0
2023-10-23,107,South,21115,21809.0,16:06:00,16:10:27,16:10:27,9,1460,Hwy 525 & Beverly Park Rd,0.0,0.0
2023-10-23,107,South,21115,21809.0,,16:12:16,16:12:16,10,1467,Hwy 525 & Lincoln Way,0.0,0.0
2023-10-23,107,South,21115,21809.0,,16:16:23,16:16:23,11,2433,Alderwood Mall Pkwy & 182nd St SW,0.0,0.0
2023-10-23,107,South,21115,21809.0,16:14:00,16:17:41,16:17:57,12,1303,Alderwood Mall Pkwy & 184th St SW,1.0,1.0
2023-10-23,107,South,21115,21809.0,,16:18:44,16:18:44,13,1305,Alderwood Mall Pkwy & Beech Rd,0.0,0.0
2023-10-23,107,South,21115,21809.0,,16:19:19,16:19:19,14,1742,Alderwood Mall Blvd & 28th Ave W,0.0,0.0
2023-10-23,107,South,21115,21809.0,,16:20:24,16:20:24,15,1743,Alderwood Mall Blvd & 33rd Ave W,0.0,0.0
2023-10-23,107,South,21115,21809.0,,16:21:41,16:21:41,16,1635,Alderwood Mall Blvd & 40th Ave W,0.0,0.0
2023-10-23,107,South,21115,21809.0,16:27:00,16:24:49,16:24:49,17,2035,Lynnwood Transit Center,0.0,10.0
2023-10-23,107,South,21116,11100.0,16:20:00,16:20:06,16:20:06,0,3185,Seaway Transit Center Bay 1,1.0,0.0
2023-10-23,107,South,21116,11100.0,,16:26:07,16:26:07,1,2486,84th St SW & 44th Ave W,0.0,0.0
2023-10-23,107,South,21116,11100.0,,16:27:09,16:27:40,2,1457,Hwy 525 & 84th St SW,2.0,0.0
2023-10-23,107,South,21116,11100.0,,16:28:09,16:28:09,3,1458,Hwy 525 & 88th St SW,0.0,0.0
2023-10-23,107,South,21116,11100.0,16:27:00,16:28:36,16:28:36,4,1459,Hwy 525 & 92nd St SW,0.0,0.0
2023-10-23,107,South,21116,11100.0,,16:31:27,16:31:27,5,1466,Hwy 525 & Harbour Pointe Blvd,0.0,0.0
2023-10-23,107,South,21116,11100.0,,16:32:12,16:32:12,6,1461,Hwy 525 & Chennault Beach Rd,0.0,0.0
2023-10-23,107,South,21116,11100.0,,16:32:36,16:32:36,7,1464,Hwy 525 & Russell Rd,0.0,0.0
2023-10-23,107,South,21116,11100.0,,16:34:59,16:35:23,8,1462,Hwy 525 & Harbour Pointe Blvd SW,2.0,0.0
2023-10-23,107,South,21116,11100.0,16:34:00,16:38:02,16:39:11,9,1460,Hwy 525 & Beverly Park Rd,0.0,2.0
2023-10-23,107,South,21116,11100.0,,16:40:33,16:41:21,10,1467,Hwy 525 & Lincoln Way,0.0,1.0
2023-10-23,107,South,21116,11100.0,,16:45:30,16:45:30,11,2433,Alderwood Mall Pkwy & 182nd St SW,0.0,0.0
2023-10-23,107,South,21116,11100.0,16:42:00,16:46:20,16:46:36,12,1303,Alderwood Mall Pkwy & 184th St SW,0.0,0.0
2023-10-23,107,South,21116,11100.0,,16:47:28,16:47:28,13,1305,Alderwood Mall Pkwy & Beech Rd,0.0,0.0
2023-10-23,107,South,21116,11100.0,,16:48:33,16:48:33,14,1742,Alderwood Mall Blvd & 28th Ave W,0.0,0.0
2023-10-23,107,South,21116,11100.0,,16:49:20,16:49:20,15,1743,Alderwood Mall Blvd & 33rd Ave W,0.0,0.0
2023-10-23,107,South,21116,11100.0,,16:50:37,16:50:37,16,1635,Alderwood Mall Blvd & 40th Ave W,0.0,0.0
2023-10-23,107,South,21116,11100.0,16:54:00,16:53:45,16:53:45,17,2035,Lynnwood Transit Center,0.0,2.0
2023-10-24,107,North,21113,17120.0,06:06:00,06:06:06,06:06:06,0,2111,Lynnwood Transit Center Bay C3,7.0,0.0
2023-10-24,107,North,21113,17120.0,,06:09:48,06:09:48,1,250,Alderwood Mall Blvd & 44th Ave W,0.0,0.0
2023-10-24,107,North,21113,17120.0,,06:10:03,06:10:03,2,262,Alderwood Mall Blvd & 40th Ave W,0.0,0.0
2023-10-24,107,North,21113,17120.0,,06:11:07,06:11:07,3,371,Alderwood Mall Blvd & 33rd Ave W,0.0,0.0
2023-10-24,107,North,21113,17120.0,,06:11:51,06:11:51,4,370,Alderwood Mall Blvd & 28th Ave W,0.0,0.0
2023-10-24,107,North,21113,17120.0,,06:12:38,06:12:38,5,814,Alderwood Mall Pkwy & Beech Rd,0.0,0.0
2023-10-24,107,North,21113,17120.0,06:11:00,06:13:02,06:13:24,6,2431,Alderwood Mall Pkwy & 184th St SW,1.0,0.0
2023-10-24,107,North,21113,17120.0,,06:14:44,06:14:44,7,2432,Alderwood Mall Pkwy & Maple Rd,0.0,0.0
2023-10-24,107,North,21113,17120.0,,06:19:20,06:19:35,8,970,Hwy 525 & Lincoln Way,1.0,0.0
2023-10-24,107,North,21113,17120.0,06:18:00,06:22:26,06:22:26,9,966,Hwy 525 & Beverly Park Rd,0.0,0.0
2023-10-24,107,North,21113,17120.0,,06:23:33,06:23:47,10,969,Hwy 525 & Harbour Pointe Blvd SW,0.0,1.0
2023-10-24,107,North,21113,17120.0,,06:25:26,06:25:26,11,974,Hwy 525 & Chennault Beach Rd,0.0,0.0
2023-10-24,107,North,21113,17120.0,,06:26:15,06:26:34,12,975,Hwy 525 & Harbour Pointe Blvd,0.0,2.0
2023-10-24,107,North,21113,17120.0,06:23:00,06:28:19,06:28:19,13,965,Hwy 525 & 92nd St SW,0.0,0.0
2023-10-24,107,North,21113,17120.0,,06:29:28,06:29:40,14,3198,84th St SW & SR 525,0.0,1.0
2023-10-24,107,North,21113,17120.0,,06:30:42,06:30:57,15,2485,84th St SW & 44th Ave W,1.0,2.0
2023-10-24,107,North,21113,17120.0,06:33:00,06:35:44,06:35:44,16,3199,Seaway Transit Center,0.0,4.0
2023-10-24,107,North,21114,21804.0,06:41:00,06:41:09,06:41:09,0,2111,Lynnwood Transit Center Bay C3,5.0,0.0
2023-10-24,107,North,21114,21804.0,,06:44:21,06:44:21,1,250,Alderwood Mall Blvd & 44th Ave W,0.0,0.0
2023-10-24,107,North,21114,21804.0,,06:44:48,06:44:48,2,262,Alderwood Mall Blvd & 40th Ave W,0.0,0.0
2023-10-24,107,North,21114,21804.0,,06:46:10,06:46:23,3,371,Alderwood Mall Blvd & 33rd Ave W,2.0,0.0
2023-10-24,107,North,21114,21804.0,,06:47:13,06:47:13,4,370,Alderwood Mall Blvd & 28th Ave W,0.0,0.0
2023-10-24,107,North,21114,21804.0,,06:47:58,06:47:58,5,814,Alderwood Mall Pkwy & Beech Rd,0.0,0.0
2023-10-24,107,North,21114,21804.0,06:46:00,06:48:32,06:48:32,6,2431,Alderwood Mall Pkwy & 184th St SW,0.0,0.0
2023-10-24,107,North,21114,21804.0,,06:49:30,06:49:30,7,2432,Alderwood Mall Pkwy & Maple Rd,0.0,0.0
2023-10-24,107,North,21114,21804.0,,06:53:44,06:53:59,8,970,Hwy 525 & Lincoln Way,1.0,0.0
2023-10-24,107,North,21114,21804.0,06:53:00,06:55:17,06:55:26,9,966,Hwy 525 & Beverly Park Rd,0.0,1.0
2023-10-24,107,North,21114,21804.0,,06:56:29,06:56:49,10,969,Hwy 525 & Harbour Pointe Blvd SW,1.0,3.0
2023-10-24,107,North,21114,21804.0,,06:58:23,06:58:23,11,974,Hwy 525 & Chennault Beach Rd,0.0,0.0
2023-10-24,107,North,21114,21804.0,,06:59:01,06:59:01,12,975,Hwy 525 & Harbour Pointe Blvd,0.0,0.0
2023-10-24,107,North,21114,21804.0,06:58:00,07:00:05,07:00:05,13,965,Hwy 525 & 92nd St SW,0.0,0.0
2023-10-24,107,North,21114,21804.0,,07:01:01,07:01:01,14,3198,84th St SW & SR 525,0.0,0.0
2023-10-24,107,North,21114,21804.0,,07:01:53,07:01:53,15,2485,84th St SW & 44th Ave W,0.0,0.0
2023-10-24,107,North,21114,21804.0,07:09:00,07:05:19,07:05:19,16,3199,Seaway Transit Center,0.0,5.0
2023-10-24,107,South,21115,17800.0,15:50:00,15:50:06,15:50:06,0,3185,Seaway Transit Center Bay 1,8.0,0.0
2023-10-24,107,South,21115,17800.0,,15:56:52,15:57:06,1,2486,84th St SW & 44th Ave W,1.0,0.0
2023-10-24,107,South,21115,17800.0,,15:59:06,15:59:06,2,1457,Hwy 525 & 84th St SW,0.0,0.0
2023-10-24,107,South,21115,17800.0,,15:59:32,15:59:32,3,1458,Hwy 525 & 88th St SW,0.0,0.0
2023-10-24,107,South,21115,17800.0,15:58:00,16:00:39,16:00:39,4,1459,Hwy 525 & 92nd St SW,0.0,0.0
2023-10-24,107,South,21115,17800.0,,16:03:26,16:03:26,5,1466,Hwy 525 & Harbour Pointe Blvd,0.0,0.0
2023-10-24,107,South,21115,17800.0,,16:04:24,16:04:24,6,1461,Hwy 525 & Chennault Beach Rd,0.0,0.0
2023-10-24,107,South,21115,17800.0,,16:04:54,16:05:08,7,1464,Hwy 525 & Russell Rd,0.0,1.0
2023-10-24,107,South,21115,17800.0,,16:08:08,16:08:08,8,1462,Hwy 525 & Harbour Pointe Blvd SW,0.0,0.0
2023-10-24,107,South,21115,17800.0,16:06:00,16:10:25,16:11:02,9,1460,Hwy 525 & Beverly Park Rd,2.0,0.0
2023-10-24,107,South,21115,17800.0,,16:13:19,16:13:19,10,1467,Hwy 525 & Lincoln Way,0.0,0.0
2023-10-24,107,South,21115,17800.0,,16:17:40,16:17:40,11,2433,Alderwood Mall Pkwy & 182nd St SW,0.0,0.0
2023-10-24,107,South,21115,17800.0,16:14:00,16:18:16,16:18:53,12,1303,Alderwood Mall Pkwy & 184th St SW,1.0,2.0
2023-10-24,107,South,21115,17800.0,,16:19:38,16:19:50,13,1305,Alderwood Mall Pkwy & Beech Rd,0.0,1.0
2023-10-24,107,South,21115,17800.0,,16:20:30,16:20:40,14,1742,Alderwood Mall Blvd & 28th Ave W,1.0,0.0
2023-10-24,107,South,21115,17800.0,,16:21:45,16:21:45,15,1743,Alderwood Mall Blvd & 33rd Ave W,0.0,0.0
2023-10-24,107,South,21115,17800.0,,16:25:01,16:25:01,16,1635,Alderwood Mall Blvd & 40th Ave W,0.0,0.0
2023-10-24,107,South,21115,17800.0,16:27:00,16:28:19,16:28:19,17,2035,Lynnwood Transit Center,0.0,9.0
2023-10-24,107,South,21116,13612.0,16:20:00,16:20:04,16:20:04,0,3185,Seaway Transit Center Bay 1,2.0,0.0
2023-10-24,107,South,21116,13612.0,,16:25:41,16:25:41,1,2486,84th St SW & 44th Ave W,0.0,0.0
2023-10-24,107,South,21116,13612.0,,16:26:32,16:27:11,2,1457,Hwy 525 & 84th St SW,2.0,1.0
2023-10-24,107,South,21116,13612.0,,16:27:38,16:27:38,3,1458,Hwy 525 & 88th St SW,0.0,0.0
2023-10-24,107,South,21116,13612.0,16:27:00,16:28:39,16:28:39,4,1459,Hwy 525 & 92nd St SW,0.0,0.0
2023-10-24,107,South,21116,13612.0,,16:31:01,16:31:15,5,1466,Hwy 525 & Harbour Pointe Blvd,1.0,0.0
2023-10-24,107,South,21116,13612.0,,16:32:22,16:32:22,6,1461,Hwy 525 & Chennault Beach Rd,0.0,0.0
2023-10-24,107,South,21116,13612.0,,16:32:49,16:33:16,7,1464,Hwy 525 & Russell Rd,1.0,0.0
2023-10-24,107,South,21116,13612.0,,16:35:39,16:36:17,8,1462,Hwy 525 & Harbour Pointe Blvd SW,1.0,0.0
2023-10-24,107,South,21116,13612.0,16:34:00,16:38:29,16:39:11,9,1460,Hwy 525 & Beverly Park Rd,0.0,3.0
2023-10-24,107,South,21116,13612.0,,16:40:50,16:40:50,10,1467,Hwy 525 & Lincoln Way,0.0,0.0
2023-10-24,107,South,21116,13612.0,,16:45:30,16:45:30,11,2433,Alderwood Mall Pkwy & 182nd St SW,0.0,0.0
2023-10-24,107,South,21116,13612.0,16:42:00,16:47:35,16:47:35,12,1303,Alderwood Mall Pkwy & 184th St SW,0.0,0.0
2023-10-24,107,South,21116,13612.0,,16:47:51,16:47:51,13,1305,Alderwood Mall Pkwy & Beech Rd,0.0,0.0
2023-10-24,107,South,21116,13612.0,,16:48:24,16:48:43,14,1742,Alderwood Mall Blvd & 28th Ave W,2.0,0.0
2023-10-24,107,South,21116,13612.0,,16:49:52,16:49:52,15,1743,Alderwood Mall Blvd & 33rd Ave W,0.0,0.0
2023-10-24,107,South,21116,13612.0,,16:51:11,16:51:11,16,1635,Alderwood Mall Blvd & 40th Ave W,0.0,0.0
2023-10-24,107,South,21116,13612.0,16:54:00,16:53:20,16:53:20,17,2035,Lynnwood Transit Center,0.0,5.0
2023-10-25,107,North,21113,19113.0,06:06:00,06:05:53,06:05:53,0,2111,Lynnwood Transit Center Bay C3,6.0,0.0
2023-10-25,107,North,21113,19113.0,,06:08:45,06:08:45,1,250,Alderwood Mall Blvd & 44th Ave W,0.0,0.0
2023-10-25,107,North,21113,19113.0,,06:09:00,06:09:00,2,262,Alderwood Mall Blvd & 40th Ave W,0.0,0.0
2023-10-25,107,North,21113,19113.0,,06:10:00,06:10:00,3,371,Alderwood Mall Blvd & 33rd Ave W,0.0,0.0
2023-10-25,107,North,21113,19113.0,,06:10:45,06:10:45,4,370,Alderwood Mall Blvd & 28th Ave W,0.0,0.0
2023-10-25,107,North,21113,19113.0,,06:12:20,06:12:20,5,814,Alderwood Mall Pkwy & Beech Rd,0.0,0.0
2023-10-25,107,North,21113,19113.0,06:11:00,06:12:42,06:12:42,6,2431,Alderwood Mall Pkwy & 184th St SW,0.0,0.0
2023-10-25,107,North,21113,19113.0,,06:14:04,06:14:04,7,2432,Alderwood Mall Pkwy & Maple Rd,0.0,0.0
2023-10-25,107,North,21113,19113.0,,06:18:20,06:18:31,8,970,Hwy 525 & Lincoln Way,1.0,0.0
2023-10-25,107,North,21113,19113.0,06:18:00,06:19:48,06:19:48,9,966,Hwy 525 & Beverly Park Rd,0.0,0.0
2023-10-25,107,North,21113,19113.0,,06:20:43,06:20:54,10,969,Hwy 525 & Harbour Pointe Blvd SW,0.0,1.0
2023-10-25,107,North,21113,19113.0,,06:22:04,06:22:04,11,974,Hwy 525 & Chennault Beach Rd,0.0,0.0
2023-10-25,107,North,21113,19113.0,,06:22:48,06:23:01,12,975,Hwy 525 & Harbour Pointe Blvd,0.0,2.0
2023-10-25,107,North,21113,19113.0,06:23:00,06:24:39,06:24:39,13,965,Hwy 525 & 92nd St SW,0.0,0.0
2023-10-25,107,North,21113,19113.0,,06:25:48,06:25:58,14,3198,84th St SW & SR 525,0.0,2.0
2023-10-25,107,North,21113,19113.0,,06:26:50,06:26:50,15,2485,84th St SW & 44th Ave W,0.0,0.0
2023-10-25,107,North,21113,19113.0,06:33:00,06:30:36,06:30:36,16,3199,Seaway Transit Center,0.0,2.0
2023-10-25,107,North,21114,21804.0,06:41:00,06:41:12,06:41:12,0,2111,Lynnwood Transit Center Bay C3,2.0,0.0
2023-10-25,107,North,21114,21804.0,,06:44:15,06:44:15,1,250,Alderwood Mall Blvd & 44th Ave W,0.0,0.0
2023-10-25,107,North,21114,21804.0,,06:44:29,06:44:29,2,262,Alderwood Mall Blvd & 40th Ave W,0.0,0.0
2023-10-25,107,North,21114,21804.0,,06:45:34,06:45:53,3,371,Alderwood Mall Blvd & 33rd Ave W,1.0,0.0
2023-10-25,107,North,21114,21804.0,,06:46:47,06:46:47,4,370,Alderwood Mall Blvd & 28th Ave W,0.0,0.0
2023-10-25,107,North,21114,21804.0,,06:48:19,06:48:19,5,814,Alderwood Mall Pkwy & Beech Rd,0.0,0.0
2023-10-25,107,North,21114,21804.0,06:46:00,06:48:43,06:48:55,6,2431,Alderwood Mall Pkwy & 184th St SW,1.0,0.0
2023-10-25,107,North,21114,21804.0,,06:50:00,06:50:00,7,2432,Alderwood Mall Pkwy & Maple Rd,0.0,0.0
2023-10-25,107,North,21114,21804.0,,06:54:21,06:54:21,8,970,Hwy 525 & Lincoln Way,0.0,0.0
2023-10-25,107,North,21114,21804.0,06:53:00,06:55:56,06:56:12,9,966,Hwy 525 & Beverly Park Rd,1.0,0.0
2023-10-25,107,North,21114,21804.0,,06:57:15,06:57:28,10,969,Hwy 525 & Harbour Pointe Blvd SW,1.0,0.0
2023-10-25,107,North,21114,21804.0,,06:58:55,06:58:55,11,974,Hwy 525 & Chennault Beach Rd,0.0,0.0
2023-10-25,107,North,21114,21804.0,,06:59:44,06:59:59,12,975,Hwy 525 & Harbour Pointe Blvd,0.0,1.0
2023-10-25,107,North,21114,21804.0,06:58:00,07:01:16,07:01:16,13,965,Hwy 525 & 92nd St SW,0.0,0.0
2023-10-25,107,North,21114,21804.0,,07:02:23,07:02:23,14,3198,84th St SW & SR 525,0.0,0.0
2023-10-25,107,North,21114,21804.0,,07:03:41,07:03:41,15,2485,84th St SW & 44th Ave W,0.0,0.0
2023-10-25,107,North,21114,21804.0,07:09:00,07:08:01,07:08:01,16,3199,Seaway Transit Center,0.0,5.0
2023-10-25,107,South,21115,16808.0,15:50:00,15:51:00,15:51:00,0,3185,Seaway Transit Center Bay 1,7.0,0.0
2023-10-25,107,South,21115,16808.0,,15:57:21,15:57:41,1,2486,84th St SW & 44th Ave W,0.0,1.0
2023-10-25,107,South,21115,16808.0,,15:58:34,15:58:34,2,1457,Hwy 525 & 84th St SW,0.0,0.0
2023-10-25,107,South,21115,16808.0,,15:58:59,15:58:59,3,1458,Hwy 525 & 88th St SW,0.0,0.0
2023-10-25,107,South,21115,16808.0,15:58:00,15:59:57,15:59:57,4,1459,Hwy 525 & 92nd St SW,0.0,0.0
2023-10-25,107,South,21115,16808.0,,16:02:26,16:03:09,5,1466,Hwy 525 & Harbour Pointe Blvd,4.0,0.0
2023-10-25,107,South,21115,16808.0,,16:04:54,16:05:30,6,1461,Hwy 525 & Chennault Beach Rd,1.0,0.0
2023-10-25,107,South,21115,16808.0,,16:05:56,16:05:56,7,1464,Hwy 525 & Russell Rd,0.0,0.0
2023-10-25,107,South,21115,16808.0,,16:09:10,16:09:34,8,1462,Hwy 525 & Harbour Pointe Blvd SW,1.0,0.0
2023-10-25,107,South,21115,16808.0,16:06:00,16:11:41,16:12:25,9,1460,Hwy 525 & Beverly Park Rd,3.0,0.0
2023-10-25,107,South,21115,16808.0,,16:14:54,16:14:54,10,1467,Hwy 525 & Lincoln Way,0.0,0.0
2023-10-25,107,South,21115,16808.0,,16:18:32,16:18:32,11,2433,Alderwood Mall Pkwy & 182nd St SW,0.0,0.0
2023-10-25,107,South,21115,16808.0,16:14:00,16:20:01,16:20:18,12,1303,Alderwood Mall Pkwy & 184th St SW,0.0,2.0
2023-10-25,107,South,21115,16808.0,,16:21:40,16:21:56,13,1305,Alderwood Mall Pkwy & Beech Rd,0.0,2.0
2023-10-25,107,South,21115,16808.0,,16:22:32,16:22:32,14,1742,Alderwood Mall Blvd & 28th Ave W,0.0,0.0
2023-10-25,107,South,21115,16808.0,,16:23:36,16:23:36,15,1743,Alderwood Mall Blvd & 33rd Ave W,0.0,0.0
2023-10-25,107,South,21115,16808.0,,16:25:08,16:25:08,16,1635,Alderwood Mall Blvd & 40th Ave W,0.0,0.0
2023-10-25,107,South,21115,16808.0,16:27:00,16:30:12,16:30:12,17,2035,Lynnwood Transit Center,0.0,11.0
2023-10-25,107,South,21116,13611.0,16:20:00,16:20:10,16:20:10,0,3185,Seaway Transit Center Bay 1,3.0,0.0
2023-10-25,107,South,21116,13611.0,,16:25:59,16:25:59,1,2486,84th St SW & 44th Ave W,0.0,0.0
2023-10-25,107,South,21116,13611.0,,16:27:28,16:27:28,2,1457,Hwy 525 & 84th St SW,0.0,0.0
2023-10-25,107,South,21116,13611.0,,16:27:50,16:27:50,3,1458,Hwy 525 & 88th St SW,0.0,0.0
2023-10-25,107,South,21116,13611.0,16:27:00,16:28:23,16:29:09,4,1459,Hwy 525 & 92nd St SW,1.0,0.0
2023-10-25,107,South,21116,13611.0,,16:32:39,16:33:25,5,1466,Hwy 525 & Harbour Pointe Blvd,1.0,0.0
2023-10-25,107,South,21116,13611.0,,16:34:53,16:34:53,6,1461,Hwy 525 & Chennault Beach Rd,0.0,0.0
2023-10-25,107,South,21116,13611.0,,16:35:22,16:35:22,7,1464,Hwy 525 & Russell Rd,0.0,0.0
2023-10-25,107,South,21116,13611.0,,16:37:09,16:37:09,8,1462,Hwy 525 & Harbour Pointe Blvd SW,0.0,0.0
2023-10-25,107,South,21116,13611.0,16:34:00,16:39:47,16:40:31,9,1460,Hwy 525 & Beverly Park Rd,0.0,1.0
2023-10-25,107,South,21116,13611.0,,16:41:55,16:41:55,10,1467,Hwy 525 & Lincoln Way,0.0,0.0
2023-10-25,107,South,21116,13611.0,,16:47:05,16:47:05,11,2433,Alderwood Mall Pkwy & 182nd St SW,0.0,0.0
2023-10-25,107,South,21116,13611.0,16:42:00,16:48:22,16:48:22,12,1303,Alderwood Mall Pkwy & 184th St SW,0.0,0.0
2023-10-25,107,South,21116,13611.0,,16:48:45,16:48:49,13,1305,Alderwood Mall Pkwy & Beech Rd,0.0,0.0
2023-10-25,107,South,21116,13611.0,,16:49:47,16:50:10,14,1742,Alderwood Mall Blvd & 28th Ave W,2.0,1.0
2023-10-25,107,South,21116,13611.0,,16:51:23,16:51:31,15,1743,Alderwood Mall Blvd & 33rd Ave W,0.0,0.0
2023-10-25,107,South,21116,13611.0,,16:52:49,16:52:49,16,1635,Alderwood Mall Blvd & 40th Ave W,0.0,0.0
2023-10-25,107,South,21116,13611.0,16:54:00,16:55:06,16:55:06,17,2035,Lynnwood Transit Center,0.0,5.0
2023-10-26,107,North,21113,17108.0,06:06:00,06:06:13,06:06:13,0,2111,Lynnwood Transit Center Bay C3,6.0,0.0
2023-10-26,107,North,21113,17108.0,,06:09:04,06:09:04,1,250,Alderwood Mall Blvd & 44th Ave W,0.0,0.0
2023-10-26,107,North,21113,17108.0,,06:09:17,06:09:17,2,262,Alderwood Mall Blvd & 40th Ave W,0.0,0.0
2023-10-26,107,North,21113,17108.0,,06:10:16,06:10:16,3,371,Alderwood Mall Blvd & 33rd Ave W,0.0,0.0
2023-10-26,107,North,21113,17108.0,,06:10:55,06:10:55,4,370,Alderwood Mall Blvd & 28th Ave W,0.0,0.0
2023-10-26,107,North,21113,17108.0,,06:11:38,06:11:38,5,814,Alderwood Mall Pkwy & Beech Rd,0.0,0.0
2023-10-26,107,North,21113,17108.0,06:11:00,06:12:02,06:12:09,6,2431,Alderwood Mall Pkwy & 184th St SW,0.0,0.0
2023-10-26,107,North,21113,17108.0,,06:13:09,06:13:09,7,2432,Alderwood Mall Pkwy & Maple Rd,0.0,0.0
2023-10-26,107,North,21113,17108.0,,06:16:54,06:16:54,8,970,Hwy 525 & Lincoln Way,0.0,0.0
2023-10-26,107,North,21113,17108.0,06:18:00,06:19:16,06:19:16,9,966,Hwy 525 & Beverly Park Rd,0.0,0.0
2023-10-26,107,North,21113,17108.0,,06:20:08,06:20:16,10,969,Hwy 525 & Harbour Pointe Blvd SW,0.0,1.0
2023-10-26,107,North,21113,17108.0,,06:21:30,06:21:30,11,974,Hwy 525 & Chennault Beach Rd,0.0,0.0
2023-10-26,107,North,21113,17108.0,,06:22:46,06:23:02,12,975,Hwy 525 & Harbour Pointe Blvd,0.0,1.0
2023-10-26,107,North,21113,17108.0,06:23:00,06:24:28,06:24:28,13,965,Hwy 525 & 92nd St SW,0.0,0.0
2023-10-26,107,North,21113,17108.0,,06:25:29,06:25:39,14,3198,84th St SW & SR 525,0.0,2.0
2023-10-26,107,North,21113,17108.0,,06:26:39,06:26:47,15,2485,84th St SW & 44th Ave W,0.0,1.0
2023-10-26,107,North,21113,17108.0,06:33:00,06:30:19,06:30:19,16,3199,Seaway Transit Center,0.0,1.0
2023-10-26,107,North,21114,21815.0,06:41:00,06:41:05,06:41:05,0,2111,Lynnwood Transit Center Bay C3,0.0,0.0
2023-10-26,107,North,21114,21815.0,,06:44:13,06:44:13,1,250,Alderwood Mall Blvd & 44th Ave W,0.0,0.0
2023-10-26,107,North,21114,21815.0,,06:44:40,06:44:40,2,262,Alderwood Mall Blvd & 40th Ave W,0.0,0.0
2023-10-26,107,North,21114,21815.0,,06:45:50,06:45:50,3,371,Alderwood Mall Blvd & 33rd Ave W,0.0,0.0
2023-10-26,107,North,21114,21815.0,,06:46:40,06:46:40,4,370,Alderwood Mall Blvd & 28th Ave W,0.0,0.0
2023-10-26,107,North,21114,21815.0,,06:47:46,06:47:46,5,814,Alderwood Mall Pkwy & Beech Rd,0.0,0.0
2023-10-26,107,North,21114,21815.0,06:46:00,06:48:10,06:48:27,6,2431,Alderwood Mall Pkwy & 184th St SW,0.0,0.0
2023-10-26,107,North,21114,21815.0,,06:49:12,06:49:12,7,2432,Alderwood Mall Pkwy & Maple Rd,0.0,0.0
2023-10-26,107,North,21114,21815.0,,06:53:31,06:53:31,8,970,Hwy 525 & Lincoln Way,0.0,0.0
2023-10-26,107,North,21114,21815.0,06:53:00,06:55:34,06:55:34,9,966,Hwy 525 & Beverly Park Rd,0.0,0.0
2023-10-26,107,North,21114,21815.0,,06:56:41,06:56:58,10,969,Hwy 525 & Harbour Pointe Blvd SW,1.0,0.0
2023-10-26,107,North,21114,21815.0,,06:58:50,06:58:50,11,974,Hwy 525 & Chennault Beach Rd,0.0,0.0
2023-10-26,107,North,21114,21815.0,,06:59:27,06:59:27,12,975,Hwy 525 & Harbour Pointe Blvd,0.0,0.0
2023-10-26,107,North,21114,21815.0,06:58:00,07:01:58,07:01:58,13,965,Hwy 525 & 92nd St SW,0.0,0.0
2023-10-26,107,North,21114,21815.0,,07:02:58,07:02:58,14,3198,84th St SW & SR 525,0.0,0.0
2023-10-26,107,North,21114,21815.0,,07:03:57,07:03:57,15,2485,84th St SW & 44th Ave W,0.0,0.0
2023-10-26,107,North,21114,21815.0,07:09:00,07:07:42,07:07:42,16,3199,Seaway Transit Center,0.0,1.0
2023-10-26,107,South,21115,17813.0,15:50:00,15:50:10,15:50:10,0,3185,Seaway Transit Center Bay 1,4.0,0.0
2023-10-26,107,South,21115,17813.0,,15:57:12,15:57:12,1,2486,84th St SW & 44th Ave W,0.0,0.0
2023-10-26,107,South,21115,17813.0,,15:59:16,15:59:16,2,1457,Hwy 525 & 84th St SW,0.0,0.0
2023-10-26,107,South,21115,17813.0,,15:59:39,15:59:39,3,1458,Hwy 525 & 88th St SW,0.0,0.0
2023-10-26,107,South,21115,17813.0,15:58:00,16:00:12,16:00:12,4,1459,Hwy 525 & 92nd St SW,0.0,0.0
2023-10-26,107,South,21115,17813.0,,16:03:13,16:03:13,5,1466,Hwy 525 & Harbour Pointe Blvd,0.0,0.0
2023-10-26,107,South,21115,17813.0,,16:04:11,16:04:11,6,1461,Hwy 525 & Chennault Beach Rd,0.0,0.0
2023-10-26,107,South,21115,17813.0,,16:04:33,16:04:33,7,1464,Hwy 525 & Russell Rd,0.0,0.0
2023-10-26,107,South,21115,17813.0,,16:06:24,16:06:50,8,1462,Hwy 525 & Harbour Pointe Blvd SW,3.0,1.0
2023-10-26,107,South,21115,17813.0,16:06:00,16:08:40,16:08:40,9,1460,Hwy 525 & Beverly Park Rd,0.0,0.0
2023-10-26,107,South,21115,17813.0,,16:10:21,16:10:21,10,1467,Hwy 525 & Lincoln Way,0.0,0.0
2023-10-26,107,South,21115,17813.0,,16:15:28,16:15:28,11,2433,Alderwood Mall Pkwy & 182nd St SW,0.0,0.0
2023-10-26,107,South,21115,17813.0,16:14:00,16:17:46,16:17:46,12,1303,Alderwood Mall Pkwy & 184th St SW,0.0,0.0
2023-10-26,107,South,21115,17813.0,,16:18:07,16:18:07,13,1305,Alderwood Mall Pkwy & Beech Rd,0.0,0.0
2023-10-26,107,South,21115,17813.0,,16:18:56,16:18:56,14,1742,Alderwood Mall Blvd & 28th Ave W,0.0,0.0
2023-10-26,107,South,21115,17813.0,,16:19:44,16:19:44,15,1743,Alderwood Mall Blvd & 33rd Ave W,0.0,0.0
2023-10-26,107,South,21115,17813.0,,16:21:21,16:21:21,16,1635,Alderwood Mall Blvd & 40th Ave W,0.0,0.0
2023-10-26,107,South,21115,17813.0,16:27:00,16:24:50,16:24:50,17,2035,Lynnwood Transit Center,0.0,6.0
2023-10-26,107,South,21116,17104.0,16:20:00,16:20:01,16:20:01,0,3185,Seaway Transit Center Bay 1,3.0,0.0
2023-10-26,107,South,21116,17104.0,,16:25:59,16:26:11,1,2486,84th St SW & 44th Ave W,0.0,1.0
2023-10-26,107,South,21116,17104.0,,16:26:56,16:26:56,2,1457,Hwy 525 & 84th St SW,0.0,0.0
2023-10-26,107,South,21116,17104.0,,16:27:20,16:27:20,3,1458,Hwy 525 & 88th St SW,0.0,0.0
2023-10-26,107,South,21116,17104.0,16:27:00,16:27:49,16:27:49,4,1459,Hwy 525 & 92nd St SW,0.0,0.0
2023-10-26,107,South,21116,17104.0,,16:29:31,16:29:56,5,1466,Hwy 525 & Harbour Pointe Blvd,3.0,0.0
2023-10-26,107,South,21116,17104.0,,16:30:44,16:30:44,6,1461,Hwy 525 & Chennault Beach Rd,0.0,0.0
2023-10-26,107,South,21116,17104.0,,16:31:05,16:31:05,7,1464,Hwy 525 & Russell Rd,0.0,0.0
2023-10-26,107,South,21116,17104.0,,16:33:16,16:33:36,8,1462,Hwy 525 & Harbour Pointe Blvd SW,2.0,1.0
2023-10-26,107,South,21116,17104.0,16:34:00,16:34:37,16:34:37,9,1460,Hwy 525 & Beverly Park Rd,0.0,0.0
2023-10-26,107,South,21116,17104.0,,16:35:56,16:36:25,10,1467,Hwy 525 & Lincoln Way,0.0,2.0
2023-10-26,107,South,21116,17104.0,,16:41:06,16:41:06,11,2433,Alderwood Mall Pkwy & 182nd St SW,0.0,0.0
2023-10-26,107,South,21116,17104.0,16:42:00,16:42:44,16:43:02,12,1303,Alderwood Mall Pkwy & 184th St SW,2.0,1.0
2023-10-26,107,South,21116,17104.0,,16:43:52,16:43:52,13,1305,Alderwood Mall Pkwy & Beech Rd,0.0,0.0
2023-10-26,107,South,21116,17104.0,,16:44:21,16:44:21,14,1742,Alderwood Mall Blvd & 28th Ave W,0.0,0.0
2023-10-26,107,South,21116,17104.0,,16:45:00,16:45:00,15,1743,Alderwood Mall Blvd & 33rd Ave W,0.0,0.0
2023-10-26,107,South,21116,17104.0,,16:46:34,16:46:34,16,1635,Alderwood Mall Blvd & 40th Ave W,0.0,0.0
2023-10-26,107,South,21116,17104.0,16:54:00,16:50:08,16:50:08,17,2035,Lynnwood Transit Center,0.0,5.0
2023-10-27,107,North,21113,19114.0,06:06:00,06:06:31,06:06:31,0,2111,Lynnwood Transit Center Bay C3,6.0,0.0
2023-10-27,107,North,21113,19114.0,,06:09:43,06:09:43,1,250,Alderwood Mall Blvd & 44th Ave W,0.0,0.0
2023-10-27,107,North,21113,19114.0,,06:10:14,06:10:14,2,262,Alderwood Mall Blvd & 40th Ave W,0.0,0.0
2023-10-27,107,North,21113,19114.0,,06:11:22,06:11:22,3,371,Alderwood Mall Blvd & 33rd Ave W,0.0,0.0
2023-10-27,107,North,21113,19114.0,,06:12:05,06:12:05,4,370,Alderwood Mall Blvd & 28th Ave W,0.0,0.0
2023-10-27,107,North,21113,19114.0,,06:13:28,06:13:28,5,814,Alderwood Mall Pkwy & Beech Rd,0.0,0.0
2023-10-27,107,North,21113,19114.0,06:11:00,06:13:49,06:13:49,6,2431,Alderwood Mall Pkwy & 184th St SW,0.0,0.0
2023-10-27,107,North,21113,19114.0,,06:14:33,06:14:33,7,2432,Alderwood Mall Pkwy & Maple Rd,0.0,0.0
2023-10-27,107,North,21113,19114.0,,06:18:52,06:19:02,8,970,Hwy 525 & Lincoln Way,1.0,0.0
2023-10-27,107,North,21113,19114.0,06:18:00,06:20:52,06:20:52,9,966,Hwy 525 & Beverly Park Rd,0.0,0.0
2023-10-27,107,North,21113,19114.0,,06:22:00,06:22:12,10,969,Hwy 525 & Harbour Pointe Blvd SW,0.0,2.0
2023-10-27,107,North,21113,19114.0,,06:23:30,06:23:30,11,974,Hwy 525 & Chennault Beach Rd,0.0,0.0
2023-10-27,107,North,21113,19114.0,,06:24:16,06:24:27,12,975,Hwy 525 & Harbour Pointe Blvd,0.0,1.0
2023-10-27,107,North,21113,19114.0,06:23:00,06:26:42,06:26:42,13,965,Hwy 525 & 92nd St SW,0.0,0.0
2023-10-27,107,North,21113,19114.0,,06:27:37,06:27:51,14,3198,84th St SW & SR 525,0.0,2.0
2023-10-27,107,North,21113,19114.0,,06:29:07,06:29:15,15,2485,84th St SW & 44th Ave W,1.0,0.0
2023-10-27,107,North,21113,19114.0,06:33:00,06:33:37,06:33:37,16,3199,Seaway Transit Center,0.0,3.0
2023-10-27,107,North,21114,22808.0,06:41:00,06:42:37,06:42:37,0,2111,Lynnwood Transit Center Bay C3,1.0,0.0
2023-10-27,107,North,21114,22808.0,,06:45:30,06:45:30,1,250,Alderwood Mall Blvd & 44th Ave W,0.0,0.0
2023-10-27,107,North,21114,22808.0,,06:45:54,06:45:54,2,262,Alderwood Mall Blvd & 40th Ave W,0.0,0.0
2023-10-27,107,North,21114,22808.0,,06:46:54,06:46:54,3,371,Alderwood Mall Blvd & 33rd Ave W,0.0,0.0
2023-10-27,107,North,21114,22808.0,,06:47:34,06:47:34,4,370,Alderwood Mall Blvd & 28th Ave W,0.0,0.0
2023-10-27,107,North,21114,22808.0,,06:49:01,06:49:01,5,814,Alderwood Mall Pkwy & Beech Rd,0.0,0.0
2023-10-27,107,North,21114,22808.0,06:46:00,06:49:19,06:49:19,6,2431,Alderwood Mall Pkwy & 184th St SW,0.0,0.0
2023-10-27,107,North,21114,22808.0,,06:50:15,06:50:15,7,2432,Alderwood Mall Pkwy & Maple Rd,0.0,0.0
2023-10-27,107,North,21114,22808.0,,06:54:16,06:54:30,8,970,Hwy 525 & Lincoln Way,1.0,0.0
2023-10-27,107,North,21114,22808.0,06:53:00,06:55:46,06:55:46,9,966,Hwy 525 & Beverly Park Rd,0.0,0.0
2023-10-27,107,North,21114,22808.0,,06:56:59,06:57:21,10,969,Hwy 525 & Harbour Pointe Blvd SW,0.0,1.0
2023-10-27,107,North,21114,22808.0,,06:58:30,06:58:30,11,974,Hwy 525 & Chennault Beach Rd,0.0,0.0
2023-10-27,107,North,21114,22808.0,,06:59:07,06:59:07,12,975,Hwy 525 & Harbour Pointe Blvd,0.0,0.0
2023-10-27,107,North,21114,22808.0,06:58:00,07:00:29,07:00:29,13,965,Hwy 525 & 92nd St SW,0.0,0.0
2023-10-27,107,North,21114,22808.0,,07:01:36,07:01:36,14,3198,84th St SW & SR 525,0.0,0.0
2023-10-27,107,North,21114,22808.0,,07:02:29,07:02:29,15,2485,84th St SW & 44th Ave W,0.0,0.0
2023-10-27,107,North,21114,22808.0,07:09:00,07:06:56,07:06:56,16,3199,Seaway Transit Center,0.0,1.0
2023-10-27,107,South,21115,21804.0,15:50:00,15:51:02,15:51:02,0,3185,Seaway Transit Center Bay 1,2.0,0.0
2023-10-27,107,South,21115,21804.0,,15:58:37,15:58:37,1,2486,84th St SW & 44th Ave W,0.0,0.0
2023-10-27,107,South,21115,21804.0,,16:00:35,16:00:57,2,1457,Hwy 525 & 84th St SW,2.0,0.0
2023-10-27,107,South,21115,21804.0,,16:01:29,16:01:29,3,1458,Hwy 525 & 88th St SW,0.0,0.0
2023-10-27,107,South,21115,21804.0,15:58:00,16:02:34,16:02:50,4,1459,Hwy 525 & 92nd St SW,1.0,0.0
2023-10-27,107,South,21115,21804.0,,16:06:16,16:06:16,5,1466,Hwy 525 & Harbour Pointe Blvd,0.0,0.0
2023-10-27,107,South,21115,21804.0,,16:07:55,16:07:55,6,1461,Hwy 525 & Chennault Beach Rd,0.0,0.0
2023-10-27,107,South,21115,21804.0,,16:08:15,16:08:15,7,1464,Hwy 525 & Russell Rd,0.0,0.0
2023-10-27,107,South,21115,21804.0,,16:10:21,16:10:40,8,1462,Hwy 525 & Harbour Pointe Blvd SW,2.0,1.0
2023-10-27,107,South,21115,21804.0,16:06:00,16:12:36,16:12:36,9,1460,Hwy 525 & Beverly Park Rd,0.0,0.0
2023-10-27,107,South,21115,21804.0,,16:14:08,16:14:52,10,1467,Hwy 525 & Lincoln Way,0.0,0.0
2023-10-27,107,South,21115,21804.0,,16:19:13,16:19:13,11,2433,Alderwood Mall Pkwy & 182nd St SW,0.0,0.0
2023-10-27,107,South,21115,21804.0,16:14:00,16:21:30,16:21:49,12,1303,Alderwood Mall Pkwy & 184th St SW,0.0,1.0
2023-10-27,107,South,21115,21804.0,,16:22:54,16:22:54,13,1305,Alderwood Mall Pkwy & Beech Rd,0.0,0.0
2023-10-27,107,South,21115,21804.0,,16:23:29,16:23:29,14,1742,Alderwood Mall Blvd & 28th Ave W,0.0,0.0
2023-10-27,107,South,21115,21804.0,,16:24:36,16:24:36,15,1743,Alderwood Mall Blvd & 33rd Ave W,0.0,0.0
2023-10-27,107,South,21115,21804.0,,16:26:49,16:26:49,16,1635,Alderwood Mall Blvd & 40th Ave W,0.0,0.0
2023-10-27,107,South,21115,21804.0,16:27:00,16:30:46,16:30:46,17,2035,Lynnwood Transit Center,0.0,5.0
2023-10-27,107,South,21116,16804.0,16:20:00,16:20:08,16:20:08,0,3185,Seaway Transit Center Bay 1,4.0,0.0
2023-10-27,107,South,21116,16804.0,,16:26:24,16:26:24,1,2486,84th St SW & 44th Ave W,0.0,0.0
2023-10-27,107,South,21116,16804.0,,16:28:45,16:28:55,2,1457,Hwy 525 & 84th St SW,0.0,2.0
2023-10-27,107,South,21116,16804.0,,16:29:28,16:29:28,3,1458,Hwy 525 & 88th St SW,0.0,0.0
2023-10-27,107,South,21116,16804.0,16:27:00,16:30:13,16:30:13,4,1459,Hwy 525 & 92nd St SW,0.0,0.0
2023-10-27,107,South,21116,16804.0,,16:33:02,16:33:19,5,1466,Hwy 525 & Harbour Pointe Blvd,2.0,0.0
2023-10-27,107,South,21116,16804.0,,16:34:21,16:34:21,6,1461,Hwy 525 & Chennault Beach Rd,0.0,0.0
2023-10-27,107,South,21116,16804.0,,16:34:47,16:34:47,7,1464,Hwy 525 & Russell Rd,0.0,0.0
2023-10-27,107,South,21116,16804.0,,16:37:19,16:37:32,8,1462,Hwy 525 & Harbour Pointe Blvd SW,1.0,0.0
2023-10-27,107,South,21116,16804.0,16:34:00,16:40:05,16:40:05,9,1460,Hwy 525 & Beverly Park Rd,0.0,0.0
2023-10-27,107,South,21116,16804.0,,16:41:26,16:41:38,10,1467,Hwy 525 & Lincoln Way,1.0,0.0
2023-10-27,107,South,21116,16804.0,,16:47:38,16:47:38,11,2433,Alderwood Mall Pkwy & 182nd St SW,0.0,0.0
2023-10-27,107,South,21116,16804.0,16:42:00,16:49:20,16:49:20,12,1303,Alderwood Mall Pkwy & 184th St SW,0.0,0.0
2023-10-27,107,South,21116,16804.0,,16:49:47,16:50:01,13,1305,Alderwood Mall Pkwy & Beech Rd,0.0,1.0
2023-10-27,107,South,21116,16804.0,,16:51:05,16:51:05,14,1742,Alderwood Mall Blvd & 28th Ave W,0.0,0.0
2023-10-27,107,South,21116,16804.0,,16:52:25,16:52:40,15,1743,Alderwood Mall Blvd & 33rd Ave W,2.0,0.0
2023-10-27,107,South,21116,16804.0,,16:54:53,16:55:06,16,1635,Alderwood Mall Blvd & 40th Ave W,0.0,1.0
2023-10-27,107,South,21116,16804.0,16:54:00,17:01:22,17:01:22,17,2035,Lynnwood Transit Center,0.0,6.0
2023-10-30,107,North,21113,17100.0,06:06:00,06:06:10,06:06:10,0,2111,Lynnwood Transit Center Bay C3,7.0,0.0
2023-10-30,107,North,21113,17100.0,,06:09:12,06:09:12,1,250,Alderwood Mall Blvd & 44th Ave W,0.0,0.0
2023-10-30,107,North,21113,17100.0,,06:09:26,06:09:26,2,262,Alderwood Mall Blvd & 40th Ave W,0.0,0.0
2023-10-30,107,North,21113,17100.0,,06:10:47,06:10:47,3,371,Alderwood Mall Blvd & 33rd Ave W,0.0,0.0
2023-10-30,107,North,21113,17100.0,,06:11:32,06:11:32,4,370,Alderwood Mall Blvd & 28th Ave W,0.0,0.0
2023-10-30,107,North,21113,17100.0,,06:12:47,06:12:47,5,814,Alderwood Mall Pkwy & Beech Rd,0.0,0.0
2023-10-30,107,North,21113,17100.0,06:11:00,06:13:19,06:13:19,6,2431,Alderwood Mall Pkwy & 184th St SW,0.0,0.0
2023-10-30,107,North,21113,17100.0,,06:14:03,06:14:03,7,2432,Alderwood Mall Pkwy & Maple Rd,0.0,0.0
2023-10-30,107,North,21113,17100.0,,06:18:17,06:18:17,8,970,Hwy 525 & Lincoln Way,0.0,0.0
2023-10-30,107,North,21113,17100.0,06:18:00,06:19:24,06:19:24,9,966,Hwy 525 & Beverly Park Rd,0.0,0.0
2023-10-30,107,North,21113,17100.0,,06:20:18,06:20:31,10,969,Hwy 525 & Harbour Pointe Blvd SW,0.0,1.0
2023-10-30,107,North,21113,17100.0,,06:21:46,06:21:46,11,974,Hwy 525 & Chennault Beach Rd,0.0,0.0
2023-10-30,107,North,21113,17100.0,,06:22:33,06:22:47,12,975,Hwy 525 & Harbour Pointe Blvd,0.0,1.0
2023-10-30,107,North,21113,17100.0,06:23:00,06:24:09,06:24:09,13,965,Hwy 525 & 92nd St SW,0.0,0.0
2023-10-30,107,North,21113,17100.0,,06:25:15,06:25:27,14,3198,84th St SW & SR 525,0.0,1.0
2023-10-30,107,North,21113,17100.0,,06:26:26,06:26:38,15,2485,84th St SW & 44th Ave W,1.0,0.0
2023-10-30,107,North,21113,17100.0,06:33:00,06:30:53,06:30:53,16,3199,Seaway Transit Center,0.0,5.0
2023-10-30,107,North,21114,17807.0,06:41:00,06:41:19,06:41:19,0,2111,Lynnwood Transit Center Bay C3,1.0,0.0
2023-10-30,107,North,21114,17807.0,,06:45:21,06:45:21,1,250,Alderwood Mall Blvd & 44th Ave W,0.0,0.0
2023-10-30,107,North,21114,17807.0,,06:45:36,06:45:36,2,262,Alderwood Mall Blvd & 40th Ave W,0.0,0.0
2023-10-30,107,North,21114,17807.0,,06:46:39,06:46:39,3,371,Alderwood Mall Blvd & 33rd Ave W,0.0,0.0
2023-10-30,107,North,21114,17807.0,,06:47:20,06:47:20,4,370,Alderwood Mall Blvd & 28th Ave W,0.0,0.0
2023-10-30,107,North,21114,17807.0,,06:48:51,06:48:51,5,814,Alderwood Mall Pkwy & Beech Rd,0.0,0.0
2023-10-30,107,North,21114,17807.0,06:46:00,06:49:14,06:49:43,6,2431,Alderwood Mall Pkwy & 184th St SW,2.0,0.0
2023-10-30,107,North,21114,17807.0,,06:51:02,06:51:02,7,2432,Alderwood Mall Pkwy & Maple Rd,0.0,0.0
2023-10-30,107,North,21114,17807.0,,06:55:59,06:55:59,8,970,Hwy 525 & Lincoln Way,0.0,0.0
2023-10-30,107,North,21114,17807.0,06:53:00,06:59:22,06:59:22,9,966,Hwy 525 & Beverly Park Rd,0.0,0.0
2023-10-30,107,North,21114,17807.0,,07:00:26,07:00:49,10,969,Hwy 525 & Harbour Pointe Blvd SW,1.0,0.0
2023-10-30,107,North,21114,17807.0,,07:02:16,07:02:16,11,974,Hwy 525 & Chennault Beach Rd,0.0,0.0
2023-10-30,107,North,21114,17807.0,,07:02:56,07:02:56,12,975,Hwy 525 & Harbour Pointe Blvd,0.0,0.0
2023-10-30,107,North,21114,17807.0,06:58:00,07:04:05,07:04:05,13,965,Hwy 525 & 92nd St SW,0.0,0.0
2023-10-30,107,North,21114,17807.0,,07:05:06,07:06:19,14,3198,84th St SW & SR 525,1.0,1.0
2023-10-30,107,North,21114,17807.0,,07:07:42,07:08:05,15,2485,84th St SW & 44th Ave W,0.0,2.0
2023-10-30,107,North,21114,17807.0,07:09:00,07:12:21,07:12:21,16,3199,Seaway Transit Center,0.0,2.0
2023-10-30,107,South,21115,22808.0,15:50:00,15:50:14,15:50:14,0,3185,Seaway Transit Center Bay 1,8.0,0.0
2023-10-30,107,South,21115,22808.0,,15:56:19,15:56:40,1,2486,84th St SW & 44th Ave W,1.0,1.0
2023-10-30,107,South,21115,22808.0,,15:58:29,15:58:29,2,1457,Hwy 525 & 84th St SW,0.0,0.0
2023-10-30,107,South,21115,22808.0,,15:58:55,15:58:55,3,1458,Hwy 525 & 88th St SW,0.0,0.0
2023-10-30,107,South,21115,22808.0,15:58:00,15:59:20,15:59:20,4,1459,Hwy 525 & 92nd St SW,0.0,0.0
2023-10-30,107,South,21115,22808.0,,16:01:40,16:02:01,5,1466,Hwy 525 & Harbour Pointe Blvd,1.0,0.0
2023-10-30,107,South,21115,22808.0,,16:04:21,16:04:38,6,1461,Hwy 525 & Chennault Beach Rd,2.0,0.0
2023-10-30,107,South,21115,22808.0,,16:05:06,16:05:06,7,1464,Hwy 525 & Russell Rd,0.0,0.0
2023-10-30,107,South,21115,22808.0,,16:06:49,16:07:00,8,1462,Hwy 525 & Harbour Pointe Blvd SW,0.0,1.0
2023-10-30,107,South,21115,22808.0,16:06:00,16:09:47,16:09:47,9,1460,Hwy 525 & Beverly Park Rd,0.0,0.0
2023-10-30,107,South,21115,22808.0,,16:10:47,16:10:58,10,1467,Hwy 525 & Lincoln Way,0.0,1.0
2023-10-30,107,South,21115,22808.0,,16:15:29,16:15:29,11,2433,Alderwood Mall Pkwy & 182nd St SW,0.0,0.0
2023-10-30,107,South,21115,22808.0,16:14:00,16:18:11,16:18:21,12,1303,Alderwood Mall Pkwy & 184th St SW,0.0,1.0
2023-10-30,107,South,21115,22808.0,,16:18:46,16:18:46,13,1305,Alderwood Mall Pkwy & Beech Rd,0.0,0.0
2023-10-30,107,South,21115,22808.0,,16:19:48,16:20:03,14,1742,Alderwood Mall Blvd & 28th Ave W,1.0,0.0
2023-10-30,107,South,21115,22808.0,,16:21:10,16:21:10,15,1743,Alderwood Mall Blvd & 33rd Ave W,0.0,0.0
2023-10-30,107,South,21115,22808.0,,16:31:45,16:31:45,16,1635,Alderwood Mall Blvd & 40th Ave W,0.0,0.0
2023-10-30,107,South,21115,22808.0,16:27:00,16:35:28,16:35:28,17,2035,Lynnwood Transit Center,0.0,9.0
2023-10-30,107,South,21116,17114.0,16:20:00,16:20:05,16:20:05,0,3185,Seaway Transit Center Bay 1,1.0,0.0
2023-10-30,107,South,21116,17114.0,,16:25:14,16:25:14,1,2486,84th St SW & 44th Ave W,0.0,0.0
2023-10-30,107,South,21116,17114.0,,16:26:28,16:27:05,2,1457,Hwy 525 & 84th St SW,0.0,1.0
2023-10-30,107,South,21116,17114.0,,16:27:31,16:27:31,3,1458,Hwy 525 & 88th St SW,0.0,0.0
2023-10-30,107,South,21116,17114.0,16:27:00,16:27:57,16:27:57,4,1459,Hwy 525 & 92nd St SW,0.0,0.0
2023-10-30,107,South,21116,17114.0,,16:30:07,16:30:19,5,1466,Hwy 525 & Harbour Pointe Blvd,2.0,0.0
2023-10-30,107,South,21116,17114.0,,16:31:04,16:31:04,6,1461,Hwy 525 & Chennault Beach Rd,0.0,0.0
2023-10-30,107,South,21116,17114.0,,16:31:24,16:31:24,7,1464,Hwy 525 & Russell Rd,0.0,0.0
2023-10-30,107,South,21116,17114.0,,16:34:10,16:34:33,8,1462,Hwy 525 & Harbour Pointe Blvd SW,2.0,2.0
2023-10-30,107,South,21116,17114.0,16:34:00,16:35:58,16:35:58,9,1460,Hwy 525 & Beverly Park Rd,0.0,0.0
2023-10-30,107,South,21116,17114.0,,16:38:41,16:38:41,10,1467,Hwy 525 & Lincoln Way,0.0,0.0
2023-10-30,107,South,21116,17114.0,,16:43:04,16:43:04,11,2433,Alderwood Mall Pkwy & 182nd St SW,0.0,0.0
2023-10-30,107,South,21116,17114.0,16:42:00,16:44:11,16:44:11,12,1303,Alderwood Mall Pkwy & 184th St SW,0.0,0.0
2023-10-30,107,South,21116,17114.0,,16:45:27,16:45:27,13,1305,Alderwood Mall Pkwy & Beech Rd,0.0,0.0
2023-10-30,107,South,21116,17114.0,,16:46:29,16:46:29,14,1742,Alderwood Mall Blvd & 28th Ave W,0.0,0.0
2023-10-30,107,South,21116,17114.0,,16:48:00,16:48:00,15,1743,Alderwood Mall Blvd & 33rd Ave W,0.0,0.0
2023-10-30,107,South,21116,17114.0,,16:57:01,16:57:01,16,1635,Alderwood Mall Blvd & 40th Ave W,0.0,0.0
2023-10-30,107,South,21116,17114.0,16:54:00,17:00:56,17:00:56,17,2035,Lynnwood Transit Center,0.0,2.0
2023-10-31,107,North,21113,17103.0,06:06:00,06:07:11,06:07:11,0,2111,Lynnwood Transit Center Bay C3,7.0,0.0
2023-10-31,107,North,21113,17103.0,,06:10:04,06:10:04,1,250,Alderwood Mall Blvd & 44th Ave W,0.0,0.0
2023-10-31,107,North,21113,17103.0,,06:10:18,06:10:18,2,262,Alderwood Mall Blvd & 40th Ave W,0.0,0.0
2023-10-31,107,North,21113,17103.0,,06:11:19,06:11:19,3,371,Alderwood Mall Blvd & 33rd Ave W,0.0,0.0
2023-10-31,107,North,21113,17103.0,,06:12:04,06:12:04,4,370,Alderwood Mall Blvd & 28th Ave W,0.0,0.0
2023-10-31,107,North,21113,17103.0,,06:13:37,06:13:37,5,814,Alderwood Mall Pkwy & Beech Rd,0.0,0.0
2023-10-31,107,North,21113,17103.0,06:11:00,06:14:04,06:14:04,6,2431,Alderwood Mall Pkwy & 184th St SW,0.0,0.0
2023-10-31,107,North,21113,17103.0,,06:15:15,06:15:15,7,2432,Alderwood Mall Pkwy & Maple Rd,0.0,0.0
2023-10-31,107,North,21113,17103.0,,06:19:26,06:19:42,8,970,Hwy 525 & Lincoln Way,1.0,0.0
2023-10-31,107,North,21113,17103.0,06:18:00,06:21:25,06:21:25,9,966,Hwy 525 & Beverly Park Rd,0.0,0.0
2023-10-31,107,North,21113,17103.0,,06:22:18,06:22:30,10,969,Hwy 525 & Harbour Pointe Blvd SW,0.0,1.0
2023-10-31,107,North,21113,17103.0,,06:23:47,06:23:47,11,974,Hwy 525 & Chennault Beach Rd,0.0,0.0
2023-10-31,107,North,21113,17103.0,,06:24:58,06:25:11,12,975,Hwy 525 & Harbour Pointe Blvd,0.0,2.0
2023-10-31,107,North,21113,17103.0,06:23:00,06:26:35,06:26:35,13,965,Hwy 525 & 92nd St SW,0.0,0.0
2023-10-31,107,North,21113,17103.0,,06:27:38,06:27:50,14,3198,84th St SW & SR 525,0.0,1.0
2023-10-31,107,North,21113,17103.0,,06:28:47,06:29:01,15,2485,84th St SW & 44th Ave W,1.0,0.0
2023-10-31,107,North,21113,17103.0,06:33:00,06:33:05,06:33:05,16,3199,Seaway Transit Center,0.0,5.0
2023-10-31,107,North,21114,17810.0,06:41:00,06:41:13,06:41:13,0,2111,Lynnwood Transit Center Bay C3,6.0,0.0
2023-10-31,107,North,21114,17810.0,,06:43:59,06:43:59,1,250,Alderwood Mall Blvd & 44th Ave W,0.0,0.0
2023-10-31,107,North,21114,17810.0,,06:44:13,06:44:13,2,262,Alderwood Mall Blvd & 40th Ave W,0.0,0.0
2023-10-31,107,North,21114,17810.0,,06:45:18,06:45:18,3,371,Alderwood Mall Blvd & 33rd Ave W,0.0,0.0
2023-10-31,107,North,21114,17810.0,,06:46:03,06:46:03,4,370,Alderwood Mall Blvd & 28th Ave W,0.0,0.0
2023-10-31,107,North,21114,17810.0,,06:47:30,06:47:30,5,814,Alderwood Mall Pkwy & Beech Rd,0.0,0.0
2023-10-31,107,North,21114,17810.0,06:46:00,06:47:55,06:48:14,6,2431,Alderwood Mall Pkwy & 184th St SW,4.0,0.0
2023-10-31,107,North,21114,17810.0,,06:49:34,06:49:34,7,2432,Alderwood Mall Pkwy & Maple Rd,0.0,0.0
2023-10-31,107,North,21114,17810.0,,06:54:17,06:54:35,8,970,Hwy 525 & Lincoln Way,1.0,0.0
2023-10-31,107,North,21114,17810.0,06:53:00,06:58:12,06:58:12,9,966,Hwy 525 & Beverly Park Rd,0.0,0.0
2023-10-31,107,North,21114,17810.0,,06:59:06,06:59:31,10,969,Hwy 525 & Harbour Pointe Blvd SW,1.0,2.0
2023-10-31,107,North,21114,17810.0,,07:00:40,07:00:40,11,974,Hwy 525 & Chennault Beach Rd,0.0,0.0
2023-10-31,107,North,21114,17810.0,,07:01:20,07:01:20,12,975,Hwy 525 & Harbour Pointe Blvd,0.0,0.0
2023-10-31,107,North,21114,17810.0,06:58:00,07:09:52,07:10:10,13,965,Hwy 525 & 92nd St SW,0.0,0.0
2023-10-31,107,North,21114,17810.0,,07:11:23,07:11:35,14,3198,84th St SW & SR 525,0.0,3.0
2023-10-31,107,North,21114,17810.0,,07:12:47,07:12:47,15,2485,84th St SW & 44th Ave W,0.0,0.0
2023-10-31,107,North,21114,17810.0,07:09:00,07:17:13,07:17:13,16,3199,Seaway Transit Center,0.0,7.0
2023-10-31,107,South,21115,19808.0,15:50:00,15:50:07,15:50:07,0,3185,Seaway Transit Center Bay 1,9.0,0.0
2023-10-31,107,South,21115,19808.0,,15:55:34,15:55:34,1,2486,84th St SW & 44th Ave W,0.0,0.0
2023-10-31,107,South,21115,19808.0,,15:56:41,15:56:57,2,1457,Hwy 525 & 84th St SW,0.0,2.0
2023-10-31,107,South,21115,19808.0,,15:57:28,15:57:28,3,1458,Hwy 525 & 88th St SW,0.0,0.0
2023-10-31,107,South,21115,19808.0,15:58:00,15:57:59,15:57:59,4,1459,Hwy 525 & 92nd St SW,0.0,0.0
2023-10-31,107,South,21115,19808.0,,15:59:47,16:00:03,5,1466,Hwy 525 & Harbour Pointe Blvd,1.0,0.0
2023-10-31,107,South,21115,19808.0,,16:00:55,16:01:13,6,1461,Hwy 525 & Chennault Beach Rd,1.0,0.0
2023-10-31,107,South,21115,19808.0,,16:01:45,16:01:45,7,1464,Hwy 525 & Russell Rd,0.0,0.0
2023-10-31,107,South,21115,19808.0,,16:02:45,16:02:45,8,1462,Hwy 525 & Harbour Pointe Blvd SW,0.0,0.0
2023-10-31,107,South,21115,19808.0,16:06:00,16:04:13,16:04:13,9,1460,Hwy 525 & Beverly Park Rd,0.0,0.0
2023-10-31,107,South,21115,19808.0,,16:06:00,16:06:09,10,1467,Hwy 525 & Lincoln Way,0.0,1.0
2023-10-31,107,South,21115,19808.0,,16:11:20,16:11:20,11,2433,Alderwood Mall Pkwy & 182nd St SW,0.0,0.0
2023-10-31,107,South,21115,19808.0,16:14:00,16:12:44,16:12:58,12,1303,Alderwood Mall Pkwy & 184th St SW,0.0,1.0
2023-10-31,107,South,21115,19808.0,,16:13:46,16:13:46,13,1305,Alderwood Mall Pkwy & Beech Rd,0.0,0.0
2023-10-31,107,South,21115,19808.0,,16:14:19,16:14:42,14,1742,Alderwood Mall Blvd & 28th Ave W,1.0,0.0
2023-10-31,107,South,21115,19808.0,,16:16:00,16:16:00,15,1743,Alderwood Mall Blvd & 33rd Ave W,0.0,0.0
2023-10-31,107,South,21115,19808.0,,16:22:00,16:22:13,16,1635,Alderwood Mall Blvd & 40th Ave W,1.0,0.0
2023-10-31,107,South,21115,19808.0,16:27:00,16:25:39,16:25:39,17,2035,Lynnwood Transit Center,0.0,9.0
2023-10-31,107,South,21116,19108.0,16:20:00,16:21:34,16:21:34,0,3185,Seaway Transit Center Bay 1,5.0,0.0
2023-10-31,107,South,21116,19108.0,,16:28:57,16:28:57,1,2486,84th St SW & 44th Ave W,0.0,0.0
2023-10-31,107,South,21116,19108.0,,16:30:04,16:30:04,2,1457,Hwy 525 & 84th St SW,0.0,0.0
2023-10-31,107,South,21116,19108.0,,16:30:39,16:31:11,3,1458,Hwy 525 & 88th St SW,1.0,0.0
2023-10-31,107,South,21116,19108.0,16:27:00,16:31:50,16:31:50,4,1459,Hwy 525 & 92nd St SW,0.0,0.0
2023-10-31,107,South,21116,19108.0,,16:34:10,16:34:25,5,1466,Hwy 525 & Harbour Pointe Blvd,1.0,0.0
2023-10-31,107,South,21116,19108.0,,16:35:51,16:36:03,6,1461,Hwy 525 & Chennault Beach Rd,1.0,0.0
2023-10-31,107,South,21116,19108.0,,16:36:33,16:36:33,7,1464,Hwy 525 & Russell Rd,0.0,0.0
2023-10-31,107,South,21116,19108.0,,16:38:38,16:39:06,8,1462,Hwy 525 & Harbour Pointe Blvd SW,2.0,1.0
2023-10-31,107,South,21116,19108.0,16:34:00,16:41:51,16:41:51,9,1460,Hwy 525 & Beverly Park Rd,0.0,0.0
2023-10-31,107,South,21116,19108.0,,16:43:16,16:43:28,10,1467,Hwy 525 & Lincoln Way,0.0,1.0
2023-10-31,107,South,21116,19108.0,,16:47:53,16:48:19,11,2433,Alderwood Mall Pkwy & 182nd St SW,0.0,2.0
2023-10-31,107,South,21116,19108.0,16:42:00,16:50:23,16:50:35,12,1303,Alderwood Mall Pkwy & 184th St SW,0.0,0.0
2023-10-31,107,South,21116,19108.0,,16:51:36,16:51:36,13,1305,Alderwood Mall Pkwy & Beech Rd,0.0,0.0
2023-10-31,107,South,21116,19108.0,,16:52:13,16:52:13,14,1742,Alderwood Mall Blvd & 28th Ave W,0.0,0.0
2023-10-31,107,South,21116,19108.0,,16:53:14,16:53:14,15,1743,Alderwood Mall Blvd & 33rd Ave W,0.0,0.0
2023-10-31,107,South,21116,19108.0,,16:57:52,16:57:52,16,1635,Alderwood Mall Blvd & 40th Ave W,0.0,0.0
2023-10-31,107,South,21116,19108.0,16:54:00,17:04:21,17:04:21,17,2035,Lynnwood Transit Center,0.0,6.0
