OPERATION_DATE,ROUTE_ID,DIRECTION,TRIP_ID,VEHICLE_ID,SCHED_DEPTIME,ACT_ARRTIME,ACT_DEPTIME,STOP_ORDER_NBR,STOP_ID,STOP,BOARDINGS,ALIGHTINGS
2023-10-02,417,North,24094,19823.0,15:11:00,15:12:26,15:12:26,0,640,4th Ave S & S Jackson St,2.0,0.0
2023-10-02,417,North,24094,19823.0,,15:13:47,15:13:47,1,635,4th Ave S & S Washington St,0.0,0.0
2023-10-02,417,North,24094,19823.0,,15:14:35,15:14:35,2,2638,4th Ave & Cherry St,0.0,0.0
2023-10-02,417,North,24094,19823.0,,15:16:04,15:16:19,3,641,4th Ave & Seneca St,1.0,0.0
2023-10-02,417,North,24094,19823.0,15:17:00,15:17:23,15:17:42,4,2976,4th Ave & Pine St,1.0,0.0
2023-10-02,417,North,24094,19823.0,,15:19:27,15:20:50,5,473,Olive Way & 6th Ave,12.0,0.0
2023-10-02,417,North,24094,19823.0,15:21:00,15:22:09,15:22:53,6,430,Howell St & 9th Ave,2.0,0.0
2023-10-02,417,North,24094,19823.0,,15:26:40,15:26:57,7,431,Howell St & Yale Ave,1.0,1.0
2023-10-02,417,North,24094,19823.0,,15:55:20,15:55:36,11,970,Hwy 525 & Lincoln Way,1.0,1.0
2023-10-02,417,North,24094,19823.0,16:06:00,15:58:53,15:59:13,12,966,Hwy 525 & Beverly Park Rd,0.0,2.0
2023-10-02,417,North,24094,19823.0,,16:00:33,16:00:51,13,969,Hwy 525 & Harbour Pointe Blvd SW,0.0,6.0
2023-10-02,417,North,24094,19823.0,,16:02:59,16:02:59,14,974,Hwy 525 & Chennault Beach Rd,0.0,0.0
2023-10-02,417,North,24094,19823.0,,16:04:23,16:04:51,15,975,Hwy 525 & Harbour Pointe Blvd,0.0,1.0
2023-10-02,417,North,24094,19823.0,16:16:00,16:07:12,16:07:28,16,965,Hwy 525 & 92nd St SW,0.0,1.0
2023-10-02,417,North,24094,19823.0,,16:09:10,16:09:29,17,964,Hwy 525 & 84th St SW,0.0,2.0
2023-10-02,417,North,24094,19823.0,,16:10:00,16:10:00,18,963,Hwy 525 & 80th St SW,0.0,0.0
2023-10-02,417,North,24094,19823.0,,16:10:22,16:10:22,19,973,Hwy 525 & 76th St SW,0.0,0.0
2023-10-02,417,North,24094,19823.0,,16:11:06,16:11:22,20,967,Hwy 525 & Clover Ln,1.0,0.0
2023-10-02,417,North,24094,19823.0,,16:11:53,16:11:53,21,972,Hwy 525 & 15th Pl,0.0,0.0
2023-10-02,417,North,24094,19823.0,,16:12:10,16:12:10,22,968,Hwy 525 & Goat Trail Rd,0.0,0.0
2023-10-02,417,North,24094,19823.0,,16:13:39,16:13:54,23,3280,Hwy 525 & 5th St,0.0,1.0
2023-10-02,417,North,24094,19823.0,,16:15:36,16:15:50,24,3274,1st St & Mukilteo Station,0.0,1.0
2023-10-02,417,North,24094,19823.0,16:30:00,16:16:53,16:16:53,25,3265,Mukilteo Ferry Terminal Bay 2,0.0,5.0
2023-10-02,417,North,24095,19850.0,16:11:00,16:12:10,16:12:10,0,640,4th Ave S & S Jackson St,0.0,0.0
2023-10-02,417,North,24095,19850.0,,16:12:51,16:13:07,1,635,4th Ave S & S Washington St,0.0,0.0
2023-10-02,417,North,24095,19850.0,,16:14:40,16:15:06,2,2638,4th Ave & Cherry St,3.0,0.0
2023-10-02,417,North,24095,19850.0,,16:17:51,16:18:10,3,641,4th Ave & Seneca St,1.0,0.0
2023-10-02,417,North,24095,19850.0,16:17:00,16:19:24,16:19:47,4,2976,4th Ave & Pine St,1.0,0.0
2023-10-02,417,North,24095,19850.0,,16:21:06,16:22:06,5,473,Olive Way & 6th Ave,2.0,0.0
2023-10-02,417,North,24095,19850.0,16:21:00,16:23:41,16:24:09,6,430,Howell St & 9th Ave,4.0,0.0
2023-10-02,417,North,24095,19850.0,,16:28:11,16:28:33,7,431,Howell St & Yale Ave,2.0,0.0
2023-10-02,417,North,24095,19850.0,,17:06:03,17:06:03,11,970,Hwy 525 & Lincoln Way,0.0,0.0
2023-10-02,417,North,24095,19850.0,17:08:00,17:12:14,17:12:40,12,966,Hwy 525 & Beverly Park Rd,0.0,2.0
2023-10-02,417,North,24095,19850.0,,17:14:09,17:14:35,13,969,Hwy 525 & Harbour Pointe Blvd SW,0.0,5.0
2023-10-02,417,North,24095,19850.0,,17:16:33,17:16:50,14,974,Hwy 525 & Chennault Beach Rd,0.0,0.0
2023-10-02,417,North,24095,19850.0,,17:17:56,17:18:20,15,975,Hwy 525 & Harbour Pointe Blvd,0.0,0.0
2023-10-02,417,North,24095,19850.0,17:18:00,17:20:49,17:21:14,16,965,Hwy 525 & 92nd St SW,0.0,2.0
2023-10-02,417,North,24095,19850.0,,17:22:59,17:23:20,17,964,Hwy 525 & 84th St SW,0.0,1.0
2023-10-02,417,North,24095,19850.0,,17:23:56,17:23:56,18,963,Hwy 525 & 80th St SW,0.0,0.0
2023-10-02,417,North,24095,19850.0,,17:24:24,17:24:24,19,973,Hwy 525 & 76th St SW,0.0,0.0
2023-10-02,417,North,24095,19850.0,,17:25:12,17:25:12,20,967,Hwy 525 & Clover Ln,0.0,0.0
2023-10-02,417,North,24095,19850.0,,17:25:39,17:25:39,21,972,Hwy 525 & 15th Pl,0.0,0.0
2023-10-02,417,North,24095,19850.0,,17:25:57,17:25:57,22,968,Hwy 525 & Goat Trail Rd,0.0,0.0
2023-10-02,417,North,24095,19850.0,,17:27:29,17:27:29,23,3280,Hwy 525 & 5th St,0.0,0.0
2023-10-02,417,North,24095,19850.0,,17:29:08,17:29:25,24,3274,1st St & Mukilteo Station,0.0,1.0
2023-10-02,417,North,24095,19850.0,17:31:00,17:30:47,17:30:47,25,3265,Mukilteo Ferry Terminal Bay 2,0.0,2.0
2023-10-02,417,North,24096,15805.0,17:22:00,17:22:19,17:22:19,0,640,4th Ave S & S Jackson St,2.0,0.0
2023-10-02,417,North,24096,15805.0,,17:23:10,17:24:03,1,635,4th Ave S & S Washington St,1.0,1.0
2023-10-02,417,North,24096,15805.0,,17:25:11,17:25:24,2,2638,4th Ave & Cherry St,0.0,0.0
2023-10-02,417,North,24096,15805.0,,17:27:17,17:28:14,3,641,4th Ave & Seneca St,3.0,0.0
2023-10-02,417,North,24096,15805.0,17:28:00,17:29:24,17:29:40,4,2976,4th Ave & Pine St,0.0,0.0
2023-10-02,417,North,24096,15805.0,,17:31:36,17:32:36,5,473,Olive Way & 6th Ave,4.0,0.0
2023-10-02,417,North,24096,15805.0,17:32:00,17:34:11,17:34:31,6,430,Howell St & 9th Ave,1.0,0.0
2023-10-02,417,North,24096,15805.0,,17:38:42,17:39:06,7,431,Howell St & Yale Ave,4.0,0.0
2023-10-02,417,North,24096,15805.0,,18:13:11,18:13:36,11,970,Hwy 525 & Lincoln Way,0.0,5.0
2023-10-02,417,North,24096,15805.0,18:14:00,18:16:02,18:16:22,12,966,Hwy 525 & Beverly Park Rd,0.0,4.0
2023-10-02,417,North,24096,15805.0,,18:17:36,18:17:54,13,969,Hwy 525 & Harbour Pointe Blvd SW,0.0,1.0
2023-10-02,417,North,24096,15805.0,,18:19:46,18:19:46,14,974,Hwy 525 & Chennault Beach Rd,0.0,0.0
2023-10-02,417,North,24096,15805.0,,18:20:48,18:20:48,15,975,Hwy 525 & Harbour Pointe Blvd,0.0,0.0
2023-10-02,417,North,24096,15805.0,18:22:00,18:22:52,18:23:18,16,965,Hwy 525 & 92nd St SW,0.0,3.0
2023-10-02,417,North,24096,15805.0,,18:24:47,18:24:47,17,964,Hwy 525 & 84th St SW,0.0,0.0
2023-10-02,417,North,24096,15805.0,,18:25:14,18:25:14,18,963,Hwy 525 & 80th St SW,0.0,0.0
2023-10-02,417,North,24096,15805.0,,18:25:37,18:25:37,19,973,Hwy 525 & 76th St SW,0.0,0.0
2023-10-02,417,North,24096,15805.0,,18:26:30,18:26:30,20,967,Hwy 525 & Clover Ln,0.0,0.0
2023-10-02,417,North,24096,15805.0,,18:27:06,18:27:06,21,972,Hwy 525 & 15th Pl,0.0,0.0
2023-10-02,417,North,24096,15805.0,,18:27:31,18:27:31,22,968,Hwy 525 & Goat Trail Rd,0.0,0.0
2023-10-02,417,North,24096,15805.0,,18:28:35,18:28:35,23,3280,Hwy 525 & 5th St,0.0,0.0
2023-10-02,417,North,24096,15805.0,,18:30:34,18:30:34,24,3274,1st St & Mukilteo Station,0.0,0.0
2023-10-02,417,North,24096,15805.0,18:31:00,18:31:35,18:31:35,25,3265,Mukilteo Ferry Terminal Bay 2,0.0,1.0
2023-10-02,417,North,24097,17863.0,17:55:00,17:55:15,17:55:15,0,640,4th Ave S & S Jackson St,0.0,0.0
2023-10-02,417,North,24097,17863.0,,17:56:33,17:56:41,1,635,4th Ave S & S Washington St,0.0,0.0
2023-10-02,417,North,24097,17863.0,,17:57:56,17:58:03,2,2638,4th Ave & Cherry St,0.0,0.0
2023-10-02,417,North,24097,17863.0,,18:00:07,18:00:24,3,641,4th Ave & Seneca St,1.0,0.0
2023-10-02,417,North,24097,17863.0,18:00:00,18:02:35,18:02:49,4,2976,4th Ave & Pine St,0.0,0.0
2023-10-02,417,North,24097,17863.0,,18:04:31,18:04:41,5,473,Olive Way & 6th Ave,0.0,0.0
2023-10-02,417,North,24097,17863.0,18:04:00,18:06:20,18:06:59,6,430,Howell St & 9th Ave,3.0,0.0
2023-10-02,417,North,24097,17863.0,,18:10:07,18:10:19,7,431,Howell St & Yale Ave,0.0,0.0
2023-10-02,417,North,24097,17863.0,,18:37:09,18:37:27,11,970,Hwy 525 & Lincoln Way,1.0,0.0
2023-10-02,417,North,24097,17863.0,18:38:00,18:39:06,18:39:24,12,966,Hwy 525 & Beverly Park Rd,0.0,1.0
2023-10-02,417,North,24097,17863.0,,18:40:20,18:40:20,13,969,Hwy 525 & Harbour Pointe Blvd SW,0.0,0.0
2023-10-02,417,North,24097,17863.0,,18:41:46,18:41:46,14,974,Hwy 525 & Chennault Beach Rd,0.0,0.0
2023-10-02,417,North,24097,17863.0,,18:43:14,18:43:38,15,975,Hwy 525 & Harbour Pointe Blvd,0.0,1.0
2023-10-02,417,North,24097,17863.0,18:46:00,18:45:12,18:45:31,16,965,Hwy 525 & 92nd St SW,0.0,1.0
2023-10-02,417,North,24097,17863.0,,18:47:09,18:47:09,17,964,Hwy 525 & 84th St SW,0.0,0.0
2023-10-02,417,North,24097,17863.0,,18:47:32,18:47:32,18,963,Hwy 525 & 80th St SW,0.0,0.0
2023-10-02,417,North,24097,17863.0,,18:47:53,18:47:53,19,973,Hwy 525 & 76th St SW,0.0,0.0
2023-10-02,417,North,24097,17863.0,,18:48:44,18:49:15,20,967,Hwy 525 & Clover Ln,0.0,1.0
2023-10-02,417,North,24097,17863.0,,18:49:46,18:49:46,21,972,Hwy 525 & 15th Pl,0.0,0.0
2023-10-02,417,North,24097,17863.0,,18:50:06,18:50:06,22,968,Hwy 525 & Goat Trail Rd,0.0,0.0
2023-10-02,417,North,24097,17863.0,,18:50:52,18:50:52,23,3280,Hwy 525 & 5th St,0.0,0.0
2023-10-02,417,North,24097,17863.0,,18:52:20,18:52:20,24,3274,1st St & Mukilteo Station,0.0,0.0
2023-10-02,417,North,24097,17863.0,18:55:00,18:53:19,18:53:19,25,3265,Mukilteo Ferry Terminal Bay 2,0.0,1.0
2023-10-02,417,South,24098,15802.0,05:51:00,05:55:42,05:55:42,0,3265,Mukilteo Ferry Terminal Bay 2,3.0,0.0
2023-10-02,417,South,24098,15802.0,,05:56:38,05:56:45,1,3275,1st St & Mukilteo Station,0.0,0.0
2023-10-02,417,South,24098,15802.0,,05:59:07,05:59:07,2,1455,Hwy 525 & 3rd St,0.0,0.0
2023-10-02,417,South,24098,15802.0,,05:59:19,05:59:19,3,3281,Hwy 525 & 5th St,0.0,0.0
2023-10-02,417,South,24098,15802.0,,06:00:08,06:01:01,4,1472,Hwy 525 & Goat Trail Rd,1.0,0.0
2023-10-02,417,South,24098,15802.0,,06:02:09,06:02:09,5,1470,Hwy 525 & Clover Ln,0.0,0.0
2023-10-02,417,South,24098,15802.0,,06:02:52,06:02:52,6,1468,Hwy 525 & 76th St SW,0.0,0.0
2023-10-02,417,South,24098,15802.0,,06:03:24,06:03:24,7,1469,Hwy 525 & 80th St SW,0.0,0.0
2023-10-02,417,South,24098,15802.0,,06:03:42,06:03:42,8,1456,Hwy 525 & 81st Pl SW,0.0,0.0
2023-10-02,417,South,24098,15802.0,,06:04:19,06:04:31,9,1457,Hwy 525 & 84th St SW,0.0,0.0
2023-10-02,417,South,24098,15802.0,,06:05:07,06:05:07,10,1458,Hwy 525 & 88th St SW,0.0,0.0
2023-10-02,417,South,24098,15802.0,05:58:00,06:05:43,06:05:56,11,1459,Hwy 525 & 92nd St SW,2.0,0.0
2023-10-02,417,South,24098,15802.0,,06:07:28,06:07:28,12,1466,Hwy 525 & Harbour Pointe Blvd,0.0,0.0
2023-10-02,417,South,24098,15802.0,,06:08:57,06:09:13,13,1461,Hwy 525 & Chennault Beach Rd,1.0,0.0
2023-10-02,417,South,24098,15802.0,,06:09:42,06:09:42,14,1464,Hwy 525 & Russell Rd,0.0,0.0
2023-10-02,417,South,24098,15802.0,,06:10:41,06:11:05,15,1462,Hwy 525 & Harbour Pointe Blvd SW,2.0,0.0
2023-10-02,417,South,24098,15802.0,06:05:00,06:13:18,06:13:33,16,1460,Hwy 525 & Beverly Park Rd,1.0,0.0
2023-10-02,417,South,24098,15802.0,,06:14:41,06:14:52,17,1467,Hwy 525 & Lincoln Way,0.0,0.0
2023-10-02,417,South,24098,15802.0,06:33:00,06:38:23,06:38:56,21,1909,Stewart St & 9th Ave,0.0,5.0
2023-10-02,417,South,24098,15802.0,,06:39:32,06:39:44,22,1908,Stewart St & 7th Ave,0.0,1.0
2023-10-02,417,South,24098,15802.0,,06:40:57,06:41:14,23,1907,Stewart St & 4th Ave,0.0,1.0
2023-10-02,417,South,24098,15802.0,,06:42:50,06:43:07,24,1079,2nd Ave & Stewart St,0.0,1.0
2023-10-02,417,South,24098,15802.0,06:41:00,06:44:23,06:44:38,25,2909,2nd Ave & Seneca St,0.0,1.0
2023-10-02,417,South,24098,15802.0,,06:45:55,06:46:11,26,2631,2nd Ave & Cherry St,0.0,1.0
2023-10-02,417,South,24098,15802.0,06:45:00,06:46:49,06:46:49,27,2349,2nd Ave Ext S & Yesler Way,0.0,0.0
2023-10-02,417,South,24099,19820.0,06:22:00,06:25:07,06:25:07,0,3265,Mukilteo Ferry Terminal Bay 2,0.0,0.0
2023-10-02,417,South,24099,19820.0,,,,1,3275,1st St & Mukilteo Station,,
2023-10-02,417,South,24099,19820.0,,06:26:28,06:26:28,2,1455,Hwy 525 & 3rd St,0.0,0.0
2023-10-02,417,South,24099,19820.0,,06:26:37,06:26:37,3,3281,Hwy 525 & 5th St,0.0,0.0
2023-10-02,417,South,24099,19820.0,,06:27:27,06:27:27,4,1472,Hwy 525 & Goat Trail Rd,0.0,0.0
2023-10-02,417,South,24099,19820.0,,06:28:32,06:28:32,5,1470,Hwy 525 & Clover Ln,0.0,0.0
2023-10-02,417,South,24099,19820.0,,06:29:28,06:29:52,6,1468,Hwy 525 & 76th St SW,1.0,0.0
2023-10-02,417,South,24099,19820.0,,06:30:33,06:30:33,7,1469,Hwy 525 & 80th St SW,0.0,0.0
2023-10-02,417,South,24099,19820.0,,06:30:52,06:30:52,8,1456,Hwy 525 & 81st Pl SW,0.0,0.0
2023-10-02,417,South,24099,19820.0,,06:31:28,06:31:47,9,1457,Hwy 525 & 84th St SW,1.0,0.0
2023-10-02,417,South,24099,19820.0,,06:32:23,06:32:23,10,1458,Hwy 525 & 88th St SW,0.0,0.0
2023-10-02,417,South,24099,19820.0,06:29:00,06:33:10,06:33:38,11,1459,Hwy 525 & 92nd St SW,1.0,0.0
2023-10-02,417,South,24099,19820.0,,06:35:45,06:35:45,12,1466,Hwy 525 & Harbour Pointe Blvd,0.0,0.0
2023-10-02,417,South,24099,19820.0,,06:36:38,06:36:38,13,1461,Hwy 525 & Chennault Beach Rd,0.0,0.0
2023-10-02,417,South,24099,19820.0,,06:37:01,06:37:01,14,1464,Hwy 525 & Russell Rd,0.0,0.0
2023-10-02,417,South,24099,19820.0,,06:38:16,06:38:48,15,1462,Hwy 525 & Harbour Pointe Blvd SW,4.0,0.0
2023-10-02,417,South,24099,19820.0,06:36:00,06:40:29,06:41:09,16,1460,Hwy 525 & Beverly Park Rd,4.0,0.0
2023-10-02,417,South,24099,19820.0,,06:42:28,06:43:01,17,1467,Hwy 525 & Lincoln Way,2.0,0.0
2023-10-02,417,South,24099,19820.0,07:08:00,07:07:56,07:08:13,21,1909,Stewart St & 9th Ave,0.0,4.0
2023-10-02,417,South,24099,19820.0,,07:09:07,07:09:23,22,1908,Stewart St & 7th Ave,0.0,3.0
2023-10-02,417,South,24099,19820.0,,07:10:49,07:11:05,23,1907,Stewart St & 4th Ave,0.0,1.0
2023-10-02,417,South,24099,19820.0,,07:12:48,07:13:03,24,1079,2nd Ave & Stewart St,0.0,1.0
2023-10-02,417,South,24099,19820.0,07:16:00,07:14:10,07:14:27,25,2909,2nd Ave & Seneca St,0.0,2.0
2023-10-02,417,South,24099,19820.0,,07:16:08,07:16:25,26,2631,2nd Ave & Cherry St,0.0,1.0
2023-10-02,417,South,24099,19820.0,07:20:00,07:18:00,07:18:00,27,2349,2nd Ave Ext S & Yesler Way,0.0,1.0
2023-10-02,417,South,24100,15803.0,06:52:00,06:52:17,06:52:17,0,3265,Mukilteo Ferry Terminal Bay 2,3.0,0.0
2023-10-02,417,South,24100,15803.0,,06:53:29,06:53:51,1,3275,1st St & Mukilteo Station,1.0,0.0
2023-10-02,417,South,24100,15803.0,,06:55:54,06:56:11,2,1455,Hwy 525 & 3rd St,1.0,0.0
2023-10-02,417,South,24100,15803.0,,06:56:29,06:56:29,3,3281,Hwy 525 & 5th St,0.0,0.0
2023-10-02,417,South,24100,15803.0,,06:57:23,06:57:23,4,1472,Hwy 525 & Goat Trail Rd,0.0,0.0
2023-10-02,417,South,24100,15803.0,,06:58:28,06:58:28,5,1470,Hwy 525 & Clover Ln,0.0,0.0
2023-10-02,417,South,24100,15803.0,,06:59:16,06:59:16,6,1468,Hwy 525 & 76th St SW,0.0,0.0
2023-10-02,417,South,24100,15803.0,,06:59:50,06:59:50,7,1469,Hwy 525 & 80th St SW,0.0,0.0
2023-10-02,417,South,24100,15803.0,,07:00:15,07:00:36,8,1456,Hwy 525 & 81st Pl SW,1.0,0.0
2023-10-02,417,South,24100,15803.0,,07:01:09,07:01:09,9,1457,Hwy 525 & 84th St SW,0.0,0.0
2023-10-02,417,South,24100,15803.0,,07:01:38,07:01:38,10,1458,Hwy 525 & 88th St SW,0.0,0.0
2023-10-02,417,South,24100,15803.0,07:00:00,07:02:35,07:03:12,11,1459,Hwy 525 & 92nd St SW,6.0,1.0
2023-10-02,417,South,24100,15803.0,,07:05:53,07:06:15,12,1466,Hwy 525 & Harbour Pointe Blvd,2.0,0.0
2023-10-02,417,South,24100,15803.0,,07:08:03,07:08:03,13,1461,Hwy 525 & Chennault Beach Rd,0.0,0.0
2023-10-02,417,South,24100,15803.0,,07:08:29,07:08:29,14,1464,Hwy 525 & Russell Rd,0.0,0.0
2023-10-02,417,South,24100,15803.0,,07:09:27,07:09:50,15,1462,Hwy 525 & Harbour Pointe Blvd SW,1.0,0.0
2023-10-02,417,South,24100,15803.0,07:09:00,07:12:25,07:12:56,16,1460,Hwy 525 & Beverly Park Rd,3.0,0.0
2023-10-02,417,South,24100,15803.0,,07:14:08,07:14:28,17,1467,Hwy 525 & Lincoln Way,1.0,0.0
2023-10-02,417,South,24100,15803.0,07:49:00,07:45:35,07:45:59,21,1909,Stewart St & 9th Ave,0.0,5.0
2023-10-02,417,South,24100,15803.0,,07:46:39,07:47:09,22,1908,Stewart St & 7th Ave,0.0,7.0
2023-10-02,417,South,24100,15803.0,,07:48:35,07:49:09,23,1907,Stewart St & 4th Ave,0.0,5.0
2023-10-02,417,South,24100,15803.0,,07:50:23,07:50:48,24,1079,2nd Ave & Stewart St,0.0,1.0
2023-10-02,417,South,24100,15803.0,07:57:00,07:52:38,07:52:38,25,2909,2nd Ave & Seneca St,0.0,0.0
2023-10-02,417,South,24100,15803.0,,07:53:30,07:53:30,26,2631,2nd Ave & Cherry St,0.0,0.0
2023-10-02,417,South,24100,15803.0,08:01:00,07:54:42,07:54:42,27,2349,2nd Ave Ext S & Yesler Way,0.0,0.0
2023-10-02,417,South,24101,15802.0,07:53:00,07:53:47,07:53:47,0,3265,Mukilteo Ferry Terminal Bay 2,2.0,0.0
2023-10-02,417,South,24101,15802.0,,07:54:40,07:54:50,1,3275,1st St & Mukilteo Station,0.0,0.0
2023-10-02,417,South,24101,15802.0,,07:56:20,07:56:20,2,1455,Hwy 525 & 3rd St,0.0,0.0
2023-10-02,417,South,24101,15802.0,,07:56:29,07:56:29,3,3281,Hwy 525 & 5th St,0.0,0.0
2023-10-02,417,South,24101,15802.0,,07:57:09,07:57:09,4,1472,Hwy 525 & Goat Trail Rd,0.0,0.0
2023-10-02,417,South,24101,15802.0,,07:58:07,07:58:32,5,1470,Hwy 525 & Clover Ln,1.0,0.0
2023-10-02,417,South,24101,15802.0,,07:59:29,07:59:29,6,1468,Hwy 525 & 76th St SW,0.0,0.0
2023-10-02,417,South,24101,15802.0,,08:00:03,08:00:03,7,1469,Hwy 525 & 80th St SW,0.0,0.0
2023-10-02,417,South,24101,15802.0,,08:00:22,08:00:43,8,1456,Hwy 525 & 81st Pl SW,1.0,0.0
2023-10-02,417,South,24101,15802.0,,08:01:29,08:01:29,9,1457,Hwy 525 & 84th St SW,0.0,0.0
2023-10-02,417,South,24101,15802.0,,08:02:00,08:02:17,10,1458,Hwy 525 & 88th St SW,1.0,0.0
2023-10-02,417,South,24101,15802.0,08:02:00,08:03:34,08:04:01,11,1459,Hwy 525 & 92nd St SW,1.0,0.0
2023-10-02,417,South,24101,15802.0,,08:06:40,08:06:56,12,1466,Hwy 525 & Harbour Pointe Blvd,1.0,0.0
2023-10-02,417,South,24101,15802.0,,08:08:37,08:08:53,13,1461,Hwy 525 & Chennault Beach Rd,1.0,0.0
2023-10-02,417,South,24101,15802.0,,08:09:23,08:09:23,14,1464,Hwy 525 & Russell Rd,0.0,0.0
2023-10-02,417,South,24101,15802.0,,08:11:30,08:11:53,15,1462,Hwy 525 & Harbour Pointe Blvd SW,3.0,0.0
2023-10-02,417,South,24101,15802.0,08:11:00,08:14:21,08:14:56,16,1460,Hwy 525 & Beverly Park Rd,7.0,0.0
2023-10-02,417,South,24101,15802.0,,08:16:26,08:17:09,17,1467,Hwy 525 & Lincoln Way,6.0,0.0
2023-10-02,417,South,24101,15802.0,08:53:00,08:45:19,08:45:52,21,1909,Stewart St & 9th Ave,0.0,9.0
2023-10-02,417,South,24101,15802.0,,08:46:41,08:47:17,22,1908,Stewart St & 7th Ave,0.0,7.0
2023-10-02,417,South,24101,15802.0,,08:49:52,08:50:28,23,1907,Stewart St & 4th Ave,0.0,2.0
2023-10-02,417,South,24101,15802.0,,08:51:56,08:52:19,24,1079,2nd Ave & Stewart St,1.0,1.0
2023-10-02,417,South,24101,15802.0,09:04:00,08:54:26,08:54:50,25,2909,2nd Ave & Seneca St,0.0,3.0
2023-10-02,417,South,24101,15802.0,,08:56:28,08:56:43,26,2631,2nd Ave & Cherry St,0.0,2.0
2023-10-02,417,South,24101,15802.0,09:10:00,08:58:02,08:58:02,27,2349,2nd Ave Ext S & Yesler Way,0.0,1.0
2023-10-03,417,North,24094,19818.0,15:11:00,15:13:06,15:13:06,0,640,4th Ave S & S Jackson St,4.0,0.0
2023-10-03,417,North,24094,19818.0,,15:13:28,15:13:28,1,635,4th Ave S & S Washington St,0.0,0.0
2023-10-03,417,North,24094,19818.0,,15:14:25,15:14:47,2,2638,4th Ave & Cherry St,4.0,0.0
2023-10-03,417,North,24094,19818.0,,15:16:21,15:16:42,3,641,4th Ave & Seneca St,1.0,0.0
2023-10-03,417,North,24094,19818.0,15:17:00,15:17:48,15:18:26,4,2976,4th Ave & Pine St,6.0,0.0
2023-10-03,417,North,24094,19818.0,,15:19:19,15:20:34,5,473,Olive Way & 6th Ave,6.0,1.0
2023-10-03,417,North,24094,19818.0,15:21:00,15:22:04,15:23:03,6,430,Howell St & 9th Ave,2.0,0.0
2023-10-03,417,North,24094,19818.0,,15:26:39,15:27:16,7,431,Howell St & Yale Ave,5.0,0.0
2023-10-03,417,North,24094,19818.0,,15:53:15,15:53:31,11,970,Hwy 525 & Lincoln Way,0.0,3.0
2023-10-03,417,North,24094,19818.0,16:06:00,15:57:18,15:57:39,12,966,Hwy 525 & Beverly Park Rd,0.0,4.0
2023-10-03,417,North,24094,19818.0,,15:59:16,15:59:34,13,969,Hwy 525 & Harbour Pointe Blvd SW,0.0,4.0
2023-10-03,417,North,24094,19818.0,,16:00:39,16:00:39,14,974,Hwy 525 & Chennault Beach Rd,0.0,0.0
2023-10-03,417,North,24094,19818.0,,16:01:14,16:01:14,15,975,Hwy 525 & Harbour Pointe Blvd,0.0,0.0
2023-10-03,417,North,24094,19818.0,16:16:00,16:03:17,16:03:29,16,965,Hwy 525 & 92nd St SW,0.0,3.0
2023-10-03,417,North,24094,19818.0,,16:04:56,16:05:22,17,964,Hwy 525 & 84th St SW,0.0,1.0
2023-10-03,417,North,24094,19818.0,,16:05:54,16:05:54,18,963,Hwy 525 & 80th St SW,0.0,0.0
2023-10-03,417,North,24094,19818.0,,16:06:24,16:06:47,19,973,Hwy 525 & 76th St SW,0.0,2.0
2023-10-03,417,North,24094,19818.0,,16:07:36,16:07:36,20,967,Hwy 525 & Clover Ln,0.0,0.0
2023-10-03,417,North,24094,19818.0,,16:08:01,16:08:01,21,972,Hwy 525 & 15th Pl,0.0,0.0
2023-10-03,417,North,24094,19818.0,,16:08:28,16:08:44,22,968,Hwy 525 & Goat Trail Rd,0.0,1.0
2023-10-03,417,North,24094,19818.0,,16:09:54,16:09:54,23,3280,Hwy 525 & 5th St,0.0,0.0
2023-10-03,417,North,24094,19818.0,,16:11:24,16:11:44,24,3274,1st St & Mukilteo Station,0.0,1.0
2023-10-03,417,North,24094,19818.0,16:30:00,16:12:48,16:12:48,25,3265,Mukilteo Ferry Terminal Bay 2,0.0,8.0
2023-10-03,417,North,24095,15814.0,16:11:00,16:14:54,16:14:54,0,640,4th Ave S & S Jackson St,0.0,0.0
2023-10-03,417,North,24095,15814.0,,16:15:56,16:16:11,1,635,4th Ave S & S Washington St,1.0,0.0
2023-10-03,417,North,24095,15814.0,,16:17:33,16:18:03,2,2638,4th Ave & Cherry St,3.0,0.0
2023-10-03,417,North,24095,15814.0,,16:20:35,16:21:03,3,641,4th Ave & Seneca St,3.0,0.0
2023-10-03,417,North,24095,15814.0,16:17:00,16:22:20,16:22:36,4,2976,4th Ave & Pine St,0.0,0.0
2023-10-03,417,North,24095,15814.0,,16:23:55,16:25:10,5,473,Olive Way & 6th Ave,6.0,0.0
2023-10-03,417,North,24095,15814.0,16:21:00,16:26:47,16:27:34,6,430,Howell St & 9th Ave,8.0,0.0
2023-10-03,417,North,24095,15814.0,,16:31:09,16:33:37,7,431,Howell St & Yale Ave,2.0,0.0
2023-10-03,417,North,24095,15814.0,,17:02:07,17:02:34,11,970,Hwy 525 & Lincoln Way,0.0,3.0
2023-10-03,417,North,24095,15814.0,17:08:00,17:06:33,17:07:08,12,966,Hwy 525 & Beverly Park Rd,0.0,5.0
2023-10-03,417,North,24095,15814.0,,17:08:44,17:09:18,13,969,Hwy 525 & Harbour Pointe Blvd SW,0.0,4.0
2023-10-03,417,North,24095,15814.0,,17:11:05,17:11:05,14,974,Hwy 525 & Chennault Beach Rd,0.0,0.0
2023-10-03,417,North,24095,15814.0,,17:12:11,17:12:22,15,975,Hwy 525 & Harbour Pointe Blvd,0.0,1.0
2023-10-03,417,North,24095,15814.0,17:18:00,17:14:35,17:15:01,16,965,Hwy 525 & 92nd St SW,0.0,4.0
2023-10-03,417,North,24095,15814.0,,17:16:54,17:17:18,17,964,Hwy 525 & 84th St SW,0.0,4.0
2023-10-03,417,North,24095,15814.0,,17:17:52,17:17:52,18,963,Hwy 525 & 80th St SW,0.0,0.0
2023-10-03,417,North,24095,15814.0,,17:18:16,17:18:16,19,973,Hwy 525 & 76th St SW,0.0,0.0
2023-10-03,417,North,24095,15814.0,,17:19:00,17:19:00,20,967,Hwy 525 & Clover Ln,0.0,0.0
2023-10-03,417,North,24095,15814.0,,17:19:25,17:19:25,21,972,Hwy 525 & 15th Pl,0.0,0.0
2023-10-03,417,North,24095,15814.0,,17:19:42,17:19:42,22,968,Hwy 525 & Goat Trail Rd,0.0,0.0
2023-10-03,417,North,24095,15814.0,,17:21:33,17:21:33,23,3280,Hwy 525 & 5th St,0.0,0.0
2023-10-03,417,North,24095,15814.0,,17:23:11,17:23:23,24,3274,1st St & Mukilteo Station,0.0,1.0
2023-10-03,417,North,24095,15814.0,17:31:00,17:24:40,17:24:40,25,3265,Mukilteo Ferry Terminal Bay 2,0.0,1.0
2023-10-03,417,North,24096,19857.0,17:22:00,17:24:20,17:24:20,0,640,4th Ave S & S Jackson St,2.0,0.0
2023-10-03,417,North,24096,19857.0,,17:25:38,17:25:49,1,635,4th Ave S & S Washington St,0.0,0.0
2023-10-03,417,North,24096,19857.0,,17:26:42,17:26:51,2,2638,4th Ave & Cherry St,0.0,0.0
2023-10-03,417,North,24096,19857.0,,17:29:34,17:30:03,3,641,4th Ave & Seneca St,3.0,0.0
2023-10-03,417,North,24096,19857.0,17:28:00,17:31:20,17:31:51,4,2976,4th Ave & Pine St,1.0,0.0
2023-10-03,417,North,24096,19857.0,,17:33:00,17:34:01,5,473,Olive Way & 6th Ave,1.0,0.0
2023-10-03,417,North,24096,19857.0,17:32:00,17:34:43,17:35:05,6,430,Howell St & 9th Ave,2.0,0.0
2023-10-03,417,North,24096,19857.0,,17:40:09,17:40:35,7,431,Howell St & Yale Ave,4.0,0.0
2023-10-03,417,North,24096,19857.0,,18:07:02,18:07:25,11,970,Hwy 525 & Lincoln Way,0.0,3.0
2023-10-03,417,North,24096,19857.0,18:14:00,18:11:33,18:12:13,12,966,Hwy 525 & Beverly Park Rd,0.0,3.0
2023-10-03,417,North,24096,19857.0,,18:13:18,18:13:38,13,969,Hwy 525 & Harbour Pointe Blvd SW,0.0,2.0
2023-10-03,417,North,24096,19857.0,,18:15:24,18:15:24,14,974,Hwy 525 & Chennault Beach Rd,0.0,0.0
2023-10-03,417,North,24096,19857.0,,18:16:39,18:17:02,15,975,Hwy 525 & Harbour Pointe Blvd,1.0,1.0
2023-10-03,417,North,24096,19857.0,18:22:00,18:19:40,18:20:03,16,965,Hwy 525 & 92nd St SW,0.0,3.0
2023-10-03,417,North,24096,19857.0,,18:22:23,18:22:42,17,964,Hwy 525 & 84th St SW,0.0,1.0
2023-10-03,417,North,24096,19857.0,,18:23:21,18:23:21,18,963,Hwy 525 & 80th St SW,0.0,0.0
2023-10-03,417,North,24096,19857.0,,18:23:45,18:23:45,19,973,Hwy 525 & 76th St SW,0.0,0.0
2023-10-03,417,North,24096,19857.0,,18:24:28,18:24:28,20,967,Hwy 525 & Clover Ln,0.0,0.0
2023-10-03,417,North,24096,19857.0,,18:24:53,18:24:53,21,972,Hwy 525 & 15th Pl,0.0,0.0
2023-10-03,417,North,24096,19857.0,,18:25:12,18:25:12,22,968,Hwy 525 & Goat Trail Rd,0.0,0.0
2023-10-03,417,North,24096,19857.0,,18:26:10,18:26:10,23,3280,Hwy 525 & 5th St,0.0,0.0
2023-10-03,417,North,24096,19857.0,,18:27:42,18:27:42,24,3274,1st St & Mukilteo Station,0.0,0.0
2023-10-03,417,North,24096,19857.0,18:31:00,18:28:47,18:28:47,25,3265,Mukilteo Ferry Terminal Bay 2,0.0,1.0
2023-10-03,417,North,24097,17863.0,17:55:00,17:56:27,17:56:27,0,640,4th Ave S & S Jackson St,1.0,0.0
2023-10-03,417,North,24097,17863.0,,17:57:52,17:57:58,1,635,4th Ave S & S Washington St,0.0,0.0
2023-10-03,417,North,24097,17863.0,,17:59:22,17:59:22,2,2638,4th Ave & Cherry St,0.0,0.0
2023-10-03,417,North,24097,17863.0,,18:01:06,18:01:25,3,641,4th Ave & Seneca St,1.0,0.0
2023-10-03,417,North,24097,17863.0,18:00:00,18:02:41,18:03:11,4,2976,4th Ave & Pine St,1.0,0.0
2023-10-03,417,North,24097,17863.0,,18:04:29,18:05:33,5,473,Olive Way & 6th Ave,2.0,0.0
2023-10-03,417,North,24097,17863.0,18:04:00,18:07:06,18:07:32,6,430,Howell St & 9th Ave,2.0,0.0
2023-10-03,417,North,24097,17863.0,,18:10:17,18:10:33,7,431,Howell St & Yale Ave,1.0,0.0
2023-10-03,417,North,24097,17863.0,,18:33:46,18:34:13,11,970,Hwy 525 & Lincoln Way,0.0,3.0
2023-10-03,417,North,24097,17863.0,18:38:00,18:35:41,18:35:41,12,966,Hwy 525 & Beverly Park Rd,0.0,0.0
2023-10-03,417,North,24097,17863.0,,18:36:34,18:36:50,13,969,Hwy 525 & Harbour Pointe Blvd SW,0.0,1.0
2023-10-03,417,North,24097,17863.0,,18:38:05,18:38:05,14,974,Hwy 525 & Chennault Beach Rd,0.0,0.0
2023-10-03,417,North,24097,17863.0,,18:38:51,18:39:08,15,975,Hwy 525 & Harbour Pointe Blvd,0.0,1.0
2023-10-03,417,North,24097,17863.0,18:46:00,18:41:09,18:41:22,16,965,Hwy 525 & 92nd St SW,0.0,1.0
2023-10-03,417,North,24097,17863.0,,18:42:28,18:42:28,17,964,Hwy 525 & 84th St SW,0.0,0.0
2023-10-03,417,North,24097,17863.0,,18:42:51,18:42:51,18,963,Hwy 525 & 80th St SW,0.0,0.0
2023-10-03,417,North,24097,17863.0,,18:43:10,18:43:10,19,973,Hwy 525 & 76th St SW,0.0,0.0
2023-10-03,417,North,24097,17863.0,,18:44:02,18:44:22,20,967,Hwy 525 & Clover Ln,0.0,1.0
2023-10-03,417,North,24097,17863.0,,18:44:55,18:44:55,21,972,Hwy 525 & 15th Pl,0.0,0.0
2023-10-03,417,North,24097,17863.0,,18:45:25,18:45:44,22,968,Hwy 525 & Goat Trail Rd,0.0,1.0
2023-10-03,417,North,24097,17863.0,,18:46:57,18:46:57,23,3280,Hwy 525 & 5th St,0.0,0.0
2023-10-03,417,North,24097,17863.0,,18:48:32,18:48:32,24,3274,1st St & Mukilteo Station,0.0,0.0
2023-10-03,417,North,24097,17863.0,18:55:00,18:49:28,18:49:28,25,3265,Mukilteo Ferry Terminal Bay 2,0.0,0.0
2023-10-03,417,South,24098,19824.0,05:51:00,05:52:15,05:52:15,0,3265,Mukilteo Ferry Terminal Bay 2,5.0,0.0
2023-10-03,417,South,24098,19824.0,,05:53:17,05:53:28,1,3275,1st St & Mukilteo Station,1.0,0.0
2023-10-03,417,South,24098,19824.0,,05:56:20,05:56:20,2,1455,Hwy 525 & 3rd St,0.0,0.0
2023-10-03,417,South,24098,19824.0,,05:56:30,05:56:30,3,3281,Hwy 525 & 5th St,0.0,0.0
2023-10-03,417,South,24098,19824.0,,05:57:17,05:57:17,4,1472,Hwy 525 & Goat Trail Rd,0.0,0.0
2023-10-03,417,South,24098,19824.0,,05:58:17,05:58:17,5,1470,Hwy 525 & Clover Ln,0.0,0.0
2023-10-03,417,South,24098,19824.0,,05:59:01,05:59:01,6,1468,Hwy 525 & 76th St SW,0.0,0.0
2023-10-03,417,South,24098,19824.0,,05:59:52,05:59:52,7,1469,Hwy 525 & 80th St SW,0.0,0.0
2023-10-03,417,South,24098,19824.0,,06:00:11,06:00:11,8,1456,Hwy 525 & 81st Pl SW,0.0,0.0
2023-10-03,417,South,24098,19824.0,,06:00:44,06:00:58,9,1457,Hwy 525 & 84th St SW,1.0,0.0
2023-10-03,417,South,24098,19824.0,,06:01:36,06:01:36,10,1458,Hwy 525 & 88th St SW,0.0,0.0
2023-10-03,417,South,24098,19824.0,05:58:00,06:02:15,06:02:33,11,1459,Hwy 525 & 92nd St SW,1.0,0.0
2023-10-03,417,South,24098,19824.0,,06:04:35,06:04:35,12,1466,Hwy 525 & Harbour Pointe Blvd,0.0,0.0
2023-10-03,417,South,24098,19824.0,,06:05:24,06:05:42,13,1461,Hwy 525 & Chennault Beach Rd,1.0,0.0
2023-10-03,417,South,24098,19824.0,,06:06:11,06:06:11,14,1464,Hwy 525 & Russell Rd,0.0,0.0
2023-10-03,417,South,24098,19824.0,,06:07:22,06:08:13,15,1462,Hwy 525 & Harbour Pointe Blvd SW,3.0,0.0
2023-10-03,417,South,24098,19824.0,06:05:00,06:10:31,06:10:44,16,1460,Hwy 525 & Beverly Park Rd,1.0,0.0
2023-10-03,417,South,24098,19824.0,,06:12:08,06:12:34,17,1467,Hwy 525 & Lincoln Way,1.0,1.0
2023-10-03,417,South,24098,19824.0,06:33:00,06:42:36,06:42:56,21,1909,Stewart St & 9th Ave,0.0,6.0
2023-10-03,417,South,24098,19824.0,,06:43:40,06:43:51,22,1908,Stewart St & 7th Ave,0.0,1.0
2023-10-03,417,South,24098,19824.0,,06:45:24,06:45:37,23,1907,Stewart St & 4th Ave,0.0,1.0
2023-10-03,417,South,24098,19824.0,,06:47:22,06:47:33,24,1079,2nd Ave & Stewart St,0.0,1.0
2023-10-03,417,South,24098,19824.0,06:41:00,06:49:07,06:49:17,25,2909,2nd Ave & Seneca St,0.0,1.0
2023-10-03,417,South,24098,19824.0,,06:50:31,06:50:41,26,2631,2nd Ave & Cherry St,0.0,1.0
2023-10-03,417,South,24098,19824.0,06:45:00,06:51:23,06:51:23,27,2349,2nd Ave Ext S & Yesler Way,0.0,2.0
2023-10-03,417,South,24099,19821.0,06:22:00,06:24:10,06:24:10,0,3265,Mukilteo Ferry Terminal Bay 2,1.0,0.0
2023-10-03,417,South,24099,19821.0,,06:25:22,06:25:22,1,3275,1st St & Mukilteo Station,0.0,0.0
2023-10-03,417,South,24099,19821.0,,06:27:27,06:27:50,2,1455,Hwy 525 & 3rd St,0.0,0.0
2023-10-03,417,South,24099,19821.0,,06:28:09,06:28:09,3,3281,Hwy 525 & 5th St,0.0,0.0
2023-10-03,417,South,24099,19821.0,,06:29:31,06:29:31,4,1472,Hwy 525 & Goat Trail Rd,0.0,0.0
2023-10-03,417,South,24099,19821.0,,06:30:33,06:30:33,5,1470,Hwy 525 & Clover Ln,0.0,0.0
2023-10-03,417,South,24099,19821.0,,06:31:37,06:31:37,6,1468,Hwy 525 & 76th St SW,0.0,0.0
2023-10-03,417,South,24099,19821.0,,06:32:19,06:32:19,7,1469,Hwy 525 & 80th St SW,0.0,0.0
2023-10-03,417,South,24099,19821.0,,06:32:40,06:32:40,8,1456,Hwy 525 & 81st Pl SW,0.0,0.0
2023-10-03,417,South,24099,19821.0,,06:33:22,06:33:54,9,1457,Hwy 525 & 84th St SW,3.0,0.0
2023-10-03,417,South,24099,19821.0,,06:34:29,06:34:29,10,1458,Hwy 525 & 88th St SW,0.0,0.0
2023-10-03,417,South,24099,19821.0,06:29:00,06:35:09,06:35:38,11,1459,Hwy 525 & 92nd St SW,1.0,0.0
2023-10-03,417,South,24099,19821.0,,06:38:19,06:38:35,12,1466,Hwy 525 & Harbour Pointe Blvd,1.0,0.0
2023-10-03,417,South,24099,19821.0,,06:39:30,06:39:30,13,1461,Hwy 525 & Chennault Beach Rd,0.0,0.0
2023-10-03,417,South,24099,19821.0,,06:39:56,06:39:56,14,1464,Hwy 525 & Russell Rd,0.0,0.0
2023-10-03,417,South,24099,19821.0,,06:41:42,06:42:17,15,1462,Hwy 525 & Harbour Pointe Blvd SW,2.0,0.0
2023-10-03,417,South,24099,19821.0,06:36:00,06:43:35,06:44:26,16,1460,Hwy 525 & Beverly Park Rd,3.0,0.0
2023-10-03,417,South,24099,19821.0,,06:45:45,06:46:39,17,1467,Hwy 525 & Lincoln Way,1.0,0.0
2023-10-03,417,South,24099,19821.0,07:08:00,07:16:53,07:17:16,21,1909,Stewart St & 9th Ave,0.0,4.0
2023-10-03,417,South,24099,19821.0,,07:18:07,07:18:22,22,1908,Stewart St & 7th Ave,0.0,4.0
2023-10-03,417,South,24099,19821.0,,07:19:55,07:20:16,23,1907,Stewart St & 4th Ave,0.0,4.0
2023-10-03,417,South,24099,19821.0,,07:22:07,07:22:22,24,1079,2nd Ave & Stewart St,0.0,0.0
2023-10-03,417,South,24099,19821.0,07:16:00,07:23:27,07:24:10,25,2909,2nd Ave & Seneca St,0.0,0.0
2023-10-03,417,South,24099,19821.0,,07:25:33,07:26:06,26,2631,2nd Ave & Cherry St,0.0,0.0
2023-10-03,417,South,24099,19821.0,07:20:00,07:26:47,07:26:47,27,2349,2nd Ave Ext S & Yesler Way,0.0,0.0
2023-10-03,417,South,24100,17863.0,06:52:00,06:52:27,06:52:27,0,3265,Mukilteo Ferry Terminal Bay 2,3.0,0.0
2023-10-03,417,South,24100,17863.0,,06:53:37,06:54:00,1,3275,1st St & Mukilteo Station,1.0,0.0
2023-10-03,417,South,24100,17863.0,,06:55:15,06:55:15,2,1455,Hwy 525 & 3rd St,0.0,0.0
2023-10-03,417,South,24100,17863.0,,06:55:24,06:55:24,3,3281,Hwy 525 & 5th St,0.0,0.0
2023-10-03,417,South,24100,17863.0,,06:56:17,06:56:44,4,1472,Hwy 525 & Goat Trail Rd,1.0,0.0
2023-10-03,417,South,24100,17863.0,,06:57:52,06:57:52,5,1470,Hwy 525 & Clover Ln,0.0,0.0
2023-10-03,417,South,24100,17863.0,,06:58:48,06:58:48,6,1468,Hwy 525 & 76th St SW,0.0,0.0
2023-10-03,417,South,24100,17863.0,,06:59:43,06:59:43,7,1469,Hwy 525 & 80th St SW,0.0,0.0
2023-10-03,417,South,24100,17863.0,,07:00:04,07:00:04,8,1456,Hwy 525 & 81st Pl SW,0.0,0.0
2023-10-03,417,South,24100,17863.0,,07:00:39,07:00:39,9,1457,Hwy 525 & 84th St SW,0.0,0.0
2023-10-03,417,South,24100,17863.0,,07:01:08,07:01:08,10,1458,Hwy 525 & 88th St SW,0.0,0.0
2023-10-03,417,South,24100,17863.0,07:00:00,07:02:13,07:02:44,11,1459,Hwy 525 & 92nd St SW,5.0,0.0
2023-10-03,417,South,24100,17863.0,,07:06:10,07:06:28,12,1466,Hwy 525 & Harbour Pointe Blvd,1.0,0.0
2023-10-03,417,South,24100,17863.0,,07:08:29,07:09:04,13,1461,Hwy 525 & Chennault Beach Rd,1.0,0.0
2023-10-03,417,South,24100,17863.0,,07:09:38,07:09:38,14,1464,Hwy 525 & Russell Rd,0.0,0.0
2023-10-03,417,South,24100,17863.0,,07:11:02,07:11:18,15,1462,Hwy 525 & Harbour Pointe Blvd SW,1.0,0.0
2023-10-03,417,South,24100,17863.0,07:09:00,07:14:10,07:14:46,16,1460,Hwy 525 & Beverly Park Rd,5.0,0.0
2023-10-03,417,South,24100,17863.0,,07:16:30,07:16:50,17,1467,Hwy 525 & Lincoln Way,1.0,0.0
2023-10-03,417,South,24100,17863.0,07:49:00,07:57:08,07:57:38,21,1909,Stewart St & 9th Ave,0.0,9.0
2023-10-03,417,South,24100,17863.0,,07:58:41,07:59:04,22,1908,Stewart St & 7th Ave,0.0,4.0
2023-10-03,417,South,24100,17863.0,,08:00:18,08:00:40,23,1907,Stewart St & 4th Ave,0.0,2.0
2023-10-03,417,South,24100,17863.0,,08:02:26,08:02:45,24,1079,2nd Ave & Stewart St,0.0,1.0
2023-10-03,417,South,24100,17863.0,07:57:00,08:04:57,08:05:23,25,2909,2nd Ave & Seneca St,0.0,3.0
2023-10-03,417,South,24100,17863.0,,08:06:54,08:06:54,26,2631,2nd Ave & Cherry St,0.0,0.0
2023-10-03,417,South,24100,17863.0,08:01:00,08:08:01,08:08:01,27,2349,2nd Ave Ext S & Yesler Way,0.0,0.0
2023-10-03,417,South,24101,19824.0,07:53:00,07:53:54,07:53:54,0,3265,Mukilteo Ferry Terminal Bay 2,1.0,0.0
2023-10-03,417,South,24101,19824.0,,07:54:49,07:55:02,1,3275,1st St & Mukilteo Station,0.0,0.0
2023-10-03,417,South,24101,19824.0,,07:56:36,07:56:36,2,1455,Hwy 525 & 3rd St,0.0,0.0
2023-10-03,417,South,24101,19824.0,,07:56:45,07:56:45,3,3281,Hwy 525 & 5th St,0.0,0.0
2023-10-03,417,South,24101,19824.0,,07:57:23,07:57:23,4,1472,Hwy 525 & Goat Trail Rd,0.0,0.0
2023-10-03,417,South,24101,19824.0,,07:58:27,07:58:42,5,1470,Hwy 525 & Clover Ln,1.0,0.0
2023-10-03,417,South,24101,19824.0,,08:00:54,08:01:17,6,1468,Hwy 525 & 76th St SW,2.0,0.0
2023-10-03,417,South,24101,19824.0,,08:01:55,08:01:55,7,1469,Hwy 525 & 80th St SW,0.0,0.0
2023-10-03,417,South,24101,19824.0,,08:02:13,08:02:13,8,1456,Hwy 525 & 81st Pl SW,0.0,0.0
2023-10-03,417,South,24101,19824.0,,08:02:40,08:03:05,9,1457,Hwy 525 & 84th St SW,1.0,0.0
2023-10-03,417,South,24101,19824.0,,08:03:44,08:04:09,10,1458,Hwy 525 & 88th St SW,0.0,0.0
2023-10-03,417,South,24101,19824.0,08:02:00,08:04:53,08:05:23,11,1459,Hwy 525 & 92nd St SW,2.0,0.0
2023-10-03,417,South,24101,19824.0,,08:07:22,08:07:41,12,1466,Hwy 525 & Harbour Pointe Blvd,1.0,0.0
2023-10-03,417,South,24101,19824.0,,08:08:54,08:08:54,13,1461,Hwy 525 & Chennault Beach Rd,0.0,0.0
2023-10-03,417,South,24101,19824.0,,08:09:17,08:09:17,14,1464,Hwy 525 & Russell Rd,0.0,0.0
2023-10-03,417,South,24101,19824.0,,08:10:39,08:11:02,15,1462,Hwy 525 & Harbour Pointe Blvd SW,4.0,0.0
2023-10-03,417,South,24101,19824.0,08:11:00,08:13:53,08:14:34,16,1460,Hwy 525 & Beverly Park Rd,4.0,0.0
2023-10-03,417,South,24101,19824.0,,08:15:48,08:16:27,17,1467,Hwy 525 & Lincoln Way,7.0,0.0
2023-10-03,417,South,24101,19824.0,08:53:00,08:58:28,08:58:51,21,1909,Stewart St & 9th Ave,0.0,9.0
2023-10-03,417,South,24101,19824.0,,09:00:13,09:00:36,22,1908,Stewart St & 7th Ave,0.0,10.0
2023-10-03,417,South,24101,19824.0,,09:02:02,09:02:23,23,1907,Stewart St & 4th Ave,0.0,2.0
2023-10-03,417,South,24101,19824.0,,09:04:07,09:04:31,24,1079,2nd Ave & Stewart St,0.0,0.0
2023-10-03,417,South,24101,19824.0,09:04:00,09:06:47,09:07:01,25,2909,2nd Ave & Seneca St,0.0,2.0
2023-10-03,417,South,24101,19824.0,,09:08:36,09:08:48,26,2631,2nd Ave & Cherry St,0.0,0.0
2023-10-03,417,South,24101,19824.0,09:10:00,09:10:02,09:10:02,27,2349,2nd Ave Ext S & Yesler Way,0.0,0.0
2023-10-04,417,North,24094,19812.0,15:11:00,15:10:28,15:10:28,0,640,4th Ave S & S Jackson St,0.0,0.0
2023-10-04,417,North,24094,19812.0,,15:11:32,15:11:32,1,635,4th Ave S & S Washington St,0.0,0.0
2023-10-04,417,North,24094,19812.0,,15:13:02,15:13:25,2,2638,4th Ave & Cherry St,7.0,0.0
2023-10-04,417,North,24094,19812.0,,15:15:03,15:15:22,3,641,4th Ave & Seneca St,0.0,0.0
2023-10-04,417,North,24094,19812.0,15:17:00,15:16:22,15:16:53,4,2976,4th Ave & Pine St,0.0,0.0
2023-10-04,417,North,24094,19812.0,,15:18:04,15:19:00,5,473,Olive Way & 6th Ave,0.0,0.0
2023-10-04,417,North,24094,19812.0,15:21:00,15:19:39,15:20:35,6,430,Howell St & 9th Ave,3.0,0.0
2023-10-04,417,North,24094,19812.0,,15:23:37,15:23:55,7,431,Howell St & Yale Ave,2.0,0.0
2023-10-04,417,North,24094,19812.0,,15:59:40,15:59:59,11,970,Hwy 525 & Lincoln Way,0.0,1.0
2023-10-04,417,North,24094,19812.0,16:06:00,16:05:07,16:05:32,12,966,Hwy 525 & Beverly Park Rd,0.0,4.0
2023-10-04,417,North,24094,19812.0,,16:06:33,16:06:56,13,969,Hwy 525 & Harbour Pointe Blvd SW,0.0,1.0
2023-10-04,417,North,24094,19812.0,,16:08:23,16:08:23,14,974,Hwy 525 & Chennault Beach Rd,0.0,0.0
2023-10-04,417,North,24094,19812.0,,16:09:59,16:10:14,15,975,Hwy 525 & Harbour Pointe Blvd,0.0,0.0
2023-10-04,417,North,24094,19812.0,16:16:00,16:12:32,16:12:53,16,965,Hwy 525 & 92nd St SW,0.0,2.0
2023-10-04,417,North,24094,19812.0,,16:14:01,16:14:17,17,964,Hwy 525 & 84th St SW,0.0,0.0
2023-10-04,417,North,24094,19812.0,,16:14:53,16:14:53,18,963,Hwy 525 & 80th St SW,0.0,0.0
2023-10-04,417,North,24094,19812.0,,16:15:25,16:15:38,19,973,Hwy 525 & 76th St SW,0.0,1.0
2023-10-04,417,North,24094,19812.0,,16:16:31,16:16:45,20,967,Hwy 525 & Clover Ln,0.0,0.0
2023-10-04,417,North,24094,19812.0,,16:17:16,16:17:16,21,972,Hwy 525 & 15th Pl,0.0,0.0
2023-10-04,417,North,24094,19812.0,,16:17:35,16:17:35,22,968,Hwy 525 & Goat Trail Rd,0.0,0.0
2023-10-04,417,North,24094,19812.0,,16:18:40,16:19:10,23,3280,Hwy 525 & 5th St,0.0,0.0
2023-10-04,417,North,24094,19812.0,,16:22:14,16:22:30,24,3274,1st St & Mukilteo Station,0.0,1.0
2023-10-04,417,North,24094,19812.0,16:30:00,16:23:39,16:23:39,25,3265,Mukilteo Ferry Terminal Bay 2,0.0,2.0
2023-10-04,417,North,24095,19814.0,16:11:00,16:15:04,16:15:04,0,640,4th Ave S & S Jackson St,3.0,0.0
2023-10-04,417,North,24095,19814.0,,16:15:42,16:15:57,1,635,4th Ave S & S Washington St,0.0,0.0
2023-10-04,417,North,24095,19814.0,,16:18:07,16:18:31,2,2638,4th Ave & Cherry St,3.0,0.0
2023-10-04,417,North,24095,19814.0,,16:20:42,16:21:30,3,641,4th Ave & Seneca St,2.0,0.0
2023-10-04,417,North,24095,19814.0,16:17:00,16:23:30,16:23:49,4,2976,4th Ave & Pine St,2.0,0.0
2023-10-04,417,North,24095,19814.0,,16:25:21,16:26:30,5,473,Olive Way & 6th Ave,4.0,0.0
2023-10-04,417,North,24095,19814.0,16:21:00,16:28:08,16:28:30,6,430,Howell St & 9th Ave,3.0,0.0
2023-10-04,417,North,24095,19814.0,,16:31:09,16:31:38,7,431,Howell St & Yale Ave,4.0,0.0
2023-10-04,417,North,24095,19814.0,,17:14:06,17:14:06,11,970,Hwy 525 & Lincoln Way,0.0,0.0
2023-10-04,417,North,24095,19814.0,17:08:00,17:18:28,17:19:03,12,966,Hwy 525 & Beverly Park Rd,0.0,4.0
2023-10-04,417,North,24095,19814.0,,17:20:33,17:21:17,13,969,Hwy 525 & Harbour Pointe Blvd SW,0.0,9.0
2023-10-04,417,North,24095,19814.0,,17:23:15,17:23:39,14,974,Hwy 525 & Chennault Beach Rd,0.0,1.0
2023-10-04,417,North,24095,19814.0,,17:24:46,17:25:06,15,975,Hwy 525 & Harbour Pointe Blvd,0.0,2.0
2023-10-04,417,North,24095,19814.0,17:18:00,17:27:06,17:27:26,16,965,Hwy 525 & 92nd St SW,0.0,3.0
2023-10-04,417,North,24095,19814.0,,17:29:14,17:29:14,17,964,Hwy 525 & 84th St SW,0.0,0.0
2023-10-04,417,North,24095,19814.0,,17:29:45,17:30:03,18,963,Hwy 525 & 80th St SW,1.0,0.0
2023-10-04,417,North,24095,19814.0,,17:30:46,17:31:05,19,973,Hwy 525 & 76th St SW,1.0,1.0
2023-10-04,417,North,24095,19814.0,,17:31:57,17:31:57,20,967,Hwy 525 & Clover Ln,0.0,0.0
2023-10-04,417,North,24095,19814.0,,17:32:23,17:32:23,21,972,Hwy 525 & 15th Pl,0.0,0.0
2023-10-04,417,North,24095,19814.0,,17:32:40,17:32:40,22,968,Hwy 525 & Goat Trail Rd,0.0,0.0
2023-10-04,417,North,24095,19814.0,,17:34:07,17:34:07,23,3280,Hwy 525 & 5th St,0.0,0.0
2023-10-04,417,North,24095,19814.0,,17:36:08,17:36:08,24,3274,1st St & Mukilteo Station,0.0,0.0
2023-10-04,417,North,24095,19814.0,17:31:00,17:37:26,17:37:26,25,3265,Mukilteo Ferry Terminal Bay 2,0.0,3.0
2023-10-04,417,North,24096,15819.0,17:22:00,17:24:11,17:24:11,0,640,4th Ave S & S Jackson St,8.0,0.0
2023-10-04,417,North,24096,15819.0,,17:24:57,17:25:04,1,635,4th Ave S & S Washington St,0.0,0.0
2023-10-04,417,North,24096,15819.0,,17:26:31,17:27:02,2,2638,4th Ave & Cherry St,0.0,0.0
2023-10-04,417,North,24096,15819.0,,17:29:35,17:30:10,3,641,4th Ave & Seneca St,3.0,0.0
2023-10-04,417,North,24096,15819.0,17:28:00,17:32:01,17:32:14,4,2976,4th Ave & Pine St,0.0,0.0
2023-10-04,417,North,24096,15819.0,,17:34:16,17:35:32,5,473,Olive Way & 6th Ave,3.0,0.0
2023-10-04,417,North,24096,15819.0,17:32:00,17:38:58,17:39:23,6,430,Howell St & 9th Ave,3.0,1.0
2023-10-04,417,North,24096,15819.0,,17:44:36,17:45:11,7,431,Howell St & Yale Ave,1.0,1.0
2023-10-04,417,North,24096,15819.0,,18:21:11,18:21:35,11,970,Hwy 525 & Lincoln Way,0.0,1.0
2023-10-04,417,North,24096,15819.0,18:14:00,18:23:41,18:24:20,12,966,Hwy 525 & Beverly Park Rd,0.0,7.0
2023-10-04,417,North,24096,15819.0,,18:25:29,18:25:56,13,969,Hwy 525 & Harbour Pointe Blvd SW,0.0,4.0
2023-10-04,417,North,24096,15819.0,,18:27:37,18:27:53,14,974,Hwy 525 & Chennault Beach Rd,0.0,1.0
2023-10-04,417,North,24096,15819.0,,18:28:40,18:28:40,15,975,Hwy 525 & Harbour Pointe Blvd,0.0,0.0
2023-10-04,417,North,24096,15819.0,18:22:00,18:30:00,18:30:18,16,965,Hwy 525 & 92nd St SW,0.0,2.0
2023-10-04,417,North,24096,15819.0,,18:31:27,18:31:27,17,964,Hwy 525 & 84th St SW,0.0,0.0
2023-10-04,417,North,24096,15819.0,,18:31:52,18:31:52,18,963,Hwy 525 & 80th St SW,0.0,0.0
2023-10-04,417,North,24096,15819.0,,18:32:14,18:32:14,19,973,Hwy 525 & 76th St SW,0.0,0.0
2023-10-04,417,North,24096,15819.0,,18:32:59,18:32:59,20,967,Hwy 525 & Clover Ln,0.0,0.0
2023-10-04,417,North,24096,15819.0,,18:33:26,18:33:26,21,972,Hwy 525 & 15th Pl,0.0,0.0
2023-10-04,417,North,24096,15819.0,,18:33:45,18:33:45,22,968,Hwy 525 & Goat Trail Rd,0.0,0.0
2023-10-04,417,North,24096,15819.0,,18:34:47,18:34:47,23,3280,Hwy 525 & 5th St,0.0,0.0
2023-10-04,417,North,24096,15819.0,,18:36:08,18:36:08,24,3274,1st St & Mukilteo Station,0.0,0.0
2023-10-04,417,North,24096,15819.0,18:31:00,18:37:06,18:37:06,25,3265,Mukilteo Ferry Terminal Bay 2,0.0,1.0
2023-10-04,417,North,24097,17861.0,17:55:00,17:56:20,17:56:20,0,640,4th Ave S & S Jackson St,0.0,0.0
2023-10-04,417,North,24097,17861.0,,17:56:56,17:57:16,1,635,4th Ave S & S Washington St,0.0,0.0
2023-10-04,417,North,24097,17861.0,,17:59:10,17:59:30,2,2638,4th Ave & Cherry St,0.0,0.0
2023-10-04,417,North,24097,17861.0,,18:01:16,18:01:27,3,641,4th Ave & Seneca St,0.0,0.0
2023-10-04,417,North,24097,17861.0,18:00:00,18:02:37,18:03:02,4,2976,4th Ave & Pine St,2.0,0.0
2023-10-04,417,North,24097,17861.0,,18:04:40,18:05:30,5,473,Olive Way & 6th Ave,1.0,0.0
2023-10-04,417,North,24097,17861.0,18:04:00,18:07:01,18:07:35,6,430,Howell St & 9th Ave,3.0,0.0
2023-10-04,417,North,24097,17861.0,,18:10:04,18:10:23,7,431,Howell St & Yale Ave,1.0,0.0
2023-10-04,417,North,24097,17861.0,,18:41:39,18:42:02,11,970,Hwy 525 & Lincoln Way,0.0,2.0
2023-10-04,417,North,24097,17861.0,18:38:00,18:44:55,18:44:55,12,966,Hwy 525 & Beverly Park Rd,0.0,0.0
2023-10-04,417,North,24097,17861.0,,18:46:24,18:46:49,13,969,Hwy 525 & Harbour Pointe Blvd SW,0.0,1.0
2023-10-04,417,North,24097,17861.0,,18:48:19,18:48:19,14,974,Hwy 525 & Chennault Beach Rd,0.0,0.0
2023-10-04,417,North,24097,17861.0,,18:49:32,18:49:32,15,975,Hwy 525 & Harbour Pointe Blvd,0.0,0.0
2023-10-04,417,North,24097,17861.0,18:46:00,18:51:29,18:51:54,16,965,Hwy 525 & 92nd St SW,0.0,3.0
2023-10-04,417,North,24097,17861.0,,18:53:03,18:53:03,17,964,Hwy 525 & 84th St SW,0.0,0.0
2023-10-04,417,North,24097,17861.0,,18:53:26,18:53:26,18,963,Hwy 525 & 80th St SW,0.0,0.0
2023-10-04,417,North,24097,17861.0,,18:53:48,18:53:48,19,973,Hwy 525 & 76th St SW,0.0,0.0
2023-10-04,417,North,24097,17861.0,,18:54:40,18:55:03,20,967,Hwy 525 & Clover Ln,0.0,1.0
2023-10-04,417,North,24097,17861.0,,18:55:37,18:55:37,21,972,Hwy 525 & 15th Pl,0.0,0.0
2023-10-04,417,North,24097,17861.0,,18:56:01,18:56:01,22,968,Hwy 525 & Goat Trail Rd,0.0,0.0
2023-10-04,417,North,24097,17861.0,,18:57:00,18:57:00,23,3280,Hwy 525 & 5th St,0.0,0.0
2023-10-04,417,North,24097,17861.0,,18:59:56,18:59:56,24,3274,1st St & Mukilteo Station,0.0,0.0
2023-10-04,417,North,24097,17861.0,18:55:00,19:00:47,19:00:47,25,3265,Mukilteo Ferry Terminal Bay 2,0.0,0.0
2023-10-04,417,South,24098,15811.0,05:51:00,05:53:55,05:53:55,0,3265,Mukilteo Ferry Terminal Bay 2,5.0,0.0
2023-10-04,417,South,24098,15811.0,,05:54:51,05:54:51,1,3275,1st St & Mukilteo Station,0.0,0.0
2023-10-04,417,South,24098,15811.0,,05:56:15,05:56:15,2,1455,Hwy 525 & 3rd St,0.0,0.0
2023-10-04,417,South,24098,15811.0,,05:56:22,05:56:22,3,3281,Hwy 525 & 5th St,0.0,0.0
2023-10-04,417,South,24098,15811.0,,05:57:02,05:57:02,4,1472,Hwy 525 & Goat Trail Rd,0.0,0.0
2023-10-04,417,South,24098,15811.0,,05:57:55,05:57:55,5,1470,Hwy 525 & Clover Ln,0.0,0.0
2023-10-04,417,South,24098,15811.0,,05:58:35,05:58:35,6,1468,Hwy 525 & 76th St SW,0.0,0.0
2023-10-04,417,South,24098,15811.0,,05:59:02,05:59:02,7,1469,Hwy 525 & 80th St SW,0.0,0.0
2023-10-04,417,South,24098,15811.0,,05:59:19,05:59:19,8,1456,Hwy 525 & 81st Pl SW,0.0,0.0
2023-10-04,417,South,24098,15811.0,,05:59:54,06:00:06,9,1457,Hwy 525 & 84th St SW,1.0,0.0
2023-10-04,417,South,24098,15811.0,,06:00:39,06:00:39,10,1458,Hwy 525 & 88th St SW,0.0,0.0
2023-10-04,417,South,24098,15811.0,05:58:00,06:01:15,06:01:37,11,1459,Hwy 525 & 92nd St SW,1.0,0.0
2023-10-04,417,South,24098,15811.0,,06:03:17,06:03:17,12,1466,Hwy 525 & Harbour Pointe Blvd,0.0,0.0
2023-10-04,417,South,24098,15811.0,,06:04:04,06:04:23,13,1461,Hwy 525 & Chennault Beach Rd,1.0,0.0
2023-10-04,417,South,24098,15811.0,,06:04:50,06:04:50,14,1464,Hwy 525 & Russell Rd,0.0,0.0
2023-10-04,417,South,24098,15811.0,,06:05:41,06:06:21,15,1462,Hwy 525 & Harbour Pointe Blvd SW,6.0,0.0
2023-10-04,417,South,24098,15811.0,06:05:00,06:07:34,06:07:56,16,1460,Hwy 525 & Beverly Park Rd,0.0,0.0
2023-10-04,417,South,24098,15811.0,,06:09:05,06:09:34,17,1467,Hwy 525 & Lincoln Way,4.0,0.0
2023-10-04,417,South,24098,15811.0,06:33:00,06:34:43,06:35:09,21,1909,Stewart St & 9th Ave,0.0,7.0
2023-10-04,417,South,24098,15811.0,,06:36:10,06:36:31,22,1908,Stewart St & 7th Ave,0.0,2.0
2023-10-04,417,South,24098,15811.0,,06:37:51,06:38:14,23,1907,Stewart St & 4th Ave,0.0,0.0
2023-10-04,417,South,24098,15811.0,,06:39:53,06:40:05,24,1079,2nd Ave & Stewart St,0.0,1.0
2023-10-04,417,South,24098,15811.0,06:41:00,06:42:26,06:42:40,25,2909,2nd Ave & Seneca St,0.0,2.0
2023-10-04,417,South,24098,15811.0,,06:43:27,06:43:52,26,2631,2nd Ave & Cherry St,0.0,3.0
2023-10-04,417,South,24098,15811.0,06:45:00,06:44:40,06:44:40,27,2349,2nd Ave Ext S & Yesler Way,0.0,3.0
2023-10-04,417,South,24099,19815.0,06:22:00,06:24:58,06:24:58,0,3265,Mukilteo Ferry Terminal Bay 2,1.0,0.0
2023-10-04,417,South,24099,19815.0,,06:26:17,06:26:17,1,3275,1st St & Mukilteo Station,0.0,0.0
2023-10-04,417,South,24099,19815.0,,06:28:08,06:28:08,2,1455,Hwy 525 & 3rd St,0.0,0.0
2023-10-04,417,South,24099,19815.0,,06:28:19,06:28:19,3,3281,Hwy 525 & 5th St,0.0,0.0
2023-10-04,417,South,24099,19815.0,,06:29:13,06:29:13,4,1472,Hwy 525 & Goat Trail Rd,0.0,0.0
2023-10-04,417,South,24099,19815.0,,06:30:23,06:30:23,5,1470,Hwy 525 & Clover Ln,0.0,0.0
2023-10-04,417,South,24099,19815.0,,06:31:16,06:31:16,6,1468,Hwy 525 & 76th St SW,0.0,0.0
2023-10-04,417,South,24099,19815.0,,06:31:52,06:31:52,7,1469,Hwy 525 & 80th St SW,0.0,0.0
2023-10-04,417,South,24099,19815.0,,06:32:09,06:32:09,8,1456,Hwy 525 & 81st Pl SW,0.0,0.0
2023-10-04,417,South,24099,19815.0,,06:32:55,06:33:07,9,1457,Hwy 525 & 84th St SW,0.0,0.0
2023-10-04,417,South,24099,19815.0,,06:33:45,06:33:45,10,1458,Hwy 525 & 88th St SW,0.0,0.0
2023-10-04,417,South,24099,19815.0,06:29:00,06:34:42,06:35:13,11,1459,Hwy 525 & 92nd St SW,1.0,0.0
2023-10-04,417,South,24099,19815.0,,06:38:30,06:38:30,12,1466,Hwy 525 & Harbour Pointe Blvd,0.0,0.0
2023-10-04,417,South,24099,19815.0,,06:39:19,06:39:19,13,1461,Hwy 525 & Chennault Beach Rd,0.0,0.0
2023-10-04,417,South,24099,19815.0,,06:39:43,06:39:43,14,1464,Hwy 525 & Russell Rd,0.0,0.0
2023-10-04,417,South,24099,19815.0,,06:40:45,06:41:13,15,1462,Hwy 525 & Harbour Pointe Blvd SW,4.0,0.0
2023-10-04,417,South,24099,19815.0,06:36:00,06:42:34,06:42:53,16,1460,Hwy 525 & Beverly Park Rd,1.0,0.0
2023-10-04,417,South,24099,19815.0,,06:44:16,06:44:36,17,1467,Hwy 525 & Lincoln Way,2.0,0.0
2023-10-04,417,South,24099,19815.0,07:08:00,07:15:37,07:15:55,21,1909,Stewart St & 9th Ave,0.0,2.0
2023-10-04,417,South,24099,19815.0,,07:16:55,07:17:13,22,1908,Stewart St & 7th Ave,0.0,1.0
2023-10-04,417,South,24099,19815.0,,07:19:50,07:20:07,23,1907,Stewart St & 4th Ave,0.0,2.0
2023-10-04,417,South,24099,19815.0,,07:21:54,07:22:04,24,1079,2nd Ave & Stewart St,0.0,0.0
2023-10-04,417,South,24099,19815.0,07:16:00,07:24:25,07:24:39,25,2909,2nd Ave & Seneca St,0.0,1.0
2023-10-04,417,South,24099,19815.0,,07:25:25,07:26:02,26,2631,2nd Ave & Cherry St,0.0,0.0
2023-10-04,417,South,24099,19815.0,07:20:00,07:26:53,07:26:53,27,2349,2nd Ave Ext S & Yesler Way,0.0,3.0
2023-10-04,417,South,24100,17854.0,06:52:00,06:54:29,06:54:29,0,3265,Mukilteo Ferry Terminal Bay 2,1.0,0.0
2023-10-04,417,South,24100,17854.0,,06:55:41,06:55:41,1,3275,1st St & Mukilteo Station,0.0,0.0
2023-10-04,417,South,24100,17854.0,,06:58:27,06:58:27,2,1455,Hwy 525 & 3rd St,0.0,0.0
2023-10-04,417,South,24100,17854.0,,06:58:38,06:58:56,3,3281,Hwy 525 & 5th St,1.0,0.0
2023-10-04,417,South,24100,17854.0,,07:00:32,07:00:32,4,1472,Hwy 525 & Goat Trail Rd,0.0,0.0
2023-10-04,417,South,24100,17854.0,,07:01:36,07:01:36,5,1470,Hwy 525 & Clover Ln,0.0,0.0
2023-10-04,417,South,24100,17854.0,,07:02:59,07:02:59,6,1468,Hwy 525 & 76th St SW,0.0,0.0
2023-10-04,417,South,24100,17854.0,,07:04:00,07:04:00,7,1469,Hwy 525 & 80th St SW,0.0,0.0
2023-10-04,417,South,24100,17854.0,,07:04:22,07:04:22,8,1456,Hwy 525 & 81st Pl SW,0.0,0.0
2023-10-04,417,South,24100,17854.0,,07:05:03,07:05:24,9,1457,Hwy 525 & 84th St SW,1.0,0.0
2023-10-04,417,South,24100,17854.0,,07:06:37,07:06:37,10,1458,Hwy 525 & 88th St SW,0.0,0.0
2023-10-04,417,South,24100,17854.0,07:00:00,07:08:11,07:08:52,11,1459,Hwy 525 & 92nd St SW,5.0,0.0
2023-10-04,417,South,24100,17854.0,,07:15:28,07:15:50,12,1466,Hwy 525 & Harbour Pointe Blvd,2.0,0.0
2023-10-04,417,South,24100,17854.0,,07:18:39,07:18:39,13,1461,Hwy 525 & Chennault Beach Rd,0.0,0.0
2023-10-04,417,South,24100,17854.0,,07:19:04,07:19:04,14,1464,Hwy 525 & Russell Rd,0.0,0.0
2023-10-04,417,South,24100,17854.0,,07:20:40,07:21:14,15,1462,Hwy 525 & Harbour Pointe Blvd SW,3.0,0.0
2023-10-04,417,South,24100,17854.0,07:09:00,07:22:56,07:23:32,16,1460,Hwy 525 & Beverly Park Rd,5.0,0.0
2023-10-04,417,South,24100,17854.0,,07:25:11,07:25:34,17,1467,Hwy 525 & Lincoln Way,1.0,0.0
2023-10-04,417,South,24100,17854.0,07:49:00,08:04:27,08:04:55,21,1909,Stewart St & 9th Ave,0.0,8.0
2023-10-04,417,South,24100,17854.0,,08:05:22,08:05:53,22,1908,Stewart St & 7th Ave,0.0,2.0
2023-10-04,417,South,24100,17854.0,,08:07:53,08:08:15,23,1907,Stewart St & 4th Ave,0.0,3.0
2023-10-04,417,South,24100,17854.0,,08:09:58,08:10:32,24,1079,2nd Ave & Stewart St,0.0,1.0
2023-10-04,417,South,24100,17854.0,07:57:00,08:12:31,08:12:57,25,2909,2nd Ave & Seneca St,0.0,4.0
2023-10-04,417,South,24100,17854.0,,08:14:20,08:14:20,26,2631,2nd Ave & Cherry St,0.0,0.0
2023-10-04,417,South,24100,17854.0,08:01:00,08:14:50,08:14:50,27,2349,2nd Ave Ext S & Yesler Way,0.0,1.0
2023-10-04,417,South,24101,15811.0,07:53:00,07:56:52,07:56:52,0,3265,Mukilteo Ferry Terminal Bay 2,8.0,0.0
2023-10-04,417,South,24101,15811.0,,07:57:44,07:57:44,1,3275,1st St & Mukilteo Station,0.0,0.0
2023-10-04,417,South,24101,15811.0,,08:00:47,08:00:47,2,1455,Hwy 525 & 3rd St,0.0,0.0
2023-10-04,417,South,24101,15811.0,,08:00:53,08:00:53,3,3281,Hwy 525 & 5th St,0.0,0.0
2023-10-04,417,South,24101,15811.0,,08:01:59,08:01:59,4,1472,Hwy 525 & Goat Trail Rd,0.0,0.0
2023-10-04,417,South,24101,15811.0,,08:05:24,08:05:42,5,1470,Hwy 525 & Clover Ln,1.0,0.0
2023-10-04,417,South,24101,15811.0,,08:07:08,08:07:42,6,1468,Hwy 525 & 76th St SW,1.0,0.0
2023-10-04,417,South,24101,15811.0,,08:08:18,08:08:18,7,1469,Hwy 525 & 80th St SW,0.0,0.0
2023-10-04,417,South,24101,15811.0,,08:08:38,08:09:01,8,1456,Hwy 525 & 81st Pl SW,0.0,0.0
2023-10-04,417,South,24101,15811.0,,08:09:37,08:09:37,9,1457,Hwy 525 & 84th St SW,0.0,0.0
2023-10-04,417,South,24101,15811.0,,08:10:10,08:10:24,10,1458,Hwy 525 & 88th St SW,2.0,0.0
2023-10-04,417,South,24101,15811.0,08:02:00,08:11:10,08:11:44,11,1459,Hwy 525 & 92nd St SW,0.0,0.0
2023-10-04,417,South,24101,15811.0,,08:14:24,08:14:24,12,1466,Hwy 525 & Harbour Pointe Blvd,0.0,0.0
2023-10-04,417,South,24101,15811.0,,08:15:25,08:15:45,13,1461,Hwy 525 & Chennault Beach Rd,0.0,0.0
2023-10-04,417,South,24101,15811.0,,08:16:10,08:16:10,14,1464,Hwy 525 & Russell Rd,0.0,0.0
2023-10-04,417,South,24101,15811.0,,08:17:42,08:18:16,15,1462,Hwy 525 & Harbour Pointe Blvd SW,5.0,0.0
2023-10-04,417,South,24101,15811.0,08:11:00,08:20:19,08:20:53,16,1460,Hwy 525 & Beverly Park Rd,6.0,0.0
2023-10-04,417,South,24101,15811.0,,08:22:04,08:22:41,17,1467,Hwy 525 & Lincoln Way,6.0,1.0
2023-10-04,417,South,24101,15811.0,08:53:00,09:10:54,09:11:25,21,1909,Stewart St & 9th Ave,0.0,9.0
2023-10-04,417,South,24101,15811.0,,09:12:24,09:13:16,22,1908,Stewart St & 7th Ave,0.0,9.0
2023-10-04,417,South,24101,15811.0,,09:15:20,09:15:47,23,1907,Stewart St & 4th Ave,0.0,3.0
2023-10-04,417,South,24101,15811.0,,09:17:12,09:17:45,24,1079,2nd Ave & Stewart St,0.0,2.0
2023-10-04,417,South,24101,15811.0,09:04:00,09:20:06,09:20:06,25,2909,2nd Ave & Seneca St,0.0,0.0
2023-10-04,417,South,24101,15811.0,,09:20:42,09:21:26,26,2631,2nd Ave & Cherry St,0.0,4.0
2023-10-04,417,South,24101,15811.0,09:10:00,09:21:56,09:21:56,27,2349,2nd Ave Ext S & Yesler Way,0.0,1.0
2023-10-05,417,North,24094,19824.0,15:11:00,15:10:59,15:10:59,0,640,4th Ave S & S Jackson St,2.0,0.0
2023-10-05,417,North,24094,19824.0,,15:11:42,15:11:42,1,635,4th Ave S & S Washington St,0.0,0.0
2023-10-05,417,North,24094,19824.0,,15:13:03,15:13:26,2,2638,4th Ave & Cherry St,1.0,0.0
2023-10-05,417,North,24094,19824.0,,15:16:02,15:16:42,3,641,4th Ave & Seneca St,6.0,0.0
2023-10-05,417,North,24094,19824.0,15:17:00,15:17:47,15:18:24,4,2976,4th Ave & Pine St,2.0,0.0
2023-10-05,417,North,24094,19824.0,,15:19:37,15:20:35,5,473,Olive Way & 6th Ave,8.0,0.0
2023-10-05,417,North,24094,19824.0,15:21:00,15:22:11,15:22:33,6,430,Howell St & 9th Ave,2.0,0.0
2023-10-05,417,North,24094,19824.0,,15:28:05,15:28:16,7,431,Howell St & Yale Ave,0.0,0.0
2023-10-05,417,North,24094,19824.0,,15:58:28,15:58:46,11,970,Hwy 525 & Lincoln Way,0.0,2.0
2023-10-05,417,North,24094,19824.0,16:06:00,16:01:08,16:01:25,12,966,Hwy 525 & Beverly Park Rd,0.0,2.0
2023-10-05,417,North,24094,19824.0,,16:03:08,16:03:26,13,969,Hwy 525 & Harbour Pointe Blvd SW,0.0,5.0
2023-10-05,417,North,24094,19824.0,,16:06:36,16:06:36,14,974,Hwy 525 & Chennault Beach Rd,0.0,0.0
2023-10-05,417,North,24094,19824.0,,16:08:08,16:08:08,15,975,Hwy 525 & Harbour Pointe Blvd,0.0,0.0
2023-10-05,417,North,24094,19824.0,16:16:00,16:09:16,16:09:16,16,965,Hwy 525 & 92nd St SW,0.0,0.0
2023-10-05,417,North,24094,19824.0,,16:10:24,16:10:45,17,964,Hwy 525 & 84th St SW,0.0,1.0
2023-10-05,417,North,24094,19824.0,,16:11:15,16:11:15,18,963,Hwy 525 & 80th St SW,0.0,0.0
2023-10-05,417,North,24094,19824.0,,16:11:47,16:11:58,19,973,Hwy 525 & 76th St SW,0.0,2.0
2023-10-05,417,North,24094,19824.0,,16:12:51,16:13:07,20,967,Hwy 525 & Clover Ln,1.0,0.0
2023-10-05,417,North,24094,19824.0,,16:13:39,16:13:39,21,972,Hwy 525 & 15th Pl,0.0,0.0
2023-10-05,417,North,24094,19824.0,,16:13:58,16:13:58,22,968,Hwy 525 & Goat Trail Rd,0.0,0.0
2023-10-05,417,North,24094,19824.0,,16:15:18,16:15:39,23,3280,Hwy 525 & 5th St,0.0,1.0
2023-10-05,417,North,24094,19824.0,,16:18:14,16:18:14,24,3274,1st St & Mukilteo Station,0.0,0.0
2023-10-05,417,North,24094,19824.0,16:30:00,16:19:04,16:19:04,25,3265,Mukilteo Ferry Terminal Bay 2,0.0,9.0
2023-10-05,417,North,24095,15803.0,16:11:00,16:11:35,16:11:35,0,640,4th Ave S & S Jackson St,3.0,0.0
2023-10-05,417,North,24095,15803.0,,16:12:50,16:13:04,1,635,4th Ave S & S Washington St,0.0,0.0
2023-10-05,417,North,24095,15803.0,,16:14:28,16:14:45,2,2638,4th Ave & Cherry St,1.0,0.0
2023-10-05,417,North,24095,15803.0,,16:17:44,16:18:10,3,641,4th Ave & Seneca St,2.0,0.0
2023-10-05,417,North,24095,15803.0,16:17:00,16:19:22,16:20:06,4,2976,4th Ave & Pine St,4.0,0.0
2023-10-05,417,North,24095,15803.0,,16:22:14,16:23:33,5,473,Olive Way & 6th Ave,6.0,0.0
2023-10-05,417,North,24095,15803.0,16:21:00,16:25:21,16:25:57,6,430,Howell St & 9th Ave,5.0,0.0
2023-10-05,417,North,24095,15803.0,,16:31:06,16:31:38,7,431,Howell St & Yale Ave,4.0,0.0
2023-10-05,417,North,24095,15803.0,,17:08:36,17:08:36,11,970,Hwy 525 & Lincoln Way,0.0,0.0
2023-10-05,417,North,24095,15803.0,17:08:00,17:15:18,17:16:21,12,966,Hwy 525 & Beverly Park Rd,0.0,8.0
2023-10-05,417,North,24095,15803.0,,17:17:50,17:18:16,13,969,Hwy 525 & Harbour Pointe Blvd SW,0.0,6.0
2023-10-05,417,North,24095,15803.0,,17:20:46,17:20:46,14,974,Hwy 525 & Chennault Beach Rd,0.0,0.0
2023-10-05,417,North,24095,15803.0,,17:22:19,17:22:52,15,975,Hwy 525 & Harbour Pointe Blvd,0.0,1.0
2023-10-05,417,North,24095,15803.0,17:18:00,17:25:38,17:26:49,16,965,Hwy 525 & 92nd St SW,0.0,3.0
2023-10-05,417,North,24095,15803.0,,17:29:13,17:30:09,17,964,Hwy 525 & 84th St SW,0.0,3.0
2023-10-05,417,North,24095,15803.0,,17:30:42,17:30:42,18,963,Hwy 525 & 80th St SW,0.0,0.0
2023-10-05,417,North,24095,15803.0,,17:31:08,17:31:08,19,973,Hwy 525 & 76th St SW,0.0,0.0
2023-10-05,417,North,24095,15803.0,,17:31:56,17:31:56,20,967,Hwy 525 & Clover Ln,0.0,0.0
2023-10-05,417,North,24095,15803.0,,17:32:26,17:32:26,21,972,Hwy 525 & 15th Pl,0.0,0.0
2023-10-05,417,North,24095,15803.0,,17:32:51,17:32:51,22,968,Hwy 525 & Goat Trail Rd,0.0,0.0
2023-10-05,417,North,24095,15803.0,,17:35:00,17:35:22,23,3280,Hwy 525 & 5th St,0.0,2.0
2023-10-05,417,North,24095,15803.0,,17:36:47,17:37:03,24,3274,1st St & Mukilteo Station,0.0,1.0
2023-10-05,417,North,24095,15803.0,17:31:00,17:38:09,17:38:09,25,3265,Mukilteo Ferry Terminal Bay 2,0.0,1.0
2023-10-05,417,North,24096,15811.0,17:22:00,17:24:19,17:24:19,0,640,4th Ave S & S Jackson St,5.0,0.0
2023-10-05,417,North,24096,15811.0,,17:24:46,17:25:02,1,635,4th Ave S & S Washington St,0.0,0.0
2023-10-05,417,North,24096,15811.0,,17:27:04,17:27:20,2,2638,4th Ave & Cherry St,0.0,0.0
2023-10-05,417,North,24096,15811.0,,17:29:57,17:30:18,3,641,4th Ave & Seneca St,2.0,0.0
2023-10-05,417,North,24096,15811.0,17:28:00,17:32:26,17:33:41,4,2976,4th Ave & Pine St,2.0,0.0
2023-10-05,417,North,24096,15811.0,,17:35:53,17:37:01,5,473,Olive Way & 6th Ave,3.0,0.0
2023-10-05,417,North,24096,15811.0,17:32:00,17:38:59,17:40:27,6,430,Howell St & 9th Ave,3.0,0.0
2023-10-05,417,North,24096,15811.0,,17:46:10,17:47:38,7,431,Howell St & Yale Ave,2.0,0.0
2023-10-05,417,North,24096,15811.0,,18:23:05,18:23:21,11,970,Hwy 525 & Lincoln Way,0.0,2.0
2023-10-05,417,North,24096,15811.0,18:14:00,18:26:51,18:27:17,12,966,Hwy 525 & Beverly Park Rd,0.0,3.0
2023-10-05,417,North,24096,15811.0,,18:28:51,18:29:10,13,969,Hwy 525 & Harbour Pointe Blvd SW,0.0,2.0
2023-10-05,417,North,24096,15811.0,,18:30:44,18:30:44,14,974,Hwy 525 & Chennault Beach Rd,0.0,0.0
2023-10-05,417,North,24096,15811.0,,18:31:24,18:31:24,15,975,Hwy 525 & Harbour Pointe Blvd,0.0,0.0
2023-10-05,417,North,24096,15811.0,18:22:00,18:33:17,18:33:41,16,965,Hwy 525 & 92nd St SW,0.0,4.0
2023-10-05,417,North,24096,15811.0,,18:35:05,18:35:32,17,964,Hwy 525 & 84th St SW,0.0,3.0
2023-10-05,417,North,24096,15811.0,,18:36:07,18:36:07,18,963,Hwy 525 & 80th St SW,0.0,0.0
2023-10-05,417,North,24096,15811.0,,18:36:33,18:36:33,19,973,Hwy 525 & 76th St SW,0.0,0.0
2023-10-05,417,North,24096,15811.0,,18:37:29,18:37:58,20,967,Hwy 525 & Clover Ln,0.0,1.0
2023-10-05,417,North,24096,15811.0,,18:38:32,18:38:32,21,972,Hwy 525 & 15th Pl,0.0,0.0
2023-10-05,417,North,24096,15811.0,,18:38:56,18:38:56,22,968,Hwy 525 & Goat Trail Rd,0.0,0.0
2023-10-05,417,North,24096,15811.0,,18:41:16,18:41:16,23,3280,Hwy 525 & 5th St,0.0,0.0
2023-10-05,417,North,24096,15811.0,,18:42:50,18:42:50,24,3274,1st St & Mukilteo Station,0.0,0.0
2023-10-05,417,North,24096,15811.0,18:31:00,18:43:51,18:43:51,25,3265,Mukilteo Ferry Terminal Bay 2,0.0,2.0
2023-10-05,417,North,24097,17856.0,17:55:00,17:56:14,17:56:14,0,640,4th Ave S & S Jackson St,2.0,0.0
2023-10-05,417,North,24097,17856.0,,17:56:56,17:57:06,1,635,4th Ave S & S Washington St,0.0,0.0
2023-10-05,417,North,24097,17856.0,,17:59:30,17:59:38,2,2638,4th Ave & Cherry St,0.0,0.0
2023-10-05,417,North,24097,17856.0,,18:01:32,18:01:48,3,641,4th Ave & Seneca St,1.0,0.0
2023-10-05,417,North,24097,17856.0,18:00:00,18:04:09,18:04:53,4,2976,4th Ave & Pine St,0.0,0.0
2023-10-05,417,North,24097,17856.0,,18:06:11,18:07:02,5,473,Olive Way & 6th Ave,2.0,0.0
2023-10-05,417,North,24097,17856.0,18:04:00,18:08:32,18:08:43,6,430,Howell St & 9th Ave,0.0,0.0
2023-10-05,417,North,24097,17856.0,,18:13:07,18:13:14,7,431,Howell St & Yale Ave,0.0,0.0
2023-10-05,417,North,24097,17856.0,,18:42:03,18:42:03,11,970,Hwy 525 & Lincoln Way,0.0,0.0
2023-10-05,417,North,24097,17856.0,18:38:00,18:44:55,18:45:24,12,966,Hwy 525 & Beverly Park Rd,0.0,2.0
2023-10-05,417,North,24097,17856.0,,18:46:39,18:46:53,13,969,Hwy 525 & Harbour Pointe Blvd SW,0.0,2.0
2023-10-05,417,North,24097,17856.0,,18:48:29,18:48:29,14,974,Hwy 525 & Chennault Beach Rd,0.0,0.0
2023-10-05,417,North,24097,17856.0,,18:49:24,18:49:24,15,975,Hwy 525 & Harbour Pointe Blvd,0.0,1.0
2023-10-05,417,North,24097,17856.0,18:46:00,18:52:50,18:52:50,16,965,Hwy 525 & 92nd St SW,0.0,0.0
2023-10-05,417,North,24097,17856.0,,18:54:38,18:54:38,17,964,Hwy 525 & 84th St SW,0.0,0.0
2023-10-05,417,North,24097,17856.0,,18:55:02,18:55:02,18,963,Hwy 525 & 80th St SW,0.0,0.0
2023-10-05,417,North,24097,17856.0,,18:55:23,18:55:23,19,973,Hwy 525 & 76th St SW,0.0,0.0
2023-10-05,417,North,24097,17856.0,,18:56:11,18:56:11,20,967,Hwy 525 & Clover Ln,0.0,0.0
2023-10-05,417,North,24097,17856.0,,18:56:35,18:56:35,21,972,Hwy 525 & 15th Pl,0.0,0.0
2023-10-05,417,North,24097,17856.0,,18:56:52,18:56:52,22,968,Hwy 525 & Goat Trail Rd,0.0,0.0
2023-10-05,417,North,24097,17856.0,,18:58:08,18:58:08,23,3280,Hwy 525 & 5th St,0.0,0.0
2023-10-05,417,North,24097,17856.0,,19:00:11,19:00:11,24,3274,1st St & Mukilteo Station,0.0,0.0
2023-10-05,417,North,24097,17856.0,18:55:00,19:01:22,19:01:22,25,3265,Mukilteo Ferry Terminal Bay 2,0.0,0.0
2023-10-05,417,South,24098,15815.0,05:51:00,05:53:14,05:53:14,0,3265,Mukilteo Ferry Terminal Bay 2,8.0,0.0
2023-10-05,417,South,24098,15815.0,,05:54:12,05:54:12,1,3275,1st St & Mukilteo Station,0.0,0.0
2023-10-05,417,South,24098,15815.0,,05:57:07,05:57:07,2,1455,Hwy 525 & 3rd St,0.0,0.0
2023-10-05,417,South,24098,15815.0,,05:57:23,05:57:23,3,3281,Hwy 525 & 5th St,0.0,0.0
2023-10-05,417,South,24098,15815.0,,05:58:09,05:58:09,4,1472,Hwy 525 & Goat Trail Rd,0.0,0.0
2023-10-05,417,South,24098,15815.0,,05:59:04,05:59:04,5,1470,Hwy 525 & Clover Ln,0.0,0.0
2023-10-05,417,South,24098,15815.0,,05:59:46,05:59:46,6,1468,Hwy 525 & 76th St SW,0.0,0.0
2023-10-05,417,South,24098,15815.0,,06:00:14,06:00:14,7,1469,Hwy 525 & 80th St SW,0.0,0.0
2023-10-05,417,South,24098,15815.0,,06:00:30,06:00:30,8,1456,Hwy 525 & 81st Pl SW,0.0,0.0
2023-10-05,417,South,24098,15815.0,,06:00:55,06:01:10,9,1457,Hwy 525 & 84th St SW,0.0,0.0
2023-10-05,417,South,24098,15815.0,,06:01:43,06:01:43,10,1458,Hwy 525 & 88th St SW,0.0,0.0
2023-10-05,417,South,24098,15815.0,05:58:00,06:02:17,06:02:39,11,1459,Hwy 525 & 92nd St SW,1.0,0.0
2023-10-05,417,South,24098,15815.0,,06:04:52,06:04:52,12,1466,Hwy 525 & Harbour Pointe Blvd,0.0,0.0
2023-10-05,417,South,24098,15815.0,,06:05:40,06:05:52,13,1461,Hwy 525 & Chennault Beach Rd,2.0,0.0
2023-10-05,417,South,24098,15815.0,,06:06:19,06:06:19,14,1464,Hwy 525 & Russell Rd,0.0,0.0
2023-10-05,417,South,24098,15815.0,,06:07:54,06:08:21,15,1462,Hwy 525 & Harbour Pointe Blvd SW,4.0,0.0
2023-10-05,417,South,24098,15815.0,06:05:00,06:09:46,06:10:22,16,1460,Hwy 525 & Beverly Park Rd,3.0,0.0
2023-10-05,417,South,24098,15815.0,,06:11:31,06:12:02,17,1467,Hwy 525 & Lincoln Way,3.0,0.0
2023-10-05,417,South,24098,15815.0,06:33:00,06:38:20,06:39:10,21,1909,Stewart St & 9th Ave,0.0,8.0
2023-10-05,417,South,24098,15815.0,,06:39:38,06:40:04,22,1908,Stewart St & 7th Ave,0.0,3.0
2023-10-05,417,South,24098,15815.0,,06:42:19,06:42:41,23,1907,Stewart St & 4th Ave,0.0,1.0
2023-10-05,417,South,24098,15815.0,,06:44:42,06:44:58,24,1079,2nd Ave & Stewart St,0.0,3.0
2023-10-05,417,South,24098,15815.0,06:41:00,06:47:24,06:47:51,25,2909,2nd Ave & Seneca St,0.0,3.0
2023-10-05,417,South,24098,15815.0,,06:48:59,06:49:25,26,2631,2nd Ave & Cherry St,0.0,2.0
2023-10-05,417,South,24098,15815.0,06:45:00,06:51:16,06:51:16,27,2349,2nd Ave Ext S & Yesler Way,0.0,1.0
2023-10-05,417,South,24099,19822.0,06:22:00,06:26:18,06:26:18,0,3265,Mukilteo Ferry Terminal Bay 2,0.0,0.0
2023-10-05,417,South,24099,19822.0,,06:27:26,06:27:26,1,3275,1st St & Mukilteo Station,0.0,0.0
2023-10-05,417,South,24099,19822.0,,06:29:00,06:29:00,2,1455,Hwy 525 & 3rd St,0.0,0.0
2023-10-05,417,South,24099,19822.0,,06:29:11,06:29:11,3,3281,Hwy 525 & 5th St,0.0,0.0
2023-10-05,417,South,24099,19822.0,,06:30:13,06:30:42,4,1472,Hwy 525 & Goat Trail Rd,1.0,0.0
2023-10-05,417,South,24099,19822.0,,06:31:55,06:31:55,5,1470,Hwy 525 & Clover Ln,0.0,0.0
2023-10-05,417,South,24099,19822.0,,06:32:54,06:33:16,6,1468,Hwy 525 & 76th St SW,1.0,0.0
2023-10-05,417,South,24099,19822.0,,06:33:54,06:33:54,7,1469,Hwy 525 & 80th St SW,0.0,0.0
2023-10-05,417,South,24099,19822.0,,06:34:13,06:34:13,8,1456,Hwy 525 & 81st Pl SW,0.0,0.0
2023-10-05,417,South,24099,19822.0,,06:34:40,06:35:09,9,1457,Hwy 525 & 84th St SW,1.0,0.0
2023-10-05,417,South,24099,19822.0,,06:35:47,06:35:47,10,1458,Hwy 525 & 88th St SW,0.0,0.0
2023-10-05,417,South,24099,19822.0,06:29:00,06:36:26,06:36:57,11,1459,Hwy 525 & 92nd St SW,1.0,0.0
2023-10-05,417,South,24099,19822.0,,06:38:50,06:39:03,12,1466,Hwy 525 & Harbour Pointe Blvd,1.0,0.0
2023-10-05,417,South,24099,19822.0,,06:41:09,06:41:09,13,1461,Hwy 525 & Chennault Beach Rd,0.0,0.0
2023-10-05,417,South,24099,19822.0,,06:41:35,06:41:35,14,1464,Hwy 525 & Russell Rd,0.0,0.0
2023-10-05,417,South,24099,19822.0,,06:42:59,06:43:23,15,1462,Hwy 525 & Harbour Pointe Blvd SW,1.0,0.0
2023-10-05,417,South,24099,19822.0,06:36:00,06:45:08,06:45:32,16,1460,Hwy 525 & Beverly Park Rd,3.0,0.0
2023-10-05,417,South,24099,19822.0,,06:46:55,06:47:07,17,1467,Hwy 525 & Lincoln Way,0.0,0.0
2023-10-05,417,South,24099,19822.0,07:08:00,07:17:09,07:17:27,21,1909,Stewart St & 9th Ave,0.0,3.0
2023-10-05,417,South,24099,19822.0,,07:18:06,07:18:17,22,1908,Stewart St & 7th Ave,0.0,3.0
2023-10-05,417,South,24099,19822.0,,07:19:51,07:20:05,23,1907,Stewart St & 4th Ave,0.0,2.0
2023-10-05,417,South,24099,19822.0,,07:22:10,07:22:20,24,1079,2nd Ave & Stewart St,0.0,0.0
2023-10-05,417,South,24099,19822.0,07:16:00,07:24:29,07:24:56,25,2909,2nd Ave & Seneca St,0.0,0.0
2023-10-05,417,South,24099,19822.0,,07:26:21,07:26:36,26,2631,2nd Ave & Cherry St,0.0,0.0
2023-10-05,417,South,24099,19822.0,07:20:00,07:28:08,07:28:08,27,2349,2nd Ave Ext S & Yesler Way,0.0,1.0
2023-10-05,417,South,24100,15819.0,06:52:00,06:54:35,06:54:35,0,3265,Mukilteo Ferry Terminal Bay 2,1.0,0.0
2023-10-05,417,South,24100,15819.0,,06:55:39,06:55:57,1,3275,1st St & Mukilteo Station,1.0,0.0
2023-10-05,417,South,24100,15819.0,,06:58:04,06:58:19,2,1455,Hwy 525 & 3rd St,1.0,0.0
2023-10-05,417,South,24100,15819.0,,06:58:34,06:58:34,3,3281,Hwy 525 & 5th St,0.0,0.0
2023-10-05,417,South,24100,15819.0,,06:59:21,06:59:21,4,1472,Hwy 525 & Goat Trail Rd,0.0,0.0
2023-10-05,417,South,24100,15819.0,,07:00:23,07:00:23,5,1470,Hwy 525 & Clover Ln,0.0,0.0
2023-10-05,417,South,24100,15819.0,,07:01:11,07:01:11,6,1468,Hwy 525 & 76th St SW,0.0,0.0
2023-10-05,417,South,24100,15819.0,,07:01:45,07:01:45,7,1469,Hwy 525 & 80th St SW,0.0,0.0
2023-10-05,417,South,24100,15819.0,,07:02:04,07:02:04,8,1456,Hwy 525 & 81st Pl SW,0.0,0.0
2023-10-05,417,South,24100,15819.0,,07:02:37,07:03:07,9,1457,Hwy 525 & 84th St SW,1.0,0.0
2023-10-05,417,South,24100,15819.0,,07:03:46,07:03:46,10,1458,Hwy 525 & 88th St SW,0.0,0.0
2023-10-05,417,South,24100,15819.0,07:00:00,07:04:33,07:04:57,11,1459,Hwy 525 & 92nd St SW,3.0,0.0
2023-10-05,417,South,24100,15819.0,,07:06:47,07:06:47,12,1466,Hwy 525 & Harbour Pointe Blvd,0.0,0.0
2023-10-05,417,South,24100,15819.0,,07:07:44,07:08:07,13,1461,Hwy 525 & Chennault Beach Rd,1.0,0.0
2023-10-05,417,South,24100,15819.0,,07:08:39,07:08:39,14,1464,Hwy 525 & Russell Rd,0.0,0.0
2023-10-05,417,South,24100,15819.0,,07:09:46,07:10:23,15,1462,Hwy 525 & Harbour Pointe Blvd SW,4.0,0.0
2023-10-05,417,South,24100,15819.0,07:09:00,07:13:04,07:13:46,16,1460,Hwy 525 & Beverly Park Rd,5.0,0.0
2023-10-05,417,South,24100,15819.0,,07:16:06,07:16:06,17,1467,Hwy 525 & Lincoln Way,0.0,0.0
2023-10-05,417,South,24100,15819.0,07:49:00,07:51:44,07:52:12,21,1909,Stewart St & 9th Ave,0.0,10.0
2023-10-05,417,South,24100,15819.0,,07:53:07,07:53:32,22,1908,Stewart St & 7th Ave,0.0,4.0
2023-10-05,417,South,24100,15819.0,,07:55:54,07:56:09,23,1907,Stewart St & 4th Ave,0.0,1.0
2023-10-05,417,South,24100,15819.0,,07:58:16,07:58:58,24,1079,2nd Ave & Stewart St,0.0,1.0
2023-10-05,417,South,24100,15819.0,07:57:00,08:01:57,08:02:17,25,2909,2nd Ave & Seneca St,0.0,1.0
2023-10-05,417,South,24100,15819.0,,08:03:40,08:03:40,26,2631,2nd Ave & Cherry St,0.0,0.0
2023-10-05,417,South,24100,15819.0,08:01:00,08:08:51,08:08:51,27,2349,2nd Ave Ext S & Yesler Way,0.0,0.0
2023-10-05,417,South,24101,15815.0,07:53:00,07:53:08,07:53:08,0,3265,Mukilteo Ferry Terminal Bay 2,3.0,0.0
2023-10-05,417,South,24101,15815.0,,07:53:54,07:53:54,1,3275,1st St & Mukilteo Station,0.0,0.0
2023-10-05,417,South,24101,15815.0,,07:55:43,07:55:43,2,1455,Hwy 525 & 3rd St,0.0,0.0
2023-10-05,417,South,24101,15815.0,,07:56:07,07:56:07,3,3281,Hwy 525 & 5th St,0.0,0.0
2023-10-05,417,South,24101,15815.0,,07:56:48,07:56:48,4,1472,Hwy 525 & Goat Trail Rd,0.0,0.0
2023-10-05,417,South,24101,15815.0,,07:58:17,07:58:35,5,1470,Hwy 525 & Clover Ln,1.0,0.0
2023-10-05,417,South,24101,15815.0,,08:00:43,08:00:43,6,1468,Hwy 525 & 76th St SW,0.0,0.0
2023-10-05,417,South,24101,15815.0,,08:01:14,08:01:14,7,1469,Hwy 525 & 80th St SW,0.0,0.0
2023-10-05,417,South,24101,15815.0,,08:01:28,08:01:28,8,1456,Hwy 525 & 81st Pl SW,0.0,0.0
2023-10-05,417,South,24101,15815.0,,08:02:31,08:02:56,9,1457,Hwy 525 & 84th St SW,1.0,0.0
2023-10-05,417,South,24101,15815.0,,08:03:25,08:03:25,10,1458,Hwy 525 & 88th St SW,0.0,0.0
2023-10-05,417,South,24101,15815.0,08:02:00,08:04:31,08:05:04,11,1459,Hwy 525 & 92nd St SW,1.0,0.0
2023-10-05,417,South,24101,15815.0,,08:07:23,08:07:41,12,1466,Hwy 525 & Harbour Pointe Blvd,0.0,0.0
2023-10-05,417,South,24101,15815.0,,08:09:03,08:09:03,13,1461,Hwy 525 & Chennault Beach Rd,0.0,0.0
2023-10-05,417,South,24101,15815.0,,08:09:24,08:09:24,14,1464,Hwy 525 & Russell Rd,0.0,0.0
2023-10-05,417,South,24101,15815.0,,08:10:48,08:11:19,15,1462,Hwy 525 & Harbour Pointe Blvd SW,4.0,0.0
2023-10-05,417,South,24101,15815.0,08:11:00,08:12:47,08:13:47,16,1460,Hwy 525 & Beverly Park Rd,4.0,0.0
2023-10-05,417,South,24101,15815.0,,08:15:22,08:15:48,17,1467,Hwy 525 & Lincoln Way,4.0,0.0
2023-10-05,417,South,24101,15815.0,08:53:00,08:55:40,08:56:13,21,1909,Stewart St & 9th Ave,0.0,7.0
2023-10-05,417,South,24101,15815.0,,08:57:02,08:57:41,22,1908,Stewart St & 7th Ave,0.0,5.0
2023-10-05,417,South,24101,15815.0,,09:00:15,09:00:15,23,1907,Stewart St & 4th Ave,0.0,0.0
2023-10-05,417,South,24101,15815.0,,09:01:01,09:01:26,24,1079,2nd Ave & Stewart St,0.0,1.0
2023-10-05,417,South,24101,15815.0,09:04:00,09:03:33,09:04:00,25,2909,2nd Ave & Seneca St,0.0,3.0
2023-10-05,417,South,24101,15815.0,,09:05:22,09:05:22,26,2631,2nd Ave & Cherry St,0.0,0.0
2023-10-05,417,South,24101,15815.0,09:10:00,09:06:39,09:06:39,27,2349,2nd Ave Ext S & Yesler Way,0.0,2.0
2023-10-06,417,North,24094,19816.0,15:11:00,15:10:43,15:10:43,0,640,4th Ave S & S Jackson St,2.0,0.0
2023-10-06,417,North,24094,19816.0,,15:11:45,15:11:45,1,635,4th Ave S & S Washington St,0.0,0.0
2023-10-06,417,North,24094,19816.0,,15:13:09,15:13:36,2,2638,4th Ave & Cherry St,5.0,0.0
2023-10-06,417,North,24094,19816.0,,15:14:57,15:15:12,3,641,4th Ave & Seneca St,1.0,0.0
2023-10-06,417,North,24094,19816.0,15:17:00,15:16:18,15:16:38,4,2976,4th Ave & Pine St,1.0,0.0
2023-10-06,417,North,24094,19816.0,,15:17:57,15:19:26,5,473,Olive Way & 6th Ave,4.0,0.0
2023-10-06,417,North,24094,19816.0,15:21:00,15:21:24,15:21:52,6,430,Howell St & 9th Ave,3.0,0.0
2023-10-06,417,North,24094,19816.0,,15:26:33,15:26:51,7,431,Howell St & Yale Ave,0.0,1.0
2023-10-06,417,North,24094,19816.0,,16:00:43,16:01:01,11,970,Hwy 525 & Lincoln Way,0.0,1.0
2023-10-06,417,North,24094,19816.0,16:06:00,16:04:12,16:04:34,12,966,Hwy 525 & Beverly Park Rd,0.0,3.0
2023-10-06,417,North,24094,19816.0,,16:05:36,16:06:02,13,969,Hwy 525 & Harbour Pointe Blvd SW,5.0,2.0
2023-10-06,417,North,24094,19816.0,,16:07:30,16:07:52,14,974,Hwy 525 & Chennault Beach Rd,0.0,2.0
2023-10-06,417,North,24094,19816.0,,16:08:58,16:09:10,15,975,Hwy 525 & Harbour Pointe Blvd,0.0,1.0
2023-10-06,417,North,24094,19816.0,16:16:00,16:12:01,16:12:52,16,965,Hwy 525 & 92nd St SW,0.0,0.0
2023-10-06,417,North,24094,19816.0,,16:14:16,16:14:16,17,964,Hwy 525 & 84th St SW,0.0,0.0
2023-10-06,417,North,24094,19816.0,,16:14:41,16:14:41,18,963,Hwy 525 & 80th St SW,0.0,0.0
2023-10-06,417,North,24094,19816.0,,16:15:09,16:15:31,19,973,Hwy 525 & 76th St SW,0.0,5.0
2023-10-06,417,North,24094,19816.0,,16:16:22,16:16:22,20,967,Hwy 525 & Clover Ln,0.0,0.0
2023-10-06,417,North,24094,19816.0,,16:16:52,16:16:52,21,972,Hwy 525 & 15th Pl,0.0,0.0
2023-10-06,417,North,24094,19816.0,,16:17:11,16:17:11,22,968,Hwy 525 & Goat Trail Rd,0.0,0.0
2023-10-06,417,North,24094,19816.0,,16:17:58,16:17:58,23,3280,Hwy 525 & 5th St,0.0,0.0
2023-10-06,417,North,24094,19816.0,,16:19:14,16:19:14,24,3274,1st St & Mukilteo Station,0.0,0.0
2023-10-06,417,North,24094,19816.0,16:30:00,16:20:08,16:20:08,25,3265,Mukilteo Ferry Terminal Bay 2,0.0,6.0
2023-10-06,417,North,24095,15811.0,16:11:00,16:12:13,16:12:13,0,640,4th Ave S & S Jackson St,1.0,0.0
2023-10-06,417,North,24095,15811.0,,16:13:24,16:13:37,1,635,4th Ave S & S Washington St,0.0,0.0
2023-10-06,417,North,24095,15811.0,,16:14:48,16:15:05,2,2638,4th Ave & Cherry St,0.0,0.0
2023-10-06,417,North,24095,15811.0,,16:17:57,16:18:18,3,641,4th Ave & Seneca St,2.0,0.0
2023-10-06,417,North,24095,15811.0,16:17:00,16:19:22,16:19:46,4,2976,4th Ave & Pine St,1.0,0.0
2023-10-06,417,North,24095,15811.0,,16:21:09,16:22:04,5,473,Olive Way & 6th Ave,3.0,0.0
2023-10-06,417,North,24095,15811.0,16:21:00,16:23:40,16:24:13,6,430,Howell St & 9th Ave,3.0,0.0
2023-10-06,417,North,24095,15811.0,,16:27:01,16:29:09,7,431,Howell St & Yale Ave,5.0,0.0
2023-10-06,417,North,24095,15811.0,,17:02:28,17:02:28,11,970,Hwy 525 & Lincoln Way,0.0,0.0
2023-10-06,417,North,24095,15811.0,17:08:00,17:06:48,17:07:34,12,966,Hwy 525 & Beverly Park Rd,0.0,7.0
2023-10-06,417,North,24095,15811.0,,17:09:25,17:09:50,13,969,Hwy 525 & Harbour Pointe Blvd SW,0.0,4.0
2023-10-06,417,North,24095,15811.0,,17:11:57,17:11:57,14,974,Hwy 525 & Chennault Beach Rd,0.0,0.0
2023-10-06,417,North,24095,15811.0,,17:12:39,17:12:39,15,975,Hwy 525 & Harbour Pointe Blvd,0.0,0.0
2023-10-06,417,North,24095,15811.0,17:18:00,17:15:00,17:15:00,16,965,Hwy 525 & 92nd St SW,0.0,0.0
2023-10-06,417,North,24095,15811.0,,17:17:18,17:18:03,17,964,Hwy 525 & 84th St SW,0.0,1.0
2023-10-06,417,North,24095,15811.0,,17:18:36,17:18:36,18,963,Hwy 525 & 80th St SW,0.0,0.0
2023-10-06,417,North,24095,15811.0,,17:18:59,17:18:59,19,973,Hwy 525 & 76th St SW,0.0,0.0
2023-10-06,417,North,24095,15811.0,,17:19:46,17:20:20,20,967,Hwy 525 & Clover Ln,1.0,1.0
2023-10-06,417,North,24095,15811.0,,17:20:58,17:20:58,21,972,Hwy 525 & 15th Pl,0.0,0.0
2023-10-06,417,North,24095,15811.0,,17:21:19,17:21:19,22,968,Hwy 525 & Goat Trail Rd,0.0,0.0
2023-10-06,417,North,24095,15811.0,,17:22:13,17:22:13,23,3280,Hwy 525 & 5th St,0.0,0.0
2023-10-06,417,North,24095,15811.0,,17:24:15,17:24:15,24,3274,1st St & Mukilteo Station,0.0,0.0
2023-10-06,417,North,24095,15811.0,17:31:00,17:25:17,17:25:17,25,3265,Mukilteo Ferry Terminal Bay 2,0.0,3.0
2023-10-06,417,North,24096,17865.0,17:22:00,17:25:33,17:25:33,0,640,4th Ave S & S Jackson St,0.0,0.0
2023-10-06,417,North,24096,17865.0,,17:26:42,17:26:48,1,635,4th Ave S & S Washington St,0.0,0.0
2023-10-06,417,North,24096,17865.0,,17:28:19,17:28:28,2,2638,4th Ave & Cherry St,0.0,0.0
2023-10-06,417,North,24096,17865.0,,17:31:01,17:31:22,3,641,4th Ave & Seneca St,2.0,0.0
2023-10-06,417,North,24096,17865.0,17:28:00,17:33:42,17:33:56,4,2976,4th Ave & Pine St,1.0,0.0
2023-10-06,417,North,24096,17865.0,,17:35:56,17:37:04,5,473,Olive Way & 6th Ave,1.0,0.0
2023-10-06,417,North,24096,17865.0,17:32:00,17:37:39,17:38:07,6,430,Howell St & 9th Ave,3.0,0.0
2023-10-06,417,North,24096,17865.0,,17:41:36,17:41:54,7,431,Howell St & Yale Ave,1.0,0.0
2023-10-06,417,North,24096,17865.0,,18:06:19,18:06:32,11,970,Hwy 525 & Lincoln Way,0.0,1.0
2023-10-06,417,North,24096,17865.0,18:14:00,18:09:21,18:09:21,12,966,Hwy 525 & Beverly Park Rd,0.0,1.0
2023-10-06,417,North,24096,17865.0,,18:11:38,18:11:54,13,969,Hwy 525 & Harbour Pointe Blvd SW,0.0,1.0
2023-10-06,417,North,24096,17865.0,,18:13:11,18:13:11,14,974,Hwy 525 & Chennault Beach Rd,0.0,0.0
2023-10-06,417,North,24096,17865.0,,18:14:01,18:14:01,15,975,Hwy 525 & Harbour Pointe Blvd,0.0,0.0
2023-10-06,417,North,24096,17865.0,18:22:00,18:15:57,18:16:22,16,965,Hwy 525 & 92nd St SW,0.0,3.0
2023-10-06,417,North,24096,17865.0,,18:17:27,18:17:27,17,964,Hwy 525 & 84th St SW,0.0,0.0
2023-10-06,417,North,24096,17865.0,,18:17:49,18:17:49,18,963,Hwy 525 & 80th St SW,0.0,0.0
2023-10-06,417,North,24096,17865.0,,18:18:08,18:18:08,19,973,Hwy 525 & 76th St SW,0.0,0.0
2023-10-06,417,North,24096,17865.0,,18:18:51,18:18:51,20,967,Hwy 525 & Clover Ln,0.0,0.0
2023-10-06,417,North,24096,17865.0,,18:19:18,18:19:18,21,972,Hwy 525 & 15th Pl,0.0,0.0
2023-10-06,417,North,24096,17865.0,,18:19:37,18:19:37,22,968,Hwy 525 & Goat Trail Rd,0.0,0.0
2023-10-06,417,North,24096,17865.0,,18:22:07,18:22:07,23,3280,Hwy 525 & 5th St,0.0,0.0
2023-10-06,417,North,24096,17865.0,,18:23:22,18:23:22,24,3274,1st St & Mukilteo Station,0.0,0.0
2023-10-06,417,North,24096,17865.0,18:31:00,18:24:18,18:24:18,25,3265,Mukilteo Ferry Terminal Bay 2,0.0,2.0
2023-10-06,417,North,24097,15805.0,17:55:00,17:56:18,17:56:18,0,640,4th Ave S & S Jackson St,3.0,0.0
2023-10-06,417,North,24097,15805.0,,17:57:09,17:57:09,1,635,4th Ave S & S Washington St,0.0,0.0
2023-10-06,417,North,24097,15805.0,,17:58:02,17:58:12,2,2638,4th Ave & Cherry St,0.0,0.0
2023-10-06,417,North,24097,15805.0,,17:59:47,18:00:09,3,641,4th Ave & Seneca St,0.0,0.0
2023-10-06,417,North,24097,15805.0,18:00:00,18:02:10,18:02:19,4,2976,4th Ave & Pine St,0.0,0.0
2023-10-06,417,North,24097,15805.0,,18:04:15,18:05:32,5,473,Olive Way & 6th Ave,1.0,0.0
2023-10-06,417,North,24097,15805.0,18:04:00,18:07:02,18:07:15,6,430,Howell St & 9th Ave,0.0,0.0
2023-10-06,417,North,24097,15805.0,,18:10:04,18:10:18,7,431,Howell St & Yale Ave,0.0,2.0
2023-10-06,417,North,24097,15805.0,,18:33:36,18:33:36,11,970,Hwy 525 & Lincoln Way,0.0,0.0
2023-10-06,417,North,24097,15805.0,18:38:00,18:36:26,18:36:51,12,966,Hwy 525 & Beverly Park Rd,1.0,1.0
2023-10-06,417,North,24097,15805.0,,18:38:21,18:38:21,13,969,Hwy 525 & Harbour Pointe Blvd SW,0.0,0.0
2023-10-06,417,North,24097,15805.0,,18:40:14,18:40:14,14,974,Hwy 525 & Chennault Beach Rd,0.0,0.0
2023-10-06,417,North,24097,15805.0,,18:41:06,18:41:06,15,975,Hwy 525 & Harbour Pointe Blvd,0.0,0.0
2023-10-06,417,North,24097,15805.0,18:46:00,18:42:35,18:42:35,16,965,Hwy 525 & 92nd St SW,0.0,0.0
2023-10-06,417,North,24097,15805.0,,18:43:35,18:43:35,17,964,Hwy 525 & 84th St SW,0.0,0.0
2023-10-06,417,North,24097,15805.0,,18:44:00,18:44:00,18,963,Hwy 525 & 80th St SW,0.0,0.0
2023-10-06,417,North,24097,15805.0,,18:44:21,18:44:21,19,973,Hwy 525 & 76th St SW,0.0,0.0
2023-10-06,417,North,24097,15805.0,,18:45:10,18:45:23,20,967,Hwy 525 & Clover Ln,0.0,0.0
2023-10-06,417,North,24097,15805.0,,18:45:56,18:45:56,21,972,Hwy 525 & 15th Pl,0.0,0.0
2023-10-06,417,North,24097,15805.0,,18:46:16,18:46:16,22,968,Hwy 525 & Goat Trail Rd,0.0,0.0
2023-10-06,417,North,24097,15805.0,,18:47:11,18:47:11,23,3280,Hwy 525 & 5th St,0.0,0.0
2023-10-06,417,North,24097,15805.0,,18:49:07,18:49:07,24,3274,1st St & Mukilteo Station,0.0,0.0
2023-10-06,417,North,24097,15805.0,18:55:00,18:50:08,18:50:08,25,3265,Mukilteo Ferry Terminal Bay 2,0.0,2.0
2023-10-06,417,South,24098,19810.0,05:51:00,05:56:07,05:56:07,0,3265,Mukilteo Ferry Terminal Bay 2,7.0,0.0
2023-10-06,417,South,24098,19810.0,,,,1,3275,1st St & Mukilteo Station,,
2023-10-06,417,South,24098,19810.0,,05:57:48,05:57:48,2,1455,Hwy 525 & 3rd St,0.0,0.0
2023-10-06,417,South,24098,19810.0,,05:57:57,05:57:57,3,3281,Hwy 525 & 5th St,0.0,0.0
2023-10-06,417,South,24098,19810.0,,05:58:38,05:58:38,4,1472,Hwy 525 & Goat Trail Rd,0.0,0.0
2023-10-06,417,South,24098,19810.0,,05:59:34,05:59:34,5,1470,Hwy 525 & Clover Ln,0.0,0.0
2023-10-06,417,South,24098,19810.0,,06:00:20,06:00:20,6,1468,Hwy 525 & 76th St SW,0.0,0.0
2023-10-06,417,South,24098,19810.0,,06:00:51,06:00:51,7,1469,Hwy 525 & 80th St SW,0.0,0.0
2023-10-06,417,South,24098,19810.0,,06:01:07,06:01:07,8,1456,Hwy 525 & 81st Pl SW,0.0,0.0
2023-10-06,417,South,24098,19810.0,,06:01:35,06:01:48,9,1457,Hwy 525 & 84th St SW,2.0,0.0
2023-10-06,417,South,24098,19810.0,,06:02:23,06:02:23,10,1458,Hwy 525 & 88th St SW,0.0,0.0
2023-10-06,417,South,24098,19810.0,05:58:00,06:03:16,06:05:33,11,1459,Hwy 525 & 92nd St SW,3.0,1.0
2023-10-06,417,South,24098,19810.0,,06:07:17,06:07:17,12,1466,Hwy 525 & Harbour Pointe Blvd,0.0,0.0
2023-10-06,417,South,24098,19810.0,,06:08:06,06:08:27,13,1461,Hwy 525 & Chennault Beach Rd,1.0,0.0
2023-10-06,417,South,24098,19810.0,,06:08:56,06:08:56,14,1464,Hwy 525 & Russell Rd,0.0,0.0
2023-10-06,417,South,24098,19810.0,,06:10:04,06:10:23,15,1462,Hwy 525 & Harbour Pointe Blvd SW,1.0,0.0
2023-10-06,417,South,24098,19810.0,06:05:00,06:12:17,06:12:42,16,1460,Hwy 525 & Beverly Park Rd,1.0,0.0
2023-10-06,417,South,24098,19810.0,,06:13:56,06:14:20,17,1467,Hwy 525 & Lincoln Way,1.0,0.0
2023-10-06,417,South,24098,19810.0,06:33:00,06:36:59,06:37:20,21,1909,Stewart St & 9th Ave,0.0,7.0
2023-10-06,417,South,24098,19810.0,,06:38:05,06:38:16,22,1908,Stewart St & 7th Ave,0.0,0.0
2023-10-06,417,South,24098,19810.0,,06:39:25,06:39:36,23,1907,Stewart St & 4th Ave,0.0,1.0
2023-10-06,417,South,24098,19810.0,,06:41:07,06:41:47,24,1079,2nd Ave & Stewart St,0.0,1.0
2023-10-06,417,South,24098,19810.0,06:41:00,06:43:57,06:44:08,25,2909,2nd Ave & Seneca St,0.0,1.0
2023-10-06,417,South,24098,19810.0,,06:45:26,06:45:42,26,2631,2nd Ave & Cherry St,0.0,2.0
2023-10-06,417,South,24098,19810.0,06:45:00,06:46:44,06:46:44,27,2349,2nd Ave Ext S & Yesler Way,0.0,3.0
2023-10-06,417,South,24099,19815.0,06:22:00,06:26:20,06:26:20,0,3265,Mukilteo Ferry Terminal Bay 2,0.0,0.0
2023-10-06,417,South,24099,19815.0,,,,1,3275,1st St & Mukilteo Station,,
2023-10-06,417,South,24099,19815.0,,06:27:19,06:27:19,2,1455,Hwy 525 & 3rd St,0.0,0.0
2023-10-06,417,South,24099,19815.0,,06:27:27,06:27:27,3,3281,Hwy 525 & 5th St,0.0,0.0
2023-10-06,417,South,24099,19815.0,,06:28:15,06:28:15,4,1472,Hwy 525 & Goat Trail Rd,0.0,0.0
2023-10-06,417,South,24099,19815.0,,06:29:17,06:29:17,5,1470,Hwy 525 & Clover Ln,0.0,0.0
2023-10-06,417,South,24099,19815.0,,06:30:09,06:30:33,6,1468,Hwy 525 & 76th St SW,1.0,0.0
2023-10-06,417,South,24099,19815.0,,06:31:13,06:31:13,7,1469,Hwy 525 & 80th St SW,0.0,0.0
2023-10-06,417,South,24099,19815.0,,06:31:32,06:31:32,8,1456,Hwy 525 & 81st Pl SW,0.0,0.0
2023-10-06,417,South,24099,19815.0,,06:31:59,06:32:37,9,1457,Hwy 525 & 84th St SW,1.0,0.0
2023-10-06,417,South,24099,19815.0,,06:33:12,06:33:12,10,1458,Hwy 525 & 88th St SW,0.0,0.0
2023-10-06,417,South,24099,19815.0,06:29:00,06:33:54,06:34:13,11,1459,Hwy 525 & 92nd St SW,1.0,0.0
2023-10-06,417,South,24099,19815.0,,06:36:32,06:36:32,12,1466,Hwy 525 & Harbour Pointe Blvd,0.0,0.0
2023-10-06,417,South,24099,19815.0,,06:37:46,06:37:46,13,1461,Hwy 525 & Chennault Beach Rd,0.0,0.0
2023-10-06,417,South,24099,19815.0,,06:38:12,06:38:12,14,1464,Hwy 525 & Russell Rd,0.0,0.0
2023-10-06,417,South,24099,19815.0,,06:39:33,06:39:54,15,1462,Hwy 525 & Harbour Pointe Blvd SW,2.0,0.0
2023-10-06,417,South,24099,19815.0,06:36:00,06:41:14,06:41:38,16,1460,Hwy 525 & Beverly Park Rd,4.0,0.0
2023-10-06,417,South,24099,19815.0,,06:43:01,06:43:25,17,1467,Hwy 525 & Lincoln Way,3.0,0.0
2023-10-06,417,South,24099,19815.0,07:08:00,07:06:19,07:06:36,21,1909,Stewart St & 9th Ave,0.0,3.0
2023-10-06,417,South,24099,19815.0,,07:07:39,07:07:52,22,1908,Stewart St & 7th Ave,0.0,2.0
2023-10-06,417,South,24099,19815.0,,07:09:21,07:09:44,23,1907,Stewart St & 4th Ave,0.0,4.0
2023-10-06,417,South,24099,19815.0,,07:11:35,07:11:44,24,1079,2nd Ave & Stewart St,0.0,0.0
2023-10-06,417,South,24099,19815.0,07:16:00,07:14:17,07:14:30,25,2909,2nd Ave & Seneca St,0.0,2.0
2023-10-06,417,South,24099,19815.0,,07:15:43,07:15:52,26,2631,2nd Ave & Cherry St,0.0,0.0
2023-10-06,417,South,24099,19815.0,07:20:00,07:16:27,07:16:27,27,2349,2nd Ave Ext S & Yesler Way,0.0,1.0
2023-10-06,417,South,24100,15801.0,06:52:00,06:52:20,06:52:20,0,3265,Mukilteo Ferry Terminal Bay 2,3.0,0.0
2023-10-06,417,South,24100,15801.0,,06:53:24,06:53:24,1,3275,1st St & Mukilteo Station,0.0,0.0
2023-10-06,417,South,24100,15801.0,,06:55:03,06:55:03,2,1455,Hwy 525 & 3rd St,0.0,0.0
2023-10-06,417,South,24100,15801.0,,06:55:29,06:55:29,3,3281,Hwy 525 & 5th St,0.0,0.0
2023-10-06,417,South,24100,15801.0,,06:56:20,06:56:20,4,1472,Hwy 525 & Goat Trail Rd,0.0,0.0
2023-10-06,417,South,24100,15801.0,,06:57:27,06:57:27,5,1470,Hwy 525 & Clover Ln,0.0,0.0
2023-10-06,417,South,24100,15801.0,,06:58:18,06:58:18,6,1468,Hwy 525 & 76th St SW,0.0,0.0
2023-10-06,417,South,24100,15801.0,,06:58:55,06:58:55,7,1469,Hwy 525 & 80th St SW,0.0,0.0
2023-10-06,417,South,24100,15801.0,,06:59:16,06:59:16,8,1456,Hwy 525 & 81st Pl SW,0.0,0.0
2023-10-06,417,South,24100,15801.0,,06:59:54,07:00:35,9,1457,Hwy 525 & 84th St SW,1.0,0.0
2023-10-06,417,South,24100,15801.0,,07:01:17,07:01:17,10,1458,Hwy 525 & 88th St SW,0.0,0.0
2023-10-06,417,South,24100,15801.0,07:00:00,07:02:27,07:02:59,11,1459,Hwy 525 & 92nd St SW,2.0,0.0
2023-10-06,417,South,24100,15801.0,,07:05:29,07:05:29,12,1466,Hwy 525 & Harbour Pointe Blvd,0.0,0.0
2023-10-06,417,South,24100,15801.0,,07:06:28,07:07:13,13,1461,Hwy 525 & Chennault Beach Rd,1.0,0.0
2023-10-06,417,South,24100,15801.0,,07:07:45,07:07:45,14,1464,Hwy 525 & Russell Rd,0.0,0.0
2023-10-06,417,South,24100,15801.0,,07:09:26,07:10:04,15,1462,Hwy 525 & Harbour Pointe Blvd SW,2.0,0.0
2023-10-06,417,South,24100,15801.0,07:09:00,07:11:42,07:12:31,16,1460,Hwy 525 & Beverly Park Rd,6.0,0.0
2023-10-06,417,South,24100,15801.0,,07:14:00,07:14:23,17,1467,Hwy 525 & Lincoln Way,2.0,0.0
2023-10-06,417,South,24100,15801.0,07:49:00,07:42:36,07:43:04,21,1909,Stewart St & 9th Ave,0.0,7.0
2023-10-06,417,South,24100,15801.0,,07:44:08,07:44:34,22,1908,Stewart St & 7th Ave,0.0,4.0
2023-10-06,417,South,24100,15801.0,,07:46:59,07:47:19,23,1907,Stewart St & 4th Ave,0.0,2.0
2023-10-06,417,South,24100,15801.0,,07:48:53,07:49:38,24,1079,2nd Ave & Stewart St,0.0,1.0
2023-10-06,417,South,24100,15801.0,07:57:00,07:51:51,07:52:11,25,2909,2nd Ave & Seneca St,0.0,3.0
2023-10-06,417,South,24100,15801.0,,07:53:44,07:53:44,26,2631,2nd Ave & Cherry St,0.0,0.0
2023-10-06,417,South,24100,15801.0,08:01:00,07:58:54,07:58:54,27,2349,2nd Ave Ext S & Yesler Way,0.0,0.0
2023-10-06,417,South,24101,19810.0,07:53:00,07:53:14,07:53:14,0,3265,Mukilteo Ferry Terminal Bay 2,2.0,0.0
2023-10-06,417,South,24101,19810.0,,07:54:17,07:54:17,1,3275,1st St & Mukilteo Station,0.0,0.0
2023-10-06,417,South,24101,19810.0,,07:56:05,07:56:05,2,1455,Hwy 525 & 3rd St,0.0,0.0
2023-10-06,417,South,24101,19810.0,,07:56:18,07:56:18,3,3281,Hwy 525 & 5th St,0.0,0.0
2023-10-06,417,South,24101,19810.0,,07:57:15,07:57:33,4,1472,Hwy 525 & Goat Trail Rd,1.0,0.0
2023-10-06,417,South,24101,19810.0,,07:58:39,07:58:55,5,1470,Hwy 525 & Clover Ln,1.0,0.0
2023-10-06,417,South,24101,19810.0,,07:59:55,07:59:55,6,1468,Hwy 525 & 76th St SW,0.0,0.0
2023-10-06,417,South,24101,19810.0,,08:00:34,08:00:46,7,1469,Hwy 525 & 80th St SW,0.0,0.0
2023-10-06,417,South,24101,19810.0,,08:01:12,08:01:12,8,1456,Hwy 525 & 81st Pl SW,0.0,0.0
2023-10-06,417,South,24101,19810.0,,08:01:39,08:01:39,9,1457,Hwy 525 & 84th St SW,0.0,0.0
2023-10-06,417,South,24101,19810.0,,08:02:12,08:02:22,10,1458,Hwy 525 & 88th St SW,0.0,0.0
2023-10-06,417,South,24101,19810.0,08:02:00,08:03:03,08:03:14,11,1459,Hwy 525 & 92nd St SW,0.0,0.0
2023-10-06,417,South,24101,19810.0,,08:05:43,08:06:15,12,1466,Hwy 525 & Harbour Pointe Blvd,2.0,1.0
2023-10-06,417,South,24101,19810.0,,08:07:24,08:07:24,13,1461,Hwy 525 & Chennault Beach Rd,0.0,0.0
2023-10-06,417,South,24101,19810.0,,08:07:49,08:07:49,14,1464,Hwy 525 & Russell Rd,0.0,0.0
2023-10-06,417,South,24101,19810.0,,08:10:02,08:10:28,15,1462,Hwy 525 & Harbour Pointe Blvd SW,3.0,0.0
2023-10-06,417,South,24101,19810.0,08:11:00,08:12:53,08:13:13,16,1460,Hwy 525 & Beverly Park Rd,2.0,0.0
2023-10-06,417,South,24101,19810.0,,08:14:36,08:14:56,17,1467,Hwy 525 & Lincoln Way,2.0,0.0
2023-10-06,417,South,24101,19810.0,08:53:00,08:39:22,08:39:39,21,1909,Stewart St & 9th Ave,0.0,3.0
2023-10-06,417,South,24101,19810.0,,08:40:40,08:40:57,22,1908,Stewart St & 7th Ave,0.0,2.0
2023-10-06,417,South,24101,19810.0,,08:42:29,08:42:47,23,1907,Stewart St & 4th Ave,0.0,6.0
2023-10-06,417,South,24101,19810.0,,08:44:50,08:44:58,24,1079,2nd Ave & Stewart St,0.0,0.0
2023-10-06,417,South,24101,19810.0,09:04:00,08:47:27,08:47:39,25,2909,2nd Ave & Seneca St,0.0,1.0
2023-10-06,417,South,24101,19810.0,,08:49:05,08:49:18,26,2631,2nd Ave & Cherry St,0.0,0.0
2023-10-06,417,South,24101,19810.0,09:10:00,08:49:55,08:49:55,27,2349,2nd Ave Ext S & Yesler Way,0.0,0.0
2023-10-09,417,North,24094,19815.0,15:11:00,15:10:42,15:10:42,0,640,4th Ave S & S Jackson St,2.0,0.0
2023-10-09,417,North,24094,19815.0,,15:11:24,15:11:24,1,635,4th Ave S & S Washington St,0.0,0.0
2023-10-09,417,North,24094,19815.0,,15:12:52,15:13:06,2,2638,4th Ave & Cherry St,1.0,0.0
2023-10-09,417,North,24094,19815.0,,15:14:50,15:15:20,3,641,4th Ave & Seneca St,5.0,0.0
2023-10-09,417,North,24094,19815.0,15:17:00,15:16:18,15:16:57,4,2976,4th Ave & Pine St,3.0,0.0
2023-10-09,417,North,24094,19815.0,,15:18:06,15:19:03,5,473,Olive Way & 6th Ave,10.0,0.0
2023-10-09,417,North,24094,19815.0,15:21:00,15:21:10,15:21:38,6,430,Howell St & 9th Ave,3.0,0.0
2023-10-09,417,North,24094,19815.0,,15:25:04,15:25:37,7,431,Howell St & Yale Ave,2.0,0.0
2023-10-09,417,North,24094,19815.0,,15:51:45,15:52:00,11,970,Hwy 525 & Lincoln Way,0.0,1.0
2023-10-09,417,North,24094,19815.0,16:06:00,15:55:47,15:56:01,12,966,Hwy 525 & Beverly Park Rd,0.0,3.0
2023-10-09,417,North,24094,19815.0,,15:57:40,15:58:00,13,969,Hwy 525 & Harbour Pointe Blvd SW,0.0,3.0
2023-10-09,417,North,24094,19815.0,,15:59:31,15:59:31,14,974,Hwy 525 & Chennault Beach Rd,0.0,0.0
2023-10-09,417,North,24094,19815.0,,16:00:09,16:00:09,15,975,Hwy 525 & Harbour Pointe Blvd,0.0,0.0
2023-10-09,417,North,24094,19815.0,16:16:00,16:02:25,16:02:25,16,965,Hwy 525 & 92nd St SW,0.0,0.0
2023-10-09,417,North,24094,19815.0,,16:03:31,16:03:52,17,964,Hwy 525 & 84th St SW,0.0,6.0
2023-10-09,417,North,24094,19815.0,,16:04:22,16:04:22,18,963,Hwy 525 & 80th St SW,0.0,0.0
2023-10-09,417,North,24094,19815.0,,16:04:52,16:05:07,19,973,Hwy 525 & 76th St SW,0.0,0.0
2023-10-09,417,North,24094,19815.0,,16:05:54,16:05:54,20,967,Hwy 525 & Clover Ln,0.0,0.0
2023-10-09,417,North,24094,19815.0,,16:06:18,16:06:18,21,972,Hwy 525 & 15th Pl,0.0,0.0
2023-10-09,417,North,24094,19815.0,,16:06:46,16:06:59,22,968,Hwy 525 & Goat Trail Rd,0.0,1.0
2023-10-09,417,North,24094,19815.0,,16:08:34,16:08:45,23,3280,Hwy 525 & 5th St,0.0,1.0
2023-10-09,417,North,24094,19815.0,,16:10:30,16:10:43,24,3274,1st St & Mukilteo Station,0.0,2.0
2023-10-09,417,North,24094,19815.0,16:30:00,16:11:45,16:11:45,25,3265,Mukilteo Ferry Terminal Bay 2,0.0,9.0
2023-10-09,417,North,24095,17864.0,16:11:00,16:13:31,16:13:31,0,640,4th Ave S & S Jackson St,2.0,0.0
2023-10-09,417,North,24095,17864.0,,16:14:12,16:14:12,1,635,4th Ave S & S Washington St,0.0,0.0
2023-10-09,417,North,24095,17864.0,,16:16:01,16:16:25,2,2638,4th Ave & Cherry St,1.0,0.0
2023-10-09,417,North,24095,17864.0,,16:19:16,16:19:42,3,641,4th Ave & Seneca St,3.0,0.0
2023-10-09,417,North,24095,17864.0,16:17:00,16:20:49,16:21:23,4,2976,4th Ave & Pine St,1.0,0.0
2023-10-09,417,North,24095,17864.0,,16:22:31,16:23:32,5,473,Olive Way & 6th Ave,3.0,1.0
2023-10-09,417,North,24095,17864.0,16:21:00,16:25:07,16:25:42,6,430,Howell St & 9th Ave,6.0,0.0
2023-10-09,417,North,24095,17864.0,,16:29:36,16:29:59,7,431,Howell St & Yale Ave,1.0,1.0
2023-10-09,417,North,24095,17864.0,,17:02:48,17:02:57,11,970,Hwy 525 & Lincoln Way,0.0,0.0
2023-10-09,417,North,24095,17864.0,17:08:00,17:04:49,17:05:15,12,966,Hwy 525 & Beverly Park Rd,0.0,3.0
2023-10-09,417,North,24095,17864.0,,17:06:24,17:06:51,13,969,Hwy 525 & Harbour Pointe Blvd SW,0.0,5.0
2023-10-09,417,North,24095,17864.0,,17:08:23,17:08:41,14,974,Hwy 525 & Chennault Beach Rd,0.0,1.0
2023-10-09,417,North,24095,17864.0,,17:09:37,17:09:52,15,975,Hwy 525 & Harbour Pointe Blvd,0.0,1.0
2023-10-09,417,North,24095,17864.0,17:18:00,17:12:34,17:13:37,16,965,Hwy 525 & 92nd St SW,0.0,3.0
2023-10-09,417,North,24095,17864.0,,17:14:55,17:15:25,17,964,Hwy 525 & 84th St SW,0.0,1.0
2023-10-09,417,North,24095,17864.0,,17:16:01,17:16:01,18,963,Hwy 525 & 80th St SW,0.0,0.0
2023-10-09,417,North,24095,17864.0,,17:16:25,17:16:25,19,973,Hwy 525 & 76th St SW,0.0,0.0
2023-10-09,417,North,24095,17864.0,,17:17:08,17:17:08,20,967,Hwy 525 & Clover Ln,0.0,0.0
2023-10-09,417,North,24095,17864.0,,17:17:34,17:17:34,21,972,Hwy 525 & 15th Pl,0.0,0.0
2023-10-09,417,North,24095,17864.0,,17:17:53,17:17:53,22,968,Hwy 525 & Goat Trail Rd,0.0,0.0
2023-10-09,417,North,24095,17864.0,,17:18:46,17:18:46,23,3280,Hwy 525 & 5th St,0.0,0.0
2023-10-09,417,North,24095,17864.0,,17:20:18,17:20:40,24,3274,1st St & Mukilteo Station,0.0,1.0
2023-10-09,417,North,24095,17864.0,17:31:00,17:21:55,17:21:55,25,3265,Mukilteo Ferry Terminal Bay 2,0.0,0.0
2023-10-09,417,North,24096,15800.0,17:22:00,17:22:54,17:22:54,0,640,4th Ave S & S Jackson St,1.0,0.0
2023-10-09,417,North,24096,15800.0,,17:24:30,17:24:40,1,635,4th Ave S & S Washington St,0.0,0.0
2023-10-09,417,North,24096,15800.0,,17:25:37,17:25:53,2,2638,4th Ave & Cherry St,0.0,0.0
2023-10-09,417,North,24096,15800.0,,17:28:48,17:29:55,3,641,4th Ave & Seneca St,3.0,0.0
2023-10-09,417,North,24096,15800.0,17:28:00,17:31:18,17:32:25,4,2976,4th Ave & Pine St,2.0,0.0
2023-10-09,417,North,24096,15800.0,,17:34:17,17:35:33,5,473,Olive Way & 6th Ave,3.0,0.0
2023-10-09,417,North,24096,15800.0,17:32:00,17:37:06,17:37:35,6,430,Howell St & 9th Ave,4.0,0.0
2023-10-09,417,North,24096,15800.0,,17:41:33,17:42:01,7,431,Howell St & Yale Ave,4.0,0.0
2023-10-09,417,North,24096,15800.0,,18:09:34,18:09:56,11,970,Hwy 525 & Lincoln Way,0.0,6.0
2023-10-09,417,North,24096,15800.0,18:14:00,18:12:50,18:13:13,12,966,Hwy 525 & Beverly Park Rd,1.0,5.0
2023-10-09,417,North,24096,15800.0,,18:14:29,18:14:29,13,969,Hwy 525 & Harbour Pointe Blvd SW,0.0,0.0
2023-10-09,417,North,24096,15800.0,,18:15:42,18:15:42,14,974,Hwy 525 & Chennault Beach Rd,0.0,0.0
2023-10-09,417,North,24096,15800.0,,18:16:31,18:16:31,15,975,Hwy 525 & Harbour Pointe Blvd,0.0,0.0
2023-10-09,417,North,24096,15800.0,18:22:00,18:17:59,18:18:23,16,965,Hwy 525 & 92nd St SW,0.0,3.0
2023-10-09,417,North,24096,15800.0,,18:19:37,18:19:59,17,964,Hwy 525 & 84th St SW,0.0,2.0
2023-10-09,417,North,24096,15800.0,,18:20:33,18:20:33,18,963,Hwy 525 & 80th St SW,0.0,0.0
2023-10-09,417,North,24096,15800.0,,18:20:59,18:20:59,19,973,Hwy 525 & 76th St SW,0.0,0.0
2023-10-09,417,North,24096,15800.0,,18:21:57,18:22:15,20,967,Hwy 525 & Clover Ln,0.0,1.0
2023-10-09,417,North,24096,15800.0,,18:22:56,18:22:56,21,972,Hwy 525 & 15th Pl,0.0,0.0
2023-10-09,417,North,24096,15800.0,,18:23:28,18:23:53,22,968,Hwy 525 & Goat Trail Rd,0.0,1.0
2023-10-09,417,North,24096,15800.0,,18:25:09,18:25:09,23,3280,Hwy 525 & 5th St,0.0,0.0
2023-10-09,417,North,24096,15800.0,,18:26:59,18:26:59,24,3274,1st St & Mukilteo Station,0.0,0.0
2023-10-09,417,North,24096,15800.0,18:31:00,18:28:00,18:28:00,25,3265,Mukilteo Ferry Terminal Bay 2,0.0,0.0
2023-10-09,417,North,24097,15819.0,17:55:00,17:55:37,17:55:37,0,640,4th Ave S & S Jackson St,3.0,0.0
2023-10-09,417,North,24097,15819.0,,17:56:43,17:56:50,1,635,4th Ave S & S Washington St,0.0,0.0
2023-10-09,417,North,24097,15819.0,,17:57:55,17:58:09,2,2638,4th Ave & Cherry St,0.0,0.0
2023-10-09,417,North,24097,15819.0,,17:59:35,17:59:58,3,641,4th Ave & Seneca St,1.0,0.0
2023-10-09,417,North,24097,15819.0,18:00:00,18:01:20,18:01:43,4,2976,4th Ave & Pine St,1.0,0.0
2023-10-09,417,North,24097,15819.0,,18:02:52,18:03:57,5,473,Olive Way & 6th Ave,0.0,0.0
2023-10-09,417,North,24097,15819.0,18:04:00,18:05:31,18:05:45,6,430,Howell St & 9th Ave,0.0,2.0
2023-10-09,417,North,24097,15819.0,,18:10:02,18:10:12,7,431,Howell St & Yale Ave,0.0,0.0
2023-10-09,417,North,24097,15819.0,,18:33:44,18:33:44,11,970,Hwy 525 & Lincoln Way,0.0,0.0
2023-10-09,417,North,24097,15819.0,18:38:00,18:36:10,18:36:10,12,966,Hwy 525 & Beverly Park Rd,0.0,0.0
2023-10-09,417,North,24097,15819.0,,18:37:09,18:37:23,13,969,Hwy 525 & Harbour Pointe Blvd SW,0.0,1.0
2023-10-09,417,North,24097,15819.0,,18:38:51,18:38:51,14,974,Hwy 525 & Chennault Beach Rd,0.0,0.0
2023-10-09,417,North,24097,15819.0,,18:39:33,18:39:33,15,975,Hwy 525 & Harbour Pointe Blvd,0.0,0.0
2023-10-09,417,North,24097,15819.0,18:46:00,18:41:29,18:41:49,16,965,Hwy 525 & 92nd St SW,0.0,2.0
2023-10-09,417,North,24097,15819.0,,18:43:29,18:43:29,17,964,Hwy 525 & 84th St SW,0.0,0.0
2023-10-09,417,North,24097,15819.0,,18:43:54,18:43:54,18,963,Hwy 525 & 80th St SW,0.0,0.0
2023-10-09,417,North,24097,15819.0,,18:44:15,18:44:15,19,973,Hwy 525 & 76th St SW,0.0,0.0
2023-10-09,417,North,24097,15819.0,,18:44:58,18:44:58,20,967,Hwy 525 & Clover Ln,0.0,0.0
2023-10-09,417,North,24097,15819.0,,18:45:24,18:45:24,21,972,Hwy 525 & 15th Pl,0.0,0.0
2023-10-09,417,North,24097,15819.0,,18:45:41,18:45:41,22,968,Hwy 525 & Goat Trail Rd,0.0,0.0
2023-10-09,417,North,24097,15819.0,,18:46:46,18:46:46,23,3280,Hwy 525 & 5th St,0.0,0.0
2023-10-09,417,North,24097,15819.0,,18:48:14,18:48:14,24,3274,1st St & Mukilteo Station,0.0,0.0
2023-10-09,417,North,24097,15819.0,18:55:00,18:49:07,18:49:07,25,3265,Mukilteo Ferry Terminal Bay 2,0.0,0.0
2023-10-09,417,South,24098,19852.0,05:51:00,05:57:08,05:57:08,0,3265,Mukilteo Ferry Terminal Bay 2,5.0,0.0
2023-10-09,417,South,24098,19852.0,,,,1,3275,1st St & Mukilteo Station,,
2023-10-09,417,South,24098,19852.0,,05:58:01,05:58:01,2,1455,Hwy 525 & 3rd St,0.0,0.0
2023-10-09,417,South,24098,19852.0,,05:58:08,05:58:08,3,3281,Hwy 525 & 5th St,0.0,0.0
2023-10-09,417,South,24098,19852.0,,05:58:47,05:58:47,4,1472,Hwy 525 & Goat Trail Rd,0.0,0.0
2023-10-09,417,South,24098,19852.0,,05:59:35,05:59:35,5,1470,Hwy 525 & Clover Ln,0.0,0.0
2023-10-09,417,South,24098,19852.0,,06:00:19,06:00:19,6,1468,Hwy 525 & 76th St SW,0.0,0.0
2023-10-09,417,South,24098,19852.0,,06:00:47,06:00:47,7,1469,Hwy 525 & 80th St SW,0.0,0.0
2023-10-09,417,South,24098,19852.0,,06:01:08,06:01:36,8,1456,Hwy 525 & 81st Pl SW,1.0,0.0
2023-10-09,417,South,24098,19852.0,,06:02:10,06:02:29,9,1457,Hwy 525 & 84th St SW,2.0,0.0
2023-10-09,417,South,24098,19852.0,,06:03:05,06:03:05,10,1458,Hwy 525 & 88th St SW,0.0,0.0
2023-10-09,417,South,24098,19852.0,05:58:00,06:03:56,06:04:14,11,1459,Hwy 525 & 92nd St SW,1.0,0.0
2023-10-09,417,South,24098,19852.0,,06:05:57,06:05:57,12,1466,Hwy 525 & Harbour Pointe Blvd,0.0,0.0
2023-10-09,417,South,24098,19852.0,,06:06:46,06:07:16,13,1461,Hwy 525 & Chennault Beach Rd,2.0,0.0
2023-10-09,417,South,24098,19852.0,,06:07:52,06:07:52,14,1464,Hwy 525 & Russell Rd,0.0,0.0
2023-10-09,417,South,24098,19852.0,,06:08:51,06:09:16,15,1462,Hwy 525 & Harbour Pointe Blvd SW,1.0,0.0
2023-10-09,417,South,24098,19852.0,06:05:00,06:10:40,06:11:00,16,1460,Hwy 525 & Beverly Park Rd,1.0,0.0
2023-10-09,417,South,24098,19852.0,,06:12:12,06:12:51,17,1467,Hwy 525 & Lincoln Way,2.0,0.0
2023-10-09,417,South,24098,19852.0,06:33:00,06:35:04,06:35:56,21,1909,Stewart St & 9th Ave,0.0,5.0
2023-10-09,417,South,24098,19852.0,,06:36:27,06:36:47,22,1908,Stewart St & 7th Ave,0.0,2.0
2023-10-09,417,South,24098,19852.0,,06:39:19,06:39:34,23,1907,Stewart St & 4th Ave,0.0,1.0
2023-10-09,417,South,24098,19852.0,,06:41:02,06:41:18,24,1079,2nd Ave & Stewart St,0.0,2.0
2023-10-09,417,South,24098,19852.0,06:41:00,06:43:58,06:45:10,25,2909,2nd Ave & Seneca St,0.0,5.0
2023-10-09,417,South,24098,19852.0,,06:46:17,06:46:17,26,2631,2nd Ave & Cherry St,0.0,0.0
2023-10-09,417,South,24098,19852.0,06:45:00,06:46:54,06:46:54,27,2349,2nd Ave Ext S & Yesler Way,0.0,0.0
2023-10-09,417,South,24099,19819.0,06:22:00,06:24:48,06:24:48,0,3265,Mukilteo Ferry Terminal Bay 2,2.0,0.0
2023-10-09,417,South,24099,19819.0,,06:25:44,06:25:44,1,3275,1st St & Mukilteo Station,0.0,0.0
2023-10-09,417,South,24099,19819.0,,06:27:29,06:27:29,2,1455,Hwy 525 & 3rd St,0.0,0.0
2023-10-09,417,South,24099,19819.0,,06:27:39,06:27:39,3,3281,Hwy 525 & 5th St,0.0,0.0
2023-10-09,417,South,24099,19819.0,,06:28:33,06:28:48,4,1472,Hwy 525 & Goat Trail Rd,1.0,0.0
2023-10-09,417,South,24099,19819.0,,06:29:53,06:29:53,5,1470,Hwy 525 & Clover Ln,0.0,0.0
2023-10-09,417,South,24099,19819.0,,06:30:44,06:31:00,6,1468,Hwy 525 & 76th St SW,1.0,0.0
2023-10-09,417,South,24099,19819.0,,06:31:39,06:31:39,7,1469,Hwy 525 & 80th St SW,0.0,0.0
2023-10-09,417,South,24099,19819.0,,06:31:59,06:31:59,8,1456,Hwy 525 & 81st Pl SW,0.0,0.0
2023-10-09,417,South,24099,19819.0,,06:32:27,06:32:43,9,1457,Hwy 525 & 84th St SW,1.0,0.0
2023-10-09,417,South,24099,19819.0,,06:33:26,06:33:26,10,1458,Hwy 525 & 88th St SW,0.0,0.0
2023-10-09,417,South,24099,19819.0,06:29:00,06:34:14,06:34:28,11,1459,Hwy 525 & 92nd St SW,2.0,0.0
2023-10-09,417,South,24099,19819.0,,06:36:36,06:36:36,12,1466,Hwy 525 & Harbour Pointe Blvd,0.0,0.0
2023-10-09,417,South,24099,19819.0,,06:37:29,06:37:29,13,1461,Hwy 525 & Chennault Beach Rd,0.0,0.0
2023-10-09,417,South,24099,19819.0,,06:37:52,06:37:52,14,1464,Hwy 525 & Russell Rd,0.0,0.0
2023-10-09,417,South,24099,19819.0,,06:38:57,06:39:16,15,1462,Hwy 525 & Harbour Pointe Blvd SW,1.0,0.0
2023-10-09,417,South,24099,19819.0,06:36:00,06:41:51,06:42:25,16,1460,Hwy 525 & Beverly Park Rd,3.0,0.0
2023-10-09,417,South,24099,19819.0,,06:43:43,06:43:56,17,1467,Hwy 525 & Lincoln Way,1.0,0.0
2023-10-09,417,South,24099,19819.0,07:08:00,07:08:10,07:08:24,21,1909,Stewart St & 9th Ave,0.0,2.0
2023-10-09,417,South,24099,19819.0,,07:09:08,07:09:24,22,1908,Stewart St & 7th Ave,0.0,2.0
2023-10-09,417,South,24099,19819.0,,07:10:49,07:11:12,23,1907,Stewart St & 4th Ave,0.0,3.0
2023-10-09,417,South,24099,19819.0,,07:12:43,07:12:55,24,1079,2nd Ave & Stewart St,0.0,0.0
2023-10-09,417,South,24099,19819.0,07:16:00,07:15:27,07:15:52,25,2909,2nd Ave & Seneca St,0.0,4.0
2023-10-09,417,South,24099,19819.0,,07:17:03,07:17:13,26,2631,2nd Ave & Cherry St,0.0,0.0
2023-10-09,417,South,24099,19819.0,07:20:00,07:17:57,07:17:57,27,2349,2nd Ave Ext S & Yesler Way,0.0,1.0
2023-10-09,417,South,24100,17859.0,06:52:00,06:52:39,06:52:39,0,3265,Mukilteo Ferry Terminal Bay 2,2.0,0.0
2023-10-09,417,South,24100,17859.0,,06:54:07,06:54:32,1,3275,1st St & Mukilteo Station,2.0,0.0
2023-10-09,417,South,24100,17859.0,,06:56:09,06:56:28,2,1455,Hwy 525 & 3rd St,1.0,0.0
2023-10-09,417,South,24100,17859.0,,06:56:43,06:56:43,3,3281,Hwy 525 & 5th St,0.0,0.0
2023-10-09,417,South,24100,17859.0,,06:57:30,06:57:30,4,1472,Hwy 525 & Goat Trail Rd,0.0,0.0
2023-10-09,417,South,24100,17859.0,,06:58:30,06:58:30,5,1470,Hwy 525 & Clover Ln,0.0,0.0
2023-10-09,417,South,24100,17859.0,,06:59:16,06:59:16,6,1468,Hwy 525 & 76th St SW,0.0,0.0
2023-10-09,417,South,24100,17859.0,,06:59:50,06:59:50,7,1469,Hwy 525 & 80th St SW,0.0,0.0
2023-10-09,417,South,24100,17859.0,,07:00:16,07:00:49,8,1456,Hwy 525 & 81st Pl SW,1.0,0.0
2023-10-09,417,South,24100,17859.0,,07:01:33,07:01:33,9,1457,Hwy 525 & 84th St SW,0.0,0.0
2023-10-09,417,South,24100,17859.0,,07:02:07,07:02:07,10,1458,Hwy 525 & 88th St SW,0.0,0.0
2023-10-09,417,South,24100,17859.0,07:00:00,07:03:07,07:03:34,11,1459,Hwy 525 & 92nd St SW,2.0,0.0
2023-10-09,417,South,24100,17859.0,,07:06:21,07:06:41,12,1466,Hwy 525 & Harbour Pointe Blvd,1.0,0.0
2023-10-09,417,South,24100,17859.0,,07:07:40,07:07:40,13,1461,Hwy 525 & Chennault Beach Rd,0.0,0.0
2023-10-09,417,South,24100,17859.0,,07:08:03,07:08:03,14,1464,Hwy 525 & Russell Rd,0.0,0.0
2023-10-09,417,South,24100,17859.0,,07:09:43,07:10:07,15,1462,Hwy 525 & Harbour Pointe Blvd SW,2.0,0.0
2023-10-09,417,South,24100,17859.0,07:09:00,07:12:09,07:12:40,16,1460,Hwy 525 & Beverly Park Rd,6.0,0.0
2023-10-09,417,South,24100,17859.0,,07:14:03,07:14:27,17,1467,Hwy 525 & Lincoln Way,1.0,0.0
2023-10-09,417,South,24100,17859.0,07:49:00,07:44:21,07:44:51,21,1909,Stewart St & 9th Ave,0.0,5.0
2023-10-09,417,South,24100,17859.0,,07:45:23,07:45:56,22,1908,Stewart St & 7th Ave,0.0,8.0
2023-10-09,417,South,24100,17859.0,,07:48:21,07:48:43,23,1907,Stewart St & 4th Ave,0.0,3.0
2023-10-09,417,South,24100,17859.0,,07:50:09,07:50:29,24,1079,2nd Ave & Stewart St,0.0,1.0
2023-10-09,417,South,24100,17859.0,07:57:00,07:53:19,07:53:42,25,2909,2nd Ave & Seneca St,0.0,1.0
2023-10-09,417,South,24100,17859.0,,07:54:39,07:54:39,26,2631,2nd Ave & Cherry St,0.0,0.0
2023-10-09,417,South,24100,17859.0,08:01:00,07:55:12,07:55:12,27,2349,2nd Ave Ext S & Yesler Way,0.0,0.0
2023-10-09,417,South,24101,19852.0,07:53:00,07:53:36,07:53:36,0,3265,Mukilteo Ferry Terminal Bay 2,3.0,0.0
2023-10-09,417,South,24101,19852.0,,07:54:39,07:54:39,1,3275,1st St & Mukilteo Station,0.0,0.0
2023-10-09,417,South,24101,19852.0,,07:56:37,07:56:37,2,1455,Hwy 525 & 3rd St,0.0,0.0
2023-10-09,417,South,24101,19852.0,,07:56:45,07:56:45,3,3281,Hwy 525 & 5th St,0.0,0.0
2023-10-09,417,South,24101,19852.0,,07:57:31,07:58:06,4,1472,Hwy 525 & Goat Trail Rd,1.0,0.0
2023-10-09,417,South,24101,19852.0,,07:59:09,07:59:09,5,1470,Hwy 525 & Clover Ln,0.0,0.0
2023-10-09,417,South,24101,19852.0,,08:01:30,08:01:30,6,1468,Hwy 525 & 76th St SW,0.0,0.0
2023-10-09,417,South,24101,19852.0,,08:02:13,08:02:13,7,1469,Hwy 525 & 80th St SW,0.0,0.0
2023-10-09,417,South,24101,19852.0,,08:02:35,08:03:18,8,1456,Hwy 525 & 81st Pl SW,1.0,0.0
2023-10-09,417,South,24101,19852.0,,08:03:50,08:04:32,9,1457,Hwy 525 & 84th St SW,3.0,0.0
2023-10-09,417,South,24101,19852.0,,08:05:06,08:05:06,10,1458,Hwy 525 & 88th St SW,0.0,0.0
2023-10-09,417,South,24101,19852.0,08:02:00,08:05:48,08:05:48,11,1459,Hwy 525 & 92nd St SW,0.0,0.0
2023-10-09,417,South,24101,19852.0,,08:08:10,08:08:10,12,1466,Hwy 525 & Harbour Pointe Blvd,0.0,0.0
2023-10-09,417,South,24101,19852.0,,08:09:30,08:09:47,13,1461,Hwy 525 & Chennault Beach Rd,1.0,0.0
2023-10-09,417,South,24101,19852.0,,08:10:14,08:10:14,14,1464,Hwy 525 & Russell Rd,0.0,0.0
2023-10-09,417,South,24101,19852.0,,08:11:53,08:12:20,15,1462,Hwy 525 & Harbour Pointe Blvd SW,2.0,0.0
2023-10-09,417,South,24101,19852.0,08:11:00,08:15:01,08:15:32,16,1460,Hwy 525 & Beverly Park Rd,4.0,0.0
2023-10-09,417,South,24101,19852.0,,08:16:46,08:17:45,17,1467,Hwy 525 & Lincoln Way,4.0,0.0
2023-10-09,417,South,24101,19852.0,08:53:00,08:43:37,08:44:22,21,1909,Stewart St & 9th Ave,0.0,10.0
2023-10-09,417,South,24101,19852.0,,08:45:20,08:45:47,22,1908,Stewart St & 7th Ave,0.0,5.0
2023-10-09,417,South,24101,19852.0,,08:48:16,08:48:36,23,1907,Stewart St & 4th Ave,0.0,2.0
2023-10-09,417,South,24101,19852.0,,08:50:04,08:50:04,24,1079,2nd Ave & Stewart St,0.0,0.0
2023-10-09,417,South,24101,19852.0,09:04:00,08:52:52,08:53:13,25,2909,2nd Ave & Seneca St,0.0,1.0
2023-10-09,417,South,24101,19852.0,,08:54:20,08:54:36,26,2631,2nd Ave & Cherry St,0.0,1.0
2023-10-09,417,South,24101,19852.0,09:10:00,08:56:15,08:56:15,27,2349,2nd Ave Ext S & Yesler Way,0.0,0.0
2023-10-10,417,North,24094,19814.0,15:11:00,15:11:06,15:11:06,0,640,4th Ave S & S Jackson St,2.0,0.0
2023-10-10,417,North,24094,19814.0,,15:12:04,15:12:04,1,635,4th Ave S & S Washington St,0.0,0.0
2023-10-10,417,North,24094,19814.0,,15:13:12,15:13:37,2,2638,4th Ave & Cherry St,3.0,0.0
2023-10-10,417,North,24094,19814.0,,15:14:58,15:16:15,3,641,4th Ave & Seneca St,3.0,1.0
2023-10-10,417,North,24094,19814.0,15:17:00,15:17:26,15:18:26,4,2976,4th Ave & Pine St,5.0,0.0
2023-10-10,417,North,24094,19814.0,,15:19:35,15:20:36,5,473,Olive Way & 6th Ave,9.0,0.0
2023-10-10,417,North,24094,19814.0,15:21:00,15:22:06,15:22:23,6,430,Howell St & 9th Ave,1.0,0.0
2023-10-10,417,North,24094,19814.0,,15:26:29,15:26:56,7,431,Howell St & Yale Ave,3.0,0.0
2023-10-10,417,North,24094,19814.0,,15:55:47,15:56:00,11,970,Hwy 525 & Lincoln Way,0.0,1.0
2023-10-10,417,North,24094,19814.0,16:06:00,16:00:42,16:01:03,12,966,Hwy 525 & Beverly Park Rd,1.0,2.0
2023-10-10,417,North,24094,19814.0,,16:02:08,16:02:26,13,969,Hwy 525 & Harbour Pointe Blvd SW,0.0,3.0
2023-10-10,417,North,24094,19814.0,,16:03:39,16:03:39,14,974,Hwy 525 & Chennault Beach Rd,0.0,0.0
2023-10-10,417,North,24094,19814.0,,16:04:51,16:05:05,15,975,Hwy 525 & Harbour Pointe Blvd,0.0,1.0
2023-10-10,417,North,24094,19814.0,16:16:00,16:07:55,16:08:18,16,965,Hwy 525 & 92nd St SW,0.0,3.0
2023-10-10,417,North,24094,19814.0,,16:09:45,16:10:04,17,964,Hwy 525 & 84th St SW,0.0,2.0
2023-10-10,417,North,24094,19814.0,,16:10:34,16:10:34,18,963,Hwy 525 & 80th St SW,0.0,0.0
2023-10-10,417,North,24094,19814.0,,16:11:02,16:11:17,19,973,Hwy 525 & 76th St SW,0.0,1.0
2023-10-10,417,North,24094,19814.0,,16:12:12,16:12:27,20,967,Hwy 525 & Clover Ln,1.0,0.0
2023-10-10,417,North,24094,19814.0,,16:12:58,16:12:58,21,972,Hwy 525 & 15th Pl,0.0,0.0
2023-10-10,417,North,24094,19814.0,,16:13:32,16:13:48,22,968,Hwy 525 & Goat Trail Rd,0.0,2.0
2023-10-10,417,North,24094,19814.0,,16:14:59,16:14:59,23,3280,Hwy 525 & 5th St,0.0,0.0
2023-10-10,417,North,24094,19814.0,,16:16:24,16:16:24,24,3274,1st St & Mukilteo Station,0.0,0.0
2023-10-10,417,North,24094,19814.0,16:30:00,16:17:15,16:17:15,25,3265,Mukilteo Ferry Terminal Bay 2,0.0,12.0
2023-10-10,417,North,24095,15814.0,16:11:00,16:11:48,16:11:48,0,640,4th Ave S & S Jackson St,1.0,0.0
2023-10-10,417,North,24095,15814.0,,16:12:33,16:12:40,1,635,4th Ave S & S Washington St,0.0,0.0
2023-10-10,417,North,24095,15814.0,,16:14:42,16:15:32,2,2638,4th Ave & Cherry St,7.0,1.0
2023-10-10,417,North,24095,15814.0,,16:17:55,16:19:15,3,641,4th Ave & Seneca St,6.0,0.0
2023-10-10,417,North,24095,15814.0,16:17:00,16:20:48,16:21:25,4,2976,4th Ave & Pine St,0.0,0.0
2023-10-10,417,North,24095,15814.0,,16:22:40,16:24:24,5,473,Olive Way & 6th Ave,5.0,0.0
2023-10-10,417,North,24095,15814.0,16:21:00,16:25:39,16:26:28,6,430,Howell St & 9th Ave,11.0,2.0
2023-10-10,417,North,24095,15814.0,,16:31:02,16:31:33,7,431,Howell St & Yale Ave,3.0,1.0
2023-10-10,417,North,24095,15814.0,,17:10:57,17:11:23,11,970,Hwy 525 & Lincoln Way,0.0,4.0
2023-10-10,417,North,24095,15814.0,17:08:00,17:13:41,17:14:14,12,966,Hwy 525 & Beverly Park Rd,0.0,9.0
2023-10-10,417,North,24095,15814.0,,17:15:52,17:16:29,13,969,Hwy 525 & Harbour Pointe Blvd SW,0.0,7.0
2023-10-10,417,North,24095,15814.0,,17:17:33,17:17:33,14,974,Hwy 525 & Chennault Beach Rd,0.0,0.0
2023-10-10,417,North,24095,15814.0,,17:18:49,17:18:49,15,975,Hwy 525 & Harbour Pointe Blvd,0.0,0.0
2023-10-10,417,North,24095,15814.0,17:18:00,17:21:08,17:21:45,16,965,Hwy 525 & 92nd St SW,0.0,2.0
2023-10-10,417,North,24095,15814.0,,17:23:36,17:24:08,17,964,Hwy 525 & 84th St SW,0.0,4.0
2023-10-10,417,North,24095,15814.0,,17:24:36,17:24:36,18,963,Hwy 525 & 80th St SW,0.0,0.0
2023-10-10,417,North,24095,15814.0,,17:24:58,17:24:58,19,973,Hwy 525 & 76th St SW,0.0,0.0
2023-10-10,417,North,24095,15814.0,,17:25:38,17:25:38,20,967,Hwy 525 & Clover Ln,0.0,0.0
2023-10-10,417,North,24095,15814.0,,17:26:03,17:26:03,21,972,Hwy 525 & 15th Pl,0.0,0.0
2023-10-10,417,North,24095,15814.0,,17:26:32,17:26:58,22,968,Hwy 525 & Goat Trail Rd,0.0,1.0
2023-10-10,417,North,24095,15814.0,,17:28:22,17:28:22,23,3280,Hwy 525 & 5th St,0.0,0.0
2023-10-10,417,North,24095,15814.0,,17:30:48,17:31:03,24,3274,1st St & Mukilteo Station,0.0,1.0
2023-10-10,417,North,24095,15814.0,17:31:00,17:32:00,17:32:00,25,3265,Mukilteo Ferry Terminal Bay 2,0.0,1.0
2023-10-10,417,North,24096,15802.0,17:22:00,17:23:23,17:23:23,0,640,4th Ave S & S Jackson St,3.0,0.0
2023-10-10,417,North,24096,15802.0,,17:24:24,17:24:33,1,635,4th Ave S & S Washington St,0.0,0.0
2023-10-10,417,North,24096,15802.0,,17:25:43,17:25:56,2,2638,4th Ave & Cherry St,0.0,1.0
2023-10-10,417,North,24096,15802.0,,17:28:01,17:28:35,3,641,4th Ave & Seneca St,4.0,0.0
2023-10-10,417,North,24096,15802.0,17:28:00,17:30:38,17:31:02,4,2976,4th Ave & Pine St,3.0,0.0
2023-10-10,417,North,24096,15802.0,,17:32:47,17:34:05,5,473,Olive Way & 6th Ave,5.0,1.0
2023-10-10,417,North,24096,15802.0,17:32:00,17:36:24,17:37:08,6,430,Howell St & 9th Ave,3.0,0.0
2023-10-10,417,North,24096,15802.0,,17:41:28,17:42:12,7,431,Howell St & Yale Ave,7.0,0.0
2023-10-10,417,North,24096,15802.0,,18:13:51,18:14:22,11,970,Hwy 525 & Lincoln Way,0.0,7.0
2023-10-10,417,North,24096,15802.0,18:14:00,18:16:30,18:16:53,12,966,Hwy 525 & Beverly Park Rd,0.0,4.0
2023-10-10,417,North,24096,15802.0,,18:18:06,18:18:33,13,969,Hwy 525 & Harbour Pointe Blvd SW,0.0,5.0
2023-10-10,417,North,24096,15802.0,,18:19:49,18:19:49,14,974,Hwy 525 & Chennault Beach Rd,0.0,0.0
2023-10-10,417,North,24096,15802.0,,18:20:50,18:21:02,15,975,Hwy 525 & Harbour Pointe Blvd,0.0,1.0
2023-10-10,417,North,24096,15802.0,18:22:00,18:23:18,18:23:40,16,965,Hwy 525 & 92nd St SW,0.0,2.0
2023-10-10,417,North,24096,15802.0,,18:25:12,18:25:43,17,964,Hwy 525 & 84th St SW,0.0,3.0
2023-10-10,417,North,24096,15802.0,,18:26:20,18:26:20,18,963,Hwy 525 & 80th St SW,0.0,0.0
2023-10-10,417,North,24096,15802.0,,18:26:44,18:26:44,19,973,Hwy 525 & 76th St SW,0.0,0.0
2023-10-10,417,North,24096,15802.0,,18:27:32,18:27:32,20,967,Hwy 525 & Clover Ln,0.0,0.0
2023-10-10,417,North,24096,15802.0,,18:28:01,18:28:01,21,972,Hwy 525 & 15th Pl,0.0,0.0
2023-10-10,417,North,24096,15802.0,,18:28:21,18:28:21,22,968,Hwy 525 & Goat Trail Rd,0.0,0.0
2023-10-10,417,North,24096,15802.0,,18:29:40,18:29:40,23,3280,Hwy 525 & 5th St,0.0,0.0
2023-10-10,417,North,24096,15802.0,,18:31:25,18:31:25,24,3274,1st St & Mukilteo Station,0.0,0.0
2023-10-10,417,North,24096,15802.0,18:31:00,18:32:25,18:32:25,25,3265,Mukilteo Ferry Terminal Bay 2,0.0,1.0
2023-10-10,417,North,24097,15816.0,17:55:00,17:55:22,17:55:22,0,640,4th Ave S & S Jackson St,0.0,0.0
2023-10-10,417,North,24097,15816.0,,17:56:06,17:56:16,1,635,4th Ave S & S Washington St,0.0,0.0
2023-10-10,417,North,24097,15816.0,,17:57:55,17:58:02,2,2638,4th Ave & Cherry St,0.0,0.0
2023-10-10,417,North,24097,15816.0,,17:59:34,18:00:16,3,641,4th Ave & Seneca St,1.0,0.0
2023-10-10,417,North,24097,15816.0,18:00:00,18:02:11,18:02:37,4,2976,4th Ave & Pine St,1.0,0.0
2023-10-10,417,North,24097,15816.0,,18:04:26,18:04:35,5,473,Olive Way & 6th Ave,0.0,0.0
2023-10-10,417,North,24097,15816.0,18:04:00,18:08:02,18:08:34,6,430,Howell St & 9th Ave,4.0,0.0
2023-10-10,417,North,24097,15816.0,,18:11:57,18:12:10,7,431,Howell St & Yale Ave,0.0,0.0
2023-10-10,417,North,24097,15816.0,,18:39:37,18:39:37,11,970,Hwy 525 & Lincoln Way,0.0,0.0
2023-10-10,417,North,24097,15816.0,18:38:00,18:42:30,18:42:48,12,966,Hwy 525 & Beverly Park Rd,0.0,2.0
2023-10-10,417,North,24097,15816.0,,18:43:52,18:43:52,13,969,Hwy 525 & Harbour Pointe Blvd SW,0.0,0.0
2023-10-10,417,North,24097,15816.0,,18:44:58,18:44:58,14,974,Hwy 525 & Chennault Beach Rd,0.0,0.0
2023-10-10,417,North,24097,15816.0,,18:45:35,18:45:35,15,975,Hwy 525 & Harbour Pointe Blvd,0.0,0.0
2023-10-10,417,North,24097,15816.0,18:46:00,18:47:42,18:48:17,16,965,Hwy 525 & 92nd St SW,0.0,3.0
2023-10-10,417,North,24097,15816.0,,18:49:39,18:49:39,17,964,Hwy 525 & 84th St SW,0.0,0.0
2023-10-10,417,North,24097,15816.0,,18:50:03,18:50:03,18,963,Hwy 525 & 80th St SW,0.0,0.0
2023-10-10,417,North,24097,15816.0,,18:50:36,18:50:36,19,973,Hwy 525 & 76th St SW,0.0,0.0
2023-10-10,417,North,24097,15816.0,,18:51:27,18:51:27,20,967,Hwy 525 & Clover Ln,0.0,0.0
2023-10-10,417,North,24097,15816.0,,18:51:54,18:51:54,21,972,Hwy 525 & 15th Pl,0.0,0.0
2023-10-10,417,North,24097,15816.0,,18:52:13,18:52:13,22,968,Hwy 525 & Goat Trail Rd,0.0,0.0
2023-10-10,417,North,24097,15816.0,,18:53:59,18:53:59,23,3280,Hwy 525 & 5th St,0.0,0.0
2023-10-10,417,North,24097,15816.0,,18:56:05,18:56:05,24,3274,1st St & Mukilteo Station,0.0,0.0
2023-10-10,417,North,24097,15816.0,18:55:00,18:57:03,18:57:03,25,3265,Mukilteo Ferry Terminal Bay 2,0.0,1.0
2023-10-10,417,South,24098,15811.0,05:51:00,05:53:45,05:53:45,0,3265,Mukilteo Ferry Terminal Bay 2,8.0,0.0
2023-10-10,417,South,24098,15811.0,,05:54:41,05:54:41,1,3275,1st St & Mukilteo Station,0.0,0.0
2023-10-10,417,South,24098,15811.0,,05:56:36,05:56:36,2,1455,Hwy 525 & 3rd St,0.0,0.0
2023-10-10,417,South,24098,15811.0,,05:56:46,05:56:46,3,3281,Hwy 525 & 5th St,0.0,0.0
2023-10-10,417,South,24098,15811.0,,05:57:34,05:57:34,4,1472,Hwy 525 & Goat Trail Rd,0.0,0.0
2023-10-10,417,South,24098,15811.0,,05:58:31,05:58:31,5,1470,Hwy 525 & Clover Ln,0.0,0.0
2023-10-10,417,South,24098,15811.0,,05:59:23,05:59:23,6,1468,Hwy 525 & 76th St SW,0.0,0.0
2023-10-10,417,South,24098,15811.0,,05:59:52,05:59:52,7,1469,Hwy 525 & 80th St SW,0.0,0.0
2023-10-10,417,South,24098,15811.0,,06:00:08,06:00:08,8,1456,Hwy 525 & 81st Pl SW,0.0,0.0
2023-10-10,417,South,24098,15811.0,,06:00:57,06:01:47,9,1457,Hwy 525 & 84th St SW,2.0,0.0
2023-10-10,417,South,24098,15811.0,,06:02:26,06:02:26,10,1458,Hwy 525 & 88th St SW,0.0,0.0
2023-10-10,417,South,24098,15811.0,05:58:00,06:03:00,06:03:25,11,1459,Hwy 525 & 92nd St SW,1.0,0.0
2023-10-10,417,South,24098,15811.0,,06:05:59,06:05:59,12,1466,Hwy 525 & Harbour Pointe Blvd,0.0,0.0
2023-10-10,417,South,24098,15811.0,,06:06:48,06:07:12,13,1461,Hwy 525 & Chennault Beach Rd,2.0,0.0
2023-10-10,417,South,24098,15811.0,,06:07:42,06:07:42,14,1464,Hwy 525 & Russell Rd,0.0,0.0
2023-10-10,417,South,24098,15811.0,,06:08:51,06:09:17,15,1462,Hwy 525 & Harbour Pointe Blvd SW,2.0,0.0
2023-10-10,417,South,24098,15811.0,06:05:00,06:10:57,06:11:43,16,1460,Hwy 525 & Beverly Park Rd,3.0,0.0
2023-10-10,417,South,24098,15811.0,,06:13:06,06:15:19,17,1467,Hwy 525 & Lincoln Way,5.0,0.0
2023-10-10,417,South,24098,15811.0,06:33:00,06:44:00,06:44:32,21,1909,Stewart St & 9th Ave,1.0,10.0
2023-10-10,417,South,24098,15811.0,,06:45:33,06:45:52,22,1908,Stewart St & 7th Ave,0.0,3.0
2023-10-10,417,South,24098,15811.0,,06:48:22,06:48:40,23,1907,Stewart St & 4th Ave,0.0,4.0
2023-10-10,417,South,24098,15811.0,,06:50:12,06:50:46,24,1079,2nd Ave & Stewart St,0.0,2.0
2023-10-10,417,South,24098,15811.0,06:41:00,06:53:05,06:53:22,25,2909,2nd Ave & Seneca St,0.0,2.0
2023-10-10,417,South,24098,15811.0,,06:54:52,06:55:08,26,2631,2nd Ave & Cherry St,0.0,2.0
2023-10-10,417,South,24098,15811.0,06:45:00,06:56:25,06:56:25,27,2349,2nd Ave Ext S & Yesler Way,0.0,1.0
2023-10-10,417,South,24099,19810.0,06:22:00,06:25:25,06:25:25,0,3265,Mukilteo Ferry Terminal Bay 2,3.0,0.0
2023-10-10,417,South,24099,19810.0,,06:26:48,06:26:48,1,3275,1st St & Mukilteo Station,0.0,0.0
2023-10-10,417,South,24099,19810.0,,06:28:46,06:28:46,2,1455,Hwy 525 & 3rd St,0.0,0.0
2023-10-10,417,South,24099,19810.0,,06:28:59,06:28:59,3,3281,Hwy 525 & 5th St,0.0,0.0
2023-10-10,417,South,24099,19810.0,,06:30:12,06:30:12,4,1472,Hwy 525 & Goat Trail Rd,0.0,0.0
2023-10-10,417,South,24099,19810.0,,06:31:23,06:31:23,5,1470,Hwy 525 & Clover Ln,0.0,0.0
2023-10-10,417,South,24099,19810.0,,06:32:27,06:33:07,6,1468,Hwy 525 & 76th St SW,0.0,0.0
2023-10-10,417,South,24099,19810.0,,06:33:50,06:33:50,7,1469,Hwy 525 & 80th St SW,0.0,0.0
2023-10-10,417,South,24099,19810.0,,06:34:12,06:34:12,8,1456,Hwy 525 & 81st Pl SW,0.0,0.0
2023-10-10,417,South,24099,19810.0,,06:34:44,06:35:03,9,1457,Hwy 525 & 84th St SW,2.0,0.0
2023-10-10,417,South,24099,19810.0,,06:35:41,06:35:41,10,1458,Hwy 525 & 88th St SW,0.0,0.0
2023-10-10,417,South,24099,19810.0,06:29:00,06:36:44,06:37:11,11,1459,Hwy 525 & 92nd St SW,3.0,0.0
2023-10-10,417,South,24099,19810.0,,06:39:31,06:39:31,12,1466,Hwy 525 & Harbour Pointe Blvd,0.0,0.0
2023-10-10,417,South,24099,19810.0,,06:40:37,06:40:37,13,1461,Hwy 525 & Chennault Beach Rd,0.0,0.0
2023-10-10,417,South,24099,19810.0,,06:41:02,06:41:02,14,1464,Hwy 525 & Russell Rd,0.0,0.0
2023-10-10,417,South,24099,19810.0,,06:42:53,06:43:18,15,1462,Hwy 525 & Harbour Pointe Blvd SW,2.0,0.0
2023-10-10,417,South,24099,19810.0,06:36:00,06:45:10,06:45:49,16,1460,Hwy 525 & Beverly Park Rd,4.0,0.0
2023-10-10,417,South,24099,19810.0,,06:47:36,06:47:36,17,1467,Hwy 525 & Lincoln Way,0.0,0.0
2023-10-10,417,South,24099,19810.0,07:08:00,07:22:32,07:22:47,21,1909,Stewart St & 9th Ave,0.0,4.0
2023-10-10,417,South,24099,19810.0,,07:23:15,07:23:31,22,1908,Stewart St & 7th Ave,0.0,2.0
2023-10-10,417,South,24099,19810.0,,07:25:53,07:26:12,23,1907,Stewart St & 4th Ave,0.0,4.0
2023-10-10,417,South,24099,19810.0,,07:27:35,07:27:46,24,1079,2nd Ave & Stewart St,0.0,0.0
2023-10-10,417,South,24099,19810.0,07:16:00,07:29:55,07:30:08,25,2909,2nd Ave & Seneca St,0.0,3.0
2023-10-10,417,South,24099,19810.0,,07:31:48,07:32:07,26,2631,2nd Ave & Cherry St,0.0,0.0
2023-10-10,417,South,24099,19810.0,07:20:00,07:33:29,07:33:29,27,2349,2nd Ave Ext S & Yesler Way,0.0,1.0
2023-10-10,417,South,24100,17862.0,06:52:00,06:52:17,06:52:17,0,3265,Mukilteo Ferry Terminal Bay 2,3.0,0.0
2023-10-10,417,South,24100,17862.0,,06:53:27,06:53:45,1,3275,1st St & Mukilteo Station,1.0,0.0
2023-10-10,417,South,24100,17862.0,,06:55:10,06:55:10,2,1455,Hwy 525 & 3rd St,0.0,0.0
2023-10-10,417,South,24100,17862.0,,06:55:21,06:55:21,3,3281,Hwy 525 & 5th St,0.0,0.0
2023-10-10,417,South,24100,17862.0,,06:57:00,06:57:27,4,1472,Hwy 525 & Goat Trail Rd,1.0,0.0
2023-10-10,417,South,24100,17862.0,,06:58:34,06:58:34,5,1470,Hwy 525 & Clover Ln,0.0,0.0
2023-10-10,417,South,24100,17862.0,,06:59:20,06:59:20,6,1468,Hwy 525 & 76th St SW,0.0,0.0
2023-10-10,417,South,24100,17862.0,,06:59:55,06:59:55,7,1469,Hwy 525 & 80th St SW,0.0,0.0
2023-10-10,417,South,24100,17862.0,,07:00:20,07:00:53,8,1456,Hwy 525 & 81st Pl SW,1.0,0.0
2023-10-10,417,South,24100,17862.0,,07:01:38,07:01:38,9,1457,Hwy 525 & 84th St SW,0.0,0.0
2023-10-10,417,South,24100,17862.0,,07:02:09,07:02:09,10,1458,Hwy 525 & 88th St SW,0.0,0.0
2023-10-10,417,South,24100,17862.0,07:00:00,07:02:51,07:03:18,11,1459,Hwy 525 & 92nd St SW,2.0,0.0
2023-10-10,417,South,24100,17862.0,,07:07:17,07:07:17,12,1466,Hwy 525 & Harbour Pointe Blvd,0.0,0.0
2023-10-10,417,South,24100,17862.0,,07:08:01,07:08:01,13,1461,Hwy 525 & Chennault Beach Rd,0.0,0.0
2023-10-10,417,South,24100,17862.0,,07:08:21,07:08:21,14,1464,Hwy 525 & Russell Rd,0.0,0.0
2023-10-10,417,South,24100,17862.0,,07:09:28,07:10:00,15,1462,Hwy 525 & Harbour Pointe Blvd SW,4.0,0.0
2023-10-10,417,South,24100,17862.0,07:09:00,07:12:00,07:12:41,16,1460,Hwy 525 & Beverly Park Rd,5.0,0.0
2023-10-10,417,South,24100,17862.0,,07:14:18,07:14:45,17,1467,Hwy 525 & Lincoln Way,2.0,0.0
2023-10-10,417,South,24100,17862.0,07:49:00,07:55:35,07:56:04,21,1909,Stewart St & 9th Ave,0.0,9.0
2023-10-10,417,South,24100,17862.0,,07:57:11,07:57:33,22,1908,Stewart St & 7th Ave,0.0,3.0
2023-10-10,417,South,24100,17862.0,,07:59:03,07:59:32,23,1907,Stewart St & 4th Ave,0.0,3.0
2023-10-10,417,South,24100,17862.0,,08:00:56,08:01:16,24,1079,2nd Ave & Stewart St,0.0,1.0
2023-10-10,417,South,24100,17862.0,07:57:00,08:03:29,08:03:56,25,2909,2nd Ave & Seneca St,0.0,2.0
2023-10-10,417,South,24100,17862.0,,08:05:16,08:05:16,26,2631,2nd Ave & Cherry St,0.0,0.0
2023-10-10,417,South,24100,17862.0,08:01:00,08:06:25,08:06:25,27,2349,2nd Ave Ext S & Yesler Way,0.0,1.0
2023-10-10,417,South,24101,15811.0,07:53:00,07:53:40,07:53:40,0,3265,Mukilteo Ferry Terminal Bay 2,0.0,0.0
2023-10-10,417,South,24101,15811.0,,07:54:40,07:54:40,1,3275,1st St & Mukilteo Station,0.0,0.0
2023-10-10,417,South,24101,15811.0,,07:57:26,07:57:26,2,1455,Hwy 525 & 3rd St,0.0,0.0
2023-10-10,417,South,24101,15811.0,,07:57:35,07:57:35,3,3281,Hwy 525 & 5th St,0.0,0.0
2023-10-10,417,South,24101,15811.0,,07:58:22,07:58:52,4,1472,Hwy 525 & Goat Trail Rd,1.0,0.0
2023-10-10,417,South,24101,15811.0,,07:59:59,07:59:59,5,1470,Hwy 525 & Clover Ln,0.0,0.0
2023-10-10,417,South,24101,15811.0,,08:01:17,08:01:17,6,1468,Hwy 525 & 76th St SW,0.0,0.0
2023-10-10,417,South,24101,15811.0,,08:01:56,08:01:56,7,1469,Hwy 525 & 80th St SW,0.0,0.0
2023-10-10,417,South,24101,15811.0,,08:02:13,08:02:13,8,1456,Hwy 525 & 81st Pl SW,0.0,0.0
2023-10-10,417,South,24101,15811.0,,08:02:42,08:03:31,9,1457,Hwy 525 & 84th St SW,2.0,0.0
2023-10-10,417,South,24101,15811.0,,08:04:03,08:04:03,10,1458,Hwy 525 & 88th St SW,0.0,0.0
2023-10-10,417,South,24101,15811.0,08:02:00,08:04:37,08:05:12,11,1459,Hwy 525 & 92nd St SW,2.0,0.0
2023-10-10,417,South,24101,15811.0,,08:06:54,08:07:12,12,1466,Hwy 525 & Harbour Pointe Blvd,3.0,0.0
2023-10-10,417,South,24101,15811.0,,08:08:35,08:09:00,13,1461,Hwy 525 & Chennault Beach Rd,1.0,0.0
2023-10-10,417,South,24101,15811.0,,08:09:28,08:09:28,14,1464,Hwy 525 & Russell Rd,0.0,0.0
2023-10-10,417,South,24101,15811.0,,08:10:28,08:11:06,15,1462,Hwy 525 & Harbour Pointe Blvd SW,2.0,0.0
2023-10-10,417,South,24101,15811.0,08:11:00,08:12:45,08:13:25,16,1460,Hwy 525 & Beverly Park Rd,5.0,0.0
2023-10-10,417,South,24101,15811.0,,08:14:40,08:15:19,17,1467,Hwy 525 & Lincoln Way,7.0,0.0
2023-10-10,417,South,24101,15811.0,08:53:00,09:11:01,09:12:19,21,1909,Stewart St & 9th Ave,1.0,14.0
2023-10-10,417,South,24101,15811.0,,09:12:45,09:13:22,22,1908,Stewart St & 7th Ave,0.0,7.0
2023-10-10,417,South,24101,15811.0,,09:15:29,09:15:44,23,1907,Stewart St & 4th Ave,0.0,1.0
2023-10-10,417,South,24101,15811.0,,09:17:07,09:17:29,24,1079,2nd Ave & Stewart St,0.0,1.0
2023-10-10,417,South,24101,15811.0,09:04:00,09:20:20,09:21:00,25,2909,2nd Ave & Seneca St,0.0,1.0
2023-10-10,417,South,24101,15811.0,,09:22:20,09:22:20,26,2631,2nd Ave & Cherry St,0.0,0.0
2023-10-10,417,South,24101,15811.0,09:10:00,09:23:06,09:23:06,27,2349,2nd Ave Ext S & Yesler Way,0.0,0.0
2023-10-11,417,North,24094,19810.0,15:11:00,15:10:28,15:10:28,0,640,4th Ave S & S Jackson St,4.0,0.0
2023-10-11,417,North,24094,19810.0,,15:11:08,15:11:08,1,635,4th Ave S & S Washington St,0.0,0.0
2023-10-11,417,North,24094,19810.0,,15:11:59,15:12:18,2,2638,4th Ave & Cherry St,1.0,0.0
2023-10-11,417,North,24094,19810.0,,15:13:36,15:13:53,3,641,4th Ave & Seneca St,1.0,0.0
2023-10-11,417,North,24094,19810.0,15:17:00,15:15:39,15:16:03,4,2976,4th Ave & Pine St,3.0,0.0
2023-10-11,417,North,24094,19810.0,,15:17:46,15:19:00,5,473,Olive Way & 6th Ave,7.0,0.0
2023-10-11,417,North,24094,19810.0,15:21:00,15:19:43,15:20:17,6,430,Howell St & 9th Ave,2.0,0.0
2023-10-11,417,North,24094,19810.0,,15:23:18,15:23:50,7,431,Howell St & Yale Ave,2.0,1.0
2023-10-11,417,North,24094,19810.0,,15:51:07,15:51:07,11,970,Hwy 525 & Lincoln Way,0.0,0.0
2023-10-11,417,North,24094,19810.0,16:06:00,15:54:38,15:54:50,12,966,Hwy 525 & Beverly Park Rd,0.0,1.0
2023-10-11,417,North,24094,19810.0,,15:56:18,15:56:36,13,969,Hwy 525 & Harbour Pointe Blvd SW,0.0,2.0
2023-10-11,417,North,24094,19810.0,,15:58:46,15:59:00,14,974,Hwy 525 & Chennault Beach Rd,0.0,1.0
2023-10-11,417,North,24094,19810.0,,16:00:00,16:00:00,15,975,Hwy 525 & Harbour Pointe Blvd,0.0,0.0
2023-10-11,417,North,24094,19810.0,16:16:00,16:01:12,16:01:12,16,965,Hwy 525 & 92nd St SW,0.0,0.0
2023-10-11,417,North,24094,19810.0,,16:03:05,16:03:39,17,964,Hwy 525 & 84th St SW,0.0,4.0
2023-10-11,417,North,24094,19810.0,,16:04:13,16:04:13,18,963,Hwy 525 & 80th St SW,0.0,0.0
2023-10-11,417,North,24094,19810.0,,16:04:43,16:04:58,19,973,Hwy 525 & 76th St SW,0.0,2.0
2023-10-11,417,North,24094,19810.0,,16:05:46,16:05:46,20,967,Hwy 525 & Clover Ln,0.0,0.0
2023-10-11,417,North,24094,19810.0,,16:06:11,16:06:11,21,972,Hwy 525 & 15th Pl,0.0,0.0
2023-10-11,417,North,24094,19810.0,,16:06:41,16:06:56,22,968,Hwy 525 & Goat Trail Rd,0.0,1.0
2023-10-11,417,North,24094,19810.0,,16:08:54,16:09:06,23,3280,Hwy 525 & 5th St,0.0,1.0
2023-10-11,417,North,24094,19810.0,,16:10:39,16:10:39,24,3274,1st St & Mukilteo Station,0.0,0.0
2023-10-11,417,North,24094,19810.0,16:30:00,16:11:27,16:11:27,25,3265,Mukilteo Ferry Terminal Bay 2,0.0,7.0
2023-10-11,417,North,24095,17860.0,16:11:00,16:14:50,16:14:50,0,640,4th Ave S & S Jackson St,4.0,0.0
2023-10-11,417,North,24095,17860.0,,16:15:37,16:15:37,1,635,4th Ave S & S Washington St,0.0,0.0
2023-10-11,417,North,24095,17860.0,,16:16:30,16:17:04,2,2638,4th Ave & Cherry St,6.0,0.0
2023-10-11,417,North,24095,17860.0,,16:18:08,16:18:43,3,641,4th Ave & Seneca St,3.0,0.0
2023-10-11,417,North,24095,17860.0,16:17:00,16:20:22,16:21:24,4,2976,4th Ave & Pine St,2.0,0.0
2023-10-11,417,North,24095,17860.0,,16:22:36,16:23:33,5,473,Olive Way & 6th Ave,4.0,0.0
2023-10-11,417,North,24095,17860.0,16:21:00,16:25:11,16:26:54,6,430,Howell St & 9th Ave,8.0,1.0
2023-10-11,417,North,24095,17860.0,,16:30:50,16:31:40,7,431,Howell St & Yale Ave,9.0,0.0
2023-10-11,417,North,24095,17860.0,,16:59:44,17:00:20,11,970,Hwy 525 & Lincoln Way,0.0,5.0
2023-10-11,417,North,24095,17860.0,17:08:00,17:03:11,17:04:11,12,966,Hwy 525 & Beverly Park Rd,0.0,8.0
2023-10-11,417,North,24095,17860.0,,17:05:10,17:05:46,13,969,Hwy 525 & Harbour Pointe Blvd SW,0.0,9.0
2023-10-11,417,North,24095,17860.0,,17:08:13,17:08:38,14,974,Hwy 525 & Chennault Beach Rd,0.0,2.0
2023-10-11,417,North,24095,17860.0,,17:09:27,17:09:27,15,975,Hwy 525 & Harbour Pointe Blvd,0.0,0.0
2023-10-11,417,North,24095,17860.0,17:18:00,17:12:04,17:12:37,16,965,Hwy 525 & 92nd St SW,0.0,6.0
2023-10-11,417,North,24095,17860.0,,17:14:02,17:14:33,17,964,Hwy 525 & 84th St SW,0.0,1.0
2023-10-11,417,North,24095,17860.0,,17:15:00,17:15:00,18,963,Hwy 525 & 80th St SW,0.0,0.0
2023-10-11,417,North,24095,17860.0,,17:15:21,17:15:21,19,973,Hwy 525 & 76th St SW,0.0,0.0
2023-10-11,417,North,24095,17860.0,,17:16:01,17:16:01,20,967,Hwy 525 & Clover Ln,0.0,0.0
2023-10-11,417,North,24095,17860.0,,17:16:24,17:16:24,21,972,Hwy 525 & 15th Pl,0.0,0.0
2023-10-11,417,North,24095,17860.0,,17:16:43,17:16:43,22,968,Hwy 525 & Goat Trail Rd,0.0,0.0
2023-10-11,417,North,24095,17860.0,,17:18:16,17:18:37,23,3280,Hwy 525 & 5th St,0.0,2.0
2023-10-11,417,North,24095,17860.0,,17:20:25,17:20:25,24,3274,1st St & Mukilteo Station,0.0,0.0
2023-10-11,417,North,24095,17860.0,17:31:00,17:21:27,17:21:27,25,3265,Mukilteo Ferry Terminal Bay 2,0.0,2.0
2023-10-11,417,North,24096,17863.0,17:22:00,17:25:53,17:25:53,0,640,4th Ave S & S Jackson St,3.0,0.0
2023-10-11,417,North,24096,17863.0,,17:27:08,17:27:19,1,635,4th Ave S & S Washington St,0.0,0.0
2023-10-11,417,North,24096,17863.0,,17:28:06,17:28:15,2,2638,4th Ave & Cherry St,0.0,0.0
2023-10-11,417,North,24096,17863.0,,17:29:30,17:29:55,3,641,4th Ave & Seneca St,3.0,0.0
2023-10-11,417,North,24096,17863.0,17:28:00,17:31:09,17:31:49,4,2976,4th Ave & Pine St,0.0,0.0
2023-10-11,417,North,24096,17863.0,,17:34:27,17:35:31,5,473,Olive Way & 6th Ave,3.0,0.0
2023-10-11,417,North,24096,17863.0,17:32:00,17:36:09,17:36:40,6,430,Howell St & 9th Ave,4.0,0.0
2023-10-11,417,North,24096,17863.0,,17:39:56,17:40:15,7,431,Howell St & Yale Ave,0.0,0.0
2023-10-11,417,North,24096,17863.0,,18:06:33,18:07:05,11,970,Hwy 525 & Lincoln Way,0.0,6.0
2023-10-11,417,North,24096,17863.0,18:14:00,18:09:02,18:09:32,12,966,Hwy 525 & Beverly Park Rd,0.0,3.0
2023-10-11,417,North,24096,17863.0,,18:11:16,18:11:34,13,969,Hwy 525 & Harbour Pointe Blvd SW,0.0,1.0
2023-10-11,417,North,24096,17863.0,,18:12:46,18:12:46,14,974,Hwy 525 & Chennault Beach Rd,0.0,0.0
2023-10-11,417,North,24096,17863.0,,18:14:12,18:14:12,15,975,Hwy 525 & Harbour Pointe Blvd,0.0,0.0
2023-10-11,417,North,24096,17863.0,18:22:00,18:16:22,18:16:46,16,965,Hwy 525 & 92nd St SW,0.0,3.0
2023-10-11,417,North,24096,17863.0,,18:18:13,18:18:13,17,964,Hwy 525 & 84th St SW,0.0,0.0
2023-10-11,417,North,24096,17863.0,,18:18:40,18:18:40,18,963,Hwy 525 & 80th St SW,0.0,0.0
2023-10-11,417,North,24096,17863.0,,18:19:02,18:19:02,19,973,Hwy 525 & 76th St SW,0.0,0.0
2023-10-11,417,North,24096,17863.0,,18:19:46,18:19:46,20,967,Hwy 525 & Clover Ln,0.0,0.0
2023-10-11,417,North,24096,17863.0,,18:20:11,18:20:11,21,972,Hwy 525 & 15th Pl,0.0,0.0
2023-10-11,417,North,24096,17863.0,,18:20:29,18:20:29,22,968,Hwy 525 & Goat Trail Rd,0.0,0.0
2023-10-11,417,North,24096,17863.0,,18:21:54,18:21:54,23,3280,Hwy 525 & 5th St,0.0,0.0
2023-10-11,417,North,24096,17863.0,,18:23:18,18:23:18,24,3274,1st St & Mukilteo Station,0.0,0.0
2023-10-11,417,North,24096,17863.0,18:31:00,18:24:18,18:24:18,25,3265,Mukilteo Ferry Terminal Bay 2,0.0,0.0
2023-10-11,417,North,24097,17862.0,17:55:00,17:57:48,17:57:48,0,640,4th Ave S & S Jackson St,0.0,0.0
2023-10-11,417,North,24097,17862.0,,17:58:56,17:59:02,1,635,4th Ave S & S Washington St,0.0,0.0
2023-10-11,417,North,24097,17862.0,,17:59:50,17:59:57,2,2638,4th Ave & Cherry St,0.0,0.0
2023-10-11,417,North,24097,17862.0,,18:01:34,18:01:58,3,641,4th Ave & Seneca St,1.0,0.0
2023-10-11,417,North,24097,17862.0,18:00:00,18:03:55,18:04:05,4,2976,4th Ave & Pine St,0.0,0.0
2023-10-11,417,North,24097,17862.0,,18:05:47,18:07:03,5,473,Olive Way & 6th Ave,1.0,0.0
2023-10-11,417,North,24097,17862.0,18:04:00,18:08:38,18:09:15,6,430,Howell St & 9th Ave,3.0,0.0
2023-10-11,417,North,24097,17862.0,,18:12:51,18:13:17,7,431,Howell St & Yale Ave,1.0,0.0
2023-10-11,417,North,24097,17862.0,,18:35:27,18:35:48,11,970,Hwy 525 & Lincoln Way,0.0,3.0
2023-10-11,417,North,24097,17862.0,18:38:00,18:38:15,18:38:15,12,966,Hwy 525 & Beverly Park Rd,0.0,0.0
2023-10-11,417,North,24097,17862.0,,18:39:16,18:39:35,13,969,Hwy 525 & Harbour Pointe Blvd SW,1.0,2.0
2023-10-11,417,North,24097,17862.0,,18:40:57,18:40:57,14,974,Hwy 525 & Chennault Beach Rd,0.0,0.0
2023-10-11,417,North,24097,17862.0,,18:41:47,18:41:47,15,975,Hwy 525 & Harbour Pointe Blvd,0.0,0.0
2023-10-11,417,North,24097,17862.0,18:46:00,18:43:23,18:43:35,16,965,Hwy 525 & 92nd St SW,0.0,1.0
2023-10-11,417,North,24097,17862.0,,18:45:11,18:45:11,17,964,Hwy 525 & 84th St SW,0.0,0.0
2023-10-11,417,North,24097,17862.0,,18:45:34,18:45:34,18,963,Hwy 525 & 80th St SW,0.0,0.0
2023-10-11,417,North,24097,17862.0,,18:45:55,18:45:55,19,973,Hwy 525 & 76th St SW,0.0,0.0
2023-10-11,417,North,24097,17862.0,,18:46:38,18:46:38,20,967,Hwy 525 & Clover Ln,0.0,0.0
2023-10-11,417,North,24097,17862.0,,18:47:02,18:47:02,21,972,Hwy 525 & 15th Pl,0.0,0.0
2023-10-11,417,North,24097,17862.0,,18:47:27,18:47:56,22,968,Hwy 525 & Goat Trail Rd,0.0,1.0
2023-10-11,417,North,24097,17862.0,,18:49:19,18:49:19,23,3280,Hwy 525 & 5th St,0.0,0.0
2023-10-11,417,North,24097,17862.0,,18:50:43,18:50:43,24,3274,1st St & Mukilteo Station,0.0,0.0
2023-10-11,417,North,24097,17862.0,18:55:00,18:51:35,18:51:35,25,3265,Mukilteo Ferry Terminal Bay 2,0.0,0.0
2023-10-11,417,South,24098,17852.0,05:51:00,05:53:07,05:53:07,0,3265,Mukilteo Ferry Terminal Bay 2,10.0,0.0
2023-10-11,417,South,24098,17852.0,,05:54:04,05:54:04,1,3275,1st St & Mukilteo Station,0.0,0.0
2023-10-11,417,South,24098,17852.0,,05:55:51,05:55:51,2,1455,Hwy 525 & 3rd St,0.0,0.0
2023-10-11,417,South,24098,17852.0,,05:56:00,05:56:00,3,3281,Hwy 525 & 5th St,0.0,0.0
2023-10-11,417,South,24098,17852.0,,05:56:44,05:56:44,4,1472,Hwy 525 & Goat Trail Rd,0.0,0.0
2023-10-11,417,South,24098,17852.0,,05:57:38,05:57:38,5,1470,Hwy 525 & Clover Ln,0.0,0.0
2023-10-11,417,South,24098,17852.0,,05:58:22,05:58:22,6,1468,Hwy 525 & 76th St SW,0.0,0.0
2023-10-11,417,South,24098,17852.0,,05:58:52,05:58:52,7,1469,Hwy 525 & 80th St SW,0.0,0.0
2023-10-11,417,South,24098,17852.0,,05:59:16,05:59:51,8,1456,Hwy 525 & 81st Pl SW,2.0,0.0
2023-10-11,417,South,24098,17852.0,,06:00:26,06:00:59,9,1457,Hwy 525 & 84th St SW,2.0,0.0
2023-10-11,417,South,24098,17852.0,,06:01:34,06:01:34,10,1458,Hwy 525 & 88th St SW,0.0,0.0
2023-10-11,417,South,24098,17852.0,05:58:00,06:02:10,06:02:34,11,1459,Hwy 525 & 92nd St SW,1.0,0.0
2023-10-11,417,South,24098,17852.0,,06:04:44,06:04:44,12,1466,Hwy 525 & Harbour Pointe Blvd,0.0,0.0
2023-10-11,417,South,24098,17852.0,,06:05:39,06:05:56,13,1461,Hwy 525 & Chennault Beach Rd,2.0,0.0
2023-10-11,417,South,24098,17852.0,,06:06:24,06:06:24,14,1464,Hwy 525 & Russell Rd,0.0,0.0
2023-10-11,417,South,24098,17852.0,,06:08:07,06:08:33,15,1462,Hwy 525 & Harbour Pointe Blvd SW,2.0,0.0
2023-10-11,417,South,24098,17852.0,06:05:00,06:10:00,06:10:37,16,1460,Hwy 525 & Beverly Park Rd,1.0,1.0
2023-10-11,417,South,24098,17852.0,,06:11:50,06:12:19,17,1467,Hwy 525 & Lincoln Way,1.0,0.0
2023-10-11,417,South,24098,17852.0,06:33:00,06:38:51,06:39:24,21,1909,Stewart St & 9th Ave,0.0,8.0
2023-10-11,417,South,24098,17852.0,,06:40:42,06:41:01,22,1908,Stewart St & 7th Ave,0.0,2.0
2023-10-11,417,South,24098,17852.0,,06:42:33,06:42:55,23,1907,Stewart St & 4th Ave,0.0,2.0
2023-10-11,417,South,24098,17852.0,,06:44:32,06:44:43,24,1079,2nd Ave & Stewart St,0.0,2.0
2023-10-11,417,South,24098,17852.0,06:41:00,06:45:54,06:46:17,25,2909,2nd Ave & Seneca St,0.0,3.0
2023-10-11,417,South,24098,17852.0,,06:47:31,06:47:43,26,2631,2nd Ave & Cherry St,0.0,1.0
2023-10-11,417,South,24098,17852.0,06:45:00,06:48:26,06:48:26,27,2349,2nd Ave Ext S & Yesler Way,0.0,2.0
2023-10-11,417,South,24099,19820.0,06:22:00,06:25:47,06:25:47,0,3265,Mukilteo Ferry Terminal Bay 2,1.0,0.0
2023-10-11,417,South,24099,19820.0,,,,1,3275,1st St & Mukilteo Station,,
2023-10-11,417,South,24099,19820.0,,06:26:59,06:26:59,2,1455,Hwy 525 & 3rd St,0.0,0.0
2023-10-11,417,South,24099,19820.0,,06:27:28,06:27:28,3,3281,Hwy 525 & 5th St,0.0,0.0
2023-10-11,417,South,24099,19820.0,,06:28:22,06:28:22,4,1472,Hwy 525 & Goat Trail Rd,0.0,0.0
2023-10-11,417,South,24099,19820.0,,06:29:35,06:29:35,5,1470,Hwy 525 & Clover Ln,0.0,0.0
2023-10-11,417,South,24099,19820.0,,06:30:38,06:30:38,6,1468,Hwy 525 & 76th St SW,0.0,0.0
2023-10-11,417,South,24099,19820.0,,06:31:18,06:31:18,7,1469,Hwy 525 & 80th St SW,0.0,0.0
2023-10-11,417,South,24099,19820.0,,06:31:37,06:31:37,8,1456,Hwy 525 & 81st Pl SW,0.0,0.0
2023-10-11,417,South,24099,19820.0,,06:32:04,06:32:23,9,1457,Hwy 525 & 84th St SW,1.0,0.0
2023-10-11,417,South,24099,19820.0,,06:32:58,06:32:58,10,1458,Hwy 525 & 88th St SW,0.0,0.0
2023-10-11,417,South,24099,19820.0,06:29:00,06:33:35,06:34:10,11,1459,Hwy 525 & 92nd St SW,1.0,0.0
2023-10-11,417,South,24099,19820.0,,06:36:05,06:36:05,12,1466,Hwy 525 & Harbour Pointe Blvd,0.0,0.0
2023-10-11,417,South,24099,19820.0,,06:37:04,06:37:23,13,1461,Hwy 525 & Chennault Beach Rd,1.0,0.0
2023-10-11,417,South,24099,19820.0,,06:37:55,06:37:55,14,1464,Hwy 525 & Russell Rd,0.0,0.0
2023-10-11,417,South,24099,19820.0,,06:39:24,06:39:53,15,1462,Hwy 525 & Harbour Pointe Blvd SW,5.0,2.0
2023-10-11,417,South,24099,19820.0,06:36:00,06:41:14,06:41:45,16,1460,Hwy 525 & Beverly Park Rd,2.0,0.0
2023-10-11,417,South,24099,19820.0,,06:43:23,06:43:46,17,1467,Hwy 525 & Lincoln Way,1.0,0.0
2023-10-11,417,South,24099,19820.0,07:08:00,07:18:49,07:19:21,21,1909,Stewart St & 9th Ave,0.0,3.0
2023-10-11,417,South,24099,19820.0,,07:19:54,07:20:36,22,1908,Stewart St & 7th Ave,0.0,1.0
2023-10-11,417,South,24099,19820.0,,07:23:03,07:23:23,23,1907,Stewart St & 4th Ave,0.0,3.0
2023-10-11,417,South,24099,19820.0,,07:25:01,07:25:12,24,1079,2nd Ave & Stewart St,0.0,0.0
2023-10-11,417,South,24099,19820.0,07:16:00,07:26:29,07:26:59,25,2909,2nd Ave & Seneca St,0.0,1.0
2023-10-11,417,South,24099,19820.0,,07:28:23,07:29:06,26,2631,2nd Ave & Cherry St,0.0,0.0
2023-10-11,417,South,24099,19820.0,07:20:00,07:29:57,07:29:57,27,2349,2nd Ave Ext S & Yesler Way,0.0,2.0
2023-10-11,417,South,24100,15816.0,06:52:00,06:52:17,06:52:17,0,3265,Mukilteo Ferry Terminal Bay 2,3.0,0.0
2023-10-11,417,South,24100,15816.0,,06:53:24,06:53:24,1,3275,1st St & Mukilteo Station,0.0,0.0
2023-10-11,417,South,24100,15816.0,,06:55:00,06:55:20,2,1455,Hwy 525 & 3rd St,1.0,0.0
2023-10-11,417,South,24100,15816.0,,06:55:36,06:55:36,3,3281,Hwy 525 & 5th St,0.0,0.0
2023-10-11,417,South,24100,15816.0,,06:56:30,06:56:57,4,1472,Hwy 525 & Goat Trail Rd,1.0,0.0
2023-10-11,417,South,24100,15816.0,,06:58:07,06:58:07,5,1470,Hwy 525 & Clover Ln,0.0,0.0
2023-10-11,417,South,24100,15816.0,,06:59:11,06:59:11,6,1468,Hwy 525 & 76th St SW,0.0,0.0
2023-10-11,417,South,24100,15816.0,,06:59:50,06:59:50,7,1469,Hwy 525 & 80th St SW,0.0,0.0
2023-10-11,417,South,24100,15816.0,,07:00:11,07:00:11,8,1456,Hwy 525 & 81st Pl SW,0.0,0.0
2023-10-11,417,South,24100,15816.0,,07:00:37,07:00:37,9,1457,Hwy 525 & 84th St SW,0.0,0.0
2023-10-11,417,South,24100,15816.0,,07:01:04,07:01:04,10,1458,Hwy 525 & 88th St SW,0.0,0.0
2023-10-11,417,South,24100,15816.0,07:00:00,07:02:02,07:02:40,11,1459,Hwy 525 & 92nd St SW,5.0,0.0
2023-10-11,417,South,24100,15816.0,,07:05:32,07:06:00,12,1466,Hwy 525 & Harbour Pointe Blvd,1.0,0.0
2023-10-11,417,South,24100,15816.0,,07:07:27,07:07:52,13,1461,Hwy 525 & Chennault Beach Rd,1.0,0.0
2023-10-11,417,South,24100,15816.0,,07:08:23,07:08:23,14,1464,Hwy 525 & Russell Rd,0.0,0.0
2023-10-11,417,South,24100,15816.0,,07:10:28,07:11:09,15,1462,Hwy 525 & Harbour Pointe Blvd SW,3.0,0.0
2023-10-11,417,South,24100,15816.0,07:09:00,07:12:38,07:13:16,16,1460,Hwy 525 & Beverly Park Rd,7.0,0.0
2023-10-11,417,South,24100,15816.0,,07:14:50,07:15:23,17,1467,Hwy 525 & Lincoln Way,2.0,0.0
2023-10-11,417,South,24100,15816.0,07:49:00,07:58:58,07:59:50,21,1909,Stewart St & 9th Ave,0.0,12.0
2023-10-11,417,South,24100,15816.0,,08:00:20,08:01:12,22,1908,Stewart St & 7th Ave,0.0,5.0
2023-10-11,417,South,24100,15816.0,,08:03:20,08:03:49,23,1907,Stewart St & 4th Ave,0.0,3.0
2023-10-11,417,South,24100,15816.0,,08:05:22,08:05:44,24,1079,2nd Ave & Stewart St,0.0,1.0
2023-10-11,417,South,24100,15816.0,07:57:00,08:06:52,08:07:38,25,2909,2nd Ave & Seneca St,0.0,1.0
2023-10-11,417,South,24100,15816.0,,08:08:26,08:08:52,26,2631,2nd Ave & Cherry St,0.0,1.0
2023-10-11,417,South,24100,15816.0,08:01:00,08:10:05,08:10:05,27,2349,2nd Ave Ext S & Yesler Way,0.0,1.0
2023-10-11,417,South,24101,17852.0,07:53:00,07:54:04,07:54:04,0,3265,Mukilteo Ferry Terminal Bay 2,0.0,0.0
2023-10-11,417,South,24101,17852.0,,07:55:00,07:55:00,1,3275,1st St & Mukilteo Station,0.0,0.0
2023-10-11,417,South,24101,17852.0,,07:56:43,07:56:43,2,1455,Hwy 525 & 3rd St,0.0,0.0
2023-10-11,417,South,24101,17852.0,,07:56:51,07:56:51,3,3281,Hwy 525 & 5th St,0.0,0.0
2023-10-11,417,South,24101,17852.0,,07:57:34,07:58:17,4,1472,Hwy 525 & Goat Trail Rd,1.0,0.0
2023-10-11,417,South,24101,17852.0,,07:59:20,07:59:20,5,1470,Hwy 525 & Clover Ln,0.0,0.0
2023-10-11,417,South,24101,17852.0,,08:00:17,08:00:37,6,1468,Hwy 525 & 76th St SW,1.0,0.0
2023-10-11,417,South,24101,17852.0,,08:01:18,08:01:18,7,1469,Hwy 525 & 80th St SW,0.0,0.0
2023-10-11,417,South,24101,17852.0,,08:01:39,08:01:59,8,1456,Hwy 525 & 81st Pl SW,1.0,0.0
2023-10-11,417,South,24101,17852.0,,08:02:53,08:03:21,9,1457,Hwy 525 & 84th St SW,1.0,0.0
2023-10-11,417,South,24101,17852.0,,08:04:01,08:04:33,10,1458,Hwy 525 & 88th St SW,1.0,0.0
2023-10-11,417,South,24101,17852.0,08:02:00,08:05:15,08:05:54,11,1459,Hwy 525 & 92nd St SW,2.0,0.0
2023-10-11,417,South,24101,17852.0,,08:08:52,08:08:52,12,1466,Hwy 525 & Harbour Pointe Blvd,0.0,0.0
2023-10-11,417,South,24101,17852.0,,08:10:27,08:10:51,13,1461,Hwy 525 & Chennault Beach Rd,2.0,0.0
2023-10-11,417,South,24101,17852.0,,08:11:23,08:11:23,14,1464,Hwy 525 & Russell Rd,0.0,0.0
2023-10-11,417,South,24101,17852.0,,08:12:37,08:13:00,15,1462,Hwy 525 & Harbour Pointe Blvd SW,2.0,0.0
2023-10-11,417,South,24101,17852.0,08:11:00,08:14:41,08:15:13,16,1460,Hwy 525 & Beverly Park Rd,5.0,0.0
2023-10-11,417,South,24101,17852.0,,08:16:24,08:17:11,17,1467,Hwy 525 & Lincoln Way,8.0,0.0
2023-10-11,417,South,24101,17852.0,08:53:00,09:19:37,09:20:13,21,1909,Stewart St & 9th Ave,0.0,11.0
2023-10-11,417,South,24101,17852.0,,09:21:14,09:21:44,22,1908,Stewart St & 7th Ave,0.0,7.0
2023-10-11,417,South,24101,17852.0,,09:24:18,09:24:39,23,1907,Stewart St & 4th Ave,0.0,3.0
2023-10-11,417,South,24101,17852.0,,09:26:26,09:26:49,24,1079,2nd Ave & Stewart St,0.0,2.0
2023-10-11,417,South,24101,17852.0,09:04:00,09:28:51,09:28:51,25,2909,2nd Ave & Seneca St,0.0,0.0
2023-10-11,417,South,24101,17852.0,,09:29:39,09:29:52,26,2631,2nd Ave & Cherry St,0.0,1.0
2023-10-11,417,South,24101,17852.0,09:10:00,09:31:22,09:31:22,27,2349,2nd Ave Ext S & Yesler Way,0.0,0.0
2023-10-12,417,North,24094,19812.0,15:11:00,15:10:52,15:10:52,0,640,4th Ave S & S Jackson St,1.0,0.0
2023-10-12,417,North,24094,19812.0,,15:12:12,15:12:12,1,635,4th Ave S & S Washington St,0.0,0.0
2023-10-12,417,North,24094,19812.0,,15:13:27,15:13:46,2,2638,4th Ave & Cherry St,2.0,0.0
2023-10-12,417,North,24094,19812.0,,15:16:08,15:16:54,3,641,4th Ave & Seneca St,2.0,0.0
2023-10-12,417,North,24094,19812.0,15:17:00,15:18:41,15:19:08,4,2976,4th Ave & Pine St,5.0,0.0
2023-10-12,417,North,24094,19812.0,,15:21:02,15:22:06,5,473,Olive Way & 6th Ave,10.0,0.0
2023-10-12,417,North,24094,19812.0,15:21:00,15:23:40,15:24:18,6,430,Howell St & 9th Ave,3.0,0.0
2023-10-12,417,North,24094,19812.0,,15:29:17,15:29:40,7,431,Howell St & Yale Ave,0.0,0.0
2023-10-12,417,North,24094,19812.0,,15:59:19,15:59:35,11,970,Hwy 525 & Lincoln Way,1.0,1.0
2023-10-12,417,North,24094,19812.0,16:06:00,16:02:11,16:02:29,12,966,Hwy 525 & Beverly Park Rd,0.0,1.0
2023-10-12,417,North,24094,19812.0,,16:04:04,16:04:24,13,969,Hwy 525 & Harbour Pointe Blvd SW,0.0,7.0
2023-10-12,417,North,24094,19812.0,,16:06:41,16:06:53,14,974,Hwy 525 & Chennault Beach Rd,0.0,1.0
2023-10-12,417,North,24094,19812.0,,16:08:53,16:09:13,15,975,Hwy 525 & Harbour Pointe Blvd,0.0,1.0
2023-10-12,417,North,24094,19812.0,16:16:00,16:11:33,16:11:51,16,965,Hwy 525 & 92nd St SW,0.0,2.0
2023-10-12,417,North,24094,19812.0,,16:12:57,16:13:08,17,964,Hwy 525 & 84th St SW,0.0,1.0
2023-10-12,417,North,24094,19812.0,,16:13:38,16:13:38,18,963,Hwy 525 & 80th St SW,0.0,0.0
2023-10-12,417,North,24094,19812.0,,16:14:00,16:14:00,19,973,Hwy 525 & 76th St SW,0.0,0.0
2023-10-12,417,North,24094,19812.0,,16:14:41,16:14:41,20,967,Hwy 525 & Clover Ln,0.0,0.0
2023-10-12,417,North,24094,19812.0,,16:15:09,16:15:09,21,972,Hwy 525 & 15th Pl,0.0,0.0
2023-10-12,417,North,24094,19812.0,,16:15:27,16:15:27,22,968,Hwy 525 & Goat Trail Rd,0.0,0.0
2023-10-12,417,North,24094,19812.0,,16:17:06,16:17:17,23,3280,Hwy 525 & 5th St,0.0,1.0
2023-10-12,417,North,24094,19812.0,,16:19:06,16:19:23,24,3274,1st St & Mukilteo Station,0.0,1.0
2023-10-12,417,North,24094,19812.0,16:30:00,16:20:23,16:20:23,25,3265,Mukilteo Ferry Terminal Bay 2,0.0,8.0
2023-10-12,417,North,24095,19854.0,16:11:00,16:11:19,16:11:19,0,640,4th Ave S & S Jackson St,1.0,0.0
2023-10-12,417,North,24095,19854.0,,16:12:26,16:12:26,1,635,4th Ave S & S Washington St,0.0,0.0
2023-10-12,417,North,24095,19854.0,,16:13:22,16:13:57,2,2638,4th Ave & Cherry St,3.0,0.0
2023-10-12,417,North,24095,19854.0,,16:15:11,16:15:29,3,641,4th Ave & Seneca St,2.0,0.0
2023-10-12,417,North,24095,19854.0,16:17:00,16:17:21,16:18:23,4,2976,4th Ave & Pine St,1.0,1.0
2023-10-12,417,North,24095,19854.0,,16:19:26,16:20:35,5,473,Olive Way & 6th Ave,4.0,0.0
2023-10-12,417,North,24095,19854.0,16:21:00,16:22:09,16:22:49,6,430,Howell St & 9th Ave,7.0,0.0
2023-10-12,417,North,24095,19854.0,,16:26:16,16:26:45,7,431,Howell St & Yale Ave,1.0,0.0
2023-10-12,417,North,24095,19854.0,,17:01:48,17:02:15,11,970,Hwy 525 & Lincoln Way,0.0,3.0
2023-10-12,417,North,24095,19854.0,17:08:00,17:07:56,17:08:19,12,966,Hwy 525 & Beverly Park Rd,0.0,2.0
2023-10-12,417,North,24095,19854.0,,17:09:27,17:09:59,13,969,Hwy 525 & Harbour Pointe Blvd SW,0.0,6.0
2023-10-12,417,North,24095,19854.0,,17:11:29,17:11:29,14,974,Hwy 525 & Chennault Beach Rd,0.0,0.0
2023-10-12,417,North,24095,19854.0,,17:12:37,17:12:37,15,975,Hwy 525 & Harbour Pointe Blvd,0.0,0.0
2023-10-12,417,North,24095,19854.0,17:18:00,17:15:21,17:16:00,16,965,Hwy 525 & 92nd St SW,0.0,1.0
2023-10-12,417,North,24095,19854.0,,17:17:13,17:17:29,17,964,Hwy 525 & 84th St SW,0.0,1.0
2023-10-12,417,North,24095,19854.0,,17:18:00,17:18:00,18,963,Hwy 525 & 80th St SW,0.0,0.0
2023-10-12,417,North,24095,19854.0,,17:18:26,17:18:26,19,973,Hwy 525 & 76th St SW,0.0,0.0
2023-10-12,417,North,24095,19854.0,,17:19:32,17:19:32,20,967,Hwy 525 & Clover Ln,0.0,0.0
2023-10-12,417,North,24095,19854.0,,17:20:00,17:20:00,21,972,Hwy 525 & 15th Pl,0.0,0.0
2023-10-12,417,North,24095,19854.0,,17:20:20,17:20:20,22,968,Hwy 525 & Goat Trail Rd,0.0,0.0
2023-10-12,417,North,24095,19854.0,,17:21:20,17:21:40,23,3280,Hwy 525 & 5th St,0.0,1.0
2023-10-12,417,North,24095,19854.0,,17:23:38,17:23:38,24,3274,1st St & Mukilteo Station,0.0,0.0
2023-10-12,417,North,24095,19854.0,17:31:00,17:24:36,17:24:36,25,3265,Mukilteo Ferry Terminal Bay 2,0.0,4.0
2023-10-12,417,North,24096,19853.0,17:22:00,17:23:52,17:23:52,0,640,4th Ave S & S Jackson St,1.0,0.0
2023-10-12,417,North,24096,19853.0,,17:24:33,17:24:45,1,635,4th Ave S & S Washington St,0.0,0.0
2023-10-12,417,North,24096,19853.0,,17:26:22,17:26:34,2,2638,4th Ave & Cherry St,0.0,0.0
2023-10-12,417,North,24096,19853.0,,17:28:41,17:29:46,3,641,4th Ave & Seneca St,4.0,0.0
2023-10-12,417,North,24096,19853.0,17:28:00,17:31:23,17:33:22,4,2976,4th Ave & Pine St,1.0,0.0
2023-10-12,417,North,24096,19853.0,,17:34:34,17:35:38,5,473,Olive Way & 6th Ave,3.0,0.0
2023-10-12,417,North,24096,19853.0,17:32:00,17:37:04,17:37:29,6,430,Howell St & 9th Ave,3.0,0.0
2023-10-12,417,North,24096,19853.0,,17:41:16,17:41:48,7,431,Howell St & Yale Ave,4.0,0.0
2023-10-12,417,North,24096,19853.0,,18:20:14,18:20:38,11,970,Hwy 525 & Lincoln Way,0.0,5.0
2023-10-12,417,North,24096,19853.0,18:14:00,18:22:20,18:22:46,12,966,Hwy 525 & Beverly Park Rd,0.0,2.0
2023-10-12,417,North,24096,19853.0,,18:24:18,18:24:38,13,969,Hwy 525 & Harbour Pointe Blvd SW,0.0,2.0
2023-10-12,417,North,24096,19853.0,,18:26:22,18:26:34,14,974,Hwy 525 & Chennault Beach Rd,0.0,1.0
2023-10-12,417,North,24096,19853.0,,18:27:22,18:27:22,15,975,Hwy 525 & Harbour Pointe Blvd,0.0,0.0
2023-10-12,417,North,24096,19853.0,18:22:00,18:29:21,18:29:42,16,965,Hwy 525 & 92nd St SW,0.0,3.0
2023-10-12,417,North,24096,19853.0,,18:30:52,18:31:20,17,964,Hwy 525 & 84th St SW,0.0,1.0
2023-10-12,417,North,24096,19853.0,,18:31:49,18:31:49,18,963,Hwy 525 & 80th St SW,0.0,0.0
2023-10-12,417,North,24096,19853.0,,18:32:19,18:32:33,19,973,Hwy 525 & 76th St SW,0.0,1.0
2023-10-12,417,North,24096,19853.0,,18:33:22,18:33:22,20,967,Hwy 525 & Clover Ln,0.0,0.0
2023-10-12,417,North,24096,19853.0,,18:33:49,18:33:49,21,972,Hwy 525 & 15th Pl,0.0,0.0
2023-10-12,417,North,24096,19853.0,,18:34:07,18:34:07,22,968,Hwy 525 & Goat Trail Rd,0.0,0.0
2023-10-12,417,North,24096,19853.0,,18:34:52,18:34:52,23,3280,Hwy 525 & 5th St,0.0,0.0
2023-10-12,417,North,24096,19853.0,,18:37:08,18:37:08,24,3274,1st St & Mukilteo Station,0.0,0.0
2023-10-12,417,North,24096,19853.0,18:31:00,18:38:11,18:38:11,25,3265,Mukilteo Ferry Terminal Bay 2,0.0,1.0
2023-10-12,417,North,24097,17862.0,17:55:00,17:57:26,17:57:26,0,640,4th Ave S & S Jackson St,1.0,0.0
2023-10-12,417,North,24097,17862.0,,,,1,635,4th Ave S & S Washington St,,
2023-10-12,417,North,24097,17862.0,,17:58:25,17:58:45,2,2638,4th Ave & Cherry St,0.0,0.0
2023-10-12,417,North,24097,17862.0,,18:00:16,18:01:25,3,641,4th Ave & Seneca St,0.0,0.0
2023-10-12,417,North,24097,17862.0,18:00:00,18:02:38,18:03:16,4,2976,4th Ave & Pine St,1.0,0.0
2023-10-12,417,North,24097,17862.0,,18:04:36,18:05:36,5,473,Olive Way & 6th Ave,1.0,0.0
2023-10-12,417,North,24097,17862.0,18:04:00,18:07:10,18:07:27,6,430,Howell St & 9th Ave,1.0,0.0
2023-10-12,417,North,24097,17862.0,,18:09:46,18:10:10,7,431,Howell St & Yale Ave,0.0,0.0
2023-10-12,417,North,24097,17862.0,,18:42:58,18:43:12,11,970,Hwy 525 & Lincoln Way,0.0,1.0
2023-10-12,417,North,24097,17862.0,18:38:00,18:45:20,18:45:35,12,966,Hwy 525 & Beverly Park Rd,0.0,1.0
2023-10-12,417,North,24097,17862.0,,18:46:40,18:46:40,13,969,Hwy 525 & Harbour Pointe Blvd SW,0.0,0.0
2023-10-12,417,North,24097,17862.0,,18:47:58,18:47:58,14,974,Hwy 525 & Chennault Beach Rd,0.0,0.0
2023-10-12,417,North,24097,17862.0,,18:48:57,18:48:57,15,975,Hwy 525 & Harbour Pointe Blvd,0.0,0.0
2023-10-12,417,North,24097,17862.0,18:46:00,18:50:24,18:50:50,16,965,Hwy 525 & 92nd St SW,0.0,1.0
2023-10-12,417,North,24097,17862.0,,18:51:57,18:51:57,17,964,Hwy 525 & 84th St SW,0.0,0.0
2023-10-12,417,North,24097,17862.0,,18:52:19,18:52:19,18,963,Hwy 525 & 80th St SW,0.0,0.0
2023-10-12,417,North,24097,17862.0,,18:52:37,18:52:37,19,973,Hwy 525 & 76th St SW,0.0,0.0
2023-10-12,417,North,24097,17862.0,,18:53:24,18:53:24,20,967,Hwy 525 & Clover Ln,0.0,0.0
2023-10-12,417,North,24097,17862.0,,18:53:55,18:53:55,21,972,Hwy 525 & 15th Pl,0.0,0.0
2023-10-12,417,North,24097,17862.0,,18:54:12,18:54:12,22,968,Hwy 525 & Goat Trail Rd,0.0,0.0
2023-10-12,417,North,24097,17862.0,,18:54:57,18:54:57,23,3280,Hwy 525 & 5th St,0.0,0.0
2023-10-12,417,North,24097,17862.0,,18:56:22,18:56:22,24,3274,1st St & Mukilteo Station,0.0,0.0
2023-10-12,417,North,24097,17862.0,18:55:00,18:57:16,18:57:16,25,3265,Mukilteo Ferry Terminal Bay 2,0.0,1.0
2023-10-12,417,South,24098,15814.0,05:51:00,05:52:36,05:52:36,0,3265,Mukilteo Ferry Terminal Bay 2,8.0,0.0
2023-10-12,417,South,24098,15814.0,,05:54:08,05:54:08,1,3275,1st St & Mukilteo Station,0.0,0.0
2023-10-12,417,South,24098,15814.0,,05:56:12,05:56:12,2,1455,Hwy 525 & 3rd St,0.0,0.0
2023-10-12,417,South,24098,15814.0,,05:56:21,05:56:21,3,3281,Hwy 525 & 5th St,0.0,0.0
2023-10-12,417,South,24098,15814.0,,05:57:06,05:57:06,4,1472,Hwy 525 & Goat Trail Rd,0.0,0.0
2023-10-12,417,South,24098,15814.0,,05:58:01,05:58:01,5,1470,Hwy 525 & Clover Ln,0.0,0.0
2023-10-12,417,South,24098,15814.0,,05:58:49,05:58:49,6,1468,Hwy 525 & 76th St SW,0.0,0.0
2023-10-12,417,South,24098,15814.0,,05:59:22,05:59:22,7,1469,Hwy 525 & 80th St SW,0.0,0.0
2023-10-12,417,South,24098,15814.0,,05:59:39,05:59:39,8,1456,Hwy 525 & 81st Pl SW,0.0,0.0
2023-10-12,417,South,24098,15814.0,,06:00:08,06:00:36,9,1457,Hwy 525 & 84th St SW,2.0,0.0
2023-10-12,417,South,24098,15814.0,,06:01:11,06:01:11,10,1458,Hwy 525 & 88th St SW,0.0,0.0
2023-10-12,417,South,24098,15814.0,05:58:00,06:02:04,06:02:30,11,1459,Hwy 525 & 92nd St SW,1.0,0.0
2023-10-12,417,South,24098,15814.0,,06:04:05,06:04:05,12,1466,Hwy 525 & Harbour Pointe Blvd,0.0,0.0
2023-10-12,417,South,24098,15814.0,,06:04:52,06:05:10,13,1461,Hwy 525 & Chennault Beach Rd,1.0,0.0
2023-10-12,417,South,24098,15814.0,,06:05:37,06:05:37,14,1464,Hwy 525 & Russell Rd,0.0,0.0
2023-10-12,417,South,24098,15814.0,,06:07:10,06:07:31,15,1462,Hwy 525 & Harbour Pointe Blvd SW,2.0,0.0
2023-10-12,417,South,24098,15814.0,06:05:00,06:09:48,06:10:08,16,1460,Hwy 525 & Beverly Park Rd,1.0,0.0
2023-10-12,417,South,24098,15814.0,,06:11:21,06:11:46,17,1467,Hwy 525 & Lincoln Way,1.0,0.0
2023-10-12,417,South,24098,15814.0,06:33:00,06:37:12,06:37:38,21,1909,Stewart St & 9th Ave,0.0,7.0
2023-10-12,417,South,24098,15814.0,,06:38:07,06:38:34,22,1908,Stewart St & 7th Ave,0.0,3.0
2023-10-12,417,South,24098,15814.0,,06:40:48,06:41:05,23,1907,Stewart St & 4th Ave,0.0,1.0
2023-10-12,417,South,24098,15814.0,,06:42:52,06:43:10,24,1079,2nd Ave & Stewart St,0.0,1.0
2023-10-12,417,South,24098,15814.0,06:41:00,06:44:17,06:44:34,25,2909,2nd Ave & Seneca St,0.0,1.0
2023-10-12,417,South,24098,15814.0,,06:46:06,06:46:20,26,2631,2nd Ave & Cherry St,0.0,1.0
2023-10-12,417,South,24098,15814.0,06:45:00,06:47:59,06:47:59,27,2349,2nd Ave Ext S & Yesler Way,0.0,2.0
2023-10-12,417,South,24099,19824.0,06:22:00,06:26:34,06:26:34,0,3265,Mukilteo Ferry Terminal Bay 2,2.0,0.0
2023-10-12,417,South,24099,19824.0,,,,1,3275,1st St & Mukilteo Station,,
2023-10-12,417,South,24099,19824.0,,06:28:28,06:28:28,2,1455,Hwy 525 & 3rd St,0.0,0.0
2023-10-12,417,South,24099,19824.0,,06:28:36,06:28:36,3,3281,Hwy 525 & 5th St,0.0,0.0
2023-10-12,417,South,24099,19824.0,,06:29:27,06:29:27,4,1472,Hwy 525 & Goat Trail Rd,0.0,0.0
2023-10-12,417,South,24099,19824.0,,06:30:30,06:30:30,5,1470,Hwy 525 & Clover Ln,0.0,0.0
2023-10-12,417,South,24099,19824.0,,06:31:22,06:31:34,6,1468,Hwy 525 & 76th St SW,0.0,0.0
2023-10-12,417,South,24099,19824.0,,06:32:19,06:32:19,7,1469,Hwy 525 & 80th St SW,0.0,0.0
2023-10-12,417,South,24099,19824.0,,06:32:39,06:32:39,8,1456,Hwy 525 & 81st Pl SW,0.0,0.0
2023-10-12,417,South,24099,19824.0,,06:33:05,06:33:38,9,1457,Hwy 525 & 84th St SW,2.0,0.0
2023-10-12,417,South,24099,19824.0,,06:34:15,06:34:15,10,1458,Hwy 525 & 88th St SW,0.0,0.0
2023-10-12,417,South,24099,19824.0,06:29:00,06:35:17,06:35:43,11,1459,Hwy 525 & 92nd St SW,1.0,0.0
2023-10-12,417,South,24099,19824.0,,06:37:30,06:37:30,12,1466,Hwy 525 & Harbour Pointe Blvd,0.0,0.0
2023-10-12,417,South,24099,19824.0,,06:38:25,06:38:25,13,1461,Hwy 525 & Chennault Beach Rd,0.0,0.0
2023-10-12,417,South,24099,19824.0,,06:38:52,06:38:52,14,1464,Hwy 525 & Russell Rd,0.0,0.0
2023-10-12,417,South,24099,19824.0,,06:40:19,06:41:41,15,1462,Hwy 525 & Harbour Pointe Blvd SW,3.0,0.0
2023-10-12,417,South,24099,19824.0,06:36:00,06:44:22,06:44:44,16,1460,Hwy 525 & Beverly Park Rd,1.0,0.0
2023-10-12,417,South,24099,19824.0,,06:46:05,06:46:15,17,1467,Hwy 525 & Lincoln Way,0.0,0.0
2023-10-12,417,South,24099,19824.0,07:08:00,07:16:52,07:17:06,21,1909,Stewart St & 9th Ave,0.0,3.0
2023-10-12,417,South,24099,19824.0,,07:18:09,07:18:28,22,1908,Stewart St & 7th Ave,0.0,2.0
2023-10-12,417,South,24099,19824.0,,07:20:05,07:20:29,23,1907,Stewart St & 4th Ave,0.0,3.0
2023-10-12,417,South,24099,19824.0,,07:21:49,07:22:01,24,1079,2nd Ave & Stewart St,0.0,0.0
2023-10-12,417,South,24099,19824.0,07:16:00,07:23:15,07:23:27,25,2909,2nd Ave & Seneca St,0.0,0.0
2023-10-12,417,South,24099,19824.0,,07:25:06,07:25:20,26,2631,2nd Ave & Cherry St,0.0,1.0
2023-10-12,417,South,24099,19824.0,07:20:00,07:26:19,07:26:19,27,2349,2nd Ave Ext S & Yesler Way,0.0,0.0
2023-10-12,417,South,24100,15815.0,06:52:00,06:52:44,06:52:44,0,3265,Mukilteo Ferry Terminal Bay 2,4.0,0.0
2023-10-12,417,South,24100,15815.0,,06:53:43,06:54:03,1,3275,1st St & Mukilteo Station,1.0,0.0
2023-10-12,417,South,24100,15815.0,,06:55:28,06:55:28,2,1455,Hwy 525 & 3rd St,0.0,0.0
2023-10-12,417,South,24100,15815.0,,06:55:39,06:55:39,3,3281,Hwy 525 & 5th St,0.0,0.0
2023-10-12,417,South,24100,15815.0,,06:56:20,06:56:20,4,1472,Hwy 525 & Goat Trail Rd,0.0,0.0
2023-10-12,417,South,24100,15815.0,,06:57:18,06:57:18,5,1470,Hwy 525 & Clover Ln,0.0,0.0
2023-10-12,417,South,24100,15815.0,,06:58:06,06:58:30,6,1468,Hwy 525 & 76th St SW,1.0,0.0
2023-10-12,417,South,24100,15815.0,,06:59:13,06:59:13,7,1469,Hwy 525 & 80th St SW,0.0,0.0
2023-10-12,417,South,24100,15815.0,,06:59:42,07:00:18,8,1456,Hwy 525 & 81st Pl SW,2.0,0.0
2023-10-12,417,South,24100,15815.0,,07:01:13,07:01:13,9,1457,Hwy 525 & 84th St SW,0.0,0.0
2023-10-12,417,South,24100,15815.0,,07:01:42,07:01:42,10,1458,Hwy 525 & 88th St SW,0.0,0.0
2023-10-12,417,South,24100,15815.0,07:00:00,07:02:23,07:02:52,11,1459,Hwy 525 & 92nd St SW,2.0,0.0
2023-10-12,417,South,24100,15815.0,,07:05:04,07:05:29,12,1466,Hwy 525 & Harbour Pointe Blvd,2.0,0.0
2023-10-12,417,South,24100,15815.0,,07:07:39,07:08:18,13,1461,Hwy 525 & Chennault Beach Rd,1.0,0.0
2023-10-12,417,South,24100,15815.0,,07:08:51,07:08:51,14,1464,Hwy 525 & Russell Rd,0.0,0.0
2023-10-12,417,South,24100,15815.0,,07:10:54,07:11:20,15,1462,Hwy 525 & Harbour Pointe Blvd SW,2.0,0.0
2023-10-12,417,South,24100,15815.0,07:09:00,07:13:40,07:14:18,16,1460,Hwy 525 & Beverly Park Rd,6.0,0.0
2023-10-12,417,South,24100,15815.0,,07:15:50,07:16:20,17,1467,Hwy 525 & Lincoln Way,4.0,0.0
2023-10-12,417,South,24100,15815.0,07:49:00,08:01:18,08:01:54,21,1909,Stewart St & 9th Ave,0.0,11.0
2023-10-12,417,South,24100,15815.0,,08:03:10,08:04:02,22,1908,Stewart St & 7th Ave,0.0,5.0
2023-10-12,417,South,24100,15815.0,,08:06:29,08:06:50,23,1907,Stewart St & 4th Ave,0.0,3.0
2023-10-12,417,South,24100,15815.0,,08:08:31,08:08:51,24,1079,2nd Ave & Stewart St,0.0,2.0
2023-10-12,417,South,24100,15815.0,07:57:00,08:10:58,08:11:19,25,2909,2nd Ave & Seneca St,0.0,2.0
2023-10-12,417,South,24100,15815.0,,08:13:15,08:14:02,26,2631,2nd Ave & Cherry St,0.0,2.0
2023-10-12,417,South,24100,15815.0,08:01:00,08:17:45,08:17:45,27,2349,2nd Ave Ext S & Yesler Way,0.0,0.0
2023-10-12,417,South,24101,15814.0,07:53:00,07:53:29,07:53:29,0,3265,Mukilteo Ferry Terminal Bay 2,1.0,0.0
2023-10-12,417,South,24101,15814.0,,07:54:19,07:54:19,1,3275,1st St & Mukilteo Station,0.0,0.0
2023-10-12,417,South,24101,15814.0,,07:55:55,07:55:55,2,1455,Hwy 525 & 3rd St,0.0,0.0
2023-10-12,417,South,24101,15814.0,,07:56:02,07:56:02,3,3281,Hwy 525 & 5th St,0.0,0.0
2023-10-12,417,South,24101,15814.0,,07:56:45,07:56:45,4,1472,Hwy 525 & Goat Trail Rd,0.0,0.0
2023-10-12,417,South,24101,15814.0,,07:58:33,07:58:33,5,1470,Hwy 525 & Clover Ln,0.0,0.0
2023-10-12,417,South,24101,15814.0,,08:00:03,08:00:03,6,1468,Hwy 525 & 76th St SW,0.0,0.0
2023-10-12,417,South,24101,15814.0,,08:00:53,08:00:53,7,1469,Hwy 525 & 80th St SW,0.0,0.0
2023-10-12,417,South,24101,15814.0,,08:01:10,08:01:10,8,1456,Hwy 525 & 81st Pl SW,0.0,0.0
2023-10-12,417,South,24101,15814.0,,08:01:37,08:01:56,9,1457,Hwy 525 & 84th St SW,1.0,0.0
2023-10-12,417,South,24101,15814.0,,08:02:32,08:03:29,10,1458,Hwy 525 & 88th St SW,1.0,0.0
2023-10-12,417,South,24101,15814.0,08:02:00,08:04:09,08:04:34,11,1459,Hwy 525 & 92nd St SW,1.0,0.0
2023-10-12,417,South,24101,15814.0,,08:07:20,08:07:20,12,1466,Hwy 525 & Harbour Pointe Blvd,0.0,0.0
2023-10-12,417,South,24101,15814.0,,08:09:07,08:09:47,13,1461,Hwy 525 & Chennault Beach Rd,2.0,0.0
2023-10-12,417,South,24101,15814.0,,08:10:16,08:10:16,14,1464,Hwy 525 & Russell Rd,0.0,0.0
2023-10-12,417,South,24101,15814.0,,08:12:31,08:12:57,15,1462,Hwy 525 & Harbour Pointe Blvd SW,4.0,0.0
2023-10-12,417,South,24101,15814.0,08:11:00,08:15:44,08:16:54,16,1460,Hwy 525 & Beverly Park Rd,2.0,0.0
2023-10-12,417,South,24101,15814.0,,08:18:25,08:19:00,17,1467,Hwy 525 & Lincoln Way,6.0,0.0
2023-10-12,417,South,24101,15814.0,08:53:00,08:59:43,09:00:10,21,1909,Stewart St & 9th Ave,0.0,8.0
2023-10-12,417,South,24101,15814.0,,09:00:36,09:01:05,22,1908,Stewart St & 7th Ave,0.0,8.0
2023-10-12,417,South,24101,15814.0,,09:03:12,09:03:12,23,1907,Stewart St & 4th Ave,0.0,0.0
2023-10-12,417,South,24101,15814.0,,09:05:37,09:05:55,24,1079,2nd Ave & Stewart St,0.0,1.0
2023-10-12,417,South,24101,15814.0,09:04:00,09:08:00,09:08:00,25,2909,2nd Ave & Seneca St,0.0,0.0
2023-10-12,417,South,24101,15814.0,,09:09:50,09:10:05,26,2631,2nd Ave & Cherry St,0.0,1.0
2023-10-12,417,South,24101,15814.0,09:10:00,09:11:40,09:11:40,27,2349,2nd Ave Ext S & Yesler Way,0.0,0.0
2023-10-13,417,North,24094,19820.0,15:11:00,15:11:09,15:11:09,0,640,4th Ave S & S Jackson St,4.0,0.0
2023-10-13,417,North,24094,19820.0,,15:12:31,15:12:31,1,635,4th Ave S & S Washington St,0.0,0.0
2023-10-13,417,North,24094,19820.0,,15:13:12,15:13:46,2,2638,4th Ave & Cherry St,5.0,0.0
2023-10-13,417,North,24094,19820.0,,15:16:09,15:16:31,3,641,4th Ave & Seneca St,2.0,0.0
2023-10-13,417,North,24094,19820.0,15:17:00,15:17:26,15:17:40,4,2976,4th Ave & Pine St,1.0,0.0
2023-10-13,417,North,24094,19820.0,,15:19:31,15:20:32,5,473,Olive Way & 6th Ave,7.0,0.0
2023-10-13,417,North,24094,19820.0,15:21:00,15:21:09,15:21:35,6,430,Howell St & 9th Ave,4.0,0.0
2023-10-13,417,North,24094,19820.0,,15:24:37,15:25:10,7,431,Howell St & Yale Ave,3.0,0.0
2023-10-13,417,North,24094,19820.0,,16:00:15,16:00:37,11,970,Hwy 525 & Lincoln Way,0.0,3.0
2023-10-13,417,North,24094,19820.0,16:06:00,16:05:47,16:06:08,12,966,Hwy 525 & Beverly Park Rd,0.0,8.0
2023-10-13,417,North,24094,19820.0,,16:07:53,16:08:13,13,969,Hwy 525 & Harbour Pointe Blvd SW,0.0,4.0
2023-10-13,417,North,24094,19820.0,,16:10:00,16:10:00,14,974,Hwy 525 & Chennault Beach Rd,0.0,0.0
2023-10-13,417,North,24094,19820.0,,16:10:37,16:10:37,15,975,Hwy 525 & Harbour Pointe Blvd,0.0,0.0
2023-10-13,417,North,24094,19820.0,16:16:00,16:13:01,16:13:14,16,965,Hwy 525 & 92nd St SW,0.0,2.0
2023-10-13,417,North,24094,19820.0,,16:14:57,16:14:57,17,964,Hwy 525 & 84th St SW,0.0,0.0
2023-10-13,417,North,24094,19820.0,,16:15:21,16:15:21,18,963,Hwy 525 & 80th St SW,0.0,0.0
2023-10-13,417,North,24094,19820.0,,16:15:49,16:16:13,19,973,Hwy 525 & 76th St SW,0.0,2.0
2023-10-13,417,North,24094,19820.0,,16:17:03,16:17:03,20,967,Hwy 525 & Clover Ln,0.0,0.0
2023-10-13,417,North,24094,19820.0,,16:17:30,16:17:30,21,972,Hwy 525 & 15th Pl,0.0,0.0
2023-10-13,417,North,24094,19820.0,,16:17:50,16:17:50,22,968,Hwy 525 & Goat Trail Rd,0.0,0.0
2023-10-13,417,North,24094,19820.0,,16:19:02,16:19:14,23,3280,Hwy 525 & 5th St,0.0,1.0
2023-10-13,417,North,24094,19820.0,,16:20:36,16:20:36,24,3274,1st St & Mukilteo Station,0.0,0.0
2023-10-13,417,North,24094,19820.0,16:30:00,16:21:33,16:21:33,25,3265,Mukilteo Ferry Terminal Bay 2,0.0,6.0
2023-10-13,417,North,24095,19854.0,16:11:00,16:12:33,16:12:33,0,640,4th Ave S & S Jackson St,2.0,0.0
2023-10-13,417,North,24095,19854.0,,16:13:56,16:13:56,1,635,4th Ave S & S Washington St,0.0,0.0
2023-10-13,417,North,24095,19854.0,,16:14:39,16:15:01,2,2638,4th Ave & Cherry St,2.0,0.0
2023-10-13,417,North,24095,19854.0,,16:16:47,16:17:51,3,641,4th Ave & Seneca St,3.0,0.0
2023-10-13,417,North,24095,19854.0,16:17:00,16:19:01,16:19:53,4,2976,4th Ave & Pine St,2.0,0.0
2023-10-13,417,North,24095,19854.0,,16:20:53,16:22:06,5,473,Olive Way & 6th Ave,1.0,0.0
2023-10-13,417,North,24095,19854.0,16:21:00,16:23:36,16:24:01,6,430,Howell St & 9th Ave,0.0,0.0
2023-10-13,417,North,24095,19854.0,,16:27:42,16:28:31,7,431,Howell St & Yale Ave,3.0,0.0
2023-10-13,417,North,24095,19854.0,,17:04:10,17:04:30,11,970,Hwy 525 & Lincoln Way,0.0,2.0
2023-10-13,417,North,24095,19854.0,17:08:00,17:07:38,17:08:08,12,966,Hwy 525 & Beverly Park Rd,0.0,5.0
2023-10-13,417,North,24095,19854.0,,17:09:33,17:10:02,13,969,Hwy 525 & Harbour Pointe Blvd SW,0.0,2.0
2023-10-13,417,North,24095,19854.0,,17:11:06,17:11:06,14,974,Hwy 525 & Chennault Beach Rd,0.0,0.0
2023-10-13,417,North,24095,19854.0,,17:12:07,17:12:07,15,975,Hwy 525 & Harbour Pointe Blvd,0.0,0.0
2023-10-13,417,North,24095,19854.0,17:18:00,17:14:03,17:14:22,16,965,Hwy 525 & 92nd St SW,0.0,1.0
2023-10-13,417,North,24095,19854.0,,17:16:02,17:16:02,17,964,Hwy 525 & 84th St SW,0.0,0.0
2023-10-13,417,North,24095,19854.0,,17:16:27,17:16:27,18,963,Hwy 525 & 80th St SW,0.0,0.0
2023-10-13,417,North,24095,19854.0,,17:16:47,17:16:47,19,973,Hwy 525 & 76th St SW,0.0,0.0
2023-10-13,417,North,24095,19854.0,,17:17:25,17:17:25,20,967,Hwy 525 & Clover Ln,0.0,0.0
2023-10-13,417,North,24095,19854.0,,17:17:56,17:17:56,21,972,Hwy 525 & 15th Pl,0.0,0.0
2023-10-13,417,North,24095,19854.0,,17:18:16,17:18:16,22,968,Hwy 525 & Goat Trail Rd,0.0,0.0
2023-10-13,417,North,24095,19854.0,,17:19:32,17:19:46,23,3280,Hwy 525 & 5th St,0.0,2.0
2023-10-13,417,North,24095,19854.0,,17:21:21,17:21:33,24,3274,1st St & Mukilteo Station,0.0,1.0
2023-10-13,417,North,24095,19854.0,17:31:00,17:22:38,17:22:38,25,3265,Mukilteo Ferry Terminal Bay 2,0.0,0.0
2023-10-13,417,North,24096,17860.0,17:22:00,17:22:24,17:22:24,0,640,4th Ave S & S Jackson St,1.0,0.0
2023-10-13,417,North,24096,17860.0,,17:22:53,17:23:04,1,635,4th Ave S & S Washington St,0.0,0.0
2023-10-13,417,North,24096,17860.0,,17:24:05,17:24:16,2,2638,4th Ave & Cherry St,0.0,0.0
2023-10-13,417,North,24096,17860.0,,17:25:45,17:26:52,3,641,4th Ave & Seneca St,4.0,0.0
2023-10-13,417,North,24096,17860.0,17:28:00,17:28:57,17:29:06,4,2976,4th Ave & Pine St,0.0,0.0
2023-10-13,417,North,24096,17860.0,,17:30:04,17:31:24,5,473,Olive Way & 6th Ave,2.0,0.0
2023-10-13,417,North,24096,17860.0,17:32:00,17:32:57,17:33:08,6,430,Howell St & 9th Ave,0.0,0.0
2023-10-13,417,North,24096,17860.0,,17:36:40,17:36:52,7,431,Howell St & Yale Ave,1.0,0.0
2023-10-13,417,North,24096,17860.0,,18:02:38,18:02:55,11,970,Hwy 525 & Lincoln Way,0.0,3.0
2023-10-13,417,North,24096,17860.0,18:14:00,18:06:47,18:07:07,12,966,Hwy 525 & Beverly Park Rd,0.0,3.0
2023-10-13,417,North,24096,17860.0,,18:08:16,18:08:29,13,969,Hwy 525 & Harbour Pointe Blvd SW,0.0,1.0
2023-10-13,417,North,24096,17860.0,,18:10:07,18:10:07,14,974,Hwy 525 & Chennault Beach Rd,0.0,0.0
2023-10-13,417,North,24096,17860.0,,18:11:22,18:11:22,15,975,Hwy 525 & Harbour Pointe Blvd,0.0,0.0
2023-10-13,417,North,24096,17860.0,18:22:00,18:14:04,18:14:23,16,965,Hwy 525 & 92nd St SW,0.0,1.0
2023-10-13,417,North,24096,17860.0,,18:15:51,18:15:51,17,964,Hwy 525 & 84th St SW,0.0,0.0
2023-10-13,417,North,24096,17860.0,,18:16:18,18:16:18,18,963,Hwy 525 & 80th St SW,0.0,0.0
2023-10-13,417,North,24096,17860.0,,18:16:38,18:16:38,19,973,Hwy 525 & 76th St SW,0.0,0.0
2023-10-13,417,North,24096,17860.0,,18:17:28,18:17:28,20,967,Hwy 525 & Clover Ln,0.0,0.0
2023-10-13,417,North,24096,17860.0,,18:17:57,18:17:57,21,972,Hwy 525 & 15th Pl,0.0,0.0
2023-10-13,417,North,24096,17860.0,,18:18:20,18:18:20,22,968,Hwy 525 & Goat Trail Rd,0.0,0.0
2023-10-13,417,North,24096,17860.0,,18:19:28,18:19:28,23,3280,Hwy 525 & 5th St,0.0,0.0
2023-10-13,417,North,24096,17860.0,,18:20:56,18:20:56,24,3274,1st St & Mukilteo Station,0.0,0.0
2023-10-13,417,North,24096,17860.0,18:31:00,18:21:49,18:21:49,25,3265,Mukilteo Ferry Terminal Bay 2,0.0,0.0
2023-10-13,417,North,24097,15820.0,17:55:00,17:55:42,17:55:42,0,640,4th Ave S & S Jackson St,1.0,0.0
2023-10-13,417,North,24097,15820.0,,17:56:17,17:56:23,1,635,4th Ave S & S Washington St,0.0,0.0
2023-10-13,417,North,24097,15820.0,,17:57:52,17:58:03,2,2638,4th Ave & Cherry St,0.0,0.0
2023-10-13,417,North,24097,15820.0,,17:59:57,18:00:20,3,641,4th Ave & Seneca St,3.0,0.0
2023-10-13,417,North,24097,15820.0,18:00:00,18:03:31,18:03:40,4,2976,4th Ave & Pine St,0.0,0.0
2023-10-13,417,North,24097,15820.0,,18:05:39,18:05:49,5,473,Olive Way & 6th Ave,0.0,0.0
2023-10-13,417,North,24097,15820.0,18:04:00,18:07:25,18:07:34,6,430,Howell St & 9th Ave,0.0,0.0
2023-10-13,417,North,24097,15820.0,,18:09:36,18:09:51,7,431,Howell St & Yale Ave,0.0,2.0
2023-10-13,417,North,24097,15820.0,,18:30:49,18:31:31,11,970,Hwy 525 & Lincoln Way,2.0,2.0
2023-10-13,417,North,24097,15820.0,18:38:00,18:34:17,18:34:17,12,966,Hwy 525 & Beverly Park Rd,0.0,0.0
2023-10-13,417,North,24097,15820.0,,18:35:10,18:35:41,13,969,Hwy 525 & Harbour Pointe Blvd SW,1.0,1.0
2023-10-13,417,North,24097,15820.0,,18:37:01,18:37:01,14,974,Hwy 525 & Chennault Beach Rd,0.0,0.0
2023-10-13,417,North,24097,15820.0,,18:38:12,18:38:12,15,975,Hwy 525 & Harbour Pointe Blvd,0.0,0.0
2023-10-13,417,North,24097,15820.0,18:46:00,18:40:23,18:40:42,16,965,Hwy 525 & 92nd St SW,0.0,1.0
2023-10-13,417,North,24097,15820.0,,18:42:12,18:42:24,17,964,Hwy 525 & 84th St SW,0.0,1.0
2023-10-13,417,North,24097,15820.0,,18:42:52,18:42:52,18,963,Hwy 525 & 80th St SW,0.0,0.0
2023-10-13,417,North,24097,15820.0,,18:43:14,18:43:14,19,973,Hwy 525 & 76th St SW,0.0,0.0
2023-10-13,417,North,24097,15820.0,,18:43:57,18:43:57,20,967,Hwy 525 & Clover Ln,0.0,0.0
2023-10-13,417,North,24097,15820.0,,18:44:23,18:44:23,21,972,Hwy 525 & 15th Pl,0.0,0.0
2023-10-13,417,North,24097,15820.0,,18:44:41,18:44:41,22,968,Hwy 525 & Goat Trail Rd,0.0,0.0
2023-10-13,417,North,24097,15820.0,,18:45:28,18:45:28,23,3280,Hwy 525 & 5th St,0.0,0.0
2023-10-13,417,North,24097,15820.0,,18:46:54,18:46:54,24,3274,1st St & Mukilteo Station,0.0,0.0
2023-10-13,417,North,24097,15820.0,18:55:00,18:47:53,18:47:53,25,3265,Mukilteo Ferry Terminal Bay 2,0.0,0.0
2023-10-13,417,South,24098,15819.0,05:51:00,05:51:44,05:51:44,0,3265,Mukilteo Ferry Terminal Bay 2,1.0,0.0
2023-10-13,417,South,24098,15819.0,,05:52:39,05:52:39,1,3275,1st St & Mukilteo Station,0.0,0.0
2023-10-13,417,South,24098,15819.0,,05:54:08,05:54:08,2,1455,Hwy 525 & 3rd St,0.0,0.0
2023-10-13,417,South,24098,15819.0,,05:54:17,05:54:17,3,3281,Hwy 525 & 5th St,0.0,0.0
2023-10-13,417,South,24098,15819.0,,05:55:04,05:55:04,4,1472,Hwy 525 & Goat Trail Rd,0.0,0.0
2023-10-13,417,South,24098,15819.0,,05:55:58,05:55:58,5,1470,Hwy 525 & Clover Ln,0.0,0.0
2023-10-13,417,South,24098,15819.0,,05:56:45,05:56:45,6,1468,Hwy 525 & 76th St SW,0.0,0.0
2023-10-13,417,South,24098,15819.0,,05:57:15,05:57:15,7,1469,Hwy 525 & 80th St SW,0.0,0.0
2023-10-13,417,South,24098,15819.0,,05:57:31,05:57:31,8,1456,Hwy 525 & 81st Pl SW,0.0,0.0
2023-10-13,417,South,24098,15819.0,,05:57:59,05:58:14,9,1457,Hwy 525 & 84th St SW,1.0,0.0
2023-10-13,417,South,24098,15819.0,,05:58:46,05:58:46,10,1458,Hwy 525 & 88th St SW,0.0,0.0
2023-10-13,417,South,24098,15819.0,05:58:00,05:59:22,05:59:45,11,1459,Hwy 525 & 92nd St SW,3.0,0.0
2023-10-13,417,South,24098,15819.0,,06:01:57,06:01:57,12,1466,Hwy 525 & Harbour Pointe Blvd,0.0,0.0
2023-10-13,417,South,24098,15819.0,,06:02:59,06:03:21,13,1461,Hwy 525 & Chennault Beach Rd,1.0,0.0
2023-10-13,417,South,24098,15819.0,,06:03:49,06:03:49,14,1464,Hwy 525 & Russell Rd,0.0,0.0
2023-10-13,417,South,24098,15819.0,,06:04:46,06:05:15,15,1462,Hwy 525 & Harbour Pointe Blvd SW,2.0,0.0
2023-10-13,417,South,24098,15819.0,06:05:00,06:07:10,06:07:38,16,1460,Hwy 525 & Beverly Park Rd,1.0,0.0
2023-10-13,417,South,24098,15819.0,,06:08:58,06:09:09,17,1467,Hwy 525 & Lincoln Way,0.0,0.0
2023-10-13,417,South,24098,15819.0,06:33:00,06:32:48,06:33:09,21,1909,Stewart St & 9th Ave,0.0,3.0
2023-10-13,417,South,24098,15819.0,,06:33:56,06:33:56,22,1908,Stewart St & 7th Ave,0.0,0.0
2023-10-13,417,South,24098,15819.0,,06:36:19,06:36:39,23,1907,Stewart St & 4th Ave,0.0,2.0
2023-10-13,417,South,24098,15819.0,,06:38:18,06:38:31,24,1079,2nd Ave & Stewart St,0.0,0.0
2023-10-13,417,South,24098,15819.0,06:41:00,06:39:42,06:40:38,25,2909,2nd Ave & Seneca St,0.0,2.0
2023-10-13,417,South,24098,15819.0,,06:41:57,06:42:11,26,2631,2nd Ave & Cherry St,0.0,1.0
2023-10-13,417,South,24098,15819.0,06:45:00,06:43:08,06:43:08,27,2349,2nd Ave Ext S & Yesler Way,0.0,1.0
2023-10-13,417,South,24099,19816.0,06:22:00,06:22:33,06:22:33,0,3265,Mukilteo Ferry Terminal Bay 2,2.0,0.0
2023-10-13,417,South,24099,19816.0,,06:23:43,06:23:43,1,3275,1st St & Mukilteo Station,0.0,0.0
2023-10-13,417,South,24099,19816.0,,06:25:22,06:25:22,2,1455,Hwy 525 & 3rd St,0.0,0.0
2023-10-13,417,South,24099,19816.0,,06:25:33,06:25:33,3,3281,Hwy 525 & 5th St,0.0,0.0
2023-10-13,417,South,24099,19816.0,,06:26:30,06:26:30,4,1472,Hwy 525 & Goat Trail Rd,0.0,0.0
2023-10-13,417,South,24099,19816.0,,06:27:39,06:27:39,5,1470,Hwy 525 & Clover Ln,0.0,0.0
2023-10-13,417,South,24099,19816.0,,06:28:35,06:29:04,6,1468,Hwy 525 & 76th St SW,1.0,0.0
2023-10-13,417,South,24099,19816.0,,06:29:46,06:29:46,7,1469,Hwy 525 & 80th St SW,0.0,0.0
2023-10-13,417,South,24099,19816.0,,06:30:08,06:30:08,8,1456,Hwy 525 & 81st Pl SW,0.0,0.0
2023-10-13,417,South,24099,19816.0,,06:30:42,06:30:42,9,1457,Hwy 525 & 84th St SW,0.0,0.0
2023-10-13,417,South,24099,19816.0,,06:31:13,06:31:13,10,1458,Hwy 525 & 88th St SW,0.0,0.0
2023-10-13,417,South,24099,19816.0,06:29:00,06:31:52,06:32:22,11,1459,Hwy 525 & 92nd St SW,2.0,0.0
2023-10-13,417,South,24099,19816.0,,06:34:37,06:34:37,12,1466,Hwy 525 & Harbour Pointe Blvd,0.0,0.0
2023-10-13,417,South,24099,19816.0,,06:35:26,06:35:26,13,1461,Hwy 525 & Chennault Beach Rd,0.0,0.0
2023-10-13,417,South,24099,19816.0,,06:35:49,06:35:49,14,1464,Hwy 525 & Russell Rd,0.0,0.0
2023-10-13,417,South,24099,19816.0,,06:36:49,06:37:44,15,1462,Hwy 525 & Harbour Pointe Blvd SW,3.0,0.0
2023-10-13,417,South,24099,19816.0,06:36:00,06:38:59,06:39:43,16,1460,Hwy 525 & Beverly Park Rd,2.0,0.0
2023-10-13,417,South,24099,19816.0,,06:41:03,06:41:20,17,1467,Hwy 525 & Lincoln Way,2.0,0.0
2023-10-13,417,South,24099,19816.0,07:08:00,07:05:58,07:06:10,21,1909,Stewart St & 9th Ave,0.0,1.0
2023-10-13,417,South,24099,19816.0,,07:06:39,07:07:01,22,1908,Stewart St & 7th Ave,0.0,3.0
2023-10-13,417,South,24099,19816.0,,07:09:22,07:09:44,23,1907,Stewart St & 4th Ave,0.0,5.0
2023-10-13,417,South,24099,19816.0,,07:11:34,07:12:08,24,1079,2nd Ave & Stewart St,0.0,0.0
2023-10-13,417,South,24099,19816.0,07:16:00,07:13:54,07:14:04,25,2909,2nd Ave & Seneca St,0.0,1.0
2023-10-13,417,South,24099,19816.0,,07:14:54,07:15:28,26,2631,2nd Ave & Cherry St,0.0,1.0
2023-10-13,417,South,24099,19816.0,07:20:00,07:16:19,07:16:19,27,2349,2nd Ave Ext S & Yesler Way,0.0,1.0
2023-10-13,417,South,24100,15804.0,06:52:00,06:53:45,06:53:45,0,3265,Mukilteo Ferry Terminal Bay 2,1.0,0.0
2023-10-13,417,South,24100,15804.0,,06:54:46,06:54:46,1,3275,1st St & Mukilteo Station,0.0,0.0
2023-10-13,417,South,24100,15804.0,,06:56:21,06:56:40,2,1455,Hwy 525 & 3rd St,1.0,0.0
2023-10-13,417,South,24100,15804.0,,06:56:55,06:56:55,3,3281,Hwy 525 & 5th St,0.0,0.0
2023-10-13,417,South,24100,15804.0,,06:57:43,06:57:43,4,1472,Hwy 525 & Goat Trail Rd,0.0,0.0
2023-10-13,417,South,24100,15804.0,,06:58:43,06:58:43,5,1470,Hwy 525 & Clover Ln,0.0,0.0
2023-10-13,417,South,24100,15804.0,,06:59:30,06:59:30,6,1468,Hwy 525 & 76th St SW,0.0,0.0
2023-10-13,417,South,24100,15804.0,,07:00:05,07:00:05,7,1469,Hwy 525 & 80th St SW,0.0,0.0
2023-10-13,417,South,24100,15804.0,,07:00:24,07:00:24,8,1456,Hwy 525 & 81st Pl SW,0.0,0.0
2023-10-13,417,South,24100,15804.0,,07:01:02,07:01:02,9,1457,Hwy 525 & 84th St SW,0.0,0.0
2023-10-13,417,South,24100,15804.0,,07:01:36,07:01:36,10,1458,Hwy 525 & 88th St SW,0.0,0.0
2023-10-13,417,South,24100,15804.0,07:00:00,07:02:22,07:02:39,11,1459,Hwy 525 & 92nd St SW,1.0,0.0
2023-10-13,417,South,24100,15804.0,,07:04:51,07:04:51,12,1466,Hwy 525 & Harbour Pointe Blvd,0.0,0.0
2023-10-13,417,South,24100,15804.0,,07:06:37,07:06:37,13,1461,Hwy 525 & Chennault Beach Rd,0.0,0.0
2023-10-13,417,South,24100,15804.0,,07:07:02,07:07:02,14,1464,Hwy 525 & Russell Rd,0.0,0.0
2023-10-13,417,South,24100,15804.0,,07:08:07,07:08:07,15,1462,Hwy 525 & Harbour Pointe Blvd SW,0.0,0.0
2023-10-13,417,South,24100,15804.0,07:09:00,07:09:41,07:10:59,16,1460,Hwy 525 & Beverly Park Rd,10.0,0.0
2023-10-13,417,South,24100,15804.0,,07:12:30,07:12:56,17,1467,Hwy 525 & Lincoln Way,3.0,1.0
2023-10-13,417,South,24100,15804.0,07:49:00,07:48:13,07:48:56,21,1909,Stewart St & 9th Ave,0.0,6.0
2023-10-13,417,South,24100,15804.0,,07:49:42,07:50:09,22,1908,Stewart St & 7th Ave,0.0,5.0
2023-10-13,417,South,24100,15804.0,,07:52:56,07:53:45,23,1907,Stewart St & 4th Ave,0.0,2.0
2023-10-13,417,South,24100,15804.0,,07:55:55,07:56:15,24,1079,2nd Ave & Stewart St,0.0,1.0
2023-10-13,417,South,24100,15804.0,07:57:00,07:58:56,07:58:56,25,2909,2nd Ave & Seneca St,0.0,0.0
2023-10-13,417,South,24100,15804.0,,08:01:06,08:01:06,26,2631,2nd Ave & Cherry St,0.0,0.0
2023-10-13,417,South,24100,15804.0,08:01:00,08:01:47,08:01:47,27,2349,2nd Ave Ext S & Yesler Way,0.0,1.0
2023-10-13,417,South,24101,15819.0,07:53:00,07:53:26,07:53:26,0,3265,Mukilteo Ferry Terminal Bay 2,1.0,0.0
2023-10-13,417,South,24101,15819.0,,07:54:15,07:54:15,1,3275,1st St & Mukilteo Station,0.0,0.0
2023-10-13,417,South,24101,15819.0,,07:55:47,07:55:47,2,1455,Hwy 525 & 3rd St,0.0,0.0
2023-10-13,417,South,24101,15819.0,,07:55:53,07:55:53,3,3281,Hwy 525 & 5th St,0.0,0.0
2023-10-13,417,South,24101,15819.0,,07:56:38,07:57:06,4,1472,Hwy 525 & Goat Trail Rd,1.0,0.0
2023-10-13,417,South,24101,15819.0,,07:58:10,07:58:10,5,1470,Hwy 525 & Clover Ln,0.0,0.0
2023-10-13,417,South,24101,15819.0,,07:59:15,07:59:38,6,1468,Hwy 525 & 76th St SW,1.0,0.0
2023-10-13,417,South,24101,15819.0,,08:00:28,08:00:28,7,1469,Hwy 525 & 80th St SW,0.0,0.0
2023-10-13,417,South,24101,15819.0,,08:00:52,08:01:29,8,1456,Hwy 525 & 81st Pl SW,1.0,0.0
2023-10-13,417,South,24101,15819.0,,08:01:57,08:01:57,9,1457,Hwy 525 & 84th St SW,0.0,0.0
2023-10-13,417,South,24101,15819.0,,08:02:29,08:02:46,10,1458,Hwy 525 & 88th St SW,1.0,0.0
2023-10-13,417,South,24101,15819.0,08:02:00,08:03:22,08:03:22,11,1459,Hwy 525 & 92nd St SW,0.0,0.0
2023-10-13,417,South,24101,15819.0,,08:05:51,08:06:07,12,1466,Hwy 525 & Harbour Pointe Blvd,1.0,0.0
2023-10-13,417,South,24101,15819.0,,08:06:57,08:06:57,13,1461,Hwy 525 & Chennault Beach Rd,0.0,0.0
2023-10-13,417,South,24101,15819.0,,08:07:18,08:07:18,14,1464,Hwy 525 & Russell Rd,0.0,0.0
2023-10-13,417,South,24101,15819.0,,08:08:33,08:09:04,15,1462,Hwy 525 & Harbour Pointe Blvd SW,1.0,0.0
2023-10-13,417,South,24101,15819.0,08:11:00,08:11:54,08:12:31,16,1460,Hwy 525 & Beverly Park Rd,5.0,0.0
2023-10-13,417,South,24101,15819.0,,08:13:45,08:14:17,17,1467,Hwy 525 & Lincoln Way,5.0,0.0
2023-10-13,417,South,24101,15819.0,08:53:00,08:39:21,08:40:04,21,1909,Stewart St & 9th Ave,4.0,8.0
2023-10-13,417,South,24101,15819.0,,08:40:42,08:41:08,22,1908,Stewart St & 7th Ave,0.0,4.0
2023-10-13,417,South,24101,15819.0,,08:42:20,08:42:47,23,1907,Stewart St & 4th Ave,0.0,5.0
2023-10-13,417,South,24101,15819.0,,08:44:27,08:45:03,24,1079,2nd Ave & Stewart St,0.0,2.0
2023-10-13,417,South,24101,15819.0,09:04:00,08:47:01,08:47:01,25,2909,2nd Ave & Seneca St,0.0,0.0
2023-10-13,417,South,24101,15819.0,,08:47:52,08:48:14,26,2631,2nd Ave & Cherry St,0.0,1.0
2023-10-13,417,South,24101,15819.0,09:10:00,08:49:39,08:49:39,27,2349,2nd Ave Ext S & Yesler Way,0.0,1.0
2023-10-16,417,North,24094,19813.0,15:11:00,15:11:53,15:11:53,0,640,4th Ave S & S Jackson St,2.0,0.0
2023-10-16,417,North,24094,19813.0,,15:12:18,15:12:18,1,635,4th Ave S & S Washington St,0.0,0.0
2023-10-16,417,North,24094,19813.0,,15:13:05,15:13:26,2,2638,4th Ave & Cherry St,3.0,0.0
2023-10-16,417,North,24094,19813.0,,15:15:09,15:16:17,3,641,4th Ave & Seneca St,0.0,0.0
2023-10-16,417,North,24094,19813.0,15:17:00,15:17:42,15:18:23,4,2976,4th Ave & Pine St,0.0,0.0
2023-10-16,417,North,24094,19813.0,,15:20:52,15:22:07,5,473,Olive Way & 6th Ave,6.0,0.0
2023-10-16,417,North,24094,19813.0,15:21:00,15:23:45,15:24:37,6,430,Howell St & 9th Ave,2.0,0.0
2023-10-16,417,North,24094,19813.0,,15:27:39,15:28:15,7,431,Howell St & Yale Ave,5.0,0.0
2023-10-16,417,North,24094,19813.0,,15:49:28,15:49:45,11,970,Hwy 525 & Lincoln Way,0.0,4.0
2023-10-16,417,North,24094,19813.0,16:06:00,15:53:46,15:54:12,12,966,Hwy 525 & Beverly Park Rd,0.0,3.0
2023-10-16,417,North,24094,19813.0,,15:56:12,15:56:43,13,969,Hwy 525 & Harbour Pointe Blvd SW,0.0,3.0
2023-10-16,417,North,24094,19813.0,,15:58:35,15:58:35,14,974,Hwy 525 & Chennault Beach Rd,0.0,0.0
2023-10-16,417,North,24094,19813.0,,15:59:50,15:59:50,15,975,Hwy 525 & Harbour Pointe Blvd,0.0,0.0
2023-10-16,417,North,24094,19813.0,16:16:00,16:01:28,16:01:50,16,965,Hwy 525 & 92nd St SW,0.0,2.0
2023-10-16,417,North,24094,19813.0,,16:03:42,16:03:58,17,964,Hwy 525 & 84th St SW,0.0,2.0
2023-10-16,417,North,24094,19813.0,,16:04:29,16:04:29,18,963,Hwy 525 & 80th St SW,0.0,0.0
2023-10-16,417,North,24094,19813.0,,16:04:51,16:04:51,19,973,Hwy 525 & 76th St SW,0.0,0.0
2023-10-16,417,North,24094,19813.0,,16:05:39,16:05:52,20,967,Hwy 525 & Clover Ln,1.0,0.0
2023-10-16,417,North,24094,19813.0,,16:06:23,16:06:23,21,972,Hwy 525 & 15th Pl,0.0,0.0
2023-10-16,417,North,24094,19813.0,,16:06:43,16:06:43,22,968,Hwy 525 & Goat Trail Rd,0.0,0.0
2023-10-16,417,North,24094,19813.0,,16:08:28,16:08:41,23,3280,Hwy 525 & 5th St,0.0,1.0
2023-10-16,417,North,24094,19813.0,,16:10:08,16:10:08,24,3274,1st St & Mukilteo Station,0.0,0.0
2023-10-16,417,North,24094,19813.0,16:30:00,16:10:57,16:10:57,25,3265,Mukilteo Ferry Terminal Bay 2,0.0,4.0
2023-10-16,417,North,24095,17865.0,16:11:00,16:12:14,16:12:14,0,640,4th Ave S & S Jackson St,3.0,0.0
2023-10-16,417,North,24095,17865.0,,16:13:41,16:13:41,1,635,4th Ave S & S Washington St,0.0,0.0
2023-10-16,417,North,24095,17865.0,,16:14:26,16:14:47,2,2638,4th Ave & Cherry St,1.0,0.0
2023-10-16,417,North,24095,17865.0,,16:16:38,16:17:43,3,641,4th Ave & Seneca St,2.0,0.0
2023-10-16,417,North,24095,17865.0,16:17:00,16:19:13,16:19:47,4,2976,4th Ave & Pine St,1.0,0.0
2023-10-16,417,North,24095,17865.0,,16:20:49,16:22:01,5,473,Olive Way & 6th Ave,3.0,0.0
2023-10-16,417,North,24095,17865.0,16:21:00,16:23:34,16:24:33,6,430,Howell St & 9th Ave,3.0,0.0
2023-10-16,417,North,24095,17865.0,,16:27:38,16:27:53,7,431,Howell St & Yale Ave,1.0,0.0
2023-10-16,417,North,24095,17865.0,,16:51:16,16:51:40,11,970,Hwy 525 & Lincoln Way,0.0,1.0
2023-10-16,417,North,24095,17865.0,17:08:00,16:56:02,16:56:40,12,966,Hwy 525 & Beverly Park Rd,0.0,4.0
2023-10-16,417,North,24095,17865.0,,16:58:39,16:59:06,13,969,Hwy 525 & Harbour Pointe Blvd SW,0.0,3.0
2023-10-16,417,North,24095,17865.0,,17:01:10,17:01:10,14,974,Hwy 525 & Chennault Beach Rd,0.0,0.0
2023-10-16,417,North,24095,17865.0,,17:01:48,17:01:48,15,975,Hwy 525 & Harbour Pointe Blvd,0.0,0.0
2023-10-16,417,North,24095,17865.0,17:18:00,17:03:38,17:04:06,16,965,Hwy 525 & 92nd St SW,0.0,2.0
2023-10-16,417,North,24095,17865.0,,17:05:30,17:05:52,17,964,Hwy 525 & 84th St SW,0.0,1.0
2023-10-16,417,North,24095,17865.0,,17:06:31,17:06:31,18,963,Hwy 525 & 80th St SW,0.0,0.0
2023-10-16,417,North,24095,17865.0,,17:07:00,17:07:22,19,973,Hwy 525 & 76th St SW,0.0,1.0
2023-10-16,417,North,24095,17865.0,,17:08:14,17:08:14,20,967,Hwy 525 & Clover Ln,0.0,0.0
2023-10-16,417,North,24095,17865.0,,17:08:40,17:08:40,21,972,Hwy 525 & 15th Pl,0.0,0.0
2023-10-16,417,North,24095,17865.0,,17:08:56,17:08:56,22,968,Hwy 525 & Goat Trail Rd,0.0,0.0
2023-10-16,417,North,24095,17865.0,,17:10:09,17:10:09,23,3280,Hwy 525 & 5th St,0.0,0.0
2023-10-16,417,North,24095,17865.0,,17:11:39,17:11:39,24,3274,1st St & Mukilteo Station,0.0,0.0
2023-10-16,417,North,24095,17865.0,17:31:00,17:12:36,17:12:36,25,3265,Mukilteo Ferry Terminal Bay 2,0.0,2.0
2023-10-16,417,North,24096,15816.0,17:22:00,17:22:28,17:22:28,0,640,4th Ave S & S Jackson St,1.0,0.0
2023-10-16,417,North,24096,15816.0,,17:23:04,17:23:16,1,635,4th Ave S & S Washington St,0.0,0.0
2023-10-16,417,North,24096,15816.0,,17:25:05,17:25:18,2,2638,4th Ave & Cherry St,0.0,0.0
2023-10-16,417,North,24096,15816.0,,17:28:09,17:28:31,3,641,4th Ave & Seneca St,3.0,0.0
2023-10-16,417,North,24096,15816.0,17:28:00,17:29:44,17:30:21,4,2976,4th Ave & Pine St,0.0,0.0
2023-10-16,417,North,24096,15816.0,,17:31:27,17:32:38,5,473,Olive Way & 6th Ave,4.0,0.0
2023-10-16,417,North,24096,15816.0,17:32:00,17:34:11,17:34:41,6,430,Howell St & 9th Ave,3.0,0.0
2023-10-16,417,North,24096,15816.0,,17:38:17,17:38:38,7,431,Howell St & Yale Ave,2.0,0.0
2023-10-16,417,North,24096,15816.0,,18:01:53,18:02:15,11,970,Hwy 525 & Lincoln Way,0.0,3.0
2023-10-16,417,North,24096,15816.0,18:14:00,18:05:44,18:06:06,12,966,Hwy 525 & Beverly Park Rd,0.0,4.0
2023-10-16,417,North,24096,15816.0,,18:07:58,18:08:20,13,969,Hwy 525 & Harbour Pointe Blvd SW,0.0,0.0
2023-10-16,417,North,24096,15816.0,,18:10:15,18:10:15,14,974,Hwy 525 & Chennault Beach Rd,0.0,0.0
2023-10-16,417,North,24096,15816.0,,18:11:07,18:11:07,15,975,Hwy 525 & Harbour Pointe Blvd,0.0,0.0
2023-10-16,417,North,24096,15816.0,18:22:00,18:12:35,18:12:56,16,965,Hwy 525 & 92nd St SW,0.0,1.0
2023-10-16,417,North,24096,15816.0,,18:14:30,18:14:53,17,964,Hwy 525 & 84th St SW,0.0,4.0
2023-10-16,417,North,24096,15816.0,,18:15:51,18:15:51,18,963,Hwy 525 & 80th St SW,0.0,0.0
2023-10-16,417,North,24096,15816.0,,18:16:14,18:16:14,19,973,Hwy 525 & 76th St SW,0.0,0.0
2023-10-16,417,North,24096,15816.0,,18:17:00,18:17:00,20,967,Hwy 525 & Clover Ln,0.0,0.0
2023-10-16,417,North,24096,15816.0,,18:17:26,18:17:26,21,972,Hwy 525 & 15th Pl,0.0,0.0
2023-10-16,417,North,24096,15816.0,,18:17:45,18:17:45,22,968,Hwy 525 & Goat Trail Rd,0.0,0.0
2023-10-16,417,North,24096,15816.0,,18:18:37,18:18:37,23,3280,Hwy 525 & 5th St,0.0,0.0
2023-10-16,417,North,24096,15816.0,,18:20:15,18:20:15,24,3274,1st St & Mukilteo Station,0.0,0.0
2023-10-16,417,North,24096,15816.0,18:31:00,18:21:15,18:21:15,25,3265,Mukilteo Ferry Terminal Bay 2,0.0,1.0
2023-10-16,417,North,24097,19822.0,17:55:00,17:56:30,17:56:30,0,640,4th Ave S & S Jackson St,1.0,0.0
2023-10-16,417,North,24097,19822.0,,17:57:26,17:57:38,1,635,4th Ave S & S Washington St,0.0,0.0
2023-10-16,417,North,24097,19822.0,,17:58:31,17:59:03,2,2638,4th Ave & Cherry St,0.0,0.0
2023-10-16,417,North,24097,19822.0,,18:00:12,18:01:28,3,641,4th Ave & Seneca St,1.0,0.0
2023-10-16,417,North,24097,19822.0,18:00:00,18:02:42,18:03:19,4,2976,4th Ave & Pine St,0.0,0.0
2023-10-16,417,North,24097,19822.0,,18:04:49,18:05:46,5,473,Olive Way & 6th Ave,2.0,0.0
2023-10-16,417,North,24097,19822.0,18:04:00,18:07:13,18:08:04,6,430,Howell St & 9th Ave,1.0,0.0
2023-10-16,417,North,24097,19822.0,,18:11:09,18:11:27,7,431,Howell St & Yale Ave,0.0,2.0
2023-10-16,417,North,24097,19822.0,,18:32:00,18:32:20,11,970,Hwy 525 & Lincoln Way,0.0,1.0
2023-10-16,417,North,24097,19822.0,18:38:00,18:33:54,18:33:54,12,966,Hwy 525 & Beverly Park Rd,0.0,0.0
2023-10-16,417,North,24097,19822.0,,18:35:34,18:35:34,13,969,Hwy 525 & Harbour Pointe Blvd SW,0.0,0.0
2023-10-16,417,North,24097,19822.0,,18:37:58,18:37:58,14,974,Hwy 525 & Chennault Beach Rd,0.0,0.0
2023-10-16,417,North,24097,19822.0,,18:38:36,18:38:36,15,975,Hwy 525 & Harbour Pointe Blvd,0.0,0.0
2023-10-16,417,North,24097,19822.0,18:46:00,18:40:11,18:40:36,16,965,Hwy 525 & 92nd St SW,0.0,1.0
2023-10-16,417,North,24097,19822.0,,18:41:42,18:41:42,17,964,Hwy 525 & 84th St SW,0.0,0.0
2023-10-16,417,North,24097,19822.0,,18:42:09,18:42:09,18,963,Hwy 525 & 80th St SW,0.0,0.0
2023-10-16,417,North,24097,19822.0,,18:42:30,18:42:30,19,973,Hwy 525 & 76th St SW,0.0,0.0
2023-10-16,417,North,24097,19822.0,,18:43:16,18:43:16,20,967,Hwy 525 & Clover Ln,0.0,0.0
2023-10-16,417,North,24097,19822.0,,18:43:44,18:43:44,21,972,Hwy 525 & 15th Pl,0.0,0.0
2023-10-16,417,North,24097,19822.0,,18:44:16,18:44:27,22,968,Hwy 525 & Goat Trail Rd,0.0,1.0
2023-10-16,417,North,24097,19822.0,,18:46:12,18:46:12,23,3280,Hwy 525 & 5th St,0.0,0.0
2023-10-16,417,North,24097,19822.0,,18:47:39,18:47:39,24,3274,1st St & Mukilteo Station,0.0,0.0
2023-10-16,417,North,24097,19822.0,18:55:00,18:48:30,18:48:30,25,3265,Mukilteo Ferry Terminal Bay 2,0.0,0.0
2023-10-16,417,South,24098,19857.0,05:51:00,05:56:15,05:56:15,0,3265,Mukilteo Ferry Terminal Bay 2,5.0,0.0
2023-10-16,417,South,24098,19857.0,,05:57:11,05:57:11,1,3275,1st St & Mukilteo Station,0.0,0.0
2023-10-16,417,South,24098,19857.0,,05:59:25,05:59:25,2,1455,Hwy 525 & 3rd St,0.0,0.0
2023-10-16,417,South,24098,19857.0,,05:59:32,05:59:32,3,3281,Hwy 525 & 5th St,0.0,0.0
2023-10-16,417,South,24098,19857.0,,06:00:15,06:00:15,4,1472,Hwy 525 & Goat Trail Rd,0.0,0.0
2023-10-16,417,South,24098,19857.0,,06:01:09,06:01:09,5,1470,Hwy 525 & Clover Ln,0.0,0.0
2023-10-16,417,South,24098,19857.0,,06:01:56,06:01:56,6,1468,Hwy 525 & 76th St SW,0.0,0.0
2023-10-16,417,South,24098,19857.0,,06:02:25,06:02:25,7,1469,Hwy 525 & 80th St SW,0.0,0.0
2023-10-16,417,South,24098,19857.0,,06:02:42,06:02:42,8,1456,Hwy 525 & 81st Pl SW,0.0,0.0
2023-10-16,417,South,24098,19857.0,,06:03:16,06:03:16,9,1457,Hwy 525 & 84th St SW,0.0,0.0
2023-10-16,417,South,24098,19857.0,,06:03:45,06:03:45,10,1458,Hwy 525 & 88th St SW,0.0,0.0
2023-10-16,417,South,24098,19857.0,05:58:00,06:04:35,06:04:51,11,1459,Hwy 525 & 92nd St SW,1.0,0.0
2023-10-16,417,South,24098,19857.0,,06:06:44,06:06:44,12,1466,Hwy 525 & Harbour Pointe Blvd,0.0,0.0
2023-10-16,417,South,24098,19857.0,,06:07:45,06:07:45,13,1461,Hwy 525 & Chennault Beach Rd,0.0,0.0
2023-10-16,417,South,24098,19857.0,,06:08:07,06:08:07,14,1464,Hwy 525 & Russell Rd,0.0,0.0
2023-10-16,417,South,24098,19857.0,,06:09:23,06:10:05,15,1462,Hwy 525 & Harbour Pointe Blvd SW,1.0,0.0
2023-10-16,417,South,24098,19857.0,06:05:00,06:11:26,06:11:58,16,1460,Hwy 525 & Beverly Park Rd,2.0,0.0
2023-10-16,417,South,24098,19857.0,,06:13:14,06:13:42,17,1467,Hwy 525 & Lincoln Way,1.0,0.0
2023-10-16,417,South,24098,19857.0,06:33:00,06:37:19,06:37:42,21,1909,Stewart St & 9th Ave,0.0,5.0
2023-10-16,417,South,24098,19857.0,,06:38:10,06:38:27,22,1908,Stewart St & 7th Ave,0.0,3.0
2023-10-16,417,South,24098,19857.0,,06:40:49,06:41:04,23,1907,Stewart St & 4th Ave,0.0,1.0
2023-10-16,417,South,24098,19857.0,,06:42:44,06:42:44,24,1079,2nd Ave & Stewart St,0.0,0.0
2023-10-16,417,South,24098,19857.0,06:41:00,06:44:17,06:44:17,25,2909,2nd Ave & Seneca St,0.0,0.0
2023-10-16,417,South,24098,19857.0,,06:45:02,06:45:23,26,2631,2nd Ave & Cherry St,0.0,1.0
2023-10-16,417,South,24098,19857.0,06:45:00,06:46:24,06:46:24,27,2349,2nd Ave Ext S & Yesler Way,0.0,0.0
2023-10-16,417,South,24099,19815.0,06:22:00,06:25:38,06:25:38,0,3265,Mukilteo Ferry Terminal Bay 2,1.0,0.0
2023-10-16,417,South,24099,19815.0,,,,1,3275,1st St & Mukilteo Station,,
2023-10-16,417,South,24099,19815.0,,06:26:48,06:26:48,2,1455,Hwy 525 & 3rd St,0.0,0.0
2023-10-16,417,South,24099,19815.0,,06:26:56,06:26:56,3,3281,Hwy 525 & 5th St,0.0,0.0
2023-10-16,417,South,24099,19815.0,,06:27:45,06:27:45,4,1472,Hwy 525 & Goat Trail Rd,0.0,0.0
2023-10-16,417,South,24099,19815.0,,06:28:44,06:28:44,5,1470,Hwy 525 & Clover Ln,0.0,0.0
2023-10-16,417,South,24099,19815.0,,06:29:50,06:29:50,6,1468,Hwy 525 & 76th St SW,0.0,0.0
2023-10-16,417,South,24099,19815.0,,06:30:25,06:30:25,7,1469,Hwy 525 & 80th St SW,0.0,0.0
2023-10-16,417,South,24099,19815.0,,06:30:51,06:31:22,8,1456,Hwy 525 & 81st Pl SW,1.0,0.0
2023-10-16,417,South,24099,19815.0,,06:32:05,06:32:23,9,1457,Hwy 525 & 84th St SW,1.0,0.0
2023-10-16,417,South,24099,19815.0,,06:33:00,06:33:00,10,1458,Hwy 525 & 88th St SW,0.0,0.0
2023-10-16,417,South,24099,19815.0,06:29:00,06:33:41,06:34:30,11,1459,Hwy 525 & 92nd St SW,1.0,0.0
2023-10-16,417,South,24099,19815.0,,06:37:09,06:37:09,12,1466,Hwy 525 & Harbour Pointe Blvd,0.0,0.0
2023-10-16,417,South,24099,19815.0,,06:38:23,06:38:23,13,1461,Hwy 525 & Chennault Beach Rd,0.0,0.0
2023-10-16,417,South,24099,19815.0,,06:38:46,06:38:46,14,1464,Hwy 525 & Russell Rd,0.0,0.0
2023-10-16,417,South,24099,19815.0,,06:39:56,06:40:24,15,1462,Hwy 525 & Harbour Pointe Blvd SW,5.0,0.0
2023-10-16,417,South,24099,19815.0,06:36:00,06:41:42,06:42:16,16,1460,Hwy 525 & Beverly Park Rd,4.0,0.0
2023-10-16,417,South,24099,19815.0,,06:43:33,06:43:47,17,1467,Hwy 525 & Lincoln Way,1.0,0.0
2023-10-16,417,South,24099,19815.0,07:08:00,07:10:12,07:10:35,21,1909,Stewart St & 9th Ave,1.0,3.0
2023-10-16,417,South,24099,19815.0,,07:11:04,07:11:19,22,1908,Stewart St & 7th Ave,0.0,3.0
2023-10-16,417,South,24099,19815.0,,07:12:35,07:12:55,23,1907,Stewart St & 4th Ave,0.0,2.0
2023-10-16,417,South,24099,19815.0,,07:14:23,07:14:37,24,1079,2nd Ave & Stewart St,0.0,0.0
2023-10-16,417,South,24099,19815.0,07:16:00,07:15:53,07:16:16,25,2909,2nd Ave & Seneca St,0.0,4.0
2023-10-16,417,South,24099,19815.0,,07:17:32,07:17:45,26,2631,2nd Ave & Cherry St,0.0,1.0
2023-10-16,417,South,24099,19815.0,07:20:00,07:18:21,07:18:21,27,2349,2nd Ave Ext S & Yesler Way,0.0,2.0
2023-10-16,417,South,24100,19850.0,06:52:00,06:52:14,06:52:14,0,3265,Mukilteo Ferry Terminal Bay 2,2.0,0.0
2023-10-16,417,South,24100,19850.0,,06:53:23,06:53:23,1,3275,1st St & Mukilteo Station,0.0,0.0
2023-10-16,417,South,24100,19850.0,,06:55:07,06:55:27,2,1455,Hwy 525 & 3rd St,1.0,0.0
2023-10-16,417,South,24100,19850.0,,06:55:41,06:55:41,3,3281,Hwy 525 & 5th St,0.0,0.0
2023-10-16,417,South,24100,19850.0,,06:56:31,06:56:31,4,1472,Hwy 525 & Goat Trail Rd,0.0,0.0
2023-10-16,417,South,24100,19850.0,,06:57:46,06:57:46,5,1470,Hwy 525 & Clover Ln,0.0,0.0
2023-10-16,417,South,24100,19850.0,,06:58:59,06:58:59,6,1468,Hwy 525 & 76th St SW,0.0,0.0
2023-10-16,417,South,24100,19850.0,,07:00:06,07:00:06,7,1469,Hwy 525 & 80th St SW,0.0,0.0
2023-10-16,417,South,24100,19850.0,,07:00:36,07:01:06,8,1456,Hwy 525 & 81st Pl SW,1.0,0.0
2023-10-16,417,South,24100,19850.0,,07:02:12,07:02:34,9,1457,Hwy 525 & 84th St SW,1.0,0.0
2023-10-16,417,South,24100,19850.0,,07:03:18,07:03:18,10,1458,Hwy 525 & 88th St SW,0.0,0.0
2023-10-16,417,South,24100,19850.0,07:00:00,07:04:52,07:05:23,11,1459,Hwy 525 & 92nd St SW,4.0,0.0
2023-10-16,417,South,24100,19850.0,,07:07:48,07:08:07,12,1466,Hwy 525 & Harbour Pointe Blvd,1.0,0.0
2023-10-16,417,South,24100,19850.0,,07:10:03,07:10:03,13,1461,Hwy 525 & Chennault Beach Rd,0.0,0.0
2023-10-16,417,South,24100,19850.0,,07:10:28,07:10:28,14,1464,Hwy 525 & Russell Rd,0.0,0.0
2023-10-16,417,South,24100,19850.0,,07:12:01,07:12:01,15,1462,Hwy 525 & Harbour Pointe Blvd SW,0.0,0.0
2023-10-16,417,South,24100,19850.0,07:09:00,07:13:26,07:13:59,16,1460,Hwy 525 & Beverly Park Rd,3.0,0.0
2023-10-16,417,South,24100,19850.0,,07:15:26,07:15:56,17,1467,Hwy 525 & Lincoln Way,3.0,0.0
2023-10-16,417,South,24100,19850.0,07:49:00,07:48:09,07:49:06,21,1909,Stewart St & 9th Ave,0.0,4.0
2023-10-16,417,South,24100,19850.0,,07:49:58,07:50:22,22,1908,Stewart St & 7th Ave,0.0,6.0
2023-10-16,417,South,24100,19850.0,,07:51:32,07:51:50,23,1907,Stewart St & 4th Ave,0.0,1.0
2023-10-16,417,South,24100,19850.0,,07:53:18,07:53:42,24,1079,2nd Ave & Stewart St,0.0,1.0
2023-10-16,417,South,24100,19850.0,07:57:00,07:54:54,07:55:35,25,2909,2nd Ave & Seneca St,0.0,2.0
2023-10-16,417,South,24100,19850.0,,07:56:35,07:56:35,26,2631,2nd Ave & Cherry St,0.0,0.0
2023-10-16,417,South,24100,19850.0,08:01:00,07:57:06,07:57:06,27,2349,2nd Ave Ext S & Yesler Way,0.0,2.0
2023-10-16,417,South,24101,19857.0,07:53:00,07:53:36,07:53:36,0,3265,Mukilteo Ferry Terminal Bay 2,0.0,0.0
2023-10-16,417,South,24101,19857.0,,07:54:30,07:54:30,1,3275,1st St & Mukilteo Station,0.0,0.0
2023-10-16,417,South,24101,19857.0,,07:55:58,07:55:58,2,1455,Hwy 525 & 3rd St,0.0,0.0
2023-10-16,417,South,24101,19857.0,,07:56:07,07:56:07,3,3281,Hwy 525 & 5th St,0.0,0.0
2023-10-16,417,South,24101,19857.0,,07:56:54,07:57:22,4,1472,Hwy 525 & Goat Trail Rd,1.0,0.0
2023-10-16,417,South,24101,19857.0,,07:58:31,07:58:31,5,1470,Hwy 525 & Clover Ln,0.0,0.0
2023-10-16,417,South,24101,19857.0,,07:59:57,08:01:01,6,1468,Hwy 525 & 76th St SW,1.0,0.0
2023-10-16,417,South,24101,19857.0,,08:01:44,08:01:44,7,1469,Hwy 525 & 80th St SW,0.0,0.0
2023-10-16,417,South,24101,19857.0,,08:02:00,08:02:00,8,1456,Hwy 525 & 81st Pl SW,0.0,0.0
2023-10-16,417,South,24101,19857.0,,08:02:39,08:03:16,9,1457,Hwy 525 & 84th St SW,1.0,0.0
2023-10-16,417,South,24101,19857.0,,08:03:47,08:03:47,10,1458,Hwy 525 & 88th St SW,0.0,0.0
2023-10-16,417,South,24101,19857.0,08:02:00,08:04:18,08:04:18,11,1459,Hwy 525 & 92nd St SW,0.0,0.0
2023-10-16,417,South,24101,19857.0,,08:06:12,08:06:12,12,1466,Hwy 525 & Harbour Pointe Blvd,0.0,0.0
2023-10-16,417,South,24101,19857.0,,08:07:07,08:07:07,13,1461,Hwy 525 & Chennault Beach Rd,0.0,0.0
2023-10-16,417,South,24101,19857.0,,08:07:31,08:07:31,14,1464,Hwy 525 & Russell Rd,0.0,0.0
2023-10-16,417,South,24101,19857.0,,08:09:16,08:10:16,15,1462,Hwy 525 & Harbour Pointe Blvd SW,2.0,0.0
2023-10-16,417,South,24101,19857.0,08:11:00,08:11:31,08:12:03,16,1460,Hwy 525 & Beverly Park Rd,5.0,0.0
2023-10-16,417,South,24101,19857.0,,08:13:25,08:14:00,17,1467,Hwy 525 & Lincoln Way,4.0,0.0
2023-10-16,417,South,24101,19857.0,08:53:00,08:50:34,08:51:14,21,1909,Stewart St & 9th Ave,0.0,7.0
2023-10-16,417,South,24101,19857.0,,08:51:46,08:52:11,22,1908,Stewart St & 7th Ave,0.0,1.0
2023-10-16,417,South,24101,19857.0,,08:54:17,08:54:31,23,1907,Stewart St & 4th Ave,0.0,1.0
2023-10-16,417,South,24101,19857.0,,08:56:20,08:56:20,24,1079,2nd Ave & Stewart St,0.0,0.0
2023-10-16,417,South,24101,19857.0,09:04:00,08:57:55,08:58:36,25,2909,2nd Ave & Seneca St,1.0,3.0
2023-10-16,417,South,24101,19857.0,,08:59:21,08:59:21,26,2631,2nd Ave & Cherry St,0.0,0.0
2023-10-16,417,South,24101,19857.0,09:10:00,08:59:58,08:59:58,27,2349,2nd Ave Ext S & Yesler Way,0.0,3.0
2023-10-17,417,North,24094,19820.0,15:11:00,15:10:44,15:10:44,0,640,4th Ave S & S Jackson St,3.0,0.0
2023-10-17,417,North,24094,19820.0,,15:11:17,15:11:17,1,635,4th Ave S & S Washington St,0.0,0.0
2023-10-17,417,North,24094,19820.0,,15:11:59,15:12:20,2,2638,4th Ave & Cherry St,3.0,0.0
2023-10-17,417,North,24094,19820.0,,15:13:25,15:13:46,3,641,4th Ave & Seneca St,1.0,0.0
2023-10-17,417,North,24094,19820.0,15:17:00,15:14:49,15:15:21,4,2976,4th Ave & Pine St,3.0,0.0
2023-10-17,417,North,24094,19820.0,,15:16:41,15:19:01,5,473,Olive Way & 6th Ave,6.0,0.0
2023-10-17,417,North,24094,19820.0,15:21:00,15:19:51,15:20:27,6,430,Howell St & 9th Ave,5.0,0.0
2023-10-17,417,North,24094,19820.0,,15:23:13,15:23:39,7,431,Howell St & Yale Ave,1.0,0.0
2023-10-17,417,North,24094,19820.0,,15:53:24,15:53:39,11,970,Hwy 525 & Lincoln Way,0.0,1.0
2023-10-17,417,North,24094,19820.0,16:06:00,15:57:03,15:57:25,12,966,Hwy 525 & Beverly Park Rd,0.0,2.0
2023-10-17,417,North,24094,19820.0,,15:59:00,15:59:16,13,969,Hwy 525 & Harbour Pointe Blvd SW,0.0,2.0
2023-10-17,417,North,24094,19820.0,,16:00:58,16:00:58,14,974,Hwy 525 & Chennault Beach Rd,0.0,0.0
2023-10-17,417,North,24094,19820.0,,16:01:44,16:01:54,15,975,Hwy 525 & Harbour Pointe Blvd,0.0,2.0
2023-10-17,417,North,24094,19820.0,16:16:00,16:03:47,16:04:00,16,965,Hwy 525 & 92nd St SW,0.0,3.0
2023-10-17,417,North,24094,19820.0,,16:05:09,16:05:23,17,964,Hwy 525 & 84th St SW,0.0,2.0
2023-10-17,417,North,24094,19820.0,,16:05:54,16:05:54,18,963,Hwy 525 & 80th St SW,0.0,0.0
2023-10-17,417,North,24094,19820.0,,16:06:25,16:06:41,19,973,Hwy 525 & 76th St SW,0.0,1.0
2023-10-17,417,North,24094,19820.0,,16:07:29,16:07:29,20,967,Hwy 525 & Clover Ln,0.0,0.0
2023-10-17,417,North,24094,19820.0,,16:07:54,16:07:54,21,972,Hwy 525 & 15th Pl,0.0,0.0
2023-10-17,417,North,24094,19820.0,,16:08:23,16:08:35,22,968,Hwy 525 & Goat Trail Rd,0.0,1.0
2023-10-17,417,North,24094,19820.0,,16:10:22,16:10:34,23,3280,Hwy 525 & 5th St,0.0,1.0
2023-10-17,417,North,24094,19820.0,,16:12:01,16:12:01,24,3274,1st St & Mukilteo Station,0.0,0.0
2023-10-17,417,North,24094,19820.0,16:30:00,16:12:53,16:12:53,25,3265,Mukilteo Ferry Terminal Bay 2,0.0,7.0
2023-10-17,417,North,24095,19855.0,16:11:00,16:13:47,16:13:47,0,640,4th Ave S & S Jackson St,4.0,0.0
2023-10-17,417,North,24095,19855.0,,16:15:16,16:15:16,1,635,4th Ave S & S Washington St,0.0,0.0
2023-10-17,417,North,24095,19855.0,,16:16:12,16:16:41,2,2638,4th Ave & Cherry St,2.0,0.0
2023-10-17,417,North,24095,19855.0,,16:18:00,16:18:26,3,641,4th Ave & Seneca St,3.0,0.0
2023-10-17,417,North,24095,19855.0,16:17:00,16:20:33,16:21:21,4,2976,4th Ave & Pine St,2.0,0.0
2023-10-17,417,North,24095,19855.0,,16:22:28,16:23:31,5,473,Olive Way & 6th Ave,4.0,0.0
2023-10-17,417,North,24095,19855.0,16:21:00,16:25:09,16:25:45,6,430,Howell St & 9th Ave,6.0,0.0
2023-10-17,417,North,24095,19855.0,,16:29:06,16:29:59,7,431,Howell St & Yale Ave,5.0,0.0
2023-10-17,417,North,24095,19855.0,,17:06:23,17:06:51,11,970,Hwy 525 & Lincoln Way,0.0,3.0
2023-10-17,417,North,24095,19855.0,17:08:00,17:11:14,17:11:45,12,966,Hwy 525 & Beverly Park Rd,0.0,6.0
2023-10-17,417,North,24095,19855.0,,17:13:16,17:13:51,13,969,Hwy 525 & Harbour Pointe Blvd SW,0.0,5.0
2023-10-17,417,North,24095,19855.0,,17:15:32,17:15:32,14,974,Hwy 525 & Chennault Beach Rd,0.0,0.0
2023-10-17,417,North,24095,19855.0,,17:16:44,17:16:44,15,975,Hwy 525 & Harbour Pointe Blvd,0.0,0.0
2023-10-17,417,North,24095,19855.0,17:18:00,17:19:05,17:19:33,16,965,Hwy 525 & 92nd St SW,0.0,4.0
2023-10-17,417,North,24095,19855.0,,17:21:23,17:21:48,17,964,Hwy 525 & 84th St SW,0.0,3.0
2023-10-17,417,North,24095,19855.0,,17:22:21,17:22:21,18,963,Hwy 525 & 80th St SW,0.0,0.0
2023-10-17,417,North,24095,19855.0,,17:22:43,17:22:43,19,973,Hwy 525 & 76th St SW,0.0,0.0
2023-10-17,417,North,24095,19855.0,,17:23:23,17:23:23,20,967,Hwy 525 & Clover Ln,0.0,0.0
2023-10-17,417,North,24095,19855.0,,17:23:54,17:23:54,21,972,Hwy 525 & 15th Pl,0.0,0.0
2023-10-17,417,North,24095,19855.0,,17:24:14,17:24:14,22,968,Hwy 525 & Goat Trail Rd,0.0,0.0
2023-10-17,417,North,24095,19855.0,,17:25:50,17:26:09,23,3280,Hwy 525 & 5th St,0.0,1.0
2023-10-17,417,North,24095,19855.0,,17:27:51,17:28:25,24,3274,1st St & Mukilteo Station,0.0,3.0
2023-10-17,417,North,24095,19855.0,17:31:00,17:29:34,17:29:34,25,3265,Mukilteo Ferry Terminal Bay 2,0.0,1.0
2023-10-17,417,North,24096,15803.0,17:22:00,17:22:28,17:22:28,0,640,4th Ave S & S Jackson St,1.0,0.0
2023-10-17,417,North,24096,15803.0,,17:23:02,17:23:18,1,635,4th Ave S & S Washington St,0.0,0.0
2023-10-17,417,North,24096,15803.0,,17:25:10,17:25:33,2,2638,4th Ave & Cherry St,1.0,0.0
2023-10-17,417,North,24096,15803.0,,17:28:44,17:29:45,3,641,4th Ave & Seneca St,2.0,0.0
2023-10-17,417,North,24096,15803.0,17:28:00,17:32:41,17:33:22,4,2976,4th Ave & Pine St,4.0,0.0
2023-10-17,417,North,24096,15803.0,,17:35:48,17:37:06,5,473,Olive Way & 6th Ave,4.0,1.0
2023-10-17,417,North,24096,15803.0,17:32:00,17:37:43,17:38:20,6,430,Howell St & 9th Ave,3.0,0.0
2023-10-17,417,North,24096,15803.0,,17:42:38,17:43:18,7,431,Howell St & Yale Ave,4.0,1.0
2023-10-17,417,North,24096,15803.0,,18:16:58,18:17:26,11,970,Hwy 525 & Lincoln Way,0.0,2.0
2023-10-17,417,North,24096,15803.0,18:14:00,18:21:20,18:21:51,12,966,Hwy 525 & Beverly Park Rd,0.0,6.0
2023-10-17,417,North,24096,15803.0,,18:23:56,18:24:20,13,969,Hwy 525 & Harbour Pointe Blvd SW,0.0,1.0
2023-10-17,417,North,24096,15803.0,,18:26:10,18:26:31,14,974,Hwy 525 & Chennault Beach Rd,0.0,1.0
2023-10-17,417,North,24096,15803.0,,18:27:23,18:27:23,15,975,Hwy 525 & Harbour Pointe Blvd,0.0,0.0
2023-10-17,417,North,24096,15803.0,18:22:00,18:29:27,18:29:49,16,965,Hwy 525 & 92nd St SW,0.0,3.0
2023-10-17,417,North,24096,15803.0,,18:31:31,18:32:03,17,964,Hwy 525 & 84th St SW,0.0,2.0
2023-10-17,417,North,24096,15803.0,,18:32:39,18:32:39,18,963,Hwy 525 & 80th St SW,0.0,0.0
2023-10-17,417,North,24096,15803.0,,18:33:04,18:33:04,19,973,Hwy 525 & 76th St SW,0.0,0.0
2023-10-17,417,North,24096,15803.0,,18:33:55,18:33:55,20,967,Hwy 525 & Clover Ln,0.0,0.0
2023-10-17,417,North,24096,15803.0,,18:34:23,18:34:23,21,972,Hwy 525 & 15th Pl,0.0,0.0
2023-10-17,417,North,24096,15803.0,,18:34:42,18:34:42,22,968,Hwy 525 & Goat Trail Rd,0.0,0.0
2023-10-17,417,North,24096,15803.0,,18:36:00,18:36:00,23,3280,Hwy 525 & 5th St,0.0,0.0
2023-10-17,417,North,24096,15803.0,,18:38:14,18:38:14,24,3274,1st St & Mukilteo Station,0.0,0.0
2023-10-17,417,North,24096,15803.0,18:31:00,18:39:17,18:39:17,25,3265,Mukilteo Ferry Terminal Bay 2,0.0,2.0
2023-10-17,417,North,24097,19822.0,17:55:00,17:56:21,17:56:21,0,640,4th Ave S & S Jackson St,2.0,0.0
2023-10-17,417,North,24097,19822.0,,17:57:22,17:57:22,1,635,4th Ave S & S Washington St,0.0,0.0
2023-10-17,417,North,24097,19822.0,,17:58:29,17:58:29,2,2638,4th Ave & Cherry St,0.0,0.0
2023-10-17,417,North,24097,19822.0,,18:00:59,18:01:21,3,641,4th Ave & Seneca St,1.0,1.0
2023-10-17,417,North,24097,19822.0,18:00:00,18:04:03,18:04:48,4,2976,4th Ave & Pine St,0.0,0.0
2023-10-17,417,North,24097,19822.0,,18:07:20,18:08:34,5,473,Olive Way & 6th Ave,2.0,0.0
2023-10-17,417,North,24097,19822.0,18:04:00,18:10:09,18:10:32,6,430,Howell St & 9th Ave,3.0,0.0
2023-10-17,417,North,24097,19822.0,,18:12:41,18:12:59,7,431,Howell St & Yale Ave,0.0,0.0
2023-10-17,417,North,24097,19822.0,,18:42:25,18:42:43,11,970,Hwy 525 & Lincoln Way,0.0,2.0
2023-10-17,417,North,24097,19822.0,18:38:00,18:45:01,18:45:31,12,966,Hwy 525 & Beverly Park Rd,0.0,2.0
2023-10-17,417,North,24097,19822.0,,18:46:43,18:46:43,13,969,Hwy 525 & Harbour Pointe Blvd SW,0.0,0.0
2023-10-17,417,North,24097,19822.0,,18:48:11,18:48:11,14,974,Hwy 525 & Chennault Beach Rd,0.0,0.0
2023-10-17,417,North,24097,19822.0,,18:48:46,18:48:46,15,975,Hwy 525 & Harbour Pointe Blvd,0.0,0.0
2023-10-17,417,North,24097,19822.0,18:46:00,18:50:32,18:50:51,16,965,Hwy 525 & 92nd St SW,0.0,2.0
2023-10-17,417,North,24097,19822.0,,18:52:03,18:52:03,17,964,Hwy 525 & 84th St SW,0.0,0.0
2023-10-17,417,North,24097,19822.0,,18:52:26,18:52:26,18,963,Hwy 525 & 80th St SW,0.0,0.0
2023-10-17,417,North,24097,19822.0,,18:52:58,18:53:11,19,973,Hwy 525 & 76th St SW,0.0,1.0
2023-10-17,417,North,24097,19822.0,,18:54:02,18:54:02,20,967,Hwy 525 & Clover Ln,0.0,0.0
2023-10-17,417,North,24097,19822.0,,18:54:30,18:54:30,21,972,Hwy 525 & 15th Pl,0.0,0.0
2023-10-17,417,North,24097,19822.0,,18:54:49,18:54:49,22,968,Hwy 525 & Goat Trail Rd,0.0,0.0
2023-10-17,417,North,24097,19822.0,,18:56:53,18:56:53,23,3280,Hwy 525 & 5th St,0.0,0.0
2023-10-17,417,North,24097,19822.0,,18:58:16,18:58:16,24,3274,1st St & Mukilteo Station,0.0,0.0
2023-10-17,417,North,24097,19822.0,18:55:00,18:59:13,18:59:13,25,3265,Mukilteo Ferry Terminal Bay 2,0.0,0.0
2023-10-17,417,South,24098,15818.0,05:51:00,05:51:46,05:51:46,0,3265,Mukilteo Ferry Terminal Bay 2,5.0,0.0
2023-10-17,417,South,24098,15818.0,,05:52:43,05:52:43,1,3275,1st St & Mukilteo Station,0.0,0.0
2023-10-17,417,South,24098,15818.0,,05:54:23,05:54:23,2,1455,Hwy 525 & 3rd St,0.0,0.0
2023-10-17,417,South,24098,15818.0,,05:54:32,05:54:32,3,3281,Hwy 525 & 5th St,0.0,0.0
2023-10-17,417,South,24098,15818.0,,05:55:24,05:55:24,4,1472,Hwy 525 & Goat Trail Rd,0.0,0.0
2023-10-17,417,South,24098,15818.0,,05:56:22,05:56:22,5,1470,Hwy 525 & Clover Ln,0.0,0.0
2023-10-17,417,South,24098,15818.0,,05:57:09,05:57:09,6,1468,Hwy 525 & 76th St SW,0.0,0.0
2023-10-17,417,South,24098,15818.0,,05:57:38,05:57:38,7,1469,Hwy 525 & 80th St SW,0.0,0.0
2023-10-17,417,South,24098,15818.0,,05:57:54,05:57:54,8,1456,Hwy 525 & 81st Pl SW,0.0,0.0
2023-10-17,417,South,24098,15818.0,,05:58:39,05:59:18,9,1457,Hwy 525 & 84th St SW,4.0,0.0
2023-10-17,417,South,24098,15818.0,,05:59:54,05:59:54,10,1458,Hwy 525 & 88th St SW,0.0,0.0
2023-10-17,417,South,24098,15818.0,05:58:00,06:00:36,06:01:07,11,1459,Hwy 525 & 92nd St SW,2.0,0.0
2023-10-17,417,South,24098,15818.0,,06:03:11,06:03:11,12,1466,Hwy 525 & Harbour Pointe Blvd,0.0,0.0
2023-10-17,417,South,24098,15818.0,,06:03:59,06:04:23,13,1461,Hwy 525 & Chennault Beach Rd,1.0,0.0
2023-10-17,417,South,24098,15818.0,,06:04:49,06:04:49,14,1464,Hwy 525 & Russell Rd,0.0,0.0
2023-10-17,417,South,24098,15818.0,,06:06:22,06:07:01,15,1462,Hwy 525 & Harbour Pointe Blvd SW,3.0,0.0
2023-10-17,417,South,24098,15818.0,06:05:00,06:09:16,06:09:45,16,1460,Hwy 525 & Beverly Park Rd,1.0,0.0
2023-10-17,417,South,24098,15818.0,,06:10:56,06:11:45,17,1467,Hwy 525 & Lincoln Way,1.0,0.0
2023-10-17,417,South,24098,15818.0,06:33:00,06:35:34,06:36:04,21,1909,Stewart St & 9th Ave,0.0,7.0
2023-10-17,417,South,24098,15818.0,,06:36:33,06:37:04,22,1908,Stewart St & 7th Ave,0.0,4.0
2023-10-17,417,South,24098,15818.0,,06:39:20,06:39:37,23,1907,Stewart St & 4th Ave,0.0,1.0
2023-10-17,417,South,24098,15818.0,,06:41:23,06:41:39,24,1079,2nd Ave & Stewart St,0.0,1.0
2023-10-17,417,South,24098,15818.0,06:41:00,06:42:51,06:43:08,25,2909,2nd Ave & Seneca St,0.0,1.0
2023-10-17,417,South,24098,15818.0,,06:44:31,06:44:44,26,2631,2nd Ave & Cherry St,0.0,1.0
2023-10-17,417,South,24098,15818.0,06:45:00,06:45:24,06:45:24,27,2349,2nd Ave Ext S & Yesler Way,0.0,2.0
2023-10-17,417,South,24099,19813.0,06:22:00,06:25:10,06:25:10,0,3265,Mukilteo Ferry Terminal Bay 2,1.0,0.0
2023-10-17,417,South,24099,19813.0,,,,1,3275,1st St & Mukilteo Station,,
2023-10-17,417,South,24099,19813.0,,06:26:19,06:26:19,2,1455,Hwy 525 & 3rd St,0.0,0.0
2023-10-17,417,South,24099,19813.0,,06:26:27,06:26:43,3,3281,Hwy 525 & 5th St,1.0,0.0
2023-10-17,417,South,24099,19813.0,,06:27:43,06:28:01,4,1472,Hwy 525 & Goat Trail Rd,1.0,0.0
2023-10-17,417,South,24099,19813.0,,06:29:13,06:29:13,5,1470,Hwy 525 & Clover Ln,0.0,0.0
2023-10-17,417,South,24099,19813.0,,06:30:16,06:30:29,6,1468,Hwy 525 & 76th St SW,1.0,0.0
2023-10-17,417,South,24099,19813.0,,06:31:18,06:31:18,7,1469,Hwy 525 & 80th St SW,0.0,0.0
2023-10-17,417,South,24099,19813.0,,06:31:50,06:32:11,8,1456,Hwy 525 & 81st Pl SW,0.0,0.0
2023-10-17,417,South,24099,19813.0,,06:33:10,06:33:10,9,1457,Hwy 525 & 84th St SW,0.0,0.0
2023-10-17,417,South,24099,19813.0,,06:33:47,06:33:47,10,1458,Hwy 525 & 88th St SW,0.0,0.0
2023-10-17,417,South,24099,19813.0,06:29:00,06:34:28,06:34:53,11,1459,Hwy 525 & 92nd St SW,3.0,0.0
2023-10-17,417,South,24099,19813.0,,06:37:55,06:38:19,12,1466,Hwy 525 & Harbour Pointe Blvd,1.0,0.0
2023-10-17,417,South,24099,19813.0,,06:39:15,06:39:15,13,1461,Hwy 525 & Chennault Beach Rd,0.0,0.0
2023-10-17,417,South,24099,19813.0,,06:39:39,06:39:39,14,1464,Hwy 525 & Russell Rd,0.0,0.0
2023-10-17,417,South,24099,19813.0,,06:40:59,06:41:23,15,1462,Hwy 525 & Harbour Pointe Blvd SW,2.0,0.0
2023-10-17,417,South,24099,19813.0,06:36:00,06:43:26,06:43:50,16,1460,Hwy 525 & Beverly Park Rd,4.0,0.0
2023-10-17,417,South,24099,19813.0,,06:45:07,06:45:19,17,1467,Hwy 525 & Lincoln Way,1.0,0.0
2023-10-17,417,South,24099,19813.0,07:08:00,07:16:04,07:16:17,21,1909,Stewart St & 9th Ave,0.0,2.0
2023-10-17,417,South,24099,19813.0,,07:16:49,07:17:31,22,1908,Stewart St & 7th Ave,0.0,5.0
2023-10-17,417,South,24099,19813.0,,07:19:58,07:20:20,23,1907,Stewart St & 4th Ave,0.0,4.0
2023-10-17,417,South,24099,19813.0,,07:21:58,07:22:18,24,1079,2nd Ave & Stewart St,0.0,2.0
2023-10-17,417,South,24099,19813.0,07:16:00,07:23:34,07:24:09,25,2909,2nd Ave & Seneca St,0.0,1.0
2023-10-17,417,South,24099,19813.0,,07:25:04,07:26:04,26,2631,2nd Ave & Cherry St,0.0,0.0
2023-10-17,417,South,24099,19813.0,07:20:00,07:26:45,07:26:45,27,2349,2nd Ave Ext S & Yesler Way,0.0,1.0
2023-10-17,417,South,24100,15815.0,06:52:00,06:52:17,06:52:17,0,3265,Mukilteo Ferry Terminal Bay 2,8.0,0.0
2023-10-17,417,South,24100,15815.0,,06:53:23,06:53:44,1,3275,1st St & Mukilteo Station,1.0,0.0
2023-10-17,417,South,24100,15815.0,,06:54:59,06:54:59,2,1455,Hwy 525 & 3rd St,0.0,0.0
2023-10-17,417,South,24100,15815.0,,06:55:25,06:55:25,3,3281,Hwy 525 & 5th St,0.0,0.0
2023-10-17,417,South,24100,15815.0,,06:56:39,06:56:39,4,1472,Hwy 525 & Goat Trail Rd,0.0,0.0
2023-10-17,417,South,24100,15815.0,,06:57:47,06:57:47,5,1470,Hwy 525 & Clover Ln,0.0,0.0
2023-10-17,417,South,24100,15815.0,,06:59:27,06:59:27,6,1468,Hwy 525 & 76th St SW,0.0,0.0
2023-10-17,417,South,24100,15815.0,,07:00:23,07:00:23,7,1469,Hwy 525 & 80th St SW,0.0,0.0
2023-10-17,417,South,24100,15815.0,,07:00:51,07:01:23,8,1456,Hwy 525 & 81st Pl SW,1.0,0.0
2023-10-17,417,South,24100,15815.0,,07:02:50,07:03:11,9,1457,Hwy 525 & 84th St SW,2.0,0.0
2023-10-17,417,South,24100,15815.0,,07:03:44,07:03:44,10,1458,Hwy 525 & 88th St SW,0.0,0.0
2023-10-17,417,South,24100,15815.0,07:00:00,07:04:29,07:05:15,11,1459,Hwy 525 & 92nd St SW,5.0,0.0
2023-10-17,417,South,24100,15815.0,,07:07:20,07:07:35,12,1466,Hwy 525 & Harbour Pointe Blvd,1.0,0.0
2023-10-17,417,South,24100,15815.0,,07:09:15,07:09:38,13,1461,Hwy 525 & Chennault Beach Rd,1.0,0.0
2023-10-17,417,South,24100,15815.0,,07:10:06,07:10:06,14,1464,Hwy 525 & Russell Rd,0.0,0.0
2023-10-17,417,South,24100,15815.0,,07:12:00,07:12:41,15,1462,Hwy 525 & Harbour Pointe Blvd SW,5.0,0.0
2023-10-17,417,South,24100,15815.0,07:09:00,07:15:25,07:16:11,16,1460,Hwy 525 & Beverly Park Rd,9.0,0.0
2023-10-17,417,South,24100,15815.0,,07:17:37,07:17:37,17,1467,Hwy 525 & Lincoln Way,0.0,0.0
2023-10-17,417,South,24100,15815.0,07:49:00,08:08:33,08:09:16,21,1909,Stewart St & 9th Ave,1.0,16.0
2023-10-17,417,South,24100,15815.0,,08:09:43,08:10:17,22,1908,Stewart St & 7th Ave,0.0,7.0
2023-10-17,417,South,24100,15815.0,,08:12:31,08:12:52,23,1907,Stewart St & 4th Ave,0.0,3.0
2023-10-17,417,South,24100,15815.0,,08:14:25,08:14:46,24,1079,2nd Ave & Stewart St,0.0,1.0
2023-10-17,417,South,24100,15815.0,07:57:00,08:16:55,08:17:28,25,2909,2nd Ave & Seneca St,0.0,6.0
2023-10-17,417,South,24100,15815.0,,08:18:51,08:18:51,26,2631,2nd Ave & Cherry St,0.0,0.0
2023-10-17,417,South,24100,15815.0,08:01:00,08:19:50,08:19:50,27,2349,2nd Ave Ext S & Yesler Way,0.0,1.0
2023-10-17,417,South,24101,15818.0,07:53:00,07:53:40,07:53:40,0,3265,Mukilteo Ferry Terminal Bay 2,1.0,0.0
2023-10-17,417,South,24101,15818.0,,07:54:31,07:54:31,1,3275,1st St & Mukilteo Station,0.0,0.0
2023-10-17,417,South,24101,15818.0,,07:55:58,07:55:58,2,1455,Hwy 525 & 3rd St,0.0,0.0
2023-10-17,417,South,24101,15818.0,,07:56:07,07:56:07,3,3281,Hwy 525 & 5th St,0.0,0.0
2023-10-17,417,South,24101,15818.0,,07:56:56,07:57:26,4,1472,Hwy 525 & Goat Trail Rd,1.0,0.0
2023-10-17,417,South,24101,15818.0,,07:58:34,07:58:34,5,1470,Hwy 525 & Clover Ln,0.0,0.0
2023-10-17,417,South,24101,15818.0,,07:59:49,08:00:08,6,1468,Hwy 525 & 76th St SW,1.0,0.0
2023-10-17,417,South,24101,15818.0,,08:00:45,08:00:45,7,1469,Hwy 525 & 80th St SW,0.0,0.0
2023-10-17,417,South,24101,15818.0,,08:01:02,08:01:02,8,1456,Hwy 525 & 81st Pl SW,0.0,0.0
2023-10-17,417,South,24101,15818.0,,08:01:25,08:02:00,9,1457,Hwy 525 & 84th St SW,2.0,0.0
2023-10-17,417,South,24101,15818.0,,08:02:31,08:02:31,10,1458,Hwy 525 & 88th St SW,0.0,0.0
2023-10-17,417,South,24101,15818.0,08:02:00,08:03:05,08:03:56,11,1459,Hwy 525 & 92nd St SW,2.0,0.0
2023-10-17,417,South,24101,15818.0,,08:06:01,08:06:30,12,1466,Hwy 525 & Harbour Pointe Blvd,1.0,0.0
2023-10-17,417,South,24101,15818.0,,08:08:18,08:08:49,13,1461,Hwy 525 & Chennault Beach Rd,1.0,0.0
2023-10-17,417,South,24101,15818.0,,08:09:15,08:09:15,14,1464,Hwy 525 & Russell Rd,0.0,0.0
2023-10-17,417,South,24101,15818.0,,08:10:25,08:11:02,15,1462,Hwy 525 & Harbour Pointe Blvd SW,5.0,0.0
2023-10-17,417,South,24101,15818.0,08:11:00,08:12:38,08:13:16,16,1460,Hwy 525 & Beverly Park Rd,3.0,0.0
2023-10-17,417,South,24101,15818.0,,08:14:23,08:15:56,17,1467,Hwy 525 & Lincoln Way,7.0,0.0
2023-10-17,417,South,24101,15818.0,08:53:00,09:05:30,09:06:10,21,1909,Stewart St & 9th Ave,0.0,12.0
2023-10-17,417,South,24101,15818.0,,09:06:35,09:07:00,22,1908,Stewart St & 7th Ave,0.0,7.0
2023-10-17,417,South,24101,15818.0,,09:09:17,09:09:37,23,1907,Stewart St & 4th Ave,0.0,1.0
2023-10-17,417,South,24101,15818.0,,09:11:30,09:11:30,24,1079,2nd Ave & Stewart St,0.0,0.0
2023-10-17,417,South,24101,15818.0,09:04:00,09:12:42,09:13:04,25,2909,2nd Ave & Seneca St,0.0,2.0
2023-10-17,417,South,24101,15818.0,,09:14:21,09:14:21,26,2631,2nd Ave & Cherry St,0.0,0.0
2023-10-17,417,South,24101,15818.0,09:10:00,09:14:47,09:14:47,27,2349,2nd Ave Ext S & Yesler Way,0.0,2.0
2023-10-18,417,North,24094,19813.0,15:11:00,15:10:58,15:10:58,0,640,4th Ave S & S Jackson St,4.0,0.0
2023-10-18,417,North,24094,19813.0,,15:12:25,15:12:25,1,635,4th Ave S & S Washington St,0.0,0.0
2023-10-18,417,North,24094,19813.0,,15:13:11,15:13:27,2,2638,4th Ave & Cherry St,1.0,0.0
2023-10-18,417,North,24094,19813.0,,15:14:55,15:16:15,3,641,4th Ave & Seneca St,5.0,0.0
2023-10-18,417,North,24094,19813.0,15:17:00,15:17:22,15:18:22,4,2976,4th Ave & Pine St,3.0,0.0
2023-10-18,417,North,24094,19813.0,,15:21:00,15:22:05,5,473,Olive Way & 6th Ave,10.0,0.0
2023-10-18,417,North,24094,19813.0,15:21:00,15:23:34,15:24:00,6,430,Howell St & 9th Ave,4.0,0.0
2023-10-18,417,North,24094,19813.0,,15:26:12,15:26:45,7,431,Howell St & Yale Ave,2.0,1.0
2023-10-18,417,North,24094,19813.0,,15:56:54,15:57:07,11,970,Hwy 525 & Lincoln Way,0.0,1.0
2023-10-18,417,North,24094,19813.0,16:06:00,16:02:28,16:02:42,12,966,Hwy 525 & Beverly Park Rd,0.0,1.0
2023-10-18,417,North,24094,19813.0,,16:03:42,16:04:01,13,969,Hwy 525 & Harbour Pointe Blvd SW,0.0,7.0
2023-10-18,417,North,24094,19813.0,,16:05:31,16:05:31,14,974,Hwy 525 & Chennault Beach Rd,0.0,0.0
2023-10-18,417,North,24094,19813.0,,16:06:15,16:06:35,15,975,Hwy 525 & Harbour Pointe Blvd,0.0,1.0
2023-10-18,417,North,24094,19813.0,16:16:00,16:09:06,16:09:29,16,965,Hwy 525 & 92nd St SW,0.0,3.0
2023-10-18,417,North,24094,19813.0,,16:10:52,16:11:10,17,964,Hwy 525 & 84th St SW,0.0,2.0
2023-10-18,417,North,24094,19813.0,,16:11:40,16:11:40,18,963,Hwy 525 & 80th St SW,0.0,0.0
2023-10-18,417,North,24094,19813.0,,16:12:11,16:12:21,19,973,Hwy 525 & 76th St SW,0.0,1.0
2023-10-18,417,North,24094,19813.0,,16:13:06,16:13:06,20,967,Hwy 525 & Clover Ln,0.0,0.0
2023-10-18,417,North,24094,19813.0,,16:13:30,16:13:30,21,972,Hwy 525 & 15th Pl,0.0,0.0
2023-10-18,417,North,24094,19813.0,,16:13:55,16:13:55,22,968,Hwy 525 & Goat Trail Rd,0.0,0.0
2023-10-18,417,North,24094,19813.0,,16:16:03,16:16:15,23,3280,Hwy 525 & 5th St,0.0,1.0
2023-10-18,417,North,24094,19813.0,,16:17:40,16:17:59,24,3274,1st St & Mukilteo Station,0.0,3.0
2023-10-18,417,North,24094,19813.0,16:30:00,16:18:54,16:18:54,25,3265,Mukilteo Ferry Terminal Bay 2,0.0,8.0
2023-10-18,417,North,24095,15812.0,16:11:00,16:12:05,16:12:05,0,640,4th Ave S & S Jackson St,2.0,0.0
2023-10-18,417,North,24095,15812.0,,16:12:47,16:12:47,1,635,4th Ave S & S Washington St,0.0,0.0
2023-10-18,417,North,24095,15812.0,,16:14:23,16:14:59,2,2638,4th Ave & Cherry St,2.0,0.0
2023-10-18,417,North,24095,15812.0,,16:16:38,16:17:49,3,641,4th Ave & Seneca St,3.0,0.0
2023-10-18,417,North,24095,15812.0,16:17:00,16:19:01,16:19:54,4,2976,4th Ave & Pine St,3.0,0.0
2023-10-18,417,North,24095,15812.0,,16:21:05,16:22:07,5,473,Olive Way & 6th Ave,4.0,1.0
2023-10-18,417,North,24095,15812.0,16:21:00,16:23:36,16:24:08,6,430,Howell St & 9th Ave,6.0,0.0
2023-10-18,417,North,24095,15812.0,,16:29:15,16:30:11,7,431,Howell St & Yale Ave,7.0,0.0
2023-10-18,417,North,24095,15812.0,,17:04:57,17:05:26,11,970,Hwy 525 & Lincoln Way,0.0,3.0
2023-10-18,417,North,24095,15812.0,17:08:00,17:09:25,17:09:55,12,966,Hwy 525 & Beverly Park Rd,0.0,8.0
2023-10-18,417,North,24095,15812.0,,17:11:26,17:12:00,13,969,Hwy 525 & Harbour Pointe Blvd SW,0.0,5.0
2023-10-18,417,North,24095,15812.0,,17:13:54,17:14:16,14,974,Hwy 525 & Chennault Beach Rd,0.0,2.0
2023-10-18,417,North,24095,15812.0,,17:15:02,17:15:24,15,975,Hwy 525 & Harbour Pointe Blvd,0.0,1.0
2023-10-18,417,North,24095,15812.0,17:18:00,17:17:59,17:18:36,16,965,Hwy 525 & 92nd St SW,0.0,3.0
2023-10-18,417,North,24095,15812.0,,17:19:56,17:19:56,17,964,Hwy 525 & 84th St SW,0.0,0.0
2023-10-18,417,North,24095,15812.0,,17:20:22,17:20:22,18,963,Hwy 525 & 80th St SW,0.0,0.0
2023-10-18,417,North,24095,15812.0,,17:20:47,17:20:47,19,973,Hwy 525 & 76th St SW,0.0,0.0
2023-10-18,417,North,24095,15812.0,,17:21:30,17:21:30,20,967,Hwy 525 & Clover Ln,0.0,0.0
2023-10-18,417,North,24095,15812.0,,17:21:55,17:21:55,21,972,Hwy 525 & 15th Pl,0.0,0.0
2023-10-18,417,North,24095,15812.0,,17:22:12,17:22:12,22,968,Hwy 525 & Goat Trail Rd,0.0,0.0
2023-10-18,417,North,24095,15812.0,,17:23:35,17:23:52,23,3280,Hwy 525 & 5th St,0.0,1.0
2023-10-18,417,North,24095,15812.0,,17:25:31,17:25:46,24,3274,1st St & Mukilteo Station,0.0,2.0
2023-10-18,417,North,24095,15812.0,17:31:00,17:27:05,17:27:05,25,3265,Mukilteo Ferry Terminal Bay 2,0.0,1.0
2023-10-18,417,North,24096,15813.0,17:22:00,17:30:08,17:30:08,0,640,4th Ave S & S Jackson St,1.0,0.0
2023-10-18,417,North,24096,15813.0,,17:30:50,17:30:58,1,635,4th Ave S & S Washington St,0.0,0.0
2023-10-18,417,North,24096,15813.0,,17:32:19,17:32:28,2,2638,4th Ave & Cherry St,0.0,0.0
2023-10-18,417,North,24096,15813.0,,17:34:04,17:34:31,3,641,4th Ave & Seneca St,3.0,0.0
2023-10-18,417,North,24096,15813.0,17:28:00,17:35:53,17:36:33,4,2976,4th Ave & Pine St,2.0,0.0
2023-10-18,417,North,24096,15813.0,,17:38:45,17:40:05,5,473,Olive Way & 6th Ave,6.0,0.0
2023-10-18,417,North,24096,15813.0,17:32:00,17:41:38,17:42:07,6,430,Howell St & 9th Ave,3.0,0.0
2023-10-18,417,North,24096,15813.0,,17:47:13,17:47:39,7,431,Howell St & Yale Ave,1.0,0.0
2023-10-18,417,North,24096,15813.0,,18:16:19,18:16:40,11,970,Hwy 525 & Lincoln Way,0.0,2.0
2023-10-18,417,North,24096,15813.0,18:14:00,18:20:56,18:21:17,12,966,Hwy 525 & Beverly Park Rd,0.0,5.0
2023-10-18,417,North,24096,15813.0,,18:22:33,18:22:57,13,969,Hwy 525 & Harbour Pointe Blvd SW,0.0,2.0
2023-10-18,417,North,24096,15813.0,,18:24:55,18:25:09,14,974,Hwy 525 & Chennault Beach Rd,0.0,1.0
2023-10-18,417,North,24096,15813.0,,18:26:28,18:26:28,15,975,Hwy 525 & Harbour Pointe Blvd,0.0,0.0
2023-10-18,417,North,24096,15813.0,18:22:00,18:28:58,18:29:30,16,965,Hwy 525 & 92nd St SW,0.0,3.0
2023-10-18,417,North,24096,15813.0,,18:30:43,18:31:20,17,964,Hwy 525 & 84th St SW,0.0,2.0
2023-10-18,417,North,24096,15813.0,,18:31:54,18:31:54,18,963,Hwy 525 & 80th St SW,0.0,0.0
2023-10-18,417,North,24096,15813.0,,18:32:17,18:32:17,19,973,Hwy 525 & 76th St SW,0.0,0.0
2023-10-18,417,North,24096,15813.0,,18:33:04,18:33:04,20,967,Hwy 525 & Clover Ln,0.0,0.0
2023-10-18,417,North,24096,15813.0,,18:33:31,18:33:31,21,972,Hwy 525 & 15th Pl,0.0,0.0
2023-10-18,417,North,24096,15813.0,,18:33:49,18:33:49,22,968,Hwy 525 & Goat Trail Rd,0.0,0.0
2023-10-18,417,North,24096,15813.0,,18:34:51,18:34:51,23,3280,Hwy 525 & 5th St,0.0,0.0
2023-10-18,417,North,24096,15813.0,,18:36:25,18:36:25,24,3274,1st St & Mukilteo Station,0.0,0.0
2023-10-18,417,North,24096,15813.0,18:31:00,18:37:32,18:37:32,25,3265,Mukilteo Ferry Terminal Bay 2,0.0,1.0
2023-10-18,417,North,24097,15801.0,17:55:00,17:58:54,17:58:54,0,640,4th Ave S & S Jackson St,1.0,0.0
2023-10-18,417,North,24097,15801.0,,,,1,635,4th Ave S & S Washington St,,
2023-10-18,417,North,24097,15801.0,,17:59:22,17:59:33,2,2638,4th Ave & Cherry St,0.0,0.0
2023-10-18,417,North,24097,15801.0,,18:01:01,18:01:20,3,641,4th Ave & Seneca St,0.0,0.0
2023-10-18,417,North,24097,15801.0,18:00:00,18:02:45,18:03:21,4,2976,4th Ave & Pine St,0.0,0.0
2023-10-18,417,North,24097,15801.0,,18:04:36,18:05:34,5,473,Olive Way & 6th Ave,1.0,0.0
2023-10-18,417,North,24097,15801.0,18:04:00,18:07:06,18:07:31,6,430,Howell St & 9th Ave,2.0,0.0
2023-10-18,417,North,24097,15801.0,,18:09:48,18:09:57,7,431,Howell St & Yale Ave,0.0,0.0
2023-10-18,417,North,24097,15801.0,,18:39:01,18:39:01,11,970,Hwy 525 & Lincoln Way,0.0,0.0
2023-10-18,417,North,24097,15801.0,18:38:00,18:41:47,18:42:02,12,966,Hwy 525 & Beverly Park Rd,0.0,3.0
2023-10-18,417,North,24097,15801.0,,18:43:22,18:43:22,13,969,Hwy 525 & Harbour Pointe Blvd SW,0.0,0.0
2023-10-18,417,North,24097,15801.0,,18:44:27,18:44:27,14,974,Hwy 525 & Chennault Beach Rd,0.0,0.0
2023-10-18,417,North,24097,15801.0,,18:45:35,18:45:35,15,975,Hwy 525 & Harbour Pointe Blvd,0.0,0.0
2023-10-18,417,North,24097,15801.0,18:46:00,18:47:11,18:47:31,16,965,Hwy 525 & 92nd St SW,0.0,1.0
2023-10-18,417,North,24097,15801.0,,18:48:39,18:48:39,17,964,Hwy 525 & 84th St SW,0.0,0.0
2023-10-18,417,North,24097,15801.0,,18:49:01,18:49:01,18,963,Hwy 525 & 80th St SW,0.0,0.0
2023-10-18,417,North,24097,15801.0,,18:49:21,18:49:21,19,973,Hwy 525 & 76th St SW,0.0,0.0
2023-10-18,417,North,24097,15801.0,,18:50:07,18:50:07,20,967,Hwy 525 & Clover Ln,0.0,0.0
2023-10-18,417,North,24097,15801.0,,18:50:34,18:50:34,21,972,Hwy 525 & 15th Pl,0.0,0.0
2023-10-18,417,North,24097,15801.0,,18:50:51,18:50:51,22,968,Hwy 525 & Goat Trail Rd,0.0,0.0
2023-10-18,417,North,24097,15801.0,,18:52:36,18:52:36,23,3280,Hwy 525 & 5th St,0.0,0.0
2023-10-18,417,North,24097,15801.0,,18:53:56,18:53:56,24,3274,1st St & Mukilteo Station,0.0,0.0
2023-10-18,417,North,24097,15801.0,18:55:00,18:54:55,18:54:55,25,3265,Mukilteo Ferry Terminal Bay 2,0.0,0.0
2023-10-18,417,South,24098,15805.0,05:51:00,05:54:21,05:54:21,0,3265,Mukilteo Ferry Terminal Bay 2,6.0,0.0
2023-10-18,417,South,24098,15805.0,,05:55:36,05:55:36,1,3275,1st St & Mukilteo Station,0.0,0.0
2023-10-18,417,South,24098,15805.0,,05:57:39,05:57:39,2,1455,Hwy 525 & 3rd St,0.0,0.0
2023-10-18,417,South,24098,15805.0,,05:57:50,05:58:09,3,3281,Hwy 525 & 5th St,1.0,0.0
2023-10-18,417,South,24098,15805.0,,05:58:59,05:58:59,4,1472,Hwy 525 & Goat Trail Rd,0.0,0.0
2023-10-18,417,South,24098,15805.0,,05:59:56,05:59:56,5,1470,Hwy 525 & Clover Ln,0.0,0.0
2023-10-18,417,South,24098,15805.0,,06:00:45,06:01:11,6,1468,Hwy 525 & 76th St SW,1.0,0.0
2023-10-18,417,South,24098,15805.0,,06:01:48,06:01:48,7,1469,Hwy 525 & 80th St SW,0.0,0.0
2023-10-18,417,South,24098,15805.0,,06:02:09,06:02:41,8,1456,Hwy 525 & 81st Pl SW,1.0,0.0
2023-10-18,417,South,24098,15805.0,,06:03:13,06:03:29,9,1457,Hwy 525 & 84th St SW,1.0,0.0
2023-10-18,417,South,24098,15805.0,,06:04:01,06:04:01,10,1458,Hwy 525 & 88th St SW,0.0,0.0
2023-10-18,417,South,24098,15805.0,05:58:00,06:04:34,06:05:28,11,1459,Hwy 525 & 92nd St SW,4.0,0.0
2023-10-18,417,South,24098,15805.0,,06:07:07,06:07:07,12,1466,Hwy 525 & Harbour Pointe Blvd,0.0,0.0
2023-10-18,417,South,24098,15805.0,,06:08:32,06:08:50,13,1461,Hwy 525 & Chennault Beach Rd,1.0,0.0
2023-10-18,417,South,24098,15805.0,,06:09:17,06:09:17,14,1464,Hwy 525 & Russell Rd,0.0,0.0
2023-10-18,417,South,24098,15805.0,,06:10:14,06:11:15,15,1462,Hwy 525 & Harbour Pointe Blvd SW,5.0,0.0
2023-10-18,417,South,24098,15805.0,06:05:00,06:12:44,06:13:32,16,1460,Hwy 525 & Beverly Park Rd,4.0,0.0
2023-10-18,417,South,24098,15805.0,,06:14:43,06:15:09,17,1467,Hwy 525 & Lincoln Way,1.0,0.0
2023-10-18,417,South,24098,15805.0,06:33:00,06:46:04,06:46:31,21,1909,Stewart St & 9th Ave,0.0,7.0
2023-10-18,417,South,24098,15805.0,,06:47:00,06:47:27,22,1908,Stewart St & 7th Ave,0.0,4.0
2023-10-18,417,South,24098,15805.0,,06:49:48,06:50:16,23,1907,Stewart St & 4th Ave,0.0,4.0
2023-10-18,417,South,24098,15805.0,,06:51:51,06:52:07,24,1079,2nd Ave & Stewart St,0.0,1.0
2023-10-18,417,South,24098,15805.0,06:41:00,06:53:16,06:54:05,25,2909,2nd Ave & Seneca St,0.0,4.0
2023-10-18,417,South,24098,15805.0,,06:54:52,06:55:05,26,2631,2nd Ave & Cherry St,0.0,2.0
2023-10-18,417,South,24098,15805.0,06:45:00,06:56:20,06:56:20,27,2349,2nd Ave Ext S & Yesler Way,0.0,3.0
2023-10-18,417,South,24099,19823.0,06:22:00,06:24:29,06:24:29,0,3265,Mukilteo Ferry Terminal Bay 2,3.0,0.0
2023-10-18,417,South,24099,19823.0,,06:25:36,06:25:36,1,3275,1st St & Mukilteo Station,0.0,0.0
2023-10-18,417,South,24099,19823.0,,06:27:17,06:27:17,2,1455,Hwy 525 & 3rd St,0.0,0.0
2023-10-18,417,South,24099,19823.0,,06:27:30,06:27:30,3,3281,Hwy 525 & 5th St,0.0,0.0
2023-10-18,417,South,24099,19823.0,,06:28:35,06:28:35,4,1472,Hwy 525 & Goat Trail Rd,0.0,0.0
2023-10-18,417,South,24099,19823.0,,06:29:38,06:29:38,5,1470,Hwy 525 & Clover Ln,0.0,0.0
2023-10-18,417,South,24099,19823.0,,06:30:30,06:30:30,6,1468,Hwy 525 & 76th St SW,0.0,0.0
2023-10-18,417,South,24099,19823.0,,06:31:04,06:31:04,7,1469,Hwy 525 & 80th St SW,0.0,0.0
2023-10-18,417,South,24099,19823.0,,06:31:22,06:31:22,8,1456,Hwy 525 & 81st Pl SW,0.0,0.0
2023-10-18,417,South,24099,19823.0,,06:31:50,06:32:15,9,1457,Hwy 525 & 84th St SW,2.0,0.0
2023-10-18,417,South,24099,19823.0,,06:32:50,06:32:50,10,1458,Hwy 525 & 88th St SW,0.0,0.0
2023-10-18,417,South,24099,19823.0,06:29:00,06:33:27,06:33:55,11,1459,Hwy 525 & 92nd St SW,1.0,0.0
2023-10-18,417,South,24099,19823.0,,06:36:36,06:36:36,12,1466,Hwy 525 & Harbour Pointe Blvd,0.0,0.0
2023-10-18,417,South,24099,19823.0,,06:37:24,06:37:24,13,1461,Hwy 525 & Chennault Beach Rd,0.0,0.0
2023-10-18,417,South,24099,19823.0,,06:37:56,06:38:09,14,1464,Hwy 525 & Russell Rd,0.0,1.0
2023-10-18,417,South,24099,19823.0,,06:40:18,06:41:02,15,1462,Hwy 525 & Harbour Pointe Blvd SW,4.0,0.0
2023-10-18,417,South,24099,19823.0,06:36:00,06:43:37,06:44:17,16,1460,Hwy 525 & Beverly Park Rd,2.0,0.0
2023-10-18,417,South,24099,19823.0,,06:45:44,06:46:03,17,1467,Hwy 525 & Lincoln Way,2.0,0.0
2023-10-18,417,South,24099,19823.0,07:08:00,07:20:37,07:20:59,21,1909,Stewart St & 9th Ave,0.0,4.0
2023-10-18,417,South,24099,19823.0,,07:21:29,07:21:56,22,1908,Stewart St & 7th Ave,0.0,2.0
2023-10-18,417,South,24099,19823.0,,07:24:20,07:24:35,23,1907,Stewart St & 4th Ave,0.0,4.0
2023-10-18,417,South,24099,19823.0,,07:26:28,07:26:38,24,1079,2nd Ave & Stewart St,0.0,0.0
2023-10-18,417,South,24099,19823.0,07:16:00,07:27:49,07:28:38,25,2909,2nd Ave & Seneca St,0.0,1.0
2023-10-18,417,South,24099,19823.0,,07:29:30,07:29:52,26,2631,2nd Ave & Cherry St,0.0,0.0
2023-10-18,417,South,24099,19823.0,07:20:00,07:31:16,07:31:16,27,2349,2nd Ave Ext S & Yesler Way,0.0,2.0
2023-10-18,417,South,24100,17866.0,06:52:00,06:52:19,06:52:19,0,3265,Mukilteo Ferry Terminal Bay 2,3.0,0.0
2023-10-18,417,South,24100,17866.0,,06:53:29,06:53:56,1,3275,1st St & Mukilteo Station,2.0,0.0
2023-10-18,417,South,24100,17866.0,,06:55:58,06:56:17,2,1455,Hwy 525 & 3rd St,1.0,0.0
2023-10-18,417,South,24100,17866.0,,06:56:30,06:56:30,3,3281,Hwy 525 & 5th St,0.0,0.0
2023-10-18,417,South,24100,17866.0,,06:57:20,06:57:20,4,1472,Hwy 525 & Goat Trail Rd,0.0,0.0
2023-10-18,417,South,24100,17866.0,,06:58:16,06:58:16,5,1470,Hwy 525 & Clover Ln,0.0,0.0
2023-10-18,417,South,24100,17866.0,,06:58:59,06:58:59,6,1468,Hwy 525 & 76th St SW,0.0,0.0
2023-10-18,417,South,24100,17866.0,,06:59:56,06:59:56,7,1469,Hwy 525 & 80th St SW,0.0,0.0
2023-10-18,417,South,24100,17866.0,,07:00:34,07:00:34,8,1456,Hwy 525 & 81st Pl SW,0.0,0.0
2023-10-18,417,South,24100,17866.0,,07:01:10,07:01:10,9,1457,Hwy 525 & 84th St SW,0.0,0.0
2023-10-18,417,South,24100,17866.0,,07:01:44,07:02:24,10,1458,Hwy 525 & 88th St SW,2.0,0.0
2023-10-18,417,South,24100,17866.0,07:00:00,07:03:40,07:04:11,11,1459,Hwy 525 & 92nd St SW,2.0,0.0
2023-10-18,417,South,24100,17866.0,,07:09:20,07:09:36,12,1466,Hwy 525 & Harbour Pointe Blvd,1.0,0.0
2023-10-18,417,South,24100,17866.0,,07:12:04,07:12:25,13,1461,Hwy 525 & Chennault Beach Rd,1.0,0.0
2023-10-18,417,South,24100,17866.0,,07:13:14,07:13:14,14,1464,Hwy 525 & Russell Rd,0.0,0.0
2023-10-18,417,South,24100,17866.0,,07:15:11,07:15:51,15,1462,Hwy 525 & Harbour Pointe Blvd SW,5.0,0.0
2023-10-18,417,South,24100,17866.0,07:09:00,07:18:28,07:19:04,16,1460,Hwy 525 & Beverly Park Rd,6.0,0.0
2023-10-18,417,South,24100,17866.0,,07:21:01,07:21:42,17,1467,Hwy 525 & Lincoln Way,4.0,0.0
2023-10-18,417,South,24100,17866.0,07:49:00,08:07:11,08:07:44,21,1909,Stewart St & 9th Ave,0.0,14.0
2023-10-18,417,South,24100,17866.0,,08:08:11,08:08:52,22,1908,Stewart St & 7th Ave,0.0,4.0
2023-10-18,417,South,24100,17866.0,,08:10:48,08:11:16,23,1907,Stewart St & 4th Ave,0.0,5.0
2023-10-18,417,South,24100,17866.0,,08:12:50,08:13:12,24,1079,2nd Ave & Stewart St,0.0,1.0
2023-10-18,417,South,24100,17866.0,07:57:00,08:14:27,08:14:55,25,2909,2nd Ave & Seneca St,0.0,3.0
2023-10-18,417,South,24100,17866.0,,08:15:52,08:15:52,26,2631,2nd Ave & Cherry St,0.0,0.0
2023-10-18,417,South,24100,17866.0,08:01:00,08:16:25,08:16:25,27,2349,2nd Ave Ext S & Yesler Way,0.0,0.0
2023-10-18,417,South,24101,15805.0,07:53:00,07:53:48,07:53:48,0,3265,Mukilteo Ferry Terminal Bay 2,2.0,0.0
2023-10-18,417,South,24101,15805.0,,07:54:36,07:54:36,1,3275,1st St & Mukilteo Station,0.0,0.0
2023-10-18,417,South,24101,15805.0,,07:56:26,07:56:26,2,1455,Hwy 525 & 3rd St,0.0,0.0
2023-10-18,417,South,24101,15805.0,,07:56:34,07:56:55,3,3281,Hwy 525 & 5th St,1.0,0.0
2023-10-18,417,South,24101,15805.0,,07:58:05,07:58:51,4,1472,Hwy 525 & Goat Trail Rd,1.0,0.0
2023-10-18,417,South,24101,15805.0,,07:59:50,07:59:50,5,1470,Hwy 525 & Clover Ln,0.0,0.0
2023-10-18,417,South,24101,15805.0,,08:00:54,08:00:54,6,1468,Hwy 525 & 76th St SW,0.0,0.0
2023-10-18,417,South,24101,15805.0,,08:01:24,08:01:24,7,1469,Hwy 525 & 80th St SW,0.0,0.0
2023-10-18,417,South,24101,15805.0,,08:01:42,08:02:16,8,1456,Hwy 525 & 81st Pl SW,1.0,0.0
2023-10-18,417,South,24101,15805.0,,08:02:48,08:03:14,9,1457,Hwy 525 & 84th St SW,2.0,0.0
2023-10-18,417,South,24101,15805.0,,08:03:53,08:04:18,10,1458,Hwy 525 & 88th St SW,1.0,0.0
2023-10-18,417,South,24101,15805.0,08:02:00,08:04:58,08:05:20,11,1459,Hwy 525 & 92nd St SW,1.0,0.0
2023-10-18,417,South,24101,15805.0,,08:07:31,08:07:48,12,1466,Hwy 525 & Harbour Pointe Blvd,1.0,0.0
2023-10-18,417,South,24101,15805.0,,08:08:44,08:09:28,13,1461,Hwy 525 & Chennault Beach Rd,2.0,0.0
2023-10-18,417,South,24101,15805.0,,08:09:57,08:09:57,14,1464,Hwy 525 & Russell Rd,0.0,0.0
2023-10-18,417,South,24101,15805.0,,08:11:19,08:11:38,15,1462,Hwy 525 & Harbour Pointe Blvd SW,0.0,0.0
2023-10-18,417,South,24101,15805.0,08:11:00,08:14:27,08:15:04,16,1460,Hwy 525 & Beverly Park Rd,7.0,0.0
2023-10-18,417,South,24101,15805.0,,08:16:50,08:17:33,17,1467,Hwy 525 & Lincoln Way,5.0,0.0
2023-10-18,417,South,24101,15805.0,08:53:00,09:10:37,09:11:32,21,1909,Stewart St & 9th Ave,0.0,11.0
2023-10-18,417,South,24101,15805.0,,09:12:10,09:12:54,22,1908,Stewart St & 7th Ave,0.0,4.0
2023-10-18,417,South,24101,15805.0,,09:15:28,09:15:52,23,1907,Stewart St & 4th Ave,0.0,5.0
2023-10-18,417,South,24101,15805.0,,09:17:19,09:17:39,24,1079,2nd Ave & Stewart St,0.0,1.0
2023-10-18,417,South,24101,15805.0,09:04:00,09:18:50,09:19:17,25,2909,2nd Ave & Seneca St,0.0,2.0
2023-10-18,417,South,24101,15805.0,,09:20:20,09:20:35,26,2631,2nd Ave & Cherry St,0.0,1.0
2023-10-18,417,South,24101,15805.0,09:10:00,09:21:27,09:21:27,27,2349,2nd Ave Ext S & Yesler Way,0.0,0.0
2023-10-19,417,North,24094,19812.0,15:11:00,15:11:33,15:11:33,0,640,4th Ave S & S Jackson St,2.0,0.0
2023-10-19,417,North,24094,19812.0,,15:12:14,15:12:14,1,635,4th Ave S & S Washington St,0.0,0.0
2023-10-19,417,North,24094,19812.0,,15:12:58,15:14:12,2,2638,4th Ave & Cherry St,1.0,0.0
2023-10-19,417,North,24094,19812.0,,15:15:10,15:15:26,3,641,4th Ave & Seneca St,0.0,0.0
2023-10-19,417,North,24094,19812.0,15:17:00,15:17:06,15:17:26,4,2976,4th Ave & Pine St,4.0,0.0
2023-10-19,417,North,24094,19812.0,,15:19:30,15:20:30,5,473,Olive Way & 6th Ave,0.0,0.0
2023-10-19,417,North,24094,19812.0,15:21:00,15:22:11,15:22:38,6,430,Howell St & 9th Ave,11.0,0.0
2023-10-19,417,North,24094,19812.0,,15:24:37,15:24:59,7,431,Howell St & Yale Ave,0.0,0.0
2023-10-19,417,North,24094,19812.0,,15:51:07,15:51:24,11,970,Hwy 525 & Lincoln Way,0.0,3.0
2023-10-19,417,North,24094,19812.0,16:06:00,15:56:01,15:56:21,12,966,Hwy 525 & Beverly Park Rd,0.0,2.0
2023-10-19,417,North,24094,19812.0,,15:57:22,15:57:42,13,969,Hwy 525 & Harbour Pointe Blvd SW,0.0,6.0
2023-10-19,417,North,24094,19812.0,,15:59:36,15:59:51,14,974,Hwy 525 & Chennault Beach Rd,0.0,0.0
2023-10-19,417,North,24094,19812.0,,16:01:00,16:01:14,15,975,Hwy 525 & Harbour Pointe Blvd,0.0,1.0
2023-10-19,417,North,24094,19812.0,16:16:00,16:04:12,16:04:29,16,965,Hwy 525 & 92nd St SW,0.0,0.0
2023-10-19,417,North,24094,19812.0,,16:06:35,16:07:05,17,964,Hwy 525 & 84th St SW,0.0,1.0
2023-10-19,417,North,24094,19812.0,,16:07:35,16:07:35,18,963,Hwy 525 & 80th St SW,0.0,0.0
2023-10-19,417,North,24094,19812.0,,16:08:05,16:08:26,19,973,Hwy 525 & 76th St SW,0.0,1.0
2023-10-19,417,North,24094,19812.0,,16:09:17,16:09:33,20,967,Hwy 525 & Clover Ln,1.0,1.0
2023-10-19,417,North,24094,19812.0,,16:10:05,16:10:05,21,972,Hwy 525 & 15th Pl,0.0,0.0
2023-10-19,417,North,24094,19812.0,,16:10:25,16:10:25,22,968,Hwy 525 & Goat Trail Rd,0.0,0.0
2023-10-19,417,North,24094,19812.0,,16:11:04,16:11:04,23,3280,Hwy 525 & 5th St,0.0,0.0
2023-10-19,417,North,24094,19812.0,,16:12:31,16:12:31,24,3274,1st St & Mukilteo Station,0.0,0.0
2023-10-19,417,North,24094,19812.0,16:30:00,16:13:23,16:13:23,25,3265,Mukilteo Ferry Terminal Bay 2,0.0,4.0
2023-10-19,417,North,24095,17858.0,16:11:00,16:12:44,16:12:44,0,640,4th Ave S & S Jackson St,5.0,0.0
2023-10-19,417,North,24095,17858.0,,16:13:50,16:13:50,1,635,4th Ave S & S Washington St,0.0,0.0
2023-10-19,417,North,24095,17858.0,,16:14:35,16:15:02,2,2638,4th Ave & Cherry St,3.0,0.0
2023-10-19,417,North,24095,17858.0,,16:16:30,16:16:58,3,641,4th Ave & Seneca St,4.0,0.0
2023-10-19,417,North,24095,17858.0,16:17:00,16:18:53,16:19:51,4,2976,4th Ave & Pine St,2.0,0.0
2023-10-19,417,North,24095,17858.0,,16:20:50,16:22:05,5,473,Olive Way & 6th Ave,1.0,0.0
2023-10-19,417,North,24095,17858.0,16:21:00,16:22:43,16:23:46,6,430,Howell St & 9th Ave,6.0,2.0
2023-10-19,417,North,24095,17858.0,,16:26:10,16:26:51,7,431,Howell St & Yale Ave,5.0,1.0
2023-10-19,417,North,24095,17858.0,,16:56:39,16:57:05,11,970,Hwy 525 & Lincoln Way,0.0,4.0
2023-10-19,417,North,24095,17858.0,17:08:00,17:02:42,17:03:18,12,966,Hwy 525 & Beverly Park Rd,0.0,5.0
2023-10-19,417,North,24095,17858.0,,17:04:40,17:05:13,13,969,Hwy 525 & Harbour Pointe Blvd SW,0.0,5.0
2023-10-19,417,North,24095,17858.0,,17:07:04,17:07:33,14,974,Hwy 525 & Chennault Beach Rd,0.0,1.0
2023-10-19,417,North,24095,17858.0,,17:08:43,17:08:43,15,975,Hwy 525 & Harbour Pointe Blvd,0.0,0.0
2023-10-19,417,North,24095,17858.0,17:18:00,17:11:04,17:11:34,16,965,Hwy 525 & 92nd St SW,0.0,3.0
2023-10-19,417,North,24095,17858.0,,17:13:13,17:13:13,17,964,Hwy 525 & 84th St SW,0.0,0.0
2023-10-19,417,North,24095,17858.0,,17:13:40,17:13:40,18,963,Hwy 525 & 80th St SW,0.0,0.0
2023-10-19,417,North,24095,17858.0,,17:14:00,17:14:00,19,973,Hwy 525 & 76th St SW,0.0,0.0
2023-10-19,417,North,24095,17858.0,,17:14:39,17:14:39,20,967,Hwy 525 & Clover Ln,0.0,0.0
2023-10-19,417,North,24095,17858.0,,17:15:01,17:15:01,21,972,Hwy 525 & 15th Pl,0.0,0.0
2023-10-19,417,North,24095,17858.0,,17:15:16,17:15:16,22,968,Hwy 525 & Goat Trail Rd,0.0,0.0
2023-10-19,417,North,24095,17858.0,,17:16:16,17:17:02,23,3280,Hwy 525 & 5th St,0.0,3.0
2023-10-19,417,North,24095,17858.0,,17:18:42,17:18:42,24,3274,1st St & Mukilteo Station,0.0,0.0
2023-10-19,417,North,24095,17858.0,17:31:00,17:19:49,17:19:49,25,3265,Mukilteo Ferry Terminal Bay 2,0.0,2.0
2023-10-19,417,North,24096,17866.0,17:22:00,17:22:27,17:22:27,0,640,4th Ave S & S Jackson St,1.0,0.0
2023-10-19,417,North,24096,17866.0,,17:23:04,17:23:16,1,635,4th Ave S & S Washington St,0.0,0.0
2023-10-19,417,North,24096,17866.0,,17:25:01,17:25:21,2,2638,4th Ave & Cherry St,0.0,0.0
2023-10-19,417,North,24096,17866.0,,17:28:42,17:28:56,3,641,4th Ave & Seneca St,1.0,0.0
2023-10-19,417,North,24096,17866.0,17:28:00,17:32:07,17:32:36,4,2976,4th Ave & Pine St,2.0,0.0
2023-10-19,417,North,24096,17866.0,,17:34:17,17:35:34,5,473,Olive Way & 6th Ave,2.0,0.0
2023-10-19,417,North,24096,17866.0,17:32:00,17:37:06,17:37:34,6,430,Howell St & 9th Ave,2.0,0.0
2023-10-19,417,North,24096,17866.0,,17:41:09,17:41:39,7,431,Howell St & Yale Ave,3.0,0.0
2023-10-19,417,North,24096,17866.0,,18:07:09,18:07:31,11,970,Hwy 525 & Lincoln Way,0.0,3.0
2023-10-19,417,North,24096,17866.0,18:14:00,18:11:04,18:11:29,12,966,Hwy 525 & Beverly Park Rd,0.0,3.0
2023-10-19,417,North,24096,17866.0,,18:13:39,18:14:00,13,969,Hwy 525 & Harbour Pointe Blvd SW,0.0,1.0
2023-10-19,417,North,24096,17866.0,,18:16:17,18:16:37,14,974,Hwy 525 & Chennault Beach Rd,0.0,1.0
2023-10-19,417,North,24096,17866.0,,18:17:44,18:17:44,15,975,Hwy 525 & Harbour Pointe Blvd,0.0,0.0
2023-10-19,417,North,24096,17866.0,18:22:00,18:20:12,18:20:44,16,965,Hwy 525 & 92nd St SW,0.0,2.0
2023-10-19,417,North,24096,17866.0,,18:22:30,18:22:57,17,964,Hwy 525 & 84th St SW,0.0,1.0
2023-10-19,417,North,24096,17866.0,,18:23:38,18:23:38,18,963,Hwy 525 & 80th St SW,0.0,0.0
2023-10-19,417,North,24096,17866.0,,18:24:09,18:24:09,19,973,Hwy 525 & 76th St SW,0.0,0.0
2023-10-19,417,North,24096,17866.0,,18:25:10,18:25:10,20,967,Hwy 525 & Clover Ln,0.0,0.0
2023-10-19,417,North,24096,17866.0,,18:25:45,18:25:45,21,972,Hwy 525 & 15th Pl,0.0,0.0
2023-10-19,417,North,24096,17866.0,,18:26:09,18:26:09,22,968,Hwy 525 & Goat Trail Rd,0.0,0.0
2023-10-19,417,North,24096,17866.0,,18:28:53,18:28:53,23,3280,Hwy 525 & 5th St,0.0,0.0
2023-10-19,417,North,24096,17866.0,,18:30:50,18:30:50,24,3274,1st St & Mukilteo Station,0.0,0.0
2023-10-19,417,North,24096,17866.0,18:31:00,18:32:03,18:32:03,25,3265,Mukilteo Ferry Terminal Bay 2,0.0,0.0
2023-10-19,417,North,24097,17860.0,17:55:00,17:56:41,17:56:41,0,640,4th Ave S & S Jackson St,0.0,0.0
2023-10-19,417,North,24097,17860.0,,17:57:40,17:57:40,1,635,4th Ave S & S Washington St,0.0,0.0
2023-10-19,417,North,24097,17860.0,,17:58:25,17:58:25,2,2638,4th Ave & Cherry St,0.0,0.0
2023-10-19,417,North,24097,17860.0,,18:01:01,18:01:20,3,641,4th Ave & Seneca St,0.0,0.0
2023-10-19,417,North,24097,17860.0,18:00:00,18:02:55,18:03:43,4,2976,4th Ave & Pine St,0.0,0.0
2023-10-19,417,North,24097,17860.0,,18:05:47,18:06:05,5,473,Olive Way & 6th Ave,1.0,0.0
2023-10-19,417,North,24097,17860.0,18:04:00,18:07:48,18:08:23,6,430,Howell St & 9th Ave,4.0,0.0
2023-10-19,417,North,24097,17860.0,,18:11:14,18:11:38,7,431,Howell St & Yale Ave,0.0,0.0
2023-10-19,417,North,24097,17860.0,,18:35:17,18:35:35,11,970,Hwy 525 & Lincoln Way,0.0,2.0
2023-10-19,417,North,24097,17860.0,18:38:00,18:37:16,18:37:16,12,966,Hwy 525 & Beverly Park Rd,0.0,0.0
2023-10-19,417,North,24097,17860.0,,18:38:28,18:38:28,13,969,Hwy 525 & Harbour Pointe Blvd SW,0.0,0.0
2023-10-19,417,North,24097,17860.0,,18:40:35,18:40:35,14,974,Hwy 525 & Chennault Beach Rd,0.0,0.0
2023-10-19,417,North,24097,17860.0,,18:41:11,18:41:11,15,975,Hwy 525 & Harbour Pointe Blvd,0.0,0.0
2023-10-19,417,North,24097,17860.0,18:46:00,18:43:24,18:43:46,16,965,Hwy 525 & 92nd St SW,0.0,1.0
2023-10-19,417,North,24097,17860.0,,18:45:37,18:46:08,17,964,Hwy 525 & 84th St SW,0.0,1.0
2023-10-19,417,North,24097,17860.0,,18:46:38,18:46:38,18,963,Hwy 525 & 80th St SW,0.0,0.0
2023-10-19,417,North,24097,17860.0,,18:47:02,18:47:02,19,973,Hwy 525 & 76th St SW,0.0,0.0
2023-10-19,417,North,24097,17860.0,,18:47:52,18:47:52,20,967,Hwy 525 & Clover Ln,0.0,0.0
2023-10-19,417,North,24097,17860.0,,18:48:21,18:48:21,21,972,Hwy 525 & 15th Pl,0.0,0.0
2023-10-19,417,North,24097,17860.0,,18:48:42,18:48:42,22,968,Hwy 525 & Goat Trail Rd,0.0,0.0
2023-10-19,417,North,24097,17860.0,,18:49:50,18:49:50,23,3280,Hwy 525 & 5th St,0.0,0.0
2023-10-19,417,North,24097,17860.0,,18:51:51,18:51:51,24,3274,1st St & Mukilteo Station,0.0,0.0
2023-10-19,417,North,24097,17860.0,18:55:00,18:52:48,18:52:48,25,3265,Mukilteo Ferry Terminal Bay 2,0.0,1.0
2023-10-19,417,South,24098,17852.0,05:51:00,05:51:38,05:51:38,0,3265,Mukilteo Ferry Terminal Bay 2,8.0,0.0
2023-10-19,417,South,24098,17852.0,,05:52:34,05:52:34,1,3275,1st St & Mukilteo Station,0.0,0.0
2023-10-19,417,South,24098,17852.0,,05:55:15,05:55:15,2,1455,Hwy 525 & 3rd St,0.0,0.0
2023-10-19,417,South,24098,17852.0,,05:55:22,05:55:22,3,3281,Hwy 525 & 5th St,0.0,0.0
2023-10-19,417,South,24098,17852.0,,05:56:06,05:56:06,4,1472,Hwy 525 & Goat Trail Rd,0.0,0.0
2023-10-19,417,South,24098,17852.0,,05:56:57,05:56:57,5,1470,Hwy 525 & Clover Ln,0.0,0.0
2023-10-19,417,South,24098,17852.0,,05:57:45,05:57:45,6,1468,Hwy 525 & 76th St SW,0.0,0.0
2023-10-19,417,South,24098,17852.0,,05:58:15,05:58:15,7,1469,Hwy 525 & 80th St SW,0.0,0.0
2023-10-19,417,South,24098,17852.0,,05:58:38,05:59:10,8,1456,Hwy 525 & 81st Pl SW,1.0,0.0
2023-10-19,417,South,24098,17852.0,,05:59:46,06:00:05,9,1457,Hwy 525 & 84th St SW,1.0,0.0
2023-10-19,417,South,24098,17852.0,,06:00:39,06:00:39,10,1458,Hwy 525 & 88th St SW,0.0,0.0
2023-10-19,417,South,24098,17852.0,05:58:00,06:01:12,06:01:38,11,1459,Hwy 525 & 92nd St SW,0.0,0.0
2023-10-19,417,South,24098,17852.0,,06:03:30,06:03:30,12,1466,Hwy 525 & Harbour Pointe Blvd,0.0,0.0
2023-10-19,417,South,24098,17852.0,,06:04:44,06:05:16,13,1461,Hwy 525 & Chennault Beach Rd,3.0,0.0
2023-10-19,417,South,24098,17852.0,,06:05:56,06:05:56,14,1464,Hwy 525 & Russell Rd,0.0,0.0
2023-10-19,417,South,24098,17852.0,,06:07:02,06:07:30,15,1462,Hwy 525 & Harbour Pointe Blvd SW,3.0,0.0
2023-10-19,417,South,24098,17852.0,06:05:00,06:09:05,06:09:28,16,1460,Hwy 525 & Beverly Park Rd,2.0,0.0
2023-10-19,417,South,24098,17852.0,,06:10:43,06:11:06,17,1467,Hwy 525 & Lincoln Way,1.0,0.0
2023-10-19,417,South,24098,17852.0,06:33:00,06:38:34,06:39:07,21,1909,Stewart St & 9th Ave,0.0,7.0
2023-10-19,417,South,24098,17852.0,,06:39:35,06:39:59,22,1908,Stewart St & 7th Ave,0.0,2.0
2023-10-19,417,South,24098,17852.0,,06:42:18,06:42:37,23,1907,Stewart St & 4th Ave,0.0,4.0
2023-10-19,417,South,24098,17852.0,,06:44:17,06:44:36,24,1079,2nd Ave & Stewart St,0.0,2.0
2023-10-19,417,South,24098,17852.0,06:41:00,06:45:47,06:46:03,25,2909,2nd Ave & Seneca St,0.0,3.0
2023-10-19,417,South,24098,17852.0,,06:47:20,06:47:33,26,2631,2nd Ave & Cherry St,0.0,1.0
2023-10-19,417,South,24098,17852.0,06:45:00,06:48:16,06:48:16,27,2349,2nd Ave Ext S & Yesler Way,0.0,0.0
2023-10-19,417,South,24099,19814.0,06:22:00,06:26:21,06:26:21,0,3265,Mukilteo Ferry Terminal Bay 2,0.0,0.0
2023-10-19,417,South,24099,19814.0,,,,1,3275,1st St & Mukilteo Station,,
2023-10-19,417,South,24099,19814.0,,06:27:28,06:27:28,2,1455,Hwy 525 & 3rd St,0.0,0.0
2023-10-19,417,South,24099,19814.0,,06:27:36,06:27:36,3,3281,Hwy 525 & 5th St,0.0,0.0
2023-10-19,417,South,24099,19814.0,,06:28:33,06:28:33,4,1472,Hwy 525 & Goat Trail Rd,0.0,0.0
2023-10-19,417,South,24099,19814.0,,06:29:37,06:29:37,5,1470,Hwy 525 & Clover Ln,0.0,0.0
2023-10-19,417,South,24099,19814.0,,06:30:29,06:30:38,6,1468,Hwy 525 & 76th St SW,0.0,0.0
2023-10-19,417,South,24099,19814.0,,06:31:21,06:31:21,7,1469,Hwy 525 & 80th St SW,0.0,0.0
2023-10-19,417,South,24099,19814.0,,06:31:44,06:31:44,8,1456,Hwy 525 & 81st Pl SW,0.0,0.0
2023-10-19,417,South,24099,19814.0,,06:32:18,06:32:40,9,1457,Hwy 525 & 84th St SW,1.0,0.0
2023-10-19,417,South,24099,19814.0,,06:33:17,06:33:17,10,1458,Hwy 525 & 88th St SW,0.0,0.0
2023-10-19,417,South,24099,19814.0,06:29:00,06:33:56,06:34:30,11,1459,Hwy 525 & 92nd St SW,3.0,0.0
2023-10-19,417,South,24099,19814.0,,06:36:28,06:36:28,12,1466,Hwy 525 & Harbour Pointe Blvd,0.0,0.0
2023-10-19,417,South,24099,19814.0,,06:38:01,06:38:01,13,1461,Hwy 525 & Chennault Beach Rd,0.0,0.0
2023-10-19,417,South,24099,19814.0,,06:38:27,06:38:27,14,1464,Hwy 525 & Russell Rd,0.0,0.0
2023-10-19,417,South,24099,19814.0,,06:39:29,06:39:51,15,1462,Hwy 525 & Harbour Pointe Blvd SW,3.0,0.0
2023-10-19,417,South,24099,19814.0,06:36:00,06:42:17,06:42:35,16,1460,Hwy 525 & Beverly Park Rd,2.0,0.0
2023-10-19,417,South,24099,19814.0,,06:43:45,06:43:45,17,1467,Hwy 525 & Lincoln Way,0.0,0.0
2023-10-19,417,South,24099,19814.0,07:08:00,07:11:33,07:11:47,21,1909,Stewart St & 9th Ave,0.0,3.0
2023-10-19,417,South,24099,19814.0,,07:12:16,07:12:33,22,1908,Stewart St & 7th Ave,0.0,2.0
2023-10-19,417,South,24099,19814.0,,07:15:17,07:15:32,23,1907,Stewart St & 4th Ave,0.0,2.0
2023-10-19,417,South,24099,19814.0,,07:17:16,07:17:34,24,1079,2nd Ave & Stewart St,0.0,1.0
2023-10-19,417,South,24099,19814.0,07:16:00,07:18:44,07:18:57,25,2909,2nd Ave & Seneca St,0.0,0.0
2023-10-19,417,South,24099,19814.0,,07:20:19,07:20:28,26,2631,2nd Ave & Cherry St,0.0,0.0
2023-10-19,417,South,24099,19814.0,07:20:00,07:21:15,07:21:15,27,2349,2nd Ave Ext S & Yesler Way,0.0,1.0
2023-10-19,417,South,24100,17860.0,06:52:00,06:54:57,06:54:57,0,3265,Mukilteo Ferry Terminal Bay 2,3.0,0.0
2023-10-19,417,South,24100,17860.0,,06:55:53,06:55:53,1,3275,1st St & Mukilteo Station,0.0,0.0
2023-10-19,417,South,24100,17860.0,,06:57:25,06:57:25,2,1455,Hwy 525 & 3rd St,0.0,0.0
2023-10-19,417,South,24100,17860.0,,06:57:34,06:57:34,3,3281,Hwy 525 & 5th St,0.0,0.0
2023-10-19,417,South,24100,17860.0,,06:58:20,06:58:39,4,1472,Hwy 525 & Goat Trail Rd,1.0,0.0
2023-10-19,417,South,24100,17860.0,,06:59:56,06:59:56,5,1470,Hwy 525 & Clover Ln,0.0,0.0
2023-10-19,417,South,24100,17860.0,,07:00:48,07:00:48,6,1468,Hwy 525 & 76th St SW,0.0,0.0
2023-10-19,417,South,24100,17860.0,,07:01:23,07:01:23,7,1469,Hwy 525 & 80th St SW,0.0,0.0
2023-10-19,417,South,24100,17860.0,,07:01:44,07:01:44,8,1456,Hwy 525 & 81st Pl SW,0.0,0.0
2023-10-19,417,South,24100,17860.0,,07:02:13,07:02:13,9,1457,Hwy 525 & 84th St SW,0.0,0.0
2023-10-19,417,South,24100,17860.0,,07:02:45,07:02:45,10,1458,Hwy 525 & 88th St SW,0.0,0.0
2023-10-19,417,South,24100,17860.0,07:00:00,07:03:29,07:03:55,11,1459,Hwy 525 & 92nd St SW,2.0,0.0
2023-10-19,417,South,24100,17860.0,,07:07:01,07:07:22,12,1466,Hwy 525 & Harbour Pointe Blvd,2.0,0.0
2023-10-19,417,South,24100,17860.0,,07:08:41,07:09:02,13,1461,Hwy 525 & Chennault Beach Rd,1.0,0.0
2023-10-19,417,South,24100,17860.0,,07:09:35,07:09:35,14,1464,Hwy 525 & Russell Rd,0.0,0.0
2023-10-19,417,South,24100,17860.0,,07:10:41,07:11:22,15,1462,Hwy 525 & Harbour Pointe Blvd SW,5.0,0.0
2023-10-19,417,South,24100,17860.0,07:09:00,07:14:18,07:15:13,16,1460,Hwy 525 & Beverly Park Rd,10.0,0.0
2023-10-19,417,South,24100,17860.0,,07:16:44,07:16:44,17,1467,Hwy 525 & Lincoln Way,0.0,0.0
2023-10-19,417,South,24100,17860.0,07:49:00,07:52:24,07:52:54,21,1909,Stewart St & 9th Ave,0.0,8.0
2023-10-19,417,South,24100,17860.0,,07:54:12,07:54:54,22,1908,Stewart St & 7th Ave,0.0,9.0
2023-10-19,417,South,24100,17860.0,,07:57:29,07:57:45,23,1907,Stewart St & 4th Ave,0.0,2.0
2023-10-19,417,South,24100,17860.0,,07:59:45,08:00:07,24,1079,2nd Ave & Stewart St,0.0,1.0
2023-10-19,417,South,24100,17860.0,07:57:00,08:02:37,08:03:00,25,2909,2nd Ave & Seneca St,0.0,2.0
2023-10-19,417,South,24100,17860.0,,08:04:13,08:04:13,26,2631,2nd Ave & Cherry St,0.0,0.0
2023-10-19,417,South,24100,17860.0,08:01:00,08:05:00,08:05:00,27,2349,2nd Ave Ext S & Yesler Way,0.0,2.0
2023-10-19,417,South,24101,17852.0,07:53:00,07:53:32,07:53:32,0,3265,Mukilteo Ferry Terminal Bay 2,2.0,0.0
2023-10-19,417,South,24101,17852.0,,07:54:20,07:54:20,1,3275,1st St & Mukilteo Station,0.0,0.0
2023-10-19,417,South,24101,17852.0,,07:55:41,07:55:41,2,1455,Hwy 525 & 3rd St,0.0,0.0
2023-10-19,417,South,24101,17852.0,,07:55:53,07:55:53,3,3281,Hwy 525 & 5th St,0.0,0.0
2023-10-19,417,South,24101,17852.0,,07:56:40,07:57:03,4,1472,Hwy 525 & Goat Trail Rd,1.0,0.0
2023-10-19,417,South,24101,17852.0,,07:59:02,07:59:02,5,1470,Hwy 525 & Clover Ln,0.0,0.0
2023-10-19,417,South,24101,17852.0,,08:00:19,08:00:57,6,1468,Hwy 525 & 76th St SW,1.0,0.0
2023-10-19,417,South,24101,17852.0,,08:01:36,08:01:36,7,1469,Hwy 525 & 80th St SW,0.0,0.0
2023-10-19,417,South,24101,17852.0,,08:01:55,08:01:55,8,1456,Hwy 525 & 81st Pl SW,0.0,0.0
2023-10-19,417,South,24101,17852.0,,08:02:38,08:03:16,9,1457,Hwy 525 & 84th St SW,1.0,0.0
2023-10-19,417,South,24101,17852.0,,08:03:52,08:04:21,10,1458,Hwy 525 & 88th St SW,1.0,0.0
2023-10-19,417,South,24101,17852.0,08:02:00,08:05:07,08:05:35,11,1459,Hwy 525 & 92nd St SW,1.0,0.0
2023-10-19,417,South,24101,17852.0,,08:07:46,08:08:10,12,1466,Hwy 525 & Harbour Pointe Blvd,1.0,0.0
2023-10-19,417,South,24101,17852.0,,08:09:38,08:10:05,13,1461,Hwy 525 & Chennault Beach Rd,3.0,0.0
2023-10-19,417,South,24101,17852.0,,08:10:34,08:10:34,14,1464,Hwy 525 & Russell Rd,0.0,0.0
2023-10-19,417,South,24101,17852.0,,08:11:53,08:12:34,15,1462,Hwy 525 & Harbour Pointe Blvd SW,2.0,0.0
2023-10-19,417,South,24101,17852.0,08:11:00,08:13:44,08:15:05,16,1460,Hwy 525 & Beverly Park Rd,5.0,0.0
2023-10-19,417,South,24101,17852.0,,08:16:18,08:17:16,17,1467,Hwy 525 & Lincoln Way,3.0,0.0
2023-10-19,417,South,24101,17852.0,08:53:00,09:01:37,09:02:30,21,1909,Stewart St & 9th Ave,0.0,12.0
2023-10-19,417,South,24101,17852.0,,09:03:07,09:03:58,22,1908,Stewart St & 7th Ave,0.0,7.0
2023-10-19,417,South,24101,17852.0,,09:06:17,09:06:33,23,1907,Stewart St & 4th Ave,0.0,1.0
2023-10-19,417,South,24101,17852.0,,09:08:25,09:08:45,24,1079,2nd Ave & Stewart St,0.0,1.0
2023-10-19,417,South,24101,17852.0,09:04:00,09:10:57,09:10:57,25,2909,2nd Ave & Seneca St,0.0,0.0
2023-10-19,417,South,24101,17852.0,,09:11:54,09:11:54,26,2631,2nd Ave & Cherry St,0.0,0.0
2023-10-19,417,South,24101,17852.0,09:10:00,09:13:08,09:13:08,27,2349,2nd Ave Ext S & Yesler Way,0.0,0.0
2023-10-20,417,North,24094,19824.0,15:11:00,15:12:07,15:12:07,0,640,4th Ave S & S Jackson St,1.0,0.0
2023-10-20,417,North,24094,19824.0,,15:12:53,15:12:53,1,635,4th Ave S & S Washington St,0.0,0.0
2023-10-20,417,North,24094,19824.0,,15:13:54,15:14:12,2,2638,4th Ave & Cherry St,1.0,0.0
2023-10-20,417,North,24094,19824.0,,15:15:04,15:15:51,3,641,4th Ave & Seneca St,1.0,0.0
2023-10-20,417,North,24094,19824.0,15:17:00,15:17:46,15:18:28,4,2976,4th Ave & Pine St,2.0,0.0
2023-10-20,417,North,24094,19824.0,,15:20:50,15:22:07,5,473,Olive Way & 6th Ave,6.0,0.0
2023-10-20,417,North,24094,19824.0,15:21:00,15:23:45,15:24:01,6,430,Howell St & 9th Ave,1.0,0.0
2023-10-20,417,North,24094,19824.0,,15:27:40,15:28:11,7,431,Howell St & Yale Ave,3.0,0.0
2023-10-20,417,North,24094,19824.0,,15:57:46,15:57:46,11,970,Hwy 525 & Lincoln Way,0.0,0.0
2023-10-20,417,North,24094,19824.0,16:06:00,16:00:29,16:00:50,12,966,Hwy 525 & Beverly Park Rd,0.0,4.0
2023-10-20,417,North,24094,19824.0,,16:02:18,16:02:35,13,969,Hwy 525 & Harbour Pointe Blvd SW,0.0,5.0
2023-10-20,417,North,24094,19824.0,,16:04:36,16:04:36,14,974,Hwy 525 & Chennault Beach Rd,0.0,0.0
2023-10-20,417,North,24094,19824.0,,16:05:42,16:05:42,15,975,Hwy 525 & Harbour Pointe Blvd,0.0,0.0
2023-10-20,417,North,24094,19824.0,16:16:00,16:07:21,16:07:34,16,965,Hwy 525 & 92nd St SW,0.0,1.0
2023-10-20,417,North,24094,19824.0,,16:08:51,16:09:05,17,964,Hwy 525 & 84th St SW,0.0,2.0
2023-10-20,417,North,24094,19824.0,,16:09:35,16:09:35,18,963,Hwy 525 & 80th St SW,0.0,0.0
2023-10-20,417,North,24094,19824.0,,16:10:04,16:10:19,19,973,Hwy 525 & 76th St SW,0.0,2.0
2023-10-20,417,North,24094,19824.0,,16:11:06,16:11:06,20,967,Hwy 525 & Clover Ln,0.0,0.0
2023-10-20,417,North,24094,19824.0,,16:11:31,16:11:31,21,972,Hwy 525 & 15th Pl,0.0,0.0
2023-10-20,417,North,24094,19824.0,,16:11:47,16:11:47,22,968,Hwy 525 & Goat Trail Rd,0.0,0.0
2023-10-20,417,North,24094,19824.0,,16:13:25,16:13:25,23,3280,Hwy 525 & 5th St,0.0,0.0
2023-10-20,417,North,24094,19824.0,,16:14:52,16:14:52,24,3274,1st St & Mukilteo Station,0.0,0.0
2023-10-20,417,North,24094,19824.0,16:30:00,16:15:58,16:15:58,25,3265,Mukilteo Ferry Terminal Bay 2,0.0,1.0
2023-10-20,417,North,24095,17862.0,16:11:00,16:13:25,16:13:25,0,640,4th Ave S & S Jackson St,0.0,0.0
2023-10-20,417,North,24095,17862.0,,16:13:55,16:13:55,1,635,4th Ave S & S Washington St,0.0,0.0
2023-10-20,417,North,24095,17862.0,,16:14:37,16:15:02,2,2638,4th Ave & Cherry St,1.0,0.0
2023-10-20,417,North,24095,17862.0,,16:16:32,16:16:38,3,641,4th Ave & Seneca St,0.0,0.0
2023-10-20,417,North,24095,17862.0,16:17:00,16:17:47,16:18:29,4,2976,4th Ave & Pine St,4.0,0.0
2023-10-20,417,North,24095,17862.0,,16:19:33,16:20:32,5,473,Olive Way & 6th Ave,1.0,0.0
2023-10-20,417,North,24095,17862.0,16:21:00,16:21:14,16:21:41,6,430,Howell St & 9th Ave,1.0,0.0
2023-10-20,417,North,24095,17862.0,,16:24:39,16:25:11,7,431,Howell St & Yale Ave,1.0,0.0
2023-10-20,417,North,24095,17862.0,,16:55:53,16:56:10,11,970,Hwy 525 & Lincoln Way,0.0,1.0
2023-10-20,417,North,24095,17862.0,17:08:00,17:02:30,17:03:10,12,966,Hwy 525 & Beverly Park Rd,1.0,2.0
2023-10-20,417,North,24095,17862.0,,17:05:02,17:05:19,13,969,Hwy 525 & Harbour Pointe Blvd SW,0.0,1.0
2023-10-20,417,North,24095,17862.0,,17:07:33,17:07:33,14,974,Hwy 525 & Chennault Beach Rd,0.0,0.0
2023-10-20,417,North,24095,17862.0,,17:08:33,17:08:49,15,975,Hwy 525 & Harbour Pointe Blvd,0.0,1.0
2023-10-20,417,North,24095,17862.0,17:18:00,17:10:19,17:10:42,16,965,Hwy 525 & 92nd St SW,0.0,2.0
2023-10-20,417,North,24095,17862.0,,17:11:47,17:11:47,17,964,Hwy 525 & 84th St SW,0.0,0.0
2023-10-20,417,North,24095,17862.0,,17:12:13,17:12:13,18,963,Hwy 525 & 80th St SW,0.0,0.0
2023-10-20,417,North,24095,17862.0,,17:12:35,17:12:35,19,973,Hwy 525 & 76th St SW,0.0,0.0
2023-10-20,417,North,24095,17862.0,,17:13:15,17:13:15,20,967,Hwy 525 & Clover Ln,0.0,0.0
2023-10-20,417,North,24095,17862.0,,17:13:40,17:13:40,21,972,Hwy 525 & 15th Pl,0.0,0.0
2023-10-20,417,North,24095,17862.0,,17:13:58,17:13:58,22,968,Hwy 525 & Goat Trail Rd,0.0,0.0
2023-10-20,417,North,24095,17862.0,,17:15:47,17:15:47,23,3280,Hwy 525 & 5th St,0.0,0.0
2023-10-20,417,North,24095,17862.0,,17:17:54,17:18:10,24,3274,1st St & Mukilteo Station,0.0,1.0
2023-10-20,417,North,24095,17862.0,17:31:00,17:19:24,17:19:24,25,3265,Mukilteo Ferry Terminal Bay 2,0.0,1.0
2023-10-20,417,North,24096,19857.0,17:22:00,17:22:43,17:22:43,0,640,4th Ave S & S Jackson St,1.0,0.0
2023-10-20,417,North,24096,19857.0,,17:23:19,17:23:28,1,635,4th Ave S & S Washington St,0.0,0.0
2023-10-20,417,North,24096,19857.0,,17:25:00,17:25:23,2,2638,4th Ave & Cherry St,1.0,0.0
2023-10-20,417,North,24096,19857.0,,17:28:01,17:28:23,3,641,4th Ave & Seneca St,2.0,0.0
2023-10-20,417,North,24096,19857.0,17:28:00,17:30:32,17:31:51,4,2976,4th Ave & Pine St,0.0,1.0
2023-10-20,417,North,24096,19857.0,,17:32:54,17:34:04,5,473,Olive Way & 6th Ave,1.0,0.0
2023-10-20,417,North,24096,19857.0,17:32:00,17:34:41,17:34:54,6,430,Howell St & 9th Ave,0.0,0.0
2023-10-20,417,North,24096,19857.0,,17:38:14,17:38:34,7,431,Howell St & Yale Ave,1.0,0.0
2023-10-20,417,North,24096,19857.0,,18:04:22,18:04:46,11,970,Hwy 525 & Lincoln Way,0.0,2.0
2023-10-20,417,North,24096,19857.0,18:14:00,18:07:52,18:08:09,12,966,Hwy 525 & Beverly Park Rd,0.0,2.0
2023-10-20,417,North,24096,19857.0,,18:09:05,18:09:05,13,969,Hwy 525 & Harbour Pointe Blvd SW,0.0,0.0
2023-10-20,417,North,24096,19857.0,,18:10:43,18:10:43,14,974,Hwy 525 & Chennault Beach Rd,0.0,0.0
2023-10-20,417,North,24096,19857.0,,18:11:34,18:11:34,15,975,Hwy 525 & Harbour Pointe Blvd,0.0,0.0
2023-10-20,417,North,24096,19857.0,18:22:00,18:13:33,18:13:49,16,965,Hwy 525 & 92nd St SW,0.0,1.0
2023-10-20,417,North,24096,19857.0,,18:15:12,18:15:12,17,964,Hwy 525 & 84th St SW,0.0,0.0
2023-10-20,417,North,24096,19857.0,,18:15:35,18:15:35,18,963,Hwy 525 & 80th St SW,0.0,0.0
2023-10-20,417,North,24096,19857.0,,18:15:54,18:15:54,19,973,Hwy 525 & 76th St SW,0.0,0.0
2023-10-20,417,North,24096,19857.0,,18:16:38,18:16:38,20,967,Hwy 525 & Clover Ln,0.0,0.0
2023-10-20,417,North,24096,19857.0,,18:17:04,18:17:04,21,972,Hwy 525 & 15th Pl,0.0,0.0
2023-10-20,417,North,24096,19857.0,,18:17:23,18:17:23,22,968,Hwy 525 & Goat Trail Rd,0.0,0.0
2023-10-20,417,North,24096,19857.0,,18:18:31,18:18:31,23,3280,Hwy 525 & 5th St,0.0,0.0
2023-10-20,417,North,24096,19857.0,,18:20:04,18:20:04,24,3274,1st St & Mukilteo Station,0.0,0.0
2023-10-20,417,North,24096,19857.0,18:31:00,18:20:59,18:20:59,25,3265,Mukilteo Ferry Terminal Bay 2,0.0,0.0
2023-10-20,417,North,24097,19814.0,17:55:00,17:56:54,17:56:54,0,640,4th Ave S & S Jackson St,0.0,0.0
2023-10-20,417,North,24097,19814.0,,17:57:25,17:57:25,1,635,4th Ave S & S Washington St,0.0,0.0
2023-10-20,417,North,24097,19814.0,,17:58:34,17:58:34,2,2638,4th Ave & Cherry St,0.0,0.0
2023-10-20,417,North,24097,19814.0,,17:59:56,18:00:10,3,641,4th Ave & Seneca St,0.0,0.0
2023-10-20,417,North,24097,19814.0,18:00:00,18:02:04,18:02:19,4,2976,4th Ave & Pine St,1.0,0.0
2023-10-20,417,North,24097,19814.0,,18:04:11,18:04:22,5,473,Olive Way & 6th Ave,0.0,0.0
2023-10-20,417,North,24097,19814.0,18:04:00,18:06:01,18:06:14,6,430,Howell St & 9th Ave,0.0,0.0
2023-10-20,417,North,24097,19814.0,,18:08:07,18:08:18,7,431,Howell St & Yale Ave,0.0,0.0
2023-10-20,417,North,24097,19814.0,,18:30:34,18:30:34,11,970,Hwy 525 & Lincoln Way,0.0,0.0
2023-10-20,417,North,24097,19814.0,18:38:00,18:32:12,18:32:12,12,966,Hwy 525 & Beverly Park Rd,0.0,0.0
2023-10-20,417,North,24097,19814.0,,18:33:12,18:33:32,13,969,Hwy 525 & Harbour Pointe Blvd SW,0.0,1.0
2023-10-20,417,North,24097,19814.0,,18:34:45,18:34:45,14,974,Hwy 525 & Chennault Beach Rd,0.0,0.0
2023-10-20,417,North,24097,19814.0,,18:35:29,18:35:29,15,975,Hwy 525 & Harbour Pointe Blvd,0.0,0.0
2023-10-20,417,North,24097,19814.0,18:46:00,18:37:08,18:37:08,16,965,Hwy 525 & 92nd St SW,0.0,0.0
2023-10-20,417,North,24097,19814.0,,18:38:23,18:38:23,17,964,Hwy 525 & 84th St SW,0.0,0.0
2023-10-20,417,North,24097,19814.0,,18:38:48,18:38:48,18,963,Hwy 525 & 80th St SW,0.0,0.0
2023-10-20,417,North,24097,19814.0,,18:39:07,18:39:07,19,973,Hwy 525 & 76th St SW,0.0,0.0
2023-10-20,417,North,24097,19814.0,,18:39:50,18:39:50,20,967,Hwy 525 & Clover Ln,0.0,0.0
2023-10-20,417,North,24097,19814.0,,18:40:14,18:40:14,21,972,Hwy 525 & 15th Pl,0.0,0.0
2023-10-20,417,North,24097,19814.0,,18:40:30,18:40:30,22,968,Hwy 525 & Goat Trail Rd,0.0,0.0
2023-10-20,417,North,24097,19814.0,,18:41:34,18:41:34,23,3280,Hwy 525 & 5th St,0.0,0.0
2023-10-20,417,North,24097,19814.0,,18:43:06,18:43:06,24,3274,1st St & Mukilteo Station,0.0,0.0
2023-10-20,417,North,24097,19814.0,18:55:00,18:43:57,18:43:57,25,3265,Mukilteo Ferry Terminal Bay 2,0.0,0.0
2023-10-20,417,South,24098,15801.0,05:51:00,05:52:24,05:52:24,0,3265,Mukilteo Ferry Terminal Bay 2,4.0,0.0
2023-10-20,417,South,24098,15801.0,,05:53:18,05:53:18,1,3275,1st St & Mukilteo Station,0.0,0.0
2023-10-20,417,South,24098,15801.0,,05:55:57,05:55:57,2,1455,Hwy 525 & 3rd St,0.0,0.0
2023-10-20,417,South,24098,15801.0,,05:56:11,05:56:11,3,3281,Hwy 525 & 5th St,0.0,0.0
2023-10-20,417,South,24098,15801.0,,05:57:01,05:57:01,4,1472,Hwy 525 & Goat Trail Rd,0.0,0.0
2023-10-20,417,South,24098,15801.0,,05:57:56,05:57:56,5,1470,Hwy 525 & Clover Ln,0.0,0.0
2023-10-20,417,South,24098,15801.0,,05:58:44,05:58:44,6,1468,Hwy 525 & 76th St SW,0.0,0.0
2023-10-20,417,South,24098,15801.0,,05:59:16,05:59:16,7,1469,Hwy 525 & 80th St SW,0.0,0.0
2023-10-20,417,South,24098,15801.0,,06:00:04,06:00:04,8,1456,Hwy 525 & 81st Pl SW,0.0,0.0
2023-10-20,417,South,24098,15801.0,,06:00:37,06:00:50,9,1457,Hwy 525 & 84th St SW,1.0,0.0
2023-10-20,417,South,24098,15801.0,,06:01:24,06:01:24,10,1458,Hwy 525 & 88th St SW,0.0,0.0
2023-10-20,417,South,24098,15801.0,05:58:00,06:02:21,06:02:44,11,1459,Hwy 525 & 92nd St SW,2.0,0.0
2023-10-20,417,South,24098,15801.0,,06:04:46,06:04:46,12,1466,Hwy 525 & Harbour Pointe Blvd,0.0,0.0
2023-10-20,417,South,24098,15801.0,,06:05:45,06:05:45,13,1461,Hwy 525 & Chennault Beach Rd,0.0,0.0
2023-10-20,417,South,24098,15801.0,,06:06:07,06:06:07,14,1464,Hwy 525 & Russell Rd,0.0,0.0
2023-10-20,417,South,24098,15801.0,,06:07:10,06:07:38,15,1462,Hwy 525 & Harbour Pointe Blvd SW,2.0,0.0
2023-10-20,417,South,24098,15801.0,06:05:00,06:09:26,06:10:14,16,1460,Hwy 525 & Beverly Park Rd,3.0,1.0
2023-10-20,417,South,24098,15801.0,,06:11:31,06:12:03,17,1467,Hwy 525 & Lincoln Way,1.0,0.0
2023-10-20,417,South,24098,15801.0,06:33:00,06:34:42,06:35:36,21,1909,Stewart St & 9th Ave,0.0,2.0
2023-10-20,417,South,24098,15801.0,,06:36:10,06:36:33,22,1908,Stewart St & 7th Ave,0.0,3.0
2023-10-20,417,South,24098,15801.0,,06:39:24,06:39:46,23,1907,Stewart St & 4th Ave,0.0,2.0
2023-10-20,417,South,24098,15801.0,,06:41:24,06:41:35,24,1079,2nd Ave & Stewart St,0.0,1.0
2023-10-20,417,South,24098,15801.0,06:41:00,06:42:47,06:43:03,25,2909,2nd Ave & Seneca St,0.0,1.0
2023-10-20,417,South,24098,15801.0,,06:44:27,06:44:43,26,2631,2nd Ave & Cherry St,0.0,2.0
2023-10-20,417,South,24098,15801.0,06:45:00,06:45:24,06:45:24,27,2349,2nd Ave Ext S & Yesler Way,0.0,1.0
2023-10-20,417,South,24099,19820.0,06:22:00,06:24:54,06:24:54,0,3265,Mukilteo Ferry Terminal Bay 2,0.0,0.0
2023-10-20,417,South,24099,19820.0,,,,1,3275,1st St & Mukilteo Station,,
2023-10-20,417,South,24099,19820.0,,06:26:00,06:26:00,2,1455,Hwy 525 & 3rd St,0.0,0.0
2023-10-20,417,South,24099,19820.0,,06:26:11,06:26:11,3,3281,Hwy 525 & 5th St,0.0,0.0
2023-10-20,417,South,24099,19820.0,,06:27:03,06:27:03,4,1472,Hwy 525 & Goat Trail Rd,0.0,0.0
2023-10-20,417,South,24099,19820.0,,06:28:14,06:28:14,5,1470,Hwy 525 & Clover Ln,0.0,0.0
2023-10-20,417,South,24099,19820.0,,06:29:09,06:29:09,6,1468,Hwy 525 & 76th St SW,0.0,0.0
2023-10-20,417,South,24099,19820.0,,06:29:43,06:29:43,7,1469,Hwy 525 & 80th St SW,0.0,0.0
2023-10-20,417,South,24099,19820.0,,06:30:05,06:30:05,8,1456,Hwy 525 & 81st Pl SW,0.0,0.0
2023-10-20,417,South,24099,19820.0,,06:31:09,06:31:32,9,1457,Hwy 525 & 84th St SW,2.0,0.0
2023-10-20,417,South,24099,19820.0,,06:32:08,06:32:08,10,1458,Hwy 525 & 88th St SW,0.0,0.0
2023-10-20,417,South,24099,19820.0,06:29:00,06:33:10,06:33:38,11,1459,Hwy 525 & 92nd St SW,1.0,0.0
2023-10-20,417,South,24099,19820.0,,06:35:17,06:35:17,12,1466,Hwy 525 & Harbour Pointe Blvd,0.0,0.0
2023-10-20,417,South,24099,19820.0,,06:36:08,06:36:08,13,1461,Hwy 525 & Chennault Beach Rd,0.0,0.0
2023-10-20,417,South,24099,19820.0,,06:36:35,06:36:35,14,1464,Hwy 525 & Russell Rd,0.0,0.0
2023-10-20,417,South,24099,19820.0,,06:38:31,06:39:11,15,1462,Hwy 525 & Harbour Pointe Blvd SW,4.0,0.0
2023-10-20,417,South,24099,19820.0,06:36:00,06:40:36,06:40:59,16,1460,Hwy 525 & Beverly Park Rd,3.0,0.0
2023-10-20,417,South,24099,19820.0,,06:42:10,06:42:10,17,1467,Hwy 525 & Lincoln Way,0.0,0.0
2023-10-20,417,South,24099,19820.0,07:08:00,07:05:50,07:06:07,21,1909,Stewart St & 9th Ave,0.0,2.0
2023-10-20,417,South,24099,19820.0,,07:06:38,07:06:57,22,1908,Stewart St & 7th Ave,0.0,2.0
2023-10-20,417,South,24099,19820.0,,07:07:59,07:08:23,23,1907,Stewart St & 4th Ave,0.0,2.0
2023-10-20,417,South,24099,19820.0,,07:09:48,07:10:01,24,1079,2nd Ave & Stewart St,0.0,0.0
2023-10-20,417,South,24099,19820.0,07:16:00,07:11:10,07:11:22,25,2909,2nd Ave & Seneca St,0.0,0.0
2023-10-20,417,South,24099,19820.0,,07:12:57,07:13:15,26,2631,2nd Ave & Cherry St,0.0,1.0
2023-10-20,417,South,24099,19820.0,07:20:00,07:14:40,07:14:40,27,2349,2nd Ave Ext S & Yesler Way,0.0,3.0
2023-10-20,417,South,24100,19855.0,06:52:00,06:53:19,06:53:19,0,3265,Mukilteo Ferry Terminal Bay 2,3.0,0.0
2023-10-20,417,South,24100,19855.0,,06:54:29,06:54:47,1,3275,1st St & Mukilteo Station,1.0,0.0
2023-10-20,417,South,24100,19855.0,,06:57:07,06:57:07,2,1455,Hwy 525 & 3rd St,0.0,0.0
2023-10-20,417,South,24100,19855.0,,06:57:17,06:57:17,3,3281,Hwy 525 & 5th St,0.0,0.0
2023-10-20,417,South,24100,19855.0,,06:58:07,06:58:07,4,1472,Hwy 525 & Goat Trail Rd,0.0,0.0
2023-10-20,417,South,24100,19855.0,,06:59:13,06:59:13,5,1470,Hwy 525 & Clover Ln,0.0,0.0
2023-10-20,417,South,24100,19855.0,,07:00:06,07:00:43,6,1468,Hwy 525 & 76th St SW,1.0,0.0
2023-10-20,417,South,24100,19855.0,,07:01:27,07:01:27,7,1469,Hwy 525 & 80th St SW,0.0,0.0
2023-10-20,417,South,24100,19855.0,,07:01:50,07:01:50,8,1456,Hwy 525 & 81st Pl SW,0.0,0.0
2023-10-20,417,South,24100,19855.0,,07:02:22,07:02:35,9,1457,Hwy 525 & 84th St SW,0.0,0.0
2023-10-20,417,South,24100,19855.0,,07:03:16,07:03:16,10,1458,Hwy 525 & 88th St SW,0.0,0.0
2023-10-20,417,South,24100,19855.0,07:00:00,07:04:00,07:04:18,11,1459,Hwy 525 & 92nd St SW,1.0,0.0
2023-10-20,417,South,24100,19855.0,,07:06:30,07:06:30,12,1466,Hwy 525 & Harbour Pointe Blvd,0.0,0.0
2023-10-20,417,South,24100,19855.0,,07:07:44,07:07:44,13,1461,Hwy 525 & Chennault Beach Rd,0.0,0.0
2023-10-20,417,South,24100,19855.0,,07:08:09,07:08:09,14,1464,Hwy 525 & Russell Rd,0.0,0.0
2023-10-20,417,South,24100,19855.0,,07:09:50,07:10:39,15,1462,Hwy 525 & Harbour Pointe Blvd SW,2.0,0.0
2023-10-20,417,South,24100,19855.0,07:09:00,07:13:06,07:13:38,16,1460,Hwy 525 & Beverly Park Rd,4.0,0.0
2023-10-20,417,South,24100,19855.0,,07:15:35,07:15:35,17,1467,Hwy 525 & Lincoln Way,0.0,0.0
2023-10-20,417,South,24100,19855.0,07:49:00,07:57:22,07:57:39,21,1909,Stewart St & 9th Ave,0.0,2.0
2023-10-20,417,South,24100,19855.0,,07:58:44,07:59:12,22,1908,Stewart St & 7th Ave,0.0,3.0
2023-10-20,417,South,24100,19855.0,,08:01:58,08:02:15,23,1907,Stewart St & 4th Ave,0.0,2.0
2023-10-20,417,South,24100,19855.0,,08:04:08,08:04:31,24,1079,2nd Ave & Stewart St,0.0,2.0
2023-10-20,417,South,24100,19855.0,07:57:00,08:06:51,08:07:10,25,2909,2nd Ave & Seneca St,0.0,2.0
2023-10-20,417,South,24100,19855.0,,08:08:36,08:08:36,26,2631,2nd Ave & Cherry St,0.0,0.0
2023-10-20,417,South,24100,19855.0,08:01:00,08:09:47,08:09:47,27,2349,2nd Ave Ext S & Yesler Way,0.0,1.0
2023-10-20,417,South,24101,15801.0,07:53:00,07:55:56,07:55:56,0,3265,Mukilteo Ferry Terminal Bay 2,2.0,0.0
2023-10-20,417,South,24101,15801.0,,07:56:47,07:56:47,1,3275,1st St & Mukilteo Station,0.0,0.0
2023-10-20,417,South,24101,15801.0,,07:59:25,07:59:25,2,1455,Hwy 525 & 3rd St,0.0,0.0
2023-10-20,417,South,24101,15801.0,,07:59:43,07:59:43,3,3281,Hwy 525 & 5th St,0.0,0.0
2023-10-20,417,South,24101,15801.0,,08:00:31,08:00:31,4,1472,Hwy 525 & Goat Trail Rd,0.0,0.0
2023-10-20,417,South,24101,15801.0,,08:01:21,08:01:21,5,1470,Hwy 525 & Clover Ln,0.0,0.0
2023-10-20,417,South,24101,15801.0,,08:02:40,08:03:14,6,1468,Hwy 525 & 76th St SW,1.0,0.0
2023-10-20,417,South,24101,15801.0,,08:03:48,08:03:48,7,1469,Hwy 525 & 80th St SW,0.0,0.0
2023-10-20,417,South,24101,15801.0,,08:04:10,08:04:46,8,1456,Hwy 525 & 81st Pl SW,1.0,0.0
2023-10-20,417,South,24101,15801.0,,08:05:15,08:05:15,9,1457,Hwy 525 & 84th St SW,0.0,0.0
2023-10-20,417,South,24101,15801.0,,08:05:46,08:06:08,10,1458,Hwy 525 & 88th St SW,1.0,0.0
2023-10-20,417,South,24101,15801.0,08:02:00,08:07:02,08:07:02,11,1459,Hwy 525 & 92nd St SW,0.0,0.0
2023-10-20,417,South,24101,15801.0,,08:09:42,08:10:08,12,1466,Hwy 525 & Harbour Pointe Blvd,1.0,0.0
2023-10-20,417,South,24101,15801.0,,08:10:57,08:10:57,13,1461,Hwy 525 & Chennault Beach Rd,0.0,0.0
2023-10-20,417,South,24101,15801.0,,08:11:17,08:11:17,14,1464,Hwy 525 & Russell Rd,0.0,0.0
2023-10-20,417,South,24101,15801.0,,08:13:21,08:13:45,15,1462,Hwy 525 & Harbour Pointe Blvd SW,1.0,0.0
2023-10-20,417,South,24101,15801.0,08:11:00,08:16:00,08:16:35,16,1460,Hwy 525 & Beverly Park Rd,4.0,0.0
2023-10-20,417,South,24101,15801.0,,08:17:47,08:18:28,17,1467,Hwy 525 & Lincoln Way,6.0,0.0
2023-10-20,417,South,24101,15801.0,08:53:00,08:45:24,08:45:58,21,1909,Stewart St & 9th Ave,0.0,9.0
2023-10-20,417,South,24101,15801.0,,08:46:38,08:47:30,22,1908,Stewart St & 7th Ave,0.0,3.0
2023-10-20,417,South,24101,15801.0,,08:49:51,08:50:19,23,1907,Stewart St & 4th Ave,0.0,2.0
2023-10-20,417,South,24101,15801.0,,08:51:54,08:52:15,24,1079,2nd Ave & Stewart St,0.0,1.0
2023-10-20,417,South,24101,15801.0,09:04:00,08:53:26,08:53:42,25,2909,2nd Ave & Seneca St,0.0,1.0
2023-10-20,417,South,24101,15801.0,,08:54:49,08:54:49,26,2631,2nd Ave & Cherry St,0.0,0.0
2023-10-20,417,South,24101,15801.0,09:10:00,08:55:18,08:55:18,27,2349,2nd Ave Ext S & Yesler Way,0.0,1.0
2023-10-23,417,North,24094,19824.0,15:11:00,15:10:43,15:10:43,0,640,4th Ave S & S Jackson St,3.0,0.0
2023-10-23,417,North,24094,19824.0,,15:11:21,15:11:21,1,635,4th Ave S & S Washington St,0.0,0.0
2023-10-23,417,North,24094,19824.0,,15:12:56,15:13:11,2,2638,4th Ave & Cherry St,1.0,0.0
2023-10-23,417,North,24094,19824.0,,15:14:47,15:15:03,3,641,4th Ave & Seneca St,0.0,0.0
2023-10-23,417,North,24094,19824.0,15:17:00,15:16:33,15:17:22,4,2976,4th Ave & Pine St,2.0,0.0
2023-10-23,417,North,24094,19824.0,,15:19:14,15:20:37,5,473,Olive Way & 6th Ave,9.0,0.0
2023-10-23,417,North,24094,19824.0,15:21:00,15:21:33,15:21:54,6,430,Howell St & 9th Ave,2.0,0.0
2023-10-23,417,North,24094,19824.0,,15:24:31,15:24:55,7,431,Howell St & Yale Ave,2.0,0.0
2023-10-23,417,North,24094,19824.0,,15:49:51,15:50:05,11,970,Hwy 525 & Lincoln Way,0.0,1.0
2023-10-23,417,North,24094,19824.0,16:06:00,15:52:40,15:53:10,12,966,Hwy 525 & Beverly Park Rd,2.0,4.0
2023-10-23,417,North,24094,19824.0,,15:54:19,15:54:37,13,969,Hwy 525 & Harbour Pointe Blvd SW,0.0,3.0
2023-10-23,417,North,24094,19824.0,,15:56:37,15:56:37,14,974,Hwy 525 & Chennault Beach Rd,0.0,0.0
2023-10-23,417,North,24094,19824.0,,15:58:23,15:58:54,15,975,Hwy 525 & Harbour Pointe Blvd,0.0,1.0
2023-10-23,417,North,24094,19824.0,16:16:00,16:00:40,16:00:55,16,965,Hwy 525 & 92nd St SW,0.0,1.0
2023-10-23,417,North,24094,19824.0,,16:02:01,16:02:16,17,964,Hwy 525 & 84th St SW,0.0,0.0
2023-10-23,417,North,24094,19824.0,,16:02:45,16:02:45,18,963,Hwy 525 & 80th St SW,0.0,0.0
2023-10-23,417,North,24094,19824.0,,16:03:16,16:03:31,19,973,Hwy 525 & 76th St SW,0.0,1.0
2023-10-23,417,North,24094,19824.0,,16:04:20,16:04:20,20,967,Hwy 525 & Clover Ln,0.0,0.0
2023-10-23,417,North,24094,19824.0,,16:04:46,16:04:46,21,972,Hwy 525 & 15th Pl,0.0,0.0
2023-10-23,417,North,24094,19824.0,,16:05:03,16:05:03,22,968,Hwy 525 & Goat Trail Rd,0.0,0.0
2023-10-23,417,North,24094,19824.0,,16:06:33,16:06:33,23,3280,Hwy 525 & 5th St,0.0,0.0
2023-10-23,417,North,24094,19824.0,,16:08:02,16:08:16,24,3274,1st St & Mukilteo Station,0.0,2.0
2023-10-23,417,North,24094,19824.0,16:30:00,16:09:18,16:09:18,25,3265,Mukilteo Ferry Terminal Bay 2,0.0,8.0
2023-10-23,417,North,24095,17861.0,16:11:00,16:18:57,16:18:57,0,640,4th Ave S & S Jackson St,4.0,0.0
2023-10-23,417,North,24095,17861.0,,,,1,635,4th Ave S & S Washington St,,
2023-10-23,417,North,24095,17861.0,,,,2,2638,4th Ave & Cherry St,,
2023-10-23,417,North,24095,17861.0,,,,3,641,4th Ave & Seneca St,,
2023-10-23,417,North,24095,17861.0,16:17:00,,,4,2976,4th Ave & Pine St,,
2023-10-23,417,North,24095,17861.0,,16:19:27,16:22:05,5,473,Olive Way & 6th Ave,2.0,0.0
2023-10-23,417,North,24095,17861.0,16:21:00,16:23:35,16:24:06,6,430,Howell St & 9th Ave,4.0,0.0
2023-10-23,417,North,24095,17861.0,,16:27:29,16:28:14,7,431,Howell St & Yale Ave,2.0,0.0
2023-10-23,417,North,24095,17861.0,,17:01:29,17:01:50,11,970,Hwy 525 & Lincoln Way,0.0,2.0
2023-10-23,417,North,24095,17861.0,17:08:00,17:04:03,17:04:25,12,966,Hwy 525 & Beverly Park Rd,0.0,1.0
2023-10-23,417,North,24095,17861.0,,17:05:54,17:06:22,13,969,Hwy 525 & Harbour Pointe Blvd SW,0.0,5.0
2023-10-23,417,North,24095,17861.0,,17:08:09,17:08:09,14,974,Hwy 525 & Chennault Beach Rd,0.0,0.0
2023-10-23,417,North,24095,17861.0,,17:08:55,17:08:55,15,975,Hwy 525 & Harbour Pointe Blvd,0.0,0.0
2023-10-23,417,North,24095,17861.0,17:18:00,17:10:34,17:11:00,16,965,Hwy 525 & 92nd St SW,0.0,1.0
2023-10-23,417,North,24095,17861.0,,17:12:04,17:12:25,17,964,Hwy 525 & 84th St SW,0.0,2.0
2023-10-23,417,North,24095,17861.0,,17:12:55,17:12:55,18,963,Hwy 525 & 80th St SW,0.0,0.0
2023-10-23,417,North,24095,17861.0,,17:13:19,17:13:19,19,973,Hwy 525 & 76th St SW,0.0,0.0
2023-10-23,417,North,24095,17861.0,,17:13:59,17:13:59,20,967,Hwy 525 & Clover Ln,0.0,0.0
2023-10-23,417,North,24095,17861.0,,17:14:23,17:14:23,21,972,Hwy 525 & 15th Pl,0.0,0.0
2023-10-23,417,North,24095,17861.0,,17:14:42,17:14:42,22,968,Hwy 525 & Goat Trail Rd,0.0,0.0
2023-10-23,417,North,24095,17861.0,,17:16:18,17:16:18,23,3280,Hwy 525 & 5th St,0.0,0.0
2023-10-23,417,North,24095,17861.0,,17:17:53,17:18:07,24,3274,1st St & Mukilteo Station,0.0,1.0
2023-10-23,417,North,24095,17861.0,17:31:00,17:19:10,17:19:10,25,3265,Mukilteo Ferry Terminal Bay 2,0.0,0.0
2023-10-23,417,North,24096,17852.0,17:22:00,17:26:03,17:26:03,0,640,4th Ave S & S Jackson St,1.0,0.0
2023-10-23,417,North,24096,17852.0,,17:27:15,17:27:25,1,635,4th Ave S & S Washington St,0.0,0.0
2023-10-23,417,North,24096,17852.0,,17:28:21,17:28:49,2,2638,4th Ave & Cherry St,2.0,0.0
2023-10-23,417,North,24096,17852.0,,17:30:09,17:31:14,3,641,4th Ave & Seneca St,3.0,0.0
2023-10-23,417,North,24096,17852.0,17:28:00,17:32:31,17:32:52,4,2976,4th Ave & Pine St,1.0,0.0
2023-10-23,417,North,24096,17852.0,,17:34:17,17:34:46,5,473,Olive Way & 6th Ave,4.0,0.0
2023-10-23,417,North,24096,17852.0,17:32:00,17:36:57,17:37:31,6,430,Howell St & 9th Ave,4.0,0.0
2023-10-23,417,North,24096,17852.0,,17:39:32,17:40:03,7,431,Howell St & Yale Ave,4.0,1.0
2023-10-23,417,North,24096,17852.0,,18:07:39,18:08:10,11,970,Hwy 525 & Lincoln Way,1.0,2.0
2023-10-23,417,North,24096,17852.0,18:14:00,18:10:02,18:10:27,12,966,Hwy 525 & Beverly Park Rd,0.0,6.0
2023-10-23,417,North,24096,17852.0,,18:12:06,18:12:33,13,969,Hwy 525 & Harbour Pointe Blvd SW,1.0,3.0
2023-10-23,417,North,24096,17852.0,,18:13:49,18:13:49,14,974,Hwy 525 & Chennault Beach Rd,0.0,0.0
2023-10-23,417,North,24096,17852.0,,18:14:42,18:15:00,15,975,Hwy 525 & Harbour Pointe Blvd,0.0,0.0
2023-10-23,417,North,24096,17852.0,18:22:00,18:16:39,18:17:03,16,965,Hwy 525 & 92nd St SW,0.0,4.0
2023-10-23,417,North,24096,17852.0,,18:18:11,18:18:32,17,964,Hwy 525 & 84th St SW,0.0,1.0
2023-10-23,417,North,24096,17852.0,,18:19:02,18:19:02,18,963,Hwy 525 & 80th St SW,0.0,0.0
2023-10-23,417,North,24096,17852.0,,18:19:27,18:19:27,19,973,Hwy 525 & 76th St SW,0.0,0.0
2023-10-23,417,North,24096,17852.0,,18:20:09,18:20:09,20,967,Hwy 525 & Clover Ln,0.0,0.0
2023-10-23,417,North,24096,17852.0,,18:20:35,18:20:35,21,972,Hwy 525 & 15th Pl,0.0,0.0
2023-10-23,417,North,24096,17852.0,,18:21:05,18:21:28,22,968,Hwy 525 & Goat Trail Rd,0.0,2.0
2023-10-23,417,North,24096,17852.0,,18:23:34,18:23:34,23,3280,Hwy 525 & 5th St,0.0,0.0
2023-10-23,417,North,24096,17852.0,,18:25:53,18:25:53,24,3274,1st St & Mukilteo Station,0.0,0.0
2023-10-23,417,North,24096,17852.0,18:31:00,18:26:52,18:26:52,25,3265,Mukilteo Ferry Terminal Bay 2,0.0,2.0
2023-10-23,417,North,24097,15801.0,17:55:00,17:56:08,17:56:08,0,640,4th Ave S & S Jackson St,3.0,0.0
2023-10-23,417,North,24097,15801.0,,17:57:23,17:57:23,1,635,4th Ave S & S Washington St,0.0,0.0
2023-10-23,417,North,24097,15801.0,,17:58:11,17:58:25,2,2638,4th Ave & Cherry St,0.0,0.0
2023-10-23,417,North,24097,15801.0,,18:00:14,18:01:19,3,641,4th Ave & Seneca St,0.0,0.0
2023-10-23,417,North,24097,15801.0,18:00:00,18:03:36,18:05:48,4,2976,4th Ave & Pine St,1.0,0.0
2023-10-23,417,North,24097,15801.0,,18:07:32,18:08:03,5,473,Olive Way & 6th Ave,1.0,0.0
2023-10-23,417,North,24097,15801.0,18:04:00,18:10:03,18:10:16,6,430,Howell St & 9th Ave,0.0,0.0
2023-10-23,417,North,24097,15801.0,,18:12:32,18:12:53,7,431,Howell St & Yale Ave,0.0,0.0
2023-10-23,417,North,24097,15801.0,,18:37:43,18:37:43,11,970,Hwy 525 & Lincoln Way,0.0,0.0
2023-10-23,417,North,24097,15801.0,18:38:00,18:39:02,18:39:25,12,966,Hwy 525 & Beverly Park Rd,0.0,5.0
2023-10-23,417,North,24097,15801.0,,18:40:47,18:40:47,13,969,Hwy 525 & Harbour Pointe Blvd SW,0.0,0.0
2023-10-23,417,North,24097,15801.0,,18:42:42,18:42:42,14,974,Hwy 525 & Chennault Beach Rd,0.0,0.0
2023-10-23,417,North,24097,15801.0,,18:43:31,18:43:31,15,975,Hwy 525 & Harbour Pointe Blvd,0.0,0.0
2023-10-23,417,North,24097,15801.0,18:46:00,18:44:36,18:44:36,16,965,Hwy 525 & 92nd St SW,0.0,0.0
2023-10-23,417,North,24097,15801.0,,18:45:28,18:45:28,17,964,Hwy 525 & 84th St SW,0.0,0.0
2023-10-23,417,North,24097,15801.0,,18:45:51,18:45:51,18,963,Hwy 525 & 80th St SW,0.0,0.0
2023-10-23,417,North,24097,15801.0,,18:46:14,18:46:14,19,973,Hwy 525 & 76th St SW,0.0,0.0
2023-10-23,417,North,24097,15801.0,,18:46:54,18:46:54,20,967,Hwy 525 & Clover Ln,0.0,0.0
2023-10-23,417,North,24097,15801.0,,18:47:17,18:47:17,21,972,Hwy 525 & 15th Pl,0.0,0.0
2023-10-23,417,North,24097,15801.0,,18:47:33,18:47:33,22,968,Hwy 525 & Goat Trail Rd,0.0,0.0
2023-10-23,417,North,24097,15801.0,,18:48:32,18:48:32,23,3280,Hwy 525 & 5th St,0.0,0.0
2023-10-23,417,North,24097,15801.0,,18:50:15,18:50:15,24,3274,1st St & Mukilteo Station,0.0,0.0
2023-10-23,417,North,24097,15801.0,18:55:00,18:51:02,18:51:02,25,3265,Mukilteo Ferry Terminal Bay 2,0.0,0.0
2023-10-23,417,South,24098,17861.0,05:51:00,05:56:37,05:56:37,0,3265,Mukilteo Ferry Terminal Bay 2,5.0,0.0
2023-10-23,417,South,24098,17861.0,,05:57:38,05:57:38,1,3275,1st St & Mukilteo Station,0.0,0.0
2023-10-23,417,South,24098,17861.0,,05:59:10,05:59:10,2,1455,Hwy 525 & 3rd St,0.0,0.0
2023-10-23,417,South,24098,17861.0,,05:59:33,05:59:33,3,3281,Hwy 525 & 5th St,0.0,0.0
2023-10-23,417,South,24098,17861.0,,06:00:20,06:00:20,4,1472,Hwy 525 & Goat Trail Rd,0.0,0.0
2023-10-23,417,South,24098,17861.0,,06:01:10,06:01:10,5,1470,Hwy 525 & Clover Ln,0.0,0.0
2023-10-23,417,South,24098,17861.0,,06:01:51,06:01:51,6,1468,Hwy 525 & 76th St SW,0.0,0.0
2023-10-23,417,South,24098,17861.0,,06:02:16,06:02:16,7,1469,Hwy 525 & 80th St SW,0.0,0.0
2023-10-23,417,South,24098,17861.0,,06:02:32,06:02:32,8,1456,Hwy 525 & 81st Pl SW,0.0,0.0
2023-10-23,417,South,24098,17861.0,,06:03:09,06:03:49,9,1457,Hwy 525 & 84th St SW,1.0,0.0
2023-10-23,417,South,24098,17861.0,,06:04:21,06:04:21,10,1458,Hwy 525 & 88th St SW,0.0,0.0
2023-10-23,417,South,24098,17861.0,05:58:00,06:05:16,06:05:39,11,1459,Hwy 525 & 92nd St SW,1.0,0.0
2023-10-23,417,South,24098,17861.0,,06:07:54,06:07:54,12,1466,Hwy 525 & Harbour Pointe Blvd,0.0,0.0
2023-10-23,417,South,24098,17861.0,,06:08:41,06:09:08,13,1461,Hwy 525 & Chennault Beach Rd,1.0,0.0
2023-10-23,417,South,24098,17861.0,,06:09:36,06:09:36,14,1464,Hwy 525 & Russell Rd,0.0,0.0
2023-10-23,417,South,24098,17861.0,,06:10:52,06:11:37,15,1462,Hwy 525 & Harbour Pointe Blvd SW,5.0,0.0
2023-10-23,417,South,24098,17861.0,06:05:00,06:14:33,06:15:07,16,1460,Hwy 525 & Beverly Park Rd,3.0,0.0
2023-10-23,417,South,24098,17861.0,,06:16:21,06:17:01,17,1467,Hwy 525 & Lincoln Way,3.0,0.0
2023-10-23,417,South,24098,17861.0,06:33:00,06:44:38,06:45:03,21,1909,Stewart St & 9th Ave,0.0,9.0
2023-10-23,417,South,24098,17861.0,,06:45:34,06:46:02,22,1908,Stewart St & 7th Ave,0.0,3.0
2023-10-23,417,South,24098,17861.0,,06:48:18,06:48:42,23,1907,Stewart St & 4th Ave,0.0,4.0
2023-10-23,417,South,24098,17861.0,,06:50:29,06:50:44,24,1079,2nd Ave & Stewart St,0.0,1.0
2023-10-23,417,South,24098,17861.0,06:41:00,06:52:57,06:53:14,25,2909,2nd Ave & Seneca St,0.0,1.0
2023-10-23,417,South,24098,17861.0,,06:54:01,06:54:34,26,2631,2nd Ave & Cherry St,0.0,1.0
2023-10-23,417,South,24098,17861.0,06:45:00,06:55:11,06:55:11,27,2349,2nd Ave Ext S & Yesler Way,0.0,0.0
2023-10-23,417,South,24099,19825.0,06:22:00,06:26:58,06:26:58,0,3265,Mukilteo Ferry Terminal Bay 2,2.0,0.0
2023-10-23,417,South,24099,19825.0,,,,1,3275,1st St & Mukilteo Station,,
2023-10-23,417,South,24099,19825.0,,06:29:00,06:29:00,2,1455,Hwy 525 & 3rd St,0.0,0.0
2023-10-23,417,South,24099,19825.0,,06:29:14,06:29:14,3,3281,Hwy 525 & 5th St,0.0,0.0
2023-10-23,417,South,24099,19825.0,,06:30:16,06:30:16,4,1472,Hwy 525 & Goat Trail Rd,0.0,0.0
2023-10-23,417,South,24099,19825.0,,06:31:19,06:31:19,5,1470,Hwy 525 & Clover Ln,0.0,0.0
2023-10-23,417,South,24099,19825.0,,06:32:10,06:32:31,6,1468,Hwy 525 & 76th St SW,1.0,0.0
2023-10-23,417,South,24099,19825.0,,06:33:09,06:33:09,7,1469,Hwy 525 & 80th St SW,0.0,0.0
2023-10-23,417,South,24099,19825.0,,06:33:29,06:33:29,8,1456,Hwy 525 & 81st Pl SW,0.0,0.0
2023-10-23,417,South,24099,19825.0,,06:33:59,06:34:18,9,1457,Hwy 525 & 84th St SW,1.0,0.0
2023-10-23,417,South,24099,19825.0,,06:34:51,06:34:51,10,1458,Hwy 525 & 88th St SW,0.0,0.0
2023-10-23,417,South,24099,19825.0,06:29:00,06:35:28,06:35:51,11,1459,Hwy 525 & 92nd St SW,1.0,0.0
2023-10-23,417,South,24099,19825.0,,06:38:33,06:38:33,12,1466,Hwy 525 & Harbour Pointe Blvd,0.0,0.0
2023-10-23,417,South,24099,19825.0,,06:39:22,06:39:22,13,1461,Hwy 525 & Chennault Beach Rd,0.0,0.0
2023-10-23,417,South,24099,19825.0,,06:39:43,06:39:43,14,1464,Hwy 525 & Russell Rd,0.0,0.0
2023-10-23,417,South,24099,19825.0,,06:41:12,06:41:45,15,1462,Hwy 525 & Harbour Pointe Blvd SW,4.0,0.0
2023-10-23,417,South,24099,19825.0,06:36:00,06:44:01,06:44:20,16,1460,Hwy 525 & Beverly Park Rd,2.0,0.0
2023-10-23,417,South,24099,19825.0,,06:45:54,06:45:54,17,1467,Hwy 525 & Lincoln Way,0.0,0.0
2023-10-23,417,South,24099,19825.0,07:08:00,07:12:20,07:12:56,21,1909,Stewart St & 9th Ave,0.0,2.0
2023-10-23,417,South,24099,19825.0,,07:13:40,07:14:20,22,1908,Stewart St & 7th Ave,0.0,1.0
2023-10-23,417,South,24099,19825.0,,07:15:23,07:15:49,23,1907,Stewart St & 4th Ave,0.0,4.0
2023-10-23,417,South,24099,19825.0,,07:17:38,07:17:55,24,1079,2nd Ave & Stewart St,0.0,1.0
2023-10-23,417,South,24099,19825.0,07:16:00,07:20:05,07:20:20,25,2909,2nd Ave & Seneca St,0.0,2.0
2023-10-23,417,South,24099,19825.0,,07:22:01,07:22:11,26,2631,2nd Ave & Cherry St,0.0,0.0
2023-10-23,417,South,24099,19825.0,07:20:00,07:24:20,07:24:20,27,2349,2nd Ave Ext S & Yesler Way,0.0,1.0
2023-10-23,417,South,24100,19850.0,06:52:00,06:54:28,06:54:28,0,3265,Mukilteo Ferry Terminal Bay 2,2.0,0.0
2023-10-23,417,South,24100,19850.0,,06:55:57,06:56:16,1,3275,1st St & Mukilteo Station,1.0,0.0
2023-10-23,417,South,24100,19850.0,,06:58:33,06:58:33,2,1455,Hwy 525 & 3rd St,0.0,0.0
2023-10-23,417,South,24100,19850.0,,06:58:46,06:58:46,3,3281,Hwy 525 & 5th St,0.0,0.0
2023-10-23,417,South,24100,19850.0,,06:59:51,06:59:51,4,1472,Hwy 525 & Goat Trail Rd,0.0,0.0
2023-10-23,417,South,24100,19850.0,,07:00:47,07:00:47,5,1470,Hwy 525 & Clover Ln,0.0,0.0
2023-10-23,417,South,24100,19850.0,,07:01:31,07:01:31,6,1468,Hwy 525 & 76th St SW,0.0,0.0
2023-10-23,417,South,24100,19850.0,,07:02:04,07:02:04,7,1469,Hwy 525 & 80th St SW,0.0,0.0
2023-10-23,417,South,24100,19850.0,,07:02:28,07:03:05,8,1456,Hwy 525 & 81st Pl SW,2.0,0.0
2023-10-23,417,South,24100,19850.0,,07:03:38,07:03:38,9,1457,Hwy 525 & 84th St SW,0.0,0.0
2023-10-23,417,South,24100,19850.0,,07:04:08,07:04:08,10,1458,Hwy 525 & 88th St SW,0.0,0.0
2023-10-23,417,South,24100,19850.0,07:00:00,07:05:14,07:05:44,11,1459,Hwy 525 & 92nd St SW,4.0,0.0
2023-10-23,417,South,24100,19850.0,,07:09:38,07:09:58,12,1466,Hwy 525 & Harbour Pointe Blvd,1.0,0.0
2023-10-23,417,South,24100,19850.0,,07:11:18,07:11:18,13,1461,Hwy 525 & Chennault Beach Rd,0.0,0.0
2023-10-23,417,South,24100,19850.0,,07:11:44,07:11:44,14,1464,Hwy 525 & Russell Rd,0.0,0.0
2023-10-23,417,South,24100,19850.0,,07:13:42,07:14:05,15,1462,Hwy 525 & Harbour Pointe Blvd SW,1.0,0.0
2023-10-23,417,South,24100,19850.0,07:09:00,07:15:41,07:16:21,16,1460,Hwy 525 & Beverly Park Rd,5.0,0.0
2023-10-23,417,South,24100,19850.0,,07:17:43,07:18:13,17,1467,Hwy 525 & Lincoln Way,1.0,0.0
2023-10-23,417,South,24100,19850.0,07:49:00,07:48:55,07:49:21,21,1909,Stewart St & 9th Ave,0.0,4.0
2023-10-23,417,South,24100,19850.0,,07:49:51,07:50:22,22,1908,Stewart St & 7th Ave,0.0,8.0
2023-10-23,417,South,24100,19850.0,,07:51:18,07:51:39,23,1907,Stewart St & 4th Ave,0.0,2.0
2023-10-23,417,South,24100,19850.0,,07:53:27,07:53:47,24,1079,2nd Ave & Stewart St,0.0,1.0
2023-10-23,417,South,24100,19850.0,07:57:00,07:55:00,07:55:21,25,2909,2nd Ave & Seneca St,0.0,1.0
2023-10-23,417,South,24100,19850.0,,07:56:38,07:56:38,26,2631,2nd Ave & Cherry St,0.0,0.0
2023-10-23,417,South,24100,19850.0,08:01:00,07:58:13,07:58:13,27,2349,2nd Ave Ext S & Yesler Way,0.0,1.0
2023-10-23,417,South,24101,17861.0,07:53:00,07:57:32,07:57:32,0,3265,Mukilteo Ferry Terminal Bay 2,2.0,0.0
2023-10-23,417,South,24101,17861.0,,07:58:27,07:58:27,1,3275,1st St & Mukilteo Station,0.0,0.0
2023-10-23,417,South,24101,17861.0,,08:01:06,08:01:06,2,1455,Hwy 525 & 3rd St,0.0,0.0
2023-10-23,417,South,24101,17861.0,,08:01:15,08:01:15,3,3281,Hwy 525 & 5th St,0.0,0.0
2023-10-23,417,South,24101,17861.0,,08:02:08,08:02:38,4,1472,Hwy 525 & Goat Trail Rd,1.0,0.0
2023-10-23,417,South,24101,17861.0,,08:05:22,08:05:22,5,1470,Hwy 525 & Clover Ln,0.0,0.0
2023-10-23,417,South,24101,17861.0,,08:06:53,08:06:53,6,1468,Hwy 525 & 76th St SW,0.0,0.0
2023-10-23,417,South,24101,17861.0,,08:07:28,08:07:28,7,1469,Hwy 525 & 80th St SW,0.0,0.0
2023-10-23,417,South,24101,17861.0,,08:07:44,08:07:44,8,1456,Hwy 525 & 81st Pl SW,0.0,0.0
2023-10-23,417,South,24101,17861.0,,08:08:13,08:08:52,9,1457,Hwy 525 & 84th St SW,2.0,0.0
2023-10-23,417,South,24101,17861.0,,08:09:34,08:09:34,10,1458,Hwy 525 & 88th St SW,0.0,0.0
2023-10-23,417,South,24101,17861.0,08:02:00,08:10:13,08:10:13,11,1459,Hwy 525 & 92nd St SW,0.0,0.0
2023-10-23,417,South,24101,17861.0,,08:13:54,08:13:54,12,1466,Hwy 525 & Harbour Pointe Blvd,0.0,0.0
2023-10-23,417,South,24101,17861.0,,08:15:07,08:15:45,13,1461,Hwy 525 & Chennault Beach Rd,1.0,0.0
2023-10-23,417,South,24101,17861.0,,08:16:14,08:16:14,14,1464,Hwy 525 & Russell Rd,0.0,0.0
2023-10-23,417,South,24101,17861.0,,08:17:16,08:17:42,15,1462,Hwy 525 & Harbour Pointe Blvd SW,3.0,0.0
2023-10-23,417,South,24101,17861.0,08:11:00,08:19:15,08:20:22,16,1460,Hwy 525 & Beverly Park Rd,5.0,0.0
2023-10-23,417,South,24101,17861.0,,08:21:35,08:21:59,17,1467,Hwy 525 & Lincoln Way,2.0,0.0
2023-10-23,417,South,24101,17861.0,08:53:00,08:54:11,08:54:45,21,1909,Stewart St & 9th Ave,0.0,7.0
2023-10-23,417,South,24101,17861.0,,08:55:31,08:56:11,22,1908,Stewart St & 7th Ave,0.0,3.0
2023-10-23,417,South,24101,17861.0,,08:57:11,08:57:11,23,1907,Stewart St & 4th Ave,0.0,0.0
2023-10-23,417,South,24101,17861.0,,08:58:00,08:58:12,24,1079,2nd Ave & Stewart St,0.0,1.0
2023-10-23,417,South,24101,17861.0,09:04:00,09:00:35,09:01:39,25,2909,2nd Ave & Seneca St,0.0,2.0
2023-10-23,417,South,24101,17861.0,,09:02:28,09:02:43,26,2631,2nd Ave & Cherry St,0.0,1.0
2023-10-23,417,South,24101,17861.0,09:10:00,09:04:42,09:04:42,27,2349,2nd Ave Ext S & Yesler Way,0.0,2.0
2023-10-24,417,North,24094,19818.0,15:11:00,15:10:46,15:10:46,0,640,4th Ave S & S Jackson St,3.0,0.0
2023-10-24,417,North,24094,19818.0,,15:11:15,15:11:15,1,635,4th Ave S & S Washington St,0.0,0.0
2023-10-24,417,North,24094,19818.0,,15:12:50,15:13:09,2,2638,4th Ave & Cherry St,2.0,0.0
2023-10-24,417,North,24094,19818.0,,15:14:30,15:14:45,3,641,4th Ave & Seneca St,3.0,0.0
2023-10-24,417,North,24094,19818.0,15:17:00,15:15:45,15:16:52,4,2976,4th Ave & Pine St,6.0,1.0
2023-10-24,417,North,24094,19818.0,,15:17:43,15:19:03,5,473,Olive Way & 6th Ave,7.0,0.0
2023-10-24,417,North,24094,19818.0,15:21:00,15:20:26,15:20:52,6,430,Howell St & 9th Ave,6.0,0.0
2023-10-24,417,North,24094,19818.0,,15:26:03,15:26:22,7,431,Howell St & Yale Ave,2.0,2.0
2023-10-24,417,North,24094,19818.0,,15:58:02,15:58:20,11,970,Hwy 525 & Lincoln Way,0.0,1.0
2023-10-24,417,North,24094,19818.0,16:06:00,16:02:44,16:02:58,12,966,Hwy 525 & Beverly Park Rd,0.0,1.0
2023-10-24,417,North,24094,19818.0,,16:04:03,16:04:27,13,969,Hwy 525 & Harbour Pointe Blvd SW,0.0,4.0
2023-10-24,417,North,24094,19818.0,,16:06:01,16:06:01,14,974,Hwy 525 & Chennault Beach Rd,0.0,0.0
2023-10-24,417,North,24094,19818.0,,16:06:42,16:06:42,15,975,Hwy 525 & Harbour Pointe Blvd,0.0,0.0
2023-10-24,417,North,24094,19818.0,16:16:00,16:08:30,16:08:55,16,965,Hwy 525 & 92nd St SW,0.0,4.0
2023-10-24,417,North,24094,19818.0,,16:10:36,16:10:36,17,964,Hwy 525 & 84th St SW,0.0,0.0
2023-10-24,417,North,24094,19818.0,,16:11:01,16:11:01,18,963,Hwy 525 & 80th St SW,0.0,0.0
2023-10-24,417,North,24094,19818.0,,16:11:32,16:11:49,19,973,Hwy 525 & 76th St SW,0.0,2.0
2023-10-24,417,North,24094,19818.0,,16:13:26,16:13:26,20,967,Hwy 525 & Clover Ln,0.0,0.0
2023-10-24,417,North,24094,19818.0,,16:13:51,16:13:51,21,972,Hwy 525 & 15th Pl,0.0,0.0
2023-10-24,417,North,24094,19818.0,,16:14:17,16:14:33,22,968,Hwy 525 & Goat Trail Rd,0.0,0.0
2023-10-24,417,North,24094,19818.0,,16:16:46,16:16:46,23,3280,Hwy 525 & 5th St,0.0,0.0
2023-10-24,417,North,24094,19818.0,,16:18:09,16:18:26,24,3274,1st St & Mukilteo Station,0.0,5.0
2023-10-24,417,North,24094,19818.0,16:30:00,16:19:28,16:19:28,25,3265,Mukilteo Ferry Terminal Bay 2,0.0,9.0
2023-10-24,417,North,24095,15809.0,16:11:00,16:16:18,16:16:18,0,640,4th Ave S & S Jackson St,1.0,0.0
2023-10-24,417,North,24095,15809.0,,16:17:08,16:17:08,1,635,4th Ave S & S Washington St,0.0,0.0
2023-10-24,417,North,24095,15809.0,,16:18:02,16:18:33,2,2638,4th Ave & Cherry St,5.0,0.0
2023-10-24,417,North,24095,15809.0,,16:19:47,16:20:52,3,641,4th Ave & Seneca St,2.0,0.0
2023-10-24,417,North,24095,15809.0,16:17:00,16:22:19,16:22:57,4,2976,4th Ave & Pine St,3.0,0.0
2023-10-24,417,North,24095,15809.0,,16:25:14,16:26:28,5,473,Olive Way & 6th Ave,3.0,0.0
2023-10-24,417,North,24095,15809.0,16:21:00,16:27:58,16:28:43,6,430,Howell St & 9th Ave,7.0,1.0
2023-10-24,417,North,24095,15809.0,,16:36:30,16:37:11,7,431,Howell St & Yale Ave,5.0,0.0
2023-10-24,417,North,24095,15809.0,,17:20:52,17:21:20,11,970,Hwy 525 & Lincoln Way,0.0,3.0
2023-10-24,417,North,24095,15809.0,17:08:00,17:25:21,17:25:44,12,966,Hwy 525 & Beverly Park Rd,0.0,4.0
2023-10-24,417,North,24095,15809.0,,17:26:49,17:27:24,13,969,Hwy 525 & Harbour Pointe Blvd SW,0.0,5.0
2023-10-24,417,North,24095,15809.0,,17:28:58,17:28:58,14,974,Hwy 525 & Chennault Beach Rd,0.0,0.0
2023-10-24,417,North,24095,15809.0,,17:30:17,17:30:39,15,975,Hwy 525 & Harbour Pointe Blvd,0.0,0.0
2023-10-24,417,North,24095,15809.0,17:18:00,17:32:21,17:32:52,16,965,Hwy 525 & 92nd St SW,0.0,4.0
2023-10-24,417,North,24095,15809.0,,17:34:33,17:35:20,17,964,Hwy 525 & 84th St SW,0.0,4.0
2023-10-24,417,North,24095,15809.0,,17:35:53,17:35:53,18,963,Hwy 525 & 80th St SW,0.0,0.0
2023-10-24,417,North,24095,15809.0,,17:36:23,17:36:48,19,973,Hwy 525 & 76th St SW,0.0,1.0
2023-10-24,417,North,24095,15809.0,,17:37:39,17:37:39,20,967,Hwy 525 & Clover Ln,0.0,0.0
2023-10-24,417,North,24095,15809.0,,17:38:05,17:38:05,21,972,Hwy 525 & 15th Pl,0.0,0.0
2023-10-24,417,North,24095,15809.0,,17:38:24,17:38:24,22,968,Hwy 525 & Goat Trail Rd,0.0,0.0
2023-10-24,417,North,24095,15809.0,,17:39:16,17:39:35,23,3280,Hwy 525 & 5th St,0.0,1.0
2023-10-24,417,North,24095,15809.0,,17:41:08,17:41:08,24,3274,1st St & Mukilteo Station,0.0,0.0
2023-10-24,417,North,24095,15809.0,17:31:00,17:42:02,17:42:02,25,3265,Mukilteo Ferry Terminal Bay 2,0.0,3.0
2023-10-24,417,North,24096,15820.0,17:22:00,17:22:29,17:22:29,0,640,4th Ave S & S Jackson St,1.0,0.0
2023-10-24,417,North,24096,15820.0,,17:23:08,17:23:15,1,635,4th Ave S & S Washington St,0.0,0.0
2023-10-24,417,North,24096,15820.0,,17:27:54,17:28:11,2,2638,4th Ave & Cherry St,1.0,0.0
2023-10-24,417,North,24096,15820.0,,17:30:08,17:31:16,3,641,4th Ave & Seneca St,3.0,0.0
2023-10-24,417,North,24096,15820.0,17:28:00,17:32:52,17:33:21,4,2976,4th Ave & Pine St,2.0,1.0
2023-10-24,417,North,24096,15820.0,,17:35:59,17:37:02,5,473,Olive Way & 6th Ave,7.0,0.0
2023-10-24,417,North,24096,15820.0,17:32:00,17:40:17,17:40:51,6,430,Howell St & 9th Ave,4.0,0.0
2023-10-24,417,North,24096,15820.0,,17:47:03,17:47:36,7,431,Howell St & Yale Ave,6.0,0.0
2023-10-24,417,North,24096,15820.0,,18:27:28,18:28:00,11,970,Hwy 525 & Lincoln Way,2.0,4.0
2023-10-24,417,North,24096,15820.0,18:14:00,18:31:05,18:31:35,12,966,Hwy 525 & Beverly Park Rd,0.0,6.0
2023-10-24,417,North,24096,15820.0,,18:32:57,18:33:17,13,969,Hwy 525 & Harbour Pointe Blvd SW,0.0,3.0
2023-10-24,417,North,24096,15820.0,,18:35:11,18:35:11,14,974,Hwy 525 & Chennault Beach Rd,0.0,0.0
2023-10-24,417,North,24096,15820.0,,18:35:49,18:35:49,15,975,Hwy 525 & Harbour Pointe Blvd,0.0,0.0
2023-10-24,417,North,24096,15820.0,18:22:00,18:37:22,18:37:45,16,965,Hwy 525 & 92nd St SW,0.0,3.0
2023-10-24,417,North,24096,15820.0,,18:39:36,18:40:04,17,964,Hwy 525 & 84th St SW,0.0,4.0
2023-10-24,417,North,24096,15820.0,,18:40:43,18:40:43,18,963,Hwy 525 & 80th St SW,0.0,0.0
2023-10-24,417,North,24096,15820.0,,18:41:10,18:41:10,19,973,Hwy 525 & 76th St SW,0.0,0.0
2023-10-24,417,North,24096,15820.0,,18:41:59,18:41:59,20,967,Hwy 525 & Clover Ln,0.0,0.0
2023-10-24,417,North,24096,15820.0,,18:42:29,18:42:29,21,972,Hwy 525 & 15th Pl,0.0,0.0
2023-10-24,417,North,24096,15820.0,,18:43:04,18:43:28,22,968,Hwy 525 & Goat Trail Rd,0.0,2.0
2023-10-24,417,North,24096,15820.0,,18:44:45,18:44:45,23,3280,Hwy 525 & 5th St,0.0,0.0
2023-10-24,417,North,24096,15820.0,,18:46:26,18:46:26,24,3274,1st St & Mukilteo Station,0.0,0.0
2023-10-24,417,North,24096,15820.0,18:31:00,18:47:31,18:47:31,25,3265,Mukilteo Ferry Terminal Bay 2,0.0,3.0
2023-10-24,417,North,24097,19810.0,17:55:00,17:57:28,17:57:28,0,640,4th Ave S & S Jackson St,0.0,0.0
2023-10-24,417,North,24097,19810.0,,,,1,635,4th Ave S & S Washington St,,
2023-10-24,417,North,24097,19810.0,,17:59:13,17:59:13,2,2638,4th Ave & Cherry St,0.0,0.0
2023-10-24,417,North,24097,19810.0,,18:00:15,18:00:28,3,641,4th Ave & Seneca St,1.0,0.0
2023-10-24,417,North,24097,19810.0,18:00:00,18:02:15,18:02:32,4,2976,4th Ave & Pine St,2.0,0.0
2023-10-24,417,North,24097,19810.0,,18:04:27,18:05:28,5,473,Olive Way & 6th Ave,0.0,0.0
2023-10-24,417,North,24097,19810.0,18:04:00,18:06:57,18:07:24,6,430,Howell St & 9th Ave,3.0,0.0
2023-10-24,417,North,24097,19810.0,,18:11:02,18:11:13,7,431,Howell St & Yale Ave,0.0,0.0
2023-10-24,417,North,24097,19810.0,,18:45:48,18:46:08,11,970,Hwy 525 & Lincoln Way,0.0,2.0
2023-10-24,417,North,24097,19810.0,18:38:00,18:48:42,18:48:42,12,966,Hwy 525 & Beverly Park Rd,0.0,0.0
2023-10-24,417,North,24097,19810.0,,18:49:38,18:49:55,13,969,Hwy 525 & Harbour Pointe Blvd SW,0.0,1.0
2023-10-24,417,North,24097,19810.0,,18:51:13,18:51:13,14,974,Hwy 525 & Chennault Beach Rd,0.0,0.0
2023-10-24,417,North,24097,19810.0,,18:52:20,18:52:20,15,975,Hwy 525 & Harbour Pointe Blvd,0.0,0.0
2023-10-24,417,North,24097,19810.0,18:46:00,18:54:12,18:54:28,16,965,Hwy 525 & 92nd St SW,0.0,2.0
2023-10-24,417,North,24097,19810.0,,18:55:48,18:55:48,17,964,Hwy 525 & 84th St SW,0.0,0.0
2023-10-24,417,North,24097,19810.0,,18:56:11,18:56:11,18,963,Hwy 525 & 80th St SW,0.0,0.0
2023-10-24,417,North,24097,19810.0,,18:56:31,18:56:31,19,973,Hwy 525 & 76th St SW,0.0,0.0
2023-10-24,417,North,24097,19810.0,,18:57:12,18:57:12,20,967,Hwy 525 & Clover Ln,0.0,0.0
2023-10-24,417,North,24097,19810.0,,18:57:38,18:57:38,21,972,Hwy 525 & 15th Pl,0.0,0.0
2023-10-24,417,North,24097,19810.0,,18:57:55,18:57:55,22,968,Hwy 525 & Goat Trail Rd,0.0,0.0
2023-10-24,417,North,24097,19810.0,,18:59:31,18:59:31,23,3280,Hwy 525 & 5th St,0.0,0.0
2023-10-24,417,North,24097,19810.0,,19:00:54,19:00:54,24,3274,1st St & Mukilteo Station,0.0,0.0
2023-10-24,417,North,24097,19810.0,18:55:00,19:01:52,19:01:52,25,3265,Mukilteo Ferry Terminal Bay 2,0.0,1.0
2023-10-24,417,South,24098,17857.0,05:51:00,05:51:30,05:51:30,0,3265,Mukilteo Ferry Terminal Bay 2,7.0,0.0
2023-10-24,417,South,24098,17857.0,,05:52:31,05:52:31,1,3275,1st St & Mukilteo Station,0.0,0.0
2023-10-24,417,South,24098,17857.0,,05:54:08,05:54:08,2,1455,Hwy 525 & 3rd St,0.0,0.0
2023-10-24,417,South,24098,17857.0,,05:54:17,05:54:17,3,3281,Hwy 525 & 5th St,0.0,0.0
2023-10-24,417,South,24098,17857.0,,05:55:06,05:55:06,4,1472,Hwy 525 & Goat Trail Rd,0.0,0.0
2023-10-24,417,South,24098,17857.0,,05:55:56,05:55:56,5,1470,Hwy 525 & Clover Ln,0.0,0.0
2023-10-24,417,South,24098,17857.0,,05:56:39,05:56:39,6,1468,Hwy 525 & 76th St SW,0.0,0.0
2023-10-24,417,South,24098,17857.0,,05:57:08,05:57:08,7,1469,Hwy 525 & 80th St SW,0.0,0.0
2023-10-24,417,South,24098,17857.0,,05:57:27,05:57:27,8,1456,Hwy 525 & 81st Pl SW,0.0,0.0
2023-10-24,417,South,24098,17857.0,,05:57:57,05:58:32,9,1457,Hwy 525 & 84th St SW,4.0,0.0
2023-10-24,417,South,24098,17857.0,,05:59:05,05:59:05,10,1458,Hwy 525 & 88th St SW,0.0,0.0
2023-10-24,417,South,24098,17857.0,05:58:00,05:59:39,06:00:09,11,1459,Hwy 525 & 92nd St SW,2.0,0.0
2023-10-24,417,South,24098,17857.0,,06:01:40,06:01:40,12,1466,Hwy 525 & Harbour Pointe Blvd,0.0,0.0
2023-10-24,417,South,24098,17857.0,,06:02:27,06:02:48,13,1461,Hwy 525 & Chennault Beach Rd,1.0,0.0
2023-10-24,417,South,24098,17857.0,,06:03:14,06:03:14,14,1464,Hwy 525 & Russell Rd,0.0,0.0
2023-10-24,417,South,24098,17857.0,,06:04:25,06:05:05,15,1462,Hwy 525 & Harbour Pointe Blvd SW,4.0,0.0
2023-10-24,417,South,24098,17857.0,06:05:00,06:06:15,06:06:15,16,1460,Hwy 525 & Beverly Park Rd,0.0,0.0
2023-10-24,417,South,24098,17857.0,,06:07:15,06:07:15,17,1467,Hwy 525 & Lincoln Way,0.0,0.0
2023-10-24,417,South,24098,17857.0,06:33:00,06:29:45,06:30:18,21,1909,Stewart St & 9th Ave,0.0,9.0
2023-10-24,417,South,24098,17857.0,,06:31:35,06:32:18,22,1908,Stewart St & 7th Ave,0.0,1.0
2023-10-24,417,South,24098,17857.0,,06:33:26,06:33:44,23,1907,Stewart St & 4th Ave,0.0,1.0
2023-10-24,417,South,24098,17857.0,,06:35:20,06:35:36,24,1079,2nd Ave & Stewart St,0.0,1.0
2023-10-24,417,South,24098,17857.0,06:41:00,06:36:52,06:37:14,25,2909,2nd Ave & Seneca St,0.0,2.0
2023-10-24,417,South,24098,17857.0,,06:38:33,06:38:46,26,2631,2nd Ave & Cherry St,0.0,2.0
2023-10-24,417,South,24098,17857.0,06:45:00,06:40:05,06:40:05,27,2349,2nd Ave Ext S & Yesler Way,0.0,2.0
2023-10-24,417,South,24099,19814.0,06:22:00,06:25:23,06:25:23,0,3265,Mukilteo Ferry Terminal Bay 2,3.0,0.0
2023-10-24,417,South,24099,19814.0,,,,1,3275,1st St & Mukilteo Station,,
2023-10-24,417,South,24099,19814.0,,06:26:23,06:26:23,2,1455,Hwy 525 & 3rd St,0.0,0.0
2023-10-24,417,South,24099,19814.0,,06:26:33,06:26:33,3,3281,Hwy 525 & 5th St,0.0,0.0
2023-10-24,417,South,24099,19814.0,,06:27:27,06:27:45,4,1472,Hwy 525 & Goat Trail Rd,1.0,0.0
2023-10-24,417,South,24099,19814.0,,06:28:57,06:28:57,5,1470,Hwy 525 & Clover Ln,0.0,0.0
2023-10-24,417,South,24099,19814.0,,06:29:52,06:30:06,6,1468,Hwy 525 & 76th St SW,1.0,0.0
2023-10-24,417,South,24099,19814.0,,06:30:49,06:30:49,7,1469,Hwy 525 & 80th St SW,0.0,0.0
2023-10-24,417,South,24099,19814.0,,06:31:08,06:31:08,8,1456,Hwy 525 & 81st Pl SW,0.0,0.0
2023-10-24,417,South,24099,19814.0,,06:32:00,06:32:23,9,1457,Hwy 525 & 84th St SW,1.0,0.0
2023-10-24,417,South,24099,19814.0,,06:33:06,06:33:06,10,1458,Hwy 525 & 88th St SW,0.0,0.0
2023-10-24,417,South,24099,19814.0,06:29:00,06:34:08,06:34:32,11,1459,Hwy 525 & 92nd St SW,2.0,0.0
2023-10-24,417,South,24099,19814.0,,06:36:37,06:36:37,12,1466,Hwy 525 & Harbour Pointe Blvd,0.0,0.0
2023-10-24,417,South,24099,19814.0,,06:37:46,06:37:46,13,1461,Hwy 525 & Chennault Beach Rd,0.0,0.0
2023-10-24,417,South,24099,19814.0,,06:38:11,06:38:11,14,1464,Hwy 525 & Russell Rd,0.0,0.0
2023-10-24,417,South,24099,19814.0,,06:39:42,06:40:09,15,1462,Hwy 525 & Harbour Pointe Blvd SW,4.0,0.0
2023-10-24,417,South,24099,19814.0,06:36:00,06:42:10,06:42:10,16,1460,Hwy 525 & Beverly Park Rd,0.0,0.0
2023-10-24,417,South,24099,19814.0,,06:43:26,06:43:41,17,1467,Hwy 525 & Lincoln Way,2.0,0.0
2023-10-24,417,South,24099,19814.0,07:08:00,07:16:45,07:17:26,21,1909,Stewart St & 9th Ave,0.0,5.0
2023-10-24,417,South,24099,19814.0,,07:18:06,07:18:27,22,1908,Stewart St & 7th Ave,0.0,1.0
2023-10-24,417,South,24099,19814.0,,07:20:18,07:21:05,23,1907,Stewart St & 4th Ave,0.0,6.0
2023-10-24,417,South,24099,19814.0,,07:22:00,07:22:13,24,1079,2nd Ave & Stewart St,0.0,1.0
2023-10-24,417,South,24099,19814.0,07:16:00,07:23:28,07:24:54,25,2909,2nd Ave & Seneca St,0.0,0.0
2023-10-24,417,South,24099,19814.0,,07:26:31,07:26:42,26,2631,2nd Ave & Cherry St,0.0,0.0
2023-10-24,417,South,24099,19814.0,07:20:00,07:28:09,07:28:09,27,2349,2nd Ave Ext S & Yesler Way,0.0,1.0
2023-10-24,417,South,24100,19851.0,06:52:00,06:53:29,06:53:29,0,3265,Mukilteo Ferry Terminal Bay 2,2.0,0.0
2023-10-24,417,South,24100,19851.0,,06:54:27,06:54:45,1,3275,1st St & Mukilteo Station,1.0,0.0
2023-10-24,417,South,24100,19851.0,,06:56:31,06:56:31,2,1455,Hwy 525 & 3rd St,0.0,0.0
2023-10-24,417,South,24100,19851.0,,06:56:40,06:56:40,3,3281,Hwy 525 & 5th St,0.0,0.0
2023-10-24,417,South,24100,19851.0,,06:58:08,06:58:32,4,1472,Hwy 525 & Goat Trail Rd,1.0,0.0
2023-10-24,417,South,24100,19851.0,,06:59:38,06:59:38,5,1470,Hwy 525 & Clover Ln,0.0,0.0
2023-10-24,417,South,24100,19851.0,,07:00:48,07:01:47,6,1468,Hwy 525 & 76th St SW,1.0,0.0
2023-10-24,417,South,24100,19851.0,,07:02:30,07:02:30,7,1469,Hwy 525 & 80th St SW,0.0,0.0
2023-10-24,417,South,24100,19851.0,,07:02:56,07:03:28,8,1456,Hwy 525 & 81st Pl SW,1.0,0.0
2023-10-24,417,South,24100,19851.0,,07:04:04,07:04:23,9,1457,Hwy 525 & 84th St SW,1.0,0.0
2023-10-24,417,South,24100,19851.0,,07:05:01,07:05:01,10,1458,Hwy 525 & 88th St SW,0.0,0.0
2023-10-24,417,South,24100,19851.0,07:00:00,07:05:49,07:06:20,11,1459,Hwy 525 & 92nd St SW,5.0,0.0
2023-10-24,417,South,24100,19851.0,,07:08:24,07:08:24,12,1466,Hwy 525 & Harbour Pointe Blvd,0.0,0.0
2023-10-24,417,South,24100,19851.0,,07:09:32,07:09:32,13,1461,Hwy 525 & Chennault Beach Rd,0.0,0.0
2023-10-24,417,South,24100,19851.0,,07:09:53,07:09:53,14,1464,Hwy 525 & Russell Rd,0.0,0.0
2023-10-24,417,South,24100,19851.0,,07:11:09,07:11:52,15,1462,Hwy 525 & Harbour Pointe Blvd SW,5.0,0.0
2023-10-24,417,South,24100,19851.0,07:09:00,07:14:32,07:15:16,16,1460,Hwy 525 & Beverly Park Rd,4.0,0.0
2023-10-24,417,South,24100,19851.0,,07:16:39,07:17:02,17,1467,Hwy 525 & Lincoln Way,1.0,0.0
2023-10-24,417,South,24100,19851.0,07:49:00,08:07:09,08:07:50,21,1909,Stewart St & 9th Ave,0.0,10.0
2023-10-24,417,South,24100,19851.0,,08:08:17,08:08:54,22,1908,Stewart St & 7th Ave,0.0,4.0
2023-10-24,417,South,24100,19851.0,,08:10:47,08:11:10,23,1907,Stewart St & 4th Ave,0.0,2.0
2023-10-24,417,South,24100,19851.0,,08:12:57,08:12:57,24,1079,2nd Ave & Stewart St,0.0,0.0
2023-10-24,417,South,24100,19851.0,07:57:00,08:14:12,08:15:08,25,2909,2nd Ave & Seneca St,0.0,6.0
2023-10-24,417,South,24100,19851.0,,08:15:49,08:15:49,26,2631,2nd Ave & Cherry St,0.0,0.0
2023-10-24,417,South,24100,19851.0,08:01:00,08:16:23,08:16:23,27,2349,2nd Ave Ext S & Yesler Way,0.0,0.0
2023-10-24,417,South,24101,17857.0,07:53:00,07:53:41,07:53:41,0,3265,Mukilteo Ferry Terminal Bay 2,1.0,0.0
2023-10-24,417,South,24101,17857.0,,07:54:34,07:54:53,1,3275,1st St & Mukilteo Station,1.0,0.0
2023-10-24,417,South,24101,17857.0,,07:56:26,07:56:26,2,1455,Hwy 525 & 3rd St,0.0,0.0
2023-10-24,417,South,24101,17857.0,,07:56:46,07:56:46,3,3281,Hwy 525 & 5th St,0.0,0.0
2023-10-24,417,South,24101,17857.0,,07:57:38,07:58:02,4,1472,Hwy 525 & Goat Trail Rd,1.0,0.0
2023-10-24,417,South,24101,17857.0,,07:59:31,07:59:31,5,1470,Hwy 525 & Clover Ln,0.0,0.0
2023-10-24,417,South,24101,17857.0,,08:02:04,08:02:39,6,1468,Hwy 525 & 76th St SW,1.0,0.0
2023-10-24,417,South,24101,17857.0,,08:03:18,08:03:18,7,1469,Hwy 525 & 80th St SW,0.0,0.0
2023-10-24,417,South,24101,17857.0,,08:03:34,08:03:34,8,1456,Hwy 525 & 81st Pl SW,0.0,0.0
2023-10-24,417,South,24101,17857.0,,08:04:21,08:04:58,9,1457,Hwy 525 & 84th St SW,3.0,0.0
2023-10-24,417,South,24101,17857.0,,08:05:36,08:06:03,10,1458,Hwy 525 & 88th St SW,1.0,0.0
2023-10-24,417,South,24101,17857.0,08:02:00,08:06:57,08:07:35,11,1459,Hwy 525 & 92nd St SW,1.0,0.0
2023-10-24,417,South,24101,17857.0,,08:09:58,08:10:22,12,1466,Hwy 525 & Harbour Pointe Blvd,2.0,0.0
2023-10-24,417,South,24101,17857.0,,08:11:52,08:11:52,13,1461,Hwy 525 & Chennault Beach Rd,0.0,0.0
2023-10-24,417,South,24101,17857.0,,08:12:15,08:12:15,14,1464,Hwy 525 & Russell Rd,0.0,0.0
2023-10-24,417,South,24101,17857.0,,08:13:24,08:13:58,15,1462,Hwy 525 & Harbour Pointe Blvd SW,3.0,0.0
2023-10-24,417,South,24101,17857.0,08:11:00,08:15:29,08:16:16,16,1460,Hwy 525 & Beverly Park Rd,6.0,0.0
2023-10-24,417,South,24101,17857.0,,08:17:52,08:18:38,17,1467,Hwy 525 & Lincoln Way,7.0,0.0
2023-10-24,417,South,24101,17857.0,08:53:00,09:11:23,09:11:59,21,1909,Stewart St & 9th Ave,0.0,14.0
2023-10-24,417,South,24101,17857.0,,09:12:27,09:13:02,22,1908,Stewart St & 7th Ave,0.0,8.0
2023-10-24,417,South,24101,17857.0,,09:15:12,09:15:30,23,1907,Stewart St & 4th Ave,0.0,2.0
2023-10-24,417,South,24101,17857.0,,09:17:25,09:17:41,24,1079,2nd Ave & Stewart St,0.0,1.0
2023-10-24,417,South,24101,17857.0,09:04:00,09:19:40,09:19:40,25,2909,2nd Ave & Seneca St,0.0,0.0
2023-10-24,417,South,24101,17857.0,,09:20:31,09:21:34,26,2631,2nd Ave & Cherry St,0.0,1.0
2023-10-24,417,South,24101,17857.0,09:10:00,09:22:57,09:22:57,27,2349,2nd Ave Ext S & Yesler Way,0.0,1.0
2023-10-25,417,North,24094,19816.0,15:11:00,15:19:35,15:19:35,0,640,4th Ave S & S Jackson St,3.0,0.0
2023-10-25,417,North,24094,19816.0,,15:20:10,15:20:10,1,635,4th Ave S & S Washington St,0.0,0.0
2023-10-25,417,North,24094,19816.0,,15:20:49,15:21:13,2,2638,4th Ave & Cherry St,3.0,0.0
2023-10-25,417,North,24094,19816.0,,15:22:46,15:22:46,3,641,4th Ave & Seneca St,0.0,0.0
2023-10-25,417,North,24094,19816.0,15:17:00,15:23:39,15:24:04,4,2976,4th Ave & Pine St,2.0,0.0
2023-10-25,417,North,24094,19816.0,,15:25:31,15:26:34,5,473,Olive Way & 6th Ave,10.0,0.0
2023-10-25,417,North,24094,19816.0,15:21:00,15:28:05,15:28:27,6,430,Howell St & 9th Ave,1.0,0.0
2023-10-25,417,North,24094,19816.0,,15:32:00,15:32:30,7,431,Howell St & Yale Ave,1.0,1.0
2023-10-25,417,North,24094,19816.0,,16:01:15,16:01:15,11,970,Hwy 525 & Lincoln Way,0.0,0.0
2023-10-25,417,North,24094,19816.0,16:06:00,16:05:57,16:06:10,12,966,Hwy 525 & Beverly Park Rd,0.0,1.0
2023-10-25,417,North,24094,19816.0,,16:07:11,16:07:34,13,969,Hwy 525 & Harbour Pointe Blvd SW,0.0,3.0
2023-10-25,417,North,24094,19816.0,,16:08:48,16:08:48,14,974,Hwy 525 & Chennault Beach Rd,0.0,0.0
2023-10-25,417,North,24094,19816.0,,16:09:42,16:09:53,15,975,Hwy 525 & Harbour Pointe Blvd,0.0,1.0
2023-10-25,417,North,24094,19816.0,16:16:00,16:11:42,16:11:55,16,965,Hwy 525 & 92nd St SW,0.0,2.0
2023-10-25,417,North,24094,19816.0,,16:13:44,16:14:15,17,964,Hwy 525 & 84th St SW,0.0,2.0
2023-10-25,417,North,24094,19816.0,,16:14:49,16:14:49,18,963,Hwy 525 & 80th St SW,0.0,0.0
2023-10-25,417,North,24094,19816.0,,16:15:20,16:15:48,19,973,Hwy 525 & 76th St SW,0.0,1.0
2023-10-25,417,North,24094,19816.0,,16:16:39,16:16:39,20,967,Hwy 525 & Clover Ln,0.0,0.0
2023-10-25,417,North,24094,19816.0,,16:17:05,16:17:05,21,972,Hwy 525 & 15th Pl,0.0,0.0
2023-10-25,417,North,24094,19816.0,,16:17:22,16:17:22,22,968,Hwy 525 & Goat Trail Rd,0.0,0.0
2023-10-25,417,North,24094,19816.0,,16:18:41,16:18:54,23,3280,Hwy 525 & 5th St,0.0,1.0
2023-10-25,417,North,24094,19816.0,,16:20:21,16:20:34,24,3274,1st St & Mukilteo Station,0.0,1.0
2023-10-25,417,North,24094,19816.0,16:30:00,16:21:35,16:21:35,25,3265,Mukilteo Ferry Terminal Bay 2,0.0,7.0
2023-10-25,417,North,24095,17850.0,16:11:00,16:16:06,16:16:06,0,640,4th Ave S & S Jackson St,1.0,0.0
2023-10-25,417,North,24095,17850.0,,16:17:09,16:17:09,1,635,4th Ave S & S Washington St,0.0,0.0
2023-10-25,417,North,24095,17850.0,,16:18:50,16:19:20,2,2638,4th Ave & Cherry St,3.0,0.0
2023-10-25,417,North,24095,17850.0,,16:21:07,16:22:16,3,641,4th Ave & Seneca St,4.0,0.0
2023-10-25,417,North,24095,17850.0,16:17:00,16:23:24,16:24:23,4,2976,4th Ave & Pine St,3.0,0.0
2023-10-25,417,North,24095,17850.0,,16:25:39,16:26:34,5,473,Olive Way & 6th Ave,2.0,0.0
2023-10-25,417,North,24095,17850.0,16:21:00,16:28:22,16:29:12,6,430,Howell St & 9th Ave,13.0,0.0
2023-10-25,417,North,24095,17850.0,,16:32:00,16:32:37,7,431,Howell St & Yale Ave,4.0,0.0
2023-10-25,417,North,24095,17850.0,,17:03:24,17:03:52,11,970,Hwy 525 & Lincoln Way,0.0,6.0
2023-10-25,417,North,24095,17850.0,17:08:00,17:05:17,17:05:46,12,966,Hwy 525 & Beverly Park Rd,0.0,6.0
2023-10-25,417,North,24095,17850.0,,17:06:44,17:07:14,13,969,Hwy 525 & Harbour Pointe Blvd SW,0.0,7.0
2023-10-25,417,North,24095,17850.0,,17:08:30,17:08:49,14,974,Hwy 525 & Chennault Beach Rd,1.0,1.0
2023-10-25,417,North,24095,17850.0,,17:09:45,17:10:04,15,975,Hwy 525 & Harbour Pointe Blvd,0.0,1.0
2023-10-25,417,North,24095,17850.0,17:18:00,17:12:27,17:12:58,16,965,Hwy 525 & 92nd St SW,0.0,4.0
2023-10-25,417,North,24095,17850.0,,17:14:45,17:15:17,17,964,Hwy 525 & 84th St SW,0.0,2.0
2023-10-25,417,North,24095,17850.0,,17:15:48,17:15:48,18,963,Hwy 525 & 80th St SW,0.0,0.0
2023-10-25,417,North,24095,17850.0,,17:16:16,17:16:33,19,973,Hwy 525 & 76th St SW,0.0,1.0
2023-10-25,417,North,24095,17850.0,,17:17:17,17:17:17,20,967,Hwy 525 & Clover Ln,0.0,0.0
2023-10-25,417,North,24095,17850.0,,17:17:39,17:17:39,21,972,Hwy 525 & 15th Pl,0.0,0.0
2023-10-25,417,North,24095,17850.0,,17:17:54,17:17:54,22,968,Hwy 525 & Goat Trail Rd,0.0,0.0
2023-10-25,417,North,24095,17850.0,,17:18:40,17:18:52,23,3280,Hwy 525 & 5th St,0.0,1.0
2023-10-25,417,North,24095,17850.0,,17:20:52,17:20:52,24,3274,1st St & Mukilteo Station,0.0,0.0
2023-10-25,417,North,24095,17850.0,17:31:00,17:21:52,17:21:52,25,3265,Mukilteo Ferry Terminal Bay 2,0.0,2.0
2023-10-25,417,North,24096,15802.0,17:22:00,17:22:15,17:22:15,0,640,4th Ave S & S Jackson St,2.0,0.0
2023-10-25,417,North,24096,15802.0,,17:22:49,17:22:57,1,635,4th Ave S & S Washington St,0.0,0.0
2023-10-25,417,North,24096,15802.0,,17:23:44,17:24:34,2,2638,4th Ave & Cherry St,0.0,0.0
2023-10-25,417,North,24096,15802.0,,17:27:01,17:28:16,3,641,4th Ave & Seneca St,5.0,0.0
2023-10-25,417,North,24096,15802.0,17:28:00,17:29:18,17:30:20,4,2976,4th Ave & Pine St,3.0,0.0
2023-10-25,417,North,24096,15802.0,,17:31:20,17:32:34,5,473,Olive Way & 6th Ave,5.0,0.0
2023-10-25,417,North,24096,15802.0,17:32:00,17:33:14,17:33:39,6,430,Howell St & 9th Ave,2.0,0.0
2023-10-25,417,North,24096,15802.0,,17:38:00,17:38:43,7,431,Howell St & Yale Ave,1.0,0.0
2023-10-25,417,North,24096,15802.0,,18:07:22,18:07:44,11,970,Hwy 525 & Lincoln Way,0.0,4.0
2023-10-25,417,North,24096,15802.0,18:14:00,18:10:22,18:10:43,12,966,Hwy 525 & Beverly Park Rd,0.0,3.0
2023-10-25,417,North,24096,15802.0,,18:11:47,18:12:15,13,969,Hwy 525 & Harbour Pointe Blvd SW,0.0,4.0
2023-10-25,417,North,24096,15802.0,,18:13:31,18:13:47,14,974,Hwy 525 & Chennault Beach Rd,0.0,2.0
2023-10-25,417,North,24096,15802.0,,18:14:41,18:15:00,15,975,Hwy 525 & Harbour Pointe Blvd,0.0,1.0
2023-10-25,417,North,24096,15802.0,18:22:00,18:16:32,18:16:51,16,965,Hwy 525 & 92nd St SW,0.0,0.0
2023-10-25,417,North,24096,15802.0,,18:18:55,18:18:55,17,964,Hwy 525 & 84th St SW,0.0,0.0
2023-10-25,417,North,24096,15802.0,,18:19:19,18:19:19,18,963,Hwy 525 & 80th St SW,0.0,0.0
2023-10-25,417,North,24096,15802.0,,18:19:47,18:20:07,19,973,Hwy 525 & 76th St SW,0.0,1.0
2023-10-25,417,North,24096,15802.0,,18:21:09,18:21:09,20,967,Hwy 525 & Clover Ln,0.0,0.0
2023-10-25,417,North,24096,15802.0,,18:21:36,18:21:36,21,972,Hwy 525 & 15th Pl,0.0,0.0
2023-10-25,417,North,24096,15802.0,,18:22:03,18:22:27,22,968,Hwy 525 & Goat Trail Rd,0.0,2.0
2023-10-25,417,North,24096,15802.0,,18:23:54,18:23:54,23,3280,Hwy 525 & 5th St,0.0,0.0
2023-10-25,417,North,24096,15802.0,,18:25:17,18:25:17,24,3274,1st St & Mukilteo Station,0.0,0.0
2023-10-25,417,North,24096,15802.0,18:31:00,18:26:15,18:26:15,25,3265,Mukilteo Ferry Terminal Bay 2,0.0,1.0
2023-10-25,417,North,24097,19821.0,17:55:00,17:55:35,17:55:35,0,640,4th Ave S & S Jackson St,1.0,0.0
2023-10-25,417,North,24097,19821.0,,17:56:13,17:56:21,1,635,4th Ave S & S Washington St,0.0,0.0
2023-10-25,417,North,24097,19821.0,,17:57:58,17:57:58,2,2638,4th Ave & Cherry St,0.0,0.0
2023-10-25,417,North,24097,19821.0,,17:59:33,17:59:45,3,641,4th Ave & Seneca St,0.0,0.0
2023-10-25,417,North,24097,19821.0,18:00:00,18:00:54,18:01:16,4,2976,4th Ave & Pine St,1.0,0.0
2023-10-25,417,North,24097,19821.0,,18:03:02,18:04:02,5,473,Olive Way & 6th Ave,2.0,0.0
2023-10-25,417,North,24097,19821.0,18:04:00,18:05:34,18:05:58,6,430,Howell St & 9th Ave,1.0,0.0
2023-10-25,417,North,24097,19821.0,,18:08:00,18:08:16,7,431,Howell St & Yale Ave,1.0,0.0
2023-10-25,417,North,24097,19821.0,,18:33:59,18:34:23,11,970,Hwy 525 & Lincoln Way,0.0,1.0
2023-10-25,417,North,24097,19821.0,18:38:00,18:36:01,18:36:17,12,966,Hwy 525 & Beverly Park Rd,0.0,3.0
2023-10-25,417,North,24097,19821.0,,18:37:20,18:37:37,13,969,Hwy 525 & Harbour Pointe Blvd SW,0.0,0.0
2023-10-25,417,North,24097,19821.0,,18:38:43,18:38:43,14,974,Hwy 525 & Chennault Beach Rd,0.0,0.0
2023-10-25,417,North,24097,19821.0,,18:39:39,18:39:39,15,975,Hwy 525 & Harbour Pointe Blvd,0.0,0.0
2023-10-25,417,North,24097,19821.0,18:46:00,18:41:26,18:41:46,16,965,Hwy 525 & 92nd St SW,0.0,2.0
2023-10-25,417,North,24097,19821.0,,18:42:41,18:42:41,17,964,Hwy 525 & 84th St SW,0.0,0.0
2023-10-25,417,North,24097,19821.0,,18:43:01,18:43:01,18,963,Hwy 525 & 80th St SW,0.0,0.0
2023-10-25,417,North,24097,19821.0,,18:43:20,18:43:20,19,973,Hwy 525 & 76th St SW,0.0,0.0
2023-10-25,417,North,24097,19821.0,,18:44:01,18:44:01,20,967,Hwy 525 & Clover Ln,0.0,0.0
2023-10-25,417,North,24097,19821.0,,18:44:26,18:44:26,21,972,Hwy 525 & 15th Pl,0.0,0.0
2023-10-25,417,North,24097,19821.0,,18:44:44,18:44:44,22,968,Hwy 525 & Goat Trail Rd,0.0,0.0
2023-10-25,417,North,24097,19821.0,,18:46:05,18:46:05,23,3280,Hwy 525 & 5th St,0.0,0.0
2023-10-25,417,North,24097,19821.0,,18:47:24,18:47:24,24,3274,1st St & Mukilteo Station,0.0,0.0
2023-10-25,417,North,24097,19821.0,18:55:00,18:48:17,18:48:17,25,3265,Mukilteo Ferry Terminal Bay 2,0.0,0.0
2023-10-25,417,South,24098,15813.0,05:51:00,05:51:36,05:51:36,0,3265,Mukilteo Ferry Terminal Bay 2,7.0,0.0
2023-10-25,417,South,24098,15813.0,,05:52:29,05:52:29,1,3275,1st St & Mukilteo Station,0.0,0.0
2023-10-25,417,South,24098,15813.0,,05:54:05,05:54:05,2,1455,Hwy 525 & 3rd St,0.0,0.0
2023-10-25,417,South,24098,15813.0,,05:54:13,05:54:13,3,3281,Hwy 525 & 5th St,0.0,0.0
2023-10-25,417,South,24098,15813.0,,05:55:00,05:55:00,4,1472,Hwy 525 & Goat Trail Rd,0.0,0.0
2023-10-25,417,South,24098,15813.0,,05:55:53,05:55:53,5,1470,Hwy 525 & Clover Ln,0.0,0.0
2023-10-25,417,South,24098,15813.0,,05:56:41,05:56:41,6,1468,Hwy 525 & 76th St SW,0.0,0.0
2023-10-25,417,South,24098,15813.0,,05:57:11,05:57:11,7,1469,Hwy 525 & 80th St SW,0.0,0.0
2023-10-25,417,South,24098,15813.0,,05:57:29,05:57:29,8,1456,Hwy 525 & 81st Pl SW,0.0,0.0
2023-10-25,417,South,24098,15813.0,,05:58:14,05:58:35,9,1457,Hwy 525 & 84th St SW,1.0,0.0
2023-10-25,417,South,24098,15813.0,,05:59:10,05:59:10,10,1458,Hwy 525 & 88th St SW,0.0,0.0
2023-10-25,417,South,24098,15813.0,05:58:00,05:59:46,06:00:12,11,1459,Hwy 525 & 92nd St SW,1.0,0.0
2023-10-25,417,South,24098,15813.0,,06:02:04,06:02:04,12,1466,Hwy 525 & Harbour Pointe Blvd,0.0,0.0
2023-10-25,417,South,24098,15813.0,,06:02:56,06:03:31,13,1461,Hwy 525 & Chennault Beach Rd,2.0,0.0
2023-10-25,417,South,24098,15813.0,,06:03:58,06:03:58,14,1464,Hwy 525 & Russell Rd,0.0,0.0
2023-10-25,417,South,24098,15813.0,,06:04:59,06:05:34,15,1462,Hwy 525 & Harbour Pointe Blvd SW,5.0,0.0
2023-10-25,417,South,24098,15813.0,06:05:00,06:07:29,06:07:56,16,1460,Hwy 525 & Beverly Park Rd,3.0,0.0
2023-10-25,417,South,24098,15813.0,,06:09:14,06:09:42,17,1467,Hwy 525 & Lincoln Way,1.0,0.0
2023-10-25,417,South,24098,15813.0,06:33:00,06:38:29,06:39:08,21,1909,Stewart St & 9th Ave,0.0,9.0
2023-10-25,417,South,24098,15813.0,,06:39:39,06:39:59,22,1908,Stewart St & 7th Ave,0.0,1.0
2023-10-25,417,South,24098,15813.0,,06:42:23,06:42:43,23,1907,Stewart St & 4th Ave,0.0,1.0
2023-10-25,417,South,24098,15813.0,,06:44:21,06:44:33,24,1079,2nd Ave & Stewart St,0.0,1.0
2023-10-25,417,South,24098,15813.0,06:41:00,06:45:51,06:46:41,25,2909,2nd Ave & Seneca St,0.0,5.0
2023-10-25,417,South,24098,15813.0,,06:47:32,06:47:49,26,2631,2nd Ave & Cherry St,0.0,2.0
2023-10-25,417,South,24098,15813.0,06:45:00,06:49:47,06:49:47,27,2349,2nd Ave Ext S & Yesler Way,0.0,1.0
2023-10-25,417,South,24099,19813.0,06:22:00,06:24:57,06:24:57,0,3265,Mukilteo Ferry Terminal Bay 2,1.0,0.0
2023-10-25,417,South,24099,19813.0,,,,1,3275,1st St & Mukilteo Station,,
2023-10-25,417,South,24099,19813.0,,06:25:56,06:25:56,2,1455,Hwy 525 & 3rd St,0.0,0.0
2023-10-25,417,South,24099,19813.0,,06:26:04,06:26:04,3,3281,Hwy 525 & 5th St,0.0,0.0
2023-10-25,417,South,24099,19813.0,,06:26:51,06:26:51,4,1472,Hwy 525 & Goat Trail Rd,0.0,0.0
2023-10-25,417,South,24099,19813.0,,06:27:53,06:27:53,5,1470,Hwy 525 & Clover Ln,0.0,0.0
2023-10-25,417,South,24099,19813.0,,06:28:42,06:28:42,6,1468,Hwy 525 & 76th St SW,0.0,0.0
2023-10-25,417,South,24099,19813.0,,06:29:19,06:29:19,7,1469,Hwy 525 & 80th St SW,0.0,0.0
2023-10-25,417,South,24099,19813.0,,06:29:35,06:29:35,8,1456,Hwy 525 & 81st Pl SW,0.0,0.0
2023-10-25,417,South,24099,19813.0,,06:30:10,06:30:28,9,1457,Hwy 525 & 84th St SW,1.0,0.0
2023-10-25,417,South,24099,19813.0,,06:31:05,06:31:05,10,1458,Hwy 525 & 88th St SW,0.0,0.0
2023-10-25,417,South,24099,19813.0,06:29:00,06:31:53,06:32:20,11,1459,Hwy 525 & 92nd St SW,1.0,0.0
2023-10-25,417,South,24099,19813.0,,06:35:02,06:35:02,12,1466,Hwy 525 & Harbour Pointe Blvd,0.0,0.0
2023-10-25,417,South,24099,19813.0,,06:35:48,06:35:48,13,1461,Hwy 525 & Chennault Beach Rd,0.0,0.0
2023-10-25,417,South,24099,19813.0,,06:36:11,06:36:11,14,1464,Hwy 525 & Russell Rd,0.0,0.0
2023-10-25,417,South,24099,19813.0,,06:37:37,06:38:12,15,1462,Hwy 525 & Harbour Pointe Blvd SW,4.0,0.0
2023-10-25,417,South,24099,19813.0,06:36:00,06:40:02,06:40:21,16,1460,Hwy 525 & Beverly Park Rd,2.0,0.0
2023-10-25,417,South,24099,19813.0,,06:41:34,06:42:12,17,1467,Hwy 525 & Lincoln Way,2.0,0.0
2023-10-25,417,South,24099,19813.0,07:08:00,07:17:35,07:18:03,21,1909,Stewart St & 9th Ave,0.0,6.0
2023-10-25,417,South,24099,19813.0,,07:18:30,07:18:49,22,1908,Stewart St & 7th Ave,0.0,2.0
2023-10-25,417,South,24099,19813.0,,07:20:02,07:20:16,23,1907,Stewart St & 4th Ave,0.0,1.0
2023-10-25,417,South,24099,19813.0,,07:21:50,07:22:00,24,1079,2nd Ave & Stewart St,0.0,0.0
2023-10-25,417,South,24099,19813.0,07:16:00,07:23:13,07:23:26,25,2909,2nd Ave & Seneca St,0.0,0.0
2023-10-25,417,South,24099,19813.0,,07:24:54,07:25:04,26,2631,2nd Ave & Cherry St,0.0,0.0
2023-10-25,417,South,24099,19813.0,07:20:00,07:26:22,07:26:22,27,2349,2nd Ave Ext S & Yesler Way,0.0,2.0
2023-10-25,417,South,24100,17860.0,06:52:00,06:52:20,06:52:20,0,3265,Mukilteo Ferry Terminal Bay 2,3.0,0.0
2023-10-25,417,South,24100,17860.0,,06:53:19,06:53:19,1,3275,1st St & Mukilteo Station,0.0,0.0
2023-10-25,417,South,24100,17860.0,,06:54:46,06:55:05,2,1455,Hwy 525 & 3rd St,1.0,0.0
2023-10-25,417,South,24100,17860.0,,06:55:22,06:55:22,3,3281,Hwy 525 & 5th St,0.0,0.0
2023-10-25,417,South,24100,17860.0,,06:56:10,06:56:10,4,1472,Hwy 525 & Goat Trail Rd,0.0,0.0
2023-10-25,417,South,24100,17860.0,,06:57:04,06:57:04,5,1470,Hwy 525 & Clover Ln,0.0,0.0
2023-10-25,417,South,24100,17860.0,,06:58:43,06:59:10,6,1468,Hwy 525 & 76th St SW,1.0,0.0
2023-10-25,417,South,24100,17860.0,,06:59:52,06:59:52,7,1469,Hwy 525 & 80th St SW,0.0,0.0
2023-10-25,417,South,24100,17860.0,,07:00:18,07:00:55,8,1456,Hwy 525 & 81st Pl SW,2.0,0.0
2023-10-25,417,South,24100,17860.0,,07:01:57,07:01:57,9,1457,Hwy 525 & 84th St SW,0.0,0.0
2023-10-25,417,South,24100,17860.0,,07:02:25,07:02:25,10,1458,Hwy 525 & 88th St SW,0.0,0.0
2023-10-25,417,South,24100,17860.0,07:00:00,07:03:33,07:04:07,11,1459,Hwy 525 & 92nd St SW,4.0,0.0
2023-10-25,417,South,24100,17860.0,,07:07:11,07:07:38,12,1466,Hwy 525 & Harbour Pointe Blvd,4.0,0.0
2023-10-25,417,South,24100,17860.0,,07:09:03,07:09:03,13,1461,Hwy 525 & Chennault Beach Rd,0.0,0.0
2023-10-25,417,South,24100,17860.0,,07:09:27,07:09:27,14,1464,Hwy 525 & Russell Rd,0.0,0.0
2023-10-25,417,South,24100,17860.0,,07:10:24,07:11:03,15,1462,Hwy 525 & Harbour Pointe Blvd SW,2.0,0.0
2023-10-25,417,South,24100,17860.0,07:09:00,07:13:21,07:14:04,16,1460,Hwy 525 & Beverly Park Rd,8.0,0.0
2023-10-25,417,South,24100,17860.0,,07:15:37,07:16:03,17,1467,Hwy 525 & Lincoln Way,1.0,0.0
2023-10-25,417,South,24100,17860.0,07:49:00,08:12:18,08:12:52,21,1909,Stewart St & 9th Ave,0.0,9.0
2023-10-25,417,South,24100,17860.0,,08:13:44,08:14:14,22,1908,Stewart St & 7th Ave,0.0,4.0
2023-10-25,417,South,24100,17860.0,,08:15:23,08:15:52,23,1907,Stewart St & 4th Ave,0.0,3.0
2023-10-25,417,South,24100,17860.0,,08:17:29,08:18:04,24,1079,2nd Ave & Stewart St,0.0,6.0
2023-10-25,417,South,24100,17860.0,07:57:00,08:19:05,08:19:36,25,2909,2nd Ave & Seneca St,0.0,3.0
2023-10-25,417,South,24100,17860.0,,08:20:17,08:20:17,26,2631,2nd Ave & Cherry St,0.0,0.0
2023-10-25,417,South,24100,17860.0,08:01:00,08:21:21,08:21:21,27,2349,2nd Ave Ext S & Yesler Way,0.0,1.0
2023-10-25,417,South,24101,15813.0,07:53:00,07:53:35,07:53:35,0,3265,Mukilteo Ferry Terminal Bay 2,3.0,0.0
2023-10-25,417,South,24101,15813.0,,07:54:31,07:54:31,1,3275,1st St & Mukilteo Station,0.0,0.0
2023-10-25,417,South,24101,15813.0,,07:56:12,07:56:12,2,1455,Hwy 525 & 3rd St,0.0,0.0
2023-10-25,417,South,24101,15813.0,,07:56:28,07:56:28,3,3281,Hwy 525 & 5th St,0.0,0.0
2023-10-25,417,South,24101,15813.0,,07:57:18,07:57:57,4,1472,Hwy 525 & Goat Trail Rd,1.0,0.0
2023-10-25,417,South,24101,15813.0,,08:00:23,08:00:23,5,1470,Hwy 525 & Clover Ln,0.0,0.0
2023-10-25,417,South,24101,15813.0,,08:02:11,08:02:37,6,1468,Hwy 525 & 76th St SW,2.0,0.0
2023-10-25,417,South,24101,15813.0,,08:03:23,08:03:23,7,1469,Hwy 525 & 80th St SW,0.0,0.0
2023-10-25,417,South,24101,15813.0,,08:03:52,08:04:14,8,1456,Hwy 525 & 81st Pl SW,1.0,0.0
2023-10-25,417,South,24101,15813.0,,08:04:51,08:05:10,9,1457,Hwy 525 & 84th St SW,2.0,0.0
2023-10-25,417,South,24101,15813.0,,08:05:43,08:05:43,10,1458,Hwy 525 & 88th St SW,0.0,0.0
2023-10-25,417,South,24101,15813.0,08:02:00,08:06:18,08:06:57,11,1459,Hwy 525 & 92nd St SW,2.0,0.0
2023-10-25,417,South,24101,15813.0,,08:10:01,08:10:19,12,1466,Hwy 525 & Harbour Pointe Blvd,1.0,0.0
2023-10-25,417,South,24101,15813.0,,08:11:28,08:11:46,13,1461,Hwy 525 & Chennault Beach Rd,1.0,0.0
2023-10-25,417,South,24101,15813.0,,08:12:15,08:12:15,14,1464,Hwy 525 & Russell Rd,0.0,0.0
2023-10-25,417,South,24101,15813.0,,08:13:21,08:13:55,15,1462,Hwy 525 & Harbour Pointe Blvd SW,3.0,0.0
2023-10-25,417,South,24101,15813.0,08:11:00,08:15:24,08:16:14,16,1460,Hwy 525 & Beverly Park Rd,6.0,0.0
2023-10-25,417,South,24101,15813.0,,08:17:25,08:19:01,17,1467,Hwy 525 & Lincoln Way,11.0,0.0
2023-10-25,417,South,24101,15813.0,08:53:00,09:13:03,09:14:16,21,1909,Stewart St & 9th Ave,0.0,15.0
2023-10-25,417,South,24101,15813.0,,09:15:11,09:15:45,22,1908,Stewart St & 7th Ave,0.0,10.0
2023-10-25,417,South,24101,15813.0,,09:16:54,09:17:21,23,1907,Stewart St & 4th Ave,0.0,3.0
2023-10-25,417,South,24101,15813.0,,09:19:05,09:19:23,24,1079,2nd Ave & Stewart St,0.0,1.0
2023-10-25,417,South,24101,15813.0,09:04:00,09:21:34,09:22:41,25,2909,2nd Ave & Seneca St,0.0,1.0
2023-10-25,417,South,24101,15813.0,,09:24:57,09:25:21,26,2631,2nd Ave & Cherry St,0.0,2.0
2023-10-25,417,South,24101,15813.0,09:10:00,09:26:42,09:26:42,27,2349,2nd Ave Ext S & Yesler Way,0.0,1.0
2023-10-26,417,North,24094,19816.0,15:11:00,15:10:44,15:10:44,0,640,4th Ave S & S Jackson St,2.0,0.0
2023-10-26,417,North,24094,19816.0,,15:11:28,15:11:28,1,635,4th Ave S & S Washington St,0.0,0.0
2023-10-26,417,North,24094,19816.0,,15:12:51,15:13:13,2,2638,4th Ave & Cherry St,1.0,0.0
2023-10-26,417,North,24094,19816.0,,15:14:32,15:14:48,3,641,4th Ave & Seneca St,0.0,0.0
2023-10-26,417,North,24094,19816.0,15:17:00,15:15:56,15:16:41,4,2976,4th Ave & Pine St,3.0,0.0
2023-10-26,417,North,24094,19816.0,,15:18:09,15:19:07,5,473,Olive Way & 6th Ave,7.0,0.0
2023-10-26,417,North,24094,19816.0,15:21:00,15:20:43,15:21:10,6,430,Howell St & 9th Ave,3.0,0.0
2023-10-26,417,North,24094,19816.0,,15:25:57,15:26:11,7,431,Howell St & Yale Ave,1.0,0.0
2023-10-26,417,North,24094,19816.0,,15:53:05,15:53:22,11,970,Hwy 525 & Lincoln Way,0.0,3.0
2023-10-26,417,North,24094,19816.0,16:06:00,15:55:32,15:55:32,12,966,Hwy 525 & Beverly Park Rd,0.0,0.0
2023-10-26,417,North,24094,19816.0,,15:56:31,15:56:50,13,969,Hwy 525 & Harbour Pointe Blvd SW,0.0,5.0
2023-10-26,417,North,24094,19816.0,,15:58:14,15:58:14,14,974,Hwy 525 & Chennault Beach Rd,0.0,0.0
2023-10-26,417,North,24094,19816.0,,15:59:52,16:00:17,15,975,Hwy 525 & Harbour Pointe Blvd,0.0,2.0
2023-10-26,417,North,24094,19816.0,16:16:00,16:02:24,16:02:48,16,965,Hwy 525 & 92nd St SW,0.0,1.0
2023-10-26,417,North,24094,19816.0,,16:04:51,16:04:51,17,964,Hwy 525 & 84th St SW,0.0,0.0
2023-10-26,417,North,24094,19816.0,,16:05:15,16:05:15,18,963,Hwy 525 & 80th St SW,0.0,0.0
2023-10-26,417,North,24094,19816.0,,16:05:36,16:05:36,19,973,Hwy 525 & 76th St SW,0.0,0.0
2023-10-26,417,North,24094,19816.0,,16:06:24,16:06:24,20,967,Hwy 525 & Clover Ln,0.0,0.0
2023-10-26,417,North,24094,19816.0,,16:06:49,16:06:49,21,972,Hwy 525 & 15th Pl,0.0,0.0
2023-10-26,417,North,24094,19816.0,,16:07:08,16:07:08,22,968,Hwy 525 & Goat Trail Rd,0.0,0.0
2023-10-26,417,North,24094,19816.0,,16:08:40,16:08:40,23,3280,Hwy 525 & 5th St,0.0,0.0
2023-10-26,417,North,24094,19816.0,,16:10:01,16:10:01,24,3274,1st St & Mukilteo Station,0.0,0.0
2023-10-26,417,North,24094,19816.0,16:30:00,16:10:55,16:10:55,25,3265,Mukilteo Ferry Terminal Bay 2,1.0,7.0
2023-10-26,417,North,24095,17850.0,16:11:00,16:13:04,16:13:04,0,640,4th Ave S & S Jackson St,2.0,0.0
2023-10-26,417,North,24095,17850.0,,16:13:51,16:13:51,1,635,4th Ave S & S Washington St,0.0,0.0
2023-10-26,417,North,24095,17850.0,,16:14:46,16:15:08,2,2638,4th Ave & Cherry St,1.0,0.0
2023-10-26,417,North,24095,17850.0,,16:17:38,16:18:06,3,641,4th Ave & Seneca St,3.0,0.0
2023-10-26,417,North,24095,17850.0,16:17:00,16:19:20,16:19:58,4,2976,4th Ave & Pine St,3.0,0.0
2023-10-26,417,North,24095,17850.0,,16:21:03,16:22:03,5,473,Olive Way & 6th Ave,2.0,0.0
2023-10-26,417,North,24095,17850.0,16:21:00,16:23:37,16:24:30,6,430,Howell St & 9th Ave,8.0,0.0
2023-10-26,417,North,24095,17850.0,,16:27:28,16:28:19,7,431,Howell St & Yale Ave,5.0,0.0
2023-10-26,417,North,24095,17850.0,,16:59:05,16:59:34,11,970,Hwy 525 & Lincoln Way,0.0,2.0
2023-10-26,417,North,24095,17850.0,17:08:00,17:01:56,17:02:30,12,966,Hwy 525 & Beverly Park Rd,0.0,7.0
2023-10-26,417,North,24095,17850.0,,17:03:49,17:04:19,13,969,Hwy 525 & Harbour Pointe Blvd SW,0.0,4.0
2023-10-26,417,North,24095,17850.0,,17:06:05,17:06:21,14,974,Hwy 525 & Chennault Beach Rd,0.0,0.0
2023-10-26,417,North,24095,17850.0,,17:07:20,17:07:20,15,975,Hwy 525 & Harbour Pointe Blvd,0.0,0.0
2023-10-26,417,North,24095,17850.0,17:18:00,17:09:20,17:09:52,16,965,Hwy 525 & 92nd St SW,0.0,3.0
2023-10-26,417,North,24095,17850.0,,17:11:45,17:12:00,17,964,Hwy 525 & 84th St SW,0.0,1.0
2023-10-26,417,North,24095,17850.0,,17:12:27,17:12:27,18,963,Hwy 525 & 80th St SW,0.0,0.0
2023-10-26,417,North,24095,17850.0,,17:12:54,17:13:12,19,973,Hwy 525 & 76th St SW,1.0,0.0
2023-10-26,417,North,24095,17850.0,,17:14:00,17:14:00,20,967,Hwy 525 & Clover Ln,0.0,0.0
2023-10-26,417,North,24095,17850.0,,17:14:26,17:14:26,21,972,Hwy 525 & 15th Pl,0.0,0.0
2023-10-26,417,North,24095,17850.0,,17:14:51,17:15:14,22,968,Hwy 525 & Goat Trail Rd,0.0,1.0
2023-10-26,417,North,24095,17850.0,,17:17:19,17:17:41,23,3280,Hwy 525 & 5th St,0.0,4.0
2023-10-26,417,North,24095,17850.0,,17:19:27,17:19:27,24,3274,1st St & Mukilteo Station,0.0,0.0
2023-10-26,417,North,24095,17850.0,17:31:00,17:20:28,17:20:28,25,3265,Mukilteo Ferry Terminal Bay 2,0.0,3.0
2023-10-26,417,North,24096,15821.0,17:22:00,17:22:59,17:22:59,0,640,4th Ave S & S Jackson St,1.0,0.0
2023-10-26,417,North,24096,15821.0,,17:24:24,17:24:55,1,635,4th Ave S & S Washington St,0.0,1.0
2023-10-26,417,North,24096,15821.0,,17:26:32,17:26:40,2,2638,4th Ave & Cherry St,0.0,0.0
2023-10-26,417,North,24096,15821.0,,17:28:46,17:29:45,3,641,4th Ave & Seneca St,2.0,0.0
2023-10-26,417,North,24096,15821.0,17:28:00,17:31:02,17:31:50,4,2976,4th Ave & Pine St,2.0,0.0
2023-10-26,417,North,24096,15821.0,,17:32:50,17:33:23,5,473,Olive Way & 6th Ave,3.0,0.0
2023-10-26,417,North,24096,15821.0,17:32:00,17:34:44,17:35:32,6,430,Howell St & 9th Ave,3.0,0.0
2023-10-26,417,North,24096,15821.0,,17:38:01,17:38:35,7,431,Howell St & Yale Ave,1.0,0.0
2023-10-26,417,North,24096,15821.0,,18:05:46,18:06:13,11,970,Hwy 525 & Lincoln Way,0.0,1.0
2023-10-26,417,North,24096,15821.0,18:14:00,18:10:11,18:10:41,12,966,Hwy 525 & Beverly Park Rd,0.0,4.0
2023-10-26,417,North,24096,15821.0,,18:12:15,18:12:27,13,969,Hwy 525 & Harbour Pointe Blvd SW,0.0,1.0
2023-10-26,417,North,24096,15821.0,,18:15:01,18:15:01,14,974,Hwy 525 & Chennault Beach Rd,0.0,0.0
2023-10-26,417,North,24096,15821.0,,18:16:06,18:16:06,15,975,Hwy 525 & Harbour Pointe Blvd,0.0,0.0
2023-10-26,417,North,24096,15821.0,18:22:00,18:18:06,18:18:26,16,965,Hwy 525 & 92nd St SW,0.0,2.0
2023-10-26,417,North,24096,15821.0,,18:20:11,18:20:30,17,964,Hwy 525 & 84th St SW,0.0,1.0
2023-10-26,417,North,24096,15821.0,,18:21:07,18:21:07,18,963,Hwy 525 & 80th St SW,0.0,0.0
2023-10-26,417,North,24096,15821.0,,18:21:30,18:21:30,19,973,Hwy 525 & 76th St SW,0.0,0.0
2023-10-26,417,North,24096,15821.0,,18:22:17,18:22:17,20,967,Hwy 525 & Clover Ln,0.0,0.0
2023-10-26,417,North,24096,15821.0,,18:22:43,18:22:43,21,972,Hwy 525 & 15th Pl,0.0,0.0
2023-10-26,417,North,24096,15821.0,,18:23:04,18:23:04,22,968,Hwy 525 & Goat Trail Rd,0.0,0.0
2023-10-26,417,North,24096,15821.0,,18:24:05,18:24:05,23,3280,Hwy 525 & 5th St,0.0,0.0
2023-10-26,417,North,24096,15821.0,,18:25:44,18:25:57,24,3274,1st St & Mukilteo Station,0.0,2.0
2023-10-26,417,North,24096,15821.0,18:31:00,18:27:14,18:27:14,25,3265,Mukilteo Ferry Terminal Bay 2,0.0,0.0
2023-10-26,417,North,24097,19818.0,17:55:00,17:56:30,17:56:30,0,640,4th Ave S & S Jackson St,0.0,0.0
2023-10-26,417,North,24097,19818.0,,17:57:22,17:57:22,1,635,4th Ave S & S Washington St,0.0,0.0
2023-10-26,417,North,24097,19818.0,,17:58:06,17:58:15,2,2638,4th Ave & Cherry St,0.0,0.0
2023-10-26,417,North,24097,19818.0,,17:59:58,18:00:19,3,641,4th Ave & Seneca St,1.0,0.0
2023-10-26,417,North,24097,19818.0,18:00:00,18:01:22,18:01:50,4,2976,4th Ave & Pine St,2.0,0.0
2023-10-26,417,North,24097,19818.0,,18:02:52,18:04:02,5,473,Olive Way & 6th Ave,0.0,0.0
2023-10-26,417,North,24097,19818.0,18:04:00,18:05:35,18:06:07,6,430,Howell St & 9th Ave,2.0,0.0
2023-10-26,417,North,24097,19818.0,,18:08:02,18:08:11,7,431,Howell St & Yale Ave,0.0,0.0
2023-10-26,417,North,24097,19818.0,,18:32:51,18:32:51,11,970,Hwy 525 & Lincoln Way,0.0,0.0
2023-10-26,417,North,24097,19818.0,18:38:00,18:34:49,18:34:49,12,966,Hwy 525 & Beverly Park Rd,0.0,0.0
2023-10-26,417,North,24097,19818.0,,18:35:38,18:35:38,13,969,Hwy 525 & Harbour Pointe Blvd SW,0.0,0.0
2023-10-26,417,North,24097,19818.0,,18:37:10,18:37:10,14,974,Hwy 525 & Chennault Beach Rd,0.0,0.0
2023-10-26,417,North,24097,19818.0,,18:37:47,18:37:47,15,975,Hwy 525 & Harbour Pointe Blvd,0.0,0.0
2023-10-26,417,North,24097,19818.0,18:46:00,18:40:10,18:41:01,16,965,Hwy 525 & 92nd St SW,0.0,3.0
2023-10-26,417,North,24097,19818.0,,18:42:27,18:42:27,17,964,Hwy 525 & 84th St SW,0.0,0.0
2023-10-26,417,North,24097,19818.0,,18:42:53,18:42:53,18,963,Hwy 525 & 80th St SW,0.0,0.0
2023-10-26,417,North,24097,19818.0,,18:43:13,18:43:13,19,973,Hwy 525 & 76th St SW,0.0,0.0
2023-10-26,417,North,24097,19818.0,,18:44:01,18:44:01,20,967,Hwy 525 & Clover Ln,0.0,0.0
2023-10-26,417,North,24097,19818.0,,18:44:28,18:44:28,21,972,Hwy 525 & 15th Pl,0.0,0.0
2023-10-26,417,North,24097,19818.0,,18:44:44,18:44:44,22,968,Hwy 525 & Goat Trail Rd,0.0,0.0
2023-10-26,417,North,24097,19818.0,,18:46:17,18:46:17,23,3280,Hwy 525 & 5th St,0.0,0.0
2023-10-26,417,North,24097,19818.0,,18:47:37,18:47:37,24,3274,1st St & Mukilteo Station,0.0,0.0
2023-10-26,417,North,24097,19818.0,18:55:00,18:48:34,18:48:34,25,3265,Mukilteo Ferry Terminal Bay 2,0.0,2.0
2023-10-26,417,South,24098,15814.0,05:51:00,05:51:37,05:51:37,0,3265,Mukilteo Ferry Terminal Bay 2,7.0,0.0
2023-10-26,417,South,24098,15814.0,,05:52:33,05:52:33,1,3275,1st St & Mukilteo Station,0.0,0.0
2023-10-26,417,South,24098,15814.0,,05:54:00,05:54:00,2,1455,Hwy 525 & 3rd St,0.0,0.0
2023-10-26,417,South,24098,15814.0,,05:54:09,05:54:09,3,3281,Hwy 525 & 5th St,0.0,0.0
2023-10-26,417,South,24098,15814.0,,05:54:54,05:54:54,4,1472,Hwy 525 & Goat Trail Rd,0.0,0.0
2023-10-26,417,South,24098,15814.0,,05:55:46,05:55:46,5,1470,Hwy 525 & Clover Ln,0.0,0.0
2023-10-26,417,South,24098,15814.0,,05:56:31,05:56:31,6,1468,Hwy 525 & 76th St SW,0.0,0.0
2023-10-26,417,South,24098,15814.0,,05:57:00,05:57:00,7,1469,Hwy 525 & 80th St SW,0.0,0.0
2023-10-26,417,South,24098,15814.0,,05:57:17,05:57:17,8,1456,Hwy 525 & 81st Pl SW,0.0,0.0
2023-10-26,417,South,24098,15814.0,,05:58:04,05:58:36,9,1457,Hwy 525 & 84th St SW,2.0,0.0
2023-10-26,417,South,24098,15814.0,,05:59:10,05:59:10,10,1458,Hwy 525 & 88th St SW,0.0,0.0
2023-10-26,417,South,24098,15814.0,05:58:00,05:59:47,06:00:17,11,1459,Hwy 525 & 92nd St SW,2.0,0.0
2023-10-26,417,South,24098,15814.0,,06:01:55,06:01:55,12,1466,Hwy 525 & Harbour Pointe Blvd,0.0,0.0
2023-10-26,417,South,24098,15814.0,,06:02:52,06:03:20,13,1461,Hwy 525 & Chennault Beach Rd,1.0,0.0
2023-10-26,417,South,24098,15814.0,,06:03:47,06:03:47,14,1464,Hwy 525 & Russell Rd,0.0,0.0
2023-10-26,417,South,24098,15814.0,,06:04:47,06:05:15,15,1462,Hwy 525 & Harbour Pointe Blvd SW,4.0,0.0
2023-10-26,417,South,24098,15814.0,06:05:00,06:08:03,06:08:28,16,1460,Hwy 525 & Beverly Park Rd,2.0,0.0
2023-10-26,417,South,24098,15814.0,,06:09:36,06:10:07,17,1467,Hwy 525 & Lincoln Way,1.0,0.0
2023-10-26,417,South,24098,15814.0,06:33:00,06:33:15,06:33:44,21,1909,Stewart St & 9th Ave,0.0,7.0
2023-10-26,417,South,24098,15814.0,,06:34:37,06:35:17,22,1908,Stewart St & 7th Ave,0.0,4.0
2023-10-26,417,South,24098,15814.0,,06:36:18,06:36:35,23,1907,Stewart St & 4th Ave,0.0,2.0
2023-10-26,417,South,24098,15814.0,,06:38:18,06:38:30,24,1079,2nd Ave & Stewart St,0.0,1.0
2023-10-26,417,South,24098,15814.0,06:41:00,06:39:45,06:40:36,25,2909,2nd Ave & Seneca St,0.0,0.0
2023-10-26,417,South,24098,15814.0,,06:41:28,06:41:43,26,2631,2nd Ave & Cherry St,0.0,2.0
2023-10-26,417,South,24098,15814.0,06:45:00,06:42:59,06:42:59,27,2349,2nd Ave Ext S & Yesler Way,0.0,3.0
2023-10-26,417,South,24099,19821.0,06:22:00,06:25:45,06:25:45,0,3265,Mukilteo Ferry Terminal Bay 2,1.0,0.0
2023-10-26,417,South,24099,19821.0,,,,1,3275,1st St & Mukilteo Station,,
2023-10-26,417,South,24099,19821.0,,06:27:23,06:27:23,2,1455,Hwy 525 & 3rd St,0.0,0.0
2023-10-26,417,South,24099,19821.0,,06:27:32,06:27:32,3,3281,Hwy 525 & 5th St,0.0,0.0
2023-10-26,417,South,24099,19821.0,,06:28:18,06:28:32,4,1472,Hwy 525 & Goat Trail Rd,1.0,0.0
2023-10-26,417,South,24099,19821.0,,06:29:37,06:29:37,5,1470,Hwy 525 & Clover Ln,0.0,0.0
2023-10-26,417,South,24099,19821.0,,06:30:27,06:30:27,6,1468,Hwy 525 & 76th St SW,0.0,0.0
2023-10-26,417,South,24099,19821.0,,06:31:02,06:31:02,7,1469,Hwy 525 & 80th St SW,0.0,0.0
2023-10-26,417,South,24099,19821.0,,06:31:22,06:31:22,8,1456,Hwy 525 & 81st Pl SW,0.0,0.0
2023-10-26,417,South,24099,19821.0,,06:31:51,06:32:09,9,1457,Hwy 525 & 84th St SW,0.0,0.0
2023-10-26,417,South,24099,19821.0,,06:32:45,06:32:45,10,1458,Hwy 525 & 88th St SW,0.0,0.0
2023-10-26,417,South,24099,19821.0,06:29:00,06:33:26,06:33:48,11,1459,Hwy 525 & 92nd St SW,1.0,0.0
2023-10-26,417,South,24099,19821.0,,06:36:20,06:36:20,12,1466,Hwy 525 & Harbour Pointe Blvd,0.0,0.0
2023-10-26,417,South,24099,19821.0,,06:37:05,06:37:05,13,1461,Hwy 525 & Chennault Beach Rd,0.0,0.0
2023-10-26,417,South,24099,19821.0,,06:37:26,06:37:26,14,1464,Hwy 525 & Russell Rd,0.0,0.0
2023-10-26,417,South,24099,19821.0,,06:38:31,06:38:52,15,1462,Hwy 525 & Harbour Pointe Blvd SW,1.0,0.0
2023-10-26,417,South,24099,19821.0,06:36:00,06:40:47,06:41:17,16,1460,Hwy 525 & Beverly Park Rd,1.0,0.0
2023-10-26,417,South,24099,19821.0,,06:42:34,06:42:34,17,1467,Hwy 525 & Lincoln Way,0.0,0.0
2023-10-26,417,South,24099,19821.0,07:08:00,07:11:55,07:12:10,21,1909,Stewart St & 9th Ave,0.0,2.0
2023-10-26,417,South,24099,19821.0,,07:12:38,07:12:58,22,1908,Stewart St & 7th Ave,0.0,3.0
2023-10-26,417,South,24099,19821.0,,07:14:14,07:14:29,23,1907,Stewart St & 4th Ave,0.0,0.0
2023-10-26,417,South,24099,19821.0,,07:15:55,07:16:06,24,1079,2nd Ave & Stewart St,0.0,0.0
2023-10-26,417,South,24099,19821.0,07:16:00,07:17:15,07:17:27,25,2909,2nd Ave & Seneca St,0.0,0.0
2023-10-26,417,South,24099,19821.0,,07:18:52,07:19:01,26,2631,2nd Ave & Cherry St,0.0,0.0
2023-10-26,417,South,24099,19821.0,07:20:00,07:19:48,07:19:48,27,2349,2nd Ave Ext S & Yesler Way,0.0,0.0
2023-10-26,417,South,24100,15813.0,06:52:00,06:54:07,06:54:07,0,3265,Mukilteo Ferry Terminal Bay 2,3.0,0.0
2023-10-26,417,South,24100,15813.0,,06:55:10,06:55:27,1,3275,1st St & Mukilteo Station,1.0,0.0
2023-10-26,417,South,24100,15813.0,,06:57:20,06:57:20,2,1455,Hwy 525 & 3rd St,0.0,0.0
2023-10-26,417,South,24100,15813.0,,06:57:30,06:57:30,3,3281,Hwy 525 & 5th St,0.0,0.0
2023-10-26,417,South,24100,15813.0,,06:58:18,06:58:18,4,1472,Hwy 525 & Goat Trail Rd,0.0,0.0
2023-10-26,417,South,24100,15813.0,,06:59:21,06:59:21,5,1470,Hwy 525 & Clover Ln,0.0,0.0
2023-10-26,417,South,24100,15813.0,,07:00:17,07:00:51,6,1468,Hwy 525 & 76th St SW,1.0,0.0
2023-10-26,417,South,24100,15813.0,,07:01:35,07:01:35,7,1469,Hwy 525 & 80th St SW,0.0,0.0
2023-10-26,417,South,24100,15813.0,,07:02:04,07:02:58,8,1456,Hwy 525 & 81st Pl SW,2.0,0.0
2023-10-26,417,South,24100,15813.0,,07:03:48,07:03:48,9,1457,Hwy 525 & 84th St SW,0.0,0.0
2023-10-26,417,South,24100,15813.0,,07:04:19,07:04:19,10,1458,Hwy 525 & 88th St SW,0.0,0.0
2023-10-26,417,South,24100,15813.0,07:00:00,07:05:01,07:05:23,11,1459,Hwy 525 & 92nd St SW,2.0,0.0
2023-10-26,417,South,24100,15813.0,,07:08:51,07:09:25,12,1466,Hwy 525 & Harbour Pointe Blvd,3.0,0.0
2023-10-26,417,South,24100,15813.0,,07:10:38,07:10:38,13,1461,Hwy 525 & Chennault Beach Rd,0.0,0.0
2023-10-26,417,South,24100,15813.0,,07:11:05,07:11:05,14,1464,Hwy 525 & Russell Rd,0.0,0.0
2023-10-26,417,South,24100,15813.0,,07:12:07,07:12:49,15,1462,Hwy 525 & Harbour Pointe Blvd SW,5.0,0.0
2023-10-26,417,South,24100,15813.0,07:09:00,07:14:15,07:15:23,16,1460,Hwy 525 & Beverly Park Rd,4.0,0.0
2023-10-26,417,South,24100,15813.0,,07:16:50,07:17:10,17,1467,Hwy 525 & Lincoln Way,1.0,0.0
2023-10-26,417,South,24100,15813.0,07:49:00,08:02:52,08:03:20,21,1909,Stewart St & 9th Ave,0.0,8.0
2023-10-26,417,South,24100,15813.0,,08:04:44,08:05:12,22,1908,Stewart St & 7th Ave,0.0,6.0
2023-10-26,417,South,24100,15813.0,,08:07:56,08:08:13,23,1907,Stewart St & 4th Ave,0.0,1.0
2023-10-26,417,South,24100,15813.0,,08:10:01,08:10:32,24,1079,2nd Ave & Stewart St,0.0,3.0
2023-10-26,417,South,24100,15813.0,07:57:00,08:12:58,08:13:25,25,2909,2nd Ave & Seneca St,0.0,4.0
2023-10-26,417,South,24100,15813.0,,08:14:34,08:14:34,26,2631,2nd Ave & Cherry St,0.0,0.0
2023-10-26,417,South,24100,15813.0,08:01:00,08:15:30,08:15:30,27,2349,2nd Ave Ext S & Yesler Way,0.0,0.0
2023-10-26,417,South,24101,15814.0,07:53:00,07:54:12,07:54:12,0,3265,Mukilteo Ferry Terminal Bay 2,6.0,0.0
2023-10-26,417,South,24101,15814.0,,07:55:07,07:55:07,1,3275,1st St & Mukilteo Station,0.0,0.0
2023-10-26,417,South,24101,15814.0,,07:56:51,07:56:51,2,1455,Hwy 525 & 3rd St,0.0,0.0
2023-10-26,417,South,24101,15814.0,,07:57:06,07:57:06,3,3281,Hwy 525 & 5th St,0.0,0.0
2023-10-26,417,South,24101,15814.0,,07:57:55,07:58:37,4,1472,Hwy 525 & Goat Trail Rd,1.0,0.0
2023-10-26,417,South,24101,15814.0,,07:59:38,07:59:38,5,1470,Hwy 525 & Clover Ln,0.0,0.0
2023-10-26,417,South,24101,15814.0,,08:00:41,08:00:41,6,1468,Hwy 525 & 76th St SW,0.0,0.0
2023-10-26,417,South,24101,15814.0,,08:01:16,08:01:16,7,1469,Hwy 525 & 80th St SW,0.0,0.0
2023-10-26,417,South,24101,15814.0,,08:01:31,08:01:31,8,1456,Hwy 525 & 81st Pl SW,0.0,0.0
2023-10-26,417,South,24101,15814.0,,08:02:04,08:02:28,9,1457,Hwy 525 & 84th St SW,1.0,0.0
2023-10-26,417,South,24101,15814.0,,08:03:04,08:03:40,10,1458,Hwy 525 & 88th St SW,1.0,0.0
2023-10-26,417,South,24101,15814.0,08:02:00,08:04:21,08:04:42,11,1459,Hwy 525 & 92nd St SW,1.0,0.0
2023-10-26,417,South,24101,15814.0,,08:06:34,08:06:53,12,1466,Hwy 525 & Harbour Pointe Blvd,2.0,0.0
2023-10-26,417,South,24101,15814.0,,08:07:52,08:07:52,13,1461,Hwy 525 & Chennault Beach Rd,0.0,0.0
2023-10-26,417,South,24101,15814.0,,08:08:14,08:08:14,14,1464,Hwy 525 & Russell Rd,0.0,0.0
2023-10-26,417,South,24101,15814.0,,08:09:39,08:10:02,15,1462,Hwy 525 & Harbour Pointe Blvd SW,1.0,0.0
2023-10-26,417,South,24101,15814.0,08:11:00,08:12:00,08:12:35,16,1460,Hwy 525 & Beverly Park Rd,6.0,0.0
2023-10-26,417,South,24101,15814.0,,08:13:45,08:14:20,17,1467,Hwy 525 & Lincoln Way,2.0,0.0
2023-10-26,417,South,24101,15814.0,08:53:00,09:06:51,09:07:24,21,1909,Stewart St & 9th Ave,0.0,11.0
2023-10-26,417,South,24101,15814.0,,09:07:57,09:08:22,22,1908,Stewart St & 7th Ave,0.0,3.0
2023-10-26,417,South,24101,15814.0,,09:10:46,09:11:07,23,1907,Stewart St & 4th Ave,0.0,3.0
2023-10-26,417,South,24101,15814.0,,09:12:53,09:13:29,24,1079,2nd Ave & Stewart St,0.0,1.0
2023-10-26,417,South,24101,15814.0,09:04:00,09:15:23,09:15:37,25,2909,2nd Ave & Seneca St,0.0,1.0
2023-10-26,417,South,24101,15814.0,,09:16:19,09:16:19,26,2631,2nd Ave & Cherry St,0.0,0.0
2023-10-26,417,South,24101,15814.0,09:10:00,09:16:52,09:16:52,27,2349,2nd Ave Ext S & Yesler Way,0.0,2.0
2023-10-27,417,North,24094,19817.0,15:11:00,15:10:44,15:10:44,0,640,4th Ave S & S Jackson St,3.0,0.0
2023-10-27,417,North,24094,19817.0,,15:11:28,15:11:28,1,635,4th Ave S & S Washington St,0.0,0.0
2023-10-27,417,North,24094,19817.0,,15:12:57,15:13:25,2,2638,4th Ave & Cherry St,3.0,0.0
2023-10-27,417,North,24094,19817.0,,15:16:12,15:16:47,3,641,4th Ave & Seneca St,3.0,0.0
2023-10-27,417,North,24094,19817.0,15:17:00,15:18:40,15:18:40,4,2976,4th Ave & Pine St,0.0,0.0
2023-10-27,417,North,24094,19817.0,,15:21:01,15:21:26,5,473,Olive Way & 6th Ave,3.0,0.0
2023-10-27,417,North,24094,19817.0,15:21:00,15:23:32,15:23:54,6,430,Howell St & 9th Ave,2.0,0.0
2023-10-27,417,North,24094,19817.0,,15:28:09,15:28:37,7,431,Howell St & Yale Ave,1.0,0.0
2023-10-27,417,North,24094,19817.0,,15:57:19,15:57:50,11,970,Hwy 525 & Lincoln Way,0.0,2.0
2023-10-27,417,North,24094,19817.0,16:06:00,16:00:05,16:00:25,12,966,Hwy 525 & Beverly Park Rd,0.0,2.0
2023-10-27,417,North,24094,19817.0,,16:02:10,16:02:28,13,969,Hwy 525 & Harbour Pointe Blvd SW,0.0,3.0
2023-10-27,417,North,24094,19817.0,,16:04:57,16:05:19,14,974,Hwy 525 & Chennault Beach Rd,0.0,2.0
2023-10-27,417,North,24094,19817.0,,16:07:52,16:07:52,15,975,Hwy 525 & Harbour Pointe Blvd,0.0,0.0
2023-10-27,417,North,24094,19817.0,16:16:00,16:10:03,16:10:03,16,965,Hwy 525 & 92nd St SW,0.0,0.0
2023-10-27,417,North,24094,19817.0,,16:11:07,16:11:24,17,964,Hwy 525 & 84th St SW,0.0,1.0
2023-10-27,417,North,24094,19817.0,,16:11:58,16:11:58,18,963,Hwy 525 & 80th St SW,0.0,0.0
2023-10-27,417,North,24094,19817.0,,16:12:28,16:12:45,19,973,Hwy 525 & 76th St SW,0.0,1.0
2023-10-27,417,North,24094,19817.0,,16:13:42,16:13:55,20,967,Hwy 525 & Clover Ln,1.0,0.0
2023-10-27,417,North,24094,19817.0,,16:14:26,16:14:26,21,972,Hwy 525 & 15th Pl,0.0,0.0
2023-10-27,417,North,24094,19817.0,,16:14:46,16:14:46,22,968,Hwy 525 & Goat Trail Rd,0.0,0.0
2023-10-27,417,North,24094,19817.0,,16:15:54,16:15:54,23,3280,Hwy 525 & 5th St,0.0,0.0
2023-10-27,417,North,24094,19817.0,,16:17:23,16:17:23,24,3274,1st St & Mukilteo Station,0.0,0.0
2023-10-27,417,North,24094,19817.0,16:30:00,16:18:19,16:18:19,25,3265,Mukilteo Ferry Terminal Bay 2,0.0,5.0
2023-10-27,417,North,24095,15818.0,16:11:00,16:11:39,16:11:39,0,640,4th Ave S & S Jackson St,0.0,0.0
2023-10-27,417,North,24095,15818.0,,16:12:26,16:12:38,1,635,4th Ave S & S Washington St,0.0,0.0
2023-10-27,417,North,24095,15818.0,,16:14:26,16:14:54,2,2638,4th Ave & Cherry St,1.0,0.0
2023-10-27,417,North,24095,15818.0,,16:17:09,16:17:09,3,641,4th Ave & Seneca St,0.0,0.0
2023-10-27,417,North,24095,15818.0,16:17:00,16:18:49,16:19:57,4,2976,4th Ave & Pine St,2.0,0.0
2023-10-27,417,North,24095,15818.0,,16:21:02,16:22:05,5,473,Olive Way & 6th Ave,3.0,0.0
2023-10-27,417,North,24095,15818.0,16:21:00,16:23:36,16:24:00,6,430,Howell St & 9th Ave,2.0,0.0
2023-10-27,417,North,24095,15818.0,,16:26:36,16:26:53,7,431,Howell St & Yale Ave,1.0,0.0
2023-10-27,417,North,24095,15818.0,,17:00:46,17:01:05,11,970,Hwy 525 & Lincoln Way,0.0,2.0
2023-10-27,417,North,24095,15818.0,17:08:00,17:06:21,17:07:07,12,966,Hwy 525 & Beverly Park Rd,0.0,1.0
2023-10-27,417,North,24095,15818.0,,17:08:30,17:08:55,13,969,Hwy 525 & Harbour Pointe Blvd SW,0.0,2.0
2023-10-27,417,North,24095,15818.0,,17:11:01,17:11:01,14,974,Hwy 525 & Chennault Beach Rd,0.0,0.0
2023-10-27,417,North,24095,15818.0,,17:11:54,17:12:14,15,975,Hwy 525 & Harbour Pointe Blvd,1.0,0.0
2023-10-27,417,North,24095,15818.0,17:18:00,17:14:02,17:14:22,16,965,Hwy 525 & 92nd St SW,0.0,1.0
2023-10-27,417,North,24095,15818.0,,17:15:59,17:15:59,17,964,Hwy 525 & 84th St SW,0.0,0.0
2023-10-27,417,North,24095,15818.0,,17:16:25,17:16:25,18,963,Hwy 525 & 80th St SW,0.0,0.0
2023-10-27,417,North,24095,15818.0,,17:16:47,17:16:47,19,973,Hwy 525 & 76th St SW,0.0,0.0
2023-10-27,417,North,24095,15818.0,,17:17:27,17:17:27,20,967,Hwy 525 & Clover Ln,0.0,0.0
2023-10-27,417,North,24095,15818.0,,17:17:54,17:17:54,21,972,Hwy 525 & 15th Pl,0.0,0.0
2023-10-27,417,North,24095,15818.0,,17:18:12,17:18:12,22,968,Hwy 525 & Goat Trail Rd,0.0,0.0
2023-10-27,417,North,24095,15818.0,,17:20:19,17:20:19,23,3280,Hwy 525 & 5th St,0.0,0.0
2023-10-27,417,North,24095,15818.0,,17:21:47,17:22:02,24,3274,1st St & Mukilteo Station,0.0,1.0
2023-10-27,417,North,24095,15818.0,17:31:00,17:23:04,17:23:04,25,3265,Mukilteo Ferry Terminal Bay 2,0.0,3.0
2023-10-27,417,North,24096,15801.0,17:22:00,17:22:16,17:22:16,0,640,4th Ave S & S Jackson St,2.0,0.0
2023-10-27,417,North,24096,15801.0,,17:23:05,17:23:21,1,635,4th Ave S & S Washington St,1.0,0.0
2023-10-27,417,North,24096,15801.0,,17:24:55,17:25:05,2,2638,4th Ave & Cherry St,0.0,0.0
2023-10-27,417,North,24096,15801.0,,17:27:10,17:27:24,3,641,4th Ave & Seneca St,1.0,0.0
2023-10-27,417,North,24096,15801.0,17:28:00,17:29:32,17:30:28,4,2976,4th Ave & Pine St,1.0,0.0
2023-10-27,417,North,24096,15801.0,,17:31:25,17:32:38,5,473,Olive Way & 6th Ave,2.0,0.0
2023-10-27,417,North,24096,15801.0,17:32:00,17:34:13,17:34:34,6,430,Howell St & 9th Ave,0.0,0.0
2023-10-27,417,North,24096,15801.0,,17:37:27,17:37:59,7,431,Howell St & Yale Ave,3.0,0.0
2023-10-27,417,North,24096,15801.0,,18:03:46,18:03:59,11,970,Hwy 525 & Lincoln Way,0.0,0.0
2023-10-27,417,North,24096,15801.0,18:14:00,18:07:32,18:08:05,12,966,Hwy 525 & Beverly Park Rd,1.0,8.0
2023-10-27,417,North,24096,15801.0,,18:09:12,18:09:26,13,969,Hwy 525 & Harbour Pointe Blvd SW,0.0,1.0
2023-10-27,417,North,24096,15801.0,,18:10:55,18:10:55,14,974,Hwy 525 & Chennault Beach Rd,0.0,0.0
2023-10-27,417,North,24096,15801.0,,18:11:37,18:11:37,15,975,Hwy 525 & Harbour Pointe Blvd,0.0,0.0
2023-10-27,417,North,24096,15801.0,18:22:00,18:13:07,18:13:25,16,965,Hwy 525 & 92nd St SW,0.0,1.0
2023-10-27,417,North,24096,15801.0,,18:15:25,18:15:25,17,964,Hwy 525 & 84th St SW,0.0,0.0
2023-10-27,417,North,24096,15801.0,,18:15:49,18:15:49,18,963,Hwy 525 & 80th St SW,0.0,0.0
2023-10-27,417,North,24096,15801.0,,18:16:11,18:16:11,19,973,Hwy 525 & 76th St SW,0.0,0.0
2023-10-27,417,North,24096,15801.0,,18:17:10,18:17:26,20,967,Hwy 525 & Clover Ln,0.0,1.0
2023-10-27,417,North,24096,15801.0,,18:18:01,18:18:01,21,972,Hwy 525 & 15th Pl,0.0,0.0
2023-10-27,417,North,24096,15801.0,,18:18:27,18:18:27,22,968,Hwy 525 & Goat Trail Rd,0.0,0.0
2023-10-27,417,North,24096,15801.0,,18:20:51,18:21:15,23,3280,Hwy 525 & 5th St,0.0,0.0
2023-10-27,417,North,24096,15801.0,,18:23:28,18:23:28,24,3274,1st St & Mukilteo Station,0.0,0.0
2023-10-27,417,North,24096,15801.0,18:31:00,18:24:30,18:24:30,25,3265,Mukilteo Ferry Terminal Bay 2,0.0,0.0
2023-10-27,417,North,24097,19816.0,17:55:00,17:56:26,17:56:26,0,640,4th Ave S & S Jackson St,1.0,0.0
2023-10-27,417,North,24097,19816.0,,,,1,635,4th Ave S & S Washington St,,
2023-10-27,417,North,24097,19816.0,,17:56:54,17:56:54,2,2638,4th Ave & Cherry St,0.0,0.0
2023-10-27,417,North,24097,19816.0,,17:58:43,17:59:47,3,641,4th Ave & Seneca St,1.0,0.0
2023-10-27,417,North,24097,19816.0,18:00:00,18:01:04,18:01:51,4,2976,4th Ave & Pine St,1.0,0.0
2023-10-27,417,North,24097,19816.0,,18:03:10,18:04:06,5,473,Olive Way & 6th Ave,0.0,0.0
2023-10-27,417,North,24097,19816.0,18:04:00,18:04:43,18:05:02,6,430,Howell St & 9th Ave,2.0,0.0
2023-10-27,417,North,24097,19816.0,,18:08:38,18:08:46,7,431,Howell St & Yale Ave,0.0,0.0
2023-10-27,417,North,24097,19816.0,,18:31:12,18:31:26,11,970,Hwy 525 & Lincoln Way,0.0,0.0
2023-10-27,417,North,24097,19816.0,18:38:00,18:34:18,18:34:33,12,966,Hwy 525 & Beverly Park Rd,0.0,1.0
2023-10-27,417,North,24097,19816.0,,18:35:42,18:35:57,13,969,Hwy 525 & Harbour Pointe Blvd SW,0.0,2.0
2023-10-27,417,North,24097,19816.0,,18:38:05,18:38:05,14,974,Hwy 525 & Chennault Beach Rd,0.0,0.0
2023-10-27,417,North,24097,19816.0,,18:38:40,18:38:40,15,975,Hwy 525 & Harbour Pointe Blvd,0.0,0.0
2023-10-27,417,North,24097,19816.0,18:46:00,18:40:11,18:40:27,16,965,Hwy 525 & 92nd St SW,0.0,2.0
2023-10-27,417,North,24097,19816.0,,18:41:33,18:41:33,17,964,Hwy 525 & 84th St SW,0.0,0.0
2023-10-27,417,North,24097,19816.0,,18:41:58,18:41:58,18,963,Hwy 525 & 80th St SW,0.0,0.0
2023-10-27,417,North,24097,19816.0,,18:42:21,18:42:21,19,973,Hwy 525 & 76th St SW,0.0,0.0
2023-10-27,417,North,24097,19816.0,,18:43:04,18:43:04,20,967,Hwy 525 & Clover Ln,0.0,0.0
2023-10-27,417,North,24097,19816.0,,18:43:29,18:43:29,21,972,Hwy 525 & 15th Pl,0.0,0.0
2023-10-27,417,North,24097,19816.0,,18:43:47,18:43:47,22,968,Hwy 525 & Goat Trail Rd,0.0,0.0
2023-10-27,417,North,24097,19816.0,,18:44:38,18:44:38,23,3280,Hwy 525 & 5th St,0.0,0.0
2023-10-27,417,North,24097,19816.0,,18:45:49,18:45:49,24,3274,1st St & Mukilteo Station,0.0,0.0
2023-10-27,417,North,24097,19816.0,18:55:00,18:47:55,18:47:55,25,3265,Mukilteo Ferry Terminal Bay 2,0.0,0.0
2023-10-27,417,South,24098,17856.0,05:51:00,05:51:39,05:51:39,0,3265,Mukilteo Ferry Terminal Bay 2,3.0,0.0
2023-10-27,417,South,24098,17856.0,,05:52:30,05:52:30,1,3275,1st St & Mukilteo Station,0.0,0.0
2023-10-27,417,South,24098,17856.0,,05:53:51,05:53:51,2,1455,Hwy 525 & 3rd St,0.0,0.0
2023-10-27,417,South,24098,17856.0,,05:53:58,05:53:58,3,3281,Hwy 525 & 5th St,0.0,0.0
2023-10-27,417,South,24098,17856.0,,05:54:36,05:54:36,4,1472,Hwy 525 & Goat Trail Rd,0.0,0.0
2023-10-27,417,South,24098,17856.0,,05:55:27,05:55:27,5,1470,Hwy 525 & Clover Ln,0.0,0.0
2023-10-27,417,South,24098,17856.0,,05:56:11,05:56:11,6,1468,Hwy 525 & 76th St SW,0.0,0.0
2023-10-27,417,South,24098,17856.0,,05:56:43,05:56:43,7,1469,Hwy 525 & 80th St SW,0.0,0.0
2023-10-27,417,South,24098,17856.0,,05:57:00,05:57:00,8,1456,Hwy 525 & 81st Pl SW,0.0,0.0
2023-10-27,417,South,24098,17856.0,,05:57:23,05:57:23,9,1457,Hwy 525 & 84th St SW,0.0,0.0
2023-10-27,417,South,24098,17856.0,,05:57:51,05:57:51,10,1458,Hwy 525 & 88th St SW,0.0,0.0
2023-10-27,417,South,24098,17856.0,05:58:00,05:58:48,05:58:48,11,1459,Hwy 525 & 92nd St SW,0.0,0.0
2023-10-27,417,South,24098,17856.0,,06:00:15,06:00:15,12,1466,Hwy 525 & Harbour Pointe Blvd,0.0,0.0
2023-10-27,417,South,24098,17856.0,,06:01:08,06:02:00,13,1461,Hwy 525 & Chennault Beach Rd,2.0,0.0
2023-10-27,417,South,24098,17856.0,,06:02:31,06:02:31,14,1464,Hwy 525 & Russell Rd,0.0,0.0
2023-10-27,417,South,24098,17856.0,,06:03:37,06:04:19,15,1462,Hwy 525 & Harbour Pointe Blvd SW,2.0,0.0
2023-10-27,417,South,24098,17856.0,06:05:00,06:05:38,06:06:46,16,1460,Hwy 525 & Beverly Park Rd,1.0,0.0
2023-10-27,417,South,24098,17856.0,,06:08:01,06:08:24,17,1467,Hwy 525 & Lincoln Way,1.0,0.0
2023-10-27,417,South,24098,17856.0,06:33:00,06:33:17,06:33:48,21,1909,Stewart St & 9th Ave,0.0,2.0
2023-10-27,417,South,24098,17856.0,,06:34:42,06:35:15,22,1908,Stewart St & 7th Ave,0.0,4.0
2023-10-27,417,South,24098,17856.0,,06:36:23,06:36:23,23,1907,Stewart St & 4th Ave,0.0,0.0
2023-10-27,417,South,24098,17856.0,,06:37:08,06:37:08,24,1079,2nd Ave & Stewart St,0.0,0.0
2023-10-27,417,South,24098,17856.0,06:41:00,06:38:20,06:38:20,25,2909,2nd Ave & Seneca St,0.0,0.0
2023-10-27,417,South,24098,17856.0,,06:38:58,06:39:35,26,2631,2nd Ave & Cherry St,0.0,2.0
2023-10-27,417,South,24098,17856.0,06:45:00,06:40:18,06:40:18,27,2349,2nd Ave Ext S & Yesler Way,0.0,1.0
2023-10-27,417,South,24099,19820.0,06:22:00,06:24:20,06:24:20,0,3265,Mukilteo Ferry Terminal Bay 2,2.0,0.0
2023-10-27,417,South,24099,19820.0,,,,1,3275,1st St & Mukilteo Station,,
2023-10-27,417,South,24099,19820.0,,06:25:40,06:25:40,2,1455,Hwy 525 & 3rd St,0.0,0.0
2023-10-27,417,South,24099,19820.0,,06:25:49,06:25:49,3,3281,Hwy 525 & 5th St,0.0,0.0
2023-10-27,417,South,24099,19820.0,,06:26:36,06:26:36,4,1472,Hwy 525 & Goat Trail Rd,0.0,0.0
2023-10-27,417,South,24099,19820.0,,06:27:36,06:27:36,5,1470,Hwy 525 & Clover Ln,0.0,0.0
2023-10-27,417,South,24099,19820.0,,06:28:20,06:28:20,6,1468,Hwy 525 & 76th St SW,0.0,0.0
2023-10-27,417,South,24099,19820.0,,06:28:50,06:28:50,7,1469,Hwy 525 & 80th St SW,0.0,0.0
2023-10-27,417,South,24099,19820.0,,06:29:06,06:29:06,8,1456,Hwy 525 & 81st Pl SW,0.0,0.0
2023-10-27,417,South,24099,19820.0,,06:29:45,06:30:06,9,1457,Hwy 525 & 84th St SW,1.0,0.0
2023-10-27,417,South,24099,19820.0,,06:30:39,06:30:39,10,1458,Hwy 525 & 88th St SW,0.0,0.0
2023-10-27,417,South,24099,19820.0,06:29:00,06:31:19,06:31:50,11,1459,Hwy 525 & 92nd St SW,2.0,0.0
2023-10-27,417,South,24099,19820.0,,06:33:57,06:33:57,12,1466,Hwy 525 & Harbour Pointe Blvd,0.0,0.0
2023-10-27,417,South,24099,19820.0,,06:35:06,06:35:06,13,1461,Hwy 525 & Chennault Beach Rd,0.0,0.0
2023-10-27,417,South,24099,19820.0,,06:35:31,06:35:31,14,1464,Hwy 525 & Russell Rd,0.0,0.0
2023-10-27,417,South,24099,19820.0,,06:36:29,06:36:47,15,1462,Hwy 525 & Harbour Pointe Blvd SW,1.0,0.0
2023-10-27,417,South,24099,19820.0,06:36:00,06:38:12,06:39:12,16,1460,Hwy 525 & Beverly Park Rd,2.0,0.0
2023-10-27,417,South,24099,19820.0,,06:41:00,06:41:00,17,1467,Hwy 525 & Lincoln Way,0.0,0.0
2023-10-27,417,South,24099,19820.0,07:08:00,07:20:53,07:21:05,21,1909,Stewart St & 9th Ave,0.0,1.0
2023-10-27,417,South,24099,19820.0,,07:21:31,07:22:03,22,1908,Stewart St & 7th Ave,1.0,1.0
2023-10-27,417,South,24099,19820.0,,07:24:19,07:24:36,23,1907,Stewart St & 4th Ave,0.0,3.0
2023-10-27,417,South,24099,19820.0,,07:26:18,07:26:29,24,1079,2nd Ave & Stewart St,0.0,0.0
2023-10-27,417,South,24099,19820.0,07:16:00,07:27:48,07:28:21,25,2909,2nd Ave & Seneca St,0.0,1.0
2023-10-27,417,South,24099,19820.0,,07:29:36,07:29:52,26,2631,2nd Ave & Cherry St,0.0,1.0
2023-10-27,417,South,24099,19820.0,07:20:00,07:31:18,07:31:18,27,2349,2nd Ave Ext S & Yesler Way,0.0,2.0
2023-10-27,417,South,24100,15813.0,06:52:00,06:54:34,06:54:34,0,3265,Mukilteo Ferry Terminal Bay 2,3.0,0.0
2023-10-27,417,South,24100,15813.0,,06:55:40,06:56:00,1,3275,1st St & Mukilteo Station,1.0,0.0
2023-10-27,417,South,24100,15813.0,,06:58:13,06:58:13,2,1455,Hwy 525 & 3rd St,0.0,0.0
2023-10-27,417,South,24100,15813.0,,06:58:26,06:58:26,3,3281,Hwy 525 & 5th St,0.0,0.0
2023-10-27,417,South,24100,15813.0,,06:59:15,06:59:15,4,1472,Hwy 525 & Goat Trail Rd,0.0,0.0
2023-10-27,417,South,24100,15813.0,,07:00:15,07:00:15,5,1470,Hwy 525 & Clover Ln,0.0,0.0
2023-10-27,417,South,24100,15813.0,,07:01:07,07:01:36,6,1468,Hwy 525 & 76th St SW,1.0,0.0
2023-10-27,417,South,24100,15813.0,,07:02:40,07:02:40,7,1469,Hwy 525 & 80th St SW,0.0,0.0
2023-10-27,417,South,24100,15813.0,,07:03:04,07:03:04,8,1456,Hwy 525 & 81st Pl SW,0.0,0.0
2023-10-27,417,South,24100,15813.0,,07:03:42,07:03:42,9,1457,Hwy 525 & 84th St SW,0.0,0.0
2023-10-27,417,South,24100,15813.0,,07:04:12,07:04:12,10,1458,Hwy 525 & 88th St SW,0.0,0.0
2023-10-27,417,South,24100,15813.0,07:00:00,07:04:53,07:05:21,11,1459,Hwy 525 & 92nd St SW,2.0,0.0
2023-10-27,417,South,24100,15813.0,,07:08:42,07:08:42,12,1466,Hwy 525 & Harbour Pointe Blvd,0.0,0.0
2023-10-27,417,South,24100,15813.0,,07:10:21,07:10:21,13,1461,Hwy 525 & Chennault Beach Rd,0.0,0.0
2023-10-27,417,South,24100,15813.0,,07:10:44,07:10:44,14,1464,Hwy 525 & Russell Rd,0.0,0.0
2023-10-27,417,South,24100,15813.0,,07:11:42,07:12:16,15,1462,Hwy 525 & Harbour Pointe Blvd SW,2.0,0.0
2023-10-27,417,South,24100,15813.0,07:09:00,07:13:39,07:14:41,16,1460,Hwy 525 & Beverly Park Rd,7.0,0.0
2023-10-27,417,South,24100,15813.0,,07:16:08,07:16:08,17,1467,Hwy 525 & Lincoln Way,0.0,0.0
2023-10-27,417,South,24100,15813.0,07:49:00,07:44:35,07:45:01,21,1909,Stewart St & 9th Ave,0.0,5.0
2023-10-27,417,South,24100,15813.0,,07:45:58,07:46:23,22,1908,Stewart St & 7th Ave,0.0,6.0
2023-10-27,417,South,24100,15813.0,,07:48:31,07:48:53,23,1907,Stewart St & 4th Ave,0.0,1.0
2023-10-27,417,South,24100,15813.0,,07:50:31,07:51:09,24,1079,2nd Ave & Stewart St,0.0,1.0
2023-10-27,417,South,24100,15813.0,07:57:00,07:53:33,07:53:56,25,2909,2nd Ave & Seneca St,0.0,2.0
2023-10-27,417,South,24100,15813.0,,07:55:13,07:55:13,26,2631,2nd Ave & Cherry St,0.0,0.0
2023-10-27,417,South,24100,15813.0,08:01:00,07:56:52,07:56:52,27,2349,2nd Ave Ext S & Yesler Way,0.0,1.0
2023-10-27,417,South,24101,17856.0,07:53:00,07:53:54,07:53:54,0,3265,Mukilteo Ferry Terminal Bay 2,1.0,0.0
2023-10-27,417,South,24101,17856.0,,07:54:43,07:54:43,1,3275,1st St & Mukilteo Station,0.0,0.0
2023-10-27,417,South,24101,17856.0,,07:55:59,07:55:59,2,1455,Hwy 525 & 3rd St,0.0,0.0
2023-10-27,417,South,24101,17856.0,,07:56:24,07:56:24,3,3281,Hwy 525 & 5th St,0.0,0.0
2023-10-27,417,South,24101,17856.0,,07:57:10,07:57:10,4,1472,Hwy 525 & Goat Trail Rd,0.0,0.0
2023-10-27,417,South,24101,17856.0,,07:58:05,07:58:05,5,1470,Hwy 525 & Clover Ln,0.0,0.0
2023-10-27,417,South,24101,17856.0,,07:59:02,07:59:24,6,1468,Hwy 525 & 76th St SW,1.0,0.0
2023-10-27,417,South,24101,17856.0,,08:00:05,08:00:05,7,1469,Hwy 525 & 80th St SW,0.0,0.0
2023-10-27,417,South,24101,17856.0,,08:00:27,08:01:36,8,1456,Hwy 525 & 81st Pl SW,0.0,0.0
2023-10-27,417,South,24101,17856.0,,08:02:09,08:02:09,9,1457,Hwy 525 & 84th St SW,0.0,0.0
2023-10-27,417,South,24101,17856.0,,08:02:35,08:02:35,10,1458,Hwy 525 & 88th St SW,0.0,0.0
2023-10-27,417,South,24101,17856.0,08:02:00,08:03:17,08:03:17,11,1459,Hwy 525 & 92nd St SW,0.0,0.0
2023-10-27,417,South,24101,17856.0,,08:04:50,08:05:13,12,1466,Hwy 525 & Harbour Pointe Blvd,1.0,0.0
2023-10-27,417,South,24101,17856.0,,08:06:32,08:06:32,13,1461,Hwy 525 & Chennault Beach Rd,0.0,0.0
2023-10-27,417,South,24101,17856.0,,08:06:55,08:06:55,14,1464,Hwy 525 & Russell Rd,0.0,0.0
2023-10-27,417,South,24101,17856.0,,08:07:54,08:09:47,15,1462,Hwy 525 & Harbour Pointe Blvd SW,2.0,0.0
2023-10-27,417,South,24101,17856.0,08:11:00,08:10:59,08:11:36,16,1460,Hwy 525 & Beverly Park Rd,4.0,0.0
2023-10-27,417,South,24101,17856.0,,08:12:45,08:13:30,17,1467,Hwy 525 & Lincoln Way,5.0,0.0
2023-10-27,417,South,24101,17856.0,08:53:00,08:35:51,08:36:45,21,1909,Stewart St & 9th Ave,0.0,7.0
2023-10-27,417,South,24101,17856.0,,08:37:40,08:38:11,22,1908,Stewart St & 7th Ave,0.0,4.0
2023-10-27,417,South,24101,17856.0,,08:39:31,08:39:56,23,1907,Stewart St & 4th Ave,0.0,3.0
2023-10-27,417,South,24101,17856.0,,08:41:22,08:41:22,24,1079,2nd Ave & Stewart St,0.0,0.0
2023-10-27,417,South,24101,17856.0,09:04:00,08:43:47,08:43:47,25,2909,2nd Ave & Seneca St,0.0,0.0
2023-10-27,417,South,24101,17856.0,,08:44:29,08:44:29,26,2631,2nd Ave & Cherry St,0.0,0.0
2023-10-27,417,South,24101,17856.0,09:10:00,08:45:00,08:45:00,27,2349,2nd Ave Ext S & Yesler Way,0.0,0.0
2023-10-30,417,North,24094,19817.0,15:11:00,15:10:28,15:10:28,0,640,4th Ave S & S Jackson St,2.0,0.0
2023-10-30,417,North,24094,19817.0,,15:11:05,15:11:05,1,635,4th Ave S & S Washington St,0.0,0.0
2023-10-30,417,North,24094,19817.0,,15:11:55,15:12:09,2,2638,4th Ave & Cherry St,0.0,0.0
2023-10-30,417,North,24094,19817.0,,15:13:37,15:14:02,3,641,4th Ave & Seneca St,1.0,0.0
2023-10-30,417,North,24094,19817.0,15:17:00,15:15:40,15:16:10,4,2976,4th Ave & Pine St,0.0,0.0
2023-10-30,417,North,24094,19817.0,,15:18:04,15:19:03,5,473,Olive Way & 6th Ave,8.0,0.0
2023-10-30,417,North,24094,19817.0,15:21:00,15:20:36,15:20:58,6,430,Howell St & 9th Ave,3.0,0.0
2023-10-30,417,North,24094,19817.0,,15:23:40,15:24:16,7,431,Howell St & Yale Ave,2.0,0.0
2023-10-30,417,North,24094,19817.0,,15:49:45,15:50:04,11,970,Hwy 525 & Lincoln Way,0.0,3.0
2023-10-30,417,North,24094,19817.0,16:06:00,15:54:22,15:54:22,12,966,Hwy 525 & Beverly Park Rd,0.0,0.0
2023-10-30,417,North,24094,19817.0,,15:55:13,15:55:37,13,969,Hwy 525 & Harbour Pointe Blvd SW,0.0,1.0
2023-10-30,417,North,24094,19817.0,,15:57:15,15:57:15,14,974,Hwy 525 & Chennault Beach Rd,0.0,0.0
2023-10-30,417,North,24094,19817.0,,15:58:41,15:58:57,15,975,Hwy 525 & Harbour Pointe Blvd,0.0,1.0
2023-10-30,417,North,24094,19817.0,16:16:00,16:00:47,16:01:04,16,965,Hwy 525 & 92nd St SW,0.0,2.0
2023-10-30,417,North,24094,19817.0,,16:02:15,16:02:48,17,964,Hwy 525 & 84th St SW,0.0,2.0
2023-10-30,417,North,24094,19817.0,,16:03:18,16:03:18,18,963,Hwy 525 & 80th St SW,0.0,0.0
2023-10-30,417,North,24094,19817.0,,16:03:48,16:04:02,19,973,Hwy 525 & 76th St SW,0.0,2.0
2023-10-30,417,North,24094,19817.0,,16:04:49,16:04:49,20,967,Hwy 525 & Clover Ln,0.0,0.0
2023-10-30,417,North,24094,19817.0,,16:05:13,16:05:13,21,972,Hwy 525 & 15th Pl,0.0,0.0
2023-10-30,417,North,24094,19817.0,,16:05:30,16:05:30,22,968,Hwy 525 & Goat Trail Rd,0.0,0.0
2023-10-30,417,North,24094,19817.0,,16:06:28,16:06:40,23,3280,Hwy 525 & 5th St,0.0,1.0
2023-10-30,417,North,24094,19817.0,,16:09:22,16:09:36,24,3274,1st St & Mukilteo Station,0.0,2.0
2023-10-30,417,North,24094,19817.0,16:30:00,16:10:32,16:10:32,25,3265,Mukilteo Ferry Terminal Bay 2,0.0,2.0
2023-10-30,417,North,24095,15812.0,16:11:00,16:12:08,16:12:08,0,640,4th Ave S & S Jackson St,1.0,0.0
2023-10-30,417,North,24095,15812.0,,16:12:53,16:13:16,1,635,4th Ave S & S Washington St,1.0,0.0
2023-10-30,417,North,24095,15812.0,,16:14:54,16:15:16,2,2638,4th Ave & Cherry St,2.0,0.0
2023-10-30,417,North,24095,15812.0,,16:16:11,16:16:42,3,641,4th Ave & Seneca St,3.0,0.0
2023-10-30,417,North,24095,15812.0,16:17:00,16:19:21,16:19:58,4,2976,4th Ave & Pine St,2.0,0.0
2023-10-30,417,North,24095,15812.0,,16:21:04,16:22:08,5,473,Olive Way & 6th Ave,8.0,0.0
2023-10-30,417,North,24095,15812.0,16:21:00,16:23:40,16:24:07,6,430,Howell St & 9th Ave,6.0,0.0
2023-10-30,417,North,24095,15812.0,,16:26:44,16:27:00,7,431,Howell St & Yale Ave,1.0,0.0
2023-10-30,417,North,24095,15812.0,,16:53:54,16:54:20,11,970,Hwy 525 & Lincoln Way,0.0,3.0
2023-10-30,417,North,24095,15812.0,17:08:00,16:57:51,16:58:23,12,966,Hwy 525 & Beverly Park Rd,0.0,7.0
2023-10-30,417,North,24095,15812.0,,16:59:54,17:00:26,13,969,Hwy 525 & Harbour Pointe Blvd SW,1.0,3.0
2023-10-30,417,North,24095,15812.0,,17:03:10,17:03:10,14,974,Hwy 525 & Chennault Beach Rd,0.0,0.0
2023-10-30,417,North,24095,15812.0,,17:03:54,17:03:54,15,975,Hwy 525 & Harbour Pointe Blvd,0.0,0.0
2023-10-30,417,North,24095,15812.0,17:18:00,17:05:38,17:06:05,16,965,Hwy 525 & 92nd St SW,0.0,3.0
2023-10-30,417,North,24095,15812.0,,17:07:09,17:07:38,17,964,Hwy 525 & 84th St SW,0.0,2.0
2023-10-30,417,North,24095,15812.0,,17:08:07,17:08:07,18,963,Hwy 525 & 80th St SW,0.0,0.0
2023-10-30,417,North,24095,15812.0,,17:08:35,17:09:24,19,973,Hwy 525 & 76th St SW,0.0,1.0
2023-10-30,417,North,24095,15812.0,,17:10:11,17:10:11,20,967,Hwy 525 & Clover Ln,0.0,0.0
2023-10-30,417,North,24095,15812.0,,17:10:34,17:10:34,21,972,Hwy 525 & 15th Pl,0.0,0.0
2023-10-30,417,North,24095,15812.0,,17:10:51,17:10:51,22,968,Hwy 525 & Goat Trail Rd,0.0,0.0
2023-10-30,417,North,24095,15812.0,,17:11:53,17:12:06,23,3280,Hwy 525 & 5th St,0.0,1.0
2023-10-30,417,North,24095,15812.0,,17:13:45,17:14:02,24,3274,1st St & Mukilteo Station,0.0,2.0
2023-10-30,417,North,24095,15812.0,17:31:00,17:15:01,17:15:01,25,3265,Mukilteo Ferry Terminal Bay 2,0.0,3.0
2023-10-30,417,North,24096,19851.0,17:22:00,17:26:38,17:26:38,0,640,4th Ave S & S Jackson St,2.0,0.0
2023-10-30,417,North,24096,19851.0,,17:27:28,17:27:38,1,635,4th Ave S & S Washington St,0.0,0.0
2023-10-30,417,North,24096,19851.0,,17:28:42,17:28:51,2,2638,4th Ave & Cherry St,0.0,0.0
2023-10-30,417,North,24096,19851.0,,17:31:04,17:31:31,3,641,4th Ave & Seneca St,4.0,0.0
2023-10-30,417,North,24096,19851.0,17:28:00,17:32:28,17:33:19,4,2976,4th Ave & Pine St,2.0,0.0
2023-10-30,417,North,24096,19851.0,,17:34:27,17:35:33,5,473,Olive Way & 6th Ave,3.0,0.0
2023-10-30,417,North,24096,19851.0,17:32:00,17:36:09,17:36:54,6,430,Howell St & 9th Ave,2.0,0.0
2023-10-30,417,North,24096,19851.0,,17:39:01,17:39:23,7,431,Howell St & Yale Ave,1.0,0.0
2023-10-30,417,North,24096,19851.0,,18:01:58,18:02:10,11,970,Hwy 525 & Lincoln Way,0.0,0.0
2023-10-30,417,North,24096,19851.0,18:14:00,18:04:37,18:05:12,12,966,Hwy 525 & Beverly Park Rd,0.0,8.0
2023-10-30,417,North,24096,19851.0,,18:06:14,18:06:36,13,969,Hwy 525 & Harbour Pointe Blvd SW,0.0,4.0
2023-10-30,417,North,24096,19851.0,,18:07:58,18:07:58,14,974,Hwy 525 & Chennault Beach Rd,0.0,0.0
2023-10-30,417,North,24096,19851.0,,18:08:41,18:08:41,15,975,Hwy 525 & Harbour Pointe Blvd,0.0,0.0
2023-10-30,417,North,24096,19851.0,18:22:00,18:10:54,18:11:12,16,965,Hwy 525 & 92nd St SW,0.0,1.0
2023-10-30,417,North,24096,19851.0,,18:12:28,18:12:53,17,964,Hwy 525 & 84th St SW,0.0,1.0
2023-10-30,417,North,24096,19851.0,,18:13:24,18:13:24,18,963,Hwy 525 & 80th St SW,0.0,0.0
2023-10-30,417,North,24096,19851.0,,18:13:47,18:13:47,19,973,Hwy 525 & 76th St SW,0.0,0.0
2023-10-30,417,North,24096,19851.0,,18:14:30,18:14:30,20,967,Hwy 525 & Clover Ln,0.0,0.0
2023-10-30,417,North,24096,19851.0,,18:14:59,18:14:59,21,972,Hwy 525 & 15th Pl,0.0,0.0
2023-10-30,417,North,24096,19851.0,,18:15:20,18:15:20,22,968,Hwy 525 & Goat Trail Rd,0.0,0.0
2023-10-30,417,North,24096,19851.0,,18:16:25,18:16:25,23,3280,Hwy 525 & 5th St,0.0,0.0
2023-10-30,417,North,24096,19851.0,,18:18:08,18:18:08,24,3274,1st St & Mukilteo Station,0.0,0.0
2023-10-30,417,North,24096,19851.0,18:31:00,18:19:18,18:19:18,25,3265,Mukilteo Ferry Terminal Bay 2,0.0,0.0
2023-10-30,417,North,24097,19824.0,17:55:00,17:57:45,17:57:45,0,640,4th Ave S & S Jackson St,1.0,0.0
2023-10-30,417,North,24097,19824.0,,,,1,635,4th Ave S & S Washington St,,
2023-10-30,417,North,24097,19824.0,,17:59:38,17:59:38,2,2638,4th Ave & Cherry St,0.0,0.0
2023-10-30,417,North,24097,19824.0,,18:01:03,18:01:20,3,641,4th Ave & Seneca St,1.0,0.0
2023-10-30,417,North,24097,19824.0,18:00:00,18:02:42,18:03:20,4,2976,4th Ave & Pine St,0.0,0.0
2023-10-30,417,North,24097,19824.0,,18:04:21,18:05:31,5,473,Olive Way & 6th Ave,0.0,0.0
2023-10-30,417,North,24097,19824.0,18:04:00,18:07:07,18:07:27,6,430,Howell St & 9th Ave,2.0,0.0
2023-10-30,417,North,24097,19824.0,,18:10:14,18:10:46,7,431,Howell St & Yale Ave,1.0,0.0
2023-10-30,417,North,24097,19824.0,,18:31:56,18:31:56,11,970,Hwy 525 & Lincoln Way,0.0,0.0
2023-10-30,417,North,24097,19824.0,18:38:00,18:33:17,18:33:17,12,966,Hwy 525 & Beverly Park Rd,0.0,0.0
2023-10-30,417,North,24097,19824.0,,18:34:26,18:34:26,13,969,Hwy 525 & Harbour Pointe Blvd SW,0.0,0.0
2023-10-30,417,North,24097,19824.0,,18:35:27,18:35:27,14,974,Hwy 525 & Chennault Beach Rd,0.0,0.0
2023-10-30,417,North,24097,19824.0,,18:36:29,18:36:50,15,975,Hwy 525 & Harbour Pointe Blvd,1.0,0.0
2023-10-30,417,North,24097,19824.0,18:46:00,18:38:35,18:39:02,16,965,Hwy 525 & 92nd St SW,0.0,3.0
2023-10-30,417,North,24097,19824.0,,18:40:28,18:40:39,17,964,Hwy 525 & 84th St SW,0.0,1.0
2023-10-30,417,North,24097,19824.0,,18:41:11,18:41:11,18,963,Hwy 525 & 80th St SW,0.0,0.0
2023-10-30,417,North,24097,19824.0,,18:41:32,18:41:32,19,973,Hwy 525 & 76th St SW,0.0,0.0
2023-10-30,417,North,24097,19824.0,,18:42:13,18:42:13,20,967,Hwy 525 & Clover Ln,0.0,0.0
2023-10-30,417,North,24097,19824.0,,18:42:36,18:42:36,21,972,Hwy 525 & 15th Pl,0.0,0.0
2023-10-30,417,North,24097,19824.0,,18:42:52,18:42:52,22,968,Hwy 525 & Goat Trail Rd,0.0,0.0
2023-10-30,417,North,24097,19824.0,,18:43:37,18:43:37,23,3280,Hwy 525 & 5th St,0.0,0.0
2023-10-30,417,North,24097,19824.0,,18:44:52,18:44:52,24,3274,1st St & Mukilteo Station,0.0,0.0
2023-10-30,417,North,24097,19824.0,18:55:00,18:45:42,18:45:42,25,3265,Mukilteo Ferry Terminal Bay 2,0.0,2.0
2023-10-30,417,South,24098,17861.0,05:51:00,05:53:03,05:53:03,0,3265,Mukilteo Ferry Terminal Bay 2,0.0,0.0
2023-10-30,417,South,24098,17861.0,,05:54:01,05:54:01,1,3275,1st St & Mukilteo Station,0.0,0.0
2023-10-30,417,South,24098,17861.0,,05:55:30,05:55:30,2,1455,Hwy 525 & 3rd St,0.0,0.0
2023-10-30,417,South,24098,17861.0,,05:55:38,05:55:38,3,3281,Hwy 525 & 5th St,0.0,0.0
2023-10-30,417,South,24098,17861.0,,05:56:20,05:56:20,4,1472,Hwy 525 & Goat Trail Rd,0.0,0.0
2023-10-30,417,South,24098,17861.0,,05:57:14,05:57:14,5,1470,Hwy 525 & Clover Ln,0.0,0.0
2023-10-30,417,South,24098,17861.0,,05:58:01,05:58:01,6,1468,Hwy 525 & 76th St SW,0.0,0.0
2023-10-30,417,South,24098,17861.0,,05:58:33,05:58:33,7,1469,Hwy 525 & 80th St SW,0.0,0.0
2023-10-30,417,South,24098,17861.0,,05:58:50,05:58:50,8,1456,Hwy 525 & 81st Pl SW,0.0,0.0
2023-10-30,417,South,24098,17861.0,,05:59:21,05:59:21,9,1457,Hwy 525 & 84th St SW,0.0,0.0
2023-10-30,417,South,24098,17861.0,,05:59:50,05:59:50,10,1458,Hwy 525 & 88th St SW,0.0,0.0
2023-10-30,417,South,24098,17861.0,05:58:00,06:00:25,06:00:44,11,1459,Hwy 525 & 92nd St SW,1.0,0.0
2023-10-30,417,South,24098,17861.0,,06:02:16,06:02:16,12,1466,Hwy 525 & Harbour Pointe Blvd,0.0,0.0
2023-10-30,417,South,24098,17861.0,,06:03:10,06:03:40,13,1461,Hwy 525 & Chennault Beach Rd,1.0,0.0
2023-10-30,417,South,24098,17861.0,,06:04:08,06:04:08,14,1464,Hwy 525 & Russell Rd,0.0,0.0
2023-10-30,417,South,24098,17861.0,,06:05:10,06:05:50,15,1462,Hwy 525 & Harbour Pointe Blvd SW,4.0,0.0
2023-10-30,417,South,24098,17861.0,06:05:00,06:07:10,06:07:18,16,1460,Hwy 525 & Beverly Park Rd,0.0,0.0
2023-10-30,417,South,24098,17861.0,,06:08:34,06:09:07,17,1467,Hwy 525 & Lincoln Way,0.0,0.0
2023-10-30,417,South,24098,17861.0,06:33:00,06:32:55,06:33:49,21,1909,Stewart St & 9th Ave,0.0,2.0
2023-10-30,417,South,24098,17861.0,,06:34:41,06:35:03,22,1908,Stewart St & 7th Ave,0.0,2.0
2023-10-30,417,South,24098,17861.0,,06:37:52,06:38:08,23,1907,Stewart St & 4th Ave,0.0,1.0
2023-10-30,417,South,24098,17861.0,,06:39:48,06:39:48,24,1079,2nd Ave & Stewart St,0.0,0.0
2023-10-30,417,South,24098,17861.0,06:41:00,06:41:21,06:41:21,25,2909,2nd Ave & Seneca St,0.0,0.0
2023-10-30,417,South,24098,17861.0,,06:42:02,06:42:14,26,2631,2nd Ave & Cherry St,0.0,1.0
2023-10-30,417,South,24098,17861.0,06:45:00,06:43:16,06:43:16,27,2349,2nd Ave Ext S & Yesler Way,0.0,0.0
2023-10-30,417,South,24099,19821.0,06:22:00,06:23:54,06:23:54,0,3265,Mukilteo Ferry Terminal Bay 2,2.0,0.0
2023-10-30,417,South,24099,19821.0,,,,1,3275,1st St & Mukilteo Station,,
2023-10-30,417,South,24099,19821.0,,06:24:59,06:24:59,2,1455,Hwy 525 & 3rd St,0.0,0.0
2023-10-30,417,South,24099,19821.0,,06:25:08,06:25:08,3,3281,Hwy 525 & 5th St,0.0,0.0
2023-10-30,417,South,24099,19821.0,,06:25:58,06:25:58,4,1472,Hwy 525 & Goat Trail Rd,0.0,0.0
2023-10-30,417,South,24099,19821.0,,06:26:58,06:26:58,5,1470,Hwy 525 & Clover Ln,0.0,0.0
2023-10-30,417,South,24099,19821.0,,06:27:47,06:27:47,6,1468,Hwy 525 & 76th St SW,0.0,0.0
2023-10-30,417,South,24099,19821.0,,06:28:22,06:28:22,7,1469,Hwy 525 & 80th St SW,0.0,0.0
2023-10-30,417,South,24099,19821.0,,06:28:38,06:28:38,8,1456,Hwy 525 & 81st Pl SW,0.0,0.0
2023-10-30,417,South,24099,19821.0,,06:29:22,06:29:49,9,1457,Hwy 525 & 84th St SW,1.0,0.0
2023-10-30,417,South,24099,19821.0,,06:30:24,06:30:24,10,1458,Hwy 525 & 88th St SW,0.0,0.0
2023-10-30,417,South,24099,19821.0,06:29:00,06:31:23,06:31:46,11,1459,Hwy 525 & 92nd St SW,1.0,0.0
2023-10-30,417,South,24099,19821.0,,06:33:47,06:33:47,12,1466,Hwy 525 & Harbour Pointe Blvd,0.0,0.0
2023-10-30,417,South,24099,19821.0,,06:34:30,06:34:30,13,1461,Hwy 525 & Chennault Beach Rd,0.0,0.0
2023-10-30,417,South,24099,19821.0,,06:34:53,06:34:53,14,1464,Hwy 525 & Russell Rd,0.0,0.0
2023-10-30,417,South,24099,19821.0,,06:36:03,06:36:30,15,1462,Hwy 525 & Harbour Pointe Blvd SW,2.0,0.0
2023-10-30,417,South,24099,19821.0,06:36:00,06:37:45,06:38:08,16,1460,Hwy 525 & Beverly Park Rd,1.0,0.0
2023-10-30,417,South,24099,19821.0,,06:39:21,06:39:36,17,1467,Hwy 525 & Lincoln Way,1.0,0.0
2023-10-30,417,South,24099,19821.0,07:08:00,07:05:46,07:06:00,21,1909,Stewart St & 9th Ave,0.0,0.0
2023-10-30,417,South,24099,19821.0,,07:06:28,07:06:56,22,1908,Stewart St & 7th Ave,0.0,5.0
2023-10-30,417,South,24099,19821.0,,07:07:58,07:08:15,23,1907,Stewart St & 4th Ave,0.0,0.0
2023-10-30,417,South,24099,19821.0,,07:09:56,07:10:09,24,1079,2nd Ave & Stewart St,0.0,0.0
2023-10-30,417,South,24099,19821.0,07:16:00,07:11:20,07:11:30,25,2909,2nd Ave & Seneca St,0.0,0.0
2023-10-30,417,South,24099,19821.0,,07:12:55,07:13:15,26,2631,2nd Ave & Cherry St,0.0,0.0
2023-10-30,417,South,24099,19821.0,07:20:00,07:14:33,07:14:33,27,2349,2nd Ave Ext S & Yesler Way,0.0,3.0
2023-10-30,417,South,24100,15818.0,06:52:00,06:52:16,06:52:16,0,3265,Mukilteo Ferry Terminal Bay 2,4.0,0.0
2023-10-30,417,South,24100,15818.0,,06:53:21,06:53:21,1,3275,1st St & Mukilteo Station,0.0,0.0
2023-10-30,417,South,24100,15818.0,,06:55:03,06:55:23,2,1455,Hwy 525 & 3rd St,1.0,0.0
2023-10-30,417,South,24100,15818.0,,06:55:37,06:55:37,3,3281,Hwy 525 & 5th St,0.0,0.0
2023-10-30,417,South,24100,15818.0,,06:56:25,06:56:25,4,1472,Hwy 525 & Goat Trail Rd,0.0,0.0
2023-10-30,417,South,24100,15818.0,,06:57:20,06:57:20,5,1470,Hwy 525 & Clover Ln,0.0,0.0
2023-10-30,417,South,24100,15818.0,,06:58:07,06:58:35,6,1468,Hwy 525 & 76th St SW,1.0,0.0
2023-10-30,417,South,24100,15818.0,,06:59:15,06:59:15,7,1469,Hwy 525 & 80th St SW,0.0,0.0
2023-10-30,417,South,24100,15818.0,,06:59:38,07:00:10,8,1456,Hwy 525 & 81st Pl SW,1.0,0.0
2023-10-30,417,South,24100,15818.0,,07:00:41,07:00:41,9,1457,Hwy 525 & 84th St SW,0.0,0.0
2023-10-30,417,South,24100,15818.0,,07:01:06,07:01:06,10,1458,Hwy 525 & 88th St SW,0.0,0.0
2023-10-30,417,South,24100,15818.0,07:00:00,07:01:48,07:02:16,11,1459,Hwy 525 & 92nd St SW,2.0,0.0
2023-10-30,417,South,24100,15818.0,,07:05:04,07:05:25,12,1466,Hwy 525 & Harbour Pointe Blvd,2.0,0.0
2023-10-30,417,South,24100,15818.0,,07:06:27,07:06:47,13,1461,Hwy 525 & Chennault Beach Rd,0.0,2.0
2023-10-30,417,South,24100,15818.0,,07:07:15,07:07:15,14,1464,Hwy 525 & Russell Rd,0.0,0.0
2023-10-30,417,South,24100,15818.0,,07:08:19,07:08:58,15,1462,Hwy 525 & Harbour Pointe Blvd SW,3.0,0.0
2023-10-30,417,South,24100,15818.0,07:09:00,07:11:06,07:12:08,16,1460,Hwy 525 & Beverly Park Rd,7.0,0.0
2023-10-30,417,South,24100,15818.0,,07:13:33,07:13:33,17,1467,Hwy 525 & Lincoln Way,0.0,0.0
2023-10-30,417,South,24100,15818.0,07:49:00,07:44:35,07:45:08,21,1909,Stewart St & 9th Ave,0.0,2.0
2023-10-30,417,South,24100,15818.0,,07:45:36,07:46:08,22,1908,Stewart St & 7th Ave,0.0,7.0
2023-10-30,417,South,24100,15818.0,,07:48:21,07:48:40,23,1907,Stewart St & 4th Ave,0.0,4.0
2023-10-30,417,South,24100,15818.0,,07:50:20,07:50:42,24,1079,2nd Ave & Stewart St,0.0,1.0
2023-10-30,417,South,24100,15818.0,07:57:00,07:51:48,07:52:38,25,2909,2nd Ave & Seneca St,0.0,3.0
2023-10-30,417,South,24100,15818.0,,07:53:19,07:53:19,26,2631,2nd Ave & Cherry St,0.0,0.0
2023-10-30,417,South,24100,15818.0,08:01:00,07:54:41,07:54:41,27,2349,2nd Ave Ext S & Yesler Way,0.0,2.0
2023-10-30,417,South,24101,17861.0,07:53:00,08:05:32,08:05:32,0,3265,Mukilteo Ferry Terminal Bay 2,3.0,0.0
2023-10-30,417,South,24101,17861.0,,08:06:27,08:06:27,1,3275,1st St & Mukilteo Station,0.0,0.0
2023-10-30,417,South,24101,17861.0,,08:09:36,08:09:36,2,1455,Hwy 525 & 3rd St,0.0,0.0
2023-10-30,417,South,24101,17861.0,,08:09:43,08:09:43,3,3281,Hwy 525 & 5th St,0.0,0.0
2023-10-30,417,South,24101,17861.0,,08:10:25,08:10:55,4,1472,Hwy 525 & Goat Trail Rd,1.0,0.0
2023-10-30,417,South,24101,17861.0,,08:11:53,08:11:53,5,1470,Hwy 525 & Clover Ln,0.0,0.0
2023-10-30,417,South,24101,17861.0,,08:13:02,08:13:42,6,1468,Hwy 525 & 76th St SW,2.0,0.0
2023-10-30,417,South,24101,17861.0,,08:14:18,08:14:18,7,1469,Hwy 525 & 80th St SW,0.0,0.0
2023-10-30,417,South,24101,17861.0,,08:14:42,08:15:11,8,1456,Hwy 525 & 81st Pl SW,1.0,0.0
2023-10-30,417,South,24101,17861.0,,08:15:44,08:16:18,9,1457,Hwy 525 & 84th St SW,1.0,0.0
2023-10-30,417,South,24101,17861.0,,08:16:55,08:17:30,10,1458,Hwy 525 & 88th St SW,1.0,0.0
2023-10-30,417,South,24101,17861.0,08:02:00,08:18:21,08:19:04,11,1459,Hwy 525 & 92nd St SW,1.0,0.0
2023-10-30,417,South,24101,17861.0,,08:21:19,08:21:39,12,1466,Hwy 525 & Harbour Pointe Blvd,2.0,0.0
2023-10-30,417,South,24101,17861.0,,08:22:58,08:22:58,13,1461,Hwy 525 & Chennault Beach Rd,0.0,0.0
2023-10-30,417,South,24101,17861.0,,08:23:19,08:23:19,14,1464,Hwy 525 & Russell Rd,0.0,0.0
2023-10-30,417,South,24101,17861.0,,08:24:38,08:24:51,15,1462,Hwy 525 & Harbour Pointe Blvd SW,0.0,1.0
2023-10-30,417,South,24101,17861.0,08:11:00,08:26:01,08:26:55,16,1460,Hwy 525 & Beverly Park Rd,8.0,0.0
2023-10-30,417,South,24101,17861.0,,08:28:04,08:28:51,17,1467,Hwy 525 & Lincoln Way,6.0,1.0
2023-10-30,417,South,24101,17861.0,08:53:00,08:54:07,08:54:47,21,1909,Stewart St & 9th Ave,0.0,8.0
2023-10-30,417,South,24101,17861.0,,08:55:45,08:56:18,22,1908,Stewart St & 7th Ave,0.0,6.0
2023-10-30,417,South,24101,17861.0,,08:58:50,08:59:18,23,1907,Stewart St & 4th Ave,0.0,4.0
2023-10-30,417,South,24101,17861.0,,09:01:03,09:01:18,24,1079,2nd Ave & Stewart St,0.0,1.0
2023-10-30,417,South,24101,17861.0,09:04:00,09:03:33,09:04:39,25,2909,2nd Ave & Seneca St,0.0,3.0
2023-10-30,417,South,24101,17861.0,,09:05:35,09:05:35,26,2631,2nd Ave & Cherry St,0.0,0.0
2023-10-30,417,South,24101,17861.0,09:10:00,09:08:04,09:08:04,27,2349,2nd Ave Ext S & Yesler Way,0.0,2.0
2023-10-31,417,North,24094,19815.0,15:11:00,15:10:32,15:10:32,0,640,4th Ave S & S Jackson St,5.0,0.0
2023-10-31,417,North,24094,19815.0,,15:11:13,15:11:13,1,635,4th Ave S & S Washington St,0.0,0.0
2023-10-31,417,North,24094,19815.0,,15:13:04,15:14:22,2,2638,4th Ave & Cherry St,3.0,0.0
2023-10-31,417,North,24094,19815.0,,15:16:00,15:16:23,3,641,4th Ave & Seneca St,2.0,1.0
2023-10-31,417,North,24094,19815.0,15:17:00,15:17:31,15:18:25,4,2976,4th Ave & Pine St,5.0,0.0
2023-10-31,417,North,24094,19815.0,,15:20:49,15:22:04,5,473,Olive Way & 6th Ave,8.0,0.0
2023-10-31,417,North,24094,19815.0,15:21:00,15:22:42,15:23:06,6,430,Howell St & 9th Ave,2.0,0.0
2023-10-31,417,North,24094,19815.0,,15:26:49,15:27:10,7,431,Howell St & Yale Ave,1.0,0.0
2023-10-31,417,North,24094,19815.0,,15:57:39,15:57:56,11,970,Hwy 525 & Lincoln Way,0.0,2.0
2023-10-31,417,North,24094,19815.0,16:06:00,16:00:54,16:00:54,12,966,Hwy 525 & Beverly Park Rd,0.0,0.0
2023-10-31,417,North,24094,19815.0,,16:02:08,16:02:30,13,969,Hwy 525 & Harbour Pointe Blvd SW,0.0,4.0
2023-10-31,417,North,24094,19815.0,,16:04:18,16:04:18,14,974,Hwy 525 & Chennault Beach Rd,0.0,0.0
2023-10-31,417,North,24094,19815.0,,16:05:55,16:05:55,15,975,Hwy 525 & Harbour Pointe Blvd,0.0,0.0
2023-10-31,417,North,24094,19815.0,16:16:00,16:08:02,16:08:18,16,965,Hwy 525 & 92nd St SW,0.0,2.0
2023-10-31,417,North,24094,19815.0,,16:10:11,16:10:35,17,964,Hwy 525 & 84th St SW,1.0,0.0
2023-10-31,417,North,24094,19815.0,,16:11:07,16:11:07,18,963,Hwy 525 & 80th St SW,0.0,0.0
2023-10-31,417,North,24094,19815.0,,16:11:37,16:12:01,19,973,Hwy 525 & 76th St SW,0.0,4.0
2023-10-31,417,North,24094,19815.0,,16:12:50,16:12:50,20,967,Hwy 525 & Clover Ln,0.0,0.0
2023-10-31,417,North,24094,19815.0,,16:13:15,16:13:15,21,972,Hwy 525 & 15th Pl,0.0,0.0
2023-10-31,417,North,24094,19815.0,,16:13:42,16:13:55,22,968,Hwy 525 & Goat Trail Rd,0.0,1.0
2023-10-31,417,North,24094,19815.0,,16:14:51,16:15:04,23,3280,Hwy 525 & 5th St,0.0,1.0
2023-10-31,417,North,24094,19815.0,,16:16:51,16:17:06,24,3274,1st St & Mukilteo Station,0.0,4.0
2023-10-31,417,North,24094,19815.0,16:30:00,16:18:08,16:18:08,25,3265,Mukilteo Ferry Terminal Bay 2,0.0,8.0
2023-10-31,417,North,24095,15818.0,16:11:00,16:11:52,16:11:52,0,640,4th Ave S & S Jackson St,2.0,0.0
2023-10-31,417,North,24095,15818.0,,16:12:40,16:12:56,1,635,4th Ave S & S Washington St,1.0,0.0
2023-10-31,417,North,24095,15818.0,,16:14:44,16:15:10,2,2638,4th Ave & Cherry St,2.0,0.0
2023-10-31,417,North,24095,15818.0,,16:17:32,16:18:03,3,641,4th Ave & Seneca St,5.0,0.0
2023-10-31,417,North,24095,15818.0,16:17:00,16:19:18,16:20:03,4,2976,4th Ave & Pine St,5.0,0.0
2023-10-31,417,North,24095,15818.0,,16:21:15,16:22:15,5,473,Olive Way & 6th Ave,3.0,0.0
2023-10-31,417,North,24095,15818.0,16:21:00,16:23:42,16:24:37,6,430,Howell St & 9th Ave,11.0,1.0
2023-10-31,417,North,24095,15818.0,,16:29:34,16:30:32,7,431,Howell St & Yale Ave,4.0,0.0
2023-10-31,417,North,24095,15818.0,,17:06:14,17:06:46,11,970,Hwy 525 & Lincoln Way,0.0,4.0
2023-10-31,417,North,24095,15818.0,17:08:00,17:11:06,17:11:48,12,966,Hwy 525 & Beverly Park Rd,0.0,4.0
2023-10-31,417,North,24095,15818.0,,17:12:57,17:13:30,13,969,Hwy 525 & Harbour Pointe Blvd SW,0.0,4.0
2023-10-31,417,North,24095,15818.0,,17:14:52,17:15:19,14,974,Hwy 525 & Chennault Beach Rd,0.0,3.0
2023-10-31,417,North,24095,15818.0,,17:16:08,17:16:08,15,975,Hwy 525 & Harbour Pointe Blvd,0.0,0.0
2023-10-31,417,North,24095,15818.0,17:18:00,17:18:00,17:18:35,16,965,Hwy 525 & 92nd St SW,0.0,2.0
2023-10-31,417,North,24095,15818.0,,17:19:37,17:20:28,17,964,Hwy 525 & 84th St SW,0.0,3.0
2023-10-31,417,North,24095,15818.0,,17:20:56,17:20:56,18,963,Hwy 525 & 80th St SW,0.0,0.0
2023-10-31,417,North,24095,15818.0,,17:21:19,17:21:19,19,973,Hwy 525 & 76th St SW,0.0,0.0
2023-10-31,417,North,24095,15818.0,,17:22:00,17:22:00,20,967,Hwy 525 & Clover Ln,0.0,0.0
2023-10-31,417,North,24095,15818.0,,17:22:26,17:22:26,21,972,Hwy 525 & 15th Pl,0.0,0.0
2023-10-31,417,North,24095,15818.0,,17:22:46,17:22:46,22,968,Hwy 525 & Goat Trail Rd,0.0,0.0
2023-10-31,417,North,24095,15818.0,,17:23:33,17:23:58,23,3280,Hwy 525 & 5th St,0.0,7.0
2023-10-31,417,North,24095,15818.0,,17:25:20,17:25:20,24,3274,1st St & Mukilteo Station,0.0,0.0
2023-10-31,417,North,24095,15818.0,17:31:00,17:26:07,17:26:07,25,3265,Mukilteo Ferry Terminal Bay 2,0.0,5.0
2023-10-31,417,North,24096,15814.0,17:22:00,17:23:48,17:23:48,0,640,4th Ave S & S Jackson St,1.0,0.0
2023-10-31,417,North,24096,15814.0,,17:24:27,17:24:33,1,635,4th Ave S & S Washington St,0.0,0.0
2023-10-31,417,North,24096,15814.0,,17:25:21,17:25:41,2,2638,4th Ave & Cherry St,1.0,0.0
2023-10-31,417,North,24096,15814.0,,17:27:00,17:27:29,3,641,4th Ave & Seneca St,4.0,1.0
2023-10-31,417,North,24096,15814.0,17:28:00,17:29:44,17:30:22,4,2976,4th Ave & Pine St,2.0,0.0
2023-10-31,417,North,24096,15814.0,,17:32:45,17:34:02,5,473,Olive Way & 6th Ave,2.0,0.0
2023-10-31,417,North,24096,15814.0,17:32:00,17:35:34,17:36:19,6,430,Howell St & 9th Ave,3.0,0.0
2023-10-31,417,North,24096,15814.0,,17:38:39,17:39:08,7,431,Howell St & Yale Ave,4.0,0.0
2023-10-31,417,North,24096,15814.0,,18:09:24,18:09:51,11,970,Hwy 525 & Lincoln Way,1.0,2.0
2023-10-31,417,North,24096,15814.0,18:14:00,18:13:49,18:14:16,12,966,Hwy 525 & Beverly Park Rd,0.0,4.0
2023-10-31,417,North,24096,15814.0,,18:15:27,18:15:44,13,969,Hwy 525 & Harbour Pointe Blvd SW,0.0,2.0
2023-10-31,417,North,24096,15814.0,,18:17:04,18:17:16,14,974,Hwy 525 & Chennault Beach Rd,0.0,1.0
2023-10-31,417,North,24096,15814.0,,18:18:05,18:18:05,15,975,Hwy 525 & Harbour Pointe Blvd,0.0,0.0
2023-10-31,417,North,24096,15814.0,18:22:00,18:20:15,18:20:36,16,965,Hwy 525 & 92nd St SW,0.0,2.0
2023-10-31,417,North,24096,15814.0,,18:21:50,18:22:16,17,964,Hwy 525 & 84th St SW,0.0,4.0
2023-10-31,417,North,24096,15814.0,,18:22:48,18:22:48,18,963,Hwy 525 & 80th St SW,0.0,0.0
2023-10-31,417,North,24096,15814.0,,18:23:12,18:23:12,19,973,Hwy 525 & 76th St SW,0.0,0.0
2023-10-31,417,North,24096,15814.0,,18:23:57,18:23:57,20,967,Hwy 525 & Clover Ln,0.0,0.0
2023-10-31,417,North,24096,15814.0,,18:24:21,18:24:21,21,972,Hwy 525 & 15th Pl,0.0,0.0
2023-10-31,417,North,24096,15814.0,,18:24:39,18:24:39,22,968,Hwy 525 & Goat Trail Rd,0.0,0.0
2023-10-31,417,North,24096,15814.0,,18:25:55,18:25:55,23,3280,Hwy 525 & 5th St,0.0,0.0
2023-10-31,417,North,24096,15814.0,,18:27:25,18:27:25,24,3274,1st St & Mukilteo Station,0.0,0.0
2023-10-31,417,North,24096,15814.0,18:31:00,18:28:34,18:28:34,25,3265,Mukilteo Ferry Terminal Bay 2,0.0,2.0
2023-10-31,417,North,24097,17850.0,17:55:00,17:56:02,17:56:02,0,640,4th Ave S & S Jackson St,0.0,0.0
2023-10-31,417,North,24097,17850.0,,17:57:23,17:57:23,1,635,4th Ave S & S Washington St,0.0,0.0
2023-10-31,417,North,24097,17850.0,,17:58:04,17:58:21,2,2638,4th Ave & Cherry St,1.0,0.0
2023-10-31,417,North,24097,17850.0,,18:00:02,18:00:15,3,641,4th Ave & Seneca St,0.0,0.0
2023-10-31,417,North,24097,17850.0,18:00:00,18:01:23,18:01:50,4,2976,4th Ave & Pine St,2.0,0.0
2023-10-31,417,North,24097,17850.0,,18:03:11,18:04:02,5,473,Olive Way & 6th Ave,3.0,0.0
2023-10-31,417,North,24097,17850.0,18:04:00,18:04:37,18:04:56,6,430,Howell St & 9th Ave,1.0,1.0
2023-10-31,417,North,24097,17850.0,,18:08:34,18:08:52,7,431,Howell St & Yale Ave,1.0,0.0
2023-10-31,417,North,24097,17850.0,,18:32:36,18:32:51,11,970,Hwy 525 & Lincoln Way,0.0,2.0
2023-10-31,417,North,24097,17850.0,18:38:00,18:34:53,18:35:11,12,966,Hwy 525 & Beverly Park Rd,0.0,2.0
2023-10-31,417,North,24097,17850.0,,18:36:11,18:36:11,13,969,Hwy 525 & Harbour Pointe Blvd SW,0.0,0.0
2023-10-31,417,North,24097,17850.0,,18:37:12,18:37:12,14,974,Hwy 525 & Chennault Beach Rd,0.0,0.0
2023-10-31,417,North,24097,17850.0,,18:37:49,18:37:49,15,975,Hwy 525 & Harbour Pointe Blvd,0.0,0.0
2023-10-31,417,North,24097,17850.0,18:46:00,18:39:26,18:39:54,16,965,Hwy 525 & 92nd St SW,0.0,3.0
2023-10-31,417,North,24097,17850.0,,18:41:15,18:41:15,17,964,Hwy 525 & 84th St SW,0.0,0.0
2023-10-31,417,North,24097,17850.0,,18:41:40,18:41:40,18,963,Hwy 525 & 80th St SW,0.0,0.0
2023-10-31,417,North,24097,17850.0,,18:41:59,18:41:59,19,973,Hwy 525 & 76th St SW,0.0,0.0
2023-10-31,417,North,24097,17850.0,,18:42:44,18:42:44,20,967,Hwy 525 & Clover Ln,0.0,0.0
2023-10-31,417,North,24097,17850.0,,18:43:09,18:43:09,21,972,Hwy 525 & 15th Pl,0.0,0.0
2023-10-31,417,North,24097,17850.0,,18:43:26,18:43:26,22,968,Hwy 525 & Goat Trail Rd,0.0,0.0
2023-10-31,417,North,24097,17850.0,,18:44:20,18:44:20,23,3280,Hwy 525 & 5th St,0.0,0.0
2023-10-31,417,North,24097,17850.0,,18:45:25,18:45:25,24,3274,1st St & Mukilteo Station,0.0,0.0
2023-10-31,417,North,24097,17850.0,18:55:00,18:46:15,18:46:15,25,3265,Mukilteo Ferry Terminal Bay 2,0.0,0.0
2023-10-31,417,South,24098,15813.0,05:51:00,05:51:47,05:51:47,0,3265,Mukilteo Ferry Terminal Bay 2,10.0,0.0
2023-10-31,417,South,24098,15813.0,,05:52:46,05:52:46,1,3275,1st St & Mukilteo Station,0.0,0.0
2023-10-31,417,South,24098,15813.0,,05:54:37,05:54:37,2,1455,Hwy 525 & 3rd St,0.0,0.0
2023-10-31,417,South,24098,15813.0,,05:54:45,05:54:45,3,3281,Hwy 525 & 5th St,0.0,0.0
2023-10-31,417,South,24098,15813.0,,05:55:26,05:55:26,4,1472,Hwy 525 & Goat Trail Rd,0.0,0.0
2023-10-31,417,South,24098,15813.0,,05:56:17,05:56:17,5,1470,Hwy 525 & Clover Ln,0.0,0.0
2023-10-31,417,South,24098,15813.0,,05:57:06,05:57:06,6,1468,Hwy 525 & 76th St SW,0.0,0.0
2023-10-31,417,South,24098,15813.0,,05:57:35,05:57:35,7,1469,Hwy 525 & 80th St SW,0.0,0.0
2023-10-31,417,South,24098,15813.0,,05:57:55,05:57:55,8,1456,Hwy 525 & 81st Pl SW,0.0,0.0
2023-10-31,417,South,24098,15813.0,,05:58:23,05:58:39,9,1457,Hwy 525 & 84th St SW,1.0,0.0
2023-10-31,417,South,24098,15813.0,,05:59:14,05:59:14,10,1458,Hwy 525 & 88th St SW,0.0,0.0
2023-10-31,417,South,24098,15813.0,05:58:00,05:59:51,05:59:51,11,1459,Hwy 525 & 92nd St SW,0.0,0.0
2023-10-31,417,South,24098,15813.0,,06:02:34,06:02:34,12,1466,Hwy 525 & Harbour Pointe Blvd,0.0,0.0
2023-10-31,417,South,24098,15813.0,,06:03:25,06:03:52,13,1461,Hwy 525 & Chennault Beach Rd,2.0,0.0
2023-10-31,417,South,24098,15813.0,,06:04:20,06:04:20,14,1464,Hwy 525 & Russell Rd,0.0,0.0
2023-10-31,417,South,24098,15813.0,,06:05:21,06:06:10,15,1462,Hwy 525 & Harbour Pointe Blvd SW,3.0,0.0
2023-10-31,417,South,24098,15813.0,06:05:00,06:07:43,06:07:43,16,1460,Hwy 525 & Beverly Park Rd,0.0,0.0
2023-10-31,417,South,24098,15813.0,,06:08:47,06:09:06,17,1467,Hwy 525 & Lincoln Way,1.0,0.0
2023-10-31,417,South,24098,15813.0,06:33:00,06:34:43,06:35:15,21,1909,Stewart St & 9th Ave,0.0,7.0
2023-10-31,417,South,24098,15813.0,,06:36:10,06:36:46,22,1908,Stewart St & 7th Ave,0.0,4.0
2023-10-31,417,South,24098,15813.0,,06:37:47,06:37:47,23,1907,Stewart St & 4th Ave,0.0,0.0
2023-10-31,417,South,24098,15813.0,,06:38:17,06:38:29,24,1079,2nd Ave & Stewart St,0.0,2.0
2023-10-31,417,South,24098,15813.0,06:41:00,06:39:48,06:40:35,25,2909,2nd Ave & Seneca St,0.0,2.0
2023-10-31,417,South,24098,15813.0,,06:41:26,06:41:44,26,2631,2nd Ave & Cherry St,0.0,1.0
2023-10-31,417,South,24098,15813.0,06:45:00,06:43:00,06:43:00,27,2349,2nd Ave Ext S & Yesler Way,0.0,1.0
2023-10-31,417,South,24099,19817.0,06:22:00,06:24:35,06:24:35,0,3265,Mukilteo Ferry Terminal Bay 2,1.0,0.0
2023-10-31,417,South,24099,19817.0,,,,1,3275,1st St & Mukilteo Station,,
2023-10-31,417,South,24099,19817.0,,06:25:37,06:25:37,2,1455,Hwy 525 & 3rd St,0.0,0.0
2023-10-31,417,South,24099,19817.0,,06:25:45,06:25:45,3,3281,Hwy 525 & 5th St,0.0,0.0
2023-10-31,417,South,24099,19817.0,,06:26:39,06:26:39,4,1472,Hwy 525 & Goat Trail Rd,0.0,0.0
2023-10-31,417,South,24099,19817.0,,06:27:45,06:27:45,5,1470,Hwy 525 & Clover Ln,0.0,0.0
2023-10-31,417,South,24099,19817.0,,06:28:35,06:29:04,6,1468,Hwy 525 & 76th St SW,1.0,0.0
2023-10-31,417,South,24099,19817.0,,06:29:42,06:29:42,7,1469,Hwy 525 & 80th St SW,0.0,0.0
2023-10-31,417,South,24099,19817.0,,06:30:00,06:30:00,8,1456,Hwy 525 & 81st Pl SW,0.0,0.0
2023-10-31,417,South,24099,19817.0,,06:30:36,06:31:01,9,1457,Hwy 525 & 84th St SW,4.0,0.0
2023-10-31,417,South,24099,19817.0,,06:31:41,06:31:52,10,1458,Hwy 525 & 88th St SW,0.0,0.0
2023-10-31,417,South,24099,19817.0,06:29:00,06:32:54,06:33:17,11,1459,Hwy 525 & 92nd St SW,2.0,0.0
2023-10-31,417,South,24099,19817.0,,06:36:00,06:36:00,12,1466,Hwy 525 & Harbour Pointe Blvd,0.0,0.0
2023-10-31,417,South,24099,19817.0,,06:37:22,06:37:22,13,1461,Hwy 525 & Chennault Beach Rd,0.0,0.0
2023-10-31,417,South,24099,19817.0,,06:37:47,06:37:47,14,1464,Hwy 525 & Russell Rd,0.0,0.0
2023-10-31,417,South,24099,19817.0,,06:38:52,06:39:14,15,1462,Hwy 525 & Harbour Pointe Blvd SW,2.0,0.0
2023-10-31,417,South,24099,19817.0,06:36:00,06:41:22,06:41:39,16,1460,Hwy 525 & Beverly Park Rd,1.0,0.0
2023-10-31,417,South,24099,19817.0,,06:42:49,06:42:49,17,1467,Hwy 525 & Lincoln Way,0.0,0.0
2023-10-31,417,South,24099,19817.0,07:08:00,07:13:06,07:13:19,21,1909,Stewart St & 9th Ave,0.0,2.0
2023-10-31,417,South,24099,19817.0,,07:13:49,07:14:05,22,1908,Stewart St & 7th Ave,0.0,1.0
2023-10-31,417,South,24099,19817.0,,07:15:26,07:15:45,23,1907,Stewart St & 4th Ave,0.0,5.0
2023-10-31,417,South,24099,19817.0,,07:17:21,07:17:33,24,1079,2nd Ave & Stewart St,0.0,0.0
2023-10-31,417,South,24099,19817.0,07:16:00,07:18:37,07:18:51,25,2909,2nd Ave & Seneca St,0.0,1.0
2023-10-31,417,South,24099,19817.0,,07:19:34,07:20:02,26,2631,2nd Ave & Cherry St,0.0,1.0
2023-10-31,417,South,24099,19817.0,07:20:00,07:21:18,07:21:18,27,2349,2nd Ave Ext S & Yesler Way,0.0,1.0
2023-10-31,417,South,24100,17863.0,06:52:00,06:52:33,06:52:33,0,3265,Mukilteo Ferry Terminal Bay 2,4.0,0.0
2023-10-31,417,South,24100,17863.0,,06:53:32,06:53:32,1,3275,1st St & Mukilteo Station,0.0,0.0
2023-10-31,417,South,24100,17863.0,,06:54:53,06:54:53,2,1455,Hwy 525 & 3rd St,0.0,0.0
2023-10-31,417,South,24100,17863.0,,06:55:01,06:55:01,3,3281,Hwy 525 & 5th St,0.0,0.0
2023-10-31,417,South,24100,17863.0,,06:56:01,06:56:28,4,1472,Hwy 525 & Goat Trail Rd,1.0,0.0
2023-10-31,417,South,24100,17863.0,,06:57:27,06:57:27,5,1470,Hwy 525 & Clover Ln,0.0,0.0
2023-10-31,417,South,24100,17863.0,,06:58:15,06:58:39,6,1468,Hwy 525 & 76th St SW,2.0,0.0
2023-10-31,417,South,24100,17863.0,,06:59:18,06:59:18,7,1469,Hwy 525 & 80th St SW,0.0,0.0
2023-10-31,417,South,24100,17863.0,,06:59:43,07:00:15,8,1456,Hwy 525 & 81st Pl SW,1.0,0.0
2023-10-31,417,South,24100,17863.0,,07:00:45,07:00:45,9,1457,Hwy 525 & 84th St SW,0.0,0.0
2023-10-31,417,South,24100,17863.0,,07:01:10,07:01:10,10,1458,Hwy 525 & 88th St SW,0.0,0.0
2023-10-31,417,South,24100,17863.0,07:00:00,07:02:13,07:02:36,11,1459,Hwy 525 & 92nd St SW,2.0,0.0
2023-10-31,417,South,24100,17863.0,,07:05:10,07:05:10,12,1466,Hwy 525 & Harbour Pointe Blvd,0.0,0.0
2023-10-31,417,South,24100,17863.0,,07:05:55,07:05:55,13,1461,Hwy 525 & Chennault Beach Rd,0.0,0.0
2023-10-31,417,South,24100,17863.0,,07:06:17,07:06:17,14,1464,Hwy 525 & Russell Rd,0.0,0.0
2023-10-31,417,South,24100,17863.0,,07:07:13,07:07:47,15,1462,Hwy 525 & Harbour Pointe Blvd SW,4.0,0.0
2023-10-31,417,South,24100,17863.0,07:09:00,07:09:21,07:09:49,16,1460,Hwy 525 & Beverly Park Rd,2.0,0.0
2023-10-31,417,South,24100,17863.0,,07:11:28,07:11:57,17,1467,Hwy 525 & Lincoln Way,1.0,0.0
2023-10-31,417,South,24100,17863.0,07:49:00,07:47:56,07:48:30,21,1909,Stewart St & 9th Ave,0.0,7.0
2023-10-31,417,South,24100,17863.0,,07:49:40,07:50:16,22,1908,Stewart St & 7th Ave,0.0,5.0
2023-10-31,417,South,24100,17863.0,,07:51:20,07:51:40,23,1907,Stewart St & 4th Ave,0.0,2.0
2023-10-31,417,South,24100,17863.0,,07:53:15,07:53:37,24,1079,2nd Ave & Stewart St,0.0,1.0
2023-10-31,417,South,24100,17863.0,07:57:00,07:55:16,07:55:39,25,2909,2nd Ave & Seneca St,0.0,2.0
2023-10-31,417,South,24100,17863.0,,07:56:28,07:56:28,26,2631,2nd Ave & Cherry St,0.0,0.0
2023-10-31,417,South,24100,17863.0,08:01:00,07:56:57,07:56:57,27,2349,2nd Ave Ext S & Yesler Way,0.0,0.0
2023-10-31,417,South,24101,15813.0,07:53:00,07:53:46,07:53:46,0,3265,Mukilteo Ferry Terminal Bay 2,2.0,0.0
2023-10-31,417,South,24101,15813.0,,07:54:44,07:54:44,1,3275,1st St & Mukilteo Station,0.0,0.0
2023-10-31,417,South,24101,15813.0,,07:56:25,07:56:25,2,1455,Hwy 525 & 3rd St,0.0,0.0
2023-10-31,417,South,24101,15813.0,,07:56:33,07:56:33,3,3281,Hwy 525 & 5th St,0.0,0.0
2023-10-31,417,South,24101,15813.0,,07:57:17,07:57:17,4,1472,Hwy 525 & Goat Trail Rd,0.0,0.0
2023-10-31,417,South,24101,15813.0,,07:58:18,07:58:18,5,1470,Hwy 525 & Clover Ln,0.0,0.0
2023-10-31,417,South,24101,15813.0,,07:59:40,08:00:05,6,1468,Hwy 525 & 76th St SW,1.0,0.0
2023-10-31,417,South,24101,15813.0,,08:00:42,08:00:42,7,1469,Hwy 525 & 80th St SW,0.0,0.0
2023-10-31,417,South,24101,15813.0,,08:01:01,08:01:01,8,1456,Hwy 525 & 81st Pl SW,0.0,0.0
2023-10-31,417,South,24101,15813.0,,08:01:33,08:02:07,9,1457,Hwy 525 & 84th St SW,2.0,0.0
2023-10-31,417,South,24101,15813.0,,08:02:41,08:02:41,10,1458,Hwy 525 & 88th St SW,0.0,0.0
2023-10-31,417,South,24101,15813.0,08:02:00,08:03:29,08:04:06,11,1459,Hwy 525 & 92nd St SW,2.0,0.0
2023-10-31,417,South,24101,15813.0,,08:06:33,08:06:57,12,1466,Hwy 525 & Harbour Pointe Blvd,1.0,0.0
2023-10-31,417,South,24101,15813.0,,08:08:06,08:08:37,13,1461,Hwy 525 & Chennault Beach Rd,1.0,0.0
2023-10-31,417,South,24101,15813.0,,08:09:06,08:09:06,14,1464,Hwy 525 & Russell Rd,0.0,0.0
2023-10-31,417,South,24101,15813.0,,08:10:35,08:11:11,15,1462,Hwy 525 & Harbour Pointe Blvd SW,3.0,0.0
2023-10-31,417,South,24101,15813.0,08:11:00,08:13:01,08:14:09,16,1460,Hwy 525 & Beverly Park Rd,7.0,0.0
2023-10-31,417,South,24101,15813.0,,08:15:32,08:16:17,17,1467,Hwy 525 & Lincoln Way,6.0,0.0
2023-10-31,417,South,24101,15813.0,08:53:00,08:54:54,08:55:25,21,1909,Stewart St & 9th Ave,1.0,12.0
2023-10-31,417,South,24101,15813.0,,08:55:53,08:56:24,22,1908,Stewart St & 7th Ave,0.0,8.0
2023-10-31,417,South,24101,15813.0,,08:58:49,08:59:07,23,1907,Stewart St & 4th Ave,0.0,3.0
2023-10-31,417,South,24101,15813.0,,09:00:57,09:01:18,24,1079,2nd Ave & Stewart St,0.0,2.0
2023-10-31,417,South,24101,15813.0,09:04:00,09:03:25,09:03:25,25,2909,2nd Ave & Seneca St,0.0,0.0
2023-10-31,417,South,24101,15813.0,,09:04:05,09:04:17,26,2631,2nd Ave & Cherry St,0.0,1.0
2023-10-31,417,South,24101,15813.0,09:10:00,09:06:17,09:06:17,27,2349,2nd Ave Ext S & Yesler Way,0.0,0.0
