OPERATION_DATE,ROUTE_ID,DIRECTION,TRIP_ID,VEHICLE_ID,SCHED_DEPTIME,ACT_ARRTIME,ACT_DEPTIME,STOP_ORDER_NBR,STOP_ID,STOP,BOARDINGS,ALIGHTINGS
2023-10-02,860,North,22211,21806.0,14:40:00,14:44:00,14:44:00,0,2192,Northgate Station Bay 2,13.0,0.0
2023-10-02,860,North,22211,21806.0,14:57:00,15:01:23,15:01:44,3,2163,Ash Way Park & Ride Bay 4,1.0,3.0
2023-10-02,860,North,22211,21806.0,,15:03:07,15:04:03,4,3062,Ash Way & 157th St SW,1.0,1.0
2023-10-02,860,North,22211,21806.0,,15:04:25,15:04:25,5,2993,Ash Way & 153rd St SW,0.0,0.0
2023-10-02,860,North,22211,21806.0,,15:05:07,15:05:19,6,2994,Ash Way & 149th St SW,0.0,2.0
2023-10-02,860,North,22211,21806.0,,15:06:38,15:06:38,7,2995,Ash Way & 141st Pl SW,0.0,0.0
2023-10-02,860,North,22211,21806.0,,15:07:06,15:07:06,8,3004,Ash Way & 137th St SW,0.0,0.0
2023-10-02,860,North,22211,21806.0,,15:08:08,15:08:08,9,2456,134th St SW & Ash Way,0.0,0.0
2023-10-02,860,North,22211,21806.0,15:04:00,15:09:06,15:09:18,10,2104,Mariner Park & Ride Bay 2,0.0,5.0
2023-10-02,860,North,22211,21806.0,,15:12:25,15:12:25,11,165,128th St SE & 3rd Ave SE,0.0,0.0
2023-10-02,860,North,22211,21806.0,,15:12:44,15:12:44,12,169,128th St SE & Park Rd,0.0,0.0
2023-10-02,860,North,22211,21806.0,15:11:00,15:13:58,15:13:58,13,3323,McCollum Park Park & Ride Temporary Bay,0.0,4.0
2023-10-02,860,North,22212,16804.0,15:15:00,15:15:52,15:15:52,0,2192,Northgate Station Bay 2,10.0,0.0
2023-10-02,860,North,22212,16804.0,15:37:00,15:34:17,15:34:45,3,2163,Ash Way Park & Ride Bay 4,1.0,2.0
2023-10-02,860,North,22212,16804.0,,15:35:47,15:35:47,4,3062,Ash Way & 157th St SW,0.0,0.0
2023-10-02,860,North,22212,16804.0,,15:36:01,15:36:01,5,2993,Ash Way & 153rd St SW,0.0,0.0
2023-10-02,860,North,22212,16804.0,,15:36:34,15:36:34,6,2994,Ash Way & 149th St SW,0.0,0.0
2023-10-02,860,North,22212,16804.0,,15:38:37,15:38:37,7,2995,Ash Way & 141st Pl SW,0.0,0.0
2023-10-02,860,North,22212,16804.0,,15:41:14,15:41:14,8,3004,Ash Way & 137th St SW,0.0,0.0
2023-10-02,860,North,22212,16804.0,,15:42:48,15:43:00,9,2456,134th St SW & Ash Way,0.0,2.0
2023-10-02,860,North,22212,16804.0,15:44:00,15:43:55,15:44:21,10,2104,Mariner Park & Ride Bay 2,0.0,4.0
2023-10-02,860,North,22212,16804.0,,15:49:00,15:49:00,11,165,128th St SE & 3rd Ave SE,0.0,0.0
2023-10-02,860,North,22212,16804.0,,15:49:16,15:49:16,12,169,128th St SE & Park Rd,0.0,0.0
2023-10-02,860,North,22212,16804.0,15:51:00,15:50:23,15:50:23,13,3323,McCollum Park Park & Ride Temporary Bay,0.0,3.0
2023-10-02,860,North,22213,21802.0,15:45:00,15:47:12,15:47:12,0,2192,Northgate Station Bay 2,0.0,0.0
2023-10-02,860,North,22213,21802.0,16:11:00,16:12:04,16:12:43,3,2163,Ash Way Park & Ride Bay 4,0.0,0.0
2023-10-02,860,North,22213,21802.0,,16:15:11,16:15:11,4,3062,Ash Way & 157th St SW,0.0,0.0
2023-10-02,860,North,22213,21802.0,,16:15:26,16:15:26,5,2993,Ash Way & 153rd St SW,0.0,0.0
2023-10-02,860,North,22213,21802.0,,16:16:01,16:16:01,6,2994,Ash Way & 149th St SW,0.0,0.0
2023-10-02,860,North,22213,21802.0,,16:17:14,16:17:14,7,2995,Ash Way & 141st Pl SW,0.0,0.0
2023-10-02,860,North,22213,21802.0,,16:17:42,16:17:42,8,3004,Ash Way & 137th St SW,0.0,0.0
2023-10-02,860,North,22213,21802.0,,16:18:43,16:18:43,9,2456,134th St SW & Ash Way,0.0,0.0
2023-10-02,860,North,22213,21802.0,16:18:00,16:19:40,16:20:01,10,2104,Mariner Park & Ride Bay 2,0.0,0.0
2023-10-02,860,North,22213,21802.0,,16:25:51,16:25:51,11,165,128th St SE & 3rd Ave SE,0.0,0.0
2023-10-02,860,North,22213,21802.0,,16:26:15,16:26:15,12,169,128th St SE & Park Rd,0.0,0.0
2023-10-02,860,North,22213,21802.0,16:25:00,16:27:46,16:27:46,13,3323,McCollum Park Park & Ride Temporary Bay,0.0,0.0
2023-10-02,860,North,22214,17801.0,16:15:00,16:15:05,16:15:05,0,2192,Northgate Station Bay 2,21.0,0.0
2023-10-02,860,North,22214,17801.0,16:41:00,16:41:06,16:41:42,3,2163,Ash Way Park & Ride Bay 4,3.0,16.0
2023-10-02,860,North,22214,17801.0,,16:43:29,16:43:29,4,3062,Ash Way & 157th St SW,0.0,0.0
2023-10-02,860,North,22214,17801.0,,16:43:47,16:43:47,5,2993,Ash Way & 153rd St SW,0.0,0.0
2023-10-02,860,North,22214,17801.0,,16:44:19,16:44:19,6,2994,Ash Way & 149th St SW,0.0,0.0
2023-10-02,860,North,22214,17801.0,,16:46:01,16:46:01,7,2995,Ash Way & 141st Pl SW,0.0,0.0
2023-10-02,860,North,22214,17801.0,,16:46:27,16:46:27,8,3004,Ash Way & 137th St SW,0.0,0.0
2023-10-02,860,North,22214,17801.0,,16:47:18,16:47:18,9,2456,134th St SW & Ash Way,0.0,0.0
2023-10-02,860,North,22214,17801.0,16:48:00,16:48:10,16:48:26,10,2104,Mariner Park & Ride Bay 2,0.0,3.0
2023-10-02,860,North,22214,17801.0,,16:52:19,16:52:31,11,165,128th St SE & 3rd Ave SE,0.0,1.0
2023-10-02,860,North,22214,17801.0,,16:52:53,16:52:53,12,169,128th St SE & Park Rd,0.0,0.0
2023-10-02,860,North,22214,17801.0,16:58:00,16:54:11,16:54:11,13,3323,McCollum Park Park & Ride Temporary Bay,0.0,4.0
2023-10-02,860,North,22215,22805.0,16:45:00,16:47:52,16:47:52,0,2192,Northgate Station Bay 2,23.0,0.0
2023-10-02,860,North,22215,22805.0,17:11:00,17:14:23,17:15:12,3,2163,Ash Way Park & Ride Bay 4,2.0,16.0
2023-10-02,860,North,22215,22805.0,,17:17:12,17:17:46,4,3062,Ash Way & 157th St SW,0.0,1.0
2023-10-02,860,North,22215,22805.0,,17:18:08,17:18:08,5,2993,Ash Way & 153rd St SW,0.0,0.0
2023-10-02,860,North,22215,22805.0,,17:18:52,17:19:06,6,2994,Ash Way & 149th St SW,0.0,1.0
2023-10-02,860,North,22215,22805.0,,17:20:18,17:20:18,7,2995,Ash Way & 141st Pl SW,0.0,0.0
2023-10-02,860,North,22215,22805.0,,17:20:46,17:20:46,8,3004,Ash Way & 137th St SW,0.0,0.0
2023-10-02,860,North,22215,22805.0,,17:21:43,17:21:54,9,2456,134th St SW & Ash Way,0.0,1.0
2023-10-02,860,North,22215,22805.0,17:18:00,17:22:56,17:23:23,10,2104,Mariner Park & Ride Bay 2,1.0,3.0
2023-10-02,860,North,22215,22805.0,,17:26:45,17:26:59,11,165,128th St SE & 3rd Ave SE,0.0,1.0
2023-10-02,860,North,22215,22805.0,,17:27:30,17:27:40,12,169,128th St SE & Park Rd,0.0,1.0
2023-10-02,860,North,22215,22805.0,17:28:00,17:29:07,17:29:07,13,3323,McCollum Park Park & Ride Temporary Bay,0.0,2.0
2023-10-02,860,North,22216,21809.0,17:15:00,17:17:37,17:17:37,0,2192,Northgate Station Bay 2,27.0,0.0
2023-10-02,860,North,22216,21809.0,17:39:00,17:43:31,17:44:13,3,2163,Ash Way Park & Ride Bay 4,2.0,17.0
2023-10-02,860,North,22216,21809.0,,17:46:20,17:46:20,4,3062,Ash Way & 157th St SW,0.0,0.0
2023-10-02,860,North,22216,21809.0,,17:46:44,17:47:05,5,2993,Ash Way & 153rd St SW,0.0,1.0
2023-10-02,860,North,22216,21809.0,,17:47:45,17:47:45,6,2994,Ash Way & 149th St SW,0.0,0.0
2023-10-02,860,North,22216,21809.0,,17:48:46,17:48:46,7,2995,Ash Way & 141st Pl SW,0.0,0.0
2023-10-02,860,North,22216,21809.0,,17:49:13,17:49:13,8,3004,Ash Way & 137th St SW,0.0,0.0
2023-10-02,860,North,22216,21809.0,,17:50:03,17:50:13,9,2456,134th St SW & Ash Way,0.0,1.0
2023-10-02,860,North,22216,21809.0,17:46:00,17:51:07,17:51:27,10,2104,Mariner Park & Ride Bay 2,0.0,3.0
2023-10-02,860,North,22216,21809.0,,17:53:54,17:53:54,11,165,128th St SE & 3rd Ave SE,0.0,0.0
2023-10-02,860,North,22216,21809.0,,17:54:11,17:54:11,12,169,128th St SE & Park Rd,0.0,0.0
2023-10-02,860,North,22216,21809.0,17:55:00,17:55:17,17:55:17,13,3323,McCollum Park Park & Ride Temporary Bay,0.0,7.0
2023-10-02,860,North,22217,19805.0,17:30:00,17:31:03,17:31:03,0,2192,Northgate Station Bay 2,8.0,0.0
2023-10-02,860,North,22217,19805.0,17:52:00,17:56:14,17:56:53,3,2163,Ash Way Park & Ride Bay 4,1.0,6.0
2023-10-02,860,North,22217,19805.0,,17:58:02,17:58:02,4,3062,Ash Way & 157th St SW,0.0,0.0
2023-10-02,860,North,22217,19805.0,,17:58:18,17:58:18,5,2993,Ash Way & 153rd St SW,0.0,0.0
2023-10-02,860,North,22217,19805.0,,17:58:53,17:58:53,6,2994,Ash Way & 149th St SW,0.0,0.0
2023-10-02,860,North,22217,19805.0,,17:59:59,17:59:59,7,2995,Ash Way & 141st Pl SW,0.0,0.0
2023-10-02,860,North,22217,19805.0,,18:00:26,18:00:26,8,3004,Ash Way & 137th St SW,0.0,0.0
2023-10-02,860,North,22217,19805.0,,18:01:19,18:01:19,9,2456,134th St SW & Ash Way,0.0,0.0
2023-10-02,860,North,22217,19805.0,17:59:00,18:02:11,18:02:24,10,2104,Mariner Park & Ride Bay 2,0.0,2.0
2023-10-02,860,North,22217,19805.0,,18:06:32,18:06:32,11,165,128th St SE & 3rd Ave SE,0.0,0.0
2023-10-02,860,North,22217,19805.0,,18:06:50,18:06:50,12,169,128th St SE & Park Rd,0.0,0.0
2023-10-02,860,North,22217,19805.0,18:07:00,18:08:14,18:08:14,13,3323,McCollum Park Park & Ride Temporary Bay,0.0,1.0
2023-10-02,860,North,22218,17801.0,17:45:00,17:45:13,17:45:13,0,2192,Northgate Station Bay 2,10.0,0.0
2023-10-02,860,North,22218,17801.0,18:07:00,18:07:43,18:08:06,3,2163,Ash Way Park & Ride Bay 4,0.0,3.0
2023-10-02,860,North,22218,17801.0,,18:09:25,18:09:41,4,3062,Ash Way & 157th St SW,0.0,1.0
2023-10-02,860,North,22218,17801.0,,18:10:05,18:10:05,5,2993,Ash Way & 153rd St SW,0.0,0.0
2023-10-02,860,North,22218,17801.0,,18:10:56,18:10:56,6,2994,Ash Way & 149th St SW,0.0,0.0
2023-10-02,860,North,22218,17801.0,,18:11:59,18:11:59,7,2995,Ash Way & 141st Pl SW,0.0,0.0
2023-10-02,860,North,22218,17801.0,,18:12:33,18:12:46,8,3004,Ash Way & 137th St SW,0.0,1.0
2023-10-02,860,North,22218,17801.0,,18:13:41,18:13:41,9,2456,134th St SW & Ash Way,0.0,0.0
2023-10-02,860,North,22218,17801.0,18:14:00,18:14:31,18:14:51,10,2104,Mariner Park & Ride Bay 2,0.0,3.0
2023-10-02,860,North,22218,17801.0,,18:16:59,18:17:07,11,165,128th St SE & 3rd Ave SE,0.0,1.0
2023-10-02,860,North,22218,17801.0,,18:17:32,18:17:32,12,169,128th St SE & Park Rd,0.0,0.0
2023-10-02,860,North,22218,17801.0,18:22:00,18:18:45,18:18:45,13,3323,McCollum Park Park & Ride Temporary Bay,0.0,1.0
2023-10-02,860,North,22219,22805.0,18:15:00,18:16:38,18:16:38,0,2192,Northgate Station Bay 2,16.0,0.0
2023-10-02,860,North,22219,22805.0,18:35:00,18:35:23,18:36:19,3,2163,Ash Way Park & Ride Bay 4,0.0,9.0
2023-10-02,860,North,22219,22805.0,,18:38:27,18:38:27,4,3062,Ash Way & 157th St SW,0.0,0.0
2023-10-02,860,North,22219,22805.0,,18:38:44,18:38:44,5,2993,Ash Way & 153rd St SW,0.0,0.0
2023-10-02,860,North,22219,22805.0,,18:39:21,18:39:21,6,2994,Ash Way & 149th St SW,0.0,0.0
2023-10-02,860,North,22219,22805.0,,18:40:38,18:40:46,7,2995,Ash Way & 141st Pl SW,0.0,1.0
2023-10-02,860,North,22219,22805.0,,18:41:24,18:41:24,8,3004,Ash Way & 137th St SW,0.0,0.0
2023-10-02,860,North,22219,22805.0,,18:42:20,18:42:20,9,2456,134th St SW & Ash Way,0.0,0.0
2023-10-02,860,North,22219,22805.0,18:42:00,18:43:15,18:43:39,10,2104,Mariner Park & Ride Bay 2,0.0,6.0
2023-10-02,860,North,22219,22805.0,,18:46:46,18:46:46,11,165,128th St SE & 3rd Ave SE,0.0,0.0
2023-10-02,860,North,22219,22805.0,,18:47:05,18:47:05,12,169,128th St SE & Park Rd,0.0,0.0
2023-10-02,860,North,22219,22805.0,18:48:00,18:48:33,18:48:33,13,3323,McCollum Park Park & Ride Temporary Bay,0.0,0.0
2023-10-02,860,South,22220,19805.0,05:25:00,05:25:09,05:25:09,0,3323,McCollum Park Park & Ride Temporary Bay,2.0,0.0
2023-10-02,860,South,22220,19805.0,,05:29:19,05:29:30,1,1552,128th St SE & 3rd Ave SE,1.0,0.0
2023-10-02,860,South,22220,19805.0,05:30:00,05:31:27,05:31:48,2,2106,Mariner Park & Ride Bay 4,2.0,0.0
2023-10-02,860,South,22220,19805.0,,05:32:55,05:32:55,3,2457,134th St SW & Ash Way,0.0,0.0
2023-10-02,860,South,22220,19805.0,,05:33:36,05:33:36,4,2997,Ash Way & 135th St SW,0.0,0.0
2023-10-02,860,South,22220,19805.0,,05:34:09,05:34:23,5,2998,Ash Way & 140th St SW,1.0,0.0
2023-10-02,860,South,22220,19805.0,,05:35:46,05:35:46,6,2999,Ash Way & 149th St SW,0.0,0.0
2023-10-02,860,South,22220,19805.0,,05:36:27,05:36:27,7,3000,Ash Way & 153rd Pl SW,0.0,0.0
2023-10-02,860,South,22220,19805.0,05:34:00,05:38:01,05:38:20,8,2162,Ash Way Park & Ride Bay 3,2.0,0.0
2023-10-02,860,South,22220,19805.0,05:56:00,05:54:07,05:54:07,11,3253,1st Ave N & NE 103rd St,0.0,8.0
2023-10-02,860,South,22221,17808.0,06:00:00,06:00:08,06:00:08,0,3323,McCollum Park Park & Ride Temporary Bay,1.0,0.0
2023-10-02,860,South,22221,17808.0,,06:03:43,06:03:43,1,1552,128th St SE & 3rd Ave SE,0.0,0.0
2023-10-02,860,South,22221,17808.0,06:05:00,06:06:18,06:06:51,2,2106,Mariner Park & Ride Bay 4,4.0,0.0
2023-10-02,860,South,22221,17808.0,,06:08:06,06:08:06,3,2457,134th St SW & Ash Way,0.0,0.0
2023-10-02,860,South,22221,17808.0,,06:08:52,06:09:21,4,2997,Ash Way & 135th St SW,1.0,0.0
2023-10-02,860,South,22221,17808.0,,06:09:57,06:09:57,5,2998,Ash Way & 140th St SW,0.0,0.0
2023-10-02,860,South,22221,17808.0,,06:11:14,06:11:14,6,2999,Ash Way & 149th St SW,0.0,0.0
2023-10-02,860,South,22221,17808.0,,06:11:58,06:12:10,7,3000,Ash Way & 153rd Pl SW,1.0,0.0
2023-10-02,860,South,22221,17808.0,06:09:00,06:14:08,06:14:56,8,2162,Ash Way Park & Ride Bay 3,10.0,0.0
2023-10-02,860,South,22221,17808.0,06:34:00,06:33:46,06:33:46,11,3253,1st Ave N & NE 103rd St,0.0,17.0
2023-10-02,860,South,22222,22806.0,06:33:00,06:33:07,06:33:07,0,3323,McCollum Park Park & Ride Temporary Bay,7.0,0.0
2023-10-02,860,South,22222,22806.0,,06:37:27,06:37:40,1,1552,128th St SE & 3rd Ave SE,1.0,0.0
2023-10-02,860,South,22222,22806.0,06:38:00,06:40:51,06:41:36,2,2106,Mariner Park & Ride Bay 4,5.0,0.0
2023-10-02,860,South,22222,22806.0,,06:42:59,06:42:59,3,2457,134th St SW & Ash Way,0.0,0.0
2023-10-02,860,South,22222,22806.0,,06:43:54,06:44:14,4,2997,Ash Way & 135th St SW,2.0,0.0
2023-10-02,860,South,22222,22806.0,,06:45:00,06:45:18,5,2998,Ash Way & 140th St SW,1.0,0.0
2023-10-02,860,South,22222,22806.0,,06:46:54,06:47:08,6,2999,Ash Way & 149th St SW,1.0,0.0
2023-10-02,860,South,22222,22806.0,,06:48:07,06:48:23,7,3000,Ash Way & 153rd Pl SW,1.0,0.0
2023-10-02,860,South,22222,22806.0,06:42:00,06:50:54,06:51:45,8,2162,Ash Way Park & Ride Bay 3,13.0,2.0
2023-10-02,860,South,22222,22806.0,07:10:00,07:13:45,07:13:45,11,3253,1st Ave N & NE 103rd St,0.0,29.0
2023-10-02,860,South,22223,19803.0,06:57:00,07:04:47,07:04:47,0,3323,McCollum Park Park & Ride Temporary Bay,0.0,0.0
2023-10-02,860,South,22223,19803.0,,07:07:28,07:07:48,1,1552,128th St SE & 3rd Ave SE,1.0,0.0
2023-10-02,860,South,22223,19803.0,07:03:00,07:12:17,07:12:50,2,2106,Mariner Park & Ride Bay 4,3.0,0.0
2023-10-02,860,South,22223,19803.0,,07:14:28,07:14:28,3,2457,134th St SW & Ash Way,0.0,0.0
2023-10-02,860,South,22223,19803.0,,07:15:29,07:15:29,4,2997,Ash Way & 135th St SW,0.0,0.0
2023-10-02,860,South,22223,19803.0,,07:16:02,07:16:02,5,2998,Ash Way & 140th St SW,0.0,0.0
2023-10-02,860,South,22223,19803.0,,07:17:21,07:17:21,6,2999,Ash Way & 149th St SW,0.0,0.0
2023-10-02,860,South,22223,19803.0,,07:18:08,07:18:20,7,3000,Ash Way & 153rd Pl SW,0.0,0.0
2023-10-02,860,South,22223,19803.0,07:08:00,07:20:43,07:21:27,8,2162,Ash Way Park & Ride Bay 3,0.0,0.0
2023-10-02,860,South,22223,19803.0,07:38:00,07:50:25,07:50:25,11,3253,1st Ave N & NE 103rd St,14.0,18.0
2023-10-02,860,South,22224,17808.0,07:32:00,07:31:56,07:31:56,0,3323,McCollum Park Park & Ride Temporary Bay,3.0,0.0
2023-10-02,860,South,22224,17808.0,,07:35:31,07:35:56,1,1552,128th St SE & 3rd Ave SE,1.0,0.0
2023-10-02,860,South,22224,17808.0,07:38:00,07:38:14,07:38:54,2,2106,Mariner Park & Ride Bay 4,6.0,0.0
2023-10-02,860,South,22224,17808.0,,07:39:58,07:39:58,3,2457,134th St SW & Ash Way,0.0,0.0
2023-10-02,860,South,22224,17808.0,,07:40:39,07:40:39,4,2997,Ash Way & 135th St SW,0.0,0.0
2023-10-02,860,South,22224,17808.0,,07:41:11,07:41:34,5,2998,Ash Way & 140th St SW,1.0,0.0
2023-10-02,860,South,22224,17808.0,,07:42:54,07:42:54,6,2999,Ash Way & 149th St SW,0.0,0.0
2023-10-02,860,South,22224,17808.0,,07:43:35,07:43:35,7,3000,Ash Way & 153rd Pl SW,0.0,0.0
2023-10-02,860,South,22224,17808.0,07:43:00,07:45:22,07:47:50,8,2162,Ash Way Park & Ride Bay 3,18.0,2.0
2023-10-02,860,South,22224,17808.0,08:19:00,08:12:47,08:12:47,11,3253,1st Ave N & NE 103rd St,0.0,27.0
2023-10-02,860,South,22225,11102.0,07:57:00,07:57:21,07:57:21,0,3323,McCollum Park Park & Ride Temporary Bay,8.0,0.0
2023-10-02,860,South,22225,11102.0,,08:01:20,08:01:20,1,1552,128th St SE & 3rd Ave SE,0.0,0.0
2023-10-02,860,South,22225,11102.0,08:03:00,08:03:52,08:04:21,2,2106,Mariner Park & Ride Bay 4,5.0,0.0
2023-10-02,860,South,22225,11102.0,,08:05:18,08:05:18,3,2457,134th St SW & Ash Way,0.0,0.0
2023-10-02,860,South,22225,11102.0,,08:05:55,08:05:55,4,2997,Ash Way & 135th St SW,0.0,0.0
2023-10-02,860,South,22225,11102.0,,08:06:28,08:06:40,5,2998,Ash Way & 140th St SW,1.0,0.0
2023-10-02,860,South,22225,11102.0,,08:07:52,08:07:52,6,2999,Ash Way & 149th St SW,0.0,0.0
2023-10-02,860,South,22225,11102.0,,08:08:30,08:08:42,7,3000,Ash Way & 153rd Pl SW,1.0,0.0
2023-10-02,860,South,22225,11102.0,08:08:00,08:10:49,08:11:21,8,2162,Ash Way Park & Ride Bay 3,8.0,1.0
2023-10-02,860,South,22225,11102.0,08:45:00,08:32:59,08:32:59,11,3253,1st Ave N & NE 103rd St,0.0,22.0
2023-10-02,860,South,22226,19805.0,08:45:00,08:45:03,08:45:03,0,3323,McCollum Park Park & Ride Temporary Bay,6.0,0.0
2023-10-02,860,South,22226,19805.0,,08:48:45,08:49:05,1,1552,128th St SE & 3rd Ave SE,2.0,0.0
2023-10-02,860,South,22226,19805.0,08:51:00,08:52:29,08:52:53,2,2106,Mariner Park & Ride Bay 4,3.0,0.0
2023-10-02,860,South,22226,19805.0,,08:53:56,08:53:56,3,2457,134th St SW & Ash Way,0.0,0.0
2023-10-02,860,South,22226,19805.0,,08:54:40,08:54:40,4,2997,Ash Way & 135th St SW,0.0,0.0
2023-10-02,860,South,22226,19805.0,,08:55:08,08:55:08,5,2998,Ash Way & 140th St SW,0.0,0.0
2023-10-02,860,South,22226,19805.0,,08:56:19,08:56:19,6,2999,Ash Way & 149th St SW,0.0,0.0
2023-10-02,860,South,22226,19805.0,,08:57:02,08:57:02,7,3000,Ash Way & 153rd Pl SW,0.0,0.0
2023-10-02,860,South,22226,19805.0,08:55:00,08:58:41,08:59:09,8,2162,Ash Way Park & Ride Bay 3,5.0,2.0
2023-10-02,860,South,22226,19805.0,09:23:00,09:17:38,09:17:38,11,3253,1st Ave N & NE 103rd St,0.0,14.0
2023-10-03,860,North,22211,19809.0,14:40:00,14:44:46,14:44:46,0,2192,Northgate Station Bay 2,7.0,0.0
2023-10-03,860,North,22211,19809.0,14:57:00,15:02:36,15:04:47,3,2163,Ash Way Park & Ride Bay 4,2.0,5.0
2023-10-03,860,North,22211,19809.0,,15:06:22,15:06:22,4,3062,Ash Way & 157th St SW,0.0,0.0
2023-10-03,860,North,22211,19809.0,,15:06:39,15:06:39,5,2993,Ash Way & 153rd St SW,0.0,0.0
2023-10-03,860,North,22211,19809.0,,15:07:15,15:07:15,6,2994,Ash Way & 149th St SW,0.0,0.0
2023-10-03,860,North,22211,19809.0,,15:08:24,15:08:24,7,2995,Ash Way & 141st Pl SW,0.0,0.0
2023-10-03,860,North,22211,19809.0,,15:08:52,15:08:52,8,3004,Ash Way & 137th St SW,0.0,0.0
2023-10-03,860,North,22211,19809.0,,15:09:41,15:09:41,9,2456,134th St SW & Ash Way,0.0,0.0
2023-10-03,860,North,22211,19809.0,15:04:00,15:10:38,15:10:49,10,2104,Mariner Park & Ride Bay 2,0.0,2.0
2023-10-03,860,North,22211,19809.0,,15:15:30,15:15:30,11,165,128th St SE & 3rd Ave SE,0.0,0.0
2023-10-03,860,North,22211,19809.0,,15:15:49,15:15:49,12,169,128th St SE & Park Rd,0.0,0.0
2023-10-03,860,North,22211,19809.0,15:11:00,15:16:59,15:16:59,13,3323,McCollum Park Park & Ride Temporary Bay,0.0,2.0
2023-10-03,860,North,22212,22804.0,15:15:00,15:17:06,15:17:06,0,2192,Northgate Station Bay 2,20.0,0.0
2023-10-03,860,North,22212,22804.0,15:37:00,15:35:54,15:36:23,3,2163,Ash Way Park & Ride Bay 4,1.0,11.0
2023-10-03,860,North,22212,22804.0,,15:37:29,15:37:29,4,3062,Ash Way & 157th St SW,0.0,0.0
2023-10-03,860,North,22212,22804.0,,15:37:46,15:37:46,5,2993,Ash Way & 153rd St SW,0.0,0.0
2023-10-03,860,North,22212,22804.0,,15:38:26,15:38:26,6,2994,Ash Way & 149th St SW,0.0,0.0
2023-10-03,860,North,22212,22804.0,,15:40:56,15:40:56,7,2995,Ash Way & 141st Pl SW,0.0,0.0
2023-10-03,860,North,22212,22804.0,,15:43:01,15:43:01,8,3004,Ash Way & 137th St SW,0.0,0.0
2023-10-03,860,North,22212,22804.0,,15:44:00,15:44:16,9,2456,134th St SW & Ash Way,0.0,2.0
2023-10-03,860,North,22212,22804.0,15:44:00,15:45:07,15:45:19,10,2104,Mariner Park & Ride Bay 2,0.0,2.0
2023-10-03,860,North,22212,22804.0,,15:52:34,15:52:49,11,165,128th St SE & 3rd Ave SE,0.0,2.0
2023-10-03,860,North,22212,22804.0,,15:53:10,15:53:10,12,169,128th St SE & Park Rd,0.0,0.0
2023-10-03,860,North,22212,22804.0,15:51:00,15:54:08,15:54:08,13,3323,McCollum Park Park & Ride Temporary Bay,0.0,4.0
2023-10-03,860,North,22213,17808.0,15:45:00,15:44:54,15:44:54,0,2192,Northgate Station Bay 2,8.0,0.0
2023-10-03,860,North,22213,17808.0,16:11:00,16:05:24,16:05:44,3,2163,Ash Way Park & Ride Bay 4,1.0,3.0
2023-10-03,860,North,22213,17808.0,,16:06:57,16:07:09,4,3062,Ash Way & 157th St SW,0.0,1.0
2023-10-03,860,North,22213,17808.0,,16:07:38,16:07:49,5,2993,Ash Way & 153rd St SW,0.0,1.0
2023-10-03,860,North,22213,17808.0,,16:08:34,16:08:34,6,2994,Ash Way & 149th St SW,0.0,0.0
2023-10-03,860,North,22213,17808.0,,16:09:39,16:09:39,7,2995,Ash Way & 141st Pl SW,0.0,0.0
2023-10-03,860,North,22213,17808.0,,16:10:07,16:10:07,8,3004,Ash Way & 137th St SW,0.0,0.0
2023-10-03,860,North,22213,17808.0,,16:11:01,16:11:23,9,2456,134th St SW & Ash Way,1.0,0.0
2023-10-03,860,North,22213,17808.0,16:18:00,16:13:42,16:13:42,10,2104,Mariner Park & Ride Bay 2,0.0,0.0
2023-10-03,860,North,22213,17808.0,,16:20:16,16:20:16,11,165,128th St SE & 3rd Ave SE,0.0,0.0
2023-10-03,860,North,22213,17808.0,,16:20:33,16:20:33,12,169,128th St SE & Park Rd,0.0,0.0
2023-10-03,860,North,22213,17808.0,16:25:00,16:21:39,16:21:39,13,3323,McCollum Park Park & Ride Temporary Bay,0.0,5.0
2023-10-03,860,North,22214,21806.0,16:15:00,16:17:04,16:17:04,0,2192,Northgate Station Bay 2,27.0,0.0
2023-10-03,860,North,22214,21806.0,16:41:00,16:38:25,16:39:01,3,2163,Ash Way Park & Ride Bay 4,0.0,14.0
2023-10-03,860,North,22214,21806.0,,16:40:08,16:40:08,4,3062,Ash Way & 157th St SW,0.0,0.0
2023-10-03,860,North,22214,21806.0,,16:40:23,16:40:23,5,2993,Ash Way & 153rd St SW,0.0,0.0
2023-10-03,860,North,22214,21806.0,,16:40:55,16:40:55,6,2994,Ash Way & 149th St SW,0.0,0.0
2023-10-03,860,North,22214,21806.0,,16:41:57,16:42:14,7,2995,Ash Way & 141st Pl SW,0.0,2.0
2023-10-03,860,North,22214,21806.0,,16:42:46,16:42:46,8,3004,Ash Way & 137th St SW,0.0,0.0
2023-10-03,860,North,22214,21806.0,,16:43:34,16:43:34,9,2456,134th St SW & Ash Way,0.0,0.0
2023-10-03,860,North,22214,21806.0,16:48:00,16:44:24,16:44:38,10,2104,Mariner Park & Ride Bay 2,0.0,6.0
2023-10-03,860,North,22214,21806.0,,16:52:32,16:52:47,11,165,128th St SE & 3rd Ave SE,0.0,1.0
2023-10-03,860,North,22214,21806.0,,16:53:09,16:53:09,12,169,128th St SE & Park Rd,0.0,0.0
2023-10-03,860,North,22214,21806.0,16:58:00,16:54:19,16:54:19,13,3323,McCollum Park Park & Ride Temporary Bay,0.0,4.0
2023-10-03,860,North,22215,21813.0,16:45:00,16:49:25,16:49:25,0,2192,Northgate Station Bay 2,20.0,0.0
2023-10-03,860,North,22215,21813.0,17:11:00,17:09:31,17:10:36,3,2163,Ash Way Park & Ride Bay 4,1.0,13.0
2023-10-03,860,North,22215,21813.0,,17:14:23,17:14:23,4,3062,Ash Way & 157th St SW,0.0,0.0
2023-10-03,860,North,22215,21813.0,,17:14:37,17:14:37,5,2993,Ash Way & 153rd St SW,0.0,0.0
2023-10-03,860,North,22215,21813.0,,17:15:23,17:15:51,6,2994,Ash Way & 149th St SW,0.0,1.0
2023-10-03,860,North,22215,21813.0,,17:17:07,17:17:07,7,2995,Ash Way & 141st Pl SW,0.0,0.0
2023-10-03,860,North,22215,21813.0,,17:17:34,17:17:34,8,3004,Ash Way & 137th St SW,0.0,0.0
2023-10-03,860,North,22215,21813.0,,17:18:27,17:18:27,9,2456,134th St SW & Ash Way,0.0,0.0
2023-10-03,860,North,22215,21813.0,17:18:00,17:19:25,17:20:49,10,2104,Mariner Park & Ride Bay 2,0.0,6.0
2023-10-03,860,North,22215,21813.0,,17:27:57,17:28:13,11,165,128th St SE & 3rd Ave SE,0.0,1.0
2023-10-03,860,North,22215,21813.0,,17:28:40,17:28:40,12,169,128th St SE & Park Rd,0.0,0.0
2023-10-03,860,North,22215,21813.0,17:28:00,17:29:58,17:29:58,13,3323,McCollum Park Park & Ride Temporary Bay,0.0,0.0
2023-10-03,860,North,22216,17805.0,17:15:00,17:18:12,17:18:12,0,2192,Northgate Station Bay 2,31.0,0.0
2023-10-03,860,North,22216,17805.0,17:39:00,17:35:56,17:36:40,3,2163,Ash Way Park & Ride Bay 4,2.0,20.0
2023-10-03,860,North,22216,17805.0,,17:37:39,17:37:39,4,3062,Ash Way & 157th St SW,0.0,0.0
2023-10-03,860,North,22216,17805.0,,17:37:56,17:37:56,5,2993,Ash Way & 153rd St SW,0.0,0.0
2023-10-03,860,North,22216,17805.0,,17:38:29,17:38:29,6,2994,Ash Way & 149th St SW,0.0,0.0
2023-10-03,860,North,22216,17805.0,,17:39:29,17:39:29,7,2995,Ash Way & 141st Pl SW,0.0,0.0
2023-10-03,860,North,22216,17805.0,,17:39:58,17:39:58,8,3004,Ash Way & 137th St SW,0.0,0.0
2023-10-03,860,North,22216,17805.0,,17:40:43,17:40:43,9,2456,134th St SW & Ash Way,0.0,0.0
2023-10-03,860,North,22216,17805.0,17:46:00,17:41:30,17:42:16,10,2104,Mariner Park & Ride Bay 2,0.0,7.0
2023-10-03,860,North,22216,17805.0,,17:47:53,17:48:07,11,165,128th St SE & 3rd Ave SE,0.0,2.0
2023-10-03,860,North,22216,17805.0,,17:48:29,17:48:29,12,169,128th St SE & Park Rd,0.0,0.0
2023-10-03,860,North,22216,17805.0,17:55:00,17:49:33,17:49:33,13,3323,McCollum Park Park & Ride Temporary Bay,0.0,4.0
2023-10-03,860,North,22217,16802.0,17:30:00,17:30:21,17:30:21,0,2192,Northgate Station Bay 2,14.0,0.0
2023-10-03,860,North,22217,16802.0,17:52:00,17:49:53,17:50:25,3,2163,Ash Way Park & Ride Bay 4,1.0,11.0
2023-10-03,860,North,22217,16802.0,,17:51:27,17:51:27,4,3062,Ash Way & 157th St SW,0.0,0.0
2023-10-03,860,North,22217,16802.0,,17:51:44,17:51:44,5,2993,Ash Way & 153rd St SW,0.0,0.0
2023-10-03,860,North,22217,16802.0,,17:52:17,17:52:17,6,2994,Ash Way & 149th St SW,0.0,0.0
2023-10-03,860,North,22217,16802.0,,17:53:17,17:53:17,7,2995,Ash Way & 141st Pl SW,0.0,0.0
2023-10-03,860,North,22217,16802.0,,17:53:46,17:53:46,8,3004,Ash Way & 137th St SW,0.0,0.0
2023-10-03,860,North,22217,16802.0,,17:54:38,17:54:38,9,2456,134th St SW & Ash Way,0.0,0.0
2023-10-03,860,North,22217,16802.0,17:59:00,17:55:38,17:55:49,10,2104,Mariner Park & Ride Bay 2,0.0,1.0
2023-10-03,860,North,22217,16802.0,,18:02:59,18:03:10,11,165,128th St SE & 3rd Ave SE,0.0,1.0
2023-10-03,860,North,22217,16802.0,,18:03:32,18:03:32,12,169,128th St SE & Park Rd,0.0,0.0
2023-10-03,860,North,22217,16802.0,18:07:00,18:04:40,18:04:40,13,3323,McCollum Park Park & Ride Temporary Bay,0.0,2.0
2023-10-03,860,North,22218,21806.0,17:45:00,17:50:29,17:50:29,0,2192,Northgate Station Bay 2,29.0,0.0
2023-10-03,860,North,22218,21806.0,18:07:00,18:08:22,18:09:08,3,2163,Ash Way Park & Ride Bay 4,1.0,22.0
2023-10-03,860,North,22218,21806.0,,18:10:11,18:10:11,4,3062,Ash Way & 157th St SW,0.0,0.0
2023-10-03,860,North,22218,21806.0,,18:10:24,18:10:24,5,2993,Ash Way & 153rd St SW,0.0,0.0
2023-10-03,860,North,22218,21806.0,,18:11:00,18:11:15,6,2994,Ash Way & 149th St SW,1.0,0.0
2023-10-03,860,North,22218,21806.0,,18:12:20,18:12:20,7,2995,Ash Way & 141st Pl SW,0.0,0.0
2023-10-03,860,North,22218,21806.0,,18:12:44,18:12:44,8,3004,Ash Way & 137th St SW,0.0,0.0
2023-10-03,860,North,22218,21806.0,,18:13:30,18:13:30,9,2456,134th St SW & Ash Way,0.0,0.0
2023-10-03,860,North,22218,21806.0,18:14:00,18:14:15,18:14:31,10,2104,Mariner Park & Ride Bay 2,0.0,6.0
2023-10-03,860,North,22218,21806.0,,18:20:00,18:20:00,11,165,128th St SE & 3rd Ave SE,0.0,0.0
2023-10-03,860,North,22218,21806.0,,18:20:17,18:20:17,12,169,128th St SE & Park Rd,0.0,0.0
2023-10-03,860,North,22218,21806.0,18:22:00,18:21:23,18:21:23,13,3323,McCollum Park Park & Ride Temporary Bay,0.0,3.0
2023-10-03,860,North,22219,21813.0,18:15:00,18:16:20,18:16:20,0,2192,Northgate Station Bay 2,8.0,0.0
2023-10-03,860,North,22219,21813.0,18:35:00,18:33:30,18:34:02,3,2163,Ash Way Park & Ride Bay 4,0.0,2.0
2023-10-03,860,North,22219,21813.0,,18:35:45,18:35:45,4,3062,Ash Way & 157th St SW,0.0,0.0
2023-10-03,860,North,22219,21813.0,,18:36:03,18:36:03,5,2993,Ash Way & 153rd St SW,0.0,0.0
2023-10-03,860,North,22219,21813.0,,18:36:37,18:36:37,6,2994,Ash Way & 149th St SW,0.0,0.0
2023-10-03,860,North,22219,21813.0,,18:37:40,18:37:40,7,2995,Ash Way & 141st Pl SW,0.0,0.0
2023-10-03,860,North,22219,21813.0,,18:38:07,18:38:07,8,3004,Ash Way & 137th St SW,0.0,0.0
2023-10-03,860,North,22219,21813.0,,18:38:55,18:38:55,9,2456,134th St SW & Ash Way,0.0,0.0
2023-10-03,860,North,22219,21813.0,18:42:00,18:39:49,18:40:09,10,2104,Mariner Park & Ride Bay 2,0.0,6.0
2023-10-03,860,North,22219,21813.0,,18:46:06,18:46:06,11,165,128th St SE & 3rd Ave SE,0.0,0.0
2023-10-03,860,North,22219,21813.0,,18:46:25,18:46:25,12,169,128th St SE & Park Rd,0.0,0.0
2023-10-03,860,North,22219,21813.0,18:48:00,18:47:43,18:47:43,13,3323,McCollum Park Park & Ride Temporary Bay,0.0,0.0
2023-10-03,860,South,22220,17812.0,05:25:00,05:25:13,05:25:13,0,3323,McCollum Park Park & Ride Temporary Bay,2.0,0.0
2023-10-03,860,South,22220,17812.0,,05:28:07,05:28:19,1,1552,128th St SE & 3rd Ave SE,1.0,0.0
2023-10-03,860,South,22220,17812.0,05:30:00,05:30:13,05:30:46,2,2106,Mariner Park & Ride Bay 4,4.0,0.0
2023-10-03,860,South,22220,17812.0,,05:31:50,05:31:50,3,2457,134th St SW & Ash Way,0.0,0.0
2023-10-03,860,South,22220,17812.0,,05:32:31,05:32:31,4,2997,Ash Way & 135th St SW,0.0,0.0
2023-10-03,860,South,22220,17812.0,,05:33:05,05:33:05,5,2998,Ash Way & 140th St SW,0.0,0.0
2023-10-03,860,South,22220,17812.0,,05:34:19,05:34:19,6,2999,Ash Way & 149th St SW,0.0,0.0
2023-10-03,860,South,22220,17812.0,,05:35:00,05:35:00,7,3000,Ash Way & 153rd Pl SW,0.0,0.0
2023-10-03,860,South,22220,17812.0,05:34:00,05:36:48,05:37:03,8,2162,Ash Way Park & Ride Bay 3,1.0,0.0
2023-10-03,860,South,22220,17812.0,05:56:00,05:54:09,05:54:09,11,3253,1st Ave N & NE 103rd St,0.0,8.0
2023-10-03,860,South,22221,21811.0,06:00:00,06:00:22,06:00:22,0,3323,McCollum Park Park & Ride Temporary Bay,1.0,0.0
2023-10-03,860,South,22221,21811.0,,06:05:05,06:05:05,1,1552,128th St SE & 3rd Ave SE,0.0,0.0
2023-10-03,860,South,22221,21811.0,06:05:00,06:07:47,06:08:27,2,2106,Mariner Park & Ride Bay 4,8.0,0.0
2023-10-03,860,South,22221,21811.0,,06:09:38,06:09:38,3,2457,134th St SW & Ash Way,0.0,0.0
2023-10-03,860,South,22221,21811.0,,06:10:20,06:10:41,4,2997,Ash Way & 135th St SW,2.0,0.0
2023-10-03,860,South,22221,21811.0,,06:11:21,06:11:21,5,2998,Ash Way & 140th St SW,0.0,0.0
2023-10-03,860,South,22221,21811.0,,06:12:41,06:12:41,6,2999,Ash Way & 149th St SW,0.0,0.0
2023-10-03,860,South,22221,21811.0,,06:13:25,06:13:25,7,3000,Ash Way & 153rd Pl SW,0.0,0.0
2023-10-03,860,South,22221,21811.0,06:09:00,06:15:14,06:15:59,8,2162,Ash Way Park & Ride Bay 3,11.0,0.0
2023-10-03,860,South,22221,21811.0,06:34:00,06:42:55,06:42:55,11,3253,1st Ave N & NE 103rd St,0.0,22.0
2023-10-03,860,South,22222,22806.0,06:33:00,06:33:06,06:33:06,0,3323,McCollum Park Park & Ride Temporary Bay,6.0,0.0
2023-10-03,860,South,22222,22806.0,,06:37:24,06:37:24,1,1552,128th St SE & 3rd Ave SE,0.0,0.0
2023-10-03,860,South,22222,22806.0,06:38:00,06:40:49,06:41:34,2,2106,Mariner Park & Ride Bay 4,7.0,0.0
2023-10-03,860,South,22222,22806.0,,06:42:57,06:42:57,3,2457,134th St SW & Ash Way,0.0,0.0
2023-10-03,860,South,22222,22806.0,,06:43:48,06:44:08,4,2997,Ash Way & 135th St SW,1.0,0.0
2023-10-03,860,South,22222,22806.0,,06:44:52,06:44:52,5,2998,Ash Way & 140th St SW,0.0,0.0
2023-10-03,860,South,22222,22806.0,,06:46:24,06:46:38,6,2999,Ash Way & 149th St SW,1.0,0.0
2023-10-03,860,South,22222,22806.0,,06:47:32,06:47:32,7,3000,Ash Way & 153rd Pl SW,0.0,0.0
2023-10-03,860,South,22222,22806.0,06:42:00,06:50:01,06:51:00,8,2162,Ash Way Park & Ride Bay 3,18.0,2.0
2023-10-03,860,South,22222,22806.0,07:10:00,07:17:16,07:17:16,11,3253,1st Ave N & NE 103rd St,0.0,31.0
2023-10-03,860,South,22223,22804.0,06:57:00,06:57:05,06:57:05,0,3323,McCollum Park Park & Ride Temporary Bay,4.0,0.0
2023-10-03,860,South,22223,22804.0,,07:01:30,07:01:30,1,1552,128th St SE & 3rd Ave SE,0.0,0.0
2023-10-03,860,South,22223,22804.0,07:03:00,07:04:20,07:04:57,2,2106,Mariner Park & Ride Bay 4,6.0,0.0
2023-10-03,860,South,22223,22804.0,,07:06:33,07:06:33,3,2457,134th St SW & Ash Way,0.0,0.0
2023-10-03,860,South,22223,22804.0,,07:07:19,07:07:19,4,2997,Ash Way & 135th St SW,0.0,0.0
2023-10-03,860,South,22223,22804.0,,07:07:55,07:08:20,5,2998,Ash Way & 140th St SW,3.0,0.0
2023-10-03,860,South,22223,22804.0,,07:09:49,07:10:00,6,2999,Ash Way & 149th St SW,0.0,1.0
2023-10-03,860,South,22223,22804.0,,07:10:45,07:10:45,7,3000,Ash Way & 153rd Pl SW,0.0,0.0
2023-10-03,860,South,22223,22804.0,07:08:00,07:12:52,07:13:40,8,2162,Ash Way Park & Ride Bay 3,13.0,1.0
2023-10-03,860,South,22223,22804.0,07:38:00,07:39:22,07:39:22,11,3253,1st Ave N & NE 103rd St,0.0,24.0
2023-10-03,860,South,22224,21811.0,07:32:00,07:32:15,07:32:15,0,3323,McCollum Park Park & Ride Temporary Bay,2.0,0.0
2023-10-03,860,South,22224,21811.0,,07:35:31,07:35:49,1,1552,128th St SE & 3rd Ave SE,1.0,0.0
2023-10-03,860,South,22224,21811.0,07:38:00,07:39:50,07:40:41,2,2106,Mariner Park & Ride Bay 4,7.0,0.0
2023-10-03,860,South,22224,21811.0,,07:42:21,07:42:21,3,2457,134th St SW & Ash Way,0.0,0.0
2023-10-03,860,South,22224,21811.0,,07:43:08,07:43:08,4,2997,Ash Way & 135th St SW,0.0,0.0
2023-10-03,860,South,22224,21811.0,,07:43:39,07:44:04,5,2998,Ash Way & 140th St SW,2.0,0.0
2023-10-03,860,South,22224,21811.0,,07:45:24,07:45:38,6,2999,Ash Way & 149th St SW,1.0,0.0
2023-10-03,860,South,22224,21811.0,,07:46:31,07:46:57,7,3000,Ash Way & 153rd Pl SW,3.0,0.0
2023-10-03,860,South,22224,21811.0,07:43:00,07:48:45,07:49:47,8,2162,Ash Way Park & Ride Bay 3,16.0,2.0
2023-10-03,860,South,22224,21811.0,08:19:00,08:21:59,08:21:59,11,3253,1st Ave N & NE 103rd St,0.0,30.0
2023-10-03,860,South,22225,19102.0,07:57:00,08:00:25,08:00:25,0,3323,McCollum Park Park & Ride Temporary Bay,6.0,0.0
2023-10-03,860,South,22225,19102.0,,08:03:10,08:03:15,1,1552,128th St SE & 3rd Ave SE,0.0,0.0
2023-10-03,860,South,22225,19102.0,08:03:00,08:07:49,08:08:20,2,2106,Mariner Park & Ride Bay 4,5.0,0.0
2023-10-03,860,South,22225,19102.0,,08:09:20,08:09:20,3,2457,134th St SW & Ash Way,0.0,0.0
2023-10-03,860,South,22225,19102.0,,08:09:56,08:09:56,4,2997,Ash Way & 135th St SW,0.0,0.0
2023-10-03,860,South,22225,19102.0,,08:10:30,08:10:41,5,2998,Ash Way & 140th St SW,2.0,0.0
2023-10-03,860,South,22225,19102.0,,08:11:56,08:11:56,6,2999,Ash Way & 149th St SW,0.0,0.0
2023-10-03,860,South,22225,19102.0,,08:12:34,08:12:43,7,3000,Ash Way & 153rd Pl SW,1.0,0.0
2023-10-03,860,South,22225,19102.0,08:08:00,08:14:28,08:15:37,8,2162,Ash Way Park & Ride Bay 3,10.0,1.0
2023-10-03,860,South,22225,19102.0,08:45:00,08:42:33,08:42:33,11,3253,1st Ave N & NE 103rd St,0.0,23.0
2023-10-03,860,South,22226,17812.0,08:45:00,08:45:11,08:45:11,0,3323,McCollum Park Park & Ride Temporary Bay,8.0,0.0
2023-10-03,860,South,22226,17812.0,,08:49:17,08:49:38,1,1552,128th St SE & 3rd Ave SE,5.0,0.0
2023-10-03,860,South,22226,17812.0,08:51:00,08:52:57,08:53:23,2,2106,Mariner Park & Ride Bay 4,5.0,0.0
2023-10-03,860,South,22226,17812.0,,08:54:40,08:54:53,3,2457,134th St SW & Ash Way,1.0,0.0
2023-10-03,860,South,22226,17812.0,,08:56:00,08:56:00,4,2997,Ash Way & 135th St SW,0.0,0.0
2023-10-03,860,South,22226,17812.0,,08:56:32,08:56:32,5,2998,Ash Way & 140th St SW,0.0,0.0
2023-10-03,860,South,22226,17812.0,,08:57:41,08:57:41,6,2999,Ash Way & 149th St SW,0.0,0.0
2023-10-03,860,South,22226,17812.0,,08:58:22,08:58:22,7,3000,Ash Way & 153rd Pl SW,0.0,0.0
2023-10-03,860,South,22226,17812.0,08:55:00,09:01:28,09:02:11,8,2162,Ash Way Park & Ride Bay 3,6.0,2.0
2023-10-03,860,South,22226,17812.0,09:23:00,09:24:30,09:24:30,11,3253,1st Ave N & NE 103rd St,0.0,23.0
2023-10-04,860,North,22211,17803.0,14:40:00,14:42:17,14:42:17,0,2192,Northgate Station Bay 2,14.0,0.0
2023-10-04,860,North,22211,17803.0,14:57:00,14:59:59,15:00:25,3,2163,Ash Way Park & Ride Bay 4,0.0,10.0
2023-10-04,860,North,22211,17803.0,,15:01:25,15:01:25,4,3062,Ash Way & 157th St SW,0.0,0.0
2023-10-04,860,North,22211,17803.0,,15:01:41,15:01:41,5,2993,Ash Way & 153rd St SW,0.0,0.0
2023-10-04,860,North,22211,17803.0,,15:02:15,15:02:15,6,2994,Ash Way & 149th St SW,0.0,0.0
2023-10-04,860,North,22211,17803.0,,15:03:12,15:03:12,7,2995,Ash Way & 141st Pl SW,0.0,0.0
2023-10-04,860,North,22211,17803.0,,15:03:41,15:03:41,8,3004,Ash Way & 137th St SW,0.0,0.0
2023-10-04,860,North,22211,17803.0,,15:04:29,15:04:29,9,2456,134th St SW & Ash Way,0.0,0.0
2023-10-04,860,North,22211,17803.0,15:04:00,15:05:17,15:05:40,10,2104,Mariner Park & Ride Bay 2,0.0,3.0
2023-10-04,860,North,22211,17803.0,,15:11:30,15:11:30,11,165,128th St SE & 3rd Ave SE,0.0,0.0
2023-10-04,860,North,22211,17803.0,,15:11:46,15:11:46,12,169,128th St SE & Park Rd,0.0,0.0
2023-10-04,860,North,22211,17803.0,15:11:00,15:12:41,15:12:41,13,3323,McCollum Park Park & Ride Temporary Bay,0.0,1.0
2023-10-04,860,North,22212,21810.0,15:15:00,15:17:18,15:17:18,0,2192,Northgate Station Bay 2,13.0,0.0
2023-10-04,860,North,22212,21810.0,15:37:00,15:39:42,15:40:08,3,2163,Ash Way Park & Ride Bay 4,1.0,7.0
2023-10-04,860,North,22212,21810.0,,15:41:10,15:41:10,4,3062,Ash Way & 157th St SW,0.0,0.0
2023-10-04,860,North,22212,21810.0,,15:41:29,15:41:39,5,2993,Ash Way & 153rd St SW,0.0,1.0
2023-10-04,860,North,22212,21810.0,,15:42:23,15:42:23,6,2994,Ash Way & 149th St SW,0.0,0.0
2023-10-04,860,North,22212,21810.0,,15:43:52,15:43:52,7,2995,Ash Way & 141st Pl SW,0.0,0.0
2023-10-04,860,North,22212,21810.0,,15:45:11,15:45:11,8,3004,Ash Way & 137th St SW,0.0,0.0
2023-10-04,860,North,22212,21810.0,,15:46:07,15:46:07,9,2456,134th St SW & Ash Way,0.0,0.0
2023-10-04,860,North,22212,21810.0,15:44:00,15:46:55,15:47:16,10,2104,Mariner Park & Ride Bay 2,0.0,5.0
2023-10-04,860,North,22212,21810.0,,15:53:35,15:53:35,11,165,128th St SE & 3rd Ave SE,0.0,0.0
2023-10-04,860,North,22212,21810.0,,15:53:53,15:53:53,12,169,128th St SE & Park Rd,0.0,0.0
2023-10-04,860,North,22212,21810.0,15:51:00,15:54:52,15:54:52,13,3323,McCollum Park Park & Ride Temporary Bay,0.0,1.0
2023-10-04,860,North,22213,19801.0,15:45:00,15:45:34,15:45:34,0,2192,Northgate Station Bay 2,20.0,0.0
2023-10-04,860,North,22213,19801.0,16:11:00,16:10:54,16:11:22,3,2163,Ash Way Park & Ride Bay 4,0.0,11.0
2023-10-04,860,North,22213,19801.0,,16:12:51,16:12:51,4,3062,Ash Way & 157th St SW,0.0,0.0
2023-10-04,860,North,22213,19801.0,,16:13:10,16:13:10,5,2993,Ash Way & 153rd St SW,0.0,0.0
2023-10-04,860,North,22213,19801.0,,16:13:43,16:13:43,6,2994,Ash Way & 149th St SW,0.0,0.0
2023-10-04,860,North,22213,19801.0,,16:14:43,16:14:43,7,2995,Ash Way & 141st Pl SW,0.0,0.0
2023-10-04,860,North,22213,19801.0,,16:15:28,16:15:28,8,3004,Ash Way & 137th St SW,0.0,0.0
2023-10-04,860,North,22213,19801.0,,16:16:24,16:16:32,9,2456,134th St SW & Ash Way,0.0,1.0
2023-10-04,860,North,22213,19801.0,16:18:00,16:17:30,16:17:42,10,2104,Mariner Park & Ride Bay 2,0.0,1.0
2023-10-04,860,North,22213,19801.0,,16:22:08,16:22:08,11,165,128th St SE & 3rd Ave SE,0.0,0.0
2023-10-04,860,North,22213,19801.0,,16:22:29,16:22:42,12,169,128th St SE & Park Rd,0.0,2.0
2023-10-04,860,North,22213,19801.0,16:25:00,16:23:54,16:23:54,13,3323,McCollum Park Park & Ride Temporary Bay,0.0,5.0
2023-10-04,860,North,22214,21801.0,16:15:00,16:19:10,16:19:10,0,2192,Northgate Station Bay 2,32.0,0.0
2023-10-04,860,North,22214,21801.0,16:41:00,16:46:20,16:47:16,3,2163,Ash Way Park & Ride Bay 4,0.0,16.0
2023-10-04,860,North,22214,21801.0,,16:48:16,16:48:16,4,3062,Ash Way & 157th St SW,0.0,0.0
2023-10-04,860,North,22214,21801.0,,16:48:36,16:48:46,5,2993,Ash Way & 153rd St SW,0.0,1.0
2023-10-04,860,North,22214,21801.0,,16:49:46,16:50:02,6,2994,Ash Way & 149th St SW,0.0,1.0
2023-10-04,860,North,22214,21801.0,,16:51:09,16:51:09,7,2995,Ash Way & 141st Pl SW,0.0,0.0
2023-10-04,860,North,22214,21801.0,,16:51:44,16:51:58,8,3004,Ash Way & 137th St SW,0.0,1.0
2023-10-04,860,North,22214,21801.0,,16:52:59,16:52:59,9,2456,134th St SW & Ash Way,0.0,0.0
2023-10-04,860,North,22214,21801.0,16:48:00,16:53:46,16:53:59,10,2104,Mariner Park & Ride Bay 2,0.0,3.0
2023-10-04,860,North,22214,21801.0,,16:57:46,16:57:59,11,165,128th St SE & 3rd Ave SE,0.0,2.0
2023-10-04,860,North,22214,21801.0,,16:58:22,16:58:22,12,169,128th St SE & Park Rd,0.0,0.0
2023-10-04,860,North,22214,21801.0,16:58:00,16:59:40,16:59:40,13,3323,McCollum Park Park & Ride Temporary Bay,0.0,8.0
2023-10-04,860,North,22215,16803.0,16:45:00,16:45:33,16:45:33,0,2192,Northgate Station Bay 2,27.0,0.0
2023-10-04,860,North,22215,16803.0,17:11:00,17:10:17,17:10:54,3,2163,Ash Way Park & Ride Bay 4,0.0,16.0
2023-10-04,860,North,22215,16803.0,,17:13:09,17:13:09,4,3062,Ash Way & 157th St SW,0.0,0.0
2023-10-04,860,North,22215,16803.0,,17:13:24,17:13:24,5,2993,Ash Way & 153rd St SW,0.0,0.0
2023-10-04,860,North,22215,16803.0,,17:14:00,17:14:00,6,2994,Ash Way & 149th St SW,0.0,0.0
2023-10-04,860,North,22215,16803.0,,17:15:01,17:15:01,7,2995,Ash Way & 141st Pl SW,0.0,0.0
2023-10-04,860,North,22215,16803.0,,17:15:35,17:15:46,8,3004,Ash Way & 137th St SW,0.0,1.0
2023-10-04,860,North,22215,16803.0,,17:16:43,17:16:43,9,2456,134th St SW & Ash Way,0.0,2.0
2023-10-04,860,North,22215,16803.0,17:18:00,17:17:55,17:18:17,10,2104,Mariner Park & Ride Bay 2,0.0,2.0
2023-10-04,860,North,22215,16803.0,,17:23:37,17:23:37,11,165,128th St SE & 3rd Ave SE,0.0,0.0
2023-10-04,860,North,22215,16803.0,,17:23:56,17:23:56,12,169,128th St SE & Park Rd,0.0,0.0
2023-10-04,860,North,22215,16803.0,17:28:00,17:25:14,17:25:14,13,3323,McCollum Park Park & Ride Temporary Bay,0.0,6.0
2023-10-04,860,North,22216,22804.0,17:15:00,17:17:58,17:17:58,0,2192,Northgate Station Bay 2,33.0,0.0
2023-10-04,860,North,22216,22804.0,17:39:00,17:42:06,17:43:05,3,2163,Ash Way Park & Ride Bay 4,1.0,22.0
2023-10-04,860,North,22216,22804.0,,17:44:38,17:44:38,4,3062,Ash Way & 157th St SW,0.0,0.0
2023-10-04,860,North,22216,22804.0,,17:44:58,17:45:12,5,2993,Ash Way & 153rd St SW,0.0,1.0
2023-10-04,860,North,22216,22804.0,,17:46:12,17:46:12,6,2994,Ash Way & 149th St SW,0.0,0.0
2023-10-04,860,North,22216,22804.0,,17:47:11,17:47:11,7,2995,Ash Way & 141st Pl SW,0.0,0.0
2023-10-04,860,North,22216,22804.0,,17:47:42,17:47:42,8,3004,Ash Way & 137th St SW,0.0,0.0
2023-10-04,860,North,22216,22804.0,,17:48:30,17:48:30,9,2456,134th St SW & Ash Way,0.0,0.0
2023-10-04,860,North,22216,22804.0,17:46:00,17:49:22,17:49:42,10,2104,Mariner Park & Ride Bay 2,0.0,6.0
2023-10-04,860,North,22216,22804.0,,17:56:20,17:56:29,11,165,128th St SE & 3rd Ave SE,0.0,1.0
2023-10-04,860,North,22216,22804.0,,17:56:51,17:56:51,12,169,128th St SE & Park Rd,0.0,0.0
2023-10-04,860,North,22216,22804.0,17:55:00,17:57:54,17:57:54,13,3323,McCollum Park Park & Ride Temporary Bay,0.0,4.0
2023-10-04,860,North,22217,16806.0,17:30:00,17:31:02,17:31:02,0,2192,Northgate Station Bay 2,19.0,0.0
2023-10-04,860,North,22217,16806.0,17:52:00,17:53:40,17:54:11,3,2163,Ash Way Park & Ride Bay 4,0.0,12.0
2023-10-04,860,North,22217,16806.0,,17:55:13,17:55:13,4,3062,Ash Way & 157th St SW,0.0,0.0
2023-10-04,860,North,22217,16806.0,,17:55:27,17:55:27,5,2993,Ash Way & 153rd St SW,0.0,0.0
2023-10-04,860,North,22217,16806.0,,17:56:00,17:56:00,6,2994,Ash Way & 149th St SW,0.0,0.0
2023-10-04,860,North,22217,16806.0,,17:56:59,17:56:59,7,2995,Ash Way & 141st Pl SW,0.0,0.0
2023-10-04,860,North,22217,16806.0,,17:57:36,17:58:01,8,3004,Ash Way & 137th St SW,0.0,1.0
2023-10-04,860,North,22217,16806.0,,17:59:17,17:59:17,9,2456,134th St SW & Ash Way,0.0,0.0
2023-10-04,860,North,22217,16806.0,17:59:00,18:00:04,18:00:26,10,2104,Mariner Park & Ride Bay 2,0.0,6.0
2023-10-04,860,North,22217,16806.0,,18:06:14,18:06:14,11,165,128th St SE & 3rd Ave SE,0.0,0.0
2023-10-04,860,North,22217,16806.0,,18:06:33,18:06:33,12,169,128th St SE & Park Rd,0.0,0.0
2023-10-04,860,North,22217,16806.0,18:07:00,18:07:36,18:07:36,13,3323,McCollum Park Park & Ride Temporary Bay,0.0,0.0
2023-10-04,860,North,22218,21801.0,17:45:00,17:47:38,17:47:38,0,2192,Northgate Station Bay 2,23.0,0.0
2023-10-04,860,North,22218,21801.0,18:07:00,18:13:39,18:14:17,3,2163,Ash Way Park & Ride Bay 4,0.0,13.0
2023-10-04,860,North,22218,21801.0,,18:15:41,18:15:41,4,3062,Ash Way & 157th St SW,0.0,0.0
2023-10-04,860,North,22218,21801.0,,18:15:57,18:15:57,5,2993,Ash Way & 153rd St SW,0.0,0.0
2023-10-04,860,North,22218,21801.0,,18:16:32,18:16:32,6,2994,Ash Way & 149th St SW,0.0,0.0
2023-10-04,860,North,22218,21801.0,,18:17:39,18:17:39,7,2995,Ash Way & 141st Pl SW,0.0,0.0
2023-10-04,860,North,22218,21801.0,,18:18:20,18:18:20,8,3004,Ash Way & 137th St SW,0.0,0.0
2023-10-04,860,North,22218,21801.0,,18:19:05,18:19:05,9,2456,134th St SW & Ash Way,0.0,0.0
2023-10-04,860,North,22218,21801.0,18:14:00,18:19:50,18:20:09,10,2104,Mariner Park & Ride Bay 2,0.0,5.0
2023-10-04,860,North,22218,21801.0,,18:23:07,18:23:07,11,165,128th St SE & 3rd Ave SE,0.0,0.0
2023-10-04,860,North,22218,21801.0,,18:23:25,18:23:25,12,169,128th St SE & Park Rd,0.0,0.0
2023-10-04,860,North,22218,21801.0,18:22:00,18:24:41,18:24:41,13,3323,McCollum Park Park & Ride Temporary Bay,0.0,5.0
2023-10-04,860,North,22219,16803.0,18:15:00,18:15:33,18:15:33,0,2192,Northgate Station Bay 2,12.0,0.0
2023-10-04,860,North,22219,16803.0,18:35:00,18:37:58,18:38:43,3,2163,Ash Way Park & Ride Bay 4,3.0,10.0
2023-10-04,860,North,22219,16803.0,,18:40:13,18:40:13,4,3062,Ash Way & 157th St SW,0.0,0.0
2023-10-04,860,North,22219,16803.0,,18:40:36,18:40:50,5,2993,Ash Way & 153rd St SW,0.0,1.0
2023-10-04,860,North,22219,16803.0,,18:41:32,18:41:32,6,2994,Ash Way & 149th St SW,0.0,0.0
2023-10-04,860,North,22219,16803.0,,18:42:38,18:42:38,7,2995,Ash Way & 141st Pl SW,0.0,0.0
2023-10-04,860,North,22219,16803.0,,18:43:04,18:43:04,8,3004,Ash Way & 137th St SW,0.0,0.0
2023-10-04,860,North,22219,16803.0,,18:43:54,18:43:54,9,2456,134th St SW & Ash Way,0.0,0.0
2023-10-04,860,North,22219,16803.0,18:42:00,18:44:41,18:44:53,10,2104,Mariner Park & Ride Bay 2,0.0,1.0
2023-10-04,860,North,22219,16803.0,,18:48:45,18:48:45,11,165,128th St SE & 3rd Ave SE,0.0,0.0
2023-10-04,860,North,22219,16803.0,,18:49:04,18:49:04,12,169,128th St SE & Park Rd,0.0,0.0
2023-10-04,860,North,22219,16803.0,18:48:00,18:50:13,18:50:13,13,3323,McCollum Park Park & Ride Temporary Bay,0.0,3.0
2023-10-04,860,South,22220,19801.0,05:25:00,05:25:09,05:25:09,0,3323,McCollum Park Park & Ride Temporary Bay,0.0,0.0
2023-10-04,860,South,22220,19801.0,,05:29:01,05:29:13,1,1552,128th St SE & 3rd Ave SE,1.0,0.0
2023-10-04,860,South,22220,19801.0,05:30:00,05:32:21,05:32:53,2,2106,Mariner Park & Ride Bay 4,4.0,0.0
2023-10-04,860,South,22220,19801.0,,05:33:58,05:33:58,3,2457,134th St SW & Ash Way,0.0,0.0
2023-10-04,860,South,22220,19801.0,,05:34:37,05:34:37,4,2997,Ash Way & 135th St SW,0.0,0.0
2023-10-04,860,South,22220,19801.0,,05:35:11,05:35:41,5,2998,Ash Way & 140th St SW,1.0,0.0
2023-10-04,860,South,22220,19801.0,,05:36:58,05:36:58,6,2999,Ash Way & 149th St SW,0.0,0.0
2023-10-04,860,South,22220,19801.0,,05:37:37,05:37:37,7,3000,Ash Way & 153rd Pl SW,0.0,0.0
2023-10-04,860,South,22220,19801.0,05:34:00,05:39:09,05:39:31,8,2162,Ash Way Park & Ride Bay 3,2.0,0.0
2023-10-04,860,South,22220,19801.0,05:56:00,05:55:22,05:55:22,11,3253,1st Ave N & NE 103rd St,0.0,8.0
2023-10-04,860,South,22221,17801.0,06:00:00,06:00:47,06:00:47,0,3323,McCollum Park Park & Ride Temporary Bay,2.0,0.0
2023-10-04,860,South,22221,17801.0,,06:05:11,06:05:11,1,1552,128th St SE & 3rd Ave SE,0.0,0.0
2023-10-04,860,South,22221,17801.0,06:05:00,06:08:21,06:08:56,2,2106,Mariner Park & Ride Bay 4,9.0,0.0
2023-10-04,860,South,22221,17801.0,,06:10:10,06:10:10,3,2457,134th St SW & Ash Way,0.0,0.0
2023-10-04,860,South,22221,17801.0,,06:10:57,06:11:18,4,2997,Ash Way & 135th St SW,3.0,0.0
2023-10-04,860,South,22221,17801.0,,06:12:02,06:12:27,5,2998,Ash Way & 140th St SW,2.0,0.0
2023-10-04,860,South,22221,17801.0,,06:13:48,06:13:48,6,2999,Ash Way & 149th St SW,0.0,0.0
2023-10-04,860,South,22221,17801.0,,06:14:29,06:14:29,7,3000,Ash Way & 153rd Pl SW,0.0,0.0
2023-10-04,860,South,22221,17801.0,06:09:00,06:16:18,06:17:08,8,2162,Ash Way Park & Ride Bay 3,8.0,0.0
2023-10-04,860,South,22221,17801.0,06:34:00,06:38:44,06:38:44,11,3253,1st Ave N & NE 103rd St,0.0,24.0
2023-10-04,860,South,22222,16803.0,06:33:00,06:33:40,06:33:40,0,3323,McCollum Park Park & Ride Temporary Bay,1.0,0.0
2023-10-04,860,South,22222,16803.0,,06:37:08,06:37:08,1,1552,128th St SE & 3rd Ave SE,0.0,0.0
2023-10-04,860,South,22222,16803.0,06:38:00,06:39:52,06:40:39,2,2106,Mariner Park & Ride Bay 4,7.0,0.0
2023-10-04,860,South,22222,16803.0,,06:42:00,06:42:00,3,2457,134th St SW & Ash Way,0.0,0.0
2023-10-04,860,South,22222,16803.0,,06:42:50,06:43:11,4,2997,Ash Way & 135th St SW,2.0,0.0
2023-10-04,860,South,22222,16803.0,,06:43:54,06:43:54,5,2998,Ash Way & 140th St SW,0.0,0.0
2023-10-04,860,South,22222,16803.0,,06:45:10,06:45:10,6,2999,Ash Way & 149th St SW,0.0,0.0
2023-10-04,860,South,22222,16803.0,,06:45:55,06:46:16,7,3000,Ash Way & 153rd Pl SW,3.0,0.0
2023-10-04,860,South,22222,16803.0,06:42:00,06:48:17,06:49:03,8,2162,Ash Way Park & Ride Bay 3,9.0,1.0
2023-10-04,860,South,22222,16803.0,07:10:00,07:13:45,07:13:45,11,3253,1st Ave N & NE 103rd St,1.0,22.0
2023-10-04,860,South,22223,16805.0,06:57:00,06:57:23,06:57:23,0,3323,McCollum Park Park & Ride Temporary Bay,7.0,0.0
2023-10-04,860,South,22223,16805.0,,07:00:14,07:00:24,1,1552,128th St SE & 3rd Ave SE,0.0,0.0
2023-10-04,860,South,22223,16805.0,07:03:00,07:04:26,07:05:02,2,2106,Mariner Park & Ride Bay 4,4.0,0.0
2023-10-04,860,South,22223,16805.0,,07:06:13,07:06:13,3,2457,134th St SW & Ash Way,0.0,0.0
2023-10-04,860,South,22223,16805.0,,07:07:10,07:07:10,4,2997,Ash Way & 135th St SW,0.0,0.0
2023-10-04,860,South,22223,16805.0,,07:07:43,07:07:43,5,2998,Ash Way & 140th St SW,0.0,0.0
2023-10-04,860,South,22223,16805.0,,07:09:00,07:09:00,6,2999,Ash Way & 149th St SW,0.0,0.0
2023-10-04,860,South,22223,16805.0,,07:09:46,07:09:46,7,3000,Ash Way & 153rd Pl SW,0.0,0.0
2023-10-04,860,South,22223,16805.0,07:08:00,07:12:00,07:13:26,8,2162,Ash Way Park & Ride Bay 3,14.0,0.0
2023-10-04,860,South,22223,16805.0,07:38:00,07:45:24,07:45:24,11,3253,1st Ave N & NE 103rd St,0.0,25.0
2023-10-04,860,South,22224,17801.0,07:32:00,07:32:53,07:32:53,0,3323,McCollum Park Park & Ride Temporary Bay,5.0,0.0
2023-10-04,860,South,22224,17801.0,,07:36:44,07:36:44,1,1552,128th St SE & 3rd Ave SE,0.0,0.0
2023-10-04,860,South,22224,17801.0,07:38:00,07:41:12,07:41:42,2,2106,Mariner Park & Ride Bay 4,5.0,0.0
2023-10-04,860,South,22224,17801.0,,07:43:01,07:43:01,3,2457,134th St SW & Ash Way,0.0,0.0
2023-10-04,860,South,22224,17801.0,,07:43:43,07:43:43,4,2997,Ash Way & 135th St SW,0.0,0.0
2023-10-04,860,South,22224,17801.0,,07:44:15,07:44:35,5,2998,Ash Way & 140th St SW,1.0,0.0
2023-10-04,860,South,22224,17801.0,,07:46:00,07:46:15,6,2999,Ash Way & 149th St SW,1.0,0.0
2023-10-04,860,South,22224,17801.0,,07:47:05,07:47:24,7,3000,Ash Way & 153rd Pl SW,1.0,0.0
2023-10-04,860,South,22224,17801.0,07:43:00,07:49:20,07:49:45,8,2162,Ash Way Park & Ride Bay 3,0.0,1.0
2023-10-04,860,South,22224,17801.0,08:19:00,08:28:46,08:28:46,11,3253,1st Ave N & NE 103rd St,0.0,12.0
2023-10-04,860,South,22225,19113.0,07:57:00,07:57:10,07:57:10,0,3323,McCollum Park Park & Ride Temporary Bay,4.0,0.0
2023-10-04,860,South,22225,19113.0,,08:01:37,08:01:37,1,1552,128th St SE & 3rd Ave SE,0.0,0.0
2023-10-04,860,South,22225,19113.0,08:03:00,08:04:23,08:04:45,2,2106,Mariner Park & Ride Bay 4,4.0,0.0
2023-10-04,860,South,22225,19113.0,,08:05:49,08:05:49,3,2457,134th St SW & Ash Way,0.0,0.0
2023-10-04,860,South,22225,19113.0,,08:06:25,08:06:25,4,2997,Ash Way & 135th St SW,0.0,0.0
2023-10-04,860,South,22225,19113.0,,08:06:55,08:07:06,5,2998,Ash Way & 140th St SW,1.0,0.0
2023-10-04,860,South,22225,19113.0,,08:08:22,08:08:22,6,2999,Ash Way & 149th St SW,0.0,0.0
2023-10-04,860,South,22225,19113.0,,08:09:01,08:09:11,7,3000,Ash Way & 153rd Pl SW,1.0,0.0
2023-10-04,860,South,22225,19113.0,08:08:00,08:10:56,08:11:34,8,2162,Ash Way Park & Ride Bay 3,7.0,0.0
2023-10-04,860,South,22225,19113.0,08:45:00,08:47:01,08:47:01,11,3253,1st Ave N & NE 103rd St,0.0,17.0
2023-10-04,860,South,22226,19801.0,08:45:00,08:45:16,08:45:16,0,3323,McCollum Park Park & Ride Temporary Bay,5.0,0.0
2023-10-04,860,South,22226,19801.0,,08:48:50,08:49:00,1,1552,128th St SE & 3rd Ave SE,1.0,0.0
2023-10-04,860,South,22226,19801.0,08:51:00,08:54:12,08:54:35,2,2106,Mariner Park & Ride Bay 4,4.0,0.0
2023-10-04,860,South,22226,19801.0,,08:55:54,08:55:54,3,2457,134th St SW & Ash Way,0.0,0.0
2023-10-04,860,South,22226,19801.0,,08:56:32,08:56:32,4,2997,Ash Way & 135th St SW,0.0,0.0
2023-10-04,860,South,22226,19801.0,,08:57:01,08:57:01,5,2998,Ash Way & 140th St SW,0.0,0.0
2023-10-04,860,South,22226,19801.0,,08:58:18,08:58:28,6,2999,Ash Way & 149th St SW,1.0,0.0
2023-10-04,860,South,22226,19801.0,,08:59:18,08:59:18,7,3000,Ash Way & 153rd Pl SW,0.0,0.0
2023-10-04,860,South,22226,19801.0,08:55:00,09:04:09,09:04:48,8,2162,Ash Way Park & Ride Bay 3,4.0,0.0
2023-10-04,860,South,22226,19801.0,09:23:00,09:27:37,09:27:37,11,3253,1st Ave N & NE 103rd St,0.0,15.0
2023-10-05,860,North,22211,22808.0,14:40:00,14:40:23,14:40:23,0,2192,Northgate Station Bay 2,7.0,0.0
2023-10-05,860,North,22211,22808.0,14:57:00,14:55:28,14:55:49,3,2163,Ash Way Park & Ride Bay 4,2.0,1.0
2023-10-05,860,North,22211,22808.0,,14:56:51,14:56:51,4,3062,Ash Way & 157th St SW,0.0,0.0
2023-10-05,860,North,22211,22808.0,,14:57:07,14:57:07,5,2993,Ash Way & 153rd St SW,0.0,0.0
2023-10-05,860,North,22211,22808.0,,14:57:36,14:57:36,6,2994,Ash Way & 149th St SW,0.0,0.0
2023-10-05,860,North,22211,22808.0,,14:58:36,14:58:36,7,2995,Ash Way & 141st Pl SW,0.0,0.0
2023-10-05,860,North,22211,22808.0,,14:59:01,14:59:01,8,3004,Ash Way & 137th St SW,0.0,0.0
2023-10-05,860,North,22211,22808.0,,14:59:44,14:59:44,9,2456,134th St SW & Ash Way,0.0,0.0
2023-10-05,860,North,22211,22808.0,15:04:00,15:00:32,15:00:56,10,2104,Mariner Park & Ride Bay 2,0.0,5.0
2023-10-05,860,North,22211,22808.0,,15:04:14,15:04:23,11,165,128th St SE & 3rd Ave SE,0.0,1.0
2023-10-05,860,North,22211,22808.0,,15:04:45,15:04:45,12,169,128th St SE & Park Rd,0.0,0.0
2023-10-05,860,North,22211,22808.0,15:11:00,15:06:08,15:06:08,13,3323,McCollum Park Park & Ride Temporary Bay,0.0,2.0
2023-10-05,860,North,22212,19804.0,15:15:00,15:16:33,15:16:33,0,2192,Northgate Station Bay 2,8.0,0.0
2023-10-05,860,North,22212,19804.0,15:37:00,15:38:49,15:39:09,3,2163,Ash Way Park & Ride Bay 4,1.0,3.0
2023-10-05,860,North,22212,19804.0,,15:40:16,15:40:16,4,3062,Ash Way & 157th St SW,0.0,0.0
2023-10-05,860,North,22212,19804.0,,15:40:34,15:40:34,5,2993,Ash Way & 153rd St SW,0.0,0.0
2023-10-05,860,North,22212,19804.0,,15:41:06,15:41:06,6,2994,Ash Way & 149th St SW,0.0,0.0
2023-10-05,860,North,22212,19804.0,,15:42:18,15:42:18,7,2995,Ash Way & 141st Pl SW,0.0,0.0
2023-10-05,860,North,22212,19804.0,,15:43:48,15:44:13,8,3004,Ash Way & 137th St SW,0.0,1.0
2023-10-05,860,North,22212,19804.0,,15:45:14,15:45:29,9,2456,134th St SW & Ash Way,0.0,2.0
2023-10-05,860,North,22212,19804.0,15:44:00,15:46:23,15:46:40,10,2104,Mariner Park & Ride Bay 2,0.0,1.0
2023-10-05,860,North,22212,19804.0,,15:52:24,15:52:37,11,165,128th St SE & 3rd Ave SE,0.0,1.0
2023-10-05,860,North,22212,19804.0,,15:53:00,15:53:00,12,169,128th St SE & Park Rd,0.0,0.0
2023-10-05,860,North,22212,19804.0,15:51:00,15:54:32,15:54:32,13,3323,McCollum Park Park & Ride Temporary Bay,0.0,1.0
2023-10-05,860,North,22213,19808.0,15:45:00,15:45:46,15:45:46,0,2192,Northgate Station Bay 2,27.0,0.0
2023-10-05,860,North,22213,19808.0,16:11:00,16:09:18,16:09:59,3,2163,Ash Way Park & Ride Bay 4,0.0,19.0
2023-10-05,860,North,22213,19808.0,,16:11:31,16:11:49,4,3062,Ash Way & 157th St SW,0.0,1.0
2023-10-05,860,North,22213,19808.0,,16:12:13,16:12:13,5,2993,Ash Way & 153rd St SW,0.0,0.0
2023-10-05,860,North,22213,19808.0,,16:12:53,16:12:53,6,2994,Ash Way & 149th St SW,0.0,0.0
2023-10-05,860,North,22213,19808.0,,16:14:00,16:14:00,7,2995,Ash Way & 141st Pl SW,0.0,0.0
2023-10-05,860,North,22213,19808.0,,16:14:29,16:14:29,8,3004,Ash Way & 137th St SW,0.0,0.0
2023-10-05,860,North,22213,19808.0,,16:15:19,16:15:19,9,2456,134th St SW & Ash Way,0.0,0.0
2023-10-05,860,North,22213,19808.0,16:18:00,16:16:15,16:16:26,10,2104,Mariner Park & Ride Bay 2,0.0,2.0
2023-10-05,860,North,22213,19808.0,,16:23:53,16:23:53,11,165,128th St SE & 3rd Ave SE,0.0,0.0
2023-10-05,860,North,22213,19808.0,,16:24:13,16:24:13,12,169,128th St SE & Park Rd,0.0,0.0
2023-10-05,860,North,22213,19808.0,16:25:00,16:25:23,16:25:23,13,3323,McCollum Park Park & Ride Temporary Bay,0.0,5.0
2023-10-05,860,North,22214,17808.0,16:15:00,16:15:27,16:15:27,0,2192,Northgate Station Bay 2,22.0,0.0
2023-10-05,860,North,22214,17808.0,16:41:00,16:39:37,16:40:01,3,2163,Ash Way Park & Ride Bay 4,0.0,8.0
2023-10-05,860,North,22214,17808.0,,16:41:39,16:41:39,4,3062,Ash Way & 157th St SW,0.0,0.0
2023-10-05,860,North,22214,17808.0,,16:41:56,16:41:56,5,2993,Ash Way & 153rd St SW,0.0,0.0
2023-10-05,860,North,22214,17808.0,,16:42:44,16:42:44,6,2994,Ash Way & 149th St SW,0.0,0.0
2023-10-05,860,North,22214,17808.0,,16:43:53,16:43:53,7,2995,Ash Way & 141st Pl SW,0.0,0.0
2023-10-05,860,North,22214,17808.0,,16:44:29,16:44:39,8,3004,Ash Way & 137th St SW,0.0,2.0
2023-10-05,860,North,22214,17808.0,,16:45:35,16:45:35,9,2456,134th St SW & Ash Way,0.0,0.0
2023-10-05,860,North,22214,17808.0,16:48:00,16:46:24,16:46:41,10,2104,Mariner Park & Ride Bay 2,0.0,4.0
2023-10-05,860,North,22214,17808.0,,16:51:33,16:51:33,11,165,128th St SE & 3rd Ave SE,0.0,0.0
2023-10-05,860,North,22214,17808.0,,16:51:55,16:52:08,12,169,128th St SE & Park Rd,0.0,1.0
2023-10-05,860,North,22214,17808.0,16:58:00,16:53:20,16:53:20,13,3323,McCollum Park Park & Ride Temporary Bay,0.0,7.0
2023-10-05,860,North,22215,19805.0,16:45:00,16:53:32,16:53:32,0,2192,Northgate Station Bay 2,0.0,0.0
2023-10-05,860,North,22215,19805.0,17:11:00,17:18:27,17:19:07,3,2163,Ash Way Park & Ride Bay 4,6.0,3.0
2023-10-05,860,North,22215,19805.0,,17:20:52,17:20:52,4,3062,Ash Way & 157th St SW,0.0,0.0
2023-10-05,860,North,22215,19805.0,,17:21:10,17:21:10,5,2993,Ash Way & 153rd St SW,0.0,0.0
2023-10-05,860,North,22215,19805.0,,17:21:49,17:21:49,6,2994,Ash Way & 149th St SW,0.0,0.0
2023-10-05,860,North,22215,19805.0,,17:23:00,17:23:00,7,2995,Ash Way & 141st Pl SW,0.0,0.0
2023-10-05,860,North,22215,19805.0,,17:23:34,17:23:34,8,3004,Ash Way & 137th St SW,0.0,0.0
2023-10-05,860,North,22215,19805.0,,17:24:38,17:24:51,9,2456,134th St SW & Ash Way,0.0,1.0
2023-10-05,860,North,22215,19805.0,17:18:00,17:25:59,17:26:25,10,2104,Mariner Park & Ride Bay 2,0.0,2.0
2023-10-05,860,North,22215,19805.0,,17:31:51,17:32:05,11,165,128th St SE & 3rd Ave SE,0.0,0.0
2023-10-05,860,North,22215,19805.0,,17:32:34,17:32:34,12,169,128th St SE & Park Rd,0.0,0.0
2023-10-05,860,North,22215,19805.0,17:28:00,17:34:08,17:34:08,13,3323,McCollum Park Park & Ride Temporary Bay,3.0,3.0
2023-10-05,860,North,22216,17805.0,17:15:00,17:15:30,17:15:30,0,2192,Northgate Station Bay 2,14.0,0.0
2023-10-05,860,North,22216,17805.0,17:39:00,17:40:45,17:41:10,3,2163,Ash Way Park & Ride Bay 4,0.0,11.0
2023-10-05,860,North,22216,17805.0,,17:42:08,17:42:08,4,3062,Ash Way & 157th St SW,0.0,0.0
2023-10-05,860,North,22216,17805.0,,17:42:26,17:42:26,5,2993,Ash Way & 153rd St SW,0.0,0.0
2023-10-05,860,North,22216,17805.0,,17:43:03,17:43:03,6,2994,Ash Way & 149th St SW,0.0,0.0
2023-10-05,860,North,22216,17805.0,,17:44:04,17:44:04,7,2995,Ash Way & 141st Pl SW,0.0,0.0
2023-10-05,860,North,22216,17805.0,,17:44:32,17:44:32,8,3004,Ash Way & 137th St SW,0.0,0.0
2023-10-05,860,North,22216,17805.0,,17:45:19,17:45:19,9,2456,134th St SW & Ash Way,0.0,0.0
2023-10-05,860,North,22216,17805.0,17:46:00,17:46:07,17:48:21,10,2104,Mariner Park & Ride Bay 2,1.0,2.0
2023-10-05,860,North,22216,17805.0,,17:55:30,17:55:45,11,165,128th St SE & 3rd Ave SE,0.0,1.0
2023-10-05,860,North,22216,17805.0,,17:56:08,17:56:08,12,169,128th St SE & Park Rd,0.0,0.0
2023-10-05,860,North,22216,17805.0,17:55:00,17:57:16,17:57:16,13,3323,McCollum Park Park & Ride Temporary Bay,0.0,1.0
2023-10-05,860,North,22217,16806.0,17:30:00,17:31:47,17:31:47,0,2192,Northgate Station Bay 2,15.0,0.0
2023-10-05,860,North,22217,16806.0,17:52:00,17:57:58,17:58:35,3,2163,Ash Way Park & Ride Bay 4,4.0,9.0
2023-10-05,860,North,22217,16806.0,,17:59:47,17:59:47,4,3062,Ash Way & 157th St SW,0.0,0.0
2023-10-05,860,North,22217,16806.0,,18:00:09,18:00:21,5,2993,Ash Way & 153rd St SW,0.0,2.0
2023-10-05,860,North,22217,16806.0,,18:01:03,18:01:03,6,2994,Ash Way & 149th St SW,0.0,0.0
2023-10-05,860,North,22217,16806.0,,18:02:08,18:02:08,7,2995,Ash Way & 141st Pl SW,0.0,0.0
2023-10-05,860,North,22217,16806.0,,18:02:35,18:02:35,8,3004,Ash Way & 137th St SW,0.0,0.0
2023-10-05,860,North,22217,16806.0,,18:03:24,18:03:24,9,2456,134th St SW & Ash Way,0.0,0.0
2023-10-05,860,North,22217,16806.0,17:59:00,18:04:16,18:05:14,10,2104,Mariner Park & Ride Bay 2,0.0,6.0
2023-10-05,860,North,22217,16806.0,,18:12:53,18:13:06,11,165,128th St SE & 3rd Ave SE,0.0,2.0
2023-10-05,860,North,22217,16806.0,,18:13:27,18:13:27,12,169,128th St SE & Park Rd,0.0,0.0
2023-10-05,860,North,22217,16806.0,18:07:00,18:14:55,18:14:55,13,3323,McCollum Park Park & Ride Temporary Bay,0.0,0.0
2023-10-05,860,North,22218,17808.0,17:45:00,17:45:28,17:45:28,0,2192,Northgate Station Bay 2,11.0,0.0
2023-10-05,860,North,22218,17808.0,18:07:00,18:08:27,18:08:53,3,2163,Ash Way Park & Ride Bay 4,1.0,9.0
2023-10-05,860,North,22218,17808.0,,18:11:00,18:11:00,4,3062,Ash Way & 157th St SW,0.0,0.0
2023-10-05,860,North,22218,17808.0,,18:11:15,18:11:15,5,2993,Ash Way & 153rd St SW,0.0,0.0
2023-10-05,860,North,22218,17808.0,,18:11:49,18:11:49,6,2994,Ash Way & 149th St SW,0.0,0.0
2023-10-05,860,North,22218,17808.0,,18:12:48,18:12:48,7,2995,Ash Way & 141st Pl SW,0.0,0.0
2023-10-05,860,North,22218,17808.0,,18:13:15,18:13:15,8,3004,Ash Way & 137th St SW,0.0,0.0
2023-10-05,860,North,22218,17808.0,,18:14:02,18:14:02,9,2456,134th St SW & Ash Way,0.0,0.0
2023-10-05,860,North,22218,17808.0,18:14:00,18:14:51,18:15:01,10,2104,Mariner Park & Ride Bay 2,0.0,2.0
2023-10-05,860,North,22218,17808.0,,18:21:38,18:21:38,11,165,128th St SE & 3rd Ave SE,0.0,0.0
2023-10-05,860,North,22218,17808.0,,18:21:57,18:21:57,12,169,128th St SE & Park Rd,0.0,0.0
2023-10-05,860,North,22218,17808.0,18:22:00,18:22:58,18:22:58,13,3323,McCollum Park Park & Ride Temporary Bay,0.0,1.0
2023-10-05,860,North,22219,19805.0,18:15:00,18:16:29,18:16:29,0,2192,Northgate Station Bay 2,11.0,0.0
2023-10-05,860,North,22219,19805.0,18:35:00,18:41:29,18:42:08,3,2163,Ash Way Park & Ride Bay 4,0.0,6.0
2023-10-05,860,North,22219,19805.0,,18:43:30,18:43:30,4,3062,Ash Way & 157th St SW,0.0,0.0
2023-10-05,860,North,22219,19805.0,,18:43:51,18:43:51,5,2993,Ash Way & 153rd St SW,0.0,0.0
2023-10-05,860,North,22219,19805.0,,18:44:34,18:44:34,6,2994,Ash Way & 149th St SW,0.0,0.0
2023-10-05,860,North,22219,19805.0,,18:45:48,18:45:48,7,2995,Ash Way & 141st Pl SW,0.0,0.0
2023-10-05,860,North,22219,19805.0,,18:46:32,18:46:32,8,3004,Ash Way & 137th St SW,0.0,0.0
2023-10-05,860,North,22219,19805.0,,18:47:45,18:47:45,9,2456,134th St SW & Ash Way,0.0,0.0
2023-10-05,860,North,22219,19805.0,18:42:00,18:48:46,18:49:20,10,2104,Mariner Park & Ride Bay 2,0.0,3.0
2023-10-05,860,North,22219,19805.0,,18:55:24,18:55:37,11,165,128th St SE & 3rd Ave SE,0.0,1.0
2023-10-05,860,North,22219,19805.0,,18:56:06,18:56:06,12,169,128th St SE & Park Rd,0.0,0.0
2023-10-05,860,North,22219,19805.0,18:48:00,18:57:52,18:57:52,13,3323,McCollum Park Park & Ride Temporary Bay,0.0,1.0
2023-10-05,860,South,22220,22808.0,05:25:00,05:25:20,05:25:20,0,3323,McCollum Park Park & Ride Temporary Bay,1.0,0.0
2023-10-05,860,South,22220,22808.0,,05:28:19,05:28:31,1,1552,128th St SE & 3rd Ave SE,1.0,0.0
2023-10-05,860,South,22220,22808.0,05:30:00,05:30:19,05:30:50,2,2106,Mariner Park & Ride Bay 4,4.0,0.0
2023-10-05,860,South,22220,22808.0,,05:31:51,05:31:51,3,2457,134th St SW & Ash Way,0.0,0.0
2023-10-05,860,South,22220,22808.0,,05:32:29,05:32:29,4,2997,Ash Way & 135th St SW,0.0,0.0
2023-10-05,860,South,22220,22808.0,,05:33:01,05:33:13,5,2998,Ash Way & 140th St SW,1.0,0.0
2023-10-05,860,South,22220,22808.0,,05:34:31,05:34:31,6,2999,Ash Way & 149th St SW,0.0,0.0
2023-10-05,860,South,22220,22808.0,,05:35:09,05:35:09,7,3000,Ash Way & 153rd Pl SW,0.0,0.0
2023-10-05,860,South,22220,22808.0,05:34:00,05:36:46,05:37:19,8,2162,Ash Way Park & Ride Bay 3,6.0,0.0
2023-10-05,860,South,22220,22808.0,05:56:00,05:53:48,05:53:48,11,3253,1st Ave N & NE 103rd St,0.0,13.0
2023-10-05,860,South,22221,19801.0,06:00:00,06:00:52,06:00:52,0,3323,McCollum Park Park & Ride Temporary Bay,2.0,0.0
2023-10-05,860,South,22221,19801.0,,06:05:19,06:05:19,1,1552,128th St SE & 3rd Ave SE,0.0,0.0
2023-10-05,860,South,22221,19801.0,06:05:00,06:07:44,06:08:25,2,2106,Mariner Park & Ride Bay 4,4.0,0.0
2023-10-05,860,South,22221,19801.0,,06:09:33,06:09:33,3,2457,134th St SW & Ash Way,0.0,0.0
2023-10-05,860,South,22221,19801.0,,06:10:14,06:10:40,4,2997,Ash Way & 135th St SW,2.0,0.0
2023-10-05,860,South,22221,19801.0,,06:11:20,06:11:20,5,2998,Ash Way & 140th St SW,0.0,0.0
2023-10-05,860,South,22221,19801.0,,06:12:31,06:12:31,6,2999,Ash Way & 149th St SW,0.0,0.0
2023-10-05,860,South,22221,19801.0,,06:13:14,06:13:14,7,3000,Ash Way & 153rd Pl SW,0.0,0.0
2023-10-05,860,South,22221,19801.0,06:09:00,06:14:58,06:15:53,8,2162,Ash Way Park & Ride Bay 3,12.0,0.0
2023-10-05,860,South,22221,19801.0,06:34:00,06:35:29,06:35:29,11,3253,1st Ave N & NE 103rd St,0.0,20.0
2023-10-05,860,South,22222,16801.0,06:33:00,06:32:56,06:32:56,0,3323,McCollum Park Park & Ride Temporary Bay,7.0,0.0
2023-10-05,860,South,22222,16801.0,,06:36:07,06:36:07,1,1552,128th St SE & 3rd Ave SE,0.0,0.0
2023-10-05,860,South,22222,16801.0,06:38:00,06:38:21,06:38:59,2,2106,Mariner Park & Ride Bay 4,6.0,0.0
2023-10-05,860,South,22222,16801.0,,06:40:22,06:40:22,3,2457,134th St SW & Ash Way,0.0,0.0
2023-10-05,860,South,22222,16801.0,,06:41:45,06:42:15,4,2997,Ash Way & 135th St SW,2.0,0.0
2023-10-05,860,South,22222,16801.0,,06:42:51,06:42:51,5,2998,Ash Way & 140th St SW,0.0,0.0
2023-10-05,860,South,22222,16801.0,,06:43:58,06:43:58,6,2999,Ash Way & 149th St SW,0.0,0.0
2023-10-05,860,South,22222,16801.0,,06:44:36,06:44:36,7,3000,Ash Way & 153rd Pl SW,0.0,0.0
2023-10-05,860,South,22222,16801.0,06:42:00,06:46:16,06:46:47,8,2162,Ash Way Park & Ride Bay 3,6.0,0.0
2023-10-05,860,South,22222,16801.0,07:10:00,07:12:04,07:12:04,11,3253,1st Ave N & NE 103rd St,0.0,21.0
2023-10-05,860,South,22223,21811.0,06:57:00,06:57:04,06:57:04,0,3323,McCollum Park Park & Ride Temporary Bay,1.0,0.0
2023-10-05,860,South,22223,21811.0,,07:01:34,07:01:34,1,1552,128th St SE & 3rd Ave SE,0.0,0.0
2023-10-05,860,South,22223,21811.0,07:03:00,07:04:12,07:04:45,2,2106,Mariner Park & Ride Bay 4,3.0,0.0
2023-10-05,860,South,22223,21811.0,,07:06:03,07:06:03,3,2457,134th St SW & Ash Way,0.0,0.0
2023-10-05,860,South,22223,21811.0,,07:07:00,07:07:00,4,2997,Ash Way & 135th St SW,0.0,0.0
2023-10-05,860,South,22223,21811.0,,07:07:33,07:07:47,5,2998,Ash Way & 140th St SW,1.0,0.0
2023-10-05,860,South,22223,21811.0,,07:09:03,07:09:03,6,2999,Ash Way & 149th St SW,0.0,0.0
2023-10-05,860,South,22223,21811.0,,07:09:40,07:09:40,7,3000,Ash Way & 153rd Pl SW,0.0,0.0
2023-10-05,860,South,22223,21811.0,07:08:00,07:11:54,07:12:54,8,2162,Ash Way Park & Ride Bay 3,15.0,1.0
2023-10-05,860,South,22223,21811.0,07:38:00,07:42:14,07:42:14,11,3253,1st Ave N & NE 103rd St,0.0,19.0
2023-10-05,860,South,22224,19801.0,07:32:00,07:32:26,07:32:26,0,3323,McCollum Park Park & Ride Temporary Bay,5.0,0.0
2023-10-05,860,South,22224,19801.0,,07:35:32,07:35:54,1,1552,128th St SE & 3rd Ave SE,2.0,0.0
2023-10-05,860,South,22224,19801.0,07:38:00,07:39:12,07:39:49,2,2106,Mariner Park & Ride Bay 4,5.0,0.0
2023-10-05,860,South,22224,19801.0,,07:41:02,07:41:02,3,2457,134th St SW & Ash Way,0.0,0.0
2023-10-05,860,South,22224,19801.0,,07:41:43,07:41:43,4,2997,Ash Way & 135th St SW,0.0,0.0
2023-10-05,860,South,22224,19801.0,,07:42:15,07:42:34,5,2998,Ash Way & 140th St SW,1.0,0.0
2023-10-05,860,South,22224,19801.0,,07:43:52,07:43:52,6,2999,Ash Way & 149th St SW,0.0,0.0
2023-10-05,860,South,22224,19801.0,,07:44:33,07:44:48,7,3000,Ash Way & 153rd Pl SW,1.0,0.0
2023-10-05,860,South,22224,19801.0,07:43:00,07:46:47,07:48:04,8,2162,Ash Way Park & Ride Bay 3,18.0,1.0
2023-10-05,860,South,22224,19801.0,08:19:00,08:18:48,08:18:48,11,3253,1st Ave N & NE 103rd St,0.0,31.0
2023-10-05,860,South,22225,19101.0,07:57:00,07:57:16,07:57:16,0,3323,McCollum Park Park & Ride Temporary Bay,5.0,0.0
2023-10-05,860,South,22225,19101.0,,08:01:33,08:01:46,1,1552,128th St SE & 3rd Ave SE,1.0,0.0
2023-10-05,860,South,22225,19101.0,08:03:00,08:06:14,08:06:52,2,2106,Mariner Park & Ride Bay 4,7.0,0.0
2023-10-05,860,South,22225,19101.0,,08:08:13,08:08:13,3,2457,134th St SW & Ash Way,0.0,0.0
2023-10-05,860,South,22225,19101.0,,08:08:53,08:08:53,4,2997,Ash Way & 135th St SW,0.0,0.0
2023-10-05,860,South,22225,19101.0,,08:09:24,08:09:24,5,2998,Ash Way & 140th St SW,0.0,0.0
2023-10-05,860,South,22225,19101.0,,08:10:36,08:10:36,6,2999,Ash Way & 149th St SW,0.0,0.0
2023-10-05,860,South,22225,19101.0,,08:11:19,08:11:39,7,3000,Ash Way & 153rd Pl SW,1.0,0.0
2023-10-05,860,South,22225,19101.0,08:08:00,08:14:14,08:15:20,8,2162,Ash Way Park & Ride Bay 3,17.0,1.0
2023-10-05,860,South,22225,19101.0,08:45:00,08:45:26,08:45:26,11,3253,1st Ave N & NE 103rd St,0.0,30.0
2023-10-05,860,South,22226,22808.0,08:45:00,08:45:44,08:45:44,0,3323,McCollum Park Park & Ride Temporary Bay,6.0,0.0
2023-10-05,860,South,22226,22808.0,,08:49:25,08:49:39,1,1552,128th St SE & 3rd Ave SE,2.0,0.0
2023-10-05,860,South,22226,22808.0,08:51:00,08:55:34,08:55:52,2,2106,Mariner Park & Ride Bay 4,3.0,0.0
2023-10-05,860,South,22226,22808.0,,08:56:58,08:56:58,3,2457,134th St SW & Ash Way,0.0,0.0
2023-10-05,860,South,22226,22808.0,,08:57:52,08:57:52,4,2997,Ash Way & 135th St SW,0.0,0.0
2023-10-05,860,South,22226,22808.0,,08:58:21,08:58:21,5,2998,Ash Way & 140th St SW,0.0,0.0
2023-10-05,860,South,22226,22808.0,,08:59:28,08:59:28,6,2999,Ash Way & 149th St SW,0.0,0.0
2023-10-05,860,South,22226,22808.0,,09:00:09,09:00:09,7,3000,Ash Way & 153rd Pl SW,0.0,0.0
2023-10-05,860,South,22226,22808.0,08:55:00,09:01:39,09:02:25,8,2162,Ash Way Park & Ride Bay 3,9.0,2.0
2023-10-05,860,South,22226,22808.0,09:23:00,09:24:21,09:24:21,11,3253,1st Ave N & NE 103rd St,0.0,18.0
2023-10-06,860,North,22211,21802.0,14:40:00,14:42:16,14:42:16,0,2192,Northgate Station Bay 2,14.0,0.0
2023-10-06,860,North,22211,21802.0,14:57:00,15:05:06,15:05:57,3,2163,Ash Way Park & Ride Bay 4,1.0,7.0
2023-10-06,860,North,22211,21802.0,,15:07:24,15:07:24,4,3062,Ash Way & 157th St SW,0.0,0.0
2023-10-06,860,North,22211,21802.0,,15:07:45,15:08:01,5,2993,Ash Way & 153rd St SW,0.0,1.0
2023-10-06,860,North,22211,21802.0,,15:08:50,15:08:50,6,2994,Ash Way & 149th St SW,0.0,0.0
2023-10-06,860,North,22211,21802.0,,15:09:57,15:09:57,7,2995,Ash Way & 141st Pl SW,0.0,0.0
2023-10-06,860,North,22211,21802.0,,15:10:29,15:10:51,8,3004,Ash Way & 137th St SW,1.0,0.0
2023-10-06,860,North,22211,21802.0,,15:11:52,15:11:52,9,2456,134th St SW & Ash Way,0.0,0.0
2023-10-06,860,North,22211,21802.0,15:04:00,15:12:49,15:13:12,10,2104,Mariner Park & Ride Bay 2,0.0,3.0
2023-10-06,860,North,22211,21802.0,,15:17:03,15:17:03,11,165,128th St SE & 3rd Ave SE,0.0,0.0
2023-10-06,860,North,22211,21802.0,,15:17:22,15:17:22,12,169,128th St SE & Park Rd,0.0,0.0
2023-10-06,860,North,22211,21802.0,15:11:00,15:18:41,15:18:41,13,3323,McCollum Park Park & Ride Temporary Bay,0.0,5.0
2023-10-06,860,North,22212,21812.0,15:15:00,15:17:57,15:17:57,0,2192,Northgate Station Bay 2,22.0,0.0
2023-10-06,860,North,22212,21812.0,15:37:00,15:42:50,15:43:23,3,2163,Ash Way Park & Ride Bay 4,0.0,8.0
2023-10-06,860,North,22212,21812.0,,15:44:27,15:44:27,4,3062,Ash Way & 157th St SW,0.0,0.0
2023-10-06,860,North,22212,21812.0,,15:44:46,15:44:57,5,2993,Ash Way & 153rd St SW,0.0,1.0
2023-10-06,860,North,22212,21812.0,,15:45:37,15:45:37,6,2994,Ash Way & 149th St SW,0.0,0.0
2023-10-06,860,North,22212,21812.0,,15:46:37,15:46:37,7,2995,Ash Way & 141st Pl SW,0.0,0.0
2023-10-06,860,North,22212,21812.0,,15:47:01,15:47:01,8,3004,Ash Way & 137th St SW,0.0,0.0
2023-10-06,860,North,22212,21812.0,,15:47:47,15:47:47,9,2456,134th St SW & Ash Way,0.0,0.0
2023-10-06,860,North,22212,21812.0,15:44:00,15:48:34,15:48:59,10,2104,Mariner Park & Ride Bay 2,0.0,9.0
2023-10-06,860,North,22212,21812.0,,15:52:27,15:52:27,11,165,128th St SE & 3rd Ave SE,0.0,0.0
2023-10-06,860,North,22212,21812.0,,15:52:44,15:52:44,12,169,128th St SE & Park Rd,0.0,0.0
2023-10-06,860,North,22212,21812.0,15:51:00,15:53:47,15:53:47,13,3323,McCollum Park Park & Ride Temporary Bay,0.0,4.0
2023-10-06,860,North,22213,16806.0,15:45:00,15:58:49,15:58:49,0,2192,Northgate Station Bay 2,34.0,0.0
2023-10-06,860,North,22213,16806.0,16:11:00,16:26:00,16:26:51,3,2163,Ash Way Park & Ride Bay 4,0.0,26.0
2023-10-06,860,North,22213,16806.0,,16:28:28,16:28:28,4,3062,Ash Way & 157th St SW,0.0,0.0
2023-10-06,860,North,22213,16806.0,,16:28:48,16:28:48,5,2993,Ash Way & 153rd St SW,0.0,0.0
2023-10-06,860,North,22213,16806.0,,16:29:23,16:29:23,6,2994,Ash Way & 149th St SW,0.0,0.0
2023-10-06,860,North,22213,16806.0,,16:30:33,16:30:33,7,2995,Ash Way & 141st Pl SW,0.0,0.0
2023-10-06,860,North,22213,16806.0,,16:31:00,16:31:00,8,3004,Ash Way & 137th St SW,0.0,0.0
2023-10-06,860,North,22213,16806.0,,16:32:00,16:32:00,9,2456,134th St SW & Ash Way,0.0,0.0
2023-10-06,860,North,22213,16806.0,16:18:00,16:32:58,16:33:21,10,2104,Mariner Park & Ride Bay 2,0.0,2.0
2023-10-06,860,North,22213,16806.0,,16:38:55,16:38:55,11,165,128th St SE & 3rd Ave SE,0.0,0.0
2023-10-06,860,North,22213,16806.0,,16:39:13,16:39:13,12,169,128th St SE & Park Rd,0.0,0.0
2023-10-06,860,North,22213,16806.0,16:25:00,16:40:34,16:40:34,13,3323,McCollum Park Park & Ride Temporary Bay,0.0,6.0
2023-10-06,860,North,22214,22806.0,16:15:00,16:22:13,16:22:13,0,2192,Northgate Station Bay 2,3.0,0.0
2023-10-06,860,North,22214,22806.0,16:41:00,16:48:16,16:48:24,3,2163,Ash Way Park & Ride Bay 4,0.0,0.0
2023-10-06,860,North,22214,22806.0,,16:49:35,16:49:35,4,3062,Ash Way & 157th St SW,0.0,0.0
2023-10-06,860,North,22214,22806.0,,16:49:55,16:49:55,5,2993,Ash Way & 153rd St SW,0.0,0.0
2023-10-06,860,North,22214,22806.0,,16:50:31,16:50:31,6,2994,Ash Way & 149th St SW,0.0,0.0
2023-10-06,860,North,22214,22806.0,,16:51:31,16:51:31,7,2995,Ash Way & 141st Pl SW,0.0,0.0
2023-10-06,860,North,22214,22806.0,,16:51:56,16:51:56,8,3004,Ash Way & 137th St SW,0.0,0.0
2023-10-06,860,North,22214,22806.0,,16:52:41,16:52:41,9,2456,134th St SW & Ash Way,0.0,0.0
2023-10-06,860,North,22214,22806.0,16:48:00,16:53:31,16:53:49,10,2104,Mariner Park & Ride Bay 2,0.0,2.0
2023-10-06,860,North,22214,22806.0,,16:58:17,16:58:28,11,165,128th St SE & 3rd Ave SE,0.0,1.0
2023-10-06,860,North,22214,22806.0,,16:58:50,16:58:50,12,169,128th St SE & Park Rd,0.0,0.0
2023-10-06,860,North,22214,22806.0,16:58:00,16:59:56,16:59:56,13,3323,McCollum Park Park & Ride Temporary Bay,0.0,0.0
2023-10-06,860,North,22215,21815.0,16:45:00,16:46:55,16:46:55,0,2192,Northgate Station Bay 2,10.0,0.0
2023-10-06,860,North,22215,21815.0,17:11:00,17:08:35,17:08:35,3,2163,Ash Way Park & Ride Bay 4,0.0,0.0
2023-10-06,860,North,22215,21815.0,,17:10:28,17:10:28,4,3062,Ash Way & 157th St SW,0.0,8.0
2023-10-06,860,North,22215,21815.0,,17:10:57,17:10:57,5,2993,Ash Way & 153rd St SW,0.0,1.0
2023-10-06,860,North,22215,21815.0,,17:12:11,17:12:11,6,2994,Ash Way & 149th St SW,0.0,0.0
2023-10-06,860,North,22215,21815.0,,17:13:13,17:13:13,7,2995,Ash Way & 141st Pl SW,0.0,0.0
2023-10-06,860,North,22215,21815.0,,17:13:41,17:13:41,8,3004,Ash Way & 137th St SW,0.0,0.0
2023-10-06,860,North,22215,21815.0,,17:14:19,17:14:19,9,2456,134th St SW & Ash Way,0.0,0.0
2023-10-06,860,North,22215,21815.0,17:18:00,17:16:03,17:16:28,10,2104,Mariner Park & Ride Bay 2,0.0,0.0
2023-10-06,860,North,22215,21815.0,,17:21:58,17:22:08,11,165,128th St SE & 3rd Ave SE,0.0,1.0
2023-10-06,860,North,22215,21815.0,,17:22:32,17:22:32,12,169,128th St SE & Park Rd,0.0,0.0
2023-10-06,860,North,22215,21815.0,17:28:00,17:24:05,17:24:05,13,3323,McCollum Park Park & Ride Temporary Bay,0.0,0.0
2023-10-06,860,North,22216,17808.0,17:15:00,17:17:33,17:17:33,0,2192,Northgate Station Bay 2,26.0,0.0
2023-10-06,860,North,22216,17808.0,17:39:00,17:38:11,17:38:50,3,2163,Ash Way Park & Ride Bay 4,1.0,12.0
2023-10-06,860,North,22216,17808.0,,17:40:59,17:40:59,4,3062,Ash Way & 157th St SW,0.0,0.0
2023-10-06,860,North,22216,17808.0,,17:41:20,17:41:40,5,2993,Ash Way & 153rd St SW,0.0,2.0
2023-10-06,860,North,22216,17808.0,,17:42:26,17:42:41,6,2994,Ash Way & 149th St SW,0.0,1.0
2023-10-06,860,North,22216,17808.0,,17:43:49,17:43:49,7,2995,Ash Way & 141st Pl SW,0.0,0.0
2023-10-06,860,North,22216,17808.0,,17:44:15,17:44:15,8,3004,Ash Way & 137th St SW,0.0,0.0
2023-10-06,860,North,22216,17808.0,,17:45:05,17:45:23,9,2456,134th St SW & Ash Way,0.0,3.0
2023-10-06,860,North,22216,17808.0,17:46:00,17:46:15,17:46:35,10,2104,Mariner Park & Ride Bay 2,0.0,4.0
2023-10-06,860,North,22216,17808.0,,17:52:59,17:53:11,11,165,128th St SE & 3rd Ave SE,0.0,2.0
2023-10-06,860,North,22216,17808.0,,17:53:34,17:53:34,12,169,128th St SE & Park Rd,0.0,0.0
2023-10-06,860,North,22216,17808.0,17:55:00,17:54:40,17:54:40,13,3323,McCollum Park Park & Ride Temporary Bay,0.0,3.0
2023-10-06,860,North,22217,16809.0,17:30:00,17:32:42,17:32:42,0,2192,Northgate Station Bay 2,19.0,0.0
2023-10-06,860,North,22217,16809.0,17:52:00,17:51:46,17:52:24,3,2163,Ash Way Park & Ride Bay 4,0.0,15.0
2023-10-06,860,North,22217,16809.0,,17:55:46,17:55:46,4,3062,Ash Way & 157th St SW,0.0,0.0
2023-10-06,860,North,22217,16809.0,,17:56:03,17:56:03,5,2993,Ash Way & 153rd St SW,0.0,0.0
2023-10-06,860,North,22217,16809.0,,17:56:36,17:56:36,6,2994,Ash Way & 149th St SW,0.0,0.0
2023-10-06,860,North,22217,16809.0,,17:57:41,17:57:41,7,2995,Ash Way & 141st Pl SW,0.0,0.0
2023-10-06,860,North,22217,16809.0,,17:58:06,17:58:06,8,3004,Ash Way & 137th St SW,0.0,0.0
2023-10-06,860,North,22217,16809.0,,17:58:53,17:58:53,9,2456,134th St SW & Ash Way,0.0,0.0
2023-10-06,860,North,22217,16809.0,17:59:00,17:59:41,18:00:09,10,2104,Mariner Park & Ride Bay 2,0.0,2.0
2023-10-06,860,North,22217,16809.0,,18:04:23,18:04:35,11,165,128th St SE & 3rd Ave SE,0.0,1.0
2023-10-06,860,North,22217,16809.0,,18:04:54,18:04:54,12,169,128th St SE & Park Rd,0.0,0.0
2023-10-06,860,North,22217,16809.0,18:07:00,18:06:05,18:06:05,13,3323,McCollum Park Park & Ride Temporary Bay,0.0,1.0
2023-10-06,860,North,22218,22806.0,17:45:00,17:46:15,17:46:15,0,2192,Northgate Station Bay 2,11.0,0.0
2023-10-06,860,North,22218,22806.0,18:07:00,18:03:46,18:04:32,3,2163,Ash Way Park & Ride Bay 4,2.0,8.0
2023-10-06,860,North,22218,22806.0,,18:07:34,18:07:34,4,3062,Ash Way & 157th St SW,0.0,0.0
2023-10-06,860,North,22218,22806.0,,18:07:52,18:07:52,5,2993,Ash Way & 153rd St SW,0.0,0.0
2023-10-06,860,North,22218,22806.0,,18:08:27,18:08:27,6,2994,Ash Way & 149th St SW,0.0,0.0
2023-10-06,860,North,22218,22806.0,,18:09:31,18:09:42,7,2995,Ash Way & 141st Pl SW,0.0,1.0
2023-10-06,860,North,22218,22806.0,,18:10:15,18:10:15,8,3004,Ash Way & 137th St SW,0.0,0.0
2023-10-06,860,North,22218,22806.0,,18:11:03,18:11:03,9,2456,134th St SW & Ash Way,0.0,0.0
2023-10-06,860,North,22218,22806.0,18:14:00,18:11:50,18:11:59,10,2104,Mariner Park & Ride Bay 2,0.0,1.0
2023-10-06,860,North,22218,22806.0,,18:15:23,18:15:34,11,165,128th St SE & 3rd Ave SE,0.0,2.0
2023-10-06,860,North,22218,22806.0,,18:16:06,18:16:06,12,169,128th St SE & Park Rd,0.0,0.0
2023-10-06,860,North,22218,22806.0,18:22:00,18:17:14,18:17:14,13,3323,McCollum Park Park & Ride Temporary Bay,0.0,1.0
2023-10-06,860,North,22219,21815.0,18:15:00,18:16:17,18:16:17,0,2192,Northgate Station Bay 2,6.0,0.0
2023-10-06,860,North,22219,21815.0,18:35:00,18:32:07,18:33:17,3,2163,Ash Way Park & Ride Bay 4,0.0,4.0
2023-10-06,860,North,22219,21815.0,,18:34:32,18:34:32,4,3062,Ash Way & 157th St SW,0.0,0.0
2023-10-06,860,North,22219,21815.0,,18:34:48,18:34:48,5,2993,Ash Way & 153rd St SW,0.0,0.0
2023-10-06,860,North,22219,21815.0,,18:35:21,18:35:21,6,2994,Ash Way & 149th St SW,0.0,0.0
2023-10-06,860,North,22219,21815.0,,18:36:23,18:36:23,7,2995,Ash Way & 141st Pl SW,0.0,0.0
2023-10-06,860,North,22219,21815.0,,18:36:49,18:36:49,8,3004,Ash Way & 137th St SW,0.0,0.0
2023-10-06,860,North,22219,21815.0,,18:37:42,18:37:42,9,2456,134th St SW & Ash Way,0.0,0.0
2023-10-06,860,North,22219,21815.0,18:42:00,18:38:42,18:38:58,10,2104,Mariner Park & Ride Bay 2,0.0,1.0
2023-10-06,860,North,22219,21815.0,,18:46:08,18:46:18,11,165,128th St SE & 3rd Ave SE,0.0,1.0
2023-10-06,860,North,22219,21815.0,,18:46:43,18:46:43,12,169,128th St SE & Park Rd,0.0,0.0
2023-10-06,860,North,22219,21815.0,18:48:00,18:47:59,18:47:59,13,3323,McCollum Park Park & Ride Temporary Bay,0.0,0.0
2023-10-06,860,South,22220,22804.0,05:25:00,05:25:12,05:25:12,0,3323,McCollum Park Park & Ride Temporary Bay,1.0,0.0
2023-10-06,860,South,22220,22804.0,,05:28:14,05:28:27,1,1552,128th St SE & 3rd Ave SE,1.0,0.0
2023-10-06,860,South,22220,22804.0,05:30:00,05:32:04,05:32:29,2,2106,Mariner Park & Ride Bay 4,2.0,0.0
2023-10-06,860,South,22220,22804.0,,05:33:35,05:33:35,3,2457,134th St SW & Ash Way,0.0,0.0
2023-10-06,860,South,22220,22804.0,,05:34:20,05:34:20,4,2997,Ash Way & 135th St SW,0.0,0.0
2023-10-06,860,South,22220,22804.0,,05:34:51,05:34:51,5,2998,Ash Way & 140th St SW,0.0,0.0
2023-10-06,860,South,22220,22804.0,,05:36:03,05:36:03,6,2999,Ash Way & 149th St SW,0.0,0.0
2023-10-06,860,South,22220,22804.0,,05:36:44,05:36:44,7,3000,Ash Way & 153rd Pl SW,0.0,0.0
2023-10-06,860,South,22220,22804.0,05:34:00,05:38:16,05:38:59,8,2162,Ash Way Park & Ride Bay 3,5.0,0.0
2023-10-06,860,South,22220,22804.0,05:56:00,05:55:52,05:55:52,11,3253,1st Ave N & NE 103rd St,0.0,9.0
2023-10-06,860,South,22221,17811.0,06:00:00,06:00:03,06:00:03,0,3323,McCollum Park Park & Ride Temporary Bay,0.0,0.0
2023-10-06,860,South,22221,17811.0,,06:02:09,06:02:09,1,1552,128th St SE & 3rd Ave SE,0.0,0.0
2023-10-06,860,South,22221,17811.0,06:05:00,06:05:31,06:06:02,2,2106,Mariner Park & Ride Bay 4,5.0,0.0
2023-10-06,860,South,22221,17811.0,,06:07:12,06:07:12,3,2457,134th St SW & Ash Way,0.0,0.0
2023-10-06,860,South,22221,17811.0,,06:08:04,06:08:22,4,2997,Ash Way & 135th St SW,2.0,0.0
2023-10-06,860,South,22221,17811.0,,06:08:56,06:08:56,5,2998,Ash Way & 140th St SW,0.0,0.0
2023-10-06,860,South,22221,17811.0,,06:10:05,06:10:05,6,2999,Ash Way & 149th St SW,0.0,0.0
2023-10-06,860,South,22221,17811.0,,06:10:41,06:10:41,7,3000,Ash Way & 153rd Pl SW,0.0,0.0
2023-10-06,860,South,22221,17811.0,06:09:00,06:12:21,06:12:49,8,2162,Ash Way Park & Ride Bay 3,5.0,0.0
2023-10-06,860,South,22221,17811.0,06:34:00,06:28:39,06:28:39,11,3253,1st Ave N & NE 103rd St,0.0,12.0
2023-10-06,860,South,22222,19808.0,06:33:00,06:33:42,06:33:42,0,3323,McCollum Park Park & Ride Temporary Bay,3.0,0.0
2023-10-06,860,South,22222,19808.0,,06:37:35,06:37:35,1,1552,128th St SE & 3rd Ave SE,0.0,0.0
2023-10-06,860,South,22222,19808.0,06:38:00,06:42:21,06:42:42,2,2106,Mariner Park & Ride Bay 4,0.0,0.0
2023-10-06,860,South,22222,19808.0,,06:44:02,06:44:02,3,2457,134th St SW & Ash Way,0.0,0.0
2023-10-06,860,South,22222,19808.0,,06:45:03,06:45:26,4,2997,Ash Way & 135th St SW,4.0,0.0
2023-10-06,860,South,22222,19808.0,,06:47:01,06:47:01,5,2998,Ash Way & 140th St SW,0.0,0.0
2023-10-06,860,South,22222,19808.0,,06:49:21,06:49:39,6,2999,Ash Way & 149th St SW,0.0,0.0
2023-10-06,860,South,22222,19808.0,,06:50:27,06:50:27,7,3000,Ash Way & 153rd Pl SW,0.0,0.0
2023-10-06,860,South,22222,19808.0,06:42:00,06:52:50,06:53:17,8,2162,Ash Way Park & Ride Bay 3,0.0,1.0
2023-10-06,860,South,22222,19808.0,07:10:00,07:13:48,07:13:48,11,3253,1st Ave N & NE 103rd St,0.0,6.0
2023-10-06,860,South,22223,17813.0,06:57:00,06:58:18,06:58:18,0,3323,McCollum Park Park & Ride Temporary Bay,5.0,0.0
2023-10-06,860,South,22223,17813.0,,07:03:28,07:04:00,1,1552,128th St SE & 3rd Ave SE,3.0,0.0
2023-10-06,860,South,22223,17813.0,07:03:00,07:07:52,07:08:12,2,2106,Mariner Park & Ride Bay 4,1.0,0.0
2023-10-06,860,South,22223,17813.0,,07:09:42,07:09:42,3,2457,134th St SW & Ash Way,0.0,0.0
2023-10-06,860,South,22223,17813.0,,07:10:34,07:10:34,4,2997,Ash Way & 135th St SW,0.0,0.0
2023-10-06,860,South,22223,17813.0,,07:11:12,07:11:33,5,2998,Ash Way & 140th St SW,1.0,0.0
2023-10-06,860,South,22223,17813.0,,07:12:58,07:12:58,6,2999,Ash Way & 149th St SW,0.0,0.0
2023-10-06,860,South,22223,17813.0,,07:13:36,07:13:36,7,3000,Ash Way & 153rd Pl SW,0.0,0.0
2023-10-06,860,South,22223,17813.0,07:08:00,07:15:52,07:16:43,8,2162,Ash Way Park & Ride Bay 3,13.0,2.0
2023-10-06,860,South,22223,17813.0,07:38:00,07:37:13,07:37:13,11,3253,1st Ave N & NE 103rd St,0.0,21.0
2023-10-06,860,South,22224,17811.0,07:32:00,07:32:05,07:32:05,0,3323,McCollum Park Park & Ride Temporary Bay,3.0,0.0
2023-10-06,860,South,22224,17811.0,,07:34:06,07:34:06,1,1552,128th St SE & 3rd Ave SE,0.0,0.0
2023-10-06,860,South,22224,17811.0,07:38:00,07:36:45,07:38:06,2,2106,Mariner Park & Ride Bay 4,9.0,0.0
2023-10-06,860,South,22224,17811.0,,07:39:16,07:39:16,3,2457,134th St SW & Ash Way,0.0,0.0
2023-10-06,860,South,22224,17811.0,,07:39:58,07:40:14,4,2997,Ash Way & 135th St SW,2.0,0.0
2023-10-06,860,South,22224,17811.0,,07:40:48,07:40:48,5,2998,Ash Way & 140th St SW,0.0,0.0
2023-10-06,860,South,22224,17811.0,,07:41:54,07:41:54,6,2999,Ash Way & 149th St SW,0.0,0.0
2023-10-06,860,South,22224,17811.0,,07:42:29,07:42:29,7,3000,Ash Way & 153rd Pl SW,0.0,0.0
2023-10-06,860,South,22224,17811.0,07:43:00,07:44:04,07:44:37,8,2162,Ash Way Park & Ride Bay 3,6.0,2.0
2023-10-06,860,South,22224,17811.0,08:19:00,08:03:46,08:03:46,11,3253,1st Ave N & NE 103rd St,0.0,18.0
2023-10-06,860,South,22225,19104.0,07:57:00,07:57:44,07:57:44,0,3323,McCollum Park Park & Ride Temporary Bay,6.0,0.0
2023-10-06,860,South,22225,19104.0,,08:01:42,08:01:55,1,1552,128th St SE & 3rd Ave SE,1.0,0.0
2023-10-06,860,South,22225,19104.0,08:03:00,08:05:33,08:05:58,2,2106,Mariner Park & Ride Bay 4,3.0,0.0
2023-10-06,860,South,22225,19104.0,,08:07:12,08:07:12,3,2457,134th St SW & Ash Way,0.0,0.0
2023-10-06,860,South,22225,19104.0,,08:07:52,08:07:52,4,2997,Ash Way & 135th St SW,0.0,0.0
2023-10-06,860,South,22225,19104.0,,08:08:27,08:08:51,5,2998,Ash Way & 140th St SW,1.0,0.0
2023-10-06,860,South,22225,19104.0,,08:10:12,08:10:12,6,2999,Ash Way & 149th St SW,0.0,0.0
2023-10-06,860,South,22225,19104.0,,08:10:49,08:10:49,7,3000,Ash Way & 153rd Pl SW,0.0,0.0
2023-10-06,860,South,22225,19104.0,08:08:00,08:13:05,08:13:53,8,2162,Ash Way Park & Ride Bay 3,10.0,0.0
2023-10-06,860,South,22225,19104.0,08:45:00,08:33:41,08:33:41,11,3253,1st Ave N & NE 103rd St,0.0,21.0
2023-10-06,860,South,22226,22804.0,08:45:00,08:45:01,08:45:01,0,3323,McCollum Park Park & Ride Temporary Bay,6.0,0.0
2023-10-06,860,South,22226,22804.0,,08:48:38,08:48:50,1,1552,128th St SE & 3rd Ave SE,0.0,0.0
2023-10-06,860,South,22226,22804.0,08:51:00,08:52:09,08:52:32,2,2106,Mariner Park & Ride Bay 4,3.0,0.0
2023-10-06,860,South,22226,22804.0,,08:53:34,08:53:34,3,2457,134th St SW & Ash Way,0.0,0.0
2023-10-06,860,South,22226,22804.0,,08:54:19,08:54:34,4,2997,Ash Way & 135th St SW,1.0,0.0
2023-10-06,860,South,22226,22804.0,,08:55:12,08:55:12,5,2998,Ash Way & 140th St SW,0.0,0.0
2023-10-06,860,South,22226,22804.0,,08:56:27,08:56:27,6,2999,Ash Way & 149th St SW,0.0,0.0
2023-10-06,860,South,22226,22804.0,,08:57:09,08:57:09,7,3000,Ash Way & 153rd Pl SW,0.0,0.0
2023-10-06,860,South,22226,22804.0,08:55:00,08:59:46,09:00:00,8,2162,Ash Way Park & Ride Bay 3,2.0,0.0
2023-10-06,860,South,22226,22804.0,09:23:00,09:19:11,09:19:11,11,3253,1st Ave N & NE 103rd St,0.0,12.0
2023-10-09,860,North,22211,19802.0,14:40:00,14:41:27,14:41:27,0,2192,Northgate Station Bay 2,4.0,0.0
2023-10-09,860,North,22211,19802.0,14:57:00,14:58:00,14:59:33,3,2163,Ash Way Park & Ride Bay 4,2.0,0.0
2023-10-09,860,North,22211,19802.0,,15:01:06,15:01:06,4,3062,Ash Way & 157th St SW,0.0,0.0
2023-10-09,860,North,22211,19802.0,,15:01:22,15:01:22,5,2993,Ash Way & 153rd St SW,0.0,0.0
2023-10-09,860,North,22211,19802.0,,15:01:59,15:01:59,6,2994,Ash Way & 149th St SW,0.0,0.0
2023-10-09,860,North,22211,19802.0,,15:03:10,15:03:25,7,2995,Ash Way & 141st Pl SW,0.0,1.0
2023-10-09,860,North,22211,19802.0,,15:03:58,15:03:58,8,3004,Ash Way & 137th St SW,0.0,0.0
2023-10-09,860,North,22211,19802.0,,15:04:53,15:04:53,9,2456,134th St SW & Ash Way,0.0,0.0
2023-10-09,860,North,22211,19802.0,15:04:00,15:05:49,15:05:58,10,2104,Mariner Park & Ride Bay 2,0.0,0.0
2023-10-09,860,North,22211,19802.0,,15:09:53,15:09:53,11,165,128th St SE & 3rd Ave SE,0.0,0.0
2023-10-09,860,North,22211,19802.0,,15:10:13,15:10:13,12,169,128th St SE & Park Rd,0.0,0.0
2023-10-09,860,North,22211,19802.0,15:11:00,15:11:35,15:11:35,13,3323,McCollum Park Park & Ride Temporary Bay,0.0,5.0
2023-10-09,860,North,22212,16801.0,15:15:00,15:16:59,15:16:59,0,2192,Northgate Station Bay 2,12.0,0.0
2023-10-09,860,North,22212,16801.0,15:37:00,15:33:39,15:34:03,3,2163,Ash Way Park & Ride Bay 4,0.0,2.0
2023-10-09,860,North,22212,16801.0,,15:35:36,15:35:36,4,3062,Ash Way & 157th St SW,0.0,0.0
2023-10-09,860,North,22212,16801.0,,15:35:50,15:35:50,5,2993,Ash Way & 153rd St SW,0.0,0.0
2023-10-09,860,North,22212,16801.0,,15:36:23,15:36:23,6,2994,Ash Way & 149th St SW,0.0,0.0
2023-10-09,860,North,22212,16801.0,,15:39:00,15:39:00,7,2995,Ash Way & 141st Pl SW,0.0,0.0
2023-10-09,860,North,22212,16801.0,,15:41:56,15:41:56,8,3004,Ash Way & 137th St SW,0.0,0.0
2023-10-09,860,North,22212,16801.0,,15:44:05,15:44:22,9,2456,134th St SW & Ash Way,0.0,2.0
2023-10-09,860,North,22212,16801.0,15:44:00,15:45:15,15:45:36,10,2104,Mariner Park & Ride Bay 2,0.0,4.0
2023-10-09,860,North,22212,16801.0,,15:50:02,15:50:02,11,165,128th St SE & 3rd Ave SE,0.0,0.0
2023-10-09,860,North,22212,16801.0,,15:50:16,15:50:16,12,169,128th St SE & Park Rd,0.0,0.0
2023-10-09,860,North,22212,16801.0,15:51:00,15:51:37,15:51:37,13,3323,McCollum Park Park & Ride Temporary Bay,0.0,4.0
2023-10-09,860,North,22213,22805.0,15:45:00,15:47:25,15:47:25,0,2192,Northgate Station Bay 2,21.0,0.0
2023-10-09,860,North,22213,22805.0,16:11:00,16:09:51,16:10:19,3,2163,Ash Way Park & Ride Bay 4,0.0,12.0
2023-10-09,860,North,22213,22805.0,,16:11:30,16:11:30,4,3062,Ash Way & 157th St SW,0.0,0.0
2023-10-09,860,North,22213,22805.0,,16:11:57,16:12:11,5,2993,Ash Way & 153rd St SW,0.0,1.0
2023-10-09,860,North,22213,22805.0,,16:12:53,16:12:53,6,2994,Ash Way & 149th St SW,0.0,0.0
2023-10-09,860,North,22213,22805.0,,16:14:08,16:14:18,7,2995,Ash Way & 141st Pl SW,0.0,1.0
2023-10-09,860,North,22213,22805.0,,16:14:54,16:14:54,8,3004,Ash Way & 137th St SW,0.0,0.0
2023-10-09,860,North,22213,22805.0,,16:15:42,16:15:42,9,2456,134th St SW & Ash Way,0.0,0.0
2023-10-09,860,North,22213,22805.0,16:18:00,16:16:35,16:16:50,10,2104,Mariner Park & Ride Bay 2,0.0,2.0
2023-10-09,860,North,22213,22805.0,,16:22:46,16:22:57,11,165,128th St SE & 3rd Ave SE,0.0,1.0
2023-10-09,860,North,22213,22805.0,,16:23:19,16:23:19,12,169,128th St SE & Park Rd,0.0,0.0
2023-10-09,860,North,22213,22805.0,16:25:00,16:24:55,16:24:55,13,3323,McCollum Park Park & Ride Temporary Bay,0.0,4.0
2023-10-09,860,North,22214,17809.0,16:15:00,16:15:47,16:15:47,0,2192,Northgate Station Bay 2,19.0,0.0
2023-10-09,860,North,22214,17809.0,16:41:00,16:39:46,16:40:31,3,2163,Ash Way Park & Ride Bay 4,2.0,13.0
2023-10-09,860,North,22214,17809.0,,16:41:36,16:41:36,4,3062,Ash Way & 157th St SW,0.0,0.0
2023-10-09,860,North,22214,17809.0,,16:41:51,16:41:51,5,2993,Ash Way & 153rd St SW,0.0,0.0
2023-10-09,860,North,22214,17809.0,,16:42:24,16:42:24,6,2994,Ash Way & 149th St SW,0.0,0.0
2023-10-09,860,North,22214,17809.0,,16:44:05,16:44:05,7,2995,Ash Way & 141st Pl SW,0.0,0.0
2023-10-09,860,North,22214,17809.0,,16:44:45,16:44:59,8,3004,Ash Way & 137th St SW,0.0,1.0
2023-10-09,860,North,22214,17809.0,,16:46:03,16:46:14,9,2456,134th St SW & Ash Way,0.0,1.0
2023-10-09,860,North,22214,17809.0,16:48:00,16:47:08,16:47:23,10,2104,Mariner Park & Ride Bay 2,0.0,4.0
2023-10-09,860,North,22214,17809.0,,16:54:07,16:54:07,11,165,128th St SE & 3rd Ave SE,0.0,0.0
2023-10-09,860,North,22214,17809.0,,16:54:21,16:54:21,12,169,128th St SE & Park Rd,0.0,0.0
2023-10-09,860,North,22214,17809.0,16:58:00,16:55:28,16:55:28,13,3323,McCollum Park Park & Ride Temporary Bay,0.0,2.0
2023-10-09,860,North,22215,17801.0,16:45:00,16:51:17,16:51:17,0,2192,Northgate Station Bay 2,25.0,0.0
2023-10-09,860,North,22215,17801.0,17:11:00,17:15:23,17:16:03,3,2163,Ash Way Park & Ride Bay 4,0.0,20.0
2023-10-09,860,North,22215,17801.0,,17:17:28,17:17:28,4,3062,Ash Way & 157th St SW,0.0,0.0
2023-10-09,860,North,22215,17801.0,,17:17:42,17:17:42,5,2993,Ash Way & 153rd St SW,0.0,0.0
2023-10-09,860,North,22215,17801.0,,17:18:15,17:18:15,6,2994,Ash Way & 149th St SW,0.0,0.0
2023-10-09,860,North,22215,17801.0,,17:19:18,17:19:18,7,2995,Ash Way & 141st Pl SW,0.0,0.0
2023-10-09,860,North,22215,17801.0,,17:19:43,17:19:43,8,3004,Ash Way & 137th St SW,0.0,0.0
2023-10-09,860,North,22215,17801.0,,17:20:35,17:20:35,9,2456,134th St SW & Ash Way,0.0,0.0
2023-10-09,860,North,22215,17801.0,17:18:00,17:21:30,17:21:46,10,2104,Mariner Park & Ride Bay 2,0.0,3.0
2023-10-09,860,North,22215,17801.0,,17:24:51,17:25:05,11,165,128th St SE & 3rd Ave SE,0.0,1.0
2023-10-09,860,North,22215,17801.0,,17:25:27,17:25:27,12,169,128th St SE & Park Rd,0.0,0.0
2023-10-09,860,North,22215,17801.0,17:28:00,17:26:36,17:26:36,13,3323,McCollum Park Park & Ride Temporary Bay,0.0,1.0
2023-10-09,860,North,22216,17808.0,17:15:00,17:15:09,17:15:09,0,2192,Northgate Station Bay 2,16.0,0.0
2023-10-09,860,North,22216,17808.0,17:39:00,17:39:57,17:40:19,3,2163,Ash Way Park & Ride Bay 4,0.0,8.0
2023-10-09,860,North,22216,17808.0,,17:41:30,17:41:30,4,3062,Ash Way & 157th St SW,0.0,0.0
2023-10-09,860,North,22216,17808.0,,17:41:44,17:41:44,5,2993,Ash Way & 153rd St SW,0.0,0.0
2023-10-09,860,North,22216,17808.0,,17:42:26,17:42:34,6,2994,Ash Way & 149th St SW,0.0,1.0
2023-10-09,860,North,22216,17808.0,,17:43:43,17:43:43,7,2995,Ash Way & 141st Pl SW,0.0,0.0
2023-10-09,860,North,22216,17808.0,,17:44:11,17:44:11,8,3004,Ash Way & 137th St SW,0.0,0.0
2023-10-09,860,North,22216,17808.0,,17:44:59,17:44:59,9,2456,134th St SW & Ash Way,0.0,0.0
2023-10-09,860,North,22216,17808.0,17:46:00,17:45:48,17:45:59,10,2104,Mariner Park & Ride Bay 2,0.0,2.0
2023-10-09,860,North,22216,17808.0,,17:48:04,17:48:14,11,165,128th St SE & 3rd Ave SE,0.0,1.0
2023-10-09,860,North,22216,17808.0,,17:48:43,17:48:55,12,169,128th St SE & Park Rd,0.0,0.0
2023-10-09,860,North,22216,17808.0,17:55:00,17:50:08,17:50:08,13,3323,McCollum Park Park & Ride Temporary Bay,0.0,4.0
2023-10-09,860,North,22217,19804.0,17:30:00,17:30:00,17:30:00,0,2192,Northgate Station Bay 2,23.0,0.0
2023-10-09,860,North,22217,19804.0,17:52:00,17:54:35,17:55:11,3,2163,Ash Way Park & Ride Bay 4,0.0,16.0
2023-10-09,860,North,22217,19804.0,,17:56:25,17:56:25,4,3062,Ash Way & 157th St SW,0.0,0.0
2023-10-09,860,North,22217,19804.0,,17:56:41,17:56:41,5,2993,Ash Way & 153rd St SW,0.0,0.0
2023-10-09,860,North,22217,19804.0,,17:57:14,17:57:14,6,2994,Ash Way & 149th St SW,0.0,0.0
2023-10-09,860,North,22217,19804.0,,17:58:15,17:58:15,7,2995,Ash Way & 141st Pl SW,0.0,0.0
2023-10-09,860,North,22217,19804.0,,17:58:40,17:58:40,8,3004,Ash Way & 137th St SW,0.0,0.0
2023-10-09,860,North,22217,19804.0,,17:59:32,17:59:32,9,2456,134th St SW & Ash Way,0.0,0.0
2023-10-09,860,North,22217,19804.0,17:59:00,18:00:20,18:00:47,10,2104,Mariner Park & Ride Bay 2,0.0,4.0
2023-10-09,860,North,22217,19804.0,,18:04:13,18:04:22,11,165,128th St SE & 3rd Ave SE,0.0,1.0
2023-10-09,860,North,22217,19804.0,,18:04:44,18:04:44,12,169,128th St SE & Park Rd,0.0,0.0
2023-10-09,860,North,22217,19804.0,18:07:00,18:06:01,18:06:01,13,3323,McCollum Park Park & Ride Temporary Bay,0.0,2.0
2023-10-09,860,North,22218,17809.0,17:45:00,17:45:07,17:45:07,0,2192,Northgate Station Bay 2,11.0,0.0
2023-10-09,860,North,22218,17809.0,18:07:00,18:06:23,18:07:31,3,2163,Ash Way Park & Ride Bay 4,1.0,6.0
2023-10-09,860,North,22218,17809.0,,18:08:49,18:09:01,4,3062,Ash Way & 157th St SW,0.0,1.0
2023-10-09,860,North,22218,17809.0,,18:09:24,18:09:24,5,2993,Ash Way & 153rd St SW,0.0,0.0
2023-10-09,860,North,22218,17809.0,,18:10:07,18:10:36,6,2994,Ash Way & 149th St SW,0.0,1.0
2023-10-09,860,North,22218,17809.0,,18:11:46,18:11:46,7,2995,Ash Way & 141st Pl SW,0.0,0.0
2023-10-09,860,North,22218,17809.0,,18:12:22,18:12:22,8,3004,Ash Way & 137th St SW,0.0,0.0
2023-10-09,860,North,22218,17809.0,,18:13:12,18:13:12,9,2456,134th St SW & Ash Way,0.0,0.0
2023-10-09,860,North,22218,17809.0,18:14:00,18:14:01,18:14:16,10,2104,Mariner Park & Ride Bay 2,0.0,3.0
2023-10-09,860,North,22218,17809.0,,18:17:28,18:17:40,11,165,128th St SE & 3rd Ave SE,0.0,1.0
2023-10-09,860,North,22218,17809.0,,18:18:00,18:18:00,12,169,128th St SE & Park Rd,0.0,0.0
2023-10-09,860,North,22218,17809.0,18:22:00,18:19:01,18:19:01,13,3323,McCollum Park Park & Ride Temporary Bay,0.0,0.0
2023-10-09,860,North,22219,17801.0,18:15:00,18:17:06,18:17:06,0,2192,Northgate Station Bay 2,14.0,0.0
2023-10-09,860,North,22219,17801.0,18:35:00,18:33:08,18:33:40,3,2163,Ash Way Park & Ride Bay 4,0.0,4.0
2023-10-09,860,North,22219,17801.0,,18:35:52,18:35:52,4,3062,Ash Way & 157th St SW,0.0,0.0
2023-10-09,860,North,22219,17801.0,,18:36:14,18:37:04,5,2993,Ash Way & 153rd St SW,0.0,3.0
2023-10-09,860,North,22219,17801.0,,18:37:49,18:37:49,6,2994,Ash Way & 149th St SW,0.0,0.0
2023-10-09,860,North,22219,17801.0,,18:38:52,18:38:52,7,2995,Ash Way & 141st Pl SW,0.0,0.0
2023-10-09,860,North,22219,17801.0,,18:39:19,18:39:19,8,3004,Ash Way & 137th St SW,0.0,0.0
2023-10-09,860,North,22219,17801.0,,18:40:10,18:40:10,9,2456,134th St SW & Ash Way,0.0,0.0
2023-10-09,860,North,22219,17801.0,18:42:00,18:41:01,18:41:20,10,2104,Mariner Park & Ride Bay 2,0.0,3.0
2023-10-09,860,North,22219,17801.0,,18:43:58,18:43:58,11,165,128th St SE & 3rd Ave SE,0.0,0.0
2023-10-09,860,North,22219,17801.0,,18:44:15,18:44:15,12,169,128th St SE & Park Rd,0.0,0.0
2023-10-09,860,North,22219,17801.0,18:48:00,18:45:26,18:45:26,13,3323,McCollum Park Park & Ride Temporary Bay,0.0,4.0
2023-10-09,860,South,22220,17806.0,05:25:00,05:25:02,05:25:02,0,3323,McCollum Park Park & Ride Temporary Bay,2.0,0.0
2023-10-09,860,South,22220,17806.0,,05:29:26,05:29:26,1,1552,128th St SE & 3rd Ave SE,0.0,0.0
2023-10-09,860,South,22220,17806.0,05:30:00,05:31:07,05:31:29,2,2106,Mariner Park & Ride Bay 4,2.0,0.0
2023-10-09,860,South,22220,17806.0,,05:32:29,05:32:29,3,2457,134th St SW & Ash Way,0.0,0.0
2023-10-09,860,South,22220,17806.0,,05:33:04,05:33:04,4,2997,Ash Way & 135th St SW,0.0,0.0
2023-10-09,860,South,22220,17806.0,,05:33:36,05:33:46,5,2998,Ash Way & 140th St SW,1.0,0.0
2023-10-09,860,South,22220,17806.0,,05:35:05,05:35:05,6,2999,Ash Way & 149th St SW,0.0,0.0
2023-10-09,860,South,22220,17806.0,,05:35:48,05:35:48,7,3000,Ash Way & 153rd Pl SW,0.0,0.0
2023-10-09,860,South,22220,17806.0,05:34:00,05:37:19,05:37:59,8,2162,Ash Way Park & Ride Bay 3,7.0,0.0
2023-10-09,860,South,22220,17806.0,05:56:00,05:53:42,05:53:42,11,3253,1st Ave N & NE 103rd St,0.0,12.0
2023-10-09,860,South,22221,19803.0,06:00:00,06:00:16,06:00:16,0,3323,McCollum Park Park & Ride Temporary Bay,1.0,0.0
2023-10-09,860,South,22221,19803.0,,06:04:02,06:04:02,1,1552,128th St SE & 3rd Ave SE,0.0,0.0
2023-10-09,860,South,22221,19803.0,06:05:00,06:07:18,06:07:59,2,2106,Mariner Park & Ride Bay 4,6.0,0.0
2023-10-09,860,South,22221,19803.0,,06:09:10,06:09:10,3,2457,134th St SW & Ash Way,0.0,0.0
2023-10-09,860,South,22221,19803.0,,06:10:11,06:10:24,4,2997,Ash Way & 135th St SW,1.0,0.0
2023-10-09,860,South,22221,19803.0,,06:11:02,06:11:02,5,2998,Ash Way & 140th St SW,0.0,0.0
2023-10-09,860,South,22221,19803.0,,06:12:18,06:12:18,6,2999,Ash Way & 149th St SW,0.0,0.0
2023-10-09,860,South,22221,19803.0,,06:13:06,06:13:23,7,3000,Ash Way & 153rd Pl SW,1.0,0.0
2023-10-09,860,South,22221,19803.0,06:09:00,06:16:43,06:17:16,8,2162,Ash Way Park & Ride Bay 3,8.0,0.0
2023-10-09,860,South,22221,19803.0,06:34:00,06:35:23,06:35:23,11,3253,1st Ave N & NE 103rd St,0.0,17.0
2023-10-09,860,South,22222,19802.0,06:33:00,06:33:06,06:33:06,0,3323,McCollum Park Park & Ride Temporary Bay,7.0,0.0
2023-10-09,860,South,22222,19802.0,,06:37:04,06:37:04,1,1552,128th St SE & 3rd Ave SE,0.0,0.0
2023-10-09,860,South,22222,19802.0,06:38:00,06:41:07,06:41:27,2,2106,Mariner Park & Ride Bay 4,2.0,0.0
2023-10-09,860,South,22222,19802.0,,06:42:53,06:42:53,3,2457,134th St SW & Ash Way,0.0,0.0
2023-10-09,860,South,22222,19802.0,,06:43:38,06:44:00,4,2997,Ash Way & 135th St SW,2.0,0.0
2023-10-09,860,South,22222,19802.0,,06:44:44,06:45:05,5,2998,Ash Way & 140th St SW,2.0,0.0
2023-10-09,860,South,22222,19802.0,,06:46:58,06:46:58,6,2999,Ash Way & 149th St SW,0.0,0.0
2023-10-09,860,South,22222,19802.0,,06:47:45,06:47:45,7,3000,Ash Way & 153rd Pl SW,0.0,0.0
2023-10-09,860,South,22222,19802.0,06:42:00,06:50:05,06:51:04,8,2162,Ash Way Park & Ride Bay 3,12.0,0.0
2023-10-09,860,South,22222,19802.0,07:10:00,07:13:55,07:13:55,11,3253,1st Ave N & NE 103rd St,0.0,25.0
2023-10-09,860,South,22223,21803.0,06:57:00,06:57:56,06:57:56,0,3323,McCollum Park Park & Ride Temporary Bay,2.0,0.0
2023-10-09,860,South,22223,21803.0,,07:01:07,07:01:22,1,1552,128th St SE & 3rd Ave SE,2.0,0.0
2023-10-09,860,South,22223,21803.0,07:03:00,07:04:43,07:05:13,2,2106,Mariner Park & Ride Bay 4,4.0,0.0
2023-10-09,860,South,22223,21803.0,,07:06:15,07:06:15,3,2457,134th St SW & Ash Way,0.0,0.0
2023-10-09,860,South,22223,21803.0,,07:06:51,07:06:51,4,2997,Ash Way & 135th St SW,0.0,0.0
2023-10-09,860,South,22223,21803.0,,07:07:22,07:07:34,5,2998,Ash Way & 140th St SW,2.0,0.0
2023-10-09,860,South,22223,21803.0,,07:08:49,07:08:49,6,2999,Ash Way & 149th St SW,0.0,0.0
2023-10-09,860,South,22223,21803.0,,07:09:23,07:09:23,7,3000,Ash Way & 153rd Pl SW,0.0,0.0
2023-10-09,860,South,22223,21803.0,07:08:00,07:10:59,07:11:44,8,2162,Ash Way Park & Ride Bay 3,9.0,0.0
2023-10-09,860,South,22223,21803.0,07:38:00,07:33:03,07:33:03,11,3253,1st Ave N & NE 103rd St,0.0,19.0
2023-10-09,860,South,22224,19803.0,07:32:00,07:32:16,07:32:16,0,3323,McCollum Park Park & Ride Temporary Bay,4.0,0.0
2023-10-09,860,South,22224,19803.0,,07:36:02,07:36:02,1,1552,128th St SE & 3rd Ave SE,0.0,0.0
2023-10-09,860,South,22224,19803.0,07:38:00,07:40:07,07:40:31,2,2106,Mariner Park & Ride Bay 4,4.0,0.0
2023-10-09,860,South,22224,19803.0,,07:41:48,07:41:48,3,2457,134th St SW & Ash Way,0.0,0.0
2023-10-09,860,South,22224,19803.0,,07:42:30,07:42:30,4,2997,Ash Way & 135th St SW,0.0,0.0
2023-10-09,860,South,22224,19803.0,,07:43:02,07:43:13,5,2998,Ash Way & 140th St SW,2.0,0.0
2023-10-09,860,South,22224,19803.0,,07:44:31,07:44:31,6,2999,Ash Way & 149th St SW,0.0,0.0
2023-10-09,860,South,22224,19803.0,,07:45:20,07:45:36,7,3000,Ash Way & 153rd Pl SW,1.0,0.0
2023-10-09,860,South,22224,19803.0,07:43:00,07:47:49,07:48:20,8,2162,Ash Way Park & Ride Bay 3,8.0,0.0
2023-10-09,860,South,22224,19803.0,08:19:00,08:12:01,08:12:01,11,3253,1st Ave N & NE 103rd St,0.0,19.0
2023-10-09,860,South,22225,15114.0,07:57:00,07:57:55,07:57:55,0,3323,McCollum Park Park & Ride Temporary Bay,7.0,0.0
2023-10-09,860,South,22225,15114.0,,08:02:08,08:02:08,1,1552,128th St SE & 3rd Ave SE,0.0,0.0
2023-10-09,860,South,22225,15114.0,08:03:00,08:06:13,08:06:40,2,2106,Mariner Park & Ride Bay 4,4.0,0.0
2023-10-09,860,South,22225,15114.0,,08:08:03,08:08:03,3,2457,134th St SW & Ash Way,0.0,0.0
2023-10-09,860,South,22225,15114.0,,08:09:02,08:09:02,4,2997,Ash Way & 135th St SW,0.0,0.0
2023-10-09,860,South,22225,15114.0,,08:09:35,08:09:50,5,2998,Ash Way & 140th St SW,1.0,0.0
2023-10-09,860,South,22225,15114.0,,08:11:11,08:11:11,6,2999,Ash Way & 149th St SW,0.0,0.0
2023-10-09,860,South,22225,15114.0,,08:11:56,08:12:18,7,3000,Ash Way & 153rd Pl SW,1.0,0.0
2023-10-09,860,South,22225,15114.0,08:08:00,08:14:32,08:15:28,8,2162,Ash Way Park & Ride Bay 3,8.0,1.0
2023-10-09,860,South,22225,15114.0,08:45:00,08:35:23,08:35:23,11,3253,1st Ave N & NE 103rd St,0.0,20.0
2023-10-09,860,South,22226,17806.0,08:45:00,08:44:34,08:44:34,0,3323,McCollum Park Park & Ride Temporary Bay,3.0,0.0
2023-10-09,860,South,22226,17806.0,,08:48:10,08:48:10,1,1552,128th St SE & 3rd Ave SE,0.0,0.0
2023-10-09,860,South,22226,17806.0,08:51:00,08:50:44,08:51:03,2,2106,Mariner Park & Ride Bay 4,2.0,0.0
2023-10-09,860,South,22226,17806.0,,08:52:03,08:52:03,3,2457,134th St SW & Ash Way,0.0,0.0
2023-10-09,860,South,22226,17806.0,,08:52:40,08:52:40,4,2997,Ash Way & 135th St SW,0.0,0.0
2023-10-09,860,South,22226,17806.0,,08:53:09,08:53:09,5,2998,Ash Way & 140th St SW,0.0,0.0
2023-10-09,860,South,22226,17806.0,,08:54:16,08:54:16,6,2999,Ash Way & 149th St SW,0.0,0.0
2023-10-09,860,South,22226,17806.0,,08:54:59,08:54:59,7,3000,Ash Way & 153rd Pl SW,0.0,0.0
2023-10-09,860,South,22226,17806.0,08:55:00,08:56:43,08:57:09,8,2162,Ash Way Park & Ride Bay 3,4.0,0.0
2023-10-09,860,South,22226,17806.0,09:23:00,09:16:00,09:16:00,11,3253,1st Ave N & NE 103rd St,0.0,9.0
2023-10-10,860,North,22211,17812.0,14:40:00,14:41:21,14:41:21,0,2192,Northgate Station Bay 2,3.0,0.0
2023-10-10,860,North,22211,17812.0,14:57:00,14:58:05,14:58:21,3,2163,Ash Way Park & Ride Bay 4,1.0,0.0
2023-10-10,860,North,22211,17812.0,,14:59:39,14:59:39,4,3062,Ash Way & 157th St SW,0.0,0.0
2023-10-10,860,North,22211,17812.0,,14:59:52,14:59:52,5,2993,Ash Way & 153rd St SW,0.0,0.0
2023-10-10,860,North,22211,17812.0,,15:00:24,15:00:24,6,2994,Ash Way & 149th St SW,0.0,0.0
2023-10-10,860,North,22211,17812.0,,15:01:25,15:01:25,7,2995,Ash Way & 141st Pl SW,0.0,0.0
2023-10-10,860,North,22211,17812.0,,15:01:50,15:01:50,8,3004,Ash Way & 137th St SW,0.0,0.0
2023-10-10,860,North,22211,17812.0,,15:02:47,15:02:57,9,2456,134th St SW & Ash Way,0.0,0.0
2023-10-10,860,North,22211,17812.0,15:04:00,15:03:53,15:04:04,10,2104,Mariner Park & Ride Bay 2,0.0,2.0
2023-10-10,860,North,22211,17812.0,,15:06:41,15:06:41,11,165,128th St SE & 3rd Ave SE,0.0,0.0
2023-10-10,860,North,22211,17812.0,,15:06:57,15:06:57,12,169,128th St SE & Park Rd,0.0,0.0
2023-10-10,860,North,22211,17812.0,15:11:00,15:08:20,15:08:20,13,3323,McCollum Park Park & Ride Temporary Bay,0.0,2.0
2023-10-10,860,North,22212,19804.0,15:15:00,15:15:56,15:15:56,0,2192,Northgate Station Bay 2,14.0,0.0
2023-10-10,860,North,22212,19804.0,15:37:00,15:35:57,15:36:33,3,2163,Ash Way Park & Ride Bay 4,0.0,6.0
2023-10-10,860,North,22212,19804.0,,15:38:34,15:38:34,4,3062,Ash Way & 157th St SW,0.0,0.0
2023-10-10,860,North,22212,19804.0,,15:38:49,15:38:49,5,2993,Ash Way & 153rd St SW,0.0,0.0
2023-10-10,860,North,22212,19804.0,,15:39:20,15:39:20,6,2994,Ash Way & 149th St SW,0.0,0.0
2023-10-10,860,North,22212,19804.0,,15:42:03,15:42:03,7,2995,Ash Way & 141st Pl SW,0.0,0.0
2023-10-10,860,North,22212,19804.0,,15:43:57,15:43:57,8,3004,Ash Way & 137th St SW,0.0,0.0
2023-10-10,860,North,22212,19804.0,,15:45:02,15:45:02,9,2456,134th St SW & Ash Way,0.0,0.0
2023-10-10,860,North,22212,19804.0,15:44:00,15:45:58,15:46:18,10,2104,Mariner Park & Ride Bay 2,0.0,3.0
2023-10-10,860,North,22212,19804.0,,15:51:20,15:51:20,11,165,128th St SE & 3rd Ave SE,0.0,0.0
2023-10-10,860,North,22212,19804.0,,15:51:37,15:51:37,12,169,128th St SE & Park Rd,0.0,0.0
2023-10-10,860,North,22212,19804.0,15:51:00,15:52:39,15:52:39,13,3323,McCollum Park Park & Ride Temporary Bay,0.0,5.0
2023-10-10,860,North,22213,16804.0,15:45:00,15:46:41,15:46:41,0,2192,Northgate Station Bay 2,31.0,0.0
2023-10-10,860,North,22213,16804.0,16:11:00,16:08:56,16:09:41,3,2163,Ash Way Park & Ride Bay 4,0.0,22.0
2023-10-10,860,North,22213,16804.0,,16:10:39,16:10:39,4,3062,Ash Way & 157th St SW,0.0,0.0
2023-10-10,860,North,22213,16804.0,,16:10:55,16:10:55,5,2993,Ash Way & 153rd St SW,0.0,0.0
2023-10-10,860,North,22213,16804.0,,16:11:29,16:11:29,6,2994,Ash Way & 149th St SW,0.0,0.0
2023-10-10,860,North,22213,16804.0,,16:12:35,16:12:35,7,2995,Ash Way & 141st Pl SW,0.0,0.0
2023-10-10,860,North,22213,16804.0,,16:12:59,16:12:59,8,3004,Ash Way & 137th St SW,0.0,0.0
2023-10-10,860,North,22213,16804.0,,16:13:43,16:13:43,9,2456,134th St SW & Ash Way,0.0,0.0
2023-10-10,860,North,22213,16804.0,16:18:00,16:14:26,16:14:45,10,2104,Mariner Park & Ride Bay 2,0.0,2.0
2023-10-10,860,North,22213,16804.0,,16:19:28,16:19:28,11,165,128th St SE & 3rd Ave SE,0.0,0.0
2023-10-10,860,North,22213,16804.0,,16:19:48,16:20:09,12,169,128th St SE & Park Rd,0.0,1.0
2023-10-10,860,North,22213,16804.0,16:25:00,16:21:16,16:21:16,13,3323,McCollum Park Park & Ride Temporary Bay,0.0,6.0
2023-10-10,860,North,22214,21811.0,16:15:00,16:18:03,16:18:03,0,2192,Northgate Station Bay 2,29.0,0.0
2023-10-10,860,North,22214,21811.0,16:41:00,16:41:36,16:42:11,3,2163,Ash Way Park & Ride Bay 4,0.0,18.0
2023-10-10,860,North,22214,21811.0,,16:43:21,16:43:21,4,3062,Ash Way & 157th St SW,0.0,0.0
2023-10-10,860,North,22214,21811.0,,16:43:37,16:43:37,5,2993,Ash Way & 153rd St SW,0.0,0.0
2023-10-10,860,North,22214,21811.0,,16:44:20,16:44:20,6,2994,Ash Way & 149th St SW,0.0,0.0
2023-10-10,860,North,22214,21811.0,,16:45:35,16:45:50,7,2995,Ash Way & 141st Pl SW,0.0,1.0
2023-10-10,860,North,22214,21811.0,,16:46:25,16:46:25,8,3004,Ash Way & 137th St SW,0.0,0.0
2023-10-10,860,North,22214,21811.0,,16:47:17,16:47:27,9,2456,134th St SW & Ash Way,0.0,1.0
2023-10-10,860,North,22214,21811.0,16:48:00,16:48:22,16:48:41,10,2104,Mariner Park & Ride Bay 2,0.0,6.0
2023-10-10,860,North,22214,21811.0,,16:52:58,16:53:10,11,165,128th St SE & 3rd Ave SE,0.0,1.0
2023-10-10,860,North,22214,21811.0,,16:53:34,16:53:34,12,169,128th St SE & Park Rd,0.0,0.0
2023-10-10,860,North,22214,21811.0,16:58:00,16:54:51,16:54:51,13,3323,McCollum Park Park & Ride Temporary Bay,0.0,2.0
2023-10-10,860,North,22215,17803.0,16:45:00,16:47:12,16:47:12,0,2192,Northgate Station Bay 2,21.0,0.0
2023-10-10,860,North,22215,17803.0,17:11:00,17:12:56,17:13:42,3,2163,Ash Way Park & Ride Bay 4,0.0,17.0
2023-10-10,860,North,22215,17803.0,,17:16:16,17:16:16,4,3062,Ash Way & 157th St SW,0.0,0.0
2023-10-10,860,North,22215,17803.0,,17:16:33,17:16:33,5,2993,Ash Way & 153rd St SW,0.0,0.0
2023-10-10,860,North,22215,17803.0,,17:17:14,17:17:14,6,2994,Ash Way & 149th St SW,0.0,0.0
2023-10-10,860,North,22215,17803.0,,17:18:17,17:18:17,7,2995,Ash Way & 141st Pl SW,0.0,0.0
2023-10-10,860,North,22215,17803.0,,17:18:42,17:18:42,8,3004,Ash Way & 137th St SW,0.0,0.0
2023-10-10,860,North,22215,17803.0,,17:19:40,17:19:50,9,2456,134th St SW & Ash Way,0.0,1.0
2023-10-10,860,North,22215,17803.0,17:18:00,17:20:52,17:21:50,10,2104,Mariner Park & Ride Bay 2,1.0,2.0
2023-10-10,860,North,22215,17803.0,,17:27:41,17:27:53,11,165,128th St SE & 3rd Ave SE,0.0,1.0
2023-10-10,860,North,22215,17803.0,,17:28:15,17:28:15,12,169,128th St SE & Park Rd,0.0,0.0
2023-10-10,860,North,22215,17803.0,17:28:00,17:29:31,17:29:31,13,3323,McCollum Park Park & Ride Temporary Bay,0.0,1.0
2023-10-10,860,North,22216,22801.0,17:15:00,17:17:15,17:17:15,0,2192,Northgate Station Bay 2,21.0,0.0
2023-10-10,860,North,22216,22801.0,17:39:00,17:40:50,17:41:22,3,2163,Ash Way Park & Ride Bay 4,0.0,12.0
2023-10-10,860,North,22216,22801.0,,17:42:35,17:42:35,4,3062,Ash Way & 157th St SW,0.0,0.0
2023-10-10,860,North,22216,22801.0,,17:42:54,17:42:54,5,2993,Ash Way & 153rd St SW,0.0,0.0
2023-10-10,860,North,22216,22801.0,,17:43:32,17:43:32,6,2994,Ash Way & 149th St SW,0.0,0.0
2023-10-10,860,North,22216,22801.0,,17:44:29,17:44:29,7,2995,Ash Way & 141st Pl SW,0.0,0.0
2023-10-10,860,North,22216,22801.0,,17:44:58,17:44:58,8,3004,Ash Way & 137th St SW,0.0,0.0
2023-10-10,860,North,22216,22801.0,,17:45:57,17:45:57,9,2456,134th St SW & Ash Way,0.0,0.0
2023-10-10,860,North,22216,22801.0,17:46:00,17:46:49,17:47:11,10,2104,Mariner Park & Ride Bay 2,0.0,4.0
2023-10-10,860,North,22216,22801.0,,17:51:34,17:51:44,11,165,128th St SE & 3rd Ave SE,0.0,2.0
2023-10-10,860,North,22216,22801.0,,17:52:06,17:52:06,12,169,128th St SE & Park Rd,0.0,0.0
2023-10-10,860,North,22216,22801.0,17:55:00,17:53:35,17:53:35,13,3323,McCollum Park Park & Ride Temporary Bay,0.0,3.0
2023-10-10,860,North,22217,21806.0,17:30:00,17:30:44,17:30:44,0,2192,Northgate Station Bay 2,14.0,0.0
2023-10-10,860,North,22217,21806.0,17:52:00,17:52:47,17:53:19,3,2163,Ash Way Park & Ride Bay 4,1.0,12.0
2023-10-10,860,North,22217,21806.0,,17:54:38,17:54:38,4,3062,Ash Way & 157th St SW,0.0,0.0
2023-10-10,860,North,22217,21806.0,,17:54:56,17:54:56,5,2993,Ash Way & 153rd St SW,0.0,0.0
2023-10-10,860,North,22217,21806.0,,17:55:30,17:55:30,6,2994,Ash Way & 149th St SW,0.0,0.0
2023-10-10,860,North,22217,21806.0,,17:56:31,17:56:31,7,2995,Ash Way & 141st Pl SW,0.0,0.0
2023-10-10,860,North,22217,21806.0,,17:56:59,17:56:59,8,3004,Ash Way & 137th St SW,0.0,0.0
2023-10-10,860,North,22217,21806.0,,17:57:50,17:57:50,9,2456,134th St SW & Ash Way,0.0,0.0
2023-10-10,860,North,22217,21806.0,17:59:00,17:58:41,17:58:59,10,2104,Mariner Park & Ride Bay 2,0.0,3.0
2023-10-10,860,North,22217,21806.0,,18:02:10,18:02:10,11,165,128th St SE & 3rd Ave SE,0.0,0.0
2023-10-10,860,North,22217,21806.0,,18:02:26,18:02:26,12,169,128th St SE & Park Rd,0.0,0.0
2023-10-10,860,North,22217,21806.0,18:07:00,18:03:33,18:03:33,13,3323,McCollum Park Park & Ride Temporary Bay,0.0,0.0
2023-10-10,860,North,22218,21811.0,17:45:00,17:46:07,17:46:07,0,2192,Northgate Station Bay 2,7.0,0.0
2023-10-10,860,North,22218,21811.0,18:07:00,18:08:22,18:09:03,3,2163,Ash Way Park & Ride Bay 4,0.0,6.0
2023-10-10,860,North,22218,21811.0,,18:10:22,18:10:22,4,3062,Ash Way & 157th St SW,0.0,0.0
2023-10-10,860,North,22218,21811.0,,18:10:36,18:10:36,5,2993,Ash Way & 153rd St SW,0.0,0.0
2023-10-10,860,North,22218,21811.0,,18:11:11,18:11:11,6,2994,Ash Way & 149th St SW,0.0,0.0
2023-10-10,860,North,22218,21811.0,,18:12:14,18:12:14,7,2995,Ash Way & 141st Pl SW,0.0,0.0
2023-10-10,860,North,22218,21811.0,,18:12:41,18:12:41,8,3004,Ash Way & 137th St SW,0.0,0.0
2023-10-10,860,North,22218,21811.0,,18:13:30,18:13:30,9,2456,134th St SW & Ash Way,0.0,0.0
2023-10-10,860,North,22218,21811.0,18:14:00,18:14:22,18:14:30,10,2104,Mariner Park & Ride Bay 2,0.0,0.0
2023-10-10,860,North,22218,21811.0,,18:17:56,18:17:56,11,165,128th St SE & 3rd Ave SE,0.0,0.0
2023-10-10,860,North,22218,21811.0,,18:18:16,18:18:16,12,169,128th St SE & Park Rd,0.0,0.0
2023-10-10,860,North,22218,21811.0,18:22:00,18:19:29,18:19:29,13,3323,McCollum Park Park & Ride Temporary Bay,0.0,1.0
2023-10-10,860,North,22219,17803.0,18:15:00,18:15:45,18:15:45,0,2192,Northgate Station Bay 2,15.0,0.0
2023-10-10,860,North,22219,17803.0,18:35:00,18:35:22,18:35:52,3,2163,Ash Way Park & Ride Bay 4,0.0,8.0
2023-10-10,860,North,22219,17803.0,,18:37:08,18:37:08,4,3062,Ash Way & 157th St SW,0.0,0.0
2023-10-10,860,North,22219,17803.0,,18:37:25,18:37:25,5,2993,Ash Way & 153rd St SW,0.0,0.0
2023-10-10,860,North,22219,17803.0,,18:37:58,18:37:58,6,2994,Ash Way & 149th St SW,0.0,0.0
2023-10-10,860,North,22219,17803.0,,18:39:02,18:39:02,7,2995,Ash Way & 141st Pl SW,0.0,0.0
2023-10-10,860,North,22219,17803.0,,18:39:30,18:39:30,8,3004,Ash Way & 137th St SW,0.0,0.0
2023-10-10,860,North,22219,17803.0,,18:40:22,18:40:22,9,2456,134th St SW & Ash Way,0.0,0.0
2023-10-10,860,North,22219,17803.0,18:42:00,18:41:14,18:41:33,10,2104,Mariner Park & Ride Bay 2,0.0,3.0
2023-10-10,860,North,22219,17803.0,,18:44:14,18:44:14,11,165,128th St SE & 3rd Ave SE,0.0,0.0
2023-10-10,860,North,22219,17803.0,,18:44:33,18:44:33,12,169,128th St SE & Park Rd,0.0,0.0
2023-10-10,860,North,22219,17803.0,18:48:00,18:45:48,18:45:48,13,3323,McCollum Park Park & Ride Temporary Bay,0.0,4.0
2023-10-10,860,South,22220,17805.0,05:25:00,05:25:09,05:25:09,0,3323,McCollum Park Park & Ride Temporary Bay,4.0,0.0
2023-10-10,860,South,22220,17805.0,,05:29:07,05:29:20,1,1552,128th St SE & 3rd Ave SE,1.0,0.0
2023-10-10,860,South,22220,17805.0,05:30:00,05:32:18,05:32:48,2,2106,Mariner Park & Ride Bay 4,2.0,0.0
2023-10-10,860,South,22220,17805.0,,05:33:51,05:33:51,3,2457,134th St SW & Ash Way,0.0,0.0
2023-10-10,860,South,22220,17805.0,,05:34:28,05:34:28,4,2997,Ash Way & 135th St SW,0.0,0.0
2023-10-10,860,South,22220,17805.0,,05:34:58,05:34:58,5,2998,Ash Way & 140th St SW,0.0,0.0
2023-10-10,860,South,22220,17805.0,,05:36:07,05:36:07,6,2999,Ash Way & 149th St SW,0.0,0.0
2023-10-10,860,South,22220,17805.0,,05:36:50,05:36:50,7,3000,Ash Way & 153rd Pl SW,0.0,0.0
2023-10-10,860,South,22220,17805.0,05:34:00,05:38:22,05:38:58,8,2162,Ash Way Park & Ride Bay 3,5.0,0.0
2023-10-10,860,South,22220,17805.0,05:56:00,05:58:43,05:58:43,11,3253,1st Ave N & NE 103rd St,0.0,12.0
2023-10-10,860,South,22221,17809.0,06:00:00,06:00:02,06:00:02,0,3323,McCollum Park Park & Ride Temporary Bay,1.0,0.0
2023-10-10,860,South,22221,17809.0,,06:03:05,06:03:05,1,1552,128th St SE & 3rd Ave SE,0.0,0.0
2023-10-10,860,South,22221,17809.0,06:05:00,06:06:35,06:07:23,2,2106,Mariner Park & Ride Bay 4,6.0,0.0
2023-10-10,860,South,22221,17809.0,,06:08:33,06:08:33,3,2457,134th St SW & Ash Way,0.0,0.0
2023-10-10,860,South,22221,17809.0,,06:09:21,06:09:39,4,2997,Ash Way & 135th St SW,1.0,0.0
2023-10-10,860,South,22221,17809.0,,06:10:18,06:10:18,5,2998,Ash Way & 140th St SW,0.0,0.0
2023-10-10,860,South,22221,17809.0,,06:11:33,06:11:33,6,2999,Ash Way & 149th St SW,0.0,0.0
2023-10-10,860,South,22221,17809.0,,06:12:17,06:12:34,7,3000,Ash Way & 153rd Pl SW,0.0,1.0
2023-10-10,860,South,22221,17809.0,06:09:00,06:14:24,06:15:11,8,2162,Ash Way Park & Ride Bay 3,13.0,0.0
2023-10-10,860,South,22221,17809.0,06:34:00,06:35:25,06:35:25,11,3253,1st Ave N & NE 103rd St,0.0,20.0
2023-10-10,860,South,22222,17806.0,06:33:00,06:32:47,06:32:47,0,3323,McCollum Park Park & Ride Temporary Bay,7.0,0.0
2023-10-10,860,South,22222,17806.0,,06:37:24,06:37:37,1,1552,128th St SE & 3rd Ave SE,1.0,0.0
2023-10-10,860,South,22222,17806.0,06:38:00,06:40:56,06:41:34,2,2106,Mariner Park & Ride Bay 4,7.0,0.0
2023-10-10,860,South,22222,17806.0,,06:42:42,06:42:42,3,2457,134th St SW & Ash Way,0.0,0.0
2023-10-10,860,South,22222,17806.0,,06:43:33,06:43:57,4,2997,Ash Way & 135th St SW,2.0,0.0
2023-10-10,860,South,22222,17806.0,,06:44:38,06:44:38,5,2998,Ash Way & 140th St SW,0.0,0.0
2023-10-10,860,South,22222,17806.0,,06:45:57,06:46:15,6,2999,Ash Way & 149th St SW,1.0,0.0
2023-10-10,860,South,22222,17806.0,,06:47:03,06:47:03,7,3000,Ash Way & 153rd Pl SW,0.0,0.0
2023-10-10,860,South,22222,17806.0,06:42:00,06:48:49,06:49:32,8,2162,Ash Way Park & Ride Bay 3,9.0,1.0
2023-10-10,860,South,22222,17806.0,07:10:00,07:17:33,07:17:33,11,3253,1st Ave N & NE 103rd St,0.0,26.0
2023-10-10,860,South,22223,22805.0,06:57:00,06:56:39,06:56:39,0,3323,McCollum Park Park & Ride Temporary Bay,3.0,0.0
2023-10-10,860,South,22223,22805.0,,07:00:46,07:01:01,1,1552,128th St SE & 3rd Ave SE,1.0,0.0
2023-10-10,860,South,22223,22805.0,07:03:00,07:04:10,07:04:38,2,2106,Mariner Park & Ride Bay 4,3.0,0.0
2023-10-10,860,South,22223,22805.0,,07:06:08,07:06:08,3,2457,134th St SW & Ash Way,0.0,0.0
2023-10-10,860,South,22223,22805.0,,07:06:57,07:07:14,4,2997,Ash Way & 135th St SW,1.0,0.0
2023-10-10,860,South,22223,22805.0,,07:08:03,07:08:22,5,2998,Ash Way & 140th St SW,1.0,0.0
2023-10-10,860,South,22223,22805.0,,07:09:48,07:09:59,6,2999,Ash Way & 149th St SW,1.0,0.0
2023-10-10,860,South,22223,22805.0,,07:10:48,07:11:05,7,3000,Ash Way & 153rd Pl SW,1.0,0.0
2023-10-10,860,South,22223,22805.0,07:08:00,07:13:20,07:14:47,8,2162,Ash Way Park & Ride Bay 3,18.0,2.0
2023-10-10,860,South,22223,22805.0,07:38:00,07:48:49,07:48:49,11,3253,1st Ave N & NE 103rd St,0.0,27.0
2023-10-10,860,South,22224,17809.0,07:32:00,07:32:05,07:32:05,0,3323,McCollum Park Park & Ride Temporary Bay,3.0,0.0
2023-10-10,860,South,22224,17809.0,,07:35:32,07:35:42,1,1552,128th St SE & 3rd Ave SE,0.0,0.0
2023-10-10,860,South,22224,17809.0,07:38:00,07:40:08,07:40:32,2,2106,Mariner Park & Ride Bay 4,4.0,0.0
2023-10-10,860,South,22224,17809.0,,07:41:53,07:41:53,3,2457,134th St SW & Ash Way,0.0,0.0
2023-10-10,860,South,22224,17809.0,,07:42:54,07:42:54,4,2997,Ash Way & 135th St SW,0.0,0.0
2023-10-10,860,South,22224,17809.0,,07:43:28,07:43:48,5,2998,Ash Way & 140th St SW,1.0,0.0
2023-10-10,860,South,22224,17809.0,,07:45:08,07:45:22,6,2999,Ash Way & 149th St SW,1.0,0.0
2023-10-10,860,South,22224,17809.0,,07:46:04,07:46:04,7,3000,Ash Way & 153rd Pl SW,0.0,0.0
2023-10-10,860,South,22224,17809.0,07:43:00,07:47:42,07:48:38,8,2162,Ash Way Park & Ride Bay 3,12.0,2.0
2023-10-10,860,South,22224,17809.0,08:19:00,08:26:25,08:26:25,11,3253,1st Ave N & NE 103rd St,0.0,19.0
2023-10-10,860,South,22225,19111.0,07:57:00,07:57:47,07:57:47,0,3323,McCollum Park Park & Ride Temporary Bay,9.0,0.0
2023-10-10,860,South,22225,19111.0,,08:00:10,08:00:32,1,1552,128th St SE & 3rd Ave SE,1.0,0.0
2023-10-10,860,South,22225,19111.0,08:03:00,08:04:04,08:04:35,2,2106,Mariner Park & Ride Bay 4,4.0,0.0
2023-10-10,860,South,22225,19111.0,,08:05:38,08:05:38,3,2457,134th St SW & Ash Way,0.0,0.0
2023-10-10,860,South,22225,19111.0,,08:06:16,08:06:16,4,2997,Ash Way & 135th St SW,0.0,0.0
2023-10-10,860,South,22225,19111.0,,08:06:42,08:06:42,5,2998,Ash Way & 140th St SW,0.0,0.0
2023-10-10,860,South,22225,19111.0,,08:07:55,08:08:06,6,2999,Ash Way & 149th St SW,1.0,0.0
2023-10-10,860,South,22225,19111.0,,08:08:55,08:09:05,7,3000,Ash Way & 153rd Pl SW,1.0,0.0
2023-10-10,860,South,22225,19111.0,08:08:00,08:10:58,08:11:40,8,2162,Ash Way Park & Ride Bay 3,9.0,0.0
2023-10-10,860,South,22225,19111.0,08:45:00,08:52:01,08:52:01,11,3253,1st Ave N & NE 103rd St,0.0,25.0
2023-10-10,860,South,22226,17805.0,08:45:00,08:44:59,08:44:59,0,3323,McCollum Park Park & Ride Temporary Bay,10.0,0.0
2023-10-10,860,South,22226,17805.0,,08:48:09,08:48:25,1,1552,128th St SE & 3rd Ave SE,2.0,0.0
2023-10-10,860,South,22226,17805.0,08:51:00,08:52:17,08:52:47,2,2106,Mariner Park & Ride Bay 4,5.0,0.0
2023-10-10,860,South,22226,17805.0,,08:53:57,08:53:57,3,2457,134th St SW & Ash Way,0.0,0.0
2023-10-10,860,South,22226,17805.0,,08:54:38,08:55:07,4,2997,Ash Way & 135th St SW,2.0,0.0
2023-10-10,860,South,22226,17805.0,,08:55:45,08:55:45,5,2998,Ash Way & 140th St SW,0.0,0.0
2023-10-10,860,South,22226,17805.0,,08:56:59,08:56:59,6,2999,Ash Way & 149th St SW,0.0,0.0
2023-10-10,860,South,22226,17805.0,,08:57:44,08:57:54,7,3000,Ash Way & 153rd Pl SW,1.0,0.0
2023-10-10,860,South,22226,17805.0,08:55:00,08:59:40,09:00:32,8,2162,Ash Way Park & Ride Bay 3,8.0,4.0
2023-10-10,860,South,22226,17805.0,09:23:00,09:34:24,09:34:24,11,3253,1st Ave N & NE 103rd St,0.0,24.0
2023-10-11,860,North,22211,21814.0,14:40:00,14:40:57,14:40:57,0,2192,Northgate Station Bay 2,8.0,0.0
2023-10-11,860,North,22211,21814.0,14:57:00,14:58:11,14:59:15,3,2163,Ash Way Park & Ride Bay 4,4.0,3.0
2023-10-11,860,North,22211,21814.0,,15:00:51,15:00:51,4,3062,Ash Way & 157th St SW,0.0,0.0
2023-10-11,860,North,22211,21814.0,,15:01:07,15:01:07,5,2993,Ash Way & 153rd St SW,0.0,0.0
2023-10-11,860,North,22211,21814.0,,15:01:45,15:01:45,6,2994,Ash Way & 149th St SW,0.0,0.0
2023-10-11,860,North,22211,21814.0,,15:02:51,15:02:51,7,2995,Ash Way & 141st Pl SW,0.0,0.0
2023-10-11,860,North,22211,21814.0,,15:03:19,15:03:19,8,3004,Ash Way & 137th St SW,0.0,0.0
2023-10-11,860,North,22211,21814.0,,15:04:14,15:04:14,9,2456,134th St SW & Ash Way,0.0,0.0
2023-10-11,860,North,22211,21814.0,15:04:00,15:05:07,15:05:21,10,2104,Mariner Park & Ride Bay 2,0.0,2.0
2023-10-11,860,North,22211,21814.0,,15:12:02,15:12:02,11,165,128th St SE & 3rd Ave SE,0.0,0.0
2023-10-11,860,North,22211,21814.0,,15:12:21,15:12:21,12,169,128th St SE & Park Rd,0.0,0.0
2023-10-11,860,North,22211,21814.0,15:11:00,15:13:40,15:13:40,13,3323,McCollum Park Park & Ride Temporary Bay,0.0,7.0
2023-10-11,860,North,22212,21803.0,15:15:00,15:18:01,15:18:01,0,2192,Northgate Station Bay 2,14.0,0.0
2023-10-11,860,North,22212,21803.0,15:37:00,15:37:13,15:37:43,3,2163,Ash Way Park & Ride Bay 4,0.0,12.0
2023-10-11,860,North,22212,21803.0,,15:38:52,15:38:52,4,3062,Ash Way & 157th St SW,0.0,0.0
2023-10-11,860,North,22212,21803.0,,15:39:07,15:39:07,5,2993,Ash Way & 153rd St SW,0.0,0.0
2023-10-11,860,North,22212,21803.0,,15:39:37,15:39:37,6,2994,Ash Way & 149th St SW,0.0,0.0
2023-10-11,860,North,22212,21803.0,,15:42:20,15:42:20,7,2995,Ash Way & 141st Pl SW,0.0,0.0
2023-10-11,860,North,22212,21803.0,,15:46:08,15:46:08,8,3004,Ash Way & 137th St SW,0.0,0.0
2023-10-11,860,North,22212,21803.0,,15:47:51,15:47:51,9,2456,134th St SW & Ash Way,0.0,0.0
2023-10-11,860,North,22212,21803.0,15:44:00,15:48:36,15:48:55,10,2104,Mariner Park & Ride Bay 2,0.0,2.0
2023-10-11,860,North,22212,21803.0,,15:58:14,15:58:14,11,165,128th St SE & 3rd Ave SE,0.0,0.0
2023-10-11,860,North,22212,21803.0,,15:58:32,15:58:32,12,169,128th St SE & Park Rd,0.0,0.0
2023-10-11,860,North,22212,21803.0,15:51:00,15:59:34,15:59:34,13,3323,McCollum Park Park & Ride Temporary Bay,0.0,0.0
2023-10-11,860,North,22213,19807.0,15:45:00,15:46:46,15:46:46,0,2192,Northgate Station Bay 2,29.0,0.0
2023-10-11,860,North,22213,19807.0,16:11:00,16:07:25,16:07:59,3,2163,Ash Way Park & Ride Bay 4,0.0,17.0
2023-10-11,860,North,22213,19807.0,,16:09:08,16:09:08,4,3062,Ash Way & 157th St SW,0.0,0.0
2023-10-11,860,North,22213,19807.0,,16:09:28,16:09:41,5,2993,Ash Way & 153rd St SW,0.0,1.0
2023-10-11,860,North,22213,19807.0,,16:10:19,16:10:19,6,2994,Ash Way & 149th St SW,0.0,0.0
2023-10-11,860,North,22213,19807.0,,16:11:19,16:11:19,7,2995,Ash Way & 141st Pl SW,0.0,0.0
2023-10-11,860,North,22213,19807.0,,16:11:45,16:11:45,8,3004,Ash Way & 137th St SW,0.0,0.0
2023-10-11,860,North,22213,19807.0,,16:12:34,16:12:43,9,2456,134th St SW & Ash Way,0.0,1.0
2023-10-11,860,North,22213,19807.0,16:18:00,16:13:36,16:13:52,10,2104,Mariner Park & Ride Bay 2,0.0,2.0
2023-10-11,860,North,22213,19807.0,,16:18:07,16:18:18,11,165,128th St SE & 3rd Ave SE,0.0,1.0
2023-10-11,860,North,22213,19807.0,,16:18:45,16:18:57,12,169,128th St SE & Park Rd,0.0,1.0
2023-10-11,860,North,22213,19807.0,16:25:00,16:20:05,16:20:05,13,3323,McCollum Park Park & Ride Temporary Bay,0.0,6.0
2023-10-11,860,North,22214,21806.0,16:15:00,16:15:05,16:15:05,0,2192,Northgate Station Bay 2,23.0,0.0
2023-10-11,860,North,22214,21806.0,16:41:00,16:34:53,16:35:25,3,2163,Ash Way Park & Ride Bay 4,0.0,14.0
2023-10-11,860,North,22214,21806.0,,16:37:27,16:37:27,4,3062,Ash Way & 157th St SW,0.0,0.0
2023-10-11,860,North,22214,21806.0,,16:37:45,16:37:45,5,2993,Ash Way & 153rd St SW,0.0,0.0
2023-10-11,860,North,22214,21806.0,,16:38:26,16:38:43,6,2994,Ash Way & 149th St SW,0.0,1.0
2023-10-11,860,North,22214,21806.0,,16:40:06,16:40:06,7,2995,Ash Way & 141st Pl SW,0.0,0.0
2023-10-11,860,North,22214,21806.0,,16:40:42,16:40:55,8,3004,Ash Way & 137th St SW,0.0,1.0
2023-10-11,860,North,22214,21806.0,,16:41:55,16:41:55,9,2456,134th St SW & Ash Way,0.0,0.0
2023-10-11,860,North,22214,21806.0,16:48:00,16:42:49,16:43:08,10,2104,Mariner Park & Ride Bay 2,0.0,3.0
2023-10-11,860,North,22214,21806.0,,16:49:51,16:50:06,11,165,128th St SE & 3rd Ave SE,0.0,1.0
2023-10-11,860,North,22214,21806.0,,16:50:28,16:50:28,12,169,128th St SE & Park Rd,0.0,0.0
2023-10-11,860,North,22214,21806.0,16:58:00,16:51:55,16:51:55,13,3323,McCollum Park Park & Ride Temporary Bay,0.0,3.0
2023-10-11,860,North,22215,21811.0,16:45:00,16:44:12,16:44:12,0,2192,Northgate Station Bay 2,22.0,0.0
2023-10-11,860,North,22215,21811.0,17:11:00,17:05:13,17:05:48,3,2163,Ash Way Park & Ride Bay 4,1.0,11.0
2023-10-11,860,North,22215,21811.0,,17:07:16,17:07:16,4,3062,Ash Way & 157th St SW,0.0,0.0
2023-10-11,860,North,22215,21811.0,,17:07:29,17:07:29,5,2993,Ash Way & 153rd St SW,0.0,0.0
2023-10-11,860,North,22215,21811.0,,17:08:09,17:08:28,6,2994,Ash Way & 149th St SW,0.0,1.0
2023-10-11,860,North,22215,21811.0,,17:09:37,17:09:37,7,2995,Ash Way & 141st Pl SW,0.0,0.0
2023-10-11,860,North,22215,21811.0,,17:10:04,17:10:04,8,3004,Ash Way & 137th St SW,0.0,0.0
2023-10-11,860,North,22215,21811.0,,17:10:50,17:10:50,9,2456,134th St SW & Ash Way,0.0,0.0
2023-10-11,860,North,22215,21811.0,17:18:00,17:11:34,17:11:58,10,2104,Mariner Park & Ride Bay 2,0.0,7.0
2023-10-11,860,North,22215,21811.0,,17:18:41,17:18:41,11,165,128th St SE & 3rd Ave SE,0.0,0.0
2023-10-11,860,North,22215,21811.0,,17:19:07,17:19:15,12,169,128th St SE & Park Rd,0.0,1.0
2023-10-11,860,North,22215,21811.0,17:28:00,17:20:44,17:20:44,13,3323,McCollum Park Park & Ride Temporary Bay,0.0,3.0
2023-10-11,860,North,22216,17808.0,17:15:00,17:16:58,17:16:58,0,2192,Northgate Station Bay 2,44.0,0.0
2023-10-11,860,North,22216,17808.0,17:39:00,17:39:00,17:39:44,3,2163,Ash Way Park & Ride Bay 4,0.0,33.0
2023-10-11,860,North,22216,17808.0,,17:40:48,17:40:48,4,3062,Ash Way & 157th St SW,0.0,0.0
2023-10-11,860,North,22216,17808.0,,17:41:05,17:41:05,5,2993,Ash Way & 153rd St SW,0.0,0.0
2023-10-11,860,North,22216,17808.0,,17:41:40,17:41:40,6,2994,Ash Way & 149th St SW,0.0,0.0
2023-10-11,860,North,22216,17808.0,,17:43:02,17:43:02,7,2995,Ash Way & 141st Pl SW,0.0,0.0
2023-10-11,860,North,22216,17808.0,,17:43:28,17:43:28,8,3004,Ash Way & 137th St SW,0.0,0.0
2023-10-11,860,North,22216,17808.0,,17:44:17,17:44:17,9,2456,134th St SW & Ash Way,0.0,0.0
2023-10-11,860,North,22216,17808.0,17:46:00,17:45:05,17:45:50,10,2104,Mariner Park & Ride Bay 2,0.0,6.0
2023-10-11,860,North,22216,17808.0,,17:51:33,17:51:44,11,165,128th St SE & 3rd Ave SE,0.0,2.0
2023-10-11,860,North,22216,17808.0,,17:52:03,17:52:03,12,169,128th St SE & Park Rd,0.0,0.0
2023-10-11,860,North,22216,17808.0,17:55:00,17:53:08,17:53:08,13,3323,McCollum Park Park & Ride Temporary Bay,0.0,3.0
2023-10-11,860,North,22217,16800.0,17:30:00,17:29:40,17:29:40,0,2192,Northgate Station Bay 2,9.0,0.0
2023-10-11,860,North,22217,16800.0,17:52:00,17:49:05,17:49:25,3,2163,Ash Way Park & Ride Bay 4,0.0,6.0
2023-10-11,860,North,22217,16800.0,,17:50:34,17:50:34,4,3062,Ash Way & 157th St SW,0.0,0.0
2023-10-11,860,North,22217,16800.0,,17:50:49,17:50:49,5,2993,Ash Way & 153rd St SW,0.0,0.0
2023-10-11,860,North,22217,16800.0,,17:51:25,17:51:25,6,2994,Ash Way & 149th St SW,0.0,0.0
2023-10-11,860,North,22217,16800.0,,17:52:27,17:52:27,7,2995,Ash Way & 141st Pl SW,0.0,0.0
2023-10-11,860,North,22217,16800.0,,17:52:55,17:52:55,8,3004,Ash Way & 137th St SW,0.0,0.0
2023-10-11,860,North,22217,16800.0,,17:53:48,17:53:48,9,2456,134th St SW & Ash Way,0.0,0.0
2023-10-11,860,North,22217,16800.0,17:59:00,17:54:42,17:54:58,10,2104,Mariner Park & Ride Bay 2,0.0,3.0
2023-10-11,860,North,22217,16800.0,,17:59:23,17:59:23,11,165,128th St SE & 3rd Ave SE,0.0,0.0
2023-10-11,860,North,22217,16800.0,,17:59:41,17:59:41,12,169,128th St SE & Park Rd,0.0,0.0
2023-10-11,860,North,22217,16800.0,18:07:00,18:00:43,18:00:43,13,3323,McCollum Park Park & Ride Temporary Bay,0.0,0.0
2023-10-11,860,North,22218,21806.0,17:45:00,17:44:50,17:44:50,0,2192,Northgate Station Bay 2,14.0,0.0
2023-10-11,860,North,22218,21806.0,18:07:00,18:03:43,18:04:16,3,2163,Ash Way Park & Ride Bay 4,0.0,8.0
2023-10-11,860,North,22218,21806.0,,18:05:39,18:05:39,4,3062,Ash Way & 157th St SW,0.0,0.0
2023-10-11,860,North,22218,21806.0,,18:05:55,18:05:55,5,2993,Ash Way & 153rd St SW,0.0,0.0
2023-10-11,860,North,22218,21806.0,,18:06:27,18:06:27,6,2994,Ash Way & 149th St SW,0.0,0.0
2023-10-11,860,North,22218,21806.0,,18:07:26,18:07:26,7,2995,Ash Way & 141st Pl SW,0.0,0.0
2023-10-11,860,North,22218,21806.0,,18:07:50,18:07:50,8,3004,Ash Way & 137th St SW,0.0,0.0
2023-10-11,860,North,22218,21806.0,,18:08:42,18:08:42,9,2456,134th St SW & Ash Way,0.0,0.0
2023-10-11,860,North,22218,21806.0,18:14:00,18:09:35,18:09:56,10,2104,Mariner Park & Ride Bay 2,0.0,2.0
2023-10-11,860,North,22218,21806.0,,18:15:25,18:15:25,11,165,128th St SE & 3rd Ave SE,0.0,0.0
2023-10-11,860,North,22218,21806.0,,18:15:43,18:15:43,12,169,128th St SE & Park Rd,0.0,0.0
2023-10-11,860,North,22218,21806.0,18:22:00,18:17:08,18:17:08,13,3323,McCollum Park Park & Ride Temporary Bay,0.0,4.0
2023-10-11,860,North,22219,21811.0,18:15:00,18:15:53,18:15:53,0,2192,Northgate Station Bay 2,12.0,0.0
2023-10-11,860,North,22219,21811.0,18:35:00,18:31:40,18:32:04,3,2163,Ash Way Park & Ride Bay 4,0.0,6.0
2023-10-11,860,North,22219,21811.0,,18:33:08,18:33:08,4,3062,Ash Way & 157th St SW,0.0,0.0
2023-10-11,860,North,22219,21811.0,,18:33:26,18:33:26,5,2993,Ash Way & 153rd St SW,0.0,0.0
2023-10-11,860,North,22219,21811.0,,18:34:00,18:34:00,6,2994,Ash Way & 149th St SW,0.0,0.0
2023-10-11,860,North,22219,21811.0,,18:34:57,18:34:57,7,2995,Ash Way & 141st Pl SW,0.0,0.0
2023-10-11,860,North,22219,21811.0,,18:35:22,18:35:22,8,3004,Ash Way & 137th St SW,0.0,0.0
2023-10-11,860,North,22219,21811.0,,18:36:08,18:36:08,9,2456,134th St SW & Ash Way,0.0,0.0
2023-10-11,860,North,22219,21811.0,18:42:00,18:36:54,18:37:11,10,2104,Mariner Park & Ride Bay 2,0.0,5.0
2023-10-11,860,North,22219,21811.0,,18:41:27,18:41:27,11,165,128th St SE & 3rd Ave SE,0.0,0.0
2023-10-11,860,North,22219,21811.0,,18:41:46,18:41:46,12,169,128th St SE & Park Rd,0.0,0.0
2023-10-11,860,North,22219,21811.0,18:48:00,18:42:54,18:42:54,13,3323,McCollum Park Park & Ride Temporary Bay,0.0,1.0
2023-10-11,860,South,22220,19805.0,05:25:00,05:25:11,05:25:11,0,3323,McCollum Park Park & Ride Temporary Bay,2.0,0.0
2023-10-11,860,South,22220,19805.0,,05:28:57,05:29:11,1,1552,128th St SE & 3rd Ave SE,1.0,0.0
2023-10-11,860,South,22220,19805.0,05:30:00,05:32:22,05:33:01,2,2106,Mariner Park & Ride Bay 4,4.0,0.0
2023-10-11,860,South,22220,19805.0,,05:34:00,05:34:00,3,2457,134th St SW & Ash Way,0.0,0.0
2023-10-11,860,South,22220,19805.0,,05:34:38,05:34:38,4,2997,Ash Way & 135th St SW,0.0,0.0
2023-10-11,860,South,22220,19805.0,,05:35:13,05:35:25,5,2998,Ash Way & 140th St SW,1.0,0.0
2023-10-11,860,South,22220,19805.0,,05:36:46,05:36:46,6,2999,Ash Way & 149th St SW,0.0,0.0
2023-10-11,860,South,22220,19805.0,,05:37:27,05:37:27,7,3000,Ash Way & 153rd Pl SW,0.0,0.0
2023-10-11,860,South,22220,19805.0,05:34:00,05:38:58,05:39:16,8,2162,Ash Way Park & Ride Bay 3,1.0,0.0
2023-10-11,860,South,22220,19805.0,05:56:00,05:56:54,05:56:54,11,3253,1st Ave N & NE 103rd St,0.0,9.0
2023-10-11,860,South,22221,21804.0,06:00:00,06:01:11,06:01:11,0,3323,McCollum Park Park & Ride Temporary Bay,1.0,0.0
2023-10-11,860,South,22221,21804.0,,06:04:59,06:04:59,1,1552,128th St SE & 3rd Ave SE,0.0,0.0
2023-10-11,860,South,22221,21804.0,06:05:00,06:07:45,06:08:24,2,2106,Mariner Park & Ride Bay 4,7.0,0.0
2023-10-11,860,South,22221,21804.0,,06:09:54,06:09:54,3,2457,134th St SW & Ash Way,0.0,0.0
2023-10-11,860,South,22221,21804.0,,06:10:43,06:11:01,4,2997,Ash Way & 135th St SW,1.0,0.0
2023-10-11,860,South,22221,21804.0,,06:11:38,06:11:38,5,2998,Ash Way & 140th St SW,0.0,0.0
2023-10-11,860,South,22221,21804.0,,06:12:51,06:12:51,6,2999,Ash Way & 149th St SW,0.0,0.0
2023-10-11,860,South,22221,21804.0,,06:13:32,06:13:55,7,3000,Ash Way & 153rd Pl SW,3.0,0.0
2023-10-11,860,South,22221,21804.0,06:09:00,06:15:51,06:16:40,8,2162,Ash Way Park & Ride Bay 3,11.0,0.0
2023-10-11,860,South,22221,21804.0,06:34:00,06:40:21,06:40:21,11,3253,1st Ave N & NE 103rd St,0.0,23.0
2023-10-11,860,South,22222,16804.0,06:33:00,06:33:21,06:33:21,0,3323,McCollum Park Park & Ride Temporary Bay,5.0,0.0
2023-10-11,860,South,22222,16804.0,,06:37:14,06:37:32,1,1552,128th St SE & 3rd Ave SE,1.0,0.0
2023-10-11,860,South,22222,16804.0,06:38:00,06:40:27,06:41:08,2,2106,Mariner Park & Ride Bay 4,6.0,0.0
2023-10-11,860,South,22222,16804.0,,06:42:31,06:42:31,3,2457,134th St SW & Ash Way,0.0,0.0
2023-10-11,860,South,22222,16804.0,,06:43:33,06:44:03,4,2997,Ash Way & 135th St SW,2.0,0.0
2023-10-11,860,South,22222,16804.0,,06:44:44,06:44:44,5,2998,Ash Way & 140th St SW,0.0,0.0
2023-10-11,860,South,22222,16804.0,,06:46:05,06:46:22,6,2999,Ash Way & 149th St SW,1.0,0.0
2023-10-11,860,South,22222,16804.0,,06:47:10,06:47:10,7,3000,Ash Way & 153rd Pl SW,0.0,0.0
2023-10-11,860,South,22222,16804.0,06:42:00,06:49:08,06:49:42,8,2162,Ash Way Park & Ride Bay 3,9.0,1.0
2023-10-11,860,South,22222,16804.0,07:10:00,07:22:23,07:22:23,11,3253,1st Ave N & NE 103rd St,0.0,23.0
2023-10-11,860,South,22223,16801.0,06:57:00,06:59:21,06:59:21,0,3323,McCollum Park Park & Ride Temporary Bay,7.0,0.0
2023-10-11,860,South,22223,16801.0,,07:03:24,07:03:58,1,1552,128th St SE & 3rd Ave SE,2.0,0.0
2023-10-11,860,South,22223,16801.0,07:03:00,07:08:00,07:08:26,2,2106,Mariner Park & Ride Bay 4,5.0,0.0
2023-10-11,860,South,22223,16801.0,,07:09:56,07:09:56,3,2457,134th St SW & Ash Way,0.0,0.0
2023-10-11,860,South,22223,16801.0,,07:11:41,07:11:41,4,2997,Ash Way & 135th St SW,0.0,0.0
2023-10-11,860,South,22223,16801.0,,07:12:12,07:12:12,5,2998,Ash Way & 140th St SW,0.0,0.0
2023-10-11,860,South,22223,16801.0,,07:13:19,07:13:19,6,2999,Ash Way & 149th St SW,0.0,0.0
2023-10-11,860,South,22223,16801.0,,07:14:02,07:14:22,7,3000,Ash Way & 153rd Pl SW,2.0,0.0
2023-10-11,860,South,22223,16801.0,07:08:00,07:16:14,07:17:52,8,2162,Ash Way Park & Ride Bay 3,21.0,1.0
2023-10-11,860,South,22223,16801.0,07:38:00,07:56:59,07:56:59,11,3253,1st Ave N & NE 103rd St,0.0,36.0
2023-10-11,860,South,22224,21804.0,07:32:00,07:33:13,07:33:13,0,3323,McCollum Park Park & Ride Temporary Bay,3.0,0.0
2023-10-11,860,South,22224,21804.0,,07:37:18,07:37:36,1,1552,128th St SE & 3rd Ave SE,1.0,0.0
2023-10-11,860,South,22224,21804.0,07:38:00,07:40:43,07:41:25,2,2106,Mariner Park & Ride Bay 4,9.0,1.0
2023-10-11,860,South,22224,21804.0,,07:42:52,07:42:52,3,2457,134th St SW & Ash Way,0.0,0.0
2023-10-11,860,South,22224,21804.0,,07:43:33,07:43:33,4,2997,Ash Way & 135th St SW,0.0,0.0
2023-10-11,860,South,22224,21804.0,,07:44:08,07:44:42,5,2998,Ash Way & 140th St SW,2.0,2.0
2023-10-11,860,South,22224,21804.0,,07:46:10,07:46:28,6,2999,Ash Way & 149th St SW,1.0,0.0
2023-10-11,860,South,22224,21804.0,,07:47:11,07:47:11,7,3000,Ash Way & 153rd Pl SW,0.0,0.0
2023-10-11,860,South,22224,21804.0,07:43:00,07:49:06,07:50:05,8,2162,Ash Way Park & Ride Bay 3,9.0,1.0
2023-10-11,860,South,22224,21804.0,08:19:00,08:34:41,08:34:41,11,3253,1st Ave N & NE 103rd St,0.0,21.0
2023-10-11,860,South,22225,17124.0,07:57:00,07:57:17,07:57:17,0,3323,McCollum Park Park & Ride Temporary Bay,3.0,0.0
2023-10-11,860,South,22225,17124.0,,08:01:19,08:01:19,1,1552,128th St SE & 3rd Ave SE,0.0,0.0
2023-10-11,860,South,22225,17124.0,08:03:00,08:04:22,08:04:49,2,2106,Mariner Park & Ride Bay 4,4.0,0.0
2023-10-11,860,South,22225,17124.0,,08:05:55,08:05:55,3,2457,134th St SW & Ash Way,0.0,0.0
2023-10-11,860,South,22225,17124.0,,08:06:55,08:06:55,4,2997,Ash Way & 135th St SW,0.0,0.0
2023-10-11,860,South,22225,17124.0,,08:07:24,08:07:24,5,2998,Ash Way & 140th St SW,0.0,0.0
2023-10-11,860,South,22225,17124.0,,08:08:50,08:08:50,6,2999,Ash Way & 149th St SW,0.0,0.0
2023-10-11,860,South,22225,17124.0,,08:09:42,08:09:55,7,3000,Ash Way & 153rd Pl SW,1.0,0.0
2023-10-11,860,South,22225,17124.0,08:08:00,08:12:49,08:13:17,8,2162,Ash Way Park & Ride Bay 3,7.0,0.0
2023-10-11,860,South,22225,17124.0,08:45:00,09:02:05,09:02:05,11,3253,1st Ave N & NE 103rd St,0.0,15.0
2023-10-11,860,South,22226,19805.0,08:45:00,08:45:01,08:45:01,0,3323,McCollum Park Park & Ride Temporary Bay,0.0,0.0
2023-10-11,860,South,22226,19805.0,,08:48:28,08:48:28,1,1552,128th St SE & 3rd Ave SE,0.0,0.0
2023-10-11,860,South,22226,19805.0,08:51:00,08:52:09,08:52:29,2,2106,Mariner Park & Ride Bay 4,0.0,0.0
2023-10-11,860,South,22226,19805.0,,08:53:46,08:53:46,3,2457,134th St SW & Ash Way,0.0,0.0
2023-10-11,860,South,22226,19805.0,,08:54:33,08:54:33,4,2997,Ash Way & 135th St SW,0.0,0.0
2023-10-11,860,South,22226,19805.0,,08:55:02,08:55:02,5,2998,Ash Way & 140th St SW,0.0,0.0
2023-10-11,860,South,22226,19805.0,,08:56:13,08:56:13,6,2999,Ash Way & 149th St SW,0.0,0.0
2023-10-11,860,South,22226,19805.0,,08:56:57,08:56:57,7,3000,Ash Way & 153rd Pl SW,0.0,0.0
2023-10-11,860,South,22226,19805.0,08:55:00,09:01:35,09:01:52,8,2162,Ash Way Park & Ride Bay 3,0.0,0.0
2023-10-11,860,South,22226,19805.0,09:23:00,09:37:33,09:37:33,11,3253,1st Ave N & NE 103rd St,0.0,0.0
2023-10-12,860,North,22211,21806.0,14:40:00,14:40:13,14:40:13,0,2192,Northgate Station Bay 2,2.0,0.0
2023-10-12,860,North,22211,21806.0,14:57:00,14:55:56,14:56:23,3,2163,Ash Way Park & Ride Bay 4,3.0,1.0
2023-10-12,860,North,22211,21806.0,,14:57:34,14:57:34,4,3062,Ash Way & 157th St SW,0.0,0.0
2023-10-12,860,North,22211,21806.0,,14:57:53,14:58:09,5,2993,Ash Way & 153rd St SW,0.0,1.0
2023-10-12,860,North,22211,21806.0,,14:58:49,14:58:49,6,2994,Ash Way & 149th St SW,0.0,0.0
2023-10-12,860,North,22211,21806.0,,15:00:03,15:00:03,7,2995,Ash Way & 141st Pl SW,0.0,0.0
2023-10-12,860,North,22211,21806.0,,15:00:31,15:00:31,8,3004,Ash Way & 137th St SW,0.0,0.0
2023-10-12,860,North,22211,21806.0,,15:01:21,15:01:21,9,2456,134th St SW & Ash Way,0.0,0.0
2023-10-12,860,North,22211,21806.0,15:04:00,15:02:09,15:02:26,10,2104,Mariner Park & Ride Bay 2,0.0,2.0
2023-10-12,860,North,22211,21806.0,,15:07:19,15:07:19,11,165,128th St SE & 3rd Ave SE,0.0,0.0
2023-10-12,860,North,22211,21806.0,,15:07:35,15:07:35,12,169,128th St SE & Park Rd,0.0,0.0
2023-10-12,860,North,22211,21806.0,15:11:00,15:09:13,15:09:13,13,3323,McCollum Park Park & Ride Temporary Bay,0.0,1.0
2023-10-12,860,North,22212,19803.0,15:15:00,15:16:31,15:16:31,0,2192,Northgate Station Bay 2,17.0,0.0
2023-10-12,860,North,22212,19803.0,15:37:00,15:34:15,15:35:12,3,2163,Ash Way Park & Ride Bay 4,0.0,7.0
2023-10-12,860,North,22212,19803.0,,15:36:23,15:36:23,4,3062,Ash Way & 157th St SW,0.0,0.0
2023-10-12,860,North,22212,19803.0,,15:36:45,15:36:45,5,2993,Ash Way & 153rd St SW,0.0,0.0
2023-10-12,860,North,22212,19803.0,,15:37:27,15:37:27,6,2994,Ash Way & 149th St SW,0.0,0.0
2023-10-12,860,North,22212,19803.0,,15:38:53,15:38:53,7,2995,Ash Way & 141st Pl SW,0.0,0.0
2023-10-12,860,North,22212,19803.0,,15:41:18,15:41:30,8,3004,Ash Way & 137th St SW,0.0,1.0
2023-10-12,860,North,22212,19803.0,,15:43:38,15:43:38,9,2456,134th St SW & Ash Way,0.0,0.0
2023-10-12,860,North,22212,19803.0,15:44:00,15:44:24,15:44:39,10,2104,Mariner Park & Ride Bay 2,0.0,4.0
2023-10-12,860,North,22212,19803.0,,15:51:03,15:51:18,11,165,128th St SE & 3rd Ave SE,0.0,1.0
2023-10-12,860,North,22212,19803.0,,15:51:39,15:51:39,12,169,128th St SE & Park Rd,0.0,0.0
2023-10-12,860,North,22212,19803.0,15:51:00,15:52:42,15:52:42,13,3323,McCollum Park Park & Ride Temporary Bay,0.0,4.0
2023-10-12,860,North,22213,17804.0,15:45:00,15:48:03,15:48:03,0,2192,Northgate Station Bay 2,30.0,0.0
2023-10-12,860,North,22213,17804.0,16:11:00,16:10:46,16:11:25,3,2163,Ash Way Park & Ride Bay 4,1.0,20.0
2023-10-12,860,North,22213,17804.0,,16:12:48,16:12:48,4,3062,Ash Way & 157th St SW,0.0,0.0
2023-10-12,860,North,22213,17804.0,,16:13:08,16:13:08,5,2993,Ash Way & 153rd St SW,0.0,0.0
2023-10-12,860,North,22213,17804.0,,16:13:48,16:13:48,6,2994,Ash Way & 149th St SW,0.0,0.0
2023-10-12,860,North,22213,17804.0,,16:14:54,16:14:54,7,2995,Ash Way & 141st Pl SW,0.0,0.0
2023-10-12,860,North,22213,17804.0,,16:15:24,16:15:24,8,3004,Ash Way & 137th St SW,0.0,0.0
2023-10-12,860,North,22213,17804.0,,16:16:26,16:16:35,9,2456,134th St SW & Ash Way,0.0,1.0
2023-10-12,860,North,22213,17804.0,16:18:00,16:17:40,16:17:57,10,2104,Mariner Park & Ride Bay 2,0.0,2.0
2023-10-12,860,North,22213,17804.0,,16:24:55,16:25:08,11,165,128th St SE & 3rd Ave SE,0.0,1.0
2023-10-12,860,North,22213,17804.0,,16:25:38,16:25:50,12,169,128th St SE & Park Rd,0.0,1.0
2023-10-12,860,North,22213,17804.0,16:25:00,16:27:16,16:27:16,13,3323,McCollum Park Park & Ride Temporary Bay,0.0,6.0
2023-10-12,860,North,22214,19805.0,16:15:00,16:15:06,16:15:06,0,2192,Northgate Station Bay 2,15.0,0.0
2023-10-12,860,North,22214,19805.0,16:41:00,16:37:36,16:38:14,3,2163,Ash Way Park & Ride Bay 4,2.0,10.0
2023-10-12,860,North,22214,19805.0,,16:40:33,16:40:33,4,3062,Ash Way & 157th St SW,0.0,0.0
2023-10-12,860,North,22214,19805.0,,16:40:49,16:40:49,5,2993,Ash Way & 153rd St SW,0.0,0.0
2023-10-12,860,North,22214,19805.0,,16:41:26,16:41:26,6,2994,Ash Way & 149th St SW,0.0,0.0
2023-10-12,860,North,22214,19805.0,,16:42:24,16:42:24,7,2995,Ash Way & 141st Pl SW,0.0,0.0
2023-10-12,860,North,22214,19805.0,,16:42:51,16:42:51,8,3004,Ash Way & 137th St SW,0.0,0.0
2023-10-12,860,North,22214,19805.0,,16:43:41,16:43:51,9,2456,134th St SW & Ash Way,0.0,1.0
2023-10-12,860,North,22214,19805.0,16:48:00,16:44:46,16:44:59,10,2104,Mariner Park & Ride Bay 2,0.0,3.0
2023-10-12,860,North,22214,19805.0,,16:50:05,16:50:05,11,165,128th St SE & 3rd Ave SE,0.0,0.0
2023-10-12,860,North,22214,19805.0,,16:50:20,16:50:20,12,169,128th St SE & Park Rd,0.0,0.0
2023-10-12,860,North,22214,19805.0,16:58:00,16:51:30,16:51:30,13,3323,McCollum Park Park & Ride Temporary Bay,0.0,3.0
2023-10-12,860,North,22215,17801.0,16:45:00,16:45:37,16:45:37,0,2192,Northgate Station Bay 2,24.0,0.0
2023-10-12,860,North,22215,17801.0,17:11:00,17:10:19,17:11:04,3,2163,Ash Way Park & Ride Bay 4,0.0,15.0
2023-10-12,860,North,22215,17801.0,,17:12:06,17:12:06,4,3062,Ash Way & 157th St SW,0.0,0.0
2023-10-12,860,North,22215,17801.0,,17:12:19,17:12:19,5,2993,Ash Way & 153rd St SW,0.0,0.0
2023-10-12,860,North,22215,17801.0,,17:13:00,17:13:11,6,2994,Ash Way & 149th St SW,0.0,2.0
2023-10-12,860,North,22215,17801.0,,17:14:29,17:14:29,7,2995,Ash Way & 141st Pl SW,0.0,0.0
2023-10-12,860,North,22215,17801.0,,17:14:56,17:14:56,8,3004,Ash Way & 137th St SW,0.0,0.0
2023-10-12,860,North,22215,17801.0,,17:15:42,17:15:42,9,2456,134th St SW & Ash Way,0.0,0.0
2023-10-12,860,North,22215,17801.0,17:18:00,17:16:25,17:16:40,10,2104,Mariner Park & Ride Bay 2,0.0,6.0
2023-10-12,860,North,22215,17801.0,,17:20:46,17:20:46,11,165,128th St SE & 3rd Ave SE,0.0,0.0
2023-10-12,860,North,22215,17801.0,,17:21:05,17:21:05,12,169,128th St SE & Park Rd,0.0,0.0
2023-10-12,860,North,22215,17801.0,17:28:00,17:22:59,17:22:59,13,3323,McCollum Park Park & Ride Temporary Bay,0.0,1.0
2023-10-12,860,North,22216,17802.0,17:15:00,17:19:04,17:19:04,0,2192,Northgate Station Bay 2,32.0,0.0
2023-10-12,860,North,22216,17802.0,17:39:00,17:44:16,17:44:51,3,2163,Ash Way Park & Ride Bay 4,0.0,16.0
2023-10-12,860,North,22216,17802.0,,17:46:15,17:46:15,4,3062,Ash Way & 157th St SW,0.0,0.0
2023-10-12,860,North,22216,17802.0,,17:46:33,17:46:33,5,2993,Ash Way & 153rd St SW,0.0,0.0
2023-10-12,860,North,22216,17802.0,,17:47:10,17:47:10,6,2994,Ash Way & 149th St SW,0.0,0.0
2023-10-12,860,North,22216,17802.0,,17:48:10,17:48:10,7,2995,Ash Way & 141st Pl SW,0.0,0.0
2023-10-12,860,North,22216,17802.0,,17:48:36,17:48:36,8,3004,Ash Way & 137th St SW,0.0,0.0
2023-10-12,860,North,22216,17802.0,,17:49:22,17:49:22,9,2456,134th St SW & Ash Way,0.0,0.0
2023-10-12,860,North,22216,17802.0,17:46:00,17:50:10,17:50:46,10,2104,Mariner Park & Ride Bay 2,0.0,8.0
2023-10-12,860,North,22216,17802.0,,17:55:57,17:56:09,11,165,128th St SE & 3rd Ave SE,0.0,2.0
2023-10-12,860,North,22216,17802.0,,17:56:32,17:56:32,12,169,128th St SE & Park Rd,0.0,0.0
2023-10-12,860,North,22216,17802.0,17:55:00,17:57:40,17:57:40,13,3323,McCollum Park Park & Ride Temporary Bay,0.0,6.0
2023-10-12,860,North,22217,19105.0,17:30:00,17:43:52,17:43:52,0,2192,Northgate Station Bay 2,18.0,0.0
2023-10-12,860,North,22217,19105.0,17:52:00,18:03:25,18:03:55,3,2163,Ash Way Park & Ride Bay 4,0.0,13.0
2023-10-12,860,North,22217,19105.0,,18:05:13,18:05:13,4,3062,Ash Way & 157th St SW,0.0,0.0
2023-10-12,860,North,22217,19105.0,,18:05:27,18:05:27,5,2993,Ash Way & 153rd St SW,0.0,0.0
2023-10-12,860,North,22217,19105.0,,18:06:04,18:06:04,6,2994,Ash Way & 149th St SW,0.0,0.0
2023-10-12,860,North,22217,19105.0,,18:07:06,18:07:06,7,2995,Ash Way & 141st Pl SW,0.0,0.0
2023-10-12,860,North,22217,19105.0,,18:07:33,18:07:33,8,3004,Ash Way & 137th St SW,0.0,0.0
2023-10-12,860,North,22217,19105.0,,18:08:35,18:08:44,9,2456,134th St SW & Ash Way,0.0,2.0
2023-10-12,860,North,22217,19105.0,17:59:00,18:09:41,18:10:19,10,2104,Mariner Park & Ride Bay 2,0.0,2.0
2023-10-12,860,North,22217,19105.0,,18:12:31,18:12:40,11,165,128th St SE & 3rd Ave SE,0.0,1.0
2023-10-12,860,North,22217,19105.0,,18:13:00,18:13:00,12,169,128th St SE & Park Rd,0.0,0.0
2023-10-12,860,North,22217,19105.0,18:07:00,18:14:06,18:14:06,13,3323,McCollum Park Park & Ride Temporary Bay,0.0,0.0
2023-10-12,860,North,22218,19805.0,17:45:00,17:45:06,17:45:06,0,2192,Northgate Station Bay 2,12.0,0.0
2023-10-12,860,North,22218,19805.0,18:07:00,18:12:59,18:13:32,3,2163,Ash Way Park & Ride Bay 4,1.0,7.0
2023-10-12,860,North,22218,19805.0,,18:14:32,18:14:32,4,3062,Ash Way & 157th St SW,0.0,0.0
2023-10-12,860,North,22218,19805.0,,18:14:48,18:14:48,5,2993,Ash Way & 153rd St SW,0.0,0.0
2023-10-12,860,North,22218,19805.0,,18:15:19,18:15:19,6,2994,Ash Way & 149th St SW,0.0,0.0
2023-10-12,860,North,22218,19805.0,,18:16:18,18:16:18,7,2995,Ash Way & 141st Pl SW,0.0,0.0
2023-10-12,860,North,22218,19805.0,,18:16:44,18:16:44,8,3004,Ash Way & 137th St SW,0.0,0.0
2023-10-12,860,North,22218,19805.0,,18:17:30,18:17:30,9,2456,134th St SW & Ash Way,0.0,0.0
2023-10-12,860,North,22218,19805.0,18:14:00,18:18:17,18:18:34,10,2104,Mariner Park & Ride Bay 2,0.0,3.0
2023-10-12,860,North,22218,19805.0,,18:22:32,18:22:45,11,165,128th St SE & 3rd Ave SE,0.0,1.0
2023-10-12,860,North,22218,19805.0,,18:23:08,18:23:08,12,169,128th St SE & Park Rd,0.0,0.0
2023-10-12,860,North,22218,19805.0,18:22:00,18:24:15,18:24:15,13,3323,McCollum Park Park & Ride Temporary Bay,0.0,2.0
2023-10-12,860,North,22219,17801.0,18:15:00,18:15:45,18:15:45,0,2192,Northgate Station Bay 2,13.0,0.0
2023-10-12,860,North,22219,17801.0,18:35:00,18:43:28,18:43:57,3,2163,Ash Way Park & Ride Bay 4,2.0,7.0
2023-10-12,860,North,22219,17801.0,,18:45:04,18:45:04,4,3062,Ash Way & 157th St SW,0.0,0.0
2023-10-12,860,North,22219,17801.0,,18:45:17,18:45:17,5,2993,Ash Way & 153rd St SW,0.0,0.0
2023-10-12,860,North,22219,17801.0,,18:45:54,18:45:54,6,2994,Ash Way & 149th St SW,0.0,0.0
2023-10-12,860,North,22219,17801.0,,18:46:53,18:46:53,7,2995,Ash Way & 141st Pl SW,0.0,0.0
2023-10-12,860,North,22219,17801.0,,18:47:18,18:47:18,8,3004,Ash Way & 137th St SW,0.0,0.0
2023-10-12,860,North,22219,17801.0,,18:48:04,18:48:04,9,2456,134th St SW & Ash Way,0.0,0.0
2023-10-12,860,North,22219,17801.0,18:42:00,18:48:50,18:49:07,10,2104,Mariner Park & Ride Bay 2,0.0,6.0
2023-10-12,860,North,22219,17801.0,,18:52:24,18:52:24,11,165,128th St SE & 3rd Ave SE,0.0,0.0
2023-10-12,860,North,22219,17801.0,,18:52:43,18:52:43,12,169,128th St SE & Park Rd,0.0,0.0
2023-10-12,860,North,22219,17801.0,18:48:00,18:54:16,18:54:16,13,3323,McCollum Park Park & Ride Temporary Bay,0.0,2.0
2023-10-12,860,South,22220,19807.0,05:25:00,05:25:31,05:25:31,0,3323,McCollum Park Park & Ride Temporary Bay,3.0,0.0
2023-10-12,860,South,22220,19807.0,,05:28:09,05:28:20,1,1552,128th St SE & 3rd Ave SE,1.0,0.0
2023-10-12,860,South,22220,19807.0,05:30:00,05:30:30,05:30:54,2,2106,Mariner Park & Ride Bay 4,2.0,0.0
2023-10-12,860,South,22220,19807.0,,05:31:55,05:31:55,3,2457,134th St SW & Ash Way,0.0,0.0
2023-10-12,860,South,22220,19807.0,,05:32:37,05:32:37,4,2997,Ash Way & 135th St SW,0.0,0.0
2023-10-12,860,South,22220,19807.0,,05:33:11,05:33:30,5,2998,Ash Way & 140th St SW,3.0,0.0
2023-10-12,860,South,22220,19807.0,,05:34:48,05:34:48,6,2999,Ash Way & 149th St SW,0.0,0.0
2023-10-12,860,South,22220,19807.0,,05:35:29,05:35:29,7,3000,Ash Way & 153rd Pl SW,0.0,0.0
2023-10-12,860,South,22220,19807.0,05:34:00,05:37:25,05:37:53,8,2162,Ash Way Park & Ride Bay 3,5.0,0.0
2023-10-12,860,South,22220,19807.0,05:56:00,05:55:14,05:55:14,11,3253,1st Ave N & NE 103rd St,0.0,14.0
2023-10-12,860,South,22221,21802.0,06:00:00,06:01:01,06:01:01,0,3323,McCollum Park Park & Ride Temporary Bay,3.0,0.0
2023-10-12,860,South,22221,21802.0,,06:04:57,06:04:57,1,1552,128th St SE & 3rd Ave SE,0.0,0.0
2023-10-12,860,South,22221,21802.0,06:05:00,06:08:11,06:08:41,2,2106,Mariner Park & Ride Bay 4,5.0,0.0
2023-10-12,860,South,22221,21802.0,,06:09:55,06:09:55,3,2457,134th St SW & Ash Way,0.0,0.0
2023-10-12,860,South,22221,21802.0,,06:10:39,06:10:55,4,2997,Ash Way & 135th St SW,2.0,0.0
2023-10-12,860,South,22221,21802.0,,06:11:34,06:11:34,5,2998,Ash Way & 140th St SW,0.0,0.0
2023-10-12,860,South,22221,21802.0,,06:12:48,06:12:48,6,2999,Ash Way & 149th St SW,0.0,0.0
2023-10-12,860,South,22221,21802.0,,06:13:32,06:13:47,7,3000,Ash Way & 153rd Pl SW,1.0,0.0
2023-10-12,860,South,22221,21802.0,06:09:00,06:15:42,06:16:46,8,2162,Ash Way Park & Ride Bay 3,13.0,1.0
2023-10-12,860,South,22221,21802.0,06:34:00,06:38:33,06:38:33,11,3253,1st Ave N & NE 103rd St,0.0,23.0
2023-10-12,860,South,22222,19803.0,06:33:00,06:33:09,06:33:09,0,3323,McCollum Park Park & Ride Temporary Bay,6.0,0.0
2023-10-12,860,South,22222,19803.0,,06:37:15,06:37:27,1,1552,128th St SE & 3rd Ave SE,1.0,0.0
2023-10-12,860,South,22222,19803.0,06:38:00,06:40:08,06:40:52,2,2106,Mariner Park & Ride Bay 4,6.0,0.0
2023-10-12,860,South,22222,19803.0,,06:42:04,06:42:04,3,2457,134th St SW & Ash Way,0.0,0.0
2023-10-12,860,South,22222,19803.0,,06:42:49,06:43:09,4,2997,Ash Way & 135th St SW,2.0,0.0
2023-10-12,860,South,22222,19803.0,,06:43:47,06:43:47,5,2998,Ash Way & 140th St SW,0.0,0.0
2023-10-12,860,South,22222,19803.0,,06:45:10,06:45:20,6,2999,Ash Way & 149th St SW,1.0,0.0
2023-10-12,860,South,22222,19803.0,,06:46:14,06:46:14,7,3000,Ash Way & 153rd Pl SW,0.0,0.0
2023-10-12,860,South,22222,19803.0,06:42:00,06:48:16,06:48:51,8,2162,Ash Way Park & Ride Bay 3,7.0,1.0
2023-10-12,860,South,22222,19803.0,07:10:00,07:13:33,07:13:33,11,3253,1st Ave N & NE 103rd St,0.0,22.0
2023-10-12,860,South,22223,16807.0,06:57:00,06:57:12,06:57:12,0,3323,McCollum Park Park & Ride Temporary Bay,2.0,0.0
2023-10-12,860,South,22223,16807.0,,06:59:30,06:59:45,1,1552,128th St SE & 3rd Ave SE,1.0,0.0
2023-10-12,860,South,22223,16807.0,07:03:00,07:02:42,07:03:42,2,2106,Mariner Park & Ride Bay 4,4.0,0.0
2023-10-12,860,South,22223,16807.0,,07:05:24,07:05:24,3,2457,134th St SW & Ash Way,0.0,0.0
2023-10-12,860,South,22223,16807.0,,07:06:05,07:06:05,4,2997,Ash Way & 135th St SW,0.0,0.0
2023-10-12,860,South,22223,16807.0,,07:06:38,07:06:57,5,2998,Ash Way & 140th St SW,1.0,0.0
2023-10-12,860,South,22223,16807.0,,07:08:14,07:08:14,6,2999,Ash Way & 149th St SW,0.0,0.0
2023-10-12,860,South,22223,16807.0,,07:08:53,07:08:53,7,3000,Ash Way & 153rd Pl SW,0.0,0.0
2023-10-12,860,South,22223,16807.0,07:08:00,07:12:57,07:13:57,8,2162,Ash Way Park & Ride Bay 3,18.0,0.0
2023-10-12,860,South,22223,16807.0,07:38:00,07:43:30,07:43:30,11,3253,1st Ave N & NE 103rd St,0.0,26.0
2023-10-12,860,South,22224,21802.0,07:32:00,07:32:18,07:32:18,0,3323,McCollum Park Park & Ride Temporary Bay,3.0,0.0
2023-10-12,860,South,22224,21802.0,,07:35:27,07:35:27,1,1552,128th St SE & 3rd Ave SE,0.0,0.0
2023-10-12,860,South,22224,21802.0,07:38:00,07:38:25,07:39:30,2,2106,Mariner Park & Ride Bay 4,7.0,0.0
2023-10-12,860,South,22224,21802.0,,07:40:50,07:40:50,3,2457,134th St SW & Ash Way,0.0,0.0
2023-10-12,860,South,22224,21802.0,,07:41:42,07:41:42,4,2997,Ash Way & 135th St SW,0.0,0.0
2023-10-12,860,South,22224,21802.0,,07:42:29,07:42:29,5,2998,Ash Way & 140th St SW,0.0,0.0
2023-10-12,860,South,22224,21802.0,,07:43:51,07:43:51,6,2999,Ash Way & 149th St SW,0.0,0.0
2023-10-12,860,South,22224,21802.0,,07:44:36,07:44:51,7,3000,Ash Way & 153rd Pl SW,1.0,0.0
2023-10-12,860,South,22224,21802.0,07:43:00,07:46:42,07:47:42,8,2162,Ash Way Park & Ride Bay 3,10.0,0.0
2023-10-12,860,South,22224,21802.0,08:19:00,08:20:09,08:20:09,11,3253,1st Ave N & NE 103rd St,0.0,21.0
2023-10-12,860,South,22225,17110.0,07:57:00,07:57:28,07:57:28,0,3323,McCollum Park Park & Ride Temporary Bay,6.0,0.0
2023-10-12,860,South,22225,17110.0,,08:01:29,08:01:29,1,1552,128th St SE & 3rd Ave SE,0.0,0.0
2023-10-12,860,South,22225,17110.0,08:03:00,08:04:52,08:05:50,2,2106,Mariner Park & Ride Bay 4,11.0,0.0
2023-10-12,860,South,22225,17110.0,,08:07:04,08:07:04,3,2457,134th St SW & Ash Way,0.0,0.0
2023-10-12,860,South,22225,17110.0,,08:08:05,08:08:05,4,2997,Ash Way & 135th St SW,0.0,0.0
2023-10-12,860,South,22225,17110.0,,08:08:32,08:08:32,5,2998,Ash Way & 140th St SW,0.0,0.0
2023-10-12,860,South,22225,17110.0,,08:09:44,08:09:44,6,2999,Ash Way & 149th St SW,0.0,0.0
2023-10-12,860,South,22225,17110.0,,08:10:31,08:10:46,7,3000,Ash Way & 153rd Pl SW,1.0,0.0
2023-10-12,860,South,22225,17110.0,08:08:00,08:12:41,08:13:15,8,2162,Ash Way Park & Ride Bay 3,3.0,1.0
2023-10-12,860,South,22225,17110.0,08:45:00,08:50:08,08:50:08,11,3253,1st Ave N & NE 103rd St,0.0,20.0
2023-10-12,860,South,22226,19807.0,08:45:00,08:45:10,08:45:10,0,3323,McCollum Park Park & Ride Temporary Bay,8.0,0.0
2023-10-12,860,South,22226,19807.0,,08:50:47,08:51:03,1,1552,128th St SE & 3rd Ave SE,1.0,0.0
2023-10-12,860,South,22226,19807.0,08:51:00,08:54:45,08:55:10,2,2106,Mariner Park & Ride Bay 4,4.0,0.0
2023-10-12,860,South,22226,19807.0,,08:56:18,08:56:18,3,2457,134th St SW & Ash Way,0.0,0.0
2023-10-12,860,South,22226,19807.0,,08:57:28,08:57:28,4,2997,Ash Way & 135th St SW,0.0,0.0
2023-10-12,860,South,22226,19807.0,,08:57:57,08:57:57,5,2998,Ash Way & 140th St SW,0.0,0.0
2023-10-12,860,South,22226,19807.0,,08:59:10,08:59:28,6,2999,Ash Way & 149th St SW,1.0,0.0
2023-10-12,860,South,22226,19807.0,,09:00:20,09:00:32,7,3000,Ash Way & 153rd Pl SW,1.0,0.0
2023-10-12,860,South,22226,19807.0,08:55:00,09:02:37,09:03:12,8,2162,Ash Way Park & Ride Bay 3,7.0,1.0
2023-10-12,860,South,22226,19807.0,09:23:00,09:28:14,09:28:14,11,3253,1st Ave N & NE 103rd St,0.0,21.0
2023-10-13,860,North,22211,19803.0,14:40:00,14:41:29,14:41:29,0,2192,Northgate Station Bay 2,9.0,0.0
2023-10-13,860,North,22211,19803.0,14:57:00,15:02:56,15:03:26,3,2163,Ash Way Park & Ride Bay 4,0.0,1.0
2023-10-13,860,North,22211,19803.0,,15:05:28,15:05:53,4,3062,Ash Way & 157th St SW,3.0,1.0
2023-10-13,860,North,22211,19803.0,,15:06:17,15:06:17,5,2993,Ash Way & 153rd St SW,0.0,0.0
2023-10-13,860,North,22211,19803.0,,15:06:52,15:06:52,6,2994,Ash Way & 149th St SW,0.0,0.0
2023-10-13,860,North,22211,19803.0,,15:07:55,15:07:55,7,2995,Ash Way & 141st Pl SW,0.0,0.0
2023-10-13,860,North,22211,19803.0,,15:08:21,15:08:21,8,3004,Ash Way & 137th St SW,0.0,0.0
2023-10-13,860,North,22211,19803.0,,15:09:09,15:09:09,9,2456,134th St SW & Ash Way,0.0,0.0
2023-10-13,860,North,22211,19803.0,15:04:00,15:10:00,15:10:25,10,2104,Mariner Park & Ride Bay 2,0.0,7.0
2023-10-13,860,North,22211,19803.0,,15:12:25,15:12:25,11,165,128th St SE & 3rd Ave SE,0.0,0.0
2023-10-13,860,North,22211,19803.0,,15:12:42,15:12:42,12,169,128th St SE & Park Rd,0.0,0.0
2023-10-13,860,North,22211,19803.0,15:11:00,15:13:48,15:13:48,13,3323,McCollum Park Park & Ride Temporary Bay,0.0,3.0
2023-10-13,860,North,22212,21801.0,15:15:00,15:16:30,15:16:30,0,2192,Northgate Station Bay 2,12.0,0.0
2023-10-13,860,North,22212,21801.0,15:37:00,15:44:28,15:44:54,3,2163,Ash Way Park & Ride Bay 4,0.0,5.0
2023-10-13,860,North,22212,21801.0,,15:46:16,15:46:16,4,3062,Ash Way & 157th St SW,0.0,0.0
2023-10-13,860,North,22212,21801.0,,15:46:32,15:46:32,5,2993,Ash Way & 153rd St SW,0.0,0.0
2023-10-13,860,North,22212,21801.0,,15:47:09,15:47:09,6,2994,Ash Way & 149th St SW,0.0,0.0
2023-10-13,860,North,22212,21801.0,,15:48:11,15:48:11,7,2995,Ash Way & 141st Pl SW,0.0,0.0
2023-10-13,860,North,22212,21801.0,,15:48:36,15:48:36,8,3004,Ash Way & 137th St SW,0.0,0.0
2023-10-13,860,North,22212,21801.0,,15:49:27,15:49:27,9,2456,134th St SW & Ash Way,0.0,0.0
2023-10-13,860,North,22212,21801.0,15:44:00,15:50:17,15:50:39,10,2104,Mariner Park & Ride Bay 2,0.0,4.0
2023-10-13,860,North,22212,21801.0,,15:55:00,15:55:00,11,165,128th St SE & 3rd Ave SE,0.0,0.0
2023-10-13,860,North,22212,21801.0,,15:55:18,15:55:18,12,169,128th St SE & Park Rd,0.0,0.0
2023-10-13,860,North,22212,21801.0,15:51:00,15:56:21,15:56:21,13,3323,McCollum Park Park & Ride Temporary Bay,0.0,3.0
2023-10-13,860,North,22213,16800.0,15:45:00,15:47:42,15:47:42,0,2192,Northgate Station Bay 2,21.0,0.0
2023-10-13,860,North,22213,16800.0,16:11:00,16:20:18,16:20:51,3,2163,Ash Way Park & Ride Bay 4,0.0,17.0
2023-10-13,860,North,22213,16800.0,,16:22:18,16:22:18,4,3062,Ash Way & 157th St SW,0.0,0.0
2023-10-13,860,North,22213,16800.0,,16:22:32,16:22:32,5,2993,Ash Way & 153rd St SW,0.0,0.0
2023-10-13,860,North,22213,16800.0,,16:23:22,16:23:22,6,2994,Ash Way & 149th St SW,0.0,0.0
2023-10-13,860,North,22213,16800.0,,16:24:33,16:24:33,7,2995,Ash Way & 141st Pl SW,0.0,0.0
2023-10-13,860,North,22213,16800.0,,16:25:02,16:25:02,8,3004,Ash Way & 137th St SW,0.0,0.0
2023-10-13,860,North,22213,16800.0,,16:25:50,16:25:50,9,2456,134th St SW & Ash Way,0.0,0.0
2023-10-13,860,North,22213,16800.0,16:18:00,16:26:37,16:26:47,10,2104,Mariner Park & Ride Bay 2,0.0,1.0
2023-10-13,860,North,22213,16800.0,,16:32:11,16:32:11,11,165,128th St SE & 3rd Ave SE,0.0,0.0
2023-10-13,860,North,22213,16800.0,,16:32:34,16:32:47,12,169,128th St SE & Park Rd,0.0,1.0
2023-10-13,860,North,22213,16800.0,16:25:00,16:34:06,16:34:06,13,3323,McCollum Park Park & Ride Temporary Bay,0.0,2.0
2023-10-13,860,North,22214,17803.0,16:15:00,16:15:06,16:15:06,0,2192,Northgate Station Bay 2,10.0,0.0
2023-10-13,860,North,22214,17803.0,16:41:00,16:45:44,16:46:13,3,2163,Ash Way Park & Ride Bay 4,3.0,5.0
2023-10-13,860,North,22214,17803.0,,16:48:01,16:48:01,4,3062,Ash Way & 157th St SW,0.0,0.0
2023-10-13,860,North,22214,17803.0,,16:48:23,16:48:33,5,2993,Ash Way & 153rd St SW,0.0,1.0
2023-10-13,860,North,22214,17803.0,,16:49:15,16:49:15,6,2994,Ash Way & 149th St SW,0.0,0.0
2023-10-13,860,North,22214,17803.0,,16:50:15,16:50:15,7,2995,Ash Way & 141st Pl SW,0.0,0.0
2023-10-13,860,North,22214,17803.0,,16:50:47,16:50:56,8,3004,Ash Way & 137th St SW,0.0,1.0
2023-10-13,860,North,22214,17803.0,,16:51:56,16:52:06,9,2456,134th St SW & Ash Way,0.0,1.0
2023-10-13,860,North,22214,17803.0,16:48:00,16:53:00,16:53:11,10,2104,Mariner Park & Ride Bay 2,0.0,2.0
2023-10-13,860,North,22214,17803.0,,16:59:47,16:59:57,11,165,128th St SE & 3rd Ave SE,0.0,1.0
2023-10-13,860,North,22214,17803.0,,17:00:19,17:00:19,12,169,128th St SE & Park Rd,0.0,0.0
2023-10-13,860,North,22214,17803.0,16:58:00,17:01:22,17:01:22,13,3323,McCollum Park Park & Ride Temporary Bay,0.0,2.0
2023-10-13,860,North,22215,21813.0,16:45:00,16:46:07,16:46:07,0,2192,Northgate Station Bay 2,21.0,0.0
2023-10-13,860,North,22215,21813.0,17:11:00,17:13:18,17:14:18,3,2163,Ash Way Park & Ride Bay 4,1.0,17.0
2023-10-13,860,North,22215,21813.0,,17:17:22,17:17:22,4,3062,Ash Way & 157th St SW,0.0,0.0
2023-10-13,860,North,22215,21813.0,,17:17:39,17:17:39,5,2993,Ash Way & 153rd St SW,0.0,0.0
2023-10-13,860,North,22215,21813.0,,17:18:11,17:18:11,6,2994,Ash Way & 149th St SW,0.0,0.0
2023-10-13,860,North,22215,21813.0,,17:19:08,17:19:08,7,2995,Ash Way & 141st Pl SW,0.0,0.0
2023-10-13,860,North,22215,21813.0,,17:19:32,17:19:32,8,3004,Ash Way & 137th St SW,0.0,0.0
2023-10-13,860,North,22215,21813.0,,17:20:23,17:20:23,9,2456,134th St SW & Ash Way,0.0,0.0
2023-10-13,860,North,22215,21813.0,17:18:00,17:21:17,17:21:43,10,2104,Mariner Park & Ride Bay 2,0.0,3.0
2023-10-13,860,North,22215,21813.0,,17:27:58,17:28:15,11,165,128th St SE & 3rd Ave SE,0.0,2.0
2023-10-13,860,North,22215,21813.0,,17:28:37,17:28:37,12,169,128th St SE & Park Rd,0.0,0.0
2023-10-13,860,North,22215,21813.0,17:28:00,17:29:47,17:29:47,13,3323,McCollum Park Park & Ride Temporary Bay,0.0,0.0
2023-10-13,860,North,22216,22806.0,17:15:00,17:15:43,17:15:43,0,2192,Northgate Station Bay 2,13.0,0.0
2023-10-13,860,North,22216,22806.0,17:39:00,17:37:31,17:37:55,3,2163,Ash Way Park & Ride Bay 4,0.0,5.0
2023-10-13,860,North,22216,22806.0,,17:39:01,17:39:01,4,3062,Ash Way & 157th St SW,0.0,0.0
2023-10-13,860,North,22216,22806.0,,17:39:17,17:39:17,5,2993,Ash Way & 153rd St SW,0.0,0.0
2023-10-13,860,North,22216,22806.0,,17:40:00,17:40:09,6,2994,Ash Way & 149th St SW,0.0,1.0
2023-10-13,860,North,22216,22806.0,,17:41:19,17:41:19,7,2995,Ash Way & 141st Pl SW,0.0,0.0
2023-10-13,860,North,22216,22806.0,,17:41:49,17:41:49,8,3004,Ash Way & 137th St SW,0.0,0.0
2023-10-13,860,North,22216,22806.0,,17:42:42,17:42:58,9,2456,134th St SW & Ash Way,0.0,2.0
2023-10-13,860,North,22216,22806.0,17:46:00,17:43:54,17:44:06,10,2104,Mariner Park & Ride Bay 2,0.0,1.0
2023-10-13,860,North,22216,22806.0,,17:51:47,17:51:58,11,165,128th St SE & 3rd Ave SE,0.0,2.0
2023-10-13,860,North,22216,22806.0,,17:52:20,17:52:20,12,169,128th St SE & Park Rd,0.0,0.0
2023-10-13,860,North,22216,22806.0,17:55:00,17:53:24,17:53:24,13,3323,McCollum Park Park & Ride Temporary Bay,0.0,2.0
2023-10-13,860,North,22217,21812.0,17:30:00,17:31:26,17:31:26,0,2192,Northgate Station Bay 2,16.0,0.0
2023-10-13,860,North,22217,21812.0,17:52:00,17:51:08,17:51:42,3,2163,Ash Way Park & Ride Bay 4,1.0,14.0
2023-10-13,860,North,22217,21812.0,,17:53:49,17:53:49,4,3062,Ash Way & 157th St SW,0.0,0.0
2023-10-13,860,North,22217,21812.0,,17:54:05,17:54:05,5,2993,Ash Way & 153rd St SW,0.0,0.0
2023-10-13,860,North,22217,21812.0,,17:54:34,17:54:34,6,2994,Ash Way & 149th St SW,0.0,0.0
2023-10-13,860,North,22217,21812.0,,17:55:35,17:55:35,7,2995,Ash Way & 141st Pl SW,0.0,0.0
2023-10-13,860,North,22217,21812.0,,17:56:01,17:56:01,8,3004,Ash Way & 137th St SW,0.0,0.0
2023-10-13,860,North,22217,21812.0,,17:56:49,17:56:49,9,2456,134th St SW & Ash Way,0.0,0.0
2023-10-13,860,North,22217,21812.0,17:59:00,17:57:36,17:57:58,10,2104,Mariner Park & Ride Bay 2,1.0,3.0
2023-10-13,860,North,22217,21812.0,,18:01:47,18:01:59,11,165,128th St SE & 3rd Ave SE,0.0,1.0
2023-10-13,860,North,22217,21812.0,,18:02:20,18:02:20,12,169,128th St SE & Park Rd,0.0,0.0
2023-10-13,860,North,22217,21812.0,18:07:00,18:03:33,18:03:33,13,3323,McCollum Park Park & Ride Temporary Bay,0.0,0.0
2023-10-13,860,North,22218,17803.0,17:45:00,17:45:18,17:45:18,0,2192,Northgate Station Bay 2,17.0,0.0
2023-10-13,860,North,22218,17803.0,18:07:00,18:02:31,18:03:02,3,2163,Ash Way Park & Ride Bay 4,0.0,7.0
2023-10-13,860,North,22218,17803.0,,18:05:24,18:05:24,4,3062,Ash Way & 157th St SW,0.0,0.0
2023-10-13,860,North,22218,17803.0,,18:05:40,18:05:40,5,2993,Ash Way & 153rd St SW,0.0,0.0
2023-10-13,860,North,22218,17803.0,,18:06:13,18:06:13,6,2994,Ash Way & 149th St SW,0.0,0.0
2023-10-13,860,North,22218,17803.0,,18:07:19,18:07:31,7,2995,Ash Way & 141st Pl SW,0.0,2.0
2023-10-13,860,North,22218,17803.0,,18:08:04,18:08:04,8,3004,Ash Way & 137th St SW,0.0,0.0
2023-10-13,860,North,22218,17803.0,,18:08:53,18:08:53,9,2456,134th St SW & Ash Way,0.0,0.0
2023-10-13,860,North,22218,17803.0,18:14:00,18:09:40,18:10:01,10,2104,Mariner Park & Ride Bay 2,0.0,3.0
2023-10-13,860,North,22218,17803.0,,18:14:51,18:14:51,11,165,128th St SE & 3rd Ave SE,0.0,0.0
2023-10-13,860,North,22218,17803.0,,18:15:09,18:15:09,12,169,128th St SE & Park Rd,0.0,0.0
2023-10-13,860,North,22218,17803.0,18:22:00,18:16:11,18:16:11,13,3323,McCollum Park Park & Ride Temporary Bay,0.0,5.0
2023-10-13,860,North,22219,21813.0,18:15:00,18:17:02,18:17:02,0,2192,Northgate Station Bay 2,8.0,0.0
2023-10-13,860,North,22219,21813.0,18:35:00,18:32:14,18:32:46,3,2163,Ash Way Park & Ride Bay 4,0.0,5.0
2023-10-13,860,North,22219,21813.0,,18:34:40,18:34:40,4,3062,Ash Way & 157th St SW,0.0,0.0
2023-10-13,860,North,22219,21813.0,,18:34:57,18:34:57,5,2993,Ash Way & 153rd St SW,0.0,0.0
2023-10-13,860,North,22219,21813.0,,18:35:33,18:35:33,6,2994,Ash Way & 149th St SW,0.0,0.0
2023-10-13,860,North,22219,21813.0,,18:36:39,18:36:39,7,2995,Ash Way & 141st Pl SW,0.0,0.0
2023-10-13,860,North,22219,21813.0,,18:37:07,18:37:07,8,3004,Ash Way & 137th St SW,0.0,0.0
2023-10-13,860,North,22219,21813.0,,18:38:01,18:38:01,9,2456,134th St SW & Ash Way,0.0,0.0
2023-10-13,860,North,22219,21813.0,18:42:00,18:38:53,18:39:22,10,2104,Mariner Park & Ride Bay 2,0.0,3.0
2023-10-13,860,North,22219,21813.0,,18:41:39,18:41:39,11,165,128th St SE & 3rd Ave SE,0.0,0.0
2023-10-13,860,North,22219,21813.0,,18:41:56,18:41:56,12,169,128th St SE & Park Rd,0.0,0.0
2023-10-13,860,North,22219,21813.0,18:48:00,18:43:04,18:43:04,13,3323,McCollum Park Park & Ride Temporary Bay,0.0,0.0
2023-10-13,860,South,22220,19805.0,05:25:00,05:24:58,05:24:58,0,3323,McCollum Park Park & Ride Temporary Bay,3.0,0.0
2023-10-13,860,South,22220,19805.0,,05:28:11,05:28:22,1,1552,128th St SE & 3rd Ave SE,1.0,0.0
2023-10-13,860,South,22220,19805.0,05:30:00,05:30:42,05:31:09,2,2106,Mariner Park & Ride Bay 4,4.0,0.0
2023-10-13,860,South,22220,19805.0,,05:32:07,05:32:07,3,2457,134th St SW & Ash Way,0.0,0.0
2023-10-13,860,South,22220,19805.0,,05:32:48,05:32:48,4,2997,Ash Way & 135th St SW,0.0,0.0
2023-10-13,860,South,22220,19805.0,,05:33:24,05:33:35,5,2998,Ash Way & 140th St SW,1.0,0.0
2023-10-13,860,South,22220,19805.0,,05:34:55,05:34:55,6,2999,Ash Way & 149th St SW,0.0,0.0
2023-10-13,860,South,22220,19805.0,,05:35:33,05:35:33,7,3000,Ash Way & 153rd Pl SW,0.0,0.0
2023-10-13,860,South,22220,19805.0,05:34:00,05:37:16,05:37:54,8,2162,Ash Way Park & Ride Bay 3,6.0,0.0
2023-10-13,860,South,22220,19805.0,05:56:00,05:55:01,05:55:01,11,3253,1st Ave N & NE 103rd St,0.0,15.0
2023-10-13,860,South,22221,16809.0,06:00:00,05:59:47,05:59:47,0,3323,McCollum Park Park & Ride Temporary Bay,0.0,0.0
2023-10-13,860,South,22221,16809.0,,06:03:05,06:03:05,1,1552,128th St SE & 3rd Ave SE,0.0,0.0
2023-10-13,860,South,22221,16809.0,06:05:00,06:06:26,06:06:51,2,2106,Mariner Park & Ride Bay 4,2.0,0.0
2023-10-13,860,South,22221,16809.0,,06:08:15,06:08:15,3,2457,134th St SW & Ash Way,0.0,0.0
2023-10-13,860,South,22221,16809.0,,06:08:55,06:08:55,4,2997,Ash Way & 135th St SW,0.0,0.0
2023-10-13,860,South,22221,16809.0,,06:09:26,06:09:26,5,2998,Ash Way & 140th St SW,0.0,0.0
2023-10-13,860,South,22221,16809.0,,06:10:46,06:10:46,6,2999,Ash Way & 149th St SW,0.0,0.0
2023-10-13,860,South,22221,16809.0,,06:11:36,06:11:48,7,3000,Ash Way & 153rd Pl SW,1.0,0.0
2023-10-13,860,South,22221,16809.0,06:09:00,06:14:09,06:14:54,8,2162,Ash Way Park & Ride Bay 3,11.0,0.0
2023-10-13,860,South,22221,16809.0,06:34:00,06:33:31,06:33:31,11,3253,1st Ave N & NE 103rd St,0.0,14.0
2023-10-13,860,South,22222,16807.0,06:33:00,06:33:15,06:33:15,0,3323,McCollum Park Park & Ride Temporary Bay,6.0,0.0
2023-10-13,860,South,22222,16807.0,,06:37:13,06:37:13,1,1552,128th St SE & 3rd Ave SE,0.0,0.0
2023-10-13,860,South,22222,16807.0,06:38:00,06:40:12,06:40:43,2,2106,Mariner Park & Ride Bay 4,5.0,0.0
2023-10-13,860,South,22222,16807.0,,06:41:52,06:41:52,3,2457,134th St SW & Ash Way,0.0,0.0
2023-10-13,860,South,22222,16807.0,,06:42:41,06:42:59,4,2997,Ash Way & 135th St SW,2.0,0.0
2023-10-13,860,South,22222,16807.0,,06:43:38,06:43:38,5,2998,Ash Way & 140th St SW,0.0,0.0
2023-10-13,860,South,22222,16807.0,,06:44:57,06:45:13,6,2999,Ash Way & 149th St SW,1.0,0.0
2023-10-13,860,South,22222,16807.0,,06:46:00,06:46:00,7,3000,Ash Way & 153rd Pl SW,0.0,0.0
2023-10-13,860,South,22222,16807.0,06:42:00,06:47:52,06:48:24,8,2162,Ash Way Park & Ride Bay 3,4.0,1.0
2023-10-13,860,South,22222,16807.0,07:10:00,07:11:40,07:11:40,11,3253,1st Ave N & NE 103rd St,0.0,17.0
2023-10-13,860,South,22223,16800.0,06:57:00,06:57:04,06:57:04,0,3323,McCollum Park Park & Ride Temporary Bay,2.0,0.0
2023-10-13,860,South,22223,16800.0,,07:00:16,07:00:30,1,1552,128th St SE & 3rd Ave SE,1.0,0.0
2023-10-13,860,South,22223,16800.0,07:03:00,07:05:14,07:05:42,2,2106,Mariner Park & Ride Bay 4,3.0,0.0
2023-10-13,860,South,22223,16800.0,,07:07:18,07:07:18,3,2457,134th St SW & Ash Way,0.0,0.0
2023-10-13,860,South,22223,16800.0,,07:08:01,07:08:01,4,2997,Ash Way & 135th St SW,0.0,0.0
2023-10-13,860,South,22223,16800.0,,07:08:30,07:08:30,5,2998,Ash Way & 140th St SW,0.0,0.0
2023-10-13,860,South,22223,16800.0,,07:09:41,07:09:52,6,2999,Ash Way & 149th St SW,1.0,0.0
2023-10-13,860,South,22223,16800.0,,07:10:37,07:10:37,7,3000,Ash Way & 153rd Pl SW,0.0,0.0
2023-10-13,860,South,22223,16800.0,07:08:00,07:12:41,07:13:46,8,2162,Ash Way Park & Ride Bay 3,18.0,0.0
2023-10-13,860,South,22223,16800.0,07:38:00,07:38:20,07:38:20,11,3253,1st Ave N & NE 103rd St,0.0,25.0
2023-10-13,860,South,22224,16809.0,07:32:00,07:31:40,07:31:40,0,3323,McCollum Park Park & Ride Temporary Bay,4.0,0.0
2023-10-13,860,South,22224,16809.0,,07:35:44,07:35:44,1,1552,128th St SE & 3rd Ave SE,0.0,0.0
2023-10-13,860,South,22224,16809.0,07:38:00,07:38:14,07:39:08,2,2106,Mariner Park & Ride Bay 4,8.0,0.0
2023-10-13,860,South,22224,16809.0,,07:40:29,07:40:29,3,2457,134th St SW & Ash Way,0.0,0.0
2023-10-13,860,South,22224,16809.0,,07:41:15,07:41:38,4,2997,Ash Way & 135th St SW,0.0,0.0
2023-10-13,860,South,22224,16809.0,,07:42:15,07:42:15,5,2998,Ash Way & 140th St SW,0.0,0.0
2023-10-13,860,South,22224,16809.0,,07:43:32,07:43:50,6,2999,Ash Way & 149th St SW,1.0,0.0
2023-10-13,860,South,22224,16809.0,,07:44:33,07:44:33,7,3000,Ash Way & 153rd Pl SW,0.0,0.0
2023-10-13,860,South,22224,16809.0,07:43:00,07:46:31,07:48:23,8,2162,Ash Way Park & Ride Bay 3,10.0,3.0
2023-10-13,860,South,22224,16809.0,08:19:00,08:08:26,08:08:26,11,3253,1st Ave N & NE 103rd St,0.0,20.0
2023-10-13,860,South,22225,17103.0,07:57:00,07:57:54,07:57:54,0,3323,McCollum Park Park & Ride Temporary Bay,3.0,0.0
2023-10-13,860,South,22225,17103.0,,08:02:12,08:02:12,1,1552,128th St SE & 3rd Ave SE,0.0,0.0
2023-10-13,860,South,22225,17103.0,08:03:00,08:06:48,08:07:11,2,2106,Mariner Park & Ride Bay 4,3.0,0.0
2023-10-13,860,South,22225,17103.0,,08:08:17,08:08:17,3,2457,134th St SW & Ash Way,0.0,0.0
2023-10-13,860,South,22225,17103.0,,08:09:19,08:09:19,4,2997,Ash Way & 135th St SW,0.0,0.0
2023-10-13,860,South,22225,17103.0,,08:09:51,08:09:51,5,2998,Ash Way & 140th St SW,0.0,0.0
2023-10-13,860,South,22225,17103.0,,08:11:05,08:11:05,6,2999,Ash Way & 149th St SW,0.0,0.0
2023-10-13,860,South,22225,17103.0,,08:11:49,08:12:08,7,3000,Ash Way & 153rd Pl SW,1.0,0.0
2023-10-13,860,South,22225,17103.0,08:08:00,08:14:08,08:14:52,8,2162,Ash Way Park & Ride Bay 3,11.0,0.0
2023-10-13,860,South,22225,17103.0,08:45:00,08:35:06,08:35:06,11,3253,1st Ave N & NE 103rd St,1.0,19.0
2023-10-13,860,South,22226,19805.0,08:45:00,08:42:31,08:42:31,0,3323,McCollum Park Park & Ride Temporary Bay,2.0,0.0
2023-10-13,860,South,22226,19805.0,,08:47:23,08:47:23,1,1552,128th St SE & 3rd Ave SE,0.0,0.0
2023-10-13,860,South,22226,19805.0,08:51:00,08:49:48,08:50:34,2,2106,Mariner Park & Ride Bay 4,3.0,0.0
2023-10-13,860,South,22226,19805.0,,08:52:05,08:52:05,3,2457,134th St SW & Ash Way,0.0,0.0
2023-10-13,860,South,22226,19805.0,,08:53:03,08:53:15,4,2997,Ash Way & 135th St SW,1.0,0.0
2023-10-13,860,South,22226,19805.0,,08:53:57,08:53:57,5,2998,Ash Way & 140th St SW,0.0,0.0
2023-10-13,860,South,22226,19805.0,,08:55:23,08:55:23,6,2999,Ash Way & 149th St SW,0.0,0.0
2023-10-13,860,South,22226,19805.0,,08:56:02,08:56:02,7,3000,Ash Way & 153rd Pl SW,0.0,0.0
2023-10-13,860,South,22226,19805.0,08:55:00,08:58:27,08:59:18,8,2162,Ash Way Park & Ride Bay 3,5.0,1.0
2023-10-13,860,South,22226,19805.0,09:23:00,09:20:46,09:20:46,11,3253,1st Ave N & NE 103rd St,0.0,10.0
2023-10-16,860,North,22211,19808.0,14:40:00,14:41:33,14:41:33,0,2192,Northgate Station Bay 2,0.0,0.0
2023-10-16,860,North,22211,19808.0,14:57:00,14:57:40,14:58:03,3,2163,Ash Way Park & Ride Bay 4,0.0,0.0
2023-10-16,860,North,22211,19808.0,,14:59:40,14:59:54,4,3062,Ash Way & 157th St SW,0.0,0.0
2023-10-16,860,North,22211,19808.0,,15:00:24,15:00:37,5,2993,Ash Way & 153rd St SW,0.0,0.0
2023-10-16,860,North,22211,19808.0,,15:01:19,15:01:19,6,2994,Ash Way & 149th St SW,0.0,0.0
2023-10-16,860,North,22211,19808.0,,15:02:40,15:02:40,7,2995,Ash Way & 141st Pl SW,0.0,0.0
2023-10-16,860,North,22211,19808.0,,15:03:08,15:03:08,8,3004,Ash Way & 137th St SW,0.0,0.0
2023-10-16,860,North,22211,19808.0,,15:04:07,15:04:07,9,2456,134th St SW & Ash Way,0.0,0.0
2023-10-16,860,North,22211,19808.0,15:04:00,15:05:00,15:05:16,10,2104,Mariner Park & Ride Bay 2,0.0,0.0
2023-10-16,860,North,22211,19808.0,,15:09:59,15:10:13,11,165,128th St SE & 3rd Ave SE,0.0,0.0
2023-10-16,860,North,22211,19808.0,,15:10:38,15:10:38,12,169,128th St SE & Park Rd,0.0,0.0
2023-10-16,860,North,22211,19808.0,15:11:00,15:11:58,15:11:58,13,3323,McCollum Park Park & Ride Temporary Bay,0.0,0.0
2023-10-16,860,North,22212,16801.0,15:15:00,15:15:16,15:15:16,0,2192,Northgate Station Bay 2,10.0,0.0
2023-10-16,860,North,22212,16801.0,15:37:00,15:30:38,15:30:58,3,2163,Ash Way Park & Ride Bay 4,0.0,2.0
2023-10-16,860,North,22212,16801.0,,15:32:09,15:32:24,4,3062,Ash Way & 157th St SW,0.0,1.0
2023-10-16,860,North,22212,16801.0,,15:32:46,15:32:46,5,2993,Ash Way & 153rd St SW,0.0,0.0
2023-10-16,860,North,22212,16801.0,,15:33:25,15:33:25,6,2994,Ash Way & 149th St SW,0.0,0.0
2023-10-16,860,North,22212,16801.0,,15:34:26,15:34:26,7,2995,Ash Way & 141st Pl SW,0.0,0.0
2023-10-16,860,North,22212,16801.0,,15:34:53,15:34:53,8,3004,Ash Way & 137th St SW,0.0,0.0
2023-10-16,860,North,22212,16801.0,,15:35:38,15:35:38,9,2456,134th St SW & Ash Way,0.0,0.0
2023-10-16,860,North,22212,16801.0,15:44:00,15:36:23,15:36:38,10,2104,Mariner Park & Ride Bay 2,0.0,1.0
2023-10-16,860,North,22212,16801.0,,15:39:48,15:40:00,11,165,128th St SE & 3rd Ave SE,0.0,1.0
2023-10-16,860,North,22212,16801.0,,15:40:22,15:40:22,12,169,128th St SE & Park Rd,0.0,0.0
2023-10-16,860,North,22212,16801.0,15:51:00,15:41:36,15:41:36,13,3323,McCollum Park Park & Ride Temporary Bay,0.0,5.0
2023-10-16,860,North,22213,19803.0,15:45:00,15:46:36,15:46:36,0,2192,Northgate Station Bay 2,32.0,0.0
2023-10-16,860,North,22213,19803.0,16:11:00,16:01:35,16:02:09,3,2163,Ash Way Park & Ride Bay 4,0.0,17.0
2023-10-16,860,North,22213,19803.0,,16:04:14,16:04:14,4,3062,Ash Way & 157th St SW,0.0,0.0
2023-10-16,860,North,22213,19803.0,,16:04:40,16:04:48,5,2993,Ash Way & 153rd St SW,0.0,0.0
2023-10-16,860,North,22213,19803.0,,16:05:31,16:05:31,6,2994,Ash Way & 149th St SW,0.0,0.0
2023-10-16,860,North,22213,19803.0,,16:06:43,16:06:51,7,2995,Ash Way & 141st Pl SW,0.0,1.0
2023-10-16,860,North,22213,19803.0,,16:07:32,16:07:39,8,3004,Ash Way & 137th St SW,0.0,1.0
2023-10-16,860,North,22213,19803.0,,16:08:44,16:08:58,9,2456,134th St SW & Ash Way,1.0,0.0
2023-10-16,860,North,22213,19803.0,16:18:00,16:10:01,16:10:22,10,2104,Mariner Park & Ride Bay 2,0.0,2.0
2023-10-16,860,North,22213,19803.0,,16:14:09,16:14:09,11,165,128th St SE & 3rd Ave SE,0.0,0.0
2023-10-16,860,North,22213,19803.0,,16:14:32,16:14:42,12,169,128th St SE & Park Rd,0.0,1.0
2023-10-16,860,North,22213,19803.0,16:25:00,16:16:06,16:16:06,13,3323,McCollum Park Park & Ride Temporary Bay,0.0,11.0
2023-10-16,860,North,22214,17810.0,16:15:00,16:15:08,16:15:08,0,2192,Northgate Station Bay 2,16.0,0.0
2023-10-16,860,North,22214,17810.0,16:41:00,16:31:04,16:31:29,3,2163,Ash Way Park & Ride Bay 4,1.0,8.0
2023-10-16,860,North,22214,17810.0,,16:33:55,16:33:55,4,3062,Ash Way & 157th St SW,0.0,0.0
2023-10-16,860,North,22214,17810.0,,16:34:14,16:34:24,5,2993,Ash Way & 153rd St SW,0.0,2.0
2023-10-16,860,North,22214,17810.0,,16:35:17,16:35:17,6,2994,Ash Way & 149th St SW,0.0,0.0
2023-10-16,860,North,22214,17810.0,,16:36:20,16:36:30,7,2995,Ash Way & 141st Pl SW,0.0,1.0
2023-10-16,860,North,22214,17810.0,,16:37:08,16:37:19,8,3004,Ash Way & 137th St SW,0.0,1.0
2023-10-16,860,North,22214,17810.0,,16:38:13,16:38:13,9,2456,134th St SW & Ash Way,0.0,0.0
2023-10-16,860,North,22214,17810.0,16:48:00,16:39:01,16:39:14,10,2104,Mariner Park & Ride Bay 2,0.0,2.0
2023-10-16,860,North,22214,17810.0,,16:44:40,16:44:40,11,165,128th St SE & 3rd Ave SE,0.0,0.0
2023-10-16,860,North,22214,17810.0,,16:44:56,16:44:56,12,169,128th St SE & Park Rd,0.0,0.0
2023-10-16,860,North,22214,17810.0,16:58:00,16:46:04,16:46:04,13,3323,McCollum Park Park & Ride Temporary Bay,0.0,3.0
2023-10-16,860,North,22215,17812.0,16:45:00,16:47:59,16:47:59,0,2192,Northgate Station Bay 2,19.0,0.0
2023-10-16,860,North,22215,17812.0,17:11:00,17:05:19,17:06:28,3,2163,Ash Way Park & Ride Bay 4,0.0,16.0
2023-10-16,860,North,22215,17812.0,,17:07:43,17:07:43,4,3062,Ash Way & 157th St SW,0.0,0.0
2023-10-16,860,North,22215,17812.0,,17:07:58,17:07:58,5,2993,Ash Way & 153rd St SW,0.0,0.0
2023-10-16,860,North,22215,17812.0,,17:08:29,17:08:29,6,2994,Ash Way & 149th St SW,0.0,0.0
2023-10-16,860,North,22215,17812.0,,17:09:30,17:09:30,7,2995,Ash Way & 141st Pl SW,0.0,0.0
2023-10-16,860,North,22215,17812.0,,17:09:55,17:09:55,8,3004,Ash Way & 137th St SW,0.0,0.0
2023-10-16,860,North,22215,17812.0,,17:10:44,17:10:44,9,2456,134th St SW & Ash Way,0.0,0.0
2023-10-16,860,North,22215,17812.0,17:18:00,17:11:39,17:12:48,10,2104,Mariner Park & Ride Bay 2,0.0,3.0
2023-10-16,860,North,22215,17812.0,,17:16:28,17:16:28,11,165,128th St SE & 3rd Ave SE,0.0,0.0
2023-10-16,860,North,22215,17812.0,,17:16:47,17:16:47,12,169,128th St SE & Park Rd,0.0,0.0
2023-10-16,860,North,22215,17812.0,17:28:00,17:17:53,17:17:53,13,3323,McCollum Park Park & Ride Temporary Bay,0.0,0.0
2023-10-16,860,North,22216,21805.0,17:15:00,17:16:48,17:16:48,0,2192,Northgate Station Bay 2,11.0,0.0
2023-10-16,860,North,22216,21805.0,17:39:00,17:31:46,17:32:02,3,2163,Ash Way Park & Ride Bay 4,0.0,2.0
2023-10-16,860,North,22216,21805.0,,17:33:21,17:33:21,4,3062,Ash Way & 157th St SW,0.0,0.0
2023-10-16,860,North,22216,21805.0,,17:33:34,17:33:34,5,2993,Ash Way & 153rd St SW,0.0,0.0
2023-10-16,860,North,22216,21805.0,,17:34:09,17:34:09,6,2994,Ash Way & 149th St SW,0.0,0.0
2023-10-16,860,North,22216,21805.0,,17:35:27,17:35:27,7,2995,Ash Way & 141st Pl SW,0.0,0.0
2023-10-16,860,North,22216,21805.0,,17:35:56,17:35:56,8,3004,Ash Way & 137th St SW,0.0,0.0
2023-10-16,860,North,22216,21805.0,,17:36:59,17:36:59,9,2456,134th St SW & Ash Way,0.0,0.0
2023-10-16,860,North,22216,21805.0,17:46:00,17:37:50,17:38:16,10,2104,Mariner Park & Ride Bay 2,0.0,5.0
2023-10-16,860,North,22216,21805.0,,17:43:28,17:43:28,11,165,128th St SE & 3rd Ave SE,0.0,0.0
2023-10-16,860,North,22216,21805.0,,17:43:48,17:43:48,12,169,128th St SE & Park Rd,0.0,0.0
2023-10-16,860,North,22216,21805.0,17:55:00,17:44:57,17:44:57,13,3323,McCollum Park Park & Ride Temporary Bay,0.0,4.0
2023-10-16,860,North,22217,21801.0,17:30:00,17:30:50,17:30:50,0,2192,Northgate Station Bay 2,15.0,0.0
2023-10-16,860,North,22217,21801.0,17:52:00,17:48:08,17:48:58,3,2163,Ash Way Park & Ride Bay 4,2.0,8.0
2023-10-16,860,North,22217,21801.0,,17:50:46,17:50:46,4,3062,Ash Way & 157th St SW,0.0,0.0
2023-10-16,860,North,22217,21801.0,,17:51:10,17:51:21,5,2993,Ash Way & 153rd St SW,0.0,1.0
2023-10-16,860,North,22217,21801.0,,17:52:01,17:52:01,6,2994,Ash Way & 149th St SW,0.0,0.0
2023-10-16,860,North,22217,21801.0,,17:53:01,17:53:01,7,2995,Ash Way & 141st Pl SW,0.0,0.0
2023-10-16,860,North,22217,21801.0,,17:53:26,17:53:26,8,3004,Ash Way & 137th St SW,0.0,0.0
2023-10-16,860,North,22217,21801.0,,17:54:14,17:54:14,9,2456,134th St SW & Ash Way,0.0,0.0
2023-10-16,860,North,22217,21801.0,17:59:00,17:55:05,17:55:19,10,2104,Mariner Park & Ride Bay 2,0.0,4.0
2023-10-16,860,North,22217,21801.0,,17:58:32,17:58:47,11,165,128th St SE & 3rd Ave SE,0.0,2.0
2023-10-16,860,North,22217,21801.0,,17:59:08,17:59:08,12,169,128th St SE & Park Rd,0.0,0.0
2023-10-16,860,North,22217,21801.0,18:07:00,18:00:28,18:00:28,13,3323,McCollum Park Park & Ride Temporary Bay,0.0,2.0
2023-10-16,860,North,22218,17810.0,17:45:00,17:45:06,17:45:06,0,2192,Northgate Station Bay 2,12.0,0.0
2023-10-16,860,North,22218,17810.0,18:07:00,17:59:48,18:00:14,3,2163,Ash Way Park & Ride Bay 4,0.0,7.0
2023-10-16,860,North,22218,17810.0,,18:01:19,18:01:19,4,3062,Ash Way & 157th St SW,0.0,0.0
2023-10-16,860,North,22218,17810.0,,18:01:33,18:01:33,5,2993,Ash Way & 153rd St SW,0.0,0.0
2023-10-16,860,North,22218,17810.0,,18:02:13,18:02:27,6,2994,Ash Way & 149th St SW,0.0,1.0
2023-10-16,860,North,22218,17810.0,,18:03:35,18:03:35,7,2995,Ash Way & 141st Pl SW,0.0,0.0
2023-10-16,860,North,22218,17810.0,,18:04:03,18:04:03,8,3004,Ash Way & 137th St SW,0.0,0.0
2023-10-16,860,North,22218,17810.0,,18:04:49,18:04:49,9,2456,134th St SW & Ash Way,0.0,0.0
2023-10-16,860,North,22218,17810.0,18:14:00,18:05:37,18:05:50,10,2104,Mariner Park & Ride Bay 2,0.0,2.0
2023-10-16,860,North,22218,17810.0,,18:09:21,18:09:32,11,165,128th St SE & 3rd Ave SE,0.0,1.0
2023-10-16,860,North,22218,17810.0,,18:09:52,18:09:52,12,169,128th St SE & Park Rd,0.0,0.0
2023-10-16,860,North,22218,17810.0,18:22:00,18:10:56,18:10:56,13,3323,McCollum Park Park & Ride Temporary Bay,0.0,1.0
2023-10-16,860,North,22219,17812.0,18:15:00,18:17:27,18:17:27,0,2192,Northgate Station Bay 2,13.0,0.0
2023-10-16,860,North,22219,17812.0,18:35:00,18:31:34,18:32:06,3,2163,Ash Way Park & Ride Bay 4,0.0,9.0
2023-10-16,860,North,22219,17812.0,,18:33:20,18:33:20,4,3062,Ash Way & 157th St SW,0.0,0.0
2023-10-16,860,North,22219,17812.0,,18:33:34,18:33:34,5,2993,Ash Way & 153rd St SW,0.0,0.0
2023-10-16,860,North,22219,17812.0,,18:34:13,18:34:13,6,2994,Ash Way & 149th St SW,0.0,0.0
2023-10-16,860,North,22219,17812.0,,18:35:26,18:35:53,7,2995,Ash Way & 141st Pl SW,0.0,1.0
2023-10-16,860,North,22219,17812.0,,18:36:29,18:36:29,8,3004,Ash Way & 137th St SW,0.0,0.0
2023-10-16,860,North,22219,17812.0,,18:37:20,18:37:20,9,2456,134th St SW & Ash Way,0.0,0.0
2023-10-16,860,North,22219,17812.0,18:42:00,18:38:12,18:38:40,10,2104,Mariner Park & Ride Bay 2,0.0,3.0
2023-10-16,860,North,22219,17812.0,,18:41:06,18:41:06,11,165,128th St SE & 3rd Ave SE,0.0,0.0
2023-10-16,860,North,22219,17812.0,,18:41:25,18:41:25,12,169,128th St SE & Park Rd,0.0,0.0
2023-10-16,860,North,22219,17812.0,18:48:00,18:42:36,18:42:36,13,3323,McCollum Park Park & Ride Temporary Bay,0.0,0.0
2023-10-16,860,South,22220,16804.0,05:25:00,05:25:05,05:25:05,0,3323,McCollum Park Park & Ride Temporary Bay,3.0,0.0
2023-10-16,860,South,22220,16804.0,,05:28:09,05:28:20,1,1552,128th St SE & 3rd Ave SE,1.0,0.0
2023-10-16,860,South,22220,16804.0,05:30:00,05:30:52,05:31:14,2,2106,Mariner Park & Ride Bay 4,4.0,0.0
2023-10-16,860,South,22220,16804.0,,05:32:18,05:32:18,3,2457,134th St SW & Ash Way,0.0,0.0
2023-10-16,860,South,22220,16804.0,,05:32:56,05:32:56,4,2997,Ash Way & 135th St SW,0.0,0.0
2023-10-16,860,South,22220,16804.0,,05:33:27,05:33:39,5,2998,Ash Way & 140th St SW,1.0,0.0
2023-10-16,860,South,22220,16804.0,,05:34:59,05:34:59,6,2999,Ash Way & 149th St SW,0.0,0.0
2023-10-16,860,South,22220,16804.0,,05:35:43,05:35:43,7,3000,Ash Way & 153rd Pl SW,0.0,0.0
2023-10-16,860,South,22220,16804.0,05:34:00,05:37:24,05:38:04,8,2162,Ash Way Park & Ride Bay 3,5.0,0.0
2023-10-16,860,South,22220,16804.0,05:56:00,05:54:58,05:54:58,11,3253,1st Ave N & NE 103rd St,0.0,14.0
2023-10-16,860,South,22221,16805.0,06:00:00,,,0,3323,McCollum Park Park & Ride Temporary Bay,,
2023-10-16,860,South,22221,16805.0,,06:04:12,06:04:12,1,1552,128th St SE & 3rd Ave SE,2.0,0.0
2023-10-16,860,South,22221,16805.0,06:05:00,06:07:58,06:08:26,2,2106,Mariner Park & Ride Bay 4,4.0,0.0
2023-10-16,860,South,22221,16805.0,,06:09:32,06:09:32,3,2457,134th St SW & Ash Way,0.0,0.0
2023-10-16,860,South,22221,16805.0,,06:10:14,06:10:36,4,2997,Ash Way & 135th St SW,2.0,0.0
2023-10-16,860,South,22221,16805.0,,06:11:15,06:11:15,5,2998,Ash Way & 140th St SW,0.0,0.0
2023-10-16,860,South,22221,16805.0,,06:12:30,06:12:30,6,2999,Ash Way & 149th St SW,0.0,0.0
2023-10-16,860,South,22221,16805.0,,06:13:17,06:13:37,7,3000,Ash Way & 153rd Pl SW,2.0,0.0
2023-10-16,860,South,22221,16805.0,06:09:00,06:15:40,06:16:25,8,2162,Ash Way Park & Ride Bay 3,11.0,0.0
2023-10-16,860,South,22221,16805.0,06:34:00,06:36:16,06:36:16,11,3253,1st Ave N & NE 103rd St,0.0,21.0
2023-10-16,860,South,22222,21809.0,06:33:00,06:33:07,06:33:07,0,3323,McCollum Park Park & Ride Temporary Bay,6.0,0.0
2023-10-16,860,South,22222,21809.0,,06:37:37,06:38:05,1,1552,128th St SE & 3rd Ave SE,3.0,0.0
2023-10-16,860,South,22222,21809.0,06:38:00,06:42:12,06:42:44,2,2106,Mariner Park & Ride Bay 4,4.0,0.0
2023-10-16,860,South,22222,21809.0,,06:44:07,06:44:07,3,2457,134th St SW & Ash Way,0.0,0.0
2023-10-16,860,South,22222,21809.0,,06:45:13,06:45:35,4,2997,Ash Way & 135th St SW,2.0,0.0
2023-10-16,860,South,22222,21809.0,,06:47:17,06:47:17,5,2998,Ash Way & 140th St SW,0.0,0.0
2023-10-16,860,South,22222,21809.0,,06:49:26,06:49:49,6,2999,Ash Way & 149th St SW,1.0,0.0
2023-10-16,860,South,22222,21809.0,,06:50:54,06:50:54,7,3000,Ash Way & 153rd Pl SW,0.0,0.0
2023-10-16,860,South,22222,21809.0,06:42:00,06:53:04,06:53:45,8,2162,Ash Way Park & Ride Bay 3,2.0,1.0
2023-10-16,860,South,22222,21809.0,07:10:00,07:16:48,07:16:48,11,3253,1st Ave N & NE 103rd St,0.0,17.0
2023-10-16,860,South,22223,22802.0,06:57:00,06:57:22,06:57:22,0,3323,McCollum Park Park & Ride Temporary Bay,3.0,0.0
2023-10-16,860,South,22223,22802.0,,07:01:48,07:01:48,1,1552,128th St SE & 3rd Ave SE,0.0,0.0
2023-10-16,860,South,22223,22802.0,07:03:00,07:04:46,07:04:57,2,2106,Mariner Park & Ride Bay 4,0.0,0.0
2023-10-16,860,South,22223,22802.0,,07:06:30,07:06:30,3,2457,134th St SW & Ash Way,0.0,0.0
2023-10-16,860,South,22223,22802.0,,07:07:15,07:07:15,4,2997,Ash Way & 135th St SW,0.0,0.0
2023-10-16,860,South,22223,22802.0,,07:07:54,07:08:13,5,2998,Ash Way & 140th St SW,2.0,0.0
2023-10-16,860,South,22223,22802.0,,07:09:43,07:09:43,6,2999,Ash Way & 149th St SW,0.0,0.0
2023-10-16,860,South,22223,22802.0,,07:10:26,07:10:26,7,3000,Ash Way & 153rd Pl SW,0.0,0.0
2023-10-16,860,South,22223,22802.0,07:08:00,07:12:15,07:13:05,8,2162,Ash Way Park & Ride Bay 3,12.0,1.0
2023-10-16,860,South,22223,22802.0,07:38:00,07:37:30,07:37:30,11,3253,1st Ave N & NE 103rd St,1.0,17.0
2023-10-16,860,South,22224,16805.0,07:32:00,07:32:14,07:32:14,0,3323,McCollum Park Park & Ride Temporary Bay,3.0,0.0
2023-10-16,860,South,22224,16805.0,,07:35:26,07:35:26,1,1552,128th St SE & 3rd Ave SE,0.0,0.0
2023-10-16,860,South,22224,16805.0,07:38:00,07:38:15,07:39:15,2,2106,Mariner Park & Ride Bay 4,5.0,0.0
2023-10-16,860,South,22224,16805.0,,07:40:27,07:40:27,3,2457,134th St SW & Ash Way,0.0,0.0
2023-10-16,860,South,22224,16805.0,,07:41:31,07:41:31,4,2997,Ash Way & 135th St SW,0.0,0.0
2023-10-16,860,South,22224,16805.0,,07:42:05,07:42:21,5,2998,Ash Way & 140th St SW,1.0,0.0
2023-10-16,860,South,22224,16805.0,,07:43:50,07:44:04,6,2999,Ash Way & 149th St SW,1.0,0.0
2023-10-16,860,South,22224,16805.0,,07:44:51,07:44:51,7,3000,Ash Way & 153rd Pl SW,0.0,0.0
2023-10-16,860,South,22224,16805.0,07:43:00,07:47:04,07:47:58,8,2162,Ash Way Park & Ride Bay 3,14.0,2.0
2023-10-16,860,South,22224,16805.0,08:19:00,08:13:20,08:13:20,11,3253,1st Ave N & NE 103rd St,0.0,22.0
2023-10-16,860,South,22225,15101.0,07:57:00,07:57:38,07:57:38,0,3323,McCollum Park Park & Ride Temporary Bay,6.0,0.0
2023-10-16,860,South,22225,15101.0,,08:01:30,08:01:30,1,1552,128th St SE & 3rd Ave SE,0.0,0.0
2023-10-16,860,South,22225,15101.0,08:03:00,08:05:50,08:06:25,2,2106,Mariner Park & Ride Bay 4,5.0,0.0
2023-10-16,860,South,22225,15101.0,,08:07:38,08:07:38,3,2457,134th St SW & Ash Way,0.0,0.0
2023-10-16,860,South,22225,15101.0,,08:08:42,08:08:42,4,2997,Ash Way & 135th St SW,0.0,0.0
2023-10-16,860,South,22225,15101.0,,08:09:19,08:09:40,5,2998,Ash Way & 140th St SW,2.0,0.0
2023-10-16,860,South,22225,15101.0,,08:11:02,08:11:02,6,2999,Ash Way & 149th St SW,0.0,0.0
2023-10-16,860,South,22225,15101.0,,08:11:46,08:12:24,7,3000,Ash Way & 153rd Pl SW,1.0,0.0
2023-10-16,860,South,22225,15101.0,08:08:00,08:14:28,08:15:21,8,2162,Ash Way Park & Ride Bay 3,7.0,1.0
2023-10-16,860,South,22225,15101.0,08:45:00,08:41:07,08:41:07,11,3253,1st Ave N & NE 103rd St,0.0,20.0
2023-10-16,860,South,22226,16804.0,08:45:00,08:44:56,08:44:56,0,3323,McCollum Park Park & Ride Temporary Bay,5.0,0.0
2023-10-16,860,South,22226,16804.0,,08:49:10,08:49:20,1,1552,128th St SE & 3rd Ave SE,1.0,0.0
2023-10-16,860,South,22226,16804.0,08:51:00,08:52:36,08:52:53,2,2106,Mariner Park & Ride Bay 4,2.0,0.0
2023-10-16,860,South,22226,16804.0,,08:54:02,08:54:02,3,2457,134th St SW & Ash Way,0.0,0.0
2023-10-16,860,South,22226,16804.0,,08:54:40,08:54:40,4,2997,Ash Way & 135th St SW,0.0,0.0
2023-10-16,860,South,22226,16804.0,,08:55:11,08:55:11,5,2998,Ash Way & 140th St SW,0.0,0.0
2023-10-16,860,South,22226,16804.0,,08:56:31,08:56:53,6,2999,Ash Way & 149th St SW,1.0,0.0
2023-10-16,860,South,22226,16804.0,,08:57:41,08:57:41,7,3000,Ash Way & 153rd Pl SW,0.0,0.0
2023-10-16,860,South,22226,16804.0,08:55:00,08:59:14,08:59:44,8,2162,Ash Way Park & Ride Bay 3,4.0,2.0
2023-10-16,860,South,22226,16804.0,09:23:00,09:23:57,09:23:57,11,3253,1st Ave N & NE 103rd St,0.0,11.0
2023-10-17,860,North,22211,17804.0,14:40:00,14:40:17,14:40:17,0,2192,Northgate Station Bay 2,4.0,0.0
2023-10-17,860,North,22211,17804.0,14:57:00,14:55:50,14:56:14,3,2163,Ash Way Park & Ride Bay 4,2.0,1.0
2023-10-17,860,North,22211,17804.0,,14:57:37,14:57:37,4,3062,Ash Way & 157th St SW,0.0,0.0
2023-10-17,860,North,22211,17804.0,,14:57:49,14:57:49,5,2993,Ash Way & 153rd St SW,0.0,0.0
2023-10-17,860,North,22211,17804.0,,14:58:21,14:58:21,6,2994,Ash Way & 149th St SW,0.0,0.0
2023-10-17,860,North,22211,17804.0,,14:59:49,14:59:49,7,2995,Ash Way & 141st Pl SW,0.0,0.0
2023-10-17,860,North,22211,17804.0,,15:00:26,15:00:26,8,3004,Ash Way & 137th St SW,0.0,0.0
2023-10-17,860,North,22211,17804.0,,15:01:16,15:01:16,9,2456,134th St SW & Ash Way,0.0,0.0
2023-10-17,860,North,22211,17804.0,15:04:00,15:02:12,15:02:29,10,2104,Mariner Park & Ride Bay 2,0.0,3.0
2023-10-17,860,North,22211,17804.0,,15:06:25,15:06:25,11,165,128th St SE & 3rd Ave SE,0.0,0.0
2023-10-17,860,North,22211,17804.0,,15:06:45,15:06:45,12,169,128th St SE & Park Rd,0.0,0.0
2023-10-17,860,North,22211,17804.0,15:11:00,15:08:01,15:08:01,13,3323,McCollum Park Park & Ride Temporary Bay,0.0,2.0
2023-10-17,860,North,22212,17808.0,15:15:00,15:16:19,15:16:19,0,2192,Northgate Station Bay 2,22.0,0.0
2023-10-17,860,North,22212,17808.0,15:37:00,15:37:22,15:37:55,3,2163,Ash Way Park & Ride Bay 4,1.0,14.0
2023-10-17,860,North,22212,17808.0,,15:39:18,15:39:18,4,3062,Ash Way & 157th St SW,0.0,0.0
2023-10-17,860,North,22212,17808.0,,15:39:34,15:39:34,5,2993,Ash Way & 153rd St SW,0.0,0.0
2023-10-17,860,North,22212,17808.0,,15:40:13,15:40:24,6,2994,Ash Way & 149th St SW,0.0,1.0
2023-10-17,860,North,22212,17808.0,,15:44:58,15:44:58,7,2995,Ash Way & 141st Pl SW,0.0,0.0
2023-10-17,860,North,22212,17808.0,,15:46:20,15:46:20,8,3004,Ash Way & 137th St SW,0.0,0.0
2023-10-17,860,North,22212,17808.0,,15:47:23,15:47:40,9,2456,134th St SW & Ash Way,1.0,2.0
2023-10-17,860,North,22212,17808.0,15:44:00,15:48:36,15:48:47,10,2104,Mariner Park & Ride Bay 2,0.0,1.0
2023-10-17,860,North,22212,17808.0,,15:58:01,15:58:01,11,165,128th St SE & 3rd Ave SE,0.0,0.0
2023-10-17,860,North,22212,17808.0,,15:58:21,15:58:21,12,169,128th St SE & Park Rd,0.0,0.0
2023-10-17,860,North,22212,17808.0,15:51:00,15:59:23,15:59:23,13,3323,McCollum Park Park & Ride Temporary Bay,0.0,6.0
2023-10-17,860,North,22213,17121.0,15:45:00,15:45:10,15:45:10,0,2192,Northgate Station Bay 2,16.0,0.0
2023-10-17,860,North,22213,17121.0,16:11:00,16:08:56,16:09:19,3,2163,Ash Way Park & Ride Bay 4,0.0,10.0
2023-10-17,860,North,22213,17121.0,,16:10:17,16:10:17,4,3062,Ash Way & 157th St SW,0.0,0.0
2023-10-17,860,North,22213,17121.0,,16:10:32,16:10:32,5,2993,Ash Way & 153rd St SW,0.0,0.0
2023-10-17,860,North,22213,17121.0,,16:11:10,16:11:10,6,2994,Ash Way & 149th St SW,0.0,0.0
2023-10-17,860,North,22213,17121.0,,16:12:11,16:12:11,7,2995,Ash Way & 141st Pl SW,0.0,0.0
2023-10-17,860,North,22213,17121.0,,16:12:38,16:12:38,8,3004,Ash Way & 137th St SW,0.0,0.0
2023-10-17,860,North,22213,17121.0,,16:13:26,16:13:26,9,2456,134th St SW & Ash Way,0.0,0.0
2023-10-17,860,North,22213,17121.0,16:18:00,16:14:11,16:14:23,10,2104,Mariner Park & Ride Bay 2,0.0,0.0
2023-10-17,860,North,22213,17121.0,,16:20:52,16:20:52,11,165,128th St SE & 3rd Ave SE,0.0,0.0
2023-10-17,860,North,22213,17121.0,,16:21:13,16:21:22,12,169,128th St SE & Park Rd,0.0,1.0
2023-10-17,860,North,22213,17121.0,16:25:00,16:22:31,16:22:31,13,3323,McCollum Park Park & Ride Temporary Bay,0.0,5.0
2023-10-17,860,North,22214,16806.0,16:15:00,16:17:35,16:17:35,0,2192,Northgate Station Bay 2,22.0,0.0
2023-10-17,860,North,22214,16806.0,16:41:00,16:41:40,16:42:12,3,2163,Ash Way Park & Ride Bay 4,0.0,8.0
2023-10-17,860,North,22214,16806.0,,16:43:40,16:43:40,4,3062,Ash Way & 157th St SW,0.0,0.0
2023-10-17,860,North,22214,16806.0,,16:44:02,16:44:13,5,2993,Ash Way & 153rd St SW,0.0,1.0
2023-10-17,860,North,22214,16806.0,,16:45:01,16:45:01,6,2994,Ash Way & 149th St SW,0.0,0.0
2023-10-17,860,North,22214,16806.0,,16:46:10,16:46:10,7,2995,Ash Way & 141st Pl SW,0.0,0.0
2023-10-17,860,North,22214,16806.0,,16:46:42,16:46:54,8,3004,Ash Way & 137th St SW,0.0,2.0
2023-10-17,860,North,22214,16806.0,,16:47:58,16:48:15,9,2456,134th St SW & Ash Way,0.0,1.0
2023-10-17,860,North,22214,16806.0,16:48:00,16:49:07,16:49:29,10,2104,Mariner Park & Ride Bay 2,0.0,8.0
2023-10-17,860,North,22214,16806.0,,16:54:12,16:54:26,11,165,128th St SE & 3rd Ave SE,0.0,1.0
2023-10-17,860,North,22214,16806.0,,16:54:49,16:54:49,12,169,128th St SE & Park Rd,0.0,0.0
2023-10-17,860,North,22214,16806.0,16:58:00,16:55:57,16:55:57,13,3323,McCollum Park Park & Ride Temporary Bay,0.0,1.0
2023-10-17,860,North,22215,21803.0,16:45:00,16:47:53,16:47:53,0,2192,Northgate Station Bay 2,28.0,0.0
2023-10-17,860,North,22215,21803.0,17:11:00,17:15:47,17:16:30,3,2163,Ash Way Park & Ride Bay 4,0.0,20.0
2023-10-17,860,North,22215,21803.0,,17:18:09,17:18:09,4,3062,Ash Way & 157th St SW,0.0,0.0
2023-10-17,860,North,22215,21803.0,,17:18:28,17:18:28,5,2993,Ash Way & 153rd St SW,0.0,0.0
2023-10-17,860,North,22215,21803.0,,17:19:09,17:19:36,6,2994,Ash Way & 149th St SW,0.0,1.0
2023-10-17,860,North,22215,21803.0,,17:20:48,17:20:48,7,2995,Ash Way & 141st Pl SW,0.0,0.0
2023-10-17,860,North,22215,21803.0,,17:21:16,17:21:16,8,3004,Ash Way & 137th St SW,0.0,0.0
2023-10-17,860,North,22215,21803.0,,17:22:12,17:22:20,9,2456,134th St SW & Ash Way,0.0,1.0
2023-10-17,860,North,22215,21803.0,17:18:00,17:23:19,17:23:45,10,2104,Mariner Park & Ride Bay 2,0.0,3.0
2023-10-17,860,North,22215,21803.0,,17:27:02,17:27:02,11,165,128th St SE & 3rd Ave SE,0.0,0.0
2023-10-17,860,North,22215,21803.0,,17:27:20,17:27:20,12,169,128th St SE & Park Rd,0.0,0.0
2023-10-17,860,North,22215,21803.0,17:28:00,17:28:38,17:28:38,13,3323,McCollum Park Park & Ride Temporary Bay,0.0,3.0
2023-10-17,860,North,22216,17801.0,17:15:00,17:16:42,17:16:42,0,2192,Northgate Station Bay 2,22.0,0.0
2023-10-17,860,North,22216,17801.0,17:39:00,17:41:23,17:41:55,3,2163,Ash Way Park & Ride Bay 4,0.0,11.0
2023-10-17,860,North,22216,17801.0,,17:43:43,17:43:43,4,3062,Ash Way & 157th St SW,0.0,0.0
2023-10-17,860,North,22216,17801.0,,17:44:02,17:44:02,5,2993,Ash Way & 153rd St SW,0.0,0.0
2023-10-17,860,North,22216,17801.0,,17:44:39,17:44:39,6,2994,Ash Way & 149th St SW,0.0,0.0
2023-10-17,860,North,22216,17801.0,,17:45:39,17:45:39,7,2995,Ash Way & 141st Pl SW,0.0,0.0
2023-10-17,860,North,22216,17801.0,,17:46:07,17:46:07,8,3004,Ash Way & 137th St SW,0.0,0.0
2023-10-17,860,North,22216,17801.0,,17:46:52,17:46:52,9,2456,134th St SW & Ash Way,0.0,0.0
2023-10-17,860,North,22216,17801.0,17:46:00,17:47:36,17:48:13,10,2104,Mariner Park & Ride Bay 2,1.0,4.0
2023-10-17,860,North,22216,17801.0,,17:54:21,17:54:34,11,165,128th St SE & 3rd Ave SE,0.0,2.0
2023-10-17,860,North,22216,17801.0,,17:54:56,17:54:56,12,169,128th St SE & Park Rd,0.0,0.0
2023-10-17,860,North,22216,17801.0,17:55:00,17:56:05,17:56:05,13,3323,McCollum Park Park & Ride Temporary Bay,0.0,6.0
2023-10-17,860,North,22217,21801.0,17:30:00,17:30:31,17:30:31,0,2192,Northgate Station Bay 2,14.0,0.0
2023-10-17,860,North,22217,21801.0,17:52:00,17:54:56,17:55:27,3,2163,Ash Way Park & Ride Bay 4,1.0,10.0
2023-10-17,860,North,22217,21801.0,,17:57:13,17:57:13,4,3062,Ash Way & 157th St SW,0.0,0.0
2023-10-17,860,North,22217,21801.0,,17:57:35,17:57:48,5,2993,Ash Way & 153rd St SW,0.0,1.0
2023-10-17,860,North,22217,21801.0,,17:58:28,17:58:28,6,2994,Ash Way & 149th St SW,0.0,0.0
2023-10-17,860,North,22217,21801.0,,17:59:34,17:59:34,7,2995,Ash Way & 141st Pl SW,0.0,0.0
2023-10-17,860,North,22217,21801.0,,18:00:02,18:00:02,8,3004,Ash Way & 137th St SW,0.0,0.0
2023-10-17,860,North,22217,21801.0,,18:00:55,18:00:55,9,2456,134th St SW & Ash Way,0.0,0.0
2023-10-17,860,North,22217,21801.0,17:59:00,18:01:52,18:02:05,10,2104,Mariner Park & Ride Bay 2,0.0,4.0
2023-10-17,860,North,22217,21801.0,,18:09:38,18:09:38,11,165,128th St SE & 3rd Ave SE,0.0,0.0
2023-10-17,860,North,22217,21801.0,,18:09:57,18:09:57,12,169,128th St SE & Park Rd,0.0,0.0
2023-10-17,860,North,22217,21801.0,18:07:00,18:11:05,18:11:05,13,3323,McCollum Park Park & Ride Temporary Bay,0.0,0.0
2023-10-17,860,North,22218,16806.0,17:45:00,17:45:38,17:45:38,0,2192,Northgate Station Bay 2,6.0,0.0
2023-10-17,860,North,22218,16806.0,18:07:00,18:08:07,18:08:42,3,2163,Ash Way Park & Ride Bay 4,0.0,3.0
2023-10-17,860,North,22218,16806.0,,18:10:31,18:10:48,4,3062,Ash Way & 157th St SW,0.0,1.0
2023-10-17,860,North,22218,16806.0,,18:11:11,18:11:11,5,2993,Ash Way & 153rd St SW,0.0,0.0
2023-10-17,860,North,22218,16806.0,,18:11:46,18:11:46,6,2994,Ash Way & 149th St SW,0.0,0.0
2023-10-17,860,North,22218,16806.0,,18:12:50,18:12:50,7,2995,Ash Way & 141st Pl SW,0.0,0.0
2023-10-17,860,North,22218,16806.0,,18:13:17,18:13:17,8,3004,Ash Way & 137th St SW,0.0,0.0
2023-10-17,860,North,22218,16806.0,,18:14:09,18:14:09,9,2456,134th St SW & Ash Way,0.0,0.0
2023-10-17,860,North,22218,16806.0,18:14:00,18:14:52,18:15:04,10,2104,Mariner Park & Ride Bay 2,0.0,0.0
2023-10-17,860,North,22218,16806.0,,18:19:21,18:19:21,11,165,128th St SE & 3rd Ave SE,0.0,0.0
2023-10-17,860,North,22218,16806.0,,18:19:41,18:19:41,12,169,128th St SE & Park Rd,0.0,0.0
2023-10-17,860,North,22218,16806.0,18:22:00,18:20:48,18:20:48,13,3323,McCollum Park Park & Ride Temporary Bay,0.0,2.0
2023-10-17,860,North,22219,21803.0,18:15:00,18:17:06,18:17:06,0,2192,Northgate Station Bay 2,12.0,0.0
2023-10-17,860,North,22219,21803.0,18:35:00,18:38:46,18:39:10,3,2163,Ash Way Park & Ride Bay 4,1.0,4.0
2023-10-17,860,North,22219,21803.0,,18:40:22,18:40:22,4,3062,Ash Way & 157th St SW,0.0,0.0
2023-10-17,860,North,22219,21803.0,,18:40:38,18:40:38,5,2993,Ash Way & 153rd St SW,0.0,0.0
2023-10-17,860,North,22219,21803.0,,18:41:12,18:41:12,6,2994,Ash Way & 149th St SW,0.0,0.0
2023-10-17,860,North,22219,21803.0,,18:42:16,18:42:16,7,2995,Ash Way & 141st Pl SW,0.0,0.0
2023-10-17,860,North,22219,21803.0,,18:42:42,18:42:42,8,3004,Ash Way & 137th St SW,0.0,0.0
2023-10-17,860,North,22219,21803.0,,18:43:34,18:43:34,9,2456,134th St SW & Ash Way,0.0,0.0
2023-10-17,860,North,22219,21803.0,18:42:00,18:44:29,18:44:46,10,2104,Mariner Park & Ride Bay 2,0.0,3.0
2023-10-17,860,North,22219,21803.0,,18:46:58,18:47:08,11,165,128th St SE & 3rd Ave SE,0.0,1.0
2023-10-17,860,North,22219,21803.0,,18:47:31,18:47:31,12,169,128th St SE & Park Rd,0.0,0.0
2023-10-17,860,North,22219,21803.0,18:48:00,18:48:51,18:48:51,13,3323,McCollum Park Park & Ride Temporary Bay,0.0,5.0
2023-10-17,860,South,22220,19809.0,05:25:00,05:25:01,05:25:01,0,3323,McCollum Park Park & Ride Temporary Bay,3.0,0.0
2023-10-17,860,South,22220,19809.0,,05:28:04,05:28:16,1,1552,128th St SE & 3rd Ave SE,1.0,0.0
2023-10-17,860,South,22220,19809.0,05:30:00,05:30:41,05:31:04,2,2106,Mariner Park & Ride Bay 4,3.0,0.0
2023-10-17,860,South,22220,19809.0,,05:32:17,05:32:17,3,2457,134th St SW & Ash Way,0.0,0.0
2023-10-17,860,South,22220,19809.0,,05:32:55,05:32:55,4,2997,Ash Way & 135th St SW,0.0,0.0
2023-10-17,860,South,22220,19809.0,,05:33:28,05:33:47,5,2998,Ash Way & 140th St SW,2.0,0.0
2023-10-17,860,South,22220,19809.0,,05:35:06,05:35:06,6,2999,Ash Way & 149th St SW,0.0,0.0
2023-10-17,860,South,22220,19809.0,,05:35:49,05:35:49,7,3000,Ash Way & 153rd Pl SW,0.0,0.0
2023-10-17,860,South,22220,19809.0,05:34:00,05:37:20,05:37:40,8,2162,Ash Way Park & Ride Bay 3,1.0,1.0
2023-10-17,860,South,22220,19809.0,05:56:00,05:54:27,05:54:27,11,3253,1st Ave N & NE 103rd St,0.0,9.0
2023-10-17,860,South,22221,17811.0,06:00:00,06:00:04,06:00:04,0,3323,McCollum Park Park & Ride Temporary Bay,1.0,0.0
2023-10-17,860,South,22221,17811.0,,06:05:03,06:05:03,1,1552,128th St SE & 3rd Ave SE,0.0,0.0
2023-10-17,860,South,22221,17811.0,06:05:00,06:08:07,06:08:41,2,2106,Mariner Park & Ride Bay 4,7.0,0.0
2023-10-17,860,South,22221,17811.0,,06:10:01,06:10:01,3,2457,134th St SW & Ash Way,0.0,0.0
2023-10-17,860,South,22221,17811.0,,06:10:48,06:11:19,4,2997,Ash Way & 135th St SW,2.0,0.0
2023-10-17,860,South,22221,17811.0,,06:11:57,06:11:57,5,2998,Ash Way & 140th St SW,0.0,0.0
2023-10-17,860,South,22221,17811.0,,06:13:14,06:13:14,6,2999,Ash Way & 149th St SW,0.0,0.0
2023-10-17,860,South,22221,17811.0,,06:13:57,06:13:57,7,3000,Ash Way & 153rd Pl SW,0.0,0.0
2023-10-17,860,South,22221,17811.0,06:09:00,06:16:04,06:16:52,8,2162,Ash Way Park & Ride Bay 3,11.0,0.0
2023-10-17,860,South,22221,17811.0,06:34:00,06:37:51,06:37:51,11,3253,1st Ave N & NE 103rd St,0.0,21.0
2023-10-17,860,South,22222,17807.0,06:33:00,06:33:32,06:33:32,0,3323,McCollum Park Park & Ride Temporary Bay,8.0,0.0
2023-10-17,860,South,22222,17807.0,,06:37:23,06:37:23,1,1552,128th St SE & 3rd Ave SE,0.0,0.0
2023-10-17,860,South,22222,17807.0,06:38:00,06:40:57,06:41:34,2,2106,Mariner Park & Ride Bay 4,4.0,0.0
2023-10-17,860,South,22222,17807.0,,06:43:05,06:43:05,3,2457,134th St SW & Ash Way,0.0,0.0
2023-10-17,860,South,22222,17807.0,,06:43:57,06:44:17,4,2997,Ash Way & 135th St SW,2.0,0.0
2023-10-17,860,South,22222,17807.0,,06:44:59,06:44:59,5,2998,Ash Way & 140th St SW,0.0,0.0
2023-10-17,860,South,22222,17807.0,,06:46:26,06:46:43,6,2999,Ash Way & 149th St SW,1.0,0.0
2023-10-17,860,South,22222,17807.0,,06:47:36,06:47:51,7,3000,Ash Way & 153rd Pl SW,0.0,1.0
2023-10-17,860,South,22222,17807.0,06:42:00,06:49:58,06:50:38,8,2162,Ash Way Park & Ride Bay 3,7.0,1.0
2023-10-17,860,South,22222,17807.0,07:10:00,07:16:25,07:16:25,11,3253,1st Ave N & NE 103rd St,0.0,20.0
2023-10-17,860,South,22223,21810.0,06:57:00,06:57:08,06:57:08,0,3323,McCollum Park Park & Ride Temporary Bay,3.0,0.0
2023-10-17,860,South,22223,21810.0,,07:01:28,07:01:43,1,1552,128th St SE & 3rd Ave SE,1.0,0.0
2023-10-17,860,South,22223,21810.0,07:03:00,07:04:53,07:05:23,2,2106,Mariner Park & Ride Bay 4,2.0,0.0
2023-10-17,860,South,22223,21810.0,,07:06:52,07:06:52,3,2457,134th St SW & Ash Way,0.0,0.0
2023-10-17,860,South,22223,21810.0,,07:07:39,07:07:39,4,2997,Ash Way & 135th St SW,0.0,0.0
2023-10-17,860,South,22223,21810.0,,07:08:14,07:08:59,5,2998,Ash Way & 140th St SW,1.0,0.0
2023-10-17,860,South,22223,21810.0,,07:10:39,07:10:39,6,2999,Ash Way & 149th St SW,0.0,0.0
2023-10-17,860,South,22223,21810.0,,07:11:22,07:11:22,7,3000,Ash Way & 153rd Pl SW,0.0,0.0
2023-10-17,860,South,22223,21810.0,07:08:00,07:13:27,07:14:31,8,2162,Ash Way Park & Ride Bay 3,18.0,0.0
2023-10-17,860,South,22223,21810.0,07:38:00,07:42:50,07:42:50,11,3253,1st Ave N & NE 103rd St,0.0,25.0
2023-10-17,860,South,22224,17811.0,07:32:00,07:32:09,07:32:09,0,3323,McCollum Park Park & Ride Temporary Bay,4.0,0.0
2023-10-17,860,South,22224,17811.0,,07:35:37,07:35:53,1,1552,128th St SE & 3rd Ave SE,1.0,0.0
2023-10-17,860,South,22224,17811.0,07:38:00,07:40:07,07:40:42,2,2106,Mariner Park & Ride Bay 4,6.0,0.0
2023-10-17,860,South,22224,17811.0,,07:41:54,07:41:54,3,2457,134th St SW & Ash Way,0.0,0.0
2023-10-17,860,South,22224,17811.0,,07:42:49,07:42:49,4,2997,Ash Way & 135th St SW,0.0,0.0
2023-10-17,860,South,22224,17811.0,,07:43:24,07:43:24,5,2998,Ash Way & 140th St SW,0.0,0.0
2023-10-17,860,South,22224,17811.0,,07:44:47,07:44:47,6,2999,Ash Way & 149th St SW,0.0,0.0
2023-10-17,860,South,22224,17811.0,,07:45:37,07:45:51,7,3000,Ash Way & 153rd Pl SW,1.0,0.0
2023-10-17,860,South,22224,17811.0,07:43:00,07:47:58,07:48:59,8,2162,Ash Way Park & Ride Bay 3,16.0,1.0
2023-10-17,860,South,22224,17811.0,08:19:00,08:21:11,08:21:11,11,3253,1st Ave N & NE 103rd St,0.0,27.0
2023-10-17,860,South,22225,19122.0,07:57:00,07:58:08,07:58:08,0,3323,McCollum Park Park & Ride Temporary Bay,5.0,0.0
2023-10-17,860,South,22225,19122.0,,08:01:33,08:01:40,1,1552,128th St SE & 3rd Ave SE,0.0,0.0
2023-10-17,860,South,22225,19122.0,08:03:00,08:05:58,08:06:20,2,2106,Mariner Park & Ride Bay 4,3.0,0.0
2023-10-17,860,South,22225,19122.0,,08:07:20,08:07:20,3,2457,134th St SW & Ash Way,0.0,0.0
2023-10-17,860,South,22225,19122.0,,08:07:53,08:07:53,4,2997,Ash Way & 135th St SW,0.0,0.0
2023-10-17,860,South,22225,19122.0,,08:08:16,08:08:16,5,2998,Ash Way & 140th St SW,0.0,0.0
2023-10-17,860,South,22225,19122.0,,08:09:23,08:09:31,6,2999,Ash Way & 149th St SW,1.0,0.0
2023-10-17,860,South,22225,19122.0,,08:10:18,08:10:38,7,3000,Ash Way & 153rd Pl SW,4.0,0.0
2023-10-17,860,South,22225,19122.0,08:08:00,08:12:56,08:13:45,8,2162,Ash Way Park & Ride Bay 3,9.0,0.0
2023-10-17,860,South,22225,19122.0,08:45:00,08:40:59,08:40:59,11,3253,1st Ave N & NE 103rd St,0.0,22.0
2023-10-17,860,South,22226,19809.0,08:45:00,08:45:03,08:45:03,0,3323,McCollum Park Park & Ride Temporary Bay,9.0,0.0
2023-10-17,860,South,22226,19809.0,,08:48:13,08:48:24,1,1552,128th St SE & 3rd Ave SE,1.0,0.0
2023-10-17,860,South,22226,19809.0,08:51:00,08:55:27,08:56:20,2,2106,Mariner Park & Ride Bay 4,8.0,1.0
2023-10-17,860,South,22226,19809.0,,08:57:29,08:57:29,3,2457,134th St SW & Ash Way,0.0,0.0
2023-10-17,860,South,22226,19809.0,,08:58:06,08:58:06,4,2997,Ash Way & 135th St SW,0.0,0.0
2023-10-17,860,South,22226,19809.0,,08:58:36,08:58:51,5,2998,Ash Way & 140th St SW,1.0,0.0
2023-10-17,860,South,22226,19809.0,,09:00:05,09:00:05,6,2999,Ash Way & 149th St SW,0.0,0.0
2023-10-17,860,South,22226,19809.0,,09:00:48,09:00:48,7,3000,Ash Way & 153rd Pl SW,0.0,0.0
2023-10-17,860,South,22226,19809.0,08:55:00,09:02:38,09:03:07,8,2162,Ash Way Park & Ride Bay 3,9.0,4.0
2023-10-17,860,South,22226,19809.0,09:23:00,09:27:36,09:27:36,11,3253,1st Ave N & NE 103rd St,0.0,23.0
2023-10-18,860,North,22211,22804.0,14:40:00,14:41:15,14:41:15,0,2192,Northgate Station Bay 2,7.0,0.0
2023-10-18,860,North,22211,22804.0,14:57:00,15:01:46,15:02:06,3,2163,Ash Way Park & Ride Bay 4,1.0,0.0
2023-10-18,860,North,22211,22804.0,,15:03:25,15:03:41,4,3062,Ash Way & 157th St SW,0.0,1.0
2023-10-18,860,North,22211,22804.0,,15:04:12,15:04:26,5,2993,Ash Way & 153rd St SW,0.0,1.0
2023-10-18,860,North,22211,22804.0,,15:05:11,15:05:11,6,2994,Ash Way & 149th St SW,0.0,0.0
2023-10-18,860,North,22211,22804.0,,15:06:12,15:06:12,7,2995,Ash Way & 141st Pl SW,0.0,0.0
2023-10-18,860,North,22211,22804.0,,15:06:36,15:06:36,8,3004,Ash Way & 137th St SW,0.0,0.0
2023-10-18,860,North,22211,22804.0,,15:07:26,15:07:26,9,2456,134th St SW & Ash Way,0.0,0.0
2023-10-18,860,North,22211,22804.0,15:04:00,15:08:16,15:08:32,10,2104,Mariner Park & Ride Bay 2,0.0,3.0
2023-10-18,860,North,22211,22804.0,,15:15:25,15:15:25,11,165,128th St SE & 3rd Ave SE,0.0,0.0
2023-10-18,860,North,22211,22804.0,,15:15:40,15:15:40,12,169,128th St SE & Park Rd,0.0,0.0
2023-10-18,860,North,22211,22804.0,15:11:00,15:16:58,15:16:58,13,3323,McCollum Park Park & Ride Temporary Bay,0.0,3.0
2023-10-18,860,North,22212,17808.0,15:15:00,15:17:03,15:17:03,0,2192,Northgate Station Bay 2,13.0,0.0
2023-10-18,860,North,22212,17808.0,15:37:00,15:35:43,15:36:14,3,2163,Ash Way Park & Ride Bay 4,0.0,5.0
2023-10-18,860,North,22212,17808.0,,15:39:46,15:39:46,4,3062,Ash Way & 157th St SW,0.0,0.0
2023-10-18,860,North,22212,17808.0,,15:40:00,15:40:00,5,2993,Ash Way & 153rd St SW,0.0,0.0
2023-10-18,860,North,22212,17808.0,,15:40:31,15:40:31,6,2994,Ash Way & 149th St SW,0.0,0.0
2023-10-18,860,North,22212,17808.0,,15:41:31,15:41:31,7,2995,Ash Way & 141st Pl SW,0.0,0.0
2023-10-18,860,North,22212,17808.0,,15:42:49,15:42:49,8,3004,Ash Way & 137th St SW,0.0,0.0
2023-10-18,860,North,22212,17808.0,,15:43:59,15:44:11,9,2456,134th St SW & Ash Way,1.0,0.0
2023-10-18,860,North,22212,17808.0,15:44:00,15:45:05,15:45:22,10,2104,Mariner Park & Ride Bay 2,0.0,3.0
2023-10-18,860,North,22212,17808.0,,15:48:50,15:49:03,11,165,128th St SE & 3rd Ave SE,0.0,1.0
2023-10-18,860,North,22212,17808.0,,15:49:24,15:49:24,12,169,128th St SE & Park Rd,0.0,0.0
2023-10-18,860,North,22212,17808.0,15:51:00,15:50:26,15:50:26,13,3323,McCollum Park Park & Ride Temporary Bay,0.0,5.0
2023-10-18,860,North,22213,16808.0,15:45:00,15:46:29,15:46:29,0,2192,Northgate Station Bay 2,17.0,0.0
2023-10-18,860,North,22213,16808.0,16:11:00,16:06:18,16:07:02,3,2163,Ash Way Park & Ride Bay 4,2.0,12.0
2023-10-18,860,North,22213,16808.0,,16:09:04,16:09:04,4,3062,Ash Way & 157th St SW,0.0,0.0
2023-10-18,860,North,22213,16808.0,,16:09:19,16:09:19,5,2993,Ash Way & 153rd St SW,0.0,0.0
2023-10-18,860,North,22213,16808.0,,16:09:47,16:09:47,6,2994,Ash Way & 149th St SW,0.0,0.0
2023-10-18,860,North,22213,16808.0,,16:10:46,16:10:46,7,2995,Ash Way & 141st Pl SW,0.0,0.0
2023-10-18,860,North,22213,16808.0,,16:11:10,16:11:10,8,3004,Ash Way & 137th St SW,0.0,0.0
2023-10-18,860,North,22213,16808.0,,16:11:54,16:11:54,9,2456,134th St SW & Ash Way,0.0,0.0
2023-10-18,860,North,22213,16808.0,16:18:00,16:12:38,16:12:48,10,2104,Mariner Park & Ride Bay 2,0.0,1.0
2023-10-18,860,North,22213,16808.0,,16:18:07,16:18:15,11,165,128th St SE & 3rd Ave SE,0.0,1.0
2023-10-18,860,North,22213,16808.0,,16:18:36,16:18:36,12,169,128th St SE & Park Rd,0.0,0.0
2023-10-18,860,North,22213,16808.0,16:25:00,16:19:38,16:19:38,13,3323,McCollum Park Park & Ride Temporary Bay,0.0,5.0
2023-10-18,860,North,22214,21809.0,16:15:00,16:15:56,16:15:56,0,2192,Northgate Station Bay 2,14.0,0.0
2023-10-18,860,North,22214,21809.0,16:41:00,16:38:28,16:39:03,3,2163,Ash Way Park & Ride Bay 4,1.0,6.0
2023-10-18,860,North,22214,21809.0,,16:42:07,16:42:07,4,3062,Ash Way & 157th St SW,0.0,0.0
2023-10-18,860,North,22214,21809.0,,16:42:25,16:42:25,5,2993,Ash Way & 153rd St SW,0.0,0.0
2023-10-18,860,North,22214,21809.0,,16:42:59,16:42:59,6,2994,Ash Way & 149th St SW,0.0,0.0
2023-10-18,860,North,22214,21809.0,,16:44:22,16:44:22,7,2995,Ash Way & 141st Pl SW,0.0,0.0
2023-10-18,860,North,22214,21809.0,,16:44:59,16:45:26,8,3004,Ash Way & 137th St SW,0.0,2.0
2023-10-18,860,North,22214,21809.0,,16:46:24,16:46:24,9,2456,134th St SW & Ash Way,0.0,0.0
2023-10-18,860,North,22214,21809.0,16:48:00,16:47:16,16:47:38,10,2104,Mariner Park & Ride Bay 2,0.0,3.0
2023-10-18,860,North,22214,21809.0,,16:54:33,16:54:46,11,165,128th St SE & 3rd Ave SE,0.0,2.0
2023-10-18,860,North,22214,21809.0,,16:55:15,16:55:26,12,169,128th St SE & Park Rd,0.0,1.0
2023-10-18,860,North,22214,21809.0,16:58:00,16:57:37,16:57:37,13,3323,McCollum Park Park & Ride Temporary Bay,0.0,1.0
2023-10-18,860,North,22215,19803.0,16:45:00,16:47:04,16:47:04,0,2192,Northgate Station Bay 2,35.0,0.0
2023-10-18,860,North,22215,19803.0,17:11:00,17:12:27,17:13:44,3,2163,Ash Way Park & Ride Bay 4,0.0,23.0
2023-10-18,860,North,22215,19803.0,,17:14:57,17:14:57,4,3062,Ash Way & 157th St SW,0.0,0.0
2023-10-18,860,North,22215,19803.0,,17:15:15,17:15:15,5,2993,Ash Way & 153rd St SW,0.0,0.0
2023-10-18,860,North,22215,19803.0,,17:15:55,17:16:06,6,2994,Ash Way & 149th St SW,0.0,1.0
2023-10-18,860,North,22215,19803.0,,17:17:15,17:17:15,7,2995,Ash Way & 141st Pl SW,0.0,1.0
2023-10-18,860,North,22215,19803.0,,17:18:08,17:18:08,8,3004,Ash Way & 137th St SW,0.0,0.0
2023-10-18,860,North,22215,19803.0,,17:19:00,17:19:14,9,2456,134th St SW & Ash Way,0.0,2.0
2023-10-18,860,North,22215,19803.0,17:18:00,17:20:06,17:20:23,10,2104,Mariner Park & Ride Bay 2,0.0,5.0
2023-10-18,860,North,22215,19803.0,,17:27:36,17:27:36,11,165,128th St SE & 3rd Ave SE,0.0,0.0
2023-10-18,860,North,22215,19803.0,,17:27:55,17:27:55,12,169,128th St SE & Park Rd,0.0,0.0
2023-10-18,860,North,22215,19803.0,17:28:00,17:29:01,17:29:01,13,3323,McCollum Park Park & Ride Temporary Bay,0.0,3.0
2023-10-18,860,North,22216,22808.0,17:15:00,17:16:32,17:16:32,0,2192,Northgate Station Bay 2,21.0,0.0
2023-10-18,860,North,22216,22808.0,17:39:00,17:40:37,17:41:22,3,2163,Ash Way Park & Ride Bay 4,0.0,16.0
2023-10-18,860,North,22216,22808.0,,17:42:30,17:42:30,4,3062,Ash Way & 157th St SW,0.0,0.0
2023-10-18,860,North,22216,22808.0,,17:42:45,17:42:45,5,2993,Ash Way & 153rd St SW,0.0,0.0
2023-10-18,860,North,22216,22808.0,,17:43:20,17:43:20,6,2994,Ash Way & 149th St SW,0.0,0.0
2023-10-18,860,North,22216,22808.0,,17:44:20,17:44:20,7,2995,Ash Way & 141st Pl SW,0.0,0.0
2023-10-18,860,North,22216,22808.0,,17:44:47,17:44:47,8,3004,Ash Way & 137th St SW,0.0,0.0
2023-10-18,860,North,22216,22808.0,,17:45:34,17:45:34,9,2456,134th St SW & Ash Way,0.0,0.0
2023-10-18,860,North,22216,22808.0,17:46:00,17:46:20,17:46:38,10,2104,Mariner Park & Ride Bay 2,0.0,1.0
2023-10-18,860,North,22216,22808.0,,17:52:55,17:53:07,11,165,128th St SE & 3rd Ave SE,0.0,1.0
2023-10-18,860,North,22216,22808.0,,17:53:28,17:53:28,12,169,128th St SE & Park Rd,0.0,0.0
2023-10-18,860,North,22216,22808.0,17:55:00,17:55:21,17:55:21,13,3323,McCollum Park Park & Ride Temporary Bay,0.0,3.0
2023-10-18,860,North,22217,21815.0,17:30:00,17:33:07,17:33:07,0,2192,Northgate Station Bay 2,24.0,0.0
2023-10-18,860,North,22217,21815.0,17:52:00,17:56:22,17:56:53,3,2163,Ash Way Park & Ride Bay 4,0.0,13.0
2023-10-18,860,North,22217,21815.0,,17:58:34,17:58:52,4,3062,Ash Way & 157th St SW,0.0,1.0
2023-10-18,860,North,22217,21815.0,,17:59:20,17:59:32,5,2993,Ash Way & 153rd St SW,0.0,1.0
2023-10-18,860,North,22217,21815.0,,18:00:18,18:00:18,6,2994,Ash Way & 149th St SW,0.0,0.0
2023-10-18,860,North,22217,21815.0,,18:01:19,18:01:19,7,2995,Ash Way & 141st Pl SW,0.0,0.0
2023-10-18,860,North,22217,21815.0,,18:01:46,18:01:46,8,3004,Ash Way & 137th St SW,0.0,0.0
2023-10-18,860,North,22217,21815.0,,18:02:40,18:02:40,9,2456,134th St SW & Ash Way,0.0,0.0
2023-10-18,860,North,22217,21815.0,17:59:00,18:03:31,18:04:11,10,2104,Mariner Park & Ride Bay 2,0.0,9.0
2023-10-18,860,North,22217,21815.0,,18:10:16,18:10:16,11,165,128th St SE & 3rd Ave SE,0.0,0.0
2023-10-18,860,North,22217,21815.0,,18:10:35,18:10:35,12,169,128th St SE & Park Rd,0.0,0.0
2023-10-18,860,North,22217,21815.0,18:07:00,18:11:41,18:11:41,13,3323,McCollum Park Park & Ride Temporary Bay,0.0,0.0
2023-10-18,860,North,22218,21809.0,17:45:00,17:47:51,17:47:51,0,2192,Northgate Station Bay 2,28.0,0.0
2023-10-18,860,North,22218,21809.0,18:07:00,18:14:49,18:15:32,3,2163,Ash Way Park & Ride Bay 4,0.0,20.0
2023-10-18,860,North,22218,21809.0,,18:17:09,18:17:09,4,3062,Ash Way & 157th St SW,0.0,0.0
2023-10-18,860,North,22218,21809.0,,18:17:30,18:17:30,5,2993,Ash Way & 153rd St SW,0.0,0.0
2023-10-18,860,North,22218,21809.0,,18:18:04,18:18:04,6,2994,Ash Way & 149th St SW,0.0,0.0
2023-10-18,860,North,22218,21809.0,,18:19:10,18:19:10,7,2995,Ash Way & 141st Pl SW,0.0,0.0
2023-10-18,860,North,22218,21809.0,,18:19:38,18:19:38,8,3004,Ash Way & 137th St SW,0.0,0.0
2023-10-18,860,North,22218,21809.0,,18:20:33,18:20:42,9,2456,134th St SW & Ash Way,0.0,1.0
2023-10-18,860,North,22218,21809.0,18:14:00,18:21:43,18:22:24,10,2104,Mariner Park & Ride Bay 2,0.0,6.0
2023-10-18,860,North,22218,21809.0,,18:27:40,18:27:51,11,165,128th St SE & 3rd Ave SE,0.0,1.0
2023-10-18,860,North,22218,21809.0,,18:28:13,18:28:13,12,169,128th St SE & Park Rd,0.0,0.0
2023-10-18,860,North,22218,21809.0,18:22:00,18:29:30,18:29:30,13,3323,McCollum Park Park & Ride Temporary Bay,0.0,0.0
2023-10-18,860,North,22219,19803.0,18:15:00,18:18:54,18:18:54,0,2192,Northgate Station Bay 2,30.0,0.0
2023-10-18,860,North,22219,19803.0,18:35:00,18:39:13,18:39:48,3,2163,Ash Way Park & Ride Bay 4,0.0,20.0
2023-10-18,860,North,22219,19803.0,,18:41:28,18:41:28,4,3062,Ash Way & 157th St SW,0.0,0.0
2023-10-18,860,North,22219,19803.0,,18:41:44,18:41:44,5,2993,Ash Way & 153rd St SW,0.0,0.0
2023-10-18,860,North,22219,19803.0,,18:42:23,18:42:35,6,2994,Ash Way & 149th St SW,0.0,2.0
2023-10-18,860,North,22219,19803.0,,18:43:43,18:43:43,7,2995,Ash Way & 141st Pl SW,0.0,0.0
2023-10-18,860,North,22219,19803.0,,18:44:08,18:44:08,8,3004,Ash Way & 137th St SW,0.0,0.0
2023-10-18,860,North,22219,19803.0,,18:44:57,18:44:57,9,2456,134th St SW & Ash Way,0.0,0.0
2023-10-18,860,North,22219,19803.0,18:42:00,18:45:42,18:46:05,10,2104,Mariner Park & Ride Bay 2,0.0,3.0
2023-10-18,860,North,22219,19803.0,,18:54:09,18:54:09,11,165,128th St SE & 3rd Ave SE,0.0,0.0
2023-10-18,860,North,22219,19803.0,,18:54:26,18:54:26,12,169,128th St SE & Park Rd,0.0,0.0
2023-10-18,860,North,22219,19803.0,18:48:00,18:55:36,18:55:36,13,3323,McCollum Park Park & Ride Temporary Bay,0.0,5.0
2023-10-18,860,South,22220,17804.0,05:25:00,05:25:07,05:25:07,0,3323,McCollum Park Park & Ride Temporary Bay,3.0,0.0
2023-10-18,860,South,22220,17804.0,,05:28:05,05:28:16,1,1552,128th St SE & 3rd Ave SE,1.0,0.0
2023-10-18,860,South,22220,17804.0,05:30:00,05:32:11,05:32:35,2,2106,Mariner Park & Ride Bay 4,1.0,0.0
2023-10-18,860,South,22220,17804.0,,05:33:34,05:33:34,3,2457,134th St SW & Ash Way,0.0,0.0
2023-10-18,860,South,22220,17804.0,,05:34:09,05:34:09,4,2997,Ash Way & 135th St SW,0.0,0.0
2023-10-18,860,South,22220,17804.0,,05:34:41,05:35:20,5,2998,Ash Way & 140th St SW,2.0,0.0
2023-10-18,860,South,22220,17804.0,,05:36:33,05:36:33,6,2999,Ash Way & 149th St SW,0.0,0.0
2023-10-18,860,South,22220,17804.0,,05:37:11,05:37:11,7,3000,Ash Way & 153rd Pl SW,0.0,0.0
2023-10-18,860,South,22220,17804.0,05:34:00,05:38:42,05:39:11,8,2162,Ash Way Park & Ride Bay 3,7.0,0.0
2023-10-18,860,South,22220,17804.0,05:56:00,05:57:39,05:57:39,11,3253,1st Ave N & NE 103rd St,0.0,14.0
2023-10-18,860,South,22221,21815.0,06:00:00,06:00:06,06:00:06,0,3323,McCollum Park Park & Ride Temporary Bay,4.0,0.0
2023-10-18,860,South,22221,21815.0,,06:04:07,06:04:07,1,1552,128th St SE & 3rd Ave SE,0.0,0.0
2023-10-18,860,South,22221,21815.0,06:05:00,06:08:17,06:09:00,2,2106,Mariner Park & Ride Bay 4,12.0,0.0
2023-10-18,860,South,22221,21815.0,,06:10:16,06:10:16,3,2457,134th St SW & Ash Way,0.0,0.0
2023-10-18,860,South,22221,21815.0,,06:11:03,06:11:23,4,2997,Ash Way & 135th St SW,4.0,0.0
2023-10-18,860,South,22221,21815.0,,06:12:01,06:12:01,5,2998,Ash Way & 140th St SW,0.0,0.0
2023-10-18,860,South,22221,21815.0,,06:13:17,06:13:17,6,2999,Ash Way & 149th St SW,0.0,0.0
2023-10-18,860,South,22221,21815.0,,06:13:59,06:13:59,7,3000,Ash Way & 153rd Pl SW,0.0,0.0
2023-10-18,860,South,22221,21815.0,06:09:00,06:15:44,06:16:47,8,2162,Ash Way Park & Ride Bay 3,0.0,0.0
2023-10-18,860,South,22221,21815.0,06:34:00,06:41:16,06:41:16,11,3253,1st Ave N & NE 103rd St,0.0,20.0
2023-10-18,860,South,22222,21804.0,06:33:00,06:33:17,06:33:17,0,3323,McCollum Park Park & Ride Temporary Bay,8.0,0.0
2023-10-18,860,South,22222,21804.0,,06:37:02,06:37:02,1,1552,128th St SE & 3rd Ave SE,0.0,0.0
2023-10-18,860,South,22222,21804.0,06:38:00,06:40:16,06:40:49,2,2106,Mariner Park & Ride Bay 4,4.0,0.0
2023-10-18,860,South,22222,21804.0,,06:42:12,06:42:12,3,2457,134th St SW & Ash Way,0.0,0.0
2023-10-18,860,South,22222,21804.0,,06:43:06,06:43:34,4,2997,Ash Way & 135th St SW,2.0,0.0
2023-10-18,860,South,22222,21804.0,,06:44:15,06:44:35,5,2998,Ash Way & 140th St SW,1.0,0.0
2023-10-18,860,South,22222,21804.0,,06:46:02,06:46:19,6,2999,Ash Way & 149th St SW,1.0,0.0
2023-10-18,860,South,22222,21804.0,,06:47:10,06:47:24,7,3000,Ash Way & 153rd Pl SW,0.0,0.0
2023-10-18,860,South,22222,21804.0,06:42:00,06:49:31,06:50:17,8,2162,Ash Way Park & Ride Bay 3,9.0,1.0
2023-10-18,860,South,22222,21804.0,07:10:00,07:18:55,07:18:55,11,3253,1st Ave N & NE 103rd St,0.0,24.0
2023-10-18,860,South,22223,19800.0,06:57:00,06:57:03,06:57:03,0,3323,McCollum Park Park & Ride Temporary Bay,3.0,0.0
2023-10-18,860,South,22223,19800.0,,07:01:09,07:01:09,1,1552,128th St SE & 3rd Ave SE,0.0,0.0
2023-10-18,860,South,22223,19800.0,07:03:00,07:05:22,07:05:37,2,2106,Mariner Park & Ride Bay 4,1.0,0.0
2023-10-18,860,South,22223,19800.0,,07:06:57,07:06:57,3,2457,134th St SW & Ash Way,0.0,0.0
2023-10-18,860,South,22223,19800.0,,07:07:52,07:08:09,4,2997,Ash Way & 135th St SW,1.0,0.0
2023-10-18,860,South,22223,19800.0,,07:08:55,07:09:12,5,2998,Ash Way & 140th St SW,1.0,0.0
2023-10-18,860,South,22223,19800.0,,07:10:41,07:10:41,6,2999,Ash Way & 149th St SW,0.0,0.0
2023-10-18,860,South,22223,19800.0,,07:11:26,07:11:26,7,3000,Ash Way & 153rd Pl SW,0.0,0.0
2023-10-18,860,South,22223,19800.0,07:08:00,07:13:36,07:14:31,8,2162,Ash Way Park & Ride Bay 3,16.0,1.0
2023-10-18,860,South,22223,19800.0,07:38:00,07:47:38,07:47:38,11,3253,1st Ave N & NE 103rd St,0.0,21.0
2023-10-18,860,South,22224,21815.0,07:32:00,07:34:05,07:34:05,0,3323,McCollum Park Park & Ride Temporary Bay,4.0,0.0
2023-10-18,860,South,22224,21815.0,,07:37:13,07:37:13,1,1552,128th St SE & 3rd Ave SE,0.0,0.0
2023-10-18,860,South,22224,21815.0,07:38:00,07:40:44,07:41:18,2,2106,Mariner Park & Ride Bay 4,7.0,0.0
2023-10-18,860,South,22224,21815.0,,07:43:22,07:43:22,3,2457,134th St SW & Ash Way,0.0,0.0
2023-10-18,860,South,22224,21815.0,,07:44:07,07:44:07,4,2997,Ash Way & 135th St SW,0.0,0.0
2023-10-18,860,South,22224,21815.0,,07:44:37,07:44:37,5,2998,Ash Way & 140th St SW,0.0,0.0
2023-10-18,860,South,22224,21815.0,,07:45:51,07:45:51,6,2999,Ash Way & 149th St SW,0.0,0.0
2023-10-18,860,South,22224,21815.0,,07:46:34,07:46:34,7,3000,Ash Way & 153rd Pl SW,0.0,0.0
2023-10-18,860,South,22224,21815.0,07:43:00,07:48:19,07:49:15,8,2162,Ash Way Park & Ride Bay 3,15.0,0.0
2023-10-18,860,South,22224,21815.0,08:19:00,08:22:58,08:22:58,11,3253,1st Ave N & NE 103rd St,0.0,26.0
2023-10-18,860,South,22225,15105.0,07:57:00,07:57:12,07:57:12,0,3323,McCollum Park Park & Ride Temporary Bay,2.0,0.0
2023-10-18,860,South,22225,15105.0,,08:01:18,08:01:31,1,1552,128th St SE & 3rd Ave SE,1.0,0.0
2023-10-18,860,South,22225,15105.0,08:03:00,08:04:42,08:05:03,2,2106,Mariner Park & Ride Bay 4,2.0,0.0
2023-10-18,860,South,22225,15105.0,,08:06:41,08:06:41,3,2457,134th St SW & Ash Way,0.0,0.0
2023-10-18,860,South,22225,15105.0,,08:07:32,08:07:32,4,2997,Ash Way & 135th St SW,0.0,0.0
2023-10-18,860,South,22225,15105.0,,08:08:01,08:08:10,5,2998,Ash Way & 140th St SW,1.0,0.0
2023-10-18,860,South,22225,15105.0,,08:09:21,08:09:21,6,2999,Ash Way & 149th St SW,0.0,0.0
2023-10-18,860,South,22225,15105.0,,08:09:57,08:10:09,7,3000,Ash Way & 153rd Pl SW,0.0,0.0
2023-10-18,860,South,22225,15105.0,08:08:00,08:12:19,08:14:34,8,2162,Ash Way Park & Ride Bay 3,17.0,1.0
2023-10-18,860,South,22225,15105.0,08:45:00,08:44:21,08:44:21,11,3253,1st Ave N & NE 103rd St,0.0,22.0
2023-10-18,860,South,22226,17804.0,08:45:00,08:45:20,08:45:20,0,3323,McCollum Park Park & Ride Temporary Bay,5.0,0.0
2023-10-18,860,South,22226,17804.0,,08:50:54,08:51:06,1,1552,128th St SE & 3rd Ave SE,2.0,0.0
2023-10-18,860,South,22226,17804.0,08:51:00,08:54:17,08:54:36,2,2106,Mariner Park & Ride Bay 4,2.0,0.0
2023-10-18,860,South,22226,17804.0,,08:56:04,08:56:04,3,2457,134th St SW & Ash Way,0.0,0.0
2023-10-18,860,South,22226,17804.0,,08:56:47,08:56:47,4,2997,Ash Way & 135th St SW,0.0,0.0
2023-10-18,860,South,22226,17804.0,,08:57:13,08:57:13,5,2998,Ash Way & 140th St SW,0.0,0.0
2023-10-18,860,South,22226,17804.0,,08:58:22,08:58:22,6,2999,Ash Way & 149th St SW,0.0,0.0
2023-10-18,860,South,22226,17804.0,,08:59:08,08:59:17,7,3000,Ash Way & 153rd Pl SW,1.0,0.0
2023-10-18,860,South,22226,17804.0,08:55:00,09:04:15,09:04:26,8,2162,Ash Way Park & Ride Bay 3,1.0,0.0
2023-10-18,860,South,22226,17804.0,09:23:00,09:26:13,09:26:13,11,3253,1st Ave N & NE 103rd St,0.0,11.0
2023-10-19,860,North,22211,21804.0,14:40:00,14:40:54,14:40:54,0,2192,Northgate Station Bay 2,7.0,0.0
2023-10-19,860,North,22211,21804.0,14:57:00,14:58:26,14:58:51,3,2163,Ash Way Park & Ride Bay 4,0.0,3.0
2023-10-19,860,North,22211,21804.0,,15:00:00,15:00:00,4,3062,Ash Way & 157th St SW,0.0,0.0
2023-10-19,860,North,22211,21804.0,,15:00:14,15:00:14,5,2993,Ash Way & 153rd St SW,0.0,0.0
2023-10-19,860,North,22211,21804.0,,15:00:43,15:00:43,6,2994,Ash Way & 149th St SW,0.0,0.0
2023-10-19,860,North,22211,21804.0,,15:02:02,15:02:02,7,2995,Ash Way & 141st Pl SW,0.0,0.0
2023-10-19,860,North,22211,21804.0,,15:02:30,15:02:30,8,3004,Ash Way & 137th St SW,0.0,0.0
2023-10-19,860,North,22211,21804.0,,15:03:18,15:03:18,9,2456,134th St SW & Ash Way,0.0,0.0
2023-10-19,860,North,22211,21804.0,15:04:00,15:04:06,15:04:20,10,2104,Mariner Park & Ride Bay 2,0.0,3.0
2023-10-19,860,North,22211,21804.0,,15:10:03,15:10:03,11,165,128th St SE & 3rd Ave SE,0.0,0.0
2023-10-19,860,North,22211,21804.0,,15:10:18,15:10:18,12,169,128th St SE & Park Rd,0.0,0.0
2023-10-19,860,North,22211,21804.0,15:11:00,15:11:16,15:11:16,13,3323,McCollum Park Park & Ride Temporary Bay,0.0,1.0
2023-10-19,860,North,22212,17803.0,15:15:00,15:15:53,15:15:53,0,2192,Northgate Station Bay 2,11.0,0.0
2023-10-19,860,North,22212,17803.0,15:37:00,15:33:14,15:33:43,3,2163,Ash Way Park & Ride Bay 4,0.0,5.0
2023-10-19,860,North,22212,17803.0,,15:34:59,15:34:59,4,3062,Ash Way & 157th St SW,0.0,0.0
2023-10-19,860,North,22212,17803.0,,15:35:15,15:35:15,5,2993,Ash Way & 153rd St SW,0.0,0.0
2023-10-19,860,North,22212,17803.0,,15:35:50,15:35:50,6,2994,Ash Way & 149th St SW,0.0,0.0
2023-10-19,860,North,22212,17803.0,,15:37:45,15:37:45,7,2995,Ash Way & 141st Pl SW,0.0,0.0
2023-10-19,860,North,22212,17803.0,,15:40:42,15:40:42,8,3004,Ash Way & 137th St SW,0.0,0.0
2023-10-19,860,North,22212,17803.0,,15:42:35,15:42:47,9,2456,134th St SW & Ash Way,0.0,2.0
2023-10-19,860,North,22212,17803.0,15:44:00,15:43:39,15:43:48,10,2104,Mariner Park & Ride Bay 2,0.0,0.0
2023-10-19,860,North,22212,17803.0,,15:48:57,15:49:08,11,165,128th St SE & 3rd Ave SE,0.0,1.0
2023-10-19,860,North,22212,17803.0,,15:49:29,15:49:29,12,169,128th St SE & Park Rd,0.0,0.0
2023-10-19,860,North,22212,17803.0,15:51:00,15:50:38,15:50:38,13,3323,McCollum Park Park & Ride Temporary Bay,0.0,3.0
2023-10-19,860,North,22213,16809.0,15:45:00,15:45:08,15:45:08,0,2192,Northgate Station Bay 2,28.0,0.0
2023-10-19,860,North,22213,16809.0,16:11:00,16:06:45,16:07:16,3,2163,Ash Way Park & Ride Bay 4,1.0,16.0
2023-10-19,860,North,22213,16809.0,,16:08:30,16:08:30,4,3062,Ash Way & 157th St SW,0.0,0.0
2023-10-19,860,North,22213,16809.0,,16:08:50,16:08:50,5,2993,Ash Way & 153rd St SW,0.0,0.0
2023-10-19,860,North,22213,16809.0,,16:09:29,16:09:29,6,2994,Ash Way & 149th St SW,0.0,0.0
2023-10-19,860,North,22213,16809.0,,16:10:38,16:10:38,7,2995,Ash Way & 141st Pl SW,0.0,0.0
2023-10-19,860,North,22213,16809.0,,16:11:14,16:11:25,8,3004,Ash Way & 137th St SW,0.0,1.0
2023-10-19,860,North,22213,16809.0,,16:12:26,16:12:35,9,2456,134th St SW & Ash Way,0.0,2.0
2023-10-19,860,North,22213,16809.0,16:18:00,16:13:32,16:13:51,10,2104,Mariner Park & Ride Bay 2,0.0,2.0
2023-10-19,860,North,22213,16809.0,,16:17:58,16:18:10,11,165,128th St SE & 3rd Ave SE,0.0,2.0
2023-10-19,860,North,22213,16809.0,,16:18:35,16:18:35,12,169,128th St SE & Park Rd,0.0,0.0
2023-10-19,860,North,22213,16809.0,16:25:00,16:19:52,16:19:52,13,3323,McCollum Park Park & Ride Temporary Bay,0.0,6.0
2023-10-19,860,North,22214,16804.0,16:15:00,16:15:06,16:15:06,0,2192,Northgate Station Bay 2,16.0,0.0
2023-10-19,860,North,22214,16804.0,16:41:00,16:35:10,16:35:40,3,2163,Ash Way Park & Ride Bay 4,3.0,11.0
2023-10-19,860,North,22214,16804.0,,16:37:55,16:37:55,4,3062,Ash Way & 157th St SW,0.0,0.0
2023-10-19,860,North,22214,16804.0,,16:38:11,16:38:11,5,2993,Ash Way & 153rd St SW,0.0,0.0
2023-10-19,860,North,22214,16804.0,,16:38:51,16:39:05,6,2994,Ash Way & 149th St SW,0.0,2.0
2023-10-19,860,North,22214,16804.0,,16:40:23,16:40:23,7,2995,Ash Way & 141st Pl SW,0.0,0.0
2023-10-19,860,North,22214,16804.0,,16:40:56,16:41:10,8,3004,Ash Way & 137th St SW,0.0,1.0
2023-10-19,860,North,22214,16804.0,,16:42:09,16:42:21,9,2456,134th St SW & Ash Way,0.0,1.0
2023-10-19,860,North,22214,16804.0,16:48:00,16:43:15,16:43:40,10,2104,Mariner Park & Ride Bay 2,0.0,4.0
2023-10-19,860,North,22214,16804.0,,,,11,165,128th St SE & 3rd Ave SE,,
2023-10-19,860,North,22214,16804.0,,,,12,169,128th St SE & Park Rd,,
2023-10-19,860,North,22214,16804.0,16:58:00,16:48:35,16:48:35,13,3323,McCollum Park Park & Ride Temporary Bay,0.0,0.0
2023-10-19,860,North,22215,21813.0,16:45:00,16:46:43,16:46:43,0,2192,Northgate Station Bay 2,25.0,0.0
2023-10-19,860,North,22215,21813.0,17:11:00,17:07:31,17:08:06,3,2163,Ash Way Park & Ride Bay 4,0.0,16.0
2023-10-19,860,North,22215,21813.0,,17:09:25,17:09:25,4,3062,Ash Way & 157th St SW,0.0,0.0
2023-10-19,860,North,22215,21813.0,,17:09:39,17:09:39,5,2993,Ash Way & 153rd St SW,0.0,0.0
2023-10-19,860,North,22215,21813.0,,17:10:21,17:10:32,6,2994,Ash Way & 149th St SW,0.0,1.0
2023-10-19,860,North,22215,21813.0,,17:11:44,17:11:44,7,2995,Ash Way & 141st Pl SW,0.0,0.0
2023-10-19,860,North,22215,21813.0,,17:12:12,17:12:12,8,3004,Ash Way & 137th St SW,0.0,0.0
2023-10-19,860,North,22215,21813.0,,17:13:02,17:13:02,9,2456,134th St SW & Ash Way,0.0,0.0
2023-10-19,860,North,22215,21813.0,17:18:00,17:13:47,17:14:04,10,2104,Mariner Park & Ride Bay 2,0.0,2.0
2023-10-19,860,North,22215,21813.0,,17:19:29,17:19:29,11,165,128th St SE & 3rd Ave SE,0.0,0.0
2023-10-19,860,North,22215,21813.0,,17:19:53,17:19:53,12,169,128th St SE & Park Rd,0.0,0.0
2023-10-19,860,North,22215,21813.0,17:28:00,17:21:00,17:21:00,13,3323,McCollum Park Park & Ride Temporary Bay,0.0,6.0
2023-10-19,860,North,22216,17811.0,17:15:00,17:19:47,17:19:47,0,2192,Northgate Station Bay 2,22.0,0.0
2023-10-19,860,North,22216,17811.0,17:39:00,17:40:15,17:40:49,3,2163,Ash Way Park & Ride Bay 4,0.0,13.0
2023-10-19,860,North,22216,17811.0,,17:42:11,17:42:11,4,3062,Ash Way & 157th St SW,0.0,0.0
2023-10-19,860,North,22216,17811.0,,17:42:29,17:42:29,5,2993,Ash Way & 153rd St SW,0.0,0.0
2023-10-19,860,North,22216,17811.0,,17:43:04,17:43:04,6,2994,Ash Way & 149th St SW,0.0,0.0
2023-10-19,860,North,22216,17811.0,,17:44:04,17:44:04,7,2995,Ash Way & 141st Pl SW,0.0,0.0
2023-10-19,860,North,22216,17811.0,,17:44:33,17:44:33,8,3004,Ash Way & 137th St SW,0.0,0.0
2023-10-19,860,North,22216,17811.0,,17:45:23,17:45:23,9,2456,134th St SW & Ash Way,0.0,0.0
2023-10-19,860,North,22216,17811.0,17:46:00,17:46:12,17:46:35,10,2104,Mariner Park & Ride Bay 2,0.0,3.0
2023-10-19,860,North,22216,17811.0,,17:51:30,17:51:50,11,165,128th St SE & 3rd Ave SE,0.0,3.0
2023-10-19,860,North,22216,17811.0,,17:52:13,17:52:13,12,169,128th St SE & Park Rd,0.0,0.0
2023-10-19,860,North,22216,17811.0,17:55:00,17:53:19,17:53:19,13,3323,McCollum Park Park & Ride Temporary Bay,0.0,3.0
2023-10-19,860,North,22217,19801.0,17:30:00,17:30:07,17:30:07,0,2192,Northgate Station Bay 2,15.0,0.0
2023-10-19,860,North,22217,19801.0,17:52:00,17:50:56,17:51:44,3,2163,Ash Way Park & Ride Bay 4,0.0,11.0
2023-10-19,860,North,22217,19801.0,,17:53:49,17:53:49,4,3062,Ash Way & 157th St SW,0.0,0.0
2023-10-19,860,North,22217,19801.0,,17:54:05,17:54:05,5,2993,Ash Way & 153rd St SW,0.0,0.0
2023-10-19,860,North,22217,19801.0,,17:54:36,17:54:36,6,2994,Ash Way & 149th St SW,0.0,0.0
2023-10-19,860,North,22217,19801.0,,17:55:53,17:56:06,7,2995,Ash Way & 141st Pl SW,0.0,1.0
2023-10-19,860,North,22217,19801.0,,17:56:39,17:56:39,8,3004,Ash Way & 137th St SW,0.0,0.0
2023-10-19,860,North,22217,19801.0,,17:57:27,17:57:27,9,2456,134th St SW & Ash Way,0.0,0.0
2023-10-19,860,North,22217,19801.0,17:59:00,17:58:13,17:58:25,10,2104,Mariner Park & Ride Bay 2,0.0,3.0
2023-10-19,860,North,22217,19801.0,,18:02:09,18:02:09,11,165,128th St SE & 3rd Ave SE,0.0,0.0
2023-10-19,860,North,22217,19801.0,,18:02:29,18:02:29,12,169,128th St SE & Park Rd,0.0,0.0
2023-10-19,860,North,22217,19801.0,18:07:00,18:03:40,18:03:40,13,3323,McCollum Park Park & Ride Temporary Bay,0.0,0.0
2023-10-19,860,North,22218,16804.0,17:45:00,17:45:05,17:45:05,0,2192,Northgate Station Bay 2,16.0,0.0
2023-10-19,860,North,22218,16804.0,18:07:00,18:03:39,18:04:21,3,2163,Ash Way Park & Ride Bay 4,4.0,13.0
2023-10-19,860,North,22218,16804.0,,18:05:25,18:05:25,4,3062,Ash Way & 157th St SW,0.0,0.0
2023-10-19,860,North,22218,16804.0,,18:05:41,18:05:41,5,2993,Ash Way & 153rd St SW,0.0,0.0
2023-10-19,860,North,22218,16804.0,,18:06:14,18:06:14,6,2994,Ash Way & 149th St SW,0.0,0.0
2023-10-19,860,North,22218,16804.0,,18:07:19,18:07:36,7,2995,Ash Way & 141st Pl SW,0.0,1.0
2023-10-19,860,North,22218,16804.0,,18:08:09,18:08:09,8,3004,Ash Way & 137th St SW,0.0,0.0
2023-10-19,860,North,22218,16804.0,,18:09:02,18:09:02,9,2456,134th St SW & Ash Way,0.0,0.0
2023-10-19,860,North,22218,16804.0,18:14:00,18:09:48,18:10:13,10,2104,Mariner Park & Ride Bay 2,0.0,5.0
2023-10-19,860,North,22218,16804.0,,18:12:44,18:12:44,11,165,128th St SE & 3rd Ave SE,0.0,0.0
2023-10-19,860,North,22218,16804.0,,18:13:03,18:13:03,12,169,128th St SE & Park Rd,0.0,0.0
2023-10-19,860,North,22218,16804.0,18:22:00,18:14:08,18:14:08,13,3323,McCollum Park Park & Ride Temporary Bay,0.0,1.0
2023-10-19,860,North,22219,21813.0,18:15:00,18:16:39,18:16:39,0,2192,Northgate Station Bay 2,16.0,0.0
2023-10-19,860,North,22219,21813.0,18:35:00,18:33:03,18:33:25,3,2163,Ash Way Park & Ride Bay 4,0.0,4.0
2023-10-19,860,North,22219,21813.0,,18:34:40,18:34:54,4,3062,Ash Way & 157th St SW,0.0,0.0
2023-10-19,860,North,22219,21813.0,,18:35:42,18:35:42,5,2993,Ash Way & 153rd St SW,0.0,0.0
2023-10-19,860,North,22219,21813.0,,18:36:24,18:36:24,6,2994,Ash Way & 149th St SW,0.0,0.0
2023-10-19,860,North,22219,21813.0,,18:37:30,18:37:30,7,2995,Ash Way & 141st Pl SW,0.0,0.0
2023-10-19,860,North,22219,21813.0,,18:37:57,18:37:57,8,3004,Ash Way & 137th St SW,0.0,0.0
2023-10-19,860,North,22219,21813.0,,18:38:47,18:38:47,9,2456,134th St SW & Ash Way,0.0,0.0
2023-10-19,860,North,22219,21813.0,18:42:00,18:39:33,18:39:54,10,2104,Mariner Park & Ride Bay 2,0.0,8.0
2023-10-19,860,North,22219,21813.0,,18:43:52,18:44:03,11,165,128th St SE & 3rd Ave SE,0.0,2.0
2023-10-19,860,North,22219,21813.0,,18:44:26,18:44:26,12,169,128th St SE & Park Rd,0.0,0.0
2023-10-19,860,North,22219,21813.0,18:48:00,18:45:35,18:45:35,13,3323,McCollum Park Park & Ride Temporary Bay,0.0,2.0
2023-10-19,860,South,22220,19804.0,05:25:00,05:25:04,05:25:04,0,3323,McCollum Park Park & Ride Temporary Bay,3.0,0.0
2023-10-19,860,South,22220,19804.0,,05:28:09,05:28:21,1,1552,128th St SE & 3rd Ave SE,1.0,0.0
2023-10-19,860,South,22220,19804.0,05:30:00,05:32:16,05:32:45,2,2106,Mariner Park & Ride Bay 4,2.0,0.0
2023-10-19,860,South,22220,19804.0,,05:33:47,05:33:47,3,2457,134th St SW & Ash Way,0.0,0.0
2023-10-19,860,South,22220,19804.0,,05:34:22,05:34:22,4,2997,Ash Way & 135th St SW,0.0,0.0
2023-10-19,860,South,22220,19804.0,,05:34:53,05:35:06,5,2998,Ash Way & 140th St SW,1.0,0.0
2023-10-19,860,South,22220,19804.0,,05:36:25,05:36:25,6,2999,Ash Way & 149th St SW,0.0,0.0
2023-10-19,860,South,22220,19804.0,,05:37:06,05:37:06,7,3000,Ash Way & 153rd Pl SW,0.0,0.0
2023-10-19,860,South,22220,19804.0,05:34:00,05:38:38,05:39:28,8,2162,Ash Way Park & Ride Bay 3,10.0,0.0
2023-10-19,860,South,22220,19804.0,05:56:00,05:56:01,05:56:01,11,3253,1st Ave N & NE 103rd St,0.0,17.0
2023-10-19,860,South,22221,21801.0,06:00:00,06:00:20,06:00:20,0,3323,McCollum Park Park & Ride Temporary Bay,4.0,0.0
2023-10-19,860,South,22221,21801.0,,06:03:38,06:03:38,1,1552,128th St SE & 3rd Ave SE,0.0,0.0
2023-10-19,860,South,22221,21801.0,06:05:00,06:05:55,06:06:24,2,2106,Mariner Park & Ride Bay 4,3.0,0.0
2023-10-19,860,South,22221,21801.0,,06:07:32,06:07:32,3,2457,134th St SW & Ash Way,0.0,0.0
2023-10-19,860,South,22221,21801.0,,06:08:26,06:08:49,4,2997,Ash Way & 135th St SW,1.0,0.0
2023-10-19,860,South,22221,21801.0,,06:09:29,06:09:47,5,2998,Ash Way & 140th St SW,1.0,0.0
2023-10-19,860,South,22221,21801.0,,06:11:05,06:11:05,6,2999,Ash Way & 149th St SW,0.0,0.0
2023-10-19,860,South,22221,21801.0,,06:11:45,06:12:05,7,3000,Ash Way & 153rd Pl SW,1.0,0.0
2023-10-19,860,South,22221,21801.0,06:09:00,06:14:03,06:15:04,8,2162,Ash Way Park & Ride Bay 3,15.0,0.0
2023-10-19,860,South,22221,21801.0,06:34:00,06:34:41,06:34:41,11,3253,1st Ave N & NE 103rd St,0.0,25.0
2023-10-19,860,South,22222,21813.0,06:33:00,06:33:20,06:33:20,0,3323,McCollum Park Park & Ride Temporary Bay,7.0,0.0
2023-10-19,860,South,22222,21813.0,,06:37:21,06:37:45,1,1552,128th St SE & 3rd Ave SE,3.0,0.0
2023-10-19,860,South,22222,21813.0,06:38:00,06:40:40,06:41:24,2,2106,Mariner Park & Ride Bay 4,6.0,0.0
2023-10-19,860,South,22222,21813.0,,06:42:49,06:42:49,3,2457,134th St SW & Ash Way,0.0,0.0
2023-10-19,860,South,22222,21813.0,,06:43:31,06:44:05,4,2997,Ash Way & 135th St SW,3.0,0.0
2023-10-19,860,South,22222,21813.0,,06:44:49,06:45:05,5,2998,Ash Way & 140th St SW,1.0,0.0
2023-10-19,860,South,22222,21813.0,,06:46:31,06:46:46,6,2999,Ash Way & 149th St SW,1.0,0.0
2023-10-19,860,South,22222,21813.0,,06:47:38,06:47:38,7,3000,Ash Way & 153rd Pl SW,0.0,0.0
2023-10-19,860,South,22222,21813.0,06:42:00,06:49:18,06:49:48,8,2162,Ash Way Park & Ride Bay 3,4.0,2.0
2023-10-19,860,South,22222,21813.0,07:10:00,07:11:11,07:11:11,11,3253,1st Ave N & NE 103rd St,0.0,23.0
2023-10-19,860,South,22223,16804.0,06:57:00,06:57:03,06:57:03,0,3323,McCollum Park Park & Ride Temporary Bay,2.0,0.0
2023-10-19,860,South,22223,16804.0,,07:01:21,07:01:36,1,1552,128th St SE & 3rd Ave SE,1.0,0.0
2023-10-19,860,South,22223,16804.0,07:03:00,07:04:20,07:04:56,2,2106,Mariner Park & Ride Bay 4,3.0,0.0
2023-10-19,860,South,22223,16804.0,,07:06:06,07:06:06,3,2457,134th St SW & Ash Way,0.0,0.0
2023-10-19,860,South,22223,16804.0,,07:06:50,07:06:50,4,2997,Ash Way & 135th St SW,0.0,0.0
2023-10-19,860,South,22223,16804.0,,07:07:18,07:07:18,5,2998,Ash Way & 140th St SW,0.0,0.0
2023-10-19,860,South,22223,16804.0,,07:08:24,07:08:24,6,2999,Ash Way & 149th St SW,0.0,0.0
2023-10-19,860,South,22223,16804.0,,07:09:02,07:09:02,7,3000,Ash Way & 153rd Pl SW,0.0,0.0
2023-10-19,860,South,22223,16804.0,07:08:00,07:11:20,07:12:23,8,2162,Ash Way Park & Ride Bay 3,15.0,0.0
2023-10-19,860,South,22223,16804.0,07:38:00,07:37:56,07:37:56,11,3253,1st Ave N & NE 103rd St,0.0,21.0
2023-10-19,860,South,22224,21801.0,07:32:00,07:33:01,07:33:01,0,3323,McCollum Park Park & Ride Temporary Bay,3.0,0.0
2023-10-19,860,South,22224,21801.0,,07:36:51,07:36:51,1,1552,128th St SE & 3rd Ave SE,0.0,0.0
2023-10-19,860,South,22224,21801.0,07:38:00,07:39:36,07:40:04,2,2106,Mariner Park & Ride Bay 4,4.0,0.0
2023-10-19,860,South,22224,21801.0,,07:41:26,07:41:26,3,2457,134th St SW & Ash Way,0.0,0.0
2023-10-19,860,South,22224,21801.0,,07:42:11,07:42:11,4,2997,Ash Way & 135th St SW,0.0,0.0
2023-10-19,860,South,22224,21801.0,,07:42:41,07:42:41,5,2998,Ash Way & 140th St SW,0.0,0.0
2023-10-19,860,South,22224,21801.0,,07:43:53,07:43:53,6,2999,Ash Way & 149th St SW,0.0,0.0
2023-10-19,860,South,22224,21801.0,,07:44:36,07:44:55,7,3000,Ash Way & 153rd Pl SW,1.0,0.0
2023-10-19,860,South,22224,21801.0,07:43:00,07:46:49,07:47:21,8,2162,Ash Way Park & Ride Bay 3,8.0,0.0
2023-10-19,860,South,22224,21801.0,08:19:00,08:16:08,08:16:08,11,3253,1st Ave N & NE 103rd St,0.0,16.0
2023-10-19,860,South,22225,17106.0,07:57:00,07:57:39,07:57:39,0,3323,McCollum Park Park & Ride Temporary Bay,4.0,0.0
2023-10-19,860,South,22225,17106.0,,08:01:32,08:01:41,1,1552,128th St SE & 3rd Ave SE,0.0,0.0
2023-10-19,860,South,22225,17106.0,08:03:00,08:06:55,08:07:25,2,2106,Mariner Park & Ride Bay 4,3.0,0.0
2023-10-19,860,South,22225,17106.0,,08:09:15,08:09:15,3,2457,134th St SW & Ash Way,0.0,0.0
2023-10-19,860,South,22225,17106.0,,08:09:58,08:09:58,4,2997,Ash Way & 135th St SW,0.0,0.0
2023-10-19,860,South,22225,17106.0,,08:10:29,08:10:29,5,2998,Ash Way & 140th St SW,0.0,0.0
2023-10-19,860,South,22225,17106.0,,08:11:41,08:11:41,6,2999,Ash Way & 149th St SW,0.0,0.0
2023-10-19,860,South,22225,17106.0,,08:12:23,08:12:54,7,3000,Ash Way & 153rd Pl SW,1.0,0.0
2023-10-19,860,South,22225,17106.0,08:08:00,08:15:07,08:15:47,8,2162,Ash Way Park & Ride Bay 3,4.0,0.0
2023-10-19,860,South,22225,17106.0,08:45:00,08:42:56,08:42:56,11,3253,1st Ave N & NE 103rd St,0.0,12.0
2023-10-19,860,South,22226,19804.0,08:45:00,08:46:00,08:46:00,0,3323,McCollum Park Park & Ride Temporary Bay,10.0,0.0
2023-10-19,860,South,22226,19804.0,,08:49:36,08:49:51,1,1552,128th St SE & 3rd Ave SE,3.0,0.0
2023-10-19,860,South,22226,19804.0,08:51:00,08:54:29,08:54:53,2,2106,Mariner Park & Ride Bay 4,5.0,0.0
2023-10-19,860,South,22226,19804.0,,08:56:38,08:56:38,3,2457,134th St SW & Ash Way,0.0,0.0
2023-10-19,860,South,22226,19804.0,,08:57:26,08:57:26,4,2997,Ash Way & 135th St SW,0.0,0.0
2023-10-19,860,South,22226,19804.0,,08:57:52,08:57:52,5,2998,Ash Way & 140th St SW,0.0,0.0
2023-10-19,860,South,22226,19804.0,,08:59:05,08:59:15,6,2999,Ash Way & 149th St SW,1.0,0.0
2023-10-19,860,South,22226,19804.0,,09:00:04,09:00:04,7,3000,Ash Way & 153rd Pl SW,0.0,0.0
2023-10-19,860,South,22226,19804.0,08:55:00,09:02:33,09:03:15,8,2162,Ash Way Park & Ride Bay 3,6.0,3.0
2023-10-19,860,South,22226,19804.0,09:23:00,09:24:18,09:24:18,11,3253,1st Ave N & NE 103rd St,0.0,22.0
2023-10-20,860,North,22211,22806.0,14:40:00,14:40:07,14:40:07,0,2192,Northgate Station Bay 2,4.0,0.0
2023-10-20,860,North,22211,22806.0,14:57:00,15:02:58,15:03:18,3,2163,Ash Way Park & Ride Bay 4,1.0,0.0
2023-10-20,860,North,22211,22806.0,,15:04:28,15:04:28,4,3062,Ash Way & 157th St SW,0.0,0.0
2023-10-20,860,North,22211,22806.0,,15:04:42,15:04:42,5,2993,Ash Way & 153rd St SW,0.0,0.0
2023-10-20,860,North,22211,22806.0,,15:05:22,15:05:33,6,2994,Ash Way & 149th St SW,0.0,1.0
2023-10-20,860,North,22211,22806.0,,15:06:58,15:06:58,7,2995,Ash Way & 141st Pl SW,0.0,0.0
2023-10-20,860,North,22211,22806.0,,15:07:24,15:07:24,8,3004,Ash Way & 137th St SW,0.0,0.0
2023-10-20,860,North,22211,22806.0,,15:08:12,15:08:12,9,2456,134th St SW & Ash Way,0.0,0.0
2023-10-20,860,North,22211,22806.0,15:04:00,15:09:01,15:09:24,10,2104,Mariner Park & Ride Bay 2,1.0,2.0
2023-10-20,860,North,22211,22806.0,,15:13:57,15:13:57,11,165,128th St SE & 3rd Ave SE,0.0,2.0
2023-10-20,860,North,22211,22806.0,,15:14:15,15:14:15,12,169,128th St SE & Park Rd,0.0,0.0
2023-10-20,860,North,22211,22806.0,15:11:00,15:15:17,15:15:17,13,3323,McCollum Park Park & Ride Temporary Bay,0.0,1.0
2023-10-20,860,North,22212,17810.0,15:15:00,15:16:10,15:16:10,0,2192,Northgate Station Bay 2,11.0,0.0
2023-10-20,860,North,22212,17810.0,15:37:00,15:37:42,15:38:18,3,2163,Ash Way Park & Ride Bay 4,2.0,6.0
2023-10-20,860,North,22212,17810.0,,15:39:34,15:40:02,4,3062,Ash Way & 157th St SW,0.0,1.0
2023-10-20,860,North,22212,17810.0,,15:40:25,15:40:25,5,2993,Ash Way & 153rd St SW,0.0,0.0
2023-10-20,860,North,22212,17810.0,,15:40:59,15:40:59,6,2994,Ash Way & 149th St SW,0.0,0.0
2023-10-20,860,North,22212,17810.0,,15:41:58,15:41:58,7,2995,Ash Way & 141st Pl SW,0.0,0.0
2023-10-20,860,North,22212,17810.0,,15:42:25,15:42:25,8,3004,Ash Way & 137th St SW,0.0,0.0
2023-10-20,860,North,22212,17810.0,,15:43:15,15:43:32,9,2456,134th St SW & Ash Way,1.0,0.0
2023-10-20,860,North,22212,17810.0,15:44:00,15:44:27,15:44:48,10,2104,Mariner Park & Ride Bay 2,0.0,2.0
2023-10-20,860,North,22212,17810.0,,15:48:32,15:48:43,11,165,128th St SE & 3rd Ave SE,0.0,1.0
2023-10-20,860,North,22212,17810.0,,15:49:05,15:49:05,12,169,128th St SE & Park Rd,0.0,0.0
2023-10-20,860,North,22212,17810.0,15:51:00,15:50:12,15:50:12,13,3323,McCollum Park Park & Ride Temporary Bay,0.0,4.0
2023-10-20,860,North,22213,16809.0,15:45:00,15:44:16,15:44:16,0,2192,Northgate Station Bay 2,6.0,0.0
2023-10-20,860,North,22213,16809.0,16:11:00,16:05:40,16:06:00,3,2163,Ash Way Park & Ride Bay 4,0.0,2.0
2023-10-20,860,North,22213,16809.0,,16:07:29,16:07:29,4,3062,Ash Way & 157th St SW,0.0,0.0
2023-10-20,860,North,22213,16809.0,,16:07:47,16:07:47,5,2993,Ash Way & 153rd St SW,0.0,0.0
2023-10-20,860,North,22213,16809.0,,16:08:27,16:08:27,6,2994,Ash Way & 149th St SW,0.0,0.0
2023-10-20,860,North,22213,16809.0,,16:09:45,16:09:45,7,2995,Ash Way & 141st Pl SW,0.0,0.0
2023-10-20,860,North,22213,16809.0,,16:10:16,16:10:16,8,3004,Ash Way & 137th St SW,0.0,0.0
2023-10-20,860,North,22213,16809.0,,16:11:14,16:11:22,9,2456,134th St SW & Ash Way,0.0,1.0
2023-10-20,860,North,22213,16809.0,16:18:00,16:12:21,16:12:34,10,2104,Mariner Park & Ride Bay 2,0.0,1.0
2023-10-20,860,North,22213,16809.0,,16:17:31,16:17:31,11,165,128th St SE & 3rd Ave SE,0.0,0.0
2023-10-20,860,North,22213,16809.0,,16:17:51,16:17:51,12,169,128th St SE & Park Rd,0.0,0.0
2023-10-20,860,North,22213,16809.0,16:25:00,16:19:09,16:19:09,13,3323,McCollum Park Park & Ride Temporary Bay,0.0,2.0
2023-10-20,860,North,22214,16802.0,16:15:00,16:15:25,16:15:25,0,2192,Northgate Station Bay 2,14.0,0.0
2023-10-20,860,North,22214,16802.0,16:41:00,16:40:56,16:41:36,3,2163,Ash Way Park & Ride Bay 4,4.0,14.0
2023-10-20,860,North,22214,16802.0,,16:42:40,16:42:40,4,3062,Ash Way & 157th St SW,0.0,0.0
2023-10-20,860,North,22214,16802.0,,16:42:58,16:42:58,5,2993,Ash Way & 153rd St SW,0.0,0.0
2023-10-20,860,North,22214,16802.0,,16:43:36,16:43:57,6,2994,Ash Way & 149th St SW,2.0,0.0
2023-10-20,860,North,22214,16802.0,,16:45:05,16:45:05,7,2995,Ash Way & 141st Pl SW,0.0,0.0
2023-10-20,860,North,22214,16802.0,,16:45:32,16:45:32,8,3004,Ash Way & 137th St SW,0.0,0.0
2023-10-20,860,North,22214,16802.0,,16:46:25,16:46:33,9,2456,134th St SW & Ash Way,0.0,1.0
2023-10-20,860,North,22214,16802.0,16:48:00,16:47:30,16:47:48,10,2104,Mariner Park & Ride Bay 2,1.0,4.0
2023-10-20,860,North,22214,16802.0,,16:50:20,16:50:30,11,165,128th St SE & 3rd Ave SE,0.0,1.0
2023-10-20,860,North,22214,16802.0,,16:50:51,16:50:51,12,169,128th St SE & Park Rd,0.0,0.0
2023-10-20,860,North,22214,16802.0,16:58:00,16:51:57,16:51:57,13,3323,McCollum Park Park & Ride Temporary Bay,0.0,1.0
2023-10-20,860,North,22215,16805.0,16:45:00,16:46:33,16:46:33,0,2192,Northgate Station Bay 2,8.0,0.0
2023-10-20,860,North,22215,16805.0,17:11:00,17:11:52,17:12:21,3,2163,Ash Way Park & Ride Bay 4,0.0,8.0
2023-10-20,860,North,22215,16805.0,,17:14:08,17:14:08,4,3062,Ash Way & 157th St SW,0.0,0.0
2023-10-20,860,North,22215,16805.0,,17:14:25,17:14:25,5,2993,Ash Way & 153rd St SW,0.0,0.0
2023-10-20,860,North,22215,16805.0,,17:15:01,17:15:01,6,2994,Ash Way & 149th St SW,0.0,0.0
2023-10-20,860,North,22215,16805.0,,17:16:02,17:16:02,7,2995,Ash Way & 141st Pl SW,0.0,0.0
2023-10-20,860,North,22215,16805.0,,17:16:30,17:16:30,8,3004,Ash Way & 137th St SW,0.0,0.0
2023-10-20,860,North,22215,16805.0,,17:17:31,17:17:31,9,2456,134th St SW & Ash Way,0.0,0.0
2023-10-20,860,North,22215,16805.0,17:18:00,17:18:29,17:19:19,10,2104,Mariner Park & Ride Bay 2,1.0,0.0
2023-10-20,860,North,22215,16805.0,,17:24:02,17:24:13,11,165,128th St SE & 3rd Ave SE,0.0,1.0
2023-10-20,860,North,22215,16805.0,,17:24:37,17:24:37,12,169,128th St SE & Park Rd,0.0,0.0
2023-10-20,860,North,22215,16805.0,17:28:00,17:25:47,17:25:47,13,3323,McCollum Park Park & Ride Temporary Bay,0.0,0.0
2023-10-20,860,North,22216,19800.0,17:15:00,17:16:02,17:16:02,0,2192,Northgate Station Bay 2,12.0,0.0
2023-10-20,860,North,22216,19800.0,17:39:00,17:39:06,17:39:56,3,2163,Ash Way Park & Ride Bay 4,2.0,6.0
2023-10-20,860,North,22216,19800.0,,17:41:46,17:41:46,4,3062,Ash Way & 157th St SW,0.0,0.0
2023-10-20,860,North,22216,19800.0,,17:42:09,17:42:21,5,2993,Ash Way & 153rd St SW,0.0,1.0
2023-10-20,860,North,22216,19800.0,,17:43:07,17:43:18,6,2994,Ash Way & 149th St SW,0.0,1.0
2023-10-20,860,North,22216,19800.0,,17:44:27,17:44:27,7,2995,Ash Way & 141st Pl SW,0.0,0.0
2023-10-20,860,North,22216,19800.0,,17:44:55,17:44:55,8,3004,Ash Way & 137th St SW,0.0,0.0
2023-10-20,860,North,22216,19800.0,,17:45:44,17:45:44,9,2456,134th St SW & Ash Way,0.0,0.0
2023-10-20,860,North,22216,19800.0,17:46:00,17:46:34,17:46:48,10,2104,Mariner Park & Ride Bay 2,0.0,2.0
2023-10-20,860,North,22216,19800.0,,17:51:04,17:51:19,11,165,128th St SE & 3rd Ave SE,0.0,2.0
2023-10-20,860,North,22216,19800.0,,17:51:42,17:51:42,12,169,128th St SE & Park Rd,0.0,0.0
2023-10-20,860,North,22216,19800.0,17:55:00,17:52:49,17:52:49,13,3323,McCollum Park Park & Ride Temporary Bay,0.0,2.0
2023-10-20,860,North,22217,22802.0,17:30:00,17:30:03,17:30:03,0,2192,Northgate Station Bay 2,8.0,0.0
2023-10-20,860,North,22217,22802.0,17:52:00,17:54:14,17:54:38,3,2163,Ash Way Park & Ride Bay 4,0.0,6.0
2023-10-20,860,North,22217,22802.0,,17:55:52,17:55:52,4,3062,Ash Way & 157th St SW,0.0,0.0
2023-10-20,860,North,22217,22802.0,,17:56:08,17:56:08,5,2993,Ash Way & 153rd St SW,0.0,0.0
2023-10-20,860,North,22217,22802.0,,17:56:39,17:56:39,6,2994,Ash Way & 149th St SW,0.0,0.0
2023-10-20,860,North,22217,22802.0,,17:57:44,17:57:44,7,2995,Ash Way & 141st Pl SW,0.0,0.0
2023-10-20,860,North,22217,22802.0,,17:58:14,17:58:14,8,3004,Ash Way & 137th St SW,0.0,0.0
2023-10-20,860,North,22217,22802.0,,17:59:24,17:59:24,9,2456,134th St SW & Ash Way,0.0,0.0
2023-10-20,860,North,22217,22802.0,17:59:00,18:00:16,18:00:43,10,2104,Mariner Park & Ride Bay 2,0.0,1.0
2023-10-20,860,North,22217,22802.0,,18:04:21,18:04:21,11,165,128th St SE & 3rd Ave SE,0.0,0.0
2023-10-20,860,North,22217,22802.0,,18:04:39,18:04:39,12,169,128th St SE & Park Rd,0.0,0.0
2023-10-20,860,North,22217,22802.0,18:07:00,18:05:50,18:05:50,13,3323,McCollum Park Park & Ride Temporary Bay,0.0,1.0
2023-10-20,860,North,22218,16802.0,17:45:00,17:45:20,17:45:20,0,2192,Northgate Station Bay 2,8.0,0.0
2023-10-20,860,North,22218,16802.0,18:07:00,18:06:22,18:06:40,3,2163,Ash Way Park & Ride Bay 4,1.0,3.0
2023-10-20,860,North,22218,16802.0,,18:08:17,18:08:17,4,3062,Ash Way & 157th St SW,0.0,0.0
2023-10-20,860,North,22218,16802.0,,18:08:33,18:08:33,5,2993,Ash Way & 153rd St SW,0.0,0.0
2023-10-20,860,North,22218,16802.0,,18:09:15,18:09:34,6,2994,Ash Way & 149th St SW,1.0,0.0
2023-10-20,860,North,22218,16802.0,,18:10:44,18:10:44,7,2995,Ash Way & 141st Pl SW,0.0,0.0
2023-10-20,860,North,22218,16802.0,,18:11:11,18:11:11,8,3004,Ash Way & 137th St SW,0.0,0.0
2023-10-20,860,North,22218,16802.0,,18:12:02,18:12:02,9,2456,134th St SW & Ash Way,0.0,0.0
2023-10-20,860,North,22218,16802.0,18:14:00,18:12:52,18:13:11,10,2104,Mariner Park & Ride Bay 2,0.0,5.0
2023-10-20,860,North,22218,16802.0,,18:15:21,18:15:31,11,165,128th St SE & 3rd Ave SE,0.0,1.0
2023-10-20,860,North,22218,16802.0,,18:15:52,18:15:52,12,169,128th St SE & Park Rd,0.0,0.0
2023-10-20,860,North,22218,16802.0,18:22:00,18:17:05,18:17:05,13,3323,McCollum Park Park & Ride Temporary Bay,0.0,1.0
2023-10-20,860,North,22219,16805.0,18:15:00,18:15:14,18:15:14,0,2192,Northgate Station Bay 2,10.0,0.0
2023-10-20,860,North,22219,16805.0,18:35:00,18:31:33,18:33:11,3,2163,Ash Way Park & Ride Bay 4,0.0,4.0
2023-10-20,860,North,22219,16805.0,,18:34:32,18:34:32,4,3062,Ash Way & 157th St SW,0.0,0.0
2023-10-20,860,North,22219,16805.0,,18:34:48,18:34:48,5,2993,Ash Way & 153rd St SW,0.0,0.0
2023-10-20,860,North,22219,16805.0,,18:35:23,18:35:23,6,2994,Ash Way & 149th St SW,0.0,0.0
2023-10-20,860,North,22219,16805.0,,18:36:31,18:36:31,7,2995,Ash Way & 141st Pl SW,0.0,0.0
2023-10-20,860,North,22219,16805.0,,18:37:04,18:37:04,8,3004,Ash Way & 137th St SW,0.0,0.0
2023-10-20,860,North,22219,16805.0,,18:37:55,18:37:55,9,2456,134th St SW & Ash Way,0.0,0.0
2023-10-20,860,North,22219,16805.0,18:42:00,18:38:51,18:39:09,10,2104,Mariner Park & Ride Bay 2,0.0,5.0
2023-10-20,860,North,22219,16805.0,,18:41:58,18:42:10,11,165,128th St SE & 3rd Ave SE,0.0,1.0
2023-10-20,860,North,22219,16805.0,,18:42:33,18:42:33,12,169,128th St SE & Park Rd,0.0,0.0
2023-10-20,860,North,22219,16805.0,18:48:00,18:50:26,18:50:26,13,3323,McCollum Park Park & Ride Temporary Bay,0.0,0.0
2023-10-20,860,South,22220,16803.0,05:25:00,05:25:02,05:25:02,0,3323,McCollum Park Park & Ride Temporary Bay,4.0,0.0
2023-10-20,860,South,22220,16803.0,,05:29:16,05:29:26,1,1552,128th St SE & 3rd Ave SE,1.0,0.0
2023-10-20,860,South,22220,16803.0,05:30:00,05:32:34,05:33:01,2,2106,Mariner Park & Ride Bay 4,2.0,0.0
2023-10-20,860,South,22220,16803.0,,05:34:02,05:34:02,3,2457,134th St SW & Ash Way,0.0,0.0
2023-10-20,860,South,22220,16803.0,,05:34:36,05:34:36,4,2997,Ash Way & 135th St SW,0.0,0.0
2023-10-20,860,South,22220,16803.0,,05:35:07,05:35:37,5,2998,Ash Way & 140th St SW,1.0,0.0
2023-10-20,860,South,22220,16803.0,,05:36:50,05:36:50,6,2999,Ash Way & 149th St SW,0.0,0.0
2023-10-20,860,South,22220,16803.0,,05:37:31,05:37:31,7,3000,Ash Way & 153rd Pl SW,0.0,0.0
2023-10-20,860,South,22220,16803.0,05:34:00,05:39:03,05:39:36,8,2162,Ash Way Park & Ride Bay 3,5.0,0.0
2023-10-20,860,South,22220,16803.0,05:56:00,05:54:26,05:54:26,11,3253,1st Ave N & NE 103rd St,0.0,13.0
2023-10-20,860,South,22221,22807.0,06:00:00,06:00:01,06:00:01,0,3323,McCollum Park Park & Ride Temporary Bay,2.0,0.0
2023-10-20,860,South,22221,22807.0,,06:02:32,06:02:32,1,1552,128th St SE & 3rd Ave SE,0.0,0.0
2023-10-20,860,South,22221,22807.0,06:05:00,06:04:42,06:05:10,2,2106,Mariner Park & Ride Bay 4,3.0,0.0
2023-10-20,860,South,22221,22807.0,,06:06:18,06:06:18,3,2457,134th St SW & Ash Way,0.0,0.0
2023-10-20,860,South,22221,22807.0,,06:07:23,06:07:38,4,2997,Ash Way & 135th St SW,1.0,0.0
2023-10-20,860,South,22221,22807.0,,06:08:14,06:08:14,5,2998,Ash Way & 140th St SW,0.0,0.0
2023-10-20,860,South,22221,22807.0,,06:09:26,06:09:26,6,2999,Ash Way & 149th St SW,0.0,0.0
2023-10-20,860,South,22221,22807.0,,06:10:08,06:10:08,7,3000,Ash Way & 153rd Pl SW,0.0,0.0
2023-10-20,860,South,22221,22807.0,06:09:00,06:11:57,06:12:29,8,2162,Ash Way Park & Ride Bay 3,5.0,0.0
2023-10-20,860,South,22221,22807.0,06:34:00,06:29:35,06:29:35,11,3253,1st Ave N & NE 103rd St,0.0,11.0
2023-10-20,860,South,22222,17808.0,06:33:00,06:33:06,06:33:06,0,3323,McCollum Park Park & Ride Temporary Bay,5.0,0.0
2023-10-20,860,South,22222,17808.0,,06:37:15,06:37:15,1,1552,128th St SE & 3rd Ave SE,0.0,0.0
2023-10-20,860,South,22222,17808.0,06:38:00,06:40:09,06:40:31,2,2106,Mariner Park & Ride Bay 4,2.0,0.0
2023-10-20,860,South,22222,17808.0,,06:41:49,06:41:49,3,2457,134th St SW & Ash Way,0.0,0.0
2023-10-20,860,South,22222,17808.0,,06:42:36,06:43:04,4,2997,Ash Way & 135th St SW,2.0,0.0
2023-10-20,860,South,22222,17808.0,,06:43:48,06:44:08,5,2998,Ash Way & 140th St SW,1.0,0.0
2023-10-20,860,South,22222,17808.0,,06:45:30,06:45:44,6,2999,Ash Way & 149th St SW,1.0,0.0
2023-10-20,860,South,22222,17808.0,,06:46:36,06:46:55,7,3000,Ash Way & 153rd Pl SW,1.0,0.0
2023-10-20,860,South,22222,17808.0,06:42:00,06:49:00,06:49:23,8,2162,Ash Way Park & Ride Bay 3,0.0,1.0
2023-10-20,860,South,22222,17808.0,07:10:00,07:09:33,07:09:33,11,3253,1st Ave N & NE 103rd St,0.0,11.0
2023-10-20,860,South,22223,16800.0,06:57:00,06:57:04,06:57:04,0,3323,McCollum Park Park & Ride Temporary Bay,5.0,0.0
2023-10-20,860,South,22223,16800.0,,07:01:08,07:01:27,1,1552,128th St SE & 3rd Ave SE,1.0,0.0
2023-10-20,860,South,22223,16800.0,07:03:00,07:04:32,07:04:59,2,2106,Mariner Park & Ride Bay 4,1.0,1.0
2023-10-20,860,South,22223,16800.0,,07:06:29,07:06:29,3,2457,134th St SW & Ash Way,0.0,0.0
2023-10-20,860,South,22223,16800.0,,07:07:22,07:07:22,4,2997,Ash Way & 135th St SW,0.0,0.0
2023-10-20,860,South,22223,16800.0,,07:07:54,07:07:54,5,2998,Ash Way & 140th St SW,0.0,0.0
2023-10-20,860,South,22223,16800.0,,07:09:18,07:09:18,6,2999,Ash Way & 149th St SW,0.0,0.0
2023-10-20,860,South,22223,16800.0,,07:10:02,07:10:02,7,3000,Ash Way & 153rd Pl SW,0.0,0.0
2023-10-20,860,South,22223,16800.0,07:08:00,07:12:37,07:13:23,8,2162,Ash Way Park & Ride Bay 3,7.0,1.0
2023-10-20,860,South,22223,16800.0,07:38:00,07:43:05,07:43:05,11,3253,1st Ave N & NE 103rd St,0.0,12.0
2023-10-20,860,South,22224,22807.0,07:32:00,07:32:04,07:32:04,0,3323,McCollum Park Park & Ride Temporary Bay,3.0,0.0
2023-10-20,860,South,22224,22807.0,,07:36:01,07:36:01,1,1552,128th St SE & 3rd Ave SE,0.0,0.0
2023-10-20,860,South,22224,22807.0,07:38:00,07:40:58,07:41:20,2,2106,Mariner Park & Ride Bay 4,3.0,0.0
2023-10-20,860,South,22224,22807.0,,07:42:31,07:42:31,3,2457,134th St SW & Ash Way,0.0,0.0
2023-10-20,860,South,22224,22807.0,,07:43:10,07:43:10,4,2997,Ash Way & 135th St SW,0.0,0.0
2023-10-20,860,South,22224,22807.0,,07:43:36,07:43:36,5,2998,Ash Way & 140th St SW,0.0,0.0
2023-10-20,860,South,22224,22807.0,,07:44:42,07:44:42,6,2999,Ash Way & 149th St SW,0.0,0.0
2023-10-20,860,South,22224,22807.0,,07:45:20,07:45:20,7,3000,Ash Way & 153rd Pl SW,0.0,0.0
2023-10-20,860,South,22224,22807.0,07:43:00,07:47:36,07:48:20,8,2162,Ash Way Park & Ride Bay 3,7.0,0.0
2023-10-20,860,South,22224,22807.0,08:19:00,08:17:46,08:17:46,11,3253,1st Ave N & NE 103rd St,0.0,13.0
2023-10-20,860,South,22225,17106.0,07:57:00,07:57:36,07:57:36,0,3323,McCollum Park Park & Ride Temporary Bay,2.0,0.0
2023-10-20,860,South,22225,17106.0,,08:01:45,08:01:45,1,1552,128th St SE & 3rd Ave SE,0.0,0.0
2023-10-20,860,South,22225,17106.0,08:03:00,08:06:48,08:07:20,2,2106,Mariner Park & Ride Bay 4,6.0,0.0
2023-10-20,860,South,22225,17106.0,,08:08:51,08:08:51,3,2457,134th St SW & Ash Way,0.0,0.0
2023-10-20,860,South,22225,17106.0,,08:09:32,08:09:32,4,2997,Ash Way & 135th St SW,0.0,0.0
2023-10-20,860,South,22225,17106.0,,08:10:05,08:10:29,5,2998,Ash Way & 140th St SW,1.0,0.0
2023-10-20,860,South,22225,17106.0,,08:11:46,08:11:46,6,2999,Ash Way & 149th St SW,0.0,0.0
2023-10-20,860,South,22225,17106.0,,08:12:32,08:12:48,7,3000,Ash Way & 153rd Pl SW,1.0,0.0
2023-10-20,860,South,22225,17106.0,08:08:00,08:14:54,08:15:22,8,2162,Ash Way Park & Ride Bay 3,3.0,2.0
2023-10-20,860,South,22225,17106.0,08:45:00,08:34:28,08:34:28,11,3253,1st Ave N & NE 103rd St,0.0,11.0
2023-10-20,860,South,22226,16803.0,08:45:00,08:52:06,08:52:06,0,3323,McCollum Park Park & Ride Temporary Bay,0.0,0.0
2023-10-20,860,South,22226,16803.0,,,,1,1552,128th St SE & 3rd Ave SE,,
2023-10-20,860,South,22226,16803.0,08:51:00,08:52:45,08:53:12,2,2106,Mariner Park & Ride Bay 4,2.0,0.0
2023-10-20,860,South,22226,16803.0,,08:54:11,08:54:11,3,2457,134th St SW & Ash Way,0.0,0.0
2023-10-20,860,South,22226,16803.0,,08:54:53,08:54:53,4,2997,Ash Way & 135th St SW,0.0,0.0
2023-10-20,860,South,22226,16803.0,,08:55:24,08:55:24,5,2998,Ash Way & 140th St SW,0.0,0.0
2023-10-20,860,South,22226,16803.0,,08:56:29,08:56:29,6,2999,Ash Way & 149th St SW,0.0,0.0
2023-10-20,860,South,22226,16803.0,,08:57:08,08:57:08,7,3000,Ash Way & 153rd Pl SW,0.0,0.0
2023-10-20,860,South,22226,16803.0,08:55:00,08:58:43,08:59:13,8,2162,Ash Way Park & Ride Bay 3,6.0,0.0
2023-10-20,860,South,22226,16803.0,09:23:00,09:17:43,09:17:43,11,3253,1st Ave N & NE 103rd St,0.0,8.0
2023-10-23,860,North,22211,21806.0,14:40:00,14:39:58,14:39:58,0,2192,Northgate Station Bay 2,4.0,0.0
2023-10-23,860,North,22211,21806.0,14:57:00,14:55:42,14:56:04,3,2163,Ash Way Park & Ride Bay 4,0.0,0.0
2023-10-23,860,North,22211,21806.0,,14:57:35,14:57:35,4,3062,Ash Way & 157th St SW,0.0,0.0
2023-10-23,860,North,22211,21806.0,,14:57:48,14:57:48,5,2993,Ash Way & 153rd St SW,0.0,0.0
2023-10-23,860,North,22211,21806.0,,14:58:20,14:58:20,6,2994,Ash Way & 149th St SW,0.0,0.0
2023-10-23,860,North,22211,21806.0,,14:59:37,14:59:37,7,2995,Ash Way & 141st Pl SW,0.0,0.0
2023-10-23,860,North,22211,21806.0,,15:00:14,15:00:14,8,3004,Ash Way & 137th St SW,0.0,0.0
2023-10-23,860,North,22211,21806.0,,15:01:06,15:01:06,9,2456,134th St SW & Ash Way,0.0,0.0
2023-10-23,860,North,22211,21806.0,15:04:00,15:01:54,15:02:06,10,2104,Mariner Park & Ride Bay 2,0.0,1.0
2023-10-23,860,North,22211,21806.0,,15:07:42,15:07:53,11,165,128th St SE & 3rd Ave SE,0.0,1.0
2023-10-23,860,North,22211,21806.0,,15:08:15,15:08:15,12,169,128th St SE & Park Rd,0.0,0.0
2023-10-23,860,North,22211,21806.0,15:11:00,15:09:23,15:09:23,13,3323,McCollum Park Park & Ride Temporary Bay,0.0,2.0
2023-10-23,860,North,22212,21808.0,15:15:00,15:15:33,15:15:33,0,2192,Northgate Station Bay 2,17.0,0.0
2023-10-23,860,North,22212,21808.0,15:37:00,15:33:57,15:34:25,3,2163,Ash Way Park & Ride Bay 4,0.0,10.0
2023-10-23,860,North,22212,21808.0,,15:35:40,15:35:40,4,3062,Ash Way & 157th St SW,0.0,0.0
2023-10-23,860,North,22212,21808.0,,15:36:02,15:36:23,5,2993,Ash Way & 153rd St SW,1.0,0.0
2023-10-23,860,North,22212,21808.0,,15:37:13,15:37:13,6,2994,Ash Way & 149th St SW,0.0,0.0
2023-10-23,860,North,22212,21808.0,,15:39:57,15:40:31,7,2995,Ash Way & 141st Pl SW,0.0,2.0
2023-10-23,860,North,22212,21808.0,,15:43:26,15:43:26,8,3004,Ash Way & 137th St SW,0.0,0.0
2023-10-23,860,North,22212,21808.0,,15:44:39,15:44:39,9,2456,134th St SW & Ash Way,0.0,0.0
2023-10-23,860,North,22212,21808.0,15:44:00,15:45:25,15:45:39,10,2104,Mariner Park & Ride Bay 2,0.0,0.0
2023-10-23,860,North,22212,21808.0,,15:51:04,15:51:04,11,165,128th St SE & 3rd Ave SE,0.0,0.0
2023-10-23,860,North,22212,21808.0,,15:51:24,15:51:24,12,169,128th St SE & Park Rd,0.0,0.0
2023-10-23,860,North,22212,21808.0,15:51:00,15:52:38,15:52:38,13,3323,McCollum Park Park & Ride Temporary Bay,0.0,6.0
2023-10-23,860,North,22213,17809.0,15:45:00,15:46:29,15:46:29,0,2192,Northgate Station Bay 2,34.0,0.0
2023-10-23,860,North,22213,17809.0,16:11:00,16:06:42,16:07:16,3,2163,Ash Way Park & Ride Bay 4,0.0,24.0
2023-10-23,860,North,22213,17809.0,,16:08:47,16:08:47,4,3062,Ash Way & 157th St SW,0.0,0.0
2023-10-23,860,North,22213,17809.0,,16:09:02,16:09:02,5,2993,Ash Way & 153rd St SW,0.0,0.0
2023-10-23,860,North,22213,17809.0,,16:09:38,16:09:38,6,2994,Ash Way & 149th St SW,0.0,0.0
2023-10-23,860,North,22213,17809.0,,16:10:54,16:11:04,7,2995,Ash Way & 141st Pl SW,0.0,1.0
2023-10-23,860,North,22213,17809.0,,16:11:41,16:11:41,8,3004,Ash Way & 137th St SW,0.0,0.0
2023-10-23,860,North,22213,17809.0,,16:12:39,16:12:39,9,2456,134th St SW & Ash Way,0.0,0.0
2023-10-23,860,North,22213,17809.0,16:18:00,16:13:33,16:13:45,10,2104,Mariner Park & Ride Bay 2,0.0,4.0
2023-10-23,860,North,22213,17809.0,,16:18:05,16:18:05,11,165,128th St SE & 3rd Ave SE,0.0,0.0
2023-10-23,860,North,22213,17809.0,,16:18:23,16:18:23,12,169,128th St SE & Park Rd,0.0,0.0
2023-10-23,860,North,22213,17809.0,16:25:00,16:19:50,16:19:50,13,3323,McCollum Park Park & Ride Temporary Bay,0.0,5.0
2023-10-23,860,North,22214,21810.0,16:15:00,16:13:42,16:13:42,0,2192,Northgate Station Bay 2,24.0,0.0
2023-10-23,860,North,22214,21810.0,16:41:00,16:34:35,16:35:05,3,2163,Ash Way Park & Ride Bay 4,0.0,13.0
2023-10-23,860,North,22214,21810.0,,16:36:16,16:36:16,4,3062,Ash Way & 157th St SW,0.0,0.0
2023-10-23,860,North,22214,21810.0,,16:36:38,16:36:53,5,2993,Ash Way & 153rd St SW,0.0,1.0
2023-10-23,860,North,22214,21810.0,,16:37:36,16:37:36,6,2994,Ash Way & 149th St SW,0.0,0.0
2023-10-23,860,North,22214,21810.0,,16:38:41,16:38:41,7,2995,Ash Way & 141st Pl SW,0.0,0.0
2023-10-23,860,North,22214,21810.0,,16:39:46,16:39:46,8,3004,Ash Way & 137th St SW,0.0,0.0
2023-10-23,860,North,22214,21810.0,,16:40:42,16:40:51,9,2456,134th St SW & Ash Way,0.0,1.0
2023-10-23,860,North,22214,21810.0,16:48:00,16:41:48,16:42:22,10,2104,Mariner Park & Ride Bay 2,0.0,5.0
2023-10-23,860,North,22214,21810.0,,16:46:42,16:46:42,11,165,128th St SE & 3rd Ave SE,0.0,0.0
2023-10-23,860,North,22214,21810.0,,16:46:59,16:46:59,12,169,128th St SE & Park Rd,0.0,0.0
2023-10-23,860,North,22214,21810.0,16:58:00,16:48:18,16:48:18,13,3323,McCollum Park Park & Ride Temporary Bay,0.0,4.0
2023-10-23,860,North,22215,22806.0,16:45:00,16:45:57,16:45:57,0,2192,Northgate Station Bay 2,18.0,0.0
2023-10-23,860,North,22215,22806.0,17:11:00,17:14:32,17:15:16,3,2163,Ash Way Park & Ride Bay 4,1.0,14.0
2023-10-23,860,North,22215,22806.0,,17:16:30,17:16:30,4,3062,Ash Way & 157th St SW,0.0,0.0
2023-10-23,860,North,22215,22806.0,,17:16:47,17:16:47,5,2993,Ash Way & 153rd St SW,0.0,0.0
2023-10-23,860,North,22215,22806.0,,17:17:29,17:17:42,6,2994,Ash Way & 149th St SW,0.0,1.0
2023-10-23,860,North,22215,22806.0,,17:18:54,17:18:54,7,2995,Ash Way & 141st Pl SW,0.0,0.0
2023-10-23,860,North,22215,22806.0,,17:19:26,17:19:26,8,3004,Ash Way & 137th St SW,0.0,0.0
2023-10-23,860,North,22215,22806.0,,17:20:19,17:20:19,9,2456,134th St SW & Ash Way,0.0,0.0
2023-10-23,860,North,22215,22806.0,17:18:00,17:21:13,17:21:55,10,2104,Mariner Park & Ride Bay 2,2.0,6.0
2023-10-23,860,North,22215,22806.0,,17:24:54,17:24:54,11,165,128th St SE & 3rd Ave SE,0.0,0.0
2023-10-23,860,North,22215,22806.0,,17:25:12,17:25:12,12,169,128th St SE & Park Rd,0.0,0.0
2023-10-23,860,North,22215,22806.0,17:28:00,17:26:27,17:26:27,13,3323,McCollum Park Park & Ride Temporary Bay,0.0,0.0
2023-10-23,860,North,22216,19803.0,17:15:00,17:16:29,17:16:29,0,2192,Northgate Station Bay 2,38.0,0.0
2023-10-23,860,North,22216,19803.0,17:39:00,17:40:52,17:41:31,3,2163,Ash Way Park & Ride Bay 4,0.0,26.0
2023-10-23,860,North,22216,19803.0,,17:42:29,17:42:29,4,3062,Ash Way & 157th St SW,0.0,0.0
2023-10-23,860,North,22216,19803.0,,17:42:46,17:42:46,5,2993,Ash Way & 153rd St SW,0.0,0.0
2023-10-23,860,North,22216,19803.0,,17:43:22,17:43:40,6,2994,Ash Way & 149th St SW,0.0,2.0
2023-10-23,860,North,22216,19803.0,,17:44:47,17:44:47,7,2995,Ash Way & 141st Pl SW,0.0,0.0
2023-10-23,860,North,22216,19803.0,,17:45:14,17:45:14,8,3004,Ash Way & 137th St SW,0.0,0.0
2023-10-23,860,North,22216,19803.0,,17:46:00,17:46:00,9,2456,134th St SW & Ash Way,0.0,0.0
2023-10-23,860,North,22216,19803.0,17:46:00,17:46:49,17:47:06,10,2104,Mariner Park & Ride Bay 2,0.0,3.0
2023-10-23,860,North,22216,19803.0,,17:51:19,17:51:19,11,165,128th St SE & 3rd Ave SE,0.0,0.0
2023-10-23,860,North,22216,19803.0,,17:51:38,17:51:38,12,169,128th St SE & Park Rd,0.0,0.0
2023-10-23,860,North,22216,19803.0,17:55:00,17:52:39,17:52:39,13,3323,McCollum Park Park & Ride Temporary Bay,0.0,7.0
2023-10-23,860,North,22217,19808.0,17:30:00,17:32:42,17:32:42,0,2192,Northgate Station Bay 2,4.0,0.0
2023-10-23,860,North,22217,19808.0,17:52:00,17:54:15,17:54:41,3,2163,Ash Way Park & Ride Bay 4,0.0,2.0
2023-10-23,860,North,22217,19808.0,,17:55:53,17:55:53,4,3062,Ash Way & 157th St SW,0.0,0.0
2023-10-23,860,North,22217,19808.0,,17:56:16,17:56:16,5,2993,Ash Way & 153rd St SW,0.0,0.0
2023-10-23,860,North,22217,19808.0,,17:57:00,17:57:00,6,2994,Ash Way & 149th St SW,0.0,0.0
2023-10-23,860,North,22217,19808.0,,17:58:00,17:58:00,7,2995,Ash Way & 141st Pl SW,0.0,0.0
2023-10-23,860,North,22217,19808.0,,17:58:28,17:58:28,8,3004,Ash Way & 137th St SW,0.0,0.0
2023-10-23,860,North,22217,19808.0,,17:59:21,17:59:21,9,2456,134th St SW & Ash Way,0.0,0.0
2023-10-23,860,North,22217,19808.0,17:59:00,18:00:17,18:01:10,10,2104,Mariner Park & Ride Bay 2,1.0,2.0
2023-10-23,860,North,22217,19808.0,,18:04:49,18:04:49,11,165,128th St SE & 3rd Ave SE,0.0,0.0
2023-10-23,860,North,22217,19808.0,,18:05:08,18:05:08,12,169,128th St SE & Park Rd,0.0,0.0
2023-10-23,860,North,22217,19808.0,18:07:00,18:06:16,18:06:16,13,3323,McCollum Park Park & Ride Temporary Bay,0.0,1.0
2023-10-23,860,North,22218,21810.0,17:45:00,17:46:11,17:46:11,0,2192,Northgate Station Bay 2,15.0,0.0
2023-10-23,860,North,22218,21810.0,18:07:00,18:06:35,18:07:14,3,2163,Ash Way Park & Ride Bay 4,3.0,10.0
2023-10-23,860,North,22218,21810.0,,18:08:43,18:08:43,4,3062,Ash Way & 157th St SW,0.0,0.0
2023-10-23,860,North,22218,21810.0,,18:09:00,18:09:00,5,2993,Ash Way & 153rd St SW,0.0,0.0
2023-10-23,860,North,22218,21810.0,,18:09:40,18:10:04,6,2994,Ash Way & 149th St SW,0.0,1.0
2023-10-23,860,North,22218,21810.0,,18:11:16,18:11:16,7,2995,Ash Way & 141st Pl SW,0.0,0.0
2023-10-23,860,North,22218,21810.0,,18:11:47,18:11:47,8,3004,Ash Way & 137th St SW,0.0,0.0
2023-10-23,860,North,22218,21810.0,,18:12:38,18:12:38,9,2456,134th St SW & Ash Way,0.0,0.0
2023-10-23,860,North,22218,21810.0,18:14:00,18:13:32,18:13:49,10,2104,Mariner Park & Ride Bay 2,0.0,4.0
2023-10-23,860,North,22218,21810.0,,18:17:12,18:17:12,11,165,128th St SE & 3rd Ave SE,0.0,0.0
2023-10-23,860,North,22218,21810.0,,18:17:30,18:17:30,12,169,128th St SE & Park Rd,0.0,0.0
2023-10-23,860,North,22218,21810.0,18:22:00,18:18:42,18:18:42,13,3323,McCollum Park Park & Ride Temporary Bay,0.0,3.0
2023-10-23,860,North,22219,22806.0,18:15:00,18:17:27,18:17:27,0,2192,Northgate Station Bay 2,15.0,0.0
2023-10-23,860,North,22219,22806.0,18:35:00,18:35:47,18:36:16,3,2163,Ash Way Park & Ride Bay 4,0.0,9.0
2023-10-23,860,North,22219,22806.0,,18:37:28,18:37:28,4,3062,Ash Way & 157th St SW,0.0,0.0
2023-10-23,860,North,22219,22806.0,,18:37:46,18:37:46,5,2993,Ash Way & 153rd St SW,0.0,0.0
2023-10-23,860,North,22219,22806.0,,18:38:22,18:38:22,6,2994,Ash Way & 149th St SW,0.0,0.0
2023-10-23,860,North,22219,22806.0,,18:39:25,18:39:25,7,2995,Ash Way & 141st Pl SW,0.0,0.0
2023-10-23,860,North,22219,22806.0,,18:39:51,18:39:51,8,3004,Ash Way & 137th St SW,0.0,0.0
2023-10-23,860,North,22219,22806.0,,18:40:42,18:40:42,9,2456,134th St SW & Ash Way,0.0,0.0
2023-10-23,860,North,22219,22806.0,18:42:00,18:41:33,18:41:52,10,2104,Mariner Park & Ride Bay 2,0.0,5.0
2023-10-23,860,North,22219,22806.0,,18:46:13,18:46:26,11,165,128th St SE & 3rd Ave SE,0.0,1.0
2023-10-23,860,North,22219,22806.0,,18:46:47,18:46:47,12,169,128th St SE & Park Rd,0.0,0.0
2023-10-23,860,North,22219,22806.0,18:48:00,18:48:08,18:48:08,13,3323,McCollum Park Park & Ride Temporary Bay,0.0,0.0
2023-10-23,860,South,22220,19802.0,05:25:00,05:25:17,05:25:17,0,3323,McCollum Park Park & Ride Temporary Bay,3.0,0.0
2023-10-23,860,South,22220,19802.0,,05:28:13,05:28:24,1,1552,128th St SE & 3rd Ave SE,1.0,0.0
2023-10-23,860,South,22220,19802.0,05:30:00,05:30:16,05:30:44,2,2106,Mariner Park & Ride Bay 4,3.0,0.0
2023-10-23,860,South,22220,19802.0,,05:31:48,05:31:48,3,2457,134th St SW & Ash Way,0.0,0.0
2023-10-23,860,South,22220,19802.0,,05:32:25,05:32:25,4,2997,Ash Way & 135th St SW,0.0,0.0
2023-10-23,860,South,22220,19802.0,,05:32:56,05:32:56,5,2998,Ash Way & 140th St SW,0.0,0.0
2023-10-23,860,South,22220,19802.0,,05:34:10,05:34:10,6,2999,Ash Way & 149th St SW,0.0,0.0
2023-10-23,860,South,22220,19802.0,,05:34:53,05:34:53,7,3000,Ash Way & 153rd Pl SW,0.0,0.0
2023-10-23,860,South,22220,19802.0,05:34:00,05:36:27,05:37:15,8,2162,Ash Way Park & Ride Bay 3,6.0,0.0
2023-10-23,860,South,22220,19802.0,05:56:00,05:55:51,05:55:51,11,3253,1st Ave N & NE 103rd St,0.0,13.0
2023-10-23,860,South,22221,16801.0,06:00:00,06:00:06,06:00:06,0,3323,McCollum Park Park & Ride Temporary Bay,2.0,0.0
2023-10-23,860,South,22221,16801.0,,06:03:40,06:03:40,1,1552,128th St SE & 3rd Ave SE,0.0,0.0
2023-10-23,860,South,22221,16801.0,06:05:00,06:06:01,06:06:32,2,2106,Mariner Park & Ride Bay 4,4.0,0.0
2023-10-23,860,South,22221,16801.0,,06:07:51,06:07:51,3,2457,134th St SW & Ash Way,0.0,0.0
2023-10-23,860,South,22221,16801.0,,06:08:50,06:09:08,4,2997,Ash Way & 135th St SW,1.0,0.0
2023-10-23,860,South,22221,16801.0,,06:09:45,06:09:45,5,2998,Ash Way & 140th St SW,0.0,0.0
2023-10-23,860,South,22221,16801.0,,06:11:00,06:11:00,6,2999,Ash Way & 149th St SW,0.0,0.0
2023-10-23,860,South,22221,16801.0,,06:11:45,06:12:11,7,3000,Ash Way & 153rd Pl SW,1.0,0.0
2023-10-23,860,South,22221,16801.0,06:09:00,06:14:30,06:15:13,8,2162,Ash Way Park & Ride Bay 3,11.0,0.0
2023-10-23,860,South,22221,16801.0,06:34:00,06:36:01,06:36:01,11,3253,1st Ave N & NE 103rd St,0.0,19.0
2023-10-23,860,South,22222,21810.0,06:33:00,06:33:44,06:33:44,0,3323,McCollum Park Park & Ride Temporary Bay,5.0,0.0
2023-10-23,860,South,22222,21810.0,,06:37:27,06:37:42,1,1552,128th St SE & 3rd Ave SE,1.0,0.0
2023-10-23,860,South,22222,21810.0,06:38:00,06:40:56,06:41:28,2,2106,Mariner Park & Ride Bay 4,4.0,0.0
2023-10-23,860,South,22222,21810.0,,06:42:51,06:42:51,3,2457,134th St SW & Ash Way,0.0,0.0
2023-10-23,860,South,22222,21810.0,,06:43:45,06:44:03,4,2997,Ash Way & 135th St SW,2.0,0.0
2023-10-23,860,South,22222,21810.0,,06:44:46,06:44:58,5,2998,Ash Way & 140th St SW,1.0,0.0
2023-10-23,860,South,22222,21810.0,,06:46:16,06:46:16,6,2999,Ash Way & 149th St SW,0.0,0.0
2023-10-23,860,South,22222,21810.0,,06:46:54,06:46:54,7,3000,Ash Way & 153rd Pl SW,0.0,0.0
2023-10-23,860,South,22222,21810.0,06:42:00,06:48:54,06:49:37,8,2162,Ash Way Park & Ride Bay 3,10.0,0.0
2023-10-23,860,South,22222,21810.0,07:10:00,07:09:42,07:09:42,11,3253,1st Ave N & NE 103rd St,0.0,23.0
2023-10-23,860,South,22223,17800.0,06:57:00,06:57:07,06:57:07,0,3323,McCollum Park Park & Ride Temporary Bay,5.0,0.0
2023-10-23,860,South,22223,17800.0,,07:01:19,07:01:19,1,1552,128th St SE & 3rd Ave SE,0.0,0.0
2023-10-23,860,South,22223,17800.0,07:03:00,07:04:36,07:04:52,2,2106,Mariner Park & Ride Bay 4,1.0,0.0
2023-10-23,860,South,22223,17800.0,,07:06:26,07:06:26,3,2457,134th St SW & Ash Way,0.0,0.0
2023-10-23,860,South,22223,17800.0,,07:07:11,07:07:11,4,2997,Ash Way & 135th St SW,0.0,0.0
2023-10-23,860,South,22223,17800.0,,07:07:47,07:08:05,5,2998,Ash Way & 140th St SW,1.0,0.0
2023-10-23,860,South,22223,17800.0,,07:09:34,07:09:34,6,2999,Ash Way & 149th St SW,0.0,0.0
2023-10-23,860,South,22223,17800.0,,07:10:16,07:10:16,7,3000,Ash Way & 153rd Pl SW,0.0,0.0
2023-10-23,860,South,22223,17800.0,07:08:00,07:12:26,07:13:35,8,2162,Ash Way Park & Ride Bay 3,14.0,0.0
2023-10-23,860,South,22223,17800.0,07:38:00,07:37:04,07:37:04,11,3253,1st Ave N & NE 103rd St,0.0,21.0
2023-10-23,860,South,22224,16801.0,07:32:00,07:31:43,07:31:43,0,3323,McCollum Park Park & Ride Temporary Bay,3.0,0.0
2023-10-23,860,South,22224,16801.0,,07:35:18,07:35:18,1,1552,128th St SE & 3rd Ave SE,0.0,0.0
2023-10-23,860,South,22224,16801.0,07:38:00,07:38:35,07:39:02,2,2106,Mariner Park & Ride Bay 4,3.0,0.0
2023-10-23,860,South,22224,16801.0,,07:40:15,07:40:15,3,2457,134th St SW & Ash Way,0.0,0.0
2023-10-23,860,South,22224,16801.0,,07:40:56,07:40:56,4,2997,Ash Way & 135th St SW,0.0,0.0
2023-10-23,860,South,22224,16801.0,,07:41:27,07:41:27,5,2998,Ash Way & 140th St SW,0.0,0.0
2023-10-23,860,South,22224,16801.0,,07:42:45,07:43:05,6,2999,Ash Way & 149th St SW,1.0,0.0
2023-10-23,860,South,22224,16801.0,,07:43:54,07:44:09,7,3000,Ash Way & 153rd Pl SW,1.0,0.0
2023-10-23,860,South,22224,16801.0,07:43:00,07:47:09,07:48:31,8,2162,Ash Way Park & Ride Bay 3,13.0,2.0
2023-10-23,860,South,22224,16801.0,08:19:00,08:11:56,08:11:56,11,3253,1st Ave N & NE 103rd St,0.0,19.0
2023-10-23,860,South,22225,11100.0,07:57:00,07:57:46,07:57:46,0,3323,McCollum Park Park & Ride Temporary Bay,6.0,0.0
2023-10-23,860,South,22225,11100.0,,08:01:23,08:01:33,1,1552,128th St SE & 3rd Ave SE,1.0,0.0
2023-10-23,860,South,22225,11100.0,08:03:00,08:06:04,08:06:37,2,2106,Mariner Park & Ride Bay 4,7.0,0.0
2023-10-23,860,South,22225,11100.0,,08:08:10,08:08:10,3,2457,134th St SW & Ash Way,0.0,0.0
2023-10-23,860,South,22225,11100.0,,08:08:59,08:08:59,4,2997,Ash Way & 135th St SW,0.0,0.0
2023-10-23,860,South,22225,11100.0,,08:09:39,08:09:54,5,2998,Ash Way & 140th St SW,1.0,0.0
2023-10-23,860,South,22225,11100.0,,08:11:11,08:11:11,6,2999,Ash Way & 149th St SW,0.0,0.0
2023-10-23,860,South,22225,11100.0,,08:11:55,08:12:08,7,3000,Ash Way & 153rd Pl SW,1.0,0.0
2023-10-23,860,South,22225,11100.0,08:08:00,08:14:07,08:15:11,8,2162,Ash Way Park & Ride Bay 3,11.0,2.0
2023-10-23,860,South,22225,11100.0,08:45:00,08:35:35,08:35:35,11,3253,1st Ave N & NE 103rd St,0.0,25.0
2023-10-23,860,South,22226,19802.0,08:45:00,08:44:53,08:44:53,0,3323,McCollum Park Park & Ride Temporary Bay,5.0,0.0
2023-10-23,860,South,22226,19802.0,,08:48:05,08:48:15,1,1552,128th St SE & 3rd Ave SE,2.0,0.0
2023-10-23,860,South,22226,19802.0,08:51:00,08:52:18,08:52:30,2,2106,Mariner Park & Ride Bay 4,1.0,0.0
2023-10-23,860,South,22226,19802.0,,08:53:30,08:53:30,3,2457,134th St SW & Ash Way,0.0,0.0
2023-10-23,860,South,22226,19802.0,,08:54:08,08:54:08,4,2997,Ash Way & 135th St SW,0.0,0.0
2023-10-23,860,South,22226,19802.0,,08:54:37,08:54:37,5,2998,Ash Way & 140th St SW,0.0,0.0
2023-10-23,860,South,22226,19802.0,,08:55:46,08:55:46,6,2999,Ash Way & 149th St SW,0.0,0.0
2023-10-23,860,South,22226,19802.0,,08:56:27,08:56:27,7,3000,Ash Way & 153rd Pl SW,0.0,0.0
2023-10-23,860,South,22226,19802.0,08:55:00,08:58:14,08:58:33,8,2162,Ash Way Park & Ride Bay 3,2.0,0.0
2023-10-23,860,South,22226,19802.0,09:23:00,09:17:25,09:17:25,11,3253,1st Ave N & NE 103rd St,0.0,10.0
2023-10-24,860,North,22211,21808.0,14:40:00,14:41:01,14:41:01,0,2192,Northgate Station Bay 2,4.0,0.0
2023-10-24,860,North,22211,21808.0,14:57:00,15:00:20,15:00:39,3,2163,Ash Way Park & Ride Bay 4,2.0,0.0
2023-10-24,860,North,22211,21808.0,,15:01:46,15:01:46,4,3062,Ash Way & 157th St SW,0.0,0.0
2023-10-24,860,North,22211,21808.0,,15:02:03,15:02:03,5,2993,Ash Way & 153rd St SW,0.0,0.0
2023-10-24,860,North,22211,21808.0,,15:02:36,15:02:36,6,2994,Ash Way & 149th St SW,0.0,0.0
2023-10-24,860,North,22211,21808.0,,15:03:39,15:03:39,7,2995,Ash Way & 141st Pl SW,0.0,0.0
2023-10-24,860,North,22211,21808.0,,15:04:06,15:04:06,8,3004,Ash Way & 137th St SW,0.0,0.0
2023-10-24,860,North,22211,21808.0,,15:05:04,15:05:16,9,2456,134th St SW & Ash Way,0.0,1.0
2023-10-24,860,North,22211,21808.0,15:04:00,15:06:15,15:06:40,10,2104,Mariner Park & Ride Bay 2,0.0,3.0
2023-10-24,860,North,22211,21808.0,,15:09:54,15:10:06,11,165,128th St SE & 3rd Ave SE,0.0,2.0
2023-10-24,860,North,22211,21808.0,,15:10:31,15:10:31,12,169,128th St SE & Park Rd,0.0,0.0
2023-10-24,860,North,22211,21808.0,15:11:00,15:11:42,15:11:42,13,3323,McCollum Park Park & Ride Temporary Bay,0.0,0.0
2023-10-24,860,North,22212,19808.0,15:15:00,15:17:02,15:17:02,0,2192,Northgate Station Bay 2,16.0,0.0
2023-10-24,860,North,22212,19808.0,15:37:00,15:36:29,15:37:06,3,2163,Ash Way Park & Ride Bay 4,0.0,7.0
2023-10-24,860,North,22212,19808.0,,15:38:08,15:38:08,4,3062,Ash Way & 157th St SW,0.0,0.0
2023-10-24,860,North,22212,19808.0,,15:38:22,15:38:22,5,2993,Ash Way & 153rd St SW,0.0,0.0
2023-10-24,860,North,22212,19808.0,,15:38:55,15:38:55,6,2994,Ash Way & 149th St SW,0.0,0.0
2023-10-24,860,North,22212,19808.0,,15:41:05,15:41:05,7,2995,Ash Way & 141st Pl SW,0.0,0.0
2023-10-24,860,North,22212,19808.0,,15:43:04,15:43:04,8,3004,Ash Way & 137th St SW,0.0,0.0
2023-10-24,860,North,22212,19808.0,,15:44:07,15:44:07,9,2456,134th St SW & Ash Way,0.0,0.0
2023-10-24,860,North,22212,19808.0,15:44:00,15:44:57,15:45:21,10,2104,Mariner Park & Ride Bay 2,0.0,3.0
2023-10-24,860,North,22212,19808.0,,15:48:27,15:48:39,11,165,128th St SE & 3rd Ave SE,0.0,1.0
2023-10-24,860,North,22212,19808.0,,15:49:01,15:49:01,12,169,128th St SE & Park Rd,0.0,0.0
2023-10-24,860,North,22212,19808.0,15:51:00,15:50:09,15:50:09,13,3323,McCollum Park Park & Ride Temporary Bay,0.0,5.0
2023-10-24,860,North,22213,19803.0,15:45:00,15:45:48,15:45:48,0,2192,Northgate Station Bay 2,15.0,0.0
2023-10-24,860,North,22213,19803.0,16:11:00,16:11:44,16:12:07,3,2163,Ash Way Park & Ride Bay 4,0.0,8.0
2023-10-24,860,North,22213,19803.0,,16:13:24,16:13:24,4,3062,Ash Way & 157th St SW,0.0,0.0
2023-10-24,860,North,22213,19803.0,,16:13:41,16:13:54,5,2993,Ash Way & 153rd St SW,0.0,1.0
2023-10-24,860,North,22213,19803.0,,16:14:37,16:14:50,6,2994,Ash Way & 149th St SW,0.0,1.0
2023-10-24,860,North,22213,19803.0,,16:15:56,16:15:56,7,2995,Ash Way & 141st Pl SW,0.0,0.0
2023-10-24,860,North,22213,19803.0,,16:16:21,16:16:21,8,3004,Ash Way & 137th St SW,0.0,0.0
2023-10-24,860,North,22213,19803.0,,16:17:04,16:17:04,9,2456,134th St SW & Ash Way,0.0,0.0
2023-10-24,860,North,22213,19803.0,16:18:00,16:17:51,16:18:01,10,2104,Mariner Park & Ride Bay 2,0.0,1.0
2023-10-24,860,North,22213,19803.0,,16:25:00,16:25:00,11,165,128th St SE & 3rd Ave SE,0.0,0.0
2023-10-24,860,North,22213,19803.0,,16:25:16,16:25:16,12,169,128th St SE & Park Rd,0.0,0.0
2023-10-24,860,North,22213,19803.0,16:25:00,16:26:29,16:26:29,13,3323,McCollum Park Park & Ride Temporary Bay,0.0,4.0
2023-10-24,860,North,22214,19805.0,16:15:00,16:16:20,16:16:20,0,2192,Northgate Station Bay 2,20.0,0.0
2023-10-24,860,North,22214,19805.0,16:41:00,16:46:01,16:46:29,3,2163,Ash Way Park & Ride Bay 4,0.0,5.0
2023-10-24,860,North,22214,19805.0,,16:47:34,16:47:34,4,3062,Ash Way & 157th St SW,0.0,0.0
2023-10-24,860,North,22214,19805.0,,16:47:54,16:48:10,5,2993,Ash Way & 153rd St SW,0.0,2.0
2023-10-24,860,North,22214,19805.0,,16:48:52,16:48:52,6,2994,Ash Way & 149th St SW,0.0,0.0
2023-10-24,860,North,22214,19805.0,,16:49:59,16:50:07,7,2995,Ash Way & 141st Pl SW,0.0,0.0
2023-10-24,860,North,22214,19805.0,,16:50:47,16:50:59,8,3004,Ash Way & 137th St SW,0.0,1.0
2023-10-24,860,North,22214,19805.0,,16:51:58,16:52:10,9,2456,134th St SW & Ash Way,0.0,1.0
2023-10-24,860,North,22214,19805.0,16:48:00,16:53:00,16:53:13,10,2104,Mariner Park & Ride Bay 2,0.0,5.0
2023-10-24,860,North,22214,19805.0,,16:58:13,16:58:26,11,165,128th St SE & 3rd Ave SE,0.0,1.0
2023-10-24,860,North,22214,19805.0,,16:58:47,16:58:47,12,169,128th St SE & Park Rd,0.0,0.0
2023-10-24,860,North,22214,19805.0,16:58:00,16:59:51,16:59:51,13,3323,McCollum Park Park & Ride Temporary Bay,0.0,5.0
2023-10-24,860,North,22215,21814.0,16:45:00,16:46:37,16:46:37,0,2192,Northgate Station Bay 2,26.0,0.0
2023-10-24,860,North,22215,21814.0,17:11:00,17:15:15,17:16:06,3,2163,Ash Way Park & Ride Bay 4,0.0,21.0
2023-10-24,860,North,22215,21814.0,,17:17:19,17:17:19,4,3062,Ash Way & 157th St SW,0.0,0.0
2023-10-24,860,North,22215,21814.0,,17:17:33,17:17:33,5,2993,Ash Way & 153rd St SW,0.0,0.0
2023-10-24,860,North,22215,21814.0,,17:18:07,17:18:07,6,2994,Ash Way & 149th St SW,0.0,0.0
2023-10-24,860,North,22215,21814.0,,17:19:09,17:19:09,7,2995,Ash Way & 141st Pl SW,0.0,0.0
2023-10-24,860,North,22215,21814.0,,17:19:38,17:19:38,8,3004,Ash Way & 137th St SW,0.0,0.0
2023-10-24,860,North,22215,21814.0,,17:20:30,17:20:30,9,2456,134th St SW & Ash Way,0.0,0.0
2023-10-24,860,North,22215,21814.0,17:18:00,17:21:25,17:21:46,10,2104,Mariner Park & Ride Bay 2,0.0,2.0
2023-10-24,860,North,22215,21814.0,,17:27:16,17:27:29,11,165,128th St SE & 3rd Ave SE,0.0,1.0
2023-10-24,860,North,22215,21814.0,,17:27:51,17:27:51,12,169,128th St SE & Park Rd,0.0,0.0
2023-10-24,860,North,22215,21814.0,17:28:00,17:29:08,17:29:08,13,3323,McCollum Park Park & Ride Temporary Bay,0.0,2.0
2023-10-24,860,North,22216,19809.0,17:15:00,17:18:08,17:18:08,0,2192,Northgate Station Bay 2,37.0,0.0
2023-10-24,860,North,22216,19809.0,17:39:00,17:42:30,17:44:42,3,2163,Ash Way Park & Ride Bay 4,1.0,22.0
2023-10-24,860,North,22216,19809.0,,17:45:33,17:45:33,4,3062,Ash Way & 157th St SW,0.0,0.0
2023-10-24,860,North,22216,19809.0,,17:45:50,17:45:50,5,2993,Ash Way & 153rd St SW,0.0,0.0
2023-10-24,860,North,22216,19809.0,,17:46:26,17:46:26,6,2994,Ash Way & 149th St SW,0.0,0.0
2023-10-24,860,North,22216,19809.0,,17:47:34,17:47:34,7,2995,Ash Way & 141st Pl SW,0.0,0.0
2023-10-24,860,North,22216,19809.0,,17:48:18,17:48:18,8,3004,Ash Way & 137th St SW,0.0,0.0
2023-10-24,860,North,22216,19809.0,,17:49:07,17:49:07,9,2456,134th St SW & Ash Way,0.0,0.0
2023-10-24,860,North,22216,19809.0,17:46:00,17:49:55,17:50:16,10,2104,Mariner Park & Ride Bay 2,0.0,7.0
2023-10-24,860,North,22216,19809.0,,17:53:40,17:53:50,11,165,128th St SE & 3rd Ave SE,0.0,2.0
2023-10-24,860,North,22216,19809.0,,17:54:14,17:54:14,12,169,128th St SE & Park Rd,0.0,0.0
2023-10-24,860,North,22216,19809.0,17:55:00,17:55:20,17:55:20,13,3323,McCollum Park Park & Ride Temporary Bay,0.0,7.0
2023-10-24,860,North,22217,22801.0,17:30:00,17:30:31,17:30:31,0,2192,Northgate Station Bay 2,14.0,0.0
2023-10-24,860,North,22217,22801.0,17:52:00,17:58:12,17:58:43,3,2163,Ash Way Park & Ride Bay 4,0.0,14.0
2023-10-24,860,North,22217,22801.0,,17:59:52,17:59:52,4,3062,Ash Way & 157th St SW,0.0,0.0
2023-10-24,860,North,22217,22801.0,,18:00:10,18:00:10,5,2993,Ash Way & 153rd St SW,0.0,0.0
2023-10-24,860,North,22217,22801.0,,18:00:47,18:00:47,6,2994,Ash Way & 149th St SW,0.0,0.0
2023-10-24,860,North,22217,22801.0,,18:01:57,18:01:57,7,2995,Ash Way & 141st Pl SW,0.0,0.0
2023-10-24,860,North,22217,22801.0,,18:02:26,18:02:26,8,3004,Ash Way & 137th St SW,0.0,0.0
2023-10-24,860,North,22217,22801.0,,18:03:21,18:03:21,9,2456,134th St SW & Ash Way,0.0,0.0
2023-10-24,860,North,22217,22801.0,17:59:00,18:04:15,18:04:31,10,2104,Mariner Park & Ride Bay 2,0.0,0.0
2023-10-24,860,North,22217,22801.0,,18:09:53,18:09:53,11,165,128th St SE & 3rd Ave SE,0.0,0.0
2023-10-24,860,North,22217,22801.0,,18:10:13,18:10:13,12,169,128th St SE & Park Rd,0.0,0.0
2023-10-24,860,North,22217,22801.0,18:07:00,18:11:35,18:11:35,13,3323,McCollum Park Park & Ride Temporary Bay,0.0,0.0
2023-10-24,860,North,22218,19805.0,17:45:00,17:45:22,17:45:22,0,2192,Northgate Station Bay 2,20.0,0.0
2023-10-24,860,North,22218,19805.0,18:07:00,18:13:02,18:13:36,3,2163,Ash Way Park & Ride Bay 4,20.0,25.0
2023-10-24,860,North,22218,19805.0,,18:14:51,18:14:51,4,3062,Ash Way & 157th St SW,0.0,0.0
2023-10-24,860,North,22218,19805.0,,18:15:13,18:15:34,5,2993,Ash Way & 153rd St SW,0.0,2.0
2023-10-24,860,North,22218,19805.0,,18:16:13,18:16:13,6,2994,Ash Way & 149th St SW,0.0,0.0
2023-10-24,860,North,22218,19805.0,,18:17:22,18:17:22,7,2995,Ash Way & 141st Pl SW,0.0,0.0
2023-10-24,860,North,22218,19805.0,,18:17:50,18:17:50,8,3004,Ash Way & 137th St SW,0.0,0.0
2023-10-24,860,North,22218,19805.0,,18:18:38,18:18:38,9,2456,134th St SW & Ash Way,0.0,0.0
2023-10-24,860,North,22218,19805.0,18:14:00,18:19:24,18:19:50,10,2104,Mariner Park & Ride Bay 2,1.0,10.0
2023-10-24,860,North,22218,19805.0,,18:23:02,18:23:14,11,165,128th St SE & 3rd Ave SE,0.0,1.0
2023-10-24,860,North,22218,19805.0,,18:23:37,18:23:37,12,169,128th St SE & Park Rd,0.0,0.0
2023-10-24,860,North,22218,19805.0,18:22:00,18:24:51,18:24:51,13,3323,McCollum Park Park & Ride Temporary Bay,0.0,3.0
2023-10-24,860,North,22219,21814.0,18:15:00,18:17:06,18:17:06,0,2192,Northgate Station Bay 2,17.0,0.0
2023-10-24,860,North,22219,21814.0,18:35:00,18:40:25,18:41:08,3,2163,Ash Way Park & Ride Bay 4,0.0,11.0
2023-10-24,860,North,22219,21814.0,,18:42:31,18:42:31,4,3062,Ash Way & 157th St SW,0.0,0.0
2023-10-24,860,North,22219,21814.0,,18:42:56,18:42:56,5,2993,Ash Way & 153rd St SW,0.0,0.0
2023-10-24,860,North,22219,21814.0,,18:43:35,18:43:35,6,2994,Ash Way & 149th St SW,0.0,0.0
2023-10-24,860,North,22219,21814.0,,18:44:44,18:44:44,7,2995,Ash Way & 141st Pl SW,0.0,0.0
2023-10-24,860,North,22219,21814.0,,18:45:13,18:45:13,8,3004,Ash Way & 137th St SW,0.0,0.0
2023-10-24,860,North,22219,21814.0,,18:46:07,18:46:07,9,2456,134th St SW & Ash Way,0.0,0.0
2023-10-24,860,North,22219,21814.0,18:42:00,18:47:02,18:47:36,10,2104,Mariner Park & Ride Bay 2,0.0,5.0
2023-10-24,860,North,22219,21814.0,,18:52:05,18:52:05,11,165,128th St SE & 3rd Ave SE,0.0,0.0
2023-10-24,860,North,22219,21814.0,,18:52:24,18:52:24,12,169,128th St SE & Park Rd,0.0,0.0
2023-10-24,860,North,22219,21814.0,18:48:00,18:53:43,18:53:43,13,3323,McCollum Park Park & Ride Temporary Bay,0.0,1.0
2023-10-24,860,South,22220,17802.0,05:25:00,05:25:06,05:25:06,0,3323,McCollum Park Park & Ride Temporary Bay,4.0,0.0
2023-10-24,860,South,22220,17802.0,,05:28:16,05:28:28,1,1552,128th St SE & 3rd Ave SE,1.0,0.0
2023-10-24,860,South,22220,17802.0,05:30:00,05:32:19,05:32:48,2,2106,Mariner Park & Ride Bay 4,3.0,0.0
2023-10-24,860,South,22220,17802.0,,05:34:02,05:34:02,3,2457,134th St SW & Ash Way,0.0,0.0
2023-10-24,860,South,22220,17802.0,,05:34:41,05:34:41,4,2997,Ash Way & 135th St SW,0.0,0.0
2023-10-24,860,South,22220,17802.0,,05:35:14,05:35:29,5,2998,Ash Way & 140th St SW,1.0,0.0
2023-10-24,860,South,22220,17802.0,,05:36:46,05:36:46,6,2999,Ash Way & 149th St SW,0.0,0.0
2023-10-24,860,South,22220,17802.0,,05:37:23,05:37:23,7,3000,Ash Way & 153rd Pl SW,0.0,0.0
2023-10-24,860,South,22220,17802.0,05:34:00,05:39:09,05:39:31,8,2162,Ash Way Park & Ride Bay 3,2.0,0.0
2023-10-24,860,South,22220,17802.0,05:56:00,05:56:07,05:56:07,11,3253,1st Ave N & NE 103rd St,0.0,11.0
2023-10-24,860,South,22221,19803.0,06:00:00,06:00:02,06:00:02,0,3323,McCollum Park Park & Ride Temporary Bay,0.0,0.0
2023-10-24,860,South,22221,19803.0,,06:03:15,06:03:15,1,1552,128th St SE & 3rd Ave SE,0.0,0.0
2023-10-24,860,South,22221,19803.0,06:05:00,06:06:01,06:06:30,2,2106,Mariner Park & Ride Bay 4,0.0,0.0
2023-10-24,860,South,22221,19803.0,,06:07:47,06:07:47,3,2457,134th St SW & Ash Way,0.0,0.0
2023-10-24,860,South,22221,19803.0,,06:08:33,06:08:51,4,2997,Ash Way & 135th St SW,0.0,0.0
2023-10-24,860,South,22221,19803.0,,06:09:42,06:09:42,5,2998,Ash Way & 140th St SW,0.0,0.0
2023-10-24,860,South,22221,19803.0,,06:11:01,06:11:01,6,2999,Ash Way & 149th St SW,0.0,0.0
2023-10-24,860,South,22221,19803.0,,06:11:45,06:12:12,7,3000,Ash Way & 153rd Pl SW,0.0,0.0
2023-10-24,860,South,22221,19803.0,06:09:00,06:14:17,06:14:59,8,2162,Ash Way Park & Ride Bay 3,0.0,0.0
2023-10-24,860,South,22221,19803.0,06:34:00,06:36:17,06:36:17,11,3253,1st Ave N & NE 103rd St,0.0,0.0
2023-10-24,860,South,22222,21806.0,06:33:00,06:33:11,06:33:11,0,3323,McCollum Park Park & Ride Temporary Bay,9.0,0.0
2023-10-24,860,South,22222,21806.0,,06:36:09,06:36:09,1,1552,128th St SE & 3rd Ave SE,0.0,0.0
2023-10-24,860,South,22222,21806.0,06:38:00,06:40:06,06:40:55,2,2106,Mariner Park & Ride Bay 4,5.0,0.0
2023-10-24,860,South,22222,21806.0,,06:42:11,06:42:11,3,2457,134th St SW & Ash Way,0.0,0.0
2023-10-24,860,South,22222,21806.0,,06:43:01,06:43:01,4,2997,Ash Way & 135th St SW,0.0,0.0
2023-10-24,860,South,22222,21806.0,,06:43:38,06:43:52,5,2998,Ash Way & 140th St SW,1.0,0.0
2023-10-24,860,South,22222,21806.0,,06:45:20,06:45:34,6,2999,Ash Way & 149th St SW,1.0,0.0
2023-10-24,860,South,22222,21806.0,,06:46:40,06:46:40,7,3000,Ash Way & 153rd Pl SW,0.0,0.0
2023-10-24,860,South,22222,21806.0,06:42:00,06:48:31,06:49:10,8,2162,Ash Way Park & Ride Bay 3,10.0,1.0
2023-10-24,860,South,22222,21806.0,07:10:00,07:16:55,07:16:55,11,3253,1st Ave N & NE 103rd St,0.0,25.0
2023-10-24,860,South,22223,22807.0,06:57:00,06:57:08,06:57:08,0,3323,McCollum Park Park & Ride Temporary Bay,3.0,0.0
2023-10-24,860,South,22223,22807.0,,07:01:11,07:01:11,1,1552,128th St SE & 3rd Ave SE,0.0,0.0
2023-10-24,860,South,22223,22807.0,07:03:00,07:04:29,07:04:59,2,2106,Mariner Park & Ride Bay 4,4.0,0.0
2023-10-24,860,South,22223,22807.0,,07:06:10,07:06:10,3,2457,134th St SW & Ash Way,0.0,0.0
2023-10-24,860,South,22223,22807.0,,07:06:55,07:06:55,4,2997,Ash Way & 135th St SW,0.0,0.0
2023-10-24,860,South,22223,22807.0,,07:07:35,07:07:52,5,2998,Ash Way & 140th St SW,1.0,0.0
2023-10-24,860,South,22223,22807.0,,07:09:09,07:09:09,6,2999,Ash Way & 149th St SW,0.0,0.0
2023-10-24,860,South,22223,22807.0,,07:09:47,07:09:47,7,3000,Ash Way & 153rd Pl SW,0.0,0.0
2023-10-24,860,South,22223,22807.0,07:08:00,07:11:57,07:13:23,8,2162,Ash Way Park & Ride Bay 3,19.0,2.0
2023-10-24,860,South,22223,22807.0,07:38:00,07:56:18,07:56:18,11,3253,1st Ave N & NE 103rd St,0.0,25.0
2023-10-24,860,South,22224,19803.0,07:32:00,07:31:34,07:31:34,0,3323,McCollum Park Park & Ride Temporary Bay,0.0,0.0
2023-10-24,860,South,22224,19803.0,,07:35:22,07:35:37,1,1552,128th St SE & 3rd Ave SE,0.0,0.0
2023-10-24,860,South,22224,19803.0,07:38:00,07:38:17,07:38:59,2,2106,Mariner Park & Ride Bay 4,0.0,0.0
2023-10-24,860,South,22224,19803.0,,07:40:15,07:40:15,3,2457,134th St SW & Ash Way,0.0,0.0
2023-10-24,860,South,22224,19803.0,,07:41:09,07:41:33,4,2997,Ash Way & 135th St SW,0.0,0.0
2023-10-24,860,South,22224,19803.0,,07:42:09,07:42:09,5,2998,Ash Way & 140th St SW,0.0,0.0
2023-10-24,860,South,22224,19803.0,,07:43:23,07:43:23,6,2999,Ash Way & 149th St SW,0.0,0.0
2023-10-24,860,South,22224,19803.0,,07:44:08,07:44:30,7,3000,Ash Way & 153rd Pl SW,0.0,0.0
2023-10-24,860,South,22224,19803.0,07:43:00,07:46:56,07:47:58,8,2162,Ash Way Park & Ride Bay 3,0.0,0.0
2023-10-24,860,South,22224,19803.0,08:19:00,08:27:39,08:27:39,11,3253,1st Ave N & NE 103rd St,0.0,0.0
2023-10-24,860,South,22225,17105.0,07:57:00,08:00:45,08:00:45,0,3323,McCollum Park Park & Ride Temporary Bay,7.0,0.0
2023-10-24,860,South,22225,17105.0,,08:03:57,08:04:03,1,1552,128th St SE & 3rd Ave SE,0.0,0.0
2023-10-24,860,South,22225,17105.0,08:03:00,08:08:53,08:09:14,2,2106,Mariner Park & Ride Bay 4,4.0,1.0
2023-10-24,860,South,22225,17105.0,,08:10:21,08:10:21,3,2457,134th St SW & Ash Way,0.0,0.0
2023-10-24,860,South,22225,17105.0,,08:11:18,08:11:33,4,2997,Ash Way & 135th St SW,1.0,0.0
2023-10-24,860,South,22225,17105.0,,08:12:08,08:12:08,5,2998,Ash Way & 140th St SW,0.0,0.0
2023-10-24,860,South,22225,17105.0,,08:13:23,08:13:23,6,2999,Ash Way & 149th St SW,0.0,0.0
2023-10-24,860,South,22225,17105.0,,08:14:01,08:14:09,7,3000,Ash Way & 153rd Pl SW,0.0,0.0
2023-10-24,860,South,22225,17105.0,08:08:00,08:15:56,08:16:45,8,2162,Ash Way Park & Ride Bay 3,13.0,1.0
2023-10-24,860,South,22225,17105.0,08:45:00,08:52:34,08:52:34,11,3253,1st Ave N & NE 103rd St,0.0,23.0
2023-10-24,860,South,22226,17802.0,08:45:00,08:45:05,08:45:05,0,3323,McCollum Park Park & Ride Temporary Bay,5.0,0.0
2023-10-24,860,South,22226,17802.0,,08:49:51,08:50:10,1,1552,128th St SE & 3rd Ave SE,3.0,0.0
2023-10-24,860,South,22226,17802.0,08:51:00,08:54:47,08:55:06,2,2106,Mariner Park & Ride Bay 4,3.0,0.0
2023-10-24,860,South,22226,17802.0,,08:56:08,08:56:08,3,2457,134th St SW & Ash Way,0.0,0.0
2023-10-24,860,South,22226,17802.0,,08:56:46,08:56:46,4,2997,Ash Way & 135th St SW,0.0,0.0
2023-10-24,860,South,22226,17802.0,,08:57:14,08:57:14,5,2998,Ash Way & 140th St SW,0.0,0.0
2023-10-24,860,South,22226,17802.0,,08:58:23,08:58:41,6,2999,Ash Way & 149th St SW,2.0,0.0
2023-10-24,860,South,22226,17802.0,,08:59:24,08:59:24,7,3000,Ash Way & 153rd Pl SW,0.0,0.0
2023-10-24,860,South,22226,17802.0,08:55:00,09:01:59,09:02:28,8,2162,Ash Way Park & Ride Bay 3,3.0,2.0
2023-10-24,860,South,22226,17802.0,09:23:00,09:25:53,09:25:53,11,3253,1st Ave N & NE 103rd St,0.0,14.0
2023-10-25,860,North,22211,22805.0,14:40:00,14:40:05,14:40:05,0,2192,Northgate Station Bay 2,8.0,0.0
2023-10-25,860,North,22211,22805.0,14:57:00,14:56:56,14:57:10,3,2163,Ash Way Park & Ride Bay 4,0.0,2.0
2023-10-25,860,North,22211,22805.0,,14:58:42,14:58:42,4,3062,Ash Way & 157th St SW,0.0,0.0
2023-10-25,860,North,22211,22805.0,,14:59:04,14:59:04,5,2993,Ash Way & 153rd St SW,0.0,0.0
2023-10-25,860,North,22211,22805.0,,14:59:41,14:59:41,6,2994,Ash Way & 149th St SW,0.0,0.0
2023-10-25,860,North,22211,22805.0,,15:01:12,15:01:12,7,2995,Ash Way & 141st Pl SW,0.0,0.0
2023-10-25,860,North,22211,22805.0,,15:01:40,15:01:40,8,3004,Ash Way & 137th St SW,0.0,0.0
2023-10-25,860,North,22211,22805.0,,15:02:29,15:02:29,9,2456,134th St SW & Ash Way,0.0,0.0
2023-10-25,860,North,22211,22805.0,15:04:00,15:03:14,15:03:41,10,2104,Mariner Park & Ride Bay 2,0.0,2.0
2023-10-25,860,North,22211,22805.0,,15:09:24,15:09:24,11,165,128th St SE & 3rd Ave SE,0.0,0.0
2023-10-25,860,North,22211,22805.0,,15:09:42,15:09:42,12,169,128th St SE & Park Rd,0.0,0.0
2023-10-25,860,North,22211,22805.0,15:11:00,15:11:20,15:11:20,13,3323,McCollum Park Park & Ride Temporary Bay,0.0,4.0
2023-10-25,860,North,22212,16801.0,15:15:00,15:19:50,15:19:50,0,2192,Northgate Station Bay 2,7.0,0.0
2023-10-25,860,North,22212,16801.0,15:37:00,15:41:23,15:41:39,3,2163,Ash Way Park & Ride Bay 4,0.0,2.0
2023-10-25,860,North,22212,16801.0,,15:42:42,15:42:42,4,3062,Ash Way & 157th St SW,0.0,0.0
2023-10-25,860,North,22212,16801.0,,15:42:56,15:42:56,5,2993,Ash Way & 153rd St SW,0.0,0.0
2023-10-25,860,North,22212,16801.0,,15:43:30,15:43:30,6,2994,Ash Way & 149th St SW,0.0,0.0
2023-10-25,860,North,22212,16801.0,,15:44:28,15:44:28,7,2995,Ash Way & 141st Pl SW,0.0,0.0
2023-10-25,860,North,22212,16801.0,,15:44:54,15:44:54,8,3004,Ash Way & 137th St SW,0.0,0.0
2023-10-25,860,North,22212,16801.0,,15:45:39,15:45:39,9,2456,134th St SW & Ash Way,0.0,0.0
2023-10-25,860,North,22212,16801.0,15:44:00,15:46:27,15:46:44,10,2104,Mariner Park & Ride Bay 2,0.0,2.0
2023-10-25,860,North,22212,16801.0,,15:49:42,15:49:42,11,165,128th St SE & 3rd Ave SE,0.0,0.0
2023-10-25,860,North,22212,16801.0,,15:49:58,15:49:58,12,169,128th St SE & Park Rd,0.0,0.0
2023-10-25,860,North,22212,16801.0,15:51:00,15:51:26,15:51:26,13,3323,McCollum Park Park & Ride Temporary Bay,0.0,3.0
2023-10-25,860,North,22213,21805.0,15:45:00,15:46:01,15:46:01,0,2192,Northgate Station Bay 2,20.0,0.0
2023-10-25,860,North,22213,21805.0,16:11:00,16:09:20,16:09:53,3,2163,Ash Way Park & Ride Bay 4,0.0,13.0
2023-10-25,860,North,22213,21805.0,,16:11:05,16:11:05,4,3062,Ash Way & 157th St SW,0.0,0.0
2023-10-25,860,North,22213,21805.0,,16:11:23,16:11:23,5,2993,Ash Way & 153rd St SW,0.0,0.0
2023-10-25,860,North,22213,21805.0,,16:12:00,16:12:00,6,2994,Ash Way & 149th St SW,0.0,0.0
2023-10-25,860,North,22213,21805.0,,16:13:04,16:13:04,7,2995,Ash Way & 141st Pl SW,0.0,0.0
2023-10-25,860,North,22213,21805.0,,16:13:34,16:13:34,8,3004,Ash Way & 137th St SW,0.0,0.0
2023-10-25,860,North,22213,21805.0,,16:14:22,16:14:22,9,2456,134th St SW & Ash Way,0.0,0.0
2023-10-25,860,North,22213,21805.0,16:18:00,16:15:07,16:15:26,10,2104,Mariner Park & Ride Bay 2,0.0,3.0
2023-10-25,860,North,22213,21805.0,,16:20:14,16:20:14,11,165,128th St SE & 3rd Ave SE,0.0,0.0
2023-10-25,860,North,22213,21805.0,,16:20:33,16:20:33,12,169,128th St SE & Park Rd,0.0,0.0
2023-10-25,860,North,22213,21805.0,16:25:00,16:21:41,16:21:41,13,3323,McCollum Park Park & Ride Temporary Bay,0.0,4.0
2023-10-25,860,North,22214,21814.0,16:15:00,16:18:20,16:18:20,0,2192,Northgate Station Bay 2,21.0,0.0
2023-10-25,860,North,22214,21814.0,16:41:00,16:38:24,16:39:01,3,2163,Ash Way Park & Ride Bay 4,2.0,10.0
2023-10-25,860,North,22214,21814.0,,16:40:55,16:40:55,4,3062,Ash Way & 157th St SW,0.0,0.0
2023-10-25,860,North,22214,21814.0,,16:41:17,16:41:17,5,2993,Ash Way & 153rd St SW,0.0,0.0
2023-10-25,860,North,22214,21814.0,,16:42:30,16:42:30,6,2994,Ash Way & 149th St SW,0.0,0.0
2023-10-25,860,North,22214,21814.0,,16:43:33,16:43:33,7,2995,Ash Way & 141st Pl SW,0.0,0.0
2023-10-25,860,North,22214,21814.0,,16:44:06,16:44:19,8,3004,Ash Way & 137th St SW,0.0,1.0
2023-10-25,860,North,22214,21814.0,,16:45:13,16:45:13,9,2456,134th St SW & Ash Way,0.0,0.0
2023-10-25,860,North,22214,21814.0,16:48:00,16:46:00,16:46:20,10,2104,Mariner Park & Ride Bay 2,0.0,5.0
2023-10-25,860,North,22214,21814.0,,16:52:39,16:52:53,11,165,128th St SE & 3rd Ave SE,0.0,1.0
2023-10-25,860,North,22214,21814.0,,16:53:14,16:53:14,12,169,128th St SE & Park Rd,0.0,0.0
2023-10-25,860,North,22214,21814.0,16:58:00,16:54:25,16:54:25,13,3323,McCollum Park Park & Ride Temporary Bay,0.0,6.0
2023-10-25,860,North,22215,21813.0,16:45:00,16:45:50,16:45:50,0,2192,Northgate Station Bay 2,31.0,0.0
2023-10-25,860,North,22215,21813.0,17:11:00,17:10:33,17:11:07,3,2163,Ash Way Park & Ride Bay 4,0.0,22.0
2023-10-25,860,North,22215,21813.0,,17:12:35,17:12:35,4,3062,Ash Way & 157th St SW,0.0,0.0
2023-10-25,860,North,22215,21813.0,,17:12:54,17:12:54,5,2993,Ash Way & 153rd St SW,0.0,0.0
2023-10-25,860,North,22215,21813.0,,17:13:34,17:13:48,6,2994,Ash Way & 149th St SW,0.0,1.0
2023-10-25,860,North,22215,21813.0,,17:14:57,17:14:57,7,2995,Ash Way & 141st Pl SW,0.0,0.0
2023-10-25,860,North,22215,21813.0,,17:15:25,17:15:25,8,3004,Ash Way & 137th St SW,0.0,0.0
2023-10-25,860,North,22215,21813.0,,17:16:17,17:16:30,9,2456,134th St SW & Ash Way,0.0,2.0
2023-10-25,860,North,22215,21813.0,17:18:00,17:17:20,17:17:37,10,2104,Mariner Park & Ride Bay 2,0.0,3.0
2023-10-25,860,North,22215,21813.0,,17:21:44,17:21:54,11,165,128th St SE & 3rd Ave SE,0.0,1.0
2023-10-25,860,North,22215,21813.0,,17:22:16,17:22:16,12,169,128th St SE & Park Rd,0.0,0.0
2023-10-25,860,North,22215,21813.0,17:28:00,17:24:09,17:24:09,13,3323,McCollum Park Park & Ride Temporary Bay,0.0,2.0
2023-10-25,860,North,22216,16809.0,17:15:00,17:17:52,17:17:52,0,2192,Northgate Station Bay 2,30.0,0.0
2023-10-25,860,North,22216,16809.0,17:39:00,17:40:25,17:41:14,3,2163,Ash Way Park & Ride Bay 4,3.0,18.0
2023-10-25,860,North,22216,16809.0,,17:42:18,17:42:18,4,3062,Ash Way & 157th St SW,0.0,0.0
2023-10-25,860,North,22216,16809.0,,17:42:34,17:42:34,5,2993,Ash Way & 153rd St SW,0.0,0.0
2023-10-25,860,North,22216,16809.0,,17:43:15,17:43:35,6,2994,Ash Way & 149th St SW,0.0,1.0
2023-10-25,860,North,22216,16809.0,,17:44:42,17:44:42,7,2995,Ash Way & 141st Pl SW,0.0,0.0
2023-10-25,860,North,22216,16809.0,,17:45:10,17:45:10,8,3004,Ash Way & 137th St SW,0.0,0.0
2023-10-25,860,North,22216,16809.0,,17:45:57,17:45:57,9,2456,134th St SW & Ash Way,0.0,0.0
2023-10-25,860,North,22216,16809.0,17:46:00,17:46:43,17:47:00,10,2104,Mariner Park & Ride Bay 2,0.0,5.0
2023-10-25,860,North,22216,16809.0,,17:50:04,17:50:19,11,165,128th St SE & 3rd Ave SE,0.0,2.0
2023-10-25,860,North,22216,16809.0,,17:50:41,17:50:41,12,169,128th St SE & Park Rd,0.0,0.0
2023-10-25,860,North,22216,16809.0,17:55:00,17:52:19,17:52:19,13,3323,McCollum Park Park & Ride Temporary Bay,0.0,7.0
2023-10-25,860,North,22217,19801.0,17:30:00,17:31:29,17:31:29,0,2192,Northgate Station Bay 2,21.0,0.0
2023-10-25,860,North,22217,19801.0,17:52:00,17:55:09,17:55:42,3,2163,Ash Way Park & Ride Bay 4,0.0,16.0
2023-10-25,860,North,22217,19801.0,,17:56:52,17:56:52,4,3062,Ash Way & 157th St SW,0.0,0.0
2023-10-25,860,North,22217,19801.0,,17:57:08,17:57:08,5,2993,Ash Way & 153rd St SW,0.0,0.0
2023-10-25,860,North,22217,19801.0,,17:57:40,17:57:40,6,2994,Ash Way & 149th St SW,0.0,0.0
2023-10-25,860,North,22217,19801.0,,17:58:41,17:58:41,7,2995,Ash Way & 141st Pl SW,0.0,0.0
2023-10-25,860,North,22217,19801.0,,17:59:10,17:59:10,8,3004,Ash Way & 137th St SW,0.0,0.0
2023-10-25,860,North,22217,19801.0,,18:00:03,18:00:03,9,2456,134th St SW & Ash Way,0.0,0.0
2023-10-25,860,North,22217,19801.0,17:59:00,18:00:53,18:01:05,10,2104,Mariner Park & Ride Bay 2,0.0,3.0
2023-10-25,860,North,22217,19801.0,,18:04:14,18:04:14,11,165,128th St SE & 3rd Ave SE,0.0,0.0
2023-10-25,860,North,22217,19801.0,,18:04:34,18:04:34,12,169,128th St SE & Park Rd,0.0,0.0
2023-10-25,860,North,22217,19801.0,18:07:00,18:06:17,18:06:17,13,3323,McCollum Park Park & Ride Temporary Bay,0.0,2.0
2023-10-25,860,North,22218,21814.0,17:45:00,17:46:43,17:46:43,0,2192,Northgate Station Bay 2,26.0,0.0
2023-10-25,860,North,22218,21814.0,18:07:00,18:07:56,18:09:00,3,2163,Ash Way Park & Ride Bay 4,0.0,15.0
2023-10-25,860,North,22218,21814.0,,18:10:12,18:10:12,4,3062,Ash Way & 157th St SW,0.0,0.0
2023-10-25,860,North,22218,21814.0,,18:10:26,18:10:26,5,2993,Ash Way & 153rd St SW,0.0,0.0
2023-10-25,860,North,22218,21814.0,,18:10:59,18:10:59,6,2994,Ash Way & 149th St SW,0.0,0.0
2023-10-25,860,North,22218,21814.0,,18:12:01,18:12:01,7,2995,Ash Way & 141st Pl SW,0.0,0.0
2023-10-25,860,North,22218,21814.0,,18:12:31,18:12:31,8,3004,Ash Way & 137th St SW,0.0,0.0
2023-10-25,860,North,22218,21814.0,,18:13:24,18:13:24,9,2456,134th St SW & Ash Way,0.0,0.0
2023-10-25,860,North,22218,21814.0,18:14:00,18:14:22,18:14:51,10,2104,Mariner Park & Ride Bay 2,1.0,11.0
2023-10-25,860,North,22218,21814.0,,18:17:43,18:17:43,11,165,128th St SE & 3rd Ave SE,0.0,0.0
2023-10-25,860,North,22218,21814.0,,18:18:01,18:18:01,12,169,128th St SE & Park Rd,0.0,0.0
2023-10-25,860,North,22218,21814.0,18:22:00,18:19:13,18:19:13,13,3323,McCollum Park Park & Ride Temporary Bay,0.0,1.0
2023-10-25,860,North,22219,21813.0,18:15:00,18:15:06,18:15:06,0,2192,Northgate Station Bay 2,11.0,0.0
2023-10-25,860,North,22219,21813.0,18:35:00,18:32:30,18:32:54,3,2163,Ash Way Park & Ride Bay 4,0.0,4.0
2023-10-25,860,North,22219,21813.0,,18:35:00,18:35:00,4,3062,Ash Way & 157th St SW,0.0,0.0
2023-10-25,860,North,22219,21813.0,,18:35:15,18:35:15,5,2993,Ash Way & 153rd St SW,0.0,0.0
2023-10-25,860,North,22219,21813.0,,18:35:47,18:35:47,6,2994,Ash Way & 149th St SW,0.0,0.0
2023-10-25,860,North,22219,21813.0,,18:36:44,18:36:44,7,2995,Ash Way & 141st Pl SW,0.0,0.0
2023-10-25,860,North,22219,21813.0,,18:37:08,18:37:08,8,3004,Ash Way & 137th St SW,0.0,0.0
2023-10-25,860,North,22219,21813.0,,18:37:59,18:37:59,9,2456,134th St SW & Ash Way,0.0,0.0
2023-10-25,860,North,22219,21813.0,18:42:00,18:38:47,18:39:02,10,2104,Mariner Park & Ride Bay 2,0.0,3.0
2023-10-25,860,North,22219,21813.0,,18:44:15,18:44:27,11,165,128th St SE & 3rd Ave SE,0.0,1.0
2023-10-25,860,North,22219,21813.0,,18:44:50,18:44:50,12,169,128th St SE & Park Rd,0.0,0.0
2023-10-25,860,North,22219,21813.0,18:48:00,18:46:02,18:46:02,13,3323,McCollum Park Park & Ride Temporary Bay,0.0,3.0
2023-10-25,860,South,22220,22806.0,05:25:00,05:25:04,05:25:04,0,3323,McCollum Park Park & Ride Temporary Bay,5.0,0.0
2023-10-25,860,South,22220,22806.0,,05:29:17,05:29:28,1,1552,128th St SE & 3rd Ave SE,1.0,0.0
2023-10-25,860,South,22220,22806.0,05:30:00,05:31:10,05:31:36,2,2106,Mariner Park & Ride Bay 4,2.0,0.0
2023-10-25,860,South,22220,22806.0,,05:32:37,05:32:37,3,2457,134th St SW & Ash Way,0.0,0.0
2023-10-25,860,South,22220,22806.0,,05:33:19,05:33:19,4,2997,Ash Way & 135th St SW,0.0,0.0
2023-10-25,860,South,22220,22806.0,,05:33:49,05:34:03,5,2998,Ash Way & 140th St SW,1.0,0.0
2023-10-25,860,South,22220,22806.0,,05:35:18,05:35:18,6,2999,Ash Way & 149th St SW,0.0,0.0
2023-10-25,860,South,22220,22806.0,,05:35:58,05:35:58,7,3000,Ash Way & 153rd Pl SW,0.0,0.0
2023-10-25,860,South,22220,22806.0,05:34:00,05:37:32,05:38:17,8,2162,Ash Way Park & Ride Bay 3,6.0,0.0
2023-10-25,860,South,22220,22806.0,05:56:00,05:55:59,05:55:59,11,3253,1st Ave N & NE 103rd St,0.0,15.0
2023-10-25,860,South,22221,22803.0,06:00:00,06:08:48,06:08:48,0,3323,McCollum Park Park & Ride Temporary Bay,2.0,0.0
2023-10-25,860,South,22221,22803.0,,06:13:25,06:13:45,1,1552,128th St SE & 3rd Ave SE,1.0,0.0
2023-10-25,860,South,22221,22803.0,06:05:00,06:19:00,06:20:14,2,2106,Mariner Park & Ride Bay 4,6.0,0.0
2023-10-25,860,South,22221,22803.0,,06:22:25,06:22:25,3,2457,134th St SW & Ash Way,0.0,0.0
2023-10-25,860,South,22221,22803.0,,06:23:29,06:23:52,4,2997,Ash Way & 135th St SW,1.0,0.0
2023-10-25,860,South,22221,22803.0,,06:24:55,06:25:49,5,2998,Ash Way & 140th St SW,1.0,0.0
2023-10-25,860,South,22221,22803.0,,06:27:31,06:27:31,6,2999,Ash Way & 149th St SW,0.0,0.0
2023-10-25,860,South,22221,22803.0,,06:28:29,06:28:57,7,3000,Ash Way & 153rd Pl SW,1.0,0.0
2023-10-25,860,South,22221,22803.0,06:09:00,06:31:59,06:33:12,8,2162,Ash Way Park & Ride Bay 3,3.0,1.0
2023-10-25,860,South,22221,22803.0,06:34:00,07:05:40,07:05:40,11,3253,1st Ave N & NE 103rd St,0.0,14.0
2023-10-25,860,South,22222,19801.0,06:33:00,06:32:51,06:32:51,0,3323,McCollum Park Park & Ride Temporary Bay,7.0,0.0
2023-10-25,860,South,22222,19801.0,,06:36:46,06:36:46,1,1552,128th St SE & 3rd Ave SE,0.0,0.0
2023-10-25,860,South,22222,19801.0,06:38:00,06:39:52,06:40:54,2,2106,Mariner Park & Ride Bay 4,8.0,0.0
2023-10-25,860,South,22222,19801.0,,06:42:16,06:42:16,3,2457,134th St SW & Ash Way,0.0,0.0
2023-10-25,860,South,22222,19801.0,,06:43:14,06:43:35,4,2997,Ash Way & 135th St SW,3.0,0.0
2023-10-25,860,South,22222,19801.0,,06:44:23,06:44:45,5,2998,Ash Way & 140th St SW,1.0,0.0
2023-10-25,860,South,22222,19801.0,,06:46:21,06:46:21,6,2999,Ash Way & 149th St SW,0.0,0.0
2023-10-25,860,South,22222,19801.0,,06:47:05,06:47:05,7,3000,Ash Way & 153rd Pl SW,0.0,0.0
2023-10-25,860,South,22222,19801.0,06:42:00,06:48:46,06:49:28,8,2162,Ash Way Park & Ride Bay 3,8.0,1.0
2023-10-25,860,South,22222,19801.0,07:10:00,07:21:04,07:21:04,11,3253,1st Ave N & NE 103rd St,0.0,26.0
2023-10-25,860,South,22223,21808.0,06:57:00,06:57:18,06:57:18,0,3323,McCollum Park Park & Ride Temporary Bay,6.0,0.0
2023-10-25,860,South,22223,21808.0,,07:01:29,07:01:29,1,1552,128th St SE & 3rd Ave SE,0.0,0.0
2023-10-25,860,South,22223,21808.0,07:03:00,07:04:37,07:04:54,2,2106,Mariner Park & Ride Bay 4,1.0,0.0
2023-10-25,860,South,22223,21808.0,,07:06:10,07:06:10,3,2457,134th St SW & Ash Way,0.0,0.0
2023-10-25,860,South,22223,21808.0,,07:07:02,07:07:02,4,2997,Ash Way & 135th St SW,0.0,0.0
2023-10-25,860,South,22223,21808.0,,07:07:40,07:07:56,5,2998,Ash Way & 140th St SW,1.0,0.0
2023-10-25,860,South,22223,21808.0,,07:09:18,07:09:18,6,2999,Ash Way & 149th St SW,0.0,0.0
2023-10-25,860,South,22223,21808.0,,07:09:59,07:09:59,7,3000,Ash Way & 153rd Pl SW,0.0,0.0
2023-10-25,860,South,22223,21808.0,07:08:00,07:12:02,07:12:49,8,2162,Ash Way Park & Ride Bay 3,13.0,0.0
2023-10-25,860,South,22223,21808.0,07:38:00,07:52:45,07:52:45,11,3253,1st Ave N & NE 103rd St,0.0,21.0
2023-10-25,860,South,22224,22803.0,07:32:00,07:34:50,07:34:50,0,3323,McCollum Park Park & Ride Temporary Bay,4.0,0.0
2023-10-25,860,South,22224,22803.0,,07:36:59,07:36:59,1,1552,128th St SE & 3rd Ave SE,0.0,0.0
2023-10-25,860,South,22224,22803.0,07:38:00,07:40:26,07:41:09,2,2106,Mariner Park & Ride Bay 4,4.0,0.0
2023-10-25,860,South,22224,22803.0,,07:42:45,07:42:45,3,2457,134th St SW & Ash Way,0.0,0.0
2023-10-25,860,South,22224,22803.0,,07:43:36,07:43:36,4,2997,Ash Way & 135th St SW,0.0,0.0
2023-10-25,860,South,22224,22803.0,,07:44:18,07:44:37,5,2998,Ash Way & 140th St SW,1.0,0.0
2023-10-25,860,South,22224,22803.0,,07:45:58,07:45:58,6,2999,Ash Way & 149th St SW,0.0,0.0
2023-10-25,860,South,22224,22803.0,,07:46:36,07:46:36,7,3000,Ash Way & 153rd Pl SW,0.0,0.0
2023-10-25,860,South,22224,22803.0,07:43:00,07:49:20,07:50:23,8,2162,Ash Way Park & Ride Bay 3,14.0,2.0
2023-10-25,860,South,22224,22803.0,08:19:00,08:35:32,08:35:32,11,3253,1st Ave N & NE 103rd St,0.0,21.0
2023-10-25,860,South,22225,19123.0,07:57:00,07:59:03,07:59:03,0,3323,McCollum Park Park & Ride Temporary Bay,6.0,0.0
2023-10-25,860,South,22225,19123.0,,08:03:52,08:04:05,1,1552,128th St SE & 3rd Ave SE,2.0,0.0
2023-10-25,860,South,22225,19123.0,08:03:00,08:06:57,08:07:28,2,2106,Mariner Park & Ride Bay 4,5.0,1.0
2023-10-25,860,South,22225,19123.0,,08:08:40,08:08:40,3,2457,134th St SW & Ash Way,0.0,0.0
2023-10-25,860,South,22225,19123.0,,08:09:22,08:09:22,4,2997,Ash Way & 135th St SW,0.0,0.0
2023-10-25,860,South,22225,19123.0,,08:09:49,08:09:49,5,2998,Ash Way & 140th St SW,0.0,0.0
2023-10-25,860,South,22225,19123.0,,08:10:56,08:10:56,6,2999,Ash Way & 149th St SW,0.0,0.0
2023-10-25,860,South,22225,19123.0,,08:11:40,08:11:50,7,3000,Ash Way & 153rd Pl SW,1.0,0.0
2023-10-25,860,South,22225,19123.0,08:08:00,08:13:53,08:14:42,8,2162,Ash Way Park & Ride Bay 3,8.0,0.0
2023-10-25,860,South,22225,19123.0,08:45:00,08:45:57,08:45:57,11,3253,1st Ave N & NE 103rd St,0.0,21.0
2023-10-25,860,South,22226,22806.0,08:45:00,08:45:03,08:45:03,0,3323,McCollum Park Park & Ride Temporary Bay,6.0,0.0
2023-10-25,860,South,22226,22806.0,,08:49:19,08:49:19,1,1552,128th St SE & 3rd Ave SE,0.0,0.0
2023-10-25,860,South,22226,22806.0,08:51:00,08:54:07,08:54:24,2,2106,Mariner Park & Ride Bay 4,1.0,0.0
2023-10-25,860,South,22226,22806.0,,08:55:36,08:55:36,3,2457,134th St SW & Ash Way,0.0,0.0
2023-10-25,860,South,22226,22806.0,,08:56:13,08:56:13,4,2997,Ash Way & 135th St SW,0.0,0.0
2023-10-25,860,South,22226,22806.0,,08:56:43,08:56:43,5,2998,Ash Way & 140th St SW,0.0,0.0
2023-10-25,860,South,22226,22806.0,,08:57:51,08:57:51,6,2999,Ash Way & 149th St SW,0.0,0.0
2023-10-25,860,South,22226,22806.0,,08:58:31,08:58:31,7,3000,Ash Way & 153rd Pl SW,0.0,0.0
2023-10-25,860,South,22226,22806.0,08:55:00,09:00:20,09:00:50,8,2162,Ash Way Park & Ride Bay 3,5.0,0.0
2023-10-25,860,South,22226,22806.0,09:23:00,09:27:35,09:27:35,11,3253,1st Ave N & NE 103rd St,0.0,12.0
2023-10-26,860,North,22211,21802.0,14:40:00,14:40:00,14:40:00,0,2192,Northgate Station Bay 2,6.0,0.0
2023-10-26,860,North,22211,21802.0,14:57:00,14:56:46,14:56:58,3,2163,Ash Way Park & Ride Bay 4,0.0,0.0
2023-10-26,860,North,22211,21802.0,,14:58:26,14:58:26,4,3062,Ash Way & 157th St SW,0.0,0.0
2023-10-26,860,North,22211,21802.0,,14:58:41,14:58:41,5,2993,Ash Way & 153rd St SW,0.0,0.0
2023-10-26,860,North,22211,21802.0,,14:59:18,14:59:18,6,2994,Ash Way & 149th St SW,0.0,0.0
2023-10-26,860,North,22211,21802.0,,15:00:18,15:00:18,7,2995,Ash Way & 141st Pl SW,0.0,0.0
2023-10-26,860,North,22211,21802.0,,15:00:45,15:00:45,8,3004,Ash Way & 137th St SW,0.0,0.0
2023-10-26,860,North,22211,21802.0,,15:01:31,15:01:31,9,2456,134th St SW & Ash Way,0.0,0.0
2023-10-26,860,North,22211,21802.0,15:04:00,15:02:20,15:02:34,10,2104,Mariner Park & Ride Bay 2,0.0,3.0
2023-10-26,860,North,22211,21802.0,,15:04:40,15:04:40,11,165,128th St SE & 3rd Ave SE,0.0,0.0
2023-10-26,860,North,22211,21802.0,,15:04:57,15:04:57,12,169,128th St SE & Park Rd,0.0,0.0
2023-10-26,860,North,22211,21802.0,15:11:00,15:06:06,15:06:06,13,3323,McCollum Park Park & Ride Temporary Bay,0.0,3.0
2023-10-26,860,North,22212,21811.0,15:15:00,15:17:41,15:17:41,0,2192,Northgate Station Bay 2,12.0,0.0
2023-10-26,860,North,22212,21811.0,15:37:00,15:38:14,15:38:51,3,2163,Ash Way Park & Ride Bay 4,3.0,8.0
2023-10-26,860,North,22212,21811.0,,15:40:46,15:41:00,4,3062,Ash Way & 157th St SW,0.0,1.0
2023-10-26,860,North,22212,21811.0,,15:41:22,15:41:22,5,2993,Ash Way & 153rd St SW,0.0,0.0
2023-10-26,860,North,22212,21811.0,,15:42:01,15:42:23,6,2994,Ash Way & 149th St SW,1.0,0.0
2023-10-26,860,North,22212,21811.0,,15:44:02,15:44:02,7,2995,Ash Way & 141st Pl SW,0.0,0.0
2023-10-26,860,North,22212,21811.0,,15:45:53,15:45:53,8,3004,Ash Way & 137th St SW,0.0,0.0
2023-10-26,860,North,22212,21811.0,,15:46:51,15:47:04,9,2456,134th St SW & Ash Way,0.0,2.0
2023-10-26,860,North,22212,21811.0,15:44:00,15:48:01,15:48:22,10,2104,Mariner Park & Ride Bay 2,0.0,3.0
2023-10-26,860,North,22212,21811.0,,15:53:44,15:53:44,11,165,128th St SE & 3rd Ave SE,0.0,0.0
2023-10-26,860,North,22212,21811.0,,15:54:01,15:54:01,12,169,128th St SE & Park Rd,0.0,0.0
2023-10-26,860,North,22212,21811.0,15:51:00,15:55:01,15:55:01,13,3323,McCollum Park Park & Ride Temporary Bay,0.0,2.0
2023-10-26,860,North,22213,17800.0,15:45:00,15:43:14,15:43:14,0,2192,Northgate Station Bay 2,26.0,0.0
2023-10-26,860,North,22213,17800.0,16:11:00,16:05:21,16:06:04,3,2163,Ash Way Park & Ride Bay 4,0.0,20.0
2023-10-26,860,North,22213,17800.0,,16:08:29,16:08:29,4,3062,Ash Way & 157th St SW,0.0,0.0
2023-10-26,860,North,22213,17800.0,,16:08:44,16:08:44,5,2993,Ash Way & 153rd St SW,0.0,0.0
2023-10-26,860,North,22213,17800.0,,16:09:22,16:09:36,6,2994,Ash Way & 149th St SW,0.0,2.0
2023-10-26,860,North,22213,17800.0,,16:10:51,16:10:51,7,2995,Ash Way & 141st Pl SW,0.0,0.0
2023-10-26,860,North,22213,17800.0,,16:11:21,16:11:21,8,3004,Ash Way & 137th St SW,0.0,0.0
2023-10-26,860,North,22213,17800.0,,16:12:11,16:12:11,9,2456,134th St SW & Ash Way,0.0,0.0
2023-10-26,860,North,22213,17800.0,16:18:00,16:13:01,16:13:23,10,2104,Mariner Park & Ride Bay 2,1.0,1.0
2023-10-26,860,North,22213,17800.0,,16:19:42,16:19:42,11,165,128th St SE & 3rd Ave SE,0.0,0.0
2023-10-26,860,North,22213,17800.0,,16:20:00,16:20:00,12,169,128th St SE & Park Rd,0.0,0.0
2023-10-26,860,North,22213,17800.0,16:25:00,16:21:08,16:21:08,13,3323,McCollum Park Park & Ride Temporary Bay,0.0,4.0
2023-10-26,860,North,22214,16806.0,16:15:00,16:15:20,16:15:20,0,2192,Northgate Station Bay 2,23.0,0.0
2023-10-26,860,North,22214,16806.0,16:41:00,16:44:31,16:44:55,3,2163,Ash Way Park & Ride Bay 4,1.0,12.0
2023-10-26,860,North,22214,16806.0,,16:45:59,16:45:59,4,3062,Ash Way & 157th St SW,0.0,0.0
2023-10-26,860,North,22214,16806.0,,16:46:20,16:46:41,5,2993,Ash Way & 153rd St SW,0.0,2.0
2023-10-26,860,North,22214,16806.0,,16:47:28,16:47:28,6,2994,Ash Way & 149th St SW,0.0,0.0
2023-10-26,860,North,22214,16806.0,,16:48:29,16:48:29,7,2995,Ash Way & 141st Pl SW,0.0,0.0
2023-10-26,860,North,22214,16806.0,,16:49:03,16:49:14,8,3004,Ash Way & 137th St SW,0.0,0.0
2023-10-26,860,North,22214,16806.0,,16:50:26,16:50:26,9,2456,134th St SW & Ash Way,0.0,0.0
2023-10-26,860,North,22214,16806.0,16:48:00,16:51:14,16:52:02,10,2104,Mariner Park & Ride Bay 2,3.0,5.0
2023-10-26,860,North,22214,16806.0,,16:56:49,16:57:00,11,165,128th St SE & 3rd Ave SE,0.0,1.0
2023-10-26,860,North,22214,16806.0,,16:57:21,16:57:21,12,169,128th St SE & Park Rd,0.0,0.0
2023-10-26,860,North,22214,16806.0,16:58:00,16:58:26,16:58:26,13,3323,McCollum Park Park & Ride Temporary Bay,0.0,7.0
2023-10-26,860,North,22215,21812.0,16:45:00,16:45:44,16:45:44,0,2192,Northgate Station Bay 2,17.0,0.0
2023-10-26,860,North,22215,21812.0,17:11:00,17:10:14,17:10:48,3,2163,Ash Way Park & Ride Bay 4,1.0,15.0
2023-10-26,860,North,22215,21812.0,,17:12:09,17:12:09,4,3062,Ash Way & 157th St SW,0.0,0.0
2023-10-26,860,North,22215,21812.0,,17:12:25,17:12:25,5,2993,Ash Way & 153rd St SW,0.0,0.0
2023-10-26,860,North,22215,21812.0,,17:12:59,17:12:59,6,2994,Ash Way & 149th St SW,0.0,0.0
2023-10-26,860,North,22215,21812.0,,17:13:58,17:13:58,7,2995,Ash Way & 141st Pl SW,0.0,0.0
2023-10-26,860,North,22215,21812.0,,17:14:28,17:14:28,8,3004,Ash Way & 137th St SW,0.0,0.0
2023-10-26,860,North,22215,21812.0,,17:15:20,17:15:20,9,2456,134th St SW & Ash Way,0.0,0.0
2023-10-26,860,North,22215,21812.0,17:18:00,17:16:04,17:16:18,10,2104,Mariner Park & Ride Bay 2,0.0,3.0
2023-10-26,860,North,22215,21812.0,,17:22:10,17:22:10,11,165,128th St SE & 3rd Ave SE,0.0,0.0
2023-10-26,860,North,22215,21812.0,,17:22:30,17:22:30,12,169,128th St SE & Park Rd,0.0,0.0
2023-10-26,860,North,22215,21812.0,17:28:00,17:23:37,17:23:37,13,3323,McCollum Park Park & Ride Temporary Bay,0.0,0.0
2023-10-26,860,North,22216,16800.0,17:15:00,17:17:34,17:17:34,0,2192,Northgate Station Bay 2,21.0,0.0
2023-10-26,860,North,22216,16800.0,17:39:00,17:41:02,17:41:44,3,2163,Ash Way Park & Ride Bay 4,1.0,10.0
2023-10-26,860,North,22216,16800.0,,17:43:23,17:43:23,4,3062,Ash Way & 157th St SW,0.0,0.0
2023-10-26,860,North,22216,16800.0,,17:43:41,17:43:41,5,2993,Ash Way & 153rd St SW,0.0,0.0
2023-10-26,860,North,22216,16800.0,,17:44:16,17:44:16,6,2994,Ash Way & 149th St SW,0.0,0.0
2023-10-26,860,North,22216,16800.0,,17:45:16,17:45:16,7,2995,Ash Way & 141st Pl SW,0.0,0.0
2023-10-26,860,North,22216,16800.0,,17:45:44,17:45:44,8,3004,Ash Way & 137th St SW,0.0,0.0
2023-10-26,860,North,22216,16800.0,,17:46:34,17:46:34,9,2456,134th St SW & Ash Way,0.0,0.0
2023-10-26,860,North,22216,16800.0,17:46:00,17:47:26,17:48:08,10,2104,Mariner Park & Ride Bay 2,0.0,9.0
2023-10-26,860,North,22216,16800.0,,17:52:45,17:52:56,11,165,128th St SE & 3rd Ave SE,0.0,1.0
2023-10-26,860,North,22216,16800.0,,17:53:20,17:53:20,12,169,128th St SE & Park Rd,0.0,0.0
2023-10-26,860,North,22216,16800.0,17:55:00,17:54:26,17:54:26,13,3323,McCollum Park Park & Ride Temporary Bay,0.0,2.0
2023-10-26,860,North,22217,21809.0,17:30:00,17:31:30,17:31:30,0,2192,Northgate Station Bay 2,16.0,0.0
2023-10-26,860,North,22217,21809.0,17:52:00,17:52:36,17:53:30,3,2163,Ash Way Park & Ride Bay 4,1.0,14.0
2023-10-26,860,North,22217,21809.0,,17:54:49,17:54:59,4,3062,Ash Way & 157th St SW,0.0,1.0
2023-10-26,860,North,22217,21809.0,,17:55:21,17:55:21,5,2993,Ash Way & 153rd St SW,0.0,0.0
2023-10-26,860,North,22217,21809.0,,17:55:58,17:55:58,6,2994,Ash Way & 149th St SW,0.0,0.0
2023-10-26,860,North,22217,21809.0,,17:56:58,17:56:58,7,2995,Ash Way & 141st Pl SW,0.0,0.0
2023-10-26,860,North,22217,21809.0,,17:57:26,17:57:26,8,3004,Ash Way & 137th St SW,0.0,0.0
2023-10-26,860,North,22217,21809.0,,17:58:17,17:58:17,9,2456,134th St SW & Ash Way,0.0,0.0
2023-10-26,860,North,22217,21809.0,17:59:00,17:59:08,17:59:21,10,2104,Mariner Park & Ride Bay 2,0.0,1.0
2023-10-26,860,North,22217,21809.0,,18:04:34,18:04:34,11,165,128th St SE & 3rd Ave SE,0.0,0.0
2023-10-26,860,North,22217,21809.0,,18:04:51,18:04:51,12,169,128th St SE & Park Rd,0.0,0.0
2023-10-26,860,North,22217,21809.0,18:07:00,18:06:00,18:06:00,13,3323,McCollum Park Park & Ride Temporary Bay,0.0,1.0
2023-10-26,860,North,22218,16806.0,17:45:00,17:45:08,17:45:08,0,2192,Northgate Station Bay 2,13.0,0.0
2023-10-26,860,North,22218,16806.0,18:07:00,18:06:12,18:06:42,3,2163,Ash Way Park & Ride Bay 4,0.0,8.0
2023-10-26,860,North,22218,16806.0,,18:07:52,18:07:52,4,3062,Ash Way & 157th St SW,0.0,0.0
2023-10-26,860,North,22218,16806.0,,18:08:12,18:08:12,5,2993,Ash Way & 153rd St SW,0.0,0.0
2023-10-26,860,North,22218,16806.0,,18:08:46,18:08:46,6,2994,Ash Way & 149th St SW,0.0,0.0
2023-10-26,860,North,22218,16806.0,,18:09:51,18:10:01,7,2995,Ash Way & 141st Pl SW,0.0,0.0
2023-10-26,860,North,22218,16806.0,,18:10:35,18:10:35,8,3004,Ash Way & 137th St SW,0.0,0.0
2023-10-26,860,North,22218,16806.0,,18:11:27,18:11:37,9,2456,134th St SW & Ash Way,0.0,2.0
2023-10-26,860,North,22218,16806.0,18:14:00,18:12:30,18:12:55,10,2104,Mariner Park & Ride Bay 2,1.0,1.0
2023-10-26,860,North,22218,16806.0,,18:17:50,18:18:01,11,165,128th St SE & 3rd Ave SE,0.0,2.0
2023-10-26,860,North,22218,16806.0,,18:18:24,18:18:24,12,169,128th St SE & Park Rd,0.0,0.0
2023-10-26,860,North,22218,16806.0,18:22:00,18:19:32,18:19:32,13,3323,McCollum Park Park & Ride Temporary Bay,0.0,1.0
2023-10-26,860,North,22219,21812.0,18:15:00,18:14:50,18:14:50,0,2192,Northgate Station Bay 2,19.0,0.0
2023-10-26,860,North,22219,21812.0,18:35:00,18:33:24,18:33:57,3,2163,Ash Way Park & Ride Bay 4,0.0,14.0
2023-10-26,860,North,22219,21812.0,,18:36:16,18:36:16,4,3062,Ash Way & 157th St SW,0.0,0.0
2023-10-26,860,North,22219,21812.0,,18:36:30,18:36:30,5,2993,Ash Way & 153rd St SW,0.0,0.0
2023-10-26,860,North,22219,21812.0,,18:37:05,18:37:05,6,2994,Ash Way & 149th St SW,0.0,0.0
2023-10-26,860,North,22219,21812.0,,18:38:07,18:38:07,7,2995,Ash Way & 141st Pl SW,0.0,0.0
2023-10-26,860,North,22219,21812.0,,18:38:35,18:38:35,8,3004,Ash Way & 137th St SW,0.0,0.0
2023-10-26,860,North,22219,21812.0,,18:39:26,18:39:26,9,2456,134th St SW & Ash Way,0.0,0.0
2023-10-26,860,North,22219,21812.0,18:42:00,18:40:21,18:40:40,10,2104,Mariner Park & Ride Bay 2,0.0,5.0
2023-10-26,860,North,22219,21812.0,,18:44:17,18:44:17,11,165,128th St SE & 3rd Ave SE,0.0,0.0
2023-10-26,860,North,22219,21812.0,,18:44:39,18:44:39,12,169,128th St SE & Park Rd,0.0,0.0
2023-10-26,860,North,22219,21812.0,18:48:00,18:45:53,18:45:53,13,3323,McCollum Park Park & Ride Temporary Bay,0.0,0.0
2023-10-26,860,South,22220,19802.0,05:25:00,05:25:30,05:25:30,0,3323,McCollum Park Park & Ride Temporary Bay,5.0,0.0
2023-10-26,860,South,22220,19802.0,,05:29:06,05:29:19,1,1552,128th St SE & 3rd Ave SE,1.0,0.0
2023-10-26,860,South,22220,19802.0,05:30:00,05:31:30,05:31:59,2,2106,Mariner Park & Ride Bay 4,1.0,0.0
2023-10-26,860,South,22220,19802.0,,05:33:13,05:33:13,3,2457,134th St SW & Ash Way,0.0,0.0
2023-10-26,860,South,22220,19802.0,,05:33:56,05:33:56,4,2997,Ash Way & 135th St SW,0.0,0.0
2023-10-26,860,South,22220,19802.0,,05:34:33,05:34:48,5,2998,Ash Way & 140th St SW,1.0,0.0
2023-10-26,860,South,22220,19802.0,,05:36:08,05:36:08,6,2999,Ash Way & 149th St SW,0.0,0.0
2023-10-26,860,South,22220,19802.0,,05:36:49,05:36:49,7,3000,Ash Way & 153rd Pl SW,0.0,0.0
2023-10-26,860,South,22220,19802.0,05:34:00,05:38:54,05:39:46,8,2162,Ash Way Park & Ride Bay 3,6.0,0.0
2023-10-26,860,South,22220,19802.0,05:56:00,05:57:06,05:57:06,11,3253,1st Ave N & NE 103rd St,0.0,14.0
2023-10-26,860,South,22221,21808.0,06:00:00,06:01:58,06:01:58,0,3323,McCollum Park Park & Ride Temporary Bay,3.0,0.0
2023-10-26,860,South,22221,21808.0,,06:05:32,06:05:32,1,1552,128th St SE & 3rd Ave SE,0.0,0.0
2023-10-26,860,South,22221,21808.0,06:05:00,06:07:55,06:08:38,2,2106,Mariner Park & Ride Bay 4,6.0,0.0
2023-10-26,860,South,22221,21808.0,,06:09:46,06:09:46,3,2457,134th St SW & Ash Way,0.0,0.0
2023-10-26,860,South,22221,21808.0,,06:10:27,06:10:44,4,2997,Ash Way & 135th St SW,1.0,0.0
2023-10-26,860,South,22221,21808.0,,06:11:19,06:11:19,5,2998,Ash Way & 140th St SW,0.0,0.0
2023-10-26,860,South,22221,21808.0,,06:12:27,06:12:27,6,2999,Ash Way & 149th St SW,0.0,0.0
2023-10-26,860,South,22221,21808.0,,06:13:05,06:13:05,7,3000,Ash Way & 153rd Pl SW,0.0,0.0
2023-10-26,860,South,22221,21808.0,06:09:00,06:14:52,06:16:47,8,2162,Ash Way Park & Ride Bay 3,16.0,2.0
2023-10-26,860,South,22221,21808.0,06:34:00,06:37:39,06:37:39,11,3253,1st Ave N & NE 103rd St,0.0,24.0
2023-10-26,860,South,22222,21802.0,06:33:00,06:33:07,06:33:07,0,3323,McCollum Park Park & Ride Temporary Bay,8.0,0.0
2023-10-26,860,South,22222,21802.0,,06:36:04,06:36:04,1,1552,128th St SE & 3rd Ave SE,0.0,0.0
2023-10-26,860,South,22222,21802.0,06:38:00,06:40:24,06:40:58,2,2106,Mariner Park & Ride Bay 4,6.0,0.0
2023-10-26,860,South,22222,21802.0,,06:42:22,06:42:22,3,2457,134th St SW & Ash Way,0.0,0.0
2023-10-26,860,South,22222,21802.0,,06:43:05,06:43:40,4,2997,Ash Way & 135th St SW,2.0,0.0
2023-10-26,860,South,22222,21802.0,,06:44:21,06:44:21,5,2998,Ash Way & 140th St SW,0.0,0.0
2023-10-26,860,South,22222,21802.0,,06:45:33,06:45:33,6,2999,Ash Way & 149th St SW,0.0,0.0
2023-10-26,860,South,22222,21802.0,,06:46:11,06:46:11,7,3000,Ash Way & 153rd Pl SW,0.0,0.0
2023-10-26,860,South,22222,21802.0,06:42:00,06:47:49,06:48:14,8,2162,Ash Way Park & Ride Bay 3,3.0,0.0
2023-10-26,860,South,22222,21802.0,07:10:00,07:11:05,07:11:05,11,3253,1st Ave N & NE 103rd St,0.0,19.0
2023-10-26,860,South,22223,17809.0,06:57:00,06:57:14,06:57:14,0,3323,McCollum Park Park & Ride Temporary Bay,0.0,0.0
2023-10-26,860,South,22223,17809.0,,07:01:22,07:01:22,1,1552,128th St SE & 3rd Ave SE,0.0,0.0
2023-10-26,860,South,22223,17809.0,07:03:00,07:06:05,07:06:43,2,2106,Mariner Park & Ride Bay 4,4.0,0.0
2023-10-26,860,South,22223,17809.0,,07:08:42,07:08:42,3,2457,134th St SW & Ash Way,0.0,0.0
2023-10-26,860,South,22223,17809.0,,07:09:41,07:09:41,4,2997,Ash Way & 135th St SW,0.0,0.0
2023-10-26,860,South,22223,17809.0,,07:10:14,07:10:14,5,2998,Ash Way & 140th St SW,0.0,0.0
2023-10-26,860,South,22223,17809.0,,07:11:32,07:11:32,6,2999,Ash Way & 149th St SW,0.0,0.0
2023-10-26,860,South,22223,17809.0,,07:12:14,07:12:14,7,3000,Ash Way & 153rd Pl SW,0.0,0.0
2023-10-26,860,South,22223,17809.0,07:08:00,07:14:24,07:15:24,8,2162,Ash Way Park & Ride Bay 3,14.0,0.0
2023-10-26,860,South,22223,17809.0,07:38:00,07:43:51,07:43:51,11,3253,1st Ave N & NE 103rd St,0.0,18.0
2023-10-26,860,South,22224,21808.0,07:32:00,07:33:34,07:33:34,0,3323,McCollum Park Park & Ride Temporary Bay,3.0,0.0
2023-10-26,860,South,22224,21808.0,,07:36:06,07:36:06,1,1552,128th St SE & 3rd Ave SE,0.0,0.0
2023-10-26,860,South,22224,21808.0,07:38:00,07:40:00,07:40:32,2,2106,Mariner Park & Ride Bay 4,2.0,0.0
2023-10-26,860,South,22224,21808.0,,07:41:48,07:41:48,3,2457,134th St SW & Ash Way,0.0,0.0
2023-10-26,860,South,22224,21808.0,,07:42:28,07:42:28,4,2997,Ash Way & 135th St SW,0.0,0.0
2023-10-26,860,South,22224,21808.0,,07:43:02,07:43:28,5,2998,Ash Way & 140th St SW,3.0,0.0
2023-10-26,860,South,22224,21808.0,,07:44:43,07:44:43,6,2999,Ash Way & 149th St SW,0.0,0.0
2023-10-26,860,South,22224,21808.0,,07:45:23,07:45:38,7,3000,Ash Way & 153rd Pl SW,1.0,0.0
2023-10-26,860,South,22224,21808.0,07:43:00,07:47:42,07:48:56,8,2162,Ash Way Park & Ride Bay 3,14.0,4.0
2023-10-26,860,South,22224,21808.0,08:19:00,08:22:46,08:22:46,11,3253,1st Ave N & NE 103rd St,0.0,19.0
2023-10-26,860,South,22225,17123.0,07:57:00,07:57:50,07:57:50,0,3323,McCollum Park Park & Ride Temporary Bay,7.0,0.0
2023-10-26,860,South,22225,17123.0,,08:01:37,08:01:55,1,1552,128th St SE & 3rd Ave SE,2.0,0.0
2023-10-26,860,South,22225,17123.0,08:03:00,08:06:54,08:07:26,2,2106,Mariner Park & Ride Bay 4,5.0,1.0
2023-10-26,860,South,22225,17123.0,,08:08:35,08:08:35,3,2457,134th St SW & Ash Way,0.0,0.0
2023-10-26,860,South,22225,17123.0,,08:09:46,08:09:46,4,2997,Ash Way & 135th St SW,0.0,0.0
2023-10-26,860,South,22225,17123.0,,08:10:13,08:10:13,5,2998,Ash Way & 140th St SW,0.0,0.0
2023-10-26,860,South,22225,17123.0,,08:11:25,08:11:25,6,2999,Ash Way & 149th St SW,0.0,0.0
2023-10-26,860,South,22225,17123.0,,08:12:07,08:12:20,7,3000,Ash Way & 153rd Pl SW,1.0,0.0
2023-10-26,860,South,22225,17123.0,08:08:00,08:14:48,08:15:28,8,2162,Ash Way Park & Ride Bay 3,5.0,0.0
2023-10-26,860,South,22225,17123.0,08:45:00,08:45:56,08:45:56,11,3253,1st Ave N & NE 103rd St,0.0,19.0
2023-10-26,860,South,22226,19802.0,08:45:00,08:45:29,08:45:29,0,3323,McCollum Park Park & Ride Temporary Bay,3.0,0.0
2023-10-26,860,South,22226,19802.0,,08:49:44,08:50:10,1,1552,128th St SE & 3rd Ave SE,1.0,0.0
2023-10-26,860,South,22226,19802.0,08:51:00,08:54:30,08:55:23,2,2106,Mariner Park & Ride Bay 4,10.0,0.0
2023-10-26,860,South,22226,19802.0,,08:56:33,08:56:33,3,2457,134th St SW & Ash Way,0.0,0.0
2023-10-26,860,South,22226,19802.0,,08:57:29,08:57:46,4,2997,Ash Way & 135th St SW,1.0,0.0
2023-10-26,860,South,22226,19802.0,,08:58:24,08:58:24,5,2998,Ash Way & 140th St SW,0.0,0.0
2023-10-26,860,South,22226,19802.0,,08:59:42,08:59:51,6,2999,Ash Way & 149th St SW,1.0,0.0
2023-10-26,860,South,22226,19802.0,,09:00:38,09:00:38,7,3000,Ash Way & 153rd Pl SW,0.0,0.0
2023-10-26,860,South,22226,19802.0,08:55:00,09:02:38,09:03:12,8,2162,Ash Way Park & Ride Bay 3,4.0,0.0
2023-10-26,860,South,22226,19802.0,09:23:00,09:24:25,09:24:25,11,3253,1st Ave N & NE 103rd St,0.0,20.0
2023-10-27,860,North,22211,22806.0,14:40:00,14:40:21,14:40:21,0,2192,Northgate Station Bay 2,3.0,0.0
2023-10-27,860,North,22211,22806.0,14:57:00,14:58:59,14:59:11,3,2163,Ash Way Park & Ride Bay 4,0.0,0.0
2023-10-27,860,North,22211,22806.0,,15:00:19,15:00:19,4,3062,Ash Way & 157th St SW,0.0,0.0
2023-10-27,860,North,22211,22806.0,,15:00:36,15:00:36,5,2993,Ash Way & 153rd St SW,0.0,0.0
2023-10-27,860,North,22211,22806.0,,15:01:07,15:01:07,6,2994,Ash Way & 149th St SW,0.0,0.0
2023-10-27,860,North,22211,22806.0,,15:02:13,15:02:13,7,2995,Ash Way & 141st Pl SW,0.0,0.0
2023-10-27,860,North,22211,22806.0,,15:02:41,15:02:41,8,3004,Ash Way & 137th St SW,0.0,0.0
2023-10-27,860,North,22211,22806.0,,15:03:32,15:03:32,9,2456,134th St SW & Ash Way,0.0,0.0
2023-10-27,860,North,22211,22806.0,15:04:00,15:04:16,15:04:39,10,2104,Mariner Park & Ride Bay 2,0.0,0.0
2023-10-27,860,North,22211,22806.0,,15:07:34,15:07:34,11,165,128th St SE & 3rd Ave SE,0.0,0.0
2023-10-27,860,North,22211,22806.0,,15:07:51,15:07:51,12,169,128th St SE & Park Rd,0.0,0.0
2023-10-27,860,North,22211,22806.0,15:11:00,15:09:23,15:09:23,13,3323,McCollum Park Park & Ride Temporary Bay,0.0,3.0
2023-10-27,860,North,22212,21815.0,15:15:00,15:16:07,15:16:07,0,2192,Northgate Station Bay 2,5.0,0.0
2023-10-27,860,North,22212,21815.0,15:37:00,15:38:11,15:38:42,3,2163,Ash Way Park & Ride Bay 4,0.0,3.0
2023-10-27,860,North,22212,21815.0,,15:39:41,15:39:41,4,3062,Ash Way & 157th St SW,0.0,0.0
2023-10-27,860,North,22212,21815.0,,15:39:57,15:39:57,5,2993,Ash Way & 153rd St SW,0.0,0.0
2023-10-27,860,North,22212,21815.0,,15:40:29,15:40:29,6,2994,Ash Way & 149th St SW,0.0,0.0
2023-10-27,860,North,22212,21815.0,,15:41:27,15:41:27,7,2995,Ash Way & 141st Pl SW,0.0,0.0
2023-10-27,860,North,22212,21815.0,,15:41:53,15:41:53,8,3004,Ash Way & 137th St SW,0.0,0.0
2023-10-27,860,North,22212,21815.0,,15:42:44,15:43:00,9,2456,134th St SW & Ash Way,1.0,0.0
2023-10-27,860,North,22212,21815.0,15:44:00,15:43:54,15:44:04,10,2104,Mariner Park & Ride Bay 2,0.0,0.0
2023-10-27,860,North,22212,21815.0,,15:47:37,15:47:37,11,165,128th St SE & 3rd Ave SE,0.0,0.0
2023-10-27,860,North,22212,21815.0,,15:47:53,15:47:53,12,169,128th St SE & Park Rd,0.0,0.0
2023-10-27,860,North,22212,21815.0,15:51:00,15:49:20,15:49:20,13,3323,McCollum Park Park & Ride Temporary Bay,0.0,3.0
2023-10-27,860,North,22213,22807.0,15:45:00,15:43:47,15:43:47,0,2192,Northgate Station Bay 2,13.0,0.0
2023-10-27,860,North,22213,22807.0,16:11:00,16:09:17,16:09:46,3,2163,Ash Way Park & Ride Bay 4,0.0,4.0
2023-10-27,860,North,22213,22807.0,,16:11:06,16:11:06,4,3062,Ash Way & 157th St SW,0.0,0.0
2023-10-27,860,North,22213,22807.0,,16:11:25,16:11:25,5,2993,Ash Way & 153rd St SW,0.0,0.0
2023-10-27,860,North,22213,22807.0,,16:12:01,16:12:01,6,2994,Ash Way & 149th St SW,0.0,0.0
2023-10-27,860,North,22213,22807.0,,16:13:09,16:13:09,7,2995,Ash Way & 141st Pl SW,0.0,0.0
2023-10-27,860,North,22213,22807.0,,16:13:38,16:13:38,8,3004,Ash Way & 137th St SW,0.0,0.0
2023-10-27,860,North,22213,22807.0,,16:14:36,16:14:42,9,2456,134th St SW & Ash Way,0.0,1.0
2023-10-27,860,North,22213,22807.0,16:18:00,16:15:45,16:16:04,10,2104,Mariner Park & Ride Bay 2,0.0,3.0
2023-10-27,860,North,22213,22807.0,,16:22:06,16:22:18,11,165,128th St SE & 3rd Ave SE,0.0,2.0
2023-10-27,860,North,22213,22807.0,,16:22:43,16:22:43,12,169,128th St SE & Park Rd,0.0,0.0
2023-10-27,860,North,22213,22807.0,16:25:00,16:23:57,16:23:57,13,3323,McCollum Park Park & Ride Temporary Bay,0.0,3.0
2023-10-27,860,North,22214,22804.0,16:15:00,16:18:13,16:18:13,0,2192,Northgate Station Bay 2,23.0,0.0
2023-10-27,860,North,22214,22804.0,16:41:00,16:44:11,16:44:43,3,2163,Ash Way Park & Ride Bay 4,0.0,12.0
2023-10-27,860,North,22214,22804.0,,16:46:20,16:46:20,4,3062,Ash Way & 157th St SW,0.0,0.0
2023-10-27,860,North,22214,22804.0,,16:46:41,16:47:00,5,2993,Ash Way & 153rd St SW,0.0,2.0
2023-10-27,860,North,22214,22804.0,,16:47:38,16:47:38,6,2994,Ash Way & 149th St SW,0.0,0.0
2023-10-27,860,North,22214,22804.0,,16:48:38,16:48:38,7,2995,Ash Way & 141st Pl SW,0.0,0.0
2023-10-27,860,North,22214,22804.0,,16:49:08,16:49:19,8,3004,Ash Way & 137th St SW,0.0,2.0
2023-10-27,860,North,22214,22804.0,,16:50:19,16:50:29,9,2456,134th St SW & Ash Way,0.0,1.0
2023-10-27,860,North,22214,22804.0,16:48:00,16:51:25,16:51:37,10,2104,Mariner Park & Ride Bay 2,0.0,2.0
2023-10-27,860,North,22214,22804.0,,16:55:19,16:55:19,11,165,128th St SE & 3rd Ave SE,0.0,0.0
2023-10-27,860,North,22214,22804.0,,16:55:36,16:55:36,12,169,128th St SE & Park Rd,0.0,0.0
2023-10-27,860,North,22214,22804.0,16:58:00,16:57:04,16:57:04,13,3323,McCollum Park Park & Ride Temporary Bay,0.0,4.0
2023-10-27,860,North,22215,19801.0,16:45:00,16:48:17,16:48:17,0,2192,Northgate Station Bay 2,11.0,0.0
2023-10-27,860,North,22215,19801.0,17:11:00,17:11:31,17:12:02,3,2163,Ash Way Park & Ride Bay 4,0.0,8.0
2023-10-27,860,North,22215,19801.0,,17:13:05,17:13:05,4,3062,Ash Way & 157th St SW,0.0,0.0
2023-10-27,860,North,22215,19801.0,,17:13:28,17:13:59,5,2993,Ash Way & 153rd St SW,0.0,1.0
2023-10-27,860,North,22215,19801.0,,17:14:46,17:15:02,6,2994,Ash Way & 149th St SW,0.0,1.0
2023-10-27,860,North,22215,19801.0,,17:16:11,17:16:11,7,2995,Ash Way & 141st Pl SW,0.0,0.0
2023-10-27,860,North,22215,19801.0,,17:16:38,17:16:38,8,3004,Ash Way & 137th St SW,0.0,0.0
2023-10-27,860,North,22215,19801.0,,17:17:27,17:17:27,9,2456,134th St SW & Ash Way,0.0,0.0
2023-10-27,860,North,22215,19801.0,17:18:00,17:18:20,17:18:40,10,2104,Mariner Park & Ride Bay 2,1.0,1.0
2023-10-27,860,North,22215,19801.0,,17:24:25,17:24:25,11,165,128th St SE & 3rd Ave SE,0.0,0.0
2023-10-27,860,North,22215,19801.0,,17:24:46,17:24:46,12,169,128th St SE & Park Rd,0.0,0.0
2023-10-27,860,North,22215,19801.0,17:28:00,17:26:07,17:26:07,13,3323,McCollum Park Park & Ride Temporary Bay,0.0,1.0
2023-10-27,860,North,22216,21814.0,17:15:00,17:16:22,17:16:22,0,2192,Northgate Station Bay 2,33.0,0.0
2023-10-27,860,North,22216,21814.0,17:39:00,17:36:49,17:37:28,3,2163,Ash Way Park & Ride Bay 4,1.0,19.0
2023-10-27,860,North,22216,21814.0,,17:38:46,17:38:46,4,3062,Ash Way & 157th St SW,0.0,0.0
2023-10-27,860,North,22216,21814.0,,17:39:10,17:39:19,5,2993,Ash Way & 153rd St SW,0.0,1.0
2023-10-27,860,North,22216,21814.0,,17:40:11,17:40:11,6,2994,Ash Way & 149th St SW,0.0,0.0
2023-10-27,860,North,22216,21814.0,,17:41:25,17:41:39,7,2995,Ash Way & 141st Pl SW,0.0,3.0
2023-10-27,860,North,22216,21814.0,,17:42:14,17:42:14,8,3004,Ash Way & 137th St SW,0.0,0.0
2023-10-27,860,North,22216,21814.0,,17:43:05,17:43:19,9,2456,134th St SW & Ash Way,0.0,2.0
2023-10-27,860,North,22216,21814.0,17:46:00,17:44:15,17:44:38,10,2104,Mariner Park & Ride Bay 2,0.0,4.0
2023-10-27,860,North,22216,21814.0,,17:48:25,17:48:25,11,165,128th St SE & 3rd Ave SE,0.0,0.0
2023-10-27,860,North,22216,21814.0,,17:48:41,17:48:41,12,169,128th St SE & Park Rd,0.0,0.0
2023-10-27,860,North,22216,21814.0,17:55:00,17:49:56,17:49:56,13,3323,McCollum Park Park & Ride Temporary Bay,0.0,5.0
2023-10-27,860,North,22217,22803.0,17:30:00,17:30:50,17:30:50,0,2192,Northgate Station Bay 2,12.0,0.0
2023-10-27,860,North,22217,22803.0,17:52:00,17:50:54,17:51:20,3,2163,Ash Way Park & Ride Bay 4,0.0,10.0
2023-10-27,860,North,22217,22803.0,,17:52:48,17:52:48,4,3062,Ash Way & 157th St SW,0.0,0.0
2023-10-27,860,North,22217,22803.0,,17:53:05,17:53:05,5,2993,Ash Way & 153rd St SW,0.0,0.0
2023-10-27,860,North,22217,22803.0,,17:53:38,17:53:38,6,2994,Ash Way & 149th St SW,0.0,0.0
2023-10-27,860,North,22217,22803.0,,17:54:41,17:54:41,7,2995,Ash Way & 141st Pl SW,0.0,0.0
2023-10-27,860,North,22217,22803.0,,17:55:06,17:55:06,8,3004,Ash Way & 137th St SW,0.0,0.0
2023-10-27,860,North,22217,22803.0,,17:55:55,17:55:55,9,2456,134th St SW & Ash Way,0.0,0.0
2023-10-27,860,North,22217,22803.0,17:59:00,17:56:43,17:56:58,10,2104,Mariner Park & Ride Bay 2,0.0,2.0
2023-10-27,860,North,22217,22803.0,,17:58:56,17:58:56,11,165,128th St SE & 3rd Ave SE,0.0,0.0
2023-10-27,860,North,22217,22803.0,,17:59:12,17:59:12,12,169,128th St SE & Park Rd,0.0,0.0
2023-10-27,860,North,22217,22803.0,18:07:00,18:00:20,18:00:20,13,3323,McCollum Park Park & Ride Temporary Bay,0.0,0.0
2023-10-27,860,North,22218,22804.0,17:45:00,17:46:47,17:46:47,0,2192,Northgate Station Bay 2,12.0,0.0
2023-10-27,860,North,22218,22804.0,18:07:00,18:06:09,18:06:30,3,2163,Ash Way Park & Ride Bay 4,0.0,5.0
2023-10-27,860,North,22218,22804.0,,18:08:03,18:08:19,4,3062,Ash Way & 157th St SW,1.0,0.0
2023-10-27,860,North,22218,22804.0,,18:08:40,18:08:40,5,2993,Ash Way & 153rd St SW,0.0,0.0
2023-10-27,860,North,22218,22804.0,,18:09:13,18:09:13,6,2994,Ash Way & 149th St SW,0.0,0.0
2023-10-27,860,North,22218,22804.0,,18:10:18,18:10:31,7,2995,Ash Way & 141st Pl SW,0.0,2.0
2023-10-27,860,North,22218,22804.0,,18:11:02,18:11:02,8,3004,Ash Way & 137th St SW,0.0,0.0
2023-10-27,860,North,22218,22804.0,,18:11:53,18:11:53,9,2456,134th St SW & Ash Way,0.0,0.0
2023-10-27,860,North,22218,22804.0,18:14:00,18:12:42,18:12:55,10,2104,Mariner Park & Ride Bay 2,0.0,4.0
2023-10-27,860,North,22218,22804.0,,18:17:30,18:17:42,11,165,128th St SE & 3rd Ave SE,0.0,2.0
2023-10-27,860,North,22218,22804.0,,18:18:05,18:18:05,12,169,128th St SE & Park Rd,0.0,0.0
2023-10-27,860,North,22218,22804.0,18:22:00,18:19:13,18:19:13,13,3323,McCollum Park Park & Ride Temporary Bay,0.0,0.0
2023-10-27,860,North,22219,19801.0,18:15:00,18:16:56,18:16:56,0,2192,Northgate Station Bay 2,10.0,0.0
2023-10-27,860,North,22219,19801.0,18:35:00,18:33:59,18:34:48,3,2163,Ash Way Park & Ride Bay 4,0.0,6.0
2023-10-27,860,North,22219,19801.0,,18:36:21,18:36:21,4,3062,Ash Way & 157th St SW,0.0,0.0
2023-10-27,860,North,22219,19801.0,,18:36:47,18:37:24,5,2993,Ash Way & 153rd St SW,0.0,1.0
2023-10-27,860,North,22219,19801.0,,18:38:02,18:38:02,6,2994,Ash Way & 149th St SW,0.0,0.0
2023-10-27,860,North,22219,19801.0,,18:39:02,18:39:02,7,2995,Ash Way & 141st Pl SW,0.0,0.0
2023-10-27,860,North,22219,19801.0,,18:39:28,18:39:28,8,3004,Ash Way & 137th St SW,0.0,0.0
2023-10-27,860,North,22219,19801.0,,18:40:17,18:40:17,9,2456,134th St SW & Ash Way,0.0,0.0
2023-10-27,860,North,22219,19801.0,18:42:00,18:41:08,18:41:28,10,2104,Mariner Park & Ride Bay 2,0.0,2.0
2023-10-27,860,North,22219,19801.0,,18:46:39,18:46:39,11,165,128th St SE & 3rd Ave SE,0.0,0.0
2023-10-27,860,North,22219,19801.0,,18:46:57,18:46:57,12,169,128th St SE & Park Rd,0.0,0.0
2023-10-27,860,North,22219,19801.0,18:48:00,18:48:07,18:48:07,13,3323,McCollum Park Park & Ride Temporary Bay,0.0,1.0
2023-10-27,860,South,22220,17807.0,05:25:00,05:25:05,05:25:05,0,3323,McCollum Park Park & Ride Temporary Bay,2.0,0.0
2023-10-27,860,South,22220,17807.0,,05:28:04,05:28:17,1,1552,128th St SE & 3rd Ave SE,1.0,0.0
2023-10-27,860,South,22220,17807.0,05:30:00,05:30:18,05:30:52,2,2106,Mariner Park & Ride Bay 4,2.0,0.0
2023-10-27,860,South,22220,17807.0,,05:32:03,05:32:03,3,2457,134th St SW & Ash Way,0.0,0.0
2023-10-27,860,South,22220,17807.0,,05:32:50,05:32:50,4,2997,Ash Way & 135th St SW,0.0,0.0
2023-10-27,860,South,22220,17807.0,,05:33:22,05:33:34,5,2998,Ash Way & 140th St SW,1.0,0.0
2023-10-27,860,South,22220,17807.0,,05:34:54,05:34:54,6,2999,Ash Way & 149th St SW,0.0,0.0
2023-10-27,860,South,22220,17807.0,,05:35:32,05:35:32,7,3000,Ash Way & 153rd Pl SW,0.0,0.0
2023-10-27,860,South,22220,17807.0,05:34:00,05:37:12,05:37:50,8,2162,Ash Way Park & Ride Bay 3,5.0,0.0
2023-10-27,860,South,22220,17807.0,05:56:00,05:52:42,05:52:42,11,3253,1st Ave N & NE 103rd St,0.0,11.0
2023-10-27,860,South,22221,17813.0,06:00:00,06:00:12,06:00:12,0,3323,McCollum Park Park & Ride Temporary Bay,0.0,0.0
2023-10-27,860,South,22221,17813.0,,06:04:13,06:04:13,1,1552,128th St SE & 3rd Ave SE,0.0,0.0
2023-10-27,860,South,22221,17813.0,06:05:00,06:06:20,06:06:53,2,2106,Mariner Park & Ride Bay 4,4.0,0.0
2023-10-27,860,South,22221,17813.0,,06:08:00,06:08:00,3,2457,134th St SW & Ash Way,0.0,0.0
2023-10-27,860,South,22221,17813.0,,06:08:42,06:09:01,4,2997,Ash Way & 135th St SW,1.0,0.0
2023-10-27,860,South,22221,17813.0,,06:09:42,06:09:42,5,2998,Ash Way & 140th St SW,0.0,0.0
2023-10-27,860,South,22221,17813.0,,06:11:07,06:11:27,6,2999,Ash Way & 149th St SW,1.0,0.0
2023-10-27,860,South,22221,17813.0,,06:12:14,06:12:14,7,3000,Ash Way & 153rd Pl SW,0.0,0.0
2023-10-27,860,South,22221,17813.0,06:09:00,06:14:07,06:14:45,8,2162,Ash Way Park & Ride Bay 3,7.0,1.0
2023-10-27,860,South,22221,17813.0,06:34:00,06:31:18,06:31:18,11,3253,1st Ave N & NE 103rd St,0.0,12.0
2023-10-27,860,South,22222,21815.0,06:33:00,06:33:07,06:33:07,0,3323,McCollum Park Park & Ride Temporary Bay,4.0,0.0
2023-10-27,860,South,22222,21815.0,,06:36:58,06:36:58,1,1552,128th St SE & 3rd Ave SE,0.0,0.0
2023-10-27,860,South,22222,21815.0,06:38:00,06:40:15,06:40:47,2,2106,Mariner Park & Ride Bay 4,3.0,0.0
2023-10-27,860,South,22222,21815.0,,06:41:53,06:41:53,3,2457,134th St SW & Ash Way,0.0,0.0
2023-10-27,860,South,22222,21815.0,,06:42:37,06:42:54,4,2997,Ash Way & 135th St SW,2.0,0.0
2023-10-27,860,South,22222,21815.0,,06:43:37,06:43:49,5,2998,Ash Way & 140th St SW,0.0,0.0
2023-10-27,860,South,22222,21815.0,,06:45:06,06:45:06,6,2999,Ash Way & 149th St SW,0.0,0.0
2023-10-27,860,South,22222,21815.0,,06:45:51,06:46:03,7,3000,Ash Way & 153rd Pl SW,0.0,1.0
2023-10-27,860,South,22222,21815.0,06:42:00,06:47:59,06:48:33,8,2162,Ash Way Park & Ride Bay 3,6.0,0.0
2023-10-27,860,South,22222,21815.0,07:10:00,07:07:42,07:07:42,11,3253,1st Ave N & NE 103rd St,0.0,14.0
2023-10-27,860,South,22223,16809.0,06:57:00,06:57:05,06:57:05,0,3323,McCollum Park Park & Ride Temporary Bay,2.0,0.0
2023-10-27,860,South,22223,16809.0,,07:01:15,07:01:15,1,1552,128th St SE & 3rd Ave SE,0.0,0.0
2023-10-27,860,South,22223,16809.0,07:03:00,07:04:48,07:05:26,2,2106,Mariner Park & Ride Bay 4,3.0,0.0
2023-10-27,860,South,22223,16809.0,,07:06:49,07:06:49,3,2457,134th St SW & Ash Way,0.0,0.0
2023-10-27,860,South,22223,16809.0,,07:07:29,07:07:29,4,2997,Ash Way & 135th St SW,0.0,0.0
2023-10-27,860,South,22223,16809.0,,07:07:57,07:07:57,5,2998,Ash Way & 140th St SW,0.0,0.0
2023-10-27,860,South,22223,16809.0,,07:09:06,07:09:06,6,2999,Ash Way & 149th St SW,0.0,0.0
2023-10-27,860,South,22223,16809.0,,07:09:43,07:09:43,7,3000,Ash Way & 153rd Pl SW,0.0,0.0
2023-10-27,860,South,22223,16809.0,07:08:00,07:11:36,07:12:31,8,2162,Ash Way Park & Ride Bay 3,15.0,1.0
2023-10-27,860,South,22223,16809.0,07:38:00,07:32:50,07:32:50,11,3253,1st Ave N & NE 103rd St,0.0,19.0
2023-10-27,860,South,22224,17813.0,07:32:00,07:32:49,07:32:49,0,3323,McCollum Park Park & Ride Temporary Bay,3.0,0.0
2023-10-27,860,South,22224,17813.0,,07:36:10,07:36:10,1,1552,128th St SE & 3rd Ave SE,0.0,0.0
2023-10-27,860,South,22224,17813.0,07:38:00,07:38:28,07:39:05,2,2106,Mariner Park & Ride Bay 4,5.0,0.0
2023-10-27,860,South,22224,17813.0,,07:40:16,07:40:16,3,2457,134th St SW & Ash Way,0.0,0.0
2023-10-27,860,South,22224,17813.0,,07:41:10,07:41:10,4,2997,Ash Way & 135th St SW,0.0,0.0
2023-10-27,860,South,22224,17813.0,,07:41:43,07:42:02,5,2998,Ash Way & 140th St SW,2.0,0.0
2023-10-27,860,South,22224,17813.0,,07:43:26,07:43:26,6,2999,Ash Way & 149th St SW,0.0,0.0
2023-10-27,860,South,22224,17813.0,,07:44:04,07:44:04,7,3000,Ash Way & 153rd Pl SW,0.0,0.0
2023-10-27,860,South,22224,17813.0,07:43:00,07:45:53,07:47:02,8,2162,Ash Way Park & Ride Bay 3,7.0,1.0
2023-10-27,860,South,22224,17813.0,08:19:00,08:05:28,08:05:28,11,3253,1st Ave N & NE 103rd St,0.0,16.0
2023-10-27,860,South,22225,11101.0,07:57:00,07:58:12,07:58:12,0,3323,McCollum Park Park & Ride Temporary Bay,4.0,0.0
2023-10-27,860,South,22225,11101.0,,08:02:11,08:02:20,1,1552,128th St SE & 3rd Ave SE,0.0,0.0
2023-10-27,860,South,22225,11101.0,08:03:00,08:06:10,08:06:39,2,2106,Mariner Park & Ride Bay 4,4.0,1.0
2023-10-27,860,South,22225,11101.0,,08:07:45,08:07:45,3,2457,134th St SW & Ash Way,0.0,0.0
2023-10-27,860,South,22225,11101.0,,08:08:49,08:08:49,4,2997,Ash Way & 135th St SW,0.0,0.0
2023-10-27,860,South,22225,11101.0,,08:09:20,08:09:20,5,2998,Ash Way & 140th St SW,0.0,0.0
2023-10-27,860,South,22225,11101.0,,08:10:28,08:10:28,6,2999,Ash Way & 149th St SW,0.0,0.0
2023-10-27,860,South,22225,11101.0,,08:11:08,08:11:08,7,3000,Ash Way & 153rd Pl SW,0.0,0.0
2023-10-27,860,South,22225,11101.0,08:08:00,08:12:59,08:14:02,8,2162,Ash Way Park & Ride Bay 3,11.0,0.0
2023-10-27,860,South,22225,11101.0,08:45:00,08:33:45,08:33:45,11,3253,1st Ave N & NE 103rd St,1.0,19.0
2023-10-27,860,South,22226,17807.0,08:45:00,08:46:30,08:46:30,0,3323,McCollum Park Park & Ride Temporary Bay,3.0,0.0
2023-10-27,860,South,22226,17807.0,,08:50:53,08:51:08,1,1552,128th St SE & 3rd Ave SE,2.0,0.0
2023-10-27,860,South,22226,17807.0,08:51:00,08:54:20,08:54:38,2,2106,Mariner Park & Ride Bay 4,2.0,0.0
2023-10-27,860,South,22226,17807.0,,08:55:40,08:55:40,3,2457,134th St SW & Ash Way,0.0,0.0
2023-10-27,860,South,22226,17807.0,,08:56:18,08:56:18,4,2997,Ash Way & 135th St SW,0.0,0.0
2023-10-27,860,South,22226,17807.0,,08:56:46,08:56:46,5,2998,Ash Way & 140th St SW,0.0,0.0
2023-10-27,860,South,22226,17807.0,,08:57:51,08:57:51,6,2999,Ash Way & 149th St SW,0.0,0.0
2023-10-27,860,South,22226,17807.0,,08:58:27,08:58:27,7,3000,Ash Way & 153rd Pl SW,0.0,0.0
2023-10-27,860,South,22226,17807.0,08:55:00,09:00:08,09:00:20,8,2162,Ash Way Park & Ride Bay 3,0.0,0.0
2023-10-27,860,South,22226,17807.0,09:23:00,09:18:08,09:18:08,11,3253,1st Ave N & NE 103rd St,0.0,7.0
2023-10-30,860,North,22211,21802.0,14:40:00,14:41:26,14:41:26,0,2192,Northgate Station Bay 2,6.0,0.0
2023-10-30,860,North,22211,21802.0,14:57:00,14:57:41,14:58:20,3,2163,Ash Way Park & Ride Bay 4,0.0,1.0
2023-10-30,860,North,22211,21802.0,,15:00:16,15:00:16,4,3062,Ash Way & 157th St SW,0.0,0.0
2023-10-30,860,North,22211,21802.0,,15:00:28,15:00:28,5,2993,Ash Way & 153rd St SW,0.0,0.0
2023-10-30,860,North,22211,21802.0,,15:00:59,15:00:59,6,2994,Ash Way & 149th St SW,0.0,0.0
2023-10-30,860,North,22211,21802.0,,15:02:04,15:02:04,7,2995,Ash Way & 141st Pl SW,0.0,0.0
2023-10-30,860,North,22211,21802.0,,15:02:32,15:02:32,8,3004,Ash Way & 137th St SW,0.0,0.0
2023-10-30,860,North,22211,21802.0,,15:03:22,15:03:22,9,2456,134th St SW & Ash Way,0.0,0.0
2023-10-30,860,North,22211,21802.0,15:04:00,15:04:14,15:04:54,10,2104,Mariner Park & Ride Bay 2,0.0,2.0
2023-10-30,860,North,22211,21802.0,,15:09:30,15:09:30,11,165,128th St SE & 3rd Ave SE,0.0,0.0
2023-10-30,860,North,22211,21802.0,,15:09:49,15:09:49,12,169,128th St SE & Park Rd,0.0,0.0
2023-10-30,860,North,22211,21802.0,15:11:00,15:12:04,15:12:04,13,3323,McCollum Park Park & Ride Temporary Bay,0.0,3.0
2023-10-30,860,North,22212,21814.0,15:15:00,15:18:53,15:18:53,0,2192,Northgate Station Bay 2,15.0,0.0
2023-10-30,860,North,22212,21814.0,15:37:00,15:37:13,15:38:10,3,2163,Ash Way Park & Ride Bay 4,4.0,8.0
2023-10-30,860,North,22212,21814.0,,15:39:48,15:40:06,4,3062,Ash Way & 157th St SW,0.0,1.0
2023-10-30,860,North,22212,21814.0,,15:40:38,15:40:52,5,2993,Ash Way & 153rd St SW,0.0,1.0
2023-10-30,860,North,22212,21814.0,,15:41:44,15:41:44,6,2994,Ash Way & 149th St SW,0.0,0.0
2023-10-30,860,North,22212,21814.0,,15:42:49,15:42:49,7,2995,Ash Way & 141st Pl SW,0.0,0.0
2023-10-30,860,North,22212,21814.0,,15:43:19,15:43:19,8,3004,Ash Way & 137th St SW,0.0,0.0
2023-10-30,860,North,22212,21814.0,,15:44:30,15:44:53,9,2456,134th St SW & Ash Way,1.0,2.0
2023-10-30,860,North,22212,21814.0,15:44:00,15:46:04,15:47:04,10,2104,Mariner Park & Ride Bay 2,1.0,4.0
2023-10-30,860,North,22212,21814.0,,15:55:22,15:55:46,11,165,128th St SE & 3rd Ave SE,0.0,1.0
2023-10-30,860,North,22212,21814.0,,15:56:15,15:56:15,12,169,128th St SE & Park Rd,0.0,0.0
2023-10-30,860,North,22212,21814.0,15:51:00,15:57:41,15:57:41,13,3323,McCollum Park Park & Ride Temporary Bay,0.0,4.0
2023-10-30,860,North,22213,22806.0,15:45:00,15:46:53,15:46:53,0,2192,Northgate Station Bay 2,17.0,0.0
2023-10-30,860,North,22213,22806.0,16:11:00,16:07:15,16:08:30,3,2163,Ash Way Park & Ride Bay 4,5.0,16.0
2023-10-30,860,North,22213,22806.0,,16:10:09,16:10:09,4,3062,Ash Way & 157th St SW,0.0,0.0
2023-10-30,860,North,22213,22806.0,,16:10:23,16:10:23,5,2993,Ash Way & 153rd St SW,0.0,0.0
2023-10-30,860,North,22213,22806.0,,16:11:08,16:11:17,6,2994,Ash Way & 149th St SW,0.0,1.0
2023-10-30,860,North,22213,22806.0,,16:12:29,16:12:29,7,2995,Ash Way & 141st Pl SW,0.0,0.0
2023-10-30,860,North,22213,22806.0,,16:13:06,16:13:20,8,3004,Ash Way & 137th St SW,0.0,1.0
2023-10-30,860,North,22213,22806.0,,16:14:18,16:14:18,9,2456,134th St SW & Ash Way,0.0,0.0
2023-10-30,860,North,22213,22806.0,16:18:00,16:15:11,16:15:23,10,2104,Mariner Park & Ride Bay 2,0.0,2.0
2023-10-30,860,North,22213,22806.0,,16:22:42,16:22:42,11,165,128th St SE & 3rd Ave SE,0.0,0.0
2023-10-30,860,North,22213,22806.0,,16:23:01,16:23:01,12,169,128th St SE & Park Rd,0.0,0.0
2023-10-30,860,North,22213,22806.0,16:25:00,16:24:25,16:24:25,13,3323,McCollum Park Park & Ride Temporary Bay,0.0,2.0
2023-10-30,860,North,22214,17807.0,16:15:00,16:15:06,16:15:06,0,2192,Northgate Station Bay 2,16.0,0.0
2023-10-30,860,North,22214,17807.0,16:41:00,16:35:55,16:36:32,3,2163,Ash Way Park & Ride Bay 4,3.0,9.0
2023-10-30,860,North,22214,17807.0,,16:38:18,16:38:18,4,3062,Ash Way & 157th St SW,0.0,0.0
2023-10-30,860,North,22214,17807.0,,16:38:34,16:38:34,5,2993,Ash Way & 153rd St SW,0.0,0.0
2023-10-30,860,North,22214,17807.0,,16:39:11,16:39:33,6,2994,Ash Way & 149th St SW,0.0,1.0
2023-10-30,860,North,22214,17807.0,,16:40:40,16:40:40,7,2995,Ash Way & 141st Pl SW,0.0,0.0
2023-10-30,860,North,22214,17807.0,,16:41:07,16:41:07,8,3004,Ash Way & 137th St SW,0.0,0.0
2023-10-30,860,North,22214,17807.0,,16:41:56,16:42:09,9,2456,134th St SW & Ash Way,0.0,1.0
2023-10-30,860,North,22214,17807.0,16:48:00,16:43:01,16:43:16,10,2104,Mariner Park & Ride Bay 2,0.0,1.0
2023-10-30,860,North,22214,17807.0,,16:50:07,16:50:19,11,165,128th St SE & 3rd Ave SE,0.0,2.0
2023-10-30,860,North,22214,17807.0,,16:50:43,16:50:43,12,169,128th St SE & Park Rd,0.0,0.0
2023-10-30,860,North,22214,17807.0,16:58:00,16:51:48,16:51:48,13,3323,McCollum Park Park & Ride Temporary Bay,0.0,5.0
2023-10-30,860,North,22215,19807.0,16:45:00,16:47:07,16:47:07,0,2192,Northgate Station Bay 2,19.0,0.0
2023-10-30,860,North,22215,19807.0,17:11:00,17:09:11,17:09:50,3,2163,Ash Way Park & Ride Bay 4,0.0,12.0
2023-10-30,860,North,22215,19807.0,,17:11:37,17:11:37,4,3062,Ash Way & 157th St SW,0.0,0.0
2023-10-30,860,North,22215,19807.0,,17:11:50,17:11:50,5,2993,Ash Way & 153rd St SW,0.0,0.0
2023-10-30,860,North,22215,19807.0,,17:12:31,17:12:42,6,2994,Ash Way & 149th St SW,0.0,2.0
2023-10-30,860,North,22215,19807.0,,17:13:54,17:13:54,7,2995,Ash Way & 141st Pl SW,0.0,0.0
2023-10-30,860,North,22215,19807.0,,17:14:21,17:14:21,8,3004,Ash Way & 137th St SW,0.0,0.0
2023-10-30,860,North,22215,19807.0,,17:15:17,17:15:27,9,2456,134th St SW & Ash Way,0.0,1.0
2023-10-30,860,North,22215,19807.0,17:18:00,17:16:24,17:16:54,10,2104,Mariner Park & Ride Bay 2,0.0,1.0
2023-10-30,860,North,22215,19807.0,,17:21:54,17:21:54,11,165,128th St SE & 3rd Ave SE,0.0,0.0
2023-10-30,860,North,22215,19807.0,,17:22:09,17:22:09,12,169,128th St SE & Park Rd,0.0,0.0
2023-10-30,860,North,22215,19807.0,17:28:00,17:23:33,17:23:33,13,3323,McCollum Park Park & Ride Temporary Bay,0.0,3.0
2023-10-30,860,North,22216,16800.0,17:15:00,17:18:23,17:18:23,0,2192,Northgate Station Bay 2,18.0,0.0
2023-10-30,860,North,22216,16800.0,17:39:00,17:34:06,17:34:38,3,2163,Ash Way Park & Ride Bay 4,0.0,11.0
2023-10-30,860,North,22216,16800.0,,17:35:38,17:35:38,4,3062,Ash Way & 157th St SW,0.0,0.0
2023-10-30,860,North,22216,16800.0,,17:35:51,17:35:51,5,2993,Ash Way & 153rd St SW,0.0,0.0
2023-10-30,860,North,22216,16800.0,,17:36:24,17:36:24,6,2994,Ash Way & 149th St SW,0.0,0.0
2023-10-30,860,North,22216,16800.0,,17:37:23,17:37:23,7,2995,Ash Way & 141st Pl SW,0.0,0.0
2023-10-30,860,North,22216,16800.0,,17:37:51,17:37:51,8,3004,Ash Way & 137th St SW,0.0,0.0
2023-10-30,860,North,22216,16800.0,,17:38:37,17:38:37,9,2456,134th St SW & Ash Way,0.0,0.0
2023-10-30,860,North,22216,16800.0,17:46:00,17:39:26,17:40:04,10,2104,Mariner Park & Ride Bay 2,0.0,3.0
2023-10-30,860,North,22216,16800.0,,17:45:22,17:45:22,11,165,128th St SE & 3rd Ave SE,0.0,0.0
2023-10-30,860,North,22216,16800.0,,17:45:42,17:45:42,12,169,128th St SE & Park Rd,0.0,0.0
2023-10-30,860,North,22216,16800.0,17:55:00,17:47:07,17:47:07,13,3323,McCollum Park Park & Ride Temporary Bay,0.0,4.0
2023-10-30,860,North,22217,21806.0,17:30:00,17:30:39,17:30:39,0,2192,Northgate Station Bay 2,10.0,0.0
2023-10-30,860,North,22217,21806.0,17:52:00,17:47:47,17:48:13,3,2163,Ash Way Park & Ride Bay 4,0.0,9.0
2023-10-30,860,North,22217,21806.0,,17:49:55,17:49:55,4,3062,Ash Way & 157th St SW,0.0,0.0
2023-10-30,860,North,22217,21806.0,,17:50:11,17:50:11,5,2993,Ash Way & 153rd St SW,0.0,0.0
2023-10-30,860,North,22217,21806.0,,17:50:50,17:51:07,6,2994,Ash Way & 149th St SW,2.0,0.0
2023-10-30,860,North,22217,21806.0,,17:52:18,17:52:18,7,2995,Ash Way & 141st Pl SW,0.0,0.0
2023-10-30,860,North,22217,21806.0,,17:52:45,17:52:45,8,3004,Ash Way & 137th St SW,0.0,0.0
2023-10-30,860,North,22217,21806.0,,17:53:34,17:53:34,9,2456,134th St SW & Ash Way,0.0,0.0
2023-10-30,860,North,22217,21806.0,17:59:00,17:54:24,17:54:43,10,2104,Mariner Park & Ride Bay 2,0.0,2.0
2023-10-30,860,North,22217,21806.0,,17:59:59,17:59:59,11,165,128th St SE & 3rd Ave SE,0.0,0.0
2023-10-30,860,North,22217,21806.0,,18:00:16,18:00:16,12,169,128th St SE & Park Rd,0.0,0.0
2023-10-30,860,North,22217,21806.0,18:07:00,18:01:34,18:01:34,13,3323,McCollum Park Park & Ride Temporary Bay,0.0,1.0
2023-10-30,860,North,22218,17807.0,17:45:00,17:45:06,17:45:06,0,2192,Northgate Station Bay 2,8.0,0.0
2023-10-30,860,North,22218,17807.0,18:07:00,18:00:38,18:00:50,3,2163,Ash Way Park & Ride Bay 4,0.0,1.0
2023-10-30,860,North,22218,17807.0,,18:02:47,18:02:47,4,3062,Ash Way & 157th St SW,0.0,0.0
2023-10-30,860,North,22218,17807.0,,18:03:04,18:03:04,5,2993,Ash Way & 153rd St SW,0.0,0.0
2023-10-30,860,North,22218,17807.0,,18:03:39,18:03:39,6,2994,Ash Way & 149th St SW,0.0,0.0
2023-10-30,860,North,22218,17807.0,,18:05:10,18:05:10,7,2995,Ash Way & 141st Pl SW,0.0,0.0
2023-10-30,860,North,22218,17807.0,,18:05:41,18:05:41,8,3004,Ash Way & 137th St SW,0.0,0.0
2023-10-30,860,North,22218,17807.0,,18:06:31,18:06:31,9,2456,134th St SW & Ash Way,0.0,0.0
2023-10-30,860,North,22218,17807.0,18:14:00,18:07:18,18:07:33,10,2104,Mariner Park & Ride Bay 2,0.0,2.0
2023-10-30,860,North,22218,17807.0,,18:12:52,18:13:02,11,165,128th St SE & 3rd Ave SE,0.0,1.0
2023-10-30,860,North,22218,17807.0,,18:13:24,18:13:24,12,169,128th St SE & Park Rd,0.0,0.0
2023-10-30,860,North,22218,17807.0,18:22:00,18:14:30,18:14:30,13,3323,McCollum Park Park & Ride Temporary Bay,0.0,4.0
2023-10-30,860,North,22219,19807.0,18:15:00,18:16:37,18:16:37,0,2192,Northgate Station Bay 2,15.0,0.0
2023-10-30,860,North,22219,19807.0,18:35:00,18:30:22,18:30:54,3,2163,Ash Way Park & Ride Bay 4,0.0,8.0
2023-10-30,860,North,22219,19807.0,,18:32:03,18:32:03,4,3062,Ash Way & 157th St SW,0.0,0.0
2023-10-30,860,North,22219,19807.0,,18:32:17,18:32:17,5,2993,Ash Way & 153rd St SW,0.0,0.0
2023-10-30,860,North,22219,19807.0,,18:32:51,18:32:51,6,2994,Ash Way & 149th St SW,0.0,0.0
2023-10-30,860,North,22219,19807.0,,18:33:54,18:33:54,7,2995,Ash Way & 141st Pl SW,0.0,0.0
2023-10-30,860,North,22219,19807.0,,18:34:31,18:34:42,8,3004,Ash Way & 137th St SW,0.0,1.0
2023-10-30,860,North,22219,19807.0,,18:35:39,18:35:39,9,2456,134th St SW & Ash Way,0.0,0.0
2023-10-30,860,North,22219,19807.0,18:42:00,18:36:29,18:36:50,10,2104,Mariner Park & Ride Bay 2,0.0,3.0
2023-10-30,860,North,22219,19807.0,,18:42:30,18:42:30,11,165,128th St SE & 3rd Ave SE,0.0,0.0
2023-10-30,860,North,22219,19807.0,,18:42:47,18:42:47,12,169,128th St SE & Park Rd,0.0,0.0
2023-10-30,860,North,22219,19807.0,18:48:00,18:44:07,18:44:07,13,3323,McCollum Park Park & Ride Temporary Bay,0.0,3.0
2023-10-30,860,South,22220,16801.0,05:25:00,05:25:12,05:25:12,0,3323,McCollum Park Park & Ride Temporary Bay,5.0,0.0
2023-10-30,860,South,22220,16801.0,,05:27:44,05:27:44,1,1552,128th St SE & 3rd Ave SE,0.0,0.0
2023-10-30,860,South,22220,16801.0,05:30:00,05:30:24,05:30:53,2,2106,Mariner Park & Ride Bay 4,4.0,0.0
2023-10-30,860,South,22220,16801.0,,05:31:51,05:31:51,3,2457,134th St SW & Ash Way,0.0,0.0
2023-10-30,860,South,22220,16801.0,,05:32:30,05:32:30,4,2997,Ash Way & 135th St SW,0.0,0.0
2023-10-30,860,South,22220,16801.0,,05:33:00,05:33:00,5,2998,Ash Way & 140th St SW,0.0,0.0
2023-10-30,860,South,22220,16801.0,,05:34:06,05:34:06,6,2999,Ash Way & 149th St SW,0.0,0.0
2023-10-30,860,South,22220,16801.0,,05:34:43,05:34:43,7,3000,Ash Way & 153rd Pl SW,0.0,0.0
2023-10-30,860,South,22220,16801.0,05:34:00,05:36:19,05:36:54,8,2162,Ash Way Park & Ride Bay 3,5.0,0.0
2023-10-30,860,South,22220,16801.0,05:56:00,05:51:57,05:51:57,11,3253,1st Ave N & NE 103rd St,0.0,14.0
2023-10-30,860,South,22221,19809.0,06:00:00,06:07:44,06:07:44,0,3323,McCollum Park Park & Ride Temporary Bay,1.0,0.0
2023-10-30,860,South,22221,19809.0,,06:09:48,06:09:48,1,1552,128th St SE & 3rd Ave SE,0.0,0.0
2023-10-30,860,South,22221,19809.0,06:05:00,06:12:19,06:12:44,2,2106,Mariner Park & Ride Bay 4,3.0,0.0
2023-10-30,860,South,22221,19809.0,,06:13:52,06:13:52,3,2457,134th St SW & Ash Way,0.0,0.0
2023-10-30,860,South,22221,19809.0,,06:14:34,06:14:56,4,2997,Ash Way & 135th St SW,1.0,0.0
2023-10-30,860,South,22221,19809.0,,06:15:31,06:15:31,5,2998,Ash Way & 140th St SW,0.0,0.0
2023-10-30,860,South,22221,19809.0,,06:16:40,06:16:53,6,2999,Ash Way & 149th St SW,1.0,0.0
2023-10-30,860,South,22221,19809.0,,06:17:42,06:18:09,7,3000,Ash Way & 153rd Pl SW,1.0,0.0
2023-10-30,860,South,22221,19809.0,06:09:00,06:20:06,06:20:54,8,2162,Ash Way Park & Ride Bay 3,10.0,1.0
2023-10-30,860,South,22221,19809.0,06:34:00,06:39:23,06:39:23,11,3253,1st Ave N & NE 103rd St,0.0,16.0
2023-10-30,860,South,22222,22807.0,06:33:00,06:32:44,06:32:44,0,3323,McCollum Park Park & Ride Temporary Bay,6.0,0.0
2023-10-30,860,South,22222,22807.0,,06:36:15,06:36:15,1,1552,128th St SE & 3rd Ave SE,0.0,0.0
2023-10-30,860,South,22222,22807.0,06:38:00,06:39:49,06:40:12,2,2106,Mariner Park & Ride Bay 4,1.0,0.0
2023-10-30,860,South,22222,22807.0,,06:41:35,06:41:35,3,2457,134th St SW & Ash Way,0.0,0.0
2023-10-30,860,South,22222,22807.0,,06:42:23,06:42:41,4,2997,Ash Way & 135th St SW,3.0,0.0
2023-10-30,860,South,22222,22807.0,,06:43:19,06:43:19,5,2998,Ash Way & 140th St SW,0.0,0.0
2023-10-30,860,South,22222,22807.0,,06:44:47,06:44:47,6,2999,Ash Way & 149th St SW,0.0,0.0
2023-10-30,860,South,22222,22807.0,,06:45:32,06:45:32,7,3000,Ash Way & 153rd Pl SW,0.0,0.0
2023-10-30,860,South,22222,22807.0,06:42:00,06:47:37,06:48:18,8,2162,Ash Way Park & Ride Bay 3,9.0,0.0
2023-10-30,860,South,22222,22807.0,07:10:00,07:10:59,07:10:59,11,3253,1st Ave N & NE 103rd St,0.0,19.0
2023-10-30,860,South,22223,21801.0,06:57:00,06:55:42,06:55:42,0,3323,McCollum Park Park & Ride Temporary Bay,2.0,0.0
2023-10-30,860,South,22223,21801.0,,07:01:10,07:01:10,1,1552,128th St SE & 3rd Ave SE,0.0,0.0
2023-10-30,860,South,22223,21801.0,07:03:00,07:03:39,07:04:02,2,2106,Mariner Park & Ride Bay 4,1.0,0.0
2023-10-30,860,South,22223,21801.0,,07:05:14,07:05:14,3,2457,134th St SW & Ash Way,0.0,0.0
2023-10-30,860,South,22223,21801.0,,07:05:55,07:05:55,4,2997,Ash Way & 135th St SW,0.0,0.0
2023-10-30,860,South,22223,21801.0,,07:06:25,07:06:25,5,2998,Ash Way & 140th St SW,0.0,0.0
2023-10-30,860,South,22223,21801.0,,07:07:43,07:07:43,6,2999,Ash Way & 149th St SW,0.0,0.0
2023-10-30,860,South,22223,21801.0,,07:08:22,07:08:22,7,3000,Ash Way & 153rd Pl SW,0.0,0.0
2023-10-30,860,South,22223,21801.0,07:08:00,07:10:25,07:11:20,8,2162,Ash Way Park & Ride Bay 3,8.0,0.0
2023-10-30,860,South,22223,21801.0,07:38:00,07:34:40,07:34:40,11,3253,1st Ave N & NE 103rd St,0.0,11.0
2023-10-30,860,South,22224,19809.0,07:32:00,07:31:47,07:31:47,0,3323,McCollum Park Park & Ride Temporary Bay,4.0,0.0
2023-10-30,860,South,22224,19809.0,,07:35:52,07:36:08,1,1552,128th St SE & 3rd Ave SE,1.0,0.0
2023-10-30,860,South,22224,19809.0,07:38:00,07:40:08,07:40:51,2,2106,Mariner Park & Ride Bay 4,5.0,0.0
2023-10-30,860,South,22224,19809.0,,07:41:57,07:41:57,3,2457,134th St SW & Ash Way,0.0,0.0
2023-10-30,860,South,22224,19809.0,,07:42:37,07:42:37,4,2997,Ash Way & 135th St SW,0.0,0.0
2023-10-30,860,South,22224,19809.0,,07:43:03,07:43:03,5,2998,Ash Way & 140th St SW,0.0,0.0
2023-10-30,860,South,22224,19809.0,,07:44:11,07:44:23,6,2999,Ash Way & 149th St SW,1.0,0.0
2023-10-30,860,South,22224,19809.0,,07:45:08,07:45:08,7,3000,Ash Way & 153rd Pl SW,0.0,0.0
2023-10-30,860,South,22224,19809.0,07:43:00,07:47:03,07:47:43,8,2162,Ash Way Park & Ride Bay 3,7.0,2.0
2023-10-30,860,South,22224,19809.0,08:19:00,08:14:26,08:14:26,11,3253,1st Ave N & NE 103rd St,0.0,16.0
2023-10-30,860,South,22225,17109.0,07:57:00,07:57:43,07:57:43,0,3323,McCollum Park Park & Ride Temporary Bay,5.0,0.0
2023-10-30,860,South,22225,17109.0,,08:01:45,08:01:45,1,1552,128th St SE & 3rd Ave SE,0.0,0.0
2023-10-30,860,South,22225,17109.0,08:03:00,08:04:14,08:04:40,2,2106,Mariner Park & Ride Bay 4,3.0,0.0
2023-10-30,860,South,22225,17109.0,,08:05:55,08:05:55,3,2457,134th St SW & Ash Way,0.0,0.0
2023-10-30,860,South,22225,17109.0,,08:06:52,08:06:52,4,2997,Ash Way & 135th St SW,0.0,0.0
2023-10-30,860,South,22225,17109.0,,08:07:28,08:07:43,5,2998,Ash Way & 140th St SW,1.0,0.0
2023-10-30,860,South,22225,17109.0,,08:09:04,08:09:04,6,2999,Ash Way & 149th St SW,0.0,0.0
2023-10-30,860,South,22225,17109.0,,08:09:49,08:10:07,7,3000,Ash Way & 153rd Pl SW,1.0,0.0
2023-10-30,860,South,22225,17109.0,08:08:00,08:12:03,08:12:57,8,2162,Ash Way Park & Ride Bay 3,9.0,0.0
2023-10-30,860,South,22225,17109.0,08:45:00,08:34:27,08:34:27,11,3253,1st Ave N & NE 103rd St,0.0,19.0
2023-10-30,860,South,22226,16801.0,08:45:00,08:45:25,08:45:25,0,3323,McCollum Park Park & Ride Temporary Bay,5.0,0.0
2023-10-30,860,South,22226,16801.0,,08:48:28,08:48:42,1,1552,128th St SE & 3rd Ave SE,1.0,0.0
2023-10-30,860,South,22226,16801.0,08:51:00,08:53:57,08:54:19,2,2106,Mariner Park & Ride Bay 4,2.0,0.0
2023-10-30,860,South,22226,16801.0,,08:55:24,08:55:24,3,2457,134th St SW & Ash Way,0.0,0.0
2023-10-30,860,South,22226,16801.0,,08:55:59,08:55:59,4,2997,Ash Way & 135th St SW,0.0,0.0
2023-10-30,860,South,22226,16801.0,,08:56:24,08:56:24,5,2998,Ash Way & 140th St SW,0.0,0.0
2023-10-30,860,South,22226,16801.0,,08:57:23,08:57:23,6,2999,Ash Way & 149th St SW,0.0,0.0
2023-10-30,860,South,22226,16801.0,,08:58:06,08:58:26,7,3000,Ash Way & 153rd Pl SW,1.0,0.0
2023-10-30,860,South,22226,16801.0,08:55:00,09:01:15,09:02:01,8,2162,Ash Way Park & Ride Bay 3,4.0,1.0
2023-10-30,860,South,22226,16801.0,09:23:00,09:18:27,09:18:27,11,3253,1st Ave N & NE 103rd St,0.0,12.0
2023-10-31,860,North,22211,22803.0,14:40:00,14:40:52,14:40:52,0,2192,Northgate Station Bay 2,13.0,0.0
2023-10-31,860,North,22211,22803.0,14:57:00,14:58:19,14:58:40,3,2163,Ash Way Park & Ride Bay 4,1.0,3.0
2023-10-31,860,North,22211,22803.0,,14:59:48,14:59:48,4,3062,Ash Way & 157th St SW,0.0,0.0
2023-10-31,860,North,22211,22803.0,,15:00:07,15:00:20,5,2993,Ash Way & 153rd St SW,1.0,0.0
2023-10-31,860,North,22211,22803.0,,15:01:07,15:01:07,6,2994,Ash Way & 149th St SW,0.0,0.0
2023-10-31,860,North,22211,22803.0,,15:02:14,15:02:14,7,2995,Ash Way & 141st Pl SW,0.0,0.0
2023-10-31,860,North,22211,22803.0,,15:02:47,15:02:58,8,3004,Ash Way & 137th St SW,0.0,2.0
2023-10-31,860,North,22211,22803.0,,15:03:54,15:03:54,9,2456,134th St SW & Ash Way,0.0,0.0
2023-10-31,860,North,22211,22803.0,15:04:00,15:04:45,15:05:05,10,2104,Mariner Park & Ride Bay 2,0.0,9.0
2023-10-31,860,North,22211,22803.0,,15:10:00,15:10:10,11,165,128th St SE & 3rd Ave SE,0.0,1.0
2023-10-31,860,North,22211,22803.0,,15:10:32,15:10:32,12,169,128th St SE & Park Rd,0.0,0.0
2023-10-31,860,North,22211,22803.0,15:11:00,15:11:48,15:11:48,13,3323,McCollum Park Park & Ride Temporary Bay,0.0,0.0
2023-10-31,860,North,22212,21814.0,15:15:00,15:16:36,15:16:36,0,2192,Northgate Station Bay 2,22.0,0.0
2023-10-31,860,North,22212,21814.0,15:37:00,15:37:02,15:37:34,3,2163,Ash Way Park & Ride Bay 4,0.0,12.0
2023-10-31,860,North,22212,21814.0,,15:38:49,15:38:49,4,3062,Ash Way & 157th St SW,0.0,0.0
2023-10-31,860,North,22212,21814.0,,15:39:04,15:39:04,5,2993,Ash Way & 153rd St SW,0.0,0.0
2023-10-31,860,North,22212,21814.0,,15:39:40,15:39:40,6,2994,Ash Way & 149th St SW,0.0,0.0
2023-10-31,860,North,22212,21814.0,,15:41:37,15:41:37,7,2995,Ash Way & 141st Pl SW,0.0,0.0
2023-10-31,860,North,22212,21814.0,,15:44:29,15:44:29,8,3004,Ash Way & 137th St SW,0.0,0.0
2023-10-31,860,North,22212,21814.0,,15:45:40,15:46:06,9,2456,134th St SW & Ash Way,1.0,1.0
2023-10-31,860,North,22212,21814.0,15:44:00,15:47:02,15:47:25,10,2104,Mariner Park & Ride Bay 2,0.0,2.0
2023-10-31,860,North,22212,21814.0,,15:51:05,15:51:05,11,165,128th St SE & 3rd Ave SE,0.0,0.0
2023-10-31,860,North,22212,21814.0,,15:51:21,15:51:21,12,169,128th St SE & Park Rd,0.0,0.0
2023-10-31,860,North,22212,21814.0,15:51:00,15:52:25,15:52:25,13,3323,McCollum Park Park & Ride Temporary Bay,0.0,8.0
2023-10-31,860,North,22213,19807.0,15:45:00,15:48:11,15:48:11,0,2192,Northgate Station Bay 2,21.0,0.0
2023-10-31,860,North,22213,19807.0,16:11:00,16:08:34,16:09:02,3,2163,Ash Way Park & Ride Bay 4,1.0,10.0
2023-10-31,860,North,22213,19807.0,,16:10:21,16:10:21,4,3062,Ash Way & 157th St SW,0.0,0.0
2023-10-31,860,North,22213,19807.0,,16:10:38,16:10:38,5,2993,Ash Way & 153rd St SW,0.0,0.0
2023-10-31,860,North,22213,19807.0,,16:11:18,16:11:30,6,2994,Ash Way & 149th St SW,0.0,1.0
2023-10-31,860,North,22213,19807.0,,16:12:43,16:12:43,7,2995,Ash Way & 141st Pl SW,0.0,0.0
2023-10-31,860,North,22213,19807.0,,16:13:18,16:13:30,8,3004,Ash Way & 137th St SW,0.0,1.0
2023-10-31,860,North,22213,19807.0,,16:14:27,16:14:27,9,2456,134th St SW & Ash Way,0.0,0.0
2023-10-31,860,North,22213,19807.0,16:18:00,16:15:19,16:15:40,10,2104,Mariner Park & Ride Bay 2,0.0,3.0
2023-10-31,860,North,22213,19807.0,,16:20:37,16:20:48,11,165,128th St SE & 3rd Ave SE,0.0,1.0
2023-10-31,860,North,22213,19807.0,,16:21:11,16:21:11,12,169,128th St SE & Park Rd,0.0,0.0
2023-10-31,860,North,22213,19807.0,16:25:00,16:22:22,16:22:22,13,3323,McCollum Park Park & Ride Temporary Bay,0.0,6.0
2023-10-31,860,North,22214,16802.0,16:15:00,16:14:24,16:14:24,0,2192,Northgate Station Bay 2,20.0,0.0
2023-10-31,860,North,22214,16802.0,16:41:00,16:36:05,16:36:33,3,2163,Ash Way Park & Ride Bay 4,0.0,13.0
2023-10-31,860,North,22214,16802.0,,16:37:53,16:37:53,4,3062,Ash Way & 157th St SW,0.0,0.0
2023-10-31,860,North,22214,16802.0,,16:38:14,16:38:31,5,2993,Ash Way & 153rd St SW,0.0,2.0
2023-10-31,860,North,22214,16802.0,,16:39:27,16:39:27,6,2994,Ash Way & 149th St SW,0.0,0.0
2023-10-31,860,North,22214,16802.0,,16:41:02,16:41:02,7,2995,Ash Way & 141st Pl SW,0.0,0.0
2023-10-31,860,North,22214,16802.0,,16:41:30,16:41:30,8,3004,Ash Way & 137th St SW,0.0,0.0
2023-10-31,860,North,22214,16802.0,,16:42:20,16:42:28,9,2456,134th St SW & Ash Way,0.0,1.0
2023-10-31,860,North,22214,16802.0,16:48:00,16:43:16,16:43:27,10,2104,Mariner Park & Ride Bay 2,0.0,2.0
2023-10-31,860,North,22214,16802.0,,16:48:45,16:48:45,11,165,128th St SE & 3rd Ave SE,0.0,0.0
2023-10-31,860,North,22214,16802.0,,16:49:02,16:49:02,12,169,128th St SE & Park Rd,0.0,0.0
2023-10-31,860,North,22214,16802.0,16:58:00,16:50:06,16:50:06,13,3323,McCollum Park Park & Ride Temporary Bay,0.0,2.0
2023-10-31,860,North,22215,21809.0,16:45:00,16:46:14,16:46:14,0,2192,Northgate Station Bay 2,20.0,0.0
2023-10-31,860,North,22215,21809.0,17:11:00,17:08:58,17:09:48,3,2163,Ash Way Park & Ride Bay 4,0.0,9.0
2023-10-31,860,North,22215,21809.0,,17:10:53,17:10:53,4,3062,Ash Way & 157th St SW,0.0,0.0
2023-10-31,860,North,22215,21809.0,,17:11:06,17:11:06,5,2993,Ash Way & 153rd St SW,0.0,0.0
2023-10-31,860,North,22215,21809.0,,17:11:48,17:12:07,6,2994,Ash Way & 149th St SW,0.0,1.0
2023-10-31,860,North,22215,21809.0,,17:13:17,17:13:17,7,2995,Ash Way & 141st Pl SW,0.0,0.0
2023-10-31,860,North,22215,21809.0,,17:13:43,17:13:43,8,3004,Ash Way & 137th St SW,0.0,0.0
2023-10-31,860,North,22215,21809.0,,17:14:33,17:14:33,9,2456,134th St SW & Ash Way,0.0,0.0
2023-10-31,860,North,22215,21809.0,17:18:00,17:15:26,17:15:53,10,2104,Mariner Park & Ride Bay 2,0.0,3.0
2023-10-31,860,North,22215,21809.0,,17:20:50,17:20:58,11,165,128th St SE & 3rd Ave SE,0.0,1.0
2023-10-31,860,North,22215,21809.0,,17:21:21,17:21:21,12,169,128th St SE & Park Rd,0.0,0.0
2023-10-31,860,North,22215,21809.0,17:28:00,17:22:32,17:22:32,13,3323,McCollum Park Park & Ride Temporary Bay,0.0,6.0
2023-10-31,860,North,22216,17809.0,17:15:00,17:17:59,17:17:59,0,2192,Northgate Station Bay 2,21.0,0.0
2023-10-31,860,North,22216,17809.0,17:39:00,17:37:43,17:38:16,3,2163,Ash Way Park & Ride Bay 4,1.0,12.0
2023-10-31,860,North,22216,17809.0,,17:39:49,17:40:06,4,3062,Ash Way & 157th St SW,0.0,1.0
2023-10-31,860,North,22216,17809.0,,17:40:29,17:40:29,5,2993,Ash Way & 153rd St SW,0.0,0.0
2023-10-31,860,North,22216,17809.0,,17:41:04,17:41:04,6,2994,Ash Way & 149th St SW,0.0,0.0
2023-10-31,860,North,22216,17809.0,,17:42:01,17:42:01,7,2995,Ash Way & 141st Pl SW,0.0,0.0
2023-10-31,860,North,22216,17809.0,,17:42:30,17:42:30,8,3004,Ash Way & 137th St SW,0.0,0.0
2023-10-31,860,North,22216,17809.0,,17:43:18,17:43:18,9,2456,134th St SW & Ash Way,0.0,0.0
2023-10-31,860,North,22216,17809.0,17:46:00,17:44:03,17:44:46,10,2104,Mariner Park & Ride Bay 2,1.0,5.0
2023-10-31,860,North,22216,17809.0,,17:54:07,17:54:22,11,165,128th St SE & 3rd Ave SE,0.0,2.0
2023-10-31,860,North,22216,17809.0,,17:54:43,17:54:43,12,169,128th St SE & Park Rd,0.0,0.0
2023-10-31,860,North,22216,17809.0,17:55:00,17:55:46,17:55:46,13,3323,McCollum Park Park & Ride Temporary Bay,0.0,3.0
2023-10-31,860,North,22217,16807.0,17:30:00,17:30:26,17:30:26,0,2192,Northgate Station Bay 2,28.0,0.0
2023-10-31,860,North,22217,16807.0,17:52:00,17:51:06,17:51:42,3,2163,Ash Way Park & Ride Bay 4,0.0,22.0
2023-10-31,860,North,22217,16807.0,,17:52:56,17:52:56,4,3062,Ash Way & 157th St SW,0.0,0.0
2023-10-31,860,North,22217,16807.0,,17:53:13,17:53:13,5,2993,Ash Way & 153rd St SW,0.0,0.0
2023-10-31,860,North,22217,16807.0,,17:53:49,17:53:49,6,2994,Ash Way & 149th St SW,0.0,0.0
2023-10-31,860,North,22217,16807.0,,17:54:52,17:54:52,7,2995,Ash Way & 141st Pl SW,0.0,0.0
2023-10-31,860,North,22217,16807.0,,17:55:20,17:55:20,8,3004,Ash Way & 137th St SW,0.0,0.0
2023-10-31,860,North,22217,16807.0,,17:56:13,17:56:13,9,2456,134th St SW & Ash Way,0.0,0.0
2023-10-31,860,North,22217,16807.0,17:59:00,17:57:03,17:57:21,10,2104,Mariner Park & Ride Bay 2,0.0,3.0
2023-10-31,860,North,22217,16807.0,,18:03:19,18:03:19,11,165,128th St SE & 3rd Ave SE,0.0,0.0
2023-10-31,860,North,22217,16807.0,,18:03:38,18:03:38,12,169,128th St SE & Park Rd,0.0,0.0
2023-10-31,860,North,22217,16807.0,18:07:00,18:04:44,18:04:44,13,3323,McCollum Park Park & Ride Temporary Bay,0.0,3.0
2023-10-31,860,North,22218,16802.0,17:45:00,17:44:34,17:44:34,0,2192,Northgate Station Bay 2,11.0,0.0
2023-10-31,860,North,22218,16802.0,18:07:00,18:03:41,18:04:05,3,2163,Ash Way Park & Ride Bay 4,0.0,7.0
2023-10-31,860,North,22218,16802.0,,18:05:24,18:05:24,4,3062,Ash Way & 157th St SW,0.0,0.0
2023-10-31,860,North,22218,16802.0,,18:05:42,18:05:42,5,2993,Ash Way & 153rd St SW,0.0,0.0
2023-10-31,860,North,22218,16802.0,,18:06:17,18:06:17,6,2994,Ash Way & 149th St SW,0.0,0.0
2023-10-31,860,North,22218,16802.0,,18:07:20,18:07:20,7,2995,Ash Way & 141st Pl SW,0.0,0.0
2023-10-31,860,North,22218,16802.0,,18:07:49,18:07:49,8,3004,Ash Way & 137th St SW,0.0,0.0
2023-10-31,860,North,22218,16802.0,,18:08:37,18:08:37,9,2456,134th St SW & Ash Way,0.0,0.0
2023-10-31,860,North,22218,16802.0,18:14:00,18:09:23,18:09:35,10,2104,Mariner Park & Ride Bay 2,0.0,2.0
2023-10-31,860,North,22218,16802.0,,18:15:27,18:15:36,11,165,128th St SE & 3rd Ave SE,0.0,1.0
2023-10-31,860,North,22218,16802.0,,18:15:58,18:15:58,12,169,128th St SE & Park Rd,0.0,0.0
2023-10-31,860,North,22218,16802.0,18:22:00,18:17:04,18:17:04,13,3323,McCollum Park Park & Ride Temporary Bay,0.0,1.0
2023-10-31,860,North,22219,21809.0,18:15:00,18:16:47,18:16:47,0,2192,Northgate Station Bay 2,10.0,0.0
2023-10-31,860,North,22219,21809.0,18:35:00,18:32:38,18:33:05,3,2163,Ash Way Park & Ride Bay 4,0.0,4.0
2023-10-31,860,North,22219,21809.0,,18:34:33,18:34:33,4,3062,Ash Way & 157th St SW,0.0,0.0
2023-10-31,860,North,22219,21809.0,,18:34:50,18:34:50,5,2993,Ash Way & 153rd St SW,0.0,0.0
2023-10-31,860,North,22219,21809.0,,18:35:25,18:35:25,6,2994,Ash Way & 149th St SW,0.0,0.0
2023-10-31,860,North,22219,21809.0,,18:36:28,18:36:28,7,2995,Ash Way & 141st Pl SW,0.0,0.0
2023-10-31,860,North,22219,21809.0,,18:36:53,18:36:53,8,3004,Ash Way & 137th St SW,0.0,0.0
2023-10-31,860,North,22219,21809.0,,18:37:43,18:37:43,9,2456,134th St SW & Ash Way,0.0,0.0
2023-10-31,860,North,22219,21809.0,18:42:00,18:38:49,18:39:09,10,2104,Mariner Park & Ride Bay 2,0.0,2.0
2023-10-31,860,North,22219,21809.0,,18:44:13,18:44:13,11,165,128th St SE & 3rd Ave SE,0.0,0.0
2023-10-31,860,North,22219,21809.0,,18:44:31,18:44:31,12,169,128th St SE & Park Rd,0.0,0.0
2023-10-31,860,North,22219,21809.0,18:48:00,18:45:45,18:45:45,13,3323,McCollum Park Park & Ride Temporary Bay,0.0,4.0
2023-10-31,860,South,22220,19801.0,05:25:00,05:25:02,05:25:02,0,3323,McCollum Park Park & Ride Temporary Bay,3.0,0.0
2023-10-31,860,South,22220,19801.0,,05:28:07,05:28:07,1,1552,128th St SE & 3rd Ave SE,0.0,0.0
2023-10-31,860,South,22220,19801.0,05:30:00,05:30:10,05:30:52,2,2106,Mariner Park & Ride Bay 4,4.0,0.0
2023-10-31,860,South,22220,19801.0,,05:31:54,05:31:54,3,2457,134th St SW & Ash Way,0.0,0.0
2023-10-31,860,South,22220,19801.0,,05:32:31,05:32:31,4,2997,Ash Way & 135th St SW,0.0,0.0
2023-10-31,860,South,22220,19801.0,,05:32:58,05:32:58,5,2998,Ash Way & 140th St SW,0.0,0.0
2023-10-31,860,South,22220,19801.0,,05:34:03,05:34:03,6,2999,Ash Way & 149th St SW,0.0,0.0
2023-10-31,860,South,22220,19801.0,,05:34:40,05:34:40,7,3000,Ash Way & 153rd Pl SW,0.0,0.0
2023-10-31,860,South,22220,19801.0,05:34:00,05:36:24,05:36:42,8,2162,Ash Way Park & Ride Bay 3,2.0,0.0
2023-10-31,860,South,22220,19801.0,05:56:00,05:54:17,05:54:17,11,3253,1st Ave N & NE 103rd St,0.0,9.0
2023-10-31,860,South,22221,21804.0,06:00:00,06:00:32,06:00:32,0,3323,McCollum Park Park & Ride Temporary Bay,3.0,0.0
2023-10-31,860,South,22221,21804.0,,06:03:51,06:04:03,1,1552,128th St SE & 3rd Ave SE,1.0,0.0
2023-10-31,860,South,22221,21804.0,06:05:00,06:06:20,06:06:58,2,2106,Mariner Park & Ride Bay 4,6.0,0.0
2023-10-31,860,South,22221,21804.0,,06:08:06,06:08:06,3,2457,134th St SW & Ash Way,0.0,0.0
2023-10-31,860,South,22221,21804.0,,06:08:48,06:09:07,4,2997,Ash Way & 135th St SW,1.0,0.0
2023-10-31,860,South,22221,21804.0,,06:09:49,06:10:04,5,2998,Ash Way & 140th St SW,1.0,0.0
2023-10-31,860,South,22221,21804.0,,06:11:22,06:11:36,6,2999,Ash Way & 149th St SW,1.0,0.0
2023-10-31,860,South,22221,21804.0,,06:12:28,06:12:53,7,3000,Ash Way & 153rd Pl SW,1.0,0.0
2023-10-31,860,South,22221,21804.0,06:09:00,06:14:54,06:15:41,8,2162,Ash Way Park & Ride Bay 3,10.0,1.0
2023-10-31,860,South,22221,21804.0,06:34:00,06:35:16,06:35:16,11,3253,1st Ave N & NE 103rd St,0.0,23.0
2023-10-31,860,South,22222,17802.0,06:33:00,06:32:37,06:32:37,0,3323,McCollum Park Park & Ride Temporary Bay,9.0,0.0
2023-10-31,860,South,22222,17802.0,,06:36:14,06:36:14,1,1552,128th St SE & 3rd Ave SE,0.0,0.0
2023-10-31,860,South,22222,17802.0,06:38:00,06:39:20,06:41:03,2,2106,Mariner Park & Ride Bay 4,6.0,1.0
2023-10-31,860,South,22222,17802.0,,06:43:09,06:43:09,3,2457,134th St SW & Ash Way,0.0,0.0
2023-10-31,860,South,22222,17802.0,,06:43:52,06:44:08,4,2997,Ash Way & 135th St SW,2.0,0.0
2023-10-31,860,South,22222,17802.0,,06:44:52,06:45:02,5,2998,Ash Way & 140th St SW,1.0,0.0
2023-10-31,860,South,22222,17802.0,,06:46:33,06:46:46,6,2999,Ash Way & 149th St SW,1.0,0.0
2023-10-31,860,South,22222,17802.0,,06:47:37,06:47:37,7,3000,Ash Way & 153rd Pl SW,0.0,0.0
2023-10-31,860,South,22222,17802.0,06:42:00,06:49:21,06:50:02,8,2162,Ash Way Park & Ride Bay 3,7.0,0.0
2023-10-31,860,South,22222,17802.0,07:10:00,07:19:53,07:19:53,11,3253,1st Ave N & NE 103rd St,0.0,25.0
2023-10-31,860,South,22223,22803.0,06:57:00,07:01:15,07:01:15,0,3323,McCollum Park Park & Ride Temporary Bay,4.0,0.0
2023-10-31,860,South,22223,22803.0,,07:03:02,07:03:02,1,1552,128th St SE & 3rd Ave SE,0.0,0.0
2023-10-31,860,South,22223,22803.0,07:03:00,07:05:37,07:06:06,2,2106,Mariner Park & Ride Bay 4,4.0,0.0
2023-10-31,860,South,22223,22803.0,,07:07:18,07:07:18,3,2457,134th St SW & Ash Way,0.0,0.0
2023-10-31,860,South,22223,22803.0,,07:08:35,07:08:56,4,2997,Ash Way & 135th St SW,1.0,0.0
2023-10-31,860,South,22223,22803.0,,07:09:35,07:09:35,5,2998,Ash Way & 140th St SW,0.0,0.0
2023-10-31,860,South,22223,22803.0,,07:10:49,07:10:49,6,2999,Ash Way & 149th St SW,0.0,0.0
2023-10-31,860,South,22223,22803.0,,07:11:29,07:11:29,7,3000,Ash Way & 153rd Pl SW,0.0,0.0
2023-10-31,860,South,22223,22803.0,07:08:00,07:13:25,07:14:17,8,2162,Ash Way Park & Ride Bay 3,11.0,0.0
2023-10-31,860,South,22223,22803.0,07:38:00,07:43:39,07:43:39,11,3253,1st Ave N & NE 103rd St,0.0,20.0
2023-10-31,860,South,22224,21804.0,07:32:00,07:32:09,07:32:09,0,3323,McCollum Park Park & Ride Temporary Bay,1.0,0.0
2023-10-31,860,South,22224,21804.0,,07:36:09,07:36:09,1,1552,128th St SE & 3rd Ave SE,0.0,0.0
2023-10-31,860,South,22224,21804.0,07:38:00,07:39:43,07:40:25,2,2106,Mariner Park & Ride Bay 4,7.0,0.0
2023-10-31,860,South,22224,21804.0,,07:41:53,07:41:53,3,2457,134th St SW & Ash Way,0.0,0.0
2023-10-31,860,South,22224,21804.0,,07:42:35,07:42:35,4,2997,Ash Way & 135th St SW,0.0,0.0
2023-10-31,860,South,22224,21804.0,,07:43:05,07:43:05,5,2998,Ash Way & 140th St SW,0.0,0.0
2023-10-31,860,South,22224,21804.0,,07:44:15,07:44:15,6,2999,Ash Way & 149th St SW,0.0,0.0
2023-10-31,860,South,22224,21804.0,,07:45:01,07:45:18,7,3000,Ash Way & 153rd Pl SW,1.0,0.0
2023-10-31,860,South,22224,21804.0,07:43:00,07:47:18,07:47:45,8,2162,Ash Way Park & Ride Bay 3,4.0,0.0
2023-10-31,860,South,22224,21804.0,08:19:00,08:17:37,08:17:37,11,3253,1st Ave N & NE 103rd St,0.0,13.0
2023-10-31,860,South,22225,19116.0,07:57:00,07:58:48,07:58:48,0,3323,McCollum Park Park & Ride Temporary Bay,4.0,0.0
2023-10-31,860,South,22225,19116.0,,08:02:31,08:02:53,1,1552,128th St SE & 3rd Ave SE,4.0,0.0
2023-10-31,860,South,22225,19116.0,08:03:00,08:06:09,08:06:35,2,2106,Mariner Park & Ride Bay 4,6.0,1.0
2023-10-31,860,South,22225,19116.0,,08:07:46,08:07:46,3,2457,134th St SW & Ash Way,0.0,0.0
2023-10-31,860,South,22225,19116.0,,08:08:20,08:08:20,4,2997,Ash Way & 135th St SW,0.0,0.0
2023-10-31,860,South,22225,19116.0,,08:08:45,08:08:45,5,2998,Ash Way & 140th St SW,0.0,0.0
2023-10-31,860,South,22225,19116.0,,08:09:55,08:10:07,6,2999,Ash Way & 149th St SW,1.0,0.0
2023-10-31,860,South,22225,19116.0,,08:10:57,08:11:09,7,3000,Ash Way & 153rd Pl SW,1.0,0.0
2023-10-31,860,South,22225,19116.0,08:08:00,08:12:49,08:13:14,8,2162,Ash Way Park & Ride Bay 3,7.0,0.0
2023-10-31,860,South,22225,19116.0,08:45:00,08:39:17,08:39:17,11,3253,1st Ave N & NE 103rd St,0.0,22.0
2023-10-31,860,South,22226,19801.0,08:45:00,08:45:00,08:45:00,0,3323,McCollum Park Park & Ride Temporary Bay,8.0,0.0
2023-10-31,860,South,22226,19801.0,,08:49:37,08:50:04,1,1552,128th St SE & 3rd Ave SE,4.0,0.0
2023-10-31,860,South,22226,19801.0,08:51:00,08:54:38,08:55:01,2,2106,Mariner Park & Ride Bay 4,3.0,1.0
2023-10-31,860,South,22226,19801.0,,08:56:03,08:56:03,3,2457,134th St SW & Ash Way,0.0,0.0
2023-10-31,860,South,22226,19801.0,,08:56:41,08:56:41,4,2997,Ash Way & 135th St SW,0.0,0.0
2023-10-31,860,South,22226,19801.0,,08:57:16,08:57:16,5,2998,Ash Way & 140th St SW,0.0,0.0
2023-10-31,860,South,22226,19801.0,,08:58:22,08:58:22,6,2999,Ash Way & 149th St SW,0.0,0.0
2023-10-31,860,South,22226,19801.0,,08:58:57,08:58:57,7,3000,Ash Way & 153rd Pl SW,0.0,0.0
2023-10-31,860,South,22226,19801.0,08:55:00,09:00:53,09:01:33,8,2162,Ash Way Park & Ride Bay 3,6.0,1.0
2023-10-31,860,South,22226,19801.0,09:23:00,09:22:35,09:22:35,11,3253,1st Ave N & NE 103rd St,0.0,19.0
