OPERATION_DATE,ROUTE_ID,DIRECTION,TRIP_ID,VEHICLE_ID,SCHED_DEPTIME,ACT_ARRTIME,ACT_DEPTIME,STOP_ORDER_NBR,STOP_ID,STOP,BOARDINGS,ALIGHTINGS
2023-10-02,421,North,24102,19851.0,14:35:00,14:35:12,14:35:12,0,1909,Stewart St & 9th Ave,1.0,0.0
2023-10-02,421,North,24102,19851.0,,14:35:48,14:36:00,1,1908,Stewart St & 7th Ave,0.0,0.0
2023-10-02,421,North,24102,19851.0,,14:38:02,14:38:28,2,1907,Stewart St & 4th Ave,2.0,0.0
2023-10-02,421,North,24102,19851.0,,14:39:57,14:40:21,3,1079,2nd Ave & Stewart St,1.0,0.0
2023-10-02,421,North,24102,19851.0,14:41:00,14:42:40,14:43:35,4,2909,2nd Ave & Seneca St,7.0,0.0
2023-10-02,421,North,24102,19851.0,,14:45:51,14:46:22,5,2631,2nd Ave & Cherry St,3.0,0.0
2023-10-02,421,North,24102,19851.0,,14:50:06,14:50:43,6,546,Terrace St & 5th Ave,3.0,0.0
2023-10-02,421,North,24102,19851.0,14:49:00,14:52:09,14:52:47,7,685,5th Ave & James St,5.0,0.0
2023-10-02,421,North,24102,19851.0,15:16:00,15:12:07,15:12:48,10,2115,Lynnwood Transit Center Bay A2,1.0,11.0
2023-10-02,421,North,24102,19851.0,,15:49:33,15:49:33,14,2490,10th St & Ash Ave,0.0,0.0
2023-10-02,421,North,24102,19851.0,15:57:00,15:50:15,15:50:49,15,2517,Marysville Ash Ave Park & Ride Bay 1,0.0,6.0
2023-10-02,421,North,24102,19851.0,16:04:00,15:53:22,15:53:22,16,419,Marysville at Cedar and Grove Park & Ride Bay 4,0.0,6.0
2023-10-02,421,North,24103,17850.0,15:15:00,15:17:57,15:17:57,0,1909,Stewart St & 9th Ave,1.0,0.0
2023-10-02,421,North,24103,17850.0,,,,1,1908,Stewart St & 7th Ave,,
2023-10-02,421,North,24103,17850.0,,15:21:24,15:21:40,2,1907,Stewart St & 4th Ave,0.0,0.0
2023-10-02,421,North,24103,17850.0,,15:23:34,15:23:53,3,1079,2nd Ave & Stewart St,1.0,0.0
2023-10-02,421,North,24103,17850.0,15:21:00,15:26:21,15:26:52,4,2909,2nd Ave & Seneca St,1.0,0.0
2023-10-02,421,North,24103,17850.0,,15:28:02,15:28:11,5,2631,2nd Ave & Cherry St,0.0,0.0
2023-10-02,421,North,24103,17850.0,,15:30:30,15:31:08,6,546,Terrace St & 5th Ave,1.0,0.0
2023-10-02,421,North,24103,17850.0,15:29:00,15:32:38,15:34:18,7,685,5th Ave & James St,7.0,0.0
2023-10-02,421,North,24103,17850.0,16:00:00,16:00:43,16:01:47,10,2115,Lynnwood Transit Center Bay A2,2.0,5.0
2023-10-02,421,North,24103,17850.0,,16:39:49,16:39:49,14,2490,10th St & Ash Ave,0.0,0.0
2023-10-02,421,North,24103,17850.0,16:41:00,16:40:33,16:41:01,15,2517,Marysville Ash Ave Park & Ride Bay 1,0.0,1.0
2023-10-02,421,North,24103,17850.0,16:49:00,16:44:04,16:44:04,16,419,Marysville at Cedar and Grove Park & Ride Bay 4,0.0,7.0
2023-10-02,421,North,24104,19853.0,15:35:00,15:35:07,15:35:07,0,1909,Stewart St & 9th Ave,1.0,0.0
2023-10-02,421,North,24104,19853.0,,15:35:51,15:36:13,1,1908,Stewart St & 7th Ave,1.0,0.0
2023-10-02,421,North,24104,19853.0,,15:39:46,15:39:57,2,1907,Stewart St & 4th Ave,0.0,0.0
2023-10-02,421,North,24104,19853.0,,15:41:34,15:41:57,3,1079,2nd Ave & Stewart St,2.0,0.0
2023-10-02,421,North,24104,19853.0,15:41:00,15:44:14,15:44:51,4,2909,2nd Ave & Seneca St,5.0,0.0
2023-10-02,421,North,24104,19853.0,,15:46:21,15:46:55,5,2631,2nd Ave & Cherry St,3.0,0.0
2023-10-02,421,North,24104,19853.0,,15:49:35,15:50:22,6,546,Terrace St & 5th Ave,0.0,0.0
2023-10-02,421,North,24104,19853.0,15:49:00,15:52:12,15:53:16,7,685,5th Ave & James St,2.0,0.0
2023-10-02,421,North,24104,19853.0,16:20:00,16:21:02,16:21:33,10,2115,Lynnwood Transit Center Bay A2,0.0,9.0
2023-10-02,421,North,24104,19853.0,,16:59:16,16:59:16,14,2490,10th St & Ash Ave,0.0,0.0
2023-10-02,421,North,24104,19853.0,17:01:00,16:59:55,17:00:26,15,2517,Marysville Ash Ave Park & Ride Bay 1,0.0,3.0
2023-10-02,421,North,24104,19853.0,17:14:00,17:02:55,17:02:55,16,419,Marysville at Cedar and Grove Park & Ride Bay 4,0.0,2.0
2023-10-02,421,North,24105,19821.0,16:10:00,16:11:02,16:11:02,0,1909,Stewart St & 9th Ave,1.0,0.0
2023-10-02,421,North,24105,19821.0,,16:11:39,16:11:53,1,1908,Stewart St & 7th Ave,1.0,0.0
2023-10-02,421,North,24105,19821.0,,16:14:05,16:14:23,2,1907,Stewart St & 4th Ave,1.0,0.0
2023-10-02,421,North,24105,19821.0,,16:16:02,16:16:26,3,1079,2nd Ave & Stewart St,2.0,0.0
2023-10-02,421,North,24105,19821.0,16:16:00,16:19:01,16:19:37,4,2909,2nd Ave & Seneca St,2.0,0.0
2023-10-02,421,North,24105,19821.0,,16:21:01,16:21:48,5,2631,2nd Ave & Cherry St,2.0,0.0
2023-10-02,421,North,24105,19821.0,,16:24:36,16:25:10,6,546,Terrace St & 5th Ave,2.0,0.0
2023-10-02,421,North,24105,19821.0,16:24:00,16:26:38,16:28:00,7,685,5th Ave & James St,8.0,0.0
2023-10-02,421,North,24105,19821.0,16:56:00,16:59:55,17:00:53,10,2115,Lynnwood Transit Center Bay A2,1.0,9.0
2023-10-02,421,North,24105,19821.0,,17:43:23,17:43:42,14,2490,10th St & Ash Ave,0.0,0.0
2023-10-02,421,North,24105,19821.0,17:37:00,17:44:47,17:45:13,15,2517,Marysville Ash Ave Park & Ride Bay 1,0.0,4.0
2023-10-02,421,North,24105,19821.0,17:49:00,17:48:03,17:48:03,16,419,Marysville at Cedar and Grove Park & Ride Bay 4,0.0,7.0
2023-10-02,421,North,24106,19822.0,16:30:00,16:30:43,16:30:43,0,1909,Stewart St & 9th Ave,3.0,0.0
2023-10-02,421,North,24106,19822.0,,16:31:13,16:31:24,1,1908,Stewart St & 7th Ave,0.0,0.0
2023-10-02,421,North,24106,19822.0,,16:33:24,16:33:35,2,1907,Stewart St & 4th Ave,0.0,0.0
2023-10-02,421,North,24106,19822.0,,16:35:27,16:35:49,3,1079,2nd Ave & Stewart St,1.0,3.0
2023-10-02,421,North,24106,19822.0,16:37:00,16:38:30,16:39:30,4,2909,2nd Ave & Seneca St,3.0,1.0
2023-10-02,421,North,24106,19822.0,,16:41:23,16:41:43,5,2631,2nd Ave & Cherry St,1.0,0.0
2023-10-02,421,North,24106,19822.0,,16:45:31,16:45:57,6,546,Terrace St & 5th Ave,3.0,0.0
2023-10-02,421,North,24106,19822.0,16:45:00,16:47:36,16:48:45,7,685,5th Ave & James St,6.0,0.0
2023-10-02,421,North,24106,19822.0,17:17:00,17:19:37,17:20:20,10,2115,Lynnwood Transit Center Bay A2,1.0,10.0
2023-10-02,421,North,24106,19822.0,,18:00:00,18:00:00,14,2490,10th St & Ash Ave,0.0,0.0
2023-10-02,421,North,24106,19822.0,17:58:00,18:00:41,18:01:03,15,2517,Marysville Ash Ave Park & Ride Bay 1,0.0,3.0
2023-10-02,421,North,24106,19822.0,18:08:00,18:03:43,18:03:43,16,419,Marysville at Cedar and Grove Park & Ride Bay 4,0.0,1.0
2023-10-02,421,North,24107,19810.0,17:35:00,17:36:21,17:36:21,0,1909,Stewart St & 9th Ave,1.0,0.0
2023-10-02,421,North,24107,19810.0,,17:37:14,17:37:26,1,1908,Stewart St & 7th Ave,0.0,0.0
2023-10-02,421,North,24107,19810.0,,17:39:30,17:39:44,2,1907,Stewart St & 4th Ave,0.0,0.0
2023-10-02,421,North,24107,19810.0,,17:41:22,17:41:37,3,1079,2nd Ave & Stewart St,2.0,0.0
2023-10-02,421,North,24107,19810.0,17:42:00,17:44:10,17:44:31,4,2909,2nd Ave & Seneca St,3.0,0.0
2023-10-02,421,North,24107,19810.0,,17:46:12,17:46:20,5,2631,2nd Ave & Cherry St,0.0,0.0
2023-10-02,421,North,24107,19810.0,,17:49:54,17:50:03,6,546,Terrace St & 5th Ave,0.0,0.0
2023-10-02,421,North,24107,19810.0,17:50:00,17:50:37,17:50:54,7,685,5th Ave & James St,2.0,0.0
2023-10-02,421,North,24107,19810.0,18:18:00,18:16:38,18:17:00,10,2115,Lynnwood Transit Center Bay A2,0.0,4.0
2023-10-02,421,North,24107,19810.0,,18:42:40,18:42:40,14,2490,10th St & Ash Ave,0.0,0.0
2023-10-02,421,North,24107,19810.0,18:53:00,18:43:17,18:43:26,15,2517,Marysville Ash Ave Park & Ride Bay 1,0.0,0.0
2023-10-02,421,North,24107,19810.0,18:59:00,18:45:42,18:45:42,16,419,Marysville at Cedar and Grove Park & Ride Bay 4,0.0,4.0
2023-10-02,421,South,24108,19822.0,04:35:00,04:35:20,04:35:20,0,3001,Marysville at Cedar and Grove Park & Ride Bay 2,6.0,0.0
2023-10-02,421,South,24108,19822.0,,04:36:56,04:36:56,1,2490,10th St & Ash Ave,0.0,0.0
2023-10-02,421,South,24108,19822.0,04:37:00,04:37:37,04:38:02,2,2517,Marysville Ash Ave Park & Ride Bay 1,2.0,0.0
2023-10-02,421,South,24108,19822.0,,04:40:02,04:40:02,3,2465,4th St & Beach Ave,0.0,0.0
2023-10-02,421,South,24108,19822.0,04:39:00,04:40:39,04:41:01,4,1397,I-5 & Marine Dr NE Flyer Stop,2.0,0.0
2023-10-02,421,South,24108,19822.0,05:00:00,05:00:35,05:02:06,7,2543,Lynnwood Transit Center Bay D4,17.0,1.0
2023-10-02,421,South,24108,19822.0,05:20:00,05:19:04,05:19:34,10,2290,5th Ave & Jefferson St,0.0,11.0
2023-10-02,421,South,24108,19822.0,,05:22:03,05:22:20,11,635,4th Ave S & S Washington St,0.0,3.0
2023-10-02,421,South,24108,19822.0,,05:23:21,05:23:40,12,2638,4th Ave & Cherry St,0.0,2.0
2023-10-02,421,South,24108,19822.0,,05:24:58,05:25:25,13,641,4th Ave & Seneca St,0.0,3.0
2023-10-02,421,South,24108,19822.0,05:28:00,05:26:17,05:26:51,14,2976,4th Ave & Pine St,0.0,3.0
2023-10-02,421,South,24108,19822.0,,05:28:07,05:28:44,15,473,Olive Way & 6th Ave,0.0,4.0
2023-10-02,421,South,24108,19822.0,05:31:00,05:29:33,05:29:33,16,476,Olive Way & Terry Ave,0.0,0.0
2023-10-02,421,South,24109,17860.0,05:10:00,05:11:01,05:11:01,0,3001,Marysville at Cedar and Grove Park & Ride Bay 2,7.0,0.0
2023-10-02,421,South,24109,17860.0,,05:12:28,05:12:45,1,2490,10th St & Ash Ave,1.0,0.0
2023-10-02,421,South,24109,17860.0,05:12:00,05:13:35,05:14:06,2,2517,Marysville Ash Ave Park & Ride Bay 1,2.0,0.0
2023-10-02,421,South,24109,17860.0,,05:17:09,05:17:09,3,2465,4th St & Beach Ave,0.0,0.0
2023-10-02,421,South,24109,17860.0,05:14:00,05:18:38,05:18:38,4,1397,I-5 & Marine Dr NE Flyer Stop,0.0,0.0
2023-10-02,421,South,24109,17860.0,05:36:00,05:38:01,05:40:20,7,2543,Lynnwood Transit Center Bay D4,12.0,0.0
2023-10-02,421,South,24109,17860.0,05:57:00,05:58:05,05:58:37,10,2290,5th Ave & Jefferson St,0.0,11.0
2023-10-02,421,South,24109,17860.0,,06:01:03,06:01:03,11,635,4th Ave S & S Washington St,0.0,0.0
2023-10-02,421,South,24109,17860.0,,06:02:00,06:02:29,12,2638,4th Ave & Cherry St,0.0,2.0
2023-10-02,421,South,24109,17860.0,,06:04:18,06:04:46,13,641,4th Ave & Seneca St,0.0,4.0
2023-10-02,421,South,24109,17860.0,06:05:00,06:06:37,06:07:04,14,2976,4th Ave & Pine St,0.0,5.0
2023-10-02,421,South,24109,17860.0,,06:08:47,06:08:47,15,473,Olive Way & 6th Ave,0.0,0.0
2023-10-02,421,South,24109,17860.0,06:11:00,06:16:10,06:16:10,16,476,Olive Way & Terry Ave,0.0,0.0
2023-10-02,421,South,24110,17864.0,05:45:00,05:45:40,05:45:40,0,3001,Marysville at Cedar and Grove Park & Ride Bay 2,10.0,0.0
2023-10-02,421,South,24110,17864.0,,05:47:11,05:47:11,1,2490,10th St & Ash Ave,0.0,0.0
2023-10-02,421,South,24110,17864.0,05:47:00,05:47:48,05:48:13,2,2517,Marysville Ash Ave Park & Ride Bay 1,2.0,0.0
2023-10-02,421,South,24110,17864.0,,05:50:26,05:50:26,3,2465,4th St & Beach Ave,0.0,0.0
2023-10-02,421,South,24110,17864.0,05:51:00,05:51:26,05:51:26,4,1397,I-5 & Marine Dr NE Flyer Stop,0.0,0.0
2023-10-02,421,South,24110,17864.0,06:13:00,06:13:40,06:14:30,7,2543,Lynnwood Transit Center Bay D4,10.0,1.0
2023-10-02,421,South,24110,17864.0,06:37:00,06:34:16,06:34:54,10,2290,5th Ave & Jefferson St,0.0,11.0
2023-10-02,421,South,24110,17864.0,,06:38:16,06:38:16,11,635,4th Ave S & S Washington St,0.0,0.0
2023-10-02,421,South,24110,17864.0,,06:39:40,06:40:03,12,2638,4th Ave & Cherry St,0.0,2.0
2023-10-02,421,South,24110,17864.0,,06:41:00,06:41:53,13,641,4th Ave & Seneca St,0.0,6.0
2023-10-02,421,South,24110,17864.0,06:46:00,06:44:31,06:44:31,14,2976,4th Ave & Pine St,0.0,0.0
2023-10-02,421,South,24110,17864.0,,06:46:19,06:47:29,15,473,Olive Way & 6th Ave,0.0,1.0
2023-10-02,421,South,24110,17864.0,06:52:00,06:48:17,06:48:17,16,476,Olive Way & Terry Ave,0.0,1.0
2023-10-02,421,South,24111,19814.0,06:20:00,06:22:15,06:22:15,0,3001,Marysville at Cedar and Grove Park & Ride Bay 2,0.0,0.0
2023-10-02,421,South,24111,19814.0,,06:23:53,06:23:53,1,2490,10th St & Ash Ave,0.0,0.0
2023-10-02,421,South,24111,19814.0,06:22:00,06:24:29,06:25:46,2,2517,Marysville Ash Ave Park & Ride Bay 1,2.0,0.0
2023-10-02,421,South,24111,19814.0,,06:27:33,06:27:33,3,2465,4th St & Beach Ave,0.0,0.0
2023-10-02,421,South,24111,19814.0,06:26:00,06:28:23,06:28:37,4,1397,I-5 & Marine Dr NE Flyer Stop,0.0,0.0
2023-10-02,421,South,24111,19814.0,06:52:00,06:50:07,06:50:53,7,2543,Lynnwood Transit Center Bay D4,8.0,0.0
2023-10-02,421,South,24111,19814.0,07:18:00,07:10:16,07:10:32,10,2290,5th Ave & Jefferson St,0.0,0.0
2023-10-02,421,South,24111,19814.0,,07:13:17,07:13:30,11,635,4th Ave S & S Washington St,0.0,0.0
2023-10-02,421,South,24111,19814.0,,07:14:35,07:14:53,12,2638,4th Ave & Cherry St,0.0,5.0
2023-10-02,421,South,24111,19814.0,,07:15:41,07:16:25,13,641,4th Ave & Seneca St,0.0,1.0
2023-10-02,421,South,24111,19814.0,07:29:00,07:17:43,07:18:23,14,2976,4th Ave & Pine St,0.0,1.0
2023-10-02,421,South,24111,19814.0,,07:19:25,07:20:31,15,473,Olive Way & 6th Ave,0.0,3.0
2023-10-02,421,South,24111,19814.0,07:38:00,07:24:08,07:24:08,16,476,Olive Way & Terry Ave,0.0,0.0
2023-10-02,421,South,24112,15811.0,06:55:00,06:49:40,06:49:40,0,3001,Marysville at Cedar and Grove Park & Ride Bay 2,0.0,0.0
2023-10-02,421,South,24112,15811.0,,,,1,2490,10th St & Ash Ave,,
2023-10-02,421,South,24112,15811.0,06:57:00,,,2,2517,Marysville Ash Ave Park & Ride Bay 1,,
2023-10-02,421,South,24112,15811.0,,06:52:53,06:52:53,3,2465,4th St & Beach Ave,6.0,0.0
2023-10-02,421,South,24112,15811.0,07:01:00,07:04:14,07:04:25,4,1397,I-5 & Marine Dr NE Flyer Stop,8.0,0.0
2023-10-02,421,South,24112,15811.0,07:27:00,07:27:49,07:28:34,7,2543,Lynnwood Transit Center Bay D4,9.0,0.0
2023-10-02,421,South,24112,15811.0,07:56:00,07:52:09,07:52:38,10,2290,5th Ave & Jefferson St,0.0,11.0
2023-10-02,421,South,24112,15811.0,,07:56:30,07:56:30,11,635,4th Ave S & S Washington St,0.0,0.0
2023-10-02,421,South,24112,15811.0,,07:57:52,07:58:10,12,2638,4th Ave & Cherry St,0.0,1.0
2023-10-02,421,South,24112,15811.0,,08:00:17,08:01:21,13,641,4th Ave & Seneca St,0.0,7.0
2023-10-02,421,South,24112,15811.0,08:07:00,08:02:24,08:03:21,14,2976,4th Ave & Pine St,0.0,4.0
2023-10-02,421,South,24112,15811.0,,08:04:19,08:05:26,15,473,Olive Way & 6th Ave,0.0,0.0
2023-10-02,421,South,24112,15811.0,08:16:00,08:07:30,08:07:30,16,476,Olive Way & Terry Ave,0.0,0.0
2023-10-02,421,South,24113,17860.0,07:30:00,07:30:56,07:30:56,0,3001,Marysville at Cedar and Grove Park & Ride Bay 2,4.0,0.0
2023-10-02,421,South,24113,17860.0,,07:32:30,07:32:30,1,2490,10th St & Ash Ave,0.0,0.0
2023-10-02,421,South,24113,17860.0,07:32:00,07:33:07,07:33:07,2,2517,Marysville Ash Ave Park & Ride Bay 1,0.0,0.0
2023-10-02,421,South,24113,17860.0,,07:34:37,07:34:51,3,2465,4th St & Beach Ave,1.0,0.0
2023-10-02,421,South,24113,17860.0,07:35:00,07:36:17,07:36:17,4,1397,I-5 & Marine Dr NE Flyer Stop,0.0,0.0
2023-10-02,421,South,24113,17860.0,08:01:00,07:58:27,07:59:39,7,2543,Lynnwood Transit Center Bay D4,23.0,0.0
2023-10-02,421,South,24113,17860.0,08:30:00,08:22:16,08:22:50,10,2290,5th Ave & Jefferson St,0.0,13.0
2023-10-02,421,South,24113,17860.0,,08:26:26,08:26:45,11,635,4th Ave S & S Washington St,0.0,1.0
2023-10-02,421,South,24113,17860.0,,08:28:12,08:28:32,12,2638,4th Ave & Cherry St,0.0,1.0
2023-10-02,421,South,24113,17860.0,,08:29:58,08:30:31,13,641,4th Ave & Seneca St,0.0,8.0
2023-10-02,421,South,24113,17860.0,08:41:00,08:32:45,08:33:25,14,2976,4th Ave & Pine St,0.0,3.0
2023-10-02,421,South,24113,17860.0,,08:34:25,08:35:29,15,473,Olive Way & 6th Ave,0.0,2.0
2023-10-02,421,South,24113,17860.0,08:50:00,08:41:03,08:41:03,16,476,Olive Way & Terry Ave,0.0,0.0
2023-10-03,421,North,24102,17850.0,14:35:00,14:35:16,14:35:16,0,1909,Stewart St & 9th Ave,0.0,0.0
2023-10-03,421,North,24102,17850.0,,14:37:07,14:37:19,1,1908,Stewart St & 7th Ave,0.0,0.0
2023-10-03,421,North,24102,17850.0,,14:39:25,14:39:51,2,1907,Stewart St & 4th Ave,2.0,0.0
2023-10-03,421,North,24102,17850.0,,14:41:28,14:41:28,3,1079,2nd Ave & Stewart St,0.0,0.0
2023-10-03,421,North,24102,17850.0,14:41:00,14:44:03,14:45:07,4,2909,2nd Ave & Seneca St,5.0,0.0
2023-10-03,421,North,24102,17850.0,,14:46:19,14:46:57,5,2631,2nd Ave & Cherry St,6.0,0.0
2023-10-03,421,North,24102,17850.0,,14:50:19,14:50:47,6,546,Terrace St & 5th Ave,3.0,0.0
2023-10-03,421,North,24102,17850.0,14:49:00,14:52:05,14:53:02,7,685,5th Ave & James St,13.0,0.0
2023-10-03,421,North,24102,17850.0,15:16:00,15:12:37,15:13:24,10,2115,Lynnwood Transit Center Bay A2,1.0,19.0
2023-10-03,421,North,24102,17850.0,,15:43:01,15:43:25,14,2490,10th St & Ash Ave,0.0,1.0
2023-10-03,421,North,24102,17850.0,15:57:00,15:44:19,15:45:01,15,2517,Marysville Ash Ave Park & Ride Bay 1,0.0,4.0
2023-10-03,421,North,24102,17850.0,16:04:00,15:47:23,15:47:23,16,419,Marysville at Cedar and Grove Park & Ride Bay 4,0.0,6.0
2023-10-03,421,North,24103,15800.0,15:15:00,15:17:41,15:17:41,0,1909,Stewart St & 9th Ave,5.0,0.0
2023-10-03,421,North,24103,15800.0,,,,1,1908,Stewart St & 7th Ave,,
2023-10-03,421,North,24103,15800.0,,15:20:00,15:20:31,2,1907,Stewart St & 4th Ave,1.0,0.0
2023-10-03,421,North,24103,15800.0,,15:21:53,15:22:34,3,1079,2nd Ave & Stewart St,2.0,0.0
2023-10-03,421,North,24103,15800.0,15:21:00,15:26:06,15:26:29,4,2909,2nd Ave & Seneca St,1.0,0.0
2023-10-03,421,North,24103,15800.0,,15:28:05,15:28:28,5,2631,2nd Ave & Cherry St,1.0,0.0
2023-10-03,421,North,24103,15800.0,,15:32:16,15:32:47,6,546,Terrace St & 5th Ave,2.0,0.0
2023-10-03,421,North,24103,15800.0,15:29:00,15:34:12,15:35:24,7,685,5th Ave & James St,2.0,0.0
2023-10-03,421,North,24103,15800.0,16:00:00,16:00:19,16:01:00,10,2115,Lynnwood Transit Center Bay A2,1.0,3.0
2023-10-03,421,North,24103,15800.0,,16:30:52,16:30:52,14,2490,10th St & Ash Ave,0.0,0.0
2023-10-03,421,North,24103,15800.0,16:41:00,16:31:35,16:32:11,15,2517,Marysville Ash Ave Park & Ride Bay 1,0.0,6.0
2023-10-03,421,North,24103,15800.0,16:49:00,16:44:52,16:44:52,16,419,Marysville at Cedar and Grove Park & Ride Bay 4,1.0,7.0
2023-10-03,421,North,24104,,15:35:00,,,0,1909,Stewart St & 9th Ave,,
2023-10-03,421,North,24104,,,,,1,1908,Stewart St & 7th Ave,,
2023-10-03,421,North,24104,,,,,2,1907,Stewart St & 4th Ave,,
2023-10-03,421,North,24104,,,,,3,1079,2nd Ave & Stewart St,,
2023-10-03,421,North,24104,,15:41:00,,,4,2909,2nd Ave & Seneca St,,
2023-10-03,421,North,24104,,,,,5,2631,2nd Ave & Cherry St,,
2023-10-03,421,North,24104,,,,,6,546,Terrace St & 5th Ave,,
2023-10-03,421,North,24104,,15:49:00,,,7,685,5th Ave & James St,,
2023-10-03,421,North,24104,,16:20:00,,,10,2115,Lynnwood Transit Center Bay A2,,
2023-10-03,421,North,24104,,,,,14,2490,10th St & Ash Ave,,
2023-10-03,421,North,24104,,17:01:00,,,15,2517,Marysville Ash Ave Park & Ride Bay 1,,
2023-10-03,421,North,24104,,17:14:00,,,16,419,Marysville at Cedar and Grove Park & Ride Bay 4,,
2023-10-03,421,North,24105,17854.0,16:10:00,16:12:00,16:12:00,0,1909,Stewart St & 9th Ave,0.0,0.0
2023-10-03,421,North,24105,17854.0,,16:13:09,16:13:34,1,1908,Stewart St & 7th Ave,4.0,0.0
2023-10-03,421,North,24105,17854.0,,16:15:58,16:16:37,2,1907,Stewart St & 4th Ave,1.0,0.0
2023-10-03,421,North,24105,17854.0,,16:17:33,16:18:03,3,1079,2nd Ave & Stewart St,1.0,0.0
2023-10-03,421,North,24105,17854.0,16:16:00,16:22:47,16:23:11,4,2909,2nd Ave & Seneca St,7.0,0.0
2023-10-03,421,North,24105,17854.0,,16:24:13,16:24:58,5,2631,2nd Ave & Cherry St,6.0,0.0
2023-10-03,421,North,24105,17854.0,,16:28:55,16:29:32,6,546,Terrace St & 5th Ave,4.0,0.0
2023-10-03,421,North,24105,17854.0,16:24:00,16:31:10,16:32:24,7,685,5th Ave & James St,12.0,0.0
2023-10-03,421,North,24105,17854.0,16:56:00,16:55:30,16:56:44,10,2115,Lynnwood Transit Center Bay A2,0.0,29.0
2023-10-03,421,North,24105,17854.0,,17:23:19,17:23:40,14,2490,10th St & Ash Ave,0.0,1.0
2023-10-03,421,North,24105,17854.0,17:37:00,17:24:33,17:24:54,15,2517,Marysville Ash Ave Park & Ride Bay 1,0.0,1.0
2023-10-03,421,North,24105,17854.0,17:49:00,17:27:30,17:27:30,16,419,Marysville at Cedar and Grove Park & Ride Bay 4,0.0,4.0
2023-10-03,421,North,24106,17860.0,16:30:00,16:30:34,16:30:34,0,1909,Stewart St & 9th Ave,1.0,0.0
2023-10-03,421,North,24106,17860.0,,16:31:15,16:31:38,1,1908,Stewart St & 7th Ave,2.0,0.0
2023-10-03,421,North,24106,17860.0,,16:33:32,16:33:59,2,1907,Stewart St & 4th Ave,2.0,0.0
2023-10-03,421,North,24106,17860.0,,16:35:34,16:36:00,3,1079,2nd Ave & Stewart St,1.0,1.0
2023-10-03,421,North,24106,17860.0,16:37:00,16:38:17,16:39:27,4,2909,2nd Ave & Seneca St,10.0,1.0
2023-10-03,421,North,24106,17860.0,,16:41:29,16:42:00,5,2631,2nd Ave & Cherry St,2.0,0.0
2023-10-03,421,North,24106,17860.0,,16:45:36,16:45:53,6,546,Terrace St & 5th Ave,1.0,0.0
2023-10-03,421,North,24106,17860.0,16:45:00,16:47:42,16:48:56,7,685,5th Ave & James St,6.0,0.0
2023-10-03,421,North,24106,17860.0,17:17:00,17:13:03,17:13:42,10,2115,Lynnwood Transit Center Bay A2,0.0,14.0
2023-10-03,421,North,24106,17860.0,,17:41:47,17:42:10,14,2490,10th St & Ash Ave,0.0,0.0
2023-10-03,421,North,24106,17860.0,17:58:00,17:43:09,17:43:38,15,2517,Marysville Ash Ave Park & Ride Bay 1,0.0,4.0
2023-10-03,421,North,24106,17860.0,18:08:00,17:46:44,17:46:44,16,419,Marysville at Cedar and Grove Park & Ride Bay 4,0.0,5.0
2023-10-03,421,North,24107,19820.0,17:35:00,17:36:02,17:36:02,0,1909,Stewart St & 9th Ave,1.0,0.0
2023-10-03,421,North,24107,19820.0,,17:37:09,17:37:27,1,1908,Stewart St & 7th Ave,1.0,0.0
2023-10-03,421,North,24107,19820.0,,17:39:34,17:39:57,2,1907,Stewart St & 4th Ave,1.0,0.0
2023-10-03,421,North,24107,19820.0,,17:41:32,17:41:59,3,1079,2nd Ave & Stewart St,2.0,0.0
2023-10-03,421,North,24107,19820.0,17:42:00,17:44:26,17:44:58,4,2909,2nd Ave & Seneca St,2.0,1.0
2023-10-03,421,North,24107,19820.0,,17:46:16,17:47:09,5,2631,2nd Ave & Cherry St,1.0,0.0
2023-10-03,421,North,24107,19820.0,,17:50:00,17:50:31,6,546,Terrace St & 5th Ave,2.0,1.0
2023-10-03,421,North,24107,19820.0,17:50:00,17:52:10,17:53:25,7,685,5th Ave & James St,3.0,0.0
2023-10-03,421,North,24107,19820.0,18:18:00,18:15:07,18:15:45,10,2115,Lynnwood Transit Center Bay A2,2.0,8.0
2023-10-03,421,North,24107,19820.0,,18:40:44,18:40:44,14,2490,10th St & Ash Ave,0.0,0.0
2023-10-03,421,North,24107,19820.0,18:53:00,18:41:28,18:41:47,15,2517,Marysville Ash Ave Park & Ride Bay 1,0.0,3.0
2023-10-03,421,North,24107,19820.0,18:59:00,18:44:41,18:44:41,16,419,Marysville at Cedar and Grove Park & Ride Bay 4,0.0,2.0
2023-10-03,421,South,24108,19820.0,04:35:00,04:35:11,04:35:11,0,3001,Marysville at Cedar and Grove Park & Ride Bay 2,6.0,0.0
2023-10-03,421,South,24108,19820.0,,04:36:53,04:36:53,1,2490,10th St & Ash Ave,0.0,0.0
2023-10-03,421,South,24108,19820.0,04:37:00,04:37:35,04:37:47,2,2517,Marysville Ash Ave Park & Ride Bay 1,0.0,0.0
2023-10-03,421,South,24108,19820.0,,04:39:23,04:39:52,3,2465,4th St & Beach Ave,1.0,0.0
2023-10-03,421,South,24108,19820.0,04:39:00,04:41:15,04:41:15,4,1397,I-5 & Marine Dr NE Flyer Stop,0.0,0.0
2023-10-03,421,South,24108,19820.0,05:00:00,05:01:29,05:04:01,7,2543,Lynnwood Transit Center Bay D4,18.0,1.0
2023-10-03,421,South,24108,19820.0,05:20:00,05:22:05,05:22:36,10,2290,5th Ave & Jefferson St,0.0,10.0
2023-10-03,421,South,24108,19820.0,,05:24:50,05:25:15,11,635,4th Ave S & S Washington St,0.0,5.0
2023-10-03,421,South,24108,19820.0,,05:26:25,05:26:37,12,2638,4th Ave & Cherry St,0.0,1.0
2023-10-03,421,South,24108,19820.0,,05:27:54,05:28:27,13,641,4th Ave & Seneca St,0.0,3.0
2023-10-03,421,South,24108,19820.0,05:28:00,05:29:34,05:29:56,14,2976,4th Ave & Pine St,0.0,2.0
2023-10-03,421,South,24108,19820.0,,05:31:13,05:31:50,15,473,Olive Way & 6th Ave,0.0,3.0
2023-10-03,421,South,24108,19820.0,05:31:00,05:32:45,05:32:45,16,476,Olive Way & Terry Ave,0.0,0.0
2023-10-03,421,South,24109,17861.0,05:10:00,05:12:23,05:12:23,0,3001,Marysville at Cedar and Grove Park & Ride Bay 2,4.0,0.0
2023-10-03,421,South,24109,17861.0,,05:13:50,05:14:07,1,2490,10th St & Ash Ave,1.0,0.0
2023-10-03,421,South,24109,17861.0,05:12:00,05:14:58,05:16:04,2,2517,Marysville Ash Ave Park & Ride Bay 1,4.0,0.0
2023-10-03,421,South,24109,17861.0,,05:17:32,05:17:32,3,2465,4th St & Beach Ave,0.0,0.0
2023-10-03,421,South,24109,17861.0,05:14:00,05:18:10,05:18:10,4,1397,I-5 & Marine Dr NE Flyer Stop,0.0,0.0
2023-10-03,421,South,24109,17861.0,05:36:00,05:39:09,05:41:35,7,2543,Lynnwood Transit Center Bay D4,12.0,0.0
2023-10-03,421,South,24109,17861.0,05:57:00,05:59:39,06:00:08,10,2290,5th Ave & Jefferson St,0.0,10.0
2023-10-03,421,South,24109,17861.0,,06:02:37,06:02:37,11,635,4th Ave S & S Washington St,0.0,0.0
2023-10-03,421,South,24109,17861.0,,06:03:37,06:03:37,12,2638,4th Ave & Cherry St,0.0,0.0
2023-10-03,421,South,24109,17861.0,,06:04:40,06:05:03,13,641,4th Ave & Seneca St,0.0,4.0
2023-10-03,421,South,24109,17861.0,06:05:00,06:06:46,06:07:58,14,2976,4th Ave & Pine St,0.0,5.0
2023-10-03,421,South,24109,17861.0,,06:08:52,06:10:03,15,473,Olive Way & 6th Ave,0.0,2.0
2023-10-03,421,South,24109,17861.0,06:11:00,06:14:26,06:14:26,16,476,Olive Way & Terry Ave,0.0,0.0
2023-10-03,421,South,24110,15812.0,05:45:00,05:46:11,05:46:11,0,3001,Marysville at Cedar and Grove Park & Ride Bay 2,9.0,0.0
2023-10-03,421,South,24110,15812.0,,05:47:49,05:47:49,1,2490,10th St & Ash Ave,0.0,0.0
2023-10-03,421,South,24110,15812.0,05:47:00,05:48:25,05:48:58,2,2517,Marysville Ash Ave Park & Ride Bay 1,4.0,0.0
2023-10-03,421,South,24110,15812.0,,05:51:07,05:51:07,3,2465,4th St & Beach Ave,0.0,0.0
2023-10-03,421,South,24110,15812.0,05:51:00,05:51:59,05:51:59,4,1397,I-5 & Marine Dr NE Flyer Stop,0.0,0.0
2023-10-03,421,South,24110,15812.0,06:13:00,06:18:16,06:19:18,7,2543,Lynnwood Transit Center Bay D4,16.0,1.0
2023-10-03,421,South,24110,15812.0,06:37:00,06:41:34,06:42:08,10,2290,5th Ave & Jefferson St,0.0,15.0
2023-10-03,421,South,24110,15812.0,,06:44:55,06:44:55,11,635,4th Ave S & S Washington St,0.0,0.0
2023-10-03,421,South,24110,15812.0,,06:46:06,06:47:04,12,2638,4th Ave & Cherry St,0.0,4.0
2023-10-03,421,South,24110,15812.0,,06:48:04,06:48:36,13,641,4th Ave & Seneca St,0.0,3.0
2023-10-03,421,South,24110,15812.0,06:46:00,06:50:25,06:51:21,14,2976,4th Ave & Pine St,0.0,3.0
2023-10-03,421,South,24110,15812.0,,06:52:24,06:53:31,15,473,Olive Way & 6th Ave,0.0,3.0
2023-10-03,421,South,24110,15812.0,06:52:00,06:54:18,06:54:18,16,476,Olive Way & Terry Ave,0.0,0.0
2023-10-03,421,South,24111,19814.0,06:20:00,06:22:43,06:22:43,0,3001,Marysville at Cedar and Grove Park & Ride Bay 2,2.0,0.0
2023-10-03,421,South,24111,19814.0,,06:24:25,06:24:25,1,2490,10th St & Ash Ave,0.0,0.0
2023-10-03,421,South,24111,19814.0,06:22:00,06:25:08,06:26:05,2,2517,Marysville Ash Ave Park & Ride Bay 1,3.0,1.0
2023-10-03,421,South,24111,19814.0,,06:28:53,06:29:32,3,2465,4th St & Beach Ave,0.0,0.0
2023-10-03,421,South,24111,19814.0,06:26:00,06:31:41,06:31:41,4,1397,I-5 & Marine Dr NE Flyer Stop,0.0,0.0
2023-10-03,421,South,24111,19814.0,06:52:00,06:59:02,06:59:57,7,2543,Lynnwood Transit Center Bay D4,17.0,1.0
2023-10-03,421,South,24111,19814.0,07:18:00,07:22:03,07:22:24,10,2290,5th Ave & Jefferson St,0.0,7.0
2023-10-03,421,South,24111,19814.0,,07:24:54,07:25:58,11,635,4th Ave S & S Washington St,0.0,2.0
2023-10-03,421,South,24111,19814.0,,07:26:55,07:27:16,12,2638,4th Ave & Cherry St,0.0,4.0
2023-10-03,421,South,24111,19814.0,,07:28:29,07:28:50,13,641,4th Ave & Seneca St,0.0,6.0
2023-10-03,421,South,24111,19814.0,07:29:00,07:30:43,07:30:58,14,2976,4th Ave & Pine St,0.0,1.0
2023-10-03,421,South,24111,19814.0,,07:32:45,07:33:00,15,473,Olive Way & 6th Ave,0.0,0.0
2023-10-03,421,South,24111,19814.0,07:38:00,07:36:57,07:36:57,16,476,Olive Way & Terry Ave,0.0,0.0
2023-10-03,421,South,24112,15816.0,06:55:00,06:55:15,06:55:15,0,3001,Marysville at Cedar and Grove Park & Ride Bay 2,6.0,0.0
2023-10-03,421,South,24112,15816.0,,06:57:03,06:57:03,1,2490,10th St & Ash Ave,0.0,0.0
2023-10-03,421,South,24112,15816.0,06:57:00,06:57:51,06:58:41,2,2517,Marysville Ash Ave Park & Ride Bay 1,6.0,0.0
2023-10-03,421,South,24112,15816.0,,07:00:46,07:00:46,3,2465,4th St & Beach Ave,0.0,0.0
2023-10-03,421,South,24112,15816.0,07:01:00,07:01:38,07:01:38,4,1397,I-5 & Marine Dr NE Flyer Stop,0.0,0.0
2023-10-03,421,South,24112,15816.0,07:27:00,07:27:45,07:29:02,7,2543,Lynnwood Transit Center Bay D4,13.0,1.0
2023-10-03,421,South,24112,15816.0,07:56:00,07:53:57,07:54:24,10,2290,5th Ave & Jefferson St,0.0,7.0
2023-10-03,421,South,24112,15816.0,,07:56:28,07:57:02,11,635,4th Ave S & S Washington St,0.0,2.0
2023-10-03,421,South,24112,15816.0,,07:58:27,07:58:46,12,2638,4th Ave & Cherry St,0.0,0.0
2023-10-03,421,South,24112,15816.0,,08:00:09,08:01:21,13,641,4th Ave & Seneca St,0.0,8.0
2023-10-03,421,South,24112,15816.0,08:07:00,08:02:27,08:03:18,14,2976,4th Ave & Pine St,0.0,5.0
2023-10-03,421,South,24112,15816.0,,08:04:16,08:05:28,15,473,Olive Way & 6th Ave,0.0,1.0
2023-10-03,421,South,24112,15816.0,08:16:00,08:07:24,08:07:24,16,476,Olive Way & Terry Ave,0.0,1.0
2023-10-03,421,South,24113,17861.0,07:30:00,07:31:06,07:31:06,0,3001,Marysville at Cedar and Grove Park & Ride Bay 2,4.0,0.0
2023-10-03,421,South,24113,17861.0,,07:32:41,07:32:41,1,2490,10th St & Ash Ave,0.0,0.0
2023-10-03,421,South,24113,17861.0,07:32:00,07:33:22,07:33:58,2,2517,Marysville Ash Ave Park & Ride Bay 1,4.0,0.0
2023-10-03,421,South,24113,17861.0,,07:35:28,07:35:28,3,2465,4th St & Beach Ave,0.0,0.0
2023-10-03,421,South,24113,17861.0,07:35:00,07:36:09,07:36:09,4,1397,I-5 & Marine Dr NE Flyer Stop,0.0,0.0
2023-10-03,421,South,24113,17861.0,08:01:00,08:04:12,08:05:34,7,2543,Lynnwood Transit Center Bay D4,18.0,0.0
2023-10-03,421,South,24113,17861.0,08:30:00,08:29:58,08:30:35,10,2290,5th Ave & Jefferson St,0.0,10.0
2023-10-03,421,South,24113,17861.0,,08:33:10,08:33:30,11,635,4th Ave S & S Washington St,0.0,1.0
2023-10-03,421,South,24113,17861.0,,08:35:10,08:35:10,12,2638,4th Ave & Cherry St,0.0,0.0
2023-10-03,421,South,24113,17861.0,,08:36:23,08:36:49,13,641,4th Ave & Seneca St,0.0,7.0
2023-10-03,421,South,24113,17861.0,08:41:00,08:38:46,08:39:28,14,2976,4th Ave & Pine St,0.0,4.0
2023-10-03,421,South,24113,17861.0,,08:40:28,08:41:27,15,473,Olive Way & 6th Ave,0.0,2.0
2023-10-03,421,South,24113,17861.0,08:50:00,08:43:29,08:43:29,16,476,Olive Way & Terry Ave,0.0,2.0
2023-10-04,421,North,24102,17859.0,14:35:00,14:35:09,14:35:09,0,1909,Stewart St & 9th Ave,1.0,0.0
2023-10-04,421,North,24102,17859.0,,14:35:41,14:35:50,1,1908,Stewart St & 7th Ave,0.0,0.0
2023-10-04,421,North,24102,17859.0,,14:37:59,14:38:30,2,1907,Stewart St & 4th Ave,2.0,0.0
2023-10-04,421,North,24102,17859.0,,14:40:00,14:40:00,3,1079,2nd Ave & Stewart St,0.0,0.0
2023-10-04,421,North,24102,17859.0,14:41:00,14:42:24,14:43:13,4,2909,2nd Ave & Seneca St,9.0,0.0
2023-10-04,421,North,24102,17859.0,,14:44:26,14:44:52,5,2631,2nd Ave & Cherry St,2.0,0.0
2023-10-04,421,North,24102,17859.0,,14:48:25,14:49:03,6,546,Terrace St & 5th Ave,5.0,0.0
2023-10-04,421,North,24102,17859.0,14:49:00,14:50:36,14:51:19,7,685,5th Ave & James St,7.0,0.0
2023-10-04,421,North,24102,17859.0,15:16:00,15:12:17,15:12:54,10,2115,Lynnwood Transit Center Bay A2,0.0,9.0
2023-10-04,421,North,24102,17859.0,,15:40:05,15:40:30,14,2490,10th St & Ash Ave,0.0,3.0
2023-10-04,421,North,24102,17859.0,15:57:00,15:41:25,15:42:10,15,2517,Marysville Ash Ave Park & Ride Bay 1,0.0,8.0
2023-10-04,421,North,24102,17859.0,16:04:00,15:44:44,15:44:44,16,419,Marysville at Cedar and Grove Park & Ride Bay 4,0.0,6.0
2023-10-04,421,North,24103,15807.0,15:15:00,15:17:41,15:17:41,0,1909,Stewart St & 9th Ave,3.0,0.0
2023-10-04,421,North,24103,15807.0,,,,1,1908,Stewart St & 7th Ave,,
2023-10-04,421,North,24103,15807.0,,15:20:07,15:20:17,2,1907,Stewart St & 4th Ave,0.0,0.0
2023-10-04,421,North,24103,15807.0,,15:22:06,15:22:22,3,1079,2nd Ave & Stewart St,0.0,0.0
2023-10-04,421,North,24103,15807.0,15:21:00,15:24:29,15:25:05,4,2909,2nd Ave & Seneca St,4.0,0.0
2023-10-04,421,North,24103,15807.0,,15:26:29,15:27:36,5,2631,2nd Ave & Cherry St,3.0,1.0
2023-10-04,421,North,24103,15807.0,,15:31:04,15:31:49,6,546,Terrace St & 5th Ave,4.0,0.0
2023-10-04,421,North,24103,15807.0,15:29:00,15:32:38,15:33:06,7,685,5th Ave & James St,2.0,0.0
2023-10-04,421,North,24103,15807.0,16:00:00,16:02:16,16:02:47,10,2115,Lynnwood Transit Center Bay A2,1.0,3.0
2023-10-04,421,North,24103,15807.0,,16:32:43,16:32:43,14,2490,10th St & Ash Ave,0.0,0.0
2023-10-04,421,North,24103,15807.0,16:41:00,16:33:27,16:34:22,15,2517,Marysville Ash Ave Park & Ride Bay 1,0.0,5.0
2023-10-04,421,North,24103,15807.0,16:49:00,16:38:00,16:38:00,16,419,Marysville at Cedar and Grove Park & Ride Bay 4,0.0,8.0
2023-10-04,421,North,24104,15811.0,15:35:00,15:35:08,15:35:08,0,1909,Stewart St & 9th Ave,2.0,0.0
2023-10-04,421,North,24104,15811.0,,15:35:40,15:36:02,1,1908,Stewart St & 7th Ave,3.0,0.0
2023-10-04,421,North,24104,15811.0,,15:38:04,15:38:29,2,1907,Stewart St & 4th Ave,2.0,0.0
2023-10-04,421,North,24104,15811.0,,15:40:00,15:40:08,3,1079,2nd Ave & Stewart St,0.0,0.0
2023-10-04,421,North,24104,15811.0,15:41:00,15:42:31,15:43:01,4,2909,2nd Ave & Seneca St,5.0,0.0
2023-10-04,421,North,24104,15811.0,,15:43:52,15:44:28,5,2631,2nd Ave & Cherry St,3.0,0.0
2023-10-04,421,North,24104,15811.0,,15:48:50,15:49:21,6,546,Terrace St & 5th Ave,4.0,0.0
2023-10-04,421,North,24104,15811.0,15:49:00,15:50:41,15:51:44,7,685,5th Ave & James St,8.0,1.0
2023-10-04,421,North,24104,15811.0,16:20:00,16:21:47,16:22:22,10,2115,Lynnwood Transit Center Bay A2,0.0,14.0
2023-10-04,421,North,24104,15811.0,,16:50:53,16:51:19,14,2490,10th St & Ash Ave,0.0,1.0
2023-10-04,421,North,24104,15811.0,17:01:00,16:52:12,16:52:38,15,2517,Marysville Ash Ave Park & Ride Bay 1,0.0,1.0
2023-10-04,421,North,24104,15811.0,17:14:00,16:55:13,16:55:13,16,419,Marysville at Cedar and Grove Park & Ride Bay 4,0.0,10.0
2023-10-04,421,North,24105,17852.0,16:10:00,16:11:06,16:11:06,0,1909,Stewart St & 9th Ave,1.0,0.0
2023-10-04,421,North,24105,17852.0,,16:11:49,16:12:11,1,1908,Stewart St & 7th Ave,1.0,0.0
2023-10-04,421,North,24105,17852.0,,16:14:29,16:14:40,2,1907,Stewart St & 4th Ave,0.0,0.0
2023-10-04,421,North,24105,17852.0,,16:17:02,16:17:11,3,1079,2nd Ave & Stewart St,0.0,0.0
2023-10-04,421,North,24105,17852.0,16:16:00,16:20:24,16:20:54,4,2909,2nd Ave & Seneca St,4.0,0.0
2023-10-04,421,North,24105,17852.0,,16:22:25,16:23:10,5,2631,2nd Ave & Cherry St,1.0,0.0
2023-10-04,421,North,24105,17852.0,,16:26:09,16:26:49,6,546,Terrace St & 5th Ave,4.0,0.0
2023-10-04,421,North,24105,17852.0,16:24:00,16:28:12,16:30:06,7,685,5th Ave & James St,9.0,0.0
2023-10-04,421,North,24105,17852.0,16:56:00,17:08:04,17:09:03,10,2115,Lynnwood Transit Center Bay A2,1.0,12.0
2023-10-04,421,North,24105,17852.0,,17:35:21,17:35:21,14,2490,10th St & Ash Ave,0.0,0.0
2023-10-04,421,North,24105,17852.0,17:37:00,17:36:04,17:36:32,15,2517,Marysville Ash Ave Park & Ride Bay 1,0.0,1.0
2023-10-04,421,North,24105,17852.0,17:49:00,17:39:29,17:39:29,16,419,Marysville at Cedar and Grove Park & Ride Bay 4,0.0,8.0
2023-10-04,421,North,24106,19857.0,16:30:00,16:31:03,16:31:03,0,1909,Stewart St & 9th Ave,3.0,0.0
2023-10-04,421,North,24106,19857.0,,16:32:38,16:32:51,1,1908,Stewart St & 7th Ave,0.0,0.0
2023-10-04,421,North,24106,19857.0,,16:35:00,16:35:15,2,1907,Stewart St & 4th Ave,0.0,0.0
2023-10-04,421,North,24106,19857.0,,16:36:47,16:37:08,3,1079,2nd Ave & Stewart St,1.0,1.0
2023-10-04,421,North,24106,19857.0,16:37:00,16:38:35,16:39:01,4,2909,2nd Ave & Seneca St,3.0,0.0
2023-10-04,421,North,24106,19857.0,,16:40:04,16:40:23,5,2631,2nd Ave & Cherry St,0.0,0.0
2023-10-04,421,North,24106,19857.0,,16:44:01,16:44:42,6,546,Terrace St & 5th Ave,3.0,0.0
2023-10-04,421,North,24106,19857.0,16:45:00,16:46:09,16:47:28,7,685,5th Ave & James St,5.0,0.0
2023-10-04,421,North,24106,19857.0,17:17:00,17:28:32,17:29:12,10,2115,Lynnwood Transit Center Bay A2,0.0,10.0
2023-10-04,421,North,24106,19857.0,,17:56:05,17:56:19,14,2490,10th St & Ash Ave,0.0,1.0
2023-10-04,421,North,24106,19857.0,17:58:00,17:57:21,17:57:54,15,2517,Marysville Ash Ave Park & Ride Bay 1,0.0,2.0
2023-10-04,421,North,24106,19857.0,18:08:00,18:00:46,18:00:46,16,419,Marysville at Cedar and Grove Park & Ride Bay 4,0.0,1.0
2023-10-04,421,North,24107,19823.0,17:35:00,17:36:10,17:36:10,0,1909,Stewart St & 9th Ave,0.0,0.0
2023-10-04,421,North,24107,19823.0,,17:37:11,17:37:32,1,1908,Stewart St & 7th Ave,1.0,1.0
2023-10-04,421,North,24107,19823.0,,17:39:30,17:39:43,2,1907,Stewart St & 4th Ave,1.0,0.0
2023-10-04,421,North,24107,19823.0,,17:42:09,17:42:26,3,1079,2nd Ave & Stewart St,1.0,0.0
2023-10-04,421,North,24107,19823.0,17:42:00,17:45:35,17:46:04,4,2909,2nd Ave & Seneca St,4.0,0.0
2023-10-04,421,North,24107,19823.0,,17:47:39,17:47:58,5,2631,2nd Ave & Cherry St,1.0,0.0
2023-10-04,421,North,24107,19823.0,,17:51:27,17:51:44,6,546,Terrace St & 5th Ave,1.0,0.0
2023-10-04,421,North,24107,19823.0,17:50:00,17:52:15,17:52:49,7,685,5th Ave & James St,5.0,0.0
2023-10-04,421,North,24107,19823.0,18:18:00,18:19:51,18:20:12,10,2115,Lynnwood Transit Center Bay A2,0.0,7.0
2023-10-04,421,North,24107,19823.0,,18:45:38,18:45:38,14,2490,10th St & Ash Ave,0.0,0.0
2023-10-04,421,North,24107,19823.0,18:53:00,18:46:19,18:46:28,15,2517,Marysville Ash Ave Park & Ride Bay 1,0.0,0.0
2023-10-04,421,North,24107,19823.0,18:59:00,18:49:10,18:49:10,16,419,Marysville at Cedar and Grove Park & Ride Bay 4,0.0,6.0
2023-10-04,421,South,24108,19816.0,04:35:00,04:35:10,04:35:10,0,3001,Marysville at Cedar and Grove Park & Ride Bay 2,5.0,0.0
2023-10-04,421,South,24108,19816.0,,04:36:40,04:36:55,1,2490,10th St & Ash Ave,1.0,0.0
2023-10-04,421,South,24108,19816.0,04:37:00,04:37:47,04:38:05,2,2517,Marysville Ash Ave Park & Ride Bay 1,1.0,0.0
2023-10-04,421,South,24108,19816.0,,04:39:31,04:39:31,3,2465,4th St & Beach Ave,0.0,0.0
2023-10-04,421,South,24108,19816.0,04:39:00,04:41:00,04:41:00,4,1397,I-5 & Marine Dr NE Flyer Stop,0.0,0.0
2023-10-04,421,South,24108,19816.0,05:00:00,05:00:20,05:02:17,7,2543,Lynnwood Transit Center Bay D4,19.0,1.0
2023-10-04,421,South,24108,19816.0,05:20:00,05:19:09,05:19:40,10,2290,5th Ave & Jefferson St,0.0,13.0
2023-10-04,421,South,24108,19816.0,,05:22:31,05:22:50,11,635,4th Ave S & S Washington St,0.0,2.0
2023-10-04,421,South,24108,19816.0,,05:23:35,05:23:48,12,2638,4th Ave & Cherry St,0.0,1.0
2023-10-04,421,South,24108,19816.0,,05:25:00,05:25:39,13,641,4th Ave & Seneca St,0.0,4.0
2023-10-04,421,South,24108,19816.0,05:28:00,05:26:34,05:26:57,14,2976,4th Ave & Pine St,1.0,3.0
2023-10-04,421,South,24108,19816.0,,05:28:34,05:28:51,15,473,Olive Way & 6th Ave,0.0,2.0
2023-10-04,421,South,24108,19816.0,05:31:00,05:30:35,05:30:35,16,476,Olive Way & Terry Ave,0.0,1.0
2023-10-04,421,South,24109,19855.0,05:10:00,05:11:09,05:11:09,0,3001,Marysville at Cedar and Grove Park & Ride Bay 2,5.0,0.0
2023-10-04,421,South,24109,19855.0,,05:12:42,05:13:03,1,2490,10th St & Ash Ave,1.0,0.0
2023-10-04,421,South,24109,19855.0,05:12:00,05:13:52,05:14:29,2,2517,Marysville Ash Ave Park & Ride Bay 1,3.0,0.0
2023-10-04,421,South,24109,19855.0,,05:15:50,05:15:50,3,2465,4th St & Beach Ave,0.0,0.0
2023-10-04,421,South,24109,19855.0,05:14:00,05:16:48,05:16:48,4,1397,I-5 & Marine Dr NE Flyer Stop,0.0,0.0
2023-10-04,421,South,24109,19855.0,05:36:00,05:36:18,05:37:41,7,2543,Lynnwood Transit Center Bay D4,18.0,1.0
2023-10-04,421,South,24109,19855.0,05:57:00,05:55:08,05:56:05,10,2290,5th Ave & Jefferson St,0.0,13.0
2023-10-04,421,South,24109,19855.0,,05:58:13,05:58:31,11,635,4th Ave S & S Washington St,0.0,2.0
2023-10-04,421,South,24109,19855.0,,05:59:20,05:59:32,12,2638,4th Ave & Cherry St,0.0,2.0
2023-10-04,421,South,24109,19855.0,,06:00:53,06:01:14,13,641,4th Ave & Seneca St,0.0,4.0
2023-10-04,421,South,24109,19855.0,06:05:00,06:03:05,06:03:27,14,2976,4th Ave & Pine St,0.0,4.0
2023-10-04,421,South,24109,19855.0,,06:04:15,06:05:28,15,473,Olive Way & 6th Ave,0.0,1.0
2023-10-04,421,South,24109,19855.0,06:11:00,06:10:42,06:10:42,16,476,Olive Way & Terry Ave,0.0,0.0
2023-10-04,421,South,24110,17861.0,05:45:00,05:45:28,05:45:28,0,3001,Marysville at Cedar and Grove Park & Ride Bay 2,10.0,0.0
2023-10-04,421,South,24110,17861.0,,05:47:08,05:47:08,1,2490,10th St & Ash Ave,0.0,0.0
2023-10-04,421,South,24110,17861.0,05:47:00,05:47:44,05:48:20,2,2517,Marysville Ash Ave Park & Ride Bay 1,3.0,0.0
2023-10-04,421,South,24110,17861.0,,05:50:44,05:50:44,3,2465,4th St & Beach Ave,0.0,0.0
2023-10-04,421,South,24110,17861.0,05:51:00,05:51:56,05:51:56,4,1397,I-5 & Marine Dr NE Flyer Stop,0.0,0.0
2023-10-04,421,South,24110,17861.0,06:13:00,06:17:47,06:19:09,7,2543,Lynnwood Transit Center Bay D4,16.0,1.0
2023-10-04,421,South,24110,17861.0,06:37:00,06:40:02,06:40:52,10,2290,5th Ave & Jefferson St,0.0,18.0
2023-10-04,421,South,24110,17861.0,,06:43:14,06:43:51,11,635,4th Ave S & S Washington St,0.0,1.0
2023-10-04,421,South,24110,17861.0,,06:44:54,06:45:14,12,2638,4th Ave & Cherry St,0.0,2.0
2023-10-04,421,South,24110,17861.0,,06:46:32,06:46:59,13,641,4th Ave & Seneca St,0.0,4.0
2023-10-04,421,South,24110,17861.0,06:46:00,06:48:48,06:49:50,14,2976,4th Ave & Pine St,0.0,1.0
2023-10-04,421,South,24110,17861.0,,06:50:45,06:51:58,15,473,Olive Way & 6th Ave,0.0,2.0
2023-10-04,421,South,24110,17861.0,06:52:00,06:52:40,06:52:40,16,476,Olive Way & Terry Ave,0.0,0.0
2023-10-04,421,South,24111,19820.0,06:20:00,06:20:57,06:20:57,0,3001,Marysville at Cedar and Grove Park & Ride Bay 2,2.0,0.0
2023-10-04,421,South,24111,19820.0,,06:22:54,06:22:54,1,2490,10th St & Ash Ave,0.0,0.0
2023-10-04,421,South,24111,19820.0,06:22:00,06:23:38,06:24:18,2,2517,Marysville Ash Ave Park & Ride Bay 1,4.0,0.0
2023-10-04,421,South,24111,19820.0,,06:26:57,06:26:57,3,2465,4th St & Beach Ave,0.0,0.0
2023-10-04,421,South,24111,19820.0,06:26:00,06:28:49,06:28:49,4,1397,I-5 & Marine Dr NE Flyer Stop,0.0,0.0
2023-10-04,421,South,24111,19820.0,06:52:00,06:56:56,06:58:02,7,2543,Lynnwood Transit Center Bay D4,14.0,3.0
2023-10-04,421,South,24111,19820.0,07:18:00,07:19:18,07:19:44,10,2290,5th Ave & Jefferson St,0.0,3.0
2023-10-04,421,South,24111,19820.0,,07:23:15,07:23:27,11,635,4th Ave S & S Washington St,0.0,0.0
2023-10-04,421,South,24111,19820.0,,07:24:53,07:25:21,12,2638,4th Ave & Cherry St,0.0,7.0
2023-10-04,421,South,24111,19820.0,,07:26:56,07:27:11,13,641,4th Ave & Seneca St,0.0,3.0
2023-10-04,421,South,24111,19820.0,07:29:00,07:28:05,07:28:19,14,2976,4th Ave & Pine St,0.0,3.0
2023-10-04,421,South,24111,19820.0,,07:29:44,07:30:55,15,473,Olive Way & 6th Ave,0.0,1.0
2023-10-04,421,South,24111,19820.0,07:38:00,07:33:11,07:33:11,16,476,Olive Way & Terry Ave,0.0,0.0
2023-10-04,421,South,24112,15808.0,06:55:00,06:55:14,06:55:14,0,3001,Marysville at Cedar and Grove Park & Ride Bay 2,8.0,0.0
2023-10-04,421,South,24112,15808.0,,06:57:05,06:57:05,1,2490,10th St & Ash Ave,0.0,0.0
2023-10-04,421,South,24112,15808.0,06:57:00,06:57:52,06:58:37,2,2517,Marysville Ash Ave Park & Ride Bay 1,8.0,0.0
2023-10-04,421,South,24112,15808.0,,07:01:05,07:01:27,3,2465,4th St & Beach Ave,1.0,0.0
2023-10-04,421,South,24112,15808.0,07:01:00,07:03:29,07:03:48,4,1397,I-5 & Marine Dr NE Flyer Stop,1.0,0.0
2023-10-04,421,South,24112,15808.0,07:27:00,07:33:14,07:34:42,7,2543,Lynnwood Transit Center Bay D4,18.0,0.0
2023-10-04,421,South,24112,15808.0,07:56:00,08:02:39,08:03:06,10,2290,5th Ave & Jefferson St,0.0,11.0
2023-10-04,421,South,24112,15808.0,,08:06:44,08:07:09,11,635,4th Ave S & S Washington St,0.0,1.0
2023-10-04,421,South,24112,15808.0,,08:10:36,08:11:02,12,2638,4th Ave & Cherry St,0.0,5.0
2023-10-04,421,South,24112,15808.0,,08:12:07,08:12:45,13,641,4th Ave & Seneca St,0.0,10.0
2023-10-04,421,South,24112,15808.0,08:07:00,08:14:16,08:15:22,14,2976,4th Ave & Pine St,0.0,5.0
2023-10-04,421,South,24112,15808.0,,08:16:33,08:17:29,15,473,Olive Way & 6th Ave,0.0,3.0
2023-10-04,421,South,24112,15808.0,08:16:00,08:19:31,08:19:31,16,476,Olive Way & Terry Ave,0.0,1.0
2023-10-04,421,South,24113,19855.0,07:30:00,07:30:34,07:30:34,0,3001,Marysville at Cedar and Grove Park & Ride Bay 2,6.0,0.0
2023-10-04,421,South,24113,19855.0,,07:32:09,07:32:09,1,2490,10th St & Ash Ave,0.0,0.0
2023-10-04,421,South,24113,19855.0,07:32:00,07:32:45,07:33:13,2,2517,Marysville Ash Ave Park & Ride Bay 1,3.0,0.0
2023-10-04,421,South,24113,19855.0,,07:34:53,07:34:53,3,2465,4th St & Beach Ave,0.0,0.0
2023-10-04,421,South,24113,19855.0,07:35:00,07:36:06,07:36:30,4,1397,I-5 & Marine Dr NE Flyer Stop,2.0,0.0
2023-10-04,421,South,24113,19855.0,08:01:00,08:10:56,08:12:05,7,2543,Lynnwood Transit Center Bay D4,16.0,1.0
2023-10-04,421,South,24113,19855.0,08:30:00,08:40:13,08:40:46,10,2290,5th Ave & Jefferson St,0.0,8.0
2023-10-04,421,South,24113,19855.0,,08:43:06,08:43:29,11,635,4th Ave S & S Washington St,0.0,2.0
2023-10-04,421,South,24113,19855.0,,08:44:42,08:44:42,12,2638,4th Ave & Cherry St,0.0,0.0
2023-10-04,421,South,24113,19855.0,,08:46:31,08:46:56,13,641,4th Ave & Seneca St,0.0,8.0
2023-10-04,421,South,24113,19855.0,08:41:00,08:48:49,08:49:49,14,2976,4th Ave & Pine St,0.0,4.0
2023-10-04,421,South,24113,19855.0,,08:50:50,08:51:53,15,473,Olive Way & 6th Ave,0.0,3.0
2023-10-04,421,South,24113,19855.0,08:50:00,08:52:48,08:52:48,16,476,Olive Way & Terry Ave,0.0,1.0
2023-10-05,421,North,24102,19851.0,14:35:00,14:35:14,14:35:14,0,1909,Stewart St & 9th Ave,3.0,0.0
2023-10-05,421,North,24102,19851.0,,14:35:43,14:36:01,1,1908,Stewart St & 7th Ave,1.0,0.0
2023-10-05,421,North,24102,19851.0,,14:38:00,14:38:29,2,1907,Stewart St & 4th Ave,3.0,0.0
2023-10-05,421,North,24102,19851.0,,14:40:59,14:41:07,3,1079,2nd Ave & Stewart St,0.0,0.0
2023-10-05,421,North,24102,19851.0,14:41:00,14:44:22,14:44:56,4,2909,2nd Ave & Seneca St,3.0,0.0
2023-10-05,421,North,24102,19851.0,,14:46:25,14:47:12,5,2631,2nd Ave & Cherry St,3.0,0.0
2023-10-05,421,North,24102,19851.0,,14:50:02,14:50:40,6,546,Terrace St & 5th Ave,3.0,0.0
2023-10-05,421,North,24102,19851.0,14:49:00,14:52:09,14:52:48,7,685,5th Ave & James St,0.0,0.0
2023-10-05,421,North,24102,19851.0,15:16:00,,,10,2115,Lynnwood Transit Center Bay A2,,
2023-10-05,421,North,24102,19851.0,,,,14,2490,10th St & Ash Ave,,
2023-10-05,421,North,24102,19851.0,15:57:00,,,15,2517,Marysville Ash Ave Park & Ride Bay 1,,
2023-10-05,421,North,24102,19851.0,16:04:00,,,16,419,Marysville at Cedar and Grove Park & Ride Bay 4,,
2023-10-05,421,North,24103,15800.0,15:15:00,15:19:12,15:19:12,0,1909,Stewart St & 9th Ave,3.0,0.0
2023-10-05,421,North,24103,15800.0,,,,1,1908,Stewart St & 7th Ave,,
2023-10-05,421,North,24103,15800.0,,15:21:29,15:21:59,2,1907,Stewart St & 4th Ave,1.0,0.0
2023-10-05,421,North,24103,15800.0,,15:23:40,15:24:25,3,1079,2nd Ave & Stewart St,0.0,0.0
2023-10-05,421,North,24103,15800.0,15:21:00,15:27:47,15:28:32,4,2909,2nd Ave & Seneca St,0.0,0.0
2023-10-05,421,North,24103,15800.0,,15:29:40,15:29:54,5,2631,2nd Ave & Cherry St,0.0,0.0
2023-10-05,421,North,24103,15800.0,,15:33:47,15:34:15,6,546,Terrace St & 5th Ave,2.0,0.0
2023-10-05,421,North,24103,15800.0,15:29:00,15:35:39,15:36:51,7,685,5th Ave & James St,2.0,0.0
2023-10-05,421,North,24103,15800.0,16:00:00,16:03:42,16:04:52,10,2115,Lynnwood Transit Center Bay A2,3.0,0.0
2023-10-05,421,North,24103,15800.0,,16:37:48,16:38:15,14,2490,10th St & Ash Ave,0.0,1.0
2023-10-05,421,North,24103,15800.0,16:41:00,16:39:51,16:40:19,15,2517,Marysville Ash Ave Park & Ride Bay 1,0.0,6.0
2023-10-05,421,North,24103,15800.0,16:49:00,16:43:29,16:43:29,16,419,Marysville at Cedar and Grove Park & Ride Bay 4,0.0,4.0
2023-10-05,421,North,24104,17866.0,15:35:00,15:35:08,15:35:08,0,1909,Stewart St & 9th Ave,2.0,0.0
2023-10-05,421,North,24104,17866.0,,15:35:50,15:36:01,1,1908,Stewart St & 7th Ave,0.0,0.0
2023-10-05,421,North,24104,17866.0,,15:38:07,15:38:25,2,1907,Stewart St & 4th Ave,0.0,1.0
2023-10-05,421,North,24104,17866.0,,15:39:48,15:40:59,3,1079,2nd Ave & Stewart St,3.0,0.0
2023-10-05,421,North,24104,17866.0,15:41:00,15:44:10,15:44:41,4,2909,2nd Ave & Seneca St,2.0,0.0
2023-10-05,421,North,24104,17866.0,,15:46:39,15:47:08,5,2631,2nd Ave & Cherry St,1.0,1.0
2023-10-05,421,North,24104,17866.0,,15:50:05,15:50:34,6,546,Terrace St & 5th Ave,2.0,0.0
2023-10-05,421,North,24104,17866.0,15:49:00,15:52:13,15:52:46,7,685,5th Ave & James St,2.0,0.0
2023-10-05,421,North,24104,17866.0,16:20:00,16:22:32,16:23:26,10,2115,Lynnwood Transit Center Bay A2,0.0,7.0
2023-10-05,421,North,24104,17866.0,,16:56:12,16:56:12,14,2490,10th St & Ash Ave,0.0,0.0
2023-10-05,421,North,24104,17866.0,17:01:00,16:56:51,16:57:09,15,2517,Marysville Ash Ave Park & Ride Bay 1,0.0,1.0
2023-10-05,421,North,24104,17866.0,17:14:00,16:59:38,16:59:38,16,419,Marysville at Cedar and Grove Park & Ride Bay 4,0.0,2.0
2023-10-05,421,North,24105,19850.0,16:10:00,16:11:03,16:11:03,0,1909,Stewart St & 9th Ave,1.0,0.0
2023-10-05,421,North,24105,19850.0,,16:11:59,16:12:19,1,1908,Stewart St & 7th Ave,2.0,0.0
2023-10-05,421,North,24105,19850.0,,16:14:23,16:15:20,2,1907,Stewart St & 4th Ave,0.0,0.0
2023-10-05,421,North,24105,19850.0,,16:17:00,16:17:26,3,1079,2nd Ave & Stewart St,2.0,0.0
2023-10-05,421,North,24105,19850.0,16:16:00,16:20:08,16:20:43,4,2909,2nd Ave & Seneca St,7.0,0.0
2023-10-05,421,North,24105,19850.0,,16:21:31,16:21:52,5,2631,2nd Ave & Cherry St,1.0,0.0
2023-10-05,421,North,24105,19850.0,,16:26:15,16:26:53,6,546,Terrace St & 5th Ave,3.0,0.0
2023-10-05,421,North,24105,19850.0,16:24:00,16:28:16,16:30:10,7,685,5th Ave & James St,10.0,0.0
2023-10-05,421,North,24105,19850.0,16:56:00,16:59:02,17:00:00,10,2115,Lynnwood Transit Center Bay A2,0.0,18.0
2023-10-05,421,North,24105,19850.0,,17:35:09,17:35:28,14,2490,10th St & Ash Ave,0.0,1.0
2023-10-05,421,North,24105,19850.0,17:37:00,17:36:31,17:36:57,15,2517,Marysville Ash Ave Park & Ride Bay 1,0.0,2.0
2023-10-05,421,North,24105,19850.0,17:49:00,17:39:52,17:39:52,16,419,Marysville at Cedar and Grove Park & Ride Bay 4,0.0,5.0
2023-10-05,421,North,24106,15815.0,16:30:00,16:33:04,16:33:04,0,1909,Stewart St & 9th Ave,0.0,0.0
2023-10-05,421,North,24106,15815.0,,16:34:07,16:34:19,1,1908,Stewart St & 7th Ave,0.0,0.0
2023-10-05,421,North,24106,15815.0,,16:36:35,16:37:50,2,1907,Stewart St & 4th Ave,3.0,0.0
2023-10-05,421,North,24106,15815.0,,16:38:27,16:38:52,3,1079,2nd Ave & Stewart St,0.0,0.0
2023-10-05,421,North,24106,15815.0,16:37:00,16:41:12,16:41:49,4,2909,2nd Ave & Seneca St,6.0,0.0
2023-10-05,421,North,24106,15815.0,,16:43:26,16:43:26,5,2631,2nd Ave & Cherry St,3.0,0.0
2023-10-05,421,North,24106,15815.0,,16:46:55,16:47:20,6,546,Terrace St & 5th Ave,3.0,0.0
2023-10-05,421,North,24106,15815.0,16:45:00,16:47:58,16:48:33,7,685,5th Ave & James St,6.0,0.0
2023-10-05,421,North,24106,15815.0,17:17:00,17:19:11,17:19:51,10,2115,Lynnwood Transit Center Bay A2,0.0,13.0
2023-10-05,421,North,24106,15815.0,,17:51:07,17:51:07,14,2490,10th St & Ash Ave,0.0,0.0
2023-10-05,421,North,24106,15815.0,17:58:00,17:51:40,17:51:57,15,2517,Marysville Ash Ave Park & Ride Bay 1,0.0,1.0
2023-10-05,421,North,24106,15815.0,18:08:00,17:54:34,17:54:34,16,419,Marysville at Cedar and Grove Park & Ride Bay 4,0.0,7.0
2023-10-05,421,North,24107,19815.0,17:35:00,17:35:05,17:35:05,0,1909,Stewart St & 9th Ave,1.0,0.0
2023-10-05,421,North,24107,19815.0,,17:36:00,17:36:15,1,1908,Stewart St & 7th Ave,1.0,0.0
2023-10-05,421,North,24107,19815.0,,17:38:06,17:38:20,2,1907,Stewart St & 4th Ave,1.0,0.0
2023-10-05,421,North,24107,19815.0,,17:40:47,17:41:05,3,1079,2nd Ave & Stewart St,1.0,0.0
2023-10-05,421,North,24107,19815.0,17:42:00,17:44:00,17:44:28,4,2909,2nd Ave & Seneca St,2.0,1.0
2023-10-05,421,North,24107,19815.0,,17:45:27,17:45:38,5,2631,2nd Ave & Cherry St,0.0,0.0
2023-10-05,421,North,24107,19815.0,,17:48:50,17:49:09,6,546,Terrace St & 5th Ave,1.0,0.0
2023-10-05,421,North,24107,19815.0,17:50:00,17:50:36,17:50:53,7,685,5th Ave & James St,2.0,0.0
2023-10-05,421,North,24107,19815.0,18:18:00,18:17:05,18:17:35,10,2115,Lynnwood Transit Center Bay A2,2.0,4.0
2023-10-05,421,North,24107,19815.0,,18:44:51,18:44:51,14,2490,10th St & Ash Ave,0.0,0.0
2023-10-05,421,North,24107,19815.0,18:53:00,18:45:33,18:45:58,15,2517,Marysville Ash Ave Park & Ride Bay 1,0.0,2.0
2023-10-05,421,North,24107,19815.0,18:59:00,18:48:43,18:48:43,16,419,Marysville at Cedar and Grove Park & Ride Bay 4,0.0,4.0
2023-10-05,421,South,24108,19816.0,04:35:00,04:35:12,04:35:12,0,3001,Marysville at Cedar and Grove Park & Ride Bay 2,6.0,0.0
2023-10-05,421,South,24108,19816.0,,04:36:40,04:36:55,1,2490,10th St & Ash Ave,1.0,0.0
2023-10-05,421,South,24108,19816.0,04:37:00,04:37:48,04:37:59,2,2517,Marysville Ash Ave Park & Ride Bay 1,0.0,0.0
2023-10-05,421,South,24108,19816.0,,04:39:26,04:39:26,3,2465,4th St & Beach Ave,0.0,0.0
2023-10-05,421,South,24108,19816.0,04:39:00,04:40:20,04:40:44,4,1397,I-5 & Marine Dr NE Flyer Stop,1.0,0.0
2023-10-05,421,South,24108,19816.0,05:00:00,05:00:03,05:01:13,7,2543,Lynnwood Transit Center Bay D4,16.0,1.0
2023-10-05,421,South,24108,19816.0,05:20:00,05:19:12,05:19:32,10,2290,5th Ave & Jefferson St,0.0,7.0
2023-10-05,421,South,24108,19816.0,,05:20:58,05:21:17,11,635,4th Ave S & S Washington St,0.0,4.0
2023-10-05,421,South,24108,19816.0,,05:22:35,05:22:48,12,2638,4th Ave & Cherry St,0.0,1.0
2023-10-05,421,South,24108,19816.0,,05:23:58,05:24:32,13,641,4th Ave & Seneca St,0.0,3.0
2023-10-05,421,South,24108,19816.0,05:28:00,05:25:22,05:25:58,14,2976,4th Ave & Pine St,0.0,4.0
2023-10-05,421,South,24108,19816.0,,05:27:07,05:27:52,15,473,Olive Way & 6th Ave,0.0,4.0
2023-10-05,421,South,24108,19816.0,05:31:00,05:28:40,05:28:40,16,476,Olive Way & Terry Ave,0.0,0.0
2023-10-05,421,South,24109,17859.0,05:10:00,05:11:38,05:11:38,0,3001,Marysville at Cedar and Grove Park & Ride Bay 2,5.0,0.0
2023-10-05,421,South,24109,17859.0,,05:13:14,05:13:32,1,2490,10th St & Ash Ave,1.0,0.0
2023-10-05,421,South,24109,17859.0,05:12:00,05:14:29,05:14:59,2,2517,Marysville Ash Ave Park & Ride Bay 1,4.0,0.0
2023-10-05,421,South,24109,17859.0,,05:16:23,05:16:23,3,2465,4th St & Beach Ave,0.0,0.0
2023-10-05,421,South,24109,17859.0,05:14:00,05:17:50,05:17:50,4,1397,I-5 & Marine Dr NE Flyer Stop,0.0,0.0
2023-10-05,421,South,24109,17859.0,05:36:00,05:38:17,05:39:23,7,2543,Lynnwood Transit Center Bay D4,12.0,0.0
2023-10-05,421,South,24109,17859.0,05:57:00,05:57:02,05:57:30,10,2290,5th Ave & Jefferson St,0.0,7.0
2023-10-05,421,South,24109,17859.0,,05:59:21,05:59:37,11,635,4th Ave S & S Washington St,0.0,3.0
2023-10-05,421,South,24109,17859.0,,06:00:27,06:00:46,12,2638,4th Ave & Cherry St,0.0,4.0
2023-10-05,421,South,24109,17859.0,,06:01:56,06:02:16,13,641,4th Ave & Seneca St,0.0,2.0
2023-10-05,421,South,24109,17859.0,06:05:00,06:03:18,06:03:41,14,2976,4th Ave & Pine St,0.0,4.0
2023-10-05,421,South,24109,17859.0,,06:04:26,06:05:25,15,473,Olive Way & 6th Ave,0.0,2.0
2023-10-05,421,South,24109,17859.0,06:11:00,06:10:37,06:10:37,16,476,Olive Way & Terry Ave,0.0,0.0
2023-10-05,421,South,24110,15809.0,05:45:00,,,0,3001,Marysville at Cedar and Grove Park & Ride Bay 2,,
2023-10-05,421,South,24110,15809.0,,,,1,2490,10th St & Ash Ave,,
2023-10-05,421,South,24110,15809.0,05:47:00,05:48:57,05:49:16,2,2517,Marysville Ash Ave Park & Ride Bay 1,7.0,0.0
2023-10-05,421,South,24110,15809.0,,05:51:03,05:51:03,3,2465,4th St & Beach Ave,0.0,0.0
2023-10-05,421,South,24110,15809.0,05:51:00,05:52:36,05:52:36,4,1397,I-5 & Marine Dr NE Flyer Stop,0.0,0.0
2023-10-05,421,South,24110,15809.0,06:13:00,06:17:16,06:18:25,7,2543,Lynnwood Transit Center Bay D4,20.0,0.0
2023-10-05,421,South,24110,15809.0,06:37:00,06:38:43,06:39:33,10,2290,5th Ave & Jefferson St,0.0,18.0
2023-10-05,421,South,24110,15809.0,,06:43:12,06:43:12,11,635,4th Ave S & S Washington St,0.0,0.0
2023-10-05,421,South,24110,15809.0,,06:44:37,06:45:31,12,2638,4th Ave & Cherry St,0.0,3.0
2023-10-05,421,South,24110,15809.0,,06:47:12,06:48:01,13,641,4th Ave & Seneca St,0.0,4.0
2023-10-05,421,South,24110,15809.0,06:46:00,06:49:11,06:49:56,14,2976,4th Ave & Pine St,0.0,1.0
2023-10-05,421,South,24110,15809.0,,06:51:01,06:52:02,15,473,Olive Way & 6th Ave,0.0,1.0
2023-10-05,421,South,24110,15809.0,06:52:00,06:54:02,06:54:02,16,476,Olive Way & Terry Ave,0.0,0.0
2023-10-05,421,South,24111,19812.0,06:20:00,,,0,3001,Marysville at Cedar and Grove Park & Ride Bay 2,,
2023-10-05,421,South,24111,19812.0,,,,1,2490,10th St & Ash Ave,,
2023-10-05,421,South,24111,19812.0,06:22:00,06:26:11,06:26:11,2,2517,Marysville Ash Ave Park & Ride Bay 1,7.0,0.0
2023-10-05,421,South,24111,19812.0,,06:28:06,06:28:29,3,2465,4th St & Beach Ave,15.0,0.0
2023-10-05,421,South,24111,19812.0,06:26:00,06:29:32,06:29:32,4,1397,I-5 & Marine Dr NE Flyer Stop,0.0,0.0
2023-10-05,421,South,24111,19812.0,06:52:00,06:57:29,07:00:29,7,2543,Lynnwood Transit Center Bay D4,0.0,1.0
2023-10-05,421,South,24111,19812.0,07:18:00,07:22:11,07:22:36,10,2290,5th Ave & Jefferson St,0.0,7.0
2023-10-05,421,South,24111,19812.0,,07:25:10,07:25:26,11,635,4th Ave S & S Washington St,0.0,2.0
2023-10-05,421,South,24111,19812.0,,07:26:35,07:26:53,12,2638,4th Ave & Cherry St,0.0,4.0
2023-10-05,421,South,24111,19812.0,,07:28:53,07:29:11,13,641,4th Ave & Seneca St,0.0,5.0
2023-10-05,421,South,24111,19812.0,07:29:00,07:31:02,07:31:53,14,2976,4th Ave & Pine St,0.0,1.0
2023-10-05,421,South,24111,19812.0,,07:34:16,07:35:26,15,473,Olive Way & 6th Ave,0.0,1.0
2023-10-05,421,South,24111,19812.0,07:38:00,07:36:32,07:36:32,16,476,Olive Way & Terry Ave,0.0,1.0
2023-10-05,421,South,24112,19850.0,06:55:00,06:57:13,06:57:13,0,3001,Marysville at Cedar and Grove Park & Ride Bay 2,2.0,0.0
2023-10-05,421,South,24112,19850.0,,06:59:00,06:59:00,1,2490,10th St & Ash Ave,0.0,0.0
2023-10-05,421,South,24112,19850.0,06:57:00,06:59:46,07:00:24,2,2517,Marysville Ash Ave Park & Ride Bay 1,4.0,0.0
2023-10-05,421,South,24112,19850.0,,07:02:20,07:02:20,3,2465,4th St & Beach Ave,0.0,0.0
2023-10-05,421,South,24112,19850.0,07:01:00,07:03:23,07:03:23,4,1397,I-5 & Marine Dr NE Flyer Stop,0.0,0.0
2023-10-05,421,South,24112,19850.0,07:27:00,07:36:49,07:37:47,7,2543,Lynnwood Transit Center Bay D4,12.0,0.0
2023-10-05,421,South,24112,19850.0,07:56:00,08:02:46,08:03:28,10,2290,5th Ave & Jefferson St,0.0,6.0
2023-10-05,421,South,24112,19850.0,,08:06:32,08:07:02,11,635,4th Ave S & S Washington St,0.0,1.0
2023-10-05,421,South,24112,19850.0,,08:09:57,08:10:57,12,2638,4th Ave & Cherry St,0.0,0.0
2023-10-05,421,South,24112,19850.0,,08:13:21,08:13:44,13,641,4th Ave & Seneca St,0.0,8.0
2023-10-05,421,South,24112,19850.0,08:07:00,08:14:40,08:15:21,14,2976,4th Ave & Pine St,0.0,2.0
2023-10-05,421,South,24112,19850.0,,08:16:27,08:17:46,15,473,Olive Way & 6th Ave,0.0,1.0
2023-10-05,421,South,24112,19850.0,08:16:00,08:19:32,08:19:32,16,476,Olive Way & Terry Ave,0.0,0.0
2023-10-05,421,South,24113,17859.0,07:30:00,07:30:35,07:30:35,0,3001,Marysville at Cedar and Grove Park & Ride Bay 2,8.0,0.0
2023-10-05,421,South,24113,17859.0,,07:32:08,07:32:08,1,2490,10th St & Ash Ave,0.0,0.0
2023-10-05,421,South,24113,17859.0,07:32:00,07:32:50,07:33:19,2,2517,Marysville Ash Ave Park & Ride Bay 1,3.0,0.0
2023-10-05,421,South,24113,17859.0,,07:35:18,07:35:18,3,2465,4th St & Beach Ave,0.0,0.0
2023-10-05,421,South,24113,17859.0,07:35:00,07:36:36,07:36:36,4,1397,I-5 & Marine Dr NE Flyer Stop,0.0,0.0
2023-10-05,421,South,24113,17859.0,08:01:00,08:03:12,08:04:34,7,2543,Lynnwood Transit Center Bay D4,28.0,1.0
2023-10-05,421,South,24113,17859.0,08:30:00,08:29:41,08:30:24,10,2290,5th Ave & Jefferson St,0.0,12.0
2023-10-05,421,South,24113,17859.0,,08:33:32,08:34:01,11,635,4th Ave S & S Washington St,0.0,3.0
2023-10-05,421,South,24113,17859.0,,08:36:29,08:36:54,12,2638,4th Ave & Cherry St,0.0,1.0
2023-10-05,421,South,24113,17859.0,,08:38:53,08:39:55,13,641,4th Ave & Seneca St,0.0,12.0
2023-10-05,421,South,24113,17859.0,08:41:00,08:41:33,08:42:16,14,2976,4th Ave & Pine St,0.0,4.0
2023-10-05,421,South,24113,17859.0,,08:43:21,08:43:42,15,473,Olive Way & 6th Ave,0.0,4.0
2023-10-05,421,South,24113,17859.0,08:50:00,08:45:18,08:45:18,16,476,Olive Way & Terry Ave,0.0,2.0
2023-10-06,421,North,24102,17862.0,14:35:00,14:35:09,14:35:09,0,1909,Stewart St & 9th Ave,0.0,0.0
2023-10-06,421,North,24102,17862.0,,14:36:18,14:36:36,1,1908,Stewart St & 7th Ave,1.0,0.0
2023-10-06,421,North,24102,17862.0,,14:39:25,14:39:33,2,1907,Stewart St & 4th Ave,0.0,0.0
2023-10-06,421,North,24102,17862.0,,14:40:53,14:40:53,3,1079,2nd Ave & Stewart St,0.0,0.0
2023-10-06,421,North,24102,17862.0,14:41:00,14:44:49,14:45:08,4,2909,2nd Ave & Seneca St,1.0,0.0
2023-10-06,421,North,24102,17862.0,,14:46:27,14:47:01,5,2631,2nd Ave & Cherry St,2.0,0.0
2023-10-06,421,North,24102,17862.0,,14:50:12,14:50:42,6,546,Terrace St & 5th Ave,2.0,0.0
2023-10-06,421,North,24102,17862.0,14:49:00,14:52:13,14:52:46,7,685,5th Ave & James St,4.0,0.0
2023-10-06,421,North,24102,17862.0,15:16:00,15:20:46,15:21:28,10,2115,Lynnwood Transit Center Bay A2,0.0,9.0
2023-10-06,421,North,24102,17862.0,,,,14,2490,10th St & Ash Ave,,
2023-10-06,421,North,24102,17862.0,15:57:00,16:18:05,16:18:22,15,2517,Marysville Ash Ave Park & Ride Bay 1,0.0,1.0
2023-10-06,421,North,24102,17862.0,16:04:00,16:20:36,16:20:36,16,419,Marysville at Cedar and Grove Park & Ride Bay 4,0.0,0.0
2023-10-06,421,North,24103,15800.0,15:15:00,15:17:49,15:17:49,0,1909,Stewart St & 9th Ave,1.0,0.0
2023-10-06,421,North,24103,15800.0,,,,1,1908,Stewart St & 7th Ave,,
2023-10-06,421,North,24103,15800.0,,15:20:30,15:20:57,2,1907,Stewart St & 4th Ave,1.0,0.0
2023-10-06,421,North,24103,15800.0,,15:22:40,15:22:52,3,1079,2nd Ave & Stewart St,0.0,0.0
2023-10-06,421,North,24103,15800.0,15:21:00,15:27:57,15:28:10,4,2909,2nd Ave & Seneca St,0.0,0.0
2023-10-06,421,North,24103,15800.0,,15:29:34,15:30:10,5,2631,2nd Ave & Cherry St,0.0,0.0
2023-10-06,421,North,24103,15800.0,,15:35:24,15:36:04,6,546,Terrace St & 5th Ave,3.0,0.0
2023-10-06,421,North,24103,15800.0,15:29:00,15:37:12,15:38:27,7,685,5th Ave & James St,6.0,0.0
2023-10-06,421,North,24103,15800.0,16:00:00,16:07:56,16:08:28,10,2115,Lynnwood Transit Center Bay A2,0.0,5.0
2023-10-06,421,North,24103,15800.0,,17:17:47,17:17:47,14,2490,10th St & Ash Ave,0.0,0.0
2023-10-06,421,North,24103,15800.0,16:41:00,17:18:33,17:18:49,15,2517,Marysville Ash Ave Park & Ride Bay 1,0.0,0.0
2023-10-06,421,North,24103,15800.0,16:49:00,17:21:58,17:21:58,16,419,Marysville at Cedar and Grove Park & Ride Bay 4,0.0,6.0
2023-10-06,421,North,24104,15809.0,15:35:00,15:36:51,15:36:51,0,1909,Stewart St & 9th Ave,3.0,0.0
2023-10-06,421,North,24104,15809.0,,15:38:43,15:38:53,1,1908,Stewart St & 7th Ave,0.0,0.0
2023-10-06,421,North,24104,15809.0,,15:41:14,15:41:36,2,1907,Stewart St & 4th Ave,2.0,0.0
2023-10-06,421,North,24104,15809.0,,15:44:14,15:44:22,3,1079,2nd Ave & Stewart St,0.0,0.0
2023-10-06,421,North,24104,15809.0,15:41:00,15:47:27,15:48:06,4,2909,2nd Ave & Seneca St,1.0,0.0
2023-10-06,421,North,24104,15809.0,,15:49:06,15:49:18,5,2631,2nd Ave & Cherry St,0.0,0.0
2023-10-06,421,North,24104,15809.0,,15:51:58,15:52:32,6,546,Terrace St & 5th Ave,2.0,0.0
2023-10-06,421,North,24104,15809.0,15:49:00,15:53:47,15:55:02,7,685,5th Ave & James St,4.0,0.0
2023-10-06,421,North,24104,15809.0,16:20:00,16:23:16,16:24:15,10,2115,Lynnwood Transit Center Bay A2,0.0,9.0
2023-10-06,421,North,24104,15809.0,,17:25:29,17:25:29,14,2490,10th St & Ash Ave,0.0,0.0
2023-10-06,421,North,24104,15809.0,17:01:00,17:26:06,17:26:27,15,2517,Marysville Ash Ave Park & Ride Bay 1,0.0,1.0
2023-10-06,421,North,24104,15809.0,17:14:00,17:28:52,17:28:52,16,419,Marysville at Cedar and Grove Park & Ride Bay 4,0.0,2.0
2023-10-06,421,North,24105,,16:10:00,,,0,1909,Stewart St & 9th Ave,,
2023-10-06,421,North,24105,,,,,1,1908,Stewart St & 7th Ave,,
2023-10-06,421,North,24105,,,,,2,1907,Stewart St & 4th Ave,,
2023-10-06,421,North,24105,,,,,3,1079,2nd Ave & Stewart St,,
2023-10-06,421,North,24105,,16:16:00,,,4,2909,2nd Ave & Seneca St,,
2023-10-06,421,North,24105,,,,,5,2631,2nd Ave & Cherry St,,
2023-10-06,421,North,24105,,,,,6,546,Terrace St & 5th Ave,,
2023-10-06,421,North,24105,,16:24:00,,,7,685,5th Ave & James St,,
2023-10-06,421,North,24105,,16:56:00,,,10,2115,Lynnwood Transit Center Bay A2,,
2023-10-06,421,North,24105,,,,,14,2490,10th St & Ash Ave,,
2023-10-06,421,North,24105,,17:37:00,,,15,2517,Marysville Ash Ave Park & Ride Bay 1,,
2023-10-06,421,North,24105,,17:49:00,,,16,419,Marysville at Cedar and Grove Park & Ride Bay 4,,
2023-10-06,421,North,24106,17860.0,16:30:00,16:30:12,16:30:12,0,1909,Stewart St & 9th Ave,0.0,0.0
2023-10-06,421,North,24106,17860.0,,16:31:19,16:31:42,1,1908,Stewart St & 7th Ave,1.0,0.0
2023-10-06,421,North,24106,17860.0,,16:33:34,16:34:08,2,1907,Stewart St & 4th Ave,0.0,0.0
2023-10-06,421,North,24106,17860.0,,16:35:37,16:36:02,3,1079,2nd Ave & Stewart St,1.0,0.0
2023-10-06,421,North,24106,17860.0,16:37:00,16:39:30,16:40:12,4,2909,2nd Ave & Seneca St,9.0,0.0
2023-10-06,421,North,24106,17860.0,,16:41:41,16:42:01,5,2631,2nd Ave & Cherry St,0.0,0.0
2023-10-06,421,North,24106,17860.0,,16:45:42,16:46:45,6,546,Terrace St & 5th Ave,2.0,0.0
2023-10-06,421,North,24106,17860.0,16:45:00,16:47:50,16:48:58,7,685,5th Ave & James St,3.0,0.0
2023-10-06,421,North,24106,17860.0,17:17:00,17:15:04,17:15:40,10,2115,Lynnwood Transit Center Bay A2,1.0,8.0
2023-10-06,421,North,24106,17860.0,,18:15:46,18:16:13,14,2490,10th St & Ash Ave,0.0,2.0
2023-10-06,421,North,24106,17860.0,17:58:00,18:17:15,18:17:38,15,2517,Marysville Ash Ave Park & Ride Bay 1,0.0,0.0
2023-10-06,421,North,24106,17860.0,18:08:00,18:20:33,18:20:33,16,419,Marysville at Cedar and Grove Park & Ride Bay 4,0.0,7.0
2023-10-06,421,North,24107,19815.0,17:35:00,17:58:01,17:58:01,0,1909,Stewart St & 9th Ave,0.0,0.0
2023-10-06,421,North,24107,19815.0,,,,1,1908,Stewart St & 7th Ave,,
2023-10-06,421,North,24107,19815.0,,17:59:00,17:59:25,2,1907,Stewart St & 4th Ave,0.0,0.0
2023-10-06,421,North,24107,19815.0,,18:00:51,18:01:07,3,1079,2nd Ave & Stewart St,2.0,0.0
2023-10-06,421,North,24107,19815.0,17:42:00,18:03:24,18:03:40,4,2909,2nd Ave & Seneca St,1.0,0.0
2023-10-06,421,North,24107,19815.0,,18:05:25,18:05:32,5,2631,2nd Ave & Cherry St,0.0,0.0
2023-10-06,421,North,24107,19815.0,,18:09:40,18:09:40,6,546,Terrace St & 5th Ave,0.0,0.0
2023-10-06,421,North,24107,19815.0,17:50:00,18:10:07,18:11:26,7,685,5th Ave & James St,1.0,0.0
2023-10-06,421,North,24107,19815.0,18:18:00,18:29:38,18:29:53,10,2115,Lynnwood Transit Center Bay A2,0.0,1.0
2023-10-06,421,North,24107,19815.0,,,,14,2490,10th St & Ash Ave,,
2023-10-06,421,North,24107,19815.0,18:53:00,19:13:21,19:13:32,15,2517,Marysville Ash Ave Park & Ride Bay 1,0.0,0.0
2023-10-06,421,North,24107,19815.0,18:59:00,19:16:25,19:16:25,16,419,Marysville at Cedar and Grove Park & Ride Bay 4,0.0,3.0
2023-10-06,421,South,24108,19823.0,04:35:00,04:35:12,04:35:12,0,3001,Marysville at Cedar and Grove Park & Ride Bay 2,6.0,0.0
2023-10-06,421,South,24108,19823.0,,04:36:48,04:36:48,1,2490,10th St & Ash Ave,0.0,0.0
2023-10-06,421,South,24108,19823.0,04:37:00,04:37:28,04:37:39,2,2517,Marysville Ash Ave Park & Ride Bay 1,0.0,0.0
2023-10-06,421,South,24108,19823.0,,04:39:16,04:39:16,3,2465,4th St & Beach Ave,0.0,0.0
2023-10-06,421,South,24108,19823.0,04:39:00,04:40:10,04:40:10,4,1397,I-5 & Marine Dr NE Flyer Stop,0.0,0.0
2023-10-06,421,South,24108,19823.0,05:00:00,04:59:24,05:00:24,7,2543,Lynnwood Transit Center Bay D4,14.0,0.0
2023-10-06,421,South,24108,19823.0,05:20:00,05:17:43,05:18:02,10,2290,5th Ave & Jefferson St,0.0,4.0
2023-10-06,421,South,24108,19823.0,,05:19:45,05:20:05,11,635,4th Ave S & S Washington St,0.0,5.0
2023-10-06,421,South,24108,19823.0,,05:21:18,05:21:32,12,2638,4th Ave & Cherry St,0.0,0.0
2023-10-06,421,South,24108,19823.0,,05:23:01,05:23:30,13,641,4th Ave & Seneca St,0.0,4.0
2023-10-06,421,South,24108,19823.0,05:28:00,05:24:29,05:24:53,14,2976,4th Ave & Pine St,0.0,5.0
2023-10-06,421,South,24108,19823.0,,05:25:57,05:26:44,15,473,Olive Way & 6th Ave,0.0,2.0
2023-10-06,421,South,24108,19823.0,05:31:00,05:27:35,05:27:35,16,476,Olive Way & Terry Ave,0.0,0.0
2023-10-06,421,South,24109,19855.0,05:10:00,05:10:22,05:10:22,0,3001,Marysville at Cedar and Grove Park & Ride Bay 2,4.0,0.0
2023-10-06,421,South,24109,19855.0,,05:11:59,05:11:59,1,2490,10th St & Ash Ave,0.0,0.0
2023-10-06,421,South,24109,19855.0,05:12:00,05:12:43,05:12:43,2,2517,Marysville Ash Ave Park & Ride Bay 1,0.0,0.0
2023-10-06,421,South,24109,19855.0,,05:14:04,05:14:04,3,2465,4th St & Beach Ave,0.0,0.0
2023-10-06,421,South,24109,19855.0,05:14:00,05:14:41,05:15:07,4,1397,I-5 & Marine Dr NE Flyer Stop,1.0,0.0
2023-10-06,421,South,24109,19855.0,05:36:00,05:34:13,05:37:51,7,2543,Lynnwood Transit Center Bay D4,14.0,2.0
2023-10-06,421,South,24109,19855.0,05:57:00,05:55:03,05:55:25,10,2290,5th Ave & Jefferson St,0.0,7.0
2023-10-06,421,South,24109,19855.0,,05:56:59,05:57:19,11,635,4th Ave S & S Washington St,0.0,2.0
2023-10-06,421,South,24109,19855.0,,05:58:27,05:58:42,12,2638,4th Ave & Cherry St,0.0,2.0
2023-10-06,421,South,24109,19855.0,,05:59:54,06:00:14,13,641,4th Ave & Seneca St,0.0,2.0
2023-10-06,421,South,24109,19855.0,06:05:00,06:01:24,06:01:59,14,2976,4th Ave & Pine St,0.0,4.0
2023-10-06,421,South,24109,19855.0,,06:04:10,06:04:10,15,473,Olive Way & 6th Ave,0.0,0.0
2023-10-06,421,South,24109,19855.0,06:11:00,06:09:50,06:09:50,16,476,Olive Way & Terry Ave,0.0,0.0
2023-10-06,421,South,24110,17854.0,05:45:00,05:45:09,05:45:09,0,3001,Marysville at Cedar and Grove Park & Ride Bay 2,7.0,0.0
2023-10-06,421,South,24110,17854.0,,05:46:48,05:46:48,1,2490,10th St & Ash Ave,0.0,0.0
2023-10-06,421,South,24110,17854.0,05:47:00,05:47:34,05:47:34,2,2517,Marysville Ash Ave Park & Ride Bay 1,0.0,0.0
2023-10-06,421,South,24110,17854.0,,05:49:53,05:49:53,3,2465,4th St & Beach Ave,0.0,0.0
2023-10-06,421,South,24110,17854.0,05:51:00,05:51:03,05:51:03,4,1397,I-5 & Marine Dr NE Flyer Stop,0.0,0.0
2023-10-06,421,South,24110,17854.0,06:13:00,06:11:23,06:12:16,7,2543,Lynnwood Transit Center Bay D4,10.0,0.0
2023-10-06,421,South,24110,17854.0,06:37:00,06:31:06,06:31:59,10,2290,5th Ave & Jefferson St,0.0,9.0
2023-10-06,421,South,24110,17854.0,,06:34:56,06:34:56,11,635,4th Ave S & S Washington St,0.0,0.0
2023-10-06,421,South,24110,17854.0,,06:35:47,06:35:47,12,2638,4th Ave & Cherry St,0.0,0.0
2023-10-06,421,South,24110,17854.0,,06:36:31,06:37:23,13,641,4th Ave & Seneca St,0.0,4.0
2023-10-06,421,South,24110,17854.0,06:46:00,06:38:27,06:38:56,14,2976,4th Ave & Pine St,0.0,2.0
2023-10-06,421,South,24110,17854.0,,06:40:19,06:41:29,15,473,Olive Way & 6th Ave,0.0,2.0
2023-10-06,421,South,24110,17854.0,06:52:00,06:42:12,06:42:12,16,476,Olive Way & Terry Ave,0.0,0.0
2023-10-06,421,South,24111,19824.0,06:20:00,06:22:37,06:22:37,0,3001,Marysville at Cedar and Grove Park & Ride Bay 2,2.0,0.0
2023-10-06,421,South,24111,19824.0,,06:24:12,06:24:12,1,2490,10th St & Ash Ave,0.0,0.0
2023-10-06,421,South,24111,19824.0,06:22:00,06:24:50,06:25:02,2,2517,Marysville Ash Ave Park & Ride Bay 1,0.0,0.0
2023-10-06,421,South,24111,19824.0,,06:26:45,06:27:10,3,2465,4th St & Beach Ave,1.0,0.0
2023-10-06,421,South,24111,19824.0,06:26:00,06:27:50,06:27:50,4,1397,I-5 & Marine Dr NE Flyer Stop,0.0,0.0
2023-10-06,421,South,24111,19824.0,06:52:00,06:47:42,06:52:15,7,2543,Lynnwood Transit Center Bay D4,9.0,1.0
2023-10-06,421,South,24111,19824.0,07:18:00,07:10:01,07:10:20,10,2290,5th Ave & Jefferson St,0.0,6.0
2023-10-06,421,South,24111,19824.0,,07:12:24,07:12:43,11,635,4th Ave S & S Washington St,0.0,2.0
2023-10-06,421,South,24111,19824.0,,07:13:23,07:13:36,12,2638,4th Ave & Cherry St,0.0,0.0
2023-10-06,421,South,24111,19824.0,,07:14:56,07:15:14,13,641,4th Ave & Seneca St,0.0,2.0
2023-10-06,421,South,24111,19824.0,07:29:00,07:17:11,07:17:52,14,2976,4th Ave & Pine St,0.0,1.0
2023-10-06,421,South,24111,19824.0,,07:19:28,07:20:25,15,473,Olive Way & 6th Ave,0.0,0.0
2023-10-06,421,South,24111,19824.0,07:38:00,07:21:11,07:21:11,16,476,Olive Way & Terry Ave,1.0,1.0
2023-10-06,421,South,24112,17859.0,06:55:00,06:55:08,06:55:08,0,3001,Marysville at Cedar and Grove Park & Ride Bay 2,1.0,0.0
2023-10-06,421,South,24112,17859.0,,06:56:53,06:56:53,1,2490,10th St & Ash Ave,0.0,0.0
2023-10-06,421,South,24112,17859.0,06:57:00,06:57:38,06:58:06,2,2517,Marysville Ash Ave Park & Ride Bay 1,2.0,0.0
2023-10-06,421,South,24112,17859.0,,06:59:36,06:59:48,3,2465,4th St & Beach Ave,1.0,0.0
2023-10-06,421,South,24112,17859.0,07:01:00,07:00:29,07:00:29,4,1397,I-5 & Marine Dr NE Flyer Stop,0.0,0.0
2023-10-06,421,South,24112,17859.0,07:27:00,07:24:02,07:24:31,7,2543,Lynnwood Transit Center Bay D4,5.0,0.0
2023-10-06,421,South,24112,17859.0,07:56:00,07:44:34,07:45:00,10,2290,5th Ave & Jefferson St,0.0,4.0
2023-10-06,421,South,24112,17859.0,,07:48:04,07:48:04,11,635,4th Ave S & S Washington St,0.0,0.0
2023-10-06,421,South,24112,17859.0,,07:48:59,07:49:13,12,2638,4th Ave & Cherry St,0.0,1.0
2023-10-06,421,South,24112,17859.0,,07:50:03,07:50:52,13,641,4th Ave & Seneca St,0.0,4.0
2023-10-06,421,South,24112,17859.0,08:07:00,07:52:06,07:52:06,14,2976,4th Ave & Pine St,0.0,0.0
2023-10-06,421,South,24112,17859.0,,07:53:49,07:53:49,15,473,Olive Way & 6th Ave,0.0,0.0
2023-10-06,421,South,24112,17859.0,08:16:00,07:55:28,07:55:28,16,476,Olive Way & Terry Ave,0.0,0.0
2023-10-06,421,South,24113,19855.0,07:30:00,07:30:22,07:30:22,0,3001,Marysville at Cedar and Grove Park & Ride Bay 2,4.0,0.0
2023-10-06,421,South,24113,19855.0,,07:31:59,07:31:59,1,2490,10th St & Ash Ave,0.0,0.0
2023-10-06,421,South,24113,19855.0,07:32:00,07:33:17,07:33:17,2,2517,Marysville Ash Ave Park & Ride Bay 1,0.0,0.0
2023-10-06,421,South,24113,19855.0,,07:34:45,07:34:45,3,2465,4th St & Beach Ave,0.0,0.0
2023-10-06,421,South,24113,19855.0,07:35:00,07:35:26,07:35:26,4,1397,I-5 & Marine Dr NE Flyer Stop,0.0,0.0
2023-10-06,421,South,24113,19855.0,08:01:00,07:55:23,07:56:32,7,2543,Lynnwood Transit Center Bay D4,16.0,0.0
2023-10-06,421,South,24113,19855.0,08:30:00,08:14:38,08:15:07,10,2290,5th Ave & Jefferson St,0.0,6.0
2023-10-06,421,South,24113,19855.0,,08:18:04,08:18:28,11,635,4th Ave S & S Washington St,0.0,2.0
2023-10-06,421,South,24113,19855.0,,08:19:12,08:19:12,12,2638,4th Ave & Cherry St,0.0,0.0
2023-10-06,421,South,24113,19855.0,,08:19:55,08:20:28,13,641,4th Ave & Seneca St,0.0,7.0
2023-10-06,421,South,24113,19855.0,08:41:00,08:21:38,08:22:05,14,2976,4th Ave & Pine St,0.0,2.0
2023-10-06,421,South,24113,19855.0,,08:23:47,08:24:50,15,473,Olive Way & 6th Ave,0.0,3.0
2023-10-06,421,South,24113,19855.0,08:50:00,08:25:40,08:25:40,16,476,Olive Way & Terry Ave,0.0,0.0
2023-10-09,421,North,24102,17856.0,14:35:00,15:06:34,15:06:34,0,1909,Stewart St & 9th Ave,1.0,0.0
2023-10-09,421,North,24102,17856.0,,15:07:54,15:07:54,1,1908,Stewart St & 7th Ave,0.0,0.0
2023-10-09,421,North,24102,17856.0,,15:09:47,15:10:09,2,1907,Stewart St & 4th Ave,1.0,0.0
2023-10-09,421,North,24102,17856.0,,15:11:29,15:11:49,3,1079,2nd Ave & Stewart St,0.0,0.0
2023-10-09,421,North,24102,17856.0,14:41:00,15:15:36,15:16:13,4,2909,2nd Ave & Seneca St,4.0,0.0
2023-10-09,421,North,24102,17856.0,,15:18:35,15:18:35,5,2631,2nd Ave & Cherry St,3.0,0.0
2023-10-09,421,North,24102,17856.0,,15:21:29,15:21:50,6,546,Terrace St & 5th Ave,2.0,0.0
2023-10-09,421,North,24102,17856.0,14:49:00,15:23:43,15:24:50,7,685,5th Ave & James St,8.0,0.0
2023-10-09,421,North,24102,17856.0,15:16:00,15:49:11,15:50:04,10,2115,Lynnwood Transit Center Bay A2,0.0,12.0
2023-10-09,421,North,24102,17856.0,,16:26:55,16:27:17,14,2490,10th St & Ash Ave,0.0,1.0
2023-10-09,421,North,24102,17856.0,15:57:00,16:28:21,16:28:43,15,2517,Marysville Ash Ave Park & Ride Bay 1,0.0,2.0
2023-10-09,421,North,24102,17856.0,16:04:00,16:31:37,16:31:37,16,419,Marysville at Cedar and Grove Park & Ride Bay 4,0.0,4.0
2023-10-09,421,North,24103,15816.0,15:15:00,15:19:38,15:19:38,0,1909,Stewart St & 9th Ave,3.0,0.0
2023-10-09,421,North,24103,15816.0,,,,1,1908,Stewart St & 7th Ave,,
2023-10-09,421,North,24103,15816.0,,15:21:45,15:22:00,2,1907,Stewart St & 4th Ave,0.0,0.0
2023-10-09,421,North,24103,15816.0,,15:23:37,15:24:04,3,1079,2nd Ave & Stewart St,1.0,0.0
2023-10-09,421,North,24103,15816.0,15:21:00,15:26:39,15:27:27,4,2909,2nd Ave & Seneca St,1.0,0.0
2023-10-09,421,North,24103,15816.0,,15:28:57,15:29:09,5,2631,2nd Ave & Cherry St,0.0,0.0
2023-10-09,421,North,24103,15816.0,,15:32:56,15:33:36,6,546,Terrace St & 5th Ave,0.0,0.0
2023-10-09,421,North,24103,15816.0,15:29:00,15:35:40,15:35:49,7,685,5th Ave & James St,0.0,0.0
2023-10-09,421,North,24103,15816.0,16:00:00,16:00:37,16:01:10,10,2115,Lynnwood Transit Center Bay A2,1.0,5.0
2023-10-09,421,North,24103,15816.0,,16:34:06,16:34:06,14,2490,10th St & Ash Ave,0.0,0.0
2023-10-09,421,North,24103,15816.0,16:41:00,16:34:55,16:35:24,15,2517,Marysville Ash Ave Park & Ride Bay 1,0.0,1.0
2023-10-09,421,North,24103,15816.0,16:49:00,16:39:07,16:39:07,16,419,Marysville at Cedar and Grove Park & Ride Bay 4,0.0,0.0
2023-10-09,421,North,24104,17862.0,15:35:00,15:36:04,15:36:04,0,1909,Stewart St & 9th Ave,3.0,0.0
2023-10-09,421,North,24104,17862.0,,15:37:16,15:37:39,1,1908,Stewart St & 7th Ave,0.0,0.0
2023-10-09,421,North,24104,17862.0,,15:40:50,15:40:50,2,1907,Stewart St & 4th Ave,0.0,0.0
2023-10-09,421,North,24104,17862.0,,15:42:13,15:42:57,3,1079,2nd Ave & Stewart St,2.0,0.0
2023-10-09,421,North,24104,17862.0,15:41:00,15:46:04,15:46:37,4,2909,2nd Ave & Seneca St,1.0,0.0
2023-10-09,421,North,24104,17862.0,,15:48:13,15:48:37,5,2631,2nd Ave & Cherry St,1.0,0.0
2023-10-09,421,North,24104,17862.0,,15:51:40,15:51:40,6,546,Terrace St & 5th Ave,0.0,0.0
2023-10-09,421,North,24104,17862.0,15:49:00,15:52:12,15:52:51,7,685,5th Ave & James St,3.0,0.0
2023-10-09,421,North,24104,17862.0,16:20:00,16:17:51,16:18:19,10,2115,Lynnwood Transit Center Bay A2,0.0,8.0
2023-10-09,421,North,24104,17862.0,,16:52:16,16:52:16,14,2490,10th St & Ash Ave,0.0,0.0
2023-10-09,421,North,24104,17862.0,17:01:00,16:52:57,16:53:16,15,2517,Marysville Ash Ave Park & Ride Bay 1,0.0,1.0
2023-10-09,421,North,24104,17862.0,17:14:00,16:56:02,16:56:02,16,419,Marysville at Cedar and Grove Park & Ride Bay 4,0.0,1.0
2023-10-09,421,North,24105,15811.0,16:10:00,16:11:00,16:11:00,0,1909,Stewart St & 9th Ave,1.0,0.0
2023-10-09,421,North,24105,15811.0,,16:11:49,16:12:17,1,1908,Stewart St & 7th Ave,1.0,0.0
2023-10-09,421,North,24105,15811.0,,16:15:34,16:15:49,2,1907,Stewart St & 4th Ave,0.0,0.0
2023-10-09,421,North,24105,15811.0,,16:18:13,16:18:41,3,1079,2nd Ave & Stewart St,5.0,0.0
2023-10-09,421,North,24105,15811.0,16:16:00,16:21:31,16:21:54,4,2909,2nd Ave & Seneca St,2.0,0.0
2023-10-09,421,North,24105,15811.0,,16:22:46,16:23:26,5,2631,2nd Ave & Cherry St,4.0,0.0
2023-10-09,421,North,24105,15811.0,,16:26:01,16:26:31,6,546,Terrace St & 5th Ave,5.0,0.0
2023-10-09,421,North,24105,15811.0,16:24:00,16:28:11,16:29:03,7,685,5th Ave & James St,10.0,0.0
2023-10-09,421,North,24105,15811.0,16:56:00,16:56:48,16:57:25,10,2115,Lynnwood Transit Center Bay A2,0.0,13.0
2023-10-09,421,North,24105,15811.0,,17:28:28,17:28:48,14,2490,10th St & Ash Ave,0.0,2.0
2023-10-09,421,North,24105,15811.0,17:37:00,17:29:47,17:30:25,15,2517,Marysville Ash Ave Park & Ride Bay 1,0.0,5.0
2023-10-09,421,North,24105,15811.0,17:49:00,17:33:18,17:33:18,16,419,Marysville at Cedar and Grove Park & Ride Bay 4,0.0,8.0
2023-10-09,421,North,24106,15815.0,16:30:00,16:32:20,16:32:20,0,1909,Stewart St & 9th Ave,0.0,0.0
2023-10-09,421,North,24106,15815.0,,16:34:30,16:34:52,1,1908,Stewart St & 7th Ave,1.0,0.0
2023-10-09,421,North,24106,15815.0,,16:38:05,16:38:46,2,1907,Stewart St & 4th Ave,1.0,0.0
2023-10-09,421,North,24106,15815.0,,16:41:10,16:41:34,3,1079,2nd Ave & Stewart St,1.0,1.0
2023-10-09,421,North,24106,15815.0,16:37:00,16:44:14,16:45:01,4,2909,2nd Ave & Seneca St,5.0,0.0
2023-10-09,421,North,24106,15815.0,,16:46:41,16:47:06,5,2631,2nd Ave & Cherry St,1.0,0.0
2023-10-09,421,North,24106,15815.0,,16:53:03,16:53:30,6,546,Terrace St & 5th Ave,1.0,0.0
2023-10-09,421,North,24106,15815.0,16:45:00,16:55:21,16:56:52,7,685,5th Ave & James St,2.0,0.0
2023-10-09,421,North,24106,15815.0,17:17:00,17:24:08,17:26:28,10,2115,Lynnwood Transit Center Bay A2,1.0,8.0
2023-10-09,421,North,24106,15815.0,,17:57:32,17:57:57,14,2490,10th St & Ash Ave,0.0,0.0
2023-10-09,421,North,24106,15815.0,17:58:00,17:59:02,17:59:48,15,2517,Marysville Ash Ave Park & Ride Bay 1,0.0,1.0
2023-10-09,421,North,24106,15815.0,18:08:00,18:02:48,18:02:48,16,419,Marysville at Cedar and Grove Park & Ride Bay 4,0.0,3.0
2023-10-09,421,North,24107,19814.0,17:35:00,17:37:42,17:37:42,0,1909,Stewart St & 9th Ave,0.0,0.0
2023-10-09,421,North,24107,19814.0,,17:38:36,17:38:49,1,1908,Stewart St & 7th Ave,1.0,0.0
2023-10-09,421,North,24107,19814.0,,17:41:15,17:41:29,2,1907,Stewart St & 4th Ave,1.0,0.0
2023-10-09,421,North,24107,19814.0,,17:43:25,17:43:41,3,1079,2nd Ave & Stewart St,2.0,0.0
2023-10-09,421,North,24107,19814.0,17:42:00,17:45:38,17:45:58,4,2909,2nd Ave & Seneca St,1.0,0.0
2023-10-09,421,North,24107,19814.0,,17:46:50,17:47:06,5,2631,2nd Ave & Cherry St,0.0,0.0
2023-10-09,421,North,24107,19814.0,,17:49:54,17:50:05,6,546,Terrace St & 5th Ave,0.0,0.0
2023-10-09,421,North,24107,19814.0,17:50:00,17:50:38,17:51:02,7,685,5th Ave & James St,3.0,0.0
2023-10-09,421,North,24107,19814.0,18:18:00,18:13:45,18:16:35,10,2115,Lynnwood Transit Center Bay A2,1.0,5.0
2023-10-09,421,North,24107,19814.0,,18:41:04,18:41:04,14,2490,10th St & Ash Ave,0.0,0.0
2023-10-09,421,North,24107,19814.0,18:53:00,18:41:43,18:41:52,15,2517,Marysville Ash Ave Park & Ride Bay 1,0.0,0.0
2023-10-09,421,North,24107,19814.0,18:59:00,18:44:06,18:44:06,16,419,Marysville at Cedar and Grove Park & Ride Bay 4,0.0,4.0
2023-10-09,421,South,24108,19822.0,04:35:00,04:36:13,04:36:13,0,3001,Marysville at Cedar and Grove Park & Ride Bay 2,6.0,0.0
2023-10-09,421,South,24108,19822.0,,04:37:53,04:37:53,1,2490,10th St & Ash Ave,0.0,0.0
2023-10-09,421,South,24108,19822.0,04:37:00,04:38:32,04:38:45,2,2517,Marysville Ash Ave Park & Ride Bay 1,0.0,0.0
2023-10-09,421,South,24108,19822.0,,04:40:13,04:40:13,3,2465,4th St & Beach Ave,0.0,0.0
2023-10-09,421,South,24108,19822.0,04:39:00,04:40:48,04:40:48,4,1397,I-5 & Marine Dr NE Flyer Stop,0.0,0.0
2023-10-09,421,South,24108,19822.0,05:00:00,05:00:12,05:01:20,7,2543,Lynnwood Transit Center Bay D4,13.0,1.0
2023-10-09,421,South,24108,19822.0,05:20:00,05:19:06,05:19:28,10,2290,5th Ave & Jefferson St,0.0,7.0
2023-10-09,421,South,24108,19822.0,,05:22:05,05:22:25,11,635,4th Ave S & S Washington St,0.0,5.0
2023-10-09,421,South,24108,19822.0,,05:23:35,05:23:50,12,2638,4th Ave & Cherry St,0.0,1.0
2023-10-09,421,South,24108,19822.0,,05:24:56,05:25:32,13,641,4th Ave & Seneca St,0.0,1.0
2023-10-09,421,South,24108,19822.0,05:28:00,05:26:28,05:26:51,14,2976,4th Ave & Pine St,0.0,2.0
2023-10-09,421,South,24108,19822.0,,05:28:59,05:29:45,15,473,Olive Way & 6th Ave,0.0,2.0
2023-10-09,421,South,24108,19822.0,05:31:00,05:30:40,05:30:40,16,476,Olive Way & Terry Ave,0.0,0.0
2023-10-09,421,South,24109,17861.0,05:10:00,05:10:12,05:10:12,0,3001,Marysville at Cedar and Grove Park & Ride Bay 2,5.0,0.0
2023-10-09,421,South,24109,17861.0,,05:11:55,05:12:14,1,2490,10th St & Ash Ave,1.0,0.0
2023-10-09,421,South,24109,17861.0,05:12:00,05:13:13,05:13:42,2,2517,Marysville Ash Ave Park & Ride Bay 1,2.0,0.0
2023-10-09,421,South,24109,17861.0,,05:15:47,05:15:47,3,2465,4th St & Beach Ave,0.0,0.0
2023-10-09,421,South,24109,17861.0,05:14:00,05:16:28,05:16:28,4,1397,I-5 & Marine Dr NE Flyer Stop,0.0,0.0
2023-10-09,421,South,24109,17861.0,05:36:00,05:37:36,05:38:40,7,2543,Lynnwood Transit Center Bay D4,6.0,0.0
2023-10-09,421,South,24109,17861.0,05:57:00,05:58:06,05:58:26,10,2290,5th Ave & Jefferson St,0.0,6.0
2023-10-09,421,South,24109,17861.0,,06:00:35,06:00:51,11,635,4th Ave S & S Washington St,0.0,1.0
2023-10-09,421,South,24109,17861.0,,06:01:43,06:02:02,12,2638,4th Ave & Cherry St,0.0,1.0
2023-10-09,421,South,24109,17861.0,,06:03:22,06:04:11,13,641,4th Ave & Seneca St,0.0,3.0
2023-10-09,421,South,24109,17861.0,06:05:00,06:05:11,06:06:19,14,2976,4th Ave & Pine St,0.0,3.0
2023-10-09,421,South,24109,17861.0,,06:07:16,06:07:16,15,473,Olive Way & 6th Ave,0.0,0.0
2023-10-09,421,South,24109,17861.0,06:11:00,06:08:50,06:08:50,16,476,Olive Way & Terry Ave,0.0,0.0
2023-10-09,421,South,24110,15816.0,05:45:00,05:45:53,05:45:53,0,3001,Marysville at Cedar and Grove Park & Ride Bay 2,5.0,0.0
2023-10-09,421,South,24110,15816.0,,05:47:31,05:47:31,1,2490,10th St & Ash Ave,0.0,0.0
2023-10-09,421,South,24110,15816.0,05:47:00,05:48:05,05:48:32,2,2517,Marysville Ash Ave Park & Ride Bay 1,1.0,0.0
2023-10-09,421,South,24110,15816.0,,05:51:06,05:51:06,3,2465,4th St & Beach Ave,0.0,0.0
2023-10-09,421,South,24110,15816.0,05:51:00,05:53:12,05:53:12,4,1397,I-5 & Marine Dr NE Flyer Stop,0.0,0.0
2023-10-09,421,South,24110,15816.0,06:13:00,06:16:35,06:17:33,7,2543,Lynnwood Transit Center Bay D4,12.0,2.0
2023-10-09,421,South,24110,15816.0,06:37:00,06:37:05,06:37:34,10,2290,5th Ave & Jefferson St,0.0,10.0
2023-10-09,421,South,24110,15816.0,,,,11,635,4th Ave S & S Washington St,,
2023-10-09,421,South,24110,15816.0,,06:42:37,06:43:01,12,2638,4th Ave & Cherry St,0.0,1.0
2023-10-09,421,South,24110,15816.0,,06:43:54,06:44:49,13,641,4th Ave & Seneca St,0.0,3.0
2023-10-09,421,South,24110,15816.0,06:46:00,06:47:05,06:47:05,14,2976,4th Ave & Pine St,0.0,0.0
2023-10-09,421,South,24110,15816.0,,06:47:48,06:49:06,15,473,Olive Way & 6th Ave,0.0,2.0
2023-10-09,421,South,24110,15816.0,06:52:00,06:50:58,06:50:58,16,476,Olive Way & Terry Ave,0.0,0.0
2023-10-09,421,South,24111,19810.0,06:20:00,06:21:20,06:21:20,0,3001,Marysville at Cedar and Grove Park & Ride Bay 2,2.0,0.0
2023-10-09,421,South,24111,19810.0,,06:23:10,06:23:10,1,2490,10th St & Ash Ave,0.0,0.0
2023-10-09,421,South,24111,19810.0,06:22:00,06:23:51,06:24:17,2,2517,Marysville Ash Ave Park & Ride Bay 1,1.0,0.0
2023-10-09,421,South,24111,19810.0,,06:26:55,06:26:55,3,2465,4th St & Beach Ave,0.0,0.0
2023-10-09,421,South,24111,19810.0,06:26:00,06:27:48,06:27:48,4,1397,I-5 & Marine Dr NE Flyer Stop,0.0,0.0
2023-10-09,421,South,24111,19810.0,06:52:00,06:50:13,06:52:54,7,2543,Lynnwood Transit Center Bay D4,10.0,1.0
2023-10-09,421,South,24111,19810.0,07:18:00,07:13:19,07:13:56,10,2290,5th Ave & Jefferson St,0.0,6.0
2023-10-09,421,South,24111,19810.0,,07:16:47,07:16:47,11,635,4th Ave S & S Washington St,0.0,0.0
2023-10-09,421,South,24111,19810.0,,07:17:33,07:17:44,12,2638,4th Ave & Cherry St,0.0,1.0
2023-10-09,421,South,24111,19810.0,,07:18:32,07:19:22,13,641,4th Ave & Seneca St,0.0,3.0
2023-10-09,421,South,24111,19810.0,07:29:00,07:20:29,07:21:22,14,2976,4th Ave & Pine St,0.0,1.0
2023-10-09,421,South,24111,19810.0,,07:22:29,07:23:31,15,473,Olive Way & 6th Ave,0.0,1.0
2023-10-09,421,South,24111,19810.0,07:38:00,07:26:37,07:26:37,16,476,Olive Way & Terry Ave,0.0,0.0
2023-10-09,421,South,24112,19856.0,06:55:00,06:55:14,06:55:14,0,3001,Marysville at Cedar and Grove Park & Ride Bay 2,6.0,0.0
2023-10-09,421,South,24112,19856.0,,06:57:12,06:57:12,1,2490,10th St & Ash Ave,0.0,0.0
2023-10-09,421,South,24112,19856.0,06:57:00,06:57:59,06:58:33,2,2517,Marysville Ash Ave Park & Ride Bay 1,3.0,0.0
2023-10-09,421,South,24112,19856.0,,07:01:06,07:01:06,3,2465,4th St & Beach Ave,0.0,0.0
2023-10-09,421,South,24112,19856.0,07:01:00,07:01:48,07:01:48,4,1397,I-5 & Marine Dr NE Flyer Stop,0.0,0.0
2023-10-09,421,South,24112,19856.0,07:27:00,07:24:16,07:25:31,7,2543,Lynnwood Transit Center Bay D4,3.0,1.0
2023-10-09,421,South,24112,19856.0,07:56:00,07:47:46,07:48:14,10,2290,5th Ave & Jefferson St,0.0,5.0
2023-10-09,421,South,24112,19856.0,,07:51:30,07:51:41,11,635,4th Ave S & S Washington St,0.0,0.0
2023-10-09,421,South,24112,19856.0,,07:52:40,07:52:55,12,2638,4th Ave & Cherry St,0.0,0.0
2023-10-09,421,South,24112,19856.0,,07:54:16,07:55:21,13,641,4th Ave & Seneca St,0.0,4.0
2023-10-09,421,South,24112,19856.0,08:07:00,07:56:26,07:57:24,14,2976,4th Ave & Pine St,0.0,1.0
2023-10-09,421,South,24112,19856.0,,07:58:24,07:59:29,15,473,Olive Way & 6th Ave,0.0,1.0
2023-10-09,421,South,24112,19856.0,08:16:00,08:01:33,08:01:33,16,476,Olive Way & Terry Ave,0.0,0.0
2023-10-09,421,South,24113,17861.0,07:30:00,07:30:11,07:30:11,0,3001,Marysville at Cedar and Grove Park & Ride Bay 2,7.0,0.0
2023-10-09,421,South,24113,17861.0,,07:32:08,07:32:08,1,2490,10th St & Ash Ave,0.0,0.0
2023-10-09,421,South,24113,17861.0,07:32:00,07:32:50,07:33:05,2,2517,Marysville Ash Ave Park & Ride Bay 1,0.0,0.0
2023-10-09,421,South,24113,17861.0,,07:35:34,07:35:34,3,2465,4th St & Beach Ave,0.0,0.0
2023-10-09,421,South,24113,17861.0,07:35:00,07:36:41,07:36:41,4,1397,I-5 & Marine Dr NE Flyer Stop,0.0,0.0
2023-10-09,421,South,24113,17861.0,08:01:00,07:57:50,07:59:07,7,2543,Lynnwood Transit Center Bay D4,21.0,0.0
2023-10-09,421,South,24113,17861.0,08:30:00,08:20:33,08:21:01,10,2290,5th Ave & Jefferson St,0.0,7.0
2023-10-09,421,South,24113,17861.0,,08:24:48,08:25:22,11,635,4th Ave S & S Washington St,0.0,3.0
2023-10-09,421,South,24113,17861.0,,08:26:44,08:27:06,12,2638,4th Ave & Cherry St,0.0,1.0
2023-10-09,421,South,24113,17861.0,,08:28:53,08:29:48,13,641,4th Ave & Seneca St,0.0,6.0
2023-10-09,421,South,24113,17861.0,08:41:00,08:30:54,08:31:48,14,2976,4th Ave & Pine St,0.0,8.0
2023-10-09,421,South,24113,17861.0,,08:32:52,08:33:57,15,473,Olive Way & 6th Ave,0.0,2.0
2023-10-09,421,South,24113,17861.0,08:50:00,08:35:54,08:35:54,16,476,Olive Way & Terry Ave,0.0,1.0
2023-10-10,421,North,24102,19856.0,14:35:00,14:36:30,14:36:30,0,1909,Stewart St & 9th Ave,3.0,0.0
2023-10-10,421,North,24102,19856.0,,14:37:15,14:37:35,1,1908,Stewart St & 7th Ave,1.0,0.0
2023-10-10,421,North,24102,19856.0,,14:39:48,14:40:44,2,1907,Stewart St & 4th Ave,4.0,1.0
2023-10-10,421,North,24102,19856.0,,14:42:25,14:43:03,3,1079,2nd Ave & Stewart St,1.0,0.0
2023-10-10,421,North,24102,19856.0,14:41:00,14:47:21,14:48:01,4,2909,2nd Ave & Seneca St,7.0,0.0
2023-10-10,421,North,24102,19856.0,,14:49:13,14:50:10,5,2631,2nd Ave & Cherry St,1.0,1.0
2023-10-10,421,North,24102,19856.0,,14:53:13,14:53:57,6,546,Terrace St & 5th Ave,5.0,0.0
2023-10-10,421,North,24102,19856.0,14:49:00,14:55:15,14:56:29,7,685,5th Ave & James St,5.0,0.0
2023-10-10,421,North,24102,19856.0,15:16:00,15:17:44,15:18:24,10,2115,Lynnwood Transit Center Bay A2,2.0,11.0
2023-10-10,421,North,24102,19856.0,,16:01:39,16:02:00,14,2490,10th St & Ash Ave,0.0,4.0
2023-10-10,421,North,24102,19856.0,15:57:00,16:03:09,16:03:36,15,2517,Marysville Ash Ave Park & Ride Bay 1,0.0,3.0
2023-10-10,421,North,24102,19856.0,16:04:00,16:06:47,16:06:47,16,419,Marysville at Cedar and Grove Park & Ride Bay 4,0.0,9.0
2023-10-10,421,North,24103,19851.0,15:15:00,15:17:51,15:17:51,0,1909,Stewart St & 9th Ave,2.0,0.0
2023-10-10,421,North,24103,19851.0,,,,1,1908,Stewart St & 7th Ave,,
2023-10-10,421,North,24103,19851.0,,15:21:25,15:21:45,2,1907,Stewart St & 4th Ave,2.0,0.0
2023-10-10,421,North,24103,19851.0,,15:23:38,15:23:54,3,1079,2nd Ave & Stewart St,1.0,0.0
2023-10-10,421,North,24103,19851.0,15:21:00,15:26:20,15:26:59,4,2909,2nd Ave & Seneca St,3.0,0.0
2023-10-10,421,North,24103,19851.0,,15:28:06,15:28:31,5,2631,2nd Ave & Cherry St,1.0,0.0
2023-10-10,421,North,24103,19851.0,,15:32:21,15:33:06,6,546,Terrace St & 5th Ave,5.0,0.0
2023-10-10,421,North,24103,19851.0,15:29:00,15:34:06,15:35:27,7,685,5th Ave & James St,11.0,0.0
2023-10-10,421,North,24103,19851.0,16:00:00,16:04:40,16:05:25,10,2115,Lynnwood Transit Center Bay A2,1.0,17.0
2023-10-10,421,North,24103,19851.0,,16:44:03,16:44:03,14,2490,10th St & Ash Ave,0.0,0.0
2023-10-10,421,North,24103,19851.0,16:41:00,16:44:50,16:45:22,15,2517,Marysville Ash Ave Park & Ride Bay 1,0.0,3.0
2023-10-10,421,North,24103,19851.0,16:49:00,16:48:32,16:48:32,16,419,Marysville at Cedar and Grove Park & Ride Bay 4,0.0,6.0
2023-10-10,421,North,24104,17852.0,15:35:00,16:04:46,16:04:46,0,1909,Stewart St & 9th Ave,0.0,0.0
2023-10-10,421,North,24104,17852.0,,16:05:47,16:06:42,1,1908,Stewart St & 7th Ave,1.0,0.0
2023-10-10,421,North,24104,17852.0,,16:09:36,16:10:30,2,1907,Stewart St & 4th Ave,1.0,0.0
2023-10-10,421,North,24104,17852.0,,16:11:35,16:11:43,3,1079,2nd Ave & Stewart St,0.0,0.0
2023-10-10,421,North,24104,17852.0,15:41:00,16:17:38,16:18:09,4,2909,2nd Ave & Seneca St,6.0,0.0
2023-10-10,421,North,24104,17852.0,,16:22:15,16:22:15,5,2631,2nd Ave & Cherry St,4.0,0.0
2023-10-10,421,North,24104,17852.0,,16:27:35,16:28:08,6,546,Terrace St & 5th Ave,2.0,0.0
2023-10-10,421,North,24104,17852.0,15:49:00,16:29:59,16:32:36,7,685,5th Ave & James St,17.0,0.0
2023-10-10,421,North,24104,17852.0,16:20:00,17:06:45,17:07:39,10,2115,Lynnwood Transit Center Bay A2,0.0,19.0
2023-10-10,421,North,24104,17852.0,,17:45:16,17:45:16,14,2490,10th St & Ash Ave,0.0,0.0
2023-10-10,421,North,24104,17852.0,17:01:00,17:45:58,17:46:27,15,2517,Marysville Ash Ave Park & Ride Bay 1,0.0,3.0
2023-10-10,421,North,24104,17852.0,17:14:00,17:49:20,17:49:20,16,419,Marysville at Cedar and Grove Park & Ride Bay 4,0.0,9.0
2023-10-10,421,North,24105,17863.0,16:10:00,16:22:46,16:22:46,0,1909,Stewart St & 9th Ave,1.0,0.0
2023-10-10,421,North,24105,17863.0,,16:23:42,16:24:05,1,1908,Stewart St & 7th Ave,1.0,0.0
2023-10-10,421,North,24105,17863.0,,16:27:27,16:27:38,2,1907,Stewart St & 4th Ave,0.0,0.0
2023-10-10,421,North,24105,17863.0,,16:29:08,16:29:38,3,1079,2nd Ave & Stewart St,2.0,0.0
2023-10-10,421,North,24105,17863.0,16:16:00,16:33:26,16:33:53,4,2909,2nd Ave & Seneca St,1.0,0.0
2023-10-10,421,North,24105,17863.0,,16:36:00,16:36:51,5,2631,2nd Ave & Cherry St,0.0,1.0
2023-10-10,421,North,24105,17863.0,,16:41:21,16:41:44,6,546,Terrace St & 5th Ave,2.0,0.0
2023-10-10,421,North,24105,17863.0,16:24:00,16:43:22,16:44:26,7,685,5th Ave & James St,0.0,0.0
2023-10-10,421,North,24105,17863.0,16:56:00,17:18:51,17:19:19,10,2115,Lynnwood Transit Center Bay A2,0.0,2.0
2023-10-10,421,North,24105,17863.0,,17:54:28,17:54:44,14,2490,10th St & Ash Ave,0.0,1.0
2023-10-10,421,North,24105,17863.0,17:37:00,17:55:42,17:56:02,15,2517,Marysville Ash Ave Park & Ride Bay 1,0.0,1.0
2023-10-10,421,North,24105,17863.0,17:49:00,17:58:50,17:58:50,16,419,Marysville at Cedar and Grove Park & Ride Bay 4,0.0,2.0
2023-10-10,421,North,24106,15807.0,16:30:00,16:36:14,16:36:14,0,1909,Stewart St & 9th Ave,0.0,0.0
2023-10-10,421,North,24106,15807.0,,16:37:37,16:38:33,1,1908,Stewart St & 7th Ave,1.0,0.0
2023-10-10,421,North,24106,15807.0,,16:41:17,16:42:18,2,1907,Stewart St & 4th Ave,1.0,0.0
2023-10-10,421,North,24106,15807.0,,16:43:51,16:44:53,3,1079,2nd Ave & Stewart St,0.0,0.0
2023-10-10,421,North,24106,15807.0,16:37:00,16:51:35,16:52:22,4,2909,2nd Ave & Seneca St,2.0,0.0
2023-10-10,421,North,24106,15807.0,,16:54:35,16:55:06,5,2631,2nd Ave & Cherry St,2.0,0.0
2023-10-10,421,North,24106,15807.0,,16:59:12,16:59:32,6,546,Terrace St & 5th Ave,0.0,0.0
2023-10-10,421,North,24106,15807.0,16:45:00,17:01:21,17:02:42,7,685,5th Ave & James St,3.0,0.0
2023-10-10,421,North,24106,15807.0,17:17:00,17:36:02,17:36:36,10,2115,Lynnwood Transit Center Bay A2,0.0,4.0
2023-10-10,421,North,24106,15807.0,,18:09:23,18:10:10,14,2490,10th St & Ash Ave,0.0,0.0
2023-10-10,421,North,24106,15807.0,17:58:00,18:11:23,18:12:54,15,2517,Marysville Ash Ave Park & Ride Bay 1,0.0,1.0
2023-10-10,421,North,24106,15807.0,18:08:00,18:16:02,18:16:02,16,419,Marysville at Cedar and Grove Park & Ride Bay 4,0.0,4.0
2023-10-10,421,North,24107,19825.0,17:35:00,17:37:51,17:37:51,0,1909,Stewart St & 9th Ave,0.0,0.0
2023-10-10,421,North,24107,19825.0,,17:38:41,17:39:07,1,1908,Stewart St & 7th Ave,1.0,0.0
2023-10-10,421,North,24107,19825.0,,17:41:03,17:41:31,2,1907,Stewart St & 4th Ave,2.0,0.0
2023-10-10,421,North,24107,19825.0,,17:44:24,17:44:40,3,1079,2nd Ave & Stewart St,0.0,0.0
2023-10-10,421,North,24107,19825.0,17:42:00,17:49:55,17:50:39,4,2909,2nd Ave & Seneca St,7.0,0.0
2023-10-10,421,North,24107,19825.0,,17:52:05,17:52:25,5,2631,2nd Ave & Cherry St,1.0,0.0
2023-10-10,421,North,24107,19825.0,,17:56:07,17:56:31,6,546,Terrace St & 5th Ave,1.0,0.0
2023-10-10,421,North,24107,19825.0,17:50:00,17:58:06,17:58:33,7,685,5th Ave & James St,4.0,0.0
2023-10-10,421,North,24107,19825.0,18:18:00,18:22:22,18:22:47,10,2115,Lynnwood Transit Center Bay A2,0.0,11.0
2023-10-10,421,North,24107,19825.0,,18:49:24,18:49:35,14,2490,10th St & Ash Ave,0.0,0.0
2023-10-10,421,North,24107,19825.0,18:53:00,18:50:38,18:51:00,15,2517,Marysville Ash Ave Park & Ride Bay 1,0.0,1.0
2023-10-10,421,North,24107,19825.0,18:59:00,18:54:10,18:54:10,16,419,Marysville at Cedar and Grove Park & Ride Bay 4,0.0,4.0
2023-10-10,421,South,24108,19817.0,04:35:00,04:35:11,04:35:11,0,3001,Marysville at Cedar and Grove Park & Ride Bay 2,7.0,0.0
2023-10-10,421,South,24108,19817.0,,04:37:05,04:37:05,1,2490,10th St & Ash Ave,0.0,0.0
2023-10-10,421,South,24108,19817.0,04:37:00,04:37:49,04:38:10,2,2517,Marysville Ash Ave Park & Ride Bay 1,1.0,0.0
2023-10-10,421,South,24108,19817.0,,04:39:55,04:39:55,3,2465,4th St & Beach Ave,0.0,0.0
2023-10-10,421,South,24108,19817.0,04:39:00,04:42:10,04:43:13,4,1397,I-5 & Marine Dr NE Flyer Stop,1.0,0.0
2023-10-10,421,South,24108,19817.0,05:00:00,05:03:00,05:04:11,7,2543,Lynnwood Transit Center Bay D4,15.0,1.0
2023-10-10,421,South,24108,19817.0,05:20:00,05:22:07,05:22:36,10,2290,5th Ave & Jefferson St,0.0,10.0
2023-10-10,421,South,24108,19817.0,,05:25:33,05:25:50,11,635,4th Ave S & S Washington St,0.0,4.0
2023-10-10,421,South,24108,19817.0,,05:26:34,05:27:00,12,2638,4th Ave & Cherry St,0.0,1.0
2023-10-10,421,South,24108,19817.0,,05:27:56,05:28:33,13,641,4th Ave & Seneca St,0.0,5.0
2023-10-10,421,South,24108,19817.0,05:28:00,05:29:30,05:29:54,14,2976,4th Ave & Pine St,2.0,1.0
2023-10-10,421,South,24108,19817.0,,05:30:59,05:31:48,15,473,Olive Way & 6th Ave,0.0,2.0
2023-10-10,421,South,24108,19817.0,05:31:00,05:32:36,05:32:36,16,476,Olive Way & Terry Ave,0.0,2.0
2023-10-10,421,South,24109,15809.0,05:10:00,05:10:14,05:10:14,0,3001,Marysville at Cedar and Grove Park & Ride Bay 2,7.0,0.0
2023-10-10,421,South,24109,15809.0,,05:11:56,05:12:17,1,2490,10th St & Ash Ave,1.0,0.0
2023-10-10,421,South,24109,15809.0,05:12:00,05:13:12,05:13:36,2,2517,Marysville Ash Ave Park & Ride Bay 1,1.0,0.0
2023-10-10,421,South,24109,15809.0,,05:15:17,05:15:17,3,2465,4th St & Beach Ave,0.0,0.0
2023-10-10,421,South,24109,15809.0,05:14:00,05:16:00,05:16:00,4,1397,I-5 & Marine Dr NE Flyer Stop,0.0,0.0
2023-10-10,421,South,24109,15809.0,05:36:00,05:37:38,05:39:24,7,2543,Lynnwood Transit Center Bay D4,17.0,0.0
2023-10-10,421,South,24109,15809.0,05:57:00,05:59:37,06:00:08,10,2290,5th Ave & Jefferson St,0.0,12.0
2023-10-10,421,South,24109,15809.0,,06:03:48,06:04:04,11,635,4th Ave S & S Washington St,0.0,2.0
2023-10-10,421,South,24109,15809.0,,06:05:16,06:05:35,12,2638,4th Ave & Cherry St,0.0,3.0
2023-10-10,421,South,24109,15809.0,,06:06:32,06:07:24,13,641,4th Ave & Seneca St,0.0,3.0
2023-10-10,421,South,24109,15809.0,06:05:00,06:08:21,06:09:24,14,2976,4th Ave & Pine St,0.0,4.0
2023-10-10,421,South,24109,15809.0,,06:10:18,06:11:27,15,473,Olive Way & 6th Ave,0.0,2.0
2023-10-10,421,South,24109,15809.0,06:11:00,06:13:19,06:13:19,16,476,Olive Way & Terry Ave,0.0,0.0
2023-10-10,421,South,24110,15816.0,05:45:00,05:46:07,05:46:07,0,3001,Marysville at Cedar and Grove Park & Ride Bay 2,11.0,0.0
2023-10-10,421,South,24110,15816.0,,05:47:36,05:47:36,1,2490,10th St & Ash Ave,0.0,0.0
2023-10-10,421,South,24110,15816.0,05:47:00,05:48:16,05:48:16,2,2517,Marysville Ash Ave Park & Ride Bay 1,0.0,0.0
2023-10-10,421,South,24110,15816.0,,05:50:58,05:50:58,3,2465,4th St & Beach Ave,0.0,0.0
2023-10-10,421,South,24110,15816.0,05:51:00,05:52:14,05:52:14,4,1397,I-5 & Marine Dr NE Flyer Stop,0.0,0.0
2023-10-10,421,South,24110,15816.0,06:13:00,06:18:42,06:20:23,7,2543,Lynnwood Transit Center Bay D4,16.0,2.0
2023-10-10,421,South,24110,15816.0,06:37:00,06:43:09,06:44:00,10,2290,5th Ave & Jefferson St,0.0,16.0
2023-10-10,421,South,24110,15816.0,,06:46:41,06:46:41,11,635,4th Ave S & S Washington St,0.0,0.0
2023-10-10,421,South,24110,15816.0,,06:47:42,06:48:11,12,2638,4th Ave & Cherry St,0.0,3.0
2023-10-10,421,South,24110,15816.0,,06:49:34,06:50:02,13,641,4th Ave & Seneca St,0.0,5.0
2023-10-10,421,South,24110,15816.0,06:46:00,06:51:48,06:52:03,14,2976,4th Ave & Pine St,0.0,1.0
2023-10-10,421,South,24110,15816.0,,06:53:58,06:53:58,15,473,Olive Way & 6th Ave,0.0,0.0
2023-10-10,421,South,24110,15816.0,06:52:00,06:55:42,06:55:42,16,476,Olive Way & Terry Ave,0.0,0.0
2023-10-10,421,South,24111,19825.0,06:20:00,06:21:53,06:21:53,0,3001,Marysville at Cedar and Grove Park & Ride Bay 2,2.0,0.0
2023-10-10,421,South,24111,19825.0,,06:23:41,06:23:41,1,2490,10th St & Ash Ave,0.0,0.0
2023-10-10,421,South,24111,19825.0,06:22:00,06:24:24,06:25:02,2,2517,Marysville Ash Ave Park & Ride Bay 1,3.0,0.0
2023-10-10,421,South,24111,19825.0,,06:27:21,06:27:21,3,2465,4th St & Beach Ave,0.0,0.0
2023-10-10,421,South,24111,19825.0,06:26:00,06:28:20,06:28:20,4,1397,I-5 & Marine Dr NE Flyer Stop,0.0,0.0
2023-10-10,421,South,24111,19825.0,06:52:00,07:00:30,07:02:03,7,2543,Lynnwood Transit Center Bay D4,16.0,1.0
2023-10-10,421,South,24111,19825.0,07:18:00,07:25:08,07:25:28,10,2290,5th Ave & Jefferson St,0.0,7.0
2023-10-10,421,South,24111,19825.0,,07:28:33,07:28:50,11,635,4th Ave S & S Washington St,0.0,2.0
2023-10-10,421,South,24111,19825.0,,07:30:41,07:30:57,12,2638,4th Ave & Cherry St,0.0,4.0
2023-10-10,421,South,24111,19825.0,,07:31:55,07:32:55,13,641,4th Ave & Seneca St,0.0,3.0
2023-10-10,421,South,24111,19825.0,07:29:00,07:33:55,07:34:55,14,2976,4th Ave & Pine St,0.0,3.0
2023-10-10,421,South,24111,19825.0,,07:35:50,07:36:56,15,473,Olive Way & 6th Ave,0.0,1.0
2023-10-10,421,South,24111,19825.0,07:38:00,07:37:53,07:37:53,16,476,Olive Way & Terry Ave,0.0,0.0
2023-10-10,421,South,24112,15819.0,06:55:00,06:57:19,06:57:19,0,3001,Marysville at Cedar and Grove Park & Ride Bay 2,11.0,0.0
2023-10-10,421,South,24112,15819.0,,06:58:42,06:58:42,1,2490,10th St & Ash Ave,0.0,0.0
2023-10-10,421,South,24112,15819.0,06:57:00,06:59:34,07:00:04,2,2517,Marysville Ash Ave Park & Ride Bay 1,4.0,0.0
2023-10-10,421,South,24112,15819.0,,07:01:47,07:01:47,3,2465,4th St & Beach Ave,0.0,0.0
2023-10-10,421,South,24112,15819.0,07:01:00,07:02:50,07:02:50,4,1397,I-5 & Marine Dr NE Flyer Stop,0.0,0.0
2023-10-10,421,South,24112,15819.0,07:27:00,07:35:35,07:36:40,7,2543,Lynnwood Transit Center Bay D4,10.0,0.0
2023-10-10,421,South,24112,15819.0,07:56:00,08:05:51,08:06:29,10,2290,5th Ave & Jefferson St,0.0,16.0
2023-10-10,421,South,24112,15819.0,,08:09:48,08:10:09,11,635,4th Ave S & S Washington St,1.0,1.0
2023-10-10,421,South,24112,15819.0,,08:11:30,08:11:59,12,2638,4th Ave & Cherry St,0.0,3.0
2023-10-10,421,South,24112,15819.0,,08:13:34,08:13:58,13,641,4th Ave & Seneca St,0.0,6.0
2023-10-10,421,South,24112,15819.0,08:07:00,08:15:30,08:15:40,14,2976,4th Ave & Pine St,0.0,0.0
2023-10-10,421,South,24112,15819.0,,08:17:45,08:18:56,15,473,Olive Way & 6th Ave,0.0,0.0
2023-10-10,421,South,24112,15819.0,08:16:00,08:21:04,08:21:04,16,476,Olive Way & Terry Ave,0.0,0.0
2023-10-10,421,South,24113,15809.0,07:30:00,07:30:11,07:30:11,0,3001,Marysville at Cedar and Grove Park & Ride Bay 2,6.0,0.0
2023-10-10,421,South,24113,15809.0,,07:32:12,07:32:12,1,2490,10th St & Ash Ave,0.0,0.0
2023-10-10,421,South,24113,15809.0,07:32:00,07:32:55,07:33:21,2,2517,Marysville Ash Ave Park & Ride Bay 1,3.0,0.0
2023-10-10,421,South,24113,15809.0,,07:36:10,07:36:10,3,2465,4th St & Beach Ave,0.0,0.0
2023-10-10,421,South,24113,15809.0,07:35:00,07:37:24,07:37:24,4,1397,I-5 & Marine Dr NE Flyer Stop,0.0,0.0
2023-10-10,421,South,24113,15809.0,08:01:00,08:14:37,08:15:23,7,2543,Lynnwood Transit Center Bay D4,11.0,0.0
2023-10-10,421,South,24113,15809.0,08:30:00,08:46:18,08:46:59,10,2290,5th Ave & Jefferson St,0.0,7.0
2023-10-10,421,South,24113,15809.0,,08:50:03,08:50:03,11,635,4th Ave S & S Washington St,0.0,0.0
2023-10-10,421,South,24113,15809.0,,08:52:07,08:52:07,12,2638,4th Ave & Cherry St,0.0,0.0
2023-10-10,421,South,24113,15809.0,,08:53:52,08:54:26,13,641,4th Ave & Seneca St,0.0,6.0
2023-10-10,421,South,24113,15809.0,08:41:00,08:56:16,08:56:16,14,2976,4th Ave & Pine St,0.0,0.0
2023-10-10,421,South,24113,15809.0,,08:58:16,08:59:24,15,473,Olive Way & 6th Ave,0.0,5.0
2023-10-10,421,South,24113,15809.0,08:50:00,09:01:25,09:01:25,16,476,Olive Way & Terry Ave,0.0,2.0
2023-10-11,421,North,24102,17856.0,14:35:00,14:35:13,14:35:13,0,1909,Stewart St & 9th Ave,3.0,0.0
2023-10-11,421,North,24102,17856.0,,14:36:23,14:36:49,1,1908,Stewart St & 7th Ave,4.0,0.0
2023-10-11,421,North,24102,17856.0,,14:38:08,14:39:10,2,1907,Stewart St & 4th Ave,3.0,1.0
2023-10-11,421,North,24102,17856.0,,14:40:11,14:40:49,3,1079,2nd Ave & Stewart St,0.0,0.0
2023-10-11,421,North,24102,17856.0,14:41:00,14:43:00,14:43:36,4,2909,2nd Ave & Seneca St,6.0,0.0
2023-10-11,421,North,24102,17856.0,,14:45:10,14:45:46,5,2631,2nd Ave & Cherry St,5.0,2.0
2023-10-11,421,North,24102,17856.0,,14:48:32,14:49:03,6,546,Terrace St & 5th Ave,2.0,0.0
2023-10-11,421,North,24102,17856.0,14:49:00,14:50:41,14:51:57,7,685,5th Ave & James St,5.0,0.0
2023-10-11,421,North,24102,17856.0,15:16:00,15:13:05,15:13:44,10,2115,Lynnwood Transit Center Bay A2,0.0,13.0
2023-10-11,421,North,24102,17856.0,,15:42:05,15:42:25,14,2490,10th St & Ash Ave,0.0,3.0
2023-10-11,421,North,24102,17856.0,15:57:00,15:43:27,15:43:55,15,2517,Marysville Ash Ave Park & Ride Bay 1,0.0,3.0
2023-10-11,421,North,24102,17856.0,16:04:00,15:47:00,15:47:00,16,419,Marysville at Cedar and Grove Park & Ride Bay 4,0.0,6.0
2023-10-11,421,North,24103,17858.0,15:15:00,15:18:19,15:18:19,0,1909,Stewart St & 9th Ave,1.0,0.0
2023-10-11,421,North,24103,17858.0,,,,1,1908,Stewart St & 7th Ave,,
2023-10-11,421,North,24103,17858.0,,15:20:12,15:20:40,2,1907,Stewart St & 4th Ave,1.0,0.0
2023-10-11,421,North,24103,17858.0,,15:22:03,15:22:21,3,1079,2nd Ave & Stewart St,0.0,0.0
2023-10-11,421,North,24103,17858.0,15:21:00,15:25:06,15:25:47,4,2909,2nd Ave & Seneca St,1.0,0.0
2023-10-11,421,North,24103,17858.0,,15:27:58,15:28:29,5,2631,2nd Ave & Cherry St,1.0,0.0
2023-10-11,421,North,24103,17858.0,,15:32:00,15:32:28,6,546,Terrace St & 5th Ave,1.0,0.0
2023-10-11,421,North,24103,17858.0,15:29:00,15:34:17,15:35:31,7,685,5th Ave & James St,9.0,0.0
2023-10-11,421,North,24103,17858.0,16:00:00,16:00:12,16:00:42,10,2115,Lynnwood Transit Center Bay A2,0.0,4.0
2023-10-11,421,North,24103,17858.0,,16:30:29,16:30:29,14,2490,10th St & Ash Ave,0.0,0.0
2023-10-11,421,North,24103,17858.0,16:41:00,16:31:18,16:31:54,15,2517,Marysville Ash Ave Park & Ride Bay 1,0.0,4.0
2023-10-11,421,North,24103,17858.0,16:49:00,16:34:57,16:34:57,16,419,Marysville at Cedar and Grove Park & Ride Bay 4,0.0,6.0
2023-10-11,421,North,24104,15813.0,15:35:00,15:35:24,15:35:24,0,1909,Stewart St & 9th Ave,2.0,0.0
2023-10-11,421,North,24104,15813.0,,15:37:19,15:37:26,1,1908,Stewart St & 7th Ave,0.0,0.0
2023-10-11,421,North,24104,15813.0,,15:39:35,15:40:36,2,1907,Stewart St & 4th Ave,0.0,0.0
2023-10-11,421,North,24104,15813.0,,15:41:52,15:41:52,3,1079,2nd Ave & Stewart St,0.0,0.0
2023-10-11,421,North,24104,15813.0,15:41:00,15:44:13,15:45:09,4,2909,2nd Ave & Seneca St,4.0,0.0
2023-10-11,421,North,24104,15813.0,,15:46:16,15:46:29,5,2631,2nd Ave & Cherry St,0.0,0.0
2023-10-11,421,North,24104,15813.0,,15:48:54,15:49:29,6,546,Terrace St & 5th Ave,2.0,0.0
2023-10-11,421,North,24104,15813.0,15:49:00,15:50:46,15:51:05,7,685,5th Ave & James St,1.0,0.0
2023-10-11,421,North,24104,15813.0,16:20:00,16:14:55,16:15:34,10,2115,Lynnwood Transit Center Bay A2,0.0,4.0
2023-10-11,421,North,24104,15813.0,,16:43:52,16:43:52,14,2490,10th St & Ash Ave,0.0,0.0
2023-10-11,421,North,24104,15813.0,17:01:00,16:44:32,16:44:59,15,2517,Marysville Ash Ave Park & Ride Bay 1,0.0,3.0
2023-10-11,421,North,24104,15813.0,17:14:00,16:47:35,16:47:35,16,419,Marysville at Cedar and Grove Park & Ride Bay 4,0.0,2.0
2023-10-11,421,North,24105,15812.0,16:10:00,16:12:28,16:12:28,0,1909,Stewart St & 9th Ave,3.0,0.0
2023-10-11,421,North,24105,15812.0,,16:14:44,16:15:04,1,1908,Stewart St & 7th Ave,1.0,0.0
2023-10-11,421,North,24105,15812.0,,16:17:11,16:18:05,2,1907,Stewart St & 4th Ave,4.0,0.0
2023-10-11,421,North,24105,15812.0,,16:19:15,16:19:38,3,1079,2nd Ave & Stewart St,0.0,0.0
2023-10-11,421,North,24105,15812.0,16:16:00,16:22:39,16:23:12,4,2909,2nd Ave & Seneca St,5.0,0.0
2023-10-11,421,North,24105,15812.0,,16:24:59,16:26:08,5,2631,2nd Ave & Cherry St,7.0,1.0
2023-10-11,421,North,24105,15812.0,,16:29:02,16:30:15,6,546,Terrace St & 5th Ave,4.0,0.0
2023-10-11,421,North,24105,15812.0,16:24:00,16:31:09,16:34:08,7,685,5th Ave & James St,15.0,1.0
2023-10-11,421,North,24105,15812.0,16:56:00,16:58:25,16:59:49,10,2115,Lynnwood Transit Center Bay A2,0.0,22.0
2023-10-11,421,North,24105,15812.0,,17:31:01,17:31:23,14,2490,10th St & Ash Ave,0.0,1.0
2023-10-11,421,North,24105,15812.0,17:37:00,17:32:21,17:32:55,15,2517,Marysville Ash Ave Park & Ride Bay 1,0.0,2.0
2023-10-11,421,North,24105,15812.0,17:49:00,17:35:47,17:35:47,16,419,Marysville at Cedar and Grove Park & Ride Bay 4,0.0,12.0
2023-10-11,421,North,24106,15819.0,16:30:00,16:38:59,16:38:59,0,1909,Stewart St & 9th Ave,2.0,0.0
2023-10-11,421,North,24106,15819.0,,16:40:21,16:40:58,1,1908,Stewart St & 7th Ave,2.0,0.0
2023-10-11,421,North,24106,15819.0,,16:44:25,16:45:10,2,1907,Stewart St & 4th Ave,0.0,0.0
2023-10-11,421,North,24106,15819.0,,16:46:03,16:47:28,3,1079,2nd Ave & Stewart St,1.0,1.0
2023-10-11,421,North,24106,15819.0,16:37:00,16:51:31,16:52:36,4,2909,2nd Ave & Seneca St,8.0,0.0
2023-10-11,421,North,24106,15819.0,,16:54:06,16:54:42,5,2631,2nd Ave & Cherry St,1.0,0.0
2023-10-11,421,North,24106,15819.0,,16:57:35,16:59:31,6,546,Terrace St & 5th Ave,3.0,0.0
2023-10-11,421,North,24106,15819.0,16:45:00,17:01:19,17:02:33,7,685,5th Ave & James St,8.0,0.0
2023-10-11,421,North,24106,15819.0,17:17:00,17:27:19,17:31:11,10,2115,Lynnwood Transit Center Bay A2,0.0,14.0
2023-10-11,421,North,24106,15819.0,,18:01:52,18:02:10,14,2490,10th St & Ash Ave,0.0,1.0
2023-10-11,421,North,24106,15819.0,17:58:00,18:03:23,18:03:48,15,2517,Marysville Ash Ave Park & Ride Bay 1,0.0,2.0
2023-10-11,421,North,24106,15819.0,18:08:00,18:07:24,18:07:24,16,419,Marysville at Cedar and Grove Park & Ride Bay 4,0.0,7.0
2023-10-11,421,North,24107,19822.0,17:35:00,17:37:32,17:37:32,0,1909,Stewart St & 9th Ave,0.0,0.0
2023-10-11,421,North,24107,19822.0,,17:38:40,17:39:00,1,1908,Stewart St & 7th Ave,1.0,0.0
2023-10-11,421,North,24107,19822.0,,17:40:54,17:41:10,2,1907,Stewart St & 4th Ave,0.0,0.0
2023-10-11,421,North,24107,19822.0,,17:42:51,17:43:01,3,1079,2nd Ave & Stewart St,1.0,0.0
2023-10-11,421,North,24107,19822.0,17:42:00,17:45:35,17:46:42,4,2909,2nd Ave & Seneca St,5.0,0.0
2023-10-11,421,North,24107,19822.0,,17:47:38,17:47:51,5,2631,2nd Ave & Cherry St,0.0,0.0
2023-10-11,421,North,24107,19822.0,,17:51:35,17:51:52,6,546,Terrace St & 5th Ave,1.0,0.0
2023-10-11,421,North,24107,19822.0,17:50:00,17:53:37,17:53:56,7,685,5th Ave & James St,2.0,0.0
2023-10-11,421,North,24107,19822.0,18:18:00,18:15:27,18:15:49,10,2115,Lynnwood Transit Center Bay A2,0.0,5.0
2023-10-11,421,North,24107,19822.0,,18:42:10,18:42:10,14,2490,10th St & Ash Ave,0.0,0.0
2023-10-11,421,North,24107,19822.0,18:53:00,18:42:51,18:43:02,15,2517,Marysville Ash Ave Park & Ride Bay 1,0.0,0.0
2023-10-11,421,North,24107,19822.0,18:59:00,18:45:48,18:45:48,16,419,Marysville at Cedar and Grove Park & Ride Bay 4,0.0,5.0
2023-10-11,421,South,24108,19819.0,04:35:00,04:35:17,04:35:17,0,3001,Marysville at Cedar and Grove Park & Ride Bay 2,6.0,0.0
2023-10-11,421,South,24108,19819.0,,04:36:45,04:37:12,1,2490,10th St & Ash Ave,2.0,0.0
2023-10-11,421,South,24108,19819.0,04:37:00,04:38:06,04:38:17,2,2517,Marysville Ash Ave Park & Ride Bay 1,0.0,0.0
2023-10-11,421,South,24108,19819.0,,04:39:43,04:39:43,3,2465,4th St & Beach Ave,0.0,0.0
2023-10-11,421,South,24108,19819.0,04:39:00,04:41:00,04:41:22,4,1397,I-5 & Marine Dr NE Flyer Stop,1.0,0.0
2023-10-11,421,South,24108,19819.0,05:00:00,05:01:04,05:02:20,7,2543,Lynnwood Transit Center Bay D4,16.0,0.0
2023-10-11,421,South,24108,19819.0,05:20:00,05:20:33,05:21:01,10,2290,5th Ave & Jefferson St,0.0,9.0
2023-10-11,421,South,24108,19819.0,,05:23:12,05:23:34,11,635,4th Ave S & S Washington St,0.0,7.0
2023-10-11,421,South,24108,19819.0,,05:24:50,05:25:04,12,2638,4th Ave & Cherry St,0.0,1.0
2023-10-11,421,South,24108,19819.0,,05:26:36,05:27:24,13,641,4th Ave & Seneca St,0.0,3.0
2023-10-11,421,South,24108,19819.0,05:28:00,05:28:23,05:28:51,14,2976,4th Ave & Pine St,0.0,3.0
2023-10-11,421,South,24108,19819.0,,05:29:58,05:30:43,15,473,Olive Way & 6th Ave,0.0,2.0
2023-10-11,421,South,24108,19819.0,05:31:00,05:31:32,05:31:32,16,476,Olive Way & Terry Ave,0.0,0.0
2023-10-11,421,South,24109,15805.0,05:10:00,05:11:03,05:11:03,0,3001,Marysville at Cedar and Grove Park & Ride Bay 2,5.0,0.0
2023-10-11,421,South,24109,15805.0,,05:12:45,05:13:04,1,2490,10th St & Ash Ave,1.0,0.0
2023-10-11,421,South,24109,15805.0,05:12:00,05:14:05,05:14:40,2,2517,Marysville Ash Ave Park & Ride Bay 1,3.0,0.0
2023-10-11,421,South,24109,15805.0,,05:17:04,05:17:04,3,2465,4th St & Beach Ave,0.0,0.0
2023-10-11,421,South,24109,15805.0,05:14:00,05:18:11,05:18:11,4,1397,I-5 & Marine Dr NE Flyer Stop,0.0,0.0
2023-10-11,421,South,24109,15805.0,05:36:00,05:40:33,05:41:53,7,2543,Lynnwood Transit Center Bay D4,20.0,0.0
2023-10-11,421,South,24109,15805.0,05:57:00,06:01:06,06:01:35,10,2290,5th Ave & Jefferson St,0.0,14.0
2023-10-11,421,South,24109,15805.0,,06:03:50,06:04:06,11,635,4th Ave S & S Washington St,0.0,1.0
2023-10-11,421,South,24109,15805.0,,06:05:12,06:05:39,12,2638,4th Ave & Cherry St,0.0,6.0
2023-10-11,421,South,24109,15805.0,,06:07:19,06:07:44,13,641,4th Ave & Seneca St,0.0,3.0
2023-10-11,421,South,24109,15805.0,06:05:00,06:09:28,06:09:51,14,2976,4th Ave & Pine St,0.0,3.0
2023-10-11,421,South,24109,15805.0,,06:11:49,06:12:58,15,473,Olive Way & 6th Ave,0.0,2.0
2023-10-11,421,South,24109,15805.0,06:11:00,06:13:48,06:13:48,16,476,Olive Way & Terry Ave,0.0,0.0
2023-10-11,421,South,24110,15813.0,05:45:00,05:45:14,05:45:14,0,3001,Marysville at Cedar and Grove Park & Ride Bay 2,12.0,0.0
2023-10-11,421,South,24110,15813.0,,05:46:51,05:46:51,1,2490,10th St & Ash Ave,0.0,0.0
2023-10-11,421,South,24110,15813.0,05:47:00,05:47:29,05:47:59,2,2517,Marysville Ash Ave Park & Ride Bay 1,3.0,0.0
2023-10-11,421,South,24110,15813.0,,05:49:55,05:49:55,3,2465,4th St & Beach Ave,0.0,0.0
2023-10-11,421,South,24110,15813.0,05:51:00,05:51:44,05:51:44,4,1397,I-5 & Marine Dr NE Flyer Stop,0.0,0.0
2023-10-11,421,South,24110,15813.0,06:13:00,06:17:53,06:18:56,7,2543,Lynnwood Transit Center Bay D4,19.0,2.0
2023-10-11,421,South,24110,15813.0,06:37:00,06:41:44,06:42:25,10,2290,5th Ave & Jefferson St,0.0,16.0
2023-10-11,421,South,24110,15813.0,,06:44:54,06:45:25,11,635,4th Ave S & S Washington St,0.0,1.0
2023-10-11,421,South,24110,15813.0,,06:46:18,06:46:51,12,2638,4th Ave & Cherry St,0.0,7.0
2023-10-11,421,South,24110,15813.0,,06:47:55,06:48:25,13,641,4th Ave & Seneca St,0.0,6.0
2023-10-11,421,South,24110,15813.0,06:46:00,06:50:10,06:50:27,14,2976,4th Ave & Pine St,0.0,1.0
2023-10-11,421,South,24110,15813.0,,06:52:24,06:53:30,15,473,Olive Way & 6th Ave,0.0,1.0
2023-10-11,421,South,24110,15813.0,06:52:00,06:54:17,06:54:17,16,476,Olive Way & Terry Ave,0.0,0.0
2023-10-11,421,South,24111,19815.0,06:20:00,06:21:55,06:21:55,0,3001,Marysville at Cedar and Grove Park & Ride Bay 2,4.0,0.0
2023-10-11,421,South,24111,19815.0,,06:23:35,06:23:35,1,2490,10th St & Ash Ave,0.0,0.0
2023-10-11,421,South,24111,19815.0,06:22:00,06:24:16,06:25:03,2,2517,Marysville Ash Ave Park & Ride Bay 1,3.0,0.0
2023-10-11,421,South,24111,19815.0,,06:27:15,06:27:15,3,2465,4th St & Beach Ave,0.0,0.0
2023-10-11,421,South,24111,19815.0,06:26:00,06:29:27,06:29:27,4,1397,I-5 & Marine Dr NE Flyer Stop,0.0,0.0
2023-10-11,421,South,24111,19815.0,06:52:00,07:00:33,07:02:12,7,2543,Lynnwood Transit Center Bay D4,16.0,1.0
2023-10-11,421,South,24111,19815.0,07:18:00,07:26:54,07:27:25,10,2290,5th Ave & Jefferson St,1.0,8.0
2023-10-11,421,South,24111,19815.0,,07:29:47,07:29:57,11,635,4th Ave S & S Washington St,0.0,0.0
2023-10-11,421,South,24111,19815.0,,07:30:59,07:31:18,12,2638,4th Ave & Cherry St,0.0,6.0
2023-10-11,421,South,24111,19815.0,,07:32:48,07:33:04,13,641,4th Ave & Seneca St,0.0,5.0
2023-10-11,421,South,24111,19815.0,07:29:00,07:34:02,07:34:51,14,2976,4th Ave & Pine St,0.0,2.0
2023-10-11,421,South,24111,19815.0,,07:36:06,07:36:56,15,473,Olive Way & 6th Ave,0.0,2.0
2023-10-11,421,South,24111,19815.0,07:38:00,07:37:54,07:37:54,16,476,Olive Way & Terry Ave,0.0,0.0
2023-10-11,421,South,24112,17858.0,06:55:00,06:55:15,06:55:15,0,3001,Marysville at Cedar and Grove Park & Ride Bay 2,12.0,0.0
2023-10-11,421,South,24112,17858.0,,06:57:10,06:57:10,1,2490,10th St & Ash Ave,0.0,0.0
2023-10-11,421,South,24112,17858.0,06:57:00,06:57:56,06:58:34,2,2517,Marysville Ash Ave Park & Ride Bay 1,3.0,0.0
2023-10-11,421,South,24112,17858.0,,07:00:07,07:00:07,3,2465,4th St & Beach Ave,0.0,0.0
2023-10-11,421,South,24112,17858.0,07:01:00,07:01:51,07:02:11,4,1397,I-5 & Marine Dr NE Flyer Stop,1.0,0.0
2023-10-11,421,South,24112,17858.0,07:27:00,07:37:58,07:38:58,7,2543,Lynnwood Transit Center Bay D4,9.0,0.0
2023-10-11,421,South,24112,17858.0,07:56:00,08:16:17,08:16:53,10,2290,5th Ave & Jefferson St,1.0,12.0
2023-10-11,421,South,24112,17858.0,,08:20:09,08:20:09,11,635,4th Ave S & S Washington St,0.0,0.0
2023-10-11,421,South,24112,17858.0,,08:21:57,08:22:19,12,2638,4th Ave & Cherry St,0.0,3.0
2023-10-11,421,South,24112,17858.0,,08:24:05,08:24:35,13,641,4th Ave & Seneca St,0.0,6.0
2023-10-11,421,South,24112,17858.0,08:07:00,08:26:20,08:27:24,14,2976,4th Ave & Pine St,0.0,3.0
2023-10-11,421,South,24112,17858.0,,08:28:31,08:29:29,15,473,Olive Way & 6th Ave,0.0,2.0
2023-10-11,421,South,24112,17858.0,08:16:00,08:31:32,08:31:32,16,476,Olive Way & Terry Ave,0.0,0.0
2023-10-11,421,South,24113,15805.0,07:30:00,07:30:15,07:30:15,0,3001,Marysville at Cedar and Grove Park & Ride Bay 2,8.0,0.0
2023-10-11,421,South,24113,15805.0,,07:32:17,07:32:17,1,2490,10th St & Ash Ave,0.0,0.0
2023-10-11,421,South,24113,15805.0,07:32:00,07:33:01,07:33:43,2,2517,Marysville Ash Ave Park & Ride Bay 1,4.0,0.0
2023-10-11,421,South,24113,15805.0,,07:36:52,07:36:52,3,2465,4th St & Beach Ave,0.0,0.0
2023-10-11,421,South,24113,15805.0,07:35:00,07:38:30,07:38:30,4,1397,I-5 & Marine Dr NE Flyer Stop,0.0,0.0
2023-10-11,421,South,24113,15805.0,08:01:00,08:16:22,08:17:33,7,2543,Lynnwood Transit Center Bay D4,15.0,1.0
2023-10-11,421,South,24113,15805.0,08:30:00,08:53:46,08:54:15,10,2290,5th Ave & Jefferson St,0.0,9.0
2023-10-11,421,South,24113,15805.0,,08:56:31,08:56:55,11,635,4th Ave S & S Washington St,0.0,1.0
2023-10-11,421,South,24113,15805.0,,08:58:43,08:58:43,12,2638,4th Ave & Cherry St,0.0,0.0
2023-10-11,421,South,24113,15805.0,,09:00:22,09:01:19,13,641,4th Ave & Seneca St,0.0,7.0
2023-10-11,421,South,24113,15805.0,08:41:00,09:05:27,09:05:27,14,2976,4th Ave & Pine St,0.0,5.0
2023-10-11,421,South,24113,15805.0,,09:07:20,09:08:23,15,473,Olive Way & 6th Ave,0.0,3.0
2023-10-11,421,South,24113,15805.0,08:50:00,09:09:13,09:09:13,16,476,Olive Way & Terry Ave,0.0,1.0
2023-10-12,421,North,24102,17865.0,14:35:00,14:36:07,14:36:07,0,1909,Stewart St & 9th Ave,3.0,0.0
2023-10-12,421,North,24102,17865.0,,14:37:17,14:37:40,1,1908,Stewart St & 7th Ave,3.0,0.0
2023-10-12,421,North,24102,17865.0,,14:41:14,14:42:23,2,1907,Stewart St & 4th Ave,3.0,1.0
2023-10-12,421,North,24102,17865.0,,14:42:59,14:43:14,3,1079,2nd Ave & Stewart St,0.0,0.0
2023-10-12,421,North,24102,17865.0,14:41:00,14:47:25,14:48:18,4,2909,2nd Ave & Seneca St,8.0,0.0
2023-10-12,421,North,24102,17865.0,,14:49:17,14:49:45,5,2631,2nd Ave & Cherry St,3.0,0.0
2023-10-12,421,North,24102,17865.0,,14:53:02,14:53:34,6,546,Terrace St & 5th Ave,2.0,0.0
2023-10-12,421,North,24102,17865.0,14:49:00,14:55:13,14:56:31,7,685,5th Ave & James St,5.0,0.0
2023-10-12,421,North,24102,17865.0,15:16:00,15:16:43,15:17:25,10,2115,Lynnwood Transit Center Bay A2,0.0,15.0
2023-10-12,421,North,24102,17865.0,,15:54:30,15:54:49,14,2490,10th St & Ash Ave,0.0,1.0
2023-10-12,421,North,24102,17865.0,15:57:00,15:55:51,15:56:28,15,2517,Marysville Ash Ave Park & Ride Bay 1,0.0,3.0
2023-10-12,421,North,24102,17865.0,16:04:00,15:59:30,15:59:30,16,419,Marysville at Cedar and Grove Park & Ride Bay 4,0.0,7.0
2023-10-12,421,North,24103,17860.0,15:15:00,15:17:40,15:17:40,0,1909,Stewart St & 9th Ave,2.0,0.0
2023-10-12,421,North,24103,17860.0,,,,1,1908,Stewart St & 7th Ave,,
2023-10-12,421,North,24103,17860.0,,15:20:04,15:20:34,2,1907,Stewart St & 4th Ave,3.0,0.0
2023-10-12,421,North,24103,17860.0,,15:22:09,15:22:37,3,1079,2nd Ave & Stewart St,1.0,0.0
2023-10-12,421,North,24103,17860.0,15:21:00,15:24:46,15:25:19,4,2909,2nd Ave & Seneca St,2.0,0.0
2023-10-12,421,North,24103,17860.0,,15:28:05,15:28:39,5,2631,2nd Ave & Cherry St,1.0,0.0
2023-10-12,421,North,24103,17860.0,,15:32:23,15:33:04,6,546,Terrace St & 5th Ave,2.0,0.0
2023-10-12,421,North,24103,17860.0,15:29:00,15:34:13,15:35:30,7,685,5th Ave & James St,5.0,0.0
2023-10-12,421,North,24103,17860.0,16:00:00,16:01:11,16:02:01,10,2115,Lynnwood Transit Center Bay A2,0.0,6.0
2023-10-12,421,North,24103,17860.0,,16:34:34,16:34:57,14,2490,10th St & Ash Ave,0.0,0.0
2023-10-12,421,North,24103,17860.0,16:41:00,16:35:59,16:36:32,15,2517,Marysville Ash Ave Park & Ride Bay 1,0.0,6.0
2023-10-12,421,North,24103,17860.0,16:49:00,16:39:36,16:39:36,16,419,Marysville at Cedar and Grove Park & Ride Bay 4,0.0,4.0
2023-10-12,421,North,24104,15801.0,15:35:00,15:35:40,15:35:40,0,1909,Stewart St & 9th Ave,1.0,0.0
2023-10-12,421,North,24104,15801.0,,15:36:16,15:36:55,1,1908,Stewart St & 7th Ave,0.0,0.0
2023-10-12,421,North,24104,15801.0,,15:39:27,15:39:43,2,1907,Stewart St & 4th Ave,1.0,0.0
2023-10-12,421,North,24104,15801.0,,15:41:45,15:41:52,3,1079,2nd Ave & Stewart St,0.0,0.0
2023-10-12,421,North,24104,15801.0,15:41:00,15:43:05,15:43:34,4,2909,2nd Ave & Seneca St,4.0,0.0
2023-10-12,421,North,24104,15801.0,,15:44:47,15:45:12,5,2631,2nd Ave & Cherry St,1.0,0.0
2023-10-12,421,North,24104,15801.0,,15:48:35,15:49:08,6,546,Terrace St & 5th Ave,4.0,1.0
2023-10-12,421,North,24104,15801.0,15:49:00,15:50:45,15:52:00,7,685,5th Ave & James St,5.0,0.0
2023-10-12,421,North,24104,15801.0,16:20:00,16:19:09,16:19:50,10,2115,Lynnwood Transit Center Bay A2,1.0,12.0
2023-10-12,421,North,24104,15801.0,,16:54:43,16:54:43,14,2490,10th St & Ash Ave,0.0,0.0
2023-10-12,421,North,24104,15801.0,17:01:00,16:55:21,16:55:43,15,2517,Marysville Ash Ave Park & Ride Bay 1,0.0,1.0
2023-10-12,421,North,24104,15801.0,17:14:00,16:58:17,16:58:17,16,419,Marysville at Cedar and Grove Park & Ride Bay 4,0.0,3.0
2023-10-12,421,North,24105,15804.0,16:10:00,16:13:09,16:13:09,0,1909,Stewart St & 9th Ave,0.0,0.0
2023-10-12,421,North,24105,15804.0,,16:15:37,16:15:57,1,1908,Stewart St & 7th Ave,1.0,0.0
2023-10-12,421,North,24105,15804.0,,16:18:33,16:19:04,2,1907,Stewart St & 4th Ave,1.0,0.0
2023-10-12,421,North,24105,15804.0,,16:20:30,16:20:43,3,1079,2nd Ave & Stewart St,0.0,0.0
2023-10-12,421,North,24105,15804.0,16:16:00,16:24:40,16:25:07,4,2909,2nd Ave & Seneca St,5.0,0.0
2023-10-12,421,North,24105,15804.0,,16:26:37,16:27:17,5,2631,2nd Ave & Cherry St,4.0,0.0
2023-10-12,421,North,24105,15804.0,,16:30:28,16:30:59,6,546,Terrace St & 5th Ave,5.0,0.0
2023-10-12,421,North,24105,15804.0,16:24:00,16:32:41,16:33:57,7,685,5th Ave & James St,15.0,0.0
2023-10-12,421,North,24105,15804.0,16:56:00,17:02:52,17:03:46,10,2115,Lynnwood Transit Center Bay A2,0.0,19.0
2023-10-12,421,North,24105,15804.0,,17:36:08,17:36:29,14,2490,10th St & Ash Ave,0.0,1.0
2023-10-12,421,North,24105,15804.0,17:37:00,17:37:34,17:37:54,15,2517,Marysville Ash Ave Park & Ride Bay 1,0.0,1.0
2023-10-12,421,North,24105,15804.0,17:49:00,17:40:58,17:40:58,16,419,Marysville at Cedar and Grove Park & Ride Bay 4,0.0,10.0
2023-10-12,421,North,24106,,16:30:00,,,0,1909,Stewart St & 9th Ave,,
2023-10-12,421,North,24106,,,,,1,1908,Stewart St & 7th Ave,,
2023-10-12,421,North,24106,,,,,2,1907,Stewart St & 4th Ave,,
2023-10-12,421,North,24106,,,,,3,1079,2nd Ave & Stewart St,,
2023-10-12,421,North,24106,,16:37:00,,,4,2909,2nd Ave & Seneca St,,
2023-10-12,421,North,24106,,,,,5,2631,2nd Ave & Cherry St,,
2023-10-12,421,North,24106,,,,,6,546,Terrace St & 5th Ave,,
2023-10-12,421,North,24106,,16:45:00,,,7,685,5th Ave & James St,,
2023-10-12,421,North,24106,,17:17:00,,,10,2115,Lynnwood Transit Center Bay A2,,
2023-10-12,421,North,24106,,,,,14,2490,10th St & Ash Ave,,
2023-10-12,421,North,24106,,17:58:00,,,15,2517,Marysville Ash Ave Park & Ride Bay 1,,
2023-10-12,421,North,24106,,18:08:00,,,16,419,Marysville at Cedar and Grove Park & Ride Bay 4,,
2023-10-12,421,North,24107,19819.0,17:35:00,17:36:00,17:36:00,0,1909,Stewart St & 9th Ave,0.0,0.0
2023-10-12,421,North,24107,19819.0,,17:37:07,17:37:27,1,1908,Stewart St & 7th Ave,2.0,0.0
2023-10-12,421,North,24107,19819.0,,17:39:42,17:39:56,2,1907,Stewart St & 4th Ave,0.0,0.0
2023-10-12,421,North,24107,19819.0,,17:41:24,17:41:40,3,1079,2nd Ave & Stewart St,0.0,0.0
2023-10-12,421,North,24107,19819.0,17:42:00,17:43:55,17:44:12,4,2909,2nd Ave & Seneca St,2.0,0.0
2023-10-12,421,North,24107,19819.0,,17:45:03,17:45:35,5,2631,2nd Ave & Cherry St,1.0,0.0
2023-10-12,421,North,24107,19819.0,,17:48:33,17:48:56,6,546,Terrace St & 5th Ave,3.0,0.0
2023-10-12,421,North,24107,19819.0,17:50:00,17:50:38,17:50:58,7,685,5th Ave & James St,4.0,0.0
2023-10-12,421,North,24107,19819.0,18:18:00,18:20:43,18:21:13,10,2115,Lynnwood Transit Center Bay A2,0.0,5.0
2023-10-12,421,North,24107,19819.0,,18:47:21,18:47:21,14,2490,10th St & Ash Ave,0.0,0.0
2023-10-12,421,North,24107,19819.0,18:53:00,18:48:02,18:48:12,15,2517,Marysville Ash Ave Park & Ride Bay 1,0.0,0.0
2023-10-12,421,North,24107,19819.0,18:59:00,18:51:11,18:51:11,16,419,Marysville at Cedar and Grove Park & Ride Bay 4,0.0,7.0
2023-10-12,421,South,24108,19819.0,04:35:00,04:35:11,04:35:11,0,3001,Marysville at Cedar and Grove Park & Ride Bay 2,7.0,0.0
2023-10-12,421,South,24108,19819.0,,04:36:45,04:36:45,1,2490,10th St & Ash Ave,0.0,0.0
2023-10-12,421,South,24108,19819.0,04:37:00,04:37:26,04:37:55,2,2517,Marysville Ash Ave Park & Ride Bay 1,1.0,0.0
2023-10-12,421,South,24108,19819.0,,04:39:30,04:39:30,3,2465,4th St & Beach Ave,0.0,0.0
2023-10-12,421,South,24108,19819.0,04:39:00,04:40:41,04:40:41,4,1397,I-5 & Marine Dr NE Flyer Stop,0.0,0.0
2023-10-12,421,South,24108,19819.0,05:00:00,05:00:15,05:01:16,7,2543,Lynnwood Transit Center Bay D4,12.0,0.0
2023-10-12,421,South,24108,19819.0,05:20:00,05:19:03,05:19:34,10,2290,5th Ave & Jefferson St,0.0,8.0
2023-10-12,421,South,24108,19819.0,,05:22:01,05:22:19,11,635,4th Ave S & S Washington St,0.0,4.0
2023-10-12,421,South,24108,19819.0,,05:23:23,05:23:44,12,2638,4th Ave & Cherry St,0.0,1.0
2023-10-12,421,South,24108,19819.0,,05:24:55,05:25:21,13,641,4th Ave & Seneca St,0.0,2.0
2023-10-12,421,South,24108,19819.0,05:28:00,05:26:19,05:27:50,14,2976,4th Ave & Pine St,1.0,3.0
2023-10-12,421,South,24108,19819.0,,05:28:57,05:29:44,15,473,Olive Way & 6th Ave,0.0,2.0
2023-10-12,421,South,24108,19819.0,05:31:00,05:31:09,05:31:09,16,476,Olive Way & Terry Ave,0.0,1.0
2023-10-12,421,South,24109,17856.0,05:10:00,05:10:20,05:10:20,0,3001,Marysville at Cedar and Grove Park & Ride Bay 2,5.0,0.0
2023-10-12,421,South,24109,17856.0,,05:12:02,05:12:23,1,2490,10th St & Ash Ave,1.0,0.0
2023-10-12,421,South,24109,17856.0,05:12:00,05:13:21,05:13:59,2,2517,Marysville Ash Ave Park & Ride Bay 1,2.0,0.0
2023-10-12,421,South,24109,17856.0,,05:16:00,05:16:10,3,2465,4th St & Beach Ave,0.0,0.0
2023-10-12,421,South,24109,17856.0,05:14:00,05:16:56,05:16:56,4,1397,I-5 & Marine Dr NE Flyer Stop,0.0,0.0
2023-10-12,421,South,24109,17856.0,05:36:00,05:46:28,05:48:19,7,2543,Lynnwood Transit Center Bay D4,9.0,0.0
2023-10-12,421,South,24109,17856.0,05:57:00,06:07:01,06:07:40,10,2290,5th Ave & Jefferson St,0.0,9.0
2023-10-12,421,South,24109,17856.0,,06:09:52,06:09:52,11,635,4th Ave S & S Washington St,0.0,0.0
2023-10-12,421,South,24109,17856.0,,06:10:32,06:10:51,12,2638,4th Ave & Cherry St,0.0,3.0
2023-10-12,421,South,24109,17856.0,,06:11:55,06:12:17,13,641,4th Ave & Seneca St,0.0,3.0
2023-10-12,421,South,24109,17856.0,06:05:00,06:14:04,06:14:28,14,2976,4th Ave & Pine St,0.0,2.0
2023-10-12,421,South,24109,17856.0,,06:16:08,06:16:08,15,473,Olive Way & 6th Ave,0.0,0.0
2023-10-12,421,South,24109,17856.0,06:11:00,06:17:44,06:17:44,16,476,Olive Way & Terry Ave,0.0,0.0
2023-10-12,421,South,24110,17864.0,05:45:00,05:45:23,05:45:23,0,3001,Marysville at Cedar and Grove Park & Ride Bay 2,10.0,0.0
2023-10-12,421,South,24110,17864.0,,05:46:57,05:46:57,1,2490,10th St & Ash Ave,0.0,0.0
2023-10-12,421,South,24110,17864.0,05:47:00,05:47:34,05:48:02,2,2517,Marysville Ash Ave Park & Ride Bay 1,3.0,0.0
2023-10-12,421,South,24110,17864.0,,05:50:15,05:50:15,3,2465,4th St & Beach Ave,0.0,0.0
2023-10-12,421,South,24110,17864.0,05:51:00,05:51:21,05:51:21,4,1397,I-5 & Marine Dr NE Flyer Stop,0.0,0.0
2023-10-12,421,South,24110,17864.0,06:13:00,06:18:15,06:19:40,7,2543,Lynnwood Transit Center Bay D4,24.0,2.0
2023-10-12,421,South,24110,17864.0,06:37:00,06:40:20,06:41:01,10,2290,5th Ave & Jefferson St,0.0,19.0
2023-10-12,421,South,24110,17864.0,,06:43:13,06:43:13,11,635,4th Ave S & S Washington St,0.0,0.0
2023-10-12,421,South,24110,17864.0,,06:44:28,06:44:58,12,2638,4th Ave & Cherry St,0.0,3.0
2023-10-12,421,South,24110,17864.0,,06:46:38,06:47:56,13,641,4th Ave & Seneca St,0.0,10.0
2023-10-12,421,South,24110,17864.0,06:46:00,06:48:58,06:49:49,14,2976,4th Ave & Pine St,0.0,1.0
2023-10-12,421,South,24110,17864.0,,06:50:50,06:51:58,15,473,Olive Way & 6th Ave,0.0,1.0
2023-10-12,421,South,24110,17864.0,06:52:00,06:52:43,06:52:43,16,476,Olive Way & Terry Ave,0.0,1.0
2023-10-12,421,South,24111,19813.0,06:20:00,06:20:58,06:20:58,0,3001,Marysville at Cedar and Grove Park & Ride Bay 2,5.0,0.0
2023-10-12,421,South,24111,19813.0,,06:22:43,06:22:43,1,2490,10th St & Ash Ave,0.0,0.0
2023-10-12,421,South,24111,19813.0,06:22:00,06:23:21,06:23:38,2,2517,Marysville Ash Ave Park & Ride Bay 1,1.0,0.0
2023-10-12,421,South,24111,19813.0,,06:27:36,06:27:36,3,2465,4th St & Beach Ave,0.0,0.0
2023-10-12,421,South,24111,19813.0,06:26:00,06:29:05,06:29:05,4,1397,I-5 & Marine Dr NE Flyer Stop,0.0,0.0
2023-10-12,421,South,24111,19813.0,06:52:00,07:03:58,07:05:07,7,2543,Lynnwood Transit Center Bay D4,26.0,0.0
2023-10-12,421,South,24111,19813.0,07:18:00,07:26:36,07:27:13,10,2290,5th Ave & Jefferson St,0.0,13.0
2023-10-12,421,South,24111,19813.0,,07:29:44,07:30:03,11,635,4th Ave S & S Washington St,0.0,2.0
2023-10-12,421,South,24111,19813.0,,07:30:53,07:31:14,12,2638,4th Ave & Cherry St,0.0,8.0
2023-10-12,421,South,24111,19813.0,,07:31:56,07:32:46,13,641,4th Ave & Seneca St,0.0,8.0
2023-10-12,421,South,24111,19813.0,07:29:00,07:33:43,07:33:54,14,2976,4th Ave & Pine St,0.0,0.0
2023-10-12,421,South,24111,19813.0,,07:35:46,07:36:55,15,473,Olive Way & 6th Ave,0.0,1.0
2023-10-12,421,South,24111,19813.0,07:38:00,07:39:47,07:39:47,16,476,Olive Way & Terry Ave,0.0,0.0
2023-10-12,421,South,24112,19855.0,06:55:00,06:55:35,06:55:35,0,3001,Marysville at Cedar and Grove Park & Ride Bay 2,6.0,0.0
2023-10-12,421,South,24112,19855.0,,06:57:27,06:57:27,1,2490,10th St & Ash Ave,0.0,0.0
2023-10-12,421,South,24112,19855.0,06:57:00,06:58:11,06:58:54,2,2517,Marysville Ash Ave Park & Ride Bay 1,3.0,0.0
2023-10-12,421,South,24112,19855.0,,07:01:31,07:01:31,3,2465,4th St & Beach Ave,0.0,0.0
2023-10-12,421,South,24112,19855.0,07:01:00,07:02:42,07:03:08,4,1397,I-5 & Marine Dr NE Flyer Stop,1.0,0.0
2023-10-12,421,South,24112,19855.0,07:27:00,07:38:44,07:39:35,7,2543,Lynnwood Transit Center Bay D4,11.0,0.0
2023-10-12,421,South,24112,19855.0,07:56:00,08:05:37,08:06:06,10,2290,5th Ave & Jefferson St,0.0,5.0
2023-10-12,421,South,24112,19855.0,,08:09:53,08:10:20,11,635,4th Ave S & S Washington St,1.0,3.0
2023-10-12,421,South,24112,19855.0,,08:12:06,08:12:32,12,2638,4th Ave & Cherry St,0.0,2.0
2023-10-12,421,South,24112,19855.0,,08:13:38,08:14:15,13,641,4th Ave & Seneca St,0.0,8.0
2023-10-12,421,South,24112,19855.0,08:07:00,08:15:57,08:16:51,14,2976,4th Ave & Pine St,0.0,2.0
2023-10-12,421,South,24112,19855.0,,08:17:50,08:18:59,15,473,Olive Way & 6th Ave,0.0,1.0
2023-10-12,421,South,24112,19855.0,08:16:00,08:19:48,08:19:48,16,476,Olive Way & Terry Ave,0.0,1.0
2023-10-12,421,South,24113,17856.0,07:30:00,07:30:16,07:30:16,0,3001,Marysville at Cedar and Grove Park & Ride Bay 2,2.0,0.0
2023-10-12,421,South,24113,17856.0,,07:32:10,07:32:10,1,2490,10th St & Ash Ave,0.0,0.0
2023-10-12,421,South,24113,17856.0,07:32:00,07:32:57,07:33:48,2,2517,Marysville Ash Ave Park & Ride Bay 1,3.0,0.0
2023-10-12,421,South,24113,17856.0,,07:36:46,07:36:46,3,2465,4th St & Beach Ave,0.0,0.0
2023-10-12,421,South,24113,17856.0,07:35:00,07:38:18,07:38:30,4,1397,I-5 & Marine Dr NE Flyer Stop,0.0,0.0
2023-10-12,421,South,24113,17856.0,08:01:00,08:08:13,08:09:41,7,2543,Lynnwood Transit Center Bay D4,16.0,0.0
2023-10-12,421,South,24113,17856.0,08:30:00,08:35:39,08:36:26,10,2290,5th Ave & Jefferson St,0.0,5.0
2023-10-12,421,South,24113,17856.0,,08:39:59,08:40:20,11,635,4th Ave S & S Washington St,0.0,1.0
2023-10-12,421,South,24113,17856.0,,08:43:13,08:43:28,12,2638,4th Ave & Cherry St,0.0,1.0
2023-10-12,421,South,24113,17856.0,,08:44:55,08:45:18,13,641,4th Ave & Seneca St,0.0,6.0
2023-10-12,421,South,24113,17856.0,08:41:00,08:47:04,08:48:18,14,2976,4th Ave & Pine St,0.0,4.0
2023-10-12,421,South,24113,17856.0,,08:49:23,08:50:23,15,473,Olive Way & 6th Ave,0.0,2.0
2023-10-12,421,South,24113,17856.0,08:50:00,08:51:09,08:51:09,16,476,Olive Way & Terry Ave,0.0,2.0
2023-10-13,421,North,24102,15813.0,14:35:00,14:39:08,14:39:08,0,1909,Stewart St & 9th Ave,0.0,0.0
2023-10-13,421,North,24102,15813.0,,14:40:15,14:40:28,1,1908,Stewart St & 7th Ave,0.0,0.0
2023-10-13,421,North,24102,15813.0,,14:42:34,14:42:56,2,1907,Stewart St & 4th Ave,1.0,0.0
2023-10-13,421,North,24102,15813.0,,14:44:37,14:45:20,3,1079,2nd Ave & Stewart St,1.0,0.0
2023-10-13,421,North,24102,15813.0,14:41:00,14:47:41,14:48:15,4,2909,2nd Ave & Seneca St,3.0,0.0
2023-10-13,421,North,24102,15813.0,,14:49:10,14:49:34,5,2631,2nd Ave & Cherry St,1.0,0.0
2023-10-13,421,North,24102,15813.0,,14:53:27,14:53:54,6,546,Terrace St & 5th Ave,2.0,0.0
2023-10-13,421,North,24102,15813.0,14:49:00,14:55:12,14:55:37,7,685,5th Ave & James St,6.0,0.0
2023-10-13,421,North,24102,15813.0,15:16:00,15:19:18,15:19:40,10,2115,Lynnwood Transit Center Bay A2,0.0,7.0
2023-10-13,421,North,24102,15813.0,,16:12:56,16:13:16,14,2490,10th St & Ash Ave,0.0,0.0
2023-10-13,421,North,24102,15813.0,15:57:00,16:14:25,16:14:52,15,2517,Marysville Ash Ave Park & Ride Bay 1,0.0,3.0
2023-10-13,421,North,24102,15813.0,16:04:00,16:18:12,16:18:12,16,419,Marysville at Cedar and Grove Park & Ride Bay 4,0.0,4.0
2023-10-13,421,North,24103,15809.0,15:15:00,15:16:32,15:16:32,0,1909,Stewart St & 9th Ave,0.0,0.0
2023-10-13,421,North,24103,15809.0,,15:17:41,15:17:52,1,1908,Stewart St & 7th Ave,0.0,0.0
2023-10-13,421,North,24103,15809.0,,15:20:03,15:20:18,2,1907,Stewart St & 4th Ave,0.0,0.0
2023-10-13,421,North,24103,15809.0,,15:22:03,15:23:03,3,1079,2nd Ave & Stewart St,3.0,0.0
2023-10-13,421,North,24103,15809.0,15:21:00,15:25:53,15:26:06,4,2909,2nd Ave & Seneca St,0.0,0.0
2023-10-13,421,North,24103,15809.0,,15:27:52,15:28:09,5,2631,2nd Ave & Cherry St,0.0,0.0
2023-10-13,421,North,24103,15809.0,,15:32:22,15:32:52,6,546,Terrace St & 5th Ave,1.0,0.0
2023-10-13,421,North,24103,15809.0,15:29:00,15:34:09,15:34:20,7,685,5th Ave & James St,0.0,0.0
2023-10-13,421,North,24103,15809.0,16:00:00,16:05:14,16:06:10,10,2115,Lynnwood Transit Center Bay A2,2.0,3.0
2023-10-13,421,North,24103,15809.0,,16:51:58,16:51:58,14,2490,10th St & Ash Ave,0.0,0.0
2023-10-13,421,North,24103,15809.0,16:41:00,16:52:43,16:53:06,15,2517,Marysville Ash Ave Park & Ride Bay 1,0.0,1.0
2023-10-13,421,North,24103,15809.0,16:49:00,16:56:13,16:56:13,16,419,Marysville at Cedar and Grove Park & Ride Bay 4,0.0,2.0
2023-10-13,421,North,24104,15805.0,15:35:00,15:35:39,15:35:39,0,1909,Stewart St & 9th Ave,1.0,0.0
2023-10-13,421,North,24104,15805.0,,15:36:15,15:36:56,1,1908,Stewart St & 7th Ave,0.0,0.0
2023-10-13,421,North,24104,15805.0,,15:38:05,15:38:28,2,1907,Stewart St & 4th Ave,2.0,0.0
2023-10-13,421,North,24104,15805.0,,15:39:59,15:40:08,3,1079,2nd Ave & Stewart St,0.0,0.0
2023-10-13,421,North,24104,15805.0,15:41:00,15:41:36,15:42:01,4,2909,2nd Ave & Seneca St,0.0,0.0
2023-10-13,421,North,24104,15805.0,,15:43:13,15:43:34,5,2631,2nd Ave & Cherry St,0.0,0.0
2023-10-13,421,North,24104,15805.0,,15:47:05,15:47:49,6,546,Terrace St & 5th Ave,5.0,0.0
2023-10-13,421,North,24104,15805.0,15:49:00,15:49:12,15:49:34,7,685,5th Ave & James St,1.0,0.0
2023-10-13,421,North,24104,15805.0,16:20:00,16:20:08,16:20:50,10,2115,Lynnwood Transit Center Bay A2,0.0,9.0
2023-10-13,421,North,24104,15805.0,,17:02:17,17:02:17,14,2490,10th St & Ash Ave,0.0,0.0
2023-10-13,421,North,24104,15805.0,17:01:00,17:02:52,17:03:01,15,2517,Marysville Ash Ave Park & Ride Bay 1,0.0,0.0
2023-10-13,421,North,24104,15805.0,17:14:00,17:05:31,17:05:31,16,419,Marysville at Cedar and Grove Park & Ride Bay 4,0.0,0.0
2023-10-13,421,North,24105,17863.0,16:10:00,16:10:27,16:10:27,0,1909,Stewart St & 9th Ave,0.0,0.0
2023-10-13,421,North,24105,17863.0,,16:11:38,16:11:44,1,1908,Stewart St & 7th Ave,0.0,0.0
2023-10-13,421,North,24105,17863.0,,16:13:58,16:14:04,2,1907,Stewart St & 4th Ave,0.0,0.0
2023-10-13,421,North,24105,17863.0,,16:14:46,16:14:57,3,1079,2nd Ave & Stewart St,0.0,0.0
2023-10-13,421,North,24105,17863.0,16:16:00,16:16:58,16:17:27,4,2909,2nd Ave & Seneca St,2.0,0.0
2023-10-13,421,North,24105,17863.0,,16:19:01,16:19:14,5,2631,2nd Ave & Cherry St,0.0,0.0
2023-10-13,421,North,24105,17863.0,,16:21:30,16:22:25,6,546,Terrace St & 5th Ave,4.0,0.0
2023-10-13,421,North,24105,17863.0,16:24:00,16:23:40,16:24:59,7,685,5th Ave & James St,3.0,0.0
2023-10-13,421,North,24105,17863.0,16:56:00,16:54:45,16:55:31,10,2115,Lynnwood Transit Center Bay A2,0.0,5.0
2023-10-13,421,North,24105,17863.0,,17:34:45,17:35:07,14,2490,10th St & Ash Ave,0.0,1.0
2023-10-13,421,North,24105,17863.0,17:37:00,17:36:07,17:36:07,15,2517,Marysville Ash Ave Park & Ride Bay 1,0.0,0.0
2023-10-13,421,North,24105,17863.0,17:49:00,17:38:55,17:38:55,16,419,Marysville at Cedar and Grove Park & Ride Bay 4,0.0,3.0
2023-10-13,421,North,24106,15803.0,16:30:00,16:35:09,16:35:09,0,1909,Stewart St & 9th Ave,0.0,0.0
2023-10-13,421,North,24106,15803.0,,16:36:19,16:36:58,1,1908,Stewart St & 7th Ave,0.0,0.0
2023-10-13,421,North,24106,15803.0,,16:38:18,16:38:47,2,1907,Stewart St & 4th Ave,1.0,0.0
2023-10-13,421,North,24106,15803.0,,16:40:15,16:40:39,3,1079,2nd Ave & Stewart St,0.0,0.0
2023-10-13,421,North,24106,15803.0,16:37:00,16:44:02,16:44:49,4,2909,2nd Ave & Seneca St,3.0,0.0
2023-10-13,421,North,24106,15803.0,,16:46:05,16:47:00,5,2631,2nd Ave & Cherry St,1.0,1.0
2023-10-13,421,North,24106,15803.0,,16:50:09,16:50:55,6,546,Terrace St & 5th Ave,2.0,0.0
2023-10-13,421,North,24106,15803.0,16:45:00,16:52:11,16:53:17,7,685,5th Ave & James St,4.0,0.0
2023-10-13,421,North,24106,15803.0,17:17:00,17:20:29,17:22:18,10,2115,Lynnwood Transit Center Bay A2,1.0,10.0
2023-10-13,421,North,24106,15803.0,,17:54:33,17:54:58,14,2490,10th St & Ash Ave,0.0,0.0
2023-10-13,421,North,24106,15803.0,17:58:00,17:56:06,17:56:25,15,2517,Marysville Ash Ave Park & Ride Bay 1,0.0,0.0
2023-10-13,421,North,24106,15803.0,18:08:00,17:59:39,17:59:39,16,419,Marysville at Cedar and Grove Park & Ride Bay 4,0.0,1.0
2023-10-13,421,North,24107,19819.0,17:35:00,17:35:54,17:35:54,0,1909,Stewart St & 9th Ave,0.0,0.0
2023-10-13,421,North,24107,19819.0,,17:37:09,17:37:19,1,1908,Stewart St & 7th Ave,0.0,0.0
2023-10-13,421,North,24107,19819.0,,17:39:41,17:39:56,2,1907,Stewart St & 4th Ave,0.0,0.0
2023-10-13,421,North,24107,19819.0,,17:41:29,17:41:49,3,1079,2nd Ave & Stewart St,1.0,0.0
2023-10-13,421,North,24107,19819.0,17:42:00,17:43:00,17:43:34,4,2909,2nd Ave & Seneca St,1.0,0.0
2023-10-13,421,North,24107,19819.0,,17:44:33,17:44:47,5,2631,2nd Ave & Cherry St,1.0,0.0
2023-10-13,421,North,24107,19819.0,,17:47:03,17:47:18,6,546,Terrace St & 5th Ave,2.0,0.0
2023-10-13,421,North,24107,19819.0,17:50:00,17:49:10,17:50:33,7,685,5th Ave & James St,2.0,1.0
2023-10-13,421,North,24107,19819.0,18:18:00,18:09:35,18:10:19,10,2115,Lynnwood Transit Center Bay A2,2.0,3.0
2023-10-13,421,North,24107,19819.0,,18:37:06,18:37:06,14,2490,10th St & Ash Ave,0.0,0.0
2023-10-13,421,North,24107,19819.0,18:53:00,18:37:50,18:38:01,15,2517,Marysville Ash Ave Park & Ride Bay 1,0.0,0.0
2023-10-13,421,North,24107,19819.0,18:59:00,18:41:02,18:41:02,16,419,Marysville at Cedar and Grove Park & Ride Bay 4,0.0,5.0
2023-10-13,421,South,24108,19824.0,04:35:00,04:35:42,04:35:42,0,3001,Marysville at Cedar and Grove Park & Ride Bay 2,5.0,0.0
2023-10-13,421,South,24108,19824.0,,04:37:17,04:37:17,1,2490,10th St & Ash Ave,0.0,0.0
2023-10-13,421,South,24108,19824.0,04:37:00,04:37:56,04:38:08,2,2517,Marysville Ash Ave Park & Ride Bay 1,0.0,0.0
2023-10-13,421,South,24108,19824.0,,04:39:43,04:39:43,3,2465,4th St & Beach Ave,0.0,0.0
2023-10-13,421,South,24108,19824.0,04:39:00,04:40:30,04:40:30,4,1397,I-5 & Marine Dr NE Flyer Stop,0.0,0.0
2023-10-13,421,South,24108,19824.0,05:00:00,05:00:36,05:01:49,7,2543,Lynnwood Transit Center Bay D4,15.0,0.0
2023-10-13,421,South,24108,19824.0,05:20:00,05:19:04,05:19:24,10,2290,5th Ave & Jefferson St,0.0,6.0
2023-10-13,421,South,24108,19824.0,,05:22:08,05:22:29,11,635,4th Ave S & S Washington St,0.0,5.0
2023-10-13,421,South,24108,19824.0,,05:23:32,05:23:46,12,2638,4th Ave & Cherry St,0.0,1.0
2023-10-13,421,South,24108,19824.0,,05:25:00,05:25:40,13,641,4th Ave & Seneca St,0.0,5.0
2023-10-13,421,South,24108,19824.0,05:28:00,05:26:33,05:26:53,14,2976,4th Ave & Pine St,0.0,2.0
2023-10-13,421,South,24108,19824.0,,05:28:10,05:28:46,15,473,Olive Way & 6th Ave,0.0,1.0
2023-10-13,421,South,24108,19824.0,05:31:00,05:29:36,05:29:36,16,476,Olive Way & Terry Ave,0.0,0.0
2023-10-13,421,South,24109,19855.0,05:10:00,05:10:26,05:10:26,0,3001,Marysville at Cedar and Grove Park & Ride Bay 2,2.0,0.0
2023-10-13,421,South,24109,19855.0,,05:12:14,05:12:14,1,2490,10th St & Ash Ave,0.0,0.0
2023-10-13,421,South,24109,19855.0,05:12:00,05:13:16,05:13:16,2,2517,Marysville Ash Ave Park & Ride Bay 1,0.0,0.0
2023-10-13,421,South,24109,19855.0,,05:15:21,05:15:21,3,2465,4th St & Beach Ave,0.0,0.0
2023-10-13,421,South,24109,19855.0,05:14:00,05:16:02,05:16:02,4,1397,I-5 & Marine Dr NE Flyer Stop,0.0,0.0
2023-10-13,421,South,24109,19855.0,05:36:00,05:37:59,05:38:58,7,2543,Lynnwood Transit Center Bay D4,14.0,0.0
2023-10-13,421,South,24109,19855.0,05:57:00,05:58:13,05:58:41,10,2290,5th Ave & Jefferson St,0.0,7.0
2023-10-13,421,South,24109,19855.0,,06:01:46,06:01:46,11,635,4th Ave S & S Washington St,0.0,0.0
2023-10-13,421,South,24109,19855.0,,06:02:54,06:03:09,12,2638,4th Ave & Cherry St,0.0,1.0
2023-10-13,421,South,24109,19855.0,,06:04:30,06:04:58,13,641,4th Ave & Seneca St,0.0,5.0
2023-10-13,421,South,24109,19855.0,06:05:00,06:06:34,06:06:58,14,2976,4th Ave & Pine St,0.0,3.0
2023-10-13,421,South,24109,19855.0,,06:08:45,06:08:45,15,473,Olive Way & 6th Ave,0.0,0.0
2023-10-13,421,South,24109,19855.0,06:11:00,06:10:25,06:10:25,16,476,Olive Way & Terry Ave,0.0,0.0
2023-10-13,421,South,24110,17863.0,05:45:00,05:45:04,05:45:04,0,3001,Marysville at Cedar and Grove Park & Ride Bay 2,8.0,0.0
2023-10-13,421,South,24110,17863.0,,05:46:33,05:46:33,1,2490,10th St & Ash Ave,0.0,0.0
2023-10-13,421,South,24110,17863.0,05:47:00,05:47:09,05:47:27,2,2517,Marysville Ash Ave Park & Ride Bay 1,1.0,0.0
2023-10-13,421,South,24110,17863.0,,05:48:52,05:48:52,3,2465,4th St & Beach Ave,0.0,0.0
2023-10-13,421,South,24110,17863.0,05:51:00,05:49:27,05:49:27,4,1397,I-5 & Marine Dr NE Flyer Stop,0.0,0.0
2023-10-13,421,South,24110,17863.0,06:13:00,06:13:59,06:14:25,7,2543,Lynnwood Transit Center Bay D4,2.0,1.0
2023-10-13,421,South,24110,17863.0,06:37:00,06:32:47,06:33:16,10,2290,5th Ave & Jefferson St,0.0,5.0
2023-10-13,421,South,24110,17863.0,,06:36:31,06:36:31,11,635,4th Ave S & S Washington St,0.0,0.0
2023-10-13,421,South,24110,17863.0,,06:37:10,06:37:29,12,2638,4th Ave & Cherry St,0.0,2.0
2023-10-13,421,South,24110,17863.0,,06:39:16,06:39:32,13,641,4th Ave & Seneca St,0.0,2.0
2023-10-13,421,South,24110,17863.0,06:46:00,06:41:05,06:41:17,14,2976,4th Ave & Pine St,0.0,1.0
2023-10-13,421,South,24110,17863.0,,06:43:10,06:43:10,15,473,Olive Way & 6th Ave,0.0,0.0
2023-10-13,421,South,24110,17863.0,06:52:00,06:44:52,06:44:52,16,476,Olive Way & Terry Ave,0.0,0.0
2023-10-13,421,South,24111,19815.0,06:20:00,06:21:41,06:21:41,0,3001,Marysville at Cedar and Grove Park & Ride Bay 2,0.0,0.0
2023-10-13,421,South,24111,19815.0,,06:23:20,06:23:20,1,2490,10th St & Ash Ave,0.0,0.0
2023-10-13,421,South,24111,19815.0,06:22:00,06:24:00,06:24:14,2,2517,Marysville Ash Ave Park & Ride Bay 1,0.0,0.0
2023-10-13,421,South,24111,19815.0,,06:25:49,06:25:49,3,2465,4th St & Beach Ave,0.0,0.0
2023-10-13,421,South,24111,19815.0,06:26:00,06:26:53,06:26:53,4,1397,I-5 & Marine Dr NE Flyer Stop,0.0,0.0
2023-10-13,421,South,24111,19815.0,06:52:00,06:48:34,06:53:37,7,2543,Lynnwood Transit Center Bay D4,7.0,0.0
2023-10-13,421,South,24111,19815.0,07:18:00,07:14:35,07:14:55,10,2290,5th Ave & Jefferson St,0.0,4.0
2023-10-13,421,South,24111,19815.0,,07:18:12,07:18:12,11,635,4th Ave S & S Washington St,0.0,0.0
2023-10-13,421,South,24111,19815.0,,07:18:59,07:19:14,12,2638,4th Ave & Cherry St,0.0,1.0
2023-10-13,421,South,24111,19815.0,,07:20:07,07:20:52,13,641,4th Ave & Seneca St,0.0,1.0
2023-10-13,421,South,24111,19815.0,07:29:00,07:21:59,07:22:51,14,2976,4th Ave & Pine St,0.0,1.0
2023-10-13,421,South,24111,19815.0,,07:25:07,07:25:07,15,473,Olive Way & 6th Ave,0.0,0.0
2023-10-13,421,South,24111,19815.0,07:38:00,07:28:37,07:28:37,16,476,Olive Way & Terry Ave,0.0,0.0
2023-10-13,421,South,24112,19856.0,06:55:00,06:55:26,06:55:26,0,3001,Marysville at Cedar and Grove Park & Ride Bay 2,2.0,0.0
2023-10-13,421,South,24112,19856.0,,06:57:19,06:57:19,1,2490,10th St & Ash Ave,0.0,0.0
2023-10-13,421,South,24112,19856.0,06:57:00,06:58:06,06:58:49,2,2517,Marysville Ash Ave Park & Ride Bay 1,4.0,0.0
2023-10-13,421,South,24112,19856.0,,07:00:36,07:00:36,3,2465,4th St & Beach Ave,0.0,0.0
2023-10-13,421,South,24112,19856.0,07:01:00,07:02:29,07:02:29,4,1397,I-5 & Marine Dr NE Flyer Stop,0.0,0.0
2023-10-13,421,South,24112,19856.0,07:27:00,07:24:45,07:25:44,7,2543,Lynnwood Transit Center Bay D4,4.0,0.0
2023-10-13,421,South,24112,19856.0,07:56:00,07:47:39,07:48:04,10,2290,5th Ave & Jefferson St,0.0,5.0
2023-10-13,421,South,24112,19856.0,,07:51:32,07:51:32,11,635,4th Ave S & S Washington St,0.0,0.0
2023-10-13,421,South,24112,19856.0,,07:52:14,07:52:14,12,2638,4th Ave & Cherry St,0.0,0.0
2023-10-13,421,South,24112,19856.0,,07:52:55,07:53:21,13,641,4th Ave & Seneca St,0.0,3.0
2023-10-13,421,South,24112,19856.0,08:07:00,07:54:55,07:55:53,14,2976,4th Ave & Pine St,0.0,2.0
2023-10-13,421,South,24112,19856.0,,07:56:46,07:56:46,15,473,Olive Way & 6th Ave,0.0,0.0
2023-10-13,421,South,24112,19856.0,08:16:00,07:59:13,07:59:13,16,476,Olive Way & Terry Ave,0.0,0.0
2023-10-13,421,South,24113,19855.0,07:30:00,07:30:23,07:30:23,0,3001,Marysville at Cedar and Grove Park & Ride Bay 2,5.0,0.0
2023-10-13,421,South,24113,19855.0,,07:32:22,07:32:22,1,2490,10th St & Ash Ave,0.0,0.0
2023-10-13,421,South,24113,19855.0,07:32:00,07:33:09,07:33:21,2,2517,Marysville Ash Ave Park & Ride Bay 1,0.0,0.0
2023-10-13,421,South,24113,19855.0,,07:35:50,07:35:50,3,2465,4th St & Beach Ave,0.0,0.0
2023-10-13,421,South,24113,19855.0,07:35:00,07:36:52,07:37:11,4,1397,I-5 & Marine Dr NE Flyer Stop,1.0,0.0
2023-10-13,421,South,24113,19855.0,08:01:00,08:01:10,08:02:50,7,2543,Lynnwood Transit Center Bay D4,11.0,2.0
2023-10-13,421,South,24113,19855.0,08:30:00,08:23:40,08:24:29,10,2290,5th Ave & Jefferson St,1.0,4.0
2023-10-13,421,South,24113,19855.0,,08:26:41,08:26:58,11,635,4th Ave S & S Washington St,0.0,1.0
2023-10-13,421,South,24113,19855.0,,08:28:15,08:28:29,12,2638,4th Ave & Cherry St,0.0,1.0
2023-10-13,421,South,24113,19855.0,,08:30:05,08:30:25,13,641,4th Ave & Seneca St,0.0,4.0
2023-10-13,421,South,24113,19855.0,08:41:00,08:32:12,08:32:40,14,2976,4th Ave & Pine St,0.0,5.0
2023-10-13,421,South,24113,19855.0,,08:34:25,08:35:26,15,473,Olive Way & 6th Ave,0.0,1.0
2023-10-13,421,South,24113,19855.0,08:50:00,08:37:30,08:37:30,16,476,Olive Way & Terry Ave,0.0,0.0
2023-10-16,421,North,24102,91907.0,14:35:00,14:35:36,14:35:36,0,1909,Stewart St & 9th Ave,1.0,0.0
2023-10-16,421,North,24102,91907.0,,14:36:15,14:36:15,1,1908,Stewart St & 7th Ave,0.0,0.0
2023-10-16,421,North,24102,91907.0,,14:37:55,14:39:09,2,1907,Stewart St & 4th Ave,2.0,0.0
2023-10-16,421,North,24102,91907.0,,14:40:15,14:40:15,3,1079,2nd Ave & Stewart St,0.0,0.0
2023-10-16,421,North,24102,91907.0,14:41:00,14:41:28,14:42:11,4,2909,2nd Ave & Seneca St,5.0,0.0
2023-10-16,421,North,24102,91907.0,,14:43:05,14:43:46,5,2631,2nd Ave & Cherry St,4.0,0.0
2023-10-16,421,North,24102,91907.0,,14:47:03,14:47:32,6,546,Terrace St & 5th Ave,2.0,0.0
2023-10-16,421,North,24102,91907.0,14:49:00,14:49:07,14:50:26,7,685,5th Ave & James St,9.0,0.0
2023-10-16,421,North,24102,91907.0,15:16:00,15:08:32,15:08:59,10,2115,Lynnwood Transit Center Bay A2,0.0,13.0
2023-10-16,421,North,24102,91907.0,,15:37:20,15:37:38,14,2490,10th St & Ash Ave,0.0,1.0
2023-10-16,421,North,24102,91907.0,15:57:00,15:38:36,15:39:06,15,2517,Marysville Ash Ave Park & Ride Bay 1,0.0,4.0
2023-10-16,421,North,24102,91907.0,16:04:00,15:41:58,15:41:58,16,419,Marysville at Cedar and Grove Park & Ride Bay 4,0.0,5.0
2023-10-16,421,North,24103,19856.0,15:15:00,15:17:55,15:17:55,0,1909,Stewart St & 9th Ave,0.0,0.0
2023-10-16,421,North,24103,19856.0,,,,1,1908,Stewart St & 7th Ave,,
2023-10-16,421,North,24103,19856.0,,15:20:11,15:20:22,2,1907,Stewart St & 4th Ave,0.0,0.0
2023-10-16,421,North,24103,19856.0,,15:21:53,15:22:07,3,1079,2nd Ave & Stewart St,1.0,0.0
2023-10-16,421,North,24103,19856.0,15:21:00,15:23:34,15:24:10,4,2909,2nd Ave & Seneca St,1.0,0.0
2023-10-16,421,North,24103,19856.0,,15:25:34,15:25:44,5,2631,2nd Ave & Cherry St,0.0,0.0
2023-10-16,421,North,24103,19856.0,,15:29:00,15:29:27,6,546,Terrace St & 5th Ave,2.0,0.0
2023-10-16,421,North,24103,19856.0,15:29:00,15:31:11,15:32:26,7,685,5th Ave & James St,5.0,0.0
2023-10-16,421,North,24103,19856.0,16:00:00,15:52:22,15:52:57,10,2115,Lynnwood Transit Center Bay A2,1.0,6.0
2023-10-16,421,North,24103,19856.0,,16:22:35,16:22:35,14,2490,10th St & Ash Ave,0.0,0.0
2023-10-16,421,North,24103,19856.0,16:41:00,16:23:21,16:23:41,15,2517,Marysville Ash Ave Park & Ride Bay 1,0.0,1.0
2023-10-16,421,North,24103,19856.0,16:49:00,16:26:58,16:26:58,16,419,Marysville at Cedar and Grove Park & Ride Bay 4,0.0,3.0
2023-10-16,421,North,24104,19854.0,15:35:00,15:35:43,15:35:43,0,1909,Stewart St & 9th Ave,0.0,0.0
2023-10-16,421,North,24104,19854.0,,15:36:14,15:36:49,1,1908,Stewart St & 7th Ave,1.0,0.0
2023-10-16,421,North,24104,19854.0,,15:37:59,15:38:22,2,1907,Stewart St & 4th Ave,1.0,0.0
2023-10-16,421,North,24104,19854.0,,15:40:02,15:40:08,3,1079,2nd Ave & Stewart St,0.0,0.0
2023-10-16,421,North,24104,19854.0,15:41:00,15:42:25,15:42:32,4,2909,2nd Ave & Seneca St,3.0,0.0
2023-10-16,421,North,24104,19854.0,,15:43:53,15:44:19,5,2631,2nd Ave & Cherry St,3.0,0.0
2023-10-16,421,North,24104,19854.0,,15:47:11,15:47:32,6,546,Terrace St & 5th Ave,2.0,0.0
2023-10-16,421,North,24104,19854.0,15:49:00,15:49:23,15:49:57,7,685,5th Ave & James St,5.0,0.0
2023-10-16,421,North,24104,19854.0,16:20:00,16:08:48,16:09:18,10,2115,Lynnwood Transit Center Bay A2,0.0,9.0
2023-10-16,421,North,24104,19854.0,,,,14,2490,10th St & Ash Ave,,
2023-10-16,421,North,24104,19854.0,17:01:00,16:39:28,16:39:46,15,2517,Marysville Ash Ave Park & Ride Bay 1,0.0,1.0
2023-10-16,421,North,24104,19854.0,17:14:00,16:42:14,16:42:14,16,419,Marysville at Cedar and Grove Park & Ride Bay 4,0.0,5.0
2023-10-16,421,North,24105,15814.0,16:10:00,16:12:05,16:12:05,0,1909,Stewart St & 9th Ave,0.0,0.0
2023-10-16,421,North,24105,15814.0,,16:13:13,16:13:44,1,1908,Stewart St & 7th Ave,1.0,0.0
2023-10-16,421,North,24105,15814.0,,16:15:42,16:16:01,2,1907,Stewart St & 4th Ave,0.0,0.0
2023-10-16,421,North,24105,15814.0,,16:17:26,16:17:53,3,1079,2nd Ave & Stewart St,4.0,0.0
2023-10-16,421,North,24105,15814.0,16:16:00,16:20:30,16:20:59,4,2909,2nd Ave & Seneca St,4.0,0.0
2023-10-16,421,North,24105,15814.0,,16:22:16,16:22:43,5,2631,2nd Ave & Cherry St,2.0,0.0
2023-10-16,421,North,24105,15814.0,,16:26:03,16:26:36,6,546,Terrace St & 5th Ave,5.0,0.0
2023-10-16,421,North,24105,15814.0,16:24:00,16:28:14,16:29:26,7,685,5th Ave & James St,10.0,0.0
2023-10-16,421,North,24105,15814.0,16:56:00,16:48:36,16:49:21,10,2115,Lynnwood Transit Center Bay A2,0.0,15.0
2023-10-16,421,North,24105,15814.0,,17:17:53,17:18:10,14,2490,10th St & Ash Ave,0.0,2.0
2023-10-16,421,North,24105,15814.0,17:37:00,17:19:10,17:19:41,15,2517,Marysville Ash Ave Park & Ride Bay 1,0.0,2.0
2023-10-16,421,North,24105,15814.0,17:49:00,17:22:32,17:22:32,16,419,Marysville at Cedar and Grove Park & Ride Bay 4,0.0,7.0
2023-10-16,421,North,24106,19824.0,16:30:00,16:30:09,16:30:09,0,1909,Stewart St & 9th Ave,0.0,0.0
2023-10-16,421,North,24106,19824.0,,16:31:22,16:31:37,1,1908,Stewart St & 7th Ave,0.0,0.0
2023-10-16,421,North,24106,19824.0,,16:33:39,16:34:03,2,1907,Stewart St & 4th Ave,2.0,0.0
2023-10-16,421,North,24106,19824.0,,16:35:33,16:35:57,3,1079,2nd Ave & Stewart St,1.0,0.0
2023-10-16,421,North,24106,19824.0,16:37:00,16:38:06,16:39:18,4,2909,2nd Ave & Seneca St,4.0,0.0
2023-10-16,421,North,24106,19824.0,,16:40:21,16:41:07,5,2631,2nd Ave & Cherry St,3.0,0.0
2023-10-16,421,North,24106,19824.0,,16:44:10,16:44:32,6,546,Terrace St & 5th Ave,1.0,0.0
2023-10-16,421,North,24106,19824.0,16:45:00,16:46:18,16:47:33,7,685,5th Ave & James St,5.0,0.0
2023-10-16,421,North,24106,19824.0,17:17:00,17:07:40,17:08:49,10,2115,Lynnwood Transit Center Bay A2,0.0,13.0
2023-10-16,421,North,24106,19824.0,,17:35:27,17:35:57,14,2490,10th St & Ash Ave,0.0,0.0
2023-10-16,421,North,24106,19824.0,17:58:00,17:37:09,17:38:08,15,2517,Marysville Ash Ave Park & Ride Bay 1,0.0,1.0
2023-10-16,421,North,24106,19824.0,18:08:00,17:41:37,17:41:37,16,419,Marysville at Cedar and Grove Park & Ride Bay 4,0.0,2.0
2023-10-16,421,North,24107,19814.0,17:35:00,17:36:22,17:36:22,0,1909,Stewart St & 9th Ave,2.0,0.0
2023-10-16,421,North,24107,19814.0,,17:37:08,17:37:26,1,1908,Stewart St & 7th Ave,1.0,0.0
2023-10-16,421,North,24107,19814.0,,17:39:32,17:39:42,2,1907,Stewart St & 4th Ave,0.0,0.0
2023-10-16,421,North,24107,19814.0,,17:41:30,17:41:41,3,1079,2nd Ave & Stewart St,0.0,0.0
2023-10-16,421,North,24107,19814.0,17:42:00,17:43:29,17:43:58,4,2909,2nd Ave & Seneca St,3.0,0.0
2023-10-16,421,North,24107,19814.0,,17:45:00,17:45:40,5,2631,2nd Ave & Cherry St,1.0,0.0
2023-10-16,421,North,24107,19814.0,,17:48:43,17:49:05,6,546,Terrace St & 5th Ave,2.0,0.0
2023-10-16,421,North,24107,19814.0,17:50:00,17:50:39,17:50:54,7,685,5th Ave & James St,1.0,0.0
2023-10-16,421,North,24107,19814.0,18:18:00,18:09:20,18:09:32,10,2115,Lynnwood Transit Center Bay A2,0.0,1.0
2023-10-16,421,North,24107,19814.0,,18:33:42,18:33:42,14,2490,10th St & Ash Ave,0.0,0.0
2023-10-16,421,North,24107,19814.0,18:53:00,18:34:18,18:34:39,15,2517,Marysville Ash Ave Park & Ride Bay 1,0.0,3.0
2023-10-16,421,North,24107,19814.0,18:59:00,18:37:06,18:37:06,16,419,Marysville at Cedar and Grove Park & Ride Bay 4,0.0,6.0
2023-10-16,421,South,24108,19823.0,04:35:00,04:35:13,04:35:13,0,3001,Marysville at Cedar and Grove Park & Ride Bay 2,5.0,0.0
2023-10-16,421,South,24108,19823.0,,04:36:50,04:36:50,1,2490,10th St & Ash Ave,0.0,0.0
2023-10-16,421,South,24108,19823.0,04:37:00,04:37:29,04:37:53,2,2517,Marysville Ash Ave Park & Ride Bay 1,1.0,0.0
2023-10-16,421,South,24108,19823.0,,04:39:25,04:39:25,3,2465,4th St & Beach Ave,0.0,0.0
2023-10-16,421,South,24108,19823.0,04:39:00,04:40:04,04:40:04,4,1397,I-5 & Marine Dr NE Flyer Stop,0.0,0.0
2023-10-16,421,South,24108,19823.0,05:00:00,04:59:32,05:00:54,7,2543,Lynnwood Transit Center Bay D4,17.0,1.0
2023-10-16,421,South,24108,19823.0,05:20:00,05:17:32,05:17:57,10,2290,5th Ave & Jefferson St,0.0,12.0
2023-10-16,421,South,24108,19823.0,,05:19:44,05:20:00,11,635,4th Ave S & S Washington St,0.0,3.0
2023-10-16,421,South,24108,19823.0,,05:21:18,05:21:33,12,2638,4th Ave & Cherry St,0.0,1.0
2023-10-16,421,South,24108,19823.0,,05:22:57,05:23:37,13,641,4th Ave & Seneca St,0.0,4.0
2023-10-16,421,South,24108,19823.0,05:28:00,05:24:30,05:24:51,14,2976,4th Ave & Pine St,0.0,1.0
2023-10-16,421,South,24108,19823.0,,05:25:57,05:26:42,15,473,Olive Way & 6th Ave,0.0,1.0
2023-10-16,421,South,24108,19823.0,05:31:00,05:27:32,05:27:32,16,476,Olive Way & Terry Ave,0.0,0.0
2023-10-16,421,South,24109,15818.0,05:10:00,05:10:11,05:10:11,0,3001,Marysville at Cedar and Grove Park & Ride Bay 2,8.0,0.0
2023-10-16,421,South,24109,15818.0,,05:11:33,05:11:51,1,2490,10th St & Ash Ave,1.0,0.0
2023-10-16,421,South,24109,15818.0,05:12:00,05:12:41,05:13:18,2,2517,Marysville Ash Ave Park & Ride Bay 1,4.0,0.0
2023-10-16,421,South,24109,15818.0,,05:14:36,05:15:14,3,2465,4th St & Beach Ave,1.0,0.0
2023-10-16,421,South,24109,15818.0,05:14:00,05:16:19,05:16:19,4,1397,I-5 & Marine Dr NE Flyer Stop,0.0,0.0
2023-10-16,421,South,24109,15818.0,05:36:00,05:35:39,05:37:02,7,2543,Lynnwood Transit Center Bay D4,13.0,0.0
2023-10-16,421,South,24109,15818.0,05:57:00,05:53:38,05:54:15,10,2290,5th Ave & Jefferson St,0.0,14.0
2023-10-16,421,South,24109,15818.0,,05:55:56,05:56:09,11,635,4th Ave S & S Washington St,0.0,4.0
2023-10-16,421,South,24109,15818.0,,05:57:23,05:57:42,12,2638,4th Ave & Cherry St,0.0,3.0
2023-10-16,421,South,24109,15818.0,,05:58:56,05:59:25,13,641,4th Ave & Seneca St,0.0,3.0
2023-10-16,421,South,24109,15818.0,06:05:00,06:00:15,06:00:55,14,2976,4th Ave & Pine St,0.0,3.0
2023-10-16,421,South,24109,15818.0,,06:04:01,06:04:01,15,473,Olive Way & 6th Ave,0.0,0.0
2023-10-16,421,South,24109,15818.0,06:11:00,06:11:20,06:11:20,16,476,Olive Way & Terry Ave,0.0,0.0
2023-10-16,421,South,24110,15807.0,05:45:00,05:45:18,05:45:18,0,3001,Marysville at Cedar and Grove Park & Ride Bay 2,11.0,0.0
2023-10-16,421,South,24110,15807.0,,05:47:13,05:47:13,1,2490,10th St & Ash Ave,0.0,0.0
2023-10-16,421,South,24110,15807.0,05:47:00,05:47:59,05:48:32,2,2517,Marysville Ash Ave Park & Ride Bay 1,4.0,0.0
2023-10-16,421,South,24110,15807.0,,05:51:00,05:51:00,3,2465,4th St & Beach Ave,0.0,0.0
2023-10-16,421,South,24110,15807.0,05:51:00,05:52:50,05:52:59,4,1397,I-5 & Marine Dr NE Flyer Stop,0.0,0.0
2023-10-16,421,South,24110,15807.0,06:13:00,06:15:54,06:16:52,7,2543,Lynnwood Transit Center Bay D4,9.0,5.0
2023-10-16,421,South,24110,15807.0,06:37:00,06:35:32,06:35:59,10,2290,5th Ave & Jefferson St,0.0,10.0
2023-10-16,421,South,24110,15807.0,,06:39:54,06:40:14,11,635,4th Ave S & S Washington St,0.0,1.0
2023-10-16,421,South,24110,15807.0,,06:41:39,06:42:01,12,2638,4th Ave & Cherry St,0.0,3.0
2023-10-16,421,South,24110,15807.0,,06:43:30,06:43:50,13,641,4th Ave & Seneca St,0.0,4.0
2023-10-16,421,South,24110,15807.0,06:46:00,06:45:27,06:45:27,14,2976,4th Ave & Pine St,0.0,0.0
2023-10-16,421,South,24110,15807.0,,06:46:20,06:47:27,15,473,Olive Way & 6th Ave,0.0,1.0
2023-10-16,421,South,24110,15807.0,06:52:00,06:48:15,06:48:15,16,476,Olive Way & Terry Ave,0.0,0.0
2023-10-16,421,South,24111,19812.0,06:20:00,06:26:40,06:26:40,0,3001,Marysville at Cedar and Grove Park & Ride Bay 2,0.0,0.0
2023-10-16,421,South,24111,19812.0,,06:28:14,06:28:14,1,2490,10th St & Ash Ave,0.0,0.0
2023-10-16,421,South,24111,19812.0,06:22:00,06:28:48,06:29:25,2,2517,Marysville Ash Ave Park & Ride Bay 1,1.0,0.0
2023-10-16,421,South,24111,19812.0,,06:31:11,06:31:11,3,2465,4th St & Beach Ave,0.0,0.0
2023-10-16,421,South,24111,19812.0,06:26:00,06:31:49,06:31:49,4,1397,I-5 & Marine Dr NE Flyer Stop,0.0,0.0
2023-10-16,421,South,24111,19812.0,06:52:00,06:54:01,06:55:55,7,2543,Lynnwood Transit Center Bay D4,15.0,0.0
2023-10-16,421,South,24111,19812.0,07:18:00,07:16:06,07:16:28,10,2290,5th Ave & Jefferson St,0.0,8.0
2023-10-16,421,South,24111,19812.0,,07:19:06,07:19:17,11,635,4th Ave S & S Washington St,0.0,0.0
2023-10-16,421,South,24111,19812.0,,07:20:44,07:21:10,12,2638,4th Ave & Cherry St,0.0,3.0
2023-10-16,421,South,24111,19812.0,,07:22:49,07:23:46,13,641,4th Ave & Seneca St,0.0,3.0
2023-10-16,421,South,24111,19812.0,07:29:00,07:25:00,07:25:27,14,2976,4th Ave & Pine St,0.0,2.0
2023-10-16,421,South,24111,19812.0,,07:28:15,07:28:15,15,473,Olive Way & 6th Ave,0.0,0.0
2023-10-16,421,South,24111,19812.0,07:38:00,07:30:38,07:30:38,16,476,Olive Way & Terry Ave,0.0,0.0
2023-10-16,421,South,24112,15804.0,06:55:00,06:55:28,06:55:28,0,3001,Marysville at Cedar and Grove Park & Ride Bay 2,5.0,0.0
2023-10-16,421,South,24112,15804.0,,06:57:16,06:57:16,1,2490,10th St & Ash Ave,0.0,0.0
2023-10-16,421,South,24112,15804.0,06:57:00,06:58:00,06:58:35,2,2517,Marysville Ash Ave Park & Ride Bay 1,4.0,1.0
2023-10-16,421,South,24112,15804.0,,07:00:47,07:00:47,3,2465,4th St & Beach Ave,0.0,0.0
2023-10-16,421,South,24112,15804.0,07:01:00,07:01:44,07:01:58,4,1397,I-5 & Marine Dr NE Flyer Stop,1.0,0.0
2023-10-16,421,South,24112,15804.0,07:27:00,07:24:01,07:27:15,7,2543,Lynnwood Transit Center Bay D4,5.0,0.0
2023-10-16,421,South,24112,15804.0,07:56:00,07:50:37,07:51:11,10,2290,5th Ave & Jefferson St,0.0,6.0
2023-10-16,421,South,24112,15804.0,,07:54:49,07:54:49,11,635,4th Ave S & S Washington St,0.0,0.0
2023-10-16,421,South,24112,15804.0,,07:56:19,07:56:39,12,2638,4th Ave & Cherry St,0.0,2.0
2023-10-16,421,South,24112,15804.0,,07:58:29,07:58:51,13,641,4th Ave & Seneca St,0.0,3.0
2023-10-16,421,South,24112,15804.0,08:07:00,08:00:49,08:01:48,14,2976,4th Ave & Pine St,0.0,2.0
2023-10-16,421,South,24112,15804.0,,08:02:48,08:03:56,15,473,Olive Way & 6th Ave,0.0,1.0
2023-10-16,421,South,24112,15804.0,08:16:00,08:06:02,08:06:02,16,476,Olive Way & Terry Ave,0.0,0.0
2023-10-16,421,South,24113,15818.0,07:30:00,07:31:00,07:31:00,0,3001,Marysville at Cedar and Grove Park & Ride Bay 2,8.0,0.0
2023-10-16,421,South,24113,15818.0,,07:32:40,07:32:40,1,2490,10th St & Ash Ave,0.0,0.0
2023-10-16,421,South,24113,15818.0,07:32:00,07:33:22,07:33:22,2,2517,Marysville Ash Ave Park & Ride Bay 1,0.0,0.0
2023-10-16,421,South,24113,15818.0,,07:34:44,07:34:44,3,2465,4th St & Beach Ave,0.0,0.0
2023-10-16,421,South,24113,15818.0,07:35:00,07:35:56,07:35:56,4,1397,I-5 & Marine Dr NE Flyer Stop,0.0,0.0
2023-10-16,421,South,24113,15818.0,08:01:00,07:57:40,07:59:48,7,2543,Lynnwood Transit Center Bay D4,32.0,1.0
2023-10-16,421,South,24113,15818.0,08:30:00,08:23:44,08:24:25,10,2290,5th Ave & Jefferson St,0.0,14.0
2023-10-16,421,South,24113,15818.0,,08:26:37,08:27:00,11,635,4th Ave S & S Washington St,0.0,2.0
2023-10-16,421,South,24113,15818.0,,08:28:34,08:28:48,12,2638,4th Ave & Cherry St,0.0,2.0
2023-10-16,421,South,24113,15818.0,,08:30:25,08:31:22,13,641,4th Ave & Seneca St,0.0,6.0
2023-10-16,421,South,24113,15818.0,08:41:00,08:32:33,08:33:24,14,2976,4th Ave & Pine St,0.0,8.0
2023-10-16,421,South,24113,15818.0,,08:35:47,08:36:49,15,473,Olive Way & 6th Ave,0.0,5.0
2023-10-16,421,South,24113,15818.0,08:50:00,08:38:59,08:38:59,16,476,Olive Way & Terry Ave,0.0,2.0
2023-10-17,421,North,24102,15814.0,14:35:00,14:35:10,14:35:10,0,1909,Stewart St & 9th Ave,2.0,0.0
2023-10-17,421,North,24102,15814.0,,14:36:04,14:36:22,1,1908,Stewart St & 7th Ave,1.0,0.0
2023-10-17,421,North,24102,15814.0,,14:38:13,14:38:33,2,1907,Stewart St & 4th Ave,1.0,0.0
2023-10-17,421,North,24102,15814.0,,14:39:48,14:40:17,3,1079,2nd Ave & Stewart St,2.0,0.0
2023-10-17,421,North,24102,15814.0,14:41:00,14:42:26,14:43:00,4,2909,2nd Ave & Seneca St,5.0,0.0
2023-10-17,421,North,24102,15814.0,,14:44:32,14:45:16,5,2631,2nd Ave & Cherry St,8.0,0.0
2023-10-17,421,North,24102,15814.0,,14:48:43,14:49:42,6,546,Terrace St & 5th Ave,9.0,0.0
2023-10-17,421,North,24102,15814.0,14:49:00,14:50:38,14:52:06,7,685,5th Ave & James St,9.0,0.0
2023-10-17,421,North,24102,15814.0,15:16:00,15:11:21,15:12:14,10,2115,Lynnwood Transit Center Bay A2,0.0,22.0
2023-10-17,421,North,24102,15814.0,,15:42:19,15:42:41,14,2490,10th St & Ash Ave,0.0,1.0
2023-10-17,421,North,24102,15814.0,15:57:00,15:43:35,15:44:16,15,2517,Marysville Ash Ave Park & Ride Bay 1,0.0,6.0
2023-10-17,421,North,24102,15814.0,16:04:00,15:46:43,15:46:43,16,419,Marysville at Cedar and Grove Park & Ride Bay 4,0.0,8.0
2023-10-17,421,North,24103,19856.0,15:15:00,15:18:04,15:18:04,0,1909,Stewart St & 9th Ave,4.0,0.0
2023-10-17,421,North,24103,19856.0,,,,1,1908,Stewart St & 7th Ave,,
2023-10-17,421,North,24103,19856.0,,15:20:45,15:21:29,2,1907,Stewart St & 4th Ave,1.0,0.0
2023-10-17,421,North,24103,19856.0,,15:23:22,15:23:46,3,1079,2nd Ave & Stewart St,1.0,0.0
2023-10-17,421,North,24103,19856.0,15:21:00,15:26:01,15:26:23,4,2909,2nd Ave & Seneca St,1.0,0.0
2023-10-17,421,North,24103,19856.0,,15:28:40,15:29:38,5,2631,2nd Ave & Cherry St,2.0,0.0
2023-10-17,421,North,24103,19856.0,,15:32:08,15:32:34,6,546,Terrace St & 5th Ave,1.0,0.0
2023-10-17,421,North,24103,19856.0,15:29:00,15:34:10,15:35:16,7,685,5th Ave & James St,5.0,0.0
2023-10-17,421,North,24103,19856.0,16:00:00,16:03:02,16:03:25,10,2115,Lynnwood Transit Center Bay A2,0.0,4.0
2023-10-17,421,North,24103,19856.0,,16:39:25,16:39:45,14,2490,10th St & Ash Ave,0.0,2.0
2023-10-17,421,North,24103,19856.0,16:41:00,16:40:51,16:41:19,15,2517,Marysville Ash Ave Park & Ride Bay 1,0.0,5.0
2023-10-17,421,North,24103,19856.0,16:49:00,16:44:21,16:44:21,16,419,Marysville at Cedar and Grove Park & Ride Bay 4,0.0,4.0
2023-10-17,421,North,24104,15811.0,15:35:00,15:36:05,15:36:05,0,1909,Stewart St & 9th Ave,0.0,0.0
2023-10-17,421,North,24104,15811.0,,15:37:09,15:37:25,1,1908,Stewart St & 7th Ave,1.0,0.0
2023-10-17,421,North,24104,15811.0,,15:39:27,15:39:42,2,1907,Stewart St & 4th Ave,0.0,0.0
2023-10-17,421,North,24104,15811.0,,15:41:18,15:41:36,3,1079,2nd Ave & Stewart St,1.0,0.0
2023-10-17,421,North,24104,15811.0,15:41:00,15:43:56,15:44:11,4,2909,2nd Ave & Seneca St,1.0,1.0
2023-10-17,421,North,24104,15811.0,,15:45:22,15:45:39,5,2631,2nd Ave & Cherry St,1.0,0.0
2023-10-17,421,North,24104,15811.0,,15:47:23,15:47:43,6,546,Terrace St & 5th Ave,1.0,0.0
2023-10-17,421,North,24104,15811.0,15:49:00,15:49:16,15:50:32,7,685,5th Ave & James St,5.0,0.0
2023-10-17,421,North,24104,15811.0,16:20:00,16:22:00,16:22:30,10,2115,Lynnwood Transit Center Bay A2,0.0,9.0
2023-10-17,421,North,24104,15811.0,,16:57:08,16:57:19,14,2490,10th St & Ash Ave,0.0,0.0
2023-10-17,421,North,24104,15811.0,17:01:00,16:58:19,16:58:38,15,2517,Marysville Ash Ave Park & Ride Bay 1,0.0,0.0
2023-10-17,421,North,24104,15811.0,17:14:00,17:01:34,17:01:34,16,419,Marysville at Cedar and Grove Park & Ride Bay 4,0.0,0.0
2023-10-17,421,North,24105,15818.0,16:10:00,16:16:03,16:16:03,0,1909,Stewart St & 9th Ave,3.0,0.0
2023-10-17,421,North,24105,15818.0,,16:16:59,16:17:30,1,1908,Stewart St & 7th Ave,1.0,0.0
2023-10-17,421,North,24105,15818.0,,16:18:41,16:19:04,2,1907,Stewart St & 4th Ave,0.0,0.0
2023-10-17,421,North,24105,15818.0,,16:20:32,16:20:57,3,1079,2nd Ave & Stewart St,2.0,0.0
2023-10-17,421,North,24105,15818.0,16:16:00,16:23:07,16:23:45,4,2909,2nd Ave & Seneca St,8.0,0.0
2023-10-17,421,North,24105,15818.0,,16:26:49,16:27:42,5,2631,2nd Ave & Cherry St,2.0,0.0
2023-10-17,421,North,24105,15818.0,,16:31:25,16:31:55,6,546,Terrace St & 5th Ave,2.0,0.0
2023-10-17,421,North,24105,15818.0,16:24:00,16:32:46,16:34:00,7,685,5th Ave & James St,10.0,0.0
2023-10-17,421,North,24105,15818.0,16:56:00,17:05:46,17:06:38,10,2115,Lynnwood Transit Center Bay A2,1.0,19.0
2023-10-17,421,North,24105,15818.0,,17:39:08,17:39:30,14,2490,10th St & Ash Ave,0.0,1.0
2023-10-17,421,North,24105,15818.0,17:37:00,17:40:37,17:41:04,15,2517,Marysville Ash Ave Park & Ride Bay 1,0.0,2.0
2023-10-17,421,North,24105,15818.0,17:49:00,17:43:59,17:43:59,16,419,Marysville at Cedar and Grove Park & Ride Bay 4,0.0,7.0
2023-10-17,421,North,24106,19818.0,16:30:00,16:30:23,16:30:23,0,1909,Stewart St & 9th Ave,1.0,0.0
2023-10-17,421,North,24106,19818.0,,16:31:47,16:32:16,1,1908,Stewart St & 7th Ave,2.0,0.0
2023-10-17,421,North,24106,19818.0,,16:35:07,16:35:32,2,1907,Stewart St & 4th Ave,1.0,0.0
2023-10-17,421,North,24106,19818.0,,16:37:11,16:37:37,3,1079,2nd Ave & Stewart St,1.0,1.0
2023-10-17,421,North,24106,19818.0,16:37:00,16:41:02,16:41:43,4,2909,2nd Ave & Seneca St,4.0,0.0
2023-10-17,421,North,24106,19818.0,,16:43:16,16:44:20,5,2631,2nd Ave & Cherry St,2.0,0.0
2023-10-17,421,North,24106,19818.0,,16:47:17,16:47:45,6,546,Terrace St & 5th Ave,1.0,0.0
2023-10-17,421,North,24106,19818.0,16:45:00,16:49:17,16:50:28,7,685,5th Ave & James St,5.0,0.0
2023-10-17,421,North,24106,19818.0,17:17:00,17:24:31,17:25:24,10,2115,Lynnwood Transit Center Bay A2,0.0,11.0
2023-10-17,421,North,24106,19818.0,,17:54:58,17:55:11,14,2490,10th St & Ash Ave,0.0,0.0
2023-10-17,421,North,24106,19818.0,17:58:00,17:56:19,17:56:39,15,2517,Marysville Ash Ave Park & Ride Bay 1,0.0,2.0
2023-10-17,421,North,24106,19818.0,18:08:00,17:59:53,17:59:53,16,419,Marysville at Cedar and Grove Park & Ride Bay 4,0.0,3.0
2023-10-17,421,North,24107,19813.0,17:35:00,17:35:36,17:35:36,0,1909,Stewart St & 9th Ave,1.0,0.0
2023-10-17,421,North,24107,19813.0,,17:36:10,17:36:50,1,1908,Stewart St & 7th Ave,3.0,0.0
2023-10-17,421,North,24107,19813.0,,17:39:30,17:39:46,2,1907,Stewart St & 4th Ave,0.0,0.0
2023-10-17,421,North,24107,19813.0,,17:41:50,17:42:29,3,1079,2nd Ave & Stewart St,0.0,0.0
2023-10-17,421,North,24107,19813.0,17:42:00,17:44:37,17:45:20,4,2909,2nd Ave & Seneca St,6.0,1.0
2023-10-17,421,North,24107,19813.0,,17:46:23,17:46:55,5,2631,2nd Ave & Cherry St,1.0,1.0
2023-10-17,421,North,24107,19813.0,,17:50:22,17:50:42,6,546,Terrace St & 5th Ave,2.0,0.0
2023-10-17,421,North,24107,19813.0,17:50:00,17:52:09,17:53:26,7,685,5th Ave & James St,3.0,0.0
2023-10-17,421,North,24107,19813.0,18:18:00,18:23:10,18:23:33,10,2115,Lynnwood Transit Center Bay A2,0.0,6.0
2023-10-17,421,North,24107,19813.0,,18:50:32,18:50:32,14,2490,10th St & Ash Ave,0.0,0.0
2023-10-17,421,North,24107,19813.0,18:53:00,18:51:16,18:51:39,15,2517,Marysville Ash Ave Park & Ride Bay 1,0.0,3.0
2023-10-17,421,North,24107,19813.0,18:59:00,18:54:50,18:54:50,16,419,Marysville at Cedar and Grove Park & Ride Bay 4,0.0,5.0
2023-10-17,421,South,24108,19816.0,04:35:00,04:35:13,04:35:13,0,3001,Marysville at Cedar and Grove Park & Ride Bay 2,8.0,0.0
2023-10-17,421,South,24108,19816.0,,04:36:53,04:36:53,1,2490,10th St & Ash Ave,0.0,0.0
2023-10-17,421,South,24108,19816.0,04:37:00,04:37:32,04:37:42,2,2517,Marysville Ash Ave Park & Ride Bay 1,0.0,0.0
2023-10-17,421,South,24108,19816.0,,04:39:23,04:39:23,3,2465,4th St & Beach Ave,0.0,0.0
2023-10-17,421,South,24108,19816.0,04:39:00,04:40:29,04:40:29,4,1397,I-5 & Marine Dr NE Flyer Stop,0.0,0.0
2023-10-17,421,South,24108,19816.0,05:00:00,04:59:41,05:01:20,7,2543,Lynnwood Transit Center Bay D4,14.0,2.0
2023-10-17,421,South,24108,19816.0,05:20:00,05:19:06,05:19:31,10,2290,5th Ave & Jefferson St,0.0,8.0
2023-10-17,421,South,24108,19816.0,,05:22:06,05:22:23,11,635,4th Ave S & S Washington St,0.0,4.0
2023-10-17,421,South,24108,19816.0,,05:23:24,05:23:35,12,2638,4th Ave & Cherry St,0.0,1.0
2023-10-17,421,South,24108,19816.0,,05:24:57,05:25:31,13,641,4th Ave & Seneca St,0.0,2.0
2023-10-17,421,South,24108,19816.0,05:28:00,05:26:24,05:26:53,14,2976,4th Ave & Pine St,0.0,2.0
2023-10-17,421,South,24108,19816.0,,05:28:10,05:28:45,15,473,Olive Way & 6th Ave,0.0,2.0
2023-10-17,421,South,24108,19816.0,05:31:00,05:29:34,05:29:34,16,476,Olive Way & Terry Ave,0.0,1.0
2023-10-17,421,South,24109,17852.0,05:10:00,05:10:28,05:10:28,0,3001,Marysville at Cedar and Grove Park & Ride Bay 2,7.0,0.0
2023-10-17,421,South,24109,17852.0,,05:11:53,05:12:20,1,2490,10th St & Ash Ave,1.0,0.0
2023-10-17,421,South,24109,17852.0,05:12:00,05:13:10,05:13:44,2,2517,Marysville Ash Ave Park & Ride Bay 1,4.0,0.0
2023-10-17,421,South,24109,17852.0,,05:15:11,05:15:11,3,2465,4th St & Beach Ave,0.0,0.0
2023-10-17,421,South,24109,17852.0,05:14:00,05:16:09,05:16:09,4,1397,I-5 & Marine Dr NE Flyer Stop,0.0,0.0
2023-10-17,421,South,24109,17852.0,05:36:00,05:35:45,05:37:33,7,2543,Lynnwood Transit Center Bay D4,13.0,1.0
2023-10-17,421,South,24109,17852.0,05:57:00,05:55:06,05:55:35,10,2290,5th Ave & Jefferson St,0.0,12.0
2023-10-17,421,South,24109,17852.0,,05:58:12,05:58:12,11,635,4th Ave S & S Washington St,0.0,0.0
2023-10-17,421,South,24109,17852.0,,05:59:23,05:59:35,12,2638,4th Ave & Cherry St,0.0,1.0
2023-10-17,421,South,24109,17852.0,,06:00:54,06:01:17,13,641,4th Ave & Seneca St,0.0,6.0
2023-10-17,421,South,24109,17852.0,06:05:00,06:03:08,06:03:26,14,2976,4th Ave & Pine St,0.0,3.0
2023-10-17,421,South,24109,17852.0,,06:04:15,06:05:26,15,473,Olive Way & 6th Ave,0.0,1.0
2023-10-17,421,South,24109,17852.0,06:11:00,06:06:58,06:06:58,16,476,Olive Way & Terry Ave,0.0,1.0
2023-10-17,421,South,24110,19812.0,05:45:00,05:48:50,05:48:50,0,3001,Marysville at Cedar and Grove Park & Ride Bay 2,9.0,0.0
2023-10-17,421,South,24110,19812.0,,05:49:08,05:49:08,1,2490,10th St & Ash Ave,0.0,0.0
2023-10-17,421,South,24110,19812.0,05:47:00,05:49:51,05:50:11,2,2517,Marysville Ash Ave Park & Ride Bay 1,1.0,0.0
2023-10-17,421,South,24110,19812.0,,05:52:34,05:52:34,3,2465,4th St & Beach Ave,0.0,0.0
2023-10-17,421,South,24110,19812.0,05:51:00,05:53:36,05:53:36,4,1397,I-5 & Marine Dr NE Flyer Stop,0.0,0.0
2023-10-17,421,South,24110,19812.0,06:13:00,06:17:31,06:18:35,7,2543,Lynnwood Transit Center Bay D4,14.0,2.0
2023-10-17,421,South,24110,19812.0,06:37:00,06:37:04,06:37:04,10,2290,5th Ave & Jefferson St,0.0,13.0
2023-10-17,421,South,24110,19812.0,,06:39:52,06:40:07,11,635,4th Ave S & S Washington St,0.0,1.0
2023-10-17,421,South,24110,19812.0,,06:41:24,06:41:42,12,2638,4th Ave & Cherry St,0.0,5.0
2023-10-17,421,South,24110,19812.0,,06:42:31,06:43:23,13,641,4th Ave & Seneca St,0.0,0.0
2023-10-17,421,South,24110,19812.0,06:46:00,06:44:25,06:44:41,14,2976,4th Ave & Pine St,0.0,1.0
2023-10-17,421,South,24110,19812.0,,06:46:24,06:47:30,15,473,Olive Way & 6th Ave,0.0,2.0
2023-10-17,421,South,24110,19812.0,06:52:00,06:51:59,06:51:59,16,476,Olive Way & Terry Ave,0.0,0.0
2023-10-17,421,South,24111,19822.0,06:20:00,06:21:31,06:21:31,0,3001,Marysville at Cedar and Grove Park & Ride Bay 2,6.0,0.0
2023-10-17,421,South,24111,19822.0,,06:23:23,06:23:23,1,2490,10th St & Ash Ave,0.0,0.0
2023-10-17,421,South,24111,19822.0,06:22:00,06:24:03,06:24:19,2,2517,Marysville Ash Ave Park & Ride Bay 1,0.0,0.0
2023-10-17,421,South,24111,19822.0,,06:27:16,06:27:43,3,2465,4th St & Beach Ave,1.0,0.0
2023-10-17,421,South,24111,19822.0,06:26:00,06:28:34,06:28:34,4,1397,I-5 & Marine Dr NE Flyer Stop,0.0,0.0
2023-10-17,421,South,24111,19822.0,06:52:00,06:53:08,06:56:22,7,2543,Lynnwood Transit Center Bay D4,14.0,2.0
2023-10-17,421,South,24111,19822.0,07:18:00,07:17:44,07:18:07,10,2290,5th Ave & Jefferson St,0.0,8.0
2023-10-17,421,South,24111,19822.0,,07:21:35,07:21:54,11,635,4th Ave S & S Washington St,0.0,2.0
2023-10-17,421,South,24111,19822.0,,07:23:37,07:23:53,12,2638,4th Ave & Cherry St,0.0,4.0
2023-10-17,421,South,24111,19822.0,,07:25:36,07:25:54,13,641,4th Ave & Seneca St,0.0,4.0
2023-10-17,421,South,24111,19822.0,07:29:00,07:27:44,07:27:53,14,2976,4th Ave & Pine St,0.0,0.0
2023-10-17,421,South,24111,19822.0,,07:29:50,07:30:59,15,473,Olive Way & 6th Ave,0.0,0.0
2023-10-17,421,South,24111,19822.0,07:38:00,07:31:46,07:31:46,16,476,Olive Way & Terry Ave,0.0,1.0
2023-10-17,421,South,24112,15807.0,06:55:00,06:57:03,06:57:03,0,3001,Marysville at Cedar and Grove Park & Ride Bay 2,5.0,0.0
2023-10-17,421,South,24112,15807.0,,06:58:44,06:58:44,1,2490,10th St & Ash Ave,0.0,0.0
2023-10-17,421,South,24112,15807.0,06:57:00,06:59:29,07:00:08,2,2517,Marysville Ash Ave Park & Ride Bay 1,6.0,0.0
2023-10-17,421,South,24112,15807.0,,07:01:57,07:02:14,3,2465,4th St & Beach Ave,1.0,0.0
2023-10-17,421,South,24112,15807.0,07:01:00,07:03:22,07:03:38,4,1397,I-5 & Marine Dr NE Flyer Stop,1.0,0.0
2023-10-17,421,South,24112,15807.0,07:27:00,07:31:00,07:32:45,7,2543,Lynnwood Transit Center Bay D4,19.0,0.0
2023-10-17,421,South,24112,15807.0,07:56:00,08:01:07,08:01:43,10,2290,5th Ave & Jefferson St,0.0,19.0
2023-10-17,421,South,24112,15807.0,,08:04:52,08:04:52,11,635,4th Ave S & S Washington St,0.0,0.0
2023-10-17,421,South,24112,15807.0,,08:06:07,08:06:24,12,2638,4th Ave & Cherry St,0.0,1.0
2023-10-17,421,South,24112,15807.0,,08:07:34,08:08:00,13,641,4th Ave & Seneca St,0.0,7.0
2023-10-17,421,South,24112,15807.0,08:07:00,08:09:41,08:10:49,14,2976,4th Ave & Pine St,0.0,5.0
2023-10-17,421,South,24112,15807.0,,08:11:57,08:12:55,15,473,Olive Way & 6th Ave,0.0,0.0
2023-10-17,421,South,24112,15807.0,08:16:00,08:15:08,08:15:08,16,476,Olive Way & Terry Ave,0.0,0.0
2023-10-17,421,South,24113,17852.0,07:30:00,07:31:26,07:31:26,0,3001,Marysville at Cedar and Grove Park & Ride Bay 2,6.0,0.0
2023-10-17,421,South,24113,17852.0,,07:33:10,07:33:10,1,2490,10th St & Ash Ave,0.0,0.0
2023-10-17,421,South,24113,17852.0,07:32:00,07:33:47,07:34:25,2,2517,Marysville Ash Ave Park & Ride Bay 1,6.0,0.0
2023-10-17,421,South,24113,17852.0,,07:36:15,07:36:15,3,2465,4th St & Beach Ave,0.0,0.0
2023-10-17,421,South,24113,17852.0,07:35:00,07:37:16,07:37:16,4,1397,I-5 & Marine Dr NE Flyer Stop,0.0,0.0
2023-10-17,421,South,24113,17852.0,08:01:00,08:05:15,08:06:28,7,2543,Lynnwood Transit Center Bay D4,23.0,0.0
2023-10-17,421,South,24113,17852.0,08:30:00,08:32:36,08:33:06,10,2290,5th Ave & Jefferson St,0.0,10.0
2023-10-17,421,South,24113,17852.0,,08:36:51,08:37:14,11,635,4th Ave S & S Washington St,1.0,2.0
2023-10-17,421,South,24113,17852.0,,08:38:44,08:38:44,12,2638,4th Ave & Cherry St,0.0,0.0
2023-10-17,421,South,24113,17852.0,,08:39:31,08:40:19,13,641,4th Ave & Seneca St,0.0,15.0
2023-10-17,421,South,24113,17852.0,08:41:00,08:41:16,08:41:43,14,2976,4th Ave & Pine St,0.0,3.0
2023-10-17,421,South,24113,17852.0,,08:43:15,08:44:27,15,473,Olive Way & 6th Ave,0.0,2.0
2023-10-17,421,South,24113,17852.0,08:50:00,08:46:27,08:46:27,16,476,Olive Way & Terry Ave,0.0,4.0
2023-10-18,421,North,24102,17863.0,14:35:00,14:35:38,14:35:38,0,1909,Stewart St & 9th Ave,2.0,0.0
2023-10-18,421,North,24102,17863.0,,14:37:06,14:37:06,1,1908,Stewart St & 7th Ave,1.0,0.0
2023-10-18,421,North,24102,17863.0,,14:38:01,14:38:22,2,1907,Stewart St & 4th Ave,1.0,0.0
2023-10-18,421,North,24102,17863.0,,14:40:01,14:40:52,3,1079,2nd Ave & Stewart St,1.0,0.0
2023-10-18,421,North,24102,17863.0,14:41:00,14:42:57,14:43:47,4,2909,2nd Ave & Seneca St,5.0,0.0
2023-10-18,421,North,24102,17863.0,,14:44:41,14:45:23,5,2631,2nd Ave & Cherry St,7.0,1.0
2023-10-18,421,North,24102,17863.0,,14:48:26,14:49:07,6,546,Terrace St & 5th Ave,6.0,1.0
2023-10-18,421,North,24102,17863.0,14:49:00,14:50:35,14:51:56,7,685,5th Ave & James St,9.0,0.0
2023-10-18,421,North,24102,17863.0,15:16:00,15:14:06,15:14:59,10,2115,Lynnwood Transit Center Bay A2,0.0,20.0
2023-10-18,421,North,24102,17863.0,,15:51:39,15:51:54,14,2490,10th St & Ash Ave,0.0,2.0
2023-10-18,421,North,24102,17863.0,15:57:00,15:52:49,15:53:19,15,2517,Marysville Ash Ave Park & Ride Bay 1,0.0,3.0
2023-10-18,421,North,24102,17863.0,16:04:00,15:56:04,15:56:04,16,419,Marysville at Cedar and Grove Park & Ride Bay 4,0.0,5.0
2023-10-18,421,North,24103,17864.0,15:15:00,15:18:16,15:18:16,0,1909,Stewart St & 9th Ave,4.0,0.0
2023-10-18,421,North,24103,17864.0,,,,1,1908,Stewart St & 7th Ave,,
2023-10-18,421,North,24103,17864.0,,15:20:06,15:20:32,2,1907,Stewart St & 4th Ave,2.0,0.0
2023-10-18,421,North,24103,17864.0,,15:21:56,15:22:07,3,1079,2nd Ave & Stewart St,0.0,0.0
2023-10-18,421,North,24103,17864.0,15:21:00,15:24:30,15:24:55,4,2909,2nd Ave & Seneca St,1.0,0.0
2023-10-18,421,North,24103,17864.0,,15:26:37,15:27:40,5,2631,2nd Ave & Cherry St,1.0,0.0
2023-10-18,421,North,24103,17864.0,,15:30:37,15:31:12,6,546,Terrace St & 5th Ave,2.0,0.0
2023-10-18,421,North,24103,17864.0,15:29:00,15:32:40,15:33:11,7,685,5th Ave & James St,3.0,0.0
2023-10-18,421,North,24103,17864.0,16:00:00,15:58:39,15:59:24,10,2115,Lynnwood Transit Center Bay A2,0.0,2.0
2023-10-18,421,North,24103,17864.0,,16:34:33,16:34:33,14,2490,10th St & Ash Ave,0.0,0.0
2023-10-18,421,North,24103,17864.0,16:41:00,16:35:16,16:35:52,15,2517,Marysville Ash Ave Park & Ride Bay 1,0.0,4.0
2023-10-18,421,North,24103,17864.0,16:49:00,16:39:06,16:39:06,16,419,Marysville at Cedar and Grove Park & Ride Bay 4,0.0,7.0
2023-10-18,421,North,24104,17857.0,15:35:00,15:35:39,15:35:39,0,1909,Stewart St & 9th Ave,1.0,0.0
2023-10-18,421,North,24104,17857.0,,15:36:14,15:36:55,1,1908,Stewart St & 7th Ave,2.0,0.0
2023-10-18,421,North,24104,17857.0,,15:38:04,15:39:19,2,1907,Stewart St & 4th Ave,1.0,0.0
2023-10-18,421,North,24104,17857.0,,15:40:51,15:40:57,3,1079,2nd Ave & Stewart St,0.0,0.0
2023-10-18,421,North,24104,17857.0,15:41:00,15:44:13,15:45:19,4,2909,2nd Ave & Seneca St,5.0,0.0
2023-10-18,421,North,24104,17857.0,,15:46:31,15:46:55,5,2631,2nd Ave & Cherry St,1.0,0.0
2023-10-18,421,North,24104,17857.0,,15:50:14,15:50:39,6,546,Terrace St & 5th Ave,1.0,0.0
2023-10-18,421,North,24104,17857.0,15:49:00,15:52:16,15:53:29,7,685,5th Ave & James St,12.0,0.0
2023-10-18,421,North,24104,17857.0,16:20:00,16:17:43,16:18:23,10,2115,Lynnwood Transit Center Bay A2,1.0,16.0
2023-10-18,421,North,24104,17857.0,,16:51:31,16:51:31,14,2490,10th St & Ash Ave,0.0,0.0
2023-10-18,421,North,24104,17857.0,17:01:00,16:52:13,16:52:37,15,2517,Marysville Ash Ave Park & Ride Bay 1,0.0,2.0
2023-10-18,421,North,24104,17857.0,17:14:00,16:55:15,16:55:15,16,419,Marysville at Cedar and Grove Park & Ride Bay 4,0.0,6.0
2023-10-18,421,North,24105,19851.0,16:10:00,16:15:22,16:15:22,0,1909,Stewart St & 9th Ave,1.0,0.0
2023-10-18,421,North,24105,19851.0,,16:16:16,16:16:59,1,1908,Stewart St & 7th Ave,0.0,0.0
2023-10-18,421,North,24105,19851.0,,16:18:42,16:19:12,2,1907,Stewart St & 4th Ave,1.0,0.0
2023-10-18,421,North,24105,19851.0,,16:20:37,16:20:58,3,1079,2nd Ave & Stewart St,1.0,0.0
2023-10-18,421,North,24105,19851.0,16:16:00,16:24:29,16:24:57,4,2909,2nd Ave & Seneca St,6.0,0.0
2023-10-18,421,North,24105,19851.0,,16:26:33,16:27:13,5,2631,2nd Ave & Cherry St,5.0,0.0
2023-10-18,421,North,24105,19851.0,,16:30:50,16:31:20,6,546,Terrace St & 5th Ave,5.0,0.0
2023-10-18,421,North,24105,19851.0,16:24:00,16:32:41,16:33:59,7,685,5th Ave & James St,14.0,0.0
2023-10-18,421,North,24105,19851.0,16:56:00,17:03:23,17:04:23,10,2115,Lynnwood Transit Center Bay A2,1.0,21.0
2023-10-18,421,North,24105,19851.0,,17:37:35,17:37:55,14,2490,10th St & Ash Ave,0.0,1.0
2023-10-18,421,North,24105,19851.0,17:37:00,17:39:01,17:39:37,15,2517,Marysville Ash Ave Park & Ride Bay 1,0.0,3.0
2023-10-18,421,North,24105,19851.0,17:49:00,17:42:35,17:42:35,16,419,Marysville at Cedar and Grove Park & Ride Bay 4,0.0,9.0
2023-10-18,421,North,24106,15814.0,16:30:00,16:32:31,16:32:31,0,1909,Stewart St & 9th Ave,1.0,0.0
2023-10-18,421,North,24106,15814.0,,16:34:17,16:34:50,1,1908,Stewart St & 7th Ave,1.0,0.0
2023-10-18,421,North,24106,15814.0,,16:36:46,16:37:17,2,1907,Stewart St & 4th Ave,1.0,0.0
2023-10-18,421,North,24106,15814.0,,16:38:37,16:39:07,3,1079,2nd Ave & Stewart St,1.0,0.0
2023-10-18,421,North,24106,15814.0,16:37:00,16:42:37,16:43:22,4,2909,2nd Ave & Seneca St,7.0,0.0
2023-10-18,421,North,24106,15814.0,,16:45:06,16:45:50,5,2631,2nd Ave & Cherry St,5.0,0.0
2023-10-18,421,North,24106,15814.0,,16:49:02,16:49:32,6,546,Terrace St & 5th Ave,1.0,0.0
2023-10-18,421,North,24106,15814.0,16:45:00,16:50:53,16:52:02,7,685,5th Ave & James St,12.0,0.0
2023-10-18,421,North,24106,15814.0,17:17:00,17:21:42,17:23:19,10,2115,Lynnwood Transit Center Bay A2,0.0,22.0
2023-10-18,421,North,24106,15814.0,,17:55:58,17:56:15,14,2490,10th St & Ash Ave,0.0,0.0
2023-10-18,421,North,24106,15814.0,17:58:00,17:57:20,17:57:55,15,2517,Marysville Ash Ave Park & Ride Bay 1,0.0,3.0
2023-10-18,421,North,24106,15814.0,18:08:00,18:01:22,18:01:22,16,419,Marysville at Cedar and Grove Park & Ride Bay 4,0.0,4.0
2023-10-18,421,North,24107,19816.0,17:35:00,17:39:00,17:39:00,0,1909,Stewart St & 9th Ave,0.0,0.0
2023-10-18,421,North,24107,19816.0,,17:40:09,17:40:25,1,1908,Stewart St & 7th Ave,1.0,0.0
2023-10-18,421,North,24107,19816.0,,17:43:54,17:44:11,2,1907,Stewart St & 4th Ave,1.0,0.0
2023-10-18,421,North,24107,19816.0,,17:45:57,17:46:20,3,1079,2nd Ave & Stewart St,4.0,0.0
2023-10-18,421,North,24107,19816.0,17:42:00,17:48:28,17:48:45,4,2909,2nd Ave & Seneca St,2.0,0.0
2023-10-18,421,North,24107,19816.0,,17:50:23,17:50:41,5,2631,2nd Ave & Cherry St,1.0,3.0
2023-10-18,421,North,24107,19816.0,,17:53:04,17:53:33,6,546,Terrace St & 5th Ave,2.0,0.0
2023-10-18,421,North,24107,19816.0,17:50:00,17:55:11,17:56:26,7,685,5th Ave & James St,3.0,0.0
2023-10-18,421,North,24107,19816.0,18:18:00,18:21:12,18:21:43,10,2115,Lynnwood Transit Center Bay A2,0.0,4.0
2023-10-18,421,North,24107,19816.0,,18:50:02,18:50:13,14,2490,10th St & Ash Ave,0.0,0.0
2023-10-18,421,North,24107,19816.0,18:53:00,18:51:19,18:51:53,15,2517,Marysville Ash Ave Park & Ride Bay 1,0.0,1.0
2023-10-18,421,North,24107,19816.0,18:59:00,18:55:06,18:55:06,16,419,Marysville at Cedar and Grove Park & Ride Bay 4,0.0,6.0
2023-10-18,421,South,24108,19816.0,04:35:00,04:35:09,04:35:09,0,3001,Marysville at Cedar and Grove Park & Ride Bay 2,7.0,0.0
2023-10-18,421,South,24108,19816.0,,04:36:36,04:36:53,1,2490,10th St & Ash Ave,1.0,0.0
2023-10-18,421,South,24108,19816.0,04:37:00,04:37:47,04:38:01,2,2517,Marysville Ash Ave Park & Ride Bay 1,0.0,0.0
2023-10-18,421,South,24108,19816.0,,04:39:28,04:39:28,3,2465,4th St & Beach Ave,0.0,0.0
2023-10-18,421,South,24108,19816.0,04:39:00,04:40:04,04:40:04,4,1397,I-5 & Marine Dr NE Flyer Stop,0.0,0.0
2023-10-18,421,South,24108,19816.0,05:00:00,04:59:48,05:00:50,7,2543,Lynnwood Transit Center Bay D4,14.0,0.0
2023-10-18,421,South,24108,19816.0,05:20:00,05:17:38,05:18:05,10,2290,5th Ave & Jefferson St,0.0,10.0
2023-10-18,421,South,24108,19816.0,,05:19:44,05:20:03,11,635,4th Ave S & S Washington St,0.0,5.0
2023-10-18,421,South,24108,19816.0,,05:21:23,05:21:37,12,2638,4th Ave & Cherry St,0.0,0.0
2023-10-18,421,South,24108,19816.0,,05:22:56,05:23:36,13,641,4th Ave & Seneca St,0.0,3.0
2023-10-18,421,South,24108,19816.0,05:28:00,05:24:32,05:24:55,14,2976,4th Ave & Pine St,0.0,2.0
2023-10-18,421,South,24108,19816.0,,05:26:01,05:26:45,15,473,Olive Way & 6th Ave,0.0,2.0
2023-10-18,421,South,24108,19816.0,05:31:00,05:27:33,05:27:33,16,476,Olive Way & Terry Ave,0.0,0.0
2023-10-18,421,South,24109,17858.0,05:10:00,05:10:12,05:10:12,0,3001,Marysville at Cedar and Grove Park & Ride Bay 2,2.0,0.0
2023-10-18,421,South,24109,17858.0,,05:11:40,05:11:59,1,2490,10th St & Ash Ave,1.0,0.0
2023-10-18,421,South,24109,17858.0,05:12:00,05:12:48,05:13:35,2,2517,Marysville Ash Ave Park & Ride Bay 1,2.0,0.0
2023-10-18,421,South,24109,17858.0,,05:15:01,05:15:01,3,2465,4th St & Beach Ave,0.0,0.0
2023-10-18,421,South,24109,17858.0,05:14:00,05:15:57,05:16:16,4,1397,I-5 & Marine Dr NE Flyer Stop,1.0,0.0
2023-10-18,421,South,24109,17858.0,05:36:00,05:35:55,05:36:59,7,2543,Lynnwood Transit Center Bay D4,14.0,0.0
2023-10-18,421,South,24109,17858.0,05:57:00,05:55:06,05:55:36,10,2290,5th Ave & Jefferson St,0.0,12.0
2023-10-18,421,South,24109,17858.0,,05:58:13,05:58:13,11,635,4th Ave S & S Washington St,0.0,0.0
2023-10-18,421,South,24109,17858.0,,05:59:22,05:59:38,12,2638,4th Ave & Cherry St,0.0,2.0
2023-10-18,421,South,24109,17858.0,,06:00:53,06:01:15,13,641,4th Ave & Seneca St,0.0,3.0
2023-10-18,421,South,24109,17858.0,06:05:00,06:03:05,06:03:21,14,2976,4th Ave & Pine St,0.0,2.0
2023-10-18,421,South,24109,17858.0,,06:04:13,06:05:27,15,473,Olive Way & 6th Ave,0.0,1.0
2023-10-18,421,South,24109,17858.0,06:11:00,06:11:16,06:11:16,16,476,Olive Way & Terry Ave,0.0,0.0
2023-10-18,421,South,24110,17857.0,05:45:00,05:45:30,05:45:30,0,3001,Marysville at Cedar and Grove Park & Ride Bay 2,12.0,0.0
2023-10-18,421,South,24110,17857.0,,05:47:28,05:47:28,1,2490,10th St & Ash Ave,0.0,0.0
2023-10-18,421,South,24110,17857.0,05:47:00,05:48:13,05:49:24,2,2517,Marysville Ash Ave Park & Ride Bay 1,7.0,0.0
2023-10-18,421,South,24110,17857.0,,05:52:50,05:52:50,3,2465,4th St & Beach Ave,0.0,0.0
2023-10-18,421,South,24110,17857.0,05:51:00,05:53:40,05:53:40,4,1397,I-5 & Marine Dr NE Flyer Stop,0.0,0.0
2023-10-18,421,South,24110,17857.0,06:13:00,06:18:35,06:20:24,7,2543,Lynnwood Transit Center Bay D4,13.0,3.0
2023-10-18,421,South,24110,17857.0,06:37:00,06:43:13,06:43:49,10,2290,5th Ave & Jefferson St,0.0,13.0
2023-10-18,421,South,24110,17857.0,,06:46:30,06:47:10,11,635,4th Ave S & S Washington St,1.0,3.0
2023-10-18,421,South,24110,17857.0,,06:48:00,06:48:28,12,2638,4th Ave & Cherry St,0.0,7.0
2023-10-18,421,South,24110,17857.0,,06:49:25,06:49:50,13,641,4th Ave & Seneca St,0.0,3.0
2023-10-18,421,South,24110,17857.0,06:46:00,06:51:35,06:52:48,14,2976,4th Ave & Pine St,0.0,3.0
2023-10-18,421,South,24110,17857.0,,06:53:46,06:53:46,15,473,Olive Way & 6th Ave,0.0,0.0
2023-10-18,421,South,24110,17857.0,06:52:00,06:55:19,06:55:19,16,476,Olive Way & Terry Ave,0.0,1.0
2023-10-18,421,South,24111,19810.0,06:20:00,06:21:14,06:21:14,0,3001,Marysville at Cedar and Grove Park & Ride Bay 2,1.0,0.0
2023-10-18,421,South,24111,19810.0,,06:23:09,06:23:09,1,2490,10th St & Ash Ave,0.0,0.0
2023-10-18,421,South,24111,19810.0,06:22:00,06:23:50,06:24:53,2,2517,Marysville Ash Ave Park & Ride Bay 1,2.0,1.0
2023-10-18,421,South,24111,19810.0,,06:27:44,06:27:44,3,2465,4th St & Beach Ave,0.0,0.0
2023-10-18,421,South,24111,19810.0,06:26:00,06:29:01,06:29:01,4,1397,I-5 & Marine Dr NE Flyer Stop,0.0,0.0
2023-10-18,421,South,24111,19810.0,06:52:00,06:57:21,06:58:23,7,2543,Lynnwood Transit Center Bay D4,16.0,0.0
2023-10-18,421,South,24111,19810.0,07:18:00,07:20:43,07:21:33,10,2290,5th Ave & Jefferson St,0.0,8.0
2023-10-18,421,South,24111,19810.0,,07:24:51,07:25:14,11,635,4th Ave S & S Washington St,0.0,2.0
2023-10-18,421,South,24111,19810.0,,07:26:31,07:26:50,12,2638,4th Ave & Cherry St,0.0,4.0
2023-10-18,421,South,24111,19810.0,,07:28:34,07:29:00,13,641,4th Ave & Seneca St,0.0,2.0
2023-10-18,421,South,24111,19810.0,07:29:00,07:30:46,07:31:01,14,2976,4th Ave & Pine St,0.0,2.0
2023-10-18,421,South,24111,19810.0,,07:32:52,07:34:04,15,473,Olive Way & 6th Ave,0.0,0.0
2023-10-18,421,South,24111,19810.0,07:38:00,07:36:06,07:36:06,16,476,Olive Way & Terry Ave,0.0,0.0
2023-10-18,421,South,24112,19851.0,06:55:00,06:55:26,06:55:26,0,3001,Marysville at Cedar and Grove Park & Ride Bay 2,7.0,0.0
2023-10-18,421,South,24112,19851.0,,06:57:13,06:57:13,1,2490,10th St & Ash Ave,0.0,0.0
2023-10-18,421,South,24112,19851.0,06:57:00,06:57:58,06:58:38,2,2517,Marysville Ash Ave Park & Ride Bay 1,5.0,0.0
2023-10-18,421,South,24112,19851.0,,07:00:49,07:00:49,3,2465,4th St & Beach Ave,0.0,0.0
2023-10-18,421,South,24112,19851.0,07:01:00,07:02:25,07:02:39,4,1397,I-5 & Marine Dr NE Flyer Stop,1.0,0.0
2023-10-18,421,South,24112,19851.0,07:27:00,07:31:32,07:32:54,7,2543,Lynnwood Transit Center Bay D4,19.0,2.0
2023-10-18,421,South,24112,19851.0,07:56:00,08:01:17,08:01:51,10,2290,5th Ave & Jefferson St,0.0,11.0
2023-10-18,421,South,24112,19851.0,,08:05:04,08:05:04,11,635,4th Ave S & S Washington St,0.0,0.0
2023-10-18,421,South,24112,19851.0,,08:06:50,08:07:19,12,2638,4th Ave & Cherry St,0.0,3.0
2023-10-18,421,South,24112,19851.0,,08:09:05,08:10:21,13,641,4th Ave & Seneca St,0.0,7.0
2023-10-18,421,South,24112,19851.0,08:07:00,08:11:27,08:12:25,14,2976,4th Ave & Pine St,0.0,5.0
2023-10-18,421,South,24112,19851.0,,08:14:48,08:15:56,15,473,Olive Way & 6th Ave,0.0,3.0
2023-10-18,421,South,24112,19851.0,08:16:00,08:17:56,08:17:56,16,476,Olive Way & Terry Ave,0.0,1.0
2023-10-18,421,South,24113,17858.0,07:30:00,07:31:02,07:31:02,0,3001,Marysville at Cedar and Grove Park & Ride Bay 2,6.0,0.0
2023-10-18,421,South,24113,17858.0,,07:32:41,07:32:41,1,2490,10th St & Ash Ave,0.0,0.0
2023-10-18,421,South,24113,17858.0,07:32:00,07:33:20,07:33:20,2,2517,Marysville Ash Ave Park & Ride Bay 1,0.0,0.0
2023-10-18,421,South,24113,17858.0,,07:35:27,07:35:27,3,2465,4th St & Beach Ave,0.0,0.0
2023-10-18,421,South,24113,17858.0,07:35:00,07:37:29,07:37:29,4,1397,I-5 & Marine Dr NE Flyer Stop,0.0,0.0
2023-10-18,421,South,24113,17858.0,08:01:00,08:07:26,08:08:39,7,2543,Lynnwood Transit Center Bay D4,22.0,0.0
2023-10-18,421,South,24113,17858.0,08:30:00,08:37:07,08:37:49,10,2290,5th Ave & Jefferson St,0.0,15.0
2023-10-18,421,South,24113,17858.0,,08:40:27,08:40:41,11,635,4th Ave S & S Washington St,0.0,1.0
2023-10-18,421,South,24113,17858.0,,08:42:00,08:42:24,12,2638,4th Ave & Cherry St,0.0,2.0
2023-10-18,421,South,24113,17858.0,,08:43:38,08:44:03,13,641,4th Ave & Seneca St,0.0,7.0
2023-10-18,421,South,24113,17858.0,08:41:00,08:45:45,08:45:45,14,2976,4th Ave & Pine St,0.0,0.0
2023-10-18,421,South,24113,17858.0,,08:46:29,08:47:28,15,473,Olive Way & 6th Ave,0.0,2.0
2023-10-18,421,South,24113,17858.0,08:50:00,08:49:26,08:49:26,16,476,Olive Way & Terry Ave,0.0,1.0
2023-10-19,421,North,24102,15805.0,14:35:00,14:37:46,14:37:46,0,1909,Stewart St & 9th Ave,2.0,0.0
2023-10-19,421,North,24102,15805.0,,14:38:37,14:39:02,1,1908,Stewart St & 7th Ave,2.0,0.0
2023-10-19,421,North,24102,15805.0,,14:41:01,14:41:23,2,1907,Stewart St & 4th Ave,1.0,0.0
2023-10-19,421,North,24102,15805.0,,14:42:53,14:43:31,3,1079,2nd Ave & Stewart St,3.0,0.0
2023-10-19,421,North,24102,15805.0,14:41:00,14:45:29,14:46:06,4,2909,2nd Ave & Seneca St,3.0,0.0
2023-10-19,421,North,24102,15805.0,,14:47:25,14:47:52,5,2631,2nd Ave & Cherry St,3.0,0.0
2023-10-19,421,North,24102,15805.0,,14:49:52,14:50:21,6,546,Terrace St & 5th Ave,2.0,0.0
2023-10-19,421,North,24102,15805.0,14:49:00,14:52:06,14:55:03,7,685,5th Ave & James St,7.0,2.0
2023-10-19,421,North,24102,15805.0,15:16:00,15:13:35,15:14:13,10,2115,Lynnwood Transit Center Bay A2,0.0,10.0
2023-10-19,421,North,24102,15805.0,,15:44:55,15:45:14,14,2490,10th St & Ash Ave,0.0,1.0
2023-10-19,421,North,24102,15805.0,15:57:00,15:46:10,15:46:41,15,2517,Marysville Ash Ave Park & Ride Bay 1,0.0,4.0
2023-10-19,421,North,24102,15805.0,16:04:00,15:49:36,15:49:36,16,419,Marysville at Cedar and Grove Park & Ride Bay 4,0.0,6.0
2023-10-19,421,North,24103,15813.0,15:15:00,15:16:49,15:16:49,0,1909,Stewart St & 9th Ave,2.0,0.0
2023-10-19,421,North,24103,15813.0,,,,1,1908,Stewart St & 7th Ave,,
2023-10-19,421,North,24103,15813.0,,15:18:38,15:19:51,2,1907,Stewart St & 4th Ave,3.0,0.0
2023-10-19,421,North,24103,15813.0,,15:20:43,15:21:12,3,1079,2nd Ave & Stewart St,1.0,0.0
2023-10-19,421,North,24103,15813.0,15:21:00,15:24:29,15:24:40,4,2909,2nd Ave & Seneca St,0.0,0.0
2023-10-19,421,North,24103,15813.0,,15:25:44,15:26:44,5,2631,2nd Ave & Cherry St,3.0,0.0
2023-10-19,421,North,24103,15813.0,,15:33:43,15:33:54,6,546,Terrace St & 5th Ave,0.0,0.0
2023-10-19,421,North,24103,15813.0,15:29:00,15:35:39,15:36:58,7,685,5th Ave & James St,4.0,0.0
2023-10-19,421,North,24103,15813.0,16:00:00,16:00:38,16:01:02,10,2115,Lynnwood Transit Center Bay A2,0.0,3.0
2023-10-19,421,North,24103,15813.0,,16:33:03,16:33:03,14,2490,10th St & Ash Ave,0.0,0.0
2023-10-19,421,North,24103,15813.0,16:41:00,16:33:47,16:34:25,15,2517,Marysville Ash Ave Park & Ride Bay 1,0.0,4.0
2023-10-19,421,North,24103,15813.0,16:49:00,16:37:29,16:37:29,16,419,Marysville at Cedar and Grove Park & Ride Bay 4,0.0,6.0
2023-10-19,421,North,24104,17863.0,15:35:00,15:35:16,15:35:16,0,1909,Stewart St & 9th Ave,0.0,0.0
2023-10-19,421,North,24104,17863.0,,15:36:10,15:36:36,1,1908,Stewart St & 7th Ave,1.0,0.0
2023-10-19,421,North,24104,17863.0,,15:38:03,15:38:16,2,1907,Stewart St & 4th Ave,0.0,0.0
2023-10-19,421,North,24104,17863.0,,15:40:04,15:40:12,3,1079,2nd Ave & Stewart St,0.0,0.0
2023-10-19,421,North,24104,17863.0,15:41:00,15:42:30,15:43:01,4,2909,2nd Ave & Seneca St,3.0,0.0
2023-10-19,421,North,24104,17863.0,,15:44:39,15:45:00,5,2631,2nd Ave & Cherry St,3.0,0.0
2023-10-19,421,North,24104,17863.0,,15:48:38,15:49:04,6,546,Terrace St & 5th Ave,3.0,0.0
2023-10-19,421,North,24104,17863.0,15:49:00,15:50:36,15:50:50,7,685,5th Ave & James St,1.0,0.0
2023-10-19,421,North,24104,17863.0,16:20:00,16:17:08,16:17:50,10,2115,Lynnwood Transit Center Bay A2,0.0,8.0
2023-10-19,421,North,24104,17863.0,,16:51:20,16:51:20,14,2490,10th St & Ash Ave,0.0,0.0
2023-10-19,421,North,24104,17863.0,17:01:00,16:52:07,16:52:22,15,2517,Marysville Ash Ave Park & Ride Bay 1,0.0,2.0
2023-10-19,421,North,24104,17863.0,17:14:00,16:55:16,16:55:16,16,419,Marysville at Cedar and Grove Park & Ride Bay 4,0.0,1.0
2023-10-19,421,North,24105,19822.0,16:10:00,16:10:58,16:10:58,0,1909,Stewart St & 9th Ave,3.0,0.0
2023-10-19,421,North,24105,19822.0,,16:12:13,16:12:51,1,1908,Stewart St & 7th Ave,2.0,0.0
2023-10-19,421,North,24105,19822.0,,16:15:24,16:15:34,2,1907,Stewart St & 4th Ave,0.0,0.0
2023-10-19,421,North,24105,19822.0,,16:17:34,16:17:34,3,1079,2nd Ave & Stewart St,0.0,0.0
2023-10-19,421,North,24105,19822.0,16:16:00,16:21:22,16:21:54,4,2909,2nd Ave & Seneca St,6.0,0.0
2023-10-19,421,North,24105,19822.0,,16:23:34,16:24:36,5,2631,2nd Ave & Cherry St,4.0,2.0
2023-10-19,421,North,24105,19822.0,,16:27:30,16:28:03,6,546,Terrace St & 5th Ave,2.0,0.0
2023-10-19,421,North,24105,19822.0,16:24:00,16:29:38,16:30:57,7,685,5th Ave & James St,14.0,0.0
2023-10-19,421,North,24105,19822.0,16:56:00,16:54:44,16:55:22,10,2115,Lynnwood Transit Center Bay A2,0.0,17.0
2023-10-19,421,North,24105,19822.0,,17:30:51,17:31:10,14,2490,10th St & Ash Ave,0.0,2.0
2023-10-19,421,North,24105,19822.0,17:37:00,17:32:09,17:32:36,15,2517,Marysville Ash Ave Park & Ride Bay 1,1.0,3.0
2023-10-19,421,North,24105,19822.0,17:49:00,17:35:32,17:35:32,16,419,Marysville at Cedar and Grove Park & Ride Bay 4,0.0,8.0
2023-10-19,421,North,24106,17850.0,16:30:00,16:30:57,16:30:57,0,1909,Stewart St & 9th Ave,1.0,0.0
2023-10-19,421,North,24106,17850.0,,16:32:34,16:33:05,1,1908,Stewart St & 7th Ave,0.0,0.0
2023-10-19,421,North,24106,17850.0,,16:35:05,16:35:56,2,1907,Stewart St & 4th Ave,0.0,0.0
2023-10-19,421,North,24106,17850.0,,16:37:16,16:37:57,3,1079,2nd Ave & Stewart St,2.0,1.0
2023-10-19,421,North,24106,17850.0,16:37:00,16:41:08,16:42:15,4,2909,2nd Ave & Seneca St,4.0,0.0
2023-10-19,421,North,24106,17850.0,,16:43:18,16:44:19,5,2631,2nd Ave & Cherry St,3.0,0.0
2023-10-19,421,North,24106,17850.0,,16:47:11,16:47:57,6,546,Terrace St & 5th Ave,3.0,0.0
2023-10-19,421,North,24106,17850.0,16:45:00,16:49:18,16:50:35,7,685,5th Ave & James St,10.0,0.0
2023-10-19,421,North,24106,17850.0,17:17:00,17:17:42,17:20:46,10,2115,Lynnwood Transit Center Bay A2,0.0,16.0
2023-10-19,421,North,24106,17850.0,,17:55:28,17:55:55,14,2490,10th St & Ash Ave,0.0,2.0
2023-10-19,421,North,24106,17850.0,17:58:00,17:57:08,17:57:52,15,2517,Marysville Ash Ave Park & Ride Bay 1,0.0,0.0
2023-10-19,421,North,24106,17850.0,18:08:00,18:01:08,18:01:08,16,419,Marysville at Cedar and Grove Park & Ride Bay 4,0.0,4.0
2023-10-19,421,North,24107,19813.0,17:35:00,17:55:09,17:55:09,0,1909,Stewart St & 9th Ave,0.0,0.0
2023-10-19,421,North,24107,19813.0,,17:55:44,17:56:23,1,1908,Stewart St & 7th Ave,1.0,0.0
2023-10-19,421,North,24107,19813.0,,17:57:43,17:58:52,2,1907,Stewart St & 4th Ave,1.0,0.0
2023-10-19,421,North,24107,19813.0,,17:59:41,18:00:51,3,1079,2nd Ave & Stewart St,2.0,0.0
2023-10-19,421,North,24107,19813.0,17:42:00,18:03:35,18:04:41,4,2909,2nd Ave & Seneca St,3.0,0.0
2023-10-19,421,North,24107,19813.0,,18:05:56,18:06:37,5,2631,2nd Ave & Cherry St,2.0,0.0
2023-10-19,421,North,24107,19813.0,,18:09:34,18:09:55,6,546,Terrace St & 5th Ave,4.0,0.0
2023-10-19,421,North,24107,19813.0,17:50:00,18:11:44,18:13:05,7,685,5th Ave & James St,5.0,0.0
2023-10-19,421,North,24107,19813.0,18:18:00,18:33:16,18:36:02,10,2115,Lynnwood Transit Center Bay A2,1.0,9.0
2023-10-19,421,North,24107,19813.0,,19:07:41,19:07:41,14,2490,10th St & Ash Ave,0.0,0.0
2023-10-19,421,North,24107,19813.0,18:53:00,19:08:37,19:09:01,15,2517,Marysville Ash Ave Park & Ride Bay 1,0.0,1.0
2023-10-19,421,North,24107,19813.0,18:59:00,19:12:25,19:12:25,16,419,Marysville at Cedar and Grove Park & Ride Bay 4,0.0,9.0
2023-10-19,421,South,24108,19822.0,04:35:00,04:35:09,04:35:09,0,3001,Marysville at Cedar and Grove Park & Ride Bay 2,8.0,0.0
2023-10-19,421,South,24108,19822.0,,04:36:58,04:36:58,1,2490,10th St & Ash Ave,0.0,0.0
2023-10-19,421,South,24108,19822.0,04:37:00,04:37:41,04:38:17,2,2517,Marysville Ash Ave Park & Ride Bay 1,1.0,0.0
2023-10-19,421,South,24108,19822.0,,04:40:12,04:40:12,3,2465,4th St & Beach Ave,0.0,0.0
2023-10-19,421,South,24108,19822.0,04:39:00,04:41:38,04:41:38,4,1397,I-5 & Marine Dr NE Flyer Stop,0.0,0.0
2023-10-19,421,South,24108,19822.0,05:00:00,05:01:23,05:02:48,7,2543,Lynnwood Transit Center Bay D4,16.0,1.0
2023-10-19,421,South,24108,19822.0,05:20:00,05:20:35,05:21:06,10,2290,5th Ave & Jefferson St,0.0,10.0
2023-10-19,421,South,24108,19822.0,,05:23:07,05:23:26,11,635,4th Ave S & S Washington St,0.0,4.0
2023-10-19,421,South,24108,19822.0,,05:24:23,05:24:41,12,2638,4th Ave & Cherry St,0.0,2.0
2023-10-19,421,South,24108,19822.0,,05:25:51,05:26:30,13,641,4th Ave & Seneca St,0.0,3.0
2023-10-19,421,South,24108,19822.0,05:28:00,05:28:02,05:28:47,14,2976,4th Ave & Pine St,0.0,3.0
2023-10-19,421,South,24108,19822.0,,05:29:51,05:30:45,15,473,Olive Way & 6th Ave,0.0,2.0
2023-10-19,421,South,24108,19822.0,05:31:00,05:32:27,05:32:27,16,476,Olive Way & Terry Ave,0.0,0.0
2023-10-19,421,South,24109,17863.0,05:10:00,05:10:25,05:10:25,0,3001,Marysville at Cedar and Grove Park & Ride Bay 2,5.0,0.0
2023-10-19,421,South,24109,17863.0,,05:11:52,05:12:20,1,2490,10th St & Ash Ave,1.0,0.0
2023-10-19,421,South,24109,17863.0,05:12:00,05:13:11,05:13:49,2,2517,Marysville Ash Ave Park & Ride Bay 1,3.0,0.0
2023-10-19,421,South,24109,17863.0,,05:15:17,05:15:17,3,2465,4th St & Beach Ave,0.0,0.0
2023-10-19,421,South,24109,17863.0,05:14:00,05:16:44,05:16:44,4,1397,I-5 & Marine Dr NE Flyer Stop,0.0,0.0
2023-10-19,421,South,24109,17863.0,05:36:00,05:36:02,05:36:59,7,2543,Lynnwood Transit Center Bay D4,11.0,0.0
2023-10-19,421,South,24109,17863.0,05:57:00,05:53:37,05:54:04,10,2290,5th Ave & Jefferson St,0.0,7.0
2023-10-19,421,South,24109,17863.0,,05:55:49,05:56:05,11,635,4th Ave S & S Washington St,0.0,2.0
2023-10-19,421,South,24109,17863.0,,05:57:17,05:57:31,12,2638,4th Ave & Cherry St,0.0,3.0
2023-10-19,421,South,24109,17863.0,,05:58:49,05:59:10,13,641,4th Ave & Seneca St,0.0,3.0
2023-10-19,421,South,24109,17863.0,06:05:00,06:00:20,06:00:46,14,2976,4th Ave & Pine St,0.0,2.0
2023-10-19,421,South,24109,17863.0,,06:02:40,06:03:00,15,473,Olive Way & 6th Ave,0.0,2.0
2023-10-19,421,South,24109,17863.0,06:11:00,06:04:37,06:04:37,16,476,Olive Way & Terry Ave,0.0,1.0
2023-10-19,421,South,24110,19823.0,05:45:00,05:46:45,05:46:45,0,3001,Marysville at Cedar and Grove Park & Ride Bay 2,10.0,0.0
2023-10-19,421,South,24110,19823.0,,05:48:25,05:48:38,1,2490,10th St & Ash Ave,0.0,0.0
2023-10-19,421,South,24110,19823.0,05:47:00,05:49:36,05:49:59,2,2517,Marysville Ash Ave Park & Ride Bay 1,3.0,0.0
2023-10-19,421,South,24110,19823.0,,05:51:41,05:51:54,3,2465,4th St & Beach Ave,0.0,0.0
2023-10-19,421,South,24110,19823.0,05:51:00,05:54:20,05:54:31,4,1397,I-5 & Marine Dr NE Flyer Stop,0.0,0.0
2023-10-19,421,South,24110,19823.0,06:13:00,06:17:10,06:17:58,7,2543,Lynnwood Transit Center Bay D4,9.0,1.0
2023-10-19,421,South,24110,19823.0,06:37:00,06:37:15,06:37:38,10,2290,5th Ave & Jefferson St,0.0,9.0
2023-10-19,421,South,24110,19823.0,,06:39:50,06:40:04,11,635,4th Ave S & S Washington St,0.0,1.0
2023-10-19,421,South,24110,19823.0,,06:41:22,06:41:36,12,2638,4th Ave & Cherry St,0.0,2.0
2023-10-19,421,South,24110,19823.0,,06:42:25,06:43:17,13,641,4th Ave & Seneca St,0.0,6.0
2023-10-19,421,South,24110,19823.0,06:46:00,06:44:18,06:45:15,14,2976,4th Ave & Pine St,0.0,1.0
2023-10-19,421,South,24110,19823.0,,06:46:20,06:47:26,15,473,Olive Way & 6th Ave,0.0,2.0
2023-10-19,421,South,24110,19823.0,06:52:00,06:48:08,06:48:08,16,476,Olive Way & Terry Ave,0.0,0.0
2023-10-19,421,South,24111,19810.0,06:20:00,06:20:42,06:20:42,0,3001,Marysville at Cedar and Grove Park & Ride Bay 2,0.0,0.0
2023-10-19,421,South,24111,19810.0,,06:22:32,06:22:32,1,2490,10th St & Ash Ave,0.0,0.0
2023-10-19,421,South,24111,19810.0,06:22:00,06:23:12,06:23:42,2,2517,Marysville Ash Ave Park & Ride Bay 1,3.0,0.0
2023-10-19,421,South,24111,19810.0,,06:25:26,06:25:26,3,2465,4th St & Beach Ave,0.0,0.0
2023-10-19,421,South,24111,19810.0,06:26:00,06:26:16,06:26:16,4,1397,I-5 & Marine Dr NE Flyer Stop,0.0,0.0
2023-10-19,421,South,24111,19810.0,06:52:00,06:52:06,06:55:21,7,2543,Lynnwood Transit Center Bay D4,11.0,0.0
2023-10-19,421,South,24111,19810.0,07:18:00,07:16:08,07:16:36,10,2290,5th Ave & Jefferson St,0.0,5.0
2023-10-19,421,South,24111,19810.0,,07:19:50,07:20:15,11,635,4th Ave S & S Washington St,0.0,1.0
2023-10-19,421,South,24111,19810.0,,07:21:02,07:21:22,12,2638,4th Ave & Cherry St,0.0,2.0
2023-10-19,421,South,24111,19810.0,,07:22:36,07:22:59,13,641,4th Ave & Seneca St,0.0,3.0
2023-10-19,421,South,24111,19810.0,07:29:00,07:24:41,07:24:57,14,2976,4th Ave & Pine St,0.0,1.0
2023-10-19,421,South,24111,19810.0,,07:26:48,07:28:02,15,473,Olive Way & 6th Ave,0.0,0.0
2023-10-19,421,South,24111,19810.0,07:38:00,07:30:16,07:30:16,16,476,Olive Way & Terry Ave,0.0,2.0
2023-10-19,421,South,24112,15803.0,06:55:00,06:58:08,06:58:08,0,3001,Marysville at Cedar and Grove Park & Ride Bay 2,6.0,0.0
2023-10-19,421,South,24112,15803.0,,07:00:22,07:00:22,1,2490,10th St & Ash Ave,0.0,0.0
2023-10-19,421,South,24112,15803.0,06:57:00,07:01:16,07:02:20,2,2517,Marysville Ash Ave Park & Ride Bay 1,5.0,0.0
2023-10-19,421,South,24112,15803.0,,07:04:36,07:05:28,3,2465,4th St & Beach Ave,1.0,0.0
2023-10-19,421,South,24112,15803.0,07:01:00,07:06:34,07:07:12,4,1397,I-5 & Marine Dr NE Flyer Stop,1.0,0.0
2023-10-19,421,South,24112,15803.0,07:27:00,07:35:50,07:37:38,7,2543,Lynnwood Transit Center Bay D4,18.0,0.0
2023-10-19,421,South,24112,15803.0,07:56:00,08:05:47,08:06:23,10,2290,5th Ave & Jefferson St,0.0,10.0
2023-10-19,421,South,24112,15803.0,,08:10:02,08:10:42,11,635,4th Ave S & S Washington St,0.0,2.0
2023-10-19,421,South,24112,15803.0,,08:13:12,08:13:43,12,2638,4th Ave & Cherry St,0.0,2.0
2023-10-19,421,South,24112,15803.0,,08:15:38,08:16:22,13,641,4th Ave & Seneca St,0.0,9.0
2023-10-19,421,South,24112,15803.0,08:07:00,08:17:34,08:18:20,14,2976,4th Ave & Pine St,0.0,6.0
2023-10-19,421,South,24112,15803.0,,08:19:34,08:20:28,15,473,Olive Way & 6th Ave,0.0,2.0
2023-10-19,421,South,24112,15803.0,08:16:00,08:25:18,08:25:18,16,476,Olive Way & Terry Ave,0.0,0.0
2023-10-19,421,South,24113,17863.0,07:30:00,07:30:44,07:30:44,0,3001,Marysville at Cedar and Grove Park & Ride Bay 2,8.0,0.0
2023-10-19,421,South,24113,17863.0,,07:32:16,07:32:16,1,2490,10th St & Ash Ave,0.0,0.0
2023-10-19,421,South,24113,17863.0,07:32:00,07:32:56,07:33:36,2,2517,Marysville Ash Ave Park & Ride Bay 1,4.0,0.0
2023-10-19,421,South,24113,17863.0,,07:35:45,07:35:45,3,2465,4th St & Beach Ave,0.0,0.0
2023-10-19,421,South,24113,17863.0,07:35:00,07:37:51,07:38:11,4,1397,I-5 & Marine Dr NE Flyer Stop,2.0,0.0
2023-10-19,421,South,24113,17863.0,08:01:00,08:04:36,08:05:59,7,2543,Lynnwood Transit Center Bay D4,17.0,0.0
2023-10-19,421,South,24113,17863.0,08:30:00,08:31:01,08:31:47,10,2290,5th Ave & Jefferson St,0.0,16.0
2023-10-19,421,South,24113,17863.0,,08:36:41,08:36:59,11,635,4th Ave S & S Washington St,0.0,1.0
2023-10-19,421,South,24113,17863.0,,08:38:27,08:38:39,12,2638,4th Ave & Cherry St,0.0,1.0
2023-10-19,421,South,24113,17863.0,,08:39:33,08:40:17,13,641,4th Ave & Seneca St,0.0,7.0
2023-10-19,421,South,24113,17863.0,08:41:00,08:41:31,08:42:04,14,2976,4th Ave & Pine St,0.0,1.0
2023-10-19,421,South,24113,17863.0,,08:43:11,08:44:22,15,473,Olive Way & 6th Ave,0.0,3.0
2023-10-19,421,South,24113,17863.0,08:50:00,08:46:25,08:46:25,16,476,Olive Way & Terry Ave,1.0,3.0
2023-10-20,421,North,24102,91726.0,14:35:00,14:35:35,14:35:35,0,1909,Stewart St & 9th Ave,1.0,0.0
2023-10-20,421,North,24102,91726.0,,14:36:08,14:36:21,1,1908,Stewart St & 7th Ave,0.0,0.0
2023-10-20,421,North,24102,91726.0,,14:39:26,14:39:51,2,1907,Stewart St & 4th Ave,1.0,0.0
2023-10-20,421,North,24102,91726.0,,14:41:41,14:41:53,3,1079,2nd Ave & Stewart St,0.0,0.0
2023-10-20,421,North,24102,91726.0,14:41:00,14:43:56,14:44:26,4,2909,2nd Ave & Seneca St,4.0,0.0
2023-10-20,421,North,24102,91726.0,,14:46:04,14:47:04,5,2631,2nd Ave & Cherry St,6.0,0.0
2023-10-20,421,North,24102,91726.0,,14:50:02,14:50:24,6,546,Terrace St & 5th Ave,2.0,0.0
2023-10-20,421,North,24102,91726.0,14:49:00,14:52:04,14:53:26,7,685,5th Ave & James St,8.0,0.0
2023-10-20,421,North,24102,91726.0,15:16:00,15:16:33,15:17:11,10,2115,Lynnwood Transit Center Bay A2,0.0,17.0
2023-10-20,421,North,24102,91726.0,,16:06:53,16:07:09,14,2490,10th St & Ash Ave,0.0,0.0
2023-10-20,421,North,24102,91726.0,15:57:00,16:08:09,16:08:23,15,2517,Marysville Ash Ave Park & Ride Bay 1,0.0,0.0
2023-10-20,421,North,24102,91726.0,16:04:00,16:11:10,16:11:10,16,419,Marysville at Cedar and Grove Park & Ride Bay 4,0.0,5.0
2023-10-20,421,North,24103,17860.0,15:15:00,15:18:20,15:18:20,0,1909,Stewart St & 9th Ave,1.0,0.0
2023-10-20,421,North,24103,17860.0,,,,1,1908,Stewart St & 7th Ave,,
2023-10-20,421,North,24103,17860.0,,15:20:07,15:20:35,2,1907,Stewart St & 4th Ave,1.0,0.0
2023-10-20,421,North,24103,17860.0,,15:22:04,15:22:18,3,1079,2nd Ave & Stewart St,0.0,0.0
2023-10-20,421,North,24103,17860.0,15:21:00,15:25:00,15:25:16,4,2909,2nd Ave & Seneca St,0.0,0.0
2023-10-20,421,North,24103,17860.0,,15:26:43,15:26:52,5,2631,2nd Ave & Cherry St,0.0,0.0
2023-10-20,421,North,24103,17860.0,,15:29:55,15:30:23,6,546,Terrace St & 5th Ave,0.0,0.0
2023-10-20,421,North,24103,17860.0,15:29:00,15:31:14,15:32:32,7,685,5th Ave & James St,6.0,0.0
2023-10-20,421,North,24103,17860.0,16:00:00,15:57:41,15:58:06,10,2115,Lynnwood Transit Center Bay A2,1.0,1.0
2023-10-20,421,North,24103,17860.0,,16:45:23,16:45:23,14,2490,10th St & Ash Ave,0.0,0.0
2023-10-20,421,North,24103,17860.0,16:41:00,16:46:05,16:47:06,15,2517,Marysville Ash Ave Park & Ride Bay 1,0.0,4.0
2023-10-20,421,North,24103,17860.0,16:49:00,16:50:37,16:50:37,16,419,Marysville at Cedar and Grove Park & Ride Bay 4,0.0,4.0
2023-10-20,421,North,24104,19850.0,15:35:00,15:35:41,15:35:41,0,1909,Stewart St & 9th Ave,1.0,0.0
2023-10-20,421,North,24104,19850.0,,15:36:09,15:36:54,1,1908,Stewart St & 7th Ave,1.0,0.0
2023-10-20,421,North,24104,19850.0,,15:38:20,15:38:31,2,1907,Stewart St & 4th Ave,0.0,0.0
2023-10-20,421,North,24104,19850.0,,15:40:02,15:40:13,3,1079,2nd Ave & Stewart St,0.0,0.0
2023-10-20,421,North,24104,19850.0,15:41:00,15:42:50,15:43:29,4,2909,2nd Ave & Seneca St,1.0,0.0
2023-10-20,421,North,24104,19850.0,,15:44:38,15:45:04,5,2631,2nd Ave & Cherry St,0.0,0.0
2023-10-20,421,North,24104,19850.0,,15:47:22,15:47:45,6,546,Terrace St & 5th Ave,2.0,0.0
2023-10-20,421,North,24104,19850.0,15:49:00,15:49:11,15:50:30,7,685,5th Ave & James St,4.0,0.0
2023-10-20,421,North,24104,19850.0,16:20:00,16:15:19,16:16:41,10,2115,Lynnwood Transit Center Bay A2,0.0,7.0
2023-10-20,421,North,24104,19850.0,,16:59:40,16:59:40,14,2490,10th St & Ash Ave,0.0,0.0
2023-10-20,421,North,24104,19850.0,17:01:00,17:00:21,17:00:28,15,2517,Marysville Ash Ave Park & Ride Bay 1,0.0,0.0
2023-10-20,421,North,24104,19850.0,17:14:00,17:02:57,17:02:57,16,419,Marysville at Cedar and Grove Park & Ride Bay 4,0.0,2.0
2023-10-20,421,North,24105,17861.0,16:10:00,16:11:18,16:11:18,0,1909,Stewart St & 9th Ave,0.0,0.0
2023-10-20,421,North,24105,17861.0,,16:12:17,16:13:00,1,1908,Stewart St & 7th Ave,1.0,0.0
2023-10-20,421,North,24105,17861.0,,16:15:34,16:16:26,2,1907,Stewart St & 4th Ave,1.0,0.0
2023-10-20,421,North,24105,17861.0,,16:17:34,16:18:15,3,1079,2nd Ave & Stewart St,3.0,0.0
2023-10-20,421,North,24105,17861.0,16:16:00,16:21:29,16:21:53,4,2909,2nd Ave & Seneca St,1.0,0.0
2023-10-20,421,North,24105,17861.0,,16:23:34,16:24:36,5,2631,2nd Ave & Cherry St,1.0,0.0
2023-10-20,421,North,24105,17861.0,,16:27:34,16:27:43,6,546,Terrace St & 5th Ave,0.0,0.0
2023-10-20,421,North,24105,17861.0,16:24:00,16:29:38,16:30:57,7,685,5th Ave & James St,6.0,0.0
2023-10-20,421,North,24105,17861.0,16:56:00,16:56:26,16:57:02,10,2115,Lynnwood Transit Center Bay A2,1.0,7.0
2023-10-20,421,North,24105,17861.0,,17:43:40,17:43:40,14,2490,10th St & Ash Ave,0.0,0.0
2023-10-20,421,North,24105,17861.0,17:37:00,17:44:18,17:44:18,15,2517,Marysville Ash Ave Park & Ride Bay 1,0.0,0.0
2023-10-20,421,North,24105,17861.0,17:49:00,17:47:12,17:47:12,16,419,Marysville at Cedar and Grove Park & Ride Bay 4,0.0,7.0
2023-10-20,421,North,24106,15813.0,16:30:00,16:31:10,16:31:10,0,1909,Stewart St & 9th Ave,0.0,0.0
2023-10-20,421,North,24106,15813.0,,16:32:50,16:33:22,1,1908,Stewart St & 7th Ave,2.0,0.0
2023-10-20,421,North,24106,15813.0,,16:36:42,16:37:29,2,1907,Stewart St & 4th Ave,0.0,0.0
2023-10-20,421,North,24106,15813.0,,16:40:04,16:41:54,3,1079,2nd Ave & Stewart St,3.0,2.0
2023-10-20,421,North,24106,15813.0,16:37:00,16:44:26,16:45:06,4,2909,2nd Ave & Seneca St,4.0,0.0
2023-10-20,421,North,24106,15813.0,,16:46:22,16:46:54,5,2631,2nd Ave & Cherry St,1.0,0.0
2023-10-20,421,North,24106,15813.0,,16:49:34,16:50:07,6,546,Terrace St & 5th Ave,2.0,0.0
2023-10-20,421,North,24106,15813.0,16:45:00,16:52:18,16:53:34,7,685,5th Ave & James St,4.0,0.0
2023-10-20,421,North,24106,15813.0,17:17:00,17:19:47,17:21:21,10,2115,Lynnwood Transit Center Bay A2,0.0,12.0
2023-10-20,421,North,24106,15813.0,,18:01:10,18:01:30,14,2490,10th St & Ash Ave,0.0,0.0
2023-10-20,421,North,24106,15813.0,17:58:00,18:02:46,18:03:16,15,2517,Marysville Ash Ave Park & Ride Bay 1,0.0,1.0
2023-10-20,421,North,24106,15813.0,18:08:00,18:06:59,18:06:59,16,419,Marysville at Cedar and Grove Park & Ride Bay 4,0.0,1.0
2023-10-20,421,North,24107,19819.0,17:35:00,17:37:45,17:37:45,0,1909,Stewart St & 9th Ave,0.0,0.0
2023-10-20,421,North,24107,19819.0,,17:38:39,17:39:03,1,1908,Stewart St & 7th Ave,3.0,0.0
2023-10-20,421,North,24107,19819.0,,17:41:08,17:41:26,2,1907,Stewart St & 4th Ave,0.0,0.0
2023-10-20,421,North,24107,19819.0,,17:42:53,17:43:19,3,1079,2nd Ave & Stewart St,4.0,0.0
2023-10-20,421,North,24107,19819.0,17:42:00,17:45:35,17:45:53,4,2909,2nd Ave & Seneca St,1.0,0.0
2023-10-20,421,North,24107,19819.0,,17:47:33,17:47:48,5,2631,2nd Ave & Cherry St,1.0,2.0
2023-10-20,421,North,24107,19819.0,,17:51:48,17:52:03,6,546,Terrace St & 5th Ave,1.0,0.0
2023-10-20,421,North,24107,19819.0,17:50:00,17:53:41,17:54:57,7,685,5th Ave & James St,2.0,0.0
2023-10-20,421,North,24107,19819.0,18:18:00,18:15:44,18:17:32,10,2115,Lynnwood Transit Center Bay A2,0.0,5.0
2023-10-20,421,North,24107,19819.0,,18:47:53,18:47:53,14,2490,10th St & Ash Ave,0.0,0.0
2023-10-20,421,North,24107,19819.0,18:53:00,18:48:46,18:49:02,15,2517,Marysville Ash Ave Park & Ride Bay 1,0.0,0.0
2023-10-20,421,North,24107,19819.0,18:59:00,18:52:24,18:52:24,16,419,Marysville at Cedar and Grove Park & Ride Bay 4,0.0,5.0
2023-10-20,421,South,24108,19815.0,04:35:00,04:35:09,04:35:09,0,3001,Marysville at Cedar and Grove Park & Ride Bay 2,4.0,0.0
2023-10-20,421,South,24108,19815.0,,04:36:46,04:36:46,1,2490,10th St & Ash Ave,0.0,0.0
2023-10-20,421,South,24108,19815.0,04:37:00,04:37:27,04:37:49,2,2517,Marysville Ash Ave Park & Ride Bay 1,1.0,0.0
2023-10-20,421,South,24108,19815.0,,04:39:22,04:39:22,3,2465,4th St & Beach Ave,0.0,0.0
2023-10-20,421,South,24108,19815.0,04:39:00,04:39:54,04:39:54,4,1397,I-5 & Marine Dr NE Flyer Stop,0.0,0.0
2023-10-20,421,South,24108,19815.0,05:00:00,04:59:21,05:00:10,7,2543,Lynnwood Transit Center Bay D4,10.0,0.0
2023-10-20,421,South,24108,19815.0,05:20:00,05:17:35,05:17:59,10,2290,5th Ave & Jefferson St,0.0,6.0
2023-10-20,421,South,24108,19815.0,,05:19:43,05:20:01,11,635,4th Ave S & S Washington St,0.0,3.0
2023-10-20,421,South,24108,19815.0,,05:21:11,05:21:11,12,2638,4th Ave & Cherry St,0.0,0.0
2023-10-20,421,South,24108,19815.0,,05:21:56,05:22:24,13,641,4th Ave & Seneca St,0.0,1.0
2023-10-20,421,South,24108,19815.0,05:28:00,05:23:23,05:23:51,14,2976,4th Ave & Pine St,0.0,3.0
2023-10-20,421,South,24108,19815.0,,05:24:59,05:25:43,15,473,Olive Way & 6th Ave,0.0,2.0
2023-10-20,421,South,24108,19815.0,05:31:00,05:26:31,05:26:31,16,476,Olive Way & Terry Ave,0.0,0.0
2023-10-20,421,South,24109,15816.0,05:10:00,05:10:05,05:10:05,0,3001,Marysville at Cedar and Grove Park & Ride Bay 2,5.0,0.0
2023-10-20,421,South,24109,15816.0,,05:11:45,05:11:45,1,2490,10th St & Ash Ave,0.0,0.0
2023-10-20,421,South,24109,15816.0,05:12:00,05:12:33,05:12:33,2,2517,Marysville Ash Ave Park & Ride Bay 1,0.0,0.0
2023-10-20,421,South,24109,15816.0,,05:13:47,05:13:47,3,2465,4th St & Beach Ave,0.0,0.0
2023-10-20,421,South,24109,15816.0,05:14:00,05:14:49,05:14:49,4,1397,I-5 & Marine Dr NE Flyer Stop,0.0,0.0
2023-10-20,421,South,24109,15816.0,05:36:00,05:33:48,05:37:41,7,2543,Lynnwood Transit Center Bay D4,20.0,1.0
2023-10-20,421,South,24109,15816.0,05:57:00,05:55:06,05:55:28,10,2290,5th Ave & Jefferson St,0.0,9.0
2023-10-20,421,South,24109,15816.0,,05:58:12,05:58:31,11,635,4th Ave S & S Washington St,0.0,3.0
2023-10-20,421,South,24109,15816.0,,05:59:25,05:59:44,12,2638,4th Ave & Cherry St,0.0,3.0
2023-10-20,421,South,24109,15816.0,,06:00:57,06:01:21,13,641,4th Ave & Seneca St,0.0,5.0
2023-10-20,421,South,24109,15816.0,06:05:00,06:03:05,06:03:20,14,2976,4th Ave & Pine St,0.0,1.0
2023-10-20,421,South,24109,15816.0,,06:04:10,06:04:10,15,473,Olive Way & 6th Ave,0.0,0.0
2023-10-20,421,South,24109,15816.0,06:11:00,06:06:52,06:06:52,16,476,Olive Way & Terry Ave,0.0,3.0
2023-10-20,421,South,24110,19825.0,05:45:00,05:45:45,05:45:45,0,3001,Marysville at Cedar and Grove Park & Ride Bay 2,9.0,0.0
2023-10-20,421,South,24110,19825.0,,05:47:50,05:47:50,1,2490,10th St & Ash Ave,0.0,0.0
2023-10-20,421,South,24110,19825.0,05:47:00,05:48:32,05:48:55,2,2517,Marysville Ash Ave Park & Ride Bay 1,1.0,0.0
2023-10-20,421,South,24110,19825.0,,05:50:57,05:50:57,3,2465,4th St & Beach Ave,0.0,0.0
2023-10-20,421,South,24110,19825.0,05:51:00,05:52:46,05:52:46,4,1397,I-5 & Marine Dr NE Flyer Stop,0.0,0.0
2023-10-20,421,South,24110,19825.0,06:13:00,06:13:31,06:14:21,7,2543,Lynnwood Transit Center Bay D4,7.0,1.0
2023-10-20,421,South,24110,19825.0,06:37:00,06:32:36,06:33:03,10,2290,5th Ave & Jefferson St,0.0,8.0
2023-10-20,421,South,24110,19825.0,,06:36:29,06:36:45,11,635,4th Ave S & S Washington St,0.0,1.0
2023-10-20,421,South,24110,19825.0,,06:37:25,06:37:38,12,2638,4th Ave & Cherry St,0.0,1.0
2023-10-20,421,South,24110,19825.0,,06:38:55,06:39:09,13,641,4th Ave & Seneca St,0.0,4.0
2023-10-20,421,South,24110,19825.0,06:46:00,06:39:58,06:40:56,14,2976,4th Ave & Pine St,0.0,1.0
2023-10-20,421,South,24110,19825.0,,06:41:50,06:43:02,15,473,Olive Way & 6th Ave,0.0,1.0
2023-10-20,421,South,24110,19825.0,06:52:00,06:43:48,06:43:48,16,476,Olive Way & Terry Ave,0.0,0.0
2023-10-20,421,South,24111,19817.0,06:20:00,06:21:49,06:21:49,0,3001,Marysville at Cedar and Grove Park & Ride Bay 2,2.0,0.0
2023-10-20,421,South,24111,19817.0,,06:23:40,06:23:40,1,2490,10th St & Ash Ave,0.0,0.0
2023-10-20,421,South,24111,19817.0,06:22:00,06:24:23,06:24:55,2,2517,Marysville Ash Ave Park & Ride Bay 1,2.0,0.0
2023-10-20,421,South,24111,19817.0,,06:26:46,06:26:46,3,2465,4th St & Beach Ave,0.0,0.0
2023-10-20,421,South,24111,19817.0,06:26:00,06:27:55,06:27:55,4,1397,I-5 & Marine Dr NE Flyer Stop,0.0,0.0
2023-10-20,421,South,24111,19817.0,06:52:00,06:47:59,06:52:32,7,2543,Lynnwood Transit Center Bay D4,13.0,1.0
2023-10-20,421,South,24111,19817.0,07:18:00,07:11:40,07:12:21,10,2290,5th Ave & Jefferson St,2.0,11.0
2023-10-20,421,South,24111,19817.0,,07:15:01,07:15:17,11,635,4th Ave S & S Washington St,0.0,0.0
2023-10-20,421,South,24111,19817.0,,07:16:09,07:16:22,12,2638,4th Ave & Cherry St,0.0,2.0
2023-10-20,421,South,24111,19817.0,,07:18:14,07:18:26,13,641,4th Ave & Seneca St,0.0,2.0
2023-10-20,421,South,24111,19817.0,07:29:00,07:20:15,07:21:25,14,2976,4th Ave & Pine St,0.0,2.0
2023-10-20,421,South,24111,19817.0,,07:22:26,07:23:32,15,473,Olive Way & 6th Ave,0.0,1.0
2023-10-20,421,South,24111,19817.0,07:38:00,07:26:33,07:26:33,16,476,Olive Way & Terry Ave,0.0,0.0
2023-10-20,421,South,24112,15818.0,06:55:00,07:00:37,07:00:37,0,3001,Marysville at Cedar and Grove Park & Ride Bay 2,3.0,0.0
2023-10-20,421,South,24112,15818.0,,07:03:00,07:03:00,1,2490,10th St & Ash Ave,0.0,0.0
2023-10-20,421,South,24112,15818.0,06:57:00,07:03:55,07:04:42,2,2517,Marysville Ash Ave Park & Ride Bay 1,4.0,1.0
2023-10-20,421,South,24112,15818.0,,07:07:03,07:07:03,3,2465,4th St & Beach Ave,0.0,0.0
2023-10-20,421,South,24112,15818.0,07:01:00,07:08:19,07:08:38,4,1397,I-5 & Marine Dr NE Flyer Stop,0.0,0.0
2023-10-20,421,South,24112,15818.0,07:27:00,07:40:45,07:42:14,7,2543,Lynnwood Transit Center Bay D4,9.0,2.0
2023-10-20,421,South,24112,15818.0,07:56:00,08:07:16,08:07:51,10,2290,5th Ave & Jefferson St,0.0,6.0
2023-10-20,421,South,24112,15818.0,,08:11:36,08:11:36,11,635,4th Ave S & S Washington St,0.0,0.0
2023-10-20,421,South,24112,15818.0,,08:13:06,08:13:06,12,2638,4th Ave & Cherry St,0.0,0.0
2023-10-20,421,South,24112,15818.0,,08:14:12,08:15:00,13,641,4th Ave & Seneca St,0.0,5.0
2023-10-20,421,South,24112,15818.0,08:07:00,08:16:21,08:16:56,14,2976,4th Ave & Pine St,0.0,1.0
2023-10-20,421,South,24112,15818.0,,08:18:11,08:19:18,15,473,Olive Way & 6th Ave,0.0,1.0
2023-10-20,421,South,24112,15818.0,08:16:00,08:21:22,08:21:22,16,476,Olive Way & Terry Ave,0.0,0.0
2023-10-20,421,South,24113,15816.0,07:30:00,07:30:23,07:30:23,0,3001,Marysville at Cedar and Grove Park & Ride Bay 2,5.0,0.0
2023-10-20,421,South,24113,15816.0,,07:31:57,07:31:57,1,2490,10th St & Ash Ave,0.0,0.0
2023-10-20,421,South,24113,15816.0,07:32:00,07:32:45,07:32:45,2,2517,Marysville Ash Ave Park & Ride Bay 1,0.0,0.0
2023-10-20,421,South,24113,15816.0,,07:33:57,07:33:57,3,2465,4th St & Beach Ave,0.0,0.0
2023-10-20,421,South,24113,15816.0,07:35:00,07:35:45,07:35:55,4,1397,I-5 & Marine Dr NE Flyer Stop,1.0,0.0
2023-10-20,421,South,24113,15816.0,08:01:00,08:01:07,08:01:53,7,2543,Lynnwood Transit Center Bay D4,11.0,0.0
2023-10-20,421,South,24113,15816.0,08:30:00,08:22:09,08:22:33,10,2290,5th Ave & Jefferson St,0.0,6.0
2023-10-20,421,South,24113,15816.0,,08:26:30,08:26:30,11,635,4th Ave S & S Washington St,0.0,0.0
2023-10-20,421,South,24113,15816.0,,08:27:58,08:28:12,12,2638,4th Ave & Cherry St,0.0,1.0
2023-10-20,421,South,24113,15816.0,,08:29:28,08:29:54,13,641,4th Ave & Seneca St,0.0,5.0
2023-10-20,421,South,24113,15816.0,08:41:00,08:32:05,08:32:33,14,2976,4th Ave & Pine St,0.0,4.0
2023-10-20,421,South,24113,15816.0,,08:34:24,08:35:27,15,473,Olive Way & 6th Ave,0.0,1.0
2023-10-20,421,South,24113,15816.0,08:50:00,08:41:37,08:41:37,16,476,Olive Way & Terry Ave,0.0,0.0
2023-10-23,421,North,24102,17866.0,14:35:00,14:40:33,14:40:33,0,1909,Stewart St & 9th Ave,3.0,0.0
2023-10-23,421,North,24102,17866.0,,,,1,1908,Stewart St & 7th Ave,,
2023-10-23,421,North,24102,17866.0,,14:42:22,14:42:46,2,1907,Stewart St & 4th Ave,2.0,0.0
2023-10-23,421,North,24102,17866.0,,14:44:29,14:45:43,3,1079,2nd Ave & Stewart St,2.0,0.0
2023-10-23,421,North,24102,17866.0,14:41:00,14:47:31,14:48:15,4,2909,2nd Ave & Seneca St,4.0,0.0
2023-10-23,421,North,24102,17866.0,,14:49:13,14:50:09,5,2631,2nd Ave & Cherry St,4.0,0.0
2023-10-23,421,North,24102,17866.0,,14:53:05,14:53:48,6,546,Terrace St & 5th Ave,3.0,0.0
2023-10-23,421,North,24102,17866.0,14:49:00,14:55:13,14:56:30,7,685,5th Ave & James St,7.0,0.0
2023-10-23,421,North,24102,17866.0,15:16:00,15:16:13,15:16:54,10,2115,Lynnwood Transit Center Bay A2,0.0,16.0
2023-10-23,421,North,24102,17866.0,,15:47:10,15:47:10,14,2490,10th St & Ash Ave,0.0,0.0
2023-10-23,421,North,24102,17866.0,15:57:00,15:47:57,15:48:32,15,2517,Marysville Ash Ave Park & Ride Bay 1,0.0,5.0
2023-10-23,421,North,24102,17866.0,16:04:00,15:51:55,15:51:55,16,419,Marysville at Cedar and Grove Park & Ride Bay 4,0.0,4.0
2023-10-23,421,North,24103,15821.0,15:15:00,15:18:29,15:18:29,0,1909,Stewart St & 9th Ave,4.0,0.0
2023-10-23,421,North,24103,15821.0,,,,1,1908,Stewart St & 7th Ave,,
2023-10-23,421,North,24103,15821.0,,15:21:59,15:22:08,2,1907,Stewart St & 4th Ave,0.0,0.0
2023-10-23,421,North,24103,15821.0,,15:23:36,15:23:54,3,1079,2nd Ave & Stewart St,1.0,1.0
2023-10-23,421,North,24103,15821.0,15:21:00,,,4,2909,2nd Ave & Seneca St,,
2023-10-23,421,North,24103,15821.0,,,,5,2631,2nd Ave & Cherry St,,
2023-10-23,421,North,24103,15821.0,,,,6,546,Terrace St & 5th Ave,,
2023-10-23,421,North,24103,15821.0,15:29:00,15:35:37,15:35:37,7,685,5th Ave & James St,7.0,0.0
2023-10-23,421,North,24103,15821.0,16:00:00,15:55:56,15:56:34,10,2115,Lynnwood Transit Center Bay A2,1.0,6.0
2023-10-23,421,North,24103,15821.0,,16:24:20,16:24:20,14,2490,10th St & Ash Ave,0.0,0.0
2023-10-23,421,North,24103,15821.0,16:41:00,16:25:08,16:25:36,15,2517,Marysville Ash Ave Park & Ride Bay 1,0.0,2.0
2023-10-23,421,North,24103,15821.0,16:49:00,16:28:46,16:28:46,16,419,Marysville at Cedar and Grove Park & Ride Bay 4,0.0,4.0
2023-10-23,421,North,24104,15819.0,15:35:00,15:35:22,15:35:22,0,1909,Stewart St & 9th Ave,3.0,0.0
2023-10-23,421,North,24104,15819.0,,15:35:52,15:36:05,1,1908,Stewart St & 7th Ave,0.0,0.0
2023-10-23,421,North,24104,15819.0,,15:37:45,15:38:00,2,1907,Stewart St & 4th Ave,1.0,0.0
2023-10-23,421,North,24104,15819.0,,15:38:36,15:38:43,3,1079,2nd Ave & Stewart St,0.0,0.0
2023-10-23,421,North,24104,15819.0,15:41:00,15:41:02,15:42:07,4,2909,2nd Ave & Seneca St,3.0,0.0
2023-10-23,421,North,24104,15819.0,,15:43:13,15:43:27,5,2631,2nd Ave & Cherry St,0.0,0.0
2023-10-23,421,North,24104,15819.0,,15:45:50,15:47:02,6,546,Terrace St & 5th Ave,2.0,0.0
2023-10-23,421,North,24104,15819.0,15:49:00,15:49:10,15:50:26,7,685,5th Ave & James St,5.0,0.0
2023-10-23,421,North,24104,15819.0,16:20:00,16:13:10,16:13:48,10,2115,Lynnwood Transit Center Bay A2,0.0,9.0
2023-10-23,421,North,24104,15819.0,,16:41:01,16:41:01,14,2490,10th St & Ash Ave,0.0,0.0
2023-10-23,421,North,24104,15819.0,17:01:00,16:41:39,16:41:47,15,2517,Marysville Ash Ave Park & Ride Bay 1,0.0,0.0
2023-10-23,421,North,24104,15819.0,17:14:00,16:44:17,16:44:17,16,419,Marysville at Cedar and Grove Park & Ride Bay 4,0.0,5.0
2023-10-23,421,North,24105,15814.0,16:10:00,16:11:53,16:11:53,0,1909,Stewart St & 9th Ave,0.0,0.0
2023-10-23,421,North,24105,15814.0,,16:13:04,16:13:26,1,1908,Stewart St & 7th Ave,2.0,0.0
2023-10-23,421,North,24105,15814.0,,16:15:21,16:15:28,2,1907,Stewart St & 4th Ave,0.0,0.0
2023-10-23,421,North,24105,15814.0,,16:16:08,16:16:20,3,1079,2nd Ave & Stewart St,0.0,0.0
2023-10-23,421,North,24105,15814.0,16:16:00,16:18:31,16:19:04,4,2909,2nd Ave & Seneca St,6.0,0.0
2023-10-23,421,North,24105,15814.0,,16:20:33,16:21:05,5,2631,2nd Ave & Cherry St,3.0,0.0
2023-10-23,421,North,24105,15814.0,,16:24:38,16:25:12,6,546,Terrace St & 5th Ave,4.0,0.0
2023-10-23,421,North,24105,15814.0,16:24:00,16:26:42,16:28:00,7,685,5th Ave & James St,9.0,0.0
2023-10-23,421,North,24105,15814.0,16:56:00,16:55:30,16:56:09,10,2115,Lynnwood Transit Center Bay A2,0.0,15.0
2023-10-23,421,North,24105,15814.0,,17:24:57,17:25:15,14,2490,10th St & Ash Ave,0.0,1.0
2023-10-23,421,North,24105,15814.0,17:37:00,17:26:12,17:26:50,15,2517,Marysville Ash Ave Park & Ride Bay 1,0.0,2.0
2023-10-23,421,North,24105,15814.0,17:49:00,17:29:54,17:29:54,16,419,Marysville at Cedar and Grove Park & Ride Bay 4,0.0,6.0
2023-10-23,421,North,24106,19817.0,16:30:00,16:30:09,16:30:09,0,1909,Stewart St & 9th Ave,1.0,0.0
2023-10-23,421,North,24106,19817.0,,16:31:06,16:31:28,1,1908,Stewart St & 7th Ave,0.0,0.0
2023-10-23,421,North,24106,19817.0,,16:33:34,16:34:14,2,1907,Stewart St & 4th Ave,1.0,0.0
2023-10-23,421,North,24106,19817.0,,16:35:41,16:36:36,3,1079,2nd Ave & Stewart St,2.0,1.0
2023-10-23,421,North,24106,19817.0,16:37:00,16:38:32,16:39:37,4,2909,2nd Ave & Seneca St,6.0,0.0
2023-10-23,421,North,24106,19817.0,,16:40:33,16:41:25,5,2631,2nd Ave & Cherry St,1.0,0.0
2023-10-23,421,North,24106,19817.0,,16:44:06,16:44:39,6,546,Terrace St & 5th Ave,1.0,0.0
2023-10-23,421,North,24106,19817.0,16:45:00,16:46:15,16:47:33,7,685,5th Ave & James St,6.0,0.0
2023-10-23,421,North,24106,19817.0,17:17:00,17:17:46,17:18:59,10,2115,Lynnwood Transit Center Bay A2,1.0,10.0
2023-10-23,421,North,24106,19817.0,,17:47:58,17:48:19,14,2490,10th St & Ash Ave,0.0,0.0
2023-10-23,421,North,24106,19817.0,17:58:00,17:49:24,17:50:05,15,2517,Marysville Ash Ave Park & Ride Bay 1,0.0,4.0
2023-10-23,421,North,24106,19817.0,18:08:00,17:53:15,17:53:15,16,419,Marysville at Cedar and Grove Park & Ride Bay 4,0.0,4.0
2023-10-23,421,North,24107,19825.0,17:35:00,17:35:28,17:35:28,0,1909,Stewart St & 9th Ave,0.0,0.0
2023-10-23,421,North,24107,19825.0,,17:36:08,17:36:24,1,1908,Stewart St & 7th Ave,1.0,0.0
2023-10-23,421,North,24107,19825.0,,17:38:18,17:38:37,2,1907,Stewart St & 4th Ave,0.0,0.0
2023-10-23,421,North,24107,19825.0,,17:39:55,17:40:18,3,1079,2nd Ave & Stewart St,1.0,0.0
2023-10-23,421,North,24107,19825.0,17:42:00,17:42:35,17:42:57,4,2909,2nd Ave & Seneca St,3.0,0.0
2023-10-23,421,North,24107,19825.0,,17:44:36,17:45:03,5,2631,2nd Ave & Cherry St,5.0,0.0
2023-10-23,421,North,24107,19825.0,,17:48:39,17:48:59,6,546,Terrace St & 5th Ave,1.0,0.0
2023-10-23,421,North,24107,19825.0,17:50:00,17:50:48,17:51:10,7,685,5th Ave & James St,2.0,0.0
2023-10-23,421,North,24107,19825.0,18:18:00,18:17:45,18:19:33,10,2115,Lynnwood Transit Center Bay A2,0.0,7.0
2023-10-23,421,North,24107,19825.0,,18:47:47,18:47:47,14,2490,10th St & Ash Ave,0.0,0.0
2023-10-23,421,North,24107,19825.0,18:53:00,18:48:38,18:50:42,15,2517,Marysville Ash Ave Park & Ride Bay 1,0.0,1.0
2023-10-23,421,North,24107,19825.0,18:59:00,18:53:48,18:53:48,16,419,Marysville at Cedar and Grove Park & Ride Bay 4,0.0,5.0
2023-10-23,421,South,24108,19815.0,04:35:00,04:35:09,04:35:09,0,3001,Marysville at Cedar and Grove Park & Ride Bay 2,6.0,0.0
2023-10-23,421,South,24108,19815.0,,04:36:45,04:36:45,1,2490,10th St & Ash Ave,0.0,0.0
2023-10-23,421,South,24108,19815.0,04:37:00,04:37:29,04:37:52,2,2517,Marysville Ash Ave Park & Ride Bay 1,1.0,0.0
2023-10-23,421,South,24108,19815.0,,04:39:18,04:39:18,3,2465,4th St & Beach Ave,0.0,0.0
2023-10-23,421,South,24108,19815.0,04:39:00,04:40:02,04:40:02,4,1397,I-5 & Marine Dr NE Flyer Stop,0.0,0.0
2023-10-23,421,South,24108,19815.0,05:00:00,04:59:15,05:00:16,7,2543,Lynnwood Transit Center Bay D4,13.0,1.0
2023-10-23,421,South,24108,19815.0,05:20:00,05:17:30,05:17:50,10,2290,5th Ave & Jefferson St,0.0,8.0
2023-10-23,421,South,24108,19815.0,,05:19:39,05:19:57,11,635,4th Ave S & S Washington St,0.0,4.0
2023-10-23,421,South,24108,19815.0,,05:20:42,05:20:58,12,2638,4th Ave & Cherry St,0.0,2.0
2023-10-23,421,South,24108,19815.0,,05:22:00,05:22:55,13,641,4th Ave & Seneca St,0.0,2.0
2023-10-23,421,South,24108,19815.0,05:28:00,05:24:22,05:24:53,14,2976,4th Ave & Pine St,0.0,1.0
2023-10-23,421,South,24108,19815.0,,05:25:52,05:26:41,15,473,Olive Way & 6th Ave,0.0,2.0
2023-10-23,421,South,24108,19815.0,05:31:00,05:27:30,05:27:30,16,476,Olive Way & Terry Ave,1.0,1.0
2023-10-23,421,South,24109,15809.0,05:10:00,05:10:37,05:10:37,0,3001,Marysville at Cedar and Grove Park & Ride Bay 2,6.0,0.0
2023-10-23,421,South,24109,15809.0,,05:12:04,05:12:22,1,2490,10th St & Ash Ave,2.0,0.0
2023-10-23,421,South,24109,15809.0,05:12:00,05:13:12,05:13:49,2,2517,Marysville Ash Ave Park & Ride Bay 1,4.0,0.0
2023-10-23,421,South,24109,15809.0,,05:15:49,05:15:49,3,2465,4th St & Beach Ave,0.0,0.0
2023-10-23,421,South,24109,15809.0,05:14:00,05:16:55,05:16:55,4,1397,I-5 & Marine Dr NE Flyer Stop,0.0,0.0
2023-10-23,421,South,24109,15809.0,05:36:00,05:36:23,05:37:38,7,2543,Lynnwood Transit Center Bay D4,7.0,0.0
2023-10-23,421,South,24109,15809.0,05:57:00,05:55:05,05:55:30,10,2290,5th Ave & Jefferson St,0.0,10.0
2023-10-23,421,South,24109,15809.0,,05:57:53,05:58:08,11,635,4th Ave S & S Washington St,0.0,1.0
2023-10-23,421,South,24109,15809.0,,05:59:22,05:59:39,12,2638,4th Ave & Cherry St,0.0,2.0
2023-10-23,421,South,24109,15809.0,,06:00:49,06:01:11,13,641,4th Ave & Seneca St,0.0,3.0
2023-10-23,421,South,24109,15809.0,06:05:00,06:03:09,06:03:26,14,2976,4th Ave & Pine St,0.0,2.0
2023-10-23,421,South,24109,15809.0,,06:04:13,06:04:13,15,473,Olive Way & 6th Ave,0.0,0.0
2023-10-23,421,South,24109,15809.0,06:11:00,06:06:55,06:06:55,16,476,Olive Way & Terry Ave,0.0,1.0
2023-10-23,421,South,24110,15819.0,05:45:00,05:45:34,05:45:34,0,3001,Marysville at Cedar and Grove Park & Ride Bay 2,10.0,0.0
2023-10-23,421,South,24110,15819.0,,05:47:06,05:47:06,1,2490,10th St & Ash Ave,0.0,0.0
2023-10-23,421,South,24110,15819.0,05:47:00,05:47:40,05:48:44,2,2517,Marysville Ash Ave Park & Ride Bay 1,4.0,0.0
2023-10-23,421,South,24110,15819.0,,05:50:45,05:50:45,3,2465,4th St & Beach Ave,0.0,0.0
2023-10-23,421,South,24110,15819.0,05:51:00,05:51:27,05:51:27,4,1397,I-5 & Marine Dr NE Flyer Stop,0.0,0.0
2023-10-23,421,South,24110,15819.0,06:13:00,06:15:33,06:16:17,7,2543,Lynnwood Transit Center Bay D4,7.0,2.0
2023-10-23,421,South,24110,15819.0,06:37:00,06:38:39,06:39:18,10,2290,5th Ave & Jefferson St,0.0,10.0
2023-10-23,421,South,24110,15819.0,,06:41:57,06:41:57,11,635,4th Ave S & S Washington St,0.0,0.0
2023-10-23,421,South,24110,15819.0,,06:43:00,06:43:00,12,2638,4th Ave & Cherry St,0.0,0.0
2023-10-23,421,South,24110,15819.0,,06:43:44,06:44:05,13,641,4th Ave & Seneca St,0.0,4.0
2023-10-23,421,South,24110,15819.0,06:46:00,06:45:36,06:46:00,14,2976,4th Ave & Pine St,0.0,3.0
2023-10-23,421,South,24110,15819.0,,06:47:52,06:49:00,15,473,Olive Way & 6th Ave,0.0,2.0
2023-10-23,421,South,24110,15819.0,06:52:00,06:51:01,06:51:01,16,476,Olive Way & Terry Ave,0.0,0.0
2023-10-23,421,South,24111,19816.0,06:20:00,06:21:47,06:21:47,0,3001,Marysville at Cedar and Grove Park & Ride Bay 2,4.0,0.0
2023-10-23,421,South,24111,19816.0,,06:23:34,06:23:34,1,2490,10th St & Ash Ave,0.0,0.0
2023-10-23,421,South,24111,19816.0,06:22:00,06:24:14,06:24:36,2,2517,Marysville Ash Ave Park & Ride Bay 1,1.0,0.0
2023-10-23,421,South,24111,19816.0,,06:26:03,06:26:28,3,2465,4th St & Beach Ave,1.0,0.0
2023-10-23,421,South,24111,19816.0,06:26:00,06:27:30,06:27:57,4,1397,I-5 & Marine Dr NE Flyer Stop,1.0,0.0
2023-10-23,421,South,24111,19816.0,06:52:00,06:52:15,06:54:06,7,2543,Lynnwood Transit Center Bay D4,11.0,1.0
2023-10-23,421,South,24111,19816.0,07:18:00,07:14:39,07:15:29,10,2290,5th Ave & Jefferson St,0.0,8.0
2023-10-23,421,South,24111,19816.0,,07:17:58,07:17:58,11,635,4th Ave S & S Washington St,0.0,0.0
2023-10-23,421,South,24111,19816.0,,07:19:05,07:19:22,12,2638,4th Ave & Cherry St,0.0,4.0
2023-10-23,421,South,24111,19816.0,,07:20:53,07:21:07,13,641,4th Ave & Seneca St,0.0,2.0
2023-10-23,421,South,24111,19816.0,07:29:00,07:22:01,07:22:50,14,2976,4th Ave & Pine St,0.0,1.0
2023-10-23,421,South,24111,19816.0,,07:23:59,07:25:01,15,473,Olive Way & 6th Ave,0.0,1.0
2023-10-23,421,South,24111,19816.0,07:38:00,07:27:00,07:27:00,16,476,Olive Way & Terry Ave,0.0,1.0
2023-10-23,421,South,24112,19851.0,06:55:00,07:01:49,07:01:49,0,3001,Marysville at Cedar and Grove Park & Ride Bay 2,3.0,0.0
2023-10-23,421,South,24112,19851.0,,07:02:17,07:02:17,1,2490,10th St & Ash Ave,0.0,0.0
2023-10-23,421,South,24112,19851.0,06:57:00,07:03:12,07:04:04,2,2517,Marysville Ash Ave Park & Ride Bay 1,5.0,0.0
2023-10-23,421,South,24112,19851.0,,07:06:11,07:06:25,3,2465,4th St & Beach Ave,0.0,0.0
2023-10-23,421,South,24112,19851.0,07:01:00,07:07:57,07:08:11,4,1397,I-5 & Marine Dr NE Flyer Stop,0.0,0.0
2023-10-23,421,South,24112,19851.0,07:27:00,07:30:12,07:31:35,7,2543,Lynnwood Transit Center Bay D4,7.0,0.0
2023-10-23,421,South,24112,19851.0,07:56:00,07:56:59,07:57:29,10,2290,5th Ave & Jefferson St,0.0,5.0
2023-10-23,421,South,24112,19851.0,,08:00:40,08:01:00,11,635,4th Ave S & S Washington St,0.0,0.0
2023-10-23,421,South,24112,19851.0,,08:02:37,08:03:05,12,2638,4th Ave & Cherry St,0.0,2.0
2023-10-23,421,South,24112,19851.0,,08:05:43,08:06:18,13,641,4th Ave & Seneca St,0.0,6.0
2023-10-23,421,South,24112,19851.0,08:07:00,08:08:14,08:09:24,14,2976,4th Ave & Pine St,0.0,2.0
2023-10-23,421,South,24112,19851.0,,08:10:23,08:11:29,15,473,Olive Way & 6th Ave,0.0,0.0
2023-10-23,421,South,24112,19851.0,08:16:00,08:13:35,08:13:35,16,476,Olive Way & Terry Ave,1.0,1.0
2023-10-23,421,South,24113,15809.0,07:30:00,07:30:46,07:30:46,0,3001,Marysville at Cedar and Grove Park & Ride Bay 2,6.0,0.0
2023-10-23,421,South,24113,15809.0,,07:32:26,07:32:26,1,2490,10th St & Ash Ave,0.0,0.0
2023-10-23,421,South,24113,15809.0,07:32:00,07:33:01,07:33:25,2,2517,Marysville Ash Ave Park & Ride Bay 1,1.0,0.0
2023-10-23,421,South,24113,15809.0,,07:35:24,07:35:50,3,2465,4th St & Beach Ave,1.0,0.0
2023-10-23,421,South,24113,15809.0,07:35:00,07:37:04,07:37:04,4,1397,I-5 & Marine Dr NE Flyer Stop,0.0,0.0
2023-10-23,421,South,24113,15809.0,08:01:00,07:58:06,07:59:28,7,2543,Lynnwood Transit Center Bay D4,14.0,0.0
2023-10-23,421,South,24113,15809.0,08:30:00,08:22:11,08:22:56,10,2290,5th Ave & Jefferson St,0.0,8.0
2023-10-23,421,South,24113,15809.0,,08:25:50,08:26:22,11,635,4th Ave S & S Washington St,0.0,2.0
2023-10-23,421,South,24113,15809.0,,08:28:04,08:28:26,12,2638,4th Ave & Cherry St,0.0,1.0
2023-10-23,421,South,24113,15809.0,,08:29:56,08:30:22,13,641,4th Ave & Seneca St,0.0,5.0
2023-10-23,421,South,24113,15809.0,08:41:00,08:32:05,08:32:31,14,2976,4th Ave & Pine St,1.0,4.0
2023-10-23,421,South,24113,15809.0,,08:34:10,08:35:24,15,473,Olive Way & 6th Ave,0.0,1.0
2023-10-23,421,South,24113,15809.0,08:50:00,08:37:25,08:37:25,16,476,Olive Way & Terry Ave,0.0,2.0
2023-10-24,421,North,24102,17863.0,14:35:00,14:35:13,14:35:13,0,1909,Stewart St & 9th Ave,2.0,0.0
2023-10-24,421,North,24102,17863.0,,14:36:05,14:36:43,1,1908,Stewart St & 7th Ave,2.0,0.0
2023-10-24,421,North,24102,17863.0,,14:38:01,14:38:22,2,1907,Stewart St & 4th Ave,1.0,0.0
2023-10-24,421,North,24102,17863.0,,14:40:01,14:40:13,3,1079,2nd Ave & Stewart St,0.0,0.0
2023-10-24,421,North,24102,17863.0,14:41:00,14:42:37,14:43:12,4,2909,2nd Ave & Seneca St,3.0,0.0
2023-10-24,421,North,24102,17863.0,,14:44:43,14:45:41,5,2631,2nd Ave & Cherry St,7.0,0.0
2023-10-24,421,North,24102,17863.0,,14:48:43,14:49:22,6,546,Terrace St & 5th Ave,4.0,0.0
2023-10-24,421,North,24102,17863.0,14:49:00,14:50:47,14:51:26,7,685,5th Ave & James St,7.0,0.0
2023-10-24,421,North,24102,17863.0,15:16:00,15:14:02,15:14:39,10,2115,Lynnwood Transit Center Bay A2,0.0,14.0
2023-10-24,421,North,24102,17863.0,,15:49:54,15:49:54,14,2490,10th St & Ash Ave,0.0,0.0
2023-10-24,421,North,24102,17863.0,15:57:00,15:50:43,15:51:16,15,2517,Marysville Ash Ave Park & Ride Bay 1,0.0,5.0
2023-10-24,421,North,24102,17863.0,16:04:00,15:54:39,15:54:39,16,419,Marysville at Cedar and Grove Park & Ride Bay 4,0.0,7.0
2023-10-24,421,North,24103,19855.0,15:15:00,15:17:59,15:17:59,0,1909,Stewart St & 9th Ave,7.0,0.0
2023-10-24,421,North,24103,19855.0,,,,1,1908,Stewart St & 7th Ave,,
2023-10-24,421,North,24103,19855.0,,15:19:53,15:20:18,2,1907,Stewart St & 4th Ave,2.0,0.0
2023-10-24,421,North,24103,19855.0,,15:21:54,15:22:14,3,1079,2nd Ave & Stewart St,1.0,0.0
2023-10-24,421,North,24103,19855.0,15:21:00,15:25:10,15:25:42,4,2909,2nd Ave & Seneca St,1.0,0.0
2023-10-24,421,North,24103,19855.0,,15:26:45,15:27:07,5,2631,2nd Ave & Cherry St,0.0,0.0
2023-10-24,421,North,24103,19855.0,,15:30:32,15:31:10,6,546,Terrace St & 5th Ave,2.0,0.0
2023-10-24,421,North,24103,19855.0,15:29:00,15:32:45,15:34:39,7,685,5th Ave & James St,9.0,0.0
2023-10-24,421,North,24103,19855.0,16:00:00,16:05:04,16:05:38,10,2115,Lynnwood Transit Center Bay A2,0.0,10.0
2023-10-24,421,North,24103,19855.0,,16:41:55,16:41:55,14,2490,10th St & Ash Ave,0.0,0.0
2023-10-24,421,North,24103,19855.0,16:41:00,16:42:41,16:43:15,15,2517,Marysville Ash Ave Park & Ride Bay 1,0.0,3.0
2023-10-24,421,North,24103,19855.0,16:49:00,16:46:18,16:46:18,16,419,Marysville at Cedar and Grove Park & Ride Bay 4,0.0,9.0
2023-10-24,421,North,24104,19851.0,15:35:00,15:35:31,15:35:31,0,1909,Stewart St & 9th Ave,1.0,0.0
2023-10-24,421,North,24104,19851.0,,15:36:03,15:36:31,1,1908,Stewart St & 7th Ave,1.0,0.0
2023-10-24,421,North,24104,19851.0,,15:37:53,15:38:14,2,1907,Stewart St & 4th Ave,1.0,0.0
2023-10-24,421,North,24104,19851.0,,15:40:01,15:40:14,3,1079,2nd Ave & Stewart St,0.0,1.0
2023-10-24,421,North,24104,19851.0,15:41:00,15:41:41,15:42:20,4,2909,2nd Ave & Seneca St,2.0,0.0
2023-10-24,421,North,24104,19851.0,,15:43:17,15:43:56,5,2631,2nd Ave & Cherry St,3.0,0.0
2023-10-24,421,North,24104,19851.0,,15:46:01,15:46:42,6,546,Terrace St & 5th Ave,4.0,0.0
2023-10-24,421,North,24104,19851.0,15:49:00,15:47:57,15:50:33,7,685,5th Ave & James St,6.0,0.0
2023-10-24,421,North,24104,19851.0,16:20:00,16:22:09,16:22:53,10,2115,Lynnwood Transit Center Bay A2,0.0,13.0
2023-10-24,421,North,24104,19851.0,,16:57:29,16:57:29,14,2490,10th St & Ash Ave,0.0,0.0
2023-10-24,421,North,24104,19851.0,17:01:00,16:58:07,16:58:21,15,2517,Marysville Ash Ave Park & Ride Bay 1,0.0,0.0
2023-10-24,421,North,24104,19851.0,17:14:00,17:00:54,17:00:54,16,419,Marysville at Cedar and Grove Park & Ride Bay 4,0.0,4.0
2023-10-24,421,North,24105,17860.0,16:10:00,16:14:37,16:14:37,0,1909,Stewart St & 9th Ave,1.0,0.0
2023-10-24,421,North,24105,17860.0,,16:16:02,16:16:19,1,1908,Stewart St & 7th Ave,1.0,0.0
2023-10-24,421,North,24105,17860.0,,16:18:32,16:18:57,2,1907,Stewart St & 4th Ave,2.0,0.0
2023-10-24,421,North,24105,17860.0,,16:20:31,16:20:40,3,1079,2nd Ave & Stewart St,0.0,0.0
2023-10-24,421,North,24105,17860.0,16:16:00,16:22:57,16:24:07,4,2909,2nd Ave & Seneca St,5.0,0.0
2023-10-24,421,North,24105,17860.0,,16:25:08,16:26:05,5,2631,2nd Ave & Cherry St,7.0,0.0
2023-10-24,421,North,24105,17860.0,,16:28:57,16:29:38,6,546,Terrace St & 5th Ave,4.0,0.0
2023-10-24,421,North,24105,17860.0,16:24:00,16:31:08,16:32:27,7,685,5th Ave & James St,7.0,0.0
2023-10-24,421,North,24105,17860.0,16:56:00,17:10:12,17:11:01,10,2115,Lynnwood Transit Center Bay A2,0.0,19.0
2023-10-24,421,North,24105,17860.0,,17:43:57,17:44:15,14,2490,10th St & Ash Ave,0.0,1.0
2023-10-24,421,North,24105,17860.0,17:37:00,17:45:20,17:45:42,15,2517,Marysville Ash Ave Park & Ride Bay 1,0.0,2.0
2023-10-24,421,North,24105,17860.0,17:49:00,17:48:36,17:48:36,16,419,Marysville at Cedar and Grove Park & Ride Bay 4,0.0,5.0
2023-10-24,421,North,24106,17858.0,16:30:00,16:44:05,16:44:05,0,1909,Stewart St & 9th Ave,1.0,0.0
2023-10-24,421,North,24106,17858.0,,16:45:10,16:45:30,1,1908,Stewart St & 7th Ave,0.0,0.0
2023-10-24,421,North,24106,17858.0,,16:47:04,16:47:43,2,1907,Stewart St & 4th Ave,2.0,0.0
2023-10-24,421,North,24106,17858.0,,16:49:13,16:49:51,3,1079,2nd Ave & Stewart St,1.0,0.0
2023-10-24,421,North,24106,17858.0,16:37:00,16:53:06,16:53:44,4,2909,2nd Ave & Seneca St,3.0,0.0
2023-10-24,421,North,24106,17858.0,,16:55:27,16:56:12,5,2631,2nd Ave & Cherry St,0.0,0.0
2023-10-24,421,North,24106,17858.0,,16:59:16,17:00:18,6,546,Terrace St & 5th Ave,3.0,0.0
2023-10-24,421,North,24106,17858.0,16:45:00,17:01:23,17:02:48,7,685,5th Ave & James St,8.0,0.0
2023-10-24,421,North,24106,17858.0,17:17:00,17:41:54,17:43:45,10,2115,Lynnwood Transit Center Bay A2,1.0,12.0
2023-10-24,421,North,24106,17858.0,,18:15:29,18:15:46,14,2490,10th St & Ash Ave,0.0,0.0
2023-10-24,421,North,24106,17858.0,17:58:00,18:16:59,18:18:36,15,2517,Marysville Ash Ave Park & Ride Bay 1,0.0,2.0
2023-10-24,421,North,24106,17858.0,18:08:00,18:21:46,18:21:46,16,419,Marysville at Cedar and Grove Park & Ride Bay 4,0.0,5.0
2023-10-24,421,North,24107,19812.0,17:35:00,18:10:39,18:10:39,0,1909,Stewart St & 9th Ave,0.0,0.0
2023-10-24,421,North,24107,19812.0,,18:10:59,18:13:03,1,1908,Stewart St & 7th Ave,1.0,0.0
2023-10-24,421,North,24107,19812.0,,18:15:37,18:15:37,2,1907,Stewart St & 4th Ave,0.0,0.0
2023-10-24,421,North,24107,19812.0,,18:17:27,18:17:27,3,1079,2nd Ave & Stewart St,0.0,0.0
2023-10-24,421,North,24107,19812.0,17:42:00,18:19:06,18:20:09,4,2909,2nd Ave & Seneca St,0.0,0.0
2023-10-24,421,North,24107,19812.0,,18:21:06,18:21:42,5,2631,2nd Ave & Cherry St,0.0,0.0
2023-10-24,421,North,24107,19812.0,,18:24:27,18:24:46,6,546,Terrace St & 5th Ave,3.0,0.0
2023-10-24,421,North,24107,19812.0,17:50:00,18:26:36,18:26:48,7,685,5th Ave & James St,0.0,0.0
2023-10-24,421,North,24107,19812.0,18:18:00,18:54:41,18:55:56,10,2115,Lynnwood Transit Center Bay A2,0.0,0.0
2023-10-24,421,North,24107,19812.0,,,,14,2490,10th St & Ash Ave,,
2023-10-24,421,North,24107,19812.0,18:53:00,19:25:29,19:25:53,15,2517,Marysville Ash Ave Park & Ride Bay 1,0.0,2.0
2023-10-24,421,North,24107,19812.0,18:59:00,19:29:06,19:29:06,16,419,Marysville at Cedar and Grove Park & Ride Bay 4,0.0,2.0
2023-10-24,421,South,24108,19818.0,04:35:00,04:36:28,04:36:28,0,3001,Marysville at Cedar and Grove Park & Ride Bay 2,6.0,0.0
2023-10-24,421,South,24108,19818.0,,04:38:04,04:38:04,1,2490,10th St & Ash Ave,0.0,0.0
2023-10-24,421,South,24108,19818.0,04:37:00,04:38:42,04:39:07,2,2517,Marysville Ash Ave Park & Ride Bay 1,1.0,0.0
2023-10-24,421,South,24108,19818.0,,04:40:57,04:41:18,3,2465,4th St & Beach Ave,1.0,0.0
2023-10-24,421,South,24108,19818.0,04:39:00,04:41:59,04:41:59,4,1397,I-5 & Marine Dr NE Flyer Stop,0.0,0.0
2023-10-24,421,South,24108,19818.0,05:00:00,05:01:21,05:02:34,7,2543,Lynnwood Transit Center Bay D4,16.0,1.0
2023-10-24,421,South,24108,19818.0,05:20:00,05:19:07,05:19:27,10,2290,5th Ave & Jefferson St,0.0,9.0
2023-10-24,421,South,24108,19818.0,,05:20:57,05:21:21,11,635,4th Ave S & S Washington St,0.0,5.0
2023-10-24,421,South,24108,19818.0,,05:22:26,05:22:41,12,2638,4th Ave & Cherry St,0.0,1.0
2023-10-24,421,South,24108,19818.0,,05:23:55,05:24:27,13,641,4th Ave & Seneca St,0.0,2.0
2023-10-24,421,South,24108,19818.0,05:28:00,05:25:21,05:25:54,14,2976,4th Ave & Pine St,0.0,3.0
2023-10-24,421,South,24108,19818.0,,05:26:55,05:27:49,15,473,Olive Way & 6th Ave,0.0,3.0
2023-10-24,421,South,24108,19818.0,05:31:00,05:28:33,05:28:33,16,476,Olive Way & Terry Ave,1.0,1.0
2023-10-24,421,South,24109,17854.0,05:10:00,05:10:08,05:10:08,0,3001,Marysville at Cedar and Grove Park & Ride Bay 2,5.0,0.0
2023-10-24,421,South,24109,17854.0,,05:11:36,05:11:54,1,2490,10th St & Ash Ave,1.0,0.0
2023-10-24,421,South,24109,17854.0,05:12:00,05:12:45,05:13:24,2,2517,Marysville Ash Ave Park & Ride Bay 1,4.0,0.0
2023-10-24,421,South,24109,17854.0,,05:15:31,05:15:31,3,2465,4th St & Beach Ave,0.0,0.0
2023-10-24,421,South,24109,17854.0,05:14:00,05:17:22,05:17:22,4,1397,I-5 & Marine Dr NE Flyer Stop,0.0,0.0
2023-10-24,421,South,24109,17854.0,05:36:00,05:36:52,05:38:10,7,2543,Lynnwood Transit Center Bay D4,15.0,0.0
2023-10-24,421,South,24109,17854.0,05:57:00,05:55:10,05:55:52,10,2290,5th Ave & Jefferson St,0.0,14.0
2023-10-24,421,South,24109,17854.0,,05:57:52,05:58:06,11,635,4th Ave S & S Washington St,1.0,1.0
2023-10-24,421,South,24109,17854.0,,05:59:23,05:59:38,12,2638,4th Ave & Cherry St,0.0,2.0
2023-10-24,421,South,24109,17854.0,,06:00:52,06:01:21,13,641,4th Ave & Seneca St,0.0,4.0
2023-10-24,421,South,24109,17854.0,06:05:00,06:03:08,06:03:29,14,2976,4th Ave & Pine St,0.0,3.0
2023-10-24,421,South,24109,17854.0,,06:04:16,06:05:31,15,473,Olive Way & 6th Ave,0.0,1.0
2023-10-24,421,South,24109,17854.0,06:11:00,06:06:54,06:06:54,16,476,Olive Way & Terry Ave,0.0,1.0
2023-10-24,421,South,24110,15809.0,05:45:00,05:45:53,05:45:53,0,3001,Marysville at Cedar and Grove Park & Ride Bay 2,14.0,0.0
2023-10-24,421,South,24110,15809.0,,05:47:30,05:47:30,1,2490,10th St & Ash Ave,0.0,0.0
2023-10-24,421,South,24110,15809.0,05:47:00,05:48:06,05:48:24,2,2517,Marysville Ash Ave Park & Ride Bay 1,0.0,1.0
2023-10-24,421,South,24110,15809.0,,05:50:04,05:50:04,3,2465,4th St & Beach Ave,0.0,0.0
2023-10-24,421,South,24110,15809.0,05:51:00,05:51:14,05:51:14,4,1397,I-5 & Marine Dr NE Flyer Stop,0.0,0.0
2023-10-24,421,South,24110,15809.0,06:13:00,06:15:14,06:16:12,7,2543,Lynnwood Transit Center Bay D4,15.0,1.0
2023-10-24,421,South,24110,15809.0,06:37:00,06:37:03,06:37:38,10,2290,5th Ave & Jefferson St,0.0,13.0
2023-10-24,421,South,24110,15809.0,,06:40:32,06:40:32,11,635,4th Ave S & S Washington St,0.0,0.0
2023-10-24,421,South,24110,15809.0,,06:41:26,06:41:54,12,2638,4th Ave & Cherry St,0.0,3.0
2023-10-24,421,South,24110,15809.0,,06:43:29,06:43:54,13,641,4th Ave & Seneca St,0.0,5.0
2023-10-24,421,South,24110,15809.0,06:46:00,06:45:36,06:46:02,14,2976,4th Ave & Pine St,0.0,4.0
2023-10-24,421,South,24110,15809.0,,06:47:40,06:48:58,15,473,Olive Way & 6th Ave,0.0,2.0
2023-10-24,421,South,24110,15809.0,06:52:00,06:49:39,06:49:39,16,476,Olive Way & Terry Ave,0.0,0.0
2023-10-24,421,South,24111,19812.0,06:20:00,,,0,3001,Marysville at Cedar and Grove Park & Ride Bay 2,,
2023-10-24,421,South,24111,19812.0,,,,1,2490,10th St & Ash Ave,,
2023-10-24,421,South,24111,19812.0,06:22:00,,,2,2517,Marysville Ash Ave Park & Ride Bay 1,,
2023-10-24,421,South,24111,19812.0,,,,3,2465,4th St & Beach Ave,,
2023-10-24,421,South,24111,19812.0,06:26:00,,,4,1397,I-5 & Marine Dr NE Flyer Stop,,
2023-10-24,421,South,24111,19812.0,06:52:00,07:01:13,07:01:13,7,2543,Lynnwood Transit Center Bay D4,25.0,0.0
2023-10-24,421,South,24111,19812.0,07:18:00,07:28:03,07:28:28,10,2290,5th Ave & Jefferson St,0.0,7.0
2023-10-24,421,South,24111,19812.0,,07:31:09,07:31:30,11,635,4th Ave S & S Washington St,0.0,5.0
2023-10-24,421,South,24111,19812.0,,07:32:30,07:32:47,12,2638,4th Ave & Cherry St,0.0,1.0
2023-10-24,421,South,24111,19812.0,,07:33:31,07:34:18,13,641,4th Ave & Seneca St,0.0,3.0
2023-10-24,421,South,24111,19812.0,07:29:00,07:35:12,07:35:31,14,2976,4th Ave & Pine St,0.0,8.0
2023-10-24,421,South,24111,19812.0,,07:37:14,07:37:27,15,473,Olive Way & 6th Ave,0.0,1.0
2023-10-24,421,South,24111,19812.0,07:38:00,07:39:03,07:39:03,16,476,Olive Way & Terry Ave,0.0,0.0
2023-10-24,421,South,24112,15820.0,06:55:00,06:55:15,06:55:15,0,3001,Marysville at Cedar and Grove Park & Ride Bay 2,6.0,0.0
2023-10-24,421,South,24112,15820.0,,06:57:12,06:57:12,1,2490,10th St & Ash Ave,0.0,0.0
2023-10-24,421,South,24112,15820.0,06:57:00,06:58:04,06:59:02,2,2517,Marysville Ash Ave Park & Ride Bay 1,6.0,0.0
2023-10-24,421,South,24112,15820.0,,07:01:50,07:02:07,3,2465,4th St & Beach Ave,0.0,0.0
2023-10-24,421,South,24112,15820.0,07:01:00,07:04:18,07:04:32,4,1397,I-5 & Marine Dr NE Flyer Stop,0.0,0.0
2023-10-24,421,South,24112,15820.0,07:27:00,07:33:36,07:34:56,7,2543,Lynnwood Transit Center Bay D4,17.0,0.0
2023-10-24,421,South,24112,15820.0,07:56:00,08:08:56,08:09:45,10,2290,5th Ave & Jefferson St,3.0,14.0
2023-10-24,421,South,24112,15820.0,,08:13:33,08:14:04,11,635,4th Ave S & S Washington St,0.0,4.0
2023-10-24,421,South,24112,15820.0,,08:15:56,08:16:33,12,2638,4th Ave & Cherry St,2.0,4.0
2023-10-24,421,South,24112,15820.0,,08:18:19,08:19:22,13,641,4th Ave & Seneca St,0.0,9.0
2023-10-24,421,South,24112,15820.0,08:07:00,08:20:30,08:21:24,14,2976,4th Ave & Pine St,0.0,1.0
2023-10-24,421,South,24112,15820.0,,08:22:32,08:23:32,15,473,Olive Way & 6th Ave,0.0,1.0
2023-10-24,421,South,24112,15820.0,08:16:00,08:25:41,08:25:41,16,476,Olive Way & Terry Ave,0.0,1.0
2023-10-24,421,South,24113,17854.0,07:30:00,07:31:20,07:31:20,0,3001,Marysville at Cedar and Grove Park & Ride Bay 2,5.0,0.0
2023-10-24,421,South,24113,17854.0,,07:33:06,07:33:06,1,2490,10th St & Ash Ave,0.0,0.0
2023-10-24,421,South,24113,17854.0,07:32:00,07:33:45,07:34:16,2,2517,Marysville Ash Ave Park & Ride Bay 1,3.0,0.0
2023-10-24,421,South,24113,17854.0,,07:36:50,07:36:50,3,2465,4th St & Beach Ave,0.0,0.0
2023-10-24,421,South,24113,17854.0,07:35:00,07:38:11,07:38:11,4,1397,I-5 & Marine Dr NE Flyer Stop,0.0,0.0
2023-10-24,421,South,24113,17854.0,08:01:00,08:12:28,08:13:52,7,2543,Lynnwood Transit Center Bay D4,20.0,0.0
2023-10-24,421,South,24113,17854.0,08:30:00,08:40:24,08:40:59,10,2290,5th Ave & Jefferson St,0.0,12.0
2023-10-24,421,South,24113,17854.0,,08:44:03,08:44:03,11,635,4th Ave S & S Washington St,0.0,0.0
2023-10-24,421,South,24113,17854.0,,08:45:03,08:45:20,12,2638,4th Ave & Cherry St,0.0,4.0
2023-10-24,421,South,24113,17854.0,,08:46:31,08:46:55,13,641,4th Ave & Seneca St,0.0,6.0
2023-10-24,421,South,24113,17854.0,08:41:00,08:48:39,08:48:52,14,2976,4th Ave & Pine St,0.0,1.0
2023-10-24,421,South,24113,17854.0,,08:50:42,08:51:58,15,473,Olive Way & 6th Ave,0.0,3.0
2023-10-24,421,South,24113,17854.0,08:50:00,08:53:57,08:53:57,16,476,Olive Way & Terry Ave,0.0,2.0
2023-10-25,421,North,24102,17862.0,14:35:00,14:35:26,14:35:26,0,1909,Stewart St & 9th Ave,2.0,0.0
2023-10-25,421,North,24102,17862.0,,14:36:10,14:37:14,1,1908,Stewart St & 7th Ave,3.0,0.0
2023-10-25,421,North,24102,17862.0,,14:39:37,14:40:03,2,1907,Stewart St & 4th Ave,1.0,1.0
2023-10-25,421,North,24102,17862.0,,14:41:37,14:42:30,3,1079,2nd Ave & Stewart St,2.0,0.0
2023-10-25,421,North,24102,17862.0,14:41:00,14:45:40,14:46:44,4,2909,2nd Ave & Seneca St,5.0,0.0
2023-10-25,421,North,24102,17862.0,,14:47:42,14:48:41,5,2631,2nd Ave & Cherry St,4.0,0.0
2023-10-25,421,North,24102,17862.0,,14:51:40,14:52:18,6,546,Terrace St & 5th Ave,4.0,0.0
2023-10-25,421,North,24102,17862.0,14:49:00,14:53:47,14:55:27,7,685,5th Ave & James St,6.0,0.0
2023-10-25,421,North,24102,17862.0,15:16:00,15:17:57,15:19:02,10,2115,Lynnwood Transit Center Bay A2,0.0,15.0
2023-10-25,421,North,24102,17862.0,,15:55:28,15:55:52,14,2490,10th St & Ash Ave,0.0,2.0
2023-10-25,421,North,24102,17862.0,15:57:00,15:57:07,15:57:42,15,2517,Marysville Ash Ave Park & Ride Bay 1,0.0,2.0
2023-10-25,421,North,24102,17862.0,16:04:00,16:01:10,16:01:10,16,419,Marysville at Cedar and Grove Park & Ride Bay 4,0.0,7.0
2023-10-25,421,North,24103,19850.0,15:15:00,15:27:10,15:27:10,0,1909,Stewart St & 9th Ave,7.0,0.0
2023-10-25,421,North,24103,19850.0,,,,1,1908,Stewart St & 7th Ave,,
2023-10-25,421,North,24103,19850.0,,15:30:27,15:30:55,2,1907,Stewart St & 4th Ave,4.0,0.0
2023-10-25,421,North,24103,19850.0,,15:32:26,15:32:32,3,1079,2nd Ave & Stewart St,0.0,0.0
2023-10-25,421,North,24103,19850.0,15:21:00,15:35:24,15:35:56,4,2909,2nd Ave & Seneca St,2.0,0.0
2023-10-25,421,North,24103,19850.0,,15:37:05,15:37:36,5,2631,2nd Ave & Cherry St,1.0,0.0
2023-10-25,421,North,24103,19850.0,,15:41:24,15:41:58,6,546,Terrace St & 5th Ave,4.0,0.0
2023-10-25,421,North,24103,19850.0,15:29:00,15:43:13,15:43:35,7,685,5th Ave & James St,1.0,0.0
2023-10-25,421,North,24103,19850.0,16:00:00,16:10:07,16:10:43,10,2115,Lynnwood Transit Center Bay A2,1.0,3.0
2023-10-25,421,North,24103,19850.0,,16:45:29,16:45:29,14,2490,10th St & Ash Ave,0.0,0.0
2023-10-25,421,North,24103,19850.0,16:41:00,16:46:18,16:46:52,15,2517,Marysville Ash Ave Park & Ride Bay 1,0.0,5.0
2023-10-25,421,North,24103,19850.0,16:49:00,16:49:49,16:49:49,16,419,Marysville at Cedar and Grove Park & Ride Bay 4,0.0,12.0
2023-10-25,421,North,24104,17852.0,15:35:00,15:36:14,15:36:14,0,1909,Stewart St & 9th Ave,0.0,0.0
2023-10-25,421,North,24104,17852.0,,15:37:44,15:38:22,1,1908,Stewart St & 7th Ave,0.0,0.0
2023-10-25,421,North,24104,17852.0,,15:39:26,15:39:34,2,1907,Stewart St & 4th Ave,0.0,0.0
2023-10-25,421,North,24104,17852.0,,15:40:18,15:40:25,3,1079,2nd Ave & Stewart St,0.0,0.0
2023-10-25,421,North,24104,17852.0,15:41:00,15:44:01,15:44:11,4,2909,2nd Ave & Seneca St,2.0,0.0
2023-10-25,421,North,24104,17852.0,,15:45:05,15:46:09,5,2631,2nd Ave & Cherry St,2.0,0.0
2023-10-25,421,North,24104,17852.0,,15:51:38,15:51:38,6,546,Terrace St & 5th Ave,0.0,0.0
2023-10-25,421,North,24104,17852.0,15:49:00,15:52:11,15:52:40,7,685,5th Ave & James St,2.0,0.0
2023-10-25,421,North,24104,17852.0,16:20:00,16:19:12,16:19:34,10,2115,Lynnwood Transit Center Bay A2,0.0,5.0
2023-10-25,421,North,24104,17852.0,,16:53:01,16:53:01,14,2490,10th St & Ash Ave,0.0,0.0
2023-10-25,421,North,24104,17852.0,17:01:00,16:53:42,16:54:06,15,2517,Marysville Ash Ave Park & Ride Bay 1,0.0,1.0
2023-10-25,421,North,24104,17852.0,17:14:00,16:56:37,16:56:37,16,419,Marysville at Cedar and Grove Park & Ride Bay 4,0.0,0.0
2023-10-25,421,North,24105,15807.0,16:10:00,16:21:03,16:21:03,0,1909,Stewart St & 9th Ave,0.0,0.0
2023-10-25,421,North,24105,15807.0,,16:22:22,16:22:42,1,1908,Stewart St & 7th Ave,1.0,0.0
2023-10-25,421,North,24105,15807.0,,16:24:32,16:24:46,2,1907,Stewart St & 4th Ave,0.0,0.0
2023-10-25,421,North,24105,15807.0,,16:26:35,16:26:49,3,1079,2nd Ave & Stewart St,0.0,0.0
2023-10-25,421,North,24105,15807.0,16:16:00,16:29:30,16:30:19,4,2909,2nd Ave & Seneca St,5.0,0.0
2023-10-25,421,North,24105,15807.0,,16:31:24,16:31:57,5,2631,2nd Ave & Cherry St,4.0,0.0
2023-10-25,421,North,24105,15807.0,,16:35:22,16:35:48,6,546,Terrace St & 5th Ave,2.0,0.0
2023-10-25,421,North,24105,15807.0,16:24:00,16:37:16,16:38:27,7,685,5th Ave & James St,5.0,1.0
2023-10-25,421,North,24105,15807.0,16:56:00,17:04:23,17:05:07,10,2115,Lynnwood Transit Center Bay A2,1.0,5.0
2023-10-25,421,North,24105,15807.0,,17:41:01,17:41:23,14,2490,10th St & Ash Ave,0.0,1.0
2023-10-25,421,North,24105,15807.0,17:37:00,17:42:37,17:43:13,15,2517,Marysville Ash Ave Park & Ride Bay 1,0.0,2.0
2023-10-25,421,North,24105,15807.0,17:49:00,17:46:07,17:46:07,16,419,Marysville at Cedar and Grove Park & Ride Bay 4,0.0,9.0
2023-10-25,421,North,24106,19817.0,16:30:00,16:37:35,16:37:35,0,1909,Stewart St & 9th Ave,0.0,0.0
2023-10-25,421,North,24106,19817.0,,16:38:55,16:39:47,1,1908,Stewart St & 7th Ave,2.0,0.0
2023-10-25,421,North,24106,19817.0,,16:42:28,16:42:48,2,1907,Stewart St & 4th Ave,1.0,0.0
2023-10-25,421,North,24106,19817.0,,16:44:26,16:44:54,3,1079,2nd Ave & Stewart St,1.0,0.0
2023-10-25,421,North,24106,19817.0,16:37:00,16:48:45,16:49:33,4,2909,2nd Ave & Seneca St,6.0,0.0
2023-10-25,421,North,24106,19817.0,,16:50:33,16:51:12,5,2631,2nd Ave & Cherry St,1.0,0.0
2023-10-25,421,North,24106,19817.0,,16:54:54,16:58:38,6,546,Terrace St & 5th Ave,4.0,1.0
2023-10-25,421,North,24106,19817.0,16:45:00,16:59:47,17:10:29,7,685,5th Ave & James St,7.0,0.0
2023-10-25,421,North,24106,19817.0,17:17:00,17:37:06,17:37:51,10,2115,Lynnwood Transit Center Bay A2,0.0,12.0
2023-10-25,421,North,24106,19817.0,,18:13:03,18:13:23,14,2490,10th St & Ash Ave,0.0,0.0
2023-10-25,421,North,24106,19817.0,17:58:00,18:14:34,18:14:59,15,2517,Marysville Ash Ave Park & Ride Bay 1,0.0,2.0
2023-10-25,421,North,24106,19817.0,18:08:00,18:18:12,18:18:12,16,419,Marysville at Cedar and Grove Park & Ride Bay 4,0.0,7.0
2023-10-25,421,North,24107,19810.0,17:35:00,17:34:11,17:34:11,0,1909,Stewart St & 9th Ave,2.0,0.0
2023-10-25,421,North,24107,19810.0,,,,1,1908,Stewart St & 7th Ave,,
2023-10-25,421,North,24107,19810.0,,17:36:39,17:36:49,2,1907,Stewart St & 4th Ave,0.0,0.0
2023-10-25,421,North,24107,19810.0,,17:38:33,17:39:07,3,1079,2nd Ave & Stewart St,1.0,0.0
2023-10-25,421,North,24107,19810.0,17:42:00,17:41:43,17:42:16,4,2909,2nd Ave & Seneca St,3.0,0.0
2023-10-25,421,North,24107,19810.0,,17:43:41,17:44:39,5,2631,2nd Ave & Cherry St,0.0,0.0
2023-10-25,421,North,24107,19810.0,,17:47:18,17:48:00,6,546,Terrace St & 5th Ave,3.0,0.0
2023-10-25,421,North,24107,19810.0,17:50:00,17:49:35,17:50:27,7,685,5th Ave & James St,7.0,0.0
2023-10-25,421,North,24107,19810.0,18:18:00,18:15:40,18:19:34,10,2115,Lynnwood Transit Center Bay A2,2.0,9.0
2023-10-25,421,North,24107,19810.0,,18:47:18,18:47:18,14,2490,10th St & Ash Ave,0.0,0.0
2023-10-25,421,North,24107,19810.0,18:53:00,18:48:09,18:48:26,15,2517,Marysville Ash Ave Park & Ride Bay 1,0.0,1.0
2023-10-25,421,North,24107,19810.0,18:59:00,18:51:47,18:51:47,16,419,Marysville at Cedar and Grove Park & Ride Bay 4,0.0,8.0
2023-10-25,421,South,24108,19817.0,04:35:00,04:35:12,04:35:12,0,3001,Marysville at Cedar and Grove Park & Ride Bay 2,6.0,0.0
2023-10-25,421,South,24108,19817.0,,04:36:39,04:37:04,1,2490,10th St & Ash Ave,2.0,0.0
2023-10-25,421,South,24108,19817.0,04:37:00,04:37:58,04:38:13,2,2517,Marysville Ash Ave Park & Ride Bay 1,0.0,0.0
2023-10-25,421,South,24108,19817.0,,04:39:46,04:40:20,3,2465,4th St & Beach Ave,1.0,0.0
2023-10-25,421,South,24108,19817.0,04:39:00,04:41:26,04:41:26,4,1397,I-5 & Marine Dr NE Flyer Stop,0.0,0.0
2023-10-25,421,South,24108,19817.0,05:00:00,05:00:47,05:02:57,7,2543,Lynnwood Transit Center Bay D4,17.0,1.0
2023-10-25,421,South,24108,19817.0,05:20:00,05:20:39,05:21:08,10,2290,5th Ave & Jefferson St,0.0,9.0
2023-10-25,421,South,24108,19817.0,,05:23:18,05:23:38,11,635,4th Ave S & S Washington St,0.0,5.0
2023-10-25,421,South,24108,19817.0,,05:24:33,05:24:52,12,2638,4th Ave & Cherry St,0.0,1.0
2023-10-25,421,South,24108,19817.0,,05:26:06,05:26:51,13,641,4th Ave & Seneca St,0.0,3.0
2023-10-25,421,South,24108,19817.0,05:28:00,05:28:19,05:28:55,14,2976,4th Ave & Pine St,1.0,2.0
2023-10-25,421,South,24108,19817.0,,05:30:02,05:30:46,15,473,Olive Way & 6th Ave,0.0,4.0
2023-10-25,421,South,24108,19817.0,05:31:00,05:31:37,05:31:37,16,476,Olive Way & Terry Ave,0.0,2.0
2023-10-25,421,South,24109,17863.0,05:10:00,05:10:20,05:10:20,0,3001,Marysville at Cedar and Grove Park & Ride Bay 2,6.0,0.0
2023-10-25,421,South,24109,17863.0,,05:11:48,05:12:10,1,2490,10th St & Ash Ave,1.0,0.0
2023-10-25,421,South,24109,17863.0,05:12:00,05:13:00,05:13:40,2,2517,Marysville Ash Ave Park & Ride Bay 1,4.0,0.0
2023-10-25,421,South,24109,17863.0,,05:14:58,05:14:58,3,2465,4th St & Beach Ave,0.0,0.0
2023-10-25,421,South,24109,17863.0,05:14:00,05:16:25,05:16:25,4,1397,I-5 & Marine Dr NE Flyer Stop,0.0,0.0
2023-10-25,421,South,24109,17863.0,05:36:00,05:36:11,05:37:52,7,2543,Lynnwood Transit Center Bay D4,13.0,0.0
2023-10-25,421,South,24109,17863.0,05:57:00,05:55:08,05:55:32,10,2290,5th Ave & Jefferson St,0.0,9.0
2023-10-25,421,South,24109,17863.0,,05:58:04,05:58:04,11,635,4th Ave S & S Washington St,0.0,0.0
2023-10-25,421,South,24109,17863.0,,05:58:39,05:59:02,12,2638,4th Ave & Cherry St,0.0,5.0
2023-10-25,421,South,24109,17863.0,,05:59:55,06:00:21,13,641,4th Ave & Seneca St,0.0,5.0
2023-10-25,421,South,24109,17863.0,06:05:00,06:01:24,06:01:39,14,2976,4th Ave & Pine St,0.0,2.0
2023-10-25,421,South,24109,17863.0,,06:04:15,06:05:27,15,473,Olive Way & 6th Ave,0.0,1.0
2023-10-25,421,South,24109,17863.0,06:11:00,06:06:55,06:06:55,16,476,Olive Way & Terry Ave,0.0,2.0
2023-10-25,421,South,24110,15805.0,05:45:00,05:45:19,05:45:19,0,3001,Marysville at Cedar and Grove Park & Ride Bay 2,16.0,0.0
2023-10-25,421,South,24110,15805.0,,05:46:55,05:46:55,1,2490,10th St & Ash Ave,0.0,0.0
2023-10-25,421,South,24110,15805.0,05:47:00,05:47:36,05:48:05,2,2517,Marysville Ash Ave Park & Ride Bay 1,2.0,0.0
2023-10-25,421,South,24110,15805.0,,05:50:11,05:50:11,3,2465,4th St & Beach Ave,0.0,0.0
2023-10-25,421,South,24110,15805.0,05:51:00,05:52:32,05:52:32,4,1397,I-5 & Marine Dr NE Flyer Stop,0.0,0.0
2023-10-25,421,South,24110,15805.0,06:13:00,06:18:14,06:20:07,7,2543,Lynnwood Transit Center Bay D4,16.0,1.0
2023-10-25,421,South,24110,15805.0,06:37:00,06:44:41,06:45:20,10,2290,5th Ave & Jefferson St,0.0,19.0
2023-10-25,421,South,24110,15805.0,,06:48:15,06:48:47,11,635,4th Ave S & S Washington St,3.0,1.0
2023-10-25,421,South,24110,15805.0,,06:49:42,06:50:05,12,2638,4th Ave & Cherry St,0.0,5.0
2023-10-25,421,South,24110,15805.0,,06:51:11,06:51:38,13,641,4th Ave & Seneca St,0.0,7.0
2023-10-25,421,South,24110,15805.0,06:46:00,06:53:28,06:54:27,14,2976,4th Ave & Pine St,0.0,3.0
2023-10-25,421,South,24110,15805.0,,06:55:28,06:56:34,15,473,Olive Way & 6th Ave,0.0,1.0
2023-10-25,421,South,24110,15805.0,06:52:00,06:57:19,06:57:19,16,476,Olive Way & Terry Ave,0.0,0.0
2023-10-25,421,South,24111,19818.0,06:20:00,06:21:36,06:21:36,0,3001,Marysville at Cedar and Grove Park & Ride Bay 2,6.0,0.0
2023-10-25,421,South,24111,19818.0,,06:23:29,06:23:29,1,2490,10th St & Ash Ave,0.0,0.0
2023-10-25,421,South,24111,19818.0,06:22:00,06:24:06,06:24:32,2,2517,Marysville Ash Ave Park & Ride Bay 1,2.0,0.0
2023-10-25,421,South,24111,19818.0,,06:26:32,06:26:32,3,2465,4th St & Beach Ave,0.0,0.0
2023-10-25,421,South,24111,19818.0,06:26:00,06:27:17,06:27:37,4,1397,I-5 & Marine Dr NE Flyer Stop,1.0,0.0
2023-10-25,421,South,24111,19818.0,06:52:00,06:56:54,06:59:10,7,2543,Lynnwood Transit Center Bay D4,16.0,2.0
2023-10-25,421,South,24111,19818.0,07:18:00,07:23:41,07:24:14,10,2290,5th Ave & Jefferson St,0.0,8.0
2023-10-25,421,South,24111,19818.0,,07:26:42,07:26:42,11,635,4th Ave S & S Washington St,0.0,0.0
2023-10-25,421,South,24111,19818.0,,07:27:58,07:28:21,12,2638,4th Ave & Cherry St,0.0,6.0
2023-10-25,421,South,24111,19818.0,,07:29:58,07:30:17,13,641,4th Ave & Seneca St,0.0,3.0
2023-10-25,421,South,24111,19818.0,07:29:00,07:31:12,07:31:56,14,2976,4th Ave & Pine St,0.0,4.0
2023-10-25,421,South,24111,19818.0,,07:32:56,07:35:27,15,473,Olive Way & 6th Ave,1.0,3.0
2023-10-25,421,South,24111,19818.0,07:38:00,07:36:17,07:36:17,16,476,Olive Way & Terry Ave,1.0,1.0
2023-10-25,421,South,24112,19851.0,06:55:00,06:55:56,06:55:56,0,3001,Marysville at Cedar and Grove Park & Ride Bay 2,6.0,0.0
2023-10-25,421,South,24112,19851.0,,06:58:01,06:58:01,1,2490,10th St & Ash Ave,0.0,0.0
2023-10-25,421,South,24112,19851.0,06:57:00,06:58:52,06:59:41,2,2517,Marysville Ash Ave Park & Ride Bay 1,7.0,0.0
2023-10-25,421,South,24112,19851.0,,07:01:42,07:02:33,3,2465,4th St & Beach Ave,1.0,0.0
2023-10-25,421,South,24112,19851.0,07:01:00,07:03:50,07:04:06,4,1397,I-5 & Marine Dr NE Flyer Stop,1.0,0.0
2023-10-25,421,South,24112,19851.0,07:27:00,07:43:55,07:47:13,7,2543,Lynnwood Transit Center Bay D4,19.0,2.0
2023-10-25,421,South,24112,19851.0,07:56:00,08:22:19,08:23:01,10,2290,5th Ave & Jefferson St,0.0,16.0
2023-10-25,421,South,24112,19851.0,,08:25:15,08:25:51,11,635,4th Ave S & S Washington St,0.0,1.0
2023-10-25,421,South,24112,19851.0,,08:28:35,08:29:02,12,2638,4th Ave & Cherry St,0.0,2.0
2023-10-25,421,South,24112,19851.0,,08:30:10,08:31:27,13,641,4th Ave & Seneca St,0.0,8.0
2023-10-25,421,South,24112,19851.0,08:07:00,08:32:34,08:33:26,14,2976,4th Ave & Pine St,0.0,2.0
2023-10-25,421,South,24112,19851.0,,08:34:35,08:35:29,15,473,Olive Way & 6th Ave,0.0,1.0
2023-10-25,421,South,24112,19851.0,08:16:00,08:36:24,08:36:24,16,476,Olive Way & Terry Ave,0.0,2.0
2023-10-25,421,South,24113,17863.0,07:30:00,07:30:51,07:30:51,0,3001,Marysville at Cedar and Grove Park & Ride Bay 2,2.0,0.0
2023-10-25,421,South,24113,17863.0,,07:32:19,07:32:35,1,2490,10th St & Ash Ave,1.0,0.0
2023-10-25,421,South,24113,17863.0,07:32:00,07:33:25,07:34:07,2,2517,Marysville Ash Ave Park & Ride Bay 1,4.0,0.0
2023-10-25,421,South,24113,17863.0,,07:35:53,07:35:53,3,2465,4th St & Beach Ave,0.0,0.0
2023-10-25,421,South,24113,17863.0,07:35:00,07:37:02,07:37:02,4,1397,I-5 & Marine Dr NE Flyer Stop,0.0,0.0
2023-10-25,421,South,24113,17863.0,08:01:00,08:09:32,08:10:29,7,2543,Lynnwood Transit Center Bay D4,18.0,0.0
2023-10-25,421,South,24113,17863.0,08:30:00,08:40:16,08:40:50,10,2290,5th Ave & Jefferson St,0.0,8.0
2023-10-25,421,South,24113,17863.0,,08:43:15,08:43:32,11,635,4th Ave S & S Washington St,0.0,1.0
2023-10-25,421,South,24113,17863.0,,08:44:59,08:44:59,12,2638,4th Ave & Cherry St,0.0,0.0
2023-10-25,421,South,24113,17863.0,,08:46:37,08:47:21,13,641,4th Ave & Seneca St,0.0,7.0
2023-10-25,421,South,24113,17863.0,08:41:00,08:48:53,08:49:10,14,2976,4th Ave & Pine St,0.0,1.0
2023-10-25,421,South,24113,17863.0,,08:50:49,08:51:55,15,473,Olive Way & 6th Ave,0.0,7.0
2023-10-25,421,South,24113,17863.0,08:50:00,08:52:44,08:52:44,16,476,Olive Way & Terry Ave,0.0,1.0
2023-10-26,421,North,24102,19850.0,14:35:00,14:36:33,14:36:33,0,1909,Stewart St & 9th Ave,1.0,0.0
2023-10-26,421,North,24102,19850.0,,14:37:33,14:37:59,1,1908,Stewart St & 7th Ave,2.0,0.0
2023-10-26,421,North,24102,19850.0,,14:41:15,14:42:29,2,1907,Stewart St & 4th Ave,2.0,0.0
2023-10-26,421,North,24102,19850.0,,14:43:15,14:43:48,3,1079,2nd Ave & Stewart St,0.0,0.0
2023-10-26,421,North,24102,19850.0,14:41:00,14:47:10,14:48:15,4,2909,2nd Ave & Seneca St,6.0,0.0
2023-10-26,421,North,24102,19850.0,,14:49:20,14:50:11,5,2631,2nd Ave & Cherry St,3.0,0.0
2023-10-26,421,North,24102,19850.0,,14:53:12,14:53:54,6,546,Terrace St & 5th Ave,5.0,0.0
2023-10-26,421,North,24102,19850.0,14:49:00,14:55:19,14:56:26,7,685,5th Ave & James St,5.0,0.0
2023-10-26,421,North,24102,19850.0,15:16:00,15:17:55,15:18:46,10,2115,Lynnwood Transit Center Bay A2,0.0,13.0
2023-10-26,421,North,24102,19850.0,,15:58:44,15:58:44,14,2490,10th St & Ash Ave,0.0,0.0
2023-10-26,421,North,24102,19850.0,15:57:00,15:59:37,16:00:22,15,2517,Marysville Ash Ave Park & Ride Bay 1,0.0,3.0
2023-10-26,421,North,24102,19850.0,16:04:00,16:03:50,16:03:50,16,419,Marysville at Cedar and Grove Park & Ride Bay 4,0.0,8.0
2023-10-26,421,North,24103,15819.0,15:15:00,15:17:38,15:17:38,0,1909,Stewart St & 9th Ave,3.0,0.0
2023-10-26,421,North,24103,15819.0,,,,1,1908,Stewart St & 7th Ave,,
2023-10-26,421,North,24103,15819.0,,15:19:59,15:20:29,2,1907,Stewart St & 4th Ave,3.0,0.0
2023-10-26,421,North,24103,15819.0,,15:21:53,15:22:21,3,1079,2nd Ave & Stewart St,2.0,0.0
2023-10-26,421,North,24103,15819.0,15:21:00,15:24:50,15:25:18,4,2909,2nd Ave & Seneca St,1.0,0.0
2023-10-26,421,North,24103,15819.0,,15:26:35,15:26:48,5,2631,2nd Ave & Cherry St,0.0,0.0
2023-10-26,421,North,24103,15819.0,,15:28:59,15:29:10,6,546,Terrace St & 5th Ave,0.0,0.0
2023-10-26,421,North,24103,15819.0,15:29:00,15:29:42,15:31:00,7,685,5th Ave & James St,5.0,0.0
2023-10-26,421,North,24103,15819.0,16:00:00,15:53:47,15:54:23,10,2115,Lynnwood Transit Center Bay A2,1.0,5.0
2023-10-26,421,North,24103,15819.0,,16:35:10,16:35:10,14,2490,10th St & Ash Ave,0.0,0.0
2023-10-26,421,North,24103,15819.0,16:41:00,16:35:59,16:36:40,15,2517,Marysville Ash Ave Park & Ride Bay 1,0.0,6.0
2023-10-26,421,North,24103,15819.0,16:49:00,16:39:47,16:39:47,16,419,Marysville at Cedar and Grove Park & Ride Bay 4,0.0,4.0
2023-10-26,421,North,24104,15805.0,15:35:00,15:35:11,15:35:11,0,1909,Stewart St & 9th Ave,0.0,0.0
2023-10-26,421,North,24104,15805.0,,15:35:49,15:36:45,1,1908,Stewart St & 7th Ave,1.0,0.0
2023-10-26,421,North,24104,15805.0,,15:38:12,15:38:36,2,1907,Stewart St & 4th Ave,1.0,0.0
2023-10-26,421,North,24104,15805.0,,15:39:58,15:40:12,3,1079,2nd Ave & Stewart St,0.0,0.0
2023-10-26,421,North,24104,15805.0,15:41:00,15:41:21,15:42:37,4,2909,2nd Ave & Seneca St,5.0,0.0
2023-10-26,421,North,24104,15805.0,,15:43:38,15:44:08,5,2631,2nd Ave & Cherry St,1.0,0.0
2023-10-26,421,North,24104,15805.0,,15:45:57,15:46:30,6,546,Terrace St & 5th Ave,3.0,0.0
2023-10-26,421,North,24104,15805.0,15:49:00,15:47:55,15:49:11,7,685,5th Ave & James St,1.0,0.0
2023-10-26,421,North,24104,15805.0,16:20:00,16:13:57,16:14:25,10,2115,Lynnwood Transit Center Bay A2,0.0,8.0
2023-10-26,421,North,24104,15805.0,,16:54:14,16:54:14,14,2490,10th St & Ash Ave,0.0,0.0
2023-10-26,421,North,24104,15805.0,17:01:00,16:54:43,16:55:04,15,2517,Marysville Ash Ave Park & Ride Bay 1,0.0,0.0
2023-10-26,421,North,24104,15805.0,17:14:00,16:57:34,16:57:34,16,419,Marysville at Cedar and Grove Park & Ride Bay 4,0.0,4.0
2023-10-26,421,North,24105,17856.0,16:10:00,16:11:58,16:11:58,0,1909,Stewart St & 9th Ave,0.0,0.0
2023-10-26,421,North,24105,17856.0,,16:13:26,16:14:17,1,1908,Stewart St & 7th Ave,1.0,0.0
2023-10-26,421,North,24105,17856.0,,16:17:03,16:17:26,2,1907,Stewart St & 4th Ave,2.0,0.0
2023-10-26,421,North,24105,17856.0,,16:19:01,16:19:17,3,1079,2nd Ave & Stewart St,1.0,0.0
2023-10-26,421,North,24105,17856.0,16:16:00,16:23:13,16:23:51,4,2909,2nd Ave & Seneca St,7.0,0.0
2023-10-26,421,North,24105,17856.0,,16:25:01,16:26:07,5,2631,2nd Ave & Cherry St,4.0,0.0
2023-10-26,421,North,24105,17856.0,,16:29:13,16:29:43,6,546,Terrace St & 5th Ave,2.0,0.0
2023-10-26,421,North,24105,17856.0,16:24:00,16:31:10,16:32:31,7,685,5th Ave & James St,11.0,0.0
2023-10-26,421,North,24105,17856.0,16:56:00,16:58:27,16:59:30,10,2115,Lynnwood Transit Center Bay A2,0.0,19.0
2023-10-26,421,North,24105,17856.0,,17:38:23,17:38:23,14,2490,10th St & Ash Ave,0.0,0.0
2023-10-26,421,North,24105,17856.0,17:37:00,17:39:03,17:39:35,15,2517,Marysville Ash Ave Park & Ride Bay 1,0.0,3.0
2023-10-26,421,North,24105,17856.0,17:49:00,17:42:33,17:42:33,16,419,Marysville at Cedar and Grove Park & Ride Bay 4,0.0,6.0
2023-10-26,421,North,24106,15813.0,16:30:00,16:30:54,16:30:54,0,1909,Stewart St & 9th Ave,1.0,0.0
2023-10-26,421,North,24106,15813.0,,16:31:31,16:31:57,1,1908,Stewart St & 7th Ave,0.0,0.0
2023-10-26,421,North,24106,15813.0,,16:33:37,16:34:18,2,1907,Stewart St & 4th Ave,2.0,0.0
2023-10-26,421,North,24106,15813.0,,16:35:41,16:36:20,3,1079,2nd Ave & Stewart St,1.0,2.0
2023-10-26,421,North,24106,15813.0,16:37:00,16:39:42,16:41:17,4,2909,2nd Ave & Seneca St,6.0,0.0
2023-10-26,421,North,24106,15813.0,,16:43:17,16:44:18,5,2631,2nd Ave & Cherry St,1.0,2.0
2023-10-26,421,North,24106,15813.0,,16:47:24,16:49:13,6,546,Terrace St & 5th Ave,3.0,0.0
2023-10-26,421,North,24106,15813.0,16:45:00,16:50:51,16:51:59,7,685,5th Ave & James St,2.0,0.0
2023-10-26,421,North,24106,15813.0,17:17:00,17:23:11,17:24:32,10,2115,Lynnwood Transit Center Bay A2,0.0,0.0
2023-10-26,421,North,24106,15813.0,,18:02:27,18:02:50,14,2490,10th St & Ash Ave,0.0,0.0
2023-10-26,421,North,24106,15813.0,17:58:00,18:03:59,18:04:19,15,2517,Marysville Ash Ave Park & Ride Bay 1,0.0,2.0
2023-10-26,421,North,24106,15813.0,18:08:00,18:07:29,18:07:29,16,419,Marysville at Cedar and Grove Park & Ride Bay 4,0.0,10.0
2023-10-26,421,North,24107,19820.0,17:35:00,17:35:58,17:35:58,0,1909,Stewart St & 9th Ave,2.0,0.0
2023-10-26,421,North,24107,19820.0,,,,1,1908,Stewart St & 7th Ave,,
2023-10-26,421,North,24107,19820.0,,17:39:32,17:39:49,2,1907,Stewart St & 4th Ave,0.0,0.0
2023-10-26,421,North,24107,19820.0,,17:41:31,17:41:46,3,1079,2nd Ave & Stewart St,2.0,0.0
2023-10-26,421,North,24107,19820.0,17:42:00,17:45:36,17:45:50,4,2909,2nd Ave & Seneca St,2.0,0.0
2023-10-26,421,North,24107,19820.0,,17:47:36,17:48:00,5,2631,2nd Ave & Cherry St,1.0,0.0
2023-10-26,421,North,24107,19820.0,,17:51:26,17:51:47,6,546,Terrace St & 5th Ave,1.0,0.0
2023-10-26,421,North,24107,19820.0,17:50:00,17:52:23,17:53:28,7,685,5th Ave & James St,3.0,0.0
2023-10-26,421,North,24107,19820.0,18:18:00,18:16:41,18:18:52,10,2115,Lynnwood Transit Center Bay A2,0.0,3.0
2023-10-26,421,North,24107,19820.0,,18:48:26,18:48:26,14,2490,10th St & Ash Ave,0.0,0.0
2023-10-26,421,North,24107,19820.0,18:53:00,18:49:16,18:49:53,15,2517,Marysville Ash Ave Park & Ride Bay 1,0.0,0.0
2023-10-26,421,North,24107,19820.0,18:59:00,18:53:12,18:53:12,16,419,Marysville at Cedar and Grove Park & Ride Bay 4,0.0,8.0
2023-10-26,421,South,24108,19820.0,04:35:00,04:35:13,04:35:13,0,3001,Marysville at Cedar and Grove Park & Ride Bay 2,7.0,0.0
2023-10-26,421,South,24108,19820.0,,04:36:49,04:36:49,1,2490,10th St & Ash Ave,0.0,0.0
2023-10-26,421,South,24108,19820.0,04:37:00,04:37:29,04:37:51,2,2517,Marysville Ash Ave Park & Ride Bay 1,1.0,0.0
2023-10-26,421,South,24108,19820.0,,04:39:21,04:39:52,3,2465,4th St & Beach Ave,1.0,0.0
2023-10-26,421,South,24108,19820.0,04:39:00,04:41:17,04:41:17,4,1397,I-5 & Marine Dr NE Flyer Stop,0.0,0.0
2023-10-26,421,South,24108,19820.0,05:00:00,05:00:43,05:02:03,7,2543,Lynnwood Transit Center Bay D4,11.0,1.0
2023-10-26,421,South,24108,19820.0,05:20:00,05:19:06,05:19:43,10,2290,5th Ave & Jefferson St,0.0,6.0
2023-10-26,421,South,24108,19820.0,,05:21:53,05:22:10,11,635,4th Ave S & S Washington St,0.0,5.0
2023-10-26,421,South,24108,19820.0,,05:23:23,05:23:36,12,2638,4th Ave & Cherry St,0.0,2.0
2023-10-26,421,South,24108,19820.0,,05:24:53,05:25:28,13,641,4th Ave & Seneca St,0.0,2.0
2023-10-26,421,South,24108,19820.0,05:28:00,05:26:22,05:26:55,14,2976,4th Ave & Pine St,0.0,2.0
2023-10-26,421,South,24108,19820.0,,05:28:07,05:28:46,15,473,Olive Way & 6th Ave,0.0,2.0
2023-10-26,421,South,24108,19820.0,05:31:00,05:29:34,05:29:34,16,476,Olive Way & Terry Ave,1.0,1.0
2023-10-26,421,South,24109,17862.0,05:10:00,05:10:53,05:10:53,0,3001,Marysville at Cedar and Grove Park & Ride Bay 2,5.0,0.0
2023-10-26,421,South,24109,17862.0,,05:12:20,05:12:39,1,2490,10th St & Ash Ave,1.0,0.0
2023-10-26,421,South,24109,17862.0,05:12:00,05:13:27,05:13:44,2,2517,Marysville Ash Ave Park & Ride Bay 1,1.0,0.0
2023-10-26,421,South,24109,17862.0,,05:15:29,05:15:29,3,2465,4th St & Beach Ave,0.0,0.0
2023-10-26,421,South,24109,17862.0,05:14:00,05:16:33,05:16:33,4,1397,I-5 & Marine Dr NE Flyer Stop,0.0,0.0
2023-10-26,421,South,24109,17862.0,05:36:00,05:35:39,05:36:33,7,2543,Lynnwood Transit Center Bay D4,9.0,0.0
2023-10-26,421,South,24109,17862.0,05:57:00,05:53:44,05:54:08,10,2290,5th Ave & Jefferson St,0.0,6.0
2023-10-26,421,South,24109,17862.0,,05:55:50,05:55:50,11,635,4th Ave S & S Washington St,0.0,0.0
2023-10-26,421,South,24109,17862.0,,05:56:26,05:56:47,12,2638,4th Ave & Cherry St,0.0,3.0
2023-10-26,421,South,24109,17862.0,,05:57:53,05:58:27,13,641,4th Ave & Seneca St,0.0,3.0
2023-10-26,421,South,24109,17862.0,06:05:00,05:59:35,05:59:56,14,2976,4th Ave & Pine St,0.0,1.0
2023-10-26,421,South,24109,17862.0,,06:00:59,06:02:10,15,473,Olive Way & 6th Ave,0.0,1.0
2023-10-26,421,South,24109,17862.0,06:11:00,06:04:58,06:04:58,16,476,Olive Way & Terry Ave,0.0,2.0
2023-10-26,421,South,24110,17864.0,05:45:00,05:45:10,05:45:10,0,3001,Marysville at Cedar and Grove Park & Ride Bay 2,8.0,0.0
2023-10-26,421,South,24110,17864.0,,05:46:45,05:46:45,1,2490,10th St & Ash Ave,0.0,0.0
2023-10-26,421,South,24110,17864.0,05:47:00,05:47:22,05:47:55,2,2517,Marysville Ash Ave Park & Ride Bay 1,3.0,0.0
2023-10-26,421,South,24110,17864.0,,05:50:52,05:50:52,3,2465,4th St & Beach Ave,0.0,0.0
2023-10-26,421,South,24110,17864.0,05:51:00,05:52:49,05:52:49,4,1397,I-5 & Marine Dr NE Flyer Stop,0.0,0.0
2023-10-26,421,South,24110,17864.0,06:13:00,06:16:26,06:17:23,7,2543,Lynnwood Transit Center Bay D4,12.0,1.0
2023-10-26,421,South,24110,17864.0,06:37:00,06:37:11,06:37:44,10,2290,5th Ave & Jefferson St,0.0,9.0
2023-10-26,421,South,24110,17864.0,,06:39:53,06:40:15,11,635,4th Ave S & S Washington St,0.0,2.0
2023-10-26,421,South,24110,17864.0,,06:41:42,06:42:03,12,2638,4th Ave & Cherry St,0.0,1.0
2023-10-26,421,South,24110,17864.0,,06:43:35,06:43:57,13,641,4th Ave & Seneca St,0.0,6.0
2023-10-26,421,South,24110,17864.0,06:46:00,06:45:36,06:46:00,14,2976,4th Ave & Pine St,0.0,3.0
2023-10-26,421,South,24110,17864.0,,06:47:46,06:49:02,15,473,Olive Way & 6th Ave,0.0,1.0
2023-10-26,421,South,24110,17864.0,06:52:00,06:49:44,06:49:44,16,476,Olive Way & Terry Ave,0.0,0.0
2023-10-26,421,South,24111,19814.0,06:20:00,06:20:40,06:20:40,0,3001,Marysville at Cedar and Grove Park & Ride Bay 2,5.0,0.0
2023-10-26,421,South,24111,19814.0,,06:22:31,06:22:31,1,2490,10th St & Ash Ave,0.0,0.0
2023-10-26,421,South,24111,19814.0,06:22:00,06:23:07,06:23:34,2,2517,Marysville Ash Ave Park & Ride Bay 1,3.0,0.0
2023-10-26,421,South,24111,19814.0,,06:25:14,06:25:14,3,2465,4th St & Beach Ave,0.0,0.0
2023-10-26,421,South,24111,19814.0,06:26:00,06:26:51,06:27:14,4,1397,I-5 & Marine Dr NE Flyer Stop,1.0,0.0
2023-10-26,421,South,24111,19814.0,06:52:00,06:51:53,06:54:34,7,2543,Lynnwood Transit Center Bay D4,13.0,1.0
2023-10-26,421,South,24111,19814.0,07:18:00,07:16:03,07:16:23,10,2290,5th Ave & Jefferson St,0.0,10.0
2023-10-26,421,South,24111,19814.0,,07:19:03,07:19:03,11,635,4th Ave S & S Washington St,0.0,0.0
2023-10-26,421,South,24111,19814.0,,07:20:18,07:20:33,12,2638,4th Ave & Cherry St,0.0,2.0
2023-10-26,421,South,24111,19814.0,,07:21:18,07:21:36,13,641,4th Ave & Seneca St,0.0,4.0
2023-10-26,421,South,24111,19814.0,07:29:00,07:23:06,07:23:30,14,2976,4th Ave & Pine St,0.0,3.0
2023-10-26,421,South,24111,19814.0,,07:25:18,07:26:26,15,473,Olive Way & 6th Ave,0.0,2.0
2023-10-26,421,South,24111,19814.0,07:38:00,07:27:12,07:27:12,16,476,Olive Way & Terry Ave,0.0,0.0
2023-10-26,421,South,24112,15819.0,06:55:00,06:55:57,06:55:57,0,3001,Marysville at Cedar and Grove Park & Ride Bay 2,2.0,0.0
2023-10-26,421,South,24112,15819.0,,06:58:08,06:58:08,1,2490,10th St & Ash Ave,0.0,0.0
2023-10-26,421,South,24112,15819.0,06:57:00,06:59:00,07:00:18,2,2517,Marysville Ash Ave Park & Ride Bay 1,5.0,0.0
2023-10-26,421,South,24112,15819.0,,07:02:18,07:02:35,3,2465,4th St & Beach Ave,0.0,0.0
2023-10-26,421,South,24112,15819.0,07:01:00,07:04:45,07:05:04,4,1397,I-5 & Marine Dr NE Flyer Stop,2.0,0.0
2023-10-26,421,South,24112,15819.0,07:27:00,07:32:38,07:34:37,7,2543,Lynnwood Transit Center Bay D4,23.0,0.0
2023-10-26,421,South,24112,15819.0,07:56:00,08:01:06,08:01:59,10,2290,5th Ave & Jefferson St,0.0,15.0
2023-10-26,421,South,24112,15819.0,,08:05:16,08:05:38,11,635,4th Ave S & S Washington St,0.0,0.0
2023-10-26,421,South,24112,15819.0,,08:08:20,08:08:39,12,2638,4th Ave & Cherry St,0.0,1.0
2023-10-26,421,South,24112,15819.0,,08:10:23,08:10:49,13,641,4th Ave & Seneca St,0.0,8.0
2023-10-26,421,South,24112,15819.0,08:07:00,08:12:49,08:13:49,14,2976,4th Ave & Pine St,0.0,5.0
2023-10-26,421,South,24112,15819.0,,08:15:00,08:15:55,15,473,Olive Way & 6th Ave,0.0,3.0
2023-10-26,421,South,24112,15819.0,08:16:00,08:18:03,08:18:03,16,476,Olive Way & Terry Ave,0.0,0.0
2023-10-26,421,South,24113,17862.0,07:30:00,07:31:07,07:31:07,0,3001,Marysville at Cedar and Grove Park & Ride Bay 2,4.0,0.0
2023-10-26,421,South,24113,17862.0,,07:32:48,07:32:48,1,2490,10th St & Ash Ave,0.0,0.0
2023-10-26,421,South,24113,17862.0,07:32:00,07:33:25,07:34:34,2,2517,Marysville Ash Ave Park & Ride Bay 1,4.0,0.0
2023-10-26,421,South,24113,17862.0,,07:36:41,07:36:59,3,2465,4th St & Beach Ave,2.0,0.0
2023-10-26,421,South,24113,17862.0,07:35:00,07:37:43,07:37:43,4,1397,I-5 & Marine Dr NE Flyer Stop,0.0,0.0
2023-10-26,421,South,24113,17862.0,08:01:00,08:02:48,08:03:59,7,2543,Lynnwood Transit Center Bay D4,24.0,0.0
2023-10-26,421,South,24113,17862.0,08:30:00,08:31:12,08:31:44,10,2290,5th Ave & Jefferson St,0.0,10.0
2023-10-26,421,South,24113,17862.0,,08:35:34,08:35:44,11,635,4th Ave S & S Washington St,0.0,1.0
2023-10-26,421,South,24113,17862.0,,08:37:37,08:37:55,12,2638,4th Ave & Cherry St,0.0,1.0
2023-10-26,421,South,24113,17862.0,,08:39:18,08:40:19,13,641,4th Ave & Seneca St,0.0,11.0
2023-10-26,421,South,24113,17862.0,08:41:00,08:41:26,08:42:11,14,2976,4th Ave & Pine St,0.0,6.0
2023-10-26,421,South,24113,17862.0,,08:43:22,08:44:24,15,473,Olive Way & 6th Ave,0.0,4.0
2023-10-26,421,South,24113,17862.0,08:50:00,08:46:27,08:46:27,16,476,Olive Way & Terry Ave,0.0,1.0
2023-10-27,421,North,24102,15814.0,14:35:00,14:36:52,14:36:52,0,1909,Stewart St & 9th Ave,0.0,0.0
2023-10-27,421,North,24102,15814.0,,14:37:30,14:37:59,1,1908,Stewart St & 7th Ave,1.0,0.0
2023-10-27,421,North,24102,15814.0,,14:41:01,14:41:19,2,1907,Stewart St & 4th Ave,0.0,0.0
2023-10-27,421,North,24102,15814.0,,14:43:01,14:43:44,3,1079,2nd Ave & Stewart St,1.0,0.0
2023-10-27,421,North,24102,15814.0,14:41:00,14:47:09,14:48:14,4,2909,2nd Ave & Seneca St,2.0,0.0
2023-10-27,421,North,24102,15814.0,,14:49:22,14:50:06,5,2631,2nd Ave & Cherry St,4.0,0.0
2023-10-27,421,North,24102,15814.0,,14:53:19,14:53:50,6,546,Terrace St & 5th Ave,2.0,0.0
2023-10-27,421,North,24102,15814.0,14:49:00,14:55:20,14:55:55,7,685,5th Ave & James St,2.0,0.0
2023-10-27,421,North,24102,15814.0,15:16:00,15:19:36,15:20:22,10,2115,Lynnwood Transit Center Bay A2,1.0,7.0
2023-10-27,421,North,24102,15814.0,,16:07:32,16:07:32,14,2490,10th St & Ash Ave,0.0,0.0
2023-10-27,421,North,24102,15814.0,15:57:00,16:08:29,16:08:50,15,2517,Marysville Ash Ave Park & Ride Bay 1,0.0,0.0
2023-10-27,421,North,24102,15814.0,16:04:00,16:12:26,16:12:26,16,419,Marysville at Cedar and Grove Park & Ride Bay 4,0.0,6.0
2023-10-27,421,North,24103,19855.0,15:15:00,15:16:58,15:16:58,0,1909,Stewart St & 9th Ave,2.0,0.0
2023-10-27,421,North,24103,19855.0,,,,1,1908,Stewart St & 7th Ave,,
2023-10-27,421,North,24103,19855.0,,15:20:11,15:20:37,2,1907,Stewart St & 4th Ave,2.0,0.0
2023-10-27,421,North,24103,19855.0,,15:21:52,15:22:10,3,1079,2nd Ave & Stewart St,0.0,0.0
2023-10-27,421,North,24103,19855.0,15:21:00,15:24:01,15:24:15,4,2909,2nd Ave & Seneca St,0.0,0.0
2023-10-27,421,North,24103,19855.0,,15:25:14,15:26:08,5,2631,2nd Ave & Cherry St,2.0,0.0
2023-10-27,421,North,24103,19855.0,,15:29:22,15:29:49,6,546,Terrace St & 5th Ave,1.0,0.0
2023-10-27,421,North,24103,19855.0,15:29:00,15:31:08,15:32:29,7,685,5th Ave & James St,3.0,0.0
2023-10-27,421,North,24103,19855.0,16:00:00,15:57:56,15:58:25,10,2115,Lynnwood Transit Center Bay A2,0.0,3.0
2023-10-27,421,North,24103,19855.0,,16:38:51,16:38:51,14,2490,10th St & Ash Ave,0.0,0.0
2023-10-27,421,North,24103,19855.0,16:41:00,16:39:34,16:40:44,15,2517,Marysville Ash Ave Park & Ride Bay 1,0.0,2.0
2023-10-27,421,North,24103,19855.0,16:49:00,16:43:45,16:43:45,16,419,Marysville at Cedar and Grove Park & Ride Bay 4,0.0,5.0
2023-10-27,421,North,24104,17850.0,15:35:00,15:35:09,15:35:09,0,1909,Stewart St & 9th Ave,0.0,0.0
2023-10-27,421,North,24104,17850.0,,15:35:49,15:35:58,1,1908,Stewart St & 7th Ave,0.0,0.0
2023-10-27,421,North,24104,17850.0,,15:37:57,15:38:22,2,1907,Stewart St & 4th Ave,3.0,0.0
2023-10-27,421,North,24104,17850.0,,15:39:56,15:40:03,3,1079,2nd Ave & Stewart St,0.0,0.0
2023-10-27,421,North,24104,17850.0,15:41:00,15:41:20,15:42:08,4,2909,2nd Ave & Seneca St,1.0,0.0
2023-10-27,421,North,24104,17850.0,,15:43:04,15:43:13,5,2631,2nd Ave & Cherry St,0.0,0.0
2023-10-27,421,North,24104,17850.0,,15:45:38,15:46:12,6,546,Terrace St & 5th Ave,2.0,0.0
2023-10-27,421,North,24104,17850.0,15:49:00,15:47:43,15:49:01,7,685,5th Ave & James St,6.0,0.0
2023-10-27,421,North,24104,17850.0,16:20:00,16:16:30,16:17:03,10,2115,Lynnwood Transit Center Bay A2,0.0,6.0
2023-10-27,421,North,24104,17850.0,,16:58:09,16:58:09,14,2490,10th St & Ash Ave,0.0,0.0
2023-10-27,421,North,24104,17850.0,17:01:00,16:58:44,16:59:09,15,2517,Marysville Ash Ave Park & Ride Bay 1,0.0,0.0
2023-10-27,421,North,24104,17850.0,17:14:00,17:01:39,17:01:39,16,419,Marysville at Cedar and Grove Park & Ride Bay 4,0.0,6.0
2023-10-27,421,North,24105,19851.0,16:10:00,16:11:59,16:11:59,0,1909,Stewart St & 9th Ave,0.0,0.0
2023-10-27,421,North,24105,19851.0,,16:13:17,16:14:28,1,1908,Stewart St & 7th Ave,1.0,0.0
2023-10-27,421,North,24105,19851.0,,16:16:56,16:17:08,2,1907,Stewart St & 4th Ave,0.0,0.0
2023-10-27,421,North,24105,19851.0,,16:19:02,16:19:08,3,1079,2nd Ave & Stewart St,0.0,0.0
2023-10-27,421,North,24105,19851.0,16:16:00,16:21:24,16:21:58,4,2909,2nd Ave & Seneca St,3.0,0.0
2023-10-27,421,North,24105,19851.0,,16:23:32,16:24:01,5,2631,2nd Ave & Cherry St,2.0,0.0
2023-10-27,421,North,24105,19851.0,,16:27:40,16:28:03,6,546,Terrace St & 5th Ave,1.0,0.0
2023-10-27,421,North,24105,19851.0,16:24:00,16:29:38,16:30:57,7,685,5th Ave & James St,9.0,0.0
2023-10-27,421,North,24105,19851.0,16:56:00,16:58:46,16:59:22,10,2115,Lynnwood Transit Center Bay A2,0.0,10.0
2023-10-27,421,North,24105,19851.0,,17:40:52,17:40:52,14,2490,10th St & Ash Ave,0.0,0.0
2023-10-27,421,North,24105,19851.0,17:37:00,17:41:36,17:43:14,15,2517,Marysville Ash Ave Park & Ride Bay 1,0.0,2.0
2023-10-27,421,North,24105,19851.0,17:49:00,17:46:05,17:46:05,16,419,Marysville at Cedar and Grove Park & Ride Bay 4,0.0,4.0
2023-10-27,421,North,24106,19825.0,16:30:00,16:30:19,16:30:19,0,1909,Stewart St & 9th Ave,1.0,0.0
2023-10-27,421,North,24106,19825.0,,16:31:24,16:32:11,1,1908,Stewart St & 7th Ave,0.0,0.0
2023-10-27,421,North,24106,19825.0,,16:33:42,16:34:17,2,1907,Stewart St & 4th Ave,0.0,0.0
2023-10-27,421,North,24106,19825.0,,16:35:38,16:36:25,3,1079,2nd Ave & Stewart St,2.0,1.0
2023-10-27,421,North,24106,19825.0,16:37:00,16:38:28,16:39:24,4,2909,2nd Ave & Seneca St,3.0,0.0
2023-10-27,421,North,24106,19825.0,,16:40:22,16:41:10,5,2631,2nd Ave & Cherry St,0.0,0.0
2023-10-27,421,North,24106,19825.0,,16:45:51,16:46:51,6,546,Terrace St & 5th Ave,3.0,0.0
2023-10-27,421,North,24106,19825.0,16:45:00,16:47:52,16:49:02,7,685,5th Ave & James St,0.0,0.0
2023-10-27,421,North,24106,19825.0,17:17:00,17:15:40,17:16:52,10,2115,Lynnwood Transit Center Bay A2,1.0,6.0
2023-10-27,421,North,24106,19825.0,,17:52:39,17:53:03,14,2490,10th St & Ash Ave,0.0,0.0
2023-10-27,421,North,24106,19825.0,17:58:00,17:54:09,17:54:29,15,2517,Marysville Ash Ave Park & Ride Bay 1,0.0,0.0
2023-10-27,421,North,24106,19825.0,18:08:00,17:57:59,17:57:59,16,419,Marysville at Cedar and Grove Park & Ride Bay 4,0.0,3.0
2023-10-27,421,North,24107,19818.0,17:35:00,17:37:28,17:37:28,0,1909,Stewart St & 9th Ave,0.0,0.0
2023-10-27,421,North,24107,19818.0,,,,1,1908,Stewart St & 7th Ave,,
2023-10-27,421,North,24107,19818.0,,17:39:49,17:39:58,2,1907,Stewart St & 4th Ave,0.0,0.0
2023-10-27,421,North,24107,19818.0,,17:41:45,17:42:02,3,1079,2nd Ave & Stewart St,1.0,0.0
2023-10-27,421,North,24107,19818.0,17:42:00,17:44:05,17:44:17,4,2909,2nd Ave & Seneca St,0.0,0.0
2023-10-27,421,North,24107,19818.0,,17:45:59,17:46:21,5,2631,2nd Ave & Cherry St,3.0,0.0
2023-10-27,421,North,24107,19818.0,,17:48:45,17:48:58,6,546,Terrace St & 5th Ave,0.0,0.0
2023-10-27,421,North,24107,19818.0,17:50:00,17:50:44,17:51:58,7,685,5th Ave & James St,2.0,1.0
2023-10-27,421,North,24107,19818.0,18:18:00,18:13:46,18:17:25,10,2115,Lynnwood Transit Center Bay A2,0.0,3.0
2023-10-27,421,North,24107,19818.0,,18:52:57,18:52:57,14,2490,10th St & Ash Ave,0.0,0.0
2023-10-27,421,North,24107,19818.0,18:53:00,18:53:48,18:54:11,15,2517,Marysville Ash Ave Park & Ride Bay 1,0.0,1.0
2023-10-27,421,North,24107,19818.0,18:59:00,18:57:15,18:57:15,16,419,Marysville at Cedar and Grove Park & Ride Bay 4,0.0,1.0
2023-10-27,421,South,24108,19825.0,04:35:00,04:35:11,04:35:11,0,3001,Marysville at Cedar and Grove Park & Ride Bay 2,4.0,0.0
2023-10-27,421,South,24108,19825.0,,04:36:51,04:36:51,1,2490,10th St & Ash Ave,0.0,0.0
2023-10-27,421,South,24108,19825.0,04:37:00,04:37:28,04:37:40,2,2517,Marysville Ash Ave Park & Ride Bay 1,0.0,0.0
2023-10-27,421,South,24108,19825.0,,04:39:14,04:40:02,3,2465,4th St & Beach Ave,1.0,0.0
2023-10-27,421,South,24108,19825.0,04:39:00,04:41:33,04:41:48,4,1397,I-5 & Marine Dr NE Flyer Stop,1.0,0.0
2023-10-27,421,South,24108,19825.0,05:00:00,05:01:14,05:02:09,7,2543,Lynnwood Transit Center Bay D4,10.0,2.0
2023-10-27,421,South,24108,19825.0,05:20:00,05:19:03,05:19:23,10,2290,5th Ave & Jefferson St,0.0,4.0
2023-10-27,421,South,24108,19825.0,,05:20:58,05:21:25,11,635,4th Ave S & S Washington St,0.0,5.0
2023-10-27,421,South,24108,19825.0,,05:22:20,05:22:35,12,2638,4th Ave & Cherry St,0.0,2.0
2023-10-27,421,South,24108,19825.0,,05:23:53,05:24:22,13,641,4th Ave & Seneca St,0.0,1.0
2023-10-27,421,South,24108,19825.0,05:28:00,05:25:16,05:25:50,14,2976,4th Ave & Pine St,0.0,1.0
2023-10-27,421,South,24108,19825.0,,05:26:56,05:27:43,15,473,Olive Way & 6th Ave,0.0,1.0
2023-10-27,421,South,24108,19825.0,05:31:00,05:28:29,05:28:29,16,476,Olive Way & Terry Ave,0.0,0.0
2023-10-27,421,South,24109,19850.0,05:10:00,05:10:58,05:10:58,0,3001,Marysville at Cedar and Grove Park & Ride Bay 2,2.0,0.0
2023-10-27,421,South,24109,19850.0,,05:12:32,05:12:32,1,2490,10th St & Ash Ave,0.0,0.0
2023-10-27,421,South,24109,19850.0,05:12:00,05:13:08,05:13:25,2,2517,Marysville Ash Ave Park & Ride Bay 1,1.0,0.0
2023-10-27,421,South,24109,19850.0,,05:15:04,05:15:04,3,2465,4th St & Beach Ave,0.0,0.0
2023-10-27,421,South,24109,19850.0,05:14:00,05:15:43,05:15:43,4,1397,I-5 & Marine Dr NE Flyer Stop,0.0,0.0
2023-10-27,421,South,24109,19850.0,05:36:00,05:35:02,05:37:42,7,2543,Lynnwood Transit Center Bay D4,10.0,1.0
2023-10-27,421,South,24109,19850.0,05:57:00,05:55:05,05:55:23,10,2290,5th Ave & Jefferson St,0.0,5.0
2023-10-27,421,South,24109,19850.0,,05:56:58,05:56:58,11,635,4th Ave S & S Washington St,0.0,0.0
2023-10-27,421,South,24109,19850.0,,05:57:38,05:57:55,12,2638,4th Ave & Cherry St,0.0,1.0
2023-10-27,421,South,24109,19850.0,,05:58:53,05:59:25,13,641,4th Ave & Seneca St,0.0,3.0
2023-10-27,421,South,24109,19850.0,06:05:00,06:00:18,06:00:32,14,2976,4th Ave & Pine St,0.0,3.0
2023-10-27,421,South,24109,19850.0,,06:04:01,06:04:01,15,473,Olive Way & 6th Ave,0.0,0.0
2023-10-27,421,South,24109,19850.0,06:11:00,06:07:42,06:07:42,16,476,Olive Way & Terry Ave,0.0,0.0
2023-10-27,421,South,24110,17857.0,05:45:00,05:45:05,05:45:05,0,3001,Marysville at Cedar and Grove Park & Ride Bay 2,10.0,0.0
2023-10-27,421,South,24110,17857.0,,05:46:34,05:46:34,1,2490,10th St & Ash Ave,0.0,0.0
2023-10-27,421,South,24110,17857.0,05:47:00,05:47:06,05:47:21,2,2517,Marysville Ash Ave Park & Ride Bay 1,1.0,0.0
2023-10-27,421,South,24110,17857.0,,05:48:39,05:48:39,3,2465,4th St & Beach Ave,0.0,0.0
2023-10-27,421,South,24110,17857.0,05:51:00,05:49:26,05:49:26,4,1397,I-5 & Marine Dr NE Flyer Stop,0.0,0.0
2023-10-27,421,South,24110,17857.0,06:13:00,06:11:08,06:12:00,7,2543,Lynnwood Transit Center Bay D4,6.0,1.0
2023-10-27,421,South,24110,17857.0,06:37:00,06:32:37,06:33:09,10,2290,5th Ave & Jefferson St,0.0,7.0
2023-10-27,421,South,24110,17857.0,,06:36:33,06:36:48,11,635,4th Ave S & S Washington St,0.0,1.0
2023-10-27,421,South,24110,17857.0,,06:38:04,06:38:04,12,2638,4th Ave & Cherry St,0.0,0.0
2023-10-27,421,South,24110,17857.0,,06:39:00,06:39:16,13,641,4th Ave & Seneca St,0.0,3.0
2023-10-27,421,South,24110,17857.0,06:46:00,06:40:14,06:40:53,14,2976,4th Ave & Pine St,0.0,3.0
2023-10-27,421,South,24110,17857.0,,06:41:51,06:43:06,15,473,Olive Way & 6th Ave,0.0,2.0
2023-10-27,421,South,24110,17857.0,06:52:00,06:44:57,06:44:57,16,476,Olive Way & Terry Ave,0.0,0.0
2023-10-27,421,South,24111,19818.0,06:20:00,06:20:45,06:20:45,0,3001,Marysville at Cedar and Grove Park & Ride Bay 2,4.0,0.0
2023-10-27,421,South,24111,19818.0,,06:22:41,06:22:41,1,2490,10th St & Ash Ave,0.0,0.0
2023-10-27,421,South,24111,19818.0,06:22:00,06:23:24,06:24:25,2,2517,Marysville Ash Ave Park & Ride Bay 1,3.0,0.0
2023-10-27,421,South,24111,19818.0,,06:26:08,06:26:08,3,2465,4th St & Beach Ave,0.0,0.0
2023-10-27,421,South,24111,19818.0,06:26:00,06:27:22,06:27:22,4,1397,I-5 & Marine Dr NE Flyer Stop,0.0,0.0
2023-10-27,421,South,24111,19818.0,06:52:00,06:47:56,06:54:07,7,2543,Lynnwood Transit Center Bay D4,8.0,2.0
2023-10-27,421,South,24111,19818.0,07:18:00,07:17:38,07:17:56,10,2290,5th Ave & Jefferson St,0.0,4.0
2023-10-27,421,South,24111,19818.0,,07:19:38,07:19:53,11,635,4th Ave S & S Washington St,0.0,2.0
2023-10-27,421,South,24111,19818.0,,07:20:35,07:20:55,12,2638,4th Ave & Cherry St,0.0,2.0
2023-10-27,421,South,24111,19818.0,,07:22:32,07:22:56,13,641,4th Ave & Seneca St,0.0,2.0
2023-10-27,421,South,24111,19818.0,07:29:00,07:24:36,07:25:03,14,2976,4th Ave & Pine St,0.0,2.0
2023-10-27,421,South,24111,19818.0,,07:26:47,07:28:00,15,473,Olive Way & 6th Ave,0.0,1.0
2023-10-27,421,South,24111,19818.0,07:38:00,07:30:13,07:30:13,16,476,Olive Way & Terry Ave,0.0,0.0
2023-10-27,421,South,24112,19853.0,06:55:00,06:59:08,06:59:08,0,3001,Marysville at Cedar and Grove Park & Ride Bay 2,3.0,0.0
2023-10-27,421,South,24112,19853.0,,06:59:31,06:59:31,1,2490,10th St & Ash Ave,0.0,0.0
2023-10-27,421,South,24112,19853.0,06:57:00,07:00:22,07:00:49,2,2517,Marysville Ash Ave Park & Ride Bay 1,2.0,0.0
2023-10-27,421,South,24112,19853.0,,07:02:46,07:02:56,3,2465,4th St & Beach Ave,0.0,0.0
2023-10-27,421,South,24112,19853.0,07:01:00,07:03:57,07:04:11,4,1397,I-5 & Marine Dr NE Flyer Stop,1.0,0.0
2023-10-27,421,South,24112,19853.0,07:27:00,07:26:02,07:27:27,7,2543,Lynnwood Transit Center Bay D4,7.0,0.0
2023-10-27,421,South,24112,19853.0,07:56:00,07:49:09,07:49:38,10,2290,5th Ave & Jefferson St,0.0,5.0
2023-10-27,421,South,24112,19853.0,,07:52:33,07:52:53,11,635,4th Ave S & S Washington St,0.0,0.0
2023-10-27,421,South,24112,19853.0,,07:53:45,07:54:11,12,2638,4th Ave & Cherry St,0.0,3.0
2023-10-27,421,South,24112,19853.0,,07:55:39,07:56:04,13,641,4th Ave & Seneca St,0.0,3.0
2023-10-27,421,South,24112,19853.0,08:07:00,07:57:47,07:58:07,14,2976,4th Ave & Pine St,0.0,0.0
2023-10-27,421,South,24112,19853.0,,07:59:56,08:00:57,15,473,Olive Way & 6th Ave,0.0,2.0
2023-10-27,421,South,24112,19853.0,08:16:00,08:01:52,08:01:52,16,476,Olive Way & Terry Ave,0.0,0.0
2023-10-27,421,South,24113,19850.0,07:30:00,07:30:07,07:30:07,0,3001,Marysville at Cedar and Grove Park & Ride Bay 2,3.0,0.0
2023-10-27,421,South,24113,19850.0,,07:31:44,07:31:44,1,2490,10th St & Ash Ave,0.0,0.0
2023-10-27,421,South,24113,19850.0,07:32:00,07:32:23,07:32:59,2,2517,Marysville Ash Ave Park & Ride Bay 1,1.0,0.0
2023-10-27,421,South,24113,19850.0,,07:34:36,07:34:51,3,2465,4th St & Beach Ave,1.0,0.0
2023-10-27,421,South,24113,19850.0,07:35:00,07:35:37,07:35:37,4,1397,I-5 & Marine Dr NE Flyer Stop,0.0,0.0
2023-10-27,421,South,24113,19850.0,08:01:00,07:55:10,07:56:03,7,2543,Lynnwood Transit Center Bay D4,10.0,0.0
2023-10-27,421,South,24113,19850.0,08:30:00,08:14:43,08:15:07,10,2290,5th Ave & Jefferson St,0.0,2.0
2023-10-27,421,South,24113,19850.0,,08:17:47,08:18:01,11,635,4th Ave S & S Washington St,0.0,1.0
2023-10-27,421,South,24113,19850.0,,08:19:00,08:19:00,12,2638,4th Ave & Cherry St,0.0,0.0
2023-10-27,421,South,24113,19850.0,,08:20:07,08:20:54,13,641,4th Ave & Seneca St,0.0,3.0
2023-10-27,421,South,24113,19850.0,08:41:00,08:21:59,08:22:37,14,2976,4th Ave & Pine St,0.0,6.0
2023-10-27,421,South,24113,19850.0,,08:23:43,08:24:56,15,473,Olive Way & 6th Ave,0.0,2.0
2023-10-27,421,South,24113,19850.0,08:50:00,08:25:40,08:25:40,16,476,Olive Way & Terry Ave,0.0,1.0
2023-10-30,421,North,24102,17866.0,14:35:00,14:36:49,14:36:49,0,1909,Stewart St & 9th Ave,2.0,0.0
2023-10-30,421,North,24102,17866.0,,14:37:36,14:38:19,1,1908,Stewart St & 7th Ave,1.0,0.0
2023-10-30,421,North,24102,17866.0,,14:39:50,14:40:40,2,1907,Stewart St & 4th Ave,2.0,0.0
2023-10-30,421,North,24102,17866.0,,14:41:34,14:41:53,3,1079,2nd Ave & Stewart St,0.0,0.0
2023-10-30,421,North,24102,17866.0,14:41:00,14:44:26,14:45:16,4,2909,2nd Ave & Seneca St,8.0,0.0
2023-10-30,421,North,24102,17866.0,,14:46:24,14:47:07,5,2631,2nd Ave & Cherry St,4.0,1.0
2023-10-30,421,North,24102,17866.0,,14:50:14,14:50:50,6,546,Terrace St & 5th Ave,3.0,0.0
2023-10-30,421,North,24102,17866.0,14:49:00,14:52:17,14:53:08,7,685,5th Ave & James St,5.0,0.0
2023-10-30,421,North,24102,17866.0,15:16:00,15:16:38,15:17:52,10,2115,Lynnwood Transit Center Bay A2,0.0,10.0
2023-10-30,421,North,24102,17866.0,,15:51:42,15:51:42,14,2490,10th St & Ash Ave,0.0,0.0
2023-10-30,421,North,24102,17866.0,15:57:00,15:52:36,15:53:08,15,2517,Marysville Ash Ave Park & Ride Bay 1,0.0,5.0
2023-10-30,421,North,24102,17866.0,16:04:00,15:56:50,15:56:50,16,419,Marysville at Cedar and Grove Park & Ride Bay 4,0.0,9.0
2023-10-30,421,North,24103,15807.0,15:15:00,15:19:23,15:19:23,0,1909,Stewart St & 9th Ave,6.0,0.0
2023-10-30,421,North,24103,15807.0,,,,1,1908,Stewart St & 7th Ave,,
2023-10-30,421,North,24103,15807.0,,15:21:31,15:22:08,2,1907,Stewart St & 4th Ave,1.0,0.0
2023-10-30,421,North,24103,15807.0,,15:23:35,15:23:58,3,1079,2nd Ave & Stewart St,1.0,0.0
2023-10-30,421,North,24103,15807.0,15:21:00,15:25:58,15:27:48,4,2909,2nd Ave & Seneca St,4.0,2.0
2023-10-30,421,North,24103,15807.0,,15:29:31,15:29:46,5,2631,2nd Ave & Cherry St,0.0,0.0
2023-10-30,421,North,24103,15807.0,,15:32:42,15:33:44,6,546,Terrace St & 5th Ave,2.0,0.0
2023-10-30,421,North,24103,15807.0,15:29:00,15:34:26,15:35:29,7,685,5th Ave & James St,4.0,0.0
2023-10-30,421,North,24103,15807.0,16:00:00,15:56:56,15:58:20,10,2115,Lynnwood Transit Center Bay A2,2.0,7.0
2023-10-30,421,North,24103,15807.0,,16:31:34,16:31:34,14,2490,10th St & Ash Ave,0.0,0.0
2023-10-30,421,North,24103,15807.0,16:41:00,16:32:17,16:32:50,15,2517,Marysville Ash Ave Park & Ride Bay 1,0.0,3.0
2023-10-30,421,North,24103,15807.0,16:49:00,16:35:52,16:35:52,16,419,Marysville at Cedar and Grove Park & Ride Bay 4,0.0,8.0
2023-10-30,421,North,24104,15802.0,15:35:00,15:35:11,15:35:11,0,1909,Stewart St & 9th Ave,1.0,0.0
2023-10-30,421,North,24104,15802.0,,15:35:50,15:35:59,1,1908,Stewart St & 7th Ave,0.0,0.0
2023-10-30,421,North,24104,15802.0,,15:37:57,15:38:06,2,1907,Stewart St & 4th Ave,0.0,0.0
2023-10-30,421,North,24104,15802.0,,15:39:00,15:39:06,3,1079,2nd Ave & Stewart St,0.0,0.0
2023-10-30,421,North,24104,15802.0,15:41:00,15:41:04,15:41:26,4,2909,2nd Ave & Seneca St,3.0,0.0
2023-10-30,421,North,24104,15802.0,,15:42:12,15:43:10,5,2631,2nd Ave & Cherry St,2.0,0.0
2023-10-30,421,North,24104,15802.0,,15:47:04,15:47:46,6,546,Terrace St & 5th Ave,7.0,0.0
2023-10-30,421,North,24104,15802.0,15:49:00,15:49:17,15:49:38,7,685,5th Ave & James St,1.0,0.0
2023-10-30,421,North,24104,15802.0,16:20:00,16:12:46,16:13:18,10,2115,Lynnwood Transit Center Bay A2,0.0,9.0
2023-10-30,421,North,24104,15802.0,,16:46:57,16:46:57,14,2490,10th St & Ash Ave,0.0,0.0
2023-10-30,421,North,24104,15802.0,17:01:00,16:47:39,16:47:56,15,2517,Marysville Ash Ave Park & Ride Bay 1,0.0,2.0
2023-10-30,421,North,24104,15802.0,17:14:00,16:50:17,16:50:17,16,419,Marysville at Cedar and Grove Park & Ride Bay 4,0.0,3.0
2023-10-30,421,North,24105,15800.0,16:10:00,16:12:05,16:12:05,0,1909,Stewart St & 9th Ave,2.0,0.0
2023-10-30,421,North,24105,15800.0,,16:12:22,16:12:42,1,1908,Stewart St & 7th Ave,1.0,0.0
2023-10-30,421,North,24105,15800.0,,16:15:27,16:15:54,2,1907,Stewart St & 4th Ave,2.0,0.0
2023-10-30,421,North,24105,15800.0,,16:17:27,16:17:43,3,1079,2nd Ave & Stewart St,1.0,0.0
2023-10-30,421,North,24105,15800.0,16:16:00,16:19:59,16:21:08,4,2909,2nd Ave & Seneca St,7.0,0.0
2023-10-30,421,North,24105,15800.0,,16:22:03,16:22:45,5,2631,2nd Ave & Cherry St,3.0,0.0
2023-10-30,421,North,24105,15800.0,,16:26:05,16:26:41,6,546,Terrace St & 5th Ave,3.0,0.0
2023-10-30,421,North,24105,15800.0,16:24:00,16:28:09,16:29:27,7,685,5th Ave & James St,10.0,0.0
2023-10-30,421,North,24105,15800.0,16:56:00,16:52:22,16:53:17,10,2115,Lynnwood Transit Center Bay A2,0.0,17.0
2023-10-30,421,North,24105,15800.0,,17:25:09,17:25:09,14,2490,10th St & Ash Ave,0.0,0.0
2023-10-30,421,North,24105,15800.0,17:37:00,17:25:49,17:26:27,15,2517,Marysville Ash Ave Park & Ride Bay 1,0.0,7.0
2023-10-30,421,North,24105,15800.0,17:49:00,17:29:12,17:29:12,16,419,Marysville at Cedar and Grove Park & Ride Bay 4,0.0,5.0
2023-10-30,421,North,24106,15820.0,16:30:00,16:30:22,16:30:22,0,1909,Stewart St & 9th Ave,1.0,0.0
2023-10-30,421,North,24106,15820.0,,16:31:32,16:32:26,1,1908,Stewart St & 7th Ave,0.0,0.0
2023-10-30,421,North,24106,15820.0,,16:35:01,16:35:58,2,1907,Stewart St & 4th Ave,0.0,0.0
2023-10-30,421,North,24106,15820.0,,16:37:05,16:37:45,3,1079,2nd Ave & Stewart St,0.0,1.0
2023-10-30,421,North,24106,15820.0,16:37:00,16:40:07,16:40:55,4,2909,2nd Ave & Seneca St,5.0,0.0
2023-10-30,421,North,24106,15820.0,,16:41:59,16:42:38,5,2631,2nd Ave & Cherry St,4.0,0.0
2023-10-30,421,North,24106,15820.0,,16:45:34,16:46:15,6,546,Terrace St & 5th Ave,4.0,0.0
2023-10-30,421,North,24106,15820.0,16:45:00,16:47:52,16:48:58,7,685,5th Ave & James St,3.0,0.0
2023-10-30,421,North,24106,15820.0,17:17:00,17:13:16,17:14:25,10,2115,Lynnwood Transit Center Bay A2,0.0,10.0
2023-10-30,421,North,24106,15820.0,,17:45:02,17:45:27,14,2490,10th St & Ash Ave,0.0,1.0
2023-10-30,421,North,24106,15820.0,17:58:00,17:46:37,17:48:21,15,2517,Marysville Ash Ave Park & Ride Bay 1,0.0,0.0
2023-10-30,421,North,24106,15820.0,18:08:00,17:51:37,17:51:37,16,419,Marysville at Cedar and Grove Park & Ride Bay 4,0.0,5.0
2023-10-30,421,North,24107,19816.0,17:35:00,17:35:20,17:35:20,0,1909,Stewart St & 9th Ave,0.0,0.0
2023-10-30,421,North,24107,19816.0,,17:35:50,17:36:02,1,1908,Stewart St & 7th Ave,0.0,0.0
2023-10-30,421,North,24107,19816.0,,17:38:13,17:38:31,2,1907,Stewart St & 4th Ave,1.0,0.0
2023-10-30,421,North,24107,19816.0,,17:40:00,17:40:25,3,1079,2nd Ave & Stewart St,2.0,0.0
2023-10-30,421,North,24107,19816.0,17:42:00,17:42:46,17:43:03,4,2909,2nd Ave & Seneca St,1.0,0.0
2023-10-30,421,North,24107,19816.0,,17:44:44,17:45:01,5,2631,2nd Ave & Cherry St,2.0,0.0
2023-10-30,421,North,24107,19816.0,,17:48:53,17:50:12,6,546,Terrace St & 5th Ave,1.0,0.0
2023-10-30,421,North,24107,19816.0,17:50:00,17:50:53,17:51:08,7,685,5th Ave & James St,1.0,0.0
2023-10-30,421,North,24107,19816.0,18:18:00,18:11:27,18:13:44,10,2115,Lynnwood Transit Center Bay A2,1.0,5.0
2023-10-30,421,North,24107,19816.0,,18:39:46,18:39:46,14,2490,10th St & Ash Ave,0.0,0.0
2023-10-30,421,North,24107,19816.0,18:53:00,18:40:33,18:43:00,15,2517,Marysville Ash Ave Park & Ride Bay 1,0.0,2.0
2023-10-30,421,North,24107,19816.0,18:59:00,18:46:02,18:46:02,16,419,Marysville at Cedar and Grove Park & Ride Bay 4,0.0,2.0
2023-10-30,421,South,24108,19810.0,04:35:00,04:35:12,04:35:12,0,3001,Marysville at Cedar and Grove Park & Ride Bay 2,8.0,0.0
2023-10-30,421,South,24108,19810.0,,04:36:51,04:36:51,1,2490,10th St & Ash Ave,0.0,0.0
2023-10-30,421,South,24108,19810.0,04:37:00,04:37:30,04:37:51,2,2517,Marysville Ash Ave Park & Ride Bay 1,1.0,0.0
2023-10-30,421,South,24108,19810.0,,04:39:17,04:39:17,3,2465,4th St & Beach Ave,0.0,0.0
2023-10-30,421,South,24108,19810.0,04:39:00,04:40:47,04:40:47,4,1397,I-5 & Marine Dr NE Flyer Stop,0.0,0.0
2023-10-30,421,South,24108,19810.0,05:00:00,05:00:06,05:01:25,7,2543,Lynnwood Transit Center Bay D4,14.0,1.0
2023-10-30,421,South,24108,19810.0,05:20:00,05:19:08,05:19:34,10,2290,5th Ave & Jefferson St,0.0,10.0
2023-10-30,421,South,24108,19810.0,,05:21:02,05:21:22,11,635,4th Ave S & S Washington St,0.0,5.0
2023-10-30,421,South,24108,19810.0,,05:22:31,05:22:43,12,2638,4th Ave & Cherry St,0.0,1.0
2023-10-30,421,South,24108,19810.0,,05:23:57,05:24:31,13,641,4th Ave & Seneca St,0.0,3.0
2023-10-30,421,South,24108,19810.0,05:28:00,05:25:24,05:25:56,14,2976,4th Ave & Pine St,0.0,1.0
2023-10-30,421,South,24108,19810.0,,05:27:01,05:27:50,15,473,Olive Way & 6th Ave,0.0,1.0
2023-10-30,421,South,24108,19810.0,05:31:00,05:29:25,05:29:25,16,476,Olive Way & Terry Ave,0.0,1.0
2023-10-30,421,South,24109,17863.0,05:10:00,05:10:27,05:10:27,0,3001,Marysville at Cedar and Grove Park & Ride Bay 2,9.0,0.0
2023-10-30,421,South,24109,17863.0,,05:12:00,05:12:22,1,2490,10th St & Ash Ave,1.0,0.0
2023-10-30,421,South,24109,17863.0,05:12:00,05:13:10,05:14:08,2,2517,Marysville Ash Ave Park & Ride Bay 1,5.0,0.0
2023-10-30,421,South,24109,17863.0,,05:15:58,05:15:58,3,2465,4th St & Beach Ave,0.0,0.0
2023-10-30,421,South,24109,17863.0,05:14:00,05:16:46,05:16:46,4,1397,I-5 & Marine Dr NE Flyer Stop,0.0,0.0
2023-10-30,421,South,24109,17863.0,05:36:00,05:36:30,05:38:48,7,2543,Lynnwood Transit Center Bay D4,13.0,1.0
2023-10-30,421,South,24109,17863.0,05:57:00,05:55:10,05:55:57,10,2290,5th Ave & Jefferson St,0.0,11.0
2023-10-30,421,South,24109,17863.0,,05:58:10,05:58:22,11,635,4th Ave S & S Washington St,0.0,1.0
2023-10-30,421,South,24109,17863.0,,05:59:19,05:59:41,12,2638,4th Ave & Cherry St,0.0,7.0
2023-10-30,421,South,24109,17863.0,,06:00:54,06:01:22,13,641,4th Ave & Seneca St,0.0,4.0
2023-10-30,421,South,24109,17863.0,06:05:00,06:02:15,06:02:31,14,2976,4th Ave & Pine St,0.0,2.0
2023-10-30,421,South,24109,17863.0,,06:03:46,06:05:01,15,473,Olive Way & 6th Ave,0.0,1.0
2023-10-30,421,South,24109,17863.0,06:11:00,06:06:07,06:06:07,16,476,Olive Way & Terry Ave,0.0,1.0
2023-10-30,421,South,24110,19853.0,05:45:00,05:45:04,05:45:04,0,3001,Marysville at Cedar and Grove Park & Ride Bay 2,8.0,0.0
2023-10-30,421,South,24110,19853.0,,05:46:38,05:46:38,1,2490,10th St & Ash Ave,0.0,0.0
2023-10-30,421,South,24110,19853.0,05:47:00,05:47:12,05:47:35,2,2517,Marysville Ash Ave Park & Ride Bay 1,2.0,0.0
2023-10-30,421,South,24110,19853.0,,05:49:48,05:49:48,3,2465,4th St & Beach Ave,0.0,0.0
2023-10-30,421,South,24110,19853.0,05:51:00,05:51:45,05:51:45,4,1397,I-5 & Marine Dr NE Flyer Stop,0.0,0.0
2023-10-30,421,South,24110,19853.0,06:13:00,06:16:55,06:18:57,7,2543,Lynnwood Transit Center Bay D4,17.0,3.0
2023-10-30,421,South,24110,19853.0,06:37:00,06:38:34,06:39:10,10,2290,5th Ave & Jefferson St,0.0,10.0
2023-10-30,421,South,24110,19853.0,,06:41:30,06:41:46,11,635,4th Ave S & S Washington St,0.0,2.0
2023-10-30,421,South,24110,19853.0,,06:42:56,06:43:20,12,2638,4th Ave & Cherry St,0.0,2.0
2023-10-30,421,South,24110,19853.0,,06:45:07,06:45:36,13,641,4th Ave & Seneca St,0.0,6.0
2023-10-30,421,South,24110,19853.0,06:46:00,06:47:20,06:48:22,14,2976,4th Ave & Pine St,0.0,3.0
2023-10-30,421,South,24110,19853.0,,06:49:23,06:50:30,15,473,Olive Way & 6th Ave,0.0,1.0
2023-10-30,421,South,24110,19853.0,06:52:00,06:51:12,06:51:12,16,476,Olive Way & Terry Ave,0.0,0.0
2023-10-30,421,South,24111,19813.0,06:20:00,06:20:38,06:20:38,0,3001,Marysville at Cedar and Grove Park & Ride Bay 2,3.0,0.0
2023-10-30,421,South,24111,19813.0,,06:22:29,06:22:29,1,2490,10th St & Ash Ave,0.0,0.0
2023-10-30,421,South,24111,19813.0,06:22:00,06:23:07,06:24:51,2,2517,Marysville Ash Ave Park & Ride Bay 1,4.0,0.0
2023-10-30,421,South,24111,19813.0,,06:26:59,06:27:21,3,2465,4th St & Beach Ave,1.0,0.0
2023-10-30,421,South,24111,19813.0,06:26:00,06:28:30,06:28:54,4,1397,I-5 & Marine Dr NE Flyer Stop,1.0,0.0
2023-10-30,421,South,24111,19813.0,06:52:00,06:52:08,06:54:38,7,2543,Lynnwood Transit Center Bay D4,4.0,1.0
2023-10-30,421,South,24111,19813.0,07:18:00,07:14:42,07:15:03,10,2290,5th Ave & Jefferson St,0.0,4.0
2023-10-30,421,South,24111,19813.0,,07:18:09,07:18:21,11,635,4th Ave S & S Washington St,0.0,1.0
2023-10-30,421,South,24111,19813.0,,07:19:08,07:19:26,12,2638,4th Ave & Cherry St,0.0,3.0
2023-10-30,421,South,24111,19813.0,,07:21:18,07:21:31,13,641,4th Ave & Seneca St,0.0,0.0
2023-10-30,421,South,24111,19813.0,07:29:00,07:23:10,07:23:44,14,2976,4th Ave & Pine St,0.0,3.0
2023-10-30,421,South,24111,19813.0,,07:25:23,07:25:56,15,473,Olive Way & 6th Ave,0.0,1.0
2023-10-30,421,South,24111,19813.0,07:38:00,07:28:27,07:28:27,16,476,Olive Way & Terry Ave,0.0,0.0
2023-10-30,421,South,24112,19816.0,06:55:00,06:55:42,06:55:42,0,3001,Marysville at Cedar and Grove Park & Ride Bay 2,3.0,0.0
2023-10-30,421,South,24112,19816.0,,06:57:32,06:57:32,1,2490,10th St & Ash Ave,0.0,0.0
2023-10-30,421,South,24112,19816.0,06:57:00,06:58:17,06:58:54,2,2517,Marysville Ash Ave Park & Ride Bay 1,4.0,0.0
2023-10-30,421,South,24112,19816.0,,07:00:39,07:00:52,3,2465,4th St & Beach Ave,1.0,0.0
2023-10-30,421,South,24112,19816.0,07:01:00,07:03:04,07:03:20,4,1397,I-5 & Marine Dr NE Flyer Stop,1.0,0.0
2023-10-30,421,South,24112,19816.0,07:27:00,07:25:57,07:27:06,7,2543,Lynnwood Transit Center Bay D4,15.0,1.0
2023-10-30,421,South,24112,19816.0,07:56:00,07:50:45,07:51:13,10,2290,5th Ave & Jefferson St,0.0,10.0
2023-10-30,421,South,24112,19816.0,,07:54:54,07:54:54,11,635,4th Ave S & S Washington St,0.0,0.0
2023-10-30,421,South,24112,19816.0,,07:56:22,07:56:39,12,2638,4th Ave & Cherry St,0.0,3.0
2023-10-30,421,South,24112,19816.0,,07:58:34,07:58:53,13,641,4th Ave & Seneca St,0.0,6.0
2023-10-30,421,South,24112,19816.0,08:07:00,08:00:42,08:00:57,14,2976,4th Ave & Pine St,0.0,4.0
2023-10-30,421,South,24112,19816.0,,08:02:46,08:02:46,15,473,Olive Way & 6th Ave,0.0,0.0
2023-10-30,421,South,24112,19816.0,08:16:00,08:04:34,08:04:34,16,476,Olive Way & Terry Ave,0.0,0.0
2023-10-30,421,South,24113,17863.0,07:30:00,07:30:51,07:30:51,0,3001,Marysville at Cedar and Grove Park & Ride Bay 2,2.0,0.0
2023-10-30,421,South,24113,17863.0,,07:32:28,07:32:28,1,2490,10th St & Ash Ave,0.0,0.0
2023-10-30,421,South,24113,17863.0,07:32:00,07:33:35,07:33:35,2,2517,Marysville Ash Ave Park & Ride Bay 1,0.0,0.0
2023-10-30,421,South,24113,17863.0,,07:35:01,07:35:01,3,2465,4th St & Beach Ave,0.0,0.0
2023-10-30,421,South,24113,17863.0,07:35:00,07:36:48,07:36:48,4,1397,I-5 & Marine Dr NE Flyer Stop,0.0,0.0
2023-10-30,421,South,24113,17863.0,08:01:00,07:57:37,07:59:07,7,2543,Lynnwood Transit Center Bay D4,18.0,1.0
2023-10-30,421,South,24113,17863.0,08:30:00,08:22:12,08:22:54,10,2290,5th Ave & Jefferson St,0.0,3.0
2023-10-30,421,South,24113,17863.0,,08:27:19,08:27:19,11,635,4th Ave S & S Washington St,0.0,0.0
2023-10-30,421,South,24113,17863.0,,08:28:09,08:28:38,12,2638,4th Ave & Cherry St,0.0,2.0
2023-10-30,421,South,24113,17863.0,,08:30:16,08:30:42,13,641,4th Ave & Seneca St,0.0,9.0
2023-10-30,421,South,24113,17863.0,08:41:00,08:32:16,08:32:41,14,2976,4th Ave & Pine St,0.0,4.0
2023-10-30,421,South,24113,17863.0,,08:34:16,08:35:27,15,473,Olive Way & 6th Ave,0.0,1.0
2023-10-30,421,South,24113,17863.0,08:50:00,08:41:43,08:41:43,16,476,Olive Way & Terry Ave,0.0,0.0
2023-10-31,421,North,24102,15801.0,14:35:00,14:37:01,14:37:01,0,1909,Stewart St & 9th Ave,2.0,0.0
2023-10-31,421,North,24102,15801.0,,14:37:37,14:38:14,1,1908,Stewart St & 7th Ave,3.0,0.0
2023-10-31,421,North,24102,15801.0,,14:39:50,14:40:13,2,1907,Stewart St & 4th Ave,3.0,0.0
2023-10-31,421,North,24102,15801.0,,14:41:31,14:41:57,3,1079,2nd Ave & Stewart St,1.0,0.0
2023-10-31,421,North,24102,15801.0,14:41:00,14:44:28,14:45:15,4,2909,2nd Ave & Seneca St,6.0,0.0
2023-10-31,421,North,24102,15801.0,,14:46:24,14:47:13,5,2631,2nd Ave & Cherry St,5.0,0.0
2023-10-31,421,North,24102,15801.0,,14:50:39,14:51:20,6,546,Terrace St & 5th Ave,4.0,0.0
2023-10-31,421,North,24102,15801.0,14:49:00,14:52:25,14:53:36,7,685,5th Ave & James St,6.0,0.0
2023-10-31,421,North,24102,15801.0,15:16:00,15:16:24,15:17:18,10,2115,Lynnwood Transit Center Bay A2,0.0,14.0
2023-10-31,421,North,24102,15801.0,,15:56:39,15:56:39,14,2490,10th St & Ash Ave,0.0,0.0
2023-10-31,421,North,24102,15801.0,15:57:00,15:57:34,15:58:14,15,2517,Marysville Ash Ave Park & Ride Bay 1,0.0,8.0
2023-10-31,421,North,24102,15801.0,16:04:00,16:01:37,16:01:37,16,419,Marysville at Cedar and Grove Park & Ride Bay 4,0.0,8.0
2023-10-31,421,North,24103,19854.0,15:15:00,15:17:47,15:17:47,0,1909,Stewart St & 9th Ave,2.0,0.0
2023-10-31,421,North,24103,19854.0,,,,1,1908,Stewart St & 7th Ave,,
2023-10-31,421,North,24103,19854.0,,15:20:07,15:20:34,2,1907,Stewart St & 4th Ave,1.0,0.0
2023-10-31,421,North,24103,19854.0,,15:21:57,15:22:27,3,1079,2nd Ave & Stewart St,3.0,1.0
2023-10-31,421,North,24103,19854.0,15:21:00,15:24:28,15:25:01,4,2909,2nd Ave & Seneca St,2.0,0.0
2023-10-31,421,North,24103,19854.0,,15:26:34,15:26:53,5,2631,2nd Ave & Cherry St,0.0,0.0
2023-10-31,421,North,24103,19854.0,,15:30:28,15:30:58,6,546,Terrace St & 5th Ave,2.0,0.0
2023-10-31,421,North,24103,19854.0,15:29:00,15:32:38,15:33:58,7,685,5th Ave & James St,7.0,0.0
2023-10-31,421,North,24103,19854.0,16:00:00,15:59:42,16:00:12,10,2115,Lynnwood Transit Center Bay A2,0.0,9.0
2023-10-31,421,North,24103,19854.0,,16:35:52,16:36:17,14,2490,10th St & Ash Ave,0.0,1.0
2023-10-31,421,North,24103,19854.0,16:41:00,16:37:23,16:37:36,15,2517,Marysville Ash Ave Park & Ride Bay 1,0.0,0.0
2023-10-31,421,North,24103,19854.0,16:49:00,16:40:51,16:40:51,16,419,Marysville at Cedar and Grove Park & Ride Bay 4,0.0,6.0
2023-10-31,421,North,24104,17864.0,15:35:00,15:35:21,15:35:21,0,1909,Stewart St & 9th Ave,2.0,0.0
2023-10-31,421,North,24104,17864.0,,15:36:00,15:36:10,1,1908,Stewart St & 7th Ave,0.0,0.0
2023-10-31,421,North,24104,17864.0,,15:38:09,15:38:19,2,1907,Stewart St & 4th Ave,0.0,0.0
2023-10-31,421,North,24104,17864.0,,15:40:00,15:40:19,3,1079,2nd Ave & Stewart St,1.0,0.0
2023-10-31,421,North,24104,17864.0,15:41:00,15:42:36,15:43:39,4,2909,2nd Ave & Seneca St,3.0,0.0
2023-10-31,421,North,24104,17864.0,,15:44:35,15:45:05,5,2631,2nd Ave & Cherry St,2.0,0.0
2023-10-31,421,North,24104,17864.0,,15:47:29,15:47:56,6,546,Terrace St & 5th Ave,2.0,0.0
2023-10-31,421,North,24104,17864.0,15:49:00,15:49:18,15:50:32,7,685,5th Ave & James St,5.0,0.0
2023-10-31,421,North,24104,17864.0,16:20:00,16:16:30,16:16:59,10,2115,Lynnwood Transit Center Bay A2,0.0,7.0
2023-10-31,421,North,24104,17864.0,,16:48:37,16:49:01,14,2490,10th St & Ash Ave,0.0,2.0
2023-10-31,421,North,24104,17864.0,17:01:00,16:49:50,16:50:12,15,2517,Marysville Ash Ave Park & Ride Bay 1,0.0,3.0
2023-10-31,421,North,24104,17864.0,17:14:00,16:52:43,16:52:43,16,419,Marysville at Cedar and Grove Park & Ride Bay 4,0.0,3.0
2023-10-31,421,North,24105,19814.0,16:10:00,16:12:11,16:12:11,0,1909,Stewart St & 9th Ave,0.0,0.0
2023-10-31,421,North,24105,19814.0,,16:13:22,16:14:24,1,1908,Stewart St & 7th Ave,2.0,0.0
2023-10-31,421,North,24105,19814.0,,16:17:00,16:17:11,2,1907,Stewart St & 4th Ave,0.0,0.0
2023-10-31,421,North,24105,19814.0,,16:17:46,16:18:01,3,1079,2nd Ave & Stewart St,1.0,0.0
2023-10-31,421,North,24105,19814.0,16:16:00,16:20:11,16:20:47,4,2909,2nd Ave & Seneca St,7.0,0.0
2023-10-31,421,North,24105,19814.0,,16:22:05,16:23:14,5,2631,2nd Ave & Cherry St,5.0,0.0
2023-10-31,421,North,24105,19814.0,,16:26:00,16:26:46,6,546,Terrace St & 5th Ave,4.0,0.0
2023-10-31,421,North,24105,19814.0,16:24:00,16:28:14,16:29:29,7,685,5th Ave & James St,8.0,0.0
2023-10-31,421,North,24105,19814.0,16:56:00,17:02:07,17:02:54,10,2115,Lynnwood Transit Center Bay A2,0.0,14.0
2023-10-31,421,North,24105,19814.0,,17:33:10,17:33:10,14,2490,10th St & Ash Ave,0.0,0.0
2023-10-31,421,North,24105,19814.0,17:37:00,17:33:54,17:34:19,15,2517,Marysville Ash Ave Park & Ride Bay 1,0.0,4.0
2023-10-31,421,North,24105,19814.0,17:49:00,17:37:07,17:37:07,16,419,Marysville at Cedar and Grove Park & Ride Bay 4,0.0,9.0
2023-10-31,421,North,24106,17858.0,16:30:00,16:30:48,16:30:48,0,1909,Stewart St & 9th Ave,1.0,0.0
2023-10-31,421,North,24106,17858.0,,16:31:25,16:32:22,1,1908,Stewart St & 7th Ave,0.0,0.0
2023-10-31,421,North,24106,17858.0,,16:34:57,16:35:22,2,1907,Stewart St & 4th Ave,0.0,0.0
2023-10-31,421,North,24106,17858.0,,16:36:59,16:37:26,3,1079,2nd Ave & Stewart St,0.0,1.0
2023-10-31,421,North,24106,17858.0,16:37:00,16:40:04,16:40:48,4,2909,2nd Ave & Seneca St,5.0,0.0
2023-10-31,421,North,24106,17858.0,,16:41:54,16:42:42,5,2631,2nd Ave & Cherry St,2.0,0.0
2023-10-31,421,North,24106,17858.0,,16:45:36,16:46:33,6,546,Terrace St & 5th Ave,4.0,0.0
2023-10-31,421,North,24106,17858.0,16:45:00,16:47:49,16:49:02,7,685,5th Ave & James St,6.0,0.0
2023-10-31,421,North,24106,17858.0,17:17:00,17:21:43,17:23:24,10,2115,Lynnwood Transit Center Bay A2,0.0,12.0
2023-10-31,421,North,24106,17858.0,,17:51:27,17:51:43,14,2490,10th St & Ash Ave,0.0,1.0
2023-10-31,421,North,24106,17858.0,17:58:00,17:52:55,17:53:26,15,2517,Marysville Ash Ave Park & Ride Bay 1,0.0,2.0
2023-10-31,421,North,24106,17858.0,18:08:00,17:56:43,17:56:43,16,419,Marysville at Cedar and Grove Park & Ride Bay 4,0.0,2.0
2023-10-31,421,North,24107,19817.0,17:35:00,17:35:17,17:35:17,0,1909,Stewart St & 9th Ave,1.0,0.0
2023-10-31,421,North,24107,19817.0,,17:35:50,17:36:07,1,1908,Stewart St & 7th Ave,1.0,0.0
2023-10-31,421,North,24107,19817.0,,17:37:56,17:38:09,2,1907,Stewart St & 4th Ave,1.0,0.0
2023-10-31,421,North,24107,19817.0,,17:39:53,17:40:09,3,1079,2nd Ave & Stewart St,1.0,0.0
2023-10-31,421,North,24107,19817.0,17:42:00,17:42:41,17:43:39,4,2909,2nd Ave & Seneca St,2.0,0.0
2023-10-31,421,North,24107,19817.0,,17:44:42,17:45:05,5,2631,2nd Ave & Cherry St,2.0,0.0
2023-10-31,421,North,24107,19817.0,,17:48:45,17:49:15,6,546,Terrace St & 5th Ave,3.0,0.0
2023-10-31,421,North,24107,19817.0,17:50:00,17:50:41,17:51:02,7,685,5th Ave & James St,2.0,0.0
2023-10-31,421,North,24107,19817.0,18:18:00,18:15:03,18:15:53,10,2115,Lynnwood Transit Center Bay A2,0.0,9.0
2023-10-31,421,North,24107,19817.0,,18:43:07,18:43:07,14,2490,10th St & Ash Ave,0.0,0.0
2023-10-31,421,North,24107,19817.0,18:53:00,18:43:55,18:44:10,15,2517,Marysville Ash Ave Park & Ride Bay 1,0.0,0.0
2023-10-31,421,North,24107,19817.0,18:59:00,18:47:06,18:47:06,16,419,Marysville at Cedar and Grove Park & Ride Bay 4,0.0,4.0
2023-10-31,421,South,24108,19810.0,04:35:00,04:35:11,04:35:11,0,3001,Marysville at Cedar and Grove Park & Ride Bay 2,10.0,0.0
2023-10-31,421,South,24108,19810.0,,04:36:48,04:36:48,1,2490,10th St & Ash Ave,0.0,0.0
2023-10-31,421,South,24108,19810.0,04:37:00,04:37:28,04:37:42,2,2517,Marysville Ash Ave Park & Ride Bay 1,0.0,0.0
2023-10-31,421,South,24108,19810.0,,04:39:18,04:39:18,3,2465,4th St & Beach Ave,0.0,0.0
2023-10-31,421,South,24108,19810.0,04:39:00,04:40:49,04:40:49,4,1397,I-5 & Marine Dr NE Flyer Stop,0.0,0.0
2023-10-31,421,South,24108,19810.0,05:00:00,05:00:07,05:01:22,7,2543,Lynnwood Transit Center Bay D4,14.0,1.0
2023-10-31,421,South,24108,19810.0,05:20:00,05:19:04,05:19:30,10,2290,5th Ave & Jefferson St,0.0,11.0
2023-10-31,421,South,24108,19810.0,,05:20:58,05:21:15,11,635,4th Ave S & S Washington St,0.0,3.0
2023-10-31,421,South,24108,19810.0,,05:22:31,05:22:48,12,2638,4th Ave & Cherry St,0.0,2.0
2023-10-31,421,South,24108,19810.0,,05:24:01,05:24:31,13,641,4th Ave & Seneca St,0.0,3.0
2023-10-31,421,South,24108,19810.0,05:28:00,05:25:24,05:25:57,14,2976,4th Ave & Pine St,0.0,2.0
2023-10-31,421,South,24108,19810.0,,05:27:00,05:27:45,15,473,Olive Way & 6th Ave,0.0,1.0
2023-10-31,421,South,24108,19810.0,05:31:00,05:28:37,05:28:37,16,476,Olive Way & Terry Ave,0.0,1.0
2023-10-31,421,South,24109,19854.0,05:10:00,05:10:03,05:10:03,0,3001,Marysville at Cedar and Grove Park & Ride Bay 2,6.0,0.0
2023-10-31,421,South,24109,19854.0,,05:11:28,05:11:47,1,2490,10th St & Ash Ave,1.0,0.0
2023-10-31,421,South,24109,19854.0,05:12:00,05:12:38,05:13:08,2,2517,Marysville Ash Ave Park & Ride Bay 1,3.0,0.0
2023-10-31,421,South,24109,19854.0,,05:14:46,05:15:04,3,2465,4th St & Beach Ave,1.0,0.0
2023-10-31,421,South,24109,19854.0,05:14:00,05:15:45,05:15:45,4,1397,I-5 & Marine Dr NE Flyer Stop,0.0,0.0
2023-10-31,421,South,24109,19854.0,05:36:00,05:35:32,05:36:41,7,2543,Lynnwood Transit Center Bay D4,6.0,0.0
2023-10-31,421,South,24109,19854.0,05:57:00,05:55:09,05:55:36,10,2290,5th Ave & Jefferson St,0.0,7.0
2023-10-31,421,South,24109,19854.0,,05:58:13,05:58:13,11,635,4th Ave S & S Washington St,0.0,0.0
2023-10-31,421,South,24109,19854.0,,05:59:18,05:59:43,12,2638,4th Ave & Cherry St,0.0,4.0
2023-10-31,421,South,24109,19854.0,,06:00:50,06:01:12,13,641,4th Ave & Seneca St,0.0,3.0
2023-10-31,421,South,24109,19854.0,06:05:00,06:03:05,06:03:25,14,2976,4th Ave & Pine St,0.0,2.0
2023-10-31,421,South,24109,19854.0,,06:04:17,06:05:28,15,473,Olive Way & 6th Ave,0.0,1.0
2023-10-31,421,South,24109,19854.0,06:11:00,06:11:19,06:11:19,16,476,Olive Way & Terry Ave,0.0,0.0
2023-10-31,421,South,24110,15805.0,05:45:00,05:45:09,05:45:09,0,3001,Marysville at Cedar and Grove Park & Ride Bay 2,11.0,0.0
2023-10-31,421,South,24110,15805.0,,05:46:44,05:46:44,1,2490,10th St & Ash Ave,0.0,0.0
2023-10-31,421,South,24110,15805.0,05:47:00,05:47:27,05:47:27,2,2517,Marysville Ash Ave Park & Ride Bay 1,0.0,0.0
2023-10-31,421,South,24110,15805.0,,05:49:00,05:49:00,3,2465,4th St & Beach Ave,0.0,0.0
2023-10-31,421,South,24110,15805.0,05:51:00,05:50:03,05:50:03,4,1397,I-5 & Marine Dr NE Flyer Stop,0.0,0.0
2023-10-31,421,South,24110,15805.0,06:13:00,06:13:18,06:14:10,7,2543,Lynnwood Transit Center Bay D4,12.0,3.0
2023-10-31,421,South,24110,15805.0,06:37:00,06:34:09,06:34:47,10,2290,5th Ave & Jefferson St,0.0,12.0
2023-10-31,421,South,24110,15805.0,,06:36:29,06:36:29,11,635,4th Ave S & S Washington St,0.0,0.0
2023-10-31,421,South,24110,15805.0,,06:37:12,06:37:35,12,2638,4th Ave & Cherry St,0.0,1.0
2023-10-31,421,South,24110,15805.0,,06:39:01,06:39:25,13,641,4th Ave & Seneca St,0.0,5.0
2023-10-31,421,South,24110,15805.0,06:46:00,06:41:09,06:41:33,14,2976,4th Ave & Pine St,0.0,1.0
2023-10-31,421,South,24110,15805.0,,06:43:16,06:44:27,15,473,Olive Way & 6th Ave,0.0,1.0
2023-10-31,421,South,24110,15805.0,06:52:00,06:46:25,06:46:25,16,476,Olive Way & Terry Ave,0.0,0.0
2023-10-31,421,South,24111,19824.0,06:20:00,06:20:43,06:20:43,0,3001,Marysville at Cedar and Grove Park & Ride Bay 2,5.0,0.0
2023-10-31,421,South,24111,19824.0,,06:22:20,06:22:32,1,2490,10th St & Ash Ave,1.0,0.0
2023-10-31,421,South,24111,19824.0,06:22:00,06:23:25,06:24:21,2,2517,Marysville Ash Ave Park & Ride Bay 1,5.0,1.0
2023-10-31,421,South,24111,19824.0,,06:26:37,06:27:02,3,2465,4th St & Beach Ave,1.0,0.0
2023-10-31,421,South,24111,19824.0,06:26:00,06:27:52,06:28:30,4,1397,I-5 & Marine Dr NE Flyer Stop,2.0,0.0
2023-10-31,421,South,24111,19824.0,06:52:00,06:52:38,06:54:43,7,2543,Lynnwood Transit Center Bay D4,14.0,1.0
2023-10-31,421,South,24111,19824.0,07:18:00,07:17:32,07:18:14,10,2290,5th Ave & Jefferson St,0.0,12.0
2023-10-31,421,South,24111,19824.0,,07:21:48,07:21:48,11,635,4th Ave S & S Washington St,0.0,0.0
2023-10-31,421,South,24111,19824.0,,07:22:35,07:22:52,12,2638,4th Ave & Cherry St,0.0,4.0
2023-10-31,421,South,24111,19824.0,,07:24:10,07:25:20,13,641,4th Ave & Seneca St,0.0,3.0
2023-10-31,421,South,24111,19824.0,07:29:00,07:26:38,07:27:22,14,2976,4th Ave & Pine St,0.0,4.0
2023-10-31,421,South,24111,19824.0,,07:28:29,07:29:36,15,473,Olive Way & 6th Ave,0.0,3.0
2023-10-31,421,South,24111,19824.0,07:38:00,07:32:13,07:32:13,16,476,Olive Way & Terry Ave,0.0,0.0
2023-10-31,421,South,24112,17850.0,06:55:00,06:55:24,06:55:24,0,3001,Marysville at Cedar and Grove Park & Ride Bay 2,4.0,0.0
2023-10-31,421,South,24112,17850.0,,06:57:22,06:57:22,1,2490,10th St & Ash Ave,0.0,0.0
2023-10-31,421,South,24112,17850.0,06:57:00,06:58:08,06:58:55,2,2517,Marysville Ash Ave Park & Ride Bay 1,9.0,0.0
2023-10-31,421,South,24112,17850.0,,07:01:06,07:01:17,3,2465,4th St & Beach Ave,0.0,0.0
2023-10-31,421,South,24112,17850.0,07:01:00,07:02:28,07:03:24,4,1397,I-5 & Marine Dr NE Flyer Stop,1.0,0.0
2023-10-31,421,South,24112,17850.0,07:27:00,07:29:25,07:30:17,7,2543,Lynnwood Transit Center Bay D4,9.0,0.0
2023-10-31,421,South,24112,17850.0,07:56:00,07:58:35,07:59:05,10,2290,5th Ave & Jefferson St,0.0,12.0
2023-10-31,421,South,24112,17850.0,,08:01:52,08:02:17,11,635,4th Ave S & S Washington St,0.0,1.0
2023-10-31,421,South,24112,17850.0,,08:04:27,08:04:50,12,2638,4th Ave & Cherry St,0.0,2.0
2023-10-31,421,South,24112,17850.0,,08:06:21,08:07:21,13,641,4th Ave & Seneca St,0.0,6.0
2023-10-31,421,South,24112,17850.0,08:07:00,08:08:41,08:09:23,14,2976,4th Ave & Pine St,0.0,1.0
2023-10-31,421,South,24112,17850.0,,08:10:28,08:11:28,15,473,Olive Way & 6th Ave,0.0,1.0
2023-10-31,421,South,24112,17850.0,08:16:00,08:12:20,08:12:20,16,476,Olive Way & Terry Ave,0.0,0.0
2023-10-31,421,South,24113,19854.0,07:30:00,07:30:11,07:30:11,0,3001,Marysville at Cedar and Grove Park & Ride Bay 2,3.0,0.0
2023-10-31,421,South,24113,19854.0,,07:31:50,07:31:50,1,2490,10th St & Ash Ave,0.0,0.0
2023-10-31,421,South,24113,19854.0,07:32:00,07:32:28,07:32:46,2,2517,Marysville Ash Ave Park & Ride Bay 1,1.0,0.0
2023-10-31,421,South,24113,19854.0,,07:34:13,07:34:13,3,2465,4th St & Beach Ave,0.0,0.0
2023-10-31,421,South,24113,19854.0,07:35:00,07:36:34,07:36:34,4,1397,I-5 & Marine Dr NE Flyer Stop,0.0,0.0
2023-10-31,421,South,24113,19854.0,08:01:00,08:01:33,08:03:02,7,2543,Lynnwood Transit Center Bay D4,14.0,0.0
2023-10-31,421,South,24113,19854.0,08:30:00,08:28:05,08:28:59,10,2290,5th Ave & Jefferson St,0.0,8.0
2023-10-31,421,South,24113,19854.0,,08:36:30,08:36:30,11,635,4th Ave S & S Washington St,0.0,0.0
2023-10-31,421,South,24113,19854.0,,08:38:15,08:38:35,12,2638,4th Ave & Cherry St,0.0,3.0
2023-10-31,421,South,24113,19854.0,,08:40:31,08:40:53,13,641,4th Ave & Seneca St,0.0,5.0
2023-10-31,421,South,24113,19854.0,08:41:00,08:42:33,08:42:43,14,2976,4th Ave & Pine St,0.0,1.0
2023-10-31,421,South,24113,19854.0,,08:43:23,08:44:17,15,473,Olive Way & 6th Ave,0.0,1.0
2023-10-31,421,South,24113,19854.0,08:50:00,08:47:34,08:47:34,16,476,Olive Way & Terry Ave,0.0,0.0
