OPERATION_DATE,ROUTE_ID,DIRECTION,TRIP_ID,VEHICLE_ID,SCHED_DEPTIME,ACT_ARRTIME,ACT_DEPTIME,STOP_ORDER_NBR,STOP_ID,STOP,BOARDINGS,ALIGHTINGS
2023-10-02,111,East,21152,21811.0,16:30:00,16:28:17,16:28:17,0,3269,Mountlake Terrace Transit Center Bay 1,1.0,0.0
2023-10-02,111,East,21152,21811.0,,16:30:59,16:30:59,1,322,236th St SW & 58th Ave W,0.0,0.0
2023-10-02,111,East,21152,21811.0,,16:31:34,16:31:34,2,321,236th St SW & 56th Ave W,0.0,0.0
2023-10-02,111,East,21152,21811.0,,16:31:51,16:32:10,3,320,236th St SW & 54th Ave W,2.0,0.0
2023-10-02,111,East,21152,21811.0,,16:32:33,16:32:33,4,319,236th St SW & 52nd Ave W,0.0,0.0
2023-10-02,111,East,21152,21811.0,,16:32:43,16:32:43,5,324,236th St SW & 50th Ave W,0.0,0.0
2023-10-02,111,East,21152,21811.0,,16:33:41,16:33:41,6,675,48th Ave W & 233rd St SW,0.0,0.0
2023-10-02,111,East,21152,21811.0,16:33:00,16:34:23,16:34:23,7,2771,48th Ave W & 228th St SW,0.0,0.0
2023-10-02,111,East,21152,21811.0,,16:34:48,16:34:48,8,2763,228th St SW & 45th Pl W,0.0,0.0
2023-10-02,111,East,21152,21811.0,,16:36:01,16:36:01,9,312,228th St SW & 42nd Pl W,0.0,0.0
2023-10-02,111,East,21152,21811.0,,16:36:18,16:36:18,10,310,228th St SW & 39th Pl W,0.0,0.0
2023-10-02,111,East,21152,21811.0,,16:36:48,16:36:48,11,309,228th St SW & 228th Pl SW,0.0,0.0
2023-10-02,111,East,21152,21811.0,,16:37:11,16:37:11,12,305,228th St SW & 35th Ave W,0.0,0.0
2023-10-02,111,East,21152,21811.0,,16:37:35,16:37:51,13,304,228th St SW & 32nd Ave W,0.0,2.0
2023-10-02,111,East,21152,21811.0,,16:38:35,16:38:35,14,2188,Brier Rd & 228th St SW,0.0,0.0
2023-10-02,111,East,21152,21811.0,,16:38:47,16:38:47,15,1316,Brier Rd & 232nd St SW,0.0,0.0
2023-10-02,111,East,21152,21811.0,,16:39:16,16:39:16,16,2775,Brier Rd & 232nd St SW,0.0,0.0
2023-10-02,111,East,21152,21811.0,,16:39:51,16:39:51,17,2776,236th St SW & Brier Rd,0.0,0.0
2023-10-02,111,East,21152,21811.0,,16:41:02,16:41:16,18,603,29th Ave W & 232nd St SW,0.0,1.0
2023-10-02,111,East,21152,21811.0,,16:41:38,16:41:38,19,604,29th Ave W & 228th St SW,0.0,0.0
2023-10-02,111,East,21152,21811.0,16:43:00,16:43:04,16:43:04,20,1687,228th St SW & 29th Ave W,0.0,0.0
2023-10-02,111,East,21153,19104.0,17:30:00,17:30:22,17:30:22,0,3269,Mountlake Terrace Transit Center Bay 1,0.0,0.0
2023-10-02,111,East,21153,19104.0,,17:31:31,17:31:31,1,322,236th St SW & 58th Ave W,0.0,0.0
2023-10-02,111,East,21153,19104.0,,17:33:35,17:33:35,2,321,236th St SW & 56th Ave W,0.0,0.0
2023-10-02,111,East,21153,19104.0,,17:33:51,17:33:51,3,320,236th St SW & 54th Ave W,0.0,0.0
2023-10-02,111,East,21153,19104.0,,17:34:09,17:34:09,4,319,236th St SW & 52nd Ave W,0.0,0.0
2023-10-02,111,East,21153,19104.0,,17:34:21,17:34:21,5,324,236th St SW & 50th Ave W,0.0,0.0
2023-10-02,111,East,21153,19104.0,,17:35:37,17:35:37,6,675,48th Ave W & 233rd St SW,0.0,0.0
2023-10-02,111,East,21153,19104.0,17:33:00,17:36:34,17:36:34,7,2771,48th Ave W & 228th St SW,0.0,0.0
2023-10-02,111,East,21153,19104.0,,17:37:01,17:37:01,8,2763,228th St SW & 45th Pl W,0.0,0.0
2023-10-02,111,East,21153,19104.0,,17:38:17,17:38:17,9,312,228th St SW & 42nd Pl W,0.0,0.0
2023-10-02,111,East,21153,19104.0,,17:38:33,17:38:33,10,310,228th St SW & 39th Pl W,0.0,0.0
2023-10-02,111,East,21153,19104.0,,17:39:16,17:39:16,11,309,228th St SW & 228th Pl SW,0.0,0.0
2023-10-02,111,East,21153,19104.0,,17:39:41,17:39:41,12,305,228th St SW & 35th Ave W,0.0,0.0
2023-10-02,111,East,21153,19104.0,,17:40:02,17:40:02,13,304,228th St SW & 32nd Ave W,0.0,0.0
2023-10-02,111,East,21153,19104.0,,17:40:49,17:40:49,14,2188,Brier Rd & 228th St SW,0.0,0.0
2023-10-02,111,East,21153,19104.0,,17:41:02,17:41:02,15,1316,Brier Rd & 232nd St SW,0.0,0.0
2023-10-02,111,East,21153,19104.0,,17:41:33,17:41:33,16,2775,Brier Rd & 232nd St SW,0.0,0.0
2023-10-02,111,East,21153,19104.0,,17:42:12,17:42:12,17,2776,236th St SW & Brier Rd,0.0,0.0
2023-10-02,111,East,21153,19104.0,,17:43:34,17:43:34,18,603,29th Ave W & 232nd St SW,0.0,0.0
2023-10-02,111,East,21153,19104.0,,17:43:56,17:43:56,19,604,29th Ave W & 228th St SW,0.0,0.0
2023-10-02,111,East,21153,19104.0,17:43:00,17:44:56,17:44:56,20,1687,228th St SW & 29th Ave W,0.0,0.0
2023-10-02,111,West,21154,15114.0,06:18:00,06:18:18,06:18:18,0,2188,Brier Rd & 228th St SW,0.0,0.0
2023-10-02,111,West,21154,15114.0,,06:18:37,06:18:37,1,1316,Brier Rd & 232nd St SW,0.0,0.0
2023-10-02,111,West,21154,15114.0,,06:19:19,06:19:19,2,2775,Brier Rd & 232nd St SW,0.0,0.0
2023-10-02,111,West,21154,15114.0,,06:19:53,06:19:53,3,2776,236th St SW & Brier Rd,0.0,0.0
2023-10-02,111,West,21154,15114.0,,06:21:01,06:21:01,4,603,29th Ave W & 232nd St SW,0.0,0.0
2023-10-02,111,West,21154,15114.0,,06:21:21,06:21:21,5,604,29th Ave W & 228th St SW,0.0,0.0
2023-10-02,111,West,21154,15114.0,,06:21:47,06:21:47,6,1687,228th St SW & 29th Ave W,0.0,0.0
2023-10-02,111,West,21154,15114.0,,06:22:29,06:22:29,7,1681,228th St SW & 32nd Ave W,0.0,0.0
2023-10-02,111,West,21154,15114.0,,06:22:50,06:22:50,8,1685,228th St SW & 35th Ave W,0.0,0.0
2023-10-02,111,West,21154,15114.0,,06:23:52,06:23:52,9,1682,228th St SW & 39th Ave W,0.0,0.0
2023-10-02,111,West,21154,15114.0,,06:24:16,06:24:16,10,1683,228th St SW & 42nd Pl W,0.0,0.0
2023-10-02,111,West,21154,15114.0,,06:24:54,06:24:54,11,2774,228th St SW & 46th Ave W,0.0,0.0
2023-10-02,111,West,21154,15114.0,06:24:00,06:25:29,06:25:29,12,1160,48th Ave W & 228th St SW,0.0,0.0
2023-10-02,111,West,21154,15114.0,,06:26:07,06:26:07,13,1161,48th Ave W & 233rd St SW,0.0,0.0
2023-10-02,111,West,21154,15114.0,,06:26:52,06:26:52,14,1695,236th St SW & 48th Ave W,0.0,0.0
2023-10-02,111,West,21154,15114.0,,06:27:06,06:27:06,15,1696,236th St SW & 50th Ave W,0.0,0.0
2023-10-02,111,West,21154,15114.0,,06:27:27,06:27:27,16,1697,236th St SW & 52nd Ave W,0.0,0.0
2023-10-02,111,West,21154,15114.0,,06:27:44,06:27:44,17,1698,236th St SW & 54th Ave W,0.0,0.0
2023-10-02,111,West,21154,15114.0,,06:28:50,06:28:50,18,1699,236th St SW & 56th Ave W,0.0,0.0
2023-10-02,111,West,21154,15114.0,06:30:00,06:30:05,06:30:05,19,3268,Mountlake Terrace Transit Center Drop-off,0.0,0.0
2023-10-02,111,West,21155,17111.0,07:18:00,07:18:05,07:18:05,0,2188,Brier Rd & 228th St SW,0.0,0.0
2023-10-02,111,West,21155,17111.0,,07:18:20,07:18:20,1,1316,Brier Rd & 232nd St SW,0.0,0.0
2023-10-02,111,West,21155,17111.0,,07:18:48,07:18:48,2,2775,Brier Rd & 232nd St SW,0.0,0.0
2023-10-02,111,West,21155,17111.0,,07:19:18,07:19:18,3,2776,236th St SW & Brier Rd,0.0,0.0
2023-10-02,111,West,21155,17111.0,,07:20:29,07:20:29,4,603,29th Ave W & 232nd St SW,0.0,0.0
2023-10-02,111,West,21155,17111.0,,07:20:47,07:20:47,5,604,29th Ave W & 228th St SW,0.0,0.0
2023-10-02,111,West,21155,17111.0,,07:21:18,07:21:18,6,1687,228th St SW & 29th Ave W,0.0,0.0
2023-10-02,111,West,21155,17111.0,,07:21:56,07:21:56,7,1681,228th St SW & 32nd Ave W,0.0,0.0
2023-10-02,111,West,21155,17111.0,,07:22:10,07:22:10,8,1685,228th St SW & 35th Ave W,0.0,0.0
2023-10-02,111,West,21155,17111.0,,07:23:09,07:23:09,9,1682,228th St SW & 39th Ave W,0.0,0.0
2023-10-02,111,West,21155,17111.0,,07:23:34,07:23:34,10,1683,228th St SW & 42nd Pl W,0.0,0.0
2023-10-02,111,West,21155,17111.0,,07:24:07,07:24:07,11,2774,228th St SW & 46th Ave W,0.0,0.0
2023-10-02,111,West,21155,17111.0,07:24:00,07:24:47,07:24:47,12,1160,48th Ave W & 228th St SW,0.0,0.0
2023-10-02,111,West,21155,17111.0,,07:25:27,07:25:27,13,1161,48th Ave W & 233rd St SW,0.0,0.0
2023-10-02,111,West,21155,17111.0,,07:26:16,07:26:16,14,1695,236th St SW & 48th Ave W,0.0,0.0
2023-10-02,111,West,21155,17111.0,,07:27:06,07:27:06,15,1696,236th St SW & 50th Ave W,0.0,0.0
2023-10-02,111,West,21155,17111.0,,07:27:24,07:27:24,16,1697,236th St SW & 52nd Ave W,0.0,0.0
2023-10-02,111,West,21155,17111.0,,07:27:41,07:27:41,17,1698,236th St SW & 54th Ave W,0.0,0.0
2023-10-02,111,West,21155,17111.0,,07:28:38,07:28:38,18,1699,236th St SW & 56th Ave W,0.0,0.0
2023-10-02,111,West,21155,17111.0,07:30:00,07:29:05,07:29:05,19,3268,Mountlake Terrace Transit Center Drop-off,0.0,0.0
2023-10-03,111,East,21152,21801.0,16:30:00,16:32:07,16:32:07,0,3269,Mountlake Terrace Transit Center Bay 1,1.0,0.0
2023-10-03,111,East,21152,21801.0,,16:32:41,16:32:41,1,322,236th St SW & 58th Ave W,0.0,0.0
2023-10-03,111,East,21152,21801.0,,16:33:44,16:33:44,2,321,236th St SW & 56th Ave W,0.0,0.0
2023-10-03,111,East,21152,21801.0,,16:33:58,16:33:58,3,320,236th St SW & 54th Ave W,0.0,0.0
2023-10-03,111,East,21152,21801.0,,16:34:19,16:34:19,4,319,236th St SW & 52nd Ave W,0.0,0.0
2023-10-03,111,East,21152,21801.0,,16:34:30,16:34:30,5,324,236th St SW & 50th Ave W,0.0,0.0
2023-10-03,111,East,21152,21801.0,,16:35:41,16:35:53,6,675,48th Ave W & 233rd St SW,0.0,1.0
2023-10-03,111,East,21152,21801.0,16:33:00,16:36:36,16:36:36,7,2771,48th Ave W & 228th St SW,0.0,0.0
2023-10-03,111,East,21152,21801.0,,16:37:04,16:37:04,8,2763,228th St SW & 45th Pl W,0.0,0.0
2023-10-03,111,East,21152,21801.0,,16:37:40,16:37:40,9,312,228th St SW & 42nd Pl W,0.0,0.0
2023-10-03,111,East,21152,21801.0,,16:37:55,16:37:55,10,310,228th St SW & 39th Pl W,0.0,0.0
2023-10-03,111,East,21152,21801.0,,16:38:26,16:38:26,11,309,228th St SW & 228th Pl SW,0.0,0.0
2023-10-03,111,East,21152,21801.0,,16:38:48,16:38:48,12,305,228th St SW & 35th Ave W,0.0,0.0
2023-10-03,111,East,21152,21801.0,,16:39:05,16:39:05,13,304,228th St SW & 32nd Ave W,0.0,0.0
2023-10-03,111,East,21152,21801.0,,16:39:52,16:39:52,14,2188,Brier Rd & 228th St SW,0.0,0.0
2023-10-03,111,East,21152,21801.0,,16:40:01,16:40:01,15,1316,Brier Rd & 232nd St SW,0.0,0.0
2023-10-03,111,East,21152,21801.0,,16:40:29,16:40:29,16,2775,Brier Rd & 232nd St SW,0.0,0.0
2023-10-03,111,East,21152,21801.0,,16:40:54,16:40:54,17,2776,236th St SW & Brier Rd,0.0,0.0
2023-10-03,111,East,21152,21801.0,,16:41:55,16:41:55,18,603,29th Ave W & 232nd St SW,0.0,0.0
2023-10-03,111,East,21152,21801.0,,16:42:10,16:42:10,19,604,29th Ave W & 228th St SW,0.0,0.0
2023-10-03,111,East,21152,21801.0,16:43:00,16:42:38,16:42:38,20,1687,228th St SW & 29th Ave W,0.0,0.0
2023-10-03,111,East,21153,19103.0,17:30:00,17:30:26,17:30:26,0,3269,Mountlake Terrace Transit Center Bay 1,3.0,0.0
2023-10-03,111,East,21153,19103.0,,17:31:03,17:31:16,1,322,236th St SW & 58th Ave W,1.0,0.0
2023-10-03,111,East,21153,19103.0,,17:32:49,17:32:49,2,321,236th St SW & 56th Ave W,0.0,0.0
2023-10-03,111,East,21153,19103.0,,17:33:02,17:33:02,3,320,236th St SW & 54th Ave W,0.0,0.0
2023-10-03,111,East,21153,19103.0,,17:33:19,17:33:19,4,319,236th St SW & 52nd Ave W,0.0,0.0
2023-10-03,111,East,21153,19103.0,,17:33:29,17:33:29,5,324,236th St SW & 50th Ave W,0.0,0.0
2023-10-03,111,East,21153,19103.0,,17:34:32,17:34:32,6,675,48th Ave W & 233rd St SW,0.0,0.0
2023-10-03,111,East,21153,19103.0,17:33:00,17:35:18,17:35:18,7,2771,48th Ave W & 228th St SW,0.0,0.0
2023-10-03,111,East,21153,19103.0,,17:35:38,17:35:38,8,2763,228th St SW & 45th Pl W,0.0,0.0
2023-10-03,111,East,21153,19103.0,,17:37:23,17:37:31,9,312,228th St SW & 42nd Pl W,0.0,1.0
2023-10-03,111,East,21153,19103.0,,17:37:52,17:37:52,10,310,228th St SW & 39th Pl W,0.0,0.0
2023-10-03,111,East,21153,19103.0,,17:38:24,17:38:24,11,309,228th St SW & 228th Pl SW,0.0,0.0
2023-10-03,111,East,21153,19103.0,,17:38:46,17:38:46,12,305,228th St SW & 35th Ave W,0.0,0.0
2023-10-03,111,East,21153,19103.0,,17:39:05,17:39:05,13,304,228th St SW & 32nd Ave W,0.0,0.0
2023-10-03,111,East,21153,19103.0,,17:39:39,17:39:50,14,2188,Brier Rd & 228th St SW,0.0,2.0
2023-10-03,111,East,21153,19103.0,,17:40:04,17:40:04,15,1316,Brier Rd & 232nd St SW,0.0,0.0
2023-10-03,111,East,21153,19103.0,,17:40:33,17:40:33,16,2775,Brier Rd & 232nd St SW,0.0,0.0
2023-10-03,111,East,21153,19103.0,,17:41:02,17:41:13,17,2776,236th St SW & Brier Rd,0.0,1.0
2023-10-03,111,East,21153,19103.0,,17:42:34,17:42:34,18,603,29th Ave W & 232nd St SW,0.0,0.0
2023-10-03,111,East,21153,19103.0,,17:42:53,17:42:53,19,604,29th Ave W & 228th St SW,0.0,0.0
2023-10-03,111,East,21153,19103.0,17:43:00,17:43:43,17:43:43,20,1687,228th St SW & 29th Ave W,0.0,0.0
2023-10-03,111,West,21154,15102.0,06:18:00,06:18:11,06:18:11,0,2188,Brier Rd & 228th St SW,0.0,0.0
2023-10-03,111,West,21154,15102.0,,06:18:26,06:18:26,1,1316,Brier Rd & 232nd St SW,0.0,0.0
2023-10-03,111,West,21154,15102.0,,06:18:56,06:18:56,2,2775,Brier Rd & 232nd St SW,0.0,0.0
2023-10-03,111,West,21154,15102.0,,06:19:26,06:19:41,3,2776,236th St SW & Brier Rd,1.0,0.0
2023-10-03,111,West,21154,15102.0,,06:21:00,06:21:00,4,603,29th Ave W & 232nd St SW,0.0,0.0
2023-10-03,111,West,21154,15102.0,,06:21:22,06:21:22,5,604,29th Ave W & 228th St SW,0.0,0.0
2023-10-03,111,West,21154,15102.0,,06:21:53,06:22:08,6,1687,228th St SW & 29th Ave W,1.0,0.0
2023-10-03,111,West,21154,15102.0,,06:22:54,06:23:09,7,1681,228th St SW & 32nd Ave W,1.0,0.0
2023-10-03,111,West,21154,15102.0,,06:23:27,06:23:27,8,1685,228th St SW & 35th Ave W,0.0,0.0
2023-10-03,111,West,21154,15102.0,,06:24:25,06:24:25,9,1682,228th St SW & 39th Ave W,0.0,0.0
2023-10-03,111,West,21154,15102.0,,06:24:44,06:24:44,10,1683,228th St SW & 42nd Pl W,0.0,0.0
2023-10-03,111,West,21154,15102.0,,06:25:28,06:25:28,11,2774,228th St SW & 46th Ave W,0.0,0.0
2023-10-03,111,West,21154,15102.0,06:24:00,06:26:02,06:26:02,12,1160,48th Ave W & 228th St SW,0.0,0.0
2023-10-03,111,West,21154,15102.0,,06:26:33,06:26:33,13,1161,48th Ave W & 233rd St SW,0.0,0.0
2023-10-03,111,West,21154,15102.0,,06:27:16,06:27:16,14,1695,236th St SW & 48th Ave W,0.0,0.0
2023-10-03,111,West,21154,15102.0,,06:27:30,06:27:30,15,1696,236th St SW & 50th Ave W,0.0,0.0
2023-10-03,111,West,21154,15102.0,,06:27:48,06:27:48,16,1697,236th St SW & 52nd Ave W,0.0,0.0
2023-10-03,111,West,21154,15102.0,,06:28:04,06:28:04,17,1698,236th St SW & 54th Ave W,0.0,0.0
2023-10-03,111,West,21154,15102.0,,06:28:33,06:28:33,18,1699,236th St SW & 56th Ave W,0.0,0.0
2023-10-03,111,West,21154,15102.0,06:30:00,06:29:12,06:29:12,19,3268,Mountlake Terrace Transit Center Drop-off,0.0,3.0
2023-10-03,111,West,21155,15106.0,07:18:00,07:17:53,07:17:53,0,2188,Brier Rd & 228th St SW,0.0,0.0
2023-10-03,111,West,21155,15106.0,,07:18:09,07:18:09,1,1316,Brier Rd & 232nd St SW,0.0,0.0
2023-10-03,111,West,21155,15106.0,,07:18:38,07:18:38,2,2775,Brier Rd & 232nd St SW,0.0,0.0
2023-10-03,111,West,21155,15106.0,,07:19:10,07:19:21,3,2776,236th St SW & Brier Rd,0.0,0.0
2023-10-03,111,West,21155,15106.0,,07:20:39,07:20:39,4,603,29th Ave W & 232nd St SW,0.0,0.0
2023-10-03,111,West,21155,15106.0,,07:20:58,07:20:58,5,604,29th Ave W & 228th St SW,0.0,0.0
2023-10-03,111,West,21155,15106.0,,07:21:32,07:21:32,6,1687,228th St SW & 29th Ave W,0.0,0.0
2023-10-03,111,West,21155,15106.0,,07:22:43,07:22:43,7,1681,228th St SW & 32nd Ave W,0.0,0.0
2023-10-03,111,West,21155,15106.0,,07:22:53,07:22:53,8,1685,228th St SW & 35th Ave W,0.0,0.0
2023-10-03,111,West,21155,15106.0,,07:23:46,07:23:46,9,1682,228th St SW & 39th Ave W,0.0,0.0
2023-10-03,111,West,21155,15106.0,,07:24:06,07:24:06,10,1683,228th St SW & 42nd Pl W,0.0,0.0
2023-10-03,111,West,21155,15106.0,,07:24:47,07:24:47,11,2774,228th St SW & 46th Ave W,0.0,0.0
2023-10-03,111,West,21155,15106.0,07:24:00,07:25:31,07:25:31,12,1160,48th Ave W & 228th St SW,0.0,0.0
2023-10-03,111,West,21155,15106.0,,07:26:08,07:26:08,13,1161,48th Ave W & 233rd St SW,0.0,0.0
2023-10-03,111,West,21155,15106.0,,07:26:54,07:26:54,14,1695,236th St SW & 48th Ave W,0.0,0.0
2023-10-03,111,West,21155,15106.0,,07:27:10,07:27:10,15,1696,236th St SW & 50th Ave W,0.0,0.0
2023-10-03,111,West,21155,15106.0,,07:27:31,07:27:31,16,1697,236th St SW & 52nd Ave W,0.0,0.0
2023-10-03,111,West,21155,15106.0,,07:27:46,07:27:46,17,1698,236th St SW & 54th Ave W,0.0,0.0
2023-10-03,111,West,21155,15106.0,,07:28:09,07:28:24,18,1699,236th St SW & 56th Ave W,0.0,0.0
2023-10-03,111,West,21155,15106.0,07:30:00,07:28:58,07:28:58,19,3268,Mountlake Terrace Transit Center Drop-off,0.0,0.0
2023-10-04,111,East,21152,21814.0,16:30:00,16:32:56,16:32:56,0,3269,Mountlake Terrace Transit Center Bay 1,3.0,0.0
2023-10-04,111,East,21152,21814.0,,16:33:40,16:33:40,1,322,236th St SW & 58th Ave W,0.0,0.0
2023-10-04,111,East,21152,21814.0,,16:35:18,16:35:18,2,321,236th St SW & 56th Ave W,0.0,0.0
2023-10-04,111,East,21152,21814.0,,16:35:31,16:35:31,3,320,236th St SW & 54th Ave W,0.0,0.0
2023-10-04,111,East,21152,21814.0,,16:35:46,16:35:46,4,319,236th St SW & 52nd Ave W,0.0,0.0
2023-10-04,111,East,21152,21814.0,,16:35:55,16:35:55,5,324,236th St SW & 50th Ave W,0.0,0.0
2023-10-04,111,East,21152,21814.0,,16:36:47,16:36:47,6,675,48th Ave W & 233rd St SW,0.0,0.0
2023-10-04,111,East,21152,21814.0,16:33:00,16:37:34,16:37:34,7,2771,48th Ave W & 228th St SW,0.0,0.0
2023-10-04,111,East,21152,21814.0,,16:37:57,16:37:57,8,2763,228th St SW & 45th Pl W,0.0,0.0
2023-10-04,111,East,21152,21814.0,,16:39:29,16:39:29,9,312,228th St SW & 42nd Pl W,0.0,0.0
2023-10-04,111,East,21152,21814.0,,16:39:46,16:39:57,10,310,228th St SW & 39th Pl W,0.0,1.0
2023-10-04,111,East,21152,21814.0,,16:40:31,16:40:31,11,309,228th St SW & 228th Pl SW,0.0,0.0
2023-10-04,111,East,21152,21814.0,,16:40:54,16:40:54,12,305,228th St SW & 35th Ave W,0.0,0.0
2023-10-04,111,East,21152,21814.0,,16:41:14,16:41:14,13,304,228th St SW & 32nd Ave W,0.0,0.0
2023-10-04,111,East,21152,21814.0,,16:41:57,16:41:57,14,2188,Brier Rd & 228th St SW,0.0,0.0
2023-10-04,111,East,21152,21814.0,,16:42:06,16:42:06,15,1316,Brier Rd & 232nd St SW,0.0,0.0
2023-10-04,111,East,21152,21814.0,,16:42:31,16:42:31,16,2775,Brier Rd & 232nd St SW,0.0,0.0
2023-10-04,111,East,21152,21814.0,,16:43:00,16:43:00,17,2776,236th St SW & Brier Rd,0.0,0.0
2023-10-04,111,East,21152,21814.0,,16:44:08,16:44:20,18,603,29th Ave W & 232nd St SW,0.0,1.0
2023-10-04,111,East,21152,21814.0,,16:44:38,16:44:38,19,604,29th Ave W & 228th St SW,0.0,0.0
2023-10-04,111,East,21152,21814.0,16:43:00,16:45:32,16:45:32,20,1687,228th St SW & 29th Ave W,0.0,1.0
2023-10-04,111,East,21153,17117.0,17:30:00,17:30:06,17:30:06,0,3269,Mountlake Terrace Transit Center Bay 1,2.0,0.0
2023-10-04,111,East,21153,17117.0,,17:30:54,17:31:09,1,322,236th St SW & 58th Ave W,1.0,0.0
2023-10-04,111,East,21153,17117.0,,17:32:07,17:32:07,2,321,236th St SW & 56th Ave W,0.0,0.0
2023-10-04,111,East,21153,17117.0,,17:32:21,17:32:21,3,320,236th St SW & 54th Ave W,0.0,0.0
2023-10-04,111,East,21153,17117.0,,17:32:39,17:32:39,4,319,236th St SW & 52nd Ave W,0.0,0.0
2023-10-04,111,East,21153,17117.0,,17:32:50,17:32:50,5,324,236th St SW & 50th Ave W,0.0,0.0
2023-10-04,111,East,21153,17117.0,,17:34:14,17:34:29,6,675,48th Ave W & 233rd St SW,0.0,1.0
2023-10-04,111,East,21153,17117.0,17:33:00,17:35:16,17:35:16,7,2771,48th Ave W & 228th St SW,0.0,0.0
2023-10-04,111,East,21153,17117.0,,17:35:46,17:35:46,8,2763,228th St SW & 45th Pl W,0.0,0.0
2023-10-04,111,East,21153,17117.0,,17:36:47,17:36:47,9,312,228th St SW & 42nd Pl W,0.0,0.0
2023-10-04,111,East,21153,17117.0,,17:37:16,17:37:16,10,310,228th St SW & 39th Pl W,0.0,0.0
2023-10-04,111,East,21153,17117.0,,17:37:45,17:37:45,11,309,228th St SW & 228th Pl SW,0.0,0.0
2023-10-04,111,East,21153,17117.0,,17:38:06,17:38:06,12,305,228th St SW & 35th Ave W,0.0,0.0
2023-10-04,111,East,21153,17117.0,,17:38:25,17:38:25,13,304,228th St SW & 32nd Ave W,0.0,0.0
2023-10-04,111,East,21153,17117.0,,17:38:58,17:38:58,14,2188,Brier Rd & 228th St SW,0.0,0.0
2023-10-04,111,East,21153,17117.0,,17:39:08,17:39:08,15,1316,Brier Rd & 232nd St SW,0.0,0.0
2023-10-04,111,East,21153,17117.0,,17:39:35,17:39:35,16,2775,Brier Rd & 232nd St SW,0.0,0.0
2023-10-04,111,East,21153,17117.0,,17:40:47,17:40:55,17,2776,236th St SW & Brier Rd,0.0,2.0
2023-10-04,111,East,21153,17117.0,,17:42:10,17:42:10,18,603,29th Ave W & 232nd St SW,0.0,0.0
2023-10-04,111,East,21153,17117.0,,17:42:32,17:42:32,19,604,29th Ave W & 228th St SW,0.0,0.0
2023-10-04,111,East,21153,17117.0,17:43:00,17:43:51,17:43:51,20,1687,228th St SW & 29th Ave W,0.0,0.0
2023-10-04,111,West,21154,11106.0,06:18:00,06:20:25,06:20:25,0,2188,Brier Rd & 228th St SW,0.0,0.0
2023-10-04,111,West,21154,11106.0,,06:20:42,06:20:42,1,1316,Brier Rd & 232nd St SW,0.0,0.0
2023-10-04,111,West,21154,11106.0,,06:21:12,06:21:12,2,2775,Brier Rd & 232nd St SW,0.0,0.0
2023-10-04,111,West,21154,11106.0,,06:21:44,06:22:06,3,2776,236th St SW & Brier Rd,1.0,0.0
2023-10-04,111,West,21154,11106.0,,06:23:27,06:23:27,4,603,29th Ave W & 232nd St SW,0.0,0.0
2023-10-04,111,West,21154,11106.0,,06:23:51,06:23:51,5,604,29th Ave W & 228th St SW,0.0,0.0
2023-10-04,111,West,21154,11106.0,,06:24:23,06:24:43,6,1687,228th St SW & 29th Ave W,2.0,0.0
2023-10-04,111,West,21154,11106.0,,06:25:25,06:25:25,7,1681,228th St SW & 32nd Ave W,0.0,0.0
2023-10-04,111,West,21154,11106.0,,06:25:41,06:25:41,8,1685,228th St SW & 35th Ave W,0.0,0.0
2023-10-04,111,West,21154,11106.0,,06:26:37,06:26:37,9,1682,228th St SW & 39th Ave W,0.0,0.0
2023-10-04,111,West,21154,11106.0,,06:27:02,06:27:13,10,1683,228th St SW & 42nd Pl W,1.0,0.0
2023-10-04,111,West,21154,11106.0,,06:28:03,06:28:03,11,2774,228th St SW & 46th Ave W,0.0,0.0
2023-10-04,111,West,21154,11106.0,06:24:00,06:28:33,06:28:33,12,1160,48th Ave W & 228th St SW,0.0,0.0
2023-10-04,111,West,21154,11106.0,,06:29:03,06:29:03,13,1161,48th Ave W & 233rd St SW,0.0,0.0
2023-10-04,111,West,21154,11106.0,,06:29:48,06:29:48,14,1695,236th St SW & 48th Ave W,0.0,0.0
2023-10-04,111,West,21154,11106.0,,06:30:05,06:30:13,15,1696,236th St SW & 50th Ave W,0.0,1.0
2023-10-04,111,West,21154,11106.0,,06:30:35,06:30:35,16,1697,236th St SW & 52nd Ave W,0.0,0.0
2023-10-04,111,West,21154,11106.0,,06:30:48,06:30:48,17,1698,236th St SW & 54th Ave W,0.0,0.0
2023-10-04,111,West,21154,11106.0,,06:31:22,06:31:22,18,1699,236th St SW & 56th Ave W,0.0,0.0
2023-10-04,111,West,21154,11106.0,06:30:00,06:31:57,06:31:57,19,3268,Mountlake Terrace Transit Center Drop-off,0.0,3.0
2023-10-04,111,West,21155,19101.0,07:18:00,07:12:08,07:12:08,0,2188,Brier Rd & 228th St SW,0.0,0.0
2023-10-04,111,West,21155,19101.0,,,,1,1316,Brier Rd & 232nd St SW,,
2023-10-04,111,West,21155,19101.0,,,,2,2775,Brier Rd & 232nd St SW,,
2023-10-04,111,West,21155,19101.0,,,,3,2776,236th St SW & Brier Rd,,
2023-10-04,111,West,21155,19101.0,,,,4,603,29th Ave W & 232nd St SW,,
2023-10-04,111,West,21155,19101.0,,,,5,604,29th Ave W & 228th St SW,,
2023-10-04,111,West,21155,19101.0,,07:12:58,07:21:59,6,1687,228th St SW & 29th Ave W,2.0,2.0
2023-10-04,111,West,21155,19101.0,,07:27:00,07:27:20,7,1681,228th St SW & 32nd Ave W,1.0,0.0
2023-10-04,111,West,21155,19101.0,,07:27:42,07:27:53,8,1685,228th St SW & 35th Ave W,1.0,0.0
2023-10-04,111,West,21155,19101.0,,07:28:51,07:28:51,9,1682,228th St SW & 39th Ave W,0.0,0.0
2023-10-04,111,West,21155,19101.0,,07:29:10,07:29:10,10,1683,228th St SW & 42nd Pl W,0.0,0.0
2023-10-04,111,West,21155,19101.0,,07:30:05,07:30:05,11,2774,228th St SW & 46th Ave W,0.0,0.0
2023-10-04,111,West,21155,19101.0,07:24:00,07:30:40,07:30:40,12,1160,48th Ave W & 228th St SW,0.0,0.0
2023-10-04,111,West,21155,19101.0,,07:31:12,07:31:12,13,1161,48th Ave W & 233rd St SW,0.0,0.0
2023-10-04,111,West,21155,19101.0,,07:31:55,07:31:55,14,1695,236th St SW & 48th Ave W,0.0,0.0
2023-10-04,111,West,21155,19101.0,,07:32:07,07:32:07,15,1696,236th St SW & 50th Ave W,0.0,0.0
2023-10-04,111,West,21155,19101.0,,07:32:21,07:32:21,16,1697,236th St SW & 52nd Ave W,0.0,0.0
2023-10-04,111,West,21155,19101.0,,07:32:36,07:32:36,17,1698,236th St SW & 54th Ave W,0.0,0.0
2023-10-04,111,West,21155,19101.0,,07:33:02,07:33:02,18,1699,236th St SW & 56th Ave W,0.0,0.0
2023-10-04,111,West,21155,19101.0,07:30:00,07:33:47,07:33:47,19,3268,Mountlake Terrace Transit Center Drop-off,0.0,2.0
2023-10-05,111,East,21152,21810.0,16:30:00,16:30:05,16:30:05,0,3269,Mountlake Terrace Transit Center Bay 1,2.0,0.0
2023-10-05,111,East,21152,21810.0,,16:30:49,16:30:49,1,322,236th St SW & 58th Ave W,0.0,0.0
2023-10-05,111,East,21152,21810.0,,16:31:12,16:31:12,2,321,236th St SW & 56th Ave W,0.0,0.0
2023-10-05,111,East,21152,21810.0,,16:31:24,16:31:24,3,320,236th St SW & 54th Ave W,0.0,0.0
2023-10-05,111,East,21152,21810.0,,16:31:39,16:31:39,4,319,236th St SW & 52nd Ave W,0.0,0.0
2023-10-05,111,East,21152,21810.0,,16:31:49,16:31:49,5,324,236th St SW & 50th Ave W,0.0,0.0
2023-10-05,111,East,21152,21810.0,,16:32:47,16:32:47,6,675,48th Ave W & 233rd St SW,0.0,0.0
2023-10-05,111,East,21152,21810.0,16:33:00,16:33:27,16:33:27,7,2771,48th Ave W & 228th St SW,0.0,0.0
2023-10-05,111,East,21152,21810.0,,16:33:51,16:33:51,8,2763,228th St SW & 45th Pl W,0.0,0.0
2023-10-05,111,East,21152,21810.0,,16:34:16,16:34:16,9,312,228th St SW & 42nd Pl W,0.0,0.0
2023-10-05,111,East,21152,21810.0,,16:34:35,16:34:35,10,310,228th St SW & 39th Pl W,0.0,0.0
2023-10-05,111,East,21152,21810.0,,16:35:13,16:35:13,11,309,228th St SW & 228th Pl SW,0.0,0.0
2023-10-05,111,East,21152,21810.0,,16:35:46,16:35:46,12,305,228th St SW & 35th Ave W,0.0,0.0
2023-10-05,111,East,21152,21810.0,,16:36:06,16:36:06,13,304,228th St SW & 32nd Ave W,0.0,0.0
2023-10-05,111,East,21152,21810.0,,16:36:37,16:36:37,14,2188,Brier Rd & 228th St SW,0.0,0.0
2023-10-05,111,East,21152,21810.0,,16:36:48,16:36:48,15,1316,Brier Rd & 232nd St SW,0.0,0.0
2023-10-05,111,East,21152,21810.0,,16:37:17,16:37:17,16,2775,Brier Rd & 232nd St SW,0.0,0.0
2023-10-05,111,East,21152,21810.0,,16:37:44,16:37:44,17,2776,236th St SW & Brier Rd,0.0,0.0
2023-10-05,111,East,21152,21810.0,,16:38:55,16:39:05,18,603,29th Ave W & 232nd St SW,0.0,2.0
2023-10-05,111,East,21152,21810.0,,16:39:27,16:39:27,19,604,29th Ave W & 228th St SW,0.0,0.0
2023-10-05,111,East,21152,21810.0,16:43:00,16:40:04,16:40:04,20,1687,228th St SW & 29th Ave W,0.0,0.0
2023-10-05,111,East,21153,17102.0,17:30:00,17:30:11,17:30:11,0,3269,Mountlake Terrace Transit Center Bay 1,3.0,0.0
2023-10-05,111,East,21153,17102.0,,17:30:51,17:30:51,1,322,236th St SW & 58th Ave W,0.0,0.0
2023-10-05,111,East,21153,17102.0,,17:31:20,17:31:20,2,321,236th St SW & 56th Ave W,0.0,0.0
2023-10-05,111,East,21153,17102.0,,17:31:33,17:31:33,3,320,236th St SW & 54th Ave W,0.0,0.0
2023-10-05,111,East,21153,17102.0,,17:31:49,17:31:49,4,319,236th St SW & 52nd Ave W,0.0,0.0
2023-10-05,111,East,21153,17102.0,,17:32:00,17:32:00,5,324,236th St SW & 50th Ave W,0.0,0.0
2023-10-05,111,East,21153,17102.0,,17:33:01,17:33:19,6,675,48th Ave W & 233rd St SW,0.0,3.0
2023-10-05,111,East,21153,17102.0,17:33:00,17:34:07,17:34:07,7,2771,48th Ave W & 228th St SW,0.0,0.0
2023-10-05,111,East,21153,17102.0,,17:34:36,17:34:36,8,2763,228th St SW & 45th Pl W,0.0,0.0
2023-10-05,111,East,21153,17102.0,,17:35:34,17:35:34,9,312,228th St SW & 42nd Pl W,0.0,0.0
2023-10-05,111,East,21153,17102.0,,17:36:06,17:36:06,10,310,228th St SW & 39th Pl W,0.0,0.0
2023-10-05,111,East,21153,17102.0,,17:36:31,17:36:31,11,309,228th St SW & 228th Pl SW,0.0,0.0
2023-10-05,111,East,21153,17102.0,,17:36:49,17:36:49,12,305,228th St SW & 35th Ave W,0.0,0.0
2023-10-05,111,East,21153,17102.0,,17:37:07,17:37:07,13,304,228th St SW & 32nd Ave W,0.0,0.0
2023-10-05,111,East,21153,17102.0,,17:37:41,17:37:41,14,2188,Brier Rd & 228th St SW,0.0,0.0
2023-10-05,111,East,21153,17102.0,,17:37:52,17:37:52,15,1316,Brier Rd & 232nd St SW,0.0,0.0
2023-10-05,111,East,21153,17102.0,,17:38:20,17:38:20,16,2775,Brier Rd & 232nd St SW,0.0,0.0
2023-10-05,111,East,21153,17102.0,,17:38:51,17:38:51,17,2776,236th St SW & Brier Rd,0.0,0.0
2023-10-05,111,East,21153,17102.0,,17:40:03,17:40:03,18,603,29th Ave W & 232nd St SW,0.0,0.0
2023-10-05,111,East,21153,17102.0,,17:40:20,17:40:20,19,604,29th Ave W & 228th St SW,0.0,0.0
2023-10-05,111,East,21153,17102.0,17:43:00,17:40:58,17:40:58,20,1687,228th St SW & 29th Ave W,0.0,0.0
2023-10-05,111,West,21154,15113.0,06:18:00,,,0,2188,Brier Rd & 228th St SW,,
2023-10-05,111,West,21154,15113.0,,,,1,1316,Brier Rd & 232nd St SW,,
2023-10-05,111,West,21154,15113.0,,,,2,2775,Brier Rd & 232nd St SW,,
2023-10-05,111,West,21154,15113.0,,06:21:41,06:21:41,3,2776,236th St SW & Brier Rd,0.0,0.0
2023-10-05,111,West,21154,15113.0,,06:22:52,06:22:52,4,603,29th Ave W & 232nd St SW,0.0,0.0
2023-10-05,111,West,21154,15113.0,,06:23:08,06:23:08,5,604,29th Ave W & 228th St SW,0.0,0.0
2023-10-05,111,West,21154,15113.0,,06:23:36,06:23:51,6,1687,228th St SW & 29th Ave W,1.0,0.0
2023-10-05,111,West,21154,15113.0,,06:24:38,06:24:50,7,1681,228th St SW & 32nd Ave W,1.0,0.0
2023-10-05,111,West,21154,15113.0,,06:25:07,06:25:07,8,1685,228th St SW & 35th Ave W,0.0,0.0
2023-10-05,111,West,21154,15113.0,,06:25:58,06:25:58,9,1682,228th St SW & 39th Ave W,0.0,0.0
2023-10-05,111,West,21154,15113.0,,06:26:19,06:26:32,10,1683,228th St SW & 42nd Pl W,1.0,0.0
2023-10-05,111,West,21154,15113.0,,06:27:21,06:27:21,11,2774,228th St SW & 46th Ave W,0.0,0.0
2023-10-05,111,West,21154,15113.0,06:24:00,06:27:54,06:27:54,12,1160,48th Ave W & 228th St SW,0.0,0.0
2023-10-05,111,West,21154,15113.0,,06:28:27,06:28:27,13,1161,48th Ave W & 233rd St SW,0.0,0.0
2023-10-05,111,West,21154,15113.0,,06:29:05,06:29:05,14,1695,236th St SW & 48th Ave W,0.0,0.0
2023-10-05,111,West,21154,15113.0,,06:29:16,06:29:16,15,1696,236th St SW & 50th Ave W,0.0,0.0
2023-10-05,111,West,21154,15113.0,,06:29:32,06:29:32,16,1697,236th St SW & 52nd Ave W,0.0,0.0
2023-10-05,111,West,21154,15113.0,,06:29:46,06:29:46,17,1698,236th St SW & 54th Ave W,0.0,0.0
2023-10-05,111,West,21154,15113.0,,06:30:08,06:30:08,18,1699,236th St SW & 56th Ave W,0.0,0.0
2023-10-05,111,West,21154,15113.0,06:30:00,06:30:49,06:30:49,19,3268,Mountlake Terrace Transit Center Drop-off,0.0,3.0
2023-10-05,111,West,21155,19123.0,07:18:00,07:18:02,07:18:02,0,2188,Brier Rd & 228th St SW,0.0,0.0
2023-10-05,111,West,21155,19123.0,,07:18:17,07:18:17,1,1316,Brier Rd & 232nd St SW,0.0,0.0
2023-10-05,111,West,21155,19123.0,,07:18:43,07:18:43,2,2775,Brier Rd & 232nd St SW,0.0,0.0
2023-10-05,111,West,21155,19123.0,,07:19:10,07:19:10,3,2776,236th St SW & Brier Rd,0.0,0.0
2023-10-05,111,West,21155,19123.0,,07:20:23,07:20:23,4,603,29th Ave W & 232nd St SW,0.0,0.0
2023-10-05,111,West,21155,19123.0,,07:20:41,07:20:41,5,604,29th Ave W & 228th St SW,0.0,0.0
2023-10-05,111,West,21155,19123.0,,07:21:11,07:21:22,6,1687,228th St SW & 29th Ave W,1.0,0.0
2023-10-05,111,West,21155,19123.0,,07:22:04,07:22:04,7,1681,228th St SW & 32nd Ave W,0.0,0.0
2023-10-05,111,West,21155,19123.0,,07:22:18,07:22:18,8,1685,228th St SW & 35th Ave W,0.0,0.0
2023-10-05,111,West,21155,19123.0,,07:23:12,07:23:12,9,1682,228th St SW & 39th Ave W,0.0,0.0
2023-10-05,111,West,21155,19123.0,,07:23:29,07:23:29,10,1683,228th St SW & 42nd Pl W,0.0,0.0
2023-10-05,111,West,21155,19123.0,,07:23:54,07:23:54,11,2774,228th St SW & 46th Ave W,0.0,0.0
2023-10-05,111,West,21155,19123.0,07:24:00,07:24:33,07:24:33,12,1160,48th Ave W & 228th St SW,0.0,0.0
2023-10-05,111,West,21155,19123.0,,07:25:14,07:25:14,13,1161,48th Ave W & 233rd St SW,0.0,0.0
2023-10-05,111,West,21155,19123.0,,07:26:04,07:26:04,14,1695,236th St SW & 48th Ave W,0.0,0.0
2023-10-05,111,West,21155,19123.0,,07:26:16,07:26:16,15,1696,236th St SW & 50th Ave W,0.0,0.0
2023-10-05,111,West,21155,19123.0,,07:26:31,07:26:31,16,1697,236th St SW & 52nd Ave W,0.0,0.0
2023-10-05,111,West,21155,19123.0,,07:26:45,07:26:45,17,1698,236th St SW & 54th Ave W,0.0,0.0
2023-10-05,111,West,21155,19123.0,,07:27:11,07:27:11,18,1699,236th St SW & 56th Ave W,0.0,0.0
2023-10-05,111,West,21155,19123.0,07:30:00,07:27:46,07:27:46,19,3268,Mountlake Terrace Transit Center Drop-off,0.0,1.0
2023-10-06,111,East,21152,21810.0,16:30:00,16:30:07,16:30:07,0,3269,Mountlake Terrace Transit Center Bay 1,0.0,0.0
2023-10-06,111,East,21152,21810.0,,16:30:45,16:30:45,1,322,236th St SW & 58th Ave W,0.0,0.0
2023-10-06,111,East,21152,21810.0,,16:31:19,16:31:19,2,321,236th St SW & 56th Ave W,0.0,0.0
2023-10-06,111,East,21152,21810.0,,16:31:32,16:31:32,3,320,236th St SW & 54th Ave W,0.0,0.0
2023-10-06,111,East,21152,21810.0,,16:31:48,16:31:48,4,319,236th St SW & 52nd Ave W,0.0,0.0
2023-10-06,111,East,21152,21810.0,,16:32:00,16:32:00,5,324,236th St SW & 50th Ave W,0.0,0.0
2023-10-06,111,East,21152,21810.0,,16:32:54,16:32:54,6,675,48th Ave W & 233rd St SW,0.0,0.0
2023-10-06,111,East,21152,21810.0,16:33:00,16:33:36,16:33:36,7,2771,48th Ave W & 228th St SW,0.0,0.0
2023-10-06,111,East,21152,21810.0,,16:33:59,16:33:59,8,2763,228th St SW & 45th Pl W,0.0,0.0
2023-10-06,111,East,21152,21810.0,,16:35:01,16:35:01,9,312,228th St SW & 42nd Pl W,0.0,0.0
2023-10-06,111,East,21152,21810.0,,16:35:15,16:35:15,10,310,228th St SW & 39th Pl W,0.0,0.0
2023-10-06,111,East,21152,21810.0,,16:35:44,16:35:44,11,309,228th St SW & 228th Pl SW,0.0,0.0
2023-10-06,111,East,21152,21810.0,,16:36:05,16:36:05,12,305,228th St SW & 35th Ave W,0.0,0.0
2023-10-06,111,East,21152,21810.0,,16:36:24,16:36:24,13,304,228th St SW & 32nd Ave W,0.0,0.0
2023-10-06,111,East,21152,21810.0,,16:36:57,16:36:57,14,2188,Brier Rd & 228th St SW,0.0,0.0
2023-10-06,111,East,21152,21810.0,,16:37:07,16:37:07,15,1316,Brier Rd & 232nd St SW,0.0,0.0
2023-10-06,111,East,21152,21810.0,,16:37:34,16:37:34,16,2775,Brier Rd & 232nd St SW,0.0,0.0
2023-10-06,111,East,21152,21810.0,,16:38:07,16:38:07,17,2776,236th St SW & Brier Rd,0.0,0.0
2023-10-06,111,East,21152,21810.0,,16:39:15,16:39:15,18,603,29th Ave W & 232nd St SW,0.0,0.0
2023-10-06,111,East,21152,21810.0,,16:39:34,16:39:34,19,604,29th Ave W & 228th St SW,0.0,0.0
2023-10-06,111,East,21152,21810.0,16:43:00,16:40:14,16:40:14,20,1687,228th St SW & 29th Ave W,0.0,0.0
2023-10-06,111,East,21153,17102.0,17:30:00,17:30:13,17:30:13,0,3269,Mountlake Terrace Transit Center Bay 1,0.0,0.0
2023-10-06,111,East,21153,17102.0,,17:31:19,17:31:19,1,322,236th St SW & 58th Ave W,0.0,0.0
2023-10-06,111,East,21153,17102.0,,17:31:44,17:31:44,2,321,236th St SW & 56th Ave W,0.0,0.0
2023-10-06,111,East,21153,17102.0,,17:31:57,17:31:57,3,320,236th St SW & 54th Ave W,0.0,0.0
2023-10-06,111,East,21153,17102.0,,17:32:13,17:32:13,4,319,236th St SW & 52nd Ave W,0.0,0.0
2023-10-06,111,East,21153,17102.0,,17:32:24,17:32:24,5,324,236th St SW & 50th Ave W,0.0,0.0
2023-10-06,111,East,21153,17102.0,,17:33:21,17:33:21,6,675,48th Ave W & 233rd St SW,0.0,0.0
2023-10-06,111,East,21153,17102.0,17:33:00,17:34:08,17:34:08,7,2771,48th Ave W & 228th St SW,0.0,0.0
2023-10-06,111,East,21153,17102.0,,17:34:27,17:34:27,8,2763,228th St SW & 45th Pl W,0.0,0.0
2023-10-06,111,East,21153,17102.0,,17:34:51,17:34:51,9,312,228th St SW & 42nd Pl W,0.0,0.0
2023-10-06,111,East,21153,17102.0,,17:35:08,17:35:08,10,310,228th St SW & 39th Pl W,0.0,0.0
2023-10-06,111,East,21153,17102.0,,17:35:39,17:35:39,11,309,228th St SW & 228th Pl SW,0.0,0.0
2023-10-06,111,East,21153,17102.0,,17:36:01,17:36:01,12,305,228th St SW & 35th Ave W,0.0,0.0
2023-10-06,111,East,21153,17102.0,,17:36:19,17:36:19,13,304,228th St SW & 32nd Ave W,0.0,0.0
2023-10-06,111,East,21153,17102.0,,17:36:55,17:36:55,14,2188,Brier Rd & 228th St SW,0.0,0.0
2023-10-06,111,East,21153,17102.0,,17:37:05,17:37:05,15,1316,Brier Rd & 232nd St SW,0.0,0.0
2023-10-06,111,East,21153,17102.0,,17:37:35,17:37:35,16,2775,Brier Rd & 232nd St SW,0.0,0.0
2023-10-06,111,East,21153,17102.0,,17:38:05,17:38:05,17,2776,236th St SW & Brier Rd,0.0,0.0
2023-10-06,111,East,21153,17102.0,,17:39:21,17:39:21,18,603,29th Ave W & 232nd St SW,0.0,0.0
2023-10-06,111,East,21153,17102.0,,17:39:38,17:39:38,19,604,29th Ave W & 228th St SW,0.0,0.0
2023-10-06,111,East,21153,17102.0,17:43:00,17:40:21,17:40:21,20,1687,228th St SW & 29th Ave W,0.0,0.0
2023-10-06,111,West,21154,15118.0,06:18:00,06:18:15,06:18:15,0,2188,Brier Rd & 228th St SW,0.0,0.0
2023-10-06,111,West,21154,15118.0,,06:18:40,06:18:40,1,1316,Brier Rd & 232nd St SW,0.0,0.0
2023-10-06,111,West,21154,15118.0,,06:19:14,06:19:14,2,2775,Brier Rd & 232nd St SW,0.0,0.0
2023-10-06,111,West,21154,15118.0,,06:19:42,06:19:42,3,2776,236th St SW & Brier Rd,0.0,0.0
2023-10-06,111,West,21154,15118.0,,06:20:52,06:20:52,4,603,29th Ave W & 232nd St SW,0.0,0.0
2023-10-06,111,West,21154,15118.0,,06:21:08,06:21:08,5,604,29th Ave W & 228th St SW,0.0,0.0
2023-10-06,111,West,21154,15118.0,,06:21:40,06:22:03,6,1687,228th St SW & 29th Ave W,1.0,0.0
2023-10-06,111,West,21154,15118.0,,06:22:49,06:22:49,7,1681,228th St SW & 32nd Ave W,0.0,0.0
2023-10-06,111,West,21154,15118.0,,06:23:06,06:23:06,8,1685,228th St SW & 35th Ave W,0.0,0.0
2023-10-06,111,West,21154,15118.0,,06:24:02,06:24:02,9,1682,228th St SW & 39th Ave W,0.0,0.0
2023-10-06,111,West,21154,15118.0,,06:24:24,06:24:36,10,1683,228th St SW & 42nd Pl W,1.0,0.0
2023-10-06,111,West,21154,15118.0,,06:25:09,06:25:09,11,2774,228th St SW & 46th Ave W,0.0,0.0
2023-10-06,111,West,21154,15118.0,06:24:00,06:25:38,06:25:38,12,1160,48th Ave W & 228th St SW,0.0,0.0
2023-10-06,111,West,21154,15118.0,,06:26:11,06:26:11,13,1161,48th Ave W & 233rd St SW,0.0,0.0
2023-10-06,111,West,21154,15118.0,,06:26:56,06:27:06,14,1695,236th St SW & 48th Ave W,0.0,1.0
2023-10-06,111,West,21154,15118.0,,06:27:23,06:27:23,15,1696,236th St SW & 50th Ave W,0.0,0.0
2023-10-06,111,West,21154,15118.0,,06:27:40,06:27:40,16,1697,236th St SW & 52nd Ave W,0.0,0.0
2023-10-06,111,West,21154,15118.0,,06:27:52,06:27:52,17,1698,236th St SW & 54th Ave W,0.0,0.0
2023-10-06,111,West,21154,15118.0,,06:28:32,06:28:32,18,1699,236th St SW & 56th Ave W,0.0,0.0
2023-10-06,111,West,21154,15118.0,06:30:00,06:29:10,06:29:10,19,3268,Mountlake Terrace Transit Center Drop-off,0.0,1.0
2023-10-06,111,West,21155,17124.0,07:18:00,07:17:49,07:17:49,0,2188,Brier Rd & 228th St SW,0.0,0.0
2023-10-06,111,West,21155,17124.0,,07:18:06,07:18:06,1,1316,Brier Rd & 232nd St SW,0.0,0.0
2023-10-06,111,West,21155,17124.0,,07:18:35,07:18:35,2,2775,Brier Rd & 232nd St SW,0.0,0.0
2023-10-06,111,West,21155,17124.0,,07:19:02,07:19:13,3,2776,236th St SW & Brier Rd,1.0,0.0
2023-10-06,111,West,21155,17124.0,,07:20:30,07:20:30,4,603,29th Ave W & 232nd St SW,0.0,0.0
2023-10-06,111,West,21155,17124.0,,07:20:50,07:20:50,5,604,29th Ave W & 228th St SW,0.0,0.0
2023-10-06,111,West,21155,17124.0,,07:21:24,07:21:24,6,1687,228th St SW & 29th Ave W,0.0,0.0
2023-10-06,111,West,21155,17124.0,,07:22:03,07:22:03,7,1681,228th St SW & 32nd Ave W,0.0,0.0
2023-10-06,111,West,21155,17124.0,,07:22:21,07:22:33,8,1685,228th St SW & 35th Ave W,1.0,0.0
2023-10-06,111,West,21155,17124.0,,07:23:29,07:23:29,9,1682,228th St SW & 39th Ave W,0.0,0.0
2023-10-06,111,West,21155,17124.0,,07:23:48,07:23:48,10,1683,228th St SW & 42nd Pl W,0.0,0.0
2023-10-06,111,West,21155,17124.0,,07:24:15,07:24:15,11,2774,228th St SW & 46th Ave W,0.0,0.0
2023-10-06,111,West,21155,17124.0,07:24:00,07:24:46,07:24:46,12,1160,48th Ave W & 228th St SW,0.0,0.0
2023-10-06,111,West,21155,17124.0,,07:25:26,07:25:26,13,1161,48th Ave W & 233rd St SW,0.0,0.0
2023-10-06,111,West,21155,17124.0,,07:26:10,07:26:10,14,1695,236th St SW & 48th Ave W,0.0,0.0
2023-10-06,111,West,21155,17124.0,,07:26:21,07:26:21,15,1696,236th St SW & 50th Ave W,0.0,0.0
2023-10-06,111,West,21155,17124.0,,07:26:36,07:26:36,16,1697,236th St SW & 52nd Ave W,0.0,0.0
2023-10-06,111,West,21155,17124.0,,07:26:50,07:26:50,17,1698,236th St SW & 54th Ave W,0.0,0.0
2023-10-06,111,West,21155,17124.0,,07:27:53,07:28:07,18,1699,236th St SW & 56th Ave W,0.0,1.0
2023-10-06,111,West,21155,17124.0,07:30:00,07:28:57,07:28:57,19,3268,Mountlake Terrace Transit Center Drop-off,0.0,1.0
2023-10-09,111,East,21152,19803.0,16:30:00,16:31:01,16:31:01,0,3269,Mountlake Terrace Transit Center Bay 1,2.0,0.0
2023-10-09,111,East,21152,19803.0,,16:31:31,16:31:31,1,322,236th St SW & 58th Ave W,0.0,0.0
2023-10-09,111,East,21152,19803.0,,16:32:55,16:32:55,2,321,236th St SW & 56th Ave W,0.0,0.0
2023-10-09,111,East,21152,19803.0,,16:33:06,16:33:06,3,320,236th St SW & 54th Ave W,0.0,0.0
2023-10-09,111,East,21152,19803.0,,16:33:21,16:33:21,4,319,236th St SW & 52nd Ave W,0.0,0.0
2023-10-09,111,East,21152,19803.0,,16:33:31,16:33:31,5,324,236th St SW & 50th Ave W,0.0,0.0
2023-10-09,111,East,21152,19803.0,,16:34:28,16:34:28,6,675,48th Ave W & 233rd St SW,0.0,0.0
2023-10-09,111,East,21152,19803.0,16:33:00,16:35:12,16:35:12,7,2771,48th Ave W & 228th St SW,0.0,0.0
2023-10-09,111,East,21152,19803.0,,16:35:34,16:35:34,8,2763,228th St SW & 45th Pl W,0.0,0.0
2023-10-09,111,East,21152,19803.0,,16:35:59,16:35:59,9,312,228th St SW & 42nd Pl W,0.0,0.0
2023-10-09,111,East,21152,19803.0,,16:36:18,16:36:30,10,310,228th St SW & 39th Pl W,0.0,2.0
2023-10-09,111,East,21152,19803.0,,16:37:08,16:37:08,11,309,228th St SW & 228th Pl SW,0.0,0.0
2023-10-09,111,East,21152,19803.0,,16:37:30,16:37:30,12,305,228th St SW & 35th Ave W,0.0,0.0
2023-10-09,111,East,21152,19803.0,,16:37:49,16:37:49,13,304,228th St SW & 32nd Ave W,0.0,0.0
2023-10-09,111,East,21152,19803.0,,16:38:22,16:38:22,14,2188,Brier Rd & 228th St SW,0.0,0.0
2023-10-09,111,East,21152,19803.0,,16:38:32,16:38:32,15,1316,Brier Rd & 232nd St SW,0.0,0.0
2023-10-09,111,East,21152,19803.0,,16:39:00,16:39:00,16,2775,Brier Rd & 232nd St SW,0.0,0.0
2023-10-09,111,East,21152,19803.0,,16:39:31,16:39:31,17,2776,236th St SW & Brier Rd,0.0,0.0
2023-10-09,111,East,21152,19803.0,,16:40:43,16:40:43,18,603,29th Ave W & 232nd St SW,0.0,0.0
2023-10-09,111,East,21152,19803.0,,16:40:59,16:40:59,19,604,29th Ave W & 228th St SW,0.0,0.0
2023-10-09,111,East,21152,19803.0,16:43:00,16:41:30,16:41:30,20,1687,228th St SW & 29th Ave W,0.0,0.0
2023-10-09,111,East,21153,17102.0,17:30:00,17:30:10,17:30:10,0,3269,Mountlake Terrace Transit Center Bay 1,0.0,0.0
2023-10-09,111,East,21153,17102.0,,17:31:17,17:31:17,1,322,236th St SW & 58th Ave W,0.0,0.0
2023-10-09,111,East,21153,17102.0,,17:31:48,17:31:48,2,321,236th St SW & 56th Ave W,0.0,0.0
2023-10-09,111,East,21153,17102.0,,17:32:02,17:32:02,3,320,236th St SW & 54th Ave W,0.0,0.0
2023-10-09,111,East,21153,17102.0,,17:32:20,17:32:20,4,319,236th St SW & 52nd Ave W,0.0,0.0
2023-10-09,111,East,21153,17102.0,,17:32:31,17:32:31,5,324,236th St SW & 50th Ave W,0.0,0.0
2023-10-09,111,East,21153,17102.0,,17:33:33,17:33:33,6,675,48th Ave W & 233rd St SW,0.0,0.0
2023-10-09,111,East,21153,17102.0,17:33:00,17:34:22,17:34:22,7,2771,48th Ave W & 228th St SW,0.0,0.0
2023-10-09,111,East,21153,17102.0,,17:34:51,17:34:51,8,2763,228th St SW & 45th Pl W,0.0,0.0
2023-10-09,111,East,21153,17102.0,,17:35:29,17:35:29,9,312,228th St SW & 42nd Pl W,0.0,0.0
2023-10-09,111,East,21153,17102.0,,17:35:58,17:35:58,10,310,228th St SW & 39th Pl W,0.0,0.0
2023-10-09,111,East,21153,17102.0,,17:36:25,17:36:25,11,309,228th St SW & 228th Pl SW,0.0,0.0
2023-10-09,111,East,21153,17102.0,,17:36:50,17:36:50,12,305,228th St SW & 35th Ave W,0.0,0.0
2023-10-09,111,East,21153,17102.0,,17:37:10,17:37:10,13,304,228th St SW & 32nd Ave W,0.0,0.0
2023-10-09,111,East,21153,17102.0,,17:37:45,17:37:45,14,2188,Brier Rd & 228th St SW,0.0,0.0
2023-10-09,111,East,21153,17102.0,,17:37:55,17:37:55,15,1316,Brier Rd & 232nd St SW,0.0,0.0
2023-10-09,111,East,21153,17102.0,,17:38:23,17:38:23,16,2775,Brier Rd & 232nd St SW,0.0,0.0
2023-10-09,111,East,21153,17102.0,,17:38:55,17:38:55,17,2776,236th St SW & Brier Rd,0.0,0.0
2023-10-09,111,East,21153,17102.0,,17:40:20,17:40:20,18,603,29th Ave W & 232nd St SW,0.0,0.0
2023-10-09,111,East,21153,17102.0,,17:40:40,17:40:40,19,604,29th Ave W & 228th St SW,0.0,0.0
2023-10-09,111,East,21153,17102.0,17:43:00,17:41:41,17:41:41,20,1687,228th St SW & 29th Ave W,0.0,0.0
2023-10-09,111,West,21154,19123.0,06:18:00,06:18:05,06:18:05,0,2188,Brier Rd & 228th St SW,0.0,0.0
2023-10-09,111,West,21154,19123.0,,06:18:21,06:18:21,1,1316,Brier Rd & 232nd St SW,0.0,0.0
2023-10-09,111,West,21154,19123.0,,06:18:52,06:18:52,2,2775,Brier Rd & 232nd St SW,0.0,0.0
2023-10-09,111,West,21154,19123.0,,06:19:24,06:19:24,3,2776,236th St SW & Brier Rd,0.0,0.0
2023-10-09,111,West,21154,19123.0,,06:20:31,06:20:31,4,603,29th Ave W & 232nd St SW,0.0,0.0
2023-10-09,111,West,21154,19123.0,,06:20:50,06:20:50,5,604,29th Ave W & 228th St SW,0.0,0.0
2023-10-09,111,West,21154,19123.0,,06:21:23,06:21:33,6,1687,228th St SW & 29th Ave W,0.0,0.0
2023-10-09,111,West,21154,19123.0,,06:22:17,06:22:17,7,1681,228th St SW & 32nd Ave W,0.0,0.0
2023-10-09,111,West,21154,19123.0,,06:22:30,06:22:30,8,1685,228th St SW & 35th Ave W,0.0,0.0
2023-10-09,111,West,21154,19123.0,,06:23:20,06:23:20,9,1682,228th St SW & 39th Ave W,0.0,0.0
2023-10-09,111,West,21154,19123.0,,06:23:38,06:23:38,10,1683,228th St SW & 42nd Pl W,0.0,0.0
2023-10-09,111,West,21154,19123.0,,06:24:07,06:24:07,11,2774,228th St SW & 46th Ave W,0.0,0.0
2023-10-09,111,West,21154,19123.0,06:24:00,06:24:38,06:24:38,12,1160,48th Ave W & 228th St SW,0.0,0.0
2023-10-09,111,West,21154,19123.0,,06:25:12,06:25:12,13,1161,48th Ave W & 233rd St SW,0.0,0.0
2023-10-09,111,West,21154,19123.0,,06:25:50,06:25:50,14,1695,236th St SW & 48th Ave W,0.0,0.0
2023-10-09,111,West,21154,19123.0,,06:26:02,06:26:02,15,1696,236th St SW & 50th Ave W,0.0,0.0
2023-10-09,111,West,21154,19123.0,,06:26:18,06:26:18,16,1697,236th St SW & 52nd Ave W,0.0,0.0
2023-10-09,111,West,21154,19123.0,,06:26:32,06:26:32,17,1698,236th St SW & 54th Ave W,0.0,0.0
2023-10-09,111,West,21154,19123.0,,06:26:55,06:26:55,18,1699,236th St SW & 56th Ave W,0.0,0.0
2023-10-09,111,West,21154,19123.0,06:30:00,06:28:01,06:28:01,19,3268,Mountlake Terrace Transit Center Drop-off,0.0,0.0
2023-10-09,111,West,21155,19113.0,07:18:00,07:17:45,07:17:45,0,2188,Brier Rd & 228th St SW,0.0,0.0
2023-10-09,111,West,21155,19113.0,,07:18:01,07:18:01,1,1316,Brier Rd & 232nd St SW,0.0,0.0
2023-10-09,111,West,21155,19113.0,,07:18:29,07:18:29,2,2775,Brier Rd & 232nd St SW,0.0,0.0
2023-10-09,111,West,21155,19113.0,,07:18:59,07:18:59,3,2776,236th St SW & Brier Rd,0.0,0.0
2023-10-09,111,West,21155,19113.0,,07:20:13,07:20:13,4,603,29th Ave W & 232nd St SW,0.0,0.0
2023-10-09,111,West,21155,19113.0,,07:20:31,07:20:31,5,604,29th Ave W & 228th St SW,0.0,0.0
2023-10-09,111,West,21155,19113.0,,07:21:05,07:21:05,6,1687,228th St SW & 29th Ave W,0.0,0.0
2023-10-09,111,West,21155,19113.0,,07:21:52,07:21:52,7,1681,228th St SW & 32nd Ave W,0.0,0.0
2023-10-09,111,West,21155,19113.0,,07:22:07,07:22:07,8,1685,228th St SW & 35th Ave W,0.0,0.0
2023-10-09,111,West,21155,19113.0,,07:23:09,07:23:09,9,1682,228th St SW & 39th Ave W,0.0,0.0
2023-10-09,111,West,21155,19113.0,,07:23:34,07:24:03,10,1683,228th St SW & 42nd Pl W,1.0,0.0
2023-10-09,111,West,21155,19113.0,,07:24:59,07:24:59,11,2774,228th St SW & 46th Ave W,0.0,0.0
2023-10-09,111,West,21155,19113.0,07:24:00,07:25:40,07:25:40,12,1160,48th Ave W & 228th St SW,0.0,0.0
2023-10-09,111,West,21155,19113.0,,07:26:21,07:26:21,13,1161,48th Ave W & 233rd St SW,0.0,0.0
2023-10-09,111,West,21155,19113.0,,07:27:02,07:27:02,14,1695,236th St SW & 48th Ave W,0.0,0.0
2023-10-09,111,West,21155,19113.0,,07:27:18,07:27:18,15,1696,236th St SW & 50th Ave W,0.0,0.0
2023-10-09,111,West,21155,19113.0,,07:27:33,07:27:33,16,1697,236th St SW & 52nd Ave W,0.0,0.0
2023-10-09,111,West,21155,19113.0,,07:27:46,07:27:46,17,1698,236th St SW & 54th Ave W,0.0,0.0
2023-10-09,111,West,21155,19113.0,,07:28:52,07:29:01,18,1699,236th St SW & 56th Ave W,0.0,1.0
2023-10-09,111,West,21155,19113.0,07:30:00,07:29:47,07:29:47,19,3268,Mountlake Terrace Transit Center Drop-off,0.0,0.0
2023-10-10,111,East,21152,16806.0,16:30:00,,,0,3269,Mountlake Terrace Transit Center Bay 1,,
2023-10-10,111,East,21152,16806.0,,16:20:50,16:20:50,1,322,236th St SW & 58th Ave W,0.0,0.0
2023-10-10,111,East,21152,16806.0,,16:36:35,16:36:35,2,321,236th St SW & 56th Ave W,0.0,0.0
2023-10-10,111,East,21152,16806.0,,16:36:50,16:36:50,3,320,236th St SW & 54th Ave W,0.0,0.0
2023-10-10,111,East,21152,16806.0,,16:37:11,16:37:11,4,319,236th St SW & 52nd Ave W,0.0,0.0
2023-10-10,111,East,21152,16806.0,,16:37:22,16:37:22,5,324,236th St SW & 50th Ave W,0.0,0.0
2023-10-10,111,East,21152,16806.0,,16:38:28,16:38:28,6,675,48th Ave W & 233rd St SW,0.0,0.0
2023-10-10,111,East,21152,16806.0,16:33:00,16:39:10,16:39:10,7,2771,48th Ave W & 228th St SW,0.0,0.0
2023-10-10,111,East,21152,16806.0,,16:39:33,16:39:33,8,2763,228th St SW & 45th Pl W,0.0,0.0
2023-10-10,111,East,21152,16806.0,,16:40:08,16:40:08,9,312,228th St SW & 42nd Pl W,0.0,0.0
2023-10-10,111,East,21152,16806.0,,16:40:22,16:40:22,10,310,228th St SW & 39th Pl W,0.0,0.0
2023-10-10,111,East,21152,16806.0,,16:40:54,16:40:54,11,309,228th St SW & 228th Pl SW,0.0,0.0
2023-10-10,111,East,21152,16806.0,,16:41:14,16:41:14,12,305,228th St SW & 35th Ave W,0.0,0.0
2023-10-10,111,East,21152,16806.0,,16:41:31,16:41:31,13,304,228th St SW & 32nd Ave W,0.0,0.0
2023-10-10,111,East,21152,16806.0,,16:42:03,16:42:03,14,2188,Brier Rd & 228th St SW,0.0,0.0
2023-10-10,111,East,21152,16806.0,,16:42:14,16:42:14,15,1316,Brier Rd & 232nd St SW,0.0,0.0
2023-10-10,111,East,21152,16806.0,,16:42:41,16:42:41,16,2775,Brier Rd & 232nd St SW,0.0,0.0
2023-10-10,111,East,21152,16806.0,,16:43:15,16:43:15,17,2776,236th St SW & Brier Rd,0.0,0.0
2023-10-10,111,East,21152,16806.0,,16:44:23,16:44:23,18,603,29th Ave W & 232nd St SW,0.0,0.0
2023-10-10,111,East,21152,16806.0,,16:44:41,16:44:41,19,604,29th Ave W & 228th St SW,0.0,0.0
2023-10-10,111,East,21152,16806.0,16:43:00,16:45:12,16:45:12,20,1687,228th St SW & 29th Ave W,0.0,0.0
2023-10-10,111,East,21153,17109.0,17:30:00,17:30:09,17:30:09,0,3269,Mountlake Terrace Transit Center Bay 1,2.0,0.0
2023-10-10,111,East,21153,17109.0,,17:30:38,17:30:38,1,322,236th St SW & 58th Ave W,0.0,0.0
2023-10-10,111,East,21153,17109.0,,17:31:27,17:31:27,2,321,236th St SW & 56th Ave W,0.0,0.0
2023-10-10,111,East,21153,17109.0,,17:31:40,17:31:40,3,320,236th St SW & 54th Ave W,0.0,0.0
2023-10-10,111,East,21153,17109.0,,17:31:58,17:31:58,4,319,236th St SW & 52nd Ave W,0.0,0.0
2023-10-10,111,East,21153,17109.0,,17:32:08,17:32:08,5,324,236th St SW & 50th Ave W,0.0,0.0
2023-10-10,111,East,21153,17109.0,,17:33:13,17:33:13,6,675,48th Ave W & 233rd St SW,0.0,0.0
2023-10-10,111,East,21153,17109.0,17:33:00,17:34:00,17:34:00,7,2771,48th Ave W & 228th St SW,0.0,0.0
2023-10-10,111,East,21153,17109.0,,17:34:26,17:34:26,8,2763,228th St SW & 45th Pl W,0.0,0.0
2023-10-10,111,East,21153,17109.0,,17:35:30,17:35:30,9,312,228th St SW & 42nd Pl W,0.0,0.0
2023-10-10,111,East,21153,17109.0,,17:35:59,17:35:59,10,310,228th St SW & 39th Pl W,0.0,0.0
2023-10-10,111,East,21153,17109.0,,17:36:24,17:36:24,11,309,228th St SW & 228th Pl SW,0.0,0.0
2023-10-10,111,East,21153,17109.0,,17:36:45,17:36:45,12,305,228th St SW & 35th Ave W,0.0,0.0
2023-10-10,111,East,21153,17109.0,,17:37:04,17:37:04,13,304,228th St SW & 32nd Ave W,0.0,0.0
2023-10-10,111,East,21153,17109.0,,17:37:42,17:37:51,14,2188,Brier Rd & 228th St SW,0.0,2.0
2023-10-10,111,East,21153,17109.0,,17:38:03,17:38:03,15,1316,Brier Rd & 232nd St SW,0.0,0.0
2023-10-10,111,East,21153,17109.0,,17:38:32,17:38:32,16,2775,Brier Rd & 232nd St SW,0.0,0.0
2023-10-10,111,East,21153,17109.0,,17:39:04,17:39:04,17,2776,236th St SW & Brier Rd,0.0,0.0
2023-10-10,111,East,21153,17109.0,,17:40:32,17:40:32,18,603,29th Ave W & 232nd St SW,0.0,0.0
2023-10-10,111,East,21153,17109.0,,17:40:50,17:40:50,19,604,29th Ave W & 228th St SW,0.0,0.0
2023-10-10,111,East,21153,17109.0,17:43:00,17:41:23,17:41:23,20,1687,228th St SW & 29th Ave W,0.0,0.0
2023-10-10,111,West,21154,17100.0,06:18:00,06:18:47,06:18:47,0,2188,Brier Rd & 228th St SW,0.0,0.0
2023-10-10,111,West,21154,17100.0,,06:19:09,06:19:09,1,1316,Brier Rd & 232nd St SW,0.0,0.0
2023-10-10,111,West,21154,17100.0,,06:19:43,06:19:43,2,2775,Brier Rd & 232nd St SW,0.0,0.0
2023-10-10,111,West,21154,17100.0,,06:20:19,06:20:19,3,2776,236th St SW & Brier Rd,0.0,0.0
2023-10-10,111,West,21154,17100.0,,06:21:29,06:21:29,4,603,29th Ave W & 232nd St SW,0.0,0.0
2023-10-10,111,West,21154,17100.0,,06:21:47,06:21:47,5,604,29th Ave W & 228th St SW,0.0,0.0
2023-10-10,111,West,21154,17100.0,,06:22:18,06:22:31,6,1687,228th St SW & 29th Ave W,1.0,0.0
2023-10-10,111,West,21154,17100.0,,06:23:27,06:23:38,7,1681,228th St SW & 32nd Ave W,1.0,0.0
2023-10-10,111,West,21154,17100.0,,06:23:59,06:23:59,8,1685,228th St SW & 35th Ave W,0.0,0.0
2023-10-10,111,West,21154,17100.0,,06:25:02,06:25:02,9,1682,228th St SW & 39th Ave W,0.0,0.0
2023-10-10,111,West,21154,17100.0,,06:25:20,06:25:20,10,1683,228th St SW & 42nd Pl W,0.0,0.0
2023-10-10,111,West,21154,17100.0,,06:25:52,06:25:52,11,2774,228th St SW & 46th Ave W,0.0,0.0
2023-10-10,111,West,21154,17100.0,06:24:00,06:26:27,06:26:27,12,1160,48th Ave W & 228th St SW,0.0,0.0
2023-10-10,111,West,21154,17100.0,,06:26:59,06:26:59,13,1161,48th Ave W & 233rd St SW,0.0,0.0
2023-10-10,111,West,21154,17100.0,,06:27:37,06:27:37,14,1695,236th St SW & 48th Ave W,0.0,0.0
2023-10-10,111,West,21154,17100.0,,06:27:50,06:27:50,15,1696,236th St SW & 50th Ave W,0.0,0.0
2023-10-10,111,West,21154,17100.0,,06:28:08,06:28:08,16,1697,236th St SW & 52nd Ave W,0.0,0.0
2023-10-10,111,West,21154,17100.0,,06:28:25,06:28:25,17,1698,236th St SW & 54th Ave W,0.0,0.0
2023-10-10,111,West,21154,17100.0,,06:28:56,06:28:56,18,1699,236th St SW & 56th Ave W,0.0,0.0
2023-10-10,111,West,21154,17100.0,06:30:00,06:29:37,06:29:37,19,3268,Mountlake Terrace Transit Center Drop-off,0.0,2.0
2023-10-10,111,West,21155,17108.0,07:18:00,07:17:49,07:17:49,0,2188,Brier Rd & 228th St SW,0.0,0.0
2023-10-10,111,West,21155,17108.0,,07:18:08,07:18:08,1,1316,Brier Rd & 232nd St SW,0.0,0.0
2023-10-10,111,West,21155,17108.0,,07:18:37,07:18:37,2,2775,Brier Rd & 232nd St SW,0.0,0.0
2023-10-10,111,West,21155,17108.0,,07:19:06,07:19:06,3,2776,236th St SW & Brier Rd,0.0,0.0
2023-10-10,111,West,21155,17108.0,,07:20:21,07:20:21,4,603,29th Ave W & 232nd St SW,0.0,0.0
2023-10-10,111,West,21155,17108.0,,07:20:40,07:20:40,5,604,29th Ave W & 228th St SW,0.0,0.0
2023-10-10,111,West,21155,17108.0,,07:21:25,07:21:25,6,1687,228th St SW & 29th Ave W,0.0,0.0
2023-10-10,111,West,21155,17108.0,,07:22:46,07:22:46,7,1681,228th St SW & 32nd Ave W,0.0,0.0
2023-10-10,111,West,21155,17108.0,,07:23:00,07:23:00,8,1685,228th St SW & 35th Ave W,0.0,0.0
2023-10-10,111,West,21155,17108.0,,07:23:55,07:23:55,9,1682,228th St SW & 39th Ave W,0.0,0.0
2023-10-10,111,West,21155,17108.0,,07:24:13,07:24:13,10,1683,228th St SW & 42nd Pl W,0.0,0.0
2023-10-10,111,West,21155,17108.0,,07:24:53,07:24:53,11,2774,228th St SW & 46th Ave W,0.0,0.0
2023-10-10,111,West,21155,17108.0,07:24:00,07:25:27,07:25:27,12,1160,48th Ave W & 228th St SW,0.0,0.0
2023-10-10,111,West,21155,17108.0,,07:26:07,07:26:07,13,1161,48th Ave W & 233rd St SW,0.0,0.0
2023-10-10,111,West,21155,17108.0,,07:26:48,07:26:48,14,1695,236th St SW & 48th Ave W,0.0,0.0
2023-10-10,111,West,21155,17108.0,,07:27:00,07:27:00,15,1696,236th St SW & 50th Ave W,0.0,0.0
2023-10-10,111,West,21155,17108.0,,07:27:16,07:27:16,16,1697,236th St SW & 52nd Ave W,0.0,0.0
2023-10-10,111,West,21155,17108.0,,07:27:31,07:27:31,17,1698,236th St SW & 54th Ave W,0.0,0.0
2023-10-10,111,West,21155,17108.0,,07:28:27,07:28:27,18,1699,236th St SW & 56th Ave W,0.0,0.0
2023-10-10,111,West,21155,17108.0,07:30:00,07:29:37,07:29:37,19,3268,Mountlake Terrace Transit Center Drop-off,0.0,0.0
2023-10-11,111,East,21152,17807.0,16:30:00,16:30:31,16:30:31,0,3269,Mountlake Terrace Transit Center Bay 1,0.0,0.0
2023-10-11,111,East,21152,17807.0,,16:31:52,16:31:52,1,322,236th St SW & 58th Ave W,0.0,0.0
2023-10-11,111,East,21152,17807.0,,16:32:56,16:32:56,2,321,236th St SW & 56th Ave W,0.0,0.0
2023-10-11,111,East,21152,17807.0,,16:33:09,16:33:09,3,320,236th St SW & 54th Ave W,0.0,0.0
2023-10-11,111,East,21152,17807.0,,16:33:28,16:33:28,4,319,236th St SW & 52nd Ave W,0.0,0.0
2023-10-11,111,East,21152,17807.0,,16:33:39,16:33:39,5,324,236th St SW & 50th Ave W,0.0,0.0
2023-10-11,111,East,21152,17807.0,,16:34:43,16:34:43,6,675,48th Ave W & 233rd St SW,0.0,0.0
2023-10-11,111,East,21152,17807.0,16:33:00,16:35:36,16:35:36,7,2771,48th Ave W & 228th St SW,0.0,0.0
2023-10-11,111,East,21152,17807.0,,16:35:59,16:35:59,8,2763,228th St SW & 45th Pl W,0.0,0.0
2023-10-11,111,East,21152,17807.0,,16:36:29,16:36:29,9,312,228th St SW & 42nd Pl W,0.0,0.0
2023-10-11,111,East,21152,17807.0,,16:36:48,16:36:48,10,310,228th St SW & 39th Pl W,0.0,0.0
2023-10-11,111,East,21152,17807.0,,16:37:24,16:37:24,11,309,228th St SW & 228th Pl SW,0.0,0.0
2023-10-11,111,East,21152,17807.0,,16:37:50,16:37:50,12,305,228th St SW & 35th Ave W,0.0,0.0
2023-10-11,111,East,21152,17807.0,,16:38:13,16:38:13,13,304,228th St SW & 32nd Ave W,0.0,0.0
2023-10-11,111,East,21152,17807.0,,16:38:52,16:38:52,14,2188,Brier Rd & 228th St SW,0.0,0.0
2023-10-11,111,East,21152,17807.0,,16:39:05,16:39:05,15,1316,Brier Rd & 232nd St SW,0.0,0.0
2023-10-11,111,East,21152,17807.0,,16:39:41,16:39:41,16,2775,Brier Rd & 232nd St SW,0.0,0.0
2023-10-11,111,East,21152,17807.0,,16:40:21,16:40:21,17,2776,236th St SW & Brier Rd,0.0,0.0
2023-10-11,111,East,21152,17807.0,,16:41:54,16:41:54,18,603,29th Ave W & 232nd St SW,0.0,0.0
2023-10-11,111,East,21152,17807.0,,16:42:22,16:42:22,19,604,29th Ave W & 228th St SW,0.0,0.0
2023-10-11,111,East,21152,17807.0,16:43:00,16:43:07,16:43:07,20,1687,228th St SW & 29th Ave W,0.0,0.0
2023-10-11,111,East,21153,19119.0,17:30:00,17:30:14,17:30:14,0,3269,Mountlake Terrace Transit Center Bay 1,0.0,0.0
2023-10-11,111,East,21153,19119.0,,17:30:41,17:30:41,1,322,236th St SW & 58th Ave W,0.0,0.0
2023-10-11,111,East,21153,19119.0,,17:31:40,17:31:40,2,321,236th St SW & 56th Ave W,0.0,0.0
2023-10-11,111,East,21153,19119.0,,17:31:52,17:31:52,3,320,236th St SW & 54th Ave W,0.0,0.0
2023-10-11,111,East,21153,19119.0,,17:32:07,17:32:07,4,319,236th St SW & 52nd Ave W,0.0,0.0
2023-10-11,111,East,21153,19119.0,,17:32:18,17:32:18,5,324,236th St SW & 50th Ave W,0.0,0.0
2023-10-11,111,East,21153,19119.0,,17:33:13,17:33:13,6,675,48th Ave W & 233rd St SW,0.0,0.0
2023-10-11,111,East,21153,19119.0,17:33:00,17:34:03,17:34:03,7,2771,48th Ave W & 228th St SW,0.0,0.0
2023-10-11,111,East,21153,19119.0,,17:34:27,17:34:27,8,2763,228th St SW & 45th Pl W,0.0,0.0
2023-10-11,111,East,21153,19119.0,,17:34:53,17:34:53,9,312,228th St SW & 42nd Pl W,0.0,0.0
2023-10-11,111,East,21153,19119.0,,17:35:14,17:35:14,10,310,228th St SW & 39th Pl W,0.0,0.0
2023-10-11,111,East,21153,19119.0,,17:35:45,17:35:45,11,309,228th St SW & 228th Pl SW,0.0,0.0
2023-10-11,111,East,21153,19119.0,,17:36:06,17:36:06,12,305,228th St SW & 35th Ave W,0.0,0.0
2023-10-11,111,East,21153,19119.0,,17:36:24,17:36:24,13,304,228th St SW & 32nd Ave W,0.0,0.0
2023-10-11,111,East,21153,19119.0,,17:36:58,17:36:58,14,2188,Brier Rd & 228th St SW,0.0,0.0
2023-10-11,111,East,21153,19119.0,,17:37:09,17:37:09,15,1316,Brier Rd & 232nd St SW,0.0,0.0
2023-10-11,111,East,21153,19119.0,,17:37:36,17:37:36,16,2775,Brier Rd & 232nd St SW,0.0,0.0
2023-10-11,111,East,21153,19119.0,,17:38:08,17:38:08,17,2776,236th St SW & Brier Rd,0.0,0.0
2023-10-11,111,East,21153,19119.0,,17:39:22,17:39:22,18,603,29th Ave W & 232nd St SW,0.0,0.0
2023-10-11,111,East,21153,19119.0,,17:39:40,17:39:40,19,604,29th Ave W & 228th St SW,0.0,0.0
2023-10-11,111,East,21153,19119.0,17:43:00,17:40:15,17:40:15,20,1687,228th St SW & 29th Ave W,0.0,0.0
2023-10-11,111,West,21154,17105.0,06:18:00,06:19:40,06:19:40,0,2188,Brier Rd & 228th St SW,0.0,0.0
2023-10-11,111,West,21154,17105.0,,06:19:56,06:19:56,1,1316,Brier Rd & 232nd St SW,0.0,0.0
2023-10-11,111,West,21154,17105.0,,06:20:24,06:20:24,2,2775,Brier Rd & 232nd St SW,0.0,0.0
2023-10-11,111,West,21154,17105.0,,06:20:59,06:20:59,3,2776,236th St SW & Brier Rd,0.0,0.0
2023-10-11,111,West,21154,17105.0,,06:22:04,06:22:04,4,603,29th Ave W & 232nd St SW,0.0,0.0
2023-10-11,111,West,21154,17105.0,,06:22:20,06:22:20,5,604,29th Ave W & 228th St SW,0.0,0.0
2023-10-11,111,West,21154,17105.0,,06:22:47,06:22:47,6,1687,228th St SW & 29th Ave W,0.0,0.0
2023-10-11,111,West,21154,17105.0,,06:23:37,06:23:37,7,1681,228th St SW & 32nd Ave W,0.0,0.0
2023-10-11,111,West,21154,17105.0,,06:23:54,06:23:54,8,1685,228th St SW & 35th Ave W,0.0,0.0
2023-10-11,111,West,21154,17105.0,,06:24:47,06:24:47,9,1682,228th St SW & 39th Ave W,0.0,0.0
2023-10-11,111,West,21154,17105.0,,06:25:09,06:25:20,10,1683,228th St SW & 42nd Pl W,2.0,0.0
2023-10-11,111,West,21154,17105.0,,06:25:55,06:25:55,11,2774,228th St SW & 46th Ave W,0.0,0.0
2023-10-11,111,West,21154,17105.0,06:24:00,06:26:23,06:26:23,12,1160,48th Ave W & 228th St SW,0.0,0.0
2023-10-11,111,West,21154,17105.0,,06:26:54,06:26:54,13,1161,48th Ave W & 233rd St SW,0.0,0.0
2023-10-11,111,West,21154,17105.0,,06:27:34,06:27:42,14,1695,236th St SW & 48th Ave W,0.0,1.0
2023-10-11,111,West,21154,17105.0,,06:27:59,06:27:59,15,1696,236th St SW & 50th Ave W,0.0,0.0
2023-10-11,111,West,21154,17105.0,,06:28:15,06:28:15,16,1697,236th St SW & 52nd Ave W,0.0,0.0
2023-10-11,111,West,21154,17105.0,,06:28:28,06:28:28,17,1698,236th St SW & 54th Ave W,0.0,0.0
2023-10-11,111,West,21154,17105.0,,06:29:08,06:29:08,18,1699,236th St SW & 56th Ave W,0.0,0.0
2023-10-11,111,West,21154,17105.0,06:30:00,06:30:02,06:30:02,19,3268,Mountlake Terrace Transit Center Drop-off,0.0,1.0
2023-10-11,111,West,21155,19123.0,07:18:00,07:17:55,07:17:55,0,2188,Brier Rd & 228th St SW,0.0,0.0
2023-10-11,111,West,21155,19123.0,,07:18:13,07:18:13,1,1316,Brier Rd & 232nd St SW,0.0,0.0
2023-10-11,111,West,21155,19123.0,,07:18:45,07:18:45,2,2775,Brier Rd & 232nd St SW,0.0,0.0
2023-10-11,111,West,21155,19123.0,,07:19:18,07:19:18,3,2776,236th St SW & Brier Rd,0.0,0.0
2023-10-11,111,West,21155,19123.0,,07:20:37,07:20:37,4,603,29th Ave W & 232nd St SW,0.0,0.0
2023-10-11,111,West,21155,19123.0,,07:20:57,07:20:57,5,604,29th Ave W & 228th St SW,0.0,0.0
2023-10-11,111,West,21155,19123.0,,07:21:34,07:21:34,6,1687,228th St SW & 29th Ave W,0.0,0.0
2023-10-11,111,West,21155,19123.0,,07:22:24,07:22:24,7,1681,228th St SW & 32nd Ave W,0.0,0.0
2023-10-11,111,West,21155,19123.0,,07:22:39,07:22:39,8,1685,228th St SW & 35th Ave W,0.0,0.0
2023-10-11,111,West,21155,19123.0,,07:23:38,07:23:38,9,1682,228th St SW & 39th Ave W,0.0,0.0
2023-10-11,111,West,21155,19123.0,,07:23:59,07:23:59,10,1683,228th St SW & 42nd Pl W,0.0,0.0
2023-10-11,111,West,21155,19123.0,,07:24:56,07:24:56,11,2774,228th St SW & 46th Ave W,0.0,0.0
2023-10-11,111,West,21155,19123.0,07:24:00,07:25:32,07:25:32,12,1160,48th Ave W & 228th St SW,0.0,0.0
2023-10-11,111,West,21155,19123.0,,07:26:14,07:26:14,13,1161,48th Ave W & 233rd St SW,0.0,0.0
2023-10-11,111,West,21155,19123.0,,07:26:57,07:26:57,14,1695,236th St SW & 48th Ave W,0.0,0.0
2023-10-11,111,West,21155,19123.0,,07:27:11,07:27:11,15,1696,236th St SW & 50th Ave W,0.0,0.0
2023-10-11,111,West,21155,19123.0,,07:27:27,07:27:27,16,1697,236th St SW & 52nd Ave W,0.0,0.0
2023-10-11,111,West,21155,19123.0,,07:27:44,07:27:44,17,1698,236th St SW & 54th Ave W,0.0,0.0
2023-10-11,111,West,21155,19123.0,,07:28:59,07:28:59,18,1699,236th St SW & 56th Ave W,0.0,0.0
2023-10-11,111,West,21155,19123.0,07:30:00,07:30:15,07:30:15,19,3268,Mountlake Terrace Transit Center Drop-off,0.0,0.0
2023-10-12,111,East,21152,22802.0,16:30:00,16:30:10,16:30:10,0,3269,Mountlake Terrace Transit Center Bay 1,5.0,0.0
2023-10-12,111,East,21152,22802.0,,16:30:47,16:30:47,1,322,236th St SW & 58th Ave W,0.0,0.0
2023-10-12,111,East,21152,22802.0,,16:31:24,16:31:24,2,321,236th St SW & 56th Ave W,0.0,0.0
2023-10-12,111,East,21152,22802.0,,16:31:39,16:31:39,3,320,236th St SW & 54th Ave W,0.0,0.0
2023-10-12,111,East,21152,22802.0,,16:31:58,16:31:58,4,319,236th St SW & 52nd Ave W,0.0,0.0
2023-10-12,111,East,21152,22802.0,,16:32:10,16:32:10,5,324,236th St SW & 50th Ave W,0.0,0.0
2023-10-12,111,East,21152,22802.0,,16:33:17,16:33:28,6,675,48th Ave W & 233rd St SW,0.0,2.0
2023-10-12,111,East,21152,22802.0,16:33:00,16:34:23,16:34:23,7,2771,48th Ave W & 228th St SW,0.0,0.0
2023-10-12,111,East,21152,22802.0,,16:34:59,16:34:59,8,2763,228th St SW & 45th Pl W,0.0,0.0
2023-10-12,111,East,21152,22802.0,,16:35:41,16:35:55,9,312,228th St SW & 42nd Pl W,0.0,1.0
2023-10-12,111,East,21152,22802.0,,16:36:24,16:36:37,10,310,228th St SW & 39th Pl W,0.0,1.0
2023-10-12,111,East,21152,22802.0,,16:37:16,16:37:16,11,309,228th St SW & 228th Pl SW,0.0,0.0
2023-10-12,111,East,21152,22802.0,,16:37:42,16:37:42,12,305,228th St SW & 35th Ave W,0.0,0.0
2023-10-12,111,East,21152,22802.0,,16:38:02,16:38:02,13,304,228th St SW & 32nd Ave W,0.0,0.0
2023-10-12,111,East,21152,22802.0,,16:38:38,16:38:38,14,2188,Brier Rd & 228th St SW,0.0,0.0
2023-10-12,111,East,21152,22802.0,,16:38:50,16:38:50,15,1316,Brier Rd & 232nd St SW,0.0,0.0
2023-10-12,111,East,21152,22802.0,,16:39:23,16:39:23,16,2775,Brier Rd & 232nd St SW,0.0,0.0
2023-10-12,111,East,21152,22802.0,,16:40:02,16:40:02,17,2776,236th St SW & Brier Rd,0.0,0.0
2023-10-12,111,East,21152,22802.0,,16:41:35,16:41:50,18,603,29th Ave W & 232nd St SW,0.0,1.0
2023-10-12,111,East,21152,22802.0,,16:42:17,16:42:17,19,604,29th Ave W & 228th St SW,0.0,0.0
2023-10-12,111,East,21152,22802.0,16:43:00,16:43:17,16:43:17,20,1687,228th St SW & 29th Ave W,0.0,0.0
2023-10-12,111,East,21153,17125.0,17:30:00,17:30:24,17:30:24,0,3269,Mountlake Terrace Transit Center Bay 1,0.0,0.0
2023-10-12,111,East,21153,17125.0,,17:30:56,17:30:56,1,322,236th St SW & 58th Ave W,0.0,0.0
2023-10-12,111,East,21153,17125.0,,17:32:19,17:32:19,2,321,236th St SW & 56th Ave W,0.0,0.0
2023-10-12,111,East,21153,17125.0,,17:32:32,17:32:32,3,320,236th St SW & 54th Ave W,0.0,0.0
2023-10-12,111,East,21153,17125.0,,17:32:53,17:32:53,4,319,236th St SW & 52nd Ave W,0.0,0.0
2023-10-12,111,East,21153,17125.0,,17:33:05,17:33:05,5,324,236th St SW & 50th Ave W,0.0,0.0
2023-10-12,111,East,21153,17125.0,,17:34:02,17:34:02,6,675,48th Ave W & 233rd St SW,0.0,0.0
2023-10-12,111,East,21153,17125.0,17:33:00,17:34:50,17:34:50,7,2771,48th Ave W & 228th St SW,0.0,0.0
2023-10-12,111,East,21153,17125.0,,17:35:16,17:35:16,8,2763,228th St SW & 45th Pl W,0.0,0.0
2023-10-12,111,East,21153,17125.0,,17:36:22,17:36:22,9,312,228th St SW & 42nd Pl W,0.0,0.0
2023-10-12,111,East,21153,17125.0,,17:36:42,17:36:42,10,310,228th St SW & 39th Pl W,0.0,0.0
2023-10-12,111,East,21153,17125.0,,17:37:14,17:37:14,11,309,228th St SW & 228th Pl SW,0.0,0.0
2023-10-12,111,East,21153,17125.0,,17:37:35,17:37:35,12,305,228th St SW & 35th Ave W,0.0,0.0
2023-10-12,111,East,21153,17125.0,,17:37:54,17:37:54,13,304,228th St SW & 32nd Ave W,0.0,0.0
2023-10-12,111,East,21153,17125.0,,17:38:33,17:38:33,14,2188,Brier Rd & 228th St SW,0.0,0.0
2023-10-12,111,East,21153,17125.0,,17:38:43,17:38:43,15,1316,Brier Rd & 232nd St SW,0.0,0.0
2023-10-12,111,East,21153,17125.0,,17:39:11,17:39:11,16,2775,Brier Rd & 232nd St SW,0.0,0.0
2023-10-12,111,East,21153,17125.0,,17:39:45,17:39:45,17,2776,236th St SW & Brier Rd,0.0,0.0
2023-10-12,111,East,21153,17125.0,,17:41:06,17:41:06,18,603,29th Ave W & 232nd St SW,0.0,0.0
2023-10-12,111,East,21153,17125.0,,17:41:23,17:41:23,19,604,29th Ave W & 228th St SW,0.0,0.0
2023-10-12,111,East,21153,17125.0,17:43:00,17:41:55,17:41:55,20,1687,228th St SW & 29th Ave W,0.0,0.0
2023-10-12,111,West,21154,19123.0,06:18:00,06:18:37,06:18:37,0,2188,Brier Rd & 228th St SW,0.0,0.0
2023-10-12,111,West,21154,19123.0,,06:18:52,06:18:52,1,1316,Brier Rd & 232nd St SW,0.0,0.0
2023-10-12,111,West,21154,19123.0,,06:19:20,06:19:20,2,2775,Brier Rd & 232nd St SW,0.0,0.0
2023-10-12,111,West,21154,19123.0,,06:19:57,06:19:57,3,2776,236th St SW & Brier Rd,0.0,0.0
2023-10-12,111,West,21154,19123.0,,06:21:00,06:21:00,4,603,29th Ave W & 232nd St SW,0.0,0.0
2023-10-12,111,West,21154,19123.0,,06:21:15,06:21:15,5,604,29th Ave W & 228th St SW,0.0,0.0
2023-10-12,111,West,21154,19123.0,,06:21:49,06:21:49,6,1687,228th St SW & 29th Ave W,0.0,0.0
2023-10-12,111,West,21154,19123.0,,06:22:29,06:22:29,7,1681,228th St SW & 32nd Ave W,0.0,0.0
2023-10-12,111,West,21154,19123.0,,06:22:45,06:22:45,8,1685,228th St SW & 35th Ave W,0.0,0.0
2023-10-12,111,West,21154,19123.0,,06:23:42,06:23:42,9,1682,228th St SW & 39th Ave W,0.0,0.0
2023-10-12,111,West,21154,19123.0,,06:24:08,06:24:26,10,1683,228th St SW & 42nd Pl W,2.0,0.0
2023-10-12,111,West,21154,19123.0,,06:25:03,06:25:03,11,2774,228th St SW & 46th Ave W,0.0,0.0
2023-10-12,111,West,21154,19123.0,06:24:00,06:25:34,06:25:34,12,1160,48th Ave W & 228th St SW,0.0,0.0
2023-10-12,111,West,21154,19123.0,,06:26:02,06:26:02,13,1161,48th Ave W & 233rd St SW,0.0,0.0
2023-10-12,111,West,21154,19123.0,,06:26:40,06:26:48,14,1695,236th St SW & 48th Ave W,0.0,1.0
2023-10-12,111,West,21154,19123.0,,06:27:09,06:27:09,15,1696,236th St SW & 50th Ave W,0.0,0.0
2023-10-12,111,West,21154,19123.0,,06:27:29,06:27:29,16,1697,236th St SW & 52nd Ave W,0.0,0.0
2023-10-12,111,West,21154,19123.0,,06:27:43,06:27:43,17,1698,236th St SW & 54th Ave W,0.0,0.0
2023-10-12,111,West,21154,19123.0,,06:28:21,06:28:21,18,1699,236th St SW & 56th Ave W,0.0,0.0
2023-10-12,111,West,21154,19123.0,06:30:00,06:29:28,06:29:28,19,3268,Mountlake Terrace Transit Center Drop-off,0.0,1.0
2023-10-12,111,West,21155,19119.0,07:18:00,07:17:52,07:17:52,0,2188,Brier Rd & 228th St SW,0.0,0.0
2023-10-12,111,West,21155,19119.0,,07:18:08,07:18:08,1,1316,Brier Rd & 232nd St SW,0.0,0.0
2023-10-12,111,West,21155,19119.0,,07:18:37,07:18:37,2,2775,Brier Rd & 232nd St SW,0.0,0.0
2023-10-12,111,West,21155,19119.0,,07:19:18,07:19:32,3,2776,236th St SW & Brier Rd,1.0,0.0
2023-10-12,111,West,21155,19119.0,,07:20:47,07:20:47,4,603,29th Ave W & 232nd St SW,0.0,0.0
2023-10-12,111,West,21155,19119.0,,07:21:07,07:21:07,5,604,29th Ave W & 228th St SW,0.0,0.0
2023-10-12,111,West,21155,19119.0,,07:21:39,07:21:39,6,1687,228th St SW & 29th Ave W,0.0,0.0
2023-10-12,111,West,21155,19119.0,,07:22:20,07:22:20,7,1681,228th St SW & 32nd Ave W,0.0,0.0
2023-10-12,111,West,21155,19119.0,,07:22:33,07:22:33,8,1685,228th St SW & 35th Ave W,0.0,0.0
2023-10-12,111,West,21155,19119.0,,07:23:26,07:23:26,9,1682,228th St SW & 39th Ave W,0.0,0.0
2023-10-12,111,West,21155,19119.0,,07:23:44,07:23:44,10,1683,228th St SW & 42nd Pl W,0.0,0.0
2023-10-12,111,West,21155,19119.0,,07:24:23,07:24:23,11,2774,228th St SW & 46th Ave W,0.0,0.0
2023-10-12,111,West,21155,19119.0,07:24:00,07:25:21,07:25:21,12,1160,48th Ave W & 228th St SW,0.0,0.0
2023-10-12,111,West,21155,19119.0,,07:26:00,07:26:00,13,1161,48th Ave W & 233rd St SW,0.0,0.0
2023-10-12,111,West,21155,19119.0,,07:26:47,07:26:47,14,1695,236th St SW & 48th Ave W,0.0,0.0
2023-10-12,111,West,21155,19119.0,,07:26:59,07:26:59,15,1696,236th St SW & 50th Ave W,0.0,0.0
2023-10-12,111,West,21155,19119.0,,07:27:14,07:27:14,16,1697,236th St SW & 52nd Ave W,0.0,0.0
2023-10-12,111,West,21155,19119.0,,07:27:29,07:27:29,17,1698,236th St SW & 54th Ave W,0.0,0.0
2023-10-12,111,West,21155,19119.0,,07:28:34,07:28:46,18,1699,236th St SW & 56th Ave W,0.0,1.0
2023-10-12,111,West,21155,19119.0,07:30:00,07:29:25,07:29:25,19,3268,Mountlake Terrace Transit Center Drop-off,0.0,0.0
2023-10-13,111,East,21152,17104.0,16:30:00,16:29:29,16:29:29,0,3269,Mountlake Terrace Transit Center Bay 1,1.0,0.0
2023-10-13,111,East,21152,17104.0,,16:30:03,16:30:03,1,322,236th St SW & 58th Ave W,0.0,0.0
2023-10-13,111,East,21152,17104.0,,16:31:15,16:31:15,2,321,236th St SW & 56th Ave W,0.0,0.0
2023-10-13,111,East,21152,17104.0,,16:31:29,16:31:29,3,320,236th St SW & 54th Ave W,0.0,0.0
2023-10-13,111,East,21152,17104.0,,16:31:43,16:31:43,4,319,236th St SW & 52nd Ave W,0.0,0.0
2023-10-13,111,East,21152,17104.0,,16:31:53,16:31:53,5,324,236th St SW & 50th Ave W,0.0,0.0
2023-10-13,111,East,21152,17104.0,,16:32:55,16:32:55,6,675,48th Ave W & 233rd St SW,0.0,0.0
2023-10-13,111,East,21152,17104.0,16:33:00,16:33:42,16:33:42,7,2771,48th Ave W & 228th St SW,0.0,0.0
2023-10-13,111,East,21152,17104.0,,16:34:11,16:34:11,8,2763,228th St SW & 45th Pl W,0.0,0.0
2023-10-13,111,East,21152,17104.0,,16:35:02,16:35:31,9,312,228th St SW & 42nd Pl W,1.0,0.0
2023-10-13,111,East,21152,17104.0,,16:35:57,16:35:57,10,310,228th St SW & 39th Pl W,0.0,0.0
2023-10-13,111,East,21152,17104.0,,16:36:34,16:36:34,11,309,228th St SW & 228th Pl SW,0.0,0.0
2023-10-13,111,East,21152,17104.0,,16:36:57,16:36:57,12,305,228th St SW & 35th Ave W,0.0,0.0
2023-10-13,111,East,21152,17104.0,,16:37:16,16:37:16,13,304,228th St SW & 32nd Ave W,0.0,0.0
2023-10-13,111,East,21152,17104.0,,16:37:49,16:37:49,14,2188,Brier Rd & 228th St SW,0.0,0.0
2023-10-13,111,East,21152,17104.0,,16:38:01,16:38:01,15,1316,Brier Rd & 232nd St SW,0.0,0.0
2023-10-13,111,East,21152,17104.0,,16:38:26,16:38:26,16,2775,Brier Rd & 232nd St SW,0.0,0.0
2023-10-13,111,East,21152,17104.0,,16:38:56,16:38:56,17,2776,236th St SW & Brier Rd,0.0,0.0
2023-10-13,111,East,21152,17104.0,,16:40:12,16:40:12,18,603,29th Ave W & 232nd St SW,0.0,0.0
2023-10-13,111,East,21152,17104.0,,16:40:32,16:40:32,19,604,29th Ave W & 228th St SW,0.0,0.0
2023-10-13,111,East,21152,17104.0,16:43:00,16:41:17,16:41:17,20,1687,228th St SW & 29th Ave W,0.0,2.0
2023-10-13,111,East,21153,17106.0,17:30:00,17:30:01,17:30:01,0,3269,Mountlake Terrace Transit Center Bay 1,2.0,0.0
2023-10-13,111,East,21153,17106.0,,17:30:37,17:30:37,1,322,236th St SW & 58th Ave W,0.0,0.0
2023-10-13,111,East,21153,17106.0,,17:31:24,17:31:24,2,321,236th St SW & 56th Ave W,0.0,0.0
2023-10-13,111,East,21153,17106.0,,17:31:38,17:31:38,3,320,236th St SW & 54th Ave W,0.0,0.0
2023-10-13,111,East,21153,17106.0,,17:31:56,17:31:56,4,319,236th St SW & 52nd Ave W,0.0,0.0
2023-10-13,111,East,21153,17106.0,,17:32:08,17:32:08,5,324,236th St SW & 50th Ave W,0.0,0.0
2023-10-13,111,East,21153,17106.0,,17:33:12,17:33:12,6,675,48th Ave W & 233rd St SW,0.0,0.0
2023-10-13,111,East,21153,17106.0,17:33:00,17:33:59,17:33:59,7,2771,48th Ave W & 228th St SW,0.0,0.0
2023-10-13,111,East,21153,17106.0,,17:34:26,17:34:26,8,2763,228th St SW & 45th Pl W,0.0,0.0
2023-10-13,111,East,21153,17106.0,,17:35:10,17:35:10,9,312,228th St SW & 42nd Pl W,0.0,0.0
2023-10-13,111,East,21153,17106.0,,17:35:29,17:35:29,10,310,228th St SW & 39th Pl W,0.0,0.0
2023-10-13,111,East,21153,17106.0,,17:36:04,17:36:04,11,309,228th St SW & 228th Pl SW,0.0,0.0
2023-10-13,111,East,21153,17106.0,,17:36:29,17:36:29,12,305,228th St SW & 35th Ave W,0.0,0.0
2023-10-13,111,East,21153,17106.0,,17:36:55,17:37:04,13,304,228th St SW & 32nd Ave W,0.0,2.0
2023-10-13,111,East,21153,17106.0,,17:37:54,17:37:54,14,2188,Brier Rd & 228th St SW,0.0,0.0
2023-10-13,111,East,21153,17106.0,,17:38:08,17:38:08,15,1316,Brier Rd & 232nd St SW,0.0,0.0
2023-10-13,111,East,21153,17106.0,,17:38:40,17:38:40,16,2775,Brier Rd & 232nd St SW,0.0,0.0
2023-10-13,111,East,21153,17106.0,,17:39:16,17:39:16,17,2776,236th St SW & Brier Rd,0.0,0.0
2023-10-13,111,East,21153,17106.0,,17:40:31,17:40:31,18,603,29th Ave W & 232nd St SW,0.0,0.0
2023-10-13,111,East,21153,17106.0,,17:40:45,17:40:45,19,604,29th Ave W & 228th St SW,0.0,0.0
2023-10-13,111,East,21153,17106.0,17:43:00,17:43:46,17:43:46,20,1687,228th St SW & 29th Ave W,0.0,0.0
2023-10-13,111,West,21154,19103.0,06:18:00,06:17:57,06:17:57,0,2188,Brier Rd & 228th St SW,0.0,0.0
2023-10-13,111,West,21154,19103.0,,06:18:17,06:18:17,1,1316,Brier Rd & 232nd St SW,0.0,0.0
2023-10-13,111,West,21154,19103.0,,06:18:50,06:18:50,2,2775,Brier Rd & 232nd St SW,0.0,0.0
2023-10-13,111,West,21154,19103.0,,06:19:28,06:19:28,3,2776,236th St SW & Brier Rd,0.0,0.0
2023-10-13,111,West,21154,19103.0,,06:20:41,06:20:41,4,603,29th Ave W & 232nd St SW,0.0,0.0
2023-10-13,111,West,21154,19103.0,,06:20:58,06:20:58,5,604,29th Ave W & 228th St SW,0.0,0.0
2023-10-13,111,West,21154,19103.0,,06:21:31,06:21:31,6,1687,228th St SW & 29th Ave W,0.0,0.0
2023-10-13,111,West,21154,19103.0,,06:22:11,06:22:11,7,1681,228th St SW & 32nd Ave W,0.0,0.0
2023-10-13,111,West,21154,19103.0,,06:22:23,06:22:23,8,1685,228th St SW & 35th Ave W,0.0,0.0
2023-10-13,111,West,21154,19103.0,,06:23:22,06:23:32,9,1682,228th St SW & 39th Ave W,1.0,0.0
2023-10-13,111,West,21154,19103.0,,06:23:56,06:23:56,10,1683,228th St SW & 42nd Pl W,0.0,0.0
2023-10-13,111,West,21154,19103.0,,06:24:39,06:24:39,11,2774,228th St SW & 46th Ave W,0.0,0.0
2023-10-13,111,West,21154,19103.0,06:24:00,06:25:13,06:25:13,12,1160,48th Ave W & 228th St SW,0.0,0.0
2023-10-13,111,West,21154,19103.0,,06:25:48,06:25:48,13,1161,48th Ave W & 233rd St SW,0.0,0.0
2023-10-13,111,West,21154,19103.0,,06:26:36,06:26:50,14,1695,236th St SW & 48th Ave W,0.0,1.0
2023-10-13,111,West,21154,19103.0,,06:27:08,06:27:08,15,1696,236th St SW & 50th Ave W,0.0,0.0
2023-10-13,111,West,21154,19103.0,,06:27:27,06:27:27,16,1697,236th St SW & 52nd Ave W,0.0,0.0
2023-10-13,111,West,21154,19103.0,,06:27:42,06:27:42,17,1698,236th St SW & 54th Ave W,0.0,0.0
2023-10-13,111,West,21154,19103.0,,06:28:20,06:28:20,18,1699,236th St SW & 56th Ave W,0.0,0.0
2023-10-13,111,West,21154,19103.0,06:30:00,06:29:31,06:29:31,19,3268,Mountlake Terrace Transit Center Drop-off,0.0,0.0
2023-10-13,111,West,21155,17102.0,07:18:00,07:17:50,07:17:50,0,2188,Brier Rd & 228th St SW,0.0,0.0
2023-10-13,111,West,21155,17102.0,,07:18:07,07:18:07,1,1316,Brier Rd & 232nd St SW,0.0,0.0
2023-10-13,111,West,21155,17102.0,,07:18:38,07:18:38,2,2775,Brier Rd & 232nd St SW,0.0,0.0
2023-10-13,111,West,21155,17102.0,,07:19:10,07:19:10,3,2776,236th St SW & Brier Rd,0.0,0.0
2023-10-13,111,West,21155,17102.0,,07:20:15,07:20:15,4,603,29th Ave W & 232nd St SW,0.0,0.0
2023-10-13,111,West,21155,17102.0,,07:20:33,07:20:33,5,604,29th Ave W & 228th St SW,0.0,0.0
2023-10-13,111,West,21155,17102.0,,07:21:02,07:21:02,6,1687,228th St SW & 29th Ave W,0.0,0.0
2023-10-13,111,West,21155,17102.0,,07:21:53,07:21:53,7,1681,228th St SW & 32nd Ave W,0.0,0.0
2023-10-13,111,West,21155,17102.0,,07:22:10,07:22:21,8,1685,228th St SW & 35th Ave W,1.0,0.0
2023-10-13,111,West,21155,17102.0,,07:23:20,07:23:20,9,1682,228th St SW & 39th Ave W,0.0,0.0
2023-10-13,111,West,21155,17102.0,,07:23:41,07:23:41,10,1683,228th St SW & 42nd Pl W,0.0,0.0
2023-10-13,111,West,21155,17102.0,,07:24:14,07:24:14,11,2774,228th St SW & 46th Ave W,0.0,0.0
2023-10-13,111,West,21155,17102.0,07:24:00,07:24:56,07:24:56,12,1160,48th Ave W & 228th St SW,0.0,0.0
2023-10-13,111,West,21155,17102.0,,07:25:34,07:25:34,13,1161,48th Ave W & 233rd St SW,0.0,0.0
2023-10-13,111,West,21155,17102.0,,07:26:31,07:26:31,14,1695,236th St SW & 48th Ave W,0.0,0.0
2023-10-13,111,West,21155,17102.0,,07:26:44,07:26:44,15,1696,236th St SW & 50th Ave W,0.0,0.0
2023-10-13,111,West,21155,17102.0,,07:27:02,07:27:02,16,1697,236th St SW & 52nd Ave W,0.0,0.0
2023-10-13,111,West,21155,17102.0,,07:28:05,07:28:05,17,1698,236th St SW & 54th Ave W,0.0,0.0
2023-10-13,111,West,21155,17102.0,,07:29:38,07:29:38,18,1699,236th St SW & 56th Ave W,0.0,0.0
2023-10-13,111,West,21155,17102.0,07:30:00,07:30:25,07:30:25,19,3268,Mountlake Terrace Transit Center Drop-off,0.0,1.0
2023-10-16,111,East,21152,17802.0,16:30:00,16:30:06,16:30:06,0,3269,Mountlake Terrace Transit Center Bay 1,4.0,0.0
2023-10-16,111,East,21152,17802.0,,16:31:07,16:31:07,1,322,236th St SW & 58th Ave W,0.0,0.0
2023-10-16,111,East,21152,17802.0,,16:32:13,16:32:13,2,321,236th St SW & 56th Ave W,0.0,0.0
2023-10-16,111,East,21152,17802.0,,16:32:24,16:32:24,3,320,236th St SW & 54th Ave W,0.0,0.0
2023-10-16,111,East,21152,17802.0,,16:32:45,16:32:45,4,319,236th St SW & 52nd Ave W,0.0,0.0
2023-10-16,111,East,21152,17802.0,,16:32:55,16:32:55,5,324,236th St SW & 50th Ave W,0.0,0.0
2023-10-16,111,East,21152,17802.0,,16:33:47,16:33:47,6,675,48th Ave W & 233rd St SW,0.0,0.0
2023-10-16,111,East,21152,17802.0,16:33:00,16:34:31,16:34:31,7,2771,48th Ave W & 228th St SW,0.0,0.0
2023-10-16,111,East,21152,17802.0,,16:34:55,16:34:55,8,2763,228th St SW & 45th Pl W,0.0,0.0
2023-10-16,111,East,21152,17802.0,,16:35:23,16:35:23,9,312,228th St SW & 42nd Pl W,0.0,0.0
2023-10-16,111,East,21152,17802.0,,16:35:41,16:35:53,10,310,228th St SW & 39th Pl W,0.0,1.0
2023-10-16,111,East,21152,17802.0,,16:36:24,16:36:24,11,309,228th St SW & 228th Pl SW,0.0,0.0
2023-10-16,111,East,21152,17802.0,,16:36:46,16:36:46,12,305,228th St SW & 35th Ave W,0.0,0.0
2023-10-16,111,East,21152,17802.0,,16:37:04,16:37:04,13,304,228th St SW & 32nd Ave W,0.0,0.0
2023-10-16,111,East,21152,17802.0,,16:37:40,16:37:40,14,2188,Brier Rd & 228th St SW,0.0,0.0
2023-10-16,111,East,21152,17802.0,,16:37:56,16:38:07,15,1316,Brier Rd & 232nd St SW,0.0,2.0
2023-10-16,111,East,21152,17802.0,,16:38:43,16:38:43,16,2775,Brier Rd & 232nd St SW,0.0,0.0
2023-10-16,111,East,21152,17802.0,,16:39:15,16:39:15,17,2776,236th St SW & Brier Rd,0.0,0.0
2023-10-16,111,East,21152,17802.0,,16:40:21,16:40:34,18,603,29th Ave W & 232nd St SW,0.0,1.0
2023-10-16,111,East,21152,17802.0,,16:40:53,16:40:53,19,604,29th Ave W & 228th St SW,0.0,0.0
2023-10-16,111,East,21152,17802.0,16:43:00,16:41:35,16:41:35,20,1687,228th St SW & 29th Ave W,0.0,0.0
2023-10-16,111,East,21153,15105.0,17:30:00,17:30:21,17:30:21,0,3269,Mountlake Terrace Transit Center Bay 1,0.0,0.0
2023-10-16,111,East,21153,15105.0,,17:30:51,17:30:51,1,322,236th St SW & 58th Ave W,0.0,0.0
2023-10-16,111,East,21153,15105.0,,17:31:25,17:31:25,2,321,236th St SW & 56th Ave W,0.0,0.0
2023-10-16,111,East,21153,15105.0,,17:31:40,17:31:40,3,320,236th St SW & 54th Ave W,0.0,0.0
2023-10-16,111,East,21153,15105.0,,17:31:59,17:31:59,4,319,236th St SW & 52nd Ave W,0.0,0.0
2023-10-16,111,East,21153,15105.0,,17:32:12,17:32:12,5,324,236th St SW & 50th Ave W,0.0,0.0
2023-10-16,111,East,21153,15105.0,,17:33:14,17:33:14,6,675,48th Ave W & 233rd St SW,0.0,0.0
2023-10-16,111,East,21153,15105.0,17:33:00,17:34:02,17:34:02,7,2771,48th Ave W & 228th St SW,0.0,0.0
2023-10-16,111,East,21153,15105.0,,17:34:33,17:34:33,8,2763,228th St SW & 45th Pl W,0.0,0.0
2023-10-16,111,East,21153,15105.0,,17:35:05,17:35:05,9,312,228th St SW & 42nd Pl W,0.0,0.0
2023-10-16,111,East,21153,15105.0,,17:35:40,17:35:40,10,310,228th St SW & 39th Pl W,0.0,0.0
2023-10-16,111,East,21153,15105.0,,17:36:07,17:36:07,11,309,228th St SW & 228th Pl SW,0.0,0.0
2023-10-16,111,East,21153,15105.0,,17:36:31,17:36:31,12,305,228th St SW & 35th Ave W,0.0,0.0
2023-10-16,111,East,21153,15105.0,,17:36:53,17:36:53,13,304,228th St SW & 32nd Ave W,0.0,0.0
2023-10-16,111,East,21153,15105.0,,17:37:28,17:37:28,14,2188,Brier Rd & 228th St SW,0.0,0.0
2023-10-16,111,East,21153,15105.0,,17:37:40,17:37:40,15,1316,Brier Rd & 232nd St SW,0.0,0.0
2023-10-16,111,East,21153,15105.0,,17:38:11,17:38:11,16,2775,Brier Rd & 232nd St SW,0.0,0.0
2023-10-16,111,East,21153,15105.0,,17:38:43,17:38:43,17,2776,236th St SW & Brier Rd,0.0,0.0
2023-10-16,111,East,21153,15105.0,,17:39:55,17:39:55,18,603,29th Ave W & 232nd St SW,0.0,0.0
2023-10-16,111,East,21153,15105.0,,17:40:15,17:40:15,19,604,29th Ave W & 228th St SW,0.0,0.0
2023-10-16,111,East,21153,15105.0,17:43:00,17:40:51,17:40:51,20,1687,228th St SW & 29th Ave W,0.0,0.0
2023-10-16,111,West,21154,19122.0,06:18:00,06:22:04,06:22:04,0,2188,Brier Rd & 228th St SW,0.0,0.0
2023-10-16,111,West,21154,19122.0,,06:22:19,06:22:19,1,1316,Brier Rd & 232nd St SW,0.0,0.0
2023-10-16,111,West,21154,19122.0,,06:22:44,06:22:44,2,2775,Brier Rd & 232nd St SW,0.0,0.0
2023-10-16,111,West,21154,19122.0,,06:23:11,06:23:11,3,2776,236th St SW & Brier Rd,0.0,0.0
2023-10-16,111,West,21154,19122.0,,06:24:12,06:24:12,4,603,29th Ave W & 232nd St SW,0.0,0.0
2023-10-16,111,West,21154,19122.0,,06:24:27,06:24:27,5,604,29th Ave W & 228th St SW,0.0,0.0
2023-10-16,111,West,21154,19122.0,,06:25:01,06:25:01,6,1687,228th St SW & 29th Ave W,0.0,0.0
2023-10-16,111,West,21154,19122.0,,06:25:46,06:25:46,7,1681,228th St SW & 32nd Ave W,0.0,0.0
2023-10-16,111,West,21154,19122.0,,06:26:03,06:26:03,8,1685,228th St SW & 35th Ave W,0.0,0.0
2023-10-16,111,West,21154,19122.0,,06:27:02,06:27:02,9,1682,228th St SW & 39th Ave W,0.0,0.0
2023-10-16,111,West,21154,19122.0,,06:27:21,06:27:21,10,1683,228th St SW & 42nd Pl W,0.0,0.0
2023-10-16,111,West,21154,19122.0,,06:28:10,06:28:10,11,2774,228th St SW & 46th Ave W,0.0,0.0
2023-10-16,111,West,21154,19122.0,06:24:00,06:28:37,06:28:37,12,1160,48th Ave W & 228th St SW,0.0,0.0
2023-10-16,111,West,21154,19122.0,,06:29:07,06:29:07,13,1161,48th Ave W & 233rd St SW,0.0,0.0
2023-10-16,111,West,21154,19122.0,,06:29:47,06:29:47,14,1695,236th St SW & 48th Ave W,0.0,0.0
2023-10-16,111,West,21154,19122.0,,06:29:59,06:29:59,15,1696,236th St SW & 50th Ave W,0.0,0.0
2023-10-16,111,West,21154,19122.0,,06:30:12,06:30:12,16,1697,236th St SW & 52nd Ave W,0.0,0.0
2023-10-16,111,West,21154,19122.0,,06:30:24,06:30:24,17,1698,236th St SW & 54th Ave W,0.0,0.0
2023-10-16,111,West,21154,19122.0,,06:31:16,06:31:16,18,1699,236th St SW & 56th Ave W,0.0,0.0
2023-10-16,111,West,21154,19122.0,06:30:00,06:32:19,06:32:19,19,3268,Mountlake Terrace Transit Center Drop-off,0.0,0.0
2023-10-16,111,West,21155,17125.0,07:18:00,07:18:03,07:18:03,0,2188,Brier Rd & 228th St SW,0.0,0.0
2023-10-16,111,West,21155,17125.0,,07:18:17,07:18:17,1,1316,Brier Rd & 232nd St SW,0.0,0.0
2023-10-16,111,West,21155,17125.0,,07:18:46,07:18:46,2,2775,Brier Rd & 232nd St SW,0.0,0.0
2023-10-16,111,West,21155,17125.0,,07:19:18,07:19:18,3,2776,236th St SW & Brier Rd,0.0,0.0
2023-10-16,111,West,21155,17125.0,,07:20:33,07:20:33,4,603,29th Ave W & 232nd St SW,0.0,0.0
2023-10-16,111,West,21155,17125.0,,07:20:52,07:20:52,5,604,29th Ave W & 228th St SW,0.0,0.0
2023-10-16,111,West,21155,17125.0,,07:21:28,07:21:28,6,1687,228th St SW & 29th Ave W,0.0,0.0
2023-10-16,111,West,21155,17125.0,,07:22:45,07:22:45,7,1681,228th St SW & 32nd Ave W,0.0,0.0
2023-10-16,111,West,21155,17125.0,,07:23:01,07:23:01,8,1685,228th St SW & 35th Ave W,0.0,0.0
2023-10-16,111,West,21155,17125.0,,07:24:11,07:24:11,9,1682,228th St SW & 39th Ave W,0.0,0.0
2023-10-16,111,West,21155,17125.0,,07:24:30,07:24:30,10,1683,228th St SW & 42nd Pl W,0.0,0.0
2023-10-16,111,West,21155,17125.0,,07:25:14,07:25:14,11,2774,228th St SW & 46th Ave W,0.0,0.0
2023-10-16,111,West,21155,17125.0,07:24:00,07:25:45,07:25:45,12,1160,48th Ave W & 228th St SW,0.0,0.0
2023-10-16,111,West,21155,17125.0,,07:26:26,07:26:26,13,1161,48th Ave W & 233rd St SW,0.0,0.0
2023-10-16,111,West,21155,17125.0,,07:27:09,07:27:09,14,1695,236th St SW & 48th Ave W,0.0,0.0
2023-10-16,111,West,21155,17125.0,,07:27:22,07:27:22,15,1696,236th St SW & 50th Ave W,0.0,0.0
2023-10-16,111,West,21155,17125.0,,07:27:42,07:27:42,16,1697,236th St SW & 52nd Ave W,0.0,0.0
2023-10-16,111,West,21155,17125.0,,07:27:59,07:27:59,17,1698,236th St SW & 54th Ave W,0.0,0.0
2023-10-16,111,West,21155,17125.0,,07:28:49,07:28:49,18,1699,236th St SW & 56th Ave W,0.0,0.0
2023-10-16,111,West,21155,17125.0,07:30:00,07:29:51,07:29:51,19,3268,Mountlake Terrace Transit Center Drop-off,0.0,0.0
2023-10-17,111,East,21152,17813.0,16:30:00,16:34:42,16:34:42,0,3269,Mountlake Terrace Transit Center Bay 1,0.0,0.0
2023-10-17,111,East,21152,17813.0,,16:35:44,16:35:44,1,322,236th St SW & 58th Ave W,0.0,0.0
2023-10-17,111,East,21152,17813.0,,16:36:58,16:36:58,2,321,236th St SW & 56th Ave W,0.0,0.0
2023-10-17,111,East,21152,17813.0,,16:37:11,16:37:11,3,320,236th St SW & 54th Ave W,0.0,0.0
2023-10-17,111,East,21152,17813.0,,16:37:25,16:37:25,4,319,236th St SW & 52nd Ave W,0.0,0.0
2023-10-17,111,East,21152,17813.0,,16:37:35,16:37:35,5,324,236th St SW & 50th Ave W,0.0,0.0
2023-10-17,111,East,21152,17813.0,,16:38:44,16:38:44,6,675,48th Ave W & 233rd St SW,0.0,0.0
2023-10-17,111,East,21152,17813.0,16:33:00,16:39:26,16:39:26,7,2771,48th Ave W & 228th St SW,0.0,0.0
2023-10-17,111,East,21152,17813.0,,16:39:50,16:39:50,8,2763,228th St SW & 45th Pl W,0.0,0.0
2023-10-17,111,East,21152,17813.0,,16:40:59,16:40:59,9,312,228th St SW & 42nd Pl W,0.0,0.0
2023-10-17,111,East,21152,17813.0,,16:41:14,16:41:14,10,310,228th St SW & 39th Pl W,0.0,0.0
2023-10-17,111,East,21152,17813.0,,16:41:44,16:41:44,11,309,228th St SW & 228th Pl SW,0.0,0.0
2023-10-17,111,East,21152,17813.0,,16:42:07,16:42:07,12,305,228th St SW & 35th Ave W,0.0,0.0
2023-10-17,111,East,21152,17813.0,,16:42:26,16:42:26,13,304,228th St SW & 32nd Ave W,0.0,0.0
2023-10-17,111,East,21152,17813.0,,16:42:58,16:42:58,14,2188,Brier Rd & 228th St SW,0.0,0.0
2023-10-17,111,East,21152,17813.0,,16:43:07,16:43:07,15,1316,Brier Rd & 232nd St SW,0.0,0.0
2023-10-17,111,East,21152,17813.0,,16:43:37,16:43:37,16,2775,Brier Rd & 232nd St SW,0.0,0.0
2023-10-17,111,East,21152,17813.0,,16:44:17,16:44:17,17,2776,236th St SW & Brier Rd,0.0,0.0
2023-10-17,111,East,21152,17813.0,,16:45:39,16:45:39,18,603,29th Ave W & 232nd St SW,0.0,0.0
2023-10-17,111,East,21152,17813.0,,16:45:54,16:45:54,19,604,29th Ave W & 228th St SW,0.0,0.0
2023-10-17,111,East,21152,17813.0,16:43:00,16:46:26,16:46:26,20,1687,228th St SW & 29th Ave W,0.0,0.0
2023-10-17,111,East,21153,19114.0,17:30:00,17:30:09,17:30:09,0,3269,Mountlake Terrace Transit Center Bay 1,0.0,0.0
2023-10-17,111,East,21153,19114.0,,17:31:06,17:31:06,1,322,236th St SW & 58th Ave W,0.0,0.0
2023-10-17,111,East,21153,19114.0,,17:33:02,17:33:02,2,321,236th St SW & 56th Ave W,0.0,0.0
2023-10-17,111,East,21153,19114.0,,17:33:14,17:33:14,3,320,236th St SW & 54th Ave W,0.0,0.0
2023-10-17,111,East,21153,19114.0,,17:33:30,17:33:30,4,319,236th St SW & 52nd Ave W,0.0,0.0
2023-10-17,111,East,21153,19114.0,,17:33:40,17:33:40,5,324,236th St SW & 50th Ave W,0.0,0.0
2023-10-17,111,East,21153,19114.0,,17:34:59,17:34:59,6,675,48th Ave W & 233rd St SW,0.0,0.0
2023-10-17,111,East,21153,19114.0,17:33:00,17:35:35,17:35:35,7,2771,48th Ave W & 228th St SW,0.0,0.0
2023-10-17,111,East,21153,19114.0,,17:48:43,17:48:43,8,2763,228th St SW & 45th Pl W,0.0,0.0
2023-10-17,111,East,21153,19114.0,,17:49:27,17:49:27,9,312,228th St SW & 42nd Pl W,0.0,0.0
2023-10-17,111,East,21153,19114.0,,17:49:47,17:49:47,10,310,228th St SW & 39th Pl W,0.0,0.0
2023-10-17,111,East,21153,19114.0,,17:50:22,17:50:22,11,309,228th St SW & 228th Pl SW,0.0,0.0
2023-10-17,111,East,21153,19114.0,,17:50:45,17:50:45,12,305,228th St SW & 35th Ave W,0.0,0.0
2023-10-17,111,East,21153,19114.0,,17:51:03,17:51:03,13,304,228th St SW & 32nd Ave W,0.0,0.0
2023-10-17,111,East,21153,19114.0,,17:51:38,17:51:38,14,2188,Brier Rd & 228th St SW,0.0,0.0
2023-10-17,111,East,21153,19114.0,,17:51:48,17:51:48,15,1316,Brier Rd & 232nd St SW,0.0,0.0
2023-10-17,111,East,21153,19114.0,,17:52:16,17:52:16,16,2775,Brier Rd & 232nd St SW,0.0,0.0
2023-10-17,111,East,21153,19114.0,,17:52:46,17:52:46,17,2776,236th St SW & Brier Rd,0.0,0.0
2023-10-17,111,East,21153,19114.0,,17:54:02,17:54:02,18,603,29th Ave W & 232nd St SW,0.0,0.0
2023-10-17,111,East,21153,19114.0,,17:54:19,17:54:19,19,604,29th Ave W & 228th St SW,0.0,0.0
2023-10-17,111,East,21153,19114.0,17:43:00,17:55:58,17:55:58,20,1687,228th St SW & 29th Ave W,0.0,0.0
2023-10-17,111,West,21154,17117.0,06:18:00,06:21:44,06:21:44,0,2188,Brier Rd & 228th St SW,0.0,0.0
2023-10-17,111,West,21154,17117.0,,06:21:59,06:21:59,1,1316,Brier Rd & 232nd St SW,0.0,0.0
2023-10-17,111,West,21154,17117.0,,06:22:28,06:22:28,2,2775,Brier Rd & 232nd St SW,0.0,0.0
2023-10-17,111,West,21154,17117.0,,06:22:56,06:22:56,3,2776,236th St SW & Brier Rd,0.0,0.0
2023-10-17,111,West,21154,17117.0,,06:24:09,06:24:09,4,603,29th Ave W & 232nd St SW,0.0,0.0
2023-10-17,111,West,21154,17117.0,,06:24:23,06:24:23,5,604,29th Ave W & 228th St SW,0.0,0.0
2023-10-17,111,West,21154,17117.0,,06:24:48,06:24:48,6,1687,228th St SW & 29th Ave W,0.0,0.0
2023-10-17,111,West,21154,17117.0,,06:25:28,06:25:28,7,1681,228th St SW & 32nd Ave W,0.0,0.0
2023-10-17,111,West,21154,17117.0,,06:25:46,06:25:46,8,1685,228th St SW & 35th Ave W,0.0,0.0
2023-10-17,111,West,21154,17117.0,,06:26:42,06:26:42,9,1682,228th St SW & 39th Ave W,0.0,0.0
2023-10-17,111,West,21154,17117.0,,06:27:02,06:27:02,10,1683,228th St SW & 42nd Pl W,0.0,0.0
2023-10-17,111,West,21154,17117.0,,06:27:29,06:27:29,11,2774,228th St SW & 46th Ave W,0.0,0.0
2023-10-17,111,West,21154,17117.0,06:24:00,06:27:57,06:27:57,12,1160,48th Ave W & 228th St SW,0.0,0.0
2023-10-17,111,West,21154,17117.0,,06:28:32,06:28:32,13,1161,48th Ave W & 233rd St SW,0.0,0.0
2023-10-17,111,West,21154,17117.0,,06:29:09,06:29:09,14,1695,236th St SW & 48th Ave W,0.0,0.0
2023-10-17,111,West,21154,17117.0,,06:29:20,06:29:20,15,1696,236th St SW & 50th Ave W,0.0,0.0
2023-10-17,111,West,21154,17117.0,,06:29:36,06:29:36,16,1697,236th St SW & 52nd Ave W,0.0,0.0
2023-10-17,111,West,21154,17117.0,,06:29:49,06:29:49,17,1698,236th St SW & 54th Ave W,0.0,0.0
2023-10-17,111,West,21154,17117.0,,06:30:16,06:30:16,18,1699,236th St SW & 56th Ave W,0.0,0.0
2023-10-17,111,West,21154,17117.0,06:30:00,06:31:27,06:31:27,19,3268,Mountlake Terrace Transit Center Drop-off,0.0,0.0
2023-10-17,111,West,21155,17103.0,07:18:00,07:17:56,07:17:56,0,2188,Brier Rd & 228th St SW,0.0,0.0
2023-10-17,111,West,21155,17103.0,,07:18:11,07:18:11,1,1316,Brier Rd & 232nd St SW,0.0,0.0
2023-10-17,111,West,21155,17103.0,,07:18:39,07:18:39,2,2775,Brier Rd & 232nd St SW,0.0,0.0
2023-10-17,111,West,21155,17103.0,,07:19:19,07:19:30,3,2776,236th St SW & Brier Rd,1.0,0.0
2023-10-17,111,West,21155,17103.0,,07:20:43,07:20:43,4,603,29th Ave W & 232nd St SW,0.0,0.0
2023-10-17,111,West,21155,17103.0,,07:21:02,07:21:02,5,604,29th Ave W & 228th St SW,0.0,0.0
2023-10-17,111,West,21155,17103.0,,07:21:47,07:21:47,6,1687,228th St SW & 29th Ave W,0.0,0.0
2023-10-17,111,West,21155,17103.0,,07:22:57,07:22:57,7,1681,228th St SW & 32nd Ave W,0.0,0.0
2023-10-17,111,West,21155,17103.0,,07:23:10,07:23:10,8,1685,228th St SW & 35th Ave W,0.0,0.0
2023-10-17,111,West,21155,17103.0,,07:24:21,07:24:21,9,1682,228th St SW & 39th Ave W,0.0,0.0
2023-10-17,111,West,21155,17103.0,,07:24:40,07:24:40,10,1683,228th St SW & 42nd Pl W,0.0,0.0
2023-10-17,111,West,21155,17103.0,,07:25:51,07:25:51,11,2774,228th St SW & 46th Ave W,0.0,0.0
2023-10-17,111,West,21155,17103.0,07:24:00,07:26:23,07:26:23,12,1160,48th Ave W & 228th St SW,0.0,0.0
2023-10-17,111,West,21155,17103.0,,07:27:01,07:27:01,13,1161,48th Ave W & 233rd St SW,0.0,0.0
2023-10-17,111,West,21155,17103.0,,07:27:44,07:27:44,14,1695,236th St SW & 48th Ave W,0.0,0.0
2023-10-17,111,West,21155,17103.0,,07:27:59,07:27:59,15,1696,236th St SW & 50th Ave W,0.0,0.0
2023-10-17,111,West,21155,17103.0,,07:28:16,07:28:16,16,1697,236th St SW & 52nd Ave W,0.0,0.0
2023-10-17,111,West,21155,17103.0,,07:28:35,07:28:35,17,1698,236th St SW & 54th Ave W,0.0,0.0
2023-10-17,111,West,21155,17103.0,,07:29:18,07:29:31,18,1699,236th St SW & 56th Ave W,0.0,1.0
2023-10-17,111,West,21155,17103.0,07:30:00,07:30:12,07:30:12,19,3268,Mountlake Terrace Transit Center Drop-off,0.0,0.0
2023-10-18,111,East,21152,21814.0,16:30:00,16:31:44,16:31:44,0,3269,Mountlake Terrace Transit Center Bay 1,0.0,0.0
2023-10-18,111,East,21152,21814.0,,16:32:32,16:32:32,1,322,236th St SW & 58th Ave W,0.0,0.0
2023-10-18,111,East,21152,21814.0,,16:34:07,16:34:07,2,321,236th St SW & 56th Ave W,0.0,0.0
2023-10-18,111,East,21152,21814.0,,16:34:22,16:34:22,3,320,236th St SW & 54th Ave W,0.0,0.0
2023-10-18,111,East,21152,21814.0,,16:34:39,16:34:39,4,319,236th St SW & 52nd Ave W,0.0,0.0
2023-10-18,111,East,21152,21814.0,,16:34:50,16:34:50,5,324,236th St SW & 50th Ave W,0.0,0.0
2023-10-18,111,East,21152,21814.0,,16:35:40,16:35:40,6,675,48th Ave W & 233rd St SW,0.0,0.0
2023-10-18,111,East,21152,21814.0,16:33:00,16:36:22,16:36:22,7,2771,48th Ave W & 228th St SW,0.0,0.0
2023-10-18,111,East,21152,21814.0,,16:36:44,16:36:44,8,2763,228th St SW & 45th Pl W,0.0,0.0
2023-10-18,111,East,21152,21814.0,,16:37:56,16:37:56,9,312,228th St SW & 42nd Pl W,0.0,0.0
2023-10-18,111,East,21152,21814.0,,16:38:18,16:38:18,10,310,228th St SW & 39th Pl W,0.0,0.0
2023-10-18,111,East,21152,21814.0,,16:38:51,16:38:51,11,309,228th St SW & 228th Pl SW,0.0,0.0
2023-10-18,111,East,21152,21814.0,,16:39:13,16:39:13,12,305,228th St SW & 35th Ave W,0.0,0.0
2023-10-18,111,East,21152,21814.0,,16:39:32,16:39:32,13,304,228th St SW & 32nd Ave W,0.0,0.0
2023-10-18,111,East,21152,21814.0,,16:40:03,16:40:03,14,2188,Brier Rd & 228th St SW,0.0,0.0
2023-10-18,111,East,21152,21814.0,,16:40:12,16:40:12,15,1316,Brier Rd & 232nd St SW,0.0,0.0
2023-10-18,111,East,21152,21814.0,,16:40:36,16:40:36,16,2775,Brier Rd & 232nd St SW,0.0,0.0
2023-10-18,111,East,21152,21814.0,,16:41:04,16:41:04,17,2776,236th St SW & Brier Rd,0.0,0.0
2023-10-18,111,East,21152,21814.0,,16:42:06,16:42:06,18,603,29th Ave W & 232nd St SW,0.0,0.0
2023-10-18,111,East,21152,21814.0,,16:42:20,16:42:20,19,604,29th Ave W & 228th St SW,0.0,0.0
2023-10-18,111,East,21152,21814.0,16:43:00,16:42:47,16:42:47,20,1687,228th St SW & 29th Ave W,0.0,0.0
2023-10-18,111,East,21153,15113.0,17:30:00,17:30:07,17:30:07,0,3269,Mountlake Terrace Transit Center Bay 1,1.0,0.0
2023-10-18,111,East,21153,15113.0,,17:30:37,17:31:00,1,322,236th St SW & 58th Ave W,1.0,0.0
2023-10-18,111,East,21153,15113.0,,17:33:21,17:33:21,2,321,236th St SW & 56th Ave W,0.0,0.0
2023-10-18,111,East,21153,15113.0,,17:33:37,17:33:37,3,320,236th St SW & 54th Ave W,0.0,0.0
2023-10-18,111,East,21153,15113.0,,17:33:54,17:33:54,4,319,236th St SW & 52nd Ave W,0.0,0.0
2023-10-18,111,East,21153,15113.0,,17:34:06,17:34:06,5,324,236th St SW & 50th Ave W,0.0,0.0
2023-10-18,111,East,21153,15113.0,,17:35:13,17:35:13,6,675,48th Ave W & 233rd St SW,0.0,0.0
2023-10-18,111,East,21153,15113.0,17:33:00,17:35:59,17:35:59,7,2771,48th Ave W & 228th St SW,0.0,0.0
2023-10-18,111,East,21153,15113.0,,17:36:25,17:36:25,8,2763,228th St SW & 45th Pl W,0.0,0.0
2023-10-18,111,East,21153,15113.0,,17:37:23,17:37:23,9,312,228th St SW & 42nd Pl W,0.0,0.0
2023-10-18,111,East,21153,15113.0,,17:37:47,17:37:47,10,310,228th St SW & 39th Pl W,0.0,0.0
2023-10-18,111,East,21153,15113.0,,17:38:12,17:38:12,11,309,228th St SW & 228th Pl SW,0.0,0.0
2023-10-18,111,East,21153,15113.0,,17:38:33,17:38:33,12,305,228th St SW & 35th Ave W,0.0,0.0
2023-10-18,111,East,21153,15113.0,,17:38:55,17:39:09,13,304,228th St SW & 32nd Ave W,0.0,2.0
2023-10-18,111,East,21153,15113.0,,17:39:48,17:39:48,14,2188,Brier Rd & 228th St SW,0.0,0.0
2023-10-18,111,East,21153,15113.0,,17:39:58,17:39:58,15,1316,Brier Rd & 232nd St SW,0.0,0.0
2023-10-18,111,East,21153,15113.0,,17:40:24,17:40:24,16,2775,Brier Rd & 232nd St SW,0.0,0.0
2023-10-18,111,East,21153,15113.0,,17:40:51,17:40:51,17,2776,236th St SW & Brier Rd,0.0,0.0
2023-10-18,111,East,21153,15113.0,,17:42:01,17:42:01,18,603,29th Ave W & 232nd St SW,0.0,0.0
2023-10-18,111,East,21153,15113.0,,17:42:20,17:42:20,19,604,29th Ave W & 228th St SW,0.0,0.0
2023-10-18,111,East,21153,15113.0,17:43:00,17:42:52,17:42:52,20,1687,228th St SW & 29th Ave W,0.0,0.0
2023-10-18,111,West,21154,15107.0,06:18:00,06:20:01,06:20:01,0,2188,Brier Rd & 228th St SW,0.0,0.0
2023-10-18,111,West,21154,15107.0,,06:20:16,06:20:16,1,1316,Brier Rd & 232nd St SW,0.0,0.0
2023-10-18,111,West,21154,15107.0,,06:20:41,06:20:41,2,2775,Brier Rd & 232nd St SW,0.0,0.0
2023-10-18,111,West,21154,15107.0,,06:21:13,06:21:13,3,2776,236th St SW & Brier Rd,0.0,0.0
2023-10-18,111,West,21154,15107.0,,06:22:10,06:22:10,4,603,29th Ave W & 232nd St SW,0.0,0.0
2023-10-18,111,West,21154,15107.0,,06:22:23,06:22:23,5,604,29th Ave W & 228th St SW,0.0,0.0
2023-10-18,111,West,21154,15107.0,,06:22:52,06:23:06,6,1687,228th St SW & 29th Ave W,1.0,0.0
2023-10-18,111,West,21154,15107.0,,06:23:48,06:23:48,7,1681,228th St SW & 32nd Ave W,0.0,0.0
2023-10-18,111,West,21154,15107.0,,06:24:05,06:24:05,8,1685,228th St SW & 35th Ave W,0.0,0.0
2023-10-18,111,West,21154,15107.0,,06:25:00,06:25:00,9,1682,228th St SW & 39th Ave W,0.0,0.0
2023-10-18,111,West,21154,15107.0,,06:25:21,06:25:35,10,1683,228th St SW & 42nd Pl W,2.0,0.0
2023-10-18,111,West,21154,15107.0,,06:26:18,06:26:18,11,2774,228th St SW & 46th Ave W,0.0,0.0
2023-10-18,111,West,21154,15107.0,06:24:00,06:26:49,06:26:49,12,1160,48th Ave W & 228th St SW,0.0,0.0
2023-10-18,111,West,21154,15107.0,,06:27:21,06:27:21,13,1161,48th Ave W & 233rd St SW,0.0,0.0
2023-10-18,111,West,21154,15107.0,,06:28:03,06:28:15,14,1695,236th St SW & 48th Ave W,1.0,1.0
2023-10-18,111,West,21154,15107.0,,06:28:32,06:28:32,15,1696,236th St SW & 50th Ave W,0.0,0.0
2023-10-18,111,West,21154,15107.0,,06:28:48,06:28:48,16,1697,236th St SW & 52nd Ave W,0.0,0.0
2023-10-18,111,West,21154,15107.0,,06:29:01,06:29:01,17,1698,236th St SW & 54th Ave W,0.0,0.0
2023-10-18,111,West,21154,15107.0,,06:29:42,06:29:52,18,1699,236th St SW & 56th Ave W,0.0,1.0
2023-10-18,111,West,21154,15107.0,06:30:00,06:30:31,06:30:31,19,3268,Mountlake Terrace Transit Center Drop-off,0.0,2.0
2023-10-18,111,West,21155,17803.0,07:18:00,07:17:59,07:17:59,0,2188,Brier Rd & 228th St SW,0.0,0.0
2023-10-18,111,West,21155,17803.0,,07:18:14,07:18:14,1,1316,Brier Rd & 232nd St SW,0.0,0.0
2023-10-18,111,West,21155,17803.0,,07:18:40,07:18:40,2,2775,Brier Rd & 232nd St SW,0.0,0.0
2023-10-18,111,West,21155,17803.0,,07:19:10,07:19:22,3,2776,236th St SW & Brier Rd,1.0,0.0
2023-10-18,111,West,21155,17803.0,,07:20:44,07:20:44,4,603,29th Ave W & 232nd St SW,0.0,0.0
2023-10-18,111,West,21155,17803.0,,07:21:01,07:21:01,5,604,29th Ave W & 228th St SW,0.0,0.0
2023-10-18,111,West,21155,17803.0,,07:21:40,07:21:40,6,1687,228th St SW & 29th Ave W,0.0,0.0
2023-10-18,111,West,21155,17803.0,,07:22:45,07:22:45,7,1681,228th St SW & 32nd Ave W,0.0,0.0
2023-10-18,111,West,21155,17803.0,,07:22:59,07:22:59,8,1685,228th St SW & 35th Ave W,0.0,0.0
2023-10-18,111,West,21155,17803.0,,07:23:57,07:23:57,9,1682,228th St SW & 39th Ave W,0.0,0.0
2023-10-18,111,West,21155,17803.0,,07:24:14,07:24:14,10,1683,228th St SW & 42nd Pl W,0.0,0.0
2023-10-18,111,West,21155,17803.0,,07:24:42,07:24:42,11,2774,228th St SW & 46th Ave W,0.0,0.0
2023-10-18,111,West,21155,17803.0,07:24:00,07:25:21,07:25:21,12,1160,48th Ave W & 228th St SW,0.0,0.0
2023-10-18,111,West,21155,17803.0,,07:26:01,07:26:01,13,1161,48th Ave W & 233rd St SW,0.0,0.0
2023-10-18,111,West,21155,17803.0,,07:26:48,07:26:48,14,1695,236th St SW & 48th Ave W,0.0,0.0
2023-10-18,111,West,21155,17803.0,,07:27:00,07:27:00,15,1696,236th St SW & 50th Ave W,0.0,0.0
2023-10-18,111,West,21155,17803.0,,07:27:15,07:27:15,16,1697,236th St SW & 52nd Ave W,0.0,0.0
2023-10-18,111,West,21155,17803.0,,07:27:38,07:27:38,17,1698,236th St SW & 54th Ave W,0.0,0.0
2023-10-18,111,West,21155,17803.0,,07:28:27,07:28:40,18,1699,236th St SW & 56th Ave W,0.0,1.0
2023-10-18,111,West,21155,17803.0,07:30:00,07:29:29,07:29:29,19,3268,Mountlake Terrace Transit Center Drop-off,0.0,0.0
2023-10-19,111,East,21152,21812.0,16:30:00,16:30:06,16:30:06,0,3269,Mountlake Terrace Transit Center Bay 1,5.0,0.0
2023-10-19,111,East,21152,21812.0,,16:30:48,16:30:48,1,322,236th St SW & 58th Ave W,0.0,0.0
2023-10-19,111,East,21152,21812.0,,16:32:19,16:32:19,2,321,236th St SW & 56th Ave W,0.0,0.0
2023-10-19,111,East,21152,21812.0,,16:32:31,16:32:31,3,320,236th St SW & 54th Ave W,0.0,0.0
2023-10-19,111,East,21152,21812.0,,16:32:45,16:32:45,4,319,236th St SW & 52nd Ave W,0.0,0.0
2023-10-19,111,East,21152,21812.0,,16:32:55,16:32:55,5,324,236th St SW & 50th Ave W,0.0,0.0
2023-10-19,111,East,21152,21812.0,,16:33:52,16:34:03,6,675,48th Ave W & 233rd St SW,0.0,2.0
2023-10-19,111,East,21152,21812.0,16:33:00,16:34:50,16:34:50,7,2771,48th Ave W & 228th St SW,0.0,0.0
2023-10-19,111,East,21152,21812.0,,16:35:16,16:35:16,8,2763,228th St SW & 45th Pl W,0.0,0.0
2023-10-19,111,East,21152,21812.0,,16:35:39,16:35:39,9,312,228th St SW & 42nd Pl W,0.0,0.0
2023-10-19,111,East,21152,21812.0,,16:35:57,16:35:57,10,310,228th St SW & 39th Pl W,0.0,0.0
2023-10-19,111,East,21152,21812.0,,16:36:24,16:36:24,11,309,228th St SW & 228th Pl SW,0.0,0.0
2023-10-19,111,East,21152,21812.0,,16:36:41,16:36:41,12,305,228th St SW & 35th Ave W,0.0,0.0
2023-10-19,111,East,21152,21812.0,,16:37:04,16:37:25,13,304,228th St SW & 32nd Ave W,0.0,2.0
2023-10-19,111,East,21152,21812.0,,16:38:00,16:38:00,14,2188,Brier Rd & 228th St SW,0.0,0.0
2023-10-19,111,East,21152,21812.0,,16:38:12,16:38:12,15,1316,Brier Rd & 232nd St SW,0.0,0.0
2023-10-19,111,East,21152,21812.0,,16:38:38,16:38:38,16,2775,Brier Rd & 232nd St SW,0.0,0.0
2023-10-19,111,East,21152,21812.0,,16:39:07,16:39:07,17,2776,236th St SW & Brier Rd,0.0,0.0
2023-10-19,111,East,21152,21812.0,,16:40:09,16:40:20,18,603,29th Ave W & 232nd St SW,0.0,1.0
2023-10-19,111,East,21152,21812.0,,16:40:39,16:40:39,19,604,29th Ave W & 228th St SW,0.0,0.0
2023-10-19,111,East,21152,21812.0,16:43:00,16:41:26,16:41:26,20,1687,228th St SW & 29th Ave W,0.0,0.0
2023-10-19,111,East,21153,15104.0,17:30:00,17:30:06,17:30:06,0,3269,Mountlake Terrace Transit Center Bay 1,2.0,0.0
2023-10-19,111,East,21153,15104.0,,17:30:44,17:30:44,1,322,236th St SW & 58th Ave W,0.0,0.0
2023-10-19,111,East,21153,15104.0,,17:31:55,17:31:55,2,321,236th St SW & 56th Ave W,0.0,0.0
2023-10-19,111,East,21153,15104.0,,17:32:08,17:32:08,3,320,236th St SW & 54th Ave W,0.0,0.0
2023-10-19,111,East,21153,15104.0,,17:32:24,17:32:24,4,319,236th St SW & 52nd Ave W,0.0,0.0
2023-10-19,111,East,21153,15104.0,,17:32:36,17:32:36,5,324,236th St SW & 50th Ave W,0.0,0.0
2023-10-19,111,East,21153,15104.0,,17:33:37,17:33:37,6,675,48th Ave W & 233rd St SW,0.0,0.0
2023-10-19,111,East,21153,15104.0,17:33:00,17:34:23,17:34:23,7,2771,48th Ave W & 228th St SW,0.0,0.0
2023-10-19,111,East,21153,15104.0,,17:34:50,17:34:50,8,2763,228th St SW & 45th Pl W,0.0,0.0
2023-10-19,111,East,21153,15104.0,,17:35:46,17:35:46,9,312,228th St SW & 42nd Pl W,0.0,0.0
2023-10-19,111,East,21153,15104.0,,17:36:10,17:36:10,10,310,228th St SW & 39th Pl W,0.0,0.0
2023-10-19,111,East,21153,15104.0,,17:36:34,17:36:34,11,309,228th St SW & 228th Pl SW,0.0,0.0
2023-10-19,111,East,21153,15104.0,,17:36:55,17:36:55,12,305,228th St SW & 35th Ave W,0.0,0.0
2023-10-19,111,East,21153,15104.0,,17:37:11,17:37:11,13,304,228th St SW & 32nd Ave W,0.0,0.0
2023-10-19,111,East,21153,15104.0,,17:37:49,17:37:57,14,2188,Brier Rd & 228th St SW,0.0,2.0
2023-10-19,111,East,21153,15104.0,,17:38:12,17:38:12,15,1316,Brier Rd & 232nd St SW,0.0,0.0
2023-10-19,111,East,21153,15104.0,,17:38:41,17:38:41,16,2775,Brier Rd & 232nd St SW,0.0,0.0
2023-10-19,111,East,21153,15104.0,,17:39:09,17:39:09,17,2776,236th St SW & Brier Rd,0.0,0.0
2023-10-19,111,East,21153,15104.0,,17:40:22,17:40:22,18,603,29th Ave W & 232nd St SW,0.0,0.0
2023-10-19,111,East,21153,15104.0,,17:40:41,17:40:41,19,604,29th Ave W & 228th St SW,0.0,0.0
2023-10-19,111,East,21153,15104.0,17:43:00,17:41:18,17:41:18,20,1687,228th St SW & 29th Ave W,0.0,0.0
2023-10-19,111,West,21154,19113.0,06:18:00,06:18:19,06:18:19,0,2188,Brier Rd & 228th St SW,0.0,0.0
2023-10-19,111,West,21154,19113.0,,06:18:39,06:18:39,1,1316,Brier Rd & 232nd St SW,0.0,0.0
2023-10-19,111,West,21154,19113.0,,06:19:15,06:19:15,2,2775,Brier Rd & 232nd St SW,0.0,0.0
2023-10-19,111,West,21154,19113.0,,06:19:53,06:20:09,3,2776,236th St SW & Brier Rd,1.0,0.0
2023-10-19,111,West,21154,19113.0,,06:21:36,06:21:36,4,603,29th Ave W & 232nd St SW,0.0,0.0
2023-10-19,111,West,21154,19113.0,,06:21:57,06:21:57,5,604,29th Ave W & 228th St SW,0.0,0.0
2023-10-19,111,West,21154,19113.0,,06:22:36,06:22:48,6,1687,228th St SW & 29th Ave W,2.0,0.0
2023-10-19,111,West,21154,19113.0,,06:23:32,06:23:32,7,1681,228th St SW & 32nd Ave W,0.0,0.0
2023-10-19,111,West,21154,19113.0,,06:23:46,06:23:46,8,1685,228th St SW & 35th Ave W,0.0,0.0
2023-10-19,111,West,21154,19113.0,,06:24:39,06:24:39,9,1682,228th St SW & 39th Ave W,0.0,0.0
2023-10-19,111,West,21154,19113.0,,06:25:01,06:25:12,10,1683,228th St SW & 42nd Pl W,1.0,0.0
2023-10-19,111,West,21154,19113.0,,06:25:58,06:25:58,11,2774,228th St SW & 46th Ave W,0.0,0.0
2023-10-19,111,West,21154,19113.0,06:24:00,06:26:32,06:26:32,12,1160,48th Ave W & 228th St SW,0.0,0.0
2023-10-19,111,West,21154,19113.0,,06:27:04,06:27:04,13,1161,48th Ave W & 233rd St SW,0.0,0.0
2023-10-19,111,West,21154,19113.0,,06:27:47,06:27:54,14,1695,236th St SW & 48th Ave W,0.0,1.0
2023-10-19,111,West,21154,19113.0,,06:28:12,06:28:12,15,1696,236th St SW & 50th Ave W,0.0,0.0
2023-10-19,111,West,21154,19113.0,,06:28:30,06:28:30,16,1697,236th St SW & 52nd Ave W,0.0,0.0
2023-10-19,111,West,21154,19113.0,,06:28:44,06:28:44,17,1698,236th St SW & 54th Ave W,0.0,0.0
2023-10-19,111,West,21154,19113.0,,06:29:03,06:29:03,18,1699,236th St SW & 56th Ave W,0.0,0.0
2023-10-19,111,West,21154,19113.0,06:30:00,06:29:46,06:29:46,19,3268,Mountlake Terrace Transit Center Drop-off,0.0,3.0
2023-10-19,111,West,21155,11101.0,07:18:00,07:17:47,07:17:47,0,2188,Brier Rd & 228th St SW,0.0,0.0
2023-10-19,111,West,21155,11101.0,,07:18:06,07:18:06,1,1316,Brier Rd & 232nd St SW,0.0,0.0
2023-10-19,111,West,21155,11101.0,,07:18:39,07:18:39,2,2775,Brier Rd & 232nd St SW,0.0,0.0
2023-10-19,111,West,21155,11101.0,,07:19:09,07:19:23,3,2776,236th St SW & Brier Rd,1.0,0.0
2023-10-19,111,West,21155,11101.0,,07:20:40,07:20:40,4,603,29th Ave W & 232nd St SW,0.0,0.0
2023-10-19,111,West,21155,11101.0,,07:20:59,07:20:59,5,604,29th Ave W & 228th St SW,0.0,0.0
2023-10-19,111,West,21155,11101.0,,07:21:36,07:21:36,6,1687,228th St SW & 29th Ave W,0.0,0.0
2023-10-19,111,West,21155,11101.0,,07:22:31,07:22:31,7,1681,228th St SW & 32nd Ave W,0.0,0.0
2023-10-19,111,West,21155,11101.0,,07:22:46,07:22:46,8,1685,228th St SW & 35th Ave W,0.0,0.0
2023-10-19,111,West,21155,11101.0,,07:23:54,07:23:54,9,1682,228th St SW & 39th Ave W,0.0,0.0
2023-10-19,111,West,21155,11101.0,,07:24:13,07:24:13,10,1683,228th St SW & 42nd Pl W,0.0,0.0
2023-10-19,111,West,21155,11101.0,,07:24:40,07:24:40,11,2774,228th St SW & 46th Ave W,0.0,0.0
2023-10-19,111,West,21155,11101.0,07:24:00,07:25:13,07:25:13,12,1160,48th Ave W & 228th St SW,0.0,0.0
2023-10-19,111,West,21155,11101.0,,07:25:54,07:25:54,13,1161,48th Ave W & 233rd St SW,0.0,0.0
2023-10-19,111,West,21155,11101.0,,07:26:36,07:26:36,14,1695,236th St SW & 48th Ave W,0.0,0.0
2023-10-19,111,West,21155,11101.0,,07:26:49,07:26:49,15,1696,236th St SW & 50th Ave W,0.0,0.0
2023-10-19,111,West,21155,11101.0,,07:27:04,07:27:04,16,1697,236th St SW & 52nd Ave W,0.0,0.0
2023-10-19,111,West,21155,11101.0,,07:27:31,07:27:31,17,1698,236th St SW & 54th Ave W,0.0,0.0
2023-10-19,111,West,21155,11101.0,,07:28:41,07:28:52,18,1699,236th St SW & 56th Ave W,0.0,1.0
2023-10-19,111,West,21155,11101.0,07:30:00,07:29:57,07:29:57,19,3268,Mountlake Terrace Transit Center Drop-off,0.0,0.0
2023-10-20,111,East,21152,22801.0,16:30:00,16:29:28,16:29:28,0,3269,Mountlake Terrace Transit Center Bay 1,4.0,0.0
2023-10-20,111,East,21152,22801.0,,16:30:56,16:30:56,1,322,236th St SW & 58th Ave W,0.0,0.0
2023-10-20,111,East,21152,22801.0,,16:31:49,16:31:49,2,321,236th St SW & 56th Ave W,0.0,0.0
2023-10-20,111,East,21152,22801.0,,16:32:01,16:32:01,3,320,236th St SW & 54th Ave W,0.0,0.0
2023-10-20,111,East,21152,22801.0,,16:32:17,16:32:17,4,319,236th St SW & 52nd Ave W,0.0,0.0
2023-10-20,111,East,21152,22801.0,,16:32:27,16:32:27,5,324,236th St SW & 50th Ave W,0.0,0.0
2023-10-20,111,East,21152,22801.0,,16:33:35,16:33:50,6,675,48th Ave W & 233rd St SW,0.0,2.0
2023-10-20,111,East,21152,22801.0,16:33:00,16:34:31,16:34:41,7,2771,48th Ave W & 228th St SW,0.0,1.0
2023-10-20,111,East,21152,22801.0,,16:35:11,16:35:11,8,2763,228th St SW & 45th Pl W,0.0,0.0
2023-10-20,111,East,21152,22801.0,,16:36:34,16:36:34,9,312,228th St SW & 42nd Pl W,0.0,0.0
2023-10-20,111,East,21152,22801.0,,16:36:59,16:36:59,10,310,228th St SW & 39th Pl W,0.0,0.0
2023-10-20,111,East,21152,22801.0,,16:37:28,16:37:28,11,309,228th St SW & 228th Pl SW,0.0,0.0
2023-10-20,111,East,21152,22801.0,,16:37:53,16:38:08,12,305,228th St SW & 35th Ave W,0.0,1.0
2023-10-20,111,East,21152,22801.0,,16:38:31,16:38:31,13,304,228th St SW & 32nd Ave W,0.0,0.0
2023-10-20,111,East,21152,22801.0,,16:39:00,16:39:00,14,2188,Brier Rd & 228th St SW,0.0,0.0
2023-10-20,111,East,21152,22801.0,,16:39:10,16:39:10,15,1316,Brier Rd & 232nd St SW,0.0,0.0
2023-10-20,111,East,21152,22801.0,,16:39:34,16:39:34,16,2775,Brier Rd & 232nd St SW,0.0,0.0
2023-10-20,111,East,21152,22801.0,,16:40:01,16:40:01,17,2776,236th St SW & Brier Rd,0.0,0.0
2023-10-20,111,East,21152,22801.0,,16:41:05,16:41:05,18,603,29th Ave W & 232nd St SW,0.0,0.0
2023-10-20,111,East,21152,22801.0,,16:41:20,16:41:20,19,604,29th Ave W & 228th St SW,0.0,0.0
2023-10-20,111,East,21152,22801.0,16:43:00,16:41:56,16:41:56,20,1687,228th St SW & 29th Ave W,0.0,0.0
2023-10-20,111,East,21153,17104.0,17:30:00,17:30:08,17:30:08,0,3269,Mountlake Terrace Transit Center Bay 1,4.0,0.0
2023-10-20,111,East,21153,17104.0,,17:31:27,17:31:27,1,322,236th St SW & 58th Ave W,0.0,0.0
2023-10-20,111,East,21153,17104.0,,17:32:12,17:32:12,2,321,236th St SW & 56th Ave W,0.0,0.0
2023-10-20,111,East,21153,17104.0,,17:32:25,17:32:25,3,320,236th St SW & 54th Ave W,0.0,0.0
2023-10-20,111,East,21153,17104.0,,17:32:43,17:32:43,4,319,236th St SW & 52nd Ave W,0.0,0.0
2023-10-20,111,East,21153,17104.0,,17:32:54,17:32:54,5,324,236th St SW & 50th Ave W,0.0,0.0
2023-10-20,111,East,21153,17104.0,,17:33:54,17:33:54,6,675,48th Ave W & 233rd St SW,0.0,0.0
2023-10-20,111,East,21153,17104.0,17:33:00,17:34:36,17:34:36,7,2771,48th Ave W & 228th St SW,0.0,0.0
2023-10-20,111,East,21153,17104.0,,17:35:02,17:35:02,8,2763,228th St SW & 45th Pl W,0.0,0.0
2023-10-20,111,East,21153,17104.0,,17:36:20,17:36:31,9,312,228th St SW & 42nd Pl W,0.0,1.0
2023-10-20,111,East,21153,17104.0,,17:36:52,17:36:52,10,310,228th St SW & 39th Pl W,0.0,0.0
2023-10-20,111,East,21153,17104.0,,17:37:25,17:37:25,11,309,228th St SW & 228th Pl SW,0.0,0.0
2023-10-20,111,East,21153,17104.0,,17:37:50,17:38:00,12,305,228th St SW & 35th Ave W,0.0,2.0
2023-10-20,111,East,21153,17104.0,,17:38:22,17:38:22,13,304,228th St SW & 32nd Ave W,0.0,0.0
2023-10-20,111,East,21153,17104.0,,17:38:59,17:39:11,14,2188,Brier Rd & 228th St SW,0.0,1.0
2023-10-20,111,East,21153,17104.0,,17:39:25,17:39:25,15,1316,Brier Rd & 232nd St SW,0.0,0.0
2023-10-20,111,East,21153,17104.0,,17:39:55,17:39:55,16,2775,Brier Rd & 232nd St SW,0.0,0.0
2023-10-20,111,East,21153,17104.0,,17:40:26,17:40:26,17,2776,236th St SW & Brier Rd,0.0,0.0
2023-10-20,111,East,21153,17104.0,,17:41:36,17:41:36,18,603,29th Ave W & 232nd St SW,0.0,0.0
2023-10-20,111,East,21153,17104.0,,17:41:55,17:41:55,19,604,29th Ave W & 228th St SW,0.0,0.0
2023-10-20,111,East,21153,17104.0,17:43:00,17:42:43,17:42:43,20,1687,228th St SW & 29th Ave W,0.0,0.0
2023-10-20,111,West,21154,19100.0,06:18:00,06:19:16,06:19:16,0,2188,Brier Rd & 228th St SW,0.0,0.0
2023-10-20,111,West,21154,19100.0,,06:19:35,06:19:35,1,1316,Brier Rd & 232nd St SW,0.0,0.0
2023-10-20,111,West,21154,19100.0,,06:20:10,06:20:10,2,2775,Brier Rd & 232nd St SW,0.0,0.0
2023-10-20,111,West,21154,19100.0,,06:20:43,06:20:43,3,2776,236th St SW & Brier Rd,0.0,0.0
2023-10-20,111,West,21154,19100.0,,06:21:54,06:21:54,4,603,29th Ave W & 232nd St SW,0.0,0.0
2023-10-20,111,West,21154,19100.0,,06:22:13,06:22:13,5,604,29th Ave W & 228th St SW,0.0,0.0
2023-10-20,111,West,21154,19100.0,,06:22:40,06:23:00,6,1687,228th St SW & 29th Ave W,1.0,0.0
2023-10-20,111,West,21154,19100.0,,06:23:46,06:23:46,7,1681,228th St SW & 32nd Ave W,0.0,0.0
2023-10-20,111,West,21154,19100.0,,06:24:08,06:24:24,8,1685,228th St SW & 35th Ave W,1.0,0.0
2023-10-20,111,West,21154,19100.0,,06:25:26,06:25:26,9,1682,228th St SW & 39th Ave W,0.0,0.0
2023-10-20,111,West,21154,19100.0,,06:25:49,06:26:02,10,1683,228th St SW & 42nd Pl W,1.0,0.0
2023-10-20,111,West,21154,19100.0,,06:27:00,06:27:00,11,2774,228th St SW & 46th Ave W,0.0,0.0
2023-10-20,111,West,21154,19100.0,06:24:00,06:27:33,06:27:33,12,1160,48th Ave W & 228th St SW,0.0,0.0
2023-10-20,111,West,21154,19100.0,,06:28:06,06:28:06,13,1161,48th Ave W & 233rd St SW,0.0,0.0
2023-10-20,111,West,21154,19100.0,,06:28:52,06:29:03,14,1695,236th St SW & 48th Ave W,0.0,1.0
2023-10-20,111,West,21154,19100.0,,06:29:22,06:29:22,15,1696,236th St SW & 50th Ave W,0.0,0.0
2023-10-20,111,West,21154,19100.0,,06:29:39,06:29:39,16,1697,236th St SW & 52nd Ave W,0.0,0.0
2023-10-20,111,West,21154,19100.0,,06:29:52,06:29:52,17,1698,236th St SW & 54th Ave W,0.0,0.0
2023-10-20,111,West,21154,19100.0,,06:30:12,06:30:12,18,1699,236th St SW & 56th Ave W,0.0,0.0
2023-10-20,111,West,21154,19100.0,06:30:00,06:30:49,06:30:49,19,3268,Mountlake Terrace Transit Center Drop-off,0.0,2.0
2023-10-20,111,West,21155,17109.0,07:18:00,07:17:54,07:17:54,0,2188,Brier Rd & 228th St SW,0.0,0.0
2023-10-20,111,West,21155,17109.0,,07:18:09,07:18:09,1,1316,Brier Rd & 232nd St SW,0.0,0.0
2023-10-20,111,West,21155,17109.0,,07:18:38,07:18:38,2,2775,Brier Rd & 232nd St SW,0.0,0.0
2023-10-20,111,West,21155,17109.0,,07:19:08,07:19:19,3,2776,236th St SW & Brier Rd,1.0,0.0
2023-10-20,111,West,21155,17109.0,,07:20:35,07:20:35,4,603,29th Ave W & 232nd St SW,0.0,0.0
2023-10-20,111,West,21155,17109.0,,07:20:55,07:20:55,5,604,29th Ave W & 228th St SW,0.0,0.0
2023-10-20,111,West,21155,17109.0,,07:21:25,07:21:25,6,1687,228th St SW & 29th Ave W,0.0,0.0
2023-10-20,111,West,21155,17109.0,,07:22:05,07:22:05,7,1681,228th St SW & 32nd Ave W,0.0,0.0
2023-10-20,111,West,21155,17109.0,,07:22:25,07:22:44,8,1685,228th St SW & 35th Ave W,1.0,0.0
2023-10-20,111,West,21155,17109.0,,07:23:43,07:23:43,9,1682,228th St SW & 39th Ave W,0.0,0.0
2023-10-20,111,West,21155,17109.0,,07:24:03,07:24:03,10,1683,228th St SW & 42nd Pl W,0.0,0.0
2023-10-20,111,West,21155,17109.0,,07:25:29,07:25:29,11,2774,228th St SW & 46th Ave W,0.0,0.0
2023-10-20,111,West,21155,17109.0,07:24:00,07:26:17,07:26:17,12,1160,48th Ave W & 228th St SW,0.0,0.0
2023-10-20,111,West,21155,17109.0,,07:26:57,07:26:57,13,1161,48th Ave W & 233rd St SW,0.0,0.0
2023-10-20,111,West,21155,17109.0,,07:28:01,07:28:01,14,1695,236th St SW & 48th Ave W,0.0,0.0
2023-10-20,111,West,21155,17109.0,,07:28:12,07:28:12,15,1696,236th St SW & 50th Ave W,0.0,0.0
2023-10-20,111,West,21155,17109.0,,07:28:31,07:28:31,16,1697,236th St SW & 52nd Ave W,0.0,0.0
2023-10-20,111,West,21155,17109.0,,07:30:13,07:30:13,17,1698,236th St SW & 54th Ave W,0.0,0.0
2023-10-20,111,West,21155,17109.0,,07:31:34,07:31:48,18,1699,236th St SW & 56th Ave W,0.0,1.0
2023-10-20,111,West,21155,17109.0,07:30:00,07:32:38,07:32:38,19,3268,Mountlake Terrace Transit Center Drop-off,0.0,1.0
2023-10-23,111,East,21152,17802.0,16:30:00,16:30:05,16:30:05,0,3269,Mountlake Terrace Transit Center Bay 1,3.0,0.0
2023-10-23,111,East,21152,17802.0,,16:30:36,16:30:36,1,322,236th St SW & 58th Ave W,0.0,0.0
2023-10-23,111,East,21152,17802.0,,16:31:28,16:31:28,2,321,236th St SW & 56th Ave W,0.0,0.0
2023-10-23,111,East,21152,17802.0,,16:31:41,16:31:41,3,320,236th St SW & 54th Ave W,0.0,0.0
2023-10-23,111,East,21152,17802.0,,16:32:02,16:32:02,4,319,236th St SW & 52nd Ave W,0.0,0.0
2023-10-23,111,East,21152,17802.0,,16:32:13,16:32:13,5,324,236th St SW & 50th Ave W,0.0,0.0
2023-10-23,111,East,21152,17802.0,,16:33:08,16:33:08,6,675,48th Ave W & 233rd St SW,0.0,0.0
2023-10-23,111,East,21152,17802.0,16:33:00,16:33:45,16:33:45,7,2771,48th Ave W & 228th St SW,0.0,0.0
2023-10-23,111,East,21152,17802.0,,16:34:09,16:34:09,8,2763,228th St SW & 45th Pl W,0.0,0.0
2023-10-23,111,East,21152,17802.0,,16:35:16,16:35:16,9,312,228th St SW & 42nd Pl W,0.0,0.0
2023-10-23,111,East,21152,17802.0,,16:35:36,16:35:49,10,310,228th St SW & 39th Pl W,0.0,1.0
2023-10-23,111,East,21152,17802.0,,16:36:25,16:36:25,11,309,228th St SW & 228th Pl SW,0.0,0.0
2023-10-23,111,East,21152,17802.0,,16:36:46,16:36:46,12,305,228th St SW & 35th Ave W,0.0,0.0
2023-10-23,111,East,21152,17802.0,,16:37:03,16:37:03,13,304,228th St SW & 32nd Ave W,0.0,0.0
2023-10-23,111,East,21152,17802.0,,16:37:34,16:37:34,14,2188,Brier Rd & 228th St SW,0.0,0.0
2023-10-23,111,East,21152,17802.0,,16:37:44,16:37:44,15,1316,Brier Rd & 232nd St SW,0.0,0.0
2023-10-23,111,East,21152,17802.0,,16:38:09,16:38:09,16,2775,Brier Rd & 232nd St SW,0.0,0.0
2023-10-23,111,East,21152,17802.0,,16:38:37,16:38:37,17,2776,236th St SW & Brier Rd,0.0,0.0
2023-10-23,111,East,21152,17802.0,,16:39:44,16:39:55,18,603,29th Ave W & 232nd St SW,0.0,2.0
2023-10-23,111,East,21152,17802.0,,16:40:15,16:40:15,19,604,29th Ave W & 228th St SW,0.0,0.0
2023-10-23,111,East,21152,17802.0,16:43:00,16:41:14,16:41:14,20,1687,228th St SW & 29th Ave W,0.0,0.0
2023-10-23,111,East,21153,17103.0,17:30:00,17:30:26,17:30:26,0,3269,Mountlake Terrace Transit Center Bay 1,0.0,0.0
2023-10-23,111,East,21153,17103.0,,17:30:56,17:30:56,1,322,236th St SW & 58th Ave W,0.0,0.0
2023-10-23,111,East,21153,17103.0,,17:32:43,17:32:57,2,321,236th St SW & 56th Ave W,1.0,0.0
2023-10-23,111,East,21153,17103.0,,17:33:13,17:33:13,3,320,236th St SW & 54th Ave W,0.0,0.0
2023-10-23,111,East,21153,17103.0,,17:33:32,17:33:32,4,319,236th St SW & 52nd Ave W,0.0,0.0
2023-10-23,111,East,21153,17103.0,,17:33:44,17:33:44,5,324,236th St SW & 50th Ave W,0.0,0.0
2023-10-23,111,East,21153,17103.0,,17:34:45,17:34:45,6,675,48th Ave W & 233rd St SW,0.0,0.0
2023-10-23,111,East,21153,17103.0,17:33:00,17:35:32,17:35:32,7,2771,48th Ave W & 228th St SW,0.0,0.0
2023-10-23,111,East,21153,17103.0,,17:35:54,17:35:54,8,2763,228th St SW & 45th Pl W,0.0,0.0
2023-10-23,111,East,21153,17103.0,,17:37:05,17:37:05,9,312,228th St SW & 42nd Pl W,0.0,0.0
2023-10-23,111,East,21153,17103.0,,17:37:25,17:37:25,10,310,228th St SW & 39th Pl W,0.0,0.0
2023-10-23,111,East,21153,17103.0,,17:37:58,17:37:58,11,309,228th St SW & 228th Pl SW,0.0,0.0
2023-10-23,111,East,21153,17103.0,,17:38:26,17:38:33,12,305,228th St SW & 35th Ave W,0.0,1.0
2023-10-23,111,East,21153,17103.0,,17:38:58,17:38:58,13,304,228th St SW & 32nd Ave W,0.0,0.0
2023-10-23,111,East,21153,17103.0,,17:39:33,17:39:33,14,2188,Brier Rd & 228th St SW,0.0,0.0
2023-10-23,111,East,21153,17103.0,,17:39:41,17:39:41,15,1316,Brier Rd & 232nd St SW,0.0,0.0
2023-10-23,111,East,21153,17103.0,,17:40:10,17:40:10,16,2775,Brier Rd & 232nd St SW,0.0,0.0
2023-10-23,111,East,21153,17103.0,,17:40:41,17:40:41,17,2776,236th St SW & Brier Rd,0.0,0.0
2023-10-23,111,East,21153,17103.0,,17:41:59,17:41:59,18,603,29th Ave W & 232nd St SW,0.0,0.0
2023-10-23,111,East,21153,17103.0,,17:42:20,17:42:20,19,604,29th Ave W & 228th St SW,0.0,0.0
2023-10-23,111,East,21153,17103.0,17:43:00,17:42:52,17:42:52,20,1687,228th St SW & 29th Ave W,0.0,0.0
2023-10-23,111,West,21154,15105.0,06:18:00,06:18:10,06:18:10,0,2188,Brier Rd & 228th St SW,0.0,0.0
2023-10-23,111,West,21154,15105.0,,06:18:25,06:18:25,1,1316,Brier Rd & 232nd St SW,0.0,0.0
2023-10-23,111,West,21154,15105.0,,06:19:00,06:19:00,2,2775,Brier Rd & 232nd St SW,0.0,0.0
2023-10-23,111,West,21154,15105.0,,06:19:29,06:19:29,3,2776,236th St SW & Brier Rd,0.0,0.0
2023-10-23,111,West,21154,15105.0,,06:20:26,06:20:26,4,603,29th Ave W & 232nd St SW,0.0,0.0
2023-10-23,111,West,21154,15105.0,,06:20:36,06:20:36,5,604,29th Ave W & 228th St SW,0.0,0.0
2023-10-23,111,West,21154,15105.0,,06:21:00,06:21:00,6,1687,228th St SW & 29th Ave W,0.0,0.0
2023-10-23,111,West,21154,15105.0,,06:21:41,06:21:41,7,1681,228th St SW & 32nd Ave W,0.0,0.0
2023-10-23,111,West,21154,15105.0,,06:22:01,06:22:13,8,1685,228th St SW & 35th Ave W,2.0,0.0
2023-10-23,111,West,21154,15105.0,,06:23:04,06:23:04,9,1682,228th St SW & 39th Ave W,0.0,0.0
2023-10-23,111,West,21154,15105.0,,06:23:21,06:23:21,10,1683,228th St SW & 42nd Pl W,0.0,0.0
2023-10-23,111,West,21154,15105.0,,06:24:05,06:24:05,11,2774,228th St SW & 46th Ave W,0.0,0.0
2023-10-23,111,West,21154,15105.0,06:24:00,06:24:32,06:24:32,12,1160,48th Ave W & 228th St SW,0.0,0.0
2023-10-23,111,West,21154,15105.0,,06:25:01,06:25:01,13,1161,48th Ave W & 233rd St SW,0.0,0.0
2023-10-23,111,West,21154,15105.0,,06:25:39,06:25:54,14,1695,236th St SW & 48th Ave W,1.0,0.0
2023-10-23,111,West,21154,15105.0,,06:26:10,06:26:10,15,1696,236th St SW & 50th Ave W,0.0,0.0
2023-10-23,111,West,21154,15105.0,,06:26:25,06:26:25,16,1697,236th St SW & 52nd Ave W,0.0,0.0
2023-10-23,111,West,21154,15105.0,,06:26:38,06:26:38,17,1698,236th St SW & 54th Ave W,0.0,0.0
2023-10-23,111,West,21154,15105.0,,06:26:59,06:26:59,18,1699,236th St SW & 56th Ave W,0.0,0.0
2023-10-23,111,West,21154,15105.0,06:30:00,06:27:37,06:27:37,19,3268,Mountlake Terrace Transit Center Drop-off,0.0,3.0
2023-10-23,111,West,21155,17111.0,07:18:00,07:18:00,07:18:00,0,2188,Brier Rd & 228th St SW,0.0,0.0
2023-10-23,111,West,21155,17111.0,,07:18:15,07:18:15,1,1316,Brier Rd & 232nd St SW,0.0,0.0
2023-10-23,111,West,21155,17111.0,,07:18:45,07:18:45,2,2775,Brier Rd & 232nd St SW,0.0,0.0
2023-10-23,111,West,21155,17111.0,,07:19:14,07:19:14,3,2776,236th St SW & Brier Rd,0.0,0.0
2023-10-23,111,West,21155,17111.0,,07:20:24,07:20:24,4,603,29th Ave W & 232nd St SW,0.0,0.0
2023-10-23,111,West,21155,17111.0,,07:20:43,07:20:43,5,604,29th Ave W & 228th St SW,0.0,0.0
2023-10-23,111,West,21155,17111.0,,07:21:22,07:21:22,6,1687,228th St SW & 29th Ave W,0.0,0.0
2023-10-23,111,West,21155,17111.0,,07:22:08,07:22:08,7,1681,228th St SW & 32nd Ave W,0.0,0.0
2023-10-23,111,West,21155,17111.0,,07:22:22,07:22:22,8,1685,228th St SW & 35th Ave W,0.0,0.0
2023-10-23,111,West,21155,17111.0,,07:23:28,07:23:28,9,1682,228th St SW & 39th Ave W,0.0,0.0
2023-10-23,111,West,21155,17111.0,,07:23:45,07:23:45,10,1683,228th St SW & 42nd Pl W,0.0,0.0
2023-10-23,111,West,21155,17111.0,,07:25:15,07:25:15,11,2774,228th St SW & 46th Ave W,0.0,0.0
2023-10-23,111,West,21155,17111.0,07:24:00,07:25:45,07:25:45,12,1160,48th Ave W & 228th St SW,0.0,0.0
2023-10-23,111,West,21155,17111.0,,07:26:23,07:26:23,13,1161,48th Ave W & 233rd St SW,0.0,0.0
2023-10-23,111,West,21155,17111.0,,07:27:04,07:27:04,14,1695,236th St SW & 48th Ave W,0.0,0.0
2023-10-23,111,West,21155,17111.0,,07:27:16,07:27:16,15,1696,236th St SW & 50th Ave W,0.0,0.0
2023-10-23,111,West,21155,17111.0,,07:27:32,07:27:32,16,1697,236th St SW & 52nd Ave W,0.0,0.0
2023-10-23,111,West,21155,17111.0,,07:27:47,07:27:47,17,1698,236th St SW & 54th Ave W,0.0,0.0
2023-10-23,111,West,21155,17111.0,,07:28:08,07:28:08,18,1699,236th St SW & 56th Ave W,0.0,0.0
2023-10-23,111,West,21155,17111.0,07:30:00,07:28:41,07:28:41,19,3268,Mountlake Terrace Transit Center Drop-off,0.0,0.0
2023-10-24,111,East,21152,17801.0,16:30:00,16:32:53,16:32:53,0,3269,Mountlake Terrace Transit Center Bay 1,0.0,0.0
2023-10-24,111,East,21152,17801.0,,16:33:19,16:33:19,1,322,236th St SW & 58th Ave W,0.0,0.0
2023-10-24,111,East,21152,17801.0,,16:34:28,16:34:28,2,321,236th St SW & 56th Ave W,0.0,0.0
2023-10-24,111,East,21152,17801.0,,16:34:38,16:34:38,3,320,236th St SW & 54th Ave W,0.0,0.0
2023-10-24,111,East,21152,17801.0,,16:34:52,16:34:52,4,319,236th St SW & 52nd Ave W,0.0,0.0
2023-10-24,111,East,21152,17801.0,,16:35:02,16:35:02,5,324,236th St SW & 50th Ave W,0.0,0.0
2023-10-24,111,East,21152,17801.0,,16:35:58,16:35:58,6,675,48th Ave W & 233rd St SW,0.0,0.0
2023-10-24,111,East,21152,17801.0,16:33:00,16:36:41,16:36:41,7,2771,48th Ave W & 228th St SW,0.0,0.0
2023-10-24,111,East,21152,17801.0,,16:37:01,16:37:01,8,2763,228th St SW & 45th Pl W,0.0,0.0
2023-10-24,111,East,21152,17801.0,,16:38:06,16:38:06,9,312,228th St SW & 42nd Pl W,0.0,0.0
2023-10-24,111,East,21152,17801.0,,16:38:22,16:38:22,10,310,228th St SW & 39th Pl W,0.0,0.0
2023-10-24,111,East,21152,17801.0,,16:38:54,16:38:54,11,309,228th St SW & 228th Pl SW,0.0,0.0
2023-10-24,111,East,21152,17801.0,,16:39:18,16:39:18,12,305,228th St SW & 35th Ave W,0.0,0.0
2023-10-24,111,East,21152,17801.0,,16:39:37,16:39:37,13,304,228th St SW & 32nd Ave W,0.0,0.0
2023-10-24,111,East,21152,17801.0,,16:40:10,16:40:10,14,2188,Brier Rd & 228th St SW,0.0,0.0
2023-10-24,111,East,21152,17801.0,,16:40:20,16:40:20,15,1316,Brier Rd & 232nd St SW,0.0,0.0
2023-10-24,111,East,21152,17801.0,,16:40:50,16:40:50,16,2775,Brier Rd & 232nd St SW,0.0,0.0
2023-10-24,111,East,21152,17801.0,,16:41:19,16:41:19,17,2776,236th St SW & Brier Rd,0.0,0.0
2023-10-24,111,East,21152,17801.0,,16:42:32,16:42:32,18,603,29th Ave W & 232nd St SW,0.0,0.0
2023-10-24,111,East,21152,17801.0,,16:42:48,16:42:48,19,604,29th Ave W & 228th St SW,0.0,0.0
2023-10-24,111,East,21152,17801.0,16:43:00,16:43:18,16:43:18,20,1687,228th St SW & 29th Ave W,0.0,0.0
2023-10-24,111,East,21153,17106.0,17:30:00,17:30:23,17:30:23,0,3269,Mountlake Terrace Transit Center Bay 1,3.0,0.0
2023-10-24,111,East,21153,17106.0,,17:30:51,17:30:51,1,322,236th St SW & 58th Ave W,0.0,0.0
2023-10-24,111,East,21153,17106.0,,17:31:21,17:31:21,2,321,236th St SW & 56th Ave W,0.0,0.0
2023-10-24,111,East,21153,17106.0,,17:31:35,17:31:35,3,320,236th St SW & 54th Ave W,0.0,0.0
2023-10-24,111,East,21153,17106.0,,17:31:53,17:31:53,4,319,236th St SW & 52nd Ave W,0.0,0.0
2023-10-24,111,East,21153,17106.0,,17:32:08,17:32:19,5,324,236th St SW & 50th Ave W,0.0,1.0
2023-10-24,111,East,21153,17106.0,,17:33:26,17:33:36,6,675,48th Ave W & 233rd St SW,0.0,2.0
2023-10-24,111,East,21153,17106.0,17:33:00,17:34:24,17:34:24,7,2771,48th Ave W & 228th St SW,0.0,0.0
2023-10-24,111,East,21153,17106.0,,17:34:55,17:34:55,8,2763,228th St SW & 45th Pl W,0.0,0.0
2023-10-24,111,East,21153,17106.0,,17:36:10,17:36:10,9,312,228th St SW & 42nd Pl W,0.0,0.0
2023-10-24,111,East,21153,17106.0,,17:36:34,17:36:34,10,310,228th St SW & 39th Pl W,0.0,0.0
2023-10-24,111,East,21153,17106.0,,17:36:57,17:36:57,11,309,228th St SW & 228th Pl SW,0.0,0.0
2023-10-24,111,East,21153,17106.0,,17:37:20,17:37:20,12,305,228th St SW & 35th Ave W,0.0,0.0
2023-10-24,111,East,21153,17106.0,,17:37:39,17:37:39,13,304,228th St SW & 32nd Ave W,0.0,0.0
2023-10-24,111,East,21153,17106.0,,17:38:07,17:38:07,14,2188,Brier Rd & 228th St SW,0.0,0.0
2023-10-24,111,East,21153,17106.0,,17:38:17,17:38:17,15,1316,Brier Rd & 232nd St SW,0.0,0.0
2023-10-24,111,East,21153,17106.0,,17:38:45,17:38:45,16,2775,Brier Rd & 232nd St SW,0.0,0.0
2023-10-24,111,East,21153,17106.0,,17:39:14,17:39:14,17,2776,236th St SW & Brier Rd,0.0,0.0
2023-10-24,111,East,21153,17106.0,,17:40:32,17:40:32,18,603,29th Ave W & 232nd St SW,0.0,0.0
2023-10-24,111,East,21153,17106.0,,17:40:52,17:40:52,19,604,29th Ave W & 228th St SW,0.0,0.0
2023-10-24,111,East,21153,17106.0,17:43:00,17:41:21,17:41:21,20,1687,228th St SW & 29th Ave W,0.0,0.0
2023-10-24,111,West,21154,15108.0,06:18:00,06:18:43,06:18:43,0,2188,Brier Rd & 228th St SW,0.0,0.0
2023-10-24,111,West,21154,15108.0,,06:19:05,06:19:05,1,1316,Brier Rd & 232nd St SW,24.0,23.0
2023-10-24,111,West,21154,15108.0,,06:19:33,06:19:33,2,2775,Brier Rd & 232nd St SW,0.0,0.0
2023-10-24,111,West,21154,15108.0,,06:20:03,06:20:03,3,2776,236th St SW & Brier Rd,0.0,0.0
2023-10-24,111,West,21154,15108.0,,06:21:02,06:21:02,4,603,29th Ave W & 232nd St SW,0.0,0.0
2023-10-24,111,West,21154,15108.0,,06:21:15,06:21:15,5,604,29th Ave W & 228th St SW,0.0,0.0
2023-10-24,111,West,21154,15108.0,,06:21:46,06:21:46,6,1687,228th St SW & 29th Ave W,0.0,0.0
2023-10-24,111,West,21154,15108.0,,06:22:21,06:22:21,7,1681,228th St SW & 32nd Ave W,0.0,0.0
2023-10-24,111,West,21154,15108.0,,06:22:39,06:22:58,8,1685,228th St SW & 35th Ave W,1.0,0.0
2023-10-24,111,West,21154,15108.0,,06:23:52,06:23:52,9,1682,228th St SW & 39th Ave W,0.0,0.0
2023-10-24,111,West,21154,15108.0,,06:24:10,06:24:10,10,1683,228th St SW & 42nd Pl W,0.0,0.0
2023-10-24,111,West,21154,15108.0,,06:24:59,06:24:59,11,2774,228th St SW & 46th Ave W,0.0,0.0
2023-10-24,111,West,21154,15108.0,06:24:00,06:25:25,06:25:25,12,1160,48th Ave W & 228th St SW,0.0,0.0
2023-10-24,111,West,21154,15108.0,,06:25:55,06:25:55,13,1161,48th Ave W & 233rd St SW,0.0,0.0
2023-10-24,111,West,21154,15108.0,,06:26:34,06:26:47,14,1695,236th St SW & 48th Ave W,1.0,0.0
2023-10-24,111,West,21154,15108.0,,06:27:04,06:27:04,15,1696,236th St SW & 50th Ave W,0.0,0.0
2023-10-24,111,West,21154,15108.0,,06:27:18,06:27:18,16,1697,236th St SW & 52nd Ave W,0.0,0.0
2023-10-24,111,West,21154,15108.0,,06:27:30,06:27:30,17,1698,236th St SW & 54th Ave W,0.0,0.0
2023-10-24,111,West,21154,15108.0,,06:28:09,06:28:09,18,1699,236th St SW & 56th Ave W,0.0,0.0
2023-10-24,111,West,21154,15108.0,06:30:00,06:28:46,06:28:46,19,3268,Mountlake Terrace Transit Center Drop-off,0.0,3.0
2023-10-24,111,West,21155,11101.0,07:18:00,07:17:52,07:17:52,0,2188,Brier Rd & 228th St SW,0.0,0.0
2023-10-24,111,West,21155,11101.0,,07:18:07,07:18:07,1,1316,Brier Rd & 232nd St SW,0.0,0.0
2023-10-24,111,West,21155,11101.0,,07:18:35,07:18:35,2,2775,Brier Rd & 232nd St SW,0.0,0.0
2023-10-24,111,West,21155,11101.0,,07:19:08,07:19:08,3,2776,236th St SW & Brier Rd,0.0,0.0
2023-10-24,111,West,21155,11101.0,,07:20:16,07:20:16,4,603,29th Ave W & 232nd St SW,0.0,0.0
2023-10-24,111,West,21155,11101.0,,07:20:33,07:20:33,5,604,29th Ave W & 228th St SW,0.0,0.0
2023-10-24,111,West,21155,11101.0,,07:21:02,07:21:02,6,1687,228th St SW & 29th Ave W,0.0,0.0
2023-10-24,111,West,21155,11101.0,,07:21:44,07:21:44,7,1681,228th St SW & 32nd Ave W,0.0,0.0
2023-10-24,111,West,21155,11101.0,,07:21:58,07:21:58,8,1685,228th St SW & 35th Ave W,0.0,0.0
2023-10-24,111,West,21155,11101.0,,07:23:08,07:23:08,9,1682,228th St SW & 39th Ave W,0.0,0.0
2023-10-24,111,West,21155,11101.0,,07:23:27,07:23:27,10,1683,228th St SW & 42nd Pl W,0.0,0.0
2023-10-24,111,West,21155,11101.0,,07:24:42,07:24:42,11,2774,228th St SW & 46th Ave W,0.0,0.0
2023-10-24,111,West,21155,11101.0,07:24:00,07:25:16,07:25:16,12,1160,48th Ave W & 228th St SW,0.0,0.0
2023-10-24,111,West,21155,11101.0,,07:25:56,07:25:56,13,1161,48th Ave W & 233rd St SW,0.0,0.0
2023-10-24,111,West,21155,11101.0,,07:26:37,07:26:37,14,1695,236th St SW & 48th Ave W,0.0,0.0
2023-10-24,111,West,21155,11101.0,,07:26:49,07:26:49,15,1696,236th St SW & 50th Ave W,0.0,0.0
2023-10-24,111,West,21155,11101.0,,07:27:05,07:27:05,16,1697,236th St SW & 52nd Ave W,0.0,0.0
2023-10-24,111,West,21155,11101.0,,07:27:19,07:27:19,17,1698,236th St SW & 54th Ave W,0.0,0.0
2023-10-24,111,West,21155,11101.0,,07:27:40,07:27:40,18,1699,236th St SW & 56th Ave W,0.0,0.0
2023-10-24,111,West,21155,11101.0,07:30:00,07:28:36,07:28:36,19,3268,Mountlake Terrace Transit Center Drop-off,0.0,0.0
2023-10-25,111,East,21152,21811.0,16:30:00,16:32:18,16:32:18,0,3269,Mountlake Terrace Transit Center Bay 1,1.0,0.0
2023-10-25,111,East,21152,21811.0,,16:32:57,16:32:57,1,322,236th St SW & 58th Ave W,0.0,0.0
2023-10-25,111,East,21152,21811.0,,16:34:23,16:34:23,2,321,236th St SW & 56th Ave W,0.0,0.0
2023-10-25,111,East,21152,21811.0,,16:34:36,16:34:36,3,320,236th St SW & 54th Ave W,0.0,0.0
2023-10-25,111,East,21152,21811.0,,16:34:53,16:34:53,4,319,236th St SW & 52nd Ave W,0.0,0.0
2023-10-25,111,East,21152,21811.0,,16:35:08,16:35:26,5,324,236th St SW & 50th Ave W,1.0,0.0
2023-10-25,111,East,21152,21811.0,,16:36:21,16:36:21,6,675,48th Ave W & 233rd St SW,0.0,0.0
2023-10-25,111,East,21152,21811.0,16:33:00,16:37:04,16:37:04,7,2771,48th Ave W & 228th St SW,0.0,0.0
2023-10-25,111,East,21152,21811.0,,16:37:28,16:37:28,8,2763,228th St SW & 45th Pl W,0.0,0.0
2023-10-25,111,East,21152,21811.0,,16:38:09,16:38:09,9,312,228th St SW & 42nd Pl W,0.0,0.0
2023-10-25,111,East,21152,21811.0,,16:38:24,16:38:24,10,310,228th St SW & 39th Pl W,0.0,0.0
2023-10-25,111,East,21152,21811.0,,16:38:55,16:38:55,11,309,228th St SW & 228th Pl SW,0.0,0.0
2023-10-25,111,East,21152,21811.0,,16:39:16,16:39:16,12,305,228th St SW & 35th Ave W,0.0,0.0
2023-10-25,111,East,21152,21811.0,,16:39:34,16:39:34,13,304,228th St SW & 32nd Ave W,0.0,0.0
2023-10-25,111,East,21152,21811.0,,16:40:04,16:40:04,14,2188,Brier Rd & 228th St SW,0.0,0.0
2023-10-25,111,East,21152,21811.0,,16:40:14,16:40:14,15,1316,Brier Rd & 232nd St SW,0.0,0.0
2023-10-25,111,East,21152,21811.0,,16:40:40,16:40:40,16,2775,Brier Rd & 232nd St SW,0.0,0.0
2023-10-25,111,East,21152,21811.0,,16:41:13,16:41:13,17,2776,236th St SW & Brier Rd,0.0,0.0
2023-10-25,111,East,21152,21811.0,,16:42:16,16:42:16,18,603,29th Ave W & 232nd St SW,0.0,0.0
2023-10-25,111,East,21152,21811.0,,16:42:31,16:42:31,19,604,29th Ave W & 228th St SW,0.0,0.0
2023-10-25,111,East,21152,21811.0,16:43:00,16:42:59,16:42:59,20,1687,228th St SW & 29th Ave W,0.0,2.0
2023-10-25,111,East,21153,19102.0,17:30:00,17:30:08,17:30:08,0,3269,Mountlake Terrace Transit Center Bay 1,0.0,0.0
2023-10-25,111,East,21153,19102.0,,17:30:41,17:30:41,1,322,236th St SW & 58th Ave W,0.0,0.0
2023-10-25,111,East,21153,19102.0,,17:32:43,17:32:43,2,321,236th St SW & 56th Ave W,0.0,0.0
2023-10-25,111,East,21153,19102.0,,17:32:58,17:32:58,3,320,236th St SW & 54th Ave W,0.0,0.0
2023-10-25,111,East,21153,19102.0,,17:33:12,17:33:12,4,319,236th St SW & 52nd Ave W,0.0,0.0
2023-10-25,111,East,21153,19102.0,,17:33:23,17:33:23,5,324,236th St SW & 50th Ave W,0.0,0.0
2023-10-25,111,East,21153,19102.0,,17:34:19,17:34:19,6,675,48th Ave W & 233rd St SW,0.0,0.0
2023-10-25,111,East,21153,19102.0,17:33:00,17:35:08,17:35:08,7,2771,48th Ave W & 228th St SW,0.0,0.0
2023-10-25,111,East,21153,19102.0,,17:35:31,17:35:31,8,2763,228th St SW & 45th Pl W,0.0,0.0
2023-10-25,111,East,21153,19102.0,,17:36:10,17:36:10,9,312,228th St SW & 42nd Pl W,0.0,0.0
2023-10-25,111,East,21153,19102.0,,17:36:32,17:36:32,10,310,228th St SW & 39th Pl W,0.0,0.0
2023-10-25,111,East,21153,19102.0,,17:37:03,17:37:03,11,309,228th St SW & 228th Pl SW,0.0,0.0
2023-10-25,111,East,21153,19102.0,,17:37:25,17:37:25,12,305,228th St SW & 35th Ave W,0.0,0.0
2023-10-25,111,East,21153,19102.0,,17:37:44,17:37:44,13,304,228th St SW & 32nd Ave W,0.0,0.0
2023-10-25,111,East,21153,19102.0,,17:38:16,17:38:16,14,2188,Brier Rd & 228th St SW,0.0,0.0
2023-10-25,111,East,21153,19102.0,,17:38:26,17:38:26,15,1316,Brier Rd & 232nd St SW,0.0,0.0
2023-10-25,111,East,21153,19102.0,,17:38:58,17:38:58,16,2775,Brier Rd & 232nd St SW,0.0,0.0
2023-10-25,111,East,21153,19102.0,,17:39:24,17:39:24,17,2776,236th St SW & Brier Rd,0.0,0.0
2023-10-25,111,East,21153,19102.0,,17:40:36,17:40:36,18,603,29th Ave W & 232nd St SW,0.0,0.0
2023-10-25,111,East,21153,19102.0,,17:40:59,17:40:59,19,604,29th Ave W & 228th St SW,0.0,0.0
2023-10-25,111,East,21153,19102.0,17:43:00,17:41:35,17:41:35,20,1687,228th St SW & 29th Ave W,0.0,0.0
2023-10-25,111,West,21154,19101.0,06:18:00,06:18:11,06:18:11,0,2188,Brier Rd & 228th St SW,0.0,0.0
2023-10-25,111,West,21154,19101.0,,06:18:28,06:18:28,1,1316,Brier Rd & 232nd St SW,0.0,0.0
2023-10-25,111,West,21154,19101.0,,06:18:57,06:18:57,2,2775,Brier Rd & 232nd St SW,0.0,0.0
2023-10-25,111,West,21154,19101.0,,06:19:26,06:19:26,3,2776,236th St SW & Brier Rd,0.0,0.0
2023-10-25,111,West,21154,19101.0,,06:20:42,06:20:42,4,603,29th Ave W & 232nd St SW,0.0,0.0
2023-10-25,111,West,21154,19101.0,,06:21:01,06:21:01,5,604,29th Ave W & 228th St SW,0.0,0.0
2023-10-25,111,West,21154,19101.0,,06:21:40,06:21:40,6,1687,228th St SW & 29th Ave W,0.0,0.0
2023-10-25,111,West,21154,19101.0,,06:22:28,06:22:44,7,1681,228th St SW & 32nd Ave W,1.0,0.0
2023-10-25,111,West,21154,19101.0,,06:23:03,06:23:03,8,1685,228th St SW & 35th Ave W,0.0,0.0
2023-10-25,111,West,21154,19101.0,,06:23:58,06:23:58,9,1682,228th St SW & 39th Ave W,0.0,0.0
2023-10-25,111,West,21154,19101.0,,06:24:21,06:24:33,10,1683,228th St SW & 42nd Pl W,2.0,0.0
2023-10-25,111,West,21154,19101.0,,06:25:11,06:25:11,11,2774,228th St SW & 46th Ave W,0.0,0.0
2023-10-25,111,West,21154,19101.0,06:24:00,06:25:44,06:25:44,12,1160,48th Ave W & 228th St SW,0.0,0.0
2023-10-25,111,West,21154,19101.0,,06:26:21,06:26:21,13,1161,48th Ave W & 233rd St SW,0.0,0.0
2023-10-25,111,West,21154,19101.0,,06:27:06,06:27:18,14,1695,236th St SW & 48th Ave W,1.0,1.0
2023-10-25,111,West,21154,19101.0,,06:27:36,06:27:36,15,1696,236th St SW & 50th Ave W,0.0,0.0
2023-10-25,111,West,21154,19101.0,,06:27:53,06:27:53,16,1697,236th St SW & 52nd Ave W,0.0,0.0
2023-10-25,111,West,21154,19101.0,,06:28:09,06:28:09,17,1698,236th St SW & 54th Ave W,0.0,0.0
2023-10-25,111,West,21154,19101.0,,06:28:28,06:28:28,18,1699,236th St SW & 56th Ave W,0.0,0.0
2023-10-25,111,West,21154,19101.0,06:30:00,06:29:03,06:29:03,19,3268,Mountlake Terrace Transit Center Drop-off,0.0,3.0
2023-10-25,111,West,21155,17125.0,07:18:00,07:17:46,07:17:46,0,2188,Brier Rd & 228th St SW,0.0,0.0
2023-10-25,111,West,21155,17125.0,,07:18:04,07:18:04,1,1316,Brier Rd & 232nd St SW,0.0,0.0
2023-10-25,111,West,21155,17125.0,,07:18:37,07:18:37,2,2775,Brier Rd & 232nd St SW,0.0,0.0
2023-10-25,111,West,21155,17125.0,,07:19:08,07:19:08,3,2776,236th St SW & Brier Rd,0.0,0.0
2023-10-25,111,West,21155,17125.0,,07:20:30,07:20:30,4,603,29th Ave W & 232nd St SW,0.0,0.0
2023-10-25,111,West,21155,17125.0,,07:20:50,07:20:50,5,604,29th Ave W & 228th St SW,0.0,0.0
2023-10-25,111,West,21155,17125.0,,07:21:29,07:21:29,6,1687,228th St SW & 29th Ave W,0.0,0.0
2023-10-25,111,West,21155,17125.0,,07:22:30,07:22:30,7,1681,228th St SW & 32nd Ave W,0.0,0.0
2023-10-25,111,West,21155,17125.0,,07:22:45,07:22:45,8,1685,228th St SW & 35th Ave W,0.0,0.0
2023-10-25,111,West,21155,17125.0,,07:23:40,07:23:40,9,1682,228th St SW & 39th Ave W,0.0,0.0
2023-10-25,111,West,21155,17125.0,,07:23:59,07:23:59,10,1683,228th St SW & 42nd Pl W,0.0,0.0
2023-10-25,111,West,21155,17125.0,,07:24:54,07:24:54,11,2774,228th St SW & 46th Ave W,0.0,0.0
2023-10-25,111,West,21155,17125.0,07:24:00,07:25:25,07:25:25,12,1160,48th Ave W & 228th St SW,0.0,0.0
2023-10-25,111,West,21155,17125.0,,07:26:07,07:26:07,13,1161,48th Ave W & 233rd St SW,0.0,0.0
2023-10-25,111,West,21155,17125.0,,07:26:51,07:26:51,14,1695,236th St SW & 48th Ave W,0.0,0.0
2023-10-25,111,West,21155,17125.0,,07:27:06,07:27:06,15,1696,236th St SW & 50th Ave W,0.0,0.0
2023-10-25,111,West,21155,17125.0,,07:27:22,07:27:22,16,1697,236th St SW & 52nd Ave W,0.0,0.0
2023-10-25,111,West,21155,17125.0,,07:27:38,07:27:38,17,1698,236th St SW & 54th Ave W,0.0,0.0
2023-10-25,111,West,21155,17125.0,,07:28:22,07:28:22,18,1699,236th St SW & 56th Ave W,0.0,0.0
2023-10-25,111,West,21155,17125.0,07:30:00,07:29:00,07:29:00,19,3268,Mountlake Terrace Transit Center Drop-off,0.0,0.0
2023-10-26,111,East,21152,19805.0,16:30:00,16:30:07,16:30:07,0,3269,Mountlake Terrace Transit Center Bay 1,1.0,0.0
2023-10-26,111,East,21152,19805.0,,16:30:46,16:30:46,1,322,236th St SW & 58th Ave W,0.0,0.0
2023-10-26,111,East,21152,19805.0,,16:31:09,16:31:09,2,321,236th St SW & 56th Ave W,0.0,0.0
2023-10-26,111,East,21152,19805.0,,16:31:20,16:31:20,3,320,236th St SW & 54th Ave W,0.0,0.0
2023-10-26,111,East,21152,19805.0,,16:31:34,16:31:34,4,319,236th St SW & 52nd Ave W,0.0,0.0
2023-10-26,111,East,21152,19805.0,,16:31:44,16:31:44,5,324,236th St SW & 50th Ave W,0.0,0.0
2023-10-26,111,East,21152,19805.0,,16:32:33,16:32:33,6,675,48th Ave W & 233rd St SW,0.0,0.0
2023-10-26,111,East,21152,19805.0,16:33:00,16:33:13,16:33:13,7,2771,48th Ave W & 228th St SW,0.0,0.0
2023-10-26,111,East,21152,19805.0,,16:33:30,16:33:30,8,2763,228th St SW & 45th Pl W,0.0,0.0
2023-10-26,111,East,21152,19805.0,,16:34:39,16:34:39,9,312,228th St SW & 42nd Pl W,0.0,0.0
2023-10-26,111,East,21152,19805.0,,16:34:54,16:34:54,10,310,228th St SW & 39th Pl W,0.0,0.0
2023-10-26,111,East,21152,19805.0,,16:35:21,16:35:21,11,309,228th St SW & 228th Pl SW,0.0,0.0
2023-10-26,111,East,21152,19805.0,,16:35:42,16:35:42,12,305,228th St SW & 35th Ave W,0.0,0.0
2023-10-26,111,East,21152,19805.0,,16:35:59,16:35:59,13,304,228th St SW & 32nd Ave W,0.0,0.0
2023-10-26,111,East,21152,19805.0,,16:36:37,16:36:37,14,2188,Brier Rd & 228th St SW,0.0,0.0
2023-10-26,111,East,21152,19805.0,,16:36:47,16:36:47,15,1316,Brier Rd & 232nd St SW,0.0,0.0
2023-10-26,111,East,21152,19805.0,,16:37:12,16:37:12,16,2775,Brier Rd & 232nd St SW,0.0,0.0
2023-10-26,111,East,21152,19805.0,,16:38:01,16:38:01,17,2776,236th St SW & Brier Rd,0.0,0.0
2023-10-26,111,East,21152,19805.0,,16:39:08,16:39:20,18,603,29th Ave W & 232nd St SW,0.0,1.0
2023-10-26,111,East,21152,19805.0,,16:39:41,16:39:41,19,604,29th Ave W & 228th St SW,0.0,0.0
2023-10-26,111,East,21152,19805.0,16:43:00,16:40:17,16:40:17,20,1687,228th St SW & 29th Ave W,0.0,0.0
2023-10-26,111,East,21153,17109.0,17:30:00,17:30:08,17:30:08,0,3269,Mountlake Terrace Transit Center Bay 1,2.0,0.0
2023-10-26,111,East,21153,17109.0,,17:32:00,17:32:00,1,322,236th St SW & 58th Ave W,0.0,0.0
2023-10-26,111,East,21153,17109.0,,17:32:53,17:32:53,2,321,236th St SW & 56th Ave W,0.0,0.0
2023-10-26,111,East,21153,17109.0,,17:33:06,17:33:06,3,320,236th St SW & 54th Ave W,0.0,0.0
2023-10-26,111,East,21153,17109.0,,17:33:24,17:33:24,4,319,236th St SW & 52nd Ave W,0.0,0.0
2023-10-26,111,East,21153,17109.0,,17:33:37,17:33:37,5,324,236th St SW & 50th Ave W,0.0,0.0
2023-10-26,111,East,21153,17109.0,,17:34:38,17:34:38,6,675,48th Ave W & 233rd St SW,0.0,0.0
2023-10-26,111,East,21153,17109.0,17:33:00,17:35:24,17:35:24,7,2771,48th Ave W & 228th St SW,0.0,0.0
2023-10-26,111,East,21153,17109.0,,17:35:51,17:35:51,8,2763,228th St SW & 45th Pl W,0.0,0.0
2023-10-26,111,East,21153,17109.0,,17:36:44,17:36:44,9,312,228th St SW & 42nd Pl W,0.0,0.0
2023-10-26,111,East,21153,17109.0,,17:37:02,17:37:17,10,310,228th St SW & 39th Pl W,0.0,2.0
2023-10-26,111,East,21153,17109.0,,17:37:53,17:37:53,11,309,228th St SW & 228th Pl SW,0.0,0.0
2023-10-26,111,East,21153,17109.0,,17:38:15,17:38:15,12,305,228th St SW & 35th Ave W,0.0,0.0
2023-10-26,111,East,21153,17109.0,,17:38:35,17:38:35,13,304,228th St SW & 32nd Ave W,0.0,0.0
2023-10-26,111,East,21153,17109.0,,17:39:06,17:39:06,14,2188,Brier Rd & 228th St SW,0.0,0.0
2023-10-26,111,East,21153,17109.0,,17:39:16,17:39:16,15,1316,Brier Rd & 232nd St SW,0.0,0.0
2023-10-26,111,East,21153,17109.0,,17:39:43,17:39:43,16,2775,Brier Rd & 232nd St SW,0.0,0.0
2023-10-26,111,East,21153,17109.0,,17:40:18,17:40:18,17,2776,236th St SW & Brier Rd,0.0,0.0
2023-10-26,111,East,21153,17109.0,,17:41:31,17:41:31,18,603,29th Ave W & 232nd St SW,0.0,0.0
2023-10-26,111,East,21153,17109.0,,17:41:49,17:41:49,19,604,29th Ave W & 228th St SW,0.0,0.0
2023-10-26,111,East,21153,17109.0,17:43:00,17:42:22,17:42:22,20,1687,228th St SW & 29th Ave W,0.0,0.0
2023-10-26,111,West,21154,15117.0,06:18:00,06:18:34,06:18:34,0,2188,Brier Rd & 228th St SW,0.0,0.0
2023-10-26,111,West,21154,15117.0,,06:18:48,06:18:48,1,1316,Brier Rd & 232nd St SW,0.0,0.0
2023-10-26,111,West,21154,15117.0,,06:19:15,06:19:15,2,2775,Brier Rd & 232nd St SW,0.0,0.0
2023-10-26,111,West,21154,15117.0,,06:19:43,06:19:43,3,2776,236th St SW & Brier Rd,0.0,0.0
2023-10-26,111,West,21154,15117.0,,06:20:47,06:20:47,4,603,29th Ave W & 232nd St SW,0.0,0.0
2023-10-26,111,West,21154,15117.0,,06:21:06,06:21:06,5,604,29th Ave W & 228th St SW,0.0,0.0
2023-10-26,111,West,21154,15117.0,,06:21:39,06:21:39,6,1687,228th St SW & 29th Ave W,0.0,0.0
2023-10-26,111,West,21154,15117.0,,06:22:19,06:22:19,7,1681,228th St SW & 32nd Ave W,0.0,0.0
2023-10-26,111,West,21154,15117.0,,06:22:37,06:22:37,8,1685,228th St SW & 35th Ave W,0.0,0.0
2023-10-26,111,West,21154,15117.0,,06:23:42,06:23:42,9,1682,228th St SW & 39th Ave W,0.0,0.0
2023-10-26,111,West,21154,15117.0,,06:24:05,06:24:17,10,1683,228th St SW & 42nd Pl W,1.0,0.0
2023-10-26,111,West,21154,15117.0,,06:24:47,06:24:47,11,2774,228th St SW & 46th Ave W,0.0,0.0
2023-10-26,111,West,21154,15117.0,06:24:00,06:25:21,06:25:33,12,1160,48th Ave W & 228th St SW,2.0,0.0
2023-10-26,111,West,21154,15117.0,,06:26:07,06:26:07,13,1161,48th Ave W & 233rd St SW,0.0,0.0
2023-10-26,111,West,21154,15117.0,,06:26:51,06:27:05,14,1695,236th St SW & 48th Ave W,1.0,1.0
2023-10-26,111,West,21154,15117.0,,06:27:21,06:27:21,15,1696,236th St SW & 50th Ave W,0.0,0.0
2023-10-26,111,West,21154,15117.0,,06:27:38,06:27:38,16,1697,236th St SW & 52nd Ave W,0.0,0.0
2023-10-26,111,West,21154,15117.0,,06:27:52,06:27:52,17,1698,236th St SW & 54th Ave W,0.0,0.0
2023-10-26,111,West,21154,15117.0,,06:28:11,06:28:11,18,1699,236th St SW & 56th Ave W,0.0,0.0
2023-10-26,111,West,21154,15117.0,06:30:00,06:29:15,06:29:15,19,3268,Mountlake Terrace Transit Center Drop-off,0.0,3.0
2023-10-26,111,West,21155,19119.0,07:18:00,07:17:56,07:17:56,0,2188,Brier Rd & 228th St SW,0.0,0.0
2023-10-26,111,West,21155,19119.0,,07:18:13,07:18:13,1,1316,Brier Rd & 232nd St SW,0.0,0.0
2023-10-26,111,West,21155,19119.0,,07:18:41,07:18:41,2,2775,Brier Rd & 232nd St SW,0.0,0.0
2023-10-26,111,West,21155,19119.0,,07:19:12,07:19:28,3,2776,236th St SW & Brier Rd,2.0,0.0
2023-10-26,111,West,21155,19119.0,,07:20:42,07:20:42,4,603,29th Ave W & 232nd St SW,0.0,0.0
2023-10-26,111,West,21155,19119.0,,07:21:02,07:21:02,5,604,29th Ave W & 228th St SW,0.0,0.0
2023-10-26,111,West,21155,19119.0,,07:21:33,07:21:33,6,1687,228th St SW & 29th Ave W,0.0,0.0
2023-10-26,111,West,21155,19119.0,,07:22:17,07:22:28,7,1681,228th St SW & 32nd Ave W,1.0,0.0
2023-10-26,111,West,21155,19119.0,,07:22:46,07:22:46,8,1685,228th St SW & 35th Ave W,0.0,0.0
2023-10-26,111,West,21155,19119.0,,07:23:43,07:23:43,9,1682,228th St SW & 39th Ave W,0.0,0.0
2023-10-26,111,West,21155,19119.0,,07:24:02,07:24:02,10,1683,228th St SW & 42nd Pl W,0.0,0.0
2023-10-26,111,West,21155,19119.0,,07:24:55,07:24:55,11,2774,228th St SW & 46th Ave W,0.0,0.0
2023-10-26,111,West,21155,19119.0,07:24:00,07:25:27,07:25:27,12,1160,48th Ave W & 228th St SW,0.0,0.0
2023-10-26,111,West,21155,19119.0,,07:26:06,07:26:06,13,1161,48th Ave W & 233rd St SW,0.0,0.0
2023-10-26,111,West,21155,19119.0,,07:26:47,07:26:47,14,1695,236th St SW & 48th Ave W,0.0,0.0
2023-10-26,111,West,21155,19119.0,,07:27:00,07:27:00,15,1696,236th St SW & 50th Ave W,0.0,0.0
2023-10-26,111,West,21155,19119.0,,07:27:16,07:27:16,16,1697,236th St SW & 52nd Ave W,0.0,0.0
2023-10-26,111,West,21155,19119.0,,07:27:31,07:27:31,17,1698,236th St SW & 54th Ave W,0.0,0.0
2023-10-26,111,West,21155,19119.0,,07:28:08,07:28:21,18,1699,236th St SW & 56th Ave W,0.0,2.0
2023-10-26,111,West,21155,19119.0,07:30:00,07:29:10,07:29:10,19,3268,Mountlake Terrace Transit Center Drop-off,0.0,1.0
2023-10-27,111,East,21152,21812.0,16:30:00,16:30:07,16:30:07,0,3269,Mountlake Terrace Transit Center Bay 1,0.0,0.0
2023-10-27,111,East,21152,21812.0,,16:30:35,16:30:47,1,322,236th St SW & 58th Ave W,0.0,0.0
2023-10-27,111,East,21152,21812.0,,16:32:14,16:32:14,2,321,236th St SW & 56th Ave W,0.0,0.0
2023-10-27,111,East,21152,21812.0,,16:32:26,16:32:26,3,320,236th St SW & 54th Ave W,0.0,0.0
2023-10-27,111,East,21152,21812.0,,16:32:40,16:32:40,4,319,236th St SW & 52nd Ave W,0.0,0.0
2023-10-27,111,East,21152,21812.0,,16:32:50,16:32:50,5,324,236th St SW & 50th Ave W,0.0,0.0
2023-10-27,111,East,21152,21812.0,,16:33:39,16:33:39,6,675,48th Ave W & 233rd St SW,0.0,0.0
2023-10-27,111,East,21152,21812.0,16:33:00,16:34:28,16:34:28,7,2771,48th Ave W & 228th St SW,0.0,0.0
2023-10-27,111,East,21152,21812.0,,16:34:54,16:34:54,8,2763,228th St SW & 45th Pl W,0.0,0.0
2023-10-27,111,East,21152,21812.0,,16:35:54,16:35:54,9,312,228th St SW & 42nd Pl W,0.0,0.0
2023-10-27,111,East,21152,21812.0,,16:36:11,16:36:11,10,310,228th St SW & 39th Pl W,0.0,0.0
2023-10-27,111,East,21152,21812.0,,16:36:38,16:36:38,11,309,228th St SW & 228th Pl SW,0.0,0.0
2023-10-27,111,East,21152,21812.0,,16:37:00,16:37:00,12,305,228th St SW & 35th Ave W,0.0,0.0
2023-10-27,111,East,21152,21812.0,,16:37:17,16:37:17,13,304,228th St SW & 32nd Ave W,0.0,0.0
2023-10-27,111,East,21152,21812.0,,16:37:52,16:37:52,14,2188,Brier Rd & 228th St SW,0.0,0.0
2023-10-27,111,East,21152,21812.0,,16:38:02,16:38:02,15,1316,Brier Rd & 232nd St SW,0.0,0.0
2023-10-27,111,East,21152,21812.0,,16:38:28,16:38:28,16,2775,Brier Rd & 232nd St SW,0.0,0.0
2023-10-27,111,East,21152,21812.0,,16:38:59,16:38:59,17,2776,236th St SW & Brier Rd,0.0,0.0
2023-10-27,111,East,21152,21812.0,,16:40:07,16:40:07,18,603,29th Ave W & 232nd St SW,0.0,0.0
2023-10-27,111,East,21152,21812.0,,16:40:22,16:40:22,19,604,29th Ave W & 228th St SW,0.0,0.0
2023-10-27,111,East,21152,21812.0,16:43:00,16:41:18,16:41:18,20,1687,228th St SW & 29th Ave W,0.0,0.0
2023-10-27,111,East,21153,17118.0,17:30:00,17:30:13,17:30:13,0,3269,Mountlake Terrace Transit Center Bay 1,0.0,0.0
2023-10-27,111,East,21153,17118.0,,17:31:44,17:31:44,1,322,236th St SW & 58th Ave W,0.0,0.0
2023-10-27,111,East,21153,17118.0,,17:32:08,17:32:08,2,321,236th St SW & 56th Ave W,0.0,0.0
2023-10-27,111,East,21153,17118.0,,17:32:20,17:32:20,3,320,236th St SW & 54th Ave W,0.0,0.0
2023-10-27,111,East,21153,17118.0,,17:32:38,17:32:38,4,319,236th St SW & 52nd Ave W,0.0,0.0
2023-10-27,111,East,21153,17118.0,,17:32:50,17:32:50,5,324,236th St SW & 50th Ave W,0.0,0.0
2023-10-27,111,East,21153,17118.0,,17:33:51,17:33:51,6,675,48th Ave W & 233rd St SW,0.0,0.0
2023-10-27,111,East,21153,17118.0,17:33:00,17:34:36,17:34:36,7,2771,48th Ave W & 228th St SW,0.0,0.0
2023-10-27,111,East,21153,17118.0,,17:35:01,17:35:01,8,2763,228th St SW & 45th Pl W,0.0,0.0
2023-10-27,111,East,21153,17118.0,,17:35:27,17:35:27,9,312,228th St SW & 42nd Pl W,0.0,0.0
2023-10-27,111,East,21153,17118.0,,17:35:43,17:35:43,10,310,228th St SW & 39th Pl W,0.0,0.0
2023-10-27,111,East,21153,17118.0,,17:36:13,17:36:13,11,309,228th St SW & 228th Pl SW,0.0,0.0
2023-10-27,111,East,21153,17118.0,,17:36:34,17:36:34,12,305,228th St SW & 35th Ave W,0.0,0.0
2023-10-27,111,East,21153,17118.0,,17:36:52,17:36:52,13,304,228th St SW & 32nd Ave W,0.0,0.0
2023-10-27,111,East,21153,17118.0,,17:37:27,17:37:27,14,2188,Brier Rd & 228th St SW,0.0,0.0
2023-10-27,111,East,21153,17118.0,,17:37:38,17:37:38,15,1316,Brier Rd & 232nd St SW,0.0,0.0
2023-10-27,111,East,21153,17118.0,,17:38:05,17:38:05,16,2775,Brier Rd & 232nd St SW,0.0,0.0
2023-10-27,111,East,21153,17118.0,,17:38:33,17:38:33,17,2776,236th St SW & Brier Rd,0.0,0.0
2023-10-27,111,East,21153,17118.0,,17:39:47,17:39:47,18,603,29th Ave W & 232nd St SW,0.0,0.0
2023-10-27,111,East,21153,17118.0,,17:40:05,17:40:05,19,604,29th Ave W & 228th St SW,0.0,0.0
2023-10-27,111,East,21153,17118.0,17:43:00,17:40:36,17:40:36,20,1687,228th St SW & 29th Ave W,0.0,0.0
2023-10-27,111,West,21154,15103.0,06:18:00,06:20:08,06:20:08,0,2188,Brier Rd & 228th St SW,0.0,0.0
2023-10-27,111,West,21154,15103.0,,06:20:20,06:20:20,1,1316,Brier Rd & 232nd St SW,0.0,0.0
2023-10-27,111,West,21154,15103.0,,06:20:46,06:20:46,2,2775,Brier Rd & 232nd St SW,0.0,0.0
2023-10-27,111,West,21154,15103.0,,06:21:14,06:21:14,3,2776,236th St SW & Brier Rd,0.0,0.0
2023-10-27,111,West,21154,15103.0,,06:22:21,06:22:21,4,603,29th Ave W & 232nd St SW,0.0,0.0
2023-10-27,111,West,21154,15103.0,,06:22:37,06:22:37,5,604,29th Ave W & 228th St SW,0.0,0.0
2023-10-27,111,West,21154,15103.0,,06:23:02,06:23:02,6,1687,228th St SW & 29th Ave W,0.0,0.0
2023-10-27,111,West,21154,15103.0,,06:23:40,06:23:40,7,1681,228th St SW & 32nd Ave W,0.0,0.0
2023-10-27,111,West,21154,15103.0,,06:23:57,06:23:57,8,1685,228th St SW & 35th Ave W,0.0,0.0
2023-10-27,111,West,21154,15103.0,,06:24:47,06:24:47,9,1682,228th St SW & 39th Ave W,0.0,0.0
2023-10-27,111,West,21154,15103.0,,06:25:11,06:25:23,10,1683,228th St SW & 42nd Pl W,1.0,0.0
2023-10-27,111,West,21154,15103.0,,06:25:57,06:25:57,11,2774,228th St SW & 46th Ave W,0.0,0.0
2023-10-27,111,West,21154,15103.0,06:24:00,06:26:40,06:26:51,12,1160,48th Ave W & 228th St SW,1.0,0.0
2023-10-27,111,West,21154,15103.0,,06:27:39,06:27:39,13,1161,48th Ave W & 233rd St SW,0.0,0.0
2023-10-27,111,West,21154,15103.0,,06:28:22,06:28:53,14,1695,236th St SW & 48th Ave W,1.0,1.0
2023-10-27,111,West,21154,15103.0,,06:29:10,06:29:10,15,1696,236th St SW & 50th Ave W,0.0,0.0
2023-10-27,111,West,21154,15103.0,,06:29:24,06:29:24,16,1697,236th St SW & 52nd Ave W,0.0,0.0
2023-10-27,111,West,21154,15103.0,,06:29:37,06:29:37,17,1698,236th St SW & 54th Ave W,0.0,0.0
2023-10-27,111,West,21154,15103.0,,06:29:55,06:29:55,18,1699,236th St SW & 56th Ave W,0.0,0.0
2023-10-27,111,West,21154,15103.0,06:30:00,06:30:49,06:30:49,19,3268,Mountlake Terrace Transit Center Drop-off,0.0,2.0
2023-10-27,111,West,21155,17116.0,07:18:00,07:17:57,07:17:57,0,2188,Brier Rd & 228th St SW,0.0,0.0
2023-10-27,111,West,21155,17116.0,,07:18:14,07:18:14,1,1316,Brier Rd & 232nd St SW,0.0,0.0
2023-10-27,111,West,21155,17116.0,,07:18:43,07:18:43,2,2775,Brier Rd & 232nd St SW,0.0,0.0
2023-10-27,111,West,21155,17116.0,,07:19:15,07:19:31,3,2776,236th St SW & Brier Rd,1.0,0.0
2023-10-27,111,West,21155,17116.0,,07:20:49,07:20:49,4,603,29th Ave W & 232nd St SW,0.0,0.0
2023-10-27,111,West,21155,17116.0,,07:21:08,07:21:08,5,604,29th Ave W & 228th St SW,0.0,0.0
2023-10-27,111,West,21155,17116.0,,07:21:48,07:21:48,6,1687,228th St SW & 29th Ave W,0.0,0.0
2023-10-27,111,West,21155,17116.0,,07:22:34,07:22:34,7,1681,228th St SW & 32nd Ave W,0.0,0.0
2023-10-27,111,West,21155,17116.0,,07:22:47,07:22:47,8,1685,228th St SW & 35th Ave W,0.0,0.0
2023-10-27,111,West,21155,17116.0,,07:23:47,07:23:47,9,1682,228th St SW & 39th Ave W,0.0,0.0
2023-10-27,111,West,21155,17116.0,,07:24:07,07:24:07,10,1683,228th St SW & 42nd Pl W,0.0,0.0
2023-10-27,111,West,21155,17116.0,,07:24:43,07:24:43,11,2774,228th St SW & 46th Ave W,0.0,0.0
2023-10-27,111,West,21155,17116.0,07:24:00,07:25:20,07:25:20,12,1160,48th Ave W & 228th St SW,0.0,0.0
2023-10-27,111,West,21155,17116.0,,07:26:01,07:26:01,13,1161,48th Ave W & 233rd St SW,0.0,0.0
2023-10-27,111,West,21155,17116.0,,07:26:41,07:26:41,14,1695,236th St SW & 48th Ave W,0.0,0.0
2023-10-27,111,West,21155,17116.0,,07:26:51,07:26:51,15,1696,236th St SW & 50th Ave W,0.0,0.0
2023-10-27,111,West,21155,17116.0,,07:27:07,07:27:07,16,1697,236th St SW & 52nd Ave W,0.0,0.0
2023-10-27,111,West,21155,17116.0,,07:27:21,07:27:21,17,1698,236th St SW & 54th Ave W,0.0,0.0
2023-10-27,111,West,21155,17116.0,,07:28:08,07:28:20,18,1699,236th St SW & 56th Ave W,0.0,1.0
2023-10-27,111,West,21155,17116.0,07:30:00,07:29:04,07:29:04,19,3268,Mountlake Terrace Transit Center Drop-off,0.0,0.0
2023-10-30,111,East,21152,22802.0,16:30:00,16:30:04,16:30:04,0,3269,Mountlake Terrace Transit Center Bay 1,2.0,0.0
2023-10-30,111,East,21152,22802.0,,16:30:33,16:30:33,1,322,236th St SW & 58th Ave W,0.0,0.0
2023-10-30,111,East,21152,22802.0,,16:31:02,16:31:02,2,321,236th St SW & 56th Ave W,0.0,0.0
2023-10-30,111,East,21152,22802.0,,16:31:16,16:31:16,3,320,236th St SW & 54th Ave W,0.0,0.0
2023-10-30,111,East,21152,22802.0,,16:31:32,16:31:32,4,319,236th St SW & 52nd Ave W,0.0,0.0
2023-10-30,111,East,21152,22802.0,,16:31:43,16:31:43,5,324,236th St SW & 50th Ave W,0.0,0.0
2023-10-30,111,East,21152,22802.0,,16:32:47,16:32:47,6,675,48th Ave W & 233rd St SW,0.0,0.0
2023-10-30,111,East,21152,22802.0,16:33:00,16:33:27,16:33:27,7,2771,48th Ave W & 228th St SW,0.0,0.0
2023-10-30,111,East,21152,22802.0,,16:33:51,16:33:51,8,2763,228th St SW & 45th Pl W,0.0,0.0
2023-10-30,111,East,21152,22802.0,,16:34:43,16:34:43,9,312,228th St SW & 42nd Pl W,0.0,0.0
2023-10-30,111,East,21152,22802.0,,16:35:03,16:35:03,10,310,228th St SW & 39th Pl W,0.0,0.0
2023-10-30,111,East,21152,22802.0,,16:35:33,16:35:33,11,309,228th St SW & 228th Pl SW,0.0,0.0
2023-10-30,111,East,21152,22802.0,,16:35:55,16:35:55,12,305,228th St SW & 35th Ave W,0.0,0.0
2023-10-30,111,East,21152,22802.0,,16:36:13,16:36:13,13,304,228th St SW & 32nd Ave W,0.0,0.0
2023-10-30,111,East,21152,22802.0,,16:37:06,16:37:06,14,2188,Brier Rd & 228th St SW,0.0,0.0
2023-10-30,111,East,21152,22802.0,,16:37:16,16:37:16,15,1316,Brier Rd & 232nd St SW,0.0,0.0
2023-10-30,111,East,21152,22802.0,,16:37:43,16:37:43,16,2775,Brier Rd & 232nd St SW,0.0,0.0
2023-10-30,111,East,21152,22802.0,,16:38:12,16:38:12,17,2776,236th St SW & Brier Rd,0.0,0.0
2023-10-30,111,East,21152,22802.0,,16:39:21,16:39:32,18,603,29th Ave W & 232nd St SW,0.0,2.0
2023-10-30,111,East,21152,22802.0,,16:39:52,16:39:52,19,604,29th Ave W & 228th St SW,0.0,0.0
2023-10-30,111,East,21152,22802.0,16:43:00,16:40:26,16:40:26,20,1687,228th St SW & 29th Ave W,0.0,0.0
2023-10-30,111,East,21153,17101.0,17:30:00,17:30:02,17:30:02,0,3269,Mountlake Terrace Transit Center Bay 1,0.0,0.0
2023-10-30,111,East,21153,17101.0,,17:30:52,17:30:52,1,322,236th St SW & 58th Ave W,0.0,0.0
2023-10-30,111,East,21153,17101.0,,17:31:55,17:31:55,2,321,236th St SW & 56th Ave W,0.0,0.0
2023-10-30,111,East,21153,17101.0,,17:32:10,17:32:10,3,320,236th St SW & 54th Ave W,0.0,0.0
2023-10-30,111,East,21153,17101.0,,17:32:28,17:32:28,4,319,236th St SW & 52nd Ave W,0.0,0.0
2023-10-30,111,East,21153,17101.0,,17:32:40,17:32:40,5,324,236th St SW & 50th Ave W,0.0,0.0
2023-10-30,111,East,21153,17101.0,,17:33:47,17:33:47,6,675,48th Ave W & 233rd St SW,0.0,0.0
2023-10-30,111,East,21153,17101.0,17:33:00,17:34:38,17:34:38,7,2771,48th Ave W & 228th St SW,0.0,0.0
2023-10-30,111,East,21153,17101.0,,17:35:08,17:35:08,8,2763,228th St SW & 45th Pl W,0.0,0.0
2023-10-30,111,East,21153,17101.0,,17:36:46,17:36:46,9,312,228th St SW & 42nd Pl W,0.0,0.0
2023-10-30,111,East,21153,17101.0,,17:37:05,17:37:05,10,310,228th St SW & 39th Pl W,0.0,0.0
2023-10-30,111,East,21153,17101.0,,17:37:37,17:37:37,11,309,228th St SW & 228th Pl SW,0.0,0.0
2023-10-30,111,East,21153,17101.0,,17:38:01,17:38:01,12,305,228th St SW & 35th Ave W,0.0,0.0
2023-10-30,111,East,21153,17101.0,,17:38:22,17:38:22,13,304,228th St SW & 32nd Ave W,0.0,0.0
2023-10-30,111,East,21153,17101.0,,17:38:56,17:38:56,14,2188,Brier Rd & 228th St SW,0.0,0.0
2023-10-30,111,East,21153,17101.0,,17:39:07,17:39:07,15,1316,Brier Rd & 232nd St SW,0.0,0.0
2023-10-30,111,East,21153,17101.0,,17:39:35,17:39:35,16,2775,Brier Rd & 232nd St SW,0.0,0.0
2023-10-30,111,East,21153,17101.0,,17:40:11,17:40:11,17,2776,236th St SW & Brier Rd,0.0,0.0
2023-10-30,111,East,21153,17101.0,,17:41:29,17:41:29,18,603,29th Ave W & 232nd St SW,0.0,0.0
2023-10-30,111,East,21153,17101.0,,17:41:47,17:41:47,19,604,29th Ave W & 228th St SW,0.0,0.0
2023-10-30,111,East,21153,17101.0,17:43:00,17:42:41,17:42:41,20,1687,228th St SW & 29th Ave W,0.0,0.0
2023-10-30,111,West,21154,19100.0,06:18:00,06:19:12,06:19:12,0,2188,Brier Rd & 228th St SW,0.0,0.0
2023-10-30,111,West,21154,19100.0,,06:19:31,06:19:31,1,1316,Brier Rd & 232nd St SW,0.0,0.0
2023-10-30,111,West,21154,19100.0,,06:20:09,06:20:09,2,2775,Brier Rd & 232nd St SW,0.0,0.0
2023-10-30,111,West,21154,19100.0,,06:20:44,06:20:44,3,2776,236th St SW & Brier Rd,0.0,0.0
2023-10-30,111,West,21154,19100.0,,06:21:50,06:21:50,4,603,29th Ave W & 232nd St SW,0.0,0.0
2023-10-30,111,West,21154,19100.0,,06:22:08,06:22:08,5,604,29th Ave W & 228th St SW,0.0,0.0
2023-10-30,111,West,21154,19100.0,,06:22:38,06:22:38,6,1687,228th St SW & 29th Ave W,0.0,0.0
2023-10-30,111,West,21154,19100.0,,06:23:23,06:23:37,7,1681,228th St SW & 32nd Ave W,2.0,0.0
2023-10-30,111,West,21154,19100.0,,06:23:59,06:23:59,8,1685,228th St SW & 35th Ave W,0.0,0.0
2023-10-30,111,West,21154,19100.0,,06:25:01,06:25:01,9,1682,228th St SW & 39th Ave W,0.0,0.0
2023-10-30,111,West,21154,19100.0,,06:25:20,06:25:20,10,1683,228th St SW & 42nd Pl W,0.0,0.0
2023-10-30,111,West,21154,19100.0,,06:25:54,06:25:54,11,2774,228th St SW & 46th Ave W,0.0,0.0
2023-10-30,111,West,21154,19100.0,06:24:00,06:26:32,06:26:32,12,1160,48th Ave W & 228th St SW,0.0,0.0
2023-10-30,111,West,21154,19100.0,,06:27:04,06:27:04,13,1161,48th Ave W & 233rd St SW,0.0,0.0
2023-10-30,111,West,21154,19100.0,,06:27:45,06:27:45,14,1695,236th St SW & 48th Ave W,0.0,0.0
2023-10-30,111,West,21154,19100.0,,06:27:58,06:27:58,15,1696,236th St SW & 50th Ave W,0.0,0.0
2023-10-30,111,West,21154,19100.0,,06:28:12,06:28:12,16,1697,236th St SW & 52nd Ave W,0.0,0.0
2023-10-30,111,West,21154,19100.0,,06:28:25,06:28:25,17,1698,236th St SW & 54th Ave W,0.0,0.0
2023-10-30,111,West,21154,19100.0,,06:29:00,06:29:00,18,1699,236th St SW & 56th Ave W,0.0,0.0
2023-10-30,111,West,21154,19100.0,06:30:00,06:29:35,06:29:35,19,3268,Mountlake Terrace Transit Center Drop-off,0.0,2.0
2023-10-30,111,West,21155,19110.0,07:18:00,07:17:58,07:17:58,0,2188,Brier Rd & 228th St SW,0.0,0.0
2023-10-30,111,West,21155,19110.0,,07:18:13,07:18:13,1,1316,Brier Rd & 232nd St SW,0.0,0.0
2023-10-30,111,West,21155,19110.0,,07:18:44,07:18:44,2,2775,Brier Rd & 232nd St SW,0.0,0.0
2023-10-30,111,West,21155,19110.0,,07:19:20,07:19:31,3,2776,236th St SW & Brier Rd,1.0,0.0
2023-10-30,111,West,21155,19110.0,,07:20:42,07:20:42,4,603,29th Ave W & 232nd St SW,0.0,0.0
2023-10-30,111,West,21155,19110.0,,07:21:01,07:21:01,5,604,29th Ave W & 228th St SW,0.0,0.0
2023-10-30,111,West,21155,19110.0,,07:21:39,07:21:39,6,1687,228th St SW & 29th Ave W,0.0,0.0
2023-10-30,111,West,21155,19110.0,,07:22:17,07:22:17,7,1681,228th St SW & 32nd Ave W,0.0,0.0
2023-10-30,111,West,21155,19110.0,,07:22:32,07:22:32,8,1685,228th St SW & 35th Ave W,0.0,0.0
2023-10-30,111,West,21155,19110.0,,07:23:26,07:23:26,9,1682,228th St SW & 39th Ave W,0.0,0.0
2023-10-30,111,West,21155,19110.0,,07:23:43,07:23:43,10,1683,228th St SW & 42nd Pl W,0.0,0.0
2023-10-30,111,West,21155,19110.0,,07:24:41,07:24:41,11,2774,228th St SW & 46th Ave W,0.0,0.0
2023-10-30,111,West,21155,19110.0,07:24:00,07:25:18,07:25:18,12,1160,48th Ave W & 228th St SW,0.0,0.0
2023-10-30,111,West,21155,19110.0,,07:26:00,07:26:00,13,1161,48th Ave W & 233rd St SW,0.0,0.0
2023-10-30,111,West,21155,19110.0,,07:26:46,07:27:03,14,1695,236th St SW & 48th Ave W,2.0,0.0
2023-10-30,111,West,21155,19110.0,,07:27:20,07:27:20,15,1696,236th St SW & 50th Ave W,0.0,0.0
2023-10-30,111,West,21155,19110.0,,07:27:38,07:27:38,16,1697,236th St SW & 52nd Ave W,0.0,0.0
2023-10-30,111,West,21155,19110.0,,07:27:52,07:27:52,17,1698,236th St SW & 54th Ave W,0.0,0.0
2023-10-30,111,West,21155,19110.0,,07:28:18,07:28:30,18,1699,236th St SW & 56th Ave W,0.0,3.0
2023-10-30,111,West,21155,19110.0,07:30:00,07:30:04,07:30:04,19,3268,Mountlake Terrace Transit Center Drop-off,0.0,0.0
2023-10-31,111,East,21152,19802.0,16:30:00,16:33:06,16:33:06,0,3269,Mountlake Terrace Transit Center Bay 1,1.0,0.0
2023-10-31,111,East,21152,19802.0,,16:33:33,16:33:33,1,322,236th St SW & 58th Ave W,0.0,0.0
2023-10-31,111,East,21152,19802.0,,16:35:05,16:35:05,2,321,236th St SW & 56th Ave W,0.0,0.0
2023-10-31,111,East,21152,19802.0,,16:35:18,16:35:18,3,320,236th St SW & 54th Ave W,0.0,0.0
2023-10-31,111,East,21152,19802.0,,16:35:35,16:35:35,4,319,236th St SW & 52nd Ave W,0.0,0.0
2023-10-31,111,East,21152,19802.0,,16:35:45,16:35:45,5,324,236th St SW & 50th Ave W,0.0,0.0
2023-10-31,111,East,21152,19802.0,,16:36:40,16:36:40,6,675,48th Ave W & 233rd St SW,0.0,0.0
2023-10-31,111,East,21152,19802.0,16:33:00,16:37:31,16:37:31,7,2771,48th Ave W & 228th St SW,0.0,0.0
2023-10-31,111,East,21152,19802.0,,16:37:52,16:37:52,8,2763,228th St SW & 45th Pl W,0.0,0.0
2023-10-31,111,East,21152,19802.0,,16:38:17,16:38:17,9,312,228th St SW & 42nd Pl W,0.0,0.0
2023-10-31,111,East,21152,19802.0,,16:38:34,16:38:49,10,310,228th St SW & 39th Pl W,0.0,1.0
2023-10-31,111,East,21152,19802.0,,16:39:26,16:39:26,11,309,228th St SW & 228th Pl SW,0.0,0.0
2023-10-31,111,East,21152,19802.0,,16:39:48,16:39:48,12,305,228th St SW & 35th Ave W,0.0,0.0
2023-10-31,111,East,21152,19802.0,,16:40:08,16:40:08,13,304,228th St SW & 32nd Ave W,0.0,0.0
2023-10-31,111,East,21152,19802.0,,16:40:56,16:40:56,14,2188,Brier Rd & 228th St SW,0.0,0.0
2023-10-31,111,East,21152,19802.0,,16:41:06,16:41:06,15,1316,Brier Rd & 232nd St SW,0.0,0.0
2023-10-31,111,East,21152,19802.0,,16:41:34,16:41:34,16,2775,Brier Rd & 232nd St SW,0.0,0.0
2023-10-31,111,East,21152,19802.0,,16:42:01,16:42:01,17,2776,236th St SW & Brier Rd,0.0,0.0
2023-10-31,111,East,21152,19802.0,,16:43:11,16:43:11,18,603,29th Ave W & 232nd St SW,0.0,0.0
2023-10-31,111,East,21152,19802.0,,16:43:31,16:43:31,19,604,29th Ave W & 228th St SW,0.0,0.0
2023-10-31,111,East,21152,19802.0,16:43:00,16:44:15,16:44:15,20,1687,228th St SW & 29th Ave W,0.0,0.0
2023-10-31,111,East,21153,15108.0,17:30:00,17:31:02,17:31:02,0,3269,Mountlake Terrace Transit Center Bay 1,1.0,0.0
2023-10-31,111,East,21153,15108.0,,17:31:47,17:31:57,1,322,236th St SW & 58th Ave W,1.0,0.0
2023-10-31,111,East,21153,15108.0,,17:32:52,17:32:52,2,321,236th St SW & 56th Ave W,0.0,0.0
2023-10-31,111,East,21153,15108.0,,17:33:08,17:33:08,3,320,236th St SW & 54th Ave W,0.0,0.0
2023-10-31,111,East,21153,15108.0,,17:33:29,17:33:29,4,319,236th St SW & 52nd Ave W,0.0,0.0
2023-10-31,111,East,21153,15108.0,,17:33:45,17:33:45,5,324,236th St SW & 50th Ave W,0.0,0.0
2023-10-31,111,East,21153,15108.0,,17:34:56,17:34:56,6,675,48th Ave W & 233rd St SW,0.0,0.0
2023-10-31,111,East,21153,15108.0,17:33:00,17:35:43,17:35:43,7,2771,48th Ave W & 228th St SW,0.0,0.0
2023-10-31,111,East,21153,15108.0,,17:36:09,17:36:09,8,2763,228th St SW & 45th Pl W,0.0,0.0
2023-10-31,111,East,21153,15108.0,,17:37:16,17:37:16,9,312,228th St SW & 42nd Pl W,0.0,0.0
2023-10-31,111,East,21153,15108.0,,17:37:37,17:37:37,10,310,228th St SW & 39th Pl W,0.0,0.0
2023-10-31,111,East,21153,15108.0,,17:38:09,17:38:09,11,309,228th St SW & 228th Pl SW,0.0,0.0
2023-10-31,111,East,21153,15108.0,,17:38:30,17:38:30,12,305,228th St SW & 35th Ave W,0.0,0.0
2023-10-31,111,East,21153,15108.0,,17:38:49,17:38:49,13,304,228th St SW & 32nd Ave W,0.0,0.0
2023-10-31,111,East,21153,15108.0,,17:39:25,17:39:25,14,2188,Brier Rd & 228th St SW,0.0,0.0
2023-10-31,111,East,21153,15108.0,,17:39:37,17:39:37,15,1316,Brier Rd & 232nd St SW,0.0,0.0
2023-10-31,111,East,21153,15108.0,,17:40:04,17:40:04,16,2775,Brier Rd & 232nd St SW,0.0,0.0
2023-10-31,111,East,21153,15108.0,,17:40:37,17:40:47,17,2776,236th St SW & Brier Rd,0.0,0.0
2023-10-31,111,East,21153,15108.0,,17:42:04,17:42:13,18,603,29th Ave W & 232nd St SW,0.0,2.0
2023-10-31,111,East,21153,15108.0,,17:42:34,17:42:34,19,604,29th Ave W & 228th St SW,0.0,0.0
2023-10-31,111,East,21153,15108.0,17:43:00,17:43:09,17:43:09,20,1687,228th St SW & 29th Ave W,0.0,0.0
2023-10-31,111,West,21154,17116.0,06:18:00,06:18:54,06:18:54,0,2188,Brier Rd & 228th St SW,0.0,0.0
2023-10-31,111,West,21154,17116.0,,06:19:13,06:19:13,1,1316,Brier Rd & 232nd St SW,0.0,0.0
2023-10-31,111,West,21154,17116.0,,06:19:50,06:19:50,2,2775,Brier Rd & 232nd St SW,0.0,0.0
2023-10-31,111,West,21154,17116.0,,06:20:28,06:20:28,3,2776,236th St SW & Brier Rd,0.0,0.0
2023-10-31,111,West,21154,17116.0,,06:21:44,06:21:44,4,603,29th Ave W & 232nd St SW,0.0,0.0
2023-10-31,111,West,21154,17116.0,,06:22:04,06:22:04,5,604,29th Ave W & 228th St SW,0.0,0.0
2023-10-31,111,West,21154,17116.0,,06:22:36,06:22:36,6,1687,228th St SW & 29th Ave W,0.0,0.0
2023-10-31,111,West,21154,17116.0,,06:23:25,06:24:18,7,1681,228th St SW & 32nd Ave W,2.0,0.0
2023-10-31,111,West,21154,17116.0,,06:24:45,06:25:00,8,1685,228th St SW & 35th Ave W,1.0,0.0
2023-10-31,111,West,21154,17116.0,,06:25:58,06:25:58,9,1682,228th St SW & 39th Ave W,0.0,0.0
2023-10-31,111,West,21154,17116.0,,06:26:22,06:26:38,10,1683,228th St SW & 42nd Pl W,0.0,2.0
2023-10-31,111,West,21154,17116.0,,06:27:24,06:27:24,11,2774,228th St SW & 46th Ave W,0.0,0.0
2023-10-31,111,West,21154,17116.0,06:24:00,06:27:55,06:27:55,12,1160,48th Ave W & 228th St SW,0.0,0.0
2023-10-31,111,West,21154,17116.0,,06:28:25,06:28:25,13,1161,48th Ave W & 233rd St SW,0.0,0.0
2023-10-31,111,West,21154,17116.0,,06:29:01,06:29:01,14,1695,236th St SW & 48th Ave W,0.0,0.0
2023-10-31,111,West,21154,17116.0,,06:29:12,06:29:12,15,1696,236th St SW & 50th Ave W,0.0,0.0
2023-10-31,111,West,21154,17116.0,,06:29:28,06:29:28,16,1697,236th St SW & 52nd Ave W,0.0,0.0
2023-10-31,111,West,21154,17116.0,,06:29:42,06:29:42,17,1698,236th St SW & 54th Ave W,0.0,0.0
2023-10-31,111,West,21154,17116.0,,06:30:14,06:30:14,18,1699,236th St SW & 56th Ave W,0.0,0.0
2023-10-31,111,West,21154,17116.0,06:30:00,06:31:03,06:31:03,19,3268,Mountlake Terrace Transit Center Drop-off,0.0,1.0
2023-10-31,111,West,21155,17100.0,07:18:00,07:17:55,07:17:55,0,2188,Brier Rd & 228th St SW,0.0,0.0
2023-10-31,111,West,21155,17100.0,,07:18:10,07:18:10,1,1316,Brier Rd & 232nd St SW,0.0,0.0
2023-10-31,111,West,21155,17100.0,,07:18:40,07:18:40,2,2775,Brier Rd & 232nd St SW,0.0,0.0
2023-10-31,111,West,21155,17100.0,,07:19:11,07:19:11,3,2776,236th St SW & Brier Rd,1.0,0.0
2023-10-31,111,West,21155,17100.0,,07:20:39,07:20:39,4,603,29th Ave W & 232nd St SW,0.0,0.0
2023-10-31,111,West,21155,17100.0,,07:20:56,07:20:56,5,604,29th Ave W & 228th St SW,0.0,0.0
2023-10-31,111,West,21155,17100.0,,07:21:27,07:21:27,6,1687,228th St SW & 29th Ave W,0.0,0.0
2023-10-31,111,West,21155,17100.0,,07:22:09,07:22:09,7,1681,228th St SW & 32nd Ave W,0.0,0.0
2023-10-31,111,West,21155,17100.0,,07:22:22,07:22:22,8,1685,228th St SW & 35th Ave W,0.0,0.0
2023-10-31,111,West,21155,17100.0,,07:23:16,07:23:16,9,1682,228th St SW & 39th Ave W,0.0,0.0
2023-10-31,111,West,21155,17100.0,,07:23:33,07:23:33,10,1683,228th St SW & 42nd Pl W,0.0,0.0
2023-10-31,111,West,21155,17100.0,,07:24:36,07:24:36,11,2774,228th St SW & 46th Ave W,0.0,0.0
2023-10-31,111,West,21155,17100.0,07:24:00,07:25:07,07:25:07,12,1160,48th Ave W & 228th St SW,0.0,0.0
2023-10-31,111,West,21155,17100.0,,07:25:48,07:25:48,13,1161,48th Ave W & 233rd St SW,0.0,0.0
2023-10-31,111,West,21155,17100.0,,07:26:30,07:26:30,14,1695,236th St SW & 48th Ave W,0.0,0.0
2023-10-31,111,West,21155,17100.0,,07:26:41,07:26:41,15,1696,236th St SW & 50th Ave W,0.0,0.0
2023-10-31,111,West,21155,17100.0,,07:26:57,07:26:57,16,1697,236th St SW & 52nd Ave W,0.0,0.0
2023-10-31,111,West,21155,17100.0,,07:27:12,07:27:12,17,1698,236th St SW & 54th Ave W,0.0,0.0
2023-10-31,111,West,21155,17100.0,,07:28:13,07:28:25,18,1699,236th St SW & 56th Ave W,0.0,1.0
2023-10-31,111,West,21155,17100.0,07:30:00,07:29:04,07:29:04,19,3268,Mountlake Terrace Transit Center Drop-off,0.0,0.0
