OPERATION_DATE,ROUTE_ID,DIRECTION,TRIP_ID,VEHICLE_ID,SCHED_DEPTIME,ACT_ARRTIME,ACT_DEPTIME,STOP_ORDER_NBR,STOP_ID,STOP,BOARDINGS,ALIGHTINGS
2025-10-01,515,North,25197,19810.0,15:00:00,15:00:14,15:00:14,0,640,4th Ave S & S Jackson St,3.0,0.0
2025-10-01,515,North,25197,19810.0,,15:00:45,15:01:06,1,635,4th Ave S & S Washington St,0.0,0.0
2025-10-01,515,North,25197,19810.0,,15:02:22,15:03:10,2,2638,4th Ave & Cherry St,7.0,0.0
2025-10-01,515,North,25197,19810.0,,15:04:38,15:05:45,3,641,4th Ave & Seneca St,3.0,0.0
2025-10-01,515,North,25197,19810.0,15:06:00,15:06:42,15:07:51,4,2976,4th Ave & Pine St,5.0,0.0
2025-10-01,515,North,25197,19810.0,,15:09:05,15:10:19,5,473,Olive Way & 6th Ave,7.0,0.0
2025-10-01,515,North,25197,19810.0,15:10:00,15:12:00,15:12:46,6,430,Howell St & 9th Ave,5.0,5.0
2025-10-01,515,North,25197,19810.0,,15:16:06,15:16:55,7,431,Howell St & Yale Ave,2.0,6.0
2025-10-01,515,North,25197,19810.0,15:30:00,15:35:26,15:35:52,10,2766,Mountlake Terrace Fwy Station Bay 7,0.0,21.0
2025-10-01,515,North,25197,19810.0,15:38:00,15:40:41,15:40:41,11,2118,Lynnwood City Center Station Bay A5,0.0,0.0
2025-10-01,515,North,25198,91729.0,15:10:00,15:12:12,15:12:12,0,640,4th Ave S & S Jackson St,3.0,0.0
2025-10-01,515,North,25198,91729.0,,15:12:53,15:13:17,1,635,4th Ave S & S Washington St,1.0,0.0
2025-10-01,515,North,25198,91729.0,,15:14:27,15:15:05,2,2638,4th Ave & Cherry St,5.0,0.0
2025-10-01,515,North,25198,91729.0,,15:16:27,15:16:57,3,641,4th Ave & Seneca St,1.0,0.0
2025-10-01,515,North,25198,91729.0,15:16:00,15:18:46,15:19:52,4,2976,4th Ave & Pine St,1.0,0.0
2025-10-01,515,North,25198,91729.0,,15:20:53,15:22:03,5,473,Olive Way & 6th Ave,6.0,0.0
2025-10-01,515,North,25198,91729.0,15:20:00,15:23:33,15:24:45,6,430,Howell St & 9th Ave,6.0,0.0
2025-10-01,515,North,25198,91729.0,,15:28:09,15:28:27,7,431,Howell St & Yale Ave,0.0,5.0
2025-10-01,515,North,25198,91729.0,15:40:00,15:47:18,15:47:45,10,2766,Mountlake Terrace Fwy Station Bay 7,0.0,18.0
2025-10-01,515,North,25198,91729.0,15:50:00,15:51:54,15:51:54,11,2118,Lynnwood City Center Station Bay A5,0.0,0.0
2025-10-01,515,North,25199,91714.0,15:20:00,15:20:51,15:20:51,0,640,4th Ave S & S Jackson St,1.0,0.0
2025-10-01,515,North,25199,91714.0,,15:21:25,15:21:25,1,635,4th Ave S & S Washington St,0.0,0.0
2025-10-01,515,North,25199,91714.0,,15:22:08,15:23:31,2,2638,4th Ave & Cherry St,5.0,0.0
2025-10-01,515,North,25199,91714.0,,15:25:09,15:25:51,3,641,4th Ave & Seneca St,3.0,0.0
2025-10-01,515,North,25199,91714.0,15:26:00,15:27:58,15:28:55,4,2976,4th Ave & Pine St,1.0,0.0
2025-10-01,515,North,25199,91714.0,,15:29:58,15:31:07,5,473,Olive Way & 6th Ave,2.0,0.0
2025-10-01,515,North,25199,91714.0,15:30:00,15:32:41,15:33:18,6,430,Howell St & 9th Ave,4.0,0.0
2025-10-01,515,North,25199,91714.0,,15:35:40,15:35:55,7,431,Howell St & Yale Ave,1.0,4.0
2025-10-01,515,North,25199,91714.0,15:51:00,15:55:12,15:55:39,10,2766,Mountlake Terrace Fwy Station Bay 7,0.0,13.0
2025-10-01,515,North,25199,91714.0,16:03:00,15:59:59,15:59:59,11,2118,Lynnwood City Center Station Bay A5,0.0,0.0
2025-10-01,515,North,25200,9566.0,15:30:00,15:31:28,15:31:28,0,640,4th Ave S & S Jackson St,4.0,0.0
2025-10-01,515,North,25200,9566.0,,15:32:08,15:32:29,1,635,4th Ave S & S Washington St,2.0,0.0
2025-10-01,515,North,25200,9566.0,,15:33:48,15:34:34,2,2638,4th Ave & Cherry St,9.0,0.0
2025-10-01,515,North,25200,9566.0,,15:36:10,15:38:44,3,641,4th Ave & Seneca St,7.0,1.0
2025-10-01,515,North,25200,9566.0,15:36:00,15:40:44,15:41:13,4,2976,4th Ave & Pine St,1.0,0.0
2025-10-01,515,North,25200,9566.0,,15:43:12,15:44:31,5,473,Olive Way & 6th Ave,5.0,2.0
2025-10-01,515,North,25200,9566.0,15:40:00,15:46:07,15:47:06,6,430,Howell St & 9th Ave,11.0,0.0
2025-10-01,515,North,25200,9566.0,,15:50:35,15:51:04,7,431,Howell St & Yale Ave,1.0,0.0
2025-10-01,515,North,25200,9566.0,16:02:00,16:13:33,16:13:49,10,2766,Mountlake Terrace Fwy Station Bay 7,0.0,3.0
2025-10-01,515,North,25200,9566.0,16:14:00,16:18:30,16:18:30,11,2118,Lynnwood City Center Station Bay A5,0.0,34.0
2025-10-01,515,North,25201,91720.0,15:40:00,15:40:15,15:40:15,0,640,4th Ave S & S Jackson St,1.0,0.0
2025-10-01,515,North,25201,91720.0,,15:40:58,15:41:12,1,635,4th Ave S & S Washington St,2.0,0.0
2025-10-01,515,North,25201,91720.0,,15:42:40,15:43:35,2,2638,4th Ave & Cherry St,17.0,0.0
2025-10-01,515,North,25201,91720.0,,15:46:00,15:46:33,3,641,4th Ave & Seneca St,2.0,0.0
2025-10-01,515,North,25201,91720.0,15:46:00,15:47:32,15:48:36,4,2976,4th Ave & Pine St,3.0,0.0
2025-10-01,515,North,25201,91720.0,,15:49:27,15:50:32,5,473,Olive Way & 6th Ave,5.0,0.0
2025-10-01,515,North,25201,91720.0,15:50:00,15:51:10,15:51:42,6,430,Howell St & 9th Ave,4.0,3.0
2025-10-01,515,North,25201,91720.0,,15:55:06,15:55:24,7,431,Howell St & Yale Ave,1.0,2.0
2025-10-01,515,North,25201,91720.0,16:12:00,16:17:41,16:17:41,10,2766,Mountlake Terrace Fwy Station Bay 7,0.0,9.0
2025-10-01,515,North,25201,91720.0,16:27:00,16:21:54,16:21:54,11,2118,Lynnwood City Center Station Bay A5,0.0,21.0
2025-10-01,515,North,25202,91709.0,15:50:00,15:50:12,15:50:12,0,640,4th Ave S & S Jackson St,1.0,0.0
2025-10-01,515,North,25202,91709.0,,15:52:21,15:52:46,1,635,4th Ave S & S Washington St,4.0,0.0
2025-10-01,515,North,25202,91709.0,,15:53:36,15:53:57,2,2638,4th Ave & Cherry St,4.0,0.0
2025-10-01,515,North,25202,91709.0,,15:55:20,15:55:47,3,641,4th Ave & Seneca St,5.0,0.0
2025-10-01,515,North,25202,91709.0,15:56:00,15:57:30,15:57:48,4,2976,4th Ave & Pine St,2.0,0.0
2025-10-01,515,North,25202,91709.0,,15:58:33,15:59:34,5,473,Olive Way & 6th Ave,8.0,0.0
2025-10-01,515,North,25202,91709.0,16:00:00,16:00:08,16:00:47,6,430,Howell St & 9th Ave,7.0,0.0
2025-10-01,515,North,25202,91709.0,,16:04:05,16:04:29,7,431,Howell St & Yale Ave,3.0,0.0
2025-10-01,515,North,25202,91709.0,16:23:00,16:25:40,16:26:06,10,2766,Mountlake Terrace Fwy Station Bay 7,0.0,8.0
2025-10-01,515,North,25202,91709.0,16:39:00,16:30:53,16:30:53,11,2118,Lynnwood City Center Station Bay A5,0.0,26.0
2025-10-01,515,North,25203,19811.0,16:00:00,16:00:10,16:00:10,0,640,4th Ave S & S Jackson St,1.0,0.0
2025-10-01,515,North,25203,19811.0,,16:00:46,16:01:02,1,635,4th Ave S & S Washington St,1.0,0.0
2025-10-01,515,North,25203,19811.0,,16:02:38,16:03:08,2,2638,4th Ave & Cherry St,5.0,0.0
2025-10-01,515,North,25203,19811.0,,16:05:36,16:07:19,3,641,4th Ave & Seneca St,3.0,0.0
2025-10-01,515,North,25203,19811.0,16:06:00,16:08:25,16:08:43,4,2976,4th Ave & Pine St,2.0,0.0
2025-10-01,515,North,25203,19811.0,,16:10:36,16:11:35,5,473,Olive Way & 6th Ave,3.0,0.0
2025-10-01,515,North,25203,19811.0,16:10:00,16:13:09,16:13:20,6,430,Howell St & 9th Ave,2.0,0.0
2025-10-01,515,North,25203,19811.0,,16:17:40,16:18:12,7,431,Howell St & Yale Ave,4.0,0.0
2025-10-01,515,North,25203,19811.0,16:33:00,16:38:52,16:39:06,10,2766,Mountlake Terrace Fwy Station Bay 7,0.0,21.0
2025-10-01,515,North,25203,19811.0,16:49:00,16:45:06,16:45:06,11,2118,Lynnwood City Center Station Bay A5,0.0,0.0
2025-10-01,515,North,25204,91704.0,16:10:00,16:10:17,16:10:17,0,640,4th Ave S & S Jackson St,2.0,0.0
2025-10-01,515,North,25204,91704.0,,16:11:00,16:11:24,1,635,4th Ave S & S Washington St,2.0,0.0
2025-10-01,515,North,25204,91704.0,,16:12:57,16:13:32,2,2638,4th Ave & Cherry St,6.0,0.0
2025-10-01,515,North,25204,91704.0,,16:15:05,16:16:14,3,641,4th Ave & Seneca St,1.0,0.0
2025-10-01,515,North,25204,91704.0,16:16:00,16:17:17,16:17:36,4,2976,4th Ave & Pine St,1.0,2.0
2025-10-01,515,North,25204,91704.0,,16:19:37,16:20:44,5,473,Olive Way & 6th Ave,12.0,0.0
2025-10-01,515,North,25204,91704.0,16:20:00,16:22:06,16:22:46,6,430,Howell St & 9th Ave,6.0,0.0
2025-10-01,515,North,25204,91704.0,,16:26:38,16:27:06,7,431,Howell St & Yale Ave,1.0,2.0
2025-10-01,515,North,25204,91704.0,16:43:00,16:47:47,16:48:24,10,2766,Mountlake Terrace Fwy Station Bay 7,0.0,27.0
2025-10-01,515,North,25204,91704.0,16:59:00,16:53:49,16:53:49,11,2118,Lynnwood City Center Station Bay A5,0.0,0.0
2025-10-01,515,North,25205,91713.0,16:20:00,16:20:16,16:20:16,0,640,4th Ave S & S Jackson St,0.0,0.0
2025-10-01,515,North,25205,91713.0,,16:21:31,16:21:53,1,635,4th Ave S & S Washington St,0.0,0.0
2025-10-01,515,North,25205,91713.0,,16:23:48,16:24:31,2,2638,4th Ave & Cherry St,0.0,0.0
2025-10-01,515,North,25205,91713.0,,16:26:59,16:28:45,3,641,4th Ave & Seneca St,0.0,0.0
2025-10-01,515,North,25205,91713.0,16:26:00,16:29:41,16:30:35,4,2976,4th Ave & Pine St,0.0,0.0
2025-10-01,515,North,25205,91713.0,,16:31:37,16:32:34,5,473,Olive Way & 6th Ave,0.0,0.0
2025-10-01,515,North,25205,91713.0,16:30:00,16:34:03,16:34:48,6,430,Howell St & 9th Ave,0.0,0.0
2025-10-01,515,North,25205,91713.0,,16:38:38,16:39:25,7,431,Howell St & Yale Ave,0.0,0.0
2025-10-01,515,North,25205,91713.0,16:53:00,17:00:51,17:01:18,10,2766,Mountlake Terrace Fwy Station Bay 7,0.0,0.0
2025-10-01,515,North,25205,91713.0,17:09:00,17:06:12,17:06:12,11,2118,Lynnwood City Center Station Bay A5,0.0,0.0
2025-10-01,515,North,25206,19814.0,16:30:00,16:30:23,16:30:23,0,640,4th Ave S & S Jackson St,1.0,0.0
2025-10-01,515,North,25206,19814.0,,16:31:45,16:31:56,1,635,4th Ave S & S Washington St,0.0,0.0
2025-10-01,515,North,25206,19814.0,,16:32:46,16:33:13,2,2638,4th Ave & Cherry St,1.0,0.0
2025-10-01,515,North,25206,19814.0,,16:37:14,16:37:58,3,641,4th Ave & Seneca St,3.0,3.0
2025-10-01,515,North,25206,19814.0,16:36:00,16:40:22,16:40:53,4,2976,4th Ave & Pine St,2.0,0.0
2025-10-01,515,North,25206,19814.0,,16:43:13,16:44:37,5,473,Olive Way & 6th Ave,9.0,0.0
2025-10-01,515,North,25206,19814.0,16:40:00,16:45:12,16:45:44,6,430,Howell St & 9th Ave,1.0,0.0
2025-10-01,515,North,25206,19814.0,,16:49:10,16:49:30,7,431,Howell St & Yale Ave,1.0,0.0
2025-10-01,515,North,25206,19814.0,17:03:00,17:11:14,17:11:32,10,2766,Mountlake Terrace Fwy Station Bay 7,0.0,15.0
2025-10-01,515,North,25206,19814.0,17:19:00,17:16:30,17:16:30,11,2118,Lynnwood City Center Station Bay A5,0.0,0.0
2025-10-01,515,North,25207,91722.0,16:40:00,16:42:21,16:42:21,0,640,4th Ave S & S Jackson St,2.0,0.0
2025-10-01,515,North,25207,91722.0,,16:42:54,16:43:45,1,635,4th Ave S & S Washington St,4.0,0.0
2025-10-01,515,North,25207,91722.0,,16:46:30,16:47:07,2,2638,4th Ave & Cherry St,5.0,0.0
2025-10-01,515,North,25207,91722.0,,16:50:30,16:51:09,3,641,4th Ave & Seneca St,5.0,0.0
2025-10-01,515,North,25207,91722.0,16:46:00,16:53:02,16:53:27,4,2976,4th Ave & Pine St,1.0,0.0
2025-10-01,515,North,25207,91722.0,,16:55:18,16:56:34,5,473,Olive Way & 6th Ave,5.0,0.0
2025-10-01,515,North,25207,91722.0,16:50:00,16:58:03,16:58:27,6,430,Howell St & 9th Ave,2.0,0.0
2025-10-01,515,North,25207,91722.0,,17:01:05,17:02:36,7,431,Howell St & Yale Ave,3.0,15.0
2025-10-01,515,North,25207,91722.0,17:13:00,17:22:22,17:22:50,10,2766,Mountlake Terrace Fwy Station Bay 7,0.0,12.0
2025-10-01,515,North,25207,91722.0,17:29:00,17:29:04,17:29:04,11,2118,Lynnwood City Center Station Bay A5,0.0,0.0
2025-10-01,515,North,25208,19854.0,16:50:00,16:51:52,16:51:52,0,640,4th Ave S & S Jackson St,5.0,0.0
2025-10-01,515,North,25208,19854.0,,16:53:01,16:53:10,1,635,4th Ave S & S Washington St,0.0,0.0
2025-10-01,515,North,25208,19854.0,,16:55:02,16:55:43,2,2638,4th Ave & Cherry St,9.0,0.0
2025-10-01,515,North,25208,19854.0,,16:59:49,17:00:10,3,641,4th Ave & Seneca St,3.0,0.0
2025-10-01,515,North,25208,19854.0,16:56:00,17:01:59,17:02:30,4,2976,4th Ave & Pine St,4.0,0.0
2025-10-01,515,North,25208,19854.0,,17:04:13,17:05:32,5,473,Olive Way & 6th Ave,6.0,0.0
2025-10-01,515,North,25208,19854.0,17:00:00,17:06:08,17:06:34,6,430,Howell St & 9th Ave,2.0,1.0
2025-10-01,515,North,25208,19854.0,,17:10:03,17:10:31,7,431,Howell St & Yale Ave,4.0,2.0
2025-10-01,515,North,25208,19854.0,17:22:00,17:30:13,17:30:45,10,2766,Mountlake Terrace Fwy Station Bay 7,0.0,7.0
2025-10-01,515,North,25208,19854.0,17:38:00,17:36:31,17:36:31,11,2118,Lynnwood City Center Station Bay A5,0.0,23.0
2025-10-01,515,North,25209,91708.0,17:00:00,17:02:52,17:02:52,0,640,4th Ave S & S Jackson St,0.0,0.0
2025-10-01,515,North,25209,91708.0,,17:03:34,17:03:51,1,635,4th Ave S & S Washington St,0.0,0.0
2025-10-01,515,North,25209,91708.0,,17:05:34,17:06:06,2,2638,4th Ave & Cherry St,3.0,0.0
2025-10-01,515,North,25209,91708.0,,17:07:52,17:09:08,3,641,4th Ave & Seneca St,5.0,0.0
2025-10-01,515,North,25209,91708.0,17:06:00,17:11:07,17:12:19,4,2976,4th Ave & Pine St,5.0,0.0
2025-10-01,515,North,25209,91708.0,,17:13:27,17:14:44,5,473,Olive Way & 6th Ave,7.0,0.0
2025-10-01,515,North,25209,91708.0,17:10:00,17:16:35,17:17:21,6,430,Howell St & 9th Ave,5.0,0.0
2025-10-01,515,North,25209,91708.0,,17:20:35,17:21:09,7,431,Howell St & Yale Ave,1.0,2.0
2025-10-01,515,North,25209,91708.0,17:32:00,17:43:31,17:44:06,10,2766,Mountlake Terrace Fwy Station Bay 7,0.0,24.0
2025-10-01,515,North,25209,91708.0,17:48:00,17:50:50,17:50:50,11,2118,Lynnwood City Center Station Bay A5,0.0,0.0
2025-10-01,515,North,25210,91903.0,17:10:00,17:10:31,17:10:31,0,640,4th Ave S & S Jackson St,1.0,0.0
2025-10-01,515,North,25210,91903.0,,17:11:05,17:11:05,1,635,4th Ave S & S Washington St,0.0,0.0
2025-10-01,515,North,25210,91903.0,,17:12:46,17:13:23,2,2638,4th Ave & Cherry St,2.0,0.0
2025-10-01,515,North,25210,91903.0,,17:15:04,17:15:37,3,641,4th Ave & Seneca St,3.0,0.0
2025-10-01,515,North,25210,91903.0,17:16:00,17:19:08,17:19:47,4,2976,4th Ave & Pine St,3.0,0.0
2025-10-01,515,North,25210,91903.0,,17:20:49,17:22:02,5,473,Olive Way & 6th Ave,5.0,0.0
2025-10-01,515,North,25210,91903.0,17:20:00,17:23:49,17:24:11,6,430,Howell St & 9th Ave,2.0,0.0
2025-10-01,515,North,25210,91903.0,,17:28:03,17:28:12,7,431,Howell St & Yale Ave,0.0,0.0
2025-10-01,515,North,25210,91903.0,17:42:00,17:50:32,17:50:53,10,2766,Mountlake Terrace Fwy Station Bay 7,0.0,16.0
2025-10-01,515,North,25210,91903.0,17:58:00,17:56:37,17:56:37,11,2118,Lynnwood City Center Station Bay A5,0.0,0.0
2025-10-01,515,North,25211,,17:20:00,,,0,640,4th Ave S & S Jackson St,,
2025-10-01,515,North,25211,,,,,1,635,4th Ave S & S Washington St,,
2025-10-01,515,North,25211,,,,,2,2638,4th Ave & Cherry St,,
2025-10-01,515,North,25211,,,,,3,641,4th Ave & Seneca St,,
2025-10-01,515,North,25211,,17:26:00,,,4,2976,4th Ave & Pine St,,
2025-10-01,515,North,25211,,,,,5,473,Olive Way & 6th Ave,,
2025-10-01,515,North,25211,,17:30:00,,,6,430,Howell St & 9th Ave,,
2025-10-01,515,North,25211,,,,,7,431,Howell St & Yale Ave,,
2025-10-01,515,North,25211,,17:51:00,,,10,2766,Mountlake Terrace Fwy Station Bay 7,,
2025-10-01,515,North,25211,,18:06:00,,,11,2118,Lynnwood City Center Station Bay A5,,
2025-10-01,515,North,25212,91907.0,17:40:00,17:42:01,17:42:01,0,640,4th Ave S & S Jackson St,3.0,0.0
2025-10-01,515,North,25212,91907.0,,17:42:33,17:42:49,1,635,4th Ave S & S Washington St,0.0,0.0
2025-10-01,515,North,25212,91907.0,,17:44:27,17:44:59,2,2638,4th Ave & Cherry St,5.0,0.0
2025-10-01,515,North,25212,91907.0,,17:48:14,17:49:15,3,641,4th Ave & Seneca St,3.0,0.0
2025-10-01,515,North,25212,91907.0,17:46:00,17:50:46,17:52:46,4,2976,4th Ave & Pine St,3.0,0.0
2025-10-01,515,North,25212,91907.0,,17:54:03,17:55:08,5,473,Olive Way & 6th Ave,6.0,4.0
2025-10-01,515,North,25212,91907.0,17:50:00,17:56:37,17:57:26,6,430,Howell St & 9th Ave,6.0,0.0
2025-10-01,515,North,25212,91907.0,,18:01:10,18:02:00,7,431,Howell St & Yale Ave,3.0,7.0
2025-10-01,515,North,25212,91907.0,18:09:00,18:22:47,18:23:27,10,2766,Mountlake Terrace Fwy Station Bay 7,1.0,19.0
2025-10-01,515,North,25212,91907.0,18:23:00,18:28:59,18:28:59,11,2118,Lynnwood City Center Station Bay A5,0.0,0.0
2025-10-01,515,North,25213,91706.0,18:00:00,18:01:55,18:01:55,0,640,4th Ave S & S Jackson St,6.0,0.0
2025-10-01,515,North,25213,91706.0,,,,1,635,4th Ave S & S Washington St,,
2025-10-01,515,North,25213,91706.0,,18:03:44,18:04:05,2,2638,4th Ave & Cherry St,2.0,0.0
2025-10-01,515,North,25213,91706.0,,18:05:26,18:05:56,3,641,4th Ave & Seneca St,4.0,0.0
2025-10-01,515,North,25213,91706.0,18:06:00,18:08:00,18:08:25,4,2976,4th Ave & Pine St,2.0,3.0
2025-10-01,515,North,25213,91706.0,,18:10:10,18:11:32,5,473,Olive Way & 6th Ave,4.0,0.0
2025-10-01,515,North,25213,91706.0,18:09:00,18:12:59,18:13:25,6,430,Howell St & 9th Ave,2.0,0.0
2025-10-01,515,North,25213,91706.0,,18:16:08,18:16:40,7,431,Howell St & Yale Ave,4.0,1.0
2025-10-01,515,North,25213,91706.0,18:27:00,18:35:03,18:35:30,10,2766,Mountlake Terrace Fwy Station Bay 7,0.0,5.0
2025-10-01,515,North,25213,91706.0,18:39:00,18:40:25,18:40:25,11,2118,Lynnwood City Center Station Bay A5,1.0,16.0
2025-10-01,515,North,25214,91704.0,18:20:00,18:20:18,18:20:18,0,640,4th Ave S & S Jackson St,3.0,0.0
2025-10-01,515,North,25214,91704.0,,18:21:34,18:21:40,1,635,4th Ave S & S Washington St,0.0,0.0
2025-10-01,515,North,25214,91704.0,,18:23:19,18:23:48,2,2638,4th Ave & Cherry St,2.0,0.0
2025-10-01,515,North,25214,91704.0,,18:25:39,18:26:16,3,641,4th Ave & Seneca St,2.0,0.0
2025-10-01,515,North,25214,91704.0,18:26:00,18:28:17,18:28:48,4,2976,4th Ave & Pine St,1.0,0.0
2025-10-01,515,North,25214,91704.0,,18:31:15,18:32:31,5,473,Olive Way & 6th Ave,1.0,0.0
2025-10-01,515,North,25214,91704.0,18:29:00,18:34:02,18:34:37,6,430,Howell St & 9th Ave,3.0,0.0
2025-10-01,515,North,25214,91704.0,,18:37:05,18:37:21,7,431,Howell St & Yale Ave,0.0,5.0
2025-10-01,515,North,25214,91704.0,18:47:00,18:52:11,18:52:34,10,2766,Mountlake Terrace Fwy Station Bay 7,0.0,7.0
2025-10-01,515,North,25214,91704.0,18:59:00,18:56:52,18:56:52,11,2118,Lynnwood City Center Station Bay A5,0.0,0.0
2025-10-01,515,North,25215,91908.0,18:40:00,18:41:44,18:41:44,0,640,4th Ave S & S Jackson St,2.0,0.0
2025-10-01,515,North,25215,91908.0,,18:42:43,18:43:21,1,635,4th Ave S & S Washington St,1.0,0.0
2025-10-01,515,North,25215,91908.0,,18:44:34,18:44:58,2,2638,4th Ave & Cherry St,1.0,0.0
2025-10-01,515,North,25215,91908.0,,18:46:50,18:47:47,3,641,4th Ave & Seneca St,5.0,0.0
2025-10-01,515,North,25215,91908.0,18:46:00,18:49:04,18:49:47,4,2976,4th Ave & Pine St,1.0,0.0
2025-10-01,515,North,25215,91908.0,,18:51:07,18:52:03,5,473,Olive Way & 6th Ave,5.0,0.0
2025-10-01,515,North,25215,91908.0,18:49:00,18:53:34,18:54:03,6,430,Howell St & 9th Ave,3.0,0.0
2025-10-01,515,North,25215,91908.0,,18:56:45,18:57:10,7,431,Howell St & Yale Ave,2.0,3.0
2025-10-01,515,North,25215,91908.0,19:07:00,19:11:51,19:12:16,10,2766,Mountlake Terrace Fwy Station Bay 7,0.0,3.0
2025-10-01,515,North,25215,91908.0,19:16:00,19:16:45,19:16:45,11,2118,Lynnwood City Center Station Bay A5,0.0,14.0
2025-10-01,515,South,25216,91707.0,04:30:00,04:30:13,04:30:13,0,2113,Lynnwood City Center Station Bay D1,31.0,0.0
2025-10-01,515,South,25216,91707.0,04:34:00,04:34:27,04:34:53,1,2765,Mountlake Terrace Fwy Station Bay 6,1.0,0.0
2025-10-01,515,South,25216,91707.0,04:51:00,04:49:16,04:49:49,4,1909,Stewart St & 9th Ave,0.0,6.0
2025-10-01,515,South,25216,91707.0,,04:51:07,04:51:33,5,1908,Stewart St & 7th Ave,0.0,5.0
2025-10-01,515,South,25216,91707.0,04:56:00,04:52:32,04:53:23,6,2698,5th Ave & Pine St,0.0,4.0
2025-10-01,515,South,25216,91707.0,,04:55:02,04:55:19,7,2700,5th Ave & Seneca St,0.0,2.0
2025-10-01,515,South,25216,91707.0,,04:56:35,04:56:58,8,2702,5th Ave & Marion St,0.0,5.0
2025-10-01,515,South,25216,91707.0,,04:58:10,04:58:29,9,2290,5th Ave & Jefferson St,0.0,3.0
2025-10-01,515,South,25216,91707.0,05:04:00,05:01:03,05:01:03,10,2706,5th Ave S & S Jackson St,0.0,7.0
2025-10-01,515,South,25217,91706.0,04:50:00,04:50:04,04:50:04,0,2113,Lynnwood City Center Station Bay D1,21.0,0.0
2025-10-01,515,South,25217,91706.0,04:54:00,04:53:47,04:54:07,1,2765,Mountlake Terrace Fwy Station Bay 6,2.0,0.0
2025-10-01,515,South,25217,91706.0,05:11:00,05:07:35,05:07:54,4,1909,Stewart St & 9th Ave,0.0,4.0
2025-10-01,515,South,25217,91706.0,,05:09:02,05:09:22,5,1908,Stewart St & 7th Ave,0.0,1.0
2025-10-01,515,South,25217,91706.0,05:16:00,05:10:25,05:11:18,6,2698,5th Ave & Pine St,0.0,3.0
2025-10-01,515,South,25217,91706.0,,05:12:14,05:12:36,7,2700,5th Ave & Seneca St,0.0,4.0
2025-10-01,515,South,25217,91706.0,,05:13:29,05:13:50,8,2702,5th Ave & Marion St,0.0,2.0
2025-10-01,515,South,25217,91706.0,,05:14:32,05:15:02,9,2290,5th Ave & Jefferson St,0.0,4.0
2025-10-01,515,South,25217,91706.0,05:24:00,05:16:25,05:16:25,10,2706,5th Ave S & S Jackson St,1.0,6.0
2025-10-01,515,South,25218,91719.0,05:10:00,05:12:04,05:12:04,0,2113,Lynnwood City Center Station Bay D1,33.0,0.0
2025-10-01,515,South,25218,91719.0,05:14:00,05:14:35,05:14:57,1,2765,Mountlake Terrace Fwy Station Bay 6,1.0,0.0
2025-10-01,515,South,25218,91719.0,05:31:00,05:31:15,05:32:04,4,1909,Stewart St & 9th Ave,1.0,8.0
2025-10-01,515,South,25218,91719.0,,05:33:04,05:33:37,5,1908,Stewart St & 7th Ave,0.0,6.0
2025-10-01,515,South,25218,91719.0,05:36:00,05:35:26,05:35:41,6,2698,5th Ave & Pine St,0.0,1.0
2025-10-01,515,South,25218,91719.0,,05:37:20,05:37:50,7,2700,5th Ave & Seneca St,0.0,6.0
2025-10-01,515,South,25218,91719.0,,05:38:32,05:39:05,8,2702,5th Ave & Marion St,0.0,7.0
2025-10-01,515,South,25218,91719.0,,05:40:16,05:40:52,9,2290,5th Ave & Jefferson St,0.0,7.0
2025-10-01,515,South,25218,91719.0,05:44:00,05:42:25,05:42:25,10,2706,5th Ave S & S Jackson St,0.0,0.0
2025-10-01,515,South,25219,91712.0,05:30:00,05:30:58,05:30:58,0,2113,Lynnwood City Center Station Bay D1,28.0,0.0
2025-10-01,515,South,25219,91712.0,05:34:00,05:35:24,05:35:42,1,2765,Mountlake Terrace Fwy Station Bay 6,2.0,0.0
2025-10-01,515,South,25219,91712.0,05:51:00,05:49:31,05:50:00,4,1909,Stewart St & 9th Ave,0.0,9.0
2025-10-01,515,South,25219,91712.0,,05:51:03,05:51:24,5,1908,Stewart St & 7th Ave,0.0,1.0
2025-10-01,515,South,25219,91712.0,05:56:00,05:52:24,05:52:41,6,2698,5th Ave & Pine St,0.0,1.0
2025-10-01,515,South,25219,91712.0,,05:54:15,05:54:53,7,2700,5th Ave & Seneca St,0.0,4.0
2025-10-01,515,South,25219,91712.0,,05:55:30,05:56:07,8,2702,5th Ave & Marion St,0.0,10.0
2025-10-01,515,South,25219,91712.0,,05:58:02,05:58:25,9,2290,5th Ave & Jefferson St,0.0,5.0
2025-10-01,515,South,25219,91712.0,06:05:00,06:00:51,06:00:51,10,2706,5th Ave S & S Jackson St,1.0,1.0
2025-10-01,515,South,25220,91909.0,05:55:00,05:55:51,05:55:51,0,2113,Lynnwood City Center Station Bay D1,45.0,0.0
2025-10-01,515,South,25220,91909.0,05:59:00,06:00:17,06:01:03,1,2765,Mountlake Terrace Fwy Station Bay 6,10.0,0.0
2025-10-01,515,South,25220,91909.0,06:16:00,06:17:30,06:17:56,4,1909,Stewart St & 9th Ave,0.0,10.0
2025-10-01,515,South,25220,91909.0,,06:18:28,06:18:56,5,1908,Stewart St & 7th Ave,0.0,5.0
2025-10-01,515,South,25220,91909.0,06:21:00,06:21:19,06:22:33,6,2698,5th Ave & Pine St,0.0,3.0
2025-10-01,515,South,25220,91909.0,,06:23:37,06:24:10,7,2700,5th Ave & Seneca St,0.0,9.0
2025-10-01,515,South,25220,91909.0,,06:25:16,06:25:55,8,2702,5th Ave & Marion St,0.0,16.0
2025-10-01,515,South,25220,91909.0,,06:27:01,06:27:28,9,2290,5th Ave & Jefferson St,0.0,9.0
2025-10-01,515,South,25220,91909.0,06:30:00,06:29:17,06:29:17,10,2706,5th Ave S & S Jackson St,0.0,3.0
2025-10-01,515,South,25221,91703.0,06:05:00,06:17:55,06:17:55,0,2113,Lynnwood City Center Station Bay D1,69.0,0.0
2025-10-01,515,South,25221,91706.0,06:05:00,06:08:29,06:08:29,0,2113,Lynnwood City Center Station Bay D1,0.0,0.0
2025-10-01,515,South,25221,91706.0,06:09:00,,,1,2765,Mountlake Terrace Fwy Station Bay 6,,
2025-10-01,515,South,25221,91703.0,06:09:00,06:23:43,06:24:05,1,2765,Mountlake Terrace Fwy Station Bay 6,2.0,0.0
2025-10-01,515,South,25221,91706.0,06:27:00,,,4,1909,Stewart St & 9th Ave,,
2025-10-01,515,South,25221,91703.0,06:27:00,06:41:36,06:42:46,4,1909,Stewart St & 9th Ave,1.0,13.0
2025-10-01,515,South,25221,91706.0,,,,5,1908,Stewart St & 7th Ave,,
2025-10-01,515,South,25221,91703.0,,06:43:45,06:44:16,5,1908,Stewart St & 7th Ave,0.0,11.0
2025-10-01,515,South,25221,91703.0,06:32:00,06:45:21,06:46:38,6,2698,5th Ave & Pine St,0.0,11.0
2025-10-01,515,South,25221,91706.0,06:32:00,,,6,2698,5th Ave & Pine St,,
2025-10-01,515,South,25221,91706.0,,,,7,2700,5th Ave & Seneca St,,
2025-10-01,515,South,25221,91703.0,,06:48:33,06:49:14,7,2700,5th Ave & Seneca St,0.0,13.0
2025-10-01,515,South,25221,91706.0,,,,8,2702,5th Ave & Marion St,,
2025-10-01,515,South,25221,91703.0,,06:50:38,06:51:24,8,2702,5th Ave & Marion St,0.0,12.0
2025-10-01,515,South,25221,91706.0,,,,9,2290,5th Ave & Jefferson St,,
2025-10-01,515,South,25221,91703.0,,06:52:26,06:53:05,9,2290,5th Ave & Jefferson St,0.0,10.0
2025-10-01,515,South,25221,91706.0,06:41:00,,,10,2706,5th Ave S & S Jackson St,,
2025-10-01,515,South,25221,91703.0,06:41:00,06:55:44,06:55:44,10,2706,5th Ave S & S Jackson St,0.0,2.0
2025-10-01,515,South,25222,91719.0,06:15:00,06:24:26,06:24:26,0,2113,Lynnwood City Center Station Bay D1,33.0,0.0
2025-10-01,515,South,25222,91719.0,06:19:00,06:29:10,06:29:53,1,2765,Mountlake Terrace Fwy Station Bay 6,8.0,0.0
2025-10-01,515,South,25222,91719.0,06:37:00,06:46:20,06:47:19,4,1909,Stewart St & 9th Ave,0.0,10.0
2025-10-01,515,South,25222,91719.0,,06:48:07,06:48:37,5,1908,Stewart St & 7th Ave,0.0,11.0
2025-10-01,515,South,25222,91719.0,06:42:00,06:49:47,06:50:07,6,2698,5th Ave & Pine St,0.0,1.0
2025-10-01,515,South,25222,91719.0,,06:52:00,06:52:40,7,2700,5th Ave & Seneca St,0.0,11.0
2025-10-01,515,South,25222,91719.0,,06:53:39,06:54:14,8,2702,5th Ave & Marion St,0.0,6.0
2025-10-01,515,South,25222,91719.0,,06:55:25,06:55:44,9,2290,5th Ave & Jefferson St,0.0,1.0
2025-10-01,515,South,25222,91719.0,06:52:00,06:57:38,06:57:38,10,2706,5th Ave S & S Jackson St,0.0,1.0
2025-10-01,515,South,25223,91504.0,06:25:00,06:34:15,06:34:15,0,2113,Lynnwood City Center Station Bay D1,23.0,0.0
2025-10-01,515,South,25223,91504.0,06:29:00,06:39:56,06:40:50,1,2765,Mountlake Terrace Fwy Station Bay 6,10.0,0.0
2025-10-01,515,South,25223,91504.0,06:49:00,06:58:01,06:58:26,4,1909,Stewart St & 9th Ave,1.0,8.0
2025-10-01,515,South,25223,91504.0,,06:59:00,06:59:28,5,1908,Stewart St & 7th Ave,0.0,9.0
2025-10-01,515,South,25223,91504.0,06:54:00,07:01:51,07:02:07,6,2698,5th Ave & Pine St,0.0,0.0
2025-10-01,515,South,25223,91504.0,,07:04:00,07:04:29,7,2700,5th Ave & Seneca St,0.0,6.0
2025-10-01,515,South,25223,91504.0,,07:05:34,07:06:03,8,2702,5th Ave & Marion St,0.0,6.0
2025-10-01,515,South,25223,91504.0,,07:07:29,07:07:56,9,2290,5th Ave & Jefferson St,0.0,4.0
2025-10-01,515,South,25223,91504.0,07:05:00,07:10:12,07:10:12,10,2706,5th Ave S & S Jackson St,1.0,2.0
2025-10-01,515,South,25224,91729.0,06:35:00,06:37:05,06:37:05,0,2113,Lynnwood City Center Station Bay D1,7.0,0.0
2025-10-01,515,South,25224,91729.0,06:39:00,06:41:51,06:42:11,1,2765,Mountlake Terrace Fwy Station Bay 6,2.0,0.0
2025-10-01,515,South,25224,91729.0,07:00:00,06:59:35,07:00:01,4,1909,Stewart St & 9th Ave,0.0,2.0
2025-10-01,515,South,25224,91729.0,,07:00:33,07:00:47,5,1908,Stewart St & 7th Ave,0.0,0.0
2025-10-01,515,South,25224,91729.0,07:05:00,07:03:18,07:03:29,6,2698,5th Ave & Pine St,0.0,0.0
2025-10-01,515,South,25224,91729.0,,07:05:12,07:05:31,7,2700,5th Ave & Seneca St,0.0,3.0
2025-10-01,515,South,25224,91729.0,,07:07:00,07:07:48,8,2702,5th Ave & Marion St,0.0,1.0
2025-10-01,515,South,25224,91729.0,,07:09:42,07:09:42,9,2290,5th Ave & Jefferson St,0.0,3.0
2025-10-01,515,South,25224,91729.0,07:16:00,07:12:28,07:12:28,10,2706,5th Ave S & S Jackson St,0.0,0.0
2025-10-01,515,South,25225,91724.0,06:45:00,06:46:56,06:46:56,0,2113,Lynnwood City Center Station Bay D1,39.0,0.0
2025-10-01,515,South,25225,91724.0,06:50:00,06:51:42,06:52:32,1,2765,Mountlake Terrace Fwy Station Bay 6,5.0,0.0
2025-10-01,515,South,25225,91724.0,07:11:00,07:10:08,07:10:42,4,1909,Stewart St & 9th Ave,0.0,10.0
2025-10-01,515,South,25225,91724.0,,07:12:07,07:12:38,5,1908,Stewart St & 7th Ave,0.0,9.0
2025-10-01,515,South,25225,91724.0,07:16:00,07:13:48,07:15:04,6,2698,5th Ave & Pine St,0.0,4.0
2025-10-01,515,South,25225,91724.0,,07:15:55,07:16:24,7,2700,5th Ave & Seneca St,2.0,5.0
2025-10-01,515,South,25225,91724.0,,07:17:28,07:18:13,8,2702,5th Ave & Marion St,0.0,10.0
2025-10-01,515,South,25225,91724.0,,07:19:25,07:20:01,9,2290,5th Ave & Jefferson St,0.0,5.0
2025-10-01,515,South,25225,91724.0,07:27:00,07:22:18,07:22:18,10,2706,5th Ave S & S Jackson St,0.0,3.0
2025-10-01,515,South,25226,,06:55:00,,,0,2113,Lynnwood City Center Station Bay D1,,
2025-10-01,515,South,25226,,07:00:00,,,1,2765,Mountlake Terrace Fwy Station Bay 6,,
2025-10-01,515,South,25226,,07:21:00,,,4,1909,Stewart St & 9th Ave,,
2025-10-01,515,South,25226,,,,,5,1908,Stewart St & 7th Ave,,
2025-10-01,515,South,25226,,07:26:00,,,6,2698,5th Ave & Pine St,,
2025-10-01,515,South,25226,,,,,7,2700,5th Ave & Seneca St,,
2025-10-01,515,South,25226,,,,,8,2702,5th Ave & Marion St,,
2025-10-01,515,South,25226,,,,,9,2290,5th Ave & Jefferson St,,
2025-10-01,515,South,25226,,07:37:00,,,10,2706,5th Ave S & S Jackson St,,
2025-10-01,515,South,25227,91909.0,07:05:00,07:07:47,07:07:47,0,2113,Lynnwood City Center Station Bay D1,62.0,0.0
2025-10-01,515,South,25227,91909.0,07:10:00,07:12:43,07:13:49,1,2765,Mountlake Terrace Fwy Station Bay 6,9.0,0.0
2025-10-01,515,South,25227,91909.0,07:34:00,07:32:29,07:33:52,4,1909,Stewart St & 9th Ave,2.0,25.0
2025-10-01,515,South,25227,91909.0,,07:34:41,07:35:21,5,1908,Stewart St & 7th Ave,0.0,10.0
2025-10-01,515,South,25227,91909.0,07:39:00,07:37:49,07:39:03,6,2698,5th Ave & Pine St,0.0,8.0
2025-10-01,515,South,25227,91909.0,,07:40:59,07:41:30,7,2700,5th Ave & Seneca St,0.0,9.0
2025-10-01,515,South,25227,91909.0,,07:43:16,07:43:56,8,2702,5th Ave & Marion St,0.0,11.0
2025-10-01,515,South,25227,91909.0,,07:46:08,07:46:44,9,2290,5th Ave & Jefferson St,0.0,10.0
2025-10-01,515,South,25227,91909.0,07:50:00,07:49:09,07:49:09,10,2706,5th Ave S & S Jackson St,0.0,0.0
2025-10-01,515,South,25228,19813.0,07:15:00,07:25:21,07:25:21,0,2113,Lynnwood City Center Station Bay D1,40.0,0.0
2025-10-01,515,South,25228,19813.0,07:20:00,07:30:25,07:31:17,1,2765,Mountlake Terrace Fwy Station Bay 6,17.0,0.0
2025-10-01,515,South,25228,19813.0,07:51:00,07:57:58,07:58:38,4,1909,Stewart St & 9th Ave,2.0,17.0
2025-10-01,515,South,25228,19813.0,,07:59:10,07:59:34,5,1908,Stewart St & 7th Ave,0.0,15.0
2025-10-01,515,South,25228,19813.0,07:56:00,08:01:49,08:03:06,6,2698,5th Ave & Pine St,1.0,2.0
2025-10-01,515,South,25228,19813.0,,08:05:13,08:05:31,7,2700,5th Ave & Seneca St,0.0,5.0
2025-10-01,515,South,25228,19813.0,,08:07:04,08:07:49,8,2702,5th Ave & Marion St,0.0,11.0
2025-10-01,515,South,25228,19813.0,,08:08:55,08:09:22,9,2290,5th Ave & Jefferson St,0.0,8.0
2025-10-01,515,South,25228,19813.0,08:07:00,08:11:08,08:11:08,10,2706,5th Ave S & S Jackson St,0.0,2.0
2025-10-01,515,South,25229,9566.0,07:25:00,07:26:49,07:26:49,0,2113,Lynnwood City Center Station Bay D1,6.0,0.0
2025-10-01,515,South,25229,9566.0,07:30:00,07:33:11,07:33:37,1,2765,Mountlake Terrace Fwy Station Bay 6,3.0,0.0
2025-10-01,515,South,25229,9566.0,08:02:00,08:01:23,08:01:40,4,1909,Stewart St & 9th Ave,0.0,4.0
2025-10-01,515,South,25229,9566.0,,,,5,1908,Stewart St & 7th Ave,,
2025-10-01,515,South,25229,9566.0,08:07:00,08:06:18,08:06:33,6,2698,5th Ave & Pine St,0.0,2.0
2025-10-01,515,South,25229,9566.0,,08:09:28,08:09:41,7,2700,5th Ave & Seneca St,0.0,3.0
2025-10-01,515,South,25229,9566.0,,08:11:28,08:11:28,8,2702,5th Ave & Marion St,0.0,0.0
2025-10-01,515,South,25229,9566.0,,08:12:58,08:12:58,9,2290,5th Ave & Jefferson St,0.0,0.0
2025-10-01,515,South,25229,9566.0,08:18:00,08:14:41,08:14:41,10,2706,5th Ave S & S Jackson St,0.0,0.0
2025-10-01,515,South,25230,91722.0,07:35:00,07:36:15,07:36:15,0,2113,Lynnwood City Center Station Bay D1,24.0,0.0
2025-10-01,515,South,25230,91722.0,07:40:00,07:41:27,07:42:25,1,2765,Mountlake Terrace Fwy Station Bay 6,13.0,0.0
2025-10-01,515,South,25230,91722.0,08:13:00,08:10:32,08:11:13,4,1909,Stewart St & 9th Ave,1.0,25.0
2025-10-01,515,South,25230,91722.0,,08:12:05,08:12:35,5,1908,Stewart St & 7th Ave,0.0,4.0
2025-10-01,515,South,25230,91722.0,08:18:00,08:13:45,08:14:04,6,2698,5th Ave & Pine St,1.0,1.0
2025-10-01,515,South,25230,91722.0,,08:15:52,08:16:13,7,2700,5th Ave & Seneca St,0.0,3.0
2025-10-01,515,South,25230,91722.0,,08:17:36,08:18:13,8,2702,5th Ave & Marion St,0.0,6.0
2025-10-01,515,South,25230,91722.0,,08:19:28,08:19:35,9,2290,5th Ave & Jefferson St,0.0,0.0
2025-10-01,515,South,25230,91722.0,08:29:00,08:22:12,08:22:12,10,2706,5th Ave S & S Jackson St,0.0,0.0
2025-10-01,515,South,25231,91708.0,07:45:00,07:46:24,07:46:24,0,2113,Lynnwood City Center Station Bay D1,30.0,0.0
2025-10-01,515,South,25231,91708.0,07:50:00,07:51:31,07:52:09,1,2765,Mountlake Terrace Fwy Station Bay 6,10.0,0.0
2025-10-01,515,South,25231,91708.0,08:23:00,08:21:54,08:22:32,4,1909,Stewart St & 9th Ave,0.0,21.0
2025-10-01,515,South,25231,91708.0,,08:22:57,08:23:31,5,1908,Stewart St & 7th Ave,0.0,9.0
2025-10-01,515,South,25231,91708.0,08:28:00,08:25:43,08:26:03,6,2698,5th Ave & Pine St,0.0,1.0
2025-10-01,515,South,25231,91708.0,,08:27:57,08:28:20,7,2700,5th Ave & Seneca St,0.0,3.0
2025-10-01,515,South,25231,91708.0,,08:29:29,08:30:11,8,2702,5th Ave & Marion St,0.0,6.0
2025-10-01,515,South,25231,91708.0,,08:31:59,08:31:59,9,2290,5th Ave & Jefferson St,0.0,0.0
2025-10-01,515,South,25231,91708.0,08:39:00,08:34:07,08:34:07,10,2706,5th Ave S & S Jackson St,0.0,0.0
2025-10-01,515,South,25232,19812.0,07:55:00,07:56:06,07:56:06,0,2113,Lynnwood City Center Station Bay D1,9.0,0.0
2025-10-01,515,South,25232,19812.0,08:00:00,08:01:56,08:02:36,1,2765,Mountlake Terrace Fwy Station Bay 6,4.0,0.0
2025-10-01,515,South,25232,19812.0,08:35:00,08:40:01,08:40:20,4,1909,Stewart St & 9th Ave,1.0,6.0
2025-10-01,515,South,25232,19812.0,,08:40:51,08:41:06,5,1908,Stewart St & 7th Ave,0.0,3.0
2025-10-01,515,South,25232,19812.0,08:40:00,08:42:18,08:42:37,6,2698,5th Ave & Pine St,0.0,2.0
2025-10-01,515,South,25232,19812.0,,08:44:30,08:44:52,7,2700,5th Ave & Seneca St,1.0,2.0
2025-10-01,515,South,25232,19812.0,,08:46:13,08:46:45,8,2702,5th Ave & Marion St,0.0,2.0
2025-10-01,515,South,25232,19812.0,,08:48:35,08:48:35,9,2290,5th Ave & Jefferson St,0.0,0.0
2025-10-01,515,South,25232,19812.0,08:51:00,08:50:42,08:50:42,10,2706,5th Ave S & S Jackson St,0.0,0.0
2025-10-01,515,South,25233,91505.0,08:15:00,08:15:12,08:15:12,0,2113,Lynnwood City Center Station Bay D1,13.0,0.0
2025-10-01,515,South,25233,91505.0,08:19:00,08:20:25,08:20:51,1,2765,Mountlake Terrace Fwy Station Bay 6,5.0,2.0
2025-10-01,515,South,25233,91505.0,08:58:00,08:51:05,08:51:45,4,1909,Stewart St & 9th Ave,1.0,6.0
2025-10-01,515,South,25233,91505.0,,08:52:37,08:53:08,5,1908,Stewart St & 7th Ave,0.0,3.0
2025-10-01,515,South,25233,91505.0,09:03:00,08:54:16,08:54:32,6,2698,5th Ave & Pine St,0.0,3.0
2025-10-01,515,South,25233,91505.0,,08:56:11,08:56:33,7,2700,5th Ave & Seneca St,0.0,2.0
2025-10-01,515,South,25233,91505.0,,08:58:00,08:58:49,8,2702,5th Ave & Marion St,0.0,3.0
2025-10-01,515,South,25233,91505.0,,09:01:00,09:01:00,9,2290,5th Ave & Jefferson St,0.0,0.0
2025-10-01,515,South,25233,91505.0,09:14:00,09:02:26,09:02:26,10,2706,5th Ave S & S Jackson St,0.0,0.0
2025-10-01,515,South,25234,91714.0,08:35:00,08:35:51,08:35:51,0,2113,Lynnwood City Center Station Bay D1,4.0,0.0
2025-10-01,515,South,25234,91714.0,08:39:00,08:40:18,08:40:44,1,2765,Mountlake Terrace Fwy Station Bay 6,7.0,0.0
2025-10-01,515,South,25234,91714.0,09:18:00,09:16:40,09:17:02,4,1909,Stewart St & 9th Ave,0.0,6.0
2025-10-01,515,South,25234,91714.0,,09:18:06,09:18:20,5,1908,Stewart St & 7th Ave,0.0,0.0
2025-10-01,515,South,25234,91714.0,09:23:00,09:19:47,09:20:03,6,2698,5th Ave & Pine St,0.0,2.0
2025-10-01,515,South,25234,91714.0,,09:21:48,09:21:55,7,2700,5th Ave & Seneca St,0.0,0.0
2025-10-01,515,South,25234,91714.0,,09:23:28,09:24:18,8,2702,5th Ave & Marion St,0.0,3.0
2025-10-01,515,South,25234,91714.0,,09:25:27,09:25:38,9,2290,5th Ave & Jefferson St,0.0,0.0
2025-10-01,515,South,25234,91714.0,09:34:00,09:29:09,09:29:09,10,2706,5th Ave S & S Jackson St,0.0,0.0
2025-10-01,515,South,25235,91908.0,08:55:00,08:55:46,08:55:46,0,2113,Lynnwood City Center Station Bay D1,11.0,0.0
2025-10-01,515,South,25235,91908.0,08:59:00,09:00:16,09:00:47,1,2765,Mountlake Terrace Fwy Station Bay 6,4.0,0.0
2025-10-01,515,South,25235,91908.0,09:38:00,09:31:38,09:32:12,4,1909,Stewart St & 9th Ave,0.0,7.0
2025-10-01,515,South,25235,91908.0,,09:33:05,09:33:44,5,1908,Stewart St & 7th Ave,1.0,5.0
2025-10-01,515,South,25235,91908.0,09:43:00,09:34:48,09:35:03,6,2698,5th Ave & Pine St,0.0,0.0
2025-10-01,515,South,25235,91908.0,,09:36:36,09:37:00,7,2700,5th Ave & Seneca St,1.0,2.0
2025-10-01,515,South,25235,91908.0,,09:38:32,09:39:13,8,2702,5th Ave & Marion St,0.0,2.0
2025-10-01,515,South,25235,91908.0,,09:40:28,09:40:43,9,2290,5th Ave & Jefferson St,0.0,1.0
2025-10-01,515,South,25235,91908.0,09:54:00,09:42:52,09:42:52,10,2706,5th Ave S & S Jackson St,0.0,0.0
2025-10-02,515,North,25197,91726.0,15:00:00,15:00:12,15:00:12,0,640,4th Ave S & S Jackson St,4.0,0.0
2025-10-02,515,North,25197,91726.0,,15:00:45,15:01:05,1,635,4th Ave S & S Washington St,1.0,0.0
2025-10-02,515,North,25197,91726.0,,15:02:22,15:03:05,2,2638,4th Ave & Cherry St,3.0,0.0
2025-10-02,515,North,25197,91726.0,,15:04:32,15:06:00,3,641,4th Ave & Seneca St,6.0,0.0
2025-10-02,515,North,25197,91726.0,15:06:00,15:07:00,15:07:51,4,2976,4th Ave & Pine St,1.0,0.0
2025-10-02,515,North,25197,91726.0,,15:08:50,15:10:00,5,473,Olive Way & 6th Ave,8.0,6.0
2025-10-02,515,North,25197,91726.0,15:10:00,15:12:02,15:13:11,6,430,Howell St & 9th Ave,3.0,0.0
2025-10-02,515,North,25197,91726.0,,15:16:03,15:16:41,7,431,Howell St & Yale Ave,2.0,0.0
2025-10-02,515,North,25197,91726.0,15:30:00,15:34:28,15:35:00,10,2766,Mountlake Terrace Fwy Station Bay 7,0.0,22.0
2025-10-02,515,North,25197,91726.0,15:38:00,15:39:18,15:39:18,11,2118,Lynnwood City Center Station Bay A5,0.0,0.0
2025-10-02,515,North,25198,91724.0,15:10:00,15:10:43,15:10:43,0,640,4th Ave S & S Jackson St,1.0,0.0
2025-10-02,515,North,25198,91724.0,,15:12:16,15:12:25,1,635,4th Ave S & S Washington St,0.0,0.0
2025-10-02,515,North,25198,91724.0,,15:14:03,15:14:35,2,2638,4th Ave & Cherry St,3.0,0.0
2025-10-02,515,North,25198,91724.0,,15:16:50,15:17:46,3,641,4th Ave & Seneca St,4.0,0.0
2025-10-02,515,North,25198,91724.0,15:16:00,15:19:11,15:19:49,4,2976,4th Ave & Pine St,0.0,0.0
2025-10-02,515,North,25198,91724.0,,15:21:06,15:22:03,5,473,Olive Way & 6th Ave,3.0,0.0
2025-10-02,515,North,25198,91724.0,15:20:00,15:23:43,15:24:08,6,430,Howell St & 9th Ave,2.0,0.0
2025-10-02,515,North,25198,91724.0,,15:26:46,15:27:10,7,431,Howell St & Yale Ave,1.0,0.0
2025-10-02,515,North,25198,91724.0,15:40:00,15:44:43,15:45:03,10,2766,Mountlake Terrace Fwy Station Bay 7,0.0,14.0
2025-10-02,515,North,25198,91724.0,15:50:00,15:50:21,15:50:21,11,2118,Lynnwood City Center Station Bay A5,0.0,0.0
2025-10-02,515,North,25199,91714.0,15:20:00,15:20:34,15:20:34,0,640,4th Ave S & S Jackson St,1.0,0.0
2025-10-02,515,North,25199,91714.0,,15:21:49,15:21:57,1,635,4th Ave S & S Washington St,0.0,0.0
2025-10-02,515,North,25199,91714.0,,15:23:37,15:23:58,2,2638,4th Ave & Cherry St,5.0,0.0
2025-10-02,515,North,25199,91714.0,,15:25:28,15:25:42,3,641,4th Ave & Seneca St,3.0,0.0
2025-10-02,515,North,25199,91714.0,15:26:00,15:26:48,15:27:23,4,2976,4th Ave & Pine St,1.0,1.0
2025-10-02,515,North,25199,91714.0,,15:28:24,15:29:29,5,473,Olive Way & 6th Ave,7.0,0.0
2025-10-02,515,North,25199,91714.0,15:30:00,15:30:09,15:30:36,6,430,Howell St & 9th Ave,7.0,0.0
2025-10-02,515,North,25199,91714.0,,15:34:09,15:34:23,7,431,Howell St & Yale Ave,1.0,0.0
2025-10-02,515,North,25199,91714.0,15:51:00,15:51:47,15:52:26,10,2766,Mountlake Terrace Fwy Station Bay 7,0.0,5.0
2025-10-02,515,North,25199,91714.0,16:03:00,15:57:15,15:57:15,11,2118,Lynnwood City Center Station Bay A5,0.0,19.0
2025-10-02,515,North,25200,91913.0,15:30:00,15:30:34,15:30:34,0,640,4th Ave S & S Jackson St,2.0,0.0
2025-10-02,515,North,25200,91913.0,,15:31:53,15:32:12,1,635,4th Ave S & S Washington St,3.0,0.0
2025-10-02,515,North,25200,91913.0,,15:33:46,15:34:11,2,2638,4th Ave & Cherry St,5.0,0.0
2025-10-02,515,North,25200,91913.0,,15:35:45,15:36:12,3,641,4th Ave & Seneca St,4.0,0.0
2025-10-02,515,North,25200,91913.0,15:36:00,15:37:18,15:37:45,4,2976,4th Ave & Pine St,1.0,0.0
2025-10-02,515,North,25200,91913.0,,15:38:49,15:39:59,5,473,Olive Way & 6th Ave,6.0,0.0
2025-10-02,515,North,25200,91913.0,15:40:00,15:41:29,15:42:07,6,430,Howell St & 9th Ave,7.0,0.0
2025-10-02,515,North,25200,91913.0,,15:46:02,15:46:21,7,431,Howell St & Yale Ave,1.0,1.0
2025-10-02,515,North,25200,91913.0,16:02:00,16:05:10,16:05:33,10,2766,Mountlake Terrace Fwy Station Bay 7,0.0,3.0
2025-10-02,515,North,25200,91913.0,16:14:00,16:10:04,16:10:04,11,2118,Lynnwood City Center Station Bay A5,0.0,25.0
2025-10-02,515,North,25201,91718.0,15:40:00,15:40:16,15:40:16,0,640,4th Ave S & S Jackson St,1.0,0.0
2025-10-02,515,North,25201,91718.0,,15:41:07,15:41:07,1,635,4th Ave S & S Washington St,0.0,0.0
2025-10-02,515,North,25201,91718.0,,15:42:59,15:43:52,2,2638,4th Ave & Cherry St,11.0,0.0
2025-10-02,515,North,25201,91718.0,,15:46:11,15:46:51,3,641,4th Ave & Seneca St,7.0,0.0
2025-10-02,515,North,25201,91718.0,15:46:00,15:47:53,15:48:50,4,2976,4th Ave & Pine St,1.0,0.0
2025-10-02,515,North,25201,91718.0,,15:50:54,15:52:11,5,473,Olive Way & 6th Ave,6.0,0.0
2025-10-02,515,North,25201,91718.0,15:50:00,15:53:46,15:54:38,6,430,Howell St & 9th Ave,13.0,0.0
2025-10-02,515,North,25201,91718.0,,15:58:07,15:58:31,7,431,Howell St & Yale Ave,5.0,1.0
2025-10-02,515,North,25201,91718.0,16:12:00,16:16:54,16:17:33,10,2766,Mountlake Terrace Fwy Station Bay 7,0.0,8.0
2025-10-02,515,North,25201,91718.0,16:27:00,16:22:21,16:22:21,11,2118,Lynnwood City Center Station Bay A5,0.0,35.0
2025-10-02,515,North,25202,91720.0,15:50:00,15:50:14,15:50:14,0,640,4th Ave S & S Jackson St,2.0,0.0
2025-10-02,515,North,25202,91720.0,,15:51:22,15:51:36,1,635,4th Ave S & S Washington St,2.0,0.0
2025-10-02,515,North,25202,91720.0,,15:52:25,15:52:49,2,2638,4th Ave & Cherry St,4.0,0.0
2025-10-02,515,North,25202,91720.0,,15:54:09,15:54:28,3,641,4th Ave & Seneca St,3.0,0.0
2025-10-02,515,North,25202,91720.0,15:56:00,15:56:12,15:56:32,4,2976,4th Ave & Pine St,1.0,0.0
2025-10-02,515,North,25202,91720.0,,15:58:09,15:59:31,5,473,Olive Way & 6th Ave,8.0,0.0
2025-10-02,515,North,25202,91720.0,16:00:00,16:00:10,16:01:10,6,430,Howell St & 9th Ave,2.0,0.0
2025-10-02,515,North,25202,91720.0,,16:04:04,16:04:30,7,431,Howell St & Yale Ave,3.0,0.0
2025-10-02,515,North,25202,91720.0,16:23:00,16:22:35,16:22:55,10,2766,Mountlake Terrace Fwy Station Bay 7,0.0,3.0
2025-10-02,515,North,25202,91720.0,16:39:00,16:27:54,16:27:54,11,2118,Lynnwood City Center Station Bay A5,0.0,22.0
2025-10-02,515,North,25203,9560.0,16:00:00,16:00:07,16:00:07,0,640,4th Ave S & S Jackson St,2.0,0.0
2025-10-02,515,North,25203,9560.0,,16:00:49,16:01:00,1,635,4th Ave S & S Washington St,0.0,0.0
2025-10-02,515,North,25203,9560.0,,16:02:22,16:02:49,2,2638,4th Ave & Cherry St,3.0,0.0
2025-10-02,515,North,25203,9560.0,,16:05:28,16:06:00,3,641,4th Ave & Seneca St,2.0,0.0
2025-10-02,515,North,25203,9560.0,16:06:00,16:08:11,16:08:33,4,2976,4th Ave & Pine St,2.0,0.0
2025-10-02,515,North,25203,9560.0,,16:10:12,16:11:30,5,473,Olive Way & 6th Ave,7.0,0.0
2025-10-02,515,North,25203,9560.0,16:10:00,16:13:04,16:13:23,6,430,Howell St & 9th Ave,2.0,0.0
2025-10-02,515,North,25203,9560.0,,16:17:37,16:18:11,7,431,Howell St & Yale Ave,4.0,0.0
2025-10-02,515,North,25203,9560.0,16:33:00,16:37:04,16:37:21,10,2766,Mountlake Terrace Fwy Station Bay 7,0.0,22.0
2025-10-02,515,North,25203,9560.0,16:49:00,16:41:58,16:41:58,11,2118,Lynnwood City Center Station Bay A5,0.0,0.0
2025-10-02,515,North,25204,,16:10:00,,,0,640,4th Ave S & S Jackson St,,
2025-10-02,515,North,25204,,,,,1,635,4th Ave S & S Washington St,,
2025-10-02,515,North,25204,,,,,2,2638,4th Ave & Cherry St,,
2025-10-02,515,North,25204,,,,,3,641,4th Ave & Seneca St,,
2025-10-02,515,North,25204,,16:16:00,,,4,2976,4th Ave & Pine St,,
2025-10-02,515,North,25204,,,,,5,473,Olive Way & 6th Ave,,
2025-10-02,515,North,25204,,16:20:00,,,6,430,Howell St & 9th Ave,,
2025-10-02,515,North,25204,,,,,7,431,Howell St & Yale Ave,,
2025-10-02,515,North,25204,,16:43:00,,,10,2766,Mountlake Terrace Fwy Station Bay 7,,
2025-10-02,515,North,25204,,16:59:00,,,11,2118,Lynnwood City Center Station Bay A5,,
2025-10-02,515,North,25205,19854.0,16:20:00,16:20:17,16:20:17,0,640,4th Ave S & S Jackson St,2.0,0.0
2025-10-02,515,North,25205,19854.0,,16:21:27,16:21:44,1,635,4th Ave S & S Washington St,0.0,0.0
2025-10-02,515,North,25205,19854.0,,16:23:21,16:24:15,2,2638,4th Ave & Cherry St,8.0,0.0
2025-10-02,515,North,25205,19854.0,,16:28:01,16:28:52,3,641,4th Ave & Seneca St,7.0,3.0
2025-10-02,515,North,25205,19854.0,16:26:00,16:30:37,16:31:49,4,2976,4th Ave & Pine St,5.0,0.0
2025-10-02,515,North,25205,19854.0,,16:32:48,16:34:00,5,473,Olive Way & 6th Ave,9.0,0.0
2025-10-02,515,North,25205,19854.0,16:30:00,16:35:31,16:36:13,6,430,Howell St & 9th Ave,6.0,6.0
2025-10-02,515,North,25205,19854.0,,16:40:04,16:41:16,7,431,Howell St & Yale Ave,4.0,0.0
2025-10-02,515,North,25205,19854.0,16:53:00,17:04:25,17:05:01,10,2766,Mountlake Terrace Fwy Station Bay 7,0.0,32.0
2025-10-02,515,North,25205,19854.0,17:09:00,17:10:42,17:10:42,11,2118,Lynnwood City Center Station Bay A5,0.0,0.0
2025-10-02,515,North,25206,9566.0,16:30:00,16:30:23,16:30:23,0,640,4th Ave S & S Jackson St,1.0,0.0
2025-10-02,515,North,25206,9566.0,,16:31:53,16:32:11,1,635,4th Ave S & S Washington St,1.0,0.0
2025-10-02,515,North,25206,9566.0,,16:33:51,16:34:03,2,2638,4th Ave & Cherry St,0.0,0.0
2025-10-02,515,North,25206,9566.0,,16:36:02,16:37:17,3,641,4th Ave & Seneca St,5.0,0.0
2025-10-02,515,North,25206,9566.0,16:36:00,16:38:32,16:39:18,4,2976,4th Ave & Pine St,2.0,0.0
2025-10-02,515,North,25206,9566.0,,16:40:24,16:41:32,5,473,Olive Way & 6th Ave,1.0,3.0
2025-10-02,515,North,25206,9566.0,16:40:00,16:43:05,16:43:38,6,430,Howell St & 9th Ave,2.0,0.0
2025-10-02,515,North,25206,9566.0,,16:47:35,16:48:03,7,431,Howell St & Yale Ave,2.0,4.0
2025-10-02,515,North,25206,9566.0,17:03:00,17:10:13,17:10:26,10,2766,Mountlake Terrace Fwy Station Bay 7,0.0,7.0
2025-10-02,515,North,25206,9566.0,17:19:00,17:15:04,17:15:04,11,2118,Lynnwood City Center Station Bay A5,0.0,0.0
2025-10-02,515,North,25207,19810.0,16:40:00,16:40:42,16:40:42,0,640,4th Ave S & S Jackson St,1.0,0.0
2025-10-02,515,North,25207,19810.0,,16:41:19,16:41:35,1,635,4th Ave S & S Washington St,1.0,0.0
2025-10-02,515,North,25207,19810.0,,16:42:59,16:43:24,2,2638,4th Ave & Cherry St,3.0,0.0
2025-10-02,515,North,25207,19810.0,,16:45:58,16:46:34,3,641,4th Ave & Seneca St,2.0,0.0
2025-10-02,515,North,25207,19810.0,16:46:00,16:48:43,16:48:58,4,2976,4th Ave & Pine St,0.0,0.0
2025-10-02,515,North,25207,19810.0,,16:51:00,16:52:06,5,473,Olive Way & 6th Ave,6.0,0.0
2025-10-02,515,North,25207,19810.0,16:50:00,16:53:36,16:53:52,6,430,Howell St & 9th Ave,1.0,0.0
2025-10-02,515,North,25207,19810.0,,16:58:12,16:58:29,7,431,Howell St & Yale Ave,1.0,0.0
2025-10-02,515,North,25207,19810.0,17:13:00,17:19:22,17:19:44,10,2766,Mountlake Terrace Fwy Station Bay 7,0.0,15.0
2025-10-02,515,North,25207,19810.0,17:29:00,17:24:53,17:24:53,11,2118,Lynnwood City Center Station Bay A5,0.0,0.0
2025-10-02,515,North,25208,19812.0,16:50:00,16:51:25,16:51:25,0,640,4th Ave S & S Jackson St,5.0,0.0
2025-10-02,515,North,25208,19812.0,,16:52:55,16:53:09,1,635,4th Ave S & S Washington St,1.0,0.0
2025-10-02,515,North,25208,19812.0,,16:55:04,16:55:52,2,2638,4th Ave & Cherry St,9.0,0.0
2025-10-02,515,North,25208,19812.0,,16:58:25,16:59:43,3,641,4th Ave & Seneca St,10.0,0.0
2025-10-02,515,North,25208,19812.0,16:56:00,17:01:01,17:01:55,4,2976,4th Ave & Pine St,4.0,0.0
2025-10-02,515,North,25208,19812.0,,17:03:01,17:04:02,5,473,Olive Way & 6th Ave,11.0,0.0
2025-10-02,515,North,25208,19812.0,17:00:00,17:05:33,17:06:11,6,430,Howell St & 9th Ave,9.0,1.0
2025-10-02,515,North,25208,19812.0,,17:09:01,17:09:45,7,431,Howell St & Yale Ave,7.0,5.0
2025-10-02,515,North,25208,19812.0,17:22:00,17:30:19,17:30:45,10,2766,Mountlake Terrace Fwy Station Bay 7,0.0,17.0
2025-10-02,515,North,25208,19812.0,17:38:00,17:35:30,17:35:30,11,2118,Lynnwood City Center Station Bay A5,0.0,33.0
2025-10-02,515,North,25209,91908.0,17:00:00,17:01:05,17:01:05,0,640,4th Ave S & S Jackson St,2.0,0.0
2025-10-02,515,North,25209,91908.0,,17:02:09,17:02:35,1,635,4th Ave S & S Washington St,1.0,0.0
2025-10-02,515,North,25209,91908.0,,17:04:15,17:05:02,2,2638,4th Ave & Cherry St,5.0,0.0
2025-10-02,515,North,25209,91908.0,,17:07:04,17:08:57,3,641,4th Ave & Seneca St,3.0,3.0
2025-10-02,515,North,25209,91908.0,17:06:00,17:10:26,17:11:07,4,2976,4th Ave & Pine St,4.0,0.0
2025-10-02,515,North,25209,91908.0,,17:13:16,17:14:31,5,473,Olive Way & 6th Ave,7.0,2.0
2025-10-02,515,North,25209,91908.0,17:10:00,17:16:10,17:16:34,6,430,Howell St & 9th Ave,2.0,5.0
2025-10-02,515,North,25209,91908.0,,17:20:37,17:21:04,7,431,Howell St & Yale Ave,1.0,0.0
2025-10-02,515,North,25209,91908.0,17:32:00,17:41:36,17:42:14,10,2766,Mountlake Terrace Fwy Station Bay 7,1.0,16.0
2025-10-02,515,North,25209,91908.0,17:48:00,17:47:40,17:47:40,11,2118,Lynnwood City Center Station Bay A5,0.0,0.0
2025-10-02,515,North,25210,91501.0,17:10:00,17:14:52,17:14:52,0,640,4th Ave S & S Jackson St,2.0,0.0
2025-10-02,515,North,25210,91501.0,,17:15:48,17:15:58,1,635,4th Ave S & S Washington St,0.0,0.0
2025-10-02,515,North,25210,91501.0,,17:17:30,17:17:59,2,2638,4th Ave & Cherry St,1.0,0.0
2025-10-02,515,North,25210,91501.0,,17:21:14,17:22:18,3,641,4th Ave & Seneca St,4.0,0.0
2025-10-02,515,North,25210,91501.0,17:16:00,17:23:54,17:24:29,4,2976,4th Ave & Pine St,3.0,3.0
2025-10-02,515,North,25210,91501.0,,17:26:49,17:28:05,5,473,Olive Way & 6th Ave,7.0,0.0
2025-10-02,515,North,25210,91501.0,17:20:00,17:29:38,17:30:36,6,430,Howell St & 9th Ave,5.0,3.0
2025-10-02,515,North,25210,91501.0,,17:34:10,17:35:06,7,431,Howell St & Yale Ave,2.0,3.0
2025-10-02,515,North,25210,91501.0,17:42:00,17:54:11,17:54:38,10,2766,Mountlake Terrace Fwy Station Bay 7,1.0,16.0
2025-10-02,515,North,25210,91501.0,17:58:00,17:59:00,17:59:00,11,2118,Lynnwood City Center Station Bay A5,0.0,0.0
2025-10-02,515,North,25211,91703.0,17:20:00,17:20:17,17:20:17,0,640,4th Ave S & S Jackson St,1.0,0.0
2025-10-02,515,North,25211,91703.0,,17:21:41,17:22:01,1,635,4th Ave S & S Washington St,2.0,0.0
2025-10-02,515,North,25211,91703.0,,17:23:22,17:23:52,2,2638,4th Ave & Cherry St,3.0,0.0
2025-10-02,515,North,25211,91703.0,,17:27:12,17:28:12,3,641,4th Ave & Seneca St,2.0,1.0
2025-10-02,515,North,25211,91703.0,17:26:00,17:29:35,17:30:18,4,2976,4th Ave & Pine St,1.0,0.0
2025-10-02,515,North,25211,91703.0,,17:31:43,17:32:30,5,473,Olive Way & 6th Ave,1.0,0.0
2025-10-02,515,North,25211,91703.0,17:30:00,17:33:14,17:33:31,6,430,Howell St & 9th Ave,1.0,0.0
2025-10-02,515,North,25211,91703.0,,17:37:05,17:37:38,7,431,Howell St & Yale Ave,4.0,1.0
2025-10-02,515,North,25211,91703.0,17:51:00,17:56:02,17:56:25,10,2766,Mountlake Terrace Fwy Station Bay 7,0.0,3.0
2025-10-02,515,North,25211,91703.0,18:06:00,18:01:28,18:01:28,11,2118,Lynnwood City Center Station Bay A5,0.0,10.0
2025-10-02,515,North,25212,91709.0,17:40:00,17:42:22,17:42:22,0,640,4th Ave S & S Jackson St,5.0,0.0
2025-10-02,515,North,25212,91709.0,,17:43:46,17:43:46,1,635,4th Ave S & S Washington St,0.0,0.0
2025-10-02,515,North,25212,91709.0,,17:44:36,17:45:05,2,2638,4th Ave & Cherry St,3.0,0.0
2025-10-02,515,North,25212,91709.0,,17:47:29,17:48:11,3,641,4th Ave & Seneca St,5.0,0.0
2025-10-02,515,North,25212,91709.0,17:46:00,17:49:16,17:49:50,4,2976,4th Ave & Pine St,2.0,1.0
2025-10-02,515,North,25212,91709.0,,17:50:45,17:52:02,5,473,Olive Way & 6th Ave,8.0,0.0
2025-10-02,515,North,25212,91709.0,17:50:00,17:53:33,17:54:22,6,430,Howell St & 9th Ave,6.0,0.0
2025-10-02,515,North,25212,91709.0,,17:58:08,17:58:54,7,431,Howell St & Yale Ave,8.0,0.0
2025-10-02,515,North,25212,91709.0,18:09:00,18:15:54,18:16:36,10,2766,Mountlake Terrace Fwy Station Bay 7,1.0,15.0
2025-10-02,515,North,25212,91709.0,18:23:00,18:21:42,18:21:42,11,2118,Lynnwood City Center Station Bay A5,0.0,22.0
2025-10-02,515,North,25213,91707.0,18:00:00,18:01:58,18:01:58,0,640,4th Ave S & S Jackson St,5.0,0.0
2025-10-02,515,North,25213,91707.0,,,,1,635,4th Ave S & S Washington St,,
2025-10-02,515,North,25213,91707.0,,18:03:48,18:04:25,2,2638,4th Ave & Cherry St,5.0,0.0
2025-10-02,515,North,25213,91707.0,,18:05:59,18:07:35,3,641,4th Ave & Seneca St,4.0,0.0
2025-10-02,515,North,25213,91707.0,18:06:00,18:09:31,18:10:02,4,2976,4th Ave & Pine St,4.0,0.0
2025-10-02,515,North,25213,91707.0,,18:11:45,18:13:02,5,473,Olive Way & 6th Ave,4.0,0.0
2025-10-02,515,North,25213,91707.0,18:09:00,18:14:37,18:15:14,6,430,Howell St & 9th Ave,4.0,0.0
2025-10-02,515,North,25213,91707.0,,18:17:40,18:18:05,7,431,Howell St & Yale Ave,3.0,1.0
2025-10-02,515,North,25213,91707.0,18:27:00,18:32:55,18:33:18,10,2766,Mountlake Terrace Fwy Station Bay 7,0.0,4.0
2025-10-02,515,North,25213,91707.0,18:39:00,18:38:09,18:38:09,11,2118,Lynnwood City Center Station Bay A5,0.0,24.0
2025-10-02,515,North,25214,,18:20:00,,,0,640,4th Ave S & S Jackson St,,
2025-10-02,515,North,25214,,,,,1,635,4th Ave S & S Washington St,,
2025-10-02,515,North,25214,,,,,2,2638,4th Ave & Cherry St,,
2025-10-02,515,North,25214,,,,,3,641,4th Ave & Seneca St,,
2025-10-02,515,North,25214,,18:26:00,,,4,2976,4th Ave & Pine St,,
2025-10-02,515,North,25214,,,,,5,473,Olive Way & 6th Ave,,
2025-10-02,515,North,25214,,18:29:00,,,6,430,Howell St & 9th Ave,,
2025-10-02,515,North,25214,,,,,7,431,Howell St & Yale Ave,,
2025-10-02,515,North,25214,,18:47:00,,,10,2766,Mountlake Terrace Fwy Station Bay 7,,
2025-10-02,515,North,25214,,18:59:00,,,11,2118,Lynnwood City Center Station Bay A5,,
2025-10-02,515,North,25215,91708.0,18:40:00,18:45:23,18:45:23,0,640,4th Ave S & S Jackson St,2.0,0.0
2025-10-02,515,North,25215,91708.0,,18:46:57,18:47:26,1,635,4th Ave S & S Washington St,2.0,0.0
2025-10-02,515,North,25215,91708.0,,18:48:49,18:49:10,2,2638,4th Ave & Cherry St,1.0,0.0
2025-10-02,515,North,25215,91708.0,,18:50:55,18:52:12,3,641,4th Ave & Seneca St,2.0,0.0
2025-10-02,515,North,25215,91708.0,18:46:00,18:53:29,18:54:16,4,2976,4th Ave & Pine St,2.0,0.0
2025-10-02,515,North,25215,91708.0,,18:55:41,18:56:27,5,473,Olive Way & 6th Ave,3.0,0.0
2025-10-02,515,North,25215,91708.0,18:49:00,18:58:10,18:59:03,6,430,Howell St & 9th Ave,12.0,0.0
2025-10-02,515,North,25215,91708.0,,19:01:19,19:01:42,7,431,Howell St & Yale Ave,1.0,0.0
2025-10-02,515,North,25215,91708.0,19:07:00,19:15:46,19:16:07,10,2766,Mountlake Terrace Fwy Station Bay 7,0.0,4.0
2025-10-02,515,North,25215,91708.0,19:16:00,19:20:47,19:20:47,11,2118,Lynnwood City Center Station Bay A5,0.0,21.0
2025-10-02,515,South,25216,91505.0,04:30:00,04:30:21,04:30:21,0,2113,Lynnwood City Center Station Bay D1,22.0,0.0
2025-10-02,515,South,25216,91505.0,04:34:00,04:34:20,04:34:30,1,2765,Mountlake Terrace Fwy Station Bay 6,0.0,0.0
2025-10-02,515,South,25216,91505.0,04:51:00,04:48:13,04:48:32,4,1909,Stewart St & 9th Ave,0.0,4.0
2025-10-02,515,South,25216,91505.0,,04:49:05,04:49:26,5,1908,Stewart St & 7th Ave,0.0,4.0
2025-10-02,515,South,25216,91505.0,04:56:00,04:50:22,04:51:18,6,2698,5th Ave & Pine St,0.0,1.0
2025-10-02,515,South,25216,91505.0,,04:52:11,04:52:32,7,2700,5th Ave & Seneca St,0.0,1.0
2025-10-02,515,South,25216,91505.0,,04:53:31,04:53:51,8,2702,5th Ave & Marion St,0.0,4.0
2025-10-02,515,South,25216,91505.0,,04:55:09,04:55:26,9,2290,5th Ave & Jefferson St,0.0,3.0
2025-10-02,515,South,25216,91505.0,05:04:00,04:57:51,04:57:51,10,2706,5th Ave S & S Jackson St,0.0,5.0
2025-10-02,515,South,25217,91724.0,04:50:00,04:50:10,04:50:10,0,2113,Lynnwood City Center Station Bay D1,20.0,0.0
2025-10-02,515,South,25217,91724.0,04:54:00,04:54:23,04:54:58,1,2765,Mountlake Terrace Fwy Station Bay 6,3.0,0.0
2025-10-02,515,South,25217,91724.0,05:11:00,05:09:18,05:10:03,4,1909,Stewart St & 9th Ave,0.0,5.0
2025-10-02,515,South,25217,91724.0,,05:11:06,05:11:26,5,1908,Stewart St & 7th Ave,1.0,2.0
2025-10-02,515,South,25217,91724.0,05:16:00,05:12:28,05:13:22,6,2698,5th Ave & Pine St,0.0,2.0
2025-10-02,515,South,25217,91724.0,,05:14:18,05:14:38,7,2700,5th Ave & Seneca St,0.0,2.0
2025-10-02,515,South,25217,91724.0,,05:15:34,05:16:26,8,2702,5th Ave & Marion St,0.0,3.0
2025-10-02,515,South,25217,91724.0,,05:17:37,05:18:10,9,2290,5th Ave & Jefferson St,0.0,5.0
2025-10-02,515,South,25217,91724.0,05:24:00,05:20:07,05:20:07,10,2706,5th Ave S & S Jackson St,0.0,5.0
2025-10-02,515,South,25218,91726.0,05:10:00,05:10:08,05:10:08,0,2113,Lynnwood City Center Station Bay D1,27.0,0.0
2025-10-02,515,South,25218,91726.0,05:14:00,05:14:05,05:14:29,1,2765,Mountlake Terrace Fwy Station Bay 6,2.0,0.0
2025-10-02,515,South,25218,91726.0,05:31:00,05:28:47,05:29:12,4,1909,Stewart St & 9th Ave,0.0,8.0
2025-10-02,515,South,25218,91726.0,,05:30:04,05:30:32,5,1908,Stewart St & 7th Ave,0.0,4.0
2025-10-02,515,South,25218,91726.0,05:36:00,05:31:44,05:32:22,6,2698,5th Ave & Pine St,0.0,2.0
2025-10-02,515,South,25218,91726.0,,05:33:19,05:33:50,7,2700,5th Ave & Seneca St,0.0,8.0
2025-10-02,515,South,25218,91726.0,,05:34:30,05:35:06,8,2702,5th Ave & Marion St,0.0,3.0
2025-10-02,515,South,25218,91726.0,,05:35:48,05:36:13,9,2290,5th Ave & Jefferson St,0.0,2.0
2025-10-02,515,South,25218,91726.0,05:44:00,05:37:29,05:37:29,10,2706,5th Ave S & S Jackson St,0.0,2.0
2025-10-02,515,South,25219,91713.0,05:30:00,05:31:13,05:31:13,0,2113,Lynnwood City Center Station Bay D1,0.0,0.0
2025-10-02,515,South,25219,91713.0,05:34:00,05:35:02,05:35:22,1,2765,Mountlake Terrace Fwy Station Bay 6,0.0,0.0
2025-10-02,515,South,25219,91713.0,05:51:00,05:48:42,05:49:05,4,1909,Stewart St & 9th Ave,0.0,0.0
2025-10-02,515,South,25219,91713.0,,05:50:08,05:50:32,5,1908,Stewart St & 7th Ave,0.0,0.0
2025-10-02,515,South,25219,91713.0,05:56:00,05:52:32,05:53:24,6,2698,5th Ave & Pine St,0.0,0.0
2025-10-02,515,South,25219,91713.0,,05:54:23,05:54:55,7,2700,5th Ave & Seneca St,0.0,0.0
2025-10-02,515,South,25219,91713.0,,05:55:35,05:56:09,8,2702,5th Ave & Marion St,0.0,0.0
2025-10-02,515,South,25219,91713.0,,05:58:07,05:58:30,9,2290,5th Ave & Jefferson St,0.0,0.0
2025-10-02,515,South,25219,91713.0,06:05:00,06:00:52,06:00:52,10,2706,5th Ave S & S Jackson St,0.0,0.0
2025-10-02,515,South,25220,91714.0,05:55:00,05:56:42,05:56:42,0,2113,Lynnwood City Center Station Bay D1,30.0,0.0
2025-10-02,515,South,25220,91714.0,05:59:00,05:59:57,06:00:44,1,2765,Mountlake Terrace Fwy Station Bay 6,12.0,0.0
2025-10-02,515,South,25220,91714.0,06:16:00,06:13:36,06:14:02,4,1909,Stewart St & 9th Ave,0.0,7.0
2025-10-02,515,South,25220,91714.0,,06:15:10,06:15:34,5,1908,Stewart St & 7th Ave,0.0,7.0
2025-10-02,515,South,25220,91714.0,06:21:00,06:16:50,06:17:26,6,2698,5th Ave & Pine St,1.0,3.0
2025-10-02,515,South,25220,91714.0,,06:19:01,06:19:34,7,2700,5th Ave & Seneca St,0.0,11.0
2025-10-02,515,South,25220,91714.0,,06:20:37,06:21:18,8,2702,5th Ave & Marion St,0.0,8.0
2025-10-02,515,South,25220,91714.0,,06:22:27,06:23:00,9,2290,5th Ave & Jefferson St,0.0,6.0
2025-10-02,515,South,25220,91714.0,06:30:00,06:25:39,06:25:39,10,2706,5th Ave S & S Jackson St,0.0,1.0
2025-10-02,515,South,25221,91724.0,06:05:00,06:06:32,06:06:32,0,2113,Lynnwood City Center Station Bay D1,43.0,0.0
2025-10-02,515,South,25221,91724.0,06:09:00,06:10:55,06:11:45,1,2765,Mountlake Terrace Fwy Station Bay 6,7.0,0.0
2025-10-02,515,South,25221,91724.0,06:27:00,06:26:29,06:27:09,4,1909,Stewart St & 9th Ave,2.0,15.0
2025-10-02,515,South,25221,91724.0,,06:28:41,06:29:05,5,1908,Stewart St & 7th Ave,1.0,4.0
2025-10-02,515,South,25221,91724.0,06:32:00,06:30:20,06:31:35,6,2698,5th Ave & Pine St,0.0,4.0
2025-10-02,515,South,25221,91724.0,,06:32:30,06:33:03,7,2700,5th Ave & Seneca St,0.0,9.0
2025-10-02,515,South,25221,91724.0,,06:34:26,06:35:04,8,2702,5th Ave & Marion St,0.0,9.0
2025-10-02,515,South,25221,91724.0,,06:37:04,06:37:53,9,2290,5th Ave & Jefferson St,0.0,11.0
2025-10-02,515,South,25221,91724.0,06:41:00,06:40:49,06:40:49,10,2706,5th Ave S & S Jackson St,0.0,1.0
2025-10-02,515,South,25222,91721.0,06:15:00,06:15:23,06:15:23,0,2113,Lynnwood City Center Station Bay D1,29.0,0.0
2025-10-02,515,South,25222,91721.0,06:19:00,06:20:03,06:20:44,1,2765,Mountlake Terrace Fwy Station Bay 6,4.0,0.0
2025-10-02,515,South,25222,91721.0,06:37:00,06:35:32,06:35:56,4,1909,Stewart St & 9th Ave,0.0,5.0
2025-10-02,515,South,25222,91721.0,,06:36:49,06:37:15,5,1908,Stewart St & 7th Ave,0.0,4.0
2025-10-02,515,South,25222,91721.0,06:42:00,06:39:19,06:39:40,6,2698,5th Ave & Pine St,0.0,4.0
2025-10-02,515,South,25222,91721.0,,06:41:30,06:42:08,7,2700,5th Ave & Seneca St,0.0,8.0
2025-10-02,515,South,25222,91721.0,,06:43:04,06:43:48,8,2702,5th Ave & Marion St,0.0,5.0
2025-10-02,515,South,25222,91721.0,,06:44:59,06:45:39,9,2290,5th Ave & Jefferson St,0.0,5.0
2025-10-02,515,South,25222,91721.0,06:52:00,06:47:20,06:47:20,10,2706,5th Ave S & S Jackson St,0.0,2.0
2025-10-02,515,South,25223,91726.0,06:25:00,06:26:32,06:26:32,0,2113,Lynnwood City Center Station Bay D1,48.0,0.0
2025-10-02,515,South,25223,91726.0,06:29:00,06:30:54,06:31:13,1,2765,Mountlake Terrace Fwy Station Bay 6,2.0,1.0
2025-10-02,515,South,25223,91726.0,06:49:00,06:46:17,06:46:56,4,1909,Stewart St & 9th Ave,0.0,14.0
2025-10-02,515,South,25223,91726.0,,06:48:06,06:48:40,5,1908,Stewart St & 7th Ave,0.0,10.0
2025-10-02,515,South,25223,91726.0,06:54:00,06:49:45,06:50:03,6,2698,5th Ave & Pine St,0.0,2.0
2025-10-02,515,South,25223,91726.0,,06:51:48,06:52:33,7,2700,5th Ave & Seneca St,0.0,13.0
2025-10-02,515,South,25223,91726.0,,06:53:28,06:53:56,8,2702,5th Ave & Marion St,1.0,4.0
2025-10-02,515,South,25223,91726.0,,06:55:25,06:55:47,9,2290,5th Ave & Jefferson St,0.0,3.0
2025-10-02,515,South,25223,91726.0,07:05:00,06:58:59,06:58:59,10,2706,5th Ave S & S Jackson St,0.0,4.0
2025-10-02,515,South,25224,19810.0,06:35:00,06:36:36,06:36:36,0,2113,Lynnwood City Center Station Bay D1,34.0,0.0
2025-10-02,515,South,25224,19810.0,06:39:00,06:40:45,06:41:37,1,2765,Mountlake Terrace Fwy Station Bay 6,10.0,0.0
2025-10-02,515,South,25224,19810.0,07:00:00,06:57:08,06:57:45,4,1909,Stewart St & 9th Ave,0.0,10.0
2025-10-02,515,South,25224,19810.0,,06:58:40,06:59:07,5,1908,Stewart St & 7th Ave,0.0,10.0
2025-10-02,515,South,25224,19810.0,07:05:00,07:01:50,07:02:10,6,2698,5th Ave & Pine St,0.0,4.0
2025-10-02,515,South,25224,19810.0,,07:04:02,07:04:37,7,2700,5th Ave & Seneca St,2.0,7.0
2025-10-02,515,South,25224,19810.0,,07:05:37,07:06:17,8,2702,5th Ave & Marion St,0.0,7.0
2025-10-02,515,South,25224,19810.0,,07:08:09,07:08:09,9,2290,5th Ave & Jefferson St,0.0,5.0
2025-10-02,515,South,25224,19810.0,07:16:00,07:10:39,07:10:39,10,2706,5th Ave S & S Jackson St,0.0,3.0
2025-10-02,515,South,25225,91501.0,06:45:00,06:45:11,06:45:11,0,2113,Lynnwood City Center Station Bay D1,16.0,0.0
2025-10-02,515,South,25225,91501.0,06:50:00,06:49:31,06:50:10,1,2765,Mountlake Terrace Fwy Station Bay 6,6.0,0.0
2025-10-02,515,South,25225,91501.0,07:11:00,07:05:32,07:05:47,4,1909,Stewart St & 9th Ave,0.0,3.0
2025-10-02,515,South,25225,91501.0,,07:06:22,07:06:51,5,1908,Stewart St & 7th Ave,0.0,4.0
2025-10-02,515,South,25225,91501.0,07:16:00,07:07:51,07:08:12,6,2698,5th Ave & Pine St,0.0,4.0
2025-10-02,515,South,25225,91501.0,,07:09:59,07:10:26,7,2700,5th Ave & Seneca St,1.0,3.0
2025-10-02,515,South,25225,91501.0,,07:11:44,07:12:19,8,2702,5th Ave & Marion St,0.0,4.0
2025-10-02,515,South,25225,91501.0,,07:13:35,07:14:04,9,2290,5th Ave & Jefferson St,0.0,4.0
2025-10-02,515,South,25225,91501.0,07:27:00,07:15:47,07:15:47,10,2706,5th Ave S & S Jackson St,0.0,1.0
2025-10-02,515,South,25226,91707.0,06:55:00,06:56:43,06:56:43,0,2113,Lynnwood City Center Station Bay D1,29.0,0.0
2025-10-02,515,South,25226,91707.0,07:00:00,07:01:16,07:02:02,1,2765,Mountlake Terrace Fwy Station Bay 6,9.0,0.0
2025-10-02,515,South,25226,91707.0,07:21:00,07:17:46,07:18:12,4,1909,Stewart St & 9th Ave,0.0,10.0
2025-10-02,515,South,25226,91707.0,,07:19:42,07:20:11,5,1908,Stewart St & 7th Ave,1.0,4.0
2025-10-02,515,South,25226,91707.0,07:26:00,07:21:19,07:22:33,6,2698,5th Ave & Pine St,0.0,5.0
2025-10-02,515,South,25226,91707.0,,07:24:34,07:24:58,7,2700,5th Ave & Seneca St,1.0,6.0
2025-10-02,515,South,25226,91707.0,,07:26:34,07:27:19,8,2702,5th Ave & Marion St,0.0,10.0
2025-10-02,515,South,25226,91707.0,,07:28:33,07:29:08,9,2290,5th Ave & Jefferson St,0.0,5.0
2025-10-02,515,South,25226,91707.0,07:37:00,07:30:49,07:30:49,10,2706,5th Ave S & S Jackson St,0.0,0.0
2025-10-02,515,South,25227,91719.0,07:05:00,07:05:33,07:05:33,0,2113,Lynnwood City Center Station Bay D1,38.0,0.0
2025-10-02,515,South,25227,91719.0,07:10:00,07:09:49,07:10:22,1,2765,Mountlake Terrace Fwy Station Bay 6,2.0,0.0
2025-10-02,515,South,25227,91719.0,07:34:00,07:26:46,07:27:26,4,1909,Stewart St & 9th Ave,0.0,19.0
2025-10-02,515,South,25227,91719.0,,07:28:48,07:29:08,5,1908,Stewart St & 7th Ave,0.0,4.0
2025-10-02,515,South,25227,91719.0,07:39:00,07:30:20,07:31:33,6,2698,5th Ave & Pine St,0.0,6.0
2025-10-02,515,South,25227,91719.0,,07:33:29,07:33:55,7,2700,5th Ave & Seneca St,0.0,2.0
2025-10-02,515,South,25227,91719.0,,07:35:27,07:36:18,8,2702,5th Ave & Marion St,0.0,5.0
2025-10-02,515,South,25227,91719.0,,07:37:26,07:37:55,9,2290,5th Ave & Jefferson St,0.0,4.0
2025-10-02,515,South,25227,91719.0,07:50:00,07:40:37,07:40:37,10,2706,5th Ave S & S Jackson St,0.0,0.0
2025-10-02,515,South,25228,91714.0,07:15:00,07:15:58,07:15:58,0,2113,Lynnwood City Center Station Bay D1,35.0,0.0
2025-10-02,515,South,25228,91714.0,07:20:00,07:20:55,07:21:21,1,2765,Mountlake Terrace Fwy Station Bay 6,2.0,0.0
2025-10-02,515,South,25228,91714.0,07:51:00,07:41:26,07:42:59,4,1909,Stewart St & 9th Ave,0.0,18.0
2025-10-02,515,South,25228,91714.0,,07:43:40,07:44:09,5,1908,Stewart St & 7th Ave,0.0,7.0
2025-10-02,515,South,25228,91714.0,07:56:00,07:45:25,07:46:36,6,2698,5th Ave & Pine St,0.0,3.0
2025-10-02,515,South,25228,91714.0,,07:47:40,07:48:07,7,2700,5th Ave & Seneca St,0.0,3.0
2025-10-02,515,South,25228,91714.0,,07:49:07,07:49:52,8,2702,5th Ave & Marion St,0.0,5.0
2025-10-02,515,South,25228,91714.0,,07:51:05,07:51:27,9,2290,5th Ave & Jefferson St,0.0,1.0
2025-10-02,515,South,25228,91714.0,08:07:00,07:54:22,07:54:22,10,2706,5th Ave S & S Jackson St,0.0,0.0
2025-10-02,515,South,25229,19812.0,07:25:00,07:26:26,07:26:26,0,2113,Lynnwood City Center Station Bay D1,14.0,0.0
2025-10-02,515,South,25229,19812.0,07:30:00,07:32:45,07:33:25,1,2765,Mountlake Terrace Fwy Station Bay 6,8.0,0.0
2025-10-02,515,South,25229,19812.0,08:02:00,07:54:21,07:54:45,4,1909,Stewart St & 9th Ave,0.0,9.0
2025-10-02,515,South,25229,19812.0,,07:55:44,07:56:05,5,1908,Stewart St & 7th Ave,0.0,8.0
2025-10-02,515,South,25229,19812.0,08:07:00,07:57:26,07:57:40,6,2698,5th Ave & Pine St,0.0,1.0
2025-10-02,515,South,25229,19812.0,,07:59:40,07:59:59,7,2700,5th Ave & Seneca St,0.0,1.0
2025-10-02,515,South,25229,19812.0,,08:01:16,08:01:47,8,2702,5th Ave & Marion St,0.0,3.0
2025-10-02,515,South,25229,19812.0,,08:04:04,08:04:14,9,2290,5th Ave & Jefferson St,0.0,0.0
2025-10-02,515,South,25229,19812.0,08:18:00,08:06:09,08:06:09,10,2706,5th Ave S & S Jackson St,0.0,0.0
2025-10-02,515,South,25230,91908.0,07:35:00,07:36:50,07:36:50,0,2113,Lynnwood City Center Station Bay D1,24.0,0.0
2025-10-02,515,South,25230,91908.0,07:40:00,07:40:59,07:41:45,1,2765,Mountlake Terrace Fwy Station Bay 6,12.0,0.0
2025-10-02,515,South,25230,91908.0,08:13:00,08:05:23,08:05:53,4,1909,Stewart St & 9th Ave,0.0,16.0
2025-10-02,515,South,25230,91908.0,,08:06:19,08:06:46,5,1908,Stewart St & 7th Ave,0.0,5.0
2025-10-02,515,South,25230,91908.0,08:18:00,08:07:45,08:08:06,6,2698,5th Ave & Pine St,1.0,2.0
2025-10-02,515,South,25230,91908.0,,08:09:57,08:10:28,7,2700,5th Ave & Seneca St,1.0,8.0
2025-10-02,515,South,25230,91908.0,,08:11:44,08:12:15,8,2702,5th Ave & Marion St,0.0,3.0
2025-10-02,515,South,25230,91908.0,,08:13:27,08:13:48,9,2290,5th Ave & Jefferson St,0.0,1.0
2025-10-02,515,South,25230,91908.0,08:29:00,08:16:03,08:16:03,10,2706,5th Ave S & S Jackson St,0.0,3.0
2025-10-02,515,South,25231,19855.0,07:45:00,07:47:04,07:47:04,0,2113,Lynnwood City Center Station Bay D1,22.0,0.0
2025-10-02,515,South,25231,19855.0,07:50:00,07:51:17,07:51:54,1,2765,Mountlake Terrace Fwy Station Bay 6,2.0,0.0
2025-10-02,515,South,25231,19855.0,08:23:00,08:18:15,08:18:54,4,1909,Stewart St & 9th Ave,0.0,15.0
2025-10-02,515,South,25231,19855.0,,08:19:38,08:20:02,5,1908,Stewart St & 7th Ave,0.0,2.0
2025-10-02,515,South,25231,19855.0,08:28:00,08:22:46,08:23:07,6,2698,5th Ave & Pine St,0.0,2.0
2025-10-02,515,South,25231,19855.0,,08:25:01,08:25:16,7,2700,5th Ave & Seneca St,0.0,1.0
2025-10-02,515,South,25231,19855.0,,08:26:30,08:27:18,8,2702,5th Ave & Marion St,0.0,3.0
2025-10-02,515,South,25231,19855.0,,08:28:29,08:28:47,9,2290,5th Ave & Jefferson St,0.0,1.0
2025-10-02,515,South,25231,19855.0,08:39:00,08:30:38,08:30:38,10,2706,5th Ave S & S Jackson St,0.0,0.0
2025-10-02,515,South,25232,91729.0,07:55:00,07:55:26,07:55:26,0,2113,Lynnwood City Center Station Bay D1,19.0,0.0
2025-10-02,515,South,25232,91729.0,08:00:00,08:01:49,08:02:09,1,2765,Mountlake Terrace Fwy Station Bay 6,3.0,0.0
2025-10-02,515,South,25232,91729.0,08:35:00,08:29:29,08:30:01,4,1909,Stewart St & 9th Ave,2.0,9.0
2025-10-02,515,South,25232,91729.0,,08:30:29,08:30:50,5,1908,Stewart St & 7th Ave,0.0,5.0
2025-10-02,515,South,25232,91729.0,08:40:00,08:31:55,08:33:09,6,2698,5th Ave & Pine St,0.0,1.0
2025-10-02,515,South,25232,91729.0,,08:35:18,08:35:36,7,2700,5th Ave & Seneca St,1.0,2.0
2025-10-02,515,South,25232,91729.0,,08:37:16,08:37:49,8,2702,5th Ave & Marion St,0.0,5.0
2025-10-02,515,South,25232,91729.0,,08:40:05,08:40:36,9,2290,5th Ave & Jefferson St,0.0,3.0
2025-10-02,515,South,25232,91729.0,08:51:00,08:43:59,08:43:59,10,2706,5th Ave S & S Jackson St,0.0,0.0
2025-10-02,515,South,25233,91707.0,08:15:00,08:16:17,08:16:17,0,2113,Lynnwood City Center Station Bay D1,15.0,0.0
2025-10-02,515,South,25233,91707.0,08:19:00,08:21:47,08:22:39,1,2765,Mountlake Terrace Fwy Station Bay 6,4.0,0.0
2025-10-02,515,South,25233,91707.0,08:58:00,08:52:40,08:53:11,4,1909,Stewart St & 9th Ave,0.0,10.0
2025-10-02,515,South,25233,91707.0,,08:54:07,08:54:25,5,1908,Stewart St & 7th Ave,0.0,2.0
2025-10-02,515,South,25233,91707.0,09:03:00,08:57:13,08:57:32,6,2698,5th Ave & Pine St,0.0,1.0
2025-10-02,515,South,25233,91707.0,,08:59:50,09:00:11,7,2700,5th Ave & Seneca St,0.0,4.0
2025-10-02,515,South,25233,91707.0,,09:01:17,09:01:48,8,2702,5th Ave & Marion St,0.0,1.0
2025-10-02,515,South,25233,91707.0,,09:04:01,09:04:20,9,2290,5th Ave & Jefferson St,0.0,1.0
2025-10-02,515,South,25233,91707.0,09:14:00,09:07:21,09:07:21,10,2706,5th Ave S & S Jackson St,0.0,0.0
2025-10-02,515,South,25234,91715.0,08:35:00,08:35:31,08:35:31,0,2113,Lynnwood City Center Station Bay D1,4.0,0.0
2025-10-02,515,South,25234,91715.0,08:39:00,08:40:12,08:41:06,1,2765,Mountlake Terrace Fwy Station Bay 6,7.0,0.0
2025-10-02,515,South,25234,91715.0,09:18:00,09:11:28,09:11:53,4,1909,Stewart St & 9th Ave,0.0,7.0
2025-10-02,515,South,25234,91715.0,,09:12:25,09:12:53,5,1908,Stewart St & 7th Ave,0.0,3.0
2025-10-02,515,South,25234,91715.0,09:23:00,09:15:24,09:16:35,6,2698,5th Ave & Pine St,0.0,0.0
2025-10-02,515,South,25234,91715.0,,09:18:51,09:19:12,7,2700,5th Ave & Seneca St,1.0,2.0
2025-10-02,515,South,25234,91715.0,,09:20:46,09:21:20,8,2702,5th Ave & Marion St,0.0,0.0
2025-10-02,515,South,25234,91715.0,,09:22:33,09:23:02,9,2290,5th Ave & Jefferson St,0.0,0.0
2025-10-02,515,South,25234,91715.0,09:34:00,09:26:28,09:26:28,10,2706,5th Ave S & S Jackson St,0.0,0.0
2025-10-02,515,South,25235,91708.0,08:55:00,08:57:14,08:57:14,0,2113,Lynnwood City Center Station Bay D1,10.0,0.0
2025-10-02,515,South,25235,91708.0,08:59:00,09:01:13,09:01:22,1,2765,Mountlake Terrace Fwy Station Bay 6,0.0,0.0
2025-10-02,515,South,25235,91708.0,09:38:00,09:29:33,09:30:03,4,1909,Stewart St & 9th Ave,0.0,3.0
2025-10-02,515,South,25235,91708.0,,09:30:36,09:30:58,5,1908,Stewart St & 7th Ave,0.0,3.0
2025-10-02,515,South,25235,91708.0,09:43:00,09:33:16,09:33:36,6,2698,5th Ave & Pine St,0.0,1.0
2025-10-02,515,South,25235,91708.0,,09:35:11,09:35:26,7,2700,5th Ave & Seneca St,0.0,2.0
2025-10-02,515,South,25235,91708.0,,09:36:59,09:37:20,8,2702,5th Ave & Marion St,0.0,1.0
2025-10-02,515,South,25235,91708.0,,09:38:53,09:39:00,9,2290,5th Ave & Jefferson St,0.0,0.0
2025-10-02,515,South,25235,91708.0,09:54:00,09:41:07,09:41:07,10,2706,5th Ave S & S Jackson St,0.0,0.0
2025-10-03,515,North,25197,19813.0,15:00:00,15:00:12,15:00:12,0,640,4th Ave S & S Jackson St,1.0,0.0
2025-10-03,515,North,25197,19813.0,,15:00:44,15:00:55,1,635,4th Ave S & S Washington St,0.0,0.0
2025-10-03,515,North,25197,19813.0,,15:02:39,15:03:12,2,2638,4th Ave & Cherry St,4.0,0.0
2025-10-03,515,North,25197,19813.0,,15:04:27,15:05:46,3,641,4th Ave & Seneca St,4.0,3.0
2025-10-03,515,North,25197,19813.0,15:06:00,15:07:02,15:07:50,4,2976,4th Ave & Pine St,3.0,0.0
2025-10-03,515,North,25197,19813.0,,15:08:50,15:10:03,5,473,Olive Way & 6th Ave,5.0,0.0
2025-10-03,515,North,25197,19813.0,15:10:00,15:11:35,15:12:09,6,430,Howell St & 9th Ave,3.0,0.0
2025-10-03,515,North,25197,19813.0,,15:14:35,15:15:10,7,431,Howell St & Yale Ave,3.0,5.0
2025-10-03,515,North,25197,19813.0,15:30:00,15:33:14,15:33:33,10,2766,Mountlake Terrace Fwy Station Bay 7,0.0,15.0
2025-10-03,515,North,25197,19813.0,15:38:00,15:37:55,15:37:55,11,2118,Lynnwood City Center Station Bay A5,0.0,0.0
2025-10-03,515,North,25198,91717.0,15:10:00,15:10:17,15:10:17,0,640,4th Ave S & S Jackson St,0.0,0.0
2025-10-03,515,North,25198,91717.0,,15:11:01,15:11:13,1,635,4th Ave S & S Washington St,1.0,0.0
2025-10-03,515,North,25198,91717.0,,15:12:58,15:13:14,2,2638,4th Ave & Cherry St,0.0,0.0
2025-10-03,515,North,25198,91717.0,,15:15:12,15:16:37,3,641,4th Ave & Seneca St,3.0,0.0
2025-10-03,515,North,25198,91717.0,15:16:00,15:17:42,15:18:22,4,2976,4th Ave & Pine St,0.0,0.0
2025-10-03,515,North,25198,91717.0,,15:20:59,15:21:59,5,473,Olive Way & 6th Ave,2.0,0.0
2025-10-03,515,North,25198,91717.0,15:20:00,15:23:37,15:24:01,6,430,Howell St & 9th Ave,3.0,0.0
2025-10-03,515,North,25198,91717.0,,15:28:09,15:28:36,7,431,Howell St & Yale Ave,1.0,7.0
2025-10-03,515,North,25198,91717.0,15:40:00,15:47:37,15:47:59,10,2766,Mountlake Terrace Fwy Station Bay 7,0.0,3.0
2025-10-03,515,North,25198,91717.0,15:50:00,15:52:48,15:52:48,11,2118,Lynnwood City Center Station Bay A5,0.0,0.0
2025-10-03,515,North,25199,91720.0,15:20:00,15:21:53,15:21:53,0,640,4th Ave S & S Jackson St,1.0,0.0
2025-10-03,515,North,25199,91720.0,,15:23:06,15:23:21,1,635,4th Ave S & S Washington St,1.0,0.0
2025-10-03,515,North,25199,91720.0,,15:25:04,15:25:24,2,2638,4th Ave & Cherry St,4.0,0.0
2025-10-03,515,North,25199,91720.0,,15:27:07,15:27:22,3,641,4th Ave & Seneca St,2.0,0.0
2025-10-03,515,North,25199,91720.0,15:26:00,15:29:28,15:29:43,4,2976,4th Ave & Pine St,2.0,0.0
2025-10-03,515,North,25199,91720.0,,15:32:59,15:34:27,5,473,Olive Way & 6th Ave,7.0,0.0
2025-10-03,515,North,25199,91720.0,15:30:00,15:36:09,15:36:51,6,430,Howell St & 9th Ave,10.0,1.0
2025-10-03,515,North,25199,91720.0,,15:40:08,15:40:31,7,431,Howell St & Yale Ave,3.0,1.0
2025-10-03,515,North,25199,91720.0,15:51:00,16:00:42,16:01:09,10,2766,Mountlake Terrace Fwy Station Bay 7,0.0,5.0
2025-10-03,515,North,25199,91720.0,16:03:00,16:06:01,16:06:01,11,2118,Lynnwood City Center Station Bay A5,0.0,23.0
2025-10-03,515,North,25200,91726.0,15:30:00,15:30:41,15:30:41,0,640,4th Ave S & S Jackson St,0.0,0.0
2025-10-03,515,North,25200,91726.0,,15:31:56,15:32:16,1,635,4th Ave S & S Washington St,1.0,0.0
2025-10-03,515,North,25200,91726.0,,15:32:56,15:33:22,2,2638,4th Ave & Cherry St,2.0,0.0
2025-10-03,515,North,25200,91726.0,,15:34:31,15:35:49,3,641,4th Ave & Seneca St,2.0,0.0
2025-10-03,515,North,25200,91726.0,15:36:00,15:36:44,15:37:04,4,2976,4th Ave & Pine St,1.0,0.0
2025-10-03,515,North,25200,91726.0,,15:38:46,15:39:01,5,473,Olive Way & 6th Ave,1.0,0.0
2025-10-03,515,North,25200,91726.0,15:40:00,15:40:30,15:41:04,6,430,Howell St & 9th Ave,1.0,0.0
2025-10-03,515,North,25200,91726.0,,15:44:37,15:44:56,7,431,Howell St & Yale Ave,1.0,0.0
2025-10-03,515,North,25200,91726.0,16:02:00,16:04:04,16:04:24,10,2766,Mountlake Terrace Fwy Station Bay 7,0.0,9.0
2025-10-03,515,North,25200,91726.0,16:14:00,16:09:26,16:09:26,11,2118,Lynnwood City Center Station Bay A5,0.0,0.0
2025-10-03,515,North,25201,,15:40:00,,,0,640,4th Ave S & S Jackson St,,
2025-10-03,515,North,25201,,,,,1,635,4th Ave S & S Washington St,,
2025-10-03,515,North,25201,,,,,2,2638,4th Ave & Cherry St,,
2025-10-03,515,North,25201,,,,,3,641,4th Ave & Seneca St,,
2025-10-03,515,North,25201,,15:46:00,,,4,2976,4th Ave & Pine St,,
2025-10-03,515,North,25201,,,,,5,473,Olive Way & 6th Ave,,
2025-10-03,515,North,25201,,15:50:00,,,6,430,Howell St & 9th Ave,,
2025-10-03,515,North,25201,,,,,7,431,Howell St & Yale Ave,,
2025-10-03,515,North,25201,,16:12:00,,,10,2766,Mountlake Terrace Fwy Station Bay 7,,
2025-10-03,515,North,25201,,16:27:00,,,11,2118,Lynnwood City Center Station Bay A5,,
2025-10-03,515,North,25202,91913.0,15:50:00,15:50:19,15:50:19,0,640,4th Ave S & S Jackson St,1.0,0.0
2025-10-03,515,North,25202,91913.0,,15:51:24,15:51:46,1,635,4th Ave S & S Washington St,2.0,0.0
2025-10-03,515,North,25202,91913.0,,15:53:25,15:54:18,2,2638,4th Ave & Cherry St,11.0,0.0
2025-10-03,515,North,25202,91913.0,,15:55:37,15:56:45,3,641,4th Ave & Seneca St,4.0,0.0
2025-10-03,515,North,25202,91913.0,15:56:00,15:58:59,15:59:21,4,2976,4th Ave & Pine St,1.0,0.0
2025-10-03,515,North,25202,91913.0,,16:01:09,16:02:30,5,473,Olive Way & 6th Ave,8.0,0.0
2025-10-03,515,North,25202,91913.0,16:00:00,16:04:01,16:04:46,6,430,Howell St & 9th Ave,9.0,0.0
2025-10-03,515,North,25202,91913.0,,16:07:05,16:07:49,7,431,Howell St & Yale Ave,6.0,0.0
2025-10-03,515,North,25202,91913.0,16:23:00,16:27:33,16:28:00,10,2766,Mountlake Terrace Fwy Station Bay 7,2.0,4.0
2025-10-03,515,North,25202,91913.0,16:39:00,16:32:18,16:32:18,11,2118,Lynnwood City Center Station Bay A5,0.0,40.0
2025-10-03,515,North,25203,19811.0,16:00:00,16:00:06,16:00:06,0,640,4th Ave S & S Jackson St,2.0,0.0
2025-10-03,515,North,25203,19811.0,,16:00:48,16:01:01,1,635,4th Ave S & S Washington St,1.0,0.0
2025-10-03,515,North,25203,19811.0,,16:03:03,16:03:38,2,2638,4th Ave & Cherry St,2.0,0.0
2025-10-03,515,North,25203,19811.0,,16:05:43,16:06:13,3,641,4th Ave & Seneca St,3.0,2.0
2025-10-03,515,North,25203,19811.0,16:06:00,16:08:09,16:08:25,4,2976,4th Ave & Pine St,1.0,0.0
2025-10-03,515,North,25203,19811.0,,16:10:11,16:11:29,5,473,Olive Way & 6th Ave,6.0,0.0
2025-10-03,515,North,25203,19811.0,16:10:00,16:12:12,16:13:20,6,430,Howell St & 9th Ave,7.0,0.0
2025-10-03,515,North,25203,19811.0,,16:16:05,16:16:24,7,431,Howell St & Yale Ave,2.0,0.0
2025-10-03,515,North,25203,19811.0,16:33:00,16:35:39,16:36:06,10,2766,Mountlake Terrace Fwy Station Bay 7,0.0,22.0
2025-10-03,515,North,25203,19811.0,16:49:00,16:41:56,16:41:56,11,2118,Lynnwood City Center Station Bay A5,0.0,0.0
2025-10-03,515,North,25204,,16:10:00,,,0,640,4th Ave S & S Jackson St,,
2025-10-03,515,North,25204,,,,,1,635,4th Ave S & S Washington St,,
2025-10-03,515,North,25204,,,,,2,2638,4th Ave & Cherry St,,
2025-10-03,515,North,25204,,,,,3,641,4th Ave & Seneca St,,
2025-10-03,515,North,25204,,16:16:00,,,4,2976,4th Ave & Pine St,,
2025-10-03,515,North,25204,,,,,5,473,Olive Way & 6th Ave,,
2025-10-03,515,North,25204,,16:20:00,,,6,430,Howell St & 9th Ave,,
2025-10-03,515,North,25204,,,,,7,431,Howell St & Yale Ave,,
2025-10-03,515,North,25204,,16:43:00,,,10,2766,Mountlake Terrace Fwy Station Bay 7,,
2025-10-03,515,North,25204,,16:59:00,,,11,2118,Lynnwood City Center Station Bay A5,,
2025-10-03,515,North,25205,19814.0,16:20:00,16:21:41,16:21:41,0,640,4th Ave S & S Jackson St,2.0,0.0
2025-10-03,515,North,25205,19814.0,,16:22:56,16:23:08,1,635,4th Ave S & S Washington St,0.0,0.0
2025-10-03,515,North,25205,19814.0,,16:23:58,16:24:26,2,2638,4th Ave & Cherry St,4.0,0.0
2025-10-03,515,North,25205,19814.0,,16:25:37,16:26:43,3,641,4th Ave & Seneca St,4.0,0.0
2025-10-03,515,North,25205,19814.0,16:26:00,16:27:47,16:28:49,4,2976,4th Ave & Pine St,3.0,0.0
2025-10-03,515,North,25205,19814.0,,16:29:57,16:31:01,5,473,Olive Way & 6th Ave,5.0,0.0
2025-10-03,515,North,25205,19814.0,16:30:00,16:32:31,16:33:20,6,430,Howell St & 9th Ave,7.0,0.0
2025-10-03,515,North,25205,19814.0,,16:37:05,16:37:57,7,431,Howell St & Yale Ave,2.0,0.0
2025-10-03,515,North,25205,19814.0,16:53:00,16:56:21,16:56:46,10,2766,Mountlake Terrace Fwy Station Bay 7,0.0,27.0
2025-10-03,515,North,25205,19814.0,17:09:00,17:02:31,17:02:31,11,2118,Lynnwood City Center Station Bay A5,0.0,0.0
2025-10-03,515,North,25206,91706.0,16:30:00,16:31:26,16:31:26,0,640,4th Ave S & S Jackson St,0.0,0.0
2025-10-03,515,North,25206,91706.0,,16:32:02,16:32:15,1,635,4th Ave S & S Washington St,0.0,0.0
2025-10-03,515,North,25206,91706.0,,16:33:46,16:34:06,2,2638,4th Ave & Cherry St,1.0,0.0
2025-10-03,515,North,25206,91706.0,,16:35:35,16:36:26,3,641,4th Ave & Seneca St,3.0,0.0
2025-10-03,515,North,25206,91706.0,16:36:00,16:38:22,16:39:25,4,2976,4th Ave & Pine St,3.0,0.0
2025-10-03,515,North,25206,91706.0,,16:41:39,16:43:01,5,473,Olive Way & 6th Ave,4.0,0.0
2025-10-03,515,North,25206,91706.0,16:40:00,16:43:36,16:44:05,6,430,Howell St & 9th Ave,1.0,0.0
2025-10-03,515,North,25206,91706.0,,16:47:36,16:48:12,7,431,Howell St & Yale Ave,3.0,3.0
2025-10-03,515,North,25206,91706.0,17:03:00,17:06:00,17:06:34,10,2766,Mountlake Terrace Fwy Station Bay 7,0.0,12.0
2025-10-03,515,North,25206,91706.0,17:19:00,17:11:09,17:11:09,11,2118,Lynnwood City Center Station Bay A5,0.0,0.0
2025-10-03,515,North,25207,91911.0,16:40:00,16:40:24,16:40:24,0,640,4th Ave S & S Jackson St,2.0,0.0
2025-10-03,515,North,25207,91911.0,,16:41:06,16:41:24,1,635,4th Ave S & S Washington St,2.0,0.0
2025-10-03,515,North,25207,91911.0,,16:43:08,16:43:58,2,2638,4th Ave & Cherry St,6.0,0.0
2025-10-03,515,North,25207,91911.0,,16:46:02,16:46:21,3,641,4th Ave & Seneca St,1.0,0.0
2025-10-03,515,North,25207,91911.0,16:46:00,16:47:27,16:48:23,4,2976,4th Ave & Pine St,4.0,3.0
2025-10-03,515,North,25207,91911.0,,16:49:28,16:50:31,5,473,Olive Way & 6th Ave,3.0,2.0
2025-10-03,515,North,25207,91911.0,16:50:00,16:51:09,16:51:33,6,430,Howell St & 9th Ave,3.0,5.0
2025-10-03,515,North,25207,91911.0,,16:55:04,16:55:27,7,431,Howell St & Yale Ave,1.0,0.0
2025-10-03,515,North,25207,91911.0,17:13:00,17:12:31,17:12:58,10,2766,Mountlake Terrace Fwy Station Bay 7,0.0,12.0
2025-10-03,515,North,25207,91911.0,17:29:00,17:17:09,17:17:09,11,2118,Lynnwood City Center Station Bay A5,0.0,0.0
2025-10-03,515,North,25208,19854.0,16:50:00,16:50:10,16:50:10,0,640,4th Ave S & S Jackson St,3.0,0.0
2025-10-03,515,North,25208,19854.0,,16:51:23,16:51:38,1,635,4th Ave S & S Washington St,1.0,0.0
2025-10-03,515,North,25208,19854.0,,16:52:21,16:52:39,2,2638,4th Ave & Cherry St,1.0,0.0
2025-10-03,515,North,25208,19854.0,,16:54:17,16:55:21,3,641,4th Ave & Seneca St,7.0,2.0
2025-10-03,515,North,25208,19854.0,16:56:00,16:56:39,16:57:18,4,2976,4th Ave & Pine St,1.0,0.0
2025-10-03,515,North,25208,19854.0,,16:58:30,16:59:31,5,473,Olive Way & 6th Ave,4.0,0.0
2025-10-03,515,North,25208,19854.0,17:00:00,17:00:06,17:00:29,6,430,Howell St & 9th Ave,1.0,0.0
2025-10-03,515,North,25208,19854.0,,17:02:49,17:03:09,7,431,Howell St & Yale Ave,1.0,0.0
2025-10-03,515,North,25208,19854.0,17:22:00,17:19:14,17:19:31,10,2766,Mountlake Terrace Fwy Station Bay 7,0.0,2.0
2025-10-03,515,North,25208,19854.0,17:38:00,17:23:30,17:23:30,11,2118,Lynnwood City Center Station Bay A5,0.0,15.0
2025-10-03,515,North,25209,91719.0,17:00:00,17:00:17,17:00:17,0,640,4th Ave S & S Jackson St,1.0,0.0
2025-10-03,515,North,25209,91719.0,,17:00:52,17:01:04,1,635,4th Ave S & S Washington St,0.0,0.0
2025-10-03,515,North,25209,91719.0,,17:02:22,17:02:53,2,2638,4th Ave & Cherry St,2.0,0.0
2025-10-03,515,North,25209,91719.0,,17:04:31,17:04:55,3,641,4th Ave & Seneca St,2.0,0.0
2025-10-03,515,North,25209,91719.0,17:06:00,17:08:03,17:08:25,4,2976,4th Ave & Pine St,1.0,2.0
2025-10-03,515,North,25209,91719.0,,17:10:12,17:11:29,5,473,Olive Way & 6th Ave,5.0,0.0
2025-10-03,515,North,25209,91719.0,17:10:00,17:12:10,17:12:50,6,430,Howell St & 9th Ave,4.0,2.0
2025-10-03,515,North,25209,91719.0,,17:15:02,17:15:35,7,431,Howell St & Yale Ave,4.0,0.0
2025-10-03,515,North,25209,91719.0,17:32:00,17:30:12,17:30:37,10,2766,Mountlake Terrace Fwy Station Bay 7,0.0,15.0
2025-10-03,515,North,25209,91719.0,17:48:00,17:35:34,17:35:34,11,2118,Lynnwood City Center Station Bay A5,0.0,0.0
2025-10-03,515,North,25210,91702.0,17:10:00,17:11:03,17:11:03,0,640,4th Ave S & S Jackson St,0.0,0.0
2025-10-03,515,North,25210,91702.0,,17:12:37,17:12:37,1,635,4th Ave S & S Washington St,0.0,0.0
2025-10-03,515,North,25210,91702.0,,17:14:17,17:14:36,2,2638,4th Ave & Cherry St,0.0,0.0
2025-10-03,515,North,25210,91702.0,,17:17:28,17:18:15,3,641,4th Ave & Seneca St,0.0,0.0
2025-10-03,515,North,25210,91702.0,17:16:00,17:21:34,17:22:26,4,2976,4th Ave & Pine St,0.0,0.0
2025-10-03,515,North,25210,91702.0,,17:25:14,17:26:33,5,473,Olive Way & 6th Ave,0.0,0.0
2025-10-03,515,North,25210,91702.0,17:20:00,17:28:02,17:28:41,6,430,Howell St & 9th Ave,0.0,0.0
2025-10-03,515,North,25210,91702.0,,17:31:06,17:31:39,7,431,Howell St & Yale Ave,0.0,0.0
2025-10-03,515,North,25210,91702.0,17:42:00,17:46:18,17:46:33,10,2766,Mountlake Terrace Fwy Station Bay 7,0.0,0.0
2025-10-03,515,North,25210,91702.0,17:58:00,17:51:47,17:51:47,11,2118,Lynnwood City Center Station Bay A5,0.0,0.0
2025-10-03,515,North,25211,91901.0,17:20:00,17:20:34,17:20:34,0,640,4th Ave S & S Jackson St,0.0,0.0
2025-10-03,515,North,25211,91901.0,,17:21:26,17:21:26,1,635,4th Ave S & S Washington St,0.0,0.0
2025-10-03,515,North,25211,91901.0,,17:22:15,17:22:32,2,2638,4th Ave & Cherry St,1.0,0.0
2025-10-03,515,North,25211,91901.0,,17:26:29,17:26:59,3,641,4th Ave & Seneca St,3.0,0.0
2025-10-03,515,North,25211,91901.0,17:26:00,17:29:05,17:29:35,4,2976,4th Ave & Pine St,3.0,0.0
2025-10-03,515,North,25211,91901.0,,17:31:13,17:32:29,5,473,Olive Way & 6th Ave,5.0,0.0
2025-10-03,515,North,25211,91901.0,17:30:00,17:34:06,17:34:25,6,430,Howell St & 9th Ave,2.0,0.0
2025-10-03,515,North,25211,91901.0,,17:37:09,17:37:26,7,431,Howell St & Yale Ave,0.0,2.0
2025-10-03,515,North,25211,91901.0,17:51:00,17:51:15,17:51:40,10,2766,Mountlake Terrace Fwy Station Bay 7,0.0,9.0
2025-10-03,515,North,25211,91901.0,18:06:00,17:55:50,17:55:50,11,2118,Lynnwood City Center Station Bay A5,0.0,3.0
2025-10-03,515,North,25212,91902.0,17:40:00,17:40:36,17:40:36,0,640,4th Ave S & S Jackson St,1.0,0.0
2025-10-03,515,North,25212,91902.0,,17:41:14,17:41:26,1,635,4th Ave S & S Washington St,0.0,0.0
2025-10-03,515,North,25212,91902.0,,17:42:47,17:43:18,2,2638,4th Ave & Cherry St,3.0,0.0
2025-10-03,515,North,25212,91902.0,,17:45:03,17:46:13,3,641,4th Ave & Seneca St,4.0,0.0
2025-10-03,515,North,25212,91902.0,17:46:00,17:47:35,17:48:16,4,2976,4th Ave & Pine St,2.0,6.0
2025-10-03,515,North,25212,91902.0,,17:49:31,17:50:35,5,473,Olive Way & 6th Ave,2.0,0.0
2025-10-03,515,North,25212,91902.0,17:50:00,17:51:11,17:52:34,6,430,Howell St & 9th Ave,1.0,0.0
2025-10-03,515,North,25212,91902.0,,17:55:04,17:55:26,7,431,Howell St & Yale Ave,1.0,2.0
2025-10-03,515,North,25212,91902.0,18:09:00,18:08:18,18:08:37,10,2766,Mountlake Terrace Fwy Station Bay 7,0.0,6.0
2025-10-03,515,North,25212,91902.0,18:23:00,18:13:26,18:13:26,11,2118,Lynnwood City Center Station Bay A5,0.0,0.0
2025-10-03,515,North,25213,91722.0,18:00:00,18:02:45,18:02:45,0,640,4th Ave S & S Jackson St,6.0,0.0
2025-10-03,515,North,25213,91722.0,,18:03:31,18:03:40,1,635,4th Ave S & S Washington St,0.0,0.0
2025-10-03,515,North,25213,91722.0,,18:05:15,18:05:45,2,2638,4th Ave & Cherry St,4.0,0.0
2025-10-03,515,North,25213,91722.0,,18:07:31,18:07:53,3,641,4th Ave & Seneca St,1.0,0.0
2025-10-03,515,North,25213,91722.0,18:06:00,18:09:34,18:09:54,4,2976,4th Ave & Pine St,2.0,2.0
2025-10-03,515,North,25213,91722.0,,18:11:46,18:13:01,5,473,Olive Way & 6th Ave,5.0,0.0
2025-10-03,515,North,25213,91722.0,18:09:00,18:14:45,18:15:15,6,430,Howell St & 9th Ave,4.0,0.0
2025-10-03,515,North,25213,91722.0,,18:17:36,18:18:01,7,431,Howell St & Yale Ave,3.0,0.0
2025-10-03,515,North,25213,91722.0,18:27:00,18:31:47,18:32:15,10,2766,Mountlake Terrace Fwy Station Bay 7,0.0,8.0
2025-10-03,515,North,25213,91722.0,18:39:00,18:36:32,18:36:32,11,2118,Lynnwood City Center Station Bay A5,0.0,15.0
2025-10-03,515,North,25214,91724.0,18:20:00,18:21:55,18:21:55,0,640,4th Ave S & S Jackson St,1.0,0.0
2025-10-03,515,North,25214,91724.0,,18:22:57,18:23:05,1,635,4th Ave S & S Washington St,0.0,0.0
2025-10-03,515,North,25214,91724.0,,18:23:55,18:24:28,2,2638,4th Ave & Cherry St,2.0,0.0
2025-10-03,515,North,25214,91724.0,,18:25:27,18:26:41,3,641,4th Ave & Seneca St,2.0,0.0
2025-10-03,515,North,25214,91724.0,18:26:00,18:28:15,18:28:49,4,2976,4th Ave & Pine St,0.0,0.0
2025-10-03,515,North,25214,91724.0,,18:31:10,18:32:30,5,473,Olive Way & 6th Ave,3.0,0.0
2025-10-03,515,North,25214,91724.0,18:29:00,18:34:02,18:34:16,6,430,Howell St & 9th Ave,1.0,0.0
2025-10-03,515,North,25214,91724.0,,18:37:04,18:37:28,7,431,Howell St & Yale Ave,1.0,5.0
2025-10-03,515,North,25214,91724.0,18:47:00,18:50:17,18:50:35,10,2766,Mountlake Terrace Fwy Station Bay 7,0.0,5.0
2025-10-03,515,North,25214,91724.0,18:59:00,18:54:40,18:54:40,11,2118,Lynnwood City Center Station Bay A5,0.0,0.0
2025-10-03,515,North,25215,91713.0,18:40:00,18:41:54,18:41:54,0,640,4th Ave S & S Jackson St,0.0,0.0
2025-10-03,515,North,25215,91713.0,,18:42:34,18:43:04,1,635,4th Ave S & S Washington St,0.0,0.0
2025-10-03,515,North,25215,91713.0,,18:44:27,18:44:43,2,2638,4th Ave & Cherry St,0.0,0.0
2025-10-03,515,North,25215,91713.0,,18:46:25,18:46:41,3,641,4th Ave & Seneca St,0.0,0.0
2025-10-03,515,North,25215,91713.0,18:46:00,18:48:57,18:49:54,4,2976,4th Ave & Pine St,0.0,0.0
2025-10-03,515,North,25215,91713.0,,18:51:02,18:51:59,5,473,Olive Way & 6th Ave,0.0,0.0
2025-10-03,515,North,25215,91713.0,18:49:00,18:53:36,18:53:47,6,430,Howell St & 9th Ave,0.0,0.0
2025-10-03,515,North,25215,91713.0,,18:56:38,18:56:53,7,431,Howell St & Yale Ave,0.0,0.0
2025-10-03,515,North,25215,91713.0,19:07:00,19:11:01,19:11:19,10,2766,Mountlake Terrace Fwy Station Bay 7,0.0,0.0
2025-10-03,515,North,25215,91713.0,19:16:00,19:15:41,19:15:41,11,2118,Lynnwood City Center Station Bay A5,0.0,0.0
2025-10-03,515,South,25216,91716.0,04:30:00,04:30:05,04:30:05,0,2113,Lynnwood City Center Station Bay D1,20.0,0.0
2025-10-03,515,South,25216,91716.0,04:34:00,04:34:00,04:34:26,1,2765,Mountlake Terrace Fwy Station Bay 6,4.0,0.0
2025-10-03,515,South,25216,91716.0,04:51:00,04:48:12,04:48:33,4,1909,Stewart St & 9th Ave,0.0,7.0
2025-10-03,515,South,25216,91716.0,,04:50:04,04:50:30,5,1908,Stewart St & 7th Ave,0.0,3.0
2025-10-03,515,South,25216,91716.0,04:56:00,04:51:27,04:52:19,6,2698,5th Ave & Pine St,0.0,3.0
2025-10-03,515,South,25216,91716.0,,04:53:12,04:53:28,7,2700,5th Ave & Seneca St,0.0,1.0
2025-10-03,515,South,25216,91716.0,,04:54:28,04:55:04,8,2702,5th Ave & Marion St,0.0,6.0
2025-10-03,515,South,25216,91716.0,,04:56:26,04:56:46,9,2290,5th Ave & Jefferson St,0.0,4.0
2025-10-03,515,South,25216,91716.0,05:04:00,04:58:57,04:58:57,10,2706,5th Ave S & S Jackson St,0.0,0.0
2025-10-03,515,South,25217,91708.0,04:50:00,04:50:10,04:50:10,0,2113,Lynnwood City Center Station Bay D1,11.0,0.0
2025-10-03,515,South,25217,91708.0,04:54:00,04:54:16,04:54:34,1,2765,Mountlake Terrace Fwy Station Bay 6,1.0,0.0
2025-10-03,515,South,25217,91708.0,05:11:00,05:07:38,05:08:02,4,1909,Stewart St & 9th Ave,0.0,3.0
2025-10-03,515,South,25217,91708.0,,05:09:07,05:09:21,5,1908,Stewart St & 7th Ave,0.0,2.0
2025-10-03,515,South,25217,91708.0,05:16:00,05:10:25,05:11:21,6,2698,5th Ave & Pine St,0.0,1.0
2025-10-03,515,South,25217,91708.0,,05:12:15,05:12:33,7,2700,5th Ave & Seneca St,1.0,2.0
2025-10-03,515,South,25217,91708.0,,05:13:33,05:13:56,8,2702,5th Ave & Marion St,0.0,2.0
2025-10-03,515,South,25217,91708.0,,05:14:45,05:15:11,9,2290,5th Ave & Jefferson St,0.0,3.0
2025-10-03,515,South,25217,91708.0,05:24:00,05:16:41,05:16:41,10,2706,5th Ave S & S Jackson St,0.0,0.0
2025-10-03,515,South,25218,91720.0,05:10:00,05:10:06,05:10:06,0,2113,Lynnwood City Center Station Bay D1,20.0,0.0
2025-10-03,515,South,25218,91720.0,05:14:00,05:14:27,05:14:36,1,2765,Mountlake Terrace Fwy Station Bay 6,1.0,0.0
2025-10-03,515,South,25218,91720.0,05:31:00,05:29:16,05:29:51,4,1909,Stewart St & 9th Ave,2.0,8.0
2025-10-03,515,South,25218,91720.0,,05:31:08,05:31:35,5,1908,Stewart St & 7th Ave,0.0,3.0
2025-10-03,515,South,25218,91720.0,05:36:00,05:33:27,05:33:42,6,2698,5th Ave & Pine St,0.0,0.0
2025-10-03,515,South,25218,91720.0,,05:35:18,05:35:44,7,2700,5th Ave & Seneca St,0.0,7.0
2025-10-03,515,South,25218,91720.0,,05:36:31,05:36:43,8,2702,5th Ave & Marion St,0.0,0.0
2025-10-03,515,South,25218,91720.0,,05:37:22,05:38:13,9,2290,5th Ave & Jefferson St,0.0,3.0
2025-10-03,515,South,25218,91720.0,05:44:00,05:40:01,05:40:01,10,2706,5th Ave S & S Jackson St,0.0,2.0
2025-10-03,515,South,25219,91714.0,05:30:00,05:30:25,05:30:25,0,2113,Lynnwood City Center Station Bay D1,25.0,0.0
2025-10-03,515,South,25219,91714.0,05:34:00,05:34:48,05:35:25,1,2765,Mountlake Terrace Fwy Station Bay 6,5.0,0.0
2025-10-03,515,South,25219,91714.0,05:51:00,05:49:42,05:50:11,4,1909,Stewart St & 9th Ave,1.0,5.0
2025-10-03,515,South,25219,91714.0,,05:51:12,05:51:31,5,1908,Stewart St & 7th Ave,0.0,1.0
2025-10-03,515,South,25219,91714.0,05:56:00,05:52:31,05:53:31,6,2698,5th Ave & Pine St,0.0,2.0
2025-10-03,515,South,25219,91714.0,,05:55:03,05:55:32,7,2700,5th Ave & Seneca St,0.0,9.0
2025-10-03,515,South,25219,91714.0,,05:56:34,05:57:00,8,2702,5th Ave & Marion St,0.0,4.0
2025-10-03,515,South,25219,91714.0,,05:58:22,05:58:51,9,2290,5th Ave & Jefferson St,0.0,7.0
2025-10-03,515,South,25219,91714.0,06:05:00,06:00:55,06:00:55,10,2706,5th Ave S & S Jackson St,0.0,3.0
2025-10-03,515,South,25220,91706.0,05:55:00,05:58:41,05:58:41,0,2113,Lynnwood City Center Station Bay D1,42.0,0.0
2025-10-03,515,South,25220,91706.0,05:59:00,06:01:50,06:02:03,1,2765,Mountlake Terrace Fwy Station Bay 6,0.0,0.0
2025-10-03,515,South,25220,91706.0,06:16:00,06:15:05,06:15:43,4,1909,Stewart St & 9th Ave,0.0,5.0
2025-10-03,515,South,25220,91706.0,,06:16:41,06:17:09,5,1908,Stewart St & 7th Ave,0.0,6.0
2025-10-03,515,South,25220,91706.0,06:21:00,06:19:45,06:20:13,6,2698,5th Ave & Pine St,0.0,4.0
2025-10-03,515,South,25220,91706.0,,06:21:58,06:22:35,7,2700,5th Ave & Seneca St,0.0,11.0
2025-10-03,515,South,25220,91706.0,,06:23:40,06:24:15,8,2702,5th Ave & Marion St,0.0,6.0
2025-10-03,515,South,25220,91706.0,,06:25:28,06:25:54,9,2290,5th Ave & Jefferson St,0.0,6.0
2025-10-03,515,South,25220,91706.0,06:30:00,06:27:48,06:27:48,10,2706,5th Ave S & S Jackson St,0.0,4.0
2025-10-03,515,South,25221,91708.0,06:05:00,06:06:53,06:06:53,0,2113,Lynnwood City Center Station Bay D1,22.0,0.0
2025-10-03,515,South,25221,91708.0,06:09:00,06:11:12,06:12:22,1,2765,Mountlake Terrace Fwy Station Bay 6,7.0,0.0
2025-10-03,515,South,25221,91708.0,06:27:00,06:26:32,06:27:01,4,1909,Stewart St & 9th Ave,0.0,11.0
2025-10-03,515,South,25221,91708.0,,06:27:32,06:27:52,5,1908,Stewart St & 7th Ave,0.0,1.0
2025-10-03,515,South,25221,91708.0,06:32:00,06:30:19,06:31:32,6,2698,5th Ave & Pine St,0.0,6.0
2025-10-03,515,South,25221,91708.0,,06:32:31,06:32:56,7,2700,5th Ave & Seneca St,0.0,5.0
2025-10-03,515,South,25221,91708.0,,06:34:03,06:34:47,8,2702,5th Ave & Marion St,0.0,3.0
2025-10-03,515,South,25221,91708.0,,06:35:58,06:36:29,9,2290,5th Ave & Jefferson St,0.0,3.0
2025-10-03,515,South,25221,91708.0,06:41:00,06:39:00,06:39:00,10,2706,5th Ave S & S Jackson St,0.0,0.0
2025-10-03,515,South,25222,9566.0,06:15:00,06:21:31,06:21:31,0,2113,Lynnwood City Center Station Bay D1,34.0,0.0
2025-10-03,515,South,25222,9566.0,06:19:00,06:26:09,06:26:38,1,2765,Mountlake Terrace Fwy Station Bay 6,1.0,0.0
2025-10-03,515,South,25222,9566.0,06:37:00,06:40:58,06:41:29,4,1909,Stewart St & 9th Ave,0.0,9.0
2025-10-03,515,South,25222,9566.0,,06:42:18,06:42:44,5,1908,Stewart St & 7th Ave,0.0,6.0
2025-10-03,515,South,25222,9566.0,06:42:00,06:45:21,06:45:34,6,2698,5th Ave & Pine St,0.0,0.0
2025-10-03,515,South,25222,9566.0,,06:47:14,06:47:38,7,2700,5th Ave & Seneca St,0.0,11.0
2025-10-03,515,South,25222,9566.0,,06:49:12,06:49:46,8,2702,5th Ave & Marion St,0.0,8.0
2025-10-03,515,South,25222,9566.0,,,,9,2290,5th Ave & Jefferson St,,
2025-10-03,515,South,25222,9566.0,06:52:00,06:54:04,06:54:04,10,2706,5th Ave S & S Jackson St,1.0,2.0
2025-10-03,515,South,25223,91720.0,06:25:00,06:25:14,06:25:14,0,2113,Lynnwood City Center Station Bay D1,12.0,0.0
2025-10-03,515,South,25223,91720.0,06:29:00,06:29:22,06:29:41,1,2765,Mountlake Terrace Fwy Station Bay 6,4.0,0.0
2025-10-03,515,South,25223,91720.0,06:49:00,06:44:25,06:44:40,4,1909,Stewart St & 9th Ave,0.0,5.0
2025-10-03,515,South,25223,91720.0,,06:45:13,06:45:43,5,1908,Stewart St & 7th Ave,0.0,2.0
2025-10-03,515,South,25223,91720.0,06:54:00,06:46:46,06:47:11,6,2698,5th Ave & Pine St,0.0,4.0
2025-10-03,515,South,25223,91720.0,,06:48:56,06:49:23,7,2700,5th Ave & Seneca St,0.0,5.0
2025-10-03,515,South,25223,91720.0,,06:50:35,06:50:43,8,2702,5th Ave & Marion St,0.0,0.0
2025-10-03,515,South,25223,91720.0,,06:52:01,06:52:07,9,2290,5th Ave & Jefferson St,0.0,0.0
2025-10-03,515,South,25223,91720.0,07:05:00,06:54:07,06:54:07,10,2706,5th Ave S & S Jackson St,0.0,0.0
2025-10-03,515,South,25224,91913.0,06:35:00,06:35:31,06:35:31,0,2113,Lynnwood City Center Station Bay D1,26.0,0.0
2025-10-03,515,South,25224,91913.0,06:39:00,06:39:36,06:40:23,1,2765,Mountlake Terrace Fwy Station Bay 6,10.0,0.0
2025-10-03,515,South,25224,91913.0,07:00:00,06:55:23,06:56:04,4,1909,Stewart St & 9th Ave,0.0,13.0
2025-10-03,515,South,25224,91913.0,,06:57:07,06:57:34,5,1908,Stewart St & 7th Ave,0.0,11.0
2025-10-03,515,South,25224,91913.0,07:05:00,06:58:45,06:58:58,6,2698,5th Ave & Pine St,0.0,0.0
2025-10-03,515,South,25224,91913.0,,07:00:39,07:01:09,7,2700,5th Ave & Seneca St,0.0,6.0
2025-10-03,515,South,25224,91913.0,,07:02:35,07:03:14,8,2702,5th Ave & Marion St,0.0,5.0
2025-10-03,515,South,25224,91913.0,,07:05:01,07:05:01,9,2290,5th Ave & Jefferson St,0.0,1.0
2025-10-03,515,South,25224,91913.0,07:16:00,07:07:16,07:07:16,10,2706,5th Ave S & S Jackson St,0.0,0.0
2025-10-03,515,South,25225,91707.0,06:45:00,06:45:17,06:45:17,0,2113,Lynnwood City Center Station Bay D1,23.0,0.0
2025-10-03,515,South,25225,91707.0,06:50:00,06:49:45,06:50:09,1,2765,Mountlake Terrace Fwy Station Bay 6,4.0,0.0
2025-10-03,515,South,25225,91707.0,07:11:00,07:04:52,07:05:16,4,1909,Stewart St & 9th Ave,0.0,7.0
2025-10-03,515,South,25225,91707.0,,07:06:12,07:06:36,5,1908,Stewart St & 7th Ave,1.0,7.0
2025-10-03,515,South,25225,91707.0,07:16:00,07:07:52,07:09:06,6,2698,5th Ave & Pine St,0.0,0.0
2025-10-03,515,South,25225,91707.0,,07:10:06,07:10:29,7,2700,5th Ave & Seneca St,0.0,6.0
2025-10-03,515,South,25225,91707.0,,07:11:48,07:12:16,8,2702,5th Ave & Marion St,0.0,6.0
2025-10-03,515,South,25225,91707.0,,07:13:35,07:14:17,9,2290,5th Ave & Jefferson St,0.0,2.0
2025-10-03,515,South,25225,91707.0,07:27:00,07:15:59,07:15:59,10,2706,5th Ave S & S Jackson St,0.0,0.0
2025-10-03,515,South,25226,91707.0,06:55:00,,,0,2113,Lynnwood City Center Station Bay D1,,
2025-10-03,515,South,25226,91707.0,07:00:00,,,1,2765,Mountlake Terrace Fwy Station Bay 6,,
2025-10-03,515,South,25226,91707.0,07:21:00,,,4,1909,Stewart St & 9th Ave,,
2025-10-03,515,South,25226,91707.0,,,,5,1908,Stewart St & 7th Ave,,
2025-10-03,515,South,25226,91707.0,07:26:00,,,6,2698,5th Ave & Pine St,,
2025-10-03,515,South,25226,91707.0,,,,7,2700,5th Ave & Seneca St,,
2025-10-03,515,South,25226,91707.0,,,,8,2702,5th Ave & Marion St,,
2025-10-03,515,South,25226,91707.0,,,,9,2290,5th Ave & Jefferson St,,
2025-10-03,515,South,25226,91707.0,07:37:00,,,10,2706,5th Ave S & S Jackson St,,
2025-10-03,515,South,25227,91907.0,07:05:00,07:06:53,07:06:53,0,2113,Lynnwood City Center Station Bay D1,54.0,0.0
2025-10-03,515,South,25227,91907.0,07:10:00,07:11:47,07:13:15,1,2765,Mountlake Terrace Fwy Station Bay 6,6.0,0.0
2025-10-03,515,South,25227,91907.0,07:34:00,07:28:36,07:29:22,4,1909,Stewart St & 9th Ave,1.0,19.0
2025-10-03,515,South,25227,91907.0,,07:30:10,07:30:42,5,1908,Stewart St & 7th Ave,0.0,9.0
2025-10-03,515,South,25227,91907.0,07:39:00,07:31:47,07:33:07,6,2698,5th Ave & Pine St,0.0,8.0
2025-10-03,515,South,25227,91907.0,,07:33:59,07:34:32,7,2700,5th Ave & Seneca St,0.0,9.0
2025-10-03,515,South,25227,91907.0,,07:35:42,07:36:17,8,2702,5th Ave & Marion St,0.0,9.0
2025-10-03,515,South,25227,91907.0,,07:37:29,07:38:00,9,2290,5th Ave & Jefferson St,0.0,5.0
2025-10-03,515,South,25227,91907.0,07:50:00,07:40:38,07:40:38,10,2706,5th Ave S & S Jackson St,0.0,2.0
2025-10-03,515,South,25228,91706.0,07:15:00,07:15:45,07:15:45,0,2113,Lynnwood City Center Station Bay D1,22.0,0.0
2025-10-03,515,South,25228,91706.0,07:20:00,07:20:09,07:20:45,1,2765,Mountlake Terrace Fwy Station Bay 6,7.0,0.0
2025-10-03,515,South,25228,91706.0,07:51:00,07:36:05,07:36:41,4,1909,Stewart St & 9th Ave,0.0,11.0
2025-10-03,515,South,25228,91706.0,,07:37:39,07:38:04,5,1908,Stewart St & 7th Ave,0.0,6.0
2025-10-03,515,South,25228,91706.0,07:56:00,07:39:14,07:39:28,6,2698,5th Ave & Pine St,0.0,0.0
2025-10-03,515,South,25228,91706.0,,07:41:08,07:41:32,7,2700,5th Ave & Seneca St,0.0,4.0
2025-10-03,515,South,25228,91706.0,,07:42:56,07:43:47,8,2702,5th Ave & Marion St,0.0,7.0
2025-10-03,515,South,25228,91706.0,,07:44:53,07:45:20,9,2290,5th Ave & Jefferson St,0.0,1.0
2025-10-03,515,South,25228,91706.0,08:07:00,07:47:22,07:47:22,10,2706,5th Ave S & S Jackson St,0.0,0.0
2025-10-03,515,South,25229,91721.0,07:25:00,07:25:29,07:25:29,0,2113,Lynnwood City Center Station Bay D1,14.0,0.0
2025-10-03,515,South,25229,91721.0,07:30:00,07:30:09,07:30:46,1,2765,Mountlake Terrace Fwy Station Bay 6,5.0,0.0
2025-10-03,515,South,25229,91721.0,08:02:00,07:47:26,07:47:53,4,1909,Stewart St & 9th Ave,0.0,8.0
2025-10-03,515,South,25229,91721.0,,07:48:25,07:48:54,5,1908,Stewart St & 7th Ave,0.0,6.0
2025-10-03,515,South,25229,91721.0,08:07:00,07:51:19,07:51:33,6,2698,5th Ave & Pine St,1.0,0.0
2025-10-03,515,South,25229,91721.0,,07:53:17,07:53:41,7,2700,5th Ave & Seneca St,0.0,2.0
2025-10-03,515,South,25229,91721.0,,07:55:08,07:55:45,8,2702,5th Ave & Marion St,0.0,4.0
2025-10-03,515,South,25229,91721.0,,07:56:57,07:57:14,9,2290,5th Ave & Jefferson St,0.0,0.0
2025-10-03,515,South,25229,91721.0,08:18:00,07:59:00,07:59:00,10,2706,5th Ave S & S Jackson St,0.0,0.0
2025-10-03,515,South,25230,91712.0,07:35:00,07:35:12,07:35:12,0,2113,Lynnwood City Center Station Bay D1,7.0,0.0
2025-10-03,515,South,25230,91712.0,07:40:00,07:39:34,07:40:09,1,2765,Mountlake Terrace Fwy Station Bay 6,7.0,0.0
2025-10-03,515,South,25230,91712.0,08:13:00,07:56:38,07:56:59,4,1909,Stewart St & 9th Ave,0.0,4.0
2025-10-03,515,South,25230,91712.0,,07:57:27,07:57:54,5,1908,Stewart St & 7th Ave,1.0,4.0
2025-10-03,515,South,25230,91712.0,08:18:00,07:58:47,07:59:08,6,2698,5th Ave & Pine St,1.0,2.0
2025-10-03,515,South,25230,91712.0,,08:00:51,08:01:17,7,2700,5th Ave & Seneca St,0.0,3.0
2025-10-03,515,South,25230,91712.0,,08:02:44,08:03:21,8,2702,5th Ave & Marion St,0.0,2.0
2025-10-03,515,South,25230,91712.0,,08:04:22,08:05:00,9,2290,5th Ave & Jefferson St,0.0,1.0
2025-10-03,515,South,25230,91712.0,08:29:00,08:07:15,08:07:15,10,2706,5th Ave S & S Jackson St,0.0,0.0
2025-10-03,515,South,25231,19857.0,07:45:00,07:44:47,07:44:47,0,2113,Lynnwood City Center Station Bay D1,15.0,0.0
2025-10-03,515,South,25231,19857.0,07:50:00,07:49:13,07:49:47,1,2765,Mountlake Terrace Fwy Station Bay 6,9.0,0.0
2025-10-03,515,South,25231,19857.0,08:23:00,08:05:31,08:06:01,4,1909,Stewart St & 9th Ave,1.0,14.0
2025-10-03,515,South,25231,19857.0,,08:06:29,08:06:55,5,1908,Stewart St & 7th Ave,0.0,4.0
2025-10-03,515,South,25231,19857.0,08:28:00,08:07:52,08:09:05,6,2698,5th Ave & Pine St,1.0,1.0
2025-10-03,515,South,25231,19857.0,,08:10:02,08:10:21,7,2700,5th Ave & Seneca St,0.0,1.0
2025-10-03,515,South,25231,19857.0,,08:11:49,08:12:17,8,2702,5th Ave & Marion St,0.0,6.0
2025-10-03,515,South,25231,19857.0,,08:13:32,08:13:45,9,2290,5th Ave & Jefferson St,0.0,0.0
2025-10-03,515,South,25231,19857.0,08:39:00,08:16:12,08:16:12,10,2706,5th Ave S & S Jackson St,0.0,0.0
2025-10-03,515,South,25232,91713.0,07:55:00,07:55:06,07:55:06,0,2113,Lynnwood City Center Station Bay D1,0.0,0.0
2025-10-03,515,South,25232,91713.0,08:00:00,07:59:47,08:00:14,1,2765,Mountlake Terrace Fwy Station Bay 6,0.0,0.0
2025-10-03,515,South,25232,91713.0,08:35:00,08:16:14,08:16:41,4,1909,Stewart St & 9th Ave,0.0,0.0
2025-10-03,515,South,25232,91713.0,,08:17:12,08:17:38,5,1908,Stewart St & 7th Ave,0.0,0.0
2025-10-03,515,South,25232,91713.0,08:40:00,08:19:55,08:20:08,6,2698,5th Ave & Pine St,0.0,0.0
2025-10-03,515,South,25232,91713.0,,08:22:04,08:22:22,7,2700,5th Ave & Seneca St,0.0,0.0
2025-10-03,515,South,25232,91713.0,,08:23:48,08:24:19,8,2702,5th Ave & Marion St,0.0,0.0
2025-10-03,515,South,25232,91713.0,,08:26:30,08:26:30,9,2290,5th Ave & Jefferson St,0.0,0.0
2025-10-03,515,South,25232,91713.0,08:51:00,08:27:59,08:27:59,10,2706,5th Ave S & S Jackson St,0.0,0.0
2025-10-03,515,South,25233,91722.0,08:15:00,08:16:25,08:16:25,0,2113,Lynnwood City Center Station Bay D1,21.0,0.0
2025-10-03,515,South,25233,91722.0,08:19:00,08:20:48,08:21:37,1,2765,Mountlake Terrace Fwy Station Bay 6,10.0,0.0
2025-10-03,515,South,25233,91722.0,08:58:00,08:36:55,08:37:33,4,1909,Stewart St & 9th Ave,0.0,17.0
2025-10-03,515,South,25233,91722.0,,08:38:03,08:38:28,5,1908,Stewart St & 7th Ave,0.0,5.0
2025-10-03,515,South,25233,91722.0,09:03:00,08:40:45,08:41:09,6,2698,5th Ave & Pine St,3.0,0.0
2025-10-03,515,South,25233,91722.0,,08:42:53,08:43:19,7,2700,5th Ave & Seneca St,1.0,5.0
2025-10-03,515,South,25233,91722.0,,08:44:33,08:45:17,8,2702,5th Ave & Marion St,0.0,7.0
2025-10-03,515,South,25233,91722.0,,08:46:35,08:47:04,9,2290,5th Ave & Jefferson St,0.0,1.0
2025-10-03,515,South,25233,91722.0,09:14:00,08:49:01,08:49:01,10,2706,5th Ave S & S Jackson St,0.0,0.0
2025-10-03,515,South,25234,91725.0,08:35:00,08:35:37,08:35:37,0,2113,Lynnwood City Center Station Bay D1,9.0,0.0
2025-10-03,515,South,25234,91725.0,08:39:00,08:39:52,08:40:36,1,2765,Mountlake Terrace Fwy Station Bay 6,8.0,0.0
2025-10-03,515,South,25234,91725.0,09:18:00,09:01:03,09:01:35,4,1909,Stewart St & 9th Ave,1.0,12.0
2025-10-03,515,South,25234,91725.0,,09:02:06,09:02:33,5,1908,Stewart St & 7th Ave,0.0,5.0
2025-10-03,515,South,25234,91725.0,09:23:00,09:05:00,09:06:20,6,2698,5th Ave & Pine St,3.0,0.0
2025-10-03,515,South,25234,91725.0,,09:08:18,09:08:43,7,2700,5th Ave & Seneca St,1.0,2.0
2025-10-03,515,South,25234,91725.0,,09:10:14,09:10:51,8,2702,5th Ave & Marion St,0.0,0.0
2025-10-03,515,South,25234,91725.0,,09:12:04,09:12:30,9,2290,5th Ave & Jefferson St,0.0,3.0
2025-10-03,515,South,25234,91725.0,09:34:00,09:14:11,09:14:11,10,2706,5th Ave S & S Jackson St,0.0,0.0
2025-10-03,515,South,25235,91902.0,08:55:00,08:57:01,08:57:01,0,2113,Lynnwood City Center Station Bay D1,7.0,0.0
2025-10-03,515,South,25235,91902.0,08:59:00,09:00:40,09:01:26,1,2765,Mountlake Terrace Fwy Station Bay 6,9.0,0.0
2025-10-03,515,South,25235,91902.0,09:38:00,09:20:21,09:20:40,4,1909,Stewart St & 9th Ave,1.0,5.0
2025-10-03,515,South,25235,91902.0,,09:21:19,09:21:51,5,1908,Stewart St & 7th Ave,0.0,8.0
2025-10-03,515,South,25235,91902.0,09:43:00,09:24:10,09:24:23,6,2698,5th Ave & Pine St,0.0,0.0
2025-10-03,515,South,25235,91902.0,,09:26:08,09:26:21,7,2700,5th Ave & Seneca St,0.0,0.0
2025-10-03,515,South,25235,91902.0,,09:27:53,09:28:15,8,2702,5th Ave & Marion St,0.0,4.0
2025-10-03,515,South,25235,91902.0,,09:30:58,09:31:06,9,2290,5th Ave & Jefferson St,0.0,0.0
2025-10-03,515,South,25235,91902.0,09:54:00,09:32:22,09:32:22,10,2706,5th Ave S & S Jackson St,0.0,0.0
2025-10-06,515,North,25197,9566.0,15:00:00,15:00:13,15:00:13,0,640,4th Ave S & S Jackson St,2.0,0.0
2025-10-06,515,North,25197,9566.0,,15:01:44,15:02:07,1,635,4th Ave S & S Washington St,0.0,0.0
2025-10-06,515,North,25197,9566.0,,15:02:51,15:04:00,2,2638,4th Ave & Cherry St,11.0,0.0
2025-10-06,515,North,25197,9566.0,,15:05:34,15:06:17,3,641,4th Ave & Seneca St,6.0,0.0
2025-10-06,515,North,25197,9566.0,15:06:00,15:07:18,15:07:50,4,2976,4th Ave & Pine St,3.0,3.0
2025-10-06,515,North,25197,9566.0,,15:09:11,15:10:05,5,473,Olive Way & 6th Ave,6.0,0.0
2025-10-06,515,North,25197,9566.0,15:10:00,15:11:35,15:12:41,6,430,Howell St & 9th Ave,10.0,2.0
2025-10-06,515,North,25197,9566.0,,15:16:08,15:16:47,7,431,Howell St & Yale Ave,3.0,0.0
2025-10-06,515,North,25197,9566.0,15:30:00,15:34:42,15:35:12,10,2766,Mountlake Terrace Fwy Station Bay 7,1.0,37.0
2025-10-06,515,North,25197,9566.0,15:38:00,15:39:48,15:39:48,11,2118,Lynnwood City Center Station Bay A5,0.0,0.0
2025-10-06,515,North,25198,91711.0,15:10:00,15:11:13,15:11:13,0,640,4th Ave S & S Jackson St,2.0,0.0
2025-10-06,515,North,25198,91711.0,,15:13:52,15:14:10,1,635,4th Ave S & S Washington St,1.0,0.0
2025-10-06,515,North,25198,91711.0,,15:14:53,15:15:26,2,2638,4th Ave & Cherry St,2.0,0.0
2025-10-06,515,North,25198,91711.0,,15:17:41,15:19:30,3,641,4th Ave & Seneca St,4.0,0.0
2025-10-06,515,North,25198,91711.0,15:16:00,15:20:35,15:21:26,4,2976,4th Ave & Pine St,3.0,0.0
2025-10-06,515,North,25198,91711.0,,15:22:35,15:23:39,5,473,Olive Way & 6th Ave,5.0,0.0
2025-10-06,515,North,25198,91711.0,15:20:00,15:25:12,15:26:22,6,430,Howell St & 9th Ave,7.0,7.0
2025-10-06,515,North,25198,91711.0,,15:31:20,15:32:01,7,431,Howell St & Yale Ave,1.0,3.0
2025-10-06,515,North,25198,91711.0,15:40:00,15:50:58,15:51:36,10,2766,Mountlake Terrace Fwy Station Bay 7,0.0,15.0
2025-10-06,515,North,25198,91711.0,15:50:00,15:56:14,15:56:14,11,2118,Lynnwood City Center Station Bay A5,0.0,0.0
2025-10-06,515,North,25199,91705.0,15:20:00,15:20:14,15:20:14,0,640,4th Ave S & S Jackson St,1.0,0.0
2025-10-06,515,North,25199,91705.0,,15:21:35,15:21:54,1,635,4th Ave S & S Washington St,1.0,0.0
2025-10-06,515,North,25199,91705.0,,15:23:22,15:23:44,2,2638,4th Ave & Cherry St,2.0,0.0
2025-10-06,515,North,25199,91705.0,,15:26:47,15:27:11,3,641,4th Ave & Seneca St,1.0,0.0
2025-10-06,515,North,25199,91705.0,15:26:00,15:29:01,15:29:29,4,2976,4th Ave & Pine St,1.0,3.0
2025-10-06,515,North,25199,91705.0,,15:31:12,15:32:32,5,473,Olive Way & 6th Ave,3.0,0.0
2025-10-06,515,North,25199,91705.0,15:30:00,15:33:11,15:33:41,6,430,Howell St & 9th Ave,3.0,0.0
2025-10-06,515,North,25199,91705.0,,15:37:06,15:37:31,7,431,Howell St & Yale Ave,2.0,0.0
2025-10-06,515,North,25199,91705.0,15:51:00,15:56:28,15:56:58,10,2766,Mountlake Terrace Fwy Station Bay 7,0.0,11.0
2025-10-06,515,North,25199,91705.0,16:03:00,16:01:03,16:01:03,11,2118,Lynnwood City Center Station Bay A5,0.0,0.0
2025-10-06,515,North,25200,,15:30:00,,,0,640,4th Ave S & S Jackson St,,
2025-10-06,515,North,25200,,,,,1,635,4th Ave S & S Washington St,,
2025-10-06,515,North,25200,,,,,2,2638,4th Ave & Cherry St,,
2025-10-06,515,North,25200,,,,,3,641,4th Ave & Seneca St,,
2025-10-06,515,North,25200,,15:36:00,,,4,2976,4th Ave & Pine St,,
2025-10-06,515,North,25200,,,,,5,473,Olive Way & 6th Ave,,
2025-10-06,515,North,25200,,15:40:00,,,6,430,Howell St & 9th Ave,,
2025-10-06,515,North,25200,,,,,7,431,Howell St & Yale Ave,,
2025-10-06,515,North,25200,,16:02:00,,,10,2766,Mountlake Terrace Fwy Station Bay 7,,
2025-10-06,515,North,25200,,16:14:00,,,11,2118,Lynnwood City Center Station Bay A5,,
2025-10-06,515,North,25201,91903.0,15:40:00,15:40:32,15:40:32,0,640,4th Ave S & S Jackson St,3.0,0.0
2025-10-06,515,North,25201,91903.0,,15:41:15,15:41:31,1,635,4th Ave S & S Washington St,2.0,0.0
2025-10-06,515,North,25201,91903.0,,15:42:54,15:43:36,2,2638,4th Ave & Cherry St,13.0,0.0
2025-10-06,515,North,25201,91903.0,,15:45:00,15:45:38,3,641,4th Ave & Seneca St,9.0,0.0
2025-10-06,515,North,25201,91903.0,15:46:00,15:47:16,15:47:31,4,2976,4th Ave & Pine St,1.0,0.0
2025-10-06,515,North,25201,91903.0,,15:49:14,15:50:33,5,473,Olive Way & 6th Ave,14.0,0.0
2025-10-06,515,North,25201,91903.0,15:50:00,15:51:11,15:51:59,6,430,Howell St & 9th Ave,11.0,0.0
2025-10-06,515,North,25201,91903.0,,15:55:08,15:55:37,7,431,Howell St & Yale Ave,5.0,2.0
2025-10-06,515,North,25201,91903.0,16:12:00,16:13:15,16:13:46,10,2766,Mountlake Terrace Fwy Station Bay 7,0.0,11.0
2025-10-06,515,North,25201,91903.0,16:27:00,16:18:12,16:18:12,11,2118,Lynnwood City Center Station Bay A5,0.0,45.0
2025-10-06,515,North,25202,91902.0,15:50:00,15:50:13,15:50:13,0,640,4th Ave S & S Jackson St,2.0,0.0
2025-10-06,515,North,25202,91902.0,,15:51:22,15:51:41,1,635,4th Ave S & S Washington St,3.0,0.0
2025-10-06,515,North,25202,91902.0,,15:52:20,15:52:54,2,2638,4th Ave & Cherry St,7.0,0.0
2025-10-06,515,North,25202,91902.0,,15:55:30,15:55:53,3,641,4th Ave & Seneca St,4.0,0.0
2025-10-06,515,North,25202,91902.0,15:56:00,15:57:34,15:57:59,4,2976,4th Ave & Pine St,3.0,0.0
2025-10-06,515,North,25202,91902.0,,15:59:37,16:01:01,5,473,Olive Way & 6th Ave,17.0,1.0
2025-10-06,515,North,25202,91902.0,16:00:00,16:02:30,16:03:05,6,430,Howell St & 9th Ave,10.0,1.0
2025-10-06,515,North,25202,91902.0,,16:05:33,16:05:50,7,431,Howell St & Yale Ave,2.0,0.0
2025-10-06,515,North,25202,91902.0,16:23:00,16:23:43,16:24:19,10,2766,Mountlake Terrace Fwy Station Bay 7,0.0,13.0
2025-10-06,515,North,25202,91902.0,16:39:00,16:29:38,16:29:38,11,2118,Lynnwood City Center Station Bay A5,0.0,33.0
2025-10-06,515,North,25203,19812.0,16:00:00,16:01:30,16:01:30,0,640,4th Ave S & S Jackson St,2.0,0.0
2025-10-06,515,North,25203,19812.0,,16:02:04,16:02:20,1,635,4th Ave S & S Washington St,0.0,0.0
2025-10-06,515,North,25203,19812.0,,16:03:56,16:04:23,2,2638,4th Ave & Cherry St,1.0,0.0
2025-10-06,515,North,25203,19812.0,,16:06:12,16:07:16,3,641,4th Ave & Seneca St,2.0,0.0
2025-10-06,515,North,25203,19812.0,16:06:00,16:08:28,16:09:23,4,2976,4th Ave & Pine St,1.0,5.0
2025-10-06,515,North,25203,19812.0,,16:10:39,16:11:31,5,473,Olive Way & 6th Ave,5.0,0.0
2025-10-06,515,North,25203,19812.0,16:10:00,16:13:14,16:13:49,6,430,Howell St & 9th Ave,2.0,0.0
2025-10-06,515,North,25203,19812.0,,16:17:47,16:18:33,7,431,Howell St & Yale Ave,5.0,8.0
2025-10-06,515,North,25203,19812.0,16:33:00,16:37:49,16:38:01,10,2766,Mountlake Terrace Fwy Station Bay 7,0.0,5.0
2025-10-06,515,North,25203,19812.0,16:49:00,16:42:53,16:42:53,11,2118,Lynnwood City Center Station Bay A5,0.0,0.0
2025-10-06,515,North,25204,91710.0,16:10:00,16:20:01,16:20:01,0,640,4th Ave S & S Jackson St,2.0,0.0
2025-10-06,515,North,25204,91710.0,,16:21:31,16:21:55,1,635,4th Ave S & S Washington St,1.0,0.0
2025-10-06,515,North,25204,91710.0,,16:23:43,16:24:59,2,2638,4th Ave & Cherry St,5.0,0.0
2025-10-06,515,North,25204,91710.0,,16:28:05,16:28:41,3,641,4th Ave & Seneca St,1.0,0.0
2025-10-06,515,North,25204,91710.0,16:16:00,16:30:38,16:31:06,4,2976,4th Ave & Pine St,1.0,0.0
2025-10-06,515,North,25204,91710.0,,16:34:19,16:35:41,5,473,Olive Way & 6th Ave,5.0,0.0
2025-10-06,515,North,25204,91710.0,16:20:00,16:37:36,16:38:21,6,430,Howell St & 9th Ave,4.0,0.0
2025-10-06,515,North,25204,91710.0,,16:43:28,16:43:58,7,431,Howell St & Yale Ave,0.0,0.0
2025-10-06,515,North,25204,91710.0,16:43:00,17:04:21,17:05:00,10,2766,Mountlake Terrace Fwy Station Bay 7,1.0,20.0
2025-10-06,515,North,25204,91710.0,16:59:00,17:11:02,17:11:02,11,2118,Lynnwood City Center Station Bay A5,0.0,0.0
2025-10-06,515,North,25205,19856.0,16:20:00,16:20:15,16:20:15,0,640,4th Ave S & S Jackson St,2.0,0.0
2025-10-06,515,North,25205,19856.0,,16:21:38,16:22:02,1,635,4th Ave S & S Washington St,0.0,0.0
2025-10-06,515,North,25205,19856.0,,16:23:46,16:23:46,2,2638,4th Ave & Cherry St,0.0,0.0
2025-10-06,515,North,25205,19856.0,,16:25:38,16:27:03,3,641,4th Ave & Seneca St,8.0,0.0
2025-10-06,515,North,25205,19856.0,16:26:00,16:27:58,16:28:55,4,2976,4th Ave & Pine St,5.0,0.0
2025-10-06,515,North,25205,19856.0,,16:29:58,16:31:02,5,473,Olive Way & 6th Ave,7.0,0.0
2025-10-06,515,North,25205,19856.0,16:30:00,16:32:35,16:33:28,6,430,Howell St & 9th Ave,8.0,0.0
2025-10-06,515,North,25205,19856.0,,16:37:08,16:37:27,7,431,Howell St & Yale Ave,0.0,0.0
2025-10-06,515,North,25205,19856.0,16:53:00,16:57:29,16:58:09,10,2766,Mountlake Terrace Fwy Station Bay 7,1.0,31.0
2025-10-06,515,North,25205,19856.0,17:09:00,17:03:12,17:03:12,11,2118,Lynnwood City Center Station Bay A5,0.0,0.0
2025-10-06,515,North,25206,19852.0,16:30:00,16:30:47,16:30:47,0,640,4th Ave S & S Jackson St,0.0,0.0
2025-10-06,515,North,25206,19852.0,,16:31:59,16:32:31,1,635,4th Ave S & S Washington St,1.0,0.0
2025-10-06,515,North,25206,19852.0,,16:33:50,16:35:04,2,2638,4th Ave & Cherry St,3.0,0.0
2025-10-06,515,North,25206,19852.0,,16:36:08,16:37:20,3,641,4th Ave & Seneca St,3.0,0.0
2025-10-06,515,North,25206,19852.0,16:36:00,16:38:28,16:39:23,4,2976,4th Ave & Pine St,4.0,0.0
2025-10-06,515,North,25206,19852.0,,16:41:44,16:43:04,5,473,Olive Way & 6th Ave,8.0,0.0
2025-10-06,515,North,25206,19852.0,16:40:00,16:44:38,16:45:07,6,430,Howell St & 9th Ave,1.0,0.0
2025-10-06,515,North,25206,19852.0,,16:49:07,16:49:34,7,431,Howell St & Yale Ave,2.0,0.0
2025-10-06,515,North,25206,19852.0,17:03:00,17:08:23,17:08:48,10,2766,Mountlake Terrace Fwy Station Bay 7,0.0,22.0
2025-10-06,515,North,25206,19852.0,17:19:00,17:14:34,17:14:34,11,2118,Lynnwood City Center Station Bay A5,0.0,0.0
2025-10-06,515,North,25207,91714.0,16:40:00,16:40:39,16:40:39,0,640,4th Ave S & S Jackson St,5.0,0.0
2025-10-06,515,North,25207,91714.0,,16:42:37,16:43:22,1,635,4th Ave S & S Washington St,2.0,0.0
2025-10-06,515,North,25207,91714.0,,16:44:50,16:46:33,2,2638,4th Ave & Cherry St,13.0,3.0
2025-10-06,515,North,25207,91714.0,,16:48:15,16:49:17,3,641,4th Ave & Seneca St,4.0,2.0
2025-10-06,515,North,25207,91714.0,16:46:00,16:50:42,16:51:21,4,2976,4th Ave & Pine St,3.0,12.0
2025-10-06,515,North,25207,91714.0,,16:52:15,16:53:42,5,473,Olive Way & 6th Ave,5.0,3.0
2025-10-06,515,North,25207,91714.0,16:50:00,16:55:04,16:55:52,6,430,Howell St & 9th Ave,7.0,0.0
2025-10-06,515,North,25207,91714.0,,17:01:08,17:01:43,7,431,Howell St & Yale Ave,6.0,3.0
2025-10-06,515,North,25207,91714.0,17:13:00,17:19:57,17:20:33,10,2766,Mountlake Terrace Fwy Station Bay 7,0.0,22.0
2025-10-06,515,North,25207,91714.0,17:29:00,17:25:09,17:25:09,11,2118,Lynnwood City Center Station Bay A5,0.0,0.0
2025-10-06,515,North,25208,91905.0,16:50:00,16:52:28,16:52:28,0,640,4th Ave S & S Jackson St,2.0,0.0
2025-10-06,515,North,25208,91905.0,,16:52:58,16:53:09,1,635,4th Ave S & S Washington St,0.0,0.0
2025-10-06,515,North,25208,91905.0,,16:53:55,16:54:37,2,2638,4th Ave & Cherry St,8.0,0.0
2025-10-06,515,North,25208,91905.0,,16:55:42,16:56:44,3,641,4th Ave & Seneca St,3.0,0.0
2025-10-06,515,North,25208,91905.0,16:56:00,16:57:46,16:58:10,4,2976,4th Ave & Pine St,1.0,1.0
2025-10-06,515,North,25208,91905.0,,16:59:46,17:01:03,5,473,Olive Way & 6th Ave,5.0,0.0
2025-10-06,515,North,25208,91905.0,17:00:00,17:02:33,17:03:02,6,430,Howell St & 9th Ave,3.0,0.0
2025-10-06,515,North,25208,91905.0,,17:07:04,17:07:38,7,431,Howell St & Yale Ave,2.0,0.0
2025-10-06,515,North,25208,91905.0,17:22:00,17:26:06,17:26:29,10,2766,Mountlake Terrace Fwy Station Bay 7,0.0,4.0
2025-10-06,515,North,25208,91905.0,17:38:00,17:32:00,17:32:00,11,2118,Lynnwood City Center Station Bay A5,0.0,19.0
2025-10-06,515,North,25209,,17:00:00,,,0,640,4th Ave S & S Jackson St,,
2025-10-06,515,North,25209,,,,,1,635,4th Ave S & S Washington St,,
2025-10-06,515,North,25209,,,,,2,2638,4th Ave & Cherry St,,
2025-10-06,515,North,25209,,,,,3,641,4th Ave & Seneca St,,
2025-10-06,515,North,25209,,17:06:00,,,4,2976,4th Ave & Pine St,,
2025-10-06,515,North,25209,,,,,5,473,Olive Way & 6th Ave,,
2025-10-06,515,North,25209,,17:10:00,,,6,430,Howell St & 9th Ave,,
2025-10-06,515,North,25209,,,,,7,431,Howell St & Yale Ave,,
2025-10-06,515,North,25209,,17:32:00,,,10,2766,Mountlake Terrace Fwy Station Bay 7,,
2025-10-06,515,North,25209,,17:48:00,,,11,2118,Lynnwood City Center Station Bay A5,,
2025-10-06,515,North,25210,91708.0,17:10:00,17:13:11,17:13:11,0,640,4th Ave S & S Jackson St,5.0,0.0
2025-10-06,515,North,25210,91708.0,,17:14:16,17:14:26,1,635,4th Ave S & S Washington St,0.0,0.0
2025-10-06,515,North,25210,91708.0,,17:15:57,17:16:14,2,2638,4th Ave & Cherry St,0.0,0.0
2025-10-06,515,North,25210,91708.0,,17:17:55,17:18:39,3,641,4th Ave & Seneca St,4.0,6.0
2025-10-06,515,North,25210,91708.0,17:16:00,17:20:17,17:20:59,4,2976,4th Ave & Pine St,1.0,0.0
2025-10-06,515,North,25210,91708.0,,17:23:49,17:25:15,5,473,Olive Way & 6th Ave,11.0,0.0
2025-10-06,515,North,25210,91708.0,17:20:00,17:26:41,17:27:19,6,430,Howell St & 9th Ave,5.0,0.0
2025-10-06,515,North,25210,91708.0,,17:31:08,17:31:38,7,431,Howell St & Yale Ave,3.0,0.0
2025-10-06,515,North,25210,91708.0,17:42:00,17:49:56,17:50:29,10,2766,Mountlake Terrace Fwy Station Bay 7,0.0,23.0
2025-10-06,515,North,25210,91708.0,17:58:00,17:54:47,17:54:47,11,2118,Lynnwood City Center Station Bay A5,0.0,0.0
2025-10-06,515,North,25211,91724.0,17:20:00,17:21:12,17:21:12,0,640,4th Ave S & S Jackson St,1.0,0.0
2025-10-06,515,North,25211,91724.0,,17:22:33,17:22:33,1,635,4th Ave S & S Washington St,0.0,0.0
2025-10-06,515,North,25211,91724.0,,17:23:50,17:24:21,2,2638,4th Ave & Cherry St,2.0,0.0
2025-10-06,515,North,25211,91724.0,,17:26:59,17:28:11,3,641,4th Ave & Seneca St,5.0,0.0
2025-10-06,515,North,25211,91724.0,17:26:00,17:29:34,17:30:17,4,2976,4th Ave & Pine St,3.0,0.0
2025-10-06,515,North,25211,91724.0,,17:31:32,17:32:31,5,473,Olive Way & 6th Ave,8.0,0.0
2025-10-06,515,North,25211,91724.0,17:30:00,17:34:06,17:34:50,6,430,Howell St & 9th Ave,6.0,0.0
2025-10-06,515,North,25211,91724.0,,17:38:33,17:39:02,7,431,Howell St & Yale Ave,3.0,1.0
2025-10-06,515,North,25211,91724.0,17:51:00,17:55:56,17:56:18,10,2766,Mountlake Terrace Fwy Station Bay 7,0.0,9.0
2025-10-06,515,North,25211,91724.0,18:06:00,18:00:56,18:00:56,11,2118,Lynnwood City Center Station Bay A5,0.0,18.0
2025-10-06,515,North,25212,,17:40:00,,,0,640,4th Ave S & S Jackson St,,
2025-10-06,515,North,25212,,,,,1,635,4th Ave S & S Washington St,,
2025-10-06,515,North,25212,,,,,2,2638,4th Ave & Cherry St,,
2025-10-06,515,North,25212,,,,,3,641,4th Ave & Seneca St,,
2025-10-06,515,North,25212,,17:46:00,,,4,2976,4th Ave & Pine St,,
2025-10-06,515,North,25212,,,,,5,473,Olive Way & 6th Ave,,
2025-10-06,515,North,25212,,17:50:00,,,6,430,Howell St & 9th Ave,,
2025-10-06,515,North,25212,,,,,7,431,Howell St & Yale Ave,,
2025-10-06,515,North,25212,,18:09:00,,,10,2766,Mountlake Terrace Fwy Station Bay 7,,
2025-10-06,515,North,25212,,18:23:00,,,11,2118,Lynnwood City Center Station Bay A5,,
2025-10-06,515,North,25213,91702.0,18:00:00,18:05:57,18:05:57,0,640,4th Ave S & S Jackson St,5.0,0.0
2025-10-06,515,North,25213,91702.0,,18:06:41,18:07:08,1,635,4th Ave S & S Washington St,0.0,0.0
2025-10-06,515,North,25213,91702.0,,18:08:48,18:10:12,2,2638,4th Ave & Cherry St,2.0,0.0
2025-10-06,515,North,25213,91702.0,,18:12:03,18:13:16,3,641,4th Ave & Seneca St,5.0,0.0
2025-10-06,515,North,25213,91702.0,18:06:00,18:14:40,18:15:24,4,2976,4th Ave & Pine St,7.0,0.0
2025-10-06,515,North,25213,91702.0,,18:16:40,18:17:31,5,473,Olive Way & 6th Ave,5.0,0.0
2025-10-06,515,North,25213,91702.0,18:09:00,18:19:07,18:19:42,6,430,Howell St & 9th Ave,4.0,0.0
2025-10-06,515,North,25213,91702.0,,18:22:11,18:23:38,7,431,Howell St & Yale Ave,5.0,0.0
2025-10-06,515,North,25213,91702.0,18:27:00,18:37:54,18:39:19,10,2766,Mountlake Terrace Fwy Station Bay 7,0.0,6.0
2025-10-06,515,North,25213,91702.0,18:39:00,18:44:15,18:44:15,11,2118,Lynnwood City Center Station Bay A5,5.0,32.0
2025-10-06,515,North,25214,91710.0,18:20:00,18:21:09,18:21:09,0,640,4th Ave S & S Jackson St,3.0,0.0
2025-10-06,515,North,25214,91710.0,,18:21:54,18:22:09,1,635,4th Ave S & S Washington St,0.0,0.0
2025-10-06,515,North,25214,91710.0,,18:23:25,18:24:30,2,2638,4th Ave & Cherry St,1.0,0.0
2025-10-06,515,North,25214,91710.0,,18:25:42,18:26:46,3,641,4th Ave & Seneca St,1.0,0.0
2025-10-06,515,North,25214,91710.0,18:26:00,18:28:08,18:28:59,4,2976,4th Ave & Pine St,2.0,0.0
2025-10-06,515,North,25214,91710.0,,18:31:17,18:32:31,5,473,Olive Way & 6th Ave,1.0,0.0
2025-10-06,515,North,25214,91710.0,18:29:00,18:34:09,18:34:38,6,430,Howell St & 9th Ave,2.0,0.0
2025-10-06,515,North,25214,91710.0,,18:37:10,18:37:38,7,431,Howell St & Yale Ave,1.0,0.0
2025-10-06,515,North,25214,91710.0,18:47:00,18:51:37,18:52:12,10,2766,Mountlake Terrace Fwy Station Bay 7,0.0,11.0
2025-10-06,515,North,25214,91710.0,18:59:00,18:56:26,18:56:26,11,2118,Lynnwood City Center Station Bay A5,0.0,0.0
2025-10-06,515,North,25215,91731.0,18:40:00,18:40:26,18:40:26,0,640,4th Ave S & S Jackson St,1.0,0.0
2025-10-06,515,North,25215,91731.0,,18:41:10,18:41:16,1,635,4th Ave S & S Washington St,0.0,0.0
2025-10-06,515,North,25215,91731.0,,18:42:51,18:43:19,2,2638,4th Ave & Cherry St,2.0,0.0
2025-10-06,515,North,25215,91731.0,,18:45:04,18:46:10,3,641,4th Ave & Seneca St,3.0,0.0
2025-10-06,515,North,25215,91731.0,18:46:00,18:47:17,18:48:23,4,2976,4th Ave & Pine St,1.0,0.0
2025-10-06,515,North,25215,91731.0,,18:50:42,18:52:02,5,473,Olive Way & 6th Ave,3.0,0.0
2025-10-06,515,North,25215,91731.0,18:49:00,18:53:53,18:54:21,6,430,Howell St & 9th Ave,3.0,0.0
2025-10-06,515,North,25215,91731.0,,18:58:05,18:58:21,7,431,Howell St & Yale Ave,1.0,0.0
2025-10-06,515,North,25215,91731.0,19:07:00,19:11:49,19:12:08,10,2766,Mountlake Terrace Fwy Station Bay 7,0.0,1.0
2025-10-06,515,North,25215,91731.0,19:16:00,19:16:11,19:16:11,11,2118,Lynnwood City Center Station Bay A5,0.0,13.0
2025-10-06,515,South,25216,91716.0,04:30:00,04:30:25,04:30:25,0,2113,Lynnwood City Center Station Bay D1,22.0,0.0
2025-10-06,515,South,25216,91716.0,04:34:00,04:34:34,04:34:45,1,2765,Mountlake Terrace Fwy Station Bay 6,0.0,0.0
2025-10-06,515,South,25216,91716.0,04:51:00,04:48:23,04:48:43,4,1909,Stewart St & 9th Ave,0.0,3.0
2025-10-06,515,South,25216,91716.0,,04:50:07,04:50:31,5,1908,Stewart St & 7th Ave,0.0,4.0
2025-10-06,515,South,25216,91716.0,04:56:00,04:51:37,04:52:22,6,2698,5th Ave & Pine St,0.0,5.0
2025-10-06,515,South,25216,91716.0,,04:53:18,04:53:35,7,2700,5th Ave & Seneca St,0.0,4.0
2025-10-06,515,South,25216,91716.0,,04:54:36,04:55:11,8,2702,5th Ave & Marion St,0.0,3.0
2025-10-06,515,South,25216,91716.0,,04:56:39,04:56:54,9,2290,5th Ave & Jefferson St,0.0,2.0
2025-10-06,515,South,25216,91716.0,05:04:00,04:59:09,04:59:09,10,2706,5th Ave S & S Jackson St,0.0,1.0
2025-10-06,515,South,25217,91719.0,04:50:00,04:50:06,04:50:06,0,2113,Lynnwood City Center Station Bay D1,10.0,0.0
2025-10-06,515,South,25217,91719.0,04:54:00,04:53:59,04:54:19,1,2765,Mountlake Terrace Fwy Station Bay 6,3.0,0.0
2025-10-06,515,South,25217,91719.0,05:11:00,05:07:33,05:07:46,4,1909,Stewart St & 9th Ave,0.0,2.0
2025-10-06,515,South,25217,91719.0,,05:09:01,05:09:19,5,1908,Stewart St & 7th Ave,0.0,2.0
2025-10-06,515,South,25217,91719.0,05:16:00,05:10:25,05:10:37,6,2698,5th Ave & Pine St,0.0,0.0
2025-10-06,515,South,25217,91719.0,,05:12:10,05:12:22,7,2700,5th Ave & Seneca St,0.0,0.0
2025-10-06,515,South,25217,91719.0,,05:13:32,05:13:53,8,2702,5th Ave & Marion St,0.0,1.0
2025-10-06,515,South,25217,91719.0,,05:14:35,05:14:56,9,2290,5th Ave & Jefferson St,0.0,4.0
2025-10-06,515,South,25217,91719.0,05:24:00,05:16:26,05:16:26,10,2706,5th Ave S & S Jackson St,0.0,4.0
2025-10-06,515,South,25218,91724.0,05:10:00,05:11:23,05:11:23,0,2113,Lynnwood City Center Station Bay D1,20.0,0.0
2025-10-06,515,South,25218,91724.0,05:14:00,05:15:38,05:16:00,1,2765,Mountlake Terrace Fwy Station Bay 6,2.0,0.0
2025-10-06,515,South,25218,91724.0,05:31:00,05:31:19,05:31:37,4,1909,Stewart St & 9th Ave,0.0,3.0
2025-10-06,515,South,25218,91724.0,,05:33:05,05:33:53,5,1908,Stewart St & 7th Ave,0.0,6.0
2025-10-06,515,South,25218,91724.0,05:36:00,05:35:28,05:36:23,6,2698,5th Ave & Pine St,0.0,1.0
2025-10-06,515,South,25218,91724.0,,05:38:14,05:38:40,7,2700,5th Ave & Seneca St,0.0,3.0
2025-10-06,515,South,25218,91724.0,,05:39:35,05:39:56,8,2702,5th Ave & Marion St,0.0,4.0
2025-10-06,515,South,25218,91724.0,,05:41:35,05:42:04,9,2290,5th Ave & Jefferson St,0.0,5.0
2025-10-06,515,South,25218,91724.0,05:44:00,05:43:50,05:43:50,10,2706,5th Ave S & S Jackson St,0.0,0.0
2025-10-06,515,South,25219,91905.0,05:30:00,05:31:14,05:31:14,0,2113,Lynnwood City Center Station Bay D1,28.0,0.0
2025-10-06,515,South,25219,91905.0,05:34:00,05:35:46,05:35:55,1,2765,Mountlake Terrace Fwy Station Bay 6,0.0,0.0
2025-10-06,515,South,25219,91905.0,05:51:00,05:51:21,05:51:54,4,1909,Stewart St & 9th Ave,0.0,4.0
2025-10-06,515,South,25219,91905.0,,05:53:10,05:53:32,5,1908,Stewart St & 7th Ave,0.0,5.0
2025-10-06,515,South,25219,91905.0,05:56:00,05:55:31,05:56:19,6,2698,5th Ave & Pine St,0.0,0.0
2025-10-06,515,South,25219,91905.0,,05:58:19,05:58:52,7,2700,5th Ave & Seneca St,0.0,6.0
2025-10-06,515,South,25219,91905.0,,05:59:46,06:00:33,8,2702,5th Ave & Marion St,0.0,7.0
2025-10-06,515,South,25219,91905.0,,06:01:38,06:02:10,9,2290,5th Ave & Jefferson St,0.0,6.0
2025-10-06,515,South,25219,91905.0,06:05:00,06:05:11,06:05:11,10,2706,5th Ave S & S Jackson St,0.0,0.0
2025-10-06,515,South,25220,91501.0,05:55:00,05:57:38,05:57:38,0,2113,Lynnwood City Center Station Bay D1,49.0,0.0
2025-10-06,515,South,25220,91501.0,05:59:00,06:01:50,06:02:43,1,2765,Mountlake Terrace Fwy Station Bay 6,12.0,0.0
2025-10-06,515,South,25220,91501.0,06:16:00,06:17:36,06:18:08,4,1909,Stewart St & 9th Ave,1.0,15.0
2025-10-06,515,South,25220,91501.0,,06:18:42,06:19:17,5,1908,Stewart St & 7th Ave,0.0,6.0
2025-10-06,515,South,25220,91501.0,06:21:00,06:21:23,06:22:39,6,2698,5th Ave & Pine St,1.0,6.0
2025-10-06,515,South,25220,91501.0,,06:24:33,06:25:03,7,2700,5th Ave & Seneca St,0.0,8.0
2025-10-06,515,South,25220,91501.0,,06:26:37,06:27:18,8,2702,5th Ave & Marion St,0.0,18.0
2025-10-06,515,South,25220,91501.0,,06:28:33,06:29:04,9,2290,5th Ave & Jefferson St,0.0,10.0
2025-10-06,515,South,25220,91501.0,06:30:00,06:30:49,06:30:49,10,2706,5th Ave S & S Jackson St,0.0,0.0
2025-10-06,515,South,25221,91719.0,06:05:00,06:05:11,06:05:11,0,2113,Lynnwood City Center Station Bay D1,31.0,0.0
2025-10-06,515,South,25221,91719.0,06:09:00,06:08:56,06:09:15,1,2765,Mountlake Terrace Fwy Station Bay 6,2.0,0.0
2025-10-06,515,South,25221,91719.0,06:27:00,06:22:15,06:22:44,4,1909,Stewart St & 9th Ave,0.0,9.0
2025-10-06,515,South,25221,91719.0,,06:24:05,06:24:26,5,1908,Stewart St & 7th Ave,1.0,4.0
2025-10-06,515,South,25221,91719.0,06:32:00,06:25:46,06:26:01,6,2698,5th Ave & Pine St,0.0,1.0
2025-10-06,515,South,25221,91719.0,,06:27:43,06:28:18,7,2700,5th Ave & Seneca St,0.0,7.0
2025-10-06,515,South,25221,91719.0,,06:29:30,06:30:14,8,2702,5th Ave & Marion St,0.0,7.0
2025-10-06,515,South,25221,91719.0,,06:31:20,06:31:58,9,2290,5th Ave & Jefferson St,0.0,4.0
2025-10-06,515,South,25221,91719.0,06:41:00,06:33:53,06:33:53,10,2706,5th Ave S & S Jackson St,0.0,2.0
2025-10-06,515,South,25222,91725.0,06:15:00,06:15:33,06:15:33,0,2113,Lynnwood City Center Station Bay D1,36.0,0.0
2025-10-06,515,South,25222,91725.0,06:19:00,06:20:12,06:21:21,1,2765,Mountlake Terrace Fwy Station Bay 6,4.0,0.0
2025-10-06,515,South,25222,91725.0,06:37:00,06:37:22,06:38:17,4,1909,Stewart St & 9th Ave,2.0,7.0
2025-10-06,515,South,25222,91725.0,,06:39:13,06:39:38,5,1908,Stewart St & 7th Ave,0.0,6.0
2025-10-06,515,South,25222,91725.0,06:42:00,06:40:54,06:41:15,6,2698,5th Ave & Pine St,0.0,5.0
2025-10-06,515,South,25222,91725.0,,06:43:05,06:43:56,7,2700,5th Ave & Seneca St,0.0,13.0
2025-10-06,515,South,25222,91725.0,,06:46:03,06:46:50,8,2702,5th Ave & Marion St,0.0,4.0
2025-10-06,515,South,25222,91725.0,,06:48:08,06:48:36,9,2290,5th Ave & Jefferson St,0.0,6.0
2025-10-06,515,South,25222,91725.0,06:52:00,06:50:40,06:50:40,10,2706,5th Ave S & S Jackson St,0.0,1.0
2025-10-06,515,South,25223,91724.0,06:25:00,06:31:15,06:31:15,0,2113,Lynnwood City Center Station Bay D1,45.0,0.0
2025-10-06,515,South,25223,91724.0,06:29:00,06:35:22,06:36:38,1,2765,Mountlake Terrace Fwy Station Bay 6,8.0,0.0
2025-10-06,515,South,25223,91724.0,06:49:00,06:51:58,06:52:32,4,1909,Stewart St & 9th Ave,0.0,14.0
2025-10-06,515,South,25223,91724.0,,06:53:03,06:53:32,5,1908,Stewart St & 7th Ave,1.0,12.0
2025-10-06,515,South,25223,91724.0,06:54:00,06:55:50,06:57:04,6,2698,5th Ave & Pine St,0.0,3.0
2025-10-06,515,South,25223,91724.0,,06:59:13,07:00:03,7,2700,5th Ave & Seneca St,0.0,14.0
2025-10-06,515,South,25223,91724.0,,07:01:08,07:01:44,8,2702,5th Ave & Marion St,0.0,8.0
2025-10-06,515,South,25223,91724.0,,07:03:04,07:03:28,9,2290,5th Ave & Jefferson St,0.0,3.0
2025-10-06,515,South,25223,91724.0,07:05:00,07:05:41,07:05:41,10,2706,5th Ave S & S Jackson St,0.0,0.0
2025-10-06,515,South,25224,91505.0,06:35:00,06:37:05,06:37:05,0,2113,Lynnwood City Center Station Bay D1,21.0,0.0
2025-10-06,515,South,25224,91505.0,06:39:00,06:41:15,06:42:21,1,2765,Mountlake Terrace Fwy Station Bay 6,3.0,0.0
2025-10-06,515,South,25224,91505.0,07:00:00,06:57:58,06:58:23,4,1909,Stewart St & 9th Ave,0.0,7.0
2025-10-06,515,South,25224,91505.0,,06:58:54,06:59:14,5,1908,Stewart St & 7th Ave,0.0,4.0
2025-10-06,515,South,25224,91505.0,07:05:00,07:00:23,07:01:40,6,2698,5th Ave & Pine St,0.0,5.0
2025-10-06,515,South,25224,91505.0,,07:03:31,07:03:55,7,2700,5th Ave & Seneca St,0.0,4.0
2025-10-06,515,South,25224,91505.0,,07:05:29,07:05:46,8,2702,5th Ave & Marion St,0.0,1.0
2025-10-06,515,South,25224,91505.0,,07:07:33,07:07:45,9,2290,5th Ave & Jefferson St,0.0,1.0
2025-10-06,515,South,25224,91505.0,07:16:00,07:10:41,07:10:41,10,2706,5th Ave S & S Jackson St,0.0,2.0
2025-10-06,515,South,25225,,06:45:00,,,0,2113,Lynnwood City Center Station Bay D1,,
2025-10-06,515,South,25225,,06:50:00,,,1,2765,Mountlake Terrace Fwy Station Bay 6,,
2025-10-06,515,South,25225,,07:11:00,,,4,1909,Stewart St & 9th Ave,,
2025-10-06,515,South,25225,,,,,5,1908,Stewart St & 7th Ave,,
2025-10-06,515,South,25225,,07:16:00,,,6,2698,5th Ave & Pine St,,
2025-10-06,515,South,25225,,,,,7,2700,5th Ave & Seneca St,,
2025-10-06,515,South,25225,,,,,8,2702,5th Ave & Marion St,,
2025-10-06,515,South,25225,,,,,9,2290,5th Ave & Jefferson St,,
2025-10-06,515,South,25225,,07:27:00,,,10,2706,5th Ave S & S Jackson St,,
2025-10-06,515,South,25226,19854.0,06:55:00,06:55:11,06:55:11,0,2113,Lynnwood City Center Station Bay D1,50.0,0.0
2025-10-06,515,South,25226,19854.0,07:00:00,06:59:47,07:00:27,1,2765,Mountlake Terrace Fwy Station Bay 6,6.0,0.0
2025-10-06,515,South,25226,19854.0,07:21:00,07:15:23,07:15:49,4,1909,Stewart St & 9th Ave,0.0,13.0
2025-10-06,515,South,25226,19854.0,,07:16:36,07:17:20,5,1908,Stewart St & 7th Ave,0.0,12.0
2025-10-06,515,South,25226,19854.0,07:26:00,07:18:14,07:19:07,6,2698,5th Ave & Pine St,1.0,6.0
2025-10-06,515,South,25226,19854.0,,07:20:25,07:20:58,7,2700,5th Ave & Seneca St,0.0,11.0
2025-10-06,515,South,25226,19854.0,,07:22:00,07:22:43,8,2702,5th Ave & Marion St,0.0,10.0
2025-10-06,515,South,25226,19854.0,,07:23:54,07:24:20,9,2290,5th Ave & Jefferson St,0.0,4.0
2025-10-06,515,South,25226,19854.0,07:37:00,07:26:05,07:26:05,10,2706,5th Ave S & S Jackson St,0.0,1.0
2025-10-06,515,South,25227,91902.0,07:05:00,07:07:13,07:07:13,0,2113,Lynnwood City Center Station Bay D1,41.0,0.0
2025-10-06,515,South,25227,91902.0,07:10:00,07:11:33,07:12:28,1,2765,Mountlake Terrace Fwy Station Bay 6,13.0,0.0
2025-10-06,515,South,25227,91902.0,07:34:00,07:28:40,07:29:34,4,1909,Stewart St & 9th Ave,1.0,21.0
2025-10-06,515,South,25227,91902.0,,07:30:04,07:30:35,5,1908,Stewart St & 7th Ave,0.0,8.0
2025-10-06,515,South,25227,91902.0,07:39:00,07:31:48,07:33:02,6,2698,5th Ave & Pine St,0.0,5.0
2025-10-06,515,South,25227,91902.0,,07:33:53,07:34:17,7,2700,5th Ave & Seneca St,0.0,3.0
2025-10-06,515,South,25227,91902.0,,07:35:31,07:36:12,8,2702,5th Ave & Marion St,0.0,8.0
2025-10-06,515,South,25227,91902.0,,07:37:23,07:37:49,9,2290,5th Ave & Jefferson St,0.0,7.0
2025-10-06,515,South,25227,91902.0,07:50:00,07:40:33,07:40:33,10,2706,5th Ave S & S Jackson St,0.0,3.0
2025-10-06,515,South,25228,91501.0,07:15:00,07:15:55,07:15:55,0,2113,Lynnwood City Center Station Bay D1,27.0,0.0
2025-10-06,515,South,25228,91501.0,07:20:00,07:21:15,07:21:33,1,2765,Mountlake Terrace Fwy Station Bay 6,1.0,0.0
2025-10-06,515,South,25228,91501.0,07:51:00,07:38:35,07:39:52,4,1909,Stewart St & 9th Ave,1.0,12.0
2025-10-06,515,South,25228,91501.0,,07:40:43,07:41:09,5,1908,Stewart St & 7th Ave,0.0,10.0
2025-10-06,515,South,25228,91501.0,07:56:00,07:42:30,07:43:37,6,2698,5th Ave & Pine St,0.0,3.0
2025-10-06,515,South,25228,91501.0,,07:44:38,07:45:05,7,2700,5th Ave & Seneca St,0.0,3.0
2025-10-06,515,South,25228,91501.0,,07:46:32,07:46:53,8,2702,5th Ave & Marion St,0.0,1.0
2025-10-06,515,South,25228,91501.0,,07:49:02,07:49:02,9,2290,5th Ave & Jefferson St,0.0,0.0
2025-10-06,515,South,25228,91501.0,08:07:00,07:51:14,07:51:14,10,2706,5th Ave S & S Jackson St,0.0,0.0
2025-10-06,515,South,25229,9560.0,07:25:00,07:26:21,07:26:21,0,2113,Lynnwood City Center Station Bay D1,20.0,0.0
2025-10-06,515,South,25229,9560.0,07:30:00,07:30:44,07:31:24,1,2765,Mountlake Terrace Fwy Station Bay 6,11.0,0.0
2025-10-06,515,South,25229,9560.0,08:02:00,07:48:56,07:49:19,4,1909,Stewart St & 9th Ave,0.0,12.0
2025-10-06,515,South,25229,9560.0,,07:49:47,07:50:03,5,1908,Stewart St & 7th Ave,0.0,11.0
2025-10-06,515,South,25229,9560.0,08:07:00,07:51:15,07:51:34,6,2698,5th Ave & Pine St,1.0,1.0
2025-10-06,515,South,25229,9560.0,,07:53:18,07:53:30,7,2700,5th Ave & Seneca St,0.0,2.0
2025-10-06,515,South,25229,9560.0,,07:55:07,07:55:49,8,2702,5th Ave & Marion St,0.0,5.0
2025-10-06,515,South,25229,9560.0,,07:58:02,07:58:16,9,2290,5th Ave & Jefferson St,0.0,1.0
2025-10-06,515,South,25229,9560.0,08:18:00,08:00:57,08:00:57,10,2706,5th Ave S & S Jackson St,0.0,0.0
2025-10-06,515,South,25230,91731.0,07:35:00,07:35:24,07:35:24,0,2113,Lynnwood City Center Station Bay D1,26.0,0.0
2025-10-06,515,South,25230,91731.0,07:40:00,07:40:19,07:41:36,1,2765,Mountlake Terrace Fwy Station Bay 6,18.0,0.0
2025-10-06,515,South,25230,91731.0,08:13:00,08:01:44,08:02:16,4,1909,Stewart St & 9th Ave,1.0,17.0
2025-10-06,515,South,25230,91731.0,,08:03:04,08:03:47,5,1908,Stewart St & 7th Ave,0.0,13.0
2025-10-06,515,South,25230,91731.0,08:18:00,08:04:49,08:05:07,6,2698,5th Ave & Pine St,2.0,0.0
2025-10-06,515,South,25230,91731.0,,08:06:53,08:07:15,7,2700,5th Ave & Seneca St,0.0,5.0
2025-10-06,515,South,25230,91731.0,,08:08:39,08:09:17,8,2702,5th Ave & Marion St,0.0,8.0
2025-10-06,515,South,25230,91731.0,,08:10:22,08:10:45,9,2290,5th Ave & Jefferson St,0.0,3.0
2025-10-06,515,South,25230,91731.0,08:29:00,08:12:47,08:12:47,10,2706,5th Ave S & S Jackson St,0.0,1.0
2025-10-06,515,South,25231,91714.0,07:45:00,07:45:59,07:45:59,0,2113,Lynnwood City Center Station Bay D1,14.0,0.0
2025-10-06,515,South,25231,91714.0,07:50:00,07:51:22,07:52:17,1,2765,Mountlake Terrace Fwy Station Bay 6,4.0,0.0
2025-10-06,515,South,25231,91714.0,08:23:00,08:17:58,08:18:44,4,1909,Stewart St & 9th Ave,0.0,12.0
2025-10-06,515,South,25231,91714.0,,08:19:46,08:20:14,5,1908,Stewart St & 7th Ave,0.0,1.0
2025-10-06,515,South,25231,91714.0,08:28:00,08:22:58,08:24:07,6,2698,5th Ave & Pine St,1.0,0.0
2025-10-06,515,South,25231,91714.0,,08:26:18,08:26:37,7,2700,5th Ave & Seneca St,0.0,1.0
2025-10-06,515,South,25231,91714.0,,08:28:13,08:28:50,8,2702,5th Ave & Marion St,0.0,4.0
2025-10-06,515,South,25231,91714.0,,08:31:05,08:31:22,9,2290,5th Ave & Jefferson St,0.0,0.0
2025-10-06,515,South,25231,91714.0,08:39:00,08:34:14,08:34:14,10,2706,5th Ave S & S Jackson St,0.0,1.0
2025-10-06,515,South,25232,19814.0,07:55:00,07:55:10,07:55:10,0,2113,Lynnwood City Center Station Bay D1,19.0,0.0
2025-10-06,515,South,25232,19814.0,08:00:00,08:00:25,08:01:00,1,2765,Mountlake Terrace Fwy Station Bay 6,4.0,0.0
2025-10-06,515,South,25232,19814.0,08:35:00,08:27:03,08:27:27,4,1909,Stewart St & 9th Ave,0.0,8.0
2025-10-06,515,South,25232,19814.0,,08:28:37,08:28:58,5,1908,Stewart St & 7th Ave,0.0,4.0
2025-10-06,515,South,25232,19814.0,08:40:00,08:30:18,08:30:31,6,2698,5th Ave & Pine St,0.0,0.0
2025-10-06,515,South,25232,19814.0,,08:32:16,08:32:35,7,2700,5th Ave & Seneca St,0.0,6.0
2025-10-06,515,South,25232,19814.0,,08:34:07,08:34:46,8,2702,5th Ave & Marion St,0.0,5.0
2025-10-06,515,South,25232,19814.0,,08:37:01,08:37:01,9,2290,5th Ave & Jefferson St,0.0,0.0
2025-10-06,515,South,25232,19814.0,08:51:00,08:39:11,08:39:11,10,2706,5th Ave S & S Jackson St,0.0,0.0
2025-10-06,515,South,25233,91911.0,08:15:00,08:15:24,08:15:24,0,2113,Lynnwood City Center Station Bay D1,15.0,0.0
2025-10-06,515,South,25233,91911.0,08:19:00,08:20:50,08:21:28,1,2765,Mountlake Terrace Fwy Station Bay 6,7.0,0.0
2025-10-06,515,South,25233,91911.0,08:58:00,08:47:37,08:48:05,4,1909,Stewart St & 9th Ave,0.0,14.0
2025-10-06,515,South,25233,91911.0,,08:48:34,08:48:57,5,1908,Stewart St & 7th Ave,0.0,3.0
2025-10-06,515,South,25233,91911.0,09:03:00,08:49:49,08:50:05,6,2698,5th Ave & Pine St,0.0,1.0
2025-10-06,515,South,25233,91911.0,,08:52:01,08:52:25,7,2700,5th Ave & Seneca St,0.0,1.0
2025-10-06,515,South,25233,91911.0,,08:53:38,08:54:16,8,2702,5th Ave & Marion St,0.0,2.0
2025-10-06,515,South,25233,91911.0,,08:56:30,08:56:46,9,2290,5th Ave & Jefferson St,0.0,1.0
2025-10-06,515,South,25233,91911.0,09:14:00,08:59:15,08:59:15,10,2706,5th Ave S & S Jackson St,0.0,0.0
2025-10-06,515,South,25234,91702.0,08:35:00,08:36:12,08:36:12,0,2113,Lynnwood City Center Station Bay D1,11.0,0.0
2025-10-06,515,South,25234,91702.0,08:39:00,08:39:39,08:40:21,1,2765,Mountlake Terrace Fwy Station Bay 6,7.0,0.0
2025-10-06,515,South,25234,91702.0,09:18:00,09:05:59,09:06:52,4,1909,Stewart St & 9th Ave,0.0,8.0
2025-10-06,515,South,25234,91702.0,,09:07:44,09:08:22,5,1908,Stewart St & 7th Ave,0.0,5.0
2025-10-06,515,South,25234,91702.0,09:23:00,09:10:50,09:11:07,6,2698,5th Ave & Pine St,0.0,2.0
2025-10-06,515,South,25234,91702.0,,09:12:39,09:12:57,7,2700,5th Ave & Seneca St,0.0,2.0
2025-10-06,515,South,25234,91702.0,,09:14:32,09:14:32,8,2702,5th Ave & Marion St,0.0,0.0
2025-10-06,515,South,25234,91702.0,,09:16:02,09:16:19,9,2290,5th Ave & Jefferson St,0.0,1.0
2025-10-06,515,South,25234,91702.0,09:34:00,09:17:54,09:17:54,10,2706,5th Ave S & S Jackson St,0.0,0.0
2025-10-06,515,South,25235,91501.0,08:55:00,08:55:23,08:55:23,0,2113,Lynnwood City Center Station Bay D1,15.0,0.0
2025-10-06,515,South,25235,91501.0,08:59:00,08:59:41,09:00:06,1,2765,Mountlake Terrace Fwy Station Bay 6,1.0,0.0
2025-10-06,515,South,25235,91501.0,09:38:00,09:34:01,09:34:22,4,1909,Stewart St & 9th Ave,0.0,6.0
2025-10-06,515,South,25235,91501.0,,09:34:55,09:35:20,5,1908,Stewart St & 7th Ave,0.0,6.0
2025-10-06,515,South,25235,91501.0,09:43:00,09:38:03,09:38:03,6,2698,5th Ave & Pine St,0.0,0.0
2025-10-06,515,South,25235,91501.0,,09:39:49,09:40:05,7,2700,5th Ave & Seneca St,0.0,2.0
2025-10-06,515,South,25235,91501.0,,09:41:42,09:42:15,8,2702,5th Ave & Marion St,0.0,2.0
2025-10-06,515,South,25235,91501.0,,09:43:25,09:43:25,9,2290,5th Ave & Jefferson St,0.0,0.0
2025-10-06,515,South,25235,91501.0,09:54:00,09:45:53,09:45:53,10,2706,5th Ave S & S Jackson St,0.0,0.0
2025-10-07,515,North,25197,9560.0,15:00:00,15:00:16,15:00:16,0,640,4th Ave S & S Jackson St,2.0,0.0
2025-10-07,515,North,25197,9560.0,,15:00:53,15:01:10,1,635,4th Ave S & S Washington St,1.0,0.0
2025-10-07,515,North,25197,9560.0,,15:02:30,15:03:40,2,2638,4th Ave & Cherry St,10.0,0.0
2025-10-07,515,North,25197,9560.0,,15:05:53,15:07:20,3,641,4th Ave & Seneca St,5.0,8.0
2025-10-07,515,North,25197,9560.0,15:06:00,15:08:21,15:09:20,4,2976,4th Ave & Pine St,2.0,0.0
2025-10-07,515,North,25197,9560.0,,15:10:30,15:11:30,5,473,Olive Way & 6th Ave,4.0,0.0
2025-10-07,515,North,25197,9560.0,15:10:00,15:12:07,15:13:15,6,430,Howell St & 9th Ave,5.0,0.0
2025-10-07,515,North,25197,9560.0,,15:16:05,15:16:39,7,431,Howell St & Yale Ave,1.0,0.0
2025-10-07,515,North,25197,9560.0,15:30:00,15:33:56,15:34:20,10,2766,Mountlake Terrace Fwy Station Bay 7,1.0,23.0
2025-10-07,515,North,25197,9560.0,15:38:00,15:38:52,15:38:52,11,2118,Lynnwood City Center Station Bay A5,0.0,0.0
2025-10-07,515,North,25198,91721.0,15:10:00,15:10:40,15:10:40,0,640,4th Ave S & S Jackson St,3.0,0.0
2025-10-07,515,North,25198,91721.0,,15:11:17,15:11:33,1,635,4th Ave S & S Washington St,1.0,0.0
2025-10-07,515,North,25198,91721.0,,15:12:54,15:13:34,2,2638,4th Ave & Cherry St,6.0,0.0
2025-10-07,515,North,25198,91721.0,,15:15:13,15:16:19,3,641,4th Ave & Seneca St,3.0,0.0
2025-10-07,515,North,25198,91721.0,15:16:00,15:17:21,15:18:39,4,2976,4th Ave & Pine St,2.0,0.0
2025-10-07,515,North,25198,91721.0,,15:19:30,15:20:30,5,473,Olive Way & 6th Ave,6.0,5.0
2025-10-07,515,North,25198,91721.0,15:20:00,15:21:07,15:21:49,6,430,Howell St & 9th Ave,3.0,6.0
2025-10-07,515,North,25198,91721.0,,15:25:07,15:25:40,7,431,Howell St & Yale Ave,1.0,3.0
2025-10-07,515,North,25198,91721.0,15:40:00,15:44:51,15:45:16,10,2766,Mountlake Terrace Fwy Station Bay 7,0.0,11.0
2025-10-07,515,North,25198,91721.0,15:50:00,15:50:01,15:50:01,11,2118,Lynnwood City Center Station Bay A5,0.0,0.0
2025-10-07,515,North,25199,91717.0,15:20:00,15:20:40,15:20:40,0,640,4th Ave S & S Jackson St,1.0,0.0
2025-10-07,515,North,25199,91717.0,,15:21:31,15:21:52,1,635,4th Ave S & S Washington St,2.0,0.0
2025-10-07,515,North,25199,91717.0,,15:23:15,15:23:44,2,2638,4th Ave & Cherry St,1.0,2.0
2025-10-07,515,North,25199,91717.0,,15:25:40,15:26:51,3,641,4th Ave & Seneca St,3.0,0.0
2025-10-07,515,North,25199,91717.0,15:26:00,15:28:14,15:28:53,4,2976,4th Ave & Pine St,2.0,0.0
2025-10-07,515,North,25199,91717.0,,15:30:07,15:32:40,5,473,Olive Way & 6th Ave,6.0,0.0
2025-10-07,515,North,25199,91717.0,15:30:00,15:34:09,15:34:47,6,430,Howell St & 9th Ave,4.0,0.0
2025-10-07,515,North,25199,91717.0,,15:37:06,15:37:33,7,431,Howell St & Yale Ave,2.0,8.0
2025-10-07,515,North,25199,91717.0,15:51:00,15:58:17,15:58:43,10,2766,Mountlake Terrace Fwy Station Bay 7,0.0,11.0
2025-10-07,515,North,25199,91717.0,16:03:00,16:02:54,16:02:54,11,2118,Lynnwood City Center Station Bay A5,0.0,0.0
2025-10-07,515,North,25200,91709.0,15:30:00,,,0,640,4th Ave S & S Jackson St,,
2025-10-07,515,North,25200,91709.0,,15:31:47,15:31:47,1,635,4th Ave S & S Washington St,4.0,0.0
2025-10-07,515,North,25200,91709.0,,15:32:39,15:33:17,2,2638,4th Ave & Cherry St,5.0,0.0
2025-10-07,515,North,25200,91709.0,,15:34:39,15:35:43,3,641,4th Ave & Seneca St,2.0,3.0
2025-10-07,515,North,25200,91709.0,15:36:00,15:36:43,15:36:58,4,2976,4th Ave & Pine St,0.0,0.0
2025-10-07,515,North,25200,91709.0,,15:38:44,15:40:01,5,473,Olive Way & 6th Ave,4.0,3.0
2025-10-07,515,North,25200,91709.0,15:40:00,15:40:38,15:41:11,6,430,Howell St & 9th Ave,3.0,0.0
2025-10-07,515,North,25200,91709.0,,15:44:35,15:44:57,7,431,Howell St & Yale Ave,1.0,0.0
2025-10-07,515,North,25200,91709.0,16:02:00,16:07:28,16:07:49,10,2766,Mountlake Terrace Fwy Station Bay 7,0.0,13.0
2025-10-07,515,North,25200,91709.0,16:14:00,16:12:08,16:12:08,11,2118,Lynnwood City Center Station Bay A5,0.0,0.0
2025-10-07,515,North,25201,91707.0,15:40:00,15:42:40,15:42:40,0,640,4th Ave S & S Jackson St,3.0,0.0
2025-10-07,515,North,25201,91709.0,15:40:00,15:30:28,15:30:28,0,640,4th Ave S & S Jackson St,0.0,0.0
2025-10-07,515,North,25201,91709.0,,15:30:57,15:30:57,1,635,4th Ave S & S Washington St,0.0,0.0
2025-10-07,515,North,25201,91707.0,,15:43:50,15:44:11,1,635,4th Ave S & S Washington St,1.0,0.0
2025-10-07,515,North,25201,91709.0,,,,2,2638,4th Ave & Cherry St,,
2025-10-07,515,North,25201,91707.0,,15:45:52,15:46:36,2,2638,4th Ave & Cherry St,14.0,0.0
2025-10-07,515,North,25201,91709.0,,,,3,641,4th Ave & Seneca St,,
2025-10-07,515,North,25201,91707.0,,15:48:01,15:49:12,3,641,4th Ave & Seneca St,7.0,0.0
2025-10-07,515,North,25201,91709.0,15:46:00,,,4,2976,4th Ave & Pine St,,
2025-10-07,515,North,25201,91707.0,15:46:00,15:50:13,15:50:28,4,2976,4th Ave & Pine St,1.0,0.0
2025-10-07,515,North,25201,91709.0,,,,5,473,Olive Way & 6th Ave,,
2025-10-07,515,North,25201,91707.0,,15:52:10,15:53:30,5,473,Olive Way & 6th Ave,10.0,0.0
2025-10-07,515,North,25201,91709.0,15:50:00,,,6,430,Howell St & 9th Ave,,
2025-10-07,515,North,25201,91707.0,15:50:00,15:55:00,15:55:26,6,430,Howell St & 9th Ave,7.0,0.0
2025-10-07,515,North,25201,91709.0,,,,7,431,Howell St & Yale Ave,,
2025-10-07,515,North,25201,91707.0,,15:58:11,15:58:40,7,431,Howell St & Yale Ave,4.0,0.0
2025-10-07,515,North,25201,91709.0,16:12:00,,,10,2766,Mountlake Terrace Fwy Station Bay 7,,
2025-10-07,515,North,25201,91707.0,16:12:00,16:21:49,16:22:17,10,2766,Mountlake Terrace Fwy Station Bay 7,0.0,4.0
2025-10-07,515,North,25201,91707.0,16:27:00,16:27:43,16:27:43,11,2118,Lynnwood City Center Station Bay A5,0.0,43.0
2025-10-07,515,North,25201,91709.0,16:27:00,,,11,2118,Lynnwood City Center Station Bay A5,,
2025-10-07,515,North,25202,19856.0,15:50:00,15:50:22,15:50:22,0,640,4th Ave S & S Jackson St,3.0,0.0
2025-10-07,515,North,25202,19856.0,,15:51:24,15:51:36,1,635,4th Ave S & S Washington St,1.0,0.0
2025-10-07,515,North,25202,19856.0,,15:52:20,15:52:50,2,2638,4th Ave & Cherry St,6.0,0.0
2025-10-07,515,North,25202,19856.0,,15:54:14,15:55:18,3,641,4th Ave & Seneca St,4.0,0.0
2025-10-07,515,North,25202,19856.0,15:56:00,15:56:22,15:56:33,4,2976,4th Ave & Pine St,0.0,0.0
2025-10-07,515,North,25202,19856.0,,15:58:27,15:59:44,5,473,Olive Way & 6th Ave,11.0,0.0
2025-10-07,515,North,25202,19856.0,16:00:00,16:01:02,16:01:34,6,430,Howell St & 9th Ave,7.0,0.0
2025-10-07,515,North,25202,19856.0,,16:04:11,16:04:36,7,431,Howell St & Yale Ave,2.0,0.0
2025-10-07,515,North,25202,19856.0,16:23:00,16:26:40,16:27:06,10,2766,Mountlake Terrace Fwy Station Bay 7,0.0,10.0
2025-10-07,515,North,25202,19856.0,16:39:00,16:32:13,16:32:13,11,2118,Lynnwood City Center Station Bay A5,0.0,24.0
2025-10-07,515,North,25203,19812.0,16:00:00,16:02:23,16:02:23,0,640,4th Ave S & S Jackson St,1.0,0.0
2025-10-07,515,North,25203,19812.0,,16:03:26,16:03:36,1,635,4th Ave S & S Washington St,0.0,0.0
2025-10-07,515,North,25203,19812.0,,16:04:22,16:05:10,2,2638,4th Ave & Cherry St,5.0,0.0
2025-10-07,515,North,25203,19812.0,,16:06:14,16:07:44,3,641,4th Ave & Seneca St,4.0,0.0
2025-10-07,515,North,25203,19812.0,16:06:00,16:10:16,16:10:52,4,2976,4th Ave & Pine St,5.0,0.0
2025-10-07,515,North,25203,19812.0,,16:12:07,16:13:09,5,473,Olive Way & 6th Ave,3.0,0.0
2025-10-07,515,North,25203,19812.0,16:10:00,16:14:51,16:15:48,6,430,Howell St & 9th Ave,8.0,0.0
2025-10-07,515,North,25203,19812.0,,16:20:39,16:21:27,7,431,Howell St & Yale Ave,5.0,0.0
2025-10-07,515,North,25203,19812.0,16:33:00,16:43:21,16:43:39,10,2766,Mountlake Terrace Fwy Station Bay 7,0.0,31.0
2025-10-07,515,North,25203,19812.0,16:49:00,16:48:35,16:48:35,11,2118,Lynnwood City Center Station Bay A5,0.0,0.0
2025-10-07,515,North,25204,91908.0,16:10:00,16:11:57,16:11:57,0,640,4th Ave S & S Jackson St,2.0,0.0
2025-10-07,515,North,25204,91908.0,,16:12:35,16:12:51,1,635,4th Ave S & S Washington St,0.0,0.0
2025-10-07,515,North,25204,91908.0,,16:14:18,16:14:47,2,2638,4th Ave & Cherry St,3.0,0.0
2025-10-07,515,North,25204,91908.0,,16:16:26,16:16:55,3,641,4th Ave & Seneca St,4.0,0.0
2025-10-07,515,North,25204,91908.0,16:16:00,16:18:44,16:19:52,4,2976,4th Ave & Pine St,2.0,0.0
2025-10-07,515,North,25204,91908.0,,16:20:57,16:22:25,5,473,Olive Way & 6th Ave,6.0,0.0
2025-10-07,515,North,25204,91908.0,16:20:00,16:24:02,16:24:39,6,430,Howell St & 9th Ave,4.0,0.0
2025-10-07,515,North,25204,91908.0,,16:29:57,16:30:25,7,431,Howell St & Yale Ave,2.0,0.0
2025-10-07,515,North,25204,91908.0,16:43:00,16:51:36,16:52:08,10,2766,Mountlake Terrace Fwy Station Bay 7,0.0,23.0
2025-10-07,515,North,25204,91908.0,16:59:00,16:56:28,16:56:28,11,2118,Lynnwood City Center Station Bay A5,0.0,0.0
2025-10-07,515,North,25205,19855.0,16:20:00,16:20:23,16:20:23,0,640,4th Ave S & S Jackson St,4.0,0.0
2025-10-07,515,North,25205,19855.0,,16:21:26,16:21:45,1,635,4th Ave S & S Washington St,1.0,0.0
2025-10-07,515,North,25205,19855.0,,16:23:22,16:23:53,2,2638,4th Ave & Cherry St,3.0,0.0
2025-10-07,515,North,25205,19855.0,,16:25:33,16:26:46,3,641,4th Ave & Seneca St,5.0,0.0
2025-10-07,515,North,25205,19855.0,16:26:00,16:27:53,16:28:39,4,2976,4th Ave & Pine St,3.0,6.0
2025-10-07,515,North,25205,19855.0,,16:29:47,16:31:04,5,473,Olive Way & 6th Ave,4.0,0.0
2025-10-07,515,North,25205,19855.0,16:30:00,16:32:34,16:33:05,6,430,Howell St & 9th Ave,2.0,0.0
2025-10-07,515,North,25205,19855.0,,16:37:38,16:38:02,7,431,Howell St & Yale Ave,1.0,4.0
2025-10-07,515,North,25205,19855.0,16:53:00,16:59:11,16:59:46,10,2766,Mountlake Terrace Fwy Station Bay 7,0.0,13.0
2025-10-07,515,North,25205,19855.0,17:09:00,17:04:06,17:04:06,11,2118,Lynnwood City Center Station Bay A5,0.0,0.0
2025-10-07,515,North,25206,91713.0,16:30:00,16:30:15,16:30:15,0,640,4th Ave S & S Jackson St,0.0,0.0
2025-10-07,515,North,25206,91713.0,,16:30:52,16:31:01,1,635,4th Ave S & S Washington St,0.0,0.0
2025-10-07,515,North,25206,91713.0,,16:32:27,16:33:00,2,2638,4th Ave & Cherry St,0.0,0.0
2025-10-07,515,North,25206,91713.0,,16:36:04,16:37:22,3,641,4th Ave & Seneca St,0.0,0.0
2025-10-07,515,North,25206,91713.0,16:36:00,16:38:25,16:39:28,4,2976,4th Ave & Pine St,0.0,0.0
2025-10-07,515,North,25206,91713.0,,16:41:44,16:43:05,5,473,Olive Way & 6th Ave,0.0,0.0
2025-10-07,515,North,25206,91713.0,16:40:00,16:44:46,16:45:21,6,430,Howell St & 9th Ave,0.0,0.0
2025-10-07,515,North,25206,91713.0,,16:55:11,16:55:39,7,431,Howell St & Yale Ave,0.0,0.0
2025-10-07,515,North,25206,91713.0,17:03:00,17:16:57,17:17:22,10,2766,Mountlake Terrace Fwy Station Bay 7,0.0,0.0
2025-10-07,515,North,25206,91713.0,17:19:00,17:24:01,17:24:01,11,2118,Lynnwood City Center Station Bay A5,0.0,0.0
2025-10-07,515,North,25207,19811.0,16:40:00,16:40:36,16:40:36,0,640,4th Ave S & S Jackson St,5.0,0.0
2025-10-07,515,North,25207,19811.0,,16:41:17,16:41:26,1,635,4th Ave S & S Washington St,0.0,0.0
2025-10-07,515,North,25207,19811.0,,16:42:54,16:43:59,2,2638,4th Ave & Cherry St,10.0,0.0
2025-10-07,515,North,25207,19811.0,,16:46:28,16:47:44,3,641,4th Ave & Seneca St,8.0,0.0
2025-10-07,515,North,25207,19811.0,16:46:00,16:49:08,16:50:03,4,2976,4th Ave & Pine St,11.0,0.0
2025-10-07,515,North,25207,19811.0,,16:51:15,16:52:06,5,473,Olive Way & 6th Ave,9.0,0.0
2025-10-07,515,North,25207,19811.0,16:50:00,16:53:37,16:54:16,6,430,Howell St & 9th Ave,6.0,8.0
2025-10-07,515,North,25207,19811.0,,17:01:07,17:01:43,7,431,Howell St & Yale Ave,5.0,2.0
2025-10-07,515,North,25207,19811.0,17:13:00,17:22:32,17:23:07,10,2766,Mountlake Terrace Fwy Station Bay 7,0.0,9.0
2025-10-07,515,North,25207,19811.0,17:29:00,17:27:18,17:27:18,11,2118,Lynnwood City Center Station Bay A5,0.0,35.0
2025-10-07,515,North,25208,91905.0,16:50:00,16:50:29,16:50:29,0,640,4th Ave S & S Jackson St,5.0,0.0
2025-10-07,515,North,25208,91905.0,,16:51:30,16:51:40,1,635,4th Ave S & S Washington St,0.0,0.0
2025-10-07,515,North,25208,91905.0,,16:53:25,16:54:15,2,2638,4th Ave & Cherry St,8.0,0.0
2025-10-07,515,North,25208,91905.0,,16:56:29,16:57:28,3,641,4th Ave & Seneca St,2.0,0.0
2025-10-07,515,North,25208,91905.0,16:56:00,16:59:16,16:59:59,4,2976,4th Ave & Pine St,4.0,0.0
2025-10-07,515,North,25208,91905.0,,17:01:37,17:02:32,5,473,Olive Way & 6th Ave,7.0,0.0
2025-10-07,515,North,25208,91905.0,17:00:00,17:03:06,17:03:35,6,430,Howell St & 9th Ave,5.0,0.0
2025-10-07,515,North,25208,91905.0,,17:07:06,17:07:31,7,431,Howell St & Yale Ave,2.0,1.0
2025-10-07,515,North,25208,91905.0,17:22:00,17:27:44,17:28:15,10,2766,Mountlake Terrace Fwy Station Bay 7,0.0,10.0
2025-10-07,515,North,25208,91905.0,17:38:00,17:32:59,17:32:59,11,2118,Lynnwood City Center Station Bay A5,0.0,22.0
2025-10-07,515,North,25209,,17:00:00,,,0,640,4th Ave S & S Jackson St,,
2025-10-07,515,North,25209,,,,,1,635,4th Ave S & S Washington St,,
2025-10-07,515,North,25209,,,,,2,2638,4th Ave & Cherry St,,
2025-10-07,515,North,25209,,,,,3,641,4th Ave & Seneca St,,
2025-10-07,515,North,25209,,17:06:00,,,4,2976,4th Ave & Pine St,,
2025-10-07,515,North,25209,,,,,5,473,Olive Way & 6th Ave,,
2025-10-07,515,North,25209,,17:10:00,,,6,430,Howell St & 9th Ave,,
2025-10-07,515,North,25209,,,,,7,431,Howell St & Yale Ave,,
2025-10-07,515,North,25209,,17:32:00,,,10,2766,Mountlake Terrace Fwy Station Bay 7,,
2025-10-07,515,North,25209,,17:48:00,,,11,2118,Lynnwood City Center Station Bay A5,,
2025-10-07,515,North,25210,91703.0,17:10:00,17:18:04,17:18:04,0,640,4th Ave S & S Jackson St,5.0,0.0
2025-10-07,515,North,25210,91703.0,,17:18:49,17:18:56,1,635,4th Ave S & S Washington St,0.0,0.0
2025-10-07,515,North,25210,91703.0,,17:20:18,17:21:00,2,2638,4th Ave & Cherry St,7.0,0.0
2025-10-07,515,North,25210,91703.0,,17:23:56,17:25:35,3,641,4th Ave & Seneca St,6.0,6.0
2025-10-07,515,North,25210,91703.0,17:16:00,17:26:47,17:27:29,4,2976,4th Ave & Pine St,4.0,0.0
2025-10-07,515,North,25210,91703.0,,17:28:35,17:29:51,5,473,Olive Way & 6th Ave,9.0,3.0
2025-10-07,515,North,25210,91703.0,17:20:00,17:31:28,17:32:06,6,430,Howell St & 9th Ave,5.0,0.0
2025-10-07,515,North,25210,91703.0,,17:35:35,17:36:09,7,431,Howell St & Yale Ave,3.0,3.0
2025-10-07,515,North,25210,91703.0,17:42:00,17:56:11,17:57:08,10,2766,Mountlake Terrace Fwy Station Bay 7,0.0,27.0
2025-10-07,515,North,25210,91703.0,17:58:00,18:01:53,18:01:53,11,2118,Lynnwood City Center Station Bay A5,0.0,0.0
2025-10-07,515,North,25211,91718.0,17:20:00,17:20:54,17:20:54,0,640,4th Ave S & S Jackson St,1.0,0.0
2025-10-07,515,North,25211,91718.0,,17:21:33,17:21:33,1,635,4th Ave S & S Washington St,0.0,0.0
2025-10-07,515,North,25211,91718.0,,17:22:29,17:22:54,2,2638,4th Ave & Cherry St,1.0,0.0
2025-10-07,515,North,25211,91718.0,,17:25:48,17:25:56,3,641,4th Ave & Seneca St,0.0,0.0
2025-10-07,515,North,25211,91718.0,17:26:00,17:28:10,17:28:47,4,2976,4th Ave & Pine St,0.0,0.0
2025-10-07,515,North,25211,91718.0,,17:31:14,17:32:33,5,473,Olive Way & 6th Ave,4.0,0.0
2025-10-07,515,North,25211,91718.0,17:30:00,17:34:10,17:34:28,6,430,Howell St & 9th Ave,2.0,0.0
2025-10-07,515,North,25211,91718.0,,17:38:36,17:38:56,7,431,Howell St & Yale Ave,2.0,0.0
2025-10-07,515,North,25211,91718.0,17:51:00,17:59:16,17:59:43,10,2766,Mountlake Terrace Fwy Station Bay 7,0.0,4.0
2025-10-07,515,North,25211,91718.0,18:06:00,18:04:28,18:04:28,11,2118,Lynnwood City Center Station Bay A5,0.0,6.0
2025-10-07,515,North,25212,91726.0,17:40:00,17:40:40,17:40:40,0,640,4th Ave S & S Jackson St,0.0,0.0
2025-10-07,515,North,25212,91726.0,,17:41:19,17:41:41,1,635,4th Ave S & S Washington St,1.0,0.0
2025-10-07,515,North,25212,91726.0,,17:42:46,17:43:15,2,2638,4th Ave & Cherry St,1.0,0.0
2025-10-07,515,North,25212,91726.0,,17:44:54,17:46:16,3,641,4th Ave & Seneca St,7.0,2.0
2025-10-07,515,North,25212,91726.0,17:46:00,17:47:15,17:48:19,4,2976,4th Ave & Pine St,3.0,0.0
2025-10-07,515,North,25212,91726.0,,17:49:36,17:50:33,5,473,Olive Way & 6th Ave,6.0,0.0
2025-10-07,515,North,25212,91726.0,17:50:00,17:52:05,17:52:30,6,430,Howell St & 9th Ave,0.0,0.0
2025-10-07,515,North,25212,91726.0,,17:55:05,17:55:42,7,431,Howell St & Yale Ave,4.0,5.0
2025-10-07,515,North,25212,91726.0,18:09:00,18:13:34,18:14:11,10,2766,Mountlake Terrace Fwy Station Bay 7,2.0,17.0
2025-10-07,515,North,25212,91726.0,18:23:00,18:18:47,18:18:47,11,2118,Lynnwood City Center Station Bay A5,0.0,0.0
2025-10-07,515,North,25213,91704.0,18:00:00,18:00:17,18:00:17,0,640,4th Ave S & S Jackson St,4.0,0.0
2025-10-07,515,North,25213,91704.0,,18:01:41,18:01:50,1,635,4th Ave S & S Washington St,0.0,0.0
2025-10-07,515,North,25213,91704.0,,18:02:37,18:03:05,2,2638,4th Ave & Cherry St,3.0,0.0
2025-10-07,515,North,25213,91704.0,,18:04:50,18:05:42,3,641,4th Ave & Seneca St,3.0,0.0
2025-10-07,515,North,25213,91704.0,18:06:00,18:06:47,18:07:47,4,2976,4th Ave & Pine St,3.0,0.0
2025-10-07,515,North,25213,91704.0,,18:10:09,18:11:30,5,473,Olive Way & 6th Ave,3.0,0.0
2025-10-07,515,North,25213,91704.0,18:09:00,18:13:06,18:13:38,6,430,Howell St & 9th Ave,6.0,0.0
2025-10-07,515,North,25213,91704.0,,18:16:05,18:16:27,7,431,Howell St & Yale Ave,1.0,0.0
2025-10-07,515,North,25213,91704.0,18:27:00,18:32:36,18:33:06,10,2766,Mountlake Terrace Fwy Station Bay 7,0.0,5.0
2025-10-07,515,North,25213,91704.0,18:39:00,18:37:39,18:37:39,11,2118,Lynnwood City Center Station Bay A5,0.0,18.0
2025-10-07,515,North,25214,91908.0,18:20:00,18:22:24,18:22:24,0,640,4th Ave S & S Jackson St,1.0,0.0
2025-10-07,515,North,25214,91908.0,,18:22:58,18:23:23,1,635,4th Ave S & S Washington St,2.0,0.0
2025-10-07,515,North,25214,91908.0,,18:24:47,18:25:12,2,2638,4th Ave & Cherry St,1.0,3.0
2025-10-07,515,North,25214,91908.0,,18:26:54,18:27:16,3,641,4th Ave & Seneca St,1.0,0.0
2025-10-07,515,North,25214,91908.0,18:26:00,18:29:08,18:29:27,4,2976,4th Ave & Pine St,0.0,0.0
2025-10-07,515,North,25214,91908.0,,18:31:17,18:32:34,5,473,Olive Way & 6th Ave,2.0,0.0
2025-10-07,515,North,25214,91908.0,18:29:00,18:33:10,18:33:25,6,430,Howell St & 9th Ave,0.0,2.0
2025-10-07,515,North,25214,91908.0,,18:35:49,18:36:06,7,431,Howell St & Yale Ave,1.0,0.0
2025-10-07,515,North,25214,91908.0,18:47:00,18:50:31,18:50:48,10,2766,Mountlake Terrace Fwy Station Bay 7,0.0,3.0
2025-10-07,515,North,25214,91908.0,18:59:00,18:55:03,18:55:03,11,2118,Lynnwood City Center Station Bay A5,0.0,0.0
2025-10-07,515,North,25215,91706.0,18:40:00,18:42:03,18:42:03,0,640,4th Ave S & S Jackson St,2.0,0.0
2025-10-07,515,North,25215,91706.0,,18:42:44,18:43:09,1,635,4th Ave S & S Washington St,1.0,0.0
2025-10-07,515,North,25215,91706.0,,18:44:26,18:45:00,2,2638,4th Ave & Cherry St,4.0,0.0
2025-10-07,515,North,25215,91706.0,,18:46:33,18:47:46,3,641,4th Ave & Seneca St,3.0,0.0
2025-10-07,515,North,25215,91706.0,18:46:00,18:48:50,18:49:53,4,2976,4th Ave & Pine St,2.0,0.0
2025-10-07,515,North,25215,91706.0,,18:51:10,18:52:18,5,473,Olive Way & 6th Ave,2.0,0.0
2025-10-07,515,North,25215,91706.0,18:49:00,18:53:38,18:53:52,6,430,Howell St & 9th Ave,1.0,0.0
2025-10-07,515,North,25215,91706.0,,18:56:56,18:57:24,7,431,Howell St & Yale Ave,1.0,1.0
2025-10-07,515,North,25215,91706.0,19:07:00,19:11:52,19:12:11,10,2766,Mountlake Terrace Fwy Station Bay 7,1.0,1.0
2025-10-07,515,North,25215,91706.0,19:16:00,19:16:23,19:16:23,11,2118,Lynnwood City Center Station Bay A5,1.0,16.0
2025-10-07,515,South,25216,91905.0,04:30:00,04:31:27,04:31:27,0,2113,Lynnwood City Center Station Bay D1,20.0,0.0
2025-10-07,515,South,25216,91905.0,04:34:00,04:34:24,04:34:38,1,2765,Mountlake Terrace Fwy Station Bay 6,0.0,0.0
2025-10-07,515,South,25216,91905.0,04:51:00,04:48:15,04:49:04,4,1909,Stewart St & 9th Ave,0.0,3.0
2025-10-07,515,South,25216,91905.0,,04:50:07,04:50:26,5,1908,Stewart St & 7th Ave,0.0,5.0
2025-10-07,515,South,25216,91905.0,04:56:00,04:51:21,04:52:21,6,2698,5th Ave & Pine St,0.0,3.0
2025-10-07,515,South,25216,91905.0,,04:53:13,04:53:33,7,2700,5th Ave & Seneca St,0.0,3.0
2025-10-07,515,South,25216,91905.0,,04:54:27,04:55:04,8,2702,5th Ave & Marion St,0.0,4.0
2025-10-07,515,South,25216,91905.0,,04:56:30,04:56:48,9,2290,5th Ave & Jefferson St,0.0,2.0
2025-10-07,515,South,25216,91905.0,05:04:00,04:58:57,04:58:57,10,2706,5th Ave S & S Jackson St,0.0,0.0
2025-10-07,515,South,25217,,04:50:00,,,0,2113,Lynnwood City Center Station Bay D1,,
2025-10-07,515,South,25217,,04:54:00,,,1,2765,Mountlake Terrace Fwy Station Bay 6,,
2025-10-07,515,South,25217,,05:11:00,,,4,1909,Stewart St & 9th Ave,,
2025-10-07,515,South,25217,,,,,5,1908,Stewart St & 7th Ave,,
2025-10-07,515,South,25217,,05:16:00,,,6,2698,5th Ave & Pine St,,
2025-10-07,515,South,25217,,,,,7,2700,5th Ave & Seneca St,,
2025-10-07,515,South,25217,,,,,8,2702,5th Ave & Marion St,,
2025-10-07,515,South,25217,,,,,9,2290,5th Ave & Jefferson St,,
2025-10-07,515,South,25217,,05:24:00,,,10,2706,5th Ave S & S Jackson St,,
2025-10-07,515,South,25218,91728.0,05:10:00,05:12:41,05:12:41,0,2113,Lynnwood City Center Station Bay D1,44.0,0.0
2025-10-07,515,South,25218,91728.0,05:14:00,05:16:56,05:17:39,1,2765,Mountlake Terrace Fwy Station Bay 6,8.0,0.0
2025-10-07,515,South,25218,91728.0,05:31:00,05:32:18,05:33:11,4,1909,Stewart St & 9th Ave,1.0,13.0
2025-10-07,515,South,25218,91728.0,,05:34:13,05:35:33,5,1908,Stewart St & 7th Ave,0.0,8.0
2025-10-07,515,South,25218,91728.0,05:36:00,05:36:36,05:36:53,6,2698,5th Ave & Pine St,0.0,2.0
2025-10-07,515,South,25218,91728.0,,05:39:20,05:39:53,7,2700,5th Ave & Seneca St,0.0,10.0
2025-10-07,515,South,25218,91728.0,,05:40:46,05:41:15,8,2702,5th Ave & Marion St,0.0,7.0
2025-10-07,515,South,25218,91728.0,,05:42:06,05:42:40,9,2290,5th Ave & Jefferson St,0.0,13.0
2025-10-07,515,South,25218,91728.0,05:44:00,05:44:48,05:44:48,10,2706,5th Ave S & S Jackson St,0.0,0.0
2025-10-07,515,South,25219,91725.0,05:30:00,05:31:08,05:31:08,0,2113,Lynnwood City Center Station Bay D1,30.0,0.0
2025-10-07,515,South,25219,91725.0,05:34:00,05:35:36,05:35:52,1,2765,Mountlake Terrace Fwy Station Bay 6,0.0,0.0
2025-10-07,515,South,25219,91725.0,05:51:00,05:51:20,05:52:02,4,1909,Stewart St & 9th Ave,0.0,6.0
2025-10-07,515,South,25219,91725.0,,05:53:10,05:53:35,5,1908,Stewart St & 7th Ave,0.0,1.0
2025-10-07,515,South,25219,91725.0,05:56:00,05:55:29,05:56:20,6,2698,5th Ave & Pine St,0.0,0.0
2025-10-07,515,South,25219,91725.0,,05:58:15,05:58:48,7,2700,5th Ave & Seneca St,0.0,7.0
2025-10-07,515,South,25219,91725.0,,05:59:44,06:00:25,8,2702,5th Ave & Marion St,0.0,8.0
2025-10-07,515,South,25219,91725.0,,06:01:34,06:02:04,9,2290,5th Ave & Jefferson St,0.0,6.0
2025-10-07,515,South,25219,91725.0,06:05:00,06:04:58,06:04:58,10,2706,5th Ave S & S Jackson St,0.0,2.0
2025-10-07,515,South,25220,91718.0,05:55:00,05:57:55,05:57:55,0,2113,Lynnwood City Center Station Bay D1,41.0,0.0
2025-10-07,515,South,25220,91718.0,05:59:00,06:01:58,06:02:26,1,2765,Mountlake Terrace Fwy Station Bay 6,3.0,0.0
2025-10-07,515,South,25220,91718.0,06:16:00,06:17:31,06:18:00,4,1909,Stewart St & 9th Ave,3.0,9.0
2025-10-07,515,South,25220,91718.0,,06:18:34,06:19:12,5,1908,Stewart St & 7th Ave,1.0,5.0
2025-10-07,515,South,25220,91718.0,06:21:00,06:21:22,06:22:33,6,2698,5th Ave & Pine St,1.0,5.0
2025-10-07,515,South,25220,91718.0,,06:23:37,06:24:04,7,2700,5th Ave & Seneca St,0.0,9.0
2025-10-07,515,South,25220,91718.0,,06:25:05,06:25:47,8,2702,5th Ave & Marion St,0.0,14.0
2025-10-07,515,South,25220,91718.0,,06:27:02,06:27:28,9,2290,5th Ave & Jefferson St,0.0,7.0
2025-10-07,515,South,25220,91718.0,06:30:00,06:29:18,06:29:18,10,2706,5th Ave S & S Jackson St,0.0,0.0
2025-10-07,515,South,25221,,06:05:00,,,0,2113,Lynnwood City Center Station Bay D1,,
2025-10-07,515,South,25221,,06:09:00,,,1,2765,Mountlake Terrace Fwy Station Bay 6,,
2025-10-07,515,South,25221,,06:27:00,,,4,1909,Stewart St & 9th Ave,,
2025-10-07,515,South,25221,,,,,5,1908,Stewart St & 7th Ave,,
2025-10-07,515,South,25221,,06:32:00,,,6,2698,5th Ave & Pine St,,
2025-10-07,515,South,25221,,,,,7,2700,5th Ave & Seneca St,,
2025-10-07,515,South,25221,,,,,8,2702,5th Ave & Marion St,,
2025-10-07,515,South,25221,,,,,9,2290,5th Ave & Jefferson St,,
2025-10-07,515,South,25221,,06:41:00,,,10,2706,5th Ave S & S Jackson St,,
2025-10-07,515,South,25222,91702.0,06:15:00,06:15:08,06:15:08,0,2113,Lynnwood City Center Station Bay D1,54.0,0.0
2025-10-07,515,South,25222,91702.0,06:19:00,06:19:54,06:20:19,1,2765,Mountlake Terrace Fwy Station Bay 6,2.0,0.0
2025-10-07,515,South,25222,91702.0,06:37:00,06:35:52,06:36:47,4,1909,Stewart St & 9th Ave,1.0,13.0
2025-10-07,515,South,25222,91702.0,,06:37:39,06:38:10,5,1908,Stewart St & 7th Ave,0.0,11.0
2025-10-07,515,South,25222,91702.0,06:42:00,06:39:21,06:40:37,6,2698,5th Ave & Pine St,0.0,7.0
2025-10-07,515,South,25222,91702.0,,06:41:34,06:42:10,7,2700,5th Ave & Seneca St,1.0,11.0
2025-10-07,515,South,25222,91702.0,,06:43:03,06:43:52,8,2702,5th Ave & Marion St,0.0,11.0
2025-10-07,515,South,25222,91702.0,,06:45:03,06:45:43,9,2290,5th Ave & Jefferson St,0.0,5.0
2025-10-07,515,South,25222,91702.0,06:52:00,06:47:20,06:47:20,10,2706,5th Ave S & S Jackson St,0.0,0.0
2025-10-07,515,South,25223,91728.0,06:25:00,06:30:48,06:30:48,0,2113,Lynnwood City Center Station Bay D1,59.0,0.0
2025-10-07,515,South,25223,91728.0,06:29:00,06:35:27,06:36:22,1,2765,Mountlake Terrace Fwy Station Bay 6,8.0,0.0
2025-10-07,515,South,25223,91728.0,06:49:00,06:53:47,06:54:48,4,1909,Stewart St & 9th Ave,0.0,17.0
2025-10-07,515,South,25223,91728.0,,06:55:47,06:56:21,5,1908,Stewart St & 7th Ave,0.0,12.0
2025-10-07,515,South,25223,91728.0,06:54:00,06:58:54,07:00:10,6,2698,5th Ave & Pine St,0.0,6.0
2025-10-07,515,South,25223,91728.0,,07:02:19,07:03:05,7,2700,5th Ave & Seneca St,0.0,12.0
2025-10-07,515,South,25223,91728.0,,07:04:20,07:05:03,8,2702,5th Ave & Marion St,1.0,15.0
2025-10-07,515,South,25223,91728.0,,07:07:07,07:07:28,9,2290,5th Ave & Jefferson St,0.0,3.0
2025-10-07,515,South,25223,91728.0,07:05:00,07:10:40,07:10:40,10,2706,5th Ave S & S Jackson St,0.0,3.0
2025-10-07,515,South,25224,,06:35:00,,,0,2113,Lynnwood City Center Station Bay D1,,
2025-10-07,515,South,25224,,06:39:00,,,1,2765,Mountlake Terrace Fwy Station Bay 6,,
2025-10-07,515,South,25224,,07:00:00,,,4,1909,Stewart St & 9th Ave,,
2025-10-07,515,South,25224,,,,,5,1908,Stewart St & 7th Ave,,
2025-10-07,515,South,25224,,07:05:00,,,6,2698,5th Ave & Pine St,,
2025-10-07,515,South,25224,,,,,7,2700,5th Ave & Seneca St,,
2025-10-07,515,South,25224,,,,,8,2702,5th Ave & Marion St,,
2025-10-07,515,South,25224,,,,,9,2290,5th Ave & Jefferson St,,
2025-10-07,515,South,25224,,07:16:00,,,10,2706,5th Ave S & S Jackson St,,
2025-10-07,515,South,25225,91901.0,06:45:00,06:46:07,06:46:07,0,2113,Lynnwood City Center Station Bay D1,54.0,0.0
2025-10-07,515,South,25225,91901.0,06:50:00,06:51:04,06:51:48,1,2765,Mountlake Terrace Fwy Station Bay 6,7.0,0.0
2025-10-07,515,South,25225,91901.0,07:11:00,07:07:12,07:07:48,4,1909,Stewart St & 9th Ave,1.0,15.0
2025-10-07,515,South,25225,91901.0,,07:09:09,07:09:47,5,1908,Stewart St & 7th Ave,0.0,11.0
2025-10-07,515,South,25225,91901.0,07:16:00,07:12:17,07:13:34,6,2698,5th Ave & Pine St,0.0,5.0
2025-10-07,515,South,25225,91901.0,,07:15:29,07:16:08,7,2700,5th Ave & Seneca St,0.0,13.0
2025-10-07,515,South,25225,91901.0,,07:17:41,07:18:16,8,2702,5th Ave & Marion St,0.0,6.0
2025-10-07,515,South,25225,91901.0,,07:19:33,07:19:59,9,2290,5th Ave & Jefferson St,0.0,9.0
2025-10-07,515,South,25225,91901.0,07:27:00,07:22:23,07:22:23,10,2706,5th Ave S & S Jackson St,0.0,3.0
2025-10-07,515,South,25226,,06:55:00,,,0,2113,Lynnwood City Center Station Bay D1,,
2025-10-07,515,South,25226,,07:00:00,,,1,2765,Mountlake Terrace Fwy Station Bay 6,,
2025-10-07,515,South,25226,,07:21:00,,,4,1909,Stewart St & 9th Ave,,
2025-10-07,515,South,25226,,,,,5,1908,Stewart St & 7th Ave,,
2025-10-07,515,South,25226,,07:26:00,,,6,2698,5th Ave & Pine St,,
2025-10-07,515,South,25226,,,,,7,2700,5th Ave & Seneca St,,
2025-10-07,515,South,25226,,,,,8,2702,5th Ave & Marion St,,
2025-10-07,515,South,25226,,,,,9,2290,5th Ave & Jefferson St,,
2025-10-07,515,South,25226,,07:37:00,,,10,2706,5th Ave S & S Jackson St,,
2025-10-07,515,South,25227,91727.0,07:05:00,07:08:27,07:08:27,0,2113,Lynnwood City Center Station Bay D1,63.0,0.0
2025-10-07,515,South,25227,91727.0,07:10:00,07:13:09,07:14:36,1,2765,Mountlake Terrace Fwy Station Bay 6,20.0,0.0
2025-10-07,515,South,25227,91727.0,07:34:00,07:32:27,07:33:16,4,1909,Stewart St & 9th Ave,1.0,25.0
2025-10-07,515,South,25227,91727.0,,07:34:36,07:35:15,5,1908,Stewart St & 7th Ave,0.0,15.0
2025-10-07,515,South,25227,91727.0,07:39:00,07:36:16,07:37:33,6,2698,5th Ave & Pine St,0.0,9.0
2025-10-07,515,South,25227,91727.0,,07:38:28,07:38:58,7,2700,5th Ave & Seneca St,0.0,10.0
2025-10-07,515,South,25227,91727.0,,07:40:02,07:40:43,8,2702,5th Ave & Marion St,0.0,14.0
2025-10-07,515,South,25227,91727.0,,07:41:53,07:42:28,9,2290,5th Ave & Jefferson St,1.0,8.0
2025-10-07,515,South,25227,91727.0,07:50:00,07:44:24,07:44:24,10,2706,5th Ave S & S Jackson St,0.0,4.0
2025-10-07,515,South,25228,91718.0,07:15:00,07:15:59,07:15:59,0,2113,Lynnwood City Center Station Bay D1,35.0,0.0
2025-10-07,515,South,25228,91718.0,07:20:00,07:21:25,07:22:27,1,2765,Mountlake Terrace Fwy Station Bay 6,17.0,0.0
2025-10-07,515,South,25228,91718.0,07:51:00,07:44:59,07:45:39,4,1909,Stewart St & 9th Ave,1.0,16.0
2025-10-07,515,South,25228,91718.0,,07:46:41,07:47:21,5,1908,Stewart St & 7th Ave,1.0,15.0
2025-10-07,515,South,25228,91718.0,07:56:00,07:49:47,07:50:10,6,2698,5th Ave & Pine St,0.0,4.0
2025-10-07,515,South,25228,91718.0,,07:53:05,07:53:30,7,2700,5th Ave & Seneca St,0.0,7.0
2025-10-07,515,South,25228,91718.0,,07:55:14,07:55:44,8,2702,5th Ave & Marion St,0.0,7.0
2025-10-07,515,South,25228,91718.0,,07:57:06,07:57:32,9,2290,5th Ave & Jefferson St,0.0,5.0
2025-10-07,515,South,25228,91718.0,08:07:00,07:59:25,07:59:25,10,2706,5th Ave S & S Jackson St,0.0,0.0
2025-10-07,515,South,25229,19810.0,07:25:00,07:25:42,07:25:42,0,2113,Lynnwood City Center Station Bay D1,20.0,0.0
2025-10-07,515,South,25229,19810.0,07:30:00,07:31:01,07:31:54,1,2765,Mountlake Terrace Fwy Station Bay 6,8.0,1.0
2025-10-07,515,South,25229,19810.0,08:02:00,07:54:25,07:54:48,4,1909,Stewart St & 9th Ave,0.0,19.0
2025-10-07,515,South,25229,19810.0,,07:55:40,07:55:57,5,1908,Stewart St & 7th Ave,0.0,5.0
2025-10-07,515,South,25229,19810.0,08:07:00,07:57:26,07:57:39,6,2698,5th Ave & Pine St,0.0,1.0
2025-10-07,515,South,25229,19810.0,,07:59:30,07:59:42,7,2700,5th Ave & Seneca St,0.0,0.0
2025-10-07,515,South,25229,19810.0,,08:01:09,08:01:53,8,2702,5th Ave & Marion St,0.0,2.0
2025-10-07,515,South,25229,19810.0,,08:03:05,08:03:19,9,2290,5th Ave & Jefferson St,0.0,0.0
2025-10-07,515,South,25229,19810.0,08:18:00,08:05:50,08:05:50,10,2706,5th Ave S & S Jackson St,0.0,0.0
2025-10-07,515,South,25230,91505.0,07:35:00,07:37:03,07:37:03,0,2113,Lynnwood City Center Station Bay D1,26.0,0.0
2025-10-07,515,South,25230,91505.0,07:40:00,07:42:28,07:43:33,1,2765,Mountlake Terrace Fwy Station Bay 6,7.0,0.0
2025-10-07,515,South,25230,91505.0,08:13:00,08:14:45,08:15:27,4,1909,Stewart St & 9th Ave,1.0,18.0
2025-10-07,515,South,25230,91505.0,,08:16:36,08:16:59,5,1908,Stewart St & 7th Ave,0.0,5.0
2025-10-07,515,South,25230,91505.0,08:18:00,08:18:15,08:19:33,6,2698,5th Ave & Pine St,2.0,1.0
2025-10-07,515,South,25230,91505.0,,08:20:29,08:20:53,7,2700,5th Ave & Seneca St,0.0,4.0
2025-10-07,515,South,25230,91505.0,,08:22:05,08:22:41,8,2702,5th Ave & Marion St,0.0,4.0
2025-10-07,515,South,25230,91505.0,,08:23:56,08:24:10,9,2290,5th Ave & Jefferson St,0.0,1.0
2025-10-07,515,South,25230,91505.0,08:29:00,08:26:06,08:26:06,10,2706,5th Ave S & S Jackson St,0.0,3.0
2025-10-07,515,South,25231,,07:45:00,,,0,2113,Lynnwood City Center Station Bay D1,,
2025-10-07,515,South,25231,,07:50:00,,,1,2765,Mountlake Terrace Fwy Station Bay 6,,
2025-10-07,515,South,25231,,08:23:00,,,4,1909,Stewart St & 9th Ave,,
2025-10-07,515,South,25231,,,,,5,1908,Stewart St & 7th Ave,,
2025-10-07,515,South,25231,,08:28:00,,,6,2698,5th Ave & Pine St,,
2025-10-07,515,South,25231,,,,,7,2700,5th Ave & Seneca St,,
2025-10-07,515,South,25231,,,,,8,2702,5th Ave & Marion St,,
2025-10-07,515,South,25231,,,,,9,2290,5th Ave & Jefferson St,,
2025-10-07,515,South,25231,,08:39:00,,,10,2706,5th Ave S & S Jackson St,,
2025-10-07,515,South,25232,19812.0,07:55:00,07:58:33,07:58:33,0,2113,Lynnwood City Center Station Bay D1,33.0,0.0
2025-10-07,515,South,25232,19812.0,08:00:00,08:02:20,08:03:09,1,2765,Mountlake Terrace Fwy Station Bay 6,9.0,0.0
2025-10-07,515,South,25232,19812.0,08:35:00,08:40:21,08:41:16,4,1909,Stewart St & 9th Ave,0.0,21.0
2025-10-07,515,South,25232,19812.0,,08:42:11,08:42:48,5,1908,Stewart St & 7th Ave,2.0,11.0
2025-10-07,515,South,25232,19812.0,08:40:00,08:43:50,08:44:11,6,2698,5th Ave & Pine St,1.0,2.0
2025-10-07,515,South,25232,19812.0,,08:47:18,08:47:48,7,2700,5th Ave & Seneca St,1.0,5.0
2025-10-07,515,South,25232,19812.0,,08:49:57,08:50:23,8,2702,5th Ave & Marion St,0.0,6.0
2025-10-07,515,South,25232,19812.0,,08:52:32,08:53:02,9,2290,5th Ave & Jefferson St,0.0,0.0
2025-10-07,515,South,25232,19812.0,08:51:00,08:55:42,08:55:42,10,2706,5th Ave S & S Jackson St,1.0,2.0
2025-10-07,515,South,25233,19814.0,08:15:00,08:15:13,08:15:13,0,2113,Lynnwood City Center Station Bay D1,12.0,0.0
2025-10-07,515,South,25233,19814.0,08:19:00,08:20:25,08:21:21,1,2765,Mountlake Terrace Fwy Station Bay 6,12.0,0.0
2025-10-07,515,South,25233,19814.0,08:58:00,09:00:08,09:00:43,4,1909,Stewart St & 9th Ave,0.0,10.0
2025-10-07,515,South,25233,19814.0,,09:01:35,09:02:02,5,1908,Stewart St & 7th Ave,0.0,5.0
2025-10-07,515,South,25233,19814.0,09:03:00,09:04:46,09:05:02,6,2698,5th Ave & Pine St,0.0,1.0
2025-10-07,515,South,25233,19814.0,,09:06:42,09:07:03,7,2700,5th Ave & Seneca St,0.0,7.0
2025-10-07,515,South,25233,19814.0,,09:08:34,09:09:15,8,2702,5th Ave & Marion St,0.0,1.0
2025-10-07,515,South,25233,19814.0,,09:10:28,09:10:28,9,2290,5th Ave & Jefferson St,0.0,0.0
2025-10-07,515,South,25233,19814.0,09:14:00,09:12:48,09:12:48,10,2706,5th Ave S & S Jackson St,0.0,0.0
2025-10-07,515,South,25234,91708.0,08:35:00,08:35:11,08:35:11,0,2113,Lynnwood City Center Station Bay D1,8.0,0.0
2025-10-07,515,South,25234,91708.0,08:39:00,08:39:26,08:39:36,1,2765,Mountlake Terrace Fwy Station Bay 6,0.0,0.0
2025-10-07,515,South,25234,91708.0,09:18:00,09:11:27,09:11:54,4,1909,Stewart St & 9th Ave,0.0,5.0
2025-10-07,515,South,25234,91708.0,,09:12:25,09:12:44,5,1908,Stewart St & 7th Ave,0.0,3.0
2025-10-07,515,South,25234,91708.0,09:23:00,09:15:13,09:15:22,6,2698,5th Ave & Pine St,0.0,0.0
2025-10-07,515,South,25234,91708.0,,09:17:09,09:17:28,7,2700,5th Ave & Seneca St,0.0,0.0
2025-10-07,515,South,25234,91708.0,,09:19:20,09:19:49,8,2702,5th Ave & Marion St,0.0,0.0
2025-10-07,515,South,25234,91708.0,,09:22:08,09:22:18,9,2290,5th Ave & Jefferson St,0.0,0.0
2025-10-07,515,South,25234,91708.0,09:34:00,09:23:57,09:23:57,10,2706,5th Ave S & S Jackson St,0.0,0.0
2025-10-07,515,South,25235,91710.0,08:55:00,08:55:12,08:55:12,0,2113,Lynnwood City Center Station Bay D1,6.0,0.0
2025-10-07,515,South,25235,91710.0,08:59:00,08:59:40,08:59:52,1,2765,Mountlake Terrace Fwy Station Bay 6,1.0,0.0
2025-10-07,515,South,25235,91710.0,09:38:00,09:31:37,09:32:18,4,1909,Stewart St & 9th Ave,0.0,3.0
2025-10-07,515,South,25235,91710.0,,09:33:09,09:33:34,5,1908,Stewart St & 7th Ave,0.0,1.0
2025-10-07,515,South,25235,91710.0,09:43:00,09:34:52,09:34:52,6,2698,5th Ave & Pine St,0.0,0.0
2025-10-07,515,South,25235,91710.0,,09:36:41,09:37:00,7,2700,5th Ave & Seneca St,0.0,1.0
2025-10-07,515,South,25235,91710.0,,09:38:30,09:39:16,8,2702,5th Ave & Marion St,0.0,1.0
2025-10-07,515,South,25235,91710.0,,09:40:25,09:40:44,9,2290,5th Ave & Jefferson St,0.0,1.0
2025-10-07,515,South,25235,91710.0,09:54:00,09:42:59,09:42:59,10,2706,5th Ave S & S Jackson St,0.0,0.0
2025-10-08,515,North,25197,9566.0,15:00:00,15:00:13,15:00:13,0,640,4th Ave S & S Jackson St,4.0,0.0
2025-10-08,515,North,25197,9566.0,,15:00:43,15:01:05,1,635,4th Ave S & S Washington St,1.0,0.0
2025-10-08,515,North,25197,9566.0,,15:02:21,15:03:36,2,2638,4th Ave & Cherry St,7.0,0.0
2025-10-08,515,North,25197,9566.0,,15:06:05,15:06:45,3,641,4th Ave & Seneca St,4.0,0.0
2025-10-08,515,North,25197,9566.0,15:06:00,15:08:18,15:09:20,4,2976,4th Ave & Pine St,2.0,0.0
2025-10-08,515,North,25197,9566.0,,15:10:35,15:11:31,5,473,Olive Way & 6th Ave,6.0,0.0
2025-10-08,515,North,25197,9566.0,15:10:00,15:13:05,15:13:48,6,430,Howell St & 9th Ave,4.0,4.0
2025-10-08,515,North,25197,9566.0,,15:17:34,15:18:14,7,431,Howell St & Yale Ave,2.0,0.0
2025-10-08,515,North,25197,9566.0,15:30:00,15:36:52,15:37:17,10,2766,Mountlake Terrace Fwy Station Bay 7,0.0,26.0
2025-10-08,515,North,25197,9566.0,15:38:00,15:42:03,15:42:03,11,2118,Lynnwood City Center Station Bay A5,0.0,0.0
2025-10-08,515,North,25198,91708.0,15:10:00,15:10:34,15:10:34,0,640,4th Ave S & S Jackson St,4.0,0.0
2025-10-08,515,North,25198,91708.0,,15:11:06,15:11:22,1,635,4th Ave S & S Washington St,0.0,0.0
2025-10-08,515,North,25198,91708.0,,15:12:52,15:13:42,2,2638,4th Ave & Cherry St,5.0,0.0
2025-10-08,515,North,25198,91708.0,,15:15:58,15:16:31,3,641,4th Ave & Seneca St,3.0,0.0
2025-10-08,515,North,25198,91708.0,15:16:00,15:17:38,15:18:21,4,2976,4th Ave & Pine St,3.0,0.0
2025-10-08,515,North,25198,91708.0,,15:19:39,15:20:32,5,473,Olive Way & 6th Ave,3.0,3.0
2025-10-08,515,North,25198,91708.0,15:20:00,15:21:09,15:21:46,6,430,Howell St & 9th Ave,1.0,0.0
2025-10-08,515,North,25198,91708.0,,15:25:07,15:25:25,7,431,Howell St & Yale Ave,0.0,6.0
2025-10-08,515,North,25198,91708.0,15:40:00,15:44:11,15:44:36,10,2766,Mountlake Terrace Fwy Station Bay 7,0.0,10.0
2025-10-08,515,North,25198,91708.0,15:50:00,15:49:06,15:49:06,11,2118,Lynnwood City Center Station Bay A5,0.0,0.0
2025-10-08,515,North,25199,91726.0,15:20:00,15:22:07,15:22:07,0,640,4th Ave S & S Jackson St,8.0,0.0
2025-10-08,515,North,25199,91726.0,,,,1,635,4th Ave S & S Washington St,,
2025-10-08,515,North,25199,91726.0,,15:22:28,15:23:02,2,2638,4th Ave & Cherry St,6.0,0.0
2025-10-08,515,North,25199,91726.0,,15:24:04,15:24:27,3,641,4th Ave & Seneca St,1.0,0.0
2025-10-08,515,North,25199,91726.0,15:26:00,15:26:15,15:26:27,4,2976,4th Ave & Pine St,0.0,0.0
2025-10-08,515,North,25199,91726.0,,15:28:18,15:29:31,5,473,Olive Way & 6th Ave,6.0,0.0
2025-10-08,515,North,25199,91726.0,15:30:00,15:31:04,15:31:33,6,430,Howell St & 9th Ave,5.0,0.0
2025-10-08,515,North,25199,91726.0,,15:34:27,15:35:02,7,431,Howell St & Yale Ave,5.0,0.0
2025-10-08,515,North,25199,91726.0,15:51:00,15:54:12,15:54:45,10,2766,Mountlake Terrace Fwy Station Bay 7,0.0,6.0
2025-10-08,515,North,25199,91726.0,16:03:00,15:59:18,15:59:18,11,2118,Lynnwood City Center Station Bay A5,0.0,25.0
2025-10-08,515,North,25200,91711.0,15:30:00,15:30:23,15:30:23,0,640,4th Ave S & S Jackson St,2.0,0.0
2025-10-08,515,North,25200,91711.0,,15:31:39,15:31:45,1,635,4th Ave S & S Washington St,0.0,0.0
2025-10-08,515,North,25200,91711.0,,15:32:43,15:33:22,2,2638,4th Ave & Cherry St,5.0,0.0
2025-10-08,515,North,25200,91711.0,,15:34:42,15:35:52,3,641,4th Ave & Seneca St,3.0,7.0
2025-10-08,515,North,25200,91711.0,15:36:00,15:36:57,15:37:23,4,2976,4th Ave & Pine St,2.0,0.0
2025-10-08,515,North,25200,91711.0,,15:39:02,15:40:13,5,473,Olive Way & 6th Ave,5.0,0.0
2025-10-08,515,North,25200,91711.0,15:40:00,15:41:47,15:42:09,6,430,Howell St & 9th Ave,2.0,0.0
2025-10-08,515,North,25200,91711.0,,15:44:38,15:45:07,7,431,Howell St & Yale Ave,2.0,0.0
2025-10-08,515,North,25200,91711.0,16:02:00,16:04:42,16:05:01,10,2766,Mountlake Terrace Fwy Station Bay 7,0.0,14.0
2025-10-08,515,North,25200,91711.0,16:14:00,16:09:45,16:09:45,11,2118,Lynnwood City Center Station Bay A5,0.0,0.0
2025-10-08,515,North,25201,91715.0,15:40:00,15:40:49,15:40:49,0,640,4th Ave S & S Jackson St,0.0,0.0
2025-10-08,515,North,25201,91715.0,,15:42:14,15:42:23,1,635,4th Ave S & S Washington St,0.0,0.0
2025-10-08,515,North,25201,91715.0,,15:43:23,15:44:18,2,2638,4th Ave & Cherry St,12.0,0.0
2025-10-08,515,North,25201,91715.0,,15:46:26,15:48:16,3,641,4th Ave & Seneca St,10.0,0.0
2025-10-08,515,North,25201,91715.0,15:46:00,15:50:01,15:50:10,4,2976,4th Ave & Pine St,0.0,0.0
2025-10-08,515,North,25201,91715.0,,15:52:14,15:53:29,5,473,Olive Way & 6th Ave,12.0,0.0
2025-10-08,515,North,25201,91715.0,15:50:00,15:54:10,15:54:31,6,430,Howell St & 9th Ave,1.0,0.0
2025-10-08,515,North,25201,91715.0,,15:58:11,15:58:51,7,431,Howell St & Yale Ave,4.0,0.0
2025-10-08,515,North,25201,91715.0,16:12:00,16:18:52,16:19:21,10,2766,Mountlake Terrace Fwy Station Bay 7,0.0,4.0
2025-10-08,515,North,25201,91715.0,16:27:00,16:23:48,16:23:48,11,2118,Lynnwood City Center Station Bay A5,0.0,35.0
2025-10-08,515,North,25202,91724.0,15:50:00,15:50:27,15:50:27,0,640,4th Ave S & S Jackson St,1.0,0.0
2025-10-08,515,North,25202,91724.0,,15:51:26,15:51:56,1,635,4th Ave S & S Washington St,2.0,0.0
2025-10-08,515,North,25202,91724.0,,15:53:28,15:53:57,2,2638,4th Ave & Cherry St,6.0,0.0
2025-10-08,515,North,25202,91724.0,,15:55:37,15:56:45,3,641,4th Ave & Seneca St,5.0,0.0
2025-10-08,515,North,25202,91724.0,15:56:00,15:57:54,15:58:10,4,2976,4th Ave & Pine St,1.0,1.0
2025-10-08,515,North,25202,91724.0,,15:59:55,16:01:03,5,473,Olive Way & 6th Ave,16.0,0.0
2025-10-08,515,North,25202,91724.0,16:00:00,16:01:39,16:02:20,6,430,Howell St & 9th Ave,6.0,0.0
2025-10-08,515,North,25202,91724.0,,16:05:36,16:05:43,7,431,Howell St & Yale Ave,0.0,0.0
2025-10-08,515,North,25202,91724.0,16:23:00,16:24:33,16:24:59,10,2766,Mountlake Terrace Fwy Station Bay 7,1.0,7.0
2025-10-08,515,North,25202,91724.0,16:39:00,16:31:20,16:31:20,11,2118,Lynnwood City Center Station Bay A5,0.0,30.0
2025-10-08,515,North,25203,19817.0,16:00:00,16:00:28,16:00:28,0,640,4th Ave S & S Jackson St,3.0,0.0
2025-10-08,515,North,25203,19817.0,,16:01:43,16:01:56,1,635,4th Ave S & S Washington St,1.0,0.0
2025-10-08,515,North,25203,19817.0,,16:03:00,16:03:16,2,2638,4th Ave & Cherry St,1.0,0.0
2025-10-08,515,North,25203,19817.0,,16:04:38,16:04:52,3,641,4th Ave & Seneca St,2.0,0.0
2025-10-08,515,North,25203,19817.0,16:06:00,16:06:33,16:06:43,4,2976,4th Ave & Pine St,1.0,0.0
2025-10-08,515,North,25203,19817.0,,16:07:42,16:08:37,5,473,Olive Way & 6th Ave,4.0,0.0
2025-10-08,515,North,25203,19817.0,16:10:00,16:10:10,16:10:30,6,430,Howell St & 9th Ave,3.0,0.0
2025-10-08,515,North,25203,19817.0,,16:14:40,16:15:04,7,431,Howell St & Yale Ave,2.0,0.0
2025-10-08,515,North,25203,19817.0,16:33:00,16:33:24,16:33:45,10,2766,Mountlake Terrace Fwy Station Bay 7,0.0,17.0
2025-10-08,515,North,25203,19817.0,16:49:00,16:39:06,16:39:06,11,2118,Lynnwood City Center Station Bay A5,0.0,0.0
2025-10-08,515,North,25204,91705.0,16:10:00,16:10:34,16:10:34,0,640,4th Ave S & S Jackson St,1.0,0.0
2025-10-08,515,North,25204,91705.0,,16:11:12,16:11:41,1,635,4th Ave S & S Washington St,2.0,0.0
2025-10-08,515,North,25204,91705.0,,16:13:06,16:14:11,2,2638,4th Ave & Cherry St,5.0,0.0
2025-10-08,515,North,25204,91705.0,,16:16:03,16:16:44,3,641,4th Ave & Seneca St,4.0,0.0
2025-10-08,515,North,25204,91705.0,16:16:00,16:18:37,16:19:51,4,2976,4th Ave & Pine St,5.0,2.0
2025-10-08,515,North,25204,91705.0,,16:22:18,16:23:33,5,473,Olive Way & 6th Ave,11.0,0.0
2025-10-08,515,North,25204,91705.0,16:20:00,16:25:08,16:25:58,6,430,Howell St & 9th Ave,6.0,0.0
2025-10-08,515,North,25204,91705.0,,16:29:39,16:30:15,7,431,Howell St & Yale Ave,1.0,2.0
2025-10-08,515,North,25204,91705.0,16:43:00,16:50:27,16:51:11,10,2766,Mountlake Terrace Fwy Station Bay 7,0.0,31.0
2025-10-08,515,North,25204,91705.0,16:59:00,16:56:23,16:56:23,11,2118,Lynnwood City Center Station Bay A5,0.0,0.0
2025-10-08,515,North,25205,19857.0,16:20:00,16:20:52,16:20:52,0,640,4th Ave S & S Jackson St,4.0,0.0
2025-10-08,515,North,25205,19857.0,,16:21:28,16:21:45,1,635,4th Ave S & S Washington St,1.0,0.0
2025-10-08,515,North,25205,19857.0,,16:23:18,16:23:41,2,2638,4th Ave & Cherry St,1.0,0.0
2025-10-08,515,North,25205,19857.0,,16:25:22,16:26:45,3,641,4th Ave & Seneca St,3.0,2.0
2025-10-08,515,North,25205,19857.0,16:26:00,16:28:03,16:28:48,4,2976,4th Ave & Pine St,2.0,0.0
2025-10-08,515,North,25205,19857.0,,16:29:48,16:31:02,5,473,Olive Way & 6th Ave,2.0,0.0
2025-10-08,515,North,25205,19857.0,16:30:00,16:32:41,16:33:18,6,430,Howell St & 9th Ave,5.0,0.0
2025-10-08,515,North,25205,19857.0,,16:37:04,16:37:45,7,431,Howell St & Yale Ave,4.0,3.0
2025-10-08,515,North,25205,19857.0,16:53:00,16:56:58,16:57:20,10,2766,Mountlake Terrace Fwy Station Bay 7,0.0,17.0
2025-10-08,515,North,25205,19857.0,17:09:00,17:02:02,17:02:02,11,2118,Lynnwood City Center Station Bay A5,0.0,0.0
2025-10-08,515,North,25206,19851.0,16:30:00,16:34:23,16:34:23,0,640,4th Ave S & S Jackson St,3.0,0.0
2025-10-08,515,North,25206,19851.0,,16:35:00,16:35:14,1,635,4th Ave S & S Washington St,1.0,0.0
2025-10-08,515,North,25206,19851.0,,16:36:54,16:37:17,2,2638,4th Ave & Cherry St,3.0,0.0
2025-10-08,515,North,25206,19851.0,,16:39:04,16:40:19,3,641,4th Ave & Seneca St,9.0,0.0
2025-10-08,515,North,25206,19851.0,16:36:00,16:41:32,16:42:25,4,2976,4th Ave & Pine St,5.0,0.0
2025-10-08,515,North,25206,19851.0,,16:43:38,16:44:35,5,473,Olive Way & 6th Ave,14.0,0.0
2025-10-08,515,North,25206,19851.0,16:40:00,16:46:07,16:46:49,6,430,Howell St & 9th Ave,9.0,1.0
2025-10-08,515,North,25206,19851.0,,16:52:10,16:52:44,7,431,Howell St & Yale Ave,5.0,0.0
2025-10-08,515,North,25206,19851.0,17:03:00,17:12:34,17:13:06,10,2766,Mountlake Terrace Fwy Station Bay 7,0.0,12.0
2025-10-08,515,North,25206,19851.0,17:19:00,17:19:07,17:19:07,11,2118,Lynnwood City Center Station Bay A5,0.0,36.0
2025-10-08,515,North,25207,19853.0,16:40:00,16:40:22,16:40:22,0,640,4th Ave S & S Jackson St,2.0,0.0
2025-10-08,515,North,25207,19853.0,,16:41:08,16:41:19,1,635,4th Ave S & S Washington St,0.0,0.0
2025-10-08,515,North,25207,19853.0,,16:42:49,16:43:23,2,2638,4th Ave & Cherry St,5.0,0.0
2025-10-08,515,North,25207,19853.0,,16:45:21,16:46:29,3,641,4th Ave & Seneca St,2.0,0.0
2025-10-08,515,North,25207,19853.0,16:46:00,16:47:57,16:48:18,4,2976,4th Ave & Pine St,0.0,0.0
2025-10-08,515,North,25207,19853.0,,16:49:37,16:50:31,5,473,Olive Way & 6th Ave,4.0,5.0
2025-10-08,515,North,25207,19853.0,16:50:00,16:52:02,16:52:25,6,430,Howell St & 9th Ave,1.0,0.0
2025-10-08,515,North,25207,19853.0,,16:58:06,16:58:32,7,431,Howell St & Yale Ave,2.0,6.0
2025-10-08,515,North,25207,19853.0,17:13:00,17:17:49,17:18:07,10,2766,Mountlake Terrace Fwy Station Bay 7,0.0,5.0
2025-10-08,515,North,25207,19853.0,17:29:00,17:23:26,17:23:26,11,2118,Lynnwood City Center Station Bay A5,0.0,0.0
2025-10-08,515,North,25208,19856.0,16:50:00,16:51:03,16:51:03,0,640,4th Ave S & S Jackson St,2.0,0.0
2025-10-08,515,North,25208,19856.0,,16:51:39,16:51:53,1,635,4th Ave S & S Washington St,0.0,0.0
2025-10-08,515,North,25208,19856.0,,16:53:24,16:54:09,2,2638,4th Ave & Cherry St,5.0,0.0
2025-10-08,515,North,25208,19856.0,,16:56:42,16:57:20,3,641,4th Ave & Seneca St,4.0,0.0
2025-10-08,515,North,25208,19856.0,16:56:00,16:58:18,16:58:53,4,2976,4th Ave & Pine St,0.0,0.0
2025-10-08,515,North,25208,19856.0,,16:59:49,17:01:06,5,473,Olive Way & 6th Ave,2.0,0.0
2025-10-08,515,North,25208,19856.0,17:00:00,17:02:36,17:03:31,6,430,Howell St & 9th Ave,3.0,0.0
2025-10-08,515,North,25208,19856.0,,17:07:09,17:07:45,7,431,Howell St & Yale Ave,3.0,0.0
2025-10-08,515,North,25208,19856.0,17:22:00,17:26:38,17:27:04,10,2766,Mountlake Terrace Fwy Station Bay 7,0.0,19.0
2025-10-08,515,North,25208,19856.0,17:38:00,17:32:18,17:32:18,11,2118,Lynnwood City Center Station Bay A5,0.0,0.0
2025-10-08,515,North,25209,91721.0,17:00:00,17:01:49,17:01:49,0,640,4th Ave S & S Jackson St,0.0,0.0
2025-10-08,515,North,25209,91721.0,,17:03:14,17:03:26,1,635,4th Ave S & S Washington St,0.0,0.0
2025-10-08,515,North,25209,91721.0,,17:04:27,17:05:09,2,2638,4th Ave & Cherry St,4.0,0.0
2025-10-08,515,North,25209,91721.0,,17:08:47,17:10:16,3,641,4th Ave & Seneca St,5.0,0.0
2025-10-08,515,North,25209,91721.0,17:06:00,17:11:50,17:12:52,4,2976,4th Ave & Pine St,5.0,5.0
2025-10-08,515,North,25209,91721.0,,17:14:45,17:16:00,5,473,Olive Way & 6th Ave,9.0,3.0
2025-10-08,515,North,25209,91721.0,17:10:00,17:17:38,17:18:12,6,430,Howell St & 9th Ave,3.0,0.0
2025-10-08,515,North,25209,91721.0,,17:22:08,17:22:42,7,431,Howell St & Yale Ave,2.0,3.0
2025-10-08,515,North,25209,91721.0,17:32:00,17:42:03,17:42:34,10,2766,Mountlake Terrace Fwy Station Bay 7,1.0,18.0
2025-10-08,515,North,25209,91721.0,17:48:00,17:48:28,17:48:28,11,2118,Lynnwood City Center Station Bay A5,0.0,0.0
2025-10-08,515,North,25210,91703.0,17:10:00,17:13:30,17:13:30,0,640,4th Ave S & S Jackson St,3.0,0.0
2025-10-08,515,North,25210,91703.0,,17:14:12,17:14:30,1,635,4th Ave S & S Washington St,0.0,0.0
2025-10-08,515,North,25210,91703.0,,17:16:02,17:16:25,2,2638,4th Ave & Cherry St,3.0,0.0
2025-10-08,515,North,25210,91703.0,,17:19:34,17:21:04,3,641,4th Ave & Seneca St,5.0,0.0
2025-10-08,515,North,25210,91703.0,17:16:00,17:23:32,17:24:20,4,2976,4th Ave & Pine St,3.0,0.0
2025-10-08,515,North,25210,91703.0,,17:25:40,17:26:52,5,473,Olive Way & 6th Ave,14.0,0.0
2025-10-08,515,North,25210,91703.0,17:20:00,17:28:36,17:29:17,6,430,Howell St & 9th Ave,6.0,0.0
2025-10-08,515,North,25210,91703.0,,17:32:40,17:33:12,7,431,Howell St & Yale Ave,1.0,0.0
2025-10-08,515,North,25210,91703.0,17:42:00,17:52:29,17:53:00,10,2766,Mountlake Terrace Fwy Station Bay 7,0.0,3.0
2025-10-08,515,North,25210,91703.0,17:58:00,17:57:45,17:57:45,11,2118,Lynnwood City Center Station Bay A5,0.0,32.0
2025-10-08,515,North,25211,91720.0,17:20:00,17:20:57,17:20:57,0,640,4th Ave S & S Jackson St,2.0,0.0
2025-10-08,515,North,25211,91720.0,,17:21:26,17:21:26,1,635,4th Ave S & S Washington St,0.0,0.0
2025-10-08,515,North,25211,91720.0,,17:22:15,17:22:27,2,2638,4th Ave & Cherry St,1.0,0.0
2025-10-08,515,North,25211,91720.0,,17:24:16,17:25:32,3,641,4th Ave & Seneca St,3.0,0.0
2025-10-08,515,North,25211,91720.0,17:26:00,17:27:31,17:27:48,4,2976,4th Ave & Pine St,0.0,1.0
2025-10-08,515,North,25211,91720.0,,17:29:45,17:31:01,5,473,Olive Way & 6th Ave,2.0,0.0
2025-10-08,515,North,25211,91720.0,17:30:00,17:31:42,17:31:51,6,430,Howell St & 9th Ave,0.0,0.0
2025-10-08,515,North,25211,91720.0,,17:35:35,17:35:53,7,431,Howell St & Yale Ave,1.0,0.0
2025-10-08,515,North,25211,91720.0,17:51:00,17:55:19,17:55:38,10,2766,Mountlake Terrace Fwy Station Bay 7,0.0,1.0
2025-10-08,515,North,25211,91720.0,18:06:00,17:59:46,17:59:46,11,2118,Lynnwood City Center Station Bay A5,0.0,7.0
2025-10-08,515,North,25212,91731.0,17:40:00,17:40:15,17:40:15,0,640,4th Ave S & S Jackson St,2.0,0.0
2025-10-08,515,North,25212,91731.0,,17:41:03,17:41:16,1,635,4th Ave S & S Washington St,1.0,0.0
2025-10-08,515,North,25212,91731.0,,17:42:56,17:43:43,2,2638,4th Ave & Cherry St,5.0,0.0
2025-10-08,515,North,25212,91731.0,,17:46:04,17:46:40,3,641,4th Ave & Seneca St,6.0,1.0
2025-10-08,515,North,25212,91731.0,17:46:00,17:48:30,17:48:58,4,2976,4th Ave & Pine St,2.0,0.0
2025-10-08,515,North,25212,91731.0,,17:50:43,17:52:00,5,473,Olive Way & 6th Ave,7.0,0.0
2025-10-08,515,North,25212,91731.0,17:50:00,17:53:30,17:54:56,6,430,Howell St & 9th Ave,11.0,0.0
2025-10-08,515,North,25212,91731.0,,17:58:04,17:58:44,7,431,Howell St & Yale Ave,5.0,1.0
2025-10-08,515,North,25212,91731.0,18:09:00,18:14:30,18:14:59,10,2766,Mountlake Terrace Fwy Station Bay 7,0.0,12.0
2025-10-08,515,North,25212,91731.0,18:23:00,18:19:37,18:19:37,11,2118,Lynnwood City Center Station Bay A5,0.0,25.0
2025-10-08,515,North,25213,91714.0,18:00:00,18:00:17,18:00:17,0,640,4th Ave S & S Jackson St,4.0,0.0
2025-10-08,515,North,25213,91714.0,,18:01:33,18:01:33,1,635,4th Ave S & S Washington St,0.0,0.0
2025-10-08,515,North,25213,91714.0,,18:02:26,18:02:59,2,2638,4th Ave & Cherry St,4.0,0.0
2025-10-08,515,North,25213,91714.0,,18:04:26,18:04:39,3,641,4th Ave & Seneca St,0.0,0.0
2025-10-08,515,North,25213,91714.0,18:06:00,18:06:30,18:07:47,4,2976,4th Ave & Pine St,6.0,1.0
2025-10-08,515,North,25213,91714.0,,18:09:04,18:10:00,5,473,Olive Way & 6th Ave,8.0,0.0
2025-10-08,515,North,25213,91714.0,18:09:00,18:11:31,18:12:02,6,430,Howell St & 9th Ave,6.0,1.0
2025-10-08,515,North,25213,91714.0,,18:16:06,18:16:43,7,431,Howell St & Yale Ave,4.0,0.0
2025-10-08,515,North,25213,91714.0,18:27:00,18:29:46,18:30:17,10,2766,Mountlake Terrace Fwy Station Bay 7,0.0,8.0
2025-10-08,515,North,25213,91714.0,18:39:00,18:34:38,18:34:38,11,2118,Lynnwood City Center Station Bay A5,0.0,22.0
2025-10-08,515,North,25214,91705.0,18:20:00,18:20:58,18:20:58,0,640,4th Ave S & S Jackson St,3.0,0.0
2025-10-08,515,North,25214,91705.0,,18:22:40,18:22:56,1,635,4th Ave S & S Washington St,0.0,0.0
2025-10-08,515,North,25214,91705.0,,18:23:52,18:24:10,2,2638,4th Ave & Cherry St,1.0,0.0
2025-10-08,515,North,25214,91705.0,,18:25:38,18:26:44,3,641,4th Ave & Seneca St,1.0,0.0
2025-10-08,515,North,25214,91705.0,18:26:00,18:28:18,18:28:55,4,2976,4th Ave & Pine St,1.0,0.0
2025-10-08,515,North,25214,91705.0,,18:31:35,18:32:33,5,473,Olive Way & 6th Ave,3.0,0.0
2025-10-08,515,North,25214,91705.0,18:29:00,18:34:12,18:34:50,6,430,Howell St & 9th Ave,3.0,2.0
2025-10-08,515,North,25214,91705.0,,18:38:37,18:39:21,7,431,Howell St & Yale Ave,2.0,5.0
2025-10-08,515,North,25214,91705.0,18:47:00,18:53:09,18:53:28,10,2766,Mountlake Terrace Fwy Station Bay 7,0.0,7.0
2025-10-08,515,North,25214,91705.0,18:59:00,18:57:45,18:57:45,11,2118,Lynnwood City Center Station Bay A5,0.0,0.0
2025-10-08,515,North,25215,9560.0,18:40:00,18:41:52,18:41:52,0,640,4th Ave S & S Jackson St,3.0,0.0
2025-10-08,515,North,25215,9560.0,,18:42:31,18:43:07,1,635,4th Ave S & S Washington St,2.0,0.0
2025-10-08,515,North,25215,9560.0,,18:44:29,18:44:29,2,2638,4th Ave & Cherry St,0.0,0.0
2025-10-08,515,North,25215,9560.0,,18:46:06,18:46:18,3,641,4th Ave & Seneca St,0.0,0.0
2025-10-08,515,North,25215,9560.0,18:46:00,18:47:33,18:48:24,4,2976,4th Ave & Pine St,1.0,0.0
2025-10-08,515,North,25215,9560.0,,18:49:34,18:50:35,5,473,Olive Way & 6th Ave,2.0,0.0
2025-10-08,515,North,25215,9560.0,18:49:00,18:52:08,18:52:33,6,430,Howell St & 9th Ave,4.0,0.0
2025-10-08,515,North,25215,9560.0,,18:55:12,18:55:31,7,431,Howell St & Yale Ave,2.0,0.0
2025-10-08,515,North,25215,9560.0,19:07:00,19:08:56,19:09:10,10,2766,Mountlake Terrace Fwy Station Bay 7,0.0,2.0
2025-10-08,515,North,25215,9560.0,19:16:00,19:13:40,19:13:40,11,2118,Lynnwood City Center Station Bay A5,1.0,13.0
2025-10-08,515,South,25216,91712.0,04:30:00,04:30:14,04:30:14,0,2113,Lynnwood City Center Station Bay D1,18.0,0.0
2025-10-08,515,South,25216,91712.0,04:34:00,04:34:21,04:34:32,1,2765,Mountlake Terrace Fwy Station Bay 6,0.0,0.0
2025-10-08,515,South,25216,91712.0,04:51:00,04:48:21,04:49:04,4,1909,Stewart St & 9th Ave,0.0,3.0
2025-10-08,515,South,25216,91712.0,,04:50:10,04:50:30,5,1908,Stewart St & 7th Ave,0.0,4.0
2025-10-08,515,South,25216,91712.0,04:56:00,04:52:31,04:53:22,6,2698,5th Ave & Pine St,0.0,2.0
2025-10-08,515,South,25216,91712.0,,04:55:14,04:55:29,7,2700,5th Ave & Seneca St,0.0,0.0
2025-10-08,515,South,25216,91712.0,,04:56:37,04:56:53,8,2702,5th Ave & Marion St,0.0,3.0
2025-10-08,515,South,25216,91712.0,,04:58:12,04:58:35,9,2290,5th Ave & Jefferson St,0.0,4.0
2025-10-08,515,South,25216,91712.0,05:04:00,05:00:38,05:00:38,10,2706,5th Ave S & S Jackson St,0.0,2.0
2025-10-08,515,South,25217,91706.0,04:50:00,04:50:05,04:50:05,0,2113,Lynnwood City Center Station Bay D1,13.0,0.0
2025-10-08,515,South,25217,91706.0,04:54:00,04:54:01,04:54:30,1,2765,Mountlake Terrace Fwy Station Bay 6,4.0,0.0
2025-10-08,515,South,25217,91706.0,05:11:00,05:07:35,05:08:02,4,1909,Stewart St & 9th Ave,0.0,5.0
2025-10-08,515,South,25217,91706.0,,05:09:05,05:09:27,5,1908,Stewart St & 7th Ave,0.0,2.0
2025-10-08,515,South,25217,91706.0,05:16:00,05:10:28,05:10:43,6,2698,5th Ave & Pine St,0.0,1.0
2025-10-08,515,South,25217,91706.0,,05:12:14,05:12:57,7,2700,5th Ave & Seneca St,0.0,3.0
2025-10-08,515,South,25217,91706.0,,05:13:42,05:14:10,8,2702,5th Ave & Marion St,0.0,4.0
2025-10-08,515,South,25217,91706.0,,05:14:56,05:15:19,9,2290,5th Ave & Jefferson St,0.0,2.0
2025-10-08,515,South,25217,91706.0,05:24:00,05:16:45,05:16:45,10,2706,5th Ave S & S Jackson St,0.0,0.0
2025-10-08,515,South,25218,91702.0,05:10:00,05:10:24,05:10:24,0,2113,Lynnwood City Center Station Bay D1,26.0,0.0
2025-10-08,515,South,25218,91702.0,05:14:00,05:14:18,05:14:39,1,2765,Mountlake Terrace Fwy Station Bay 6,2.0,0.0
2025-10-08,515,South,25218,91702.0,05:31:00,05:28:41,05:29:19,4,1909,Stewart St & 9th Ave,2.0,9.0
2025-10-08,515,South,25218,91702.0,,05:30:04,05:30:39,5,1908,Stewart St & 7th Ave,0.0,6.0
2025-10-08,515,South,25218,91702.0,05:36:00,05:32:25,05:32:38,6,2698,5th Ave & Pine St,0.0,0.0
2025-10-08,515,South,25218,91702.0,,05:34:09,05:34:34,7,2700,5th Ave & Seneca St,0.0,3.0
2025-10-08,515,South,25218,91702.0,,05:35:40,05:36:28,8,2702,5th Ave & Marion St,0.0,5.0
2025-10-08,515,South,25218,91702.0,,05:37:12,05:37:47,9,2290,5th Ave & Jefferson St,0.0,5.0
2025-10-08,515,South,25218,91702.0,05:44:00,05:40:17,05:40:17,10,2706,5th Ave S & S Jackson St,0.0,2.0
2025-10-08,515,South,25219,91902.0,05:30:00,05:30:59,05:30:59,0,2113,Lynnwood City Center Station Bay D1,30.0,0.0
2025-10-08,515,South,25219,91902.0,05:34:00,05:35:32,05:36:07,1,2765,Mountlake Terrace Fwy Station Bay 6,6.0,0.0
2025-10-08,515,South,25219,91902.0,05:51:00,05:49:39,05:50:12,4,1909,Stewart St & 9th Ave,0.0,9.0
2025-10-08,515,South,25219,91902.0,,05:51:06,05:51:19,5,1908,Stewart St & 7th Ave,0.0,1.0
2025-10-08,515,South,25219,91902.0,05:56:00,05:52:25,05:52:38,6,2698,5th Ave & Pine St,0.0,0.0
2025-10-08,515,South,25219,91902.0,,05:54:12,05:54:51,7,2700,5th Ave & Seneca St,0.0,6.0
2025-10-08,515,South,25219,91902.0,,05:55:30,05:56:05,8,2702,5th Ave & Marion St,0.0,14.0
2025-10-08,515,South,25219,91902.0,,05:58:08,05:58:31,9,2290,5th Ave & Jefferson St,0.0,4.0
2025-10-08,515,South,25219,91902.0,06:05:00,06:01:11,06:01:11,10,2706,5th Ave S & S Jackson St,2.0,4.0
2025-10-08,515,South,25220,91731.0,05:55:00,05:56:22,05:56:22,0,2113,Lynnwood City Center Station Bay D1,56.0,0.0
2025-10-08,515,South,25220,91731.0,05:59:00,06:00:50,06:01:34,1,2765,Mountlake Terrace Fwy Station Bay 6,3.0,0.0
2025-10-08,515,South,25220,91731.0,06:16:00,06:15:20,06:15:59,4,1909,Stewart St & 9th Ave,0.0,16.0
2025-10-08,515,South,25220,91731.0,,06:16:43,06:17:11,5,1908,Stewart St & 7th Ave,0.0,9.0
2025-10-08,515,South,25220,91731.0,06:21:00,06:19:53,06:21:04,6,2698,5th Ave & Pine St,0.0,3.0
2025-10-08,515,South,25220,91731.0,,06:22:08,06:22:45,7,2700,5th Ave & Seneca St,0.0,13.0
2025-10-08,515,South,25220,91731.0,,06:23:40,06:24:15,8,2702,5th Ave & Marion St,0.0,9.0
2025-10-08,515,South,25220,91731.0,,06:25:33,06:25:59,9,2290,5th Ave & Jefferson St,0.0,5.0
2025-10-08,515,South,25220,91731.0,06:30:00,06:27:53,06:27:53,10,2706,5th Ave S & S Jackson St,0.0,4.0
2025-10-08,515,South,25221,91706.0,06:05:00,06:05:38,06:05:38,0,2113,Lynnwood City Center Station Bay D1,34.0,0.0
2025-10-08,515,South,25221,91706.0,06:09:00,06:10:05,06:10:46,1,2765,Mountlake Terrace Fwy Station Bay 6,6.0,0.0
2025-10-08,515,South,25221,91706.0,06:27:00,06:26:27,06:27:05,4,1909,Stewart St & 9th Ave,0.0,8.0
2025-10-08,515,South,25221,91706.0,,06:27:37,06:28:03,5,1908,Stewart St & 7th Ave,0.0,9.0
2025-10-08,515,South,25221,91706.0,06:32:00,06:30:17,06:31:35,6,2698,5th Ave & Pine St,1.0,5.0
2025-10-08,515,South,25221,91706.0,,06:32:26,06:32:56,7,2700,5th Ave & Seneca St,0.0,3.0
2025-10-08,515,South,25221,91706.0,,06:34:01,06:34:32,8,2702,5th Ave & Marion St,0.0,10.0
2025-10-08,515,South,25221,91706.0,,06:36:31,06:36:31,9,2290,5th Ave & Jefferson St,0.0,4.0
2025-10-08,515,South,25221,91706.0,06:41:00,06:38:53,06:38:53,10,2706,5th Ave S & S Jackson St,0.0,2.0
2025-10-08,515,South,25222,91709.0,06:15:00,06:15:53,06:15:53,0,2113,Lynnwood City Center Station Bay D1,27.0,0.0
2025-10-08,515,South,25222,91709.0,06:19:00,06:20:32,06:21:01,1,2765,Mountlake Terrace Fwy Station Bay 6,2.0,0.0
2025-10-08,515,South,25222,91709.0,06:37:00,06:37:09,06:37:32,4,1909,Stewart St & 9th Ave,0.0,5.0
2025-10-08,515,South,25222,91709.0,,06:38:03,06:38:28,5,1908,Stewart St & 7th Ave,0.0,5.0
2025-10-08,515,South,25222,91709.0,06:42:00,06:40:47,06:41:10,6,2698,5th Ave & Pine St,0.0,3.0
2025-10-08,515,South,25222,91709.0,,06:43:03,06:43:51,7,2700,5th Ave & Seneca St,0.0,6.0
2025-10-08,515,South,25222,91709.0,,06:44:38,06:45:18,8,2702,5th Ave & Marion St,0.0,7.0
2025-10-08,515,South,25222,91709.0,,06:47:35,06:47:57,9,2290,5th Ave & Jefferson St,0.0,3.0
2025-10-08,515,South,25222,91709.0,06:52:00,06:50:45,06:50:45,10,2706,5th Ave S & S Jackson St,0.0,0.0
2025-10-08,515,South,25223,91702.0,06:25:00,06:25:24,06:25:24,0,2113,Lynnwood City Center Station Bay D1,33.0,0.0
2025-10-08,515,South,25223,91702.0,06:29:00,06:30:04,06:30:19,1,2765,Mountlake Terrace Fwy Station Bay 6,1.0,0.0
2025-10-08,515,South,25223,91702.0,06:49:00,06:45:00,06:45:29,4,1909,Stewart St & 9th Ave,0.0,5.0
2025-10-08,515,South,25223,91702.0,,06:46:39,06:47:09,5,1908,Stewart St & 7th Ave,0.0,9.0
2025-10-08,515,South,25223,91702.0,06:54:00,06:48:19,06:48:40,6,2698,5th Ave & Pine St,0.0,1.0
2025-10-08,515,South,25223,91702.0,,06:50:27,06:51:01,7,2700,5th Ave & Seneca St,0.0,11.0
2025-10-08,515,South,25223,91702.0,,06:52:14,06:52:49,8,2702,5th Ave & Marion St,0.0,5.0
2025-10-08,515,South,25223,91702.0,,06:53:53,06:54:14,9,2290,5th Ave & Jefferson St,0.0,3.0
2025-10-08,515,South,25223,91702.0,07:05:00,06:57:20,06:57:20,10,2706,5th Ave S & S Jackson St,0.0,0.0
2025-10-08,515,South,25224,,06:35:00,,,0,2113,Lynnwood City Center Station Bay D1,,
2025-10-08,515,South,25224,,06:39:00,,,1,2765,Mountlake Terrace Fwy Station Bay 6,,
2025-10-08,515,South,25224,,07:00:00,,,4,1909,Stewart St & 9th Ave,,
2025-10-08,515,South,25224,,,,,5,1908,Stewart St & 7th Ave,,
2025-10-08,515,South,25224,,07:05:00,,,6,2698,5th Ave & Pine St,,
2025-10-08,515,South,25224,,,,,7,2700,5th Ave & Seneca St,,
2025-10-08,515,South,25224,,,,,8,2702,5th Ave & Marion St,,
2025-10-08,515,South,25224,,,,,9,2290,5th Ave & Jefferson St,,
2025-10-08,515,South,25224,,07:16:00,,,10,2706,5th Ave S & S Jackson St,,
2025-10-08,515,South,25225,91909.0,06:45:00,06:46:21,06:46:21,0,2113,Lynnwood City Center Station Bay D1,61.0,0.0
2025-10-08,515,South,25225,91909.0,06:50:00,06:51:23,06:51:54,1,2765,Mountlake Terrace Fwy Station Bay 6,7.0,0.0
2025-10-08,515,South,25225,91909.0,07:11:00,07:08:28,07:09:42,4,1909,Stewart St & 9th Ave,3.0,19.0
2025-10-08,515,South,25225,91909.0,,07:10:40,07:11:17,5,1908,Stewart St & 7th Ave,1.0,14.0
2025-10-08,515,South,25225,91909.0,07:16:00,07:13:50,07:15:05,6,2698,5th Ave & Pine St,1.0,5.0
2025-10-08,515,South,25225,91909.0,,07:15:57,07:16:33,7,2700,5th Ave & Seneca St,0.0,12.0
2025-10-08,515,South,25225,91909.0,,07:17:35,07:18:14,8,2702,5th Ave & Marion St,0.0,12.0
2025-10-08,515,South,25225,91909.0,,07:19:33,07:19:58,9,2290,5th Ave & Jefferson St,0.0,7.0
2025-10-08,515,South,25225,91909.0,07:27:00,07:22:29,07:22:29,10,2706,5th Ave S & S Jackson St,0.0,4.0
2025-10-08,515,South,25226,19855.0,06:55:00,06:55:31,06:55:31,0,2113,Lynnwood City Center Station Bay D1,15.0,0.0
2025-10-08,515,South,25226,19855.0,07:00:00,06:59:56,07:00:25,1,2765,Mountlake Terrace Fwy Station Bay 6,4.0,0.0
2025-10-08,515,South,25226,19855.0,07:21:00,07:17:39,07:18:01,4,1909,Stewart St & 9th Ave,0.0,4.0
2025-10-08,515,South,25226,19855.0,,07:18:32,07:19:02,5,1908,Stewart St & 7th Ave,0.0,6.0
2025-10-08,515,South,25226,19855.0,07:26:00,07:21:11,07:21:33,6,2698,5th Ave & Pine St,0.0,3.0
2025-10-08,515,South,25226,19855.0,,07:23:14,07:23:35,7,2700,5th Ave & Seneca St,0.0,2.0
2025-10-08,515,South,25226,19855.0,,07:24:59,07:25:43,8,2702,5th Ave & Marion St,0.0,3.0
2025-10-08,515,South,25226,19855.0,,07:26:55,07:27:33,9,2290,5th Ave & Jefferson St,0.0,1.0
2025-10-08,515,South,25226,19855.0,07:37:00,07:29:16,07:29:16,10,2706,5th Ave S & S Jackson St,0.0,0.0
2025-10-08,515,South,25227,91726.0,07:05:00,07:05:45,07:05:45,0,2113,Lynnwood City Center Station Bay D1,32.0,0.0
2025-10-08,515,South,25227,91726.0,07:10:00,07:10:36,07:12:13,1,2765,Mountlake Terrace Fwy Station Bay 6,13.0,0.0
2025-10-08,515,South,25227,91726.0,07:34:00,07:30:09,07:30:48,4,1909,Stewart St & 9th Ave,0.0,20.0
2025-10-08,515,South,25227,91726.0,,07:31:42,07:32:10,5,1908,Stewart St & 7th Ave,0.0,8.0
2025-10-08,515,South,25227,91726.0,07:39:00,07:33:15,07:33:33,6,2698,5th Ave & Pine St,0.0,1.0
2025-10-08,515,South,25227,91726.0,,07:35:16,07:36:23,7,2700,5th Ave & Seneca St,0.0,5.0
2025-10-08,515,South,25227,91726.0,,07:37:04,07:37:45,8,2702,5th Ave & Marion St,0.0,7.0
2025-10-08,515,South,25227,91726.0,,07:38:54,07:39:16,9,2290,5th Ave & Jefferson St,0.0,3.0
2025-10-08,515,South,25227,91726.0,07:50:00,07:41:08,07:41:08,10,2706,5th Ave S & S Jackson St,0.0,1.0
2025-10-08,515,South,25228,91731.0,07:15:00,07:16:16,07:16:16,0,2113,Lynnwood City Center Station Bay D1,35.0,0.0
2025-10-08,515,South,25228,91731.0,07:20:00,07:22:12,07:23:08,1,2765,Mountlake Terrace Fwy Station Bay 6,8.0,0.0
2025-10-08,515,South,25228,91731.0,07:51:00,07:41:43,07:42:27,4,1909,Stewart St & 9th Ave,0.0,16.0
2025-10-08,515,South,25228,91731.0,,07:43:39,07:44:06,5,1908,Stewart St & 7th Ave,0.0,11.0
2025-10-08,515,South,25228,91731.0,07:56:00,07:46:49,07:48:02,6,2698,5th Ave & Pine St,0.0,4.0
2025-10-08,515,South,25228,91731.0,,07:49:59,07:51:28,7,2700,5th Ave & Seneca St,1.0,2.0
2025-10-08,515,South,25228,91731.0,,07:53:30,07:54:17,8,2702,5th Ave & Marion St,0.0,9.0
2025-10-08,515,South,25228,91731.0,,07:55:30,07:55:57,9,2290,5th Ave & Jefferson St,0.0,2.0
2025-10-08,515,South,25228,91731.0,08:07:00,07:57:47,07:57:47,10,2706,5th Ave S & S Jackson St,0.0,0.0
2025-10-08,515,South,25229,9566.0,07:25:00,07:25:47,07:25:47,0,2113,Lynnwood City Center Station Bay D1,16.0,0.0
2025-10-08,515,South,25229,9566.0,07:30:00,07:31:48,07:32:27,1,2765,Mountlake Terrace Fwy Station Bay 6,10.0,0.0
2025-10-08,515,South,25229,9566.0,08:02:00,07:54:58,07:55:19,4,1909,Stewart St & 9th Ave,0.0,12.0
2025-10-08,515,South,25229,9566.0,,07:55:48,07:56:11,5,1908,Stewart St & 7th Ave,0.0,6.0
2025-10-08,515,South,25229,9566.0,08:07:00,07:57:16,07:57:36,6,2698,5th Ave & Pine St,1.0,2.0
2025-10-08,515,South,25229,9566.0,,07:59:08,07:59:21,7,2700,5th Ave & Seneca St,0.0,2.0
2025-10-08,515,South,25229,9566.0,,08:00:57,08:01:46,8,2702,5th Ave & Marion St,0.0,4.0
2025-10-08,515,South,25229,9566.0,,08:04:04,08:04:20,9,2290,5th Ave & Jefferson St,0.0,1.0
2025-10-08,515,South,25229,9566.0,08:18:00,08:05:42,08:05:42,10,2706,5th Ave S & S Jackson St,0.0,0.0
2025-10-08,515,South,25230,91901.0,07:35:00,07:36:16,07:36:16,0,2113,Lynnwood City Center Station Bay D1,31.0,0.0
2025-10-08,515,South,25230,91901.0,07:40:00,07:42:50,07:43:47,1,2765,Mountlake Terrace Fwy Station Bay 6,15.0,0.0
2025-10-08,515,South,25230,91901.0,08:13:00,08:15:58,08:16:33,4,1909,Stewart St & 9th Ave,0.0,24.0
2025-10-08,515,South,25230,91901.0,,08:17:02,08:17:42,5,1908,Stewart St & 7th Ave,0.0,11.0
2025-10-08,515,South,25230,91901.0,08:18:00,08:19:47,08:21:08,6,2698,5th Ave & Pine St,0.0,3.0
2025-10-08,515,South,25230,91901.0,,08:23:11,08:23:27,7,2700,5th Ave & Seneca St,0.0,1.0
2025-10-08,515,South,25230,91901.0,,08:25:09,08:25:41,8,2702,5th Ave & Marion St,0.0,7.0
2025-10-08,515,South,25230,91901.0,,08:26:56,08:27:02,9,2290,5th Ave & Jefferson St,0.0,0.0
2025-10-08,515,South,25230,91901.0,08:29:00,08:29:23,08:29:23,10,2706,5th Ave S & S Jackson St,0.0,0.0
2025-10-08,515,South,25231,91718.0,07:45:00,07:46:17,07:46:17,0,2113,Lynnwood City Center Station Bay D1,23.0,0.0
2025-10-08,515,South,25231,91718.0,07:50:00,07:52:56,07:54:08,1,2765,Mountlake Terrace Fwy Station Bay 6,9.0,0.0
2025-10-08,515,South,25231,91718.0,08:23:00,08:32:56,08:33:42,4,1909,Stewart St & 9th Ave,1.0,16.0
2025-10-08,515,South,25231,91718.0,,08:34:36,08:35:18,5,1908,Stewart St & 7th Ave,2.0,5.0
2025-10-08,515,South,25231,91718.0,08:28:00,08:37:47,08:39:10,6,2698,5th Ave & Pine St,3.0,4.0
2025-10-08,515,South,25231,91718.0,,08:41:19,08:41:36,7,2700,5th Ave & Seneca St,0.0,2.0
2025-10-08,515,South,25231,91718.0,,08:43:19,08:43:47,8,2702,5th Ave & Marion St,0.0,8.0
2025-10-08,515,South,25231,91718.0,,08:45:04,08:45:24,9,2290,5th Ave & Jefferson St,0.0,3.0
2025-10-08,515,South,25231,91718.0,08:39:00,08:47:44,08:47:44,10,2706,5th Ave S & S Jackson St,0.0,0.0
2025-10-08,515,South,25232,91708.0,07:55:00,08:00:25,08:00:25,0,2113,Lynnwood City Center Station Bay D1,12.0,0.0
2025-10-08,515,South,25232,91708.0,08:00:00,08:06:41,08:07:13,1,2765,Mountlake Terrace Fwy Station Bay 6,5.0,0.0
2025-10-08,515,South,25232,91708.0,08:35:00,08:38:37,08:39:05,4,1909,Stewart St & 9th Ave,0.0,7.0
2025-10-08,515,South,25232,91708.0,,08:39:30,08:39:58,5,1908,Stewart St & 7th Ave,0.0,5.0
2025-10-08,515,South,25232,91708.0,08:40:00,08:42:19,08:43:35,6,2698,5th Ave & Pine St,0.0,2.0
2025-10-08,515,South,25232,91708.0,,08:45:44,08:46:06,7,2700,5th Ave & Seneca St,0.0,3.0
2025-10-08,515,South,25232,91708.0,,08:47:32,08:48:12,8,2702,5th Ave & Marion St,0.0,0.0
2025-10-08,515,South,25232,91708.0,,08:49:31,08:49:41,9,2290,5th Ave & Jefferson St,0.0,0.0
2025-10-08,515,South,25232,91708.0,08:51:00,08:52:21,08:52:21,10,2706,5th Ave S & S Jackson St,0.0,0.0
2025-10-08,515,South,25233,19813.0,08:15:00,08:15:26,08:15:26,0,2113,Lynnwood City Center Station Bay D1,14.0,0.0
2025-10-08,515,South,25233,19813.0,08:19:00,08:20:54,08:21:28,1,2765,Mountlake Terrace Fwy Station Bay 6,6.0,0.0
2025-10-08,515,South,25233,19813.0,08:58:00,08:53:26,08:53:50,4,1909,Stewart St & 9th Ave,1.0,11.0
2025-10-08,515,South,25233,19813.0,,08:54:22,08:54:41,5,1908,Stewart St & 7th Ave,0.0,4.0
2025-10-08,515,South,25233,19813.0,09:03:00,08:55:54,08:57:04,6,2698,5th Ave & Pine St,0.0,2.0
2025-10-08,515,South,25233,19813.0,,08:59:01,08:59:19,7,2700,5th Ave & Seneca St,0.0,1.0
2025-10-08,515,South,25233,19813.0,,09:00:59,09:01:15,8,2702,5th Ave & Marion St,1.0,2.0
2025-10-08,515,South,25233,19813.0,,09:02:54,09:03:06,9,2290,5th Ave & Jefferson St,0.0,1.0
2025-10-08,515,South,25233,19813.0,09:14:00,09:05:47,09:05:47,10,2706,5th Ave S & S Jackson St,0.0,1.0
2025-10-08,515,South,25234,,08:35:00,,,0,2113,Lynnwood City Center Station Bay D1,,
2025-10-08,515,South,25234,,08:39:00,,,1,2765,Mountlake Terrace Fwy Station Bay 6,,
2025-10-08,515,South,25234,,09:18:00,,,4,1909,Stewart St & 9th Ave,,
2025-10-08,515,South,25234,,,,,5,1908,Stewart St & 7th Ave,,
2025-10-08,515,South,25234,,09:23:00,,,6,2698,5th Ave & Pine St,,
2025-10-08,515,South,25234,,,,,7,2700,5th Ave & Seneca St,,
2025-10-08,515,South,25234,,,,,8,2702,5th Ave & Marion St,,
2025-10-08,515,South,25234,,,,,9,2290,5th Ave & Jefferson St,,
2025-10-08,515,South,25234,,09:34:00,,,10,2706,5th Ave S & S Jackson St,,
2025-10-08,515,South,25235,91728.0,08:55:00,08:55:27,08:55:27,0,2113,Lynnwood City Center Station Bay D1,7.0,0.0
2025-10-08,515,South,25235,91728.0,08:59:00,08:59:30,08:59:54,1,2765,Mountlake Terrace Fwy Station Bay 6,2.0,1.0
2025-10-08,515,South,25235,91728.0,09:38:00,09:37:18,09:37:44,4,1909,Stewart St & 9th Ave,0.0,3.0
2025-10-08,515,South,25235,91728.0,,09:39:10,09:39:36,5,1908,Stewart St & 7th Ave,1.0,1.0
2025-10-08,515,South,25235,91728.0,09:43:00,09:40:48,09:41:03,6,2698,5th Ave & Pine St,0.0,0.0
2025-10-08,515,South,25235,91728.0,,09:42:53,09:43:12,7,2700,5th Ave & Seneca St,1.0,4.0
2025-10-08,515,South,25235,91728.0,,09:44:43,09:45:18,8,2702,5th Ave & Marion St,0.0,2.0
2025-10-08,515,South,25235,91728.0,,09:46:31,09:47:02,9,2290,5th Ave & Jefferson St,0.0,0.0
2025-10-08,515,South,25235,91728.0,09:54:00,09:49:29,09:49:29,10,2706,5th Ave S & S Jackson St,0.0,0.0
2025-10-09,515,North,25197,91911.0,15:00:00,15:00:32,15:00:32,0,640,4th Ave S & S Jackson St,3.0,0.0
2025-10-09,515,North,25197,91911.0,,15:02:04,15:02:25,1,635,4th Ave S & S Washington St,2.0,0.0
2025-10-09,515,North,25197,91911.0,,15:03:56,15:04:55,2,2638,4th Ave & Cherry St,12.0,0.0
2025-10-09,515,North,25197,91911.0,,15:07:16,15:08:47,3,641,4th Ave & Seneca St,8.0,0.0
2025-10-09,515,North,25197,91911.0,15:06:00,15:09:50,15:10:49,4,2976,4th Ave & Pine St,6.0,0.0
2025-10-09,515,North,25197,91911.0,,15:11:55,15:13:04,5,473,Olive Way & 6th Ave,17.0,0.0
2025-10-09,515,North,25197,91911.0,15:10:00,15:14:33,15:15:15,6,430,Howell St & 9th Ave,9.0,0.0
2025-10-09,515,North,25197,91911.0,,15:19:05,15:19:29,7,431,Howell St & Yale Ave,1.0,3.0
2025-10-09,515,North,25197,91911.0,15:30:00,15:36:55,15:37:22,10,2766,Mountlake Terrace Fwy Station Bay 7,0.0,6.0
2025-10-09,515,North,25197,91911.0,15:38:00,15:43:04,15:43:04,11,2118,Lynnwood City Center Station Bay A5,0.0,49.0
2025-10-09,515,North,25198,91704.0,15:10:00,15:10:58,15:10:58,0,640,4th Ave S & S Jackson St,3.0,0.0
2025-10-09,515,North,25198,91704.0,,15:12:30,15:12:47,1,635,4th Ave S & S Washington St,1.0,0.0
2025-10-09,515,North,25198,91704.0,,15:14:19,15:14:48,2,2638,4th Ave & Cherry St,3.0,0.0
2025-10-09,515,North,25198,91704.0,,15:17:38,15:17:52,3,641,4th Ave & Seneca St,0.0,0.0
2025-10-09,515,North,25198,91704.0,15:16:00,15:19:14,15:19:50,4,2976,4th Ave & Pine St,3.0,0.0
2025-10-09,515,North,25198,91704.0,,15:21:02,15:22:17,5,473,Olive Way & 6th Ave,5.0,0.0
2025-10-09,515,North,25198,91704.0,15:20:00,15:24:08,15:24:58,6,430,Howell St & 9th Ave,4.0,0.0
2025-10-09,515,North,25198,91704.0,,15:28:08,15:28:27,7,431,Howell St & Yale Ave,1.0,6.0
2025-10-09,515,North,25198,91704.0,15:40:00,15:47:50,15:48:10,10,2766,Mountlake Terrace Fwy Station Bay 7,0.0,14.0
2025-10-09,515,North,25198,91704.0,15:50:00,15:52:55,15:52:55,11,2118,Lynnwood City Center Station Bay A5,0.0,0.0
2025-10-09,515,North,25199,91728.0,15:20:00,15:21:09,15:21:09,0,640,4th Ave S & S Jackson St,1.0,0.0
2025-10-09,515,North,25199,91728.0,,15:21:50,15:21:59,1,635,4th Ave S & S Washington St,0.0,0.0
2025-10-09,515,North,25199,91728.0,,15:23:18,15:23:36,2,2638,4th Ave & Cherry St,2.0,2.0
2025-10-09,515,North,25199,91728.0,,15:25:00,15:25:17,3,641,4th Ave & Seneca St,2.0,0.0
2025-10-09,515,North,25199,91728.0,15:26:00,15:26:13,15:26:43,4,2976,4th Ave & Pine St,2.0,2.0
2025-10-09,515,North,25199,91728.0,,15:28:11,15:29:27,5,473,Olive Way & 6th Ave,5.0,2.0
2025-10-09,515,North,25199,91728.0,15:30:00,15:30:04,15:30:46,6,430,Howell St & 9th Ave,4.0,0.0
2025-10-09,515,North,25199,91728.0,,15:34:05,15:34:19,7,431,Howell St & Yale Ave,1.0,0.0
2025-10-09,515,North,25199,91728.0,15:51:00,15:53:28,15:53:54,10,2766,Mountlake Terrace Fwy Station Bay 7,0.0,11.0
2025-10-09,515,North,25199,91728.0,16:03:00,15:58:01,15:58:01,11,2118,Lynnwood City Center Station Bay A5,0.0,0.0
2025-10-09,515,North,25200,91905.0,15:30:00,15:30:21,15:30:21,0,640,4th Ave S & S Jackson St,0.0,0.0
2025-10-09,515,North,25200,91905.0,,15:30:53,15:31:08,1,635,4th Ave S & S Washington St,0.0,0.0
2025-10-09,515,North,25200,91905.0,,15:32:25,15:32:57,2,2638,4th Ave & Cherry St,0.0,0.0
2025-10-09,515,North,25200,91905.0,,15:34:31,15:35:46,3,641,4th Ave & Seneca St,0.0,0.0
2025-10-09,515,North,25200,91905.0,15:36:00,15:36:53,15:37:50,4,2976,4th Ave & Pine St,0.0,0.0
2025-10-09,515,North,25200,91905.0,,15:38:47,15:40:02,5,473,Olive Way & 6th Ave,0.0,0.0
2025-10-09,515,North,25200,91905.0,15:40:00,15:40:41,15:41:26,6,430,Howell St & 9th Ave,0.0,0.0
2025-10-09,515,North,25200,91905.0,,15:44:36,15:45:04,7,431,Howell St & Yale Ave,0.0,0.0
2025-10-09,515,North,25200,91905.0,16:02:00,16:04:54,16:05:10,10,2766,Mountlake Terrace Fwy Station Bay 7,0.0,0.0
2025-10-09,515,North,25200,91905.0,16:14:00,16:10:31,16:10:31,11,2118,Lynnwood City Center Station Bay A5,0.0,0.0
2025-10-09,515,North,25201,91726.0,15:40:00,15:40:26,15:40:26,0,640,4th Ave S & S Jackson St,0.0,0.0
2025-10-09,515,North,25201,91726.0,,15:41:13,15:41:23,1,635,4th Ave S & S Washington St,0.0,0.0
2025-10-09,515,North,25201,91726.0,,15:42:50,15:43:26,2,2638,4th Ave & Cherry St,9.0,0.0
2025-10-09,515,North,25201,91726.0,,15:45:11,15:46:16,3,641,4th Ave & Seneca St,5.0,0.0
2025-10-09,515,North,25201,91726.0,15:46:00,15:47:18,15:47:35,4,2976,4th Ave & Pine St,1.0,0.0
2025-10-09,515,North,25201,91726.0,,15:49:10,15:50:29,5,473,Olive Way & 6th Ave,10.0,0.0
2025-10-09,515,North,25201,91726.0,15:50:00,15:52:05,15:52:28,6,430,Howell St & 9th Ave,5.0,0.0
2025-10-09,515,North,25201,91726.0,,15:55:05,15:55:23,7,431,Howell St & Yale Ave,0.0,2.0
2025-10-09,515,North,25201,91726.0,16:12:00,16:16:01,16:16:21,10,2766,Mountlake Terrace Fwy Station Bay 7,0.0,4.0
2025-10-09,515,North,25201,91726.0,16:27:00,16:21:37,16:21:37,11,2118,Lynnwood City Center Station Bay A5,0.0,24.0
2025-10-09,515,North,25202,19855.0,15:50:00,15:50:26,15:50:26,0,640,4th Ave S & S Jackson St,1.0,0.0
2025-10-09,515,North,25202,19855.0,,15:51:29,15:51:41,1,635,4th Ave S & S Washington St,1.0,0.0
2025-10-09,515,North,25202,19855.0,,15:52:33,15:52:55,2,2638,4th Ave & Cherry St,4.0,0.0
2025-10-09,515,North,25202,19855.0,,15:55:00,15:55:19,3,641,4th Ave & Seneca St,4.0,0.0
2025-10-09,515,North,25202,19855.0,15:56:00,15:56:23,15:57:21,4,2976,4th Ave & Pine St,5.0,0.0
2025-10-09,515,North,25202,19855.0,,15:58:23,15:59:35,5,473,Olive Way & 6th Ave,8.0,0.0
2025-10-09,515,North,25202,19855.0,16:00:00,16:00:06,16:00:38,6,430,Howell St & 9th Ave,6.0,0.0
2025-10-09,515,North,25202,19855.0,,16:04:06,16:04:36,7,431,Howell St & Yale Ave,6.0,0.0
2025-10-09,515,North,25202,19855.0,16:23:00,16:24:55,16:25:25,10,2766,Mountlake Terrace Fwy Station Bay 7,0.0,5.0
2025-10-09,515,North,25202,19855.0,16:39:00,16:30:49,16:30:49,11,2118,Lynnwood City Center Station Bay A5,0.0,30.0
2025-10-09,515,North,25203,19810.0,16:00:00,16:00:06,16:00:06,0,640,4th Ave S & S Jackson St,3.0,0.0
2025-10-09,515,North,25203,19810.0,,16:00:45,16:01:10,1,635,4th Ave S & S Washington St,1.0,0.0
2025-10-09,515,North,25203,19810.0,,16:02:29,16:02:44,2,2638,4th Ave & Cherry St,2.0,0.0
2025-10-09,515,North,25203,19810.0,,16:05:36,16:06:02,3,641,4th Ave & Seneca St,3.0,0.0
2025-10-09,515,North,25203,19810.0,16:06:00,16:07:12,16:07:23,4,2976,4th Ave & Pine St,1.0,0.0
2025-10-09,515,North,25203,19810.0,,16:09:09,16:10:02,5,473,Olive Way & 6th Ave,4.0,0.0
2025-10-09,515,North,25203,19810.0,16:10:00,16:10:42,16:11:17,6,430,Howell St & 9th Ave,4.0,0.0
2025-10-09,515,North,25203,19810.0,,16:16:09,16:16:30,7,431,Howell St & Yale Ave,3.0,0.0
2025-10-09,515,North,25203,19810.0,16:33:00,16:38:06,16:38:22,10,2766,Mountlake Terrace Fwy Station Bay 7,0.0,21.0
2025-10-09,515,North,25203,19810.0,16:49:00,16:43:34,16:43:34,11,2118,Lynnwood City Center Station Bay A5,0.0,0.0
2025-10-09,515,North,25204,19811.0,16:10:00,16:22:38,16:22:38,0,640,4th Ave S & S Jackson St,1.0,0.0
2025-10-09,515,North,25204,19811.0,,16:23:21,16:23:40,1,635,4th Ave S & S Washington St,0.0,0.0
2025-10-09,515,North,25204,19811.0,,16:26:47,16:27:22,2,2638,4th Ave & Cherry St,0.0,0.0
2025-10-09,515,North,25204,19811.0,,16:30:11,16:30:26,3,641,4th Ave & Seneca St,1.0,0.0
2025-10-09,515,North,25204,19811.0,16:16:00,16:32:26,16:33:23,4,2976,4th Ave & Pine St,0.0,0.0
2025-10-09,515,North,25204,19811.0,,16:35:54,16:37:03,5,473,Olive Way & 6th Ave,4.0,0.0
2025-10-09,515,North,25204,19811.0,16:20:00,16:38:48,16:39:43,6,430,Howell St & 9th Ave,8.0,0.0
2025-10-09,515,North,25204,19811.0,,16:43:10,16:43:43,7,431,Howell St & Yale Ave,1.0,2.0
2025-10-09,515,North,25204,19811.0,16:43:00,17:07:35,17:07:59,10,2766,Mountlake Terrace Fwy Station Bay 7,0.0,13.0
2025-10-09,515,North,25204,19811.0,16:59:00,17:13:41,17:13:41,11,2118,Lynnwood City Center Station Bay A5,0.0,0.0
2025-10-09,515,North,25205,91910.0,16:20:00,16:21:00,16:21:00,0,640,4th Ave S & S Jackson St,4.0,0.0
2025-10-09,515,North,25205,91910.0,,16:21:49,16:22:21,1,635,4th Ave S & S Washington St,3.0,0.0
2025-10-09,515,North,25205,91910.0,,16:25:25,16:26:31,2,2638,4th Ave & Cherry St,16.0,0.0
2025-10-09,515,North,25205,91910.0,,16:28:42,16:29:43,3,641,4th Ave & Seneca St,6.0,0.0
2025-10-09,515,North,25205,91910.0,16:26:00,16:30:48,16:31:50,4,2976,4th Ave & Pine St,6.0,0.0
2025-10-09,515,North,25205,91910.0,,16:32:59,16:34:18,5,473,Olive Way & 6th Ave,22.0,0.0
2025-10-09,515,North,25205,91910.0,16:30:00,16:35:38,16:36:50,6,430,Howell St & 9th Ave,9.0,0.0
2025-10-09,515,North,25205,91910.0,,16:40:07,16:40:49,7,431,Howell St & Yale Ave,7.0,3.0
2025-10-09,515,North,25205,91910.0,16:53:00,17:03:37,17:04:25,10,2766,Mountlake Terrace Fwy Station Bay 7,0.0,19.0
2025-10-09,515,North,25205,91910.0,17:09:00,17:09:33,17:09:33,11,2118,Lynnwood City Center Station Bay A5,1.0,52.0
2025-10-09,515,North,25206,,16:30:00,,,0,640,4th Ave S & S Jackson St,,
2025-10-09,515,North,25206,,,,,1,635,4th Ave S & S Washington St,,
2025-10-09,515,North,25206,,,,,2,2638,4th Ave & Cherry St,,
2025-10-09,515,North,25206,,,,,3,641,4th Ave & Seneca St,,
2025-10-09,515,North,25206,,16:36:00,,,4,2976,4th Ave & Pine St,,
2025-10-09,515,North,25206,,,,,5,473,Olive Way & 6th Ave,,
2025-10-09,515,North,25206,,16:40:00,,,6,430,Howell St & 9th Ave,,
2025-10-09,515,North,25206,,,,,7,431,Howell St & Yale Ave,,
2025-10-09,515,North,25206,,17:03:00,,,10,2766,Mountlake Terrace Fwy Station Bay 7,,
2025-10-09,515,North,25206,,17:19:00,,,11,2118,Lynnwood City Center Station Bay A5,,
2025-10-09,515,North,25207,19817.0,16:40:00,16:42:00,16:42:00,0,640,4th Ave S & S Jackson St,1.0,0.0
2025-10-09,515,North,25207,19817.0,,16:42:53,16:43:07,1,635,4th Ave S & S Washington St,1.0,0.0
2025-10-09,515,North,25207,19817.0,,16:45:58,16:47:48,2,2638,4th Ave & Cherry St,5.0,0.0
2025-10-09,515,North,25207,19817.0,,16:52:38,16:53:49,3,641,4th Ave & Seneca St,4.0,0.0
2025-10-09,515,North,25207,19817.0,16:46:00,16:54:56,16:56:26,4,2976,4th Ave & Pine St,4.0,0.0
2025-10-09,515,North,25207,19817.0,,16:58:13,16:59:34,5,473,Olive Way & 6th Ave,10.0,0.0
2025-10-09,515,North,25207,19817.0,16:50:00,17:00:13,17:01:12,6,430,Howell St & 9th Ave,5.0,0.0
2025-10-09,515,North,25207,19817.0,,17:04:06,17:04:28,7,431,Howell St & Yale Ave,0.0,0.0
2025-10-09,515,North,25207,19817.0,17:13:00,17:28:29,17:28:58,10,2766,Mountlake Terrace Fwy Station Bay 7,1.0,31.0
2025-10-09,515,North,25207,19817.0,17:29:00,17:33:54,17:33:54,11,2118,Lynnwood City Center Station Bay A5,0.0,0.0
2025-10-09,515,North,25208,91719.0,16:50:00,16:50:57,16:50:57,0,640,4th Ave S & S Jackson St,3.0,0.0
2025-10-09,515,North,25208,91719.0,,16:51:29,16:51:29,1,635,4th Ave S & S Washington St,0.0,0.0
2025-10-09,515,North,25208,91719.0,,16:52:22,16:52:50,2,2638,4th Ave & Cherry St,4.0,0.0
2025-10-09,515,North,25208,91719.0,,16:55:11,16:55:39,3,641,4th Ave & Seneca St,3.0,0.0
2025-10-09,515,North,25208,91719.0,16:56:00,16:57:34,16:58:00,4,2976,4th Ave & Pine St,1.0,0.0
2025-10-09,515,North,25208,91719.0,,16:59:44,17:01:02,5,473,Olive Way & 6th Ave,5.0,0.0
2025-10-09,515,North,25208,91719.0,17:00:00,17:02:36,17:03:18,6,430,Howell St & 9th Ave,3.0,0.0
2025-10-09,515,North,25208,91719.0,,17:05:59,17:06:16,7,431,Howell St & Yale Ave,0.0,1.0
2025-10-09,515,North,25208,91719.0,17:22:00,17:29:48,17:30:12,10,2766,Mountlake Terrace Fwy Station Bay 7,0.0,3.0
2025-10-09,515,North,25208,91719.0,17:38:00,17:35:33,17:35:33,11,2118,Lynnwood City Center Station Bay A5,0.0,15.0
2025-10-09,515,North,25209,91724.0,17:00:00,17:02:02,17:02:02,0,640,4th Ave S & S Jackson St,2.0,0.0
2025-10-09,515,North,25209,91724.0,,17:03:38,17:03:58,1,635,4th Ave S & S Washington St,1.0,0.0
2025-10-09,515,North,25209,91724.0,,17:07:09,17:08:35,2,2638,4th Ave & Cherry St,5.0,0.0
2025-10-09,515,North,25209,91724.0,,17:11:45,17:13:16,3,641,4th Ave & Seneca St,5.0,0.0
2025-10-09,515,North,25209,91724.0,17:06:00,17:14:40,17:15:26,4,2976,4th Ave & Pine St,3.0,2.0
2025-10-09,515,North,25209,91724.0,,17:16:49,17:17:51,5,473,Olive Way & 6th Ave,10.0,0.0
2025-10-09,515,North,25209,91724.0,17:10:00,17:19:46,17:20:18,6,430,Howell St & 9th Ave,4.0,2.0
2025-10-09,515,North,25209,91724.0,,17:25:09,17:25:51,7,431,Howell St & Yale Ave,3.0,0.0
2025-10-09,515,North,25209,91724.0,17:32:00,17:50:19,17:50:53,10,2766,Mountlake Terrace Fwy Station Bay 7,0.0,29.0
2025-10-09,515,North,25209,91724.0,17:48:00,17:56:11,17:56:11,11,2118,Lynnwood City Center Station Bay A5,0.0,0.0
2025-10-09,515,North,25210,91717.0,17:10:00,17:13:34,17:13:34,0,640,4th Ave S & S Jackson St,0.0,0.0
2025-10-09,515,North,25210,91717.0,,17:14:25,17:14:45,1,635,4th Ave S & S Washington St,0.0,0.0
2025-10-09,515,North,25210,91717.0,,17:16:24,17:17:16,2,2638,4th Ave & Cherry St,0.0,0.0
2025-10-09,515,North,25210,91717.0,,17:20:40,17:21:15,3,641,4th Ave & Seneca St,0.0,0.0
2025-10-09,515,North,25210,91717.0,17:16:00,17:23:06,17:23:29,4,2976,4th Ave & Pine St,0.0,0.0
2025-10-09,515,North,25210,91717.0,,17:25:15,17:26:40,5,473,Olive Way & 6th Ave,0.0,0.0
2025-10-09,515,North,25210,91717.0,17:20:00,17:28:24,17:28:24,6,430,Howell St & 9th Ave,0.0,0.0
2025-10-09,515,North,25210,91717.0,,17:31:35,17:32:06,7,431,Howell St & Yale Ave,0.0,0.0
2025-10-09,515,North,25210,91717.0,17:42:00,17:55:28,17:55:48,10,2766,Mountlake Terrace Fwy Station Bay 7,0.0,0.0
2025-10-09,515,North,25210,91717.0,17:58:00,18:01:04,18:01:04,11,2118,Lynnwood City Center Station Bay A5,0.0,0.0
2025-10-09,515,North,25211,91902.0,17:20:00,17:20:35,17:20:35,0,640,4th Ave S & S Jackson St,1.0,0.0
2025-10-09,515,North,25211,91902.0,,17:21:29,17:22:18,1,635,4th Ave S & S Washington St,0.0,0.0
2025-10-09,515,North,25211,91902.0,,17:26:31,17:26:59,2,2638,4th Ave & Cherry St,4.0,0.0
2025-10-09,515,North,25211,91902.0,,17:30:58,17:31:28,3,641,4th Ave & Seneca St,7.0,0.0
2025-10-09,515,North,25211,91902.0,17:26:00,17:32:42,17:33:17,4,2976,4th Ave & Pine St,1.0,0.0
2025-10-09,515,North,25211,91902.0,,17:34:23,17:35:35,5,473,Olive Way & 6th Ave,9.0,0.0
2025-10-09,515,North,25211,91902.0,17:30:00,17:37:02,17:37:49,6,430,Howell St & 9th Ave,10.0,0.0
2025-10-09,515,North,25211,91902.0,,17:40:06,17:40:38,7,431,Howell St & Yale Ave,3.0,0.0
2025-10-09,515,North,25211,91902.0,17:51:00,18:02:31,18:03:02,10,2766,Mountlake Terrace Fwy Station Bay 7,0.0,12.0
2025-10-09,515,North,25211,91902.0,18:06:00,18:07:43,18:07:43,11,2118,Lynnwood City Center Station Bay A5,0.0,23.0
2025-10-09,515,North,25212,91713.0,17:40:00,17:41:57,17:41:57,0,640,4th Ave S & S Jackson St,0.0,0.0
2025-10-09,515,North,25212,91713.0,,17:42:35,17:42:35,1,635,4th Ave S & S Washington St,0.0,0.0
2025-10-09,515,North,25212,91713.0,,17:45:55,17:46:15,2,2638,4th Ave & Cherry St,0.0,0.0
2025-10-09,515,North,25212,91713.0,,17:49:01,17:49:52,3,641,4th Ave & Seneca St,0.0,0.0
2025-10-09,515,North,25212,91713.0,17:46:00,17:51:31,17:52:01,4,2976,4th Ave & Pine St,0.0,0.0
2025-10-09,515,North,25212,91713.0,,17:53:40,17:55:04,5,473,Olive Way & 6th Ave,0.0,0.0
2025-10-09,515,North,25212,91713.0,17:50:00,17:56:33,17:57:00,6,430,Howell St & 9th Ave,0.0,0.0
2025-10-09,515,North,25212,91713.0,,18:01:08,18:01:32,7,431,Howell St & Yale Ave,0.0,0.0
2025-10-09,515,North,25212,91713.0,18:09:00,18:19:18,18:19:49,10,2766,Mountlake Terrace Fwy Station Bay 7,0.0,0.0
2025-10-09,515,North,25212,91713.0,18:23:00,18:24:17,18:24:17,11,2118,Lynnwood City Center Station Bay A5,0.0,0.0
2025-10-09,515,North,25213,91727.0,18:00:00,18:04:44,18:04:44,0,640,4th Ave S & S Jackson St,12.0,0.0
2025-10-09,515,North,25213,91727.0,,18:06:20,18:06:51,1,635,4th Ave S & S Washington St,0.0,0.0
2025-10-09,515,North,25213,91727.0,,18:08:27,18:08:49,2,2638,4th Ave & Cherry St,1.0,0.0
2025-10-09,515,North,25213,91727.0,,18:11:33,18:11:56,3,641,4th Ave & Seneca St,3.0,0.0
2025-10-09,515,North,25213,91727.0,18:06:00,18:14:06,18:15:19,4,2976,4th Ave & Pine St,2.0,0.0
2025-10-09,515,North,25213,91727.0,,18:17:54,18:19:02,5,473,Olive Way & 6th Ave,4.0,0.0
2025-10-09,515,North,25213,91727.0,18:09:00,18:20:37,18:21:22,6,430,Howell St & 9th Ave,8.0,0.0
2025-10-09,515,North,25213,91727.0,,18:23:59,18:24:45,7,431,Howell St & Yale Ave,5.0,2.0
2025-10-09,515,North,25213,91727.0,18:27:00,18:40:02,18:40:33,10,2766,Mountlake Terrace Fwy Station Bay 7,0.0,9.0
2025-10-09,515,North,25213,91727.0,18:39:00,18:45:16,18:45:16,11,2118,Lynnwood City Center Station Bay A5,3.0,27.0
2025-10-09,515,North,25214,19811.0,18:20:00,18:22:27,18:22:27,0,640,4th Ave S & S Jackson St,3.0,0.0
2025-10-09,515,North,25214,19811.0,,18:23:10,18:23:36,1,635,4th Ave S & S Washington St,0.0,0.0
2025-10-09,515,North,25214,19811.0,,18:25:12,18:25:27,2,2638,4th Ave & Cherry St,0.0,0.0
2025-10-09,515,North,25214,19811.0,,18:29:33,18:29:49,3,641,4th Ave & Seneca St,0.0,0.0
2025-10-09,515,North,25214,19811.0,18:26:00,18:32:08,18:32:26,4,2976,4th Ave & Pine St,1.0,0.0
2025-10-09,515,North,25214,19811.0,,18:34:46,18:35:31,5,473,Olive Way & 6th Ave,2.0,0.0
2025-10-09,515,North,25214,19811.0,18:29:00,18:37:10,18:37:34,6,430,Howell St & 9th Ave,1.0,0.0
2025-10-09,515,North,25214,19811.0,,18:40:14,18:40:30,7,431,Howell St & Yale Ave,1.0,0.0
2025-10-09,515,North,25214,19811.0,18:47:00,18:54:19,18:54:46,10,2766,Mountlake Terrace Fwy Station Bay 7,0.0,8.0
2025-10-09,515,North,25214,19811.0,18:59:00,18:58:57,18:58:57,11,2118,Lynnwood City Center Station Bay A5,0.0,0.0
2025-10-09,515,North,25215,91701.0,18:40:00,18:43:48,18:43:48,0,640,4th Ave S & S Jackson St,3.0,0.0
2025-10-09,515,North,25215,91701.0,,18:45:07,18:45:43,1,635,4th Ave S & S Washington St,2.0,0.0
2025-10-09,515,North,25215,91701.0,,18:47:20,18:48:06,2,2638,4th Ave & Cherry St,3.0,0.0
2025-10-09,515,North,25215,91701.0,,18:49:38,18:50:41,3,641,4th Ave & Seneca St,3.0,0.0
2025-10-09,515,North,25215,91701.0,18:46:00,18:53:01,18:53:19,4,2976,4th Ave & Pine St,0.0,0.0
2025-10-09,515,North,25215,91701.0,,18:55:13,18:56:29,5,473,Olive Way & 6th Ave,1.0,0.0
2025-10-09,515,North,25215,91701.0,18:49:00,18:58:01,18:58:30,6,430,Howell St & 9th Ave,2.0,0.0
2025-10-09,515,North,25215,91701.0,,19:01:07,19:01:40,7,431,Howell St & Yale Ave,3.0,0.0
2025-10-09,515,North,25215,91701.0,19:07:00,19:15:47,19:16:10,10,2766,Mountlake Terrace Fwy Station Bay 7,0.0,2.0
2025-10-09,515,North,25215,91701.0,19:16:00,19:20:22,19:20:22,11,2118,Lynnwood City Center Station Bay A5,1.0,16.0
2025-10-09,515,South,25216,91728.0,04:30:00,04:30:18,04:30:18,0,2113,Lynnwood City Center Station Bay D1,22.0,0.0
2025-10-09,515,South,25216,91728.0,04:34:00,04:34:23,04:34:40,1,2765,Mountlake Terrace Fwy Station Bay 6,1.0,0.0
2025-10-09,515,South,25216,91728.0,04:51:00,04:47:41,04:48:06,4,1909,Stewart St & 9th Ave,0.0,4.0
2025-10-09,515,South,25216,91728.0,,04:49:02,04:49:30,5,1908,Stewart St & 7th Ave,0.0,6.0
2025-10-09,515,South,25216,91728.0,04:56:00,04:50:29,04:51:18,6,2698,5th Ave & Pine St,0.0,3.0
2025-10-09,515,South,25216,91728.0,,04:52:16,04:52:29,7,2700,5th Ave & Seneca St,0.0,2.0
2025-10-09,515,South,25216,91728.0,,04:53:29,04:53:46,8,2702,5th Ave & Marion St,0.0,3.0
2025-10-09,515,South,25216,91728.0,,04:55:03,04:55:23,9,2290,5th Ave & Jefferson St,0.0,5.0
2025-10-09,515,South,25216,91728.0,05:04:00,04:56:37,04:56:37,10,2706,5th Ave S & S Jackson St,0.0,0.0
2025-10-09,515,South,25217,,04:50:00,,,0,2113,Lynnwood City Center Station Bay D1,,
2025-10-09,515,South,25217,,04:54:00,,,1,2765,Mountlake Terrace Fwy Station Bay 6,,
2025-10-09,515,South,25217,,05:11:00,,,4,1909,Stewart St & 9th Ave,,
2025-10-09,515,South,25217,,,,,5,1908,Stewart St & 7th Ave,,
2025-10-09,515,South,25217,,05:16:00,,,6,2698,5th Ave & Pine St,,
2025-10-09,515,South,25217,,,,,7,2700,5th Ave & Seneca St,,
2025-10-09,515,South,25217,,,,,8,2702,5th Ave & Marion St,,
2025-10-09,515,South,25217,,,,,9,2290,5th Ave & Jefferson St,,
2025-10-09,515,South,25217,,05:24:00,,,10,2706,5th Ave S & S Jackson St,,
2025-10-09,515,South,25218,91501.0,05:10:00,05:10:24,05:10:24,0,2113,Lynnwood City Center Station Bay D1,30.0,0.0
2025-10-09,515,South,25218,91501.0,05:14:00,05:14:39,05:15:04,1,2765,Mountlake Terrace Fwy Station Bay 6,3.0,0.0
2025-10-09,515,South,25218,91501.0,05:31:00,05:28:45,05:29:23,4,1909,Stewart St & 9th Ave,2.0,9.0
2025-10-09,515,South,25218,91501.0,,05:30:08,05:30:36,5,1908,Stewart St & 7th Ave,1.0,6.0
2025-10-09,515,South,25218,91501.0,05:36:00,05:31:30,05:31:45,6,2698,5th Ave & Pine St,0.0,3.0
2025-10-09,515,South,25218,91501.0,,05:33:21,05:33:46,7,2700,5th Ave & Seneca St,0.0,3.0
2025-10-09,515,South,25218,91501.0,,05:34:35,05:35:12,8,2702,5th Ave & Marion St,0.0,3.0
2025-10-09,515,South,25218,91501.0,,05:35:51,05:36:19,9,2290,5th Ave & Jefferson St,0.0,7.0
2025-10-09,515,South,25218,91501.0,05:44:00,05:37:35,05:37:35,10,2706,5th Ave S & S Jackson St,0.0,5.0
2025-10-09,515,South,25219,9566.0,05:30:00,05:38:16,05:38:16,0,2113,Lynnwood City Center Station Bay D1,21.0,0.0
2025-10-09,515,South,25219,9566.0,05:34:00,05:42:59,05:43:11,1,2765,Mountlake Terrace Fwy Station Bay 6,0.0,0.0
2025-10-09,515,South,25219,9566.0,05:51:00,05:58:18,05:58:41,4,1909,Stewart St & 9th Ave,0.0,7.0
2025-10-09,515,South,25219,9566.0,,06:00:08,06:00:20,5,1908,Stewart St & 7th Ave,0.0,0.0
2025-10-09,515,South,25219,9566.0,05:56:00,06:01:31,06:02:17,6,2698,5th Ave & Pine St,0.0,0.0
2025-10-09,515,South,25219,9566.0,,06:03:16,06:03:34,7,2700,5th Ave & Seneca St,0.0,6.0
2025-10-09,515,South,25219,9566.0,,06:05:24,06:06:14,8,2702,5th Ave & Marion St,0.0,7.0
2025-10-09,515,South,25219,9566.0,,06:07:17,06:07:34,9,2290,5th Ave & Jefferson St,0.0,1.0
2025-10-09,515,South,25219,9566.0,06:05:00,06:10:26,06:10:26,10,2706,5th Ave S & S Jackson St,0.0,0.0
2025-10-09,515,South,25220,19816.0,05:55:00,05:56:29,05:56:29,0,2113,Lynnwood City Center Station Bay D1,43.0,0.0
2025-10-09,515,South,25220,19816.0,05:59:00,06:00:50,06:01:44,1,2765,Mountlake Terrace Fwy Station Bay 6,7.0,0.0
2025-10-09,515,South,25220,19816.0,06:16:00,06:15:12,06:15:46,4,1909,Stewart St & 9th Ave,4.0,12.0
2025-10-09,515,South,25220,19816.0,,06:16:42,06:17:11,5,1908,Stewart St & 7th Ave,0.0,9.0
2025-10-09,515,South,25220,19816.0,06:21:00,06:18:19,06:19:36,6,2698,5th Ave & Pine St,1.0,7.0
2025-10-09,515,South,25220,19816.0,,06:20:36,06:20:59,7,2700,5th Ave & Seneca St,0.0,5.0
2025-10-09,515,South,25220,19816.0,,06:22:08,06:22:47,8,2702,5th Ave & Marion St,0.0,15.0
2025-10-09,515,South,25220,19816.0,,06:24:00,06:24:25,9,2290,5th Ave & Jefferson St,0.0,6.0
2025-10-09,515,South,25220,19816.0,06:30:00,06:26:12,06:26:12,10,2706,5th Ave S & S Jackson St,0.0,1.0
2025-10-09,515,South,25221,,06:05:00,,,0,2113,Lynnwood City Center Station Bay D1,,
2025-10-09,515,South,25221,,06:09:00,,,1,2765,Mountlake Terrace Fwy Station Bay 6,,
2025-10-09,515,South,25221,,06:27:00,,,4,1909,Stewart St & 9th Ave,,
2025-10-09,515,South,25221,,,,,5,1908,Stewart St & 7th Ave,,
2025-10-09,515,South,25221,,06:32:00,,,6,2698,5th Ave & Pine St,,
2025-10-09,515,South,25221,,,,,7,2700,5th Ave & Seneca St,,
2025-10-09,515,South,25221,,,,,8,2702,5th Ave & Marion St,,
2025-10-09,515,South,25221,,,,,9,2290,5th Ave & Jefferson St,,
2025-10-09,515,South,25221,,06:41:00,,,10,2706,5th Ave S & S Jackson St,,
2025-10-09,515,South,25222,91720.0,06:15:00,06:15:13,06:15:13,0,2113,Lynnwood City Center Station Bay D1,46.0,0.0
2025-10-09,515,South,25222,91720.0,06:19:00,06:20:25,06:20:52,1,2765,Mountlake Terrace Fwy Station Bay 6,2.0,0.0
2025-10-09,515,South,25222,91720.0,06:37:00,06:37:21,06:38:16,4,1909,Stewart St & 9th Ave,0.0,7.0
2025-10-09,515,South,25222,91720.0,,06:39:09,06:39:44,5,1908,Stewart St & 7th Ave,0.0,9.0
2025-10-09,515,South,25222,91720.0,06:42:00,06:40:48,06:42:08,6,2698,5th Ave & Pine St,0.0,5.0
2025-10-09,515,South,25222,91720.0,,06:44:09,06:44:55,7,2700,5th Ave & Seneca St,0.0,15.0
2025-10-09,515,South,25222,91720.0,,06:46:02,06:46:47,8,2702,5th Ave & Marion St,0.0,6.0
2025-10-09,515,South,25222,91720.0,,06:48:01,06:48:32,9,2290,5th Ave & Jefferson St,0.0,5.0
2025-10-09,515,South,25222,91720.0,06:52:00,06:50:36,06:50:36,10,2706,5th Ave S & S Jackson St,0.0,1.0
2025-10-09,515,South,25223,91501.0,06:25:00,06:26:17,06:26:17,0,2113,Lynnwood City Center Station Bay D1,45.0,0.0
2025-10-09,515,South,25223,91501.0,06:29:00,06:33:29,06:34:02,1,2765,Mountlake Terrace Fwy Station Bay 6,5.0,0.0
2025-10-09,515,South,25223,91501.0,06:49:00,06:52:11,06:52:39,4,1909,Stewart St & 9th Ave,0.0,12.0
2025-10-09,515,South,25223,91501.0,,06:53:13,06:53:44,5,1908,Stewart St & 7th Ave,0.0,8.0
2025-10-09,515,South,25223,91501.0,06:54:00,06:55:55,06:56:15,6,2698,5th Ave & Pine St,0.0,4.0
2025-10-09,515,South,25223,91501.0,,06:58:03,06:58:35,7,2700,5th Ave & Seneca St,0.0,6.0
2025-10-09,515,South,25223,91501.0,,06:59:44,07:00:26,8,2702,5th Ave & Marion St,0.0,9.0
2025-10-09,515,South,25223,91501.0,,07:02:15,07:02:15,9,2290,5th Ave & Jefferson St,0.0,10.0
2025-10-09,515,South,25223,91501.0,07:05:00,07:04:01,07:04:01,10,2706,5th Ave S & S Jackson St,0.0,1.0
2025-10-09,515,South,25224,91709.0,06:35:00,06:42:41,06:42:41,0,2113,Lynnwood City Center Station Bay D1,50.0,0.0
2025-10-09,515,South,25224,91709.0,06:39:00,06:53:00,06:54:22,1,2765,Mountlake Terrace Fwy Station Bay 6,9.0,2.0
2025-10-09,515,South,25224,91709.0,07:00:00,07:10:34,07:11:24,4,1909,Stewart St & 9th Ave,4.0,17.0
2025-10-09,515,South,25224,91709.0,,07:12:20,07:13:06,5,1908,Stewart St & 7th Ave,1.0,12.0
2025-10-09,515,South,25224,91709.0,07:05:00,07:15:28,07:16:36,6,2698,5th Ave & Pine St,0.0,5.0
2025-10-09,515,South,25224,91709.0,,07:18:50,07:19:55,7,2700,5th Ave & Seneca St,3.0,14.0
2025-10-09,515,South,25224,91709.0,,07:20:39,07:21:31,8,2702,5th Ave & Marion St,0.0,9.0
2025-10-09,515,South,25224,91709.0,,07:23:39,07:24:09,9,2290,5th Ave & Jefferson St,0.0,8.0
2025-10-09,515,South,25224,91709.0,07:16:00,,,10,2706,5th Ave S & S Jackson St,,
2025-10-09,515,South,25225,,06:45:00,,,0,2113,Lynnwood City Center Station Bay D1,,
2025-10-09,515,South,25225,,06:50:00,,,1,2765,Mountlake Terrace Fwy Station Bay 6,,
2025-10-09,515,South,25225,,07:11:00,,,4,1909,Stewart St & 9th Ave,,
2025-10-09,515,South,25225,,,,,5,1908,Stewart St & 7th Ave,,
2025-10-09,515,South,25225,,07:16:00,,,6,2698,5th Ave & Pine St,,
2025-10-09,515,South,25225,,,,,7,2700,5th Ave & Seneca St,,
2025-10-09,515,South,25225,,,,,8,2702,5th Ave & Marion St,,
2025-10-09,515,South,25225,,,,,9,2290,5th Ave & Jefferson St,,
2025-10-09,515,South,25225,,07:27:00,,,10,2706,5th Ave S & S Jackson St,,
2025-10-09,515,South,25226,19817.0,06:55:00,06:55:57,06:55:57,0,2113,Lynnwood City Center Station Bay D1,33.0,0.0
2025-10-09,515,South,25226,19817.0,07:00:00,07:02:37,07:03:05,1,2765,Mountlake Terrace Fwy Station Bay 6,4.0,0.0
2025-10-09,515,South,25226,19817.0,07:21:00,07:19:41,07:20:16,4,1909,Stewart St & 9th Ave,1.0,6.0
2025-10-09,515,South,25226,19817.0,,07:21:13,07:21:39,5,1908,Stewart St & 7th Ave,0.0,12.0
2025-10-09,515,South,25226,19817.0,07:26:00,07:22:53,07:24:11,6,2698,5th Ave & Pine St,0.0,3.0
2025-10-09,515,South,25226,19817.0,,07:26:18,07:26:38,7,2700,5th Ave & Seneca St,0.0,5.0
2025-10-09,515,South,25226,19817.0,,07:28:09,07:28:47,8,2702,5th Ave & Marion St,0.0,9.0
2025-10-09,515,South,25226,19817.0,,07:31:07,07:32:02,9,2290,5th Ave & Jefferson St,0.0,3.0
2025-10-09,515,South,25226,19817.0,07:37:00,07:34:14,07:34:14,10,2706,5th Ave S & S Jackson St,0.0,0.0
2025-10-09,515,South,25227,91704.0,07:05:00,07:06:46,07:06:46,0,2113,Lynnwood City Center Station Bay D1,35.0,0.0
2025-10-09,515,South,25227,91704.0,07:10:00,07:14:31,07:15:33,1,2765,Mountlake Terrace Fwy Station Bay 6,14.0,0.0
2025-10-09,515,South,25227,91704.0,07:34:00,07:32:38,07:33:16,4,1909,Stewart St & 9th Ave,1.0,20.0
2025-10-09,515,South,25227,91704.0,,07:34:37,07:35:12,5,1908,Stewart St & 7th Ave,0.0,8.0
2025-10-09,515,South,25227,91704.0,07:39:00,07:37:49,07:38:10,6,2698,5th Ave & Pine St,1.0,4.0
2025-10-09,515,South,25227,91704.0,,07:40:03,07:40:28,7,2700,5th Ave & Seneca St,0.0,3.0
2025-10-09,515,South,25227,91704.0,,07:41:34,07:42:16,8,2702,5th Ave & Marion St,0.0,9.0
2025-10-09,515,South,25227,91704.0,,07:43:28,07:44:03,9,2290,5th Ave & Jefferson St,0.0,5.0
2025-10-09,515,South,25227,91704.0,07:50:00,07:45:51,07:45:51,10,2706,5th Ave S & S Jackson St,0.0,2.0
2025-10-09,515,South,25228,19816.0,07:15:00,07:15:37,07:15:37,0,2113,Lynnwood City Center Station Bay D1,29.0,0.0
2025-10-09,515,South,25228,19816.0,07:20:00,07:23:46,07:24:07,1,2765,Mountlake Terrace Fwy Station Bay 6,5.0,0.0
2025-10-09,515,South,25228,19816.0,07:51:00,07:43:19,07:43:52,4,1909,Stewart St & 9th Ave,0.0,13.0
2025-10-09,515,South,25228,19816.0,,07:45:08,07:45:37,5,1908,Stewart St & 7th Ave,1.0,12.0
2025-10-09,515,South,25228,19816.0,07:56:00,07:46:55,07:47:07,6,2698,5th Ave & Pine St,0.0,0.0
2025-10-09,515,South,25228,19816.0,,07:48:59,07:49:22,7,2700,5th Ave & Seneca St,0.0,3.0
2025-10-09,515,South,25228,19816.0,,07:50:40,07:51:18,8,2702,5th Ave & Marion St,1.0,3.0
2025-10-09,515,South,25228,19816.0,,07:52:35,07:52:55,9,2290,5th Ave & Jefferson St,0.0,4.0
2025-10-09,515,South,25228,19816.0,08:07:00,07:55:33,07:55:33,10,2706,5th Ave S & S Jackson St,0.0,1.0
2025-10-09,515,South,25229,,07:25:00,,,0,2113,Lynnwood City Center Station Bay D1,,
2025-10-09,515,South,25229,,07:30:00,,,1,2765,Mountlake Terrace Fwy Station Bay 6,,
2025-10-09,515,South,25229,,08:02:00,,,4,1909,Stewart St & 9th Ave,,
2025-10-09,515,South,25229,,,,,5,1908,Stewart St & 7th Ave,,
2025-10-09,515,South,25229,,08:07:00,,,6,2698,5th Ave & Pine St,,
2025-10-09,515,South,25229,,,,,7,2700,5th Ave & Seneca St,,
2025-10-09,515,South,25229,,,,,8,2702,5th Ave & Marion St,,
2025-10-09,515,South,25229,,,,,9,2290,5th Ave & Jefferson St,,
2025-10-09,515,South,25229,,08:18:00,,,10,2706,5th Ave S & S Jackson St,,
2025-10-09,515,South,25230,9560.0,07:35:00,07:35:18,07:35:18,0,2113,Lynnwood City Center Station Bay D1,34.0,0.0
2025-10-09,515,South,25230,9560.0,07:40:00,07:40:39,07:41:53,1,2765,Mountlake Terrace Fwy Station Bay 6,15.0,1.0
2025-10-09,515,South,25230,9560.0,08:13:00,08:07:23,08:08:10,4,1909,Stewart St & 9th Ave,0.0,28.0
2025-10-09,515,South,25230,9560.0,,08:09:09,08:09:33,5,1908,Stewart St & 7th Ave,0.0,12.0
2025-10-09,515,South,25230,9560.0,08:18:00,08:10:47,08:12:06,6,2698,5th Ave & Pine St,1.0,4.0
2025-10-09,515,South,25230,9560.0,,08:14:40,08:15:19,7,2700,5th Ave & Seneca St,0.0,2.0
2025-10-09,515,South,25230,9560.0,,08:16:19,08:16:47,8,2702,5th Ave & Marion St,0.0,1.0
2025-10-09,515,South,25230,9560.0,,08:17:56,08:18:14,9,2290,5th Ave & Jefferson St,0.0,2.0
2025-10-09,515,South,25230,9560.0,08:29:00,08:20:29,08:20:29,10,2706,5th Ave S & S Jackson St,0.0,0.0
2025-10-09,515,South,25231,19810.0,07:45:00,07:57:22,07:57:22,0,2113,Lynnwood City Center Station Bay D1,0.0,0.0
2025-10-09,515,South,25231,19810.0,07:50:00,08:02:08,08:02:49,1,2765,Mountlake Terrace Fwy Station Bay 6,24.0,0.0
2025-10-09,515,South,25231,19810.0,08:23:00,08:36:30,08:37:07,4,1909,Stewart St & 9th Ave,0.0,14.0
2025-10-09,515,South,25231,19810.0,,08:37:45,08:38:06,5,1908,Stewart St & 7th Ave,0.0,4.0
2025-10-09,515,South,25231,19810.0,08:28:00,08:40:49,08:41:06,6,2698,5th Ave & Pine St,0.0,1.0
2025-10-09,515,South,25231,19810.0,,08:44:28,08:44:42,7,2700,5th Ave & Seneca St,0.0,2.0
2025-10-09,515,South,25231,19810.0,,08:46:02,08:46:45,8,2702,5th Ave & Marion St,0.0,3.0
2025-10-09,515,South,25231,19810.0,,08:48:01,08:48:17,9,2290,5th Ave & Jefferson St,0.0,0.0
2025-10-09,515,South,25231,19810.0,08:39:00,08:50:44,08:50:44,10,2706,5th Ave S & S Jackson St,0.0,0.0
2025-10-09,515,South,25232,91718.0,07:55:00,08:02:28,08:02:28,0,2113,Lynnwood City Center Station Bay D1,4.0,0.0
2025-10-09,515,South,25232,91718.0,08:00:00,08:09:50,08:10:24,1,2765,Mountlake Terrace Fwy Station Bay 6,7.0,0.0
2025-10-09,515,South,25232,91718.0,08:35:00,08:40:06,08:40:27,4,1909,Stewart St & 9th Ave,0.0,4.0
2025-10-09,515,South,25232,91718.0,,08:40:53,08:41:20,5,1908,Stewart St & 7th Ave,0.0,3.0
2025-10-09,515,South,25232,91718.0,08:40:00,08:43:06,08:43:33,6,2698,5th Ave & Pine St,0.0,2.0
2025-10-09,515,South,25232,91718.0,,08:45:56,08:46:11,7,2700,5th Ave & Seneca St,0.0,1.0
2025-10-09,515,South,25232,91718.0,,08:47:34,08:48:14,8,2702,5th Ave & Marion St,0.0,1.0
2025-10-09,515,South,25232,91718.0,,08:49:28,08:49:39,9,2290,5th Ave & Jefferson St,0.0,0.0
2025-10-09,515,South,25232,91718.0,08:51:00,08:52:51,08:52:51,10,2706,5th Ave S & S Jackson St,0.0,0.0
2025-10-09,515,South,25233,91727.0,08:15:00,08:15:33,08:15:33,0,2113,Lynnwood City Center Station Bay D1,11.0,0.0
2025-10-09,515,South,25233,91727.0,08:19:00,08:20:52,08:21:33,1,2765,Mountlake Terrace Fwy Station Bay 6,4.0,0.0
2025-10-09,515,South,25233,91727.0,08:58:00,09:07:34,09:08:14,4,1909,Stewart St & 9th Ave,0.0,9.0
2025-10-09,515,South,25233,91727.0,,09:09:48,09:09:48,5,1908,Stewart St & 7th Ave,0.0,3.0
2025-10-09,515,South,25233,91727.0,09:03:00,09:10:57,09:11:12,6,2698,5th Ave & Pine St,0.0,1.0
2025-10-09,515,South,25233,91727.0,,09:14:18,09:14:41,7,2700,5th Ave & Seneca St,0.0,2.0
2025-10-09,515,South,25233,91727.0,,09:16:09,09:16:09,8,2702,5th Ave & Marion St,0.0,0.0
2025-10-09,515,South,25233,91727.0,,09:18:34,09:18:34,9,2290,5th Ave & Jefferson St,0.0,0.0
2025-10-09,515,South,25233,91727.0,09:14:00,09:27:13,09:27:13,10,2706,5th Ave S & S Jackson St,0.0,0.0
2025-10-09,515,South,25234,91722.0,08:35:00,08:35:20,08:35:20,0,2113,Lynnwood City Center Station Bay D1,7.0,0.0
2025-10-09,515,South,25234,91722.0,08:39:00,08:39:57,08:40:29,1,2765,Mountlake Terrace Fwy Station Bay 6,5.0,0.0
2025-10-09,515,South,25234,91722.0,09:18:00,09:24:15,09:24:45,4,1909,Stewart St & 9th Ave,1.0,4.0
2025-10-09,515,South,25234,91722.0,,09:25:42,09:26:09,5,1908,Stewart St & 7th Ave,0.0,6.0
2025-10-09,515,South,25234,91722.0,09:23:00,09:27:21,09:28:35,6,2698,5th Ave & Pine St,1.0,0.0
2025-10-09,515,South,25234,91722.0,,09:30:33,09:30:53,7,2700,5th Ave & Seneca St,0.0,1.0
2025-10-09,515,South,25234,91722.0,,09:32:50,09:33:25,8,2702,5th Ave & Marion St,0.0,3.0
2025-10-09,515,South,25234,91722.0,,09:35:35,09:35:49,9,2290,5th Ave & Jefferson St,0.0,0.0
2025-10-09,515,South,25234,91722.0,09:34:00,09:39:27,09:39:27,10,2706,5th Ave S & S Jackson St,0.0,0.0
2025-10-09,515,South,25235,91714.0,08:55:00,08:55:35,08:55:35,0,2113,Lynnwood City Center Station Bay D1,10.0,0.0
2025-10-09,515,South,25235,91714.0,08:59:00,08:59:51,09:00:10,1,2765,Mountlake Terrace Fwy Station Bay 6,1.0,0.0
2025-10-09,515,South,25235,91714.0,09:38:00,09:37:17,09:37:43,4,1909,Stewart St & 9th Ave,0.0,3.0
2025-10-09,515,South,25235,91714.0,,09:39:04,09:39:30,5,1908,Stewart St & 7th Ave,1.0,6.0
2025-10-09,515,South,25235,91714.0,09:43:00,09:40:47,09:41:01,6,2698,5th Ave & Pine St,0.0,0.0
2025-10-09,515,South,25235,91714.0,,09:42:37,09:42:55,7,2700,5th Ave & Seneca St,0.0,1.0
2025-10-09,515,South,25235,91714.0,,09:44:25,09:44:36,8,2702,5th Ave & Marion St,0.0,1.0
2025-10-09,515,South,25235,91714.0,,09:45:57,09:46:14,9,2290,5th Ave & Jefferson St,0.0,1.0
2025-10-09,515,South,25235,91714.0,09:54:00,09:47:31,09:47:31,10,2706,5th Ave S & S Jackson St,0.0,0.0
2025-10-10,515,North,25197,91704.0,15:00:00,15:00:11,15:00:11,0,640,4th Ave S & S Jackson St,2.0,0.0
2025-10-10,515,North,25197,91704.0,,15:00:47,15:01:19,1,635,4th Ave S & S Washington St,3.0,0.0
2025-10-10,515,North,25197,91704.0,,15:02:19,15:02:57,2,2638,4th Ave & Cherry St,3.0,0.0
2025-10-10,515,North,25197,91704.0,,15:05:48,15:07:22,3,641,4th Ave & Seneca St,4.0,3.0
2025-10-10,515,North,25197,91704.0,15:06:00,15:08:24,15:09:23,4,2976,4th Ave & Pine St,4.0,0.0
2025-10-10,515,North,25197,91704.0,,15:10:15,15:11:30,5,473,Olive Way & 6th Ave,5.0,0.0
2025-10-10,515,North,25197,91704.0,15:10:00,15:12:09,15:12:48,6,430,Howell St & 9th Ave,4.0,0.0
2025-10-10,515,North,25197,91704.0,,15:16:04,15:16:51,7,431,Howell St & Yale Ave,4.0,3.0
2025-10-10,515,North,25197,91704.0,15:30:00,15:34:55,15:35:24,10,2766,Mountlake Terrace Fwy Station Bay 7,0.0,23.0
2025-10-10,515,North,25197,91704.0,15:38:00,15:40:07,15:40:07,11,2118,Lynnwood City Center Station Bay A5,0.0,0.0
2025-10-10,515,North,25198,91714.0,15:10:00,15:10:33,15:10:33,0,640,4th Ave S & S Jackson St,1.0,0.0
2025-10-10,515,North,25198,91714.0,,15:11:14,15:11:14,1,635,4th Ave S & S Washington St,0.0,0.0
2025-10-10,515,North,25198,91714.0,,15:13:15,15:13:43,2,2638,4th Ave & Cherry St,4.0,0.0
2025-10-10,515,North,25198,91714.0,,15:15:07,15:15:35,3,641,4th Ave & Seneca St,1.0,0.0
2025-10-10,515,North,25198,91714.0,15:16:00,15:17:32,15:18:21,4,2976,4th Ave & Pine St,3.0,0.0
2025-10-10,515,North,25198,91714.0,,15:19:39,15:20:31,5,473,Olive Way & 6th Ave,1.0,0.0
2025-10-10,515,North,25198,91714.0,15:20:00,15:21:14,15:21:38,6,430,Howell St & 9th Ave,2.0,0.0
2025-10-10,515,North,25198,91714.0,,15:25:09,15:25:25,7,431,Howell St & Yale Ave,0.0,2.0
2025-10-10,515,North,25198,91714.0,15:40:00,15:43:24,15:43:46,10,2766,Mountlake Terrace Fwy Station Bay 7,0.0,10.0
2025-10-10,515,North,25198,91714.0,15:50:00,15:49:38,15:49:38,11,2118,Lynnwood City Center Station Bay A5,0.0,0.0
2025-10-10,515,North,25199,19811.0,15:20:00,15:27:47,15:27:47,0,640,4th Ave S & S Jackson St,0.0,0.0
2025-10-10,515,North,25199,19811.0,,15:28:54,15:29:07,1,635,4th Ave S & S Washington St,1.0,0.0
2025-10-10,515,North,25199,19811.0,,15:30:23,15:30:40,2,2638,4th Ave & Cherry St,1.0,0.0
2025-10-10,515,North,25199,19811.0,,15:31:42,15:32:50,3,641,4th Ave & Seneca St,1.0,0.0
2025-10-10,515,North,25199,19811.0,15:26:00,15:34:27,15:34:58,4,2976,4th Ave & Pine St,2.0,0.0
2025-10-10,515,North,25199,19811.0,,15:37:26,15:40:04,5,473,Olive Way & 6th Ave,5.0,0.0
2025-10-10,515,North,25199,19811.0,15:30:00,15:41:41,15:46:09,6,430,Howell St & 9th Ave,5.0,7.0
2025-10-10,515,North,25199,19811.0,,15:47:59,15:48:10,7,431,Howell St & Yale Ave,0.0,0.0
2025-10-10,515,North,25199,19811.0,15:51:00,16:05:23,16:05:35,10,2766,Mountlake Terrace Fwy Station Bay 7,0.0,8.0
2025-10-10,515,North,25199,19811.0,16:03:00,16:10:20,16:10:20,11,2118,Lynnwood City Center Station Bay A5,0.0,0.0
2025-10-10,515,North,25200,91911.0,15:30:00,15:29:54,15:29:54,0,640,4th Ave S & S Jackson St,0.0,0.0
2025-10-10,515,North,25200,91911.0,,15:30:30,15:30:30,1,635,4th Ave S & S Washington St,1.0,1.0
2025-10-10,515,North,25200,91911.0,,15:31:17,15:31:39,2,2638,4th Ave & Cherry St,2.0,0.0
2025-10-10,515,North,25200,91911.0,,15:33:16,15:33:25,3,641,4th Ave & Seneca St,0.0,0.0
2025-10-10,515,North,25200,91911.0,15:36:00,15:35:21,15:36:17,4,2976,4th Ave & Pine St,2.0,0.0
2025-10-10,515,North,25200,91911.0,,15:40:13,15:41:31,5,473,Olive Way & 6th Ave,0.0,0.0
2025-10-10,515,North,25200,91911.0,15:40:00,15:43:13,15:43:30,6,430,Howell St & 9th Ave,1.0,0.0
2025-10-10,515,North,25200,91911.0,,15:46:03,15:46:29,7,431,Howell St & Yale Ave,5.0,0.0
2025-10-10,515,North,25200,91911.0,16:02:00,16:04:19,16:04:43,10,2766,Mountlake Terrace Fwy Station Bay 7,0.0,3.0
2025-10-10,515,North,25200,91911.0,16:14:00,16:09:48,16:09:48,11,2118,Lynnwood City Center Station Bay A5,0.0,7.0
2025-10-10,515,North,25201,19817.0,15:40:00,15:45:00,15:45:00,0,640,4th Ave S & S Jackson St,0.0,0.0
2025-10-10,515,North,25201,19817.0,,15:45:30,15:45:43,1,635,4th Ave S & S Washington St,0.0,0.0
2025-10-10,515,North,25201,19817.0,,15:46:47,15:47:09,2,2638,4th Ave & Cherry St,0.0,0.0
2025-10-10,515,North,25201,19817.0,,15:49:01,15:49:30,3,641,4th Ave & Seneca St,0.0,0.0
2025-10-10,515,North,25201,19817.0,15:46:00,15:50:40,15:51:11,4,2976,4th Ave & Pine St,0.0,0.0
2025-10-10,515,North,25201,19817.0,,15:52:39,15:53:37,5,473,Olive Way & 6th Ave,0.0,0.0
2025-10-10,515,North,25201,19817.0,15:50:00,15:55:11,15:55:29,6,430,Howell St & 9th Ave,0.0,0.0
2025-10-10,515,North,25201,19817.0,,15:59:42,16:00:16,7,431,Howell St & Yale Ave,0.0,0.0
2025-10-10,515,North,25201,19817.0,16:12:00,16:16:11,16:16:26,10,2766,Mountlake Terrace Fwy Station Bay 7,0.0,0.0
2025-10-10,515,North,25201,19817.0,16:27:00,16:21:40,16:21:40,11,2118,Lynnwood City Center Station Bay A5,0.0,0.0
2025-10-10,515,North,25202,91730.0,15:50:00,15:50:56,15:50:56,0,640,4th Ave S & S Jackson St,0.0,0.0
2025-10-10,515,North,25202,91730.0,,15:51:49,15:52:07,1,635,4th Ave S & S Washington St,0.0,0.0
2025-10-10,515,North,25202,91730.0,,15:53:21,15:53:55,2,2638,4th Ave & Cherry St,2.0,0.0
2025-10-10,515,North,25202,91730.0,,15:56:30,15:56:57,3,641,4th Ave & Seneca St,2.0,0.0
2025-10-10,515,North,25202,91730.0,15:56:00,15:58:59,15:59:26,4,2976,4th Ave & Pine St,2.0,0.0
2025-10-10,515,North,25202,91730.0,,16:01:11,16:02:31,5,473,Olive Way & 6th Ave,8.0,0.0
2025-10-10,515,North,25202,91730.0,16:00:00,16:04:02,16:04:49,6,430,Howell St & 9th Ave,8.0,1.0
2025-10-10,515,North,25202,91730.0,,16:08:36,16:09:08,7,431,Howell St & Yale Ave,3.0,0.0
2025-10-10,515,North,25202,91730.0,16:23:00,16:23:56,16:24:23,10,2766,Mountlake Terrace Fwy Station Bay 7,0.0,7.0
2025-10-10,515,North,25202,91730.0,16:39:00,16:28:55,16:28:55,11,2118,Lynnwood City Center Station Bay A5,0.0,17.0
2025-10-10,515,North,25203,19816.0,16:00:00,16:00:22,16:00:22,0,640,4th Ave S & S Jackson St,1.0,0.0
2025-10-10,515,North,25203,19816.0,,16:01:00,16:01:08,1,635,4th Ave S & S Washington St,0.0,0.0
2025-10-10,515,North,25203,19816.0,,16:02:25,16:02:40,2,2638,4th Ave & Cherry St,2.0,0.0
2025-10-10,515,North,25203,19816.0,,16:06:13,16:06:31,3,641,4th Ave & Seneca St,2.0,0.0
2025-10-10,515,North,25203,19816.0,16:06:00,16:08:23,16:08:35,4,2976,4th Ave & Pine St,0.0,2.0
2025-10-10,515,North,25203,19816.0,,16:10:26,16:11:33,5,473,Olive Way & 6th Ave,3.0,0.0
2025-10-10,515,North,25203,19816.0,16:10:00,16:12:15,16:12:33,6,430,Howell St & 9th Ave,4.0,0.0
2025-10-10,515,North,25203,19816.0,,16:16:30,16:16:57,7,431,Howell St & Yale Ave,2.0,0.0
2025-10-10,515,North,25203,19816.0,16:33:00,16:32:39,16:33:04,10,2766,Mountlake Terrace Fwy Station Bay 7,0.0,12.0
2025-10-10,515,North,25203,19816.0,16:49:00,16:37:39,16:37:39,11,2118,Lynnwood City Center Station Bay A5,0.0,0.0
2025-10-10,515,North,25204,19810.0,16:10:00,16:27:01,16:27:01,0,640,4th Ave S & S Jackson St,2.0,0.0
2025-10-10,515,North,25204,19810.0,,16:27:41,16:28:31,1,635,4th Ave S & S Washington St,1.0,0.0
2025-10-10,515,North,25204,19810.0,,16:29:38,16:29:57,2,2638,4th Ave & Cherry St,0.0,0.0
2025-10-10,515,North,25204,19810.0,,16:33:14,16:34:01,3,641,4th Ave & Seneca St,1.0,2.0
2025-10-10,515,North,25204,19810.0,16:16:00,16:35:46,16:36:22,4,2976,4th Ave & Pine St,1.0,0.0
2025-10-10,515,North,25204,19810.0,,16:38:49,16:40:02,5,473,Olive Way & 6th Ave,4.0,2.0
2025-10-10,515,North,25204,19810.0,16:20:00,16:40:47,16:41:02,6,430,Howell St & 9th Ave,1.0,0.0
2025-10-10,515,North,25204,19810.0,,16:44:41,16:45:04,7,431,Howell St & Yale Ave,0.0,0.0
2025-10-10,515,North,25204,19810.0,16:43:00,16:59:37,17:00:01,10,2766,Mountlake Terrace Fwy Station Bay 7,0.0,6.0
2025-10-10,515,North,25204,19810.0,16:59:00,17:06:22,17:06:22,11,2118,Lynnwood City Center Station Bay A5,0.0,0.0
2025-10-10,515,North,25205,9566.0,16:20:00,16:23:43,16:23:43,0,640,4th Ave S & S Jackson St,0.0,0.0
2025-10-10,515,North,25205,9566.0,,16:24:32,16:24:44,1,635,4th Ave S & S Washington St,0.0,0.0
2025-10-10,515,North,25205,9566.0,,16:25:32,16:26:17,2,2638,4th Ave & Cherry St,10.0,0.0
2025-10-10,515,North,25205,9566.0,,16:27:16,16:28:38,3,641,4th Ave & Seneca St,12.0,0.0
2025-10-10,515,North,25205,9566.0,16:26:00,16:29:46,16:30:19,4,2976,4th Ave & Pine St,2.0,1.0
2025-10-10,515,North,25205,9566.0,,16:31:25,16:32:32,5,473,Olive Way & 6th Ave,11.0,2.0
2025-10-10,515,North,25205,9566.0,16:30:00,16:33:11,16:34:01,6,430,Howell St & 9th Ave,9.0,1.0
2025-10-10,515,North,25205,9566.0,,16:37:06,16:37:43,7,431,Howell St & Yale Ave,3.0,1.0
2025-10-10,515,North,25205,9566.0,16:53:00,16:52:14,16:52:41,10,2766,Mountlake Terrace Fwy Station Bay 7,0.0,9.0
2025-10-10,515,North,25205,9566.0,17:09:00,16:57:06,16:57:06,11,2118,Lynnwood City Center Station Bay A5,1.0,34.0
2025-10-10,515,North,25206,19852.0,16:30:00,16:36:00,16:36:00,0,640,4th Ave S & S Jackson St,0.0,0.0
2025-10-10,515,North,25206,19852.0,,16:36:42,16:36:57,1,635,4th Ave S & S Washington St,1.0,0.0
2025-10-10,515,North,25206,19852.0,,16:38:32,16:38:58,2,2638,4th Ave & Cherry St,5.0,0.0
2025-10-10,515,North,25206,19852.0,,16:41:24,16:41:47,3,641,4th Ave & Seneca St,5.0,0.0
2025-10-10,515,North,25206,19852.0,16:36:00,16:43:08,16:43:22,4,2976,4th Ave & Pine St,0.0,0.0
2025-10-10,515,North,25206,19852.0,,16:45:11,16:46:06,5,473,Olive Way & 6th Ave,3.0,0.0
2025-10-10,515,North,25206,19852.0,16:40:00,16:47:45,16:48:07,6,430,Howell St & 9th Ave,4.0,0.0
2025-10-10,515,North,25206,19852.0,,16:52:12,16:52:36,7,431,Howell St & Yale Ave,2.0,1.0
2025-10-10,515,North,25206,19852.0,17:03:00,17:06:12,17:06:38,10,2766,Mountlake Terrace Fwy Station Bay 7,0.0,10.0
2025-10-10,515,North,25206,19852.0,17:19:00,17:11:18,17:11:18,11,2118,Lynnwood City Center Station Bay A5,0.0,9.0
2025-10-10,515,North,25207,19856.0,16:40:00,16:40:38,16:40:38,0,640,4th Ave S & S Jackson St,1.0,0.0
2025-10-10,515,North,25207,19856.0,,16:41:13,16:41:26,1,635,4th Ave S & S Washington St,1.0,0.0
2025-10-10,515,North,25207,19856.0,,16:42:52,16:43:13,2,2638,4th Ave & Cherry St,2.0,0.0
2025-10-10,515,North,25207,19856.0,,16:45:16,16:46:26,3,641,4th Ave & Seneca St,4.0,1.0
2025-10-10,515,North,25207,19856.0,16:46:00,16:47:52,16:48:20,4,2976,4th Ave & Pine St,1.0,0.0
2025-10-10,515,North,25207,19856.0,,16:49:40,16:50:32,5,473,Olive Way & 6th Ave,1.0,0.0
2025-10-10,515,North,25207,19856.0,16:50:00,16:51:10,16:51:22,6,430,Howell St & 9th Ave,1.0,0.0
2025-10-10,515,North,25207,19856.0,,16:55:21,16:55:36,7,431,Howell St & Yale Ave,0.0,1.0
2025-10-10,515,North,25207,19856.0,17:13:00,17:08:09,17:08:30,10,2766,Mountlake Terrace Fwy Station Bay 7,0.0,1.0
2025-10-10,515,North,25207,19856.0,17:29:00,17:12:36,17:12:36,11,2118,Lynnwood City Center Station Bay A5,0.0,8.0
2025-10-10,515,North,25208,91717.0,16:50:00,16:50:57,16:50:57,0,640,4th Ave S & S Jackson St,2.0,0.0
2025-10-10,515,North,25208,91717.0,,16:51:21,16:51:21,1,635,4th Ave S & S Washington St,0.0,0.0
2025-10-10,515,North,25208,91717.0,,16:52:09,16:52:28,2,2638,4th Ave & Cherry St,2.0,0.0
2025-10-10,515,North,25208,91717.0,,16:55:11,16:55:45,3,641,4th Ave & Seneca St,4.0,0.0
2025-10-10,515,North,25208,91717.0,16:56:00,16:56:38,16:57:19,4,2976,4th Ave & Pine St,2.0,0.0
2025-10-10,515,North,25208,91717.0,,16:58:16,16:59:30,5,473,Olive Way & 6th Ave,4.0,0.0
2025-10-10,515,North,25208,91717.0,17:00:00,17:00:10,17:00:41,6,430,Howell St & 9th Ave,3.0,0.0
2025-10-10,515,North,25208,91717.0,,17:02:52,17:03:16,7,431,Howell St & Yale Ave,1.0,0.0
2025-10-10,515,North,25208,91717.0,17:22:00,17:15:51,17:16:13,10,2766,Mountlake Terrace Fwy Station Bay 7,0.0,4.0
2025-10-10,515,North,25208,91717.0,17:38:00,17:20:21,17:20:21,11,2118,Lynnwood City Center Station Bay A5,0.0,14.0
2025-10-10,515,North,25209,91909.0,17:00:00,17:00:08,17:00:08,0,640,4th Ave S & S Jackson St,1.0,0.0
2025-10-10,515,North,25209,91909.0,,17:00:46,17:00:56,1,635,4th Ave S & S Washington St,0.0,0.0
2025-10-10,515,North,25209,91909.0,,17:02:27,17:03:03,2,2638,4th Ave & Cherry St,5.0,0.0
2025-10-10,515,North,25209,91909.0,,17:04:39,17:04:50,3,641,4th Ave & Seneca St,0.0,0.0
2025-10-10,515,North,25209,91909.0,17:06:00,17:06:47,17:07:48,4,2976,4th Ave & Pine St,4.0,1.0
2025-10-10,515,North,25209,91909.0,,17:09:07,17:10:00,5,473,Olive Way & 6th Ave,10.0,0.0
2025-10-10,515,North,25209,91909.0,17:10:00,17:11:33,17:12:04,6,430,Howell St & 9th Ave,5.0,0.0
2025-10-10,515,North,25209,91909.0,,17:14:40,17:14:59,7,431,Howell St & Yale Ave,2.0,0.0
2025-10-10,515,North,25209,91909.0,17:32:00,17:27:33,17:27:53,10,2766,Mountlake Terrace Fwy Station Bay 7,0.0,2.0
2025-10-10,515,North,25209,91909.0,17:48:00,17:31:47,17:31:47,11,2118,Lynnwood City Center Station Bay A5,0.0,24.0
2025-10-10,515,North,25210,91731.0,17:10:00,17:12:51,17:12:51,0,640,4th Ave S & S Jackson St,1.0,0.0
2025-10-10,515,North,25210,91731.0,,17:14:03,17:14:13,1,635,4th Ave S & S Washington St,0.0,0.0
2025-10-10,515,North,25210,91731.0,,17:16:00,17:16:00,2,2638,4th Ave & Cherry St,0.0,0.0
2025-10-10,515,North,25210,91731.0,,17:17:29,17:18:08,3,641,4th Ave & Seneca St,7.0,0.0
2025-10-10,515,North,25210,91731.0,17:16:00,17:20:25,17:21:02,4,2976,4th Ave & Pine St,6.0,0.0
2025-10-10,515,North,25210,91731.0,,17:23:42,17:25:02,5,473,Olive Way & 6th Ave,9.0,0.0
2025-10-10,515,North,25210,91731.0,17:20:00,17:26:32,17:27:07,6,430,Howell St & 9th Ave,6.0,0.0
2025-10-10,515,North,25210,91731.0,,17:29:37,17:30:11,7,431,Howell St & Yale Ave,2.0,0.0
2025-10-10,515,North,25210,91731.0,17:42:00,17:43:13,17:43:40,10,2766,Mountlake Terrace Fwy Station Bay 7,0.0,3.0
2025-10-10,515,North,25210,91731.0,17:58:00,17:47:41,17:47:41,11,2118,Lynnwood City Center Station Bay A5,0.0,28.0
2025-10-10,515,North,25211,91706.0,17:20:00,17:20:49,17:20:49,0,640,4th Ave S & S Jackson St,2.0,0.0
2025-10-10,515,North,25211,91706.0,,17:21:25,17:21:25,1,635,4th Ave S & S Washington St,0.0,0.0
2025-10-10,515,North,25211,91706.0,,17:22:17,17:22:40,2,2638,4th Ave & Cherry St,3.0,0.0
2025-10-10,515,North,25211,91706.0,,17:24:01,17:24:14,3,641,4th Ave & Seneca St,1.0,0.0
2025-10-10,515,North,25211,91706.0,17:26:00,17:26:03,17:26:15,4,2976,4th Ave & Pine St,0.0,0.0
2025-10-10,515,North,25211,91706.0,,17:28:09,17:28:22,5,473,Olive Way & 6th Ave,0.0,0.0
2025-10-10,515,North,25211,91706.0,17:30:00,17:29:55,17:30:17,6,430,Howell St & 9th Ave,2.0,0.0
2025-10-10,515,North,25211,91706.0,,17:32:33,17:33:03,7,431,Howell St & Yale Ave,1.0,0.0
2025-10-10,515,North,25211,91706.0,17:51:00,17:45:27,17:45:41,10,2766,Mountlake Terrace Fwy Station Bay 7,0.0,1.0
2025-10-10,515,North,25211,91706.0,18:06:00,17:50:33,17:50:33,11,2118,Lynnwood City Center Station Bay A5,0.0,8.0
2025-10-10,515,North,25212,,17:40:00,,,0,640,4th Ave S & S Jackson St,,
2025-10-10,515,North,25212,,,,,1,635,4th Ave S & S Washington St,,
2025-10-10,515,North,25212,,,,,2,2638,4th Ave & Cherry St,,
2025-10-10,515,North,25212,,,,,3,641,4th Ave & Seneca St,,
2025-10-10,515,North,25212,,17:46:00,,,4,2976,4th Ave & Pine St,,
2025-10-10,515,North,25212,,,,,5,473,Olive Way & 6th Ave,,
2025-10-10,515,North,25212,,17:50:00,,,6,430,Howell St & 9th Ave,,
2025-10-10,515,North,25212,,,,,7,431,Howell St & Yale Ave,,
2025-10-10,515,North,25212,,18:09:00,,,10,2766,Mountlake Terrace Fwy Station Bay 7,,
2025-10-10,515,North,25212,,18:23:00,,,11,2118,Lynnwood City Center Station Bay A5,,
2025-10-10,515,North,25213,19814.0,18:00:00,18:04:22,18:04:22,0,640,4th Ave S & S Jackson St,7.0,0.0
2025-10-10,515,North,25213,19814.0,,18:05:13,18:05:30,1,635,4th Ave S & S Washington St,0.0,0.0
2025-10-10,515,North,25213,19814.0,,18:06:53,18:07:43,2,2638,4th Ave & Cherry St,5.0,0.0
2025-10-10,515,North,25213,19814.0,,18:10:02,18:10:49,3,641,4th Ave & Seneca St,6.0,0.0
2025-10-10,515,North,25213,19814.0,18:06:00,18:13:09,18:13:47,4,2976,4th Ave & Pine St,2.0,0.0
2025-10-10,515,North,25213,19814.0,,18:14:55,18:16:06,5,473,Olive Way & 6th Ave,3.0,0.0
2025-10-10,515,North,25213,19814.0,18:09:00,18:17:33,18:17:57,6,430,Howell St & 9th Ave,2.0,0.0
2025-10-10,515,North,25213,19814.0,,18:20:37,18:21:01,7,431,Howell St & Yale Ave,2.0,0.0
2025-10-10,515,North,25213,19814.0,18:27:00,18:34:19,18:34:58,10,2766,Mountlake Terrace Fwy Station Bay 7,1.0,10.0
2025-10-10,515,North,25213,19814.0,18:39:00,18:39:37,18:39:37,11,2118,Lynnwood City Center Station Bay A5,3.0,21.0
2025-10-10,515,North,25214,19810.0,18:20:00,18:28:24,18:28:24,0,640,4th Ave S & S Jackson St,3.0,0.0
2025-10-10,515,North,25214,19810.0,,18:29:09,18:29:29,1,635,4th Ave S & S Washington St,0.0,0.0
2025-10-10,515,North,25214,19810.0,,18:31:04,18:31:14,2,2638,4th Ave & Cherry St,0.0,0.0
2025-10-10,515,North,25214,19810.0,,18:33:10,18:34:13,3,641,4th Ave & Seneca St,0.0,0.0
2025-10-10,515,North,25214,19810.0,18:26:00,18:35:51,18:36:18,4,2976,4th Ave & Pine St,2.0,0.0
2025-10-10,515,North,25214,19810.0,,18:37:37,18:38:29,5,473,Olive Way & 6th Ave,1.0,0.0
2025-10-10,515,North,25214,19810.0,18:29:00,18:39:14,18:39:32,6,430,Howell St & 9th Ave,0.0,0.0
2025-10-10,515,North,25214,19810.0,,18:41:56,18:42:20,7,431,Howell St & Yale Ave,1.0,0.0
2025-10-10,515,North,25214,19810.0,18:47:00,18:57:13,18:57:39,10,2766,Mountlake Terrace Fwy Station Bay 7,0.0,7.0
2025-10-10,515,North,25214,19810.0,18:59:00,19:02:19,19:02:19,11,2118,Lynnwood City Center Station Bay A5,0.0,0.0
2025-10-10,515,North,25215,91713.0,18:40:00,18:40:23,18:40:23,0,640,4th Ave S & S Jackson St,0.0,0.0
2025-10-10,515,North,25215,91713.0,,18:41:16,18:41:48,1,635,4th Ave S & S Washington St,0.0,0.0
2025-10-10,515,North,25215,91713.0,,18:42:57,18:43:28,2,2638,4th Ave & Cherry St,0.0,0.0
2025-10-10,515,North,25215,91713.0,,18:46:08,18:46:45,3,641,4th Ave & Seneca St,0.0,0.0
2025-10-10,515,North,25215,91713.0,18:46:00,18:48:49,18:49:52,4,2976,4th Ave & Pine St,0.0,0.0
2025-10-10,515,North,25215,91713.0,,18:52:20,18:53:32,5,473,Olive Way & 6th Ave,0.0,0.0
2025-10-10,515,North,25215,91713.0,18:49:00,18:55:18,18:55:41,6,430,Howell St & 9th Ave,0.0,0.0
2025-10-10,515,North,25215,91713.0,,18:58:13,18:58:42,7,431,Howell St & Yale Ave,0.0,0.0
2025-10-10,515,North,25215,91713.0,19:07:00,19:13:35,19:14:02,10,2766,Mountlake Terrace Fwy Station Bay 7,0.0,0.0
2025-10-10,515,North,25215,91713.0,19:16:00,19:18:46,19:18:46,11,2118,Lynnwood City Center Station Bay A5,0.0,0.0
2025-10-10,515,South,25216,91710.0,04:30:00,04:30:38,04:30:38,0,2113,Lynnwood City Center Station Bay D1,20.0,0.0
2025-10-10,515,South,25216,91710.0,04:34:00,04:34:24,04:34:36,1,2765,Mountlake Terrace Fwy Station Bay 6,0.0,0.0
2025-10-10,515,South,25216,91710.0,04:51:00,04:47:43,04:48:04,4,1909,Stewart St & 9th Ave,0.0,2.0
2025-10-10,515,South,25216,91710.0,,04:49:06,04:49:32,5,1908,Stewart St & 7th Ave,0.0,7.0
2025-10-10,515,South,25216,91710.0,04:56:00,04:50:27,04:51:20,6,2698,5th Ave & Pine St,0.0,2.0
2025-10-10,515,South,25216,91710.0,,04:52:14,04:52:32,7,2700,5th Ave & Seneca St,0.0,2.0
2025-10-10,515,South,25216,91710.0,,04:53:31,04:53:49,8,2702,5th Ave & Marion St,0.0,3.0
2025-10-10,515,South,25216,91710.0,,04:55:03,04:55:24,9,2290,5th Ave & Jefferson St,0.0,4.0
2025-10-10,515,South,25216,91710.0,05:04:00,04:56:34,04:56:34,10,2706,5th Ave S & S Jackson St,0.0,0.0
2025-10-10,515,South,25217,91714.0,04:50:00,04:51:30,04:51:30,0,2113,Lynnwood City Center Station Bay D1,10.0,0.0
2025-10-10,515,South,25217,91714.0,04:54:00,04:55:33,04:55:50,1,2765,Mountlake Terrace Fwy Station Bay 6,2.0,0.0
2025-10-10,515,South,25217,91714.0,05:11:00,05:10:23,05:10:41,4,1909,Stewart St & 9th Ave,0.0,3.0
2025-10-10,515,South,25217,91714.0,,05:12:04,05:12:21,5,1908,Stewart St & 7th Ave,0.0,1.0
2025-10-10,515,South,25217,91714.0,05:16:00,05:13:29,05:14:21,6,2698,5th Ave & Pine St,0.0,1.0
2025-10-10,515,South,25217,91714.0,,05:15:21,05:15:38,7,2700,5th Ave & Seneca St,0.0,2.0
2025-10-10,515,South,25217,91714.0,,05:16:39,05:16:56,8,2702,5th Ave & Marion St,0.0,1.0
2025-10-10,515,South,25217,91714.0,,05:17:45,05:18:10,9,2290,5th Ave & Jefferson St,0.0,4.0
2025-10-10,515,South,25217,91714.0,05:24:00,05:20:03,05:20:03,10,2706,5th Ave S & S Jackson St,0.0,0.0
2025-10-10,515,South,25218,91725.0,05:10:00,05:10:16,05:10:16,0,2113,Lynnwood City Center Station Bay D1,19.0,0.0
2025-10-10,515,South,25218,91725.0,05:14:00,05:14:22,05:14:37,1,2765,Mountlake Terrace Fwy Station Bay 6,1.0,0.0
2025-10-10,515,South,25218,91725.0,05:31:00,05:28:37,05:29:05,4,1909,Stewart St & 9th Ave,1.0,3.0
2025-10-10,515,South,25218,91725.0,,05:30:08,05:30:33,5,1908,Stewart St & 7th Ave,0.0,5.0
2025-10-10,515,South,25218,91725.0,05:36:00,05:31:31,05:31:41,6,2698,5th Ave & Pine St,0.0,0.0
2025-10-10,515,South,25218,91725.0,,05:33:15,05:33:47,7,2700,5th Ave & Seneca St,0.0,7.0
2025-10-10,515,South,25218,91725.0,,05:34:30,05:35:10,8,2702,5th Ave & Marion St,0.0,1.0
2025-10-10,515,South,25218,91725.0,,05:35:45,05:36:11,9,2290,5th Ave & Jefferson St,0.0,4.0
2025-10-10,515,South,25218,91725.0,05:44:00,05:37:32,05:37:32,10,2706,5th Ave S & S Jackson St,0.0,1.0
2025-10-10,515,South,25219,91715.0,05:30:00,05:30:37,05:30:37,0,2113,Lynnwood City Center Station Bay D1,18.0,0.0
2025-10-10,515,South,25219,91715.0,05:34:00,05:35:02,05:35:16,1,2765,Mountlake Terrace Fwy Station Bay 6,0.0,0.0
2025-10-10,515,South,25219,91715.0,05:51:00,05:49:42,05:50:07,4,1909,Stewart St & 9th Ave,0.0,4.0
2025-10-10,515,South,25219,91715.0,,05:51:05,05:51:31,5,1908,Stewart St & 7th Ave,0.0,2.0
2025-10-10,515,South,25219,91715.0,05:56:00,05:52:29,05:53:18,6,2698,5th Ave & Pine St,0.0,0.0
2025-10-10,515,South,25219,91715.0,,05:54:16,05:54:47,7,2700,5th Ave & Seneca St,0.0,6.0
2025-10-10,515,South,25219,91715.0,,05:55:37,05:56:29,8,2702,5th Ave & Marion St,0.0,4.0
2025-10-10,515,South,25219,91715.0,,05:58:05,05:58:31,9,2290,5th Ave & Jefferson St,0.0,2.0
2025-10-10,515,South,25219,91715.0,06:05:00,06:01:04,06:01:04,10,2706,5th Ave S & S Jackson St,0.0,0.0
2025-10-10,515,South,25220,91728.0,05:55:00,05:55:24,05:55:24,0,2113,Lynnwood City Center Station Bay D1,32.0,0.0
2025-10-10,515,South,25220,91728.0,05:59:00,05:59:34,06:00:07,1,2765,Mountlake Terrace Fwy Station Bay 6,6.0,0.0
2025-10-10,515,South,25220,91728.0,06:16:00,06:13:16,06:14:15,4,1909,Stewart St & 9th Ave,0.0,8.0
2025-10-10,515,South,25220,91728.0,,06:15:05,06:15:33,5,1908,Stewart St & 7th Ave,0.0,6.0
2025-10-10,515,South,25220,91728.0,06:21:00,06:16:44,06:17:13,6,2698,5th Ave & Pine St,0.0,5.0
2025-10-10,515,South,25220,91728.0,,06:19:02,06:19:32,7,2700,5th Ave & Seneca St,0.0,8.0
2025-10-10,515,South,25220,91728.0,,06:20:31,06:21:14,8,2702,5th Ave & Marion St,0.0,6.0
2025-10-10,515,South,25220,91728.0,,06:23:13,06:23:13,9,2290,5th Ave & Jefferson St,0.0,5.0
2025-10-10,515,South,25220,91728.0,06:30:00,06:25:36,06:25:36,10,2706,5th Ave S & S Jackson St,0.0,0.0
2025-10-10,515,South,25221,91714.0,06:05:00,06:06:21,06:06:21,0,2113,Lynnwood City Center Station Bay D1,24.0,0.0
2025-10-10,515,South,25221,91714.0,06:09:00,06:10:30,06:10:53,1,2765,Mountlake Terrace Fwy Station Bay 6,3.0,1.0
2025-10-10,515,South,25221,91714.0,06:27:00,06:26:27,06:27:01,4,1909,Stewart St & 9th Ave,1.0,9.0
2025-10-10,515,South,25221,91714.0,,06:27:33,06:28:01,5,1908,Stewart St & 7th Ave,0.0,5.0
2025-10-10,515,South,25221,91714.0,06:32:00,06:30:15,06:30:32,6,2698,5th Ave & Pine St,0.0,2.0
2025-10-10,515,South,25221,91714.0,,06:32:15,06:32:33,7,2700,5th Ave & Seneca St,0.0,5.0
2025-10-10,515,South,25221,91714.0,,06:34:09,06:34:42,8,2702,5th Ave & Marion St,0.0,1.0
2025-10-10,515,South,25221,91714.0,,06:36:03,06:36:24,9,2290,5th Ave & Jefferson St,0.0,4.0
2025-10-10,515,South,25221,91714.0,06:41:00,06:38:59,06:38:59,10,2706,5th Ave S & S Jackson St,0.0,1.0
2025-10-10,515,South,25222,91731.0,06:15:00,06:15:53,06:15:53,0,2113,Lynnwood City Center Station Bay D1,24.0,0.0
2025-10-10,515,South,25222,91731.0,06:19:00,06:20:10,06:20:41,1,2765,Mountlake Terrace Fwy Station Bay 6,3.0,0.0
2025-10-10,515,South,25222,91731.0,06:37:00,06:35:27,06:35:49,4,1909,Stewart St & 9th Ave,1.0,6.0
2025-10-10,515,South,25222,91731.0,,06:36:19,06:36:37,5,1908,Stewart St & 7th Ave,0.0,1.0
2025-10-10,515,South,25222,91731.0,06:42:00,06:37:49,06:38:07,6,2698,5th Ave & Pine St,0.0,1.0
2025-10-10,515,South,25222,91731.0,,06:39:55,06:40:52,7,2700,5th Ave & Seneca St,0.0,13.0
2025-10-10,515,South,25222,91731.0,,06:41:38,06:42:15,8,2702,5th Ave & Marion St,0.0,2.0
2025-10-10,515,South,25222,91731.0,,06:43:28,06:43:57,9,2290,5th Ave & Jefferson St,0.0,4.0
2025-10-10,515,South,25222,91731.0,06:52:00,06:45:41,06:45:41,10,2706,5th Ave S & S Jackson St,0.0,1.0
2025-10-10,515,South,25223,91725.0,06:25:00,06:25:33,06:25:33,0,2113,Lynnwood City Center Station Bay D1,26.0,0.0
2025-10-10,515,South,25223,91725.0,06:29:00,06:29:27,06:29:53,1,2765,Mountlake Terrace Fwy Station Bay 6,3.0,0.0
2025-10-10,515,South,25223,91725.0,06:49:00,06:44:27,06:44:45,4,1909,Stewart St & 9th Ave,0.0,7.0
2025-10-10,515,South,25223,91725.0,,06:45:15,06:45:41,5,1908,Stewart St & 7th Ave,0.0,8.0
2025-10-10,515,South,25223,91725.0,06:54:00,06:46:45,06:47:02,6,2698,5th Ave & Pine St,0.0,1.0
2025-10-10,515,South,25223,91725.0,,06:48:49,06:49:19,7,2700,5th Ave & Seneca St,0.0,8.0
2025-10-10,515,South,25223,91725.0,,06:50:35,06:51:17,8,2702,5th Ave & Marion St,0.0,4.0
2025-10-10,515,South,25223,91725.0,,06:52:30,06:52:46,9,2290,5th Ave & Jefferson St,0.0,1.0
2025-10-10,515,South,25223,91725.0,07:05:00,06:55:47,06:55:47,10,2706,5th Ave S & S Jackson St,0.0,0.0
2025-10-10,515,South,25224,,06:35:00,,,0,2113,Lynnwood City Center Station Bay D1,,
2025-10-10,515,South,25224,,06:39:00,,,1,2765,Mountlake Terrace Fwy Station Bay 6,,
2025-10-10,515,South,25224,,07:00:00,,,4,1909,Stewart St & 9th Ave,,
2025-10-10,515,South,25224,,,,,5,1908,Stewart St & 7th Ave,,
2025-10-10,515,South,25224,,07:05:00,,,6,2698,5th Ave & Pine St,,
2025-10-10,515,South,25224,,,,,7,2700,5th Ave & Seneca St,,
2025-10-10,515,South,25224,,,,,8,2702,5th Ave & Marion St,,
2025-10-10,515,South,25224,,,,,9,2290,5th Ave & Jefferson St,,
2025-10-10,515,South,25224,,07:16:00,,,10,2706,5th Ave S & S Jackson St,,
2025-10-10,515,South,25225,91722.0,06:45:00,06:47:16,06:47:16,0,2113,Lynnwood City Center Station Bay D1,42.0,0.0
2025-10-10,515,South,25225,91722.0,06:50:00,06:52:19,06:53:13,1,2765,Mountlake Terrace Fwy Station Bay 6,4.0,1.0
2025-10-10,515,South,25225,91722.0,07:11:00,07:08:48,07:09:48,4,1909,Stewart St & 9th Ave,2.0,15.0
2025-10-10,515,South,25225,91722.0,,07:10:45,07:11:15,5,1908,Stewart St & 7th Ave,0.0,8.0
2025-10-10,515,South,25225,91722.0,07:16:00,07:12:25,07:13:34,6,2698,5th Ave & Pine St,0.0,5.0
2025-10-10,515,South,25225,91722.0,,07:15:44,07:16:15,7,2700,5th Ave & Seneca St,0.0,6.0
2025-10-10,515,South,25225,91722.0,,07:17:43,07:18:16,8,2702,5th Ave & Marion St,0.0,9.0
2025-10-10,515,South,25225,91722.0,,07:19:39,07:20:11,9,2290,5th Ave & Jefferson St,0.0,4.0
2025-10-10,515,South,25225,91722.0,07:27:00,07:22:41,07:22:41,10,2706,5th Ave S & S Jackson St,0.0,0.0
2025-10-10,515,South,25226,91901.0,06:55:00,06:56:25,06:56:25,0,2113,Lynnwood City Center Station Bay D1,22.0,0.0
2025-10-10,515,South,25226,91901.0,07:00:00,07:01:26,07:02:20,1,2765,Mountlake Terrace Fwy Station Bay 6,4.0,0.0
2025-10-10,515,South,25226,91901.0,07:21:00,07:17:45,07:18:09,4,1909,Stewart St & 9th Ave,1.0,6.0
2025-10-10,515,South,25226,91901.0,,07:19:42,07:20:43,5,1908,Stewart St & 7th Ave,0.0,7.0
2025-10-10,515,South,25226,91901.0,07:26:00,07:22:56,07:24:05,6,2698,5th Ave & Pine St,0.0,3.0
2025-10-10,515,South,25226,91901.0,,07:26:16,07:26:50,7,2700,5th Ave & Seneca St,2.0,4.0
2025-10-10,515,South,25226,91901.0,,07:28:14,07:28:44,8,2702,5th Ave & Marion St,0.0,6.0
2025-10-10,515,South,25226,91901.0,,07:30:02,07:30:32,9,2290,5th Ave & Jefferson St,0.0,3.0
2025-10-10,515,South,25226,91901.0,07:37:00,07:32:49,07:32:49,10,2706,5th Ave S & S Jackson St,0.0,0.0
2025-10-10,515,South,25227,91903.0,07:05:00,07:08:22,07:08:22,0,2113,Lynnwood City Center Station Bay D1,34.0,0.0
2025-10-10,515,South,25227,91903.0,07:10:00,07:12:37,07:13:23,1,2765,Mountlake Terrace Fwy Station Bay 6,7.0,0.0
2025-10-10,515,South,25227,91903.0,07:34:00,07:28:26,07:29:07,4,1909,Stewart St & 9th Ave,0.0,18.0
2025-10-10,515,South,25227,91903.0,,07:30:06,07:30:35,5,1908,Stewart St & 7th Ave,0.0,8.0
2025-10-10,515,South,25227,91903.0,07:39:00,07:31:43,07:32:07,6,2698,5th Ave & Pine St,0.0,4.0
2025-10-10,515,South,25227,91903.0,,07:34:00,07:34:21,7,2700,5th Ave & Seneca St,0.0,4.0
2025-10-10,515,South,25227,91903.0,,07:35:30,07:36:13,8,2702,5th Ave & Marion St,0.0,5.0
2025-10-10,515,South,25227,91903.0,,07:37:25,07:37:46,9,2290,5th Ave & Jefferson St,0.0,1.0
2025-10-10,515,South,25227,91903.0,07:50:00,07:40:34,07:40:34,10,2706,5th Ave S & S Jackson St,0.0,1.0
2025-10-10,515,South,25228,91728.0,07:15:00,07:15:49,07:15:49,0,2113,Lynnwood City Center Station Bay D1,19.0,0.0
2025-10-10,515,South,25228,91728.0,07:20:00,07:20:03,07:20:29,1,2765,Mountlake Terrace Fwy Station Bay 6,4.0,0.0
2025-10-10,515,South,25228,91728.0,07:51:00,07:35:36,07:36:19,4,1909,Stewart St & 9th Ave,0.0,8.0
2025-10-10,515,South,25228,91728.0,,07:37:35,07:37:53,5,1908,Stewart St & 7th Ave,0.0,2.0
2025-10-10,515,South,25228,91728.0,07:56:00,07:39:15,07:39:31,6,2698,5th Ave & Pine St,0.0,1.0
2025-10-10,515,South,25228,91728.0,,07:41:30,07:41:51,7,2700,5th Ave & Seneca St,0.0,2.0
2025-10-10,515,South,25228,91728.0,,07:43:05,07:43:41,8,2702,5th Ave & Marion St,0.0,7.0
2025-10-10,515,South,25228,91728.0,,07:44:57,07:45:21,9,2290,5th Ave & Jefferson St,0.0,3.0
2025-10-10,515,South,25228,91728.0,08:07:00,07:47:20,07:47:20,10,2706,5th Ave S & S Jackson St,0.0,0.0
2025-10-10,515,South,25229,19812.0,07:25:00,07:29:52,07:29:52,0,2113,Lynnwood City Center Station Bay D1,20.0,0.0
2025-10-10,515,South,25229,19812.0,07:30:00,07:33:48,07:33:48,1,2765,Mountlake Terrace Fwy Station Bay 6,0.0,0.0
2025-10-10,515,South,25229,19812.0,08:02:00,07:49:10,07:49:38,4,1909,Stewart St & 9th Ave,1.0,10.0
2025-10-10,515,South,25229,19812.0,,07:50:13,07:50:28,5,1908,Stewart St & 7th Ave,0.0,3.0
2025-10-10,515,South,25229,19812.0,08:07:00,07:52:53,07:53:06,6,2698,5th Ave & Pine St,0.0,0.0
2025-10-10,515,South,25229,19812.0,,07:54:57,07:55:23,7,2700,5th Ave & Seneca St,0.0,6.0
2025-10-10,515,South,25229,19812.0,,07:56:44,07:57:23,8,2702,5th Ave & Marion St,2.0,3.0
2025-10-10,515,South,25229,19812.0,,07:58:35,07:59:05,9,2290,5th Ave & Jefferson St,0.0,1.0
2025-10-10,515,South,25229,19812.0,08:18:00,08:01:31,08:01:31,10,2706,5th Ave S & S Jackson St,0.0,0.0
2025-10-10,515,South,25230,91704.0,07:35:00,07:35:13,07:35:13,0,2113,Lynnwood City Center Station Bay D1,4.0,0.0
2025-10-10,515,South,25230,91704.0,07:40:00,07:39:15,07:39:35,1,2765,Mountlake Terrace Fwy Station Bay 6,2.0,0.0
2025-10-10,515,South,25230,91704.0,08:13:00,07:54:18,07:54:50,4,1909,Stewart St & 9th Ave,0.0,4.0
2025-10-10,515,South,25230,91704.0,,07:55:35,07:56:06,5,1908,Stewart St & 7th Ave,0.0,2.0
2025-10-10,515,South,25230,91704.0,08:18:00,07:57:25,07:57:25,6,2698,5th Ave & Pine St,0.0,0.0
2025-10-10,515,South,25230,91704.0,,07:59:23,07:59:23,7,2700,5th Ave & Seneca St,0.0,0.0
2025-10-10,515,South,25230,91704.0,,07:59:54,08:00:15,8,2702,5th Ave & Marion St,1.0,1.0
2025-10-10,515,South,25230,91704.0,,08:01:27,08:01:27,9,2290,5th Ave & Jefferson St,0.0,0.0
2025-10-10,515,South,25230,91704.0,08:29:00,08:02:46,08:02:46,10,2706,5th Ave S & S Jackson St,0.0,0.0
2025-10-10,515,South,25231,19814.0,07:45:00,07:45:10,07:45:10,0,2113,Lynnwood City Center Station Bay D1,13.0,0.0
2025-10-10,515,South,25231,19814.0,07:50:00,07:49:25,07:49:55,1,2765,Mountlake Terrace Fwy Station Bay 6,5.0,0.0
2025-10-10,515,South,25231,19814.0,08:23:00,08:05:26,08:05:26,4,1909,Stewart St & 9th Ave,0.0,8.0
2025-10-10,515,South,25231,19814.0,,08:06:19,08:06:36,5,1908,Stewart St & 7th Ave,0.0,5.0
2025-10-10,515,South,25231,19814.0,08:28:00,08:07:48,08:08:03,6,2698,5th Ave & Pine St,0.0,0.0
2025-10-10,515,South,25231,19814.0,,08:10:02,08:10:17,7,2700,5th Ave & Seneca St,0.0,1.0
2025-10-10,515,South,25231,19814.0,,08:11:38,08:12:17,8,2702,5th Ave & Marion St,0.0,2.0
2025-10-10,515,South,25231,19814.0,,08:13:34,08:14:05,9,2290,5th Ave & Jefferson St,0.0,2.0
2025-10-10,515,South,25231,19814.0,08:39:00,08:15:50,08:15:50,10,2706,5th Ave S & S Jackson St,0.0,0.0
2025-10-10,515,South,25232,19816.0,07:55:00,07:55:35,07:55:35,0,2113,Lynnwood City Center Station Bay D1,7.0,0.0
2025-10-10,515,South,25232,19816.0,08:00:00,07:59:45,08:00:05,1,2765,Mountlake Terrace Fwy Station Bay 6,4.0,1.0
2025-10-10,515,South,25232,19816.0,08:35:00,08:16:33,08:16:58,4,1909,Stewart St & 9th Ave,0.0,5.0
2025-10-10,515,South,25232,19816.0,,08:18:10,08:18:30,5,1908,Stewart St & 7th Ave,0.0,4.0
2025-10-10,515,South,25232,19816.0,08:40:00,08:19:50,08:20:02,6,2698,5th Ave & Pine St,0.0,0.0
2025-10-10,515,South,25232,19816.0,,08:21:58,08:22:12,7,2700,5th Ave & Seneca St,0.0,1.0
2025-10-10,515,South,25232,19816.0,,08:23:33,08:23:42,8,2702,5th Ave & Marion St,0.0,0.0
2025-10-10,515,South,25232,19816.0,,08:25:28,08:25:28,9,2290,5th Ave & Jefferson St,0.0,0.0
2025-10-10,515,South,25232,19816.0,08:51:00,08:27:44,08:27:44,10,2706,5th Ave S & S Jackson St,0.0,0.0
2025-10-10,515,South,25233,91720.0,08:15:00,08:16:05,08:16:05,0,2113,Lynnwood City Center Station Bay D1,14.0,0.0
2025-10-10,515,South,25233,91720.0,08:19:00,08:20:27,08:21:19,1,2765,Mountlake Terrace Fwy Station Bay 6,11.0,0.0
2025-10-10,515,South,25233,91720.0,08:58:00,08:36:18,08:36:51,4,1909,Stewart St & 9th Ave,0.0,12.0
2025-10-10,515,South,25233,91720.0,,08:37:48,08:38:10,5,1908,Stewart St & 7th Ave,0.0,6.0
2025-10-10,515,South,25233,91720.0,09:03:00,08:39:16,08:39:39,6,2698,5th Ave & Pine St,2.0,0.0
2025-10-10,515,South,25233,91720.0,,08:41:24,08:42:22,7,2700,5th Ave & Seneca St,1.0,4.0
2025-10-10,515,South,25233,91720.0,,08:43:10,08:43:46,8,2702,5th Ave & Marion St,0.0,4.0
2025-10-10,515,South,25233,91720.0,,08:45:02,08:45:28,9,2290,5th Ave & Jefferson St,0.0,2.0
2025-10-10,515,South,25233,91720.0,09:14:00,08:47:33,08:47:33,10,2706,5th Ave S & S Jackson St,0.0,0.0
2025-10-10,515,South,25234,9560.0,08:35:00,08:35:28,08:35:28,0,2113,Lynnwood City Center Station Bay D1,10.0,0.0
2025-10-10,515,South,25234,9560.0,08:39:00,08:40:01,08:40:38,1,2765,Mountlake Terrace Fwy Station Bay 6,8.0,0.0
2025-10-10,515,South,25234,9560.0,09:18:00,08:55:19,08:56:14,4,1909,Stewart St & 9th Ave,1.0,9.0
2025-10-10,515,South,25234,9560.0,,08:57:12,08:57:34,5,1908,Stewart St & 7th Ave,0.0,4.0
2025-10-10,515,South,25234,9560.0,09:23:00,08:58:49,08:59:08,6,2698,5th Ave & Pine St,0.0,1.0
2025-10-10,515,South,25234,9560.0,,09:01:04,09:01:23,7,2700,5th Ave & Seneca St,0.0,1.0
2025-10-10,515,South,25234,9560.0,,09:02:40,09:03:15,8,2702,5th Ave & Marion St,0.0,4.0
2025-10-10,515,South,25234,9560.0,,09:04:29,09:04:29,9,2290,5th Ave & Jefferson St,0.0,0.0
2025-10-10,515,South,25234,9560.0,09:34:00,09:10:53,09:10:53,10,2706,5th Ave S & S Jackson St,0.0,0.0
2025-10-10,515,South,25235,91902.0,08:55:00,08:56:48,08:56:48,0,2113,Lynnwood City Center Station Bay D1,12.0,0.0
2025-10-10,515,South,25235,91902.0,08:59:00,09:00:55,09:01:29,1,2765,Mountlake Terrace Fwy Station Bay 6,6.0,0.0
2025-10-10,515,South,25235,91902.0,09:38:00,09:15:02,09:15:47,4,1909,Stewart St & 9th Ave,2.0,10.0
2025-10-10,515,South,25235,91902.0,,09:16:35,09:17:13,5,1908,Stewart St & 7th Ave,0.0,8.0
2025-10-10,515,South,25235,91902.0,09:43:00,09:19:43,09:19:54,6,2698,5th Ave & Pine St,0.0,0.0
2025-10-10,515,South,25235,91902.0,,09:21:36,09:21:53,7,2700,5th Ave & Seneca St,2.0,1.0
2025-10-10,515,South,25235,91902.0,,09:23:22,09:24:11,8,2702,5th Ave & Marion St,0.0,3.0
2025-10-10,515,South,25235,91902.0,,09:25:22,09:25:30,9,2290,5th Ave & Jefferson St,0.0,0.0
2025-10-10,515,South,25235,91902.0,09:54:00,09:27:45,09:27:45,10,2706,5th Ave S & S Jackson St,0.0,0.0
2025-10-13,515,North,25197,19812.0,15:00:00,15:00:11,15:00:11,0,640,4th Ave S & S Jackson St,1.0,0.0
2025-10-13,515,North,25197,19812.0,,15:00:48,15:00:58,1,635,4th Ave S & S Washington St,0.0,0.0
2025-10-13,515,North,25197,19812.0,,15:02:19,15:02:44,2,2638,4th Ave & Cherry St,2.0,0.0
2025-10-13,515,North,25197,19812.0,,15:04:03,15:04:24,3,641,4th Ave & Seneca St,2.0,0.0
2025-10-13,515,North,25197,19812.0,15:06:00,15:05:31,15:06:26,4,2976,4th Ave & Pine St,3.0,0.0
2025-10-13,515,North,25197,19812.0,,15:07:21,15:08:35,5,473,Olive Way & 6th Ave,3.0,0.0
2025-10-13,515,North,25197,19812.0,15:10:00,15:10:08,15:10:42,6,430,Howell St & 9th Ave,8.0,0.0
2025-10-13,515,North,25197,19812.0,,15:13:08,15:14:06,7,431,Howell St & Yale Ave,7.0,0.0
2025-10-13,515,North,25197,19812.0,15:30:00,15:31:04,15:31:20,10,2766,Mountlake Terrace Fwy Station Bay 7,0.0,1.0
2025-10-13,515,North,25197,19812.0,15:38:00,15:37:23,15:37:23,11,2118,Lynnwood City Center Station Bay A5,0.0,25.0
2025-10-13,515,North,25198,91720.0,15:10:00,15:10:32,15:10:32,0,640,4th Ave S & S Jackson St,2.0,0.0
2025-10-13,515,North,25198,91720.0,,15:11:12,15:11:28,1,635,4th Ave S & S Washington St,0.0,0.0
2025-10-13,515,North,25198,91720.0,,15:12:51,15:13:26,2,2638,4th Ave & Cherry St,4.0,0.0
2025-10-13,515,North,25198,91720.0,,15:15:08,15:17:45,3,641,4th Ave & Seneca St,4.0,0.0
2025-10-13,515,North,25198,91720.0,15:16:00,15:18:54,15:19:48,4,2976,4th Ave & Pine St,0.0,0.0
2025-10-13,515,North,25198,91720.0,,15:20:51,15:22:01,5,473,Olive Way & 6th Ave,9.0,0.0
2025-10-13,515,North,25198,91720.0,15:20:00,15:23:34,15:24:13,6,430,Howell St & 9th Ave,3.0,0.0
2025-10-13,515,North,25198,91720.0,,15:28:06,15:28:32,7,431,Howell St & Yale Ave,1.0,0.0
2025-10-13,515,North,25198,91720.0,15:40:00,15:49:32,15:49:57,10,2766,Mountlake Terrace Fwy Station Bay 7,0.0,23.0
2025-10-13,515,North,25198,91720.0,15:50:00,15:54:52,15:54:52,11,2118,Lynnwood City Center Station Bay A5,0.0,0.0
2025-10-13,515,North,25199,91719.0,15:20:00,15:20:35,15:20:35,0,640,4th Ave S & S Jackson St,3.0,0.0
2025-10-13,515,North,25199,91719.0,,15:21:52,15:21:52,1,635,4th Ave S & S Washington St,0.0,0.0
2025-10-13,515,North,25199,91719.0,,15:23:18,15:23:27,2,2638,4th Ave & Cherry St,0.0,0.0
2025-10-13,515,North,25199,91719.0,,15:25:02,15:25:23,3,641,4th Ave & Seneca St,0.0,3.0
2025-10-13,515,North,25199,91719.0,15:26:00,15:26:29,15:27:28,4,2976,4th Ave & Pine St,2.0,0.0
2025-10-13,515,North,25199,91719.0,,15:28:35,15:29:36,5,473,Olive Way & 6th Ave,2.0,0.0
2025-10-13,515,North,25199,91719.0,15:30:00,15:31:05,15:31:50,6,430,Howell St & 9th Ave,3.0,0.0
2025-10-13,515,North,25199,91719.0,,15:34:33,15:34:52,7,431,Howell St & Yale Ave,1.0,0.0
2025-10-13,515,North,25199,91719.0,15:51:00,15:55:35,15:55:59,10,2766,Mountlake Terrace Fwy Station Bay 7,0.0,8.0
2025-10-13,515,North,25199,91719.0,16:03:00,16:00:38,16:00:38,11,2118,Lynnwood City Center Station Bay A5,0.0,0.0
2025-10-13,515,North,25200,19814.0,15:30:00,15:30:59,15:30:59,0,640,4th Ave S & S Jackson St,3.0,0.0
2025-10-13,515,North,25200,19814.0,,15:31:58,15:32:11,1,635,4th Ave S & S Washington St,1.0,0.0
2025-10-13,515,North,25200,19814.0,,15:33:47,15:34:27,2,2638,4th Ave & Cherry St,1.0,0.0
2025-10-13,515,North,25200,19814.0,,15:36:02,15:36:48,3,641,4th Ave & Seneca St,3.0,0.0
2025-10-13,515,North,25200,19814.0,15:36:00,15:38:36,15:39:21,4,2976,4th Ave & Pine St,1.0,0.0
2025-10-13,515,North,25200,19814.0,,15:40:26,15:41:34,5,473,Olive Way & 6th Ave,4.0,0.0
2025-10-13,515,North,25200,19814.0,15:40:00,15:43:12,15:43:44,6,430,Howell St & 9th Ave,3.0,6.0
2025-10-13,515,North,25200,19814.0,,15:47:35,15:48:01,7,431,Howell St & Yale Ave,2.0,6.0
2025-10-13,515,North,25200,19814.0,16:02:00,16:08:04,16:08:20,10,2766,Mountlake Terrace Fwy Station Bay 7,0.0,6.0
2025-10-13,515,North,25200,19814.0,16:14:00,16:14:02,16:14:02,11,2118,Lynnwood City Center Station Bay A5,0.0,0.0
2025-10-13,515,North,25201,19855.0,15:40:00,15:40:31,15:40:31,0,640,4th Ave S & S Jackson St,1.0,0.0
2025-10-13,515,North,25201,19855.0,,15:41:03,15:41:03,1,635,4th Ave S & S Washington St,0.0,0.0
2025-10-13,515,North,25201,19855.0,,15:41:50,15:42:27,2,2638,4th Ave & Cherry St,5.0,0.0
2025-10-13,515,North,25201,19855.0,,15:43:36,15:44:44,3,641,4th Ave & Seneca St,2.0,0.0
2025-10-13,515,North,25201,19855.0,15:46:00,15:45:50,15:47:00,4,2976,4th Ave & Pine St,1.0,0.0
2025-10-13,515,North,25201,19855.0,,15:47:58,15:49:08,5,473,Olive Way & 6th Ave,6.0,0.0
2025-10-13,515,North,25201,19855.0,15:50:00,15:50:35,15:51:03,6,430,Howell St & 9th Ave,1.0,0.0
2025-10-13,515,North,25201,19855.0,,15:54:01,15:54:30,7,431,Howell St & Yale Ave,3.0,3.0
2025-10-13,515,North,25201,19855.0,16:12:00,16:14:32,16:14:58,10,2766,Mountlake Terrace Fwy Station Bay 7,0.0,16.0
2025-10-13,515,North,25201,19855.0,16:27:00,16:21:10,16:21:10,11,2118,Lynnwood City Center Station Bay A5,0.0,0.0
2025-10-13,515,North,25202,91725.0,15:50:00,15:50:39,15:50:39,0,640,4th Ave S & S Jackson St,2.0,0.0
2025-10-13,515,North,25202,91725.0,,15:51:25,15:51:38,1,635,4th Ave S & S Washington St,0.0,0.0
2025-10-13,515,North,25202,91725.0,,15:52:19,15:52:42,2,2638,4th Ave & Cherry St,4.0,0.0
2025-10-13,515,North,25202,91725.0,,15:54:00,15:54:24,3,641,4th Ave & Seneca St,5.0,0.0
2025-10-13,515,North,25202,91725.0,15:56:00,15:56:03,15:56:26,4,2976,4th Ave & Pine St,2.0,1.0
2025-10-13,515,North,25202,91725.0,,15:58:12,15:59:31,5,473,Olive Way & 6th Ave,5.0,0.0
2025-10-13,515,North,25202,91725.0,16:00:00,16:00:09,16:00:56,6,430,Howell St & 9th Ave,6.0,0.0
2025-10-13,515,North,25202,91725.0,,16:04:05,16:04:29,7,431,Howell St & Yale Ave,6.0,1.0
2025-10-13,515,North,25202,91725.0,16:23:00,16:23:01,16:23:23,10,2766,Mountlake Terrace Fwy Station Bay 7,0.0,5.0
2025-10-13,515,North,25202,91725.0,16:39:00,16:28:40,16:28:40,11,2118,Lynnwood City Center Station Bay A5,0.0,23.0
2025-10-13,515,North,25203,,16:00:00,,,0,640,4th Ave S & S Jackson St,,
2025-10-13,515,North,25203,,,,,1,635,4th Ave S & S Washington St,,
2025-10-13,515,North,25203,,,,,2,2638,4th Ave & Cherry St,,
2025-10-13,515,North,25203,,,,,3,641,4th Ave & Seneca St,,
2025-10-13,515,North,25203,,16:06:00,,,4,2976,4th Ave & Pine St,,
2025-10-13,515,North,25203,,,,,5,473,Olive Way & 6th Ave,,
2025-10-13,515,North,25203,,16:10:00,,,6,430,Howell St & 9th Ave,,
2025-10-13,515,North,25203,,,,,7,431,Howell St & Yale Ave,,
2025-10-13,515,North,25203,,16:33:00,,,10,2766,Mountlake Terrace Fwy Station Bay 7,,
2025-10-13,515,North,25203,,16:49:00,,,11,2118,Lynnwood City Center Station Bay A5,,
2025-10-13,515,North,25204,91709.0,16:10:00,16:17:16,16:17:16,0,640,4th Ave S & S Jackson St,0.0,0.0
2025-10-13,515,North,25204,91709.0,,16:18:38,16:19:02,1,635,4th Ave S & S Washington St,1.0,0.0
2025-10-13,515,North,25204,91709.0,,16:21:01,16:21:30,2,2638,4th Ave & Cherry St,4.0,0.0
2025-10-13,515,North,25204,91709.0,,16:22:56,16:23:57,3,641,4th Ave & Seneca St,8.0,0.0
2025-10-13,515,North,25204,91709.0,16:16:00,16:25:14,16:26:02,4,2976,4th Ave & Pine St,9.0,0.0
2025-10-13,515,North,25204,91709.0,,16:27:04,16:29:47,5,473,Olive Way & 6th Ave,21.0,0.0
2025-10-13,515,North,25204,91709.0,16:20:00,16:31:37,16:33:09,6,430,Howell St & 9th Ave,11.0,0.0
2025-10-13,515,North,25204,91709.0,,16:36:05,16:36:45,7,431,Howell St & Yale Ave,5.0,0.0
2025-10-13,515,North,25204,91709.0,16:43:00,16:54:14,16:55:00,10,2766,Mountlake Terrace Fwy Station Bay 7,1.0,12.0
2025-10-13,515,North,25204,91709.0,16:59:00,16:59:41,16:59:41,11,2118,Lynnwood City Center Station Bay A5,1.0,49.0
2025-10-13,515,North,25205,91711.0,16:20:00,16:27:00,16:27:00,0,640,4th Ave S & S Jackson St,2.0,0.0
2025-10-13,515,North,25205,91711.0,,16:27:34,16:27:43,1,635,4th Ave S & S Washington St,0.0,0.0
2025-10-13,515,North,25205,91711.0,,16:29:22,16:30:05,2,2638,4th Ave & Cherry St,4.0,0.0
2025-10-13,515,North,25205,91711.0,,16:31:32,16:31:51,3,641,4th Ave & Seneca St,0.0,0.0
2025-10-13,515,North,25205,91711.0,16:26:00,16:33:37,16:33:55,4,2976,4th Ave & Pine St,1.0,0.0
2025-10-13,515,North,25205,91711.0,,16:35:49,16:37:04,5,473,Olive Way & 6th Ave,3.0,0.0
2025-10-13,515,North,25205,91711.0,16:30:00,16:37:43,16:38:05,6,430,Howell St & 9th Ave,1.0,0.0
2025-10-13,515,North,25205,91711.0,,16:41:37,16:41:47,7,431,Howell St & Yale Ave,0.0,0.0
2025-10-13,515,North,25205,91711.0,16:53:00,16:58:17,16:58:34,10,2766,Mountlake Terrace Fwy Station Bay 7,0.0,11.0
2025-10-13,515,North,25205,91711.0,17:09:00,17:02:43,17:02:43,11,2118,Lynnwood City Center Station Bay A5,0.0,0.0
2025-10-13,515,North,25206,91727.0,16:30:00,16:32:40,16:32:40,0,640,4th Ave S & S Jackson St,2.0,0.0
2025-10-13,515,North,25206,91727.0,,16:33:36,16:33:47,1,635,4th Ave S & S Washington St,0.0,0.0
2025-10-13,515,North,25206,91727.0,,16:35:26,16:35:42,2,2638,4th Ave & Cherry St,0.0,0.0
2025-10-13,515,North,25206,91727.0,,16:37:22,16:38:52,3,641,4th Ave & Seneca St,7.0,0.0
2025-10-13,515,North,25206,91727.0,16:36:00,16:40:08,16:40:54,4,2976,4th Ave & Pine St,5.0,0.0
2025-10-13,515,North,25206,91727.0,,16:42:17,16:43:20,5,473,Olive Way & 6th Ave,6.0,0.0
2025-10-13,515,North,25206,91727.0,16:40:00,16:45:06,16:45:43,6,430,Howell St & 9th Ave,6.0,0.0
2025-10-13,515,North,25206,91727.0,,16:49:10,16:49:46,7,431,Howell St & Yale Ave,6.0,0.0
2025-10-13,515,North,25206,91727.0,17:03:00,17:05:32,17:05:58,10,2766,Mountlake Terrace Fwy Station Bay 7,0.0,9.0
2025-10-13,515,North,25206,91727.0,17:19:00,17:10:31,17:10:31,11,2118,Lynnwood City Center Station Bay A5,0.0,23.0
2025-10-13,515,North,25207,91905.0,16:40:00,16:42:37,16:42:37,0,640,4th Ave S & S Jackson St,3.0,0.0
2025-10-13,515,North,25207,91905.0,,16:44:18,16:44:29,1,635,4th Ave S & S Washington St,0.0,0.0
2025-10-13,515,North,25207,91905.0,,16:45:51,16:47:05,2,2638,4th Ave & Cherry St,5.0,0.0
2025-10-13,515,North,25207,91905.0,,16:48:39,16:49:26,3,641,4th Ave & Seneca St,2.0,0.0
2025-10-13,515,North,25207,91905.0,16:46:00,16:50:44,16:51:18,4,2976,4th Ave & Pine St,0.0,0.0
2025-10-13,515,North,25207,91905.0,,16:53:48,16:55:09,5,473,Olive Way & 6th Ave,4.0,0.0
2025-10-13,515,North,25207,91905.0,16:50:00,16:56:40,16:57:11,6,430,Howell St & 9th Ave,5.0,0.0
2025-10-13,515,North,25207,91905.0,,16:59:37,16:59:58,7,431,Howell St & Yale Ave,1.0,0.0
2025-10-13,515,North,25207,91905.0,17:13:00,17:15:10,17:15:43,10,2766,Mountlake Terrace Fwy Station Bay 7,0.0,20.0
2025-10-13,515,North,25207,91905.0,17:29:00,17:20:31,17:20:31,11,2118,Lynnwood City Center Station Bay A5,0.0,0.0
2025-10-13,515,North,25208,,16:50:00,,,0,640,4th Ave S & S Jackson St,,
2025-10-13,515,North,25208,,,,,1,635,4th Ave S & S Washington St,,
2025-10-13,515,North,25208,,,,,2,2638,4th Ave & Cherry St,,
2025-10-13,515,North,25208,,,,,3,641,4th Ave & Seneca St,,
2025-10-13,515,North,25208,,16:56:00,,,4,2976,4th Ave & Pine St,,
2025-10-13,515,North,25208,,,,,5,473,Olive Way & 6th Ave,,
2025-10-13,515,North,25208,,17:00:00,,,6,430,Howell St & 9th Ave,,
2025-10-13,515,North,25208,,,,,7,431,Howell St & Yale Ave,,
2025-10-13,515,North,25208,,17:22:00,,,10,2766,Mountlake Terrace Fwy Station Bay 7,,
2025-10-13,515,North,25208,,17:38:00,,,11,2118,Lynnwood City Center Station Bay A5,,
2025-10-13,515,North,25209,91702.0,17:00:00,17:00:08,17:00:08,0,640,4th Ave S & S Jackson St,3.0,0.0
2025-10-13,515,North,25209,91702.0,,17:00:50,17:01:01,1,635,4th Ave S & S Washington St,0.0,0.0
2025-10-13,515,North,25209,91702.0,,17:02:30,17:03:11,2,2638,4th Ave & Cherry St,3.0,0.0
2025-10-13,515,North,25209,91702.0,,17:05:31,17:06:15,3,641,4th Ave & Seneca St,3.0,0.0
2025-10-13,515,North,25209,91702.0,17:06:00,17:08:01,17:08:42,4,2976,4th Ave & Pine St,4.0,0.0
2025-10-13,515,North,25209,91702.0,,17:10:26,17:11:32,5,473,Olive Way & 6th Ave,3.0,0.0
2025-10-13,515,North,25209,91702.0,17:10:00,17:13:14,17:14:09,6,430,Howell St & 9th Ave,6.0,2.0
2025-10-13,515,North,25209,91702.0,,17:16:25,17:17:04,7,431,Howell St & Yale Ave,3.0,3.0
2025-10-13,515,North,25209,91702.0,17:32:00,17:30:55,17:31:30,10,2766,Mountlake Terrace Fwy Station Bay 7,0.0,20.0
2025-10-13,515,North,25209,91702.0,17:48:00,17:36:34,17:36:34,11,2118,Lynnwood City Center Station Bay A5,0.0,0.0
2025-10-13,515,North,25210,91913.0,17:10:00,17:10:55,17:10:55,0,640,4th Ave S & S Jackson St,1.0,0.0
2025-10-13,515,North,25210,91913.0,,17:12:29,17:12:38,1,635,4th Ave S & S Washington St,0.0,0.0
2025-10-13,515,North,25210,91913.0,,17:14:16,17:14:53,2,2638,4th Ave & Cherry St,1.0,0.0
2025-10-13,515,North,25210,91913.0,,17:16:37,17:17:26,3,641,4th Ave & Seneca St,3.0,0.0
2025-10-13,515,North,25210,91913.0,17:16:00,17:19:04,17:19:49,4,2976,4th Ave & Pine St,2.0,0.0
2025-10-13,515,North,25210,91913.0,,17:21:04,17:22:06,5,473,Olive Way & 6th Ave,3.0,0.0
2025-10-13,515,North,25210,91913.0,17:20:00,17:23:33,17:23:59,6,430,Howell St & 9th Ave,2.0,0.0
2025-10-13,515,North,25210,91913.0,,17:28:07,17:28:41,7,431,Howell St & Yale Ave,2.0,14.0
2025-10-13,515,North,25210,91913.0,17:42:00,17:44:48,17:45:21,10,2766,Mountlake Terrace Fwy Station Bay 7,0.0,0.0
2025-10-13,515,North,25210,91913.0,17:58:00,17:49:31,17:49:31,11,2118,Lynnwood City Center Station Bay A5,0.0,0.0
2025-10-13,515,North,25211,91714.0,17:20:00,17:20:45,17:20:45,0,640,4th Ave S & S Jackson St,0.0,0.0
2025-10-13,515,North,25211,91714.0,,17:21:28,17:21:28,1,635,4th Ave S & S Washington St,0.0,0.0
2025-10-13,515,North,25211,91714.0,,17:22:22,17:22:41,2,2638,4th Ave & Cherry St,2.0,0.0
2025-10-13,515,North,25211,91714.0,,17:24:21,17:25:34,3,641,4th Ave & Seneca St,3.0,0.0
2025-10-13,515,North,25211,91714.0,17:26:00,17:26:36,17:27:20,4,2976,4th Ave & Pine St,0.0,0.0
2025-10-13,515,North,25211,91714.0,,17:28:37,17:29:34,5,473,Olive Way & 6th Ave,9.0,0.0
2025-10-13,515,North,25211,91714.0,17:30:00,17:31:03,17:31:24,6,430,Howell St & 9th Ave,2.0,0.0
2025-10-13,515,North,25211,91714.0,,17:34:08,17:34:29,7,431,Howell St & Yale Ave,1.0,0.0
2025-10-13,515,North,25211,91714.0,17:51:00,18:00:05,18:00:32,10,2766,Mountlake Terrace Fwy Station Bay 7,0.0,6.0
2025-10-13,515,North,25211,91714.0,18:06:00,18:04:31,18:04:31,11,2118,Lynnwood City Center Station Bay A5,0.0,11.0
2025-10-13,515,North,25212,91911.0,17:40:00,17:40:17,17:40:17,0,640,4th Ave S & S Jackson St,1.0,0.0
2025-10-13,515,North,25212,91911.0,,17:41:00,17:41:08,1,635,4th Ave S & S Washington St,0.0,0.0
2025-10-13,515,North,25212,91911.0,,17:42:49,17:43:14,2,2638,4th Ave & Cherry St,1.0,0.0
2025-10-13,515,North,25212,91911.0,,17:45:01,17:46:15,3,641,4th Ave & Seneca St,2.0,0.0
2025-10-13,515,North,25212,91911.0,17:46:00,17:47:20,17:47:30,4,2976,4th Ave & Pine St,0.0,0.0
2025-10-13,515,North,25212,91911.0,,17:49:15,17:50:31,5,473,Olive Way & 6th Ave,3.0,0.0
2025-10-13,515,North,25212,91911.0,17:50:00,17:52:04,17:52:39,6,430,Howell St & 9th Ave,4.0,0.0
2025-10-13,515,North,25212,91911.0,,17:55:09,17:55:37,7,431,Howell St & Yale Ave,2.0,0.0
2025-10-13,515,North,25212,91911.0,18:09:00,18:20:28,18:20:57,10,2766,Mountlake Terrace Fwy Station Bay 7,1.0,14.0
2025-10-13,515,North,25212,91911.0,18:23:00,18:25:34,18:25:34,11,2118,Lynnwood City Center Station Bay A5,0.0,0.0
2025-10-13,515,North,25213,91705.0,18:00:00,18:03:31,18:03:31,0,640,4th Ave S & S Jackson St,9.0,0.0
2025-10-13,515,North,25213,91705.0,,,,1,635,4th Ave S & S Washington St,,
2025-10-13,515,North,25213,91705.0,,18:05:25,18:05:38,2,2638,4th Ave & Cherry St,0.0,0.0
2025-10-13,515,North,25213,91705.0,,18:07:30,18:07:53,3,641,4th Ave & Seneca St,2.0,0.0
2025-10-13,515,North,25213,91705.0,18:06:00,18:09:45,18:10:50,4,2976,4th Ave & Pine St,5.0,0.0
2025-10-13,515,North,25213,91705.0,,18:11:59,18:13:00,5,473,Olive Way & 6th Ave,4.0,1.0
2025-10-13,515,North,25213,91705.0,18:09:00,18:14:33,18:15:02,6,430,Howell St & 9th Ave,2.0,0.0
2025-10-13,515,North,25213,91705.0,,18:17:37,18:18:28,7,431,Howell St & Yale Ave,4.0,3.0
2025-10-13,515,North,25213,91705.0,18:27:00,18:35:21,18:36:02,10,2766,Mountlake Terrace Fwy Station Bay 7,0.0,5.0
2025-10-13,515,North,25213,91705.0,18:39:00,18:40:45,18:40:45,11,2118,Lynnwood City Center Station Bay A5,1.0,18.0
2025-10-13,515,North,25214,91709.0,18:20:00,18:26:04,18:26:04,0,640,4th Ave S & S Jackson St,1.0,0.0
2025-10-13,515,North,25214,91709.0,,18:27:38,18:27:55,1,635,4th Ave S & S Washington St,1.0,0.0
2025-10-13,515,North,25214,91709.0,,18:29:29,18:29:49,2,2638,4th Ave & Cherry St,2.0,0.0
2025-10-13,515,North,25214,91709.0,,18:31:33,18:32:45,3,641,4th Ave & Seneca St,3.0,0.0
2025-10-13,515,North,25214,91709.0,18:26:00,18:34:00,18:34:49,4,2976,4th Ave & Pine St,3.0,0.0
2025-10-13,515,North,25214,91709.0,,18:37:22,18:38:31,5,473,Olive Way & 6th Ave,6.0,0.0
2025-10-13,515,North,25214,91709.0,18:29:00,18:40:17,18:40:56,6,430,Howell St & 9th Ave,5.0,1.0
2025-10-13,515,North,25214,91709.0,,18:44:38,18:45:27,7,431,Howell St & Yale Ave,2.0,2.0
2025-10-13,515,North,25214,91709.0,18:47:00,18:59:10,19:00:08,10,2766,Mountlake Terrace Fwy Station Bay 7,0.0,10.0
2025-10-13,515,North,25214,91709.0,18:59:00,19:03:56,19:03:56,11,2118,Lynnwood City Center Station Bay A5,0.0,10.0
2025-10-13,515,North,25215,91715.0,18:40:00,18:44:19,18:44:19,0,640,4th Ave S & S Jackson St,0.0,0.0
2025-10-13,515,North,25215,91715.0,,18:45:41,18:46:08,1,635,4th Ave S & S Washington St,2.0,2.0
2025-10-13,515,North,25215,91715.0,,18:47:38,18:47:58,2,2638,4th Ave & Cherry St,0.0,0.0
2025-10-13,515,North,25215,91715.0,,18:49:51,18:50:50,3,641,4th Ave & Seneca St,1.0,0.0
2025-10-13,515,North,25215,91715.0,18:46:00,18:52:16,18:52:55,4,2976,4th Ave & Pine St,0.0,0.0
2025-10-13,515,North,25215,91715.0,,18:55:17,18:55:35,5,473,Olive Way & 6th Ave,0.0,0.0
2025-10-13,515,North,25215,91715.0,18:49:00,18:57:17,18:58:26,6,430,Howell St & 9th Ave,2.0,0.0
2025-10-13,515,North,25215,91715.0,,19:01:14,19:01:42,7,431,Howell St & Yale Ave,0.0,2.0
2025-10-13,515,North,25215,91715.0,19:07:00,19:16:24,19:16:53,10,2766,Mountlake Terrace Fwy Station Bay 7,0.0,0.0
2025-10-13,515,North,25215,91715.0,19:16:00,19:20:52,19:20:52,11,2118,Lynnwood City Center Station Bay A5,0.0,1.0
2025-10-13,515,South,25216,91701.0,04:30:00,04:30:16,04:30:16,0,2113,Lynnwood City Center Station Bay D1,15.0,0.0
2025-10-13,515,South,25216,91701.0,04:34:00,04:34:53,04:35:10,1,2765,Mountlake Terrace Fwy Station Bay 6,0.0,0.0
2025-10-13,515,South,25216,91701.0,04:51:00,04:50:19,04:51:05,4,1909,Stewart St & 9th Ave,0.0,3.0
2025-10-13,515,South,25216,91701.0,,04:52:11,04:52:39,5,1908,Stewart St & 7th Ave,0.0,4.0
2025-10-13,515,South,25216,91701.0,04:56:00,04:54:32,04:55:23,6,2698,5th Ave & Pine St,0.0,1.0
2025-10-13,515,South,25216,91701.0,,04:57:19,04:57:56,7,2700,5th Ave & Seneca St,0.0,4.0
2025-10-13,515,South,25216,91701.0,,04:59:27,05:01:11,8,2702,5th Ave & Marion St,0.0,0.0
2025-10-13,515,South,25216,91701.0,,05:02:46,05:03:21,9,2290,5th Ave & Jefferson St,0.0,1.0
2025-10-13,515,South,25216,91701.0,05:04:00,05:06:02,05:06:02,10,2706,5th Ave S & S Jackson St,0.0,2.0
2025-10-13,515,South,25217,91713.0,04:50:00,04:50:08,04:50:08,0,2113,Lynnwood City Center Station Bay D1,0.0,0.0
2025-10-13,515,South,25217,91713.0,04:54:00,04:54:18,04:54:49,1,2765,Mountlake Terrace Fwy Station Bay 6,0.0,0.0
2025-10-13,515,South,25217,91713.0,05:11:00,05:09:16,05:09:33,4,1909,Stewart St & 9th Ave,0.0,0.0
2025-10-13,515,South,25217,91713.0,,05:11:07,05:11:28,5,1908,Stewart St & 7th Ave,0.0,0.0
2025-10-13,515,South,25217,91713.0,05:16:00,05:12:31,05:13:21,6,2698,5th Ave & Pine St,0.0,0.0
2025-10-13,515,South,25217,91713.0,,05:15:00,05:15:20,7,2700,5th Ave & Seneca St,0.0,0.0
2025-10-13,515,South,25217,91713.0,,05:16:33,05:16:51,8,2702,5th Ave & Marion St,0.0,0.0
2025-10-13,515,South,25217,91713.0,,05:17:45,05:18:07,9,2290,5th Ave & Jefferson St,0.0,0.0
2025-10-13,515,South,25217,91713.0,05:24:00,05:19:54,05:19:54,10,2706,5th Ave S & S Jackson St,0.0,0.0
2025-10-13,515,South,25218,91903.0,05:10:00,05:10:41,05:10:41,0,2113,Lynnwood City Center Station Bay D1,17.0,0.0
2025-10-13,515,South,25218,91903.0,05:14:00,05:14:54,05:15:11,1,2765,Mountlake Terrace Fwy Station Bay 6,1.0,0.0
2025-10-13,515,South,25218,91903.0,05:31:00,05:30:21,05:30:48,4,1909,Stewart St & 9th Ave,0.0,5.0
2025-10-13,515,South,25218,91903.0,,05:32:09,05:32:31,5,1908,Stewart St & 7th Ave,0.0,5.0
2025-10-13,515,South,25218,91903.0,05:36:00,05:33:35,05:34:23,6,2698,5th Ave & Pine St,0.0,1.0
2025-10-13,515,South,25218,91903.0,,05:35:24,05:35:45,7,2700,5th Ave & Seneca St,0.0,2.0
2025-10-13,515,South,25218,91903.0,,05:36:41,05:37:03,8,2702,5th Ave & Marion St,0.0,2.0
2025-10-13,515,South,25218,91903.0,,05:38:36,05:38:50,9,2290,5th Ave & Jefferson St,0.0,3.0
2025-10-13,515,South,25218,91903.0,05:44:00,05:41:26,05:41:26,10,2706,5th Ave S & S Jackson St,0.0,0.0
2025-10-13,515,South,25219,91730.0,05:30:00,05:31:04,05:31:04,0,2113,Lynnwood City Center Station Bay D1,15.0,0.0
2025-10-13,515,South,25219,91730.0,05:34:00,05:35:16,05:35:41,1,2765,Mountlake Terrace Fwy Station Bay 6,2.0,0.0
2025-10-13,515,South,25219,91730.0,05:51:00,05:49:40,05:50:07,4,1909,Stewart St & 9th Ave,0.0,7.0
2025-10-13,515,South,25219,91730.0,,05:51:09,05:51:35,5,1908,Stewart St & 7th Ave,0.0,1.0
2025-10-13,515,South,25219,91730.0,05:56:00,05:53:32,05:54:19,6,2698,5th Ave & Pine St,0.0,0.0
2025-10-13,515,South,25219,91730.0,,05:56:16,05:56:44,7,2700,5th Ave & Seneca St,0.0,4.0
2025-10-13,515,South,25219,91730.0,,05:57:40,05:58:11,8,2702,5th Ave & Marion St,0.0,4.0
2025-10-13,515,South,25219,91730.0,,05:59:56,06:00:12,9,2290,5th Ave & Jefferson St,0.0,1.0
2025-10-13,515,South,25219,91730.0,06:05:00,06:02:56,06:02:56,10,2706,5th Ave S & S Jackson St,0.0,0.0
2025-10-13,515,South,25220,91706.0,05:55:00,05:55:49,05:55:49,0,2113,Lynnwood City Center Station Bay D1,0.0,0.0
2025-10-13,515,South,25220,91706.0,05:59:00,05:59:44,06:00:16,1,2765,Mountlake Terrace Fwy Station Bay 6,0.0,0.0
2025-10-13,515,South,25220,91706.0,06:16:00,06:15:05,06:15:38,4,1909,Stewart St & 9th Ave,0.0,0.0
2025-10-13,515,South,25220,91706.0,,06:16:37,06:17:03,5,1908,Stewart St & 7th Ave,0.0,0.0
2025-10-13,515,South,25220,91706.0,06:21:00,06:18:21,06:18:45,6,2698,5th Ave & Pine St,0.0,0.0
2025-10-13,515,South,25220,91706.0,,06:20:23,06:20:52,7,2700,5th Ave & Seneca St,0.0,0.0
2025-10-13,515,South,25220,91706.0,,06:21:59,06:22:47,8,2702,5th Ave & Marion St,0.0,0.0
2025-10-13,515,South,25220,91706.0,,06:24:33,06:24:33,9,2290,5th Ave & Jefferson St,0.0,0.0
2025-10-13,515,South,25220,91706.0,06:30:00,06:26:04,06:26:04,10,2706,5th Ave S & S Jackson St,0.0,0.0
2025-10-13,515,South,25221,91713.0,06:05:00,06:06:05,06:06:05,0,2113,Lynnwood City Center Station Bay D1,0.0,0.0
2025-10-13,515,South,25221,91713.0,06:09:00,06:10:13,06:10:43,1,2765,Mountlake Terrace Fwy Station Bay 6,0.0,0.0
2025-10-13,515,South,25221,91713.0,06:27:00,06:24:21,06:24:49,4,1909,Stewart St & 9th Ave,0.0,0.0
2025-10-13,515,South,25221,91713.0,,06:25:39,06:26:05,5,1908,Stewart St & 7th Ave,0.0,0.0
2025-10-13,515,South,25221,91713.0,06:32:00,06:27:23,06:28:36,6,2698,5th Ave & Pine St,0.0,0.0
2025-10-13,515,South,25221,91713.0,,06:30:28,06:30:51,7,2700,5th Ave & Seneca St,0.0,0.0
2025-10-13,515,South,25221,91713.0,,06:32:28,06:33:15,8,2702,5th Ave & Marion St,0.0,0.0
2025-10-13,515,South,25221,91713.0,,06:34:28,06:34:42,9,2290,5th Ave & Jefferson St,0.0,0.0
2025-10-13,515,South,25221,91713.0,06:41:00,06:37:12,06:37:12,10,2706,5th Ave S & S Jackson St,0.0,0.0
2025-10-13,515,South,25222,91731.0,06:15:00,06:15:40,06:15:40,0,2113,Lynnwood City Center Station Bay D1,24.0,0.0
2025-10-13,515,South,25222,91731.0,06:19:00,06:19:52,06:20:22,1,2765,Mountlake Terrace Fwy Station Bay 6,2.0,0.0
2025-10-13,515,South,25222,91731.0,06:37:00,06:35:28,06:35:51,4,1909,Stewart St & 9th Ave,0.0,6.0
2025-10-13,515,South,25222,91731.0,,06:36:23,06:36:45,5,1908,Stewart St & 7th Ave,0.0,3.0
2025-10-13,515,South,25222,91731.0,06:42:00,06:37:49,06:38:11,6,2698,5th Ave & Pine St,0.0,2.0
2025-10-13,515,South,25222,91731.0,,06:39:56,06:40:31,7,2700,5th Ave & Seneca St,0.0,14.0
2025-10-13,515,South,25222,91731.0,,06:41:34,06:42:21,8,2702,5th Ave & Marion St,0.0,0.0
2025-10-13,515,South,25222,91731.0,,06:43:23,06:44:01,9,2290,5th Ave & Jefferson St,0.0,1.0
2025-10-13,515,South,25222,91731.0,06:52:00,06:45:39,06:45:39,10,2706,5th Ave S & S Jackson St,0.0,0.0
2025-10-13,515,South,25223,91903.0,06:25:00,06:34:55,06:34:55,0,2113,Lynnwood City Center Station Bay D1,46.0,0.0
2025-10-13,515,South,25223,91903.0,06:29:00,06:39:06,06:39:22,1,2765,Mountlake Terrace Fwy Station Bay 6,2.0,0.0
2025-10-13,515,South,25223,91903.0,06:49:00,06:53:50,06:54:21,4,1909,Stewart St & 9th Ave,0.0,9.0
2025-10-13,515,South,25223,91903.0,,06:55:35,06:56:12,5,1908,Stewart St & 7th Ave,1.0,14.0
2025-10-13,515,South,25223,91903.0,06:54:00,06:57:19,06:58:34,6,2698,5th Ave & Pine St,0.0,4.0
2025-10-13,515,South,25223,91903.0,,06:59:29,07:00:01,7,2700,5th Ave & Seneca St,0.0,11.0
2025-10-13,515,South,25223,91903.0,,07:01:08,07:01:43,8,2702,5th Ave & Marion St,0.0,6.0
2025-10-13,515,South,25223,91903.0,,07:02:54,07:03:34,9,2290,5th Ave & Jefferson St,0.0,5.0
2025-10-13,515,South,25223,91903.0,07:05:00,07:05:35,07:05:35,10,2706,5th Ave S & S Jackson St,0.0,0.0
2025-10-13,515,South,25224,19817.0,06:35:00,06:36:34,06:36:34,0,2113,Lynnwood City Center Station Bay D1,9.0,0.0
2025-10-13,515,South,25224,19817.0,06:39:00,06:41:21,06:41:36,1,2765,Mountlake Terrace Fwy Station Bay 6,0.0,0.0
2025-10-13,515,South,25224,19817.0,07:00:00,06:58:06,06:58:34,4,1909,Stewart St & 9th Ave,0.0,3.0
2025-10-13,515,South,25224,19817.0,,06:59:31,07:00:00,5,1908,Stewart St & 7th Ave,0.0,1.0
2025-10-13,515,South,25224,19817.0,07:05:00,07:02:04,07:03:11,6,2698,5th Ave & Pine St,0.0,0.0
2025-10-13,515,South,25224,19817.0,,07:05:21,07:05:39,7,2700,5th Ave & Seneca St,0.0,2.0
2025-10-13,515,South,25224,19817.0,,07:07:17,07:07:51,8,2702,5th Ave & Marion St,0.0,1.0
2025-10-13,515,South,25224,19817.0,,07:09:08,07:09:20,9,2290,5th Ave & Jefferson St,0.0,0.0
2025-10-13,515,South,25224,19817.0,07:16:00,07:12:27,07:12:27,10,2706,5th Ave S & S Jackson St,0.0,2.0
2025-10-13,515,South,25225,9560.0,06:45:00,06:48:55,06:48:55,0,2113,Lynnwood City Center Station Bay D1,26.0,0.0
2025-10-13,515,South,25225,9560.0,06:50:00,06:53:04,06:53:52,1,2765,Mountlake Terrace Fwy Station Bay 6,8.0,0.0
2025-10-13,515,South,25225,9560.0,07:11:00,07:08:45,07:09:09,4,1909,Stewart St & 9th Ave,0.0,8.0
2025-10-13,515,South,25225,9560.0,,07:09:37,07:09:55,5,1908,Stewart St & 7th Ave,0.0,8.0
2025-10-13,515,South,25225,9560.0,07:16:00,07:12:32,07:13:34,6,2698,5th Ave & Pine St,1.0,6.0
2025-10-13,515,South,25225,9560.0,,07:14:34,07:14:55,7,2700,5th Ave & Seneca St,0.0,6.0
2025-10-13,515,South,25225,9560.0,,07:16:10,07:16:46,8,2702,5th Ave & Marion St,0.0,4.0
2025-10-13,515,South,25225,9560.0,,07:17:57,07:18:20,9,2290,5th Ave & Jefferson St,0.0,2.0
2025-10-13,515,South,25225,9560.0,07:27:00,07:20:40,07:20:40,10,2706,5th Ave S & S Jackson St,0.0,1.0
2025-10-13,515,South,25226,19813.0,06:55:00,06:56:43,06:56:43,0,2113,Lynnwood City Center Station Bay D1,21.0,0.0
2025-10-13,515,South,25226,19813.0,07:00:00,07:01:00,07:01:24,1,2765,Mountlake Terrace Fwy Station Bay 6,3.0,0.0
2025-10-13,515,South,25226,19813.0,07:21:00,07:16:03,07:16:24,4,1909,Stewart St & 9th Ave,0.0,8.0
2025-10-13,515,South,25226,19813.0,,07:16:53,07:17:16,5,1908,Stewart St & 7th Ave,0.0,6.0
2025-10-13,515,South,25226,19813.0,07:26:00,07:18:18,07:19:36,6,2698,5th Ave & Pine St,1.0,4.0
2025-10-13,515,South,25226,19813.0,,07:20:32,07:20:50,7,2700,5th Ave & Seneca St,0.0,2.0
2025-10-13,515,South,25226,19813.0,,07:22:05,07:22:21,8,2702,5th Ave & Marion St,0.0,4.0
2025-10-13,515,South,25226,19813.0,,07:23:55,07:24:10,9,2290,5th Ave & Jefferson St,0.0,1.0
2025-10-13,515,South,25226,19813.0,07:37:00,07:27:13,07:27:13,10,2706,5th Ave S & S Jackson St,0.0,0.0
2025-10-13,515,South,25227,91710.0,07:05:00,07:07:12,07:07:12,0,2113,Lynnwood City Center Station Bay D1,22.0,0.0
2025-10-13,515,South,25227,91710.0,07:10:00,07:11:35,07:13:03,1,2765,Mountlake Terrace Fwy Station Bay 6,4.0,0.0
2025-10-13,515,South,25227,91710.0,07:34:00,07:28:36,07:29:12,4,1909,Stewart St & 9th Ave,0.0,13.0
2025-10-13,515,South,25227,91710.0,,07:30:06,07:30:34,5,1908,Stewart St & 7th Ave,0.0,5.0
2025-10-13,515,South,25227,91710.0,07:39:00,07:31:50,07:32:02,6,2698,5th Ave & Pine St,0.0,0.0
2025-10-13,515,South,25227,91710.0,,07:34:51,07:35:23,7,2700,5th Ave & Seneca St,0.0,5.0
2025-10-13,515,South,25227,91710.0,,07:36:55,07:37:46,8,2702,5th Ave & Marion St,0.0,1.0
2025-10-13,515,South,25227,91710.0,,07:39:00,07:39:30,9,2290,5th Ave & Jefferson St,0.0,1.0
2025-10-13,515,South,25227,91710.0,07:50:00,07:41:02,07:41:02,10,2706,5th Ave S & S Jackson St,0.0,1.0
2025-10-13,515,South,25228,91706.0,07:15:00,07:16:17,07:16:17,0,2113,Lynnwood City Center Station Bay D1,0.0,0.0
2025-10-13,515,South,25228,91706.0,07:20:00,07:21:18,07:22:20,1,2765,Mountlake Terrace Fwy Station Bay 6,0.0,0.0
2025-10-13,515,South,25228,91706.0,07:51:00,07:39:18,07:39:53,4,1909,Stewart St & 9th Ave,0.0,0.0
2025-10-13,515,South,25228,91706.0,,07:40:35,07:41:10,5,1908,Stewart St & 7th Ave,0.0,0.0
2025-10-13,515,South,25228,91706.0,07:56:00,07:42:20,07:43:35,6,2698,5th Ave & Pine St,0.0,0.0
2025-10-13,515,South,25228,91706.0,,07:44:24,07:45:02,7,2700,5th Ave & Seneca St,0.0,0.0
2025-10-13,515,South,25228,91706.0,,07:46:02,07:46:45,8,2702,5th Ave & Marion St,0.0,0.0
2025-10-13,515,South,25228,91706.0,,07:47:52,07:48:15,9,2290,5th Ave & Jefferson St,0.0,0.0
2025-10-13,515,South,25228,91706.0,08:07:00,07:50:35,07:50:35,10,2706,5th Ave S & S Jackson St,0.0,0.0
2025-10-13,515,South,25229,19816.0,07:25:00,07:26:03,07:26:03,0,2113,Lynnwood City Center Station Bay D1,15.0,0.0
2025-10-13,515,South,25229,19816.0,07:30:00,07:30:45,07:31:17,1,2765,Mountlake Terrace Fwy Station Bay 6,9.0,0.0
2025-10-13,515,South,25229,19816.0,08:02:00,07:49:03,07:49:23,4,1909,Stewart St & 9th Ave,0.0,12.0
2025-10-13,515,South,25229,19816.0,,07:49:52,07:50:11,5,1908,Stewart St & 7th Ave,0.0,8.0
2025-10-13,515,South,25229,19816.0,08:07:00,07:51:23,07:51:36,6,2698,5th Ave & Pine St,0.0,1.0
2025-10-13,515,South,25229,19816.0,,07:53:22,07:53:35,7,2700,5th Ave & Seneca St,0.0,1.0
2025-10-13,515,South,25229,19816.0,,07:55:05,07:55:49,8,2702,5th Ave & Marion St,0.0,1.0
2025-10-13,515,South,25229,19816.0,,07:57:02,07:57:18,9,2290,5th Ave & Jefferson St,0.0,1.0
2025-10-13,515,South,25229,19816.0,08:18:00,07:59:14,07:59:14,10,2706,5th Ave S & S Jackson St,0.0,0.0
2025-10-13,515,South,25230,,07:35:00,,,0,2113,Lynnwood City Center Station Bay D1,,
2025-10-13,515,South,25230,,07:40:00,,,1,2765,Mountlake Terrace Fwy Station Bay 6,,
2025-10-13,515,South,25230,,08:13:00,,,4,1909,Stewart St & 9th Ave,,
2025-10-13,515,South,25230,,,,,5,1908,Stewart St & 7th Ave,,
2025-10-13,515,South,25230,,08:18:00,,,6,2698,5th Ave & Pine St,,
2025-10-13,515,South,25230,,,,,7,2700,5th Ave & Seneca St,,
2025-10-13,515,South,25230,,,,,8,2702,5th Ave & Marion St,,
2025-10-13,515,South,25230,,,,,9,2290,5th Ave & Jefferson St,,
2025-10-13,515,South,25230,,08:29:00,,,10,2706,5th Ave S & S Jackson St,,
2025-10-13,515,South,25231,19814.0,07:45:00,07:46:23,07:46:23,0,2113,Lynnwood City Center Station Bay D1,34.0,0.0
2025-10-13,515,South,25231,19814.0,07:50:00,07:51:16,07:52:20,1,2765,Mountlake Terrace Fwy Station Bay 6,4.0,0.0
2025-10-13,515,South,25231,19814.0,08:23:00,08:09:03,08:09:45,4,1909,Stewart St & 9th Ave,0.0,24.0
2025-10-13,515,South,25231,19814.0,,08:10:43,08:11:13,5,1908,Stewart St & 7th Ave,0.0,7.0
2025-10-13,515,South,25231,19814.0,08:28:00,08:13:51,08:15:05,6,2698,5th Ave & Pine St,1.0,1.0
2025-10-13,515,South,25231,19814.0,,08:16:57,08:17:10,7,2700,5th Ave & Seneca St,0.0,2.0
2025-10-13,515,South,25231,19814.0,,08:17:51,08:18:13,8,2702,5th Ave & Marion St,0.0,5.0
2025-10-13,515,South,25231,19814.0,,08:19:26,08:19:41,9,2290,5th Ave & Jefferson St,0.0,0.0
2025-10-13,515,South,25231,19814.0,08:39:00,08:22:20,08:22:20,10,2706,5th Ave S & S Jackson St,0.0,0.0
2025-10-13,515,South,25232,91717.0,07:55:00,07:55:09,07:55:09,0,2113,Lynnwood City Center Station Bay D1,8.0,0.0
2025-10-13,515,South,25232,91717.0,08:00:00,07:59:45,08:00:07,1,2765,Mountlake Terrace Fwy Station Bay 6,1.0,0.0
2025-10-13,515,South,25232,91717.0,08:35:00,08:18:02,08:18:43,4,1909,Stewart St & 9th Ave,0.0,3.0
2025-10-13,515,South,25232,91717.0,,08:19:37,08:20:05,5,1908,Stewart St & 7th Ave,0.0,4.0
2025-10-13,515,South,25232,91717.0,08:40:00,08:21:22,08:21:37,6,2698,5th Ave & Pine St,0.0,1.0
2025-10-13,515,South,25232,91717.0,,08:24:37,08:24:50,7,2700,5th Ave & Seneca St,0.0,0.0
2025-10-13,515,South,25232,91717.0,,08:26:24,08:26:39,8,2702,5th Ave & Marion St,0.0,1.0
2025-10-13,515,South,25232,91717.0,,08:28:21,08:28:34,9,2290,5th Ave & Jefferson St,0.0,0.0
2025-10-13,515,South,25232,91717.0,08:51:00,08:30:46,08:30:46,10,2706,5th Ave S & S Jackson St,0.0,0.0
2025-10-13,515,South,25233,19813.0,08:15:00,08:16:41,08:16:41,0,2113,Lynnwood City Center Station Bay D1,12.0,0.0
2025-10-13,515,South,25233,19813.0,08:19:00,08:20:39,08:21:15,1,2765,Mountlake Terrace Fwy Station Bay 6,8.0,0.0
2025-10-13,515,South,25233,19813.0,08:58:00,08:43:37,08:44:03,4,1909,Stewart St & 9th Ave,0.0,13.0
2025-10-13,515,South,25233,19813.0,,08:45:04,08:45:17,5,1908,Stewart St & 7th Ave,0.0,2.0
2025-10-13,515,South,25233,19813.0,09:03:00,08:49:51,08:50:05,6,2698,5th Ave & Pine St,0.0,2.0
2025-10-13,515,South,25233,19813.0,,08:51:47,08:52:00,7,2700,5th Ave & Seneca St,0.0,1.0
2025-10-13,515,South,25233,19813.0,,08:53:34,08:54:13,8,2702,5th Ave & Marion St,0.0,2.0
2025-10-13,515,South,25233,19813.0,,08:55:23,08:55:32,9,2290,5th Ave & Jefferson St,0.0,0.0
2025-10-13,515,South,25233,19813.0,09:14:00,08:57:32,08:57:32,10,2706,5th Ave S & S Jackson St,0.0,0.0
2025-10-13,515,South,25234,91910.0,08:35:00,08:35:10,08:35:10,0,2113,Lynnwood City Center Station Bay D1,6.0,0.0
2025-10-13,515,South,25234,91910.0,08:39:00,08:39:11,08:39:39,1,2765,Mountlake Terrace Fwy Station Bay 6,5.0,0.0
2025-10-13,515,South,25234,91910.0,09:18:00,09:04:08,09:04:31,4,1909,Stewart St & 9th Ave,0.0,7.0
2025-10-13,515,South,25234,91910.0,,09:05:04,09:05:26,5,1908,Stewart St & 7th Ave,0.0,3.0
2025-10-13,515,South,25234,91910.0,09:23:00,09:07:50,09:07:58,6,2698,5th Ave & Pine St,0.0,0.0
2025-10-13,515,South,25234,91910.0,,09:09:44,09:09:54,7,2700,5th Ave & Seneca St,0.0,0.0
2025-10-13,515,South,25234,91910.0,,09:11:25,09:11:36,8,2702,5th Ave & Marion St,0.0,1.0
2025-10-13,515,South,25234,91910.0,,09:13:00,09:13:08,9,2290,5th Ave & Jefferson St,0.0,0.0
2025-10-13,515,South,25234,91910.0,09:34:00,09:14:25,09:14:25,10,2706,5th Ave S & S Jackson St,0.0,0.0
2025-10-13,515,South,25235,91911.0,08:55:00,08:55:10,08:55:10,0,2113,Lynnwood City Center Station Bay D1,11.0,0.0
2025-10-13,515,South,25235,91911.0,08:59:00,08:59:23,08:59:42,1,2765,Mountlake Terrace Fwy Station Bay 6,2.0,0.0
2025-10-13,515,South,25235,91911.0,09:38:00,09:14:55,09:15:40,4,1909,Stewart St & 9th Ave,1.0,5.0
2025-10-13,515,South,25235,91911.0,,09:16:39,09:17:04,5,1908,Stewart St & 7th Ave,0.0,6.0
2025-10-13,515,South,25235,91911.0,09:43:00,09:18:25,09:18:25,6,2698,5th Ave & Pine St,0.0,0.0
2025-10-13,515,South,25235,91911.0,,09:20:08,09:20:08,7,2700,5th Ave & Seneca St,0.0,0.0
2025-10-13,515,South,25235,91911.0,,09:20:41,09:21:15,8,2702,5th Ave & Marion St,0.0,3.0
2025-10-13,515,South,25235,91911.0,,09:22:20,09:22:20,9,2290,5th Ave & Jefferson St,0.0,0.0
2025-10-13,515,South,25235,91911.0,09:54:00,09:24:17,09:24:17,10,2706,5th Ave S & S Jackson St,0.0,0.0
2025-10-14,515,North,25197,9560.0,15:00:00,15:00:19,15:00:19,0,640,4th Ave S & S Jackson St,4.0,0.0
2025-10-14,515,North,25197,9560.0,,15:01:40,15:01:52,1,635,4th Ave S & S Washington St,0.0,0.0
2025-10-14,515,North,25197,9560.0,,15:02:41,15:03:35,2,2638,4th Ave & Cherry St,6.0,0.0
2025-10-14,515,North,25197,9560.0,,15:04:27,15:05:43,3,641,4th Ave & Seneca St,3.0,0.0
2025-10-14,515,North,25197,9560.0,15:06:00,15:06:51,15:07:48,4,2976,4th Ave & Pine St,4.0,0.0
2025-10-14,515,North,25197,9560.0,,15:08:57,15:10:00,5,473,Olive Way & 6th Ave,7.0,0.0
2025-10-14,515,North,25197,9560.0,15:10:00,15:11:33,15:12:24,6,430,Howell St & 9th Ave,4.0,0.0
2025-10-14,515,North,25197,9560.0,,15:16:06,15:16:35,7,431,Howell St & Yale Ave,1.0,0.0
2025-10-14,515,North,25197,9560.0,15:30:00,15:33:39,15:33:56,10,2766,Mountlake Terrace Fwy Station Bay 7,0.0,29.0
2025-10-14,515,North,25197,9560.0,15:38:00,15:38:31,15:38:31,11,2118,Lynnwood City Center Station Bay A5,0.0,0.0
2025-10-14,515,North,25198,91724.0,15:10:00,15:10:17,15:10:17,0,640,4th Ave S & S Jackson St,2.0,0.0
2025-10-14,515,North,25198,91724.0,,15:11:07,15:11:15,1,635,4th Ave S & S Washington St,0.0,0.0
2025-10-14,515,North,25198,91724.0,,15:12:51,15:13:39,2,2638,4th Ave & Cherry St,5.0,0.0
2025-10-14,515,North,25198,91724.0,,15:16:06,15:16:45,3,641,4th Ave & Seneca St,4.0,0.0
2025-10-14,515,North,25198,91724.0,15:16:00,15:17:50,15:18:25,4,2976,4th Ave & Pine St,1.0,0.0
2025-10-14,515,North,25198,91724.0,,15:19:20,15:20:32,5,473,Olive Way & 6th Ave,5.0,3.0
2025-10-14,515,North,25198,91724.0,15:20:00,15:22:02,15:22:43,6,430,Howell St & 9th Ave,5.0,2.0
2025-10-14,515,North,25198,91724.0,,15:26:39,15:27:08,7,431,Howell St & Yale Ave,1.0,0.0
2025-10-14,515,North,25198,91724.0,15:40:00,15:44:02,15:44:23,10,2766,Mountlake Terrace Fwy Station Bay 7,0.0,18.0
2025-10-14,515,North,25198,91724.0,15:50:00,15:49:38,15:49:38,11,2118,Lynnwood City Center Station Bay A5,0.0,0.0
2025-10-14,515,North,25199,91704.0,15:20:00,15:20:56,15:20:56,0,640,4th Ave S & S Jackson St,1.0,0.0
2025-10-14,515,North,25199,91704.0,,15:21:30,15:21:59,1,635,4th Ave S & S Washington St,1.0,0.0
2025-10-14,515,North,25199,91704.0,,15:23:23,15:23:59,2,2638,4th Ave & Cherry St,3.0,0.0
2025-10-14,515,North,25199,91704.0,,15:25:25,15:25:50,3,641,4th Ave & Seneca St,2.0,0.0
2025-10-14,515,North,25199,91704.0,15:26:00,15:27:28,15:27:49,4,2976,4th Ave & Pine St,1.0,0.0
2025-10-14,515,North,25199,91704.0,,15:29:43,15:31:19,5,473,Olive Way & 6th Ave,4.0,0.0
2025-10-14,515,North,25199,91704.0,15:30:00,15:32:44,15:33:30,6,430,Howell St & 9th Ave,4.0,0.0
2025-10-14,515,North,25199,91704.0,,15:38:36,15:39:03,7,431,Howell St & Yale Ave,3.0,6.0
2025-10-14,515,North,25199,91704.0,15:51:00,15:57:32,15:57:54,10,2766,Mountlake Terrace Fwy Station Bay 7,0.0,13.0
2025-10-14,515,North,25199,91704.0,16:03:00,16:03:03,16:03:03,11,2118,Lynnwood City Center Station Bay A5,0.0,0.0
2025-10-14,515,North,25200,91905.0,15:30:00,15:37:36,15:37:36,0,640,4th Ave S & S Jackson St,2.0,0.0
2025-10-14,515,North,25200,91905.0,,15:38:10,15:38:18,1,635,4th Ave S & S Washington St,0.0,0.0
2025-10-14,515,North,25200,91905.0,,15:40:10,15:41:03,2,2638,4th Ave & Cherry St,11.0,0.0
2025-10-14,515,North,25200,91905.0,,15:43:09,15:44:48,3,641,4th Ave & Seneca St,2.0,0.0
2025-10-14,515,North,25200,91905.0,15:36:00,15:46:57,15:48:25,4,2976,4th Ave & Pine St,3.0,0.0
2025-10-14,515,North,25200,91905.0,,15:49:28,15:50:49,5,473,Olive Way & 6th Ave,8.0,0.0
2025-10-14,515,North,25200,91905.0,15:40:00,15:52:38,15:53:37,6,430,Howell St & 9th Ave,7.0,0.0
2025-10-14,515,North,25200,91905.0,,15:58:05,15:58:38,7,431,Howell St & Yale Ave,4.0,0.0
2025-10-14,515,North,25200,91905.0,16:02:00,16:18:45,16:19:18,10,2766,Mountlake Terrace Fwy Station Bay 7,0.0,37.0
2025-10-14,515,North,25200,91905.0,16:14:00,16:24:15,16:24:15,11,2118,Lynnwood City Center Station Bay A5,0.0,0.0
2025-10-14,515,North,25201,19817.0,15:40:00,15:41:51,15:41:51,0,640,4th Ave S & S Jackson St,0.0,0.0
2025-10-14,515,North,25201,19817.0,,15:42:29,15:42:38,1,635,4th Ave S & S Washington St,0.0,0.0
2025-10-14,515,North,25201,19817.0,,15:44:19,15:44:35,2,2638,4th Ave & Cherry St,0.0,0.0
2025-10-14,515,North,25201,19817.0,,15:46:25,15:47:49,3,641,4th Ave & Seneca St,0.0,0.0
2025-10-14,515,North,25201,19817.0,15:46:00,15:49:58,15:50:12,4,2976,4th Ave & Pine St,0.0,0.0
2025-10-14,515,North,25201,19817.0,,15:52:16,15:52:30,5,473,Olive Way & 6th Ave,0.0,0.0
2025-10-14,515,North,25201,19817.0,15:50:00,15:54:06,15:54:17,6,430,Howell St & 9th Ave,0.0,0.0
2025-10-14,515,North,25201,19817.0,,15:59:58,16:00:49,7,431,Howell St & Yale Ave,0.0,0.0
2025-10-14,515,North,25201,19817.0,16:12:00,16:22:32,16:23:13,10,2766,Mountlake Terrace Fwy Station Bay 7,0.0,0.0
2025-10-14,515,North,25201,19817.0,16:27:00,16:29:16,16:29:16,11,2118,Lynnwood City Center Station Bay A5,0.0,0.0
2025-10-14,515,North,25202,91903.0,15:50:00,15:50:50,15:50:50,0,640,4th Ave S & S Jackson St,2.0,0.0
2025-10-14,515,North,25202,91903.0,,15:51:27,15:51:45,1,635,4th Ave S & S Washington St,3.0,0.0
2025-10-14,515,North,25202,91903.0,,15:53:28,15:53:56,2,2638,4th Ave & Cherry St,5.0,0.0
2025-10-14,515,North,25202,91903.0,,15:56:41,15:57:11,3,641,4th Ave & Seneca St,5.0,0.0
2025-10-14,515,North,25202,91903.0,15:56:00,15:58:13,15:58:51,4,2976,4th Ave & Pine St,3.0,0.0
2025-10-14,515,North,25202,91903.0,,16:00:03,16:01:03,5,473,Olive Way & 6th Ave,13.0,0.0
2025-10-14,515,North,25202,91903.0,16:00:00,16:01:33,16:02:13,6,430,Howell St & 9th Ave,10.0,0.0
2025-10-14,515,North,25202,91903.0,,16:07:05,16:07:25,7,431,Howell St & Yale Ave,2.0,1.0
2025-10-14,515,North,25202,91903.0,16:23:00,16:28:37,16:29:01,10,2766,Mountlake Terrace Fwy Station Bay 7,0.0,5.0
2025-10-14,515,North,25202,91903.0,16:39:00,16:34:31,16:34:31,11,2118,Lynnwood City Center Station Bay A5,0.0,37.0
2025-10-14,515,North,25203,19814.0,16:00:00,16:06:02,16:06:02,0,640,4th Ave S & S Jackson St,1.0,0.0
2025-10-14,515,North,25203,19814.0,,16:06:41,16:06:55,1,635,4th Ave S & S Washington St,0.0,0.0
2025-10-14,515,North,25203,19814.0,,16:08:30,16:09:13,2,2638,4th Ave & Cherry St,7.0,0.0
2025-10-14,515,North,25203,19814.0,,16:10:33,16:11:43,3,641,4th Ave & Seneca St,4.0,0.0
2025-10-14,515,North,25203,19814.0,16:06:00,16:12:54,16:13:25,4,2976,4th Ave & Pine St,2.0,0.0
2025-10-14,515,North,25203,19814.0,,16:15:09,16:16:04,5,473,Olive Way & 6th Ave,6.0,0.0
2025-10-14,515,North,25203,19814.0,16:10:00,16:17:39,16:18:03,6,430,Howell St & 9th Ave,2.0,0.0
2025-10-14,515,North,25203,19814.0,,16:23:39,16:24:19,7,431,Howell St & Yale Ave,3.0,0.0
2025-10-14,515,North,25203,19814.0,16:33:00,16:47:16,16:47:40,10,2766,Mountlake Terrace Fwy Station Bay 7,1.0,26.0
2025-10-14,515,North,25203,19814.0,16:49:00,16:52:30,16:52:30,11,2118,Lynnwood City Center Station Bay A5,0.0,0.0
2025-10-14,515,North,25204,91714.0,16:10:00,16:21:30,16:21:30,0,640,4th Ave S & S Jackson St,5.0,0.0
2025-10-14,515,North,25204,91714.0,,,,1,635,4th Ave S & S Washington St,,
2025-10-14,515,North,25204,91714.0,,16:23:58,16:24:33,2,2638,4th Ave & Cherry St,8.0,0.0
2025-10-14,515,North,25204,91714.0,,16:26:31,16:27:22,3,641,4th Ave & Seneca St,8.0,0.0
2025-10-14,515,North,25204,91714.0,16:16:00,16:29:17,16:30:20,4,2976,4th Ave & Pine St,5.0,0.0
2025-10-14,515,North,25204,91714.0,,16:32:50,16:34:01,5,473,Olive Way & 6th Ave,11.0,0.0
2025-10-14,515,North,25204,91714.0,16:20:00,16:38:02,16:38:53,6,430,Howell St & 9th Ave,8.0,0.0
2025-10-14,515,North,25204,91714.0,,16:44:11,16:44:12,7,431,Howell St & Yale Ave,6.0,0.0
2025-10-14,515,North,25204,91714.0,16:43:00,17:06:24,17:07:00,10,2766,Mountlake Terrace Fwy Station Bay 7,0.0,7.0
2025-10-14,515,North,25204,91714.0,16:59:00,17:11:49,17:11:49,11,2118,Lynnwood City Center Station Bay A5,2.0,46.0
2025-10-14,515,North,25205,91721.0,16:20:00,16:40:30,16:40:30,0,640,4th Ave S & S Jackson St,1.0,0.0
2025-10-14,515,North,25205,91721.0,,16:41:17,16:41:33,1,635,4th Ave S & S Washington St,1.0,0.0
2025-10-14,515,North,25205,91721.0,,16:42:50,16:43:40,2,2638,4th Ave & Cherry St,11.0,0.0
2025-10-14,515,North,25205,91721.0,,16:45:08,16:46:16,3,641,4th Ave & Seneca St,3.0,0.0
2025-10-14,515,North,25205,91721.0,16:26:00,16:47:13,16:47:29,4,2976,4th Ave & Pine St,0.0,0.0
2025-10-14,515,North,25205,91721.0,,16:49:13,16:50:29,5,473,Olive Way & 6th Ave,10.0,1.0
2025-10-14,515,North,25205,91721.0,16:30:00,16:51:11,16:52:01,6,430,Howell St & 9th Ave,8.0,1.0
2025-10-14,515,North,25205,91721.0,,16:55:27,16:55:59,7,431,Howell St & Yale Ave,1.0,0.0
2025-10-14,515,North,25205,91721.0,16:53:00,17:17:45,17:18:23,10,2766,Mountlake Terrace Fwy Station Bay 7,0.0,11.0
2025-10-14,515,North,25205,91721.0,17:09:00,17:24:49,17:24:49,11,2118,Lynnwood City Center Station Bay A5,0.0,22.0
2025-10-14,515,North,25206,91909.0,16:30:00,16:32:15,16:32:15,0,640,4th Ave S & S Jackson St,2.0,0.0
2025-10-14,515,North,25206,91909.0,,16:33:27,16:33:27,1,635,4th Ave S & S Washington St,0.0,0.0
2025-10-14,515,North,25206,91909.0,,16:34:23,16:35:01,2,2638,4th Ave & Cherry St,5.0,0.0
2025-10-14,515,North,25206,91909.0,,16:37:00,16:37:45,3,641,4th Ave & Seneca St,7.0,0.0
2025-10-14,515,North,25206,91909.0,16:36:00,16:39:31,16:39:51,4,2976,4th Ave & Pine St,1.0,2.0
2025-10-14,515,North,25206,91909.0,,16:43:16,16:44:56,5,473,Olive Way & 6th Ave,9.0,0.0
2025-10-14,515,North,25206,91909.0,16:40:00,16:46:39,16:47:28,6,430,Howell St & 9th Ave,7.0,2.0
2025-10-14,515,North,25206,91909.0,,16:53:38,16:53:59,7,431,Howell St & Yale Ave,1.0,2.0
2025-10-14,515,North,25206,91909.0,17:03:00,17:15:59,17:16:39,10,2766,Mountlake Terrace Fwy Station Bay 7,0.0,26.0
2025-10-14,515,North,25206,91909.0,17:19:00,17:22:39,17:22:39,11,2118,Lynnwood City Center Station Bay A5,0.0,0.0
2025-10-14,515,North,25207,91716.0,16:40:00,16:43:28,16:43:28,0,640,4th Ave S & S Jackson St,2.0,0.0
2025-10-14,515,North,25207,91716.0,,16:44:00,16:44:08,1,635,4th Ave S & S Washington St,0.0,0.0
2025-10-14,515,North,25207,91716.0,,16:45:49,16:46:11,2,2638,4th Ave & Cherry St,1.0,0.0
2025-10-14,515,North,25207,91716.0,,16:49:02,16:49:19,3,641,4th Ave & Seneca St,0.0,0.0
2025-10-14,515,North,25207,91716.0,16:46:00,16:50:33,16:51:26,4,2976,4th Ave & Pine St,1.0,0.0
2025-10-14,515,North,25207,91716.0,,16:52:44,16:53:30,5,473,Olive Way & 6th Ave,1.0,0.0
2025-10-14,515,North,25207,91716.0,16:50:00,16:55:14,16:55:37,6,430,Howell St & 9th Ave,2.0,0.0
2025-10-14,515,North,25207,91716.0,,17:01:11,17:01:26,7,431,Howell St & Yale Ave,1.0,0.0
2025-10-14,515,North,25207,91716.0,17:13:00,17:22:18,17:22:42,10,2766,Mountlake Terrace Fwy Station Bay 7,0.0,8.0
2025-10-14,515,North,25207,91716.0,17:29:00,17:27:53,17:27:53,11,2118,Lynnwood City Center Station Bay A5,0.0,0.0
2025-10-14,515,North,25208,91710.0,16:50:00,16:50:58,16:50:58,0,640,4th Ave S & S Jackson St,3.0,0.0
2025-10-14,515,North,25208,91710.0,,16:51:34,16:51:34,1,635,4th Ave S & S Washington St,0.0,0.0
2025-10-14,515,North,25208,91710.0,,16:53:14,16:53:31,2,2638,4th Ave & Cherry St,3.0,0.0
2025-10-14,515,North,25208,91710.0,,16:54:56,16:55:13,3,641,4th Ave & Seneca St,0.0,0.0
2025-10-14,515,North,25208,91710.0,16:56:00,16:57:03,16:57:25,4,2976,4th Ave & Pine St,3.0,0.0
2025-10-14,515,North,25208,91710.0,,16:59:42,17:00:58,5,473,Olive Way & 6th Ave,2.0,0.0
2025-10-14,515,North,25208,91710.0,17:00:00,17:02:32,17:02:54,6,430,Howell St & 9th Ave,2.0,1.0
2025-10-14,515,North,25208,91710.0,,17:05:38,17:06:02,7,431,Howell St & Yale Ave,3.0,0.0
2025-10-14,515,North,25208,91710.0,17:22:00,17:26:26,17:26:46,10,2766,Mountlake Terrace Fwy Station Bay 7,0.0,3.0
2025-10-14,515,North,25208,91710.0,17:38:00,17:31:20,17:31:20,11,2118,Lynnwood City Center Station Bay A5,1.0,13.0
2025-10-14,515,North,25209,91701.0,17:00:00,17:00:59,17:00:59,0,640,4th Ave S & S Jackson St,2.0,0.0
2025-10-14,515,North,25209,91701.0,,17:01:58,17:02:05,1,635,4th Ave S & S Washington St,0.0,0.0
2025-10-14,515,North,25209,91701.0,,17:03:52,17:04:26,2,2638,4th Ave & Cherry St,5.0,0.0
2025-10-14,515,North,25209,91701.0,,17:07:14,17:07:42,3,641,4th Ave & Seneca St,2.0,0.0
2025-10-14,515,North,25209,91701.0,17:06:00,17:09:32,17:10:51,4,2976,4th Ave & Pine St,3.0,0.0
2025-10-14,515,North,25209,91701.0,,17:12:04,17:13:01,5,473,Olive Way & 6th Ave,7.0,0.0
2025-10-14,515,North,25209,91701.0,17:10:00,17:14:47,17:15:05,6,430,Howell St & 9th Ave,2.0,0.0
2025-10-14,515,North,25209,91701.0,,17:17:57,17:18:31,7,431,Howell St & Yale Ave,1.0,3.0
2025-10-14,515,North,25209,91701.0,17:32:00,17:40:53,17:42:15,10,2766,Mountlake Terrace Fwy Station Bay 7,1.0,20.0
2025-10-14,515,North,25209,91701.0,17:48:00,17:46:38,17:46:38,11,2118,Lynnwood City Center Station Bay A5,0.0,0.0
2025-10-14,515,North,25210,91706.0,17:10:00,17:12:01,17:12:01,0,640,4th Ave S & S Jackson St,4.0,0.0
2025-10-14,515,North,25210,91706.0,,17:12:44,17:12:57,1,635,4th Ave S & S Washington St,0.0,0.0
2025-10-14,515,North,25210,91706.0,,17:14:27,17:14:46,2,2638,4th Ave & Cherry St,1.0,0.0
2025-10-14,515,North,25210,91706.0,,17:17:27,17:18:16,3,641,4th Ave & Seneca St,12.0,0.0
2025-10-14,515,North,25210,91706.0,17:16:00,17:20:21,17:21:17,4,2976,4th Ave & Pine St,2.0,0.0
2025-10-14,515,North,25210,91706.0,,17:22:26,17:23:28,5,473,Olive Way & 6th Ave,10.0,0.0
2025-10-14,515,North,25210,91706.0,17:20:00,17:25:24,17:25:38,6,430,Howell St & 9th Ave,1.0,0.0
2025-10-14,515,North,25210,91706.0,,17:29:33,17:29:59,7,431,Howell St & Yale Ave,2.0,0.0
2025-10-14,515,North,25210,91706.0,17:42:00,17:52:23,17:52:42,10,2766,Mountlake Terrace Fwy Station Bay 7,0.0,2.0
2025-10-14,515,North,25210,91706.0,17:58:00,17:58:18,17:58:18,11,2118,Lynnwood City Center Station Bay A5,0.0,30.0
2025-10-14,515,North,25211,91910.0,17:20:00,17:20:28,17:20:28,0,640,4th Ave S & S Jackson St,0.0,0.0
2025-10-14,515,North,25211,91910.0,,17:21:27,17:21:27,1,635,4th Ave S & S Washington St,1.0,1.0
2025-10-14,515,North,25211,91910.0,,17:22:18,17:22:54,2,2638,4th Ave & Cherry St,6.0,0.0
2025-10-14,515,North,25211,91910.0,,17:27:18,17:28:13,3,641,4th Ave & Seneca St,8.0,0.0
2025-10-14,515,North,25211,91910.0,17:26:00,17:29:31,17:31:01,4,2976,4th Ave & Pine St,3.0,0.0
2025-10-14,515,North,25211,91910.0,,17:31:40,17:32:32,5,473,Olive Way & 6th Ave,6.0,0.0
2025-10-14,515,North,25211,91910.0,17:30:00,17:34:09,17:34:34,6,430,Howell St & 9th Ave,5.0,1.0
2025-10-14,515,North,25211,91910.0,,17:38:36,17:39:13,7,431,Howell St & Yale Ave,4.0,0.0
2025-10-14,515,North,25211,91910.0,17:51:00,18:01:34,18:02:06,10,2766,Mountlake Terrace Fwy Station Bay 7,0.0,7.0
2025-10-14,515,North,25211,91910.0,18:06:00,18:06:34,18:06:34,11,2118,Lynnwood City Center Station Bay A5,1.0,25.0
2025-10-14,515,North,25212,91913.0,17:40:00,17:40:25,17:40:25,0,640,4th Ave S & S Jackson St,1.0,0.0
2025-10-14,515,North,25212,91913.0,,17:41:04,17:41:23,1,635,4th Ave S & S Washington St,1.0,0.0
2025-10-14,515,North,25212,91913.0,,17:42:48,17:43:24,2,2638,4th Ave & Cherry St,5.0,0.0
2025-10-14,515,North,25212,91913.0,,17:45:04,17:45:42,3,641,4th Ave & Seneca St,4.0,0.0
2025-10-14,515,North,25212,91913.0,17:46:00,17:47:24,17:47:38,4,2976,4th Ave & Pine St,0.0,2.0
2025-10-14,515,North,25212,91913.0,,17:50:46,17:52:01,5,473,Olive Way & 6th Ave,6.0,0.0
2025-10-14,515,North,25212,91913.0,17:50:00,17:52:38,17:53:27,6,430,Howell St & 9th Ave,5.0,0.0
2025-10-14,515,North,25212,91913.0,,17:56:40,17:57:12,7,431,Howell St & Yale Ave,3.0,0.0
2025-10-14,515,North,25212,91913.0,18:09:00,18:17:23,18:17:54,10,2766,Mountlake Terrace Fwy Station Bay 7,0.0,23.0
2025-10-14,515,North,25212,91913.0,18:23:00,18:22:59,18:22:59,11,2118,Lynnwood City Center Station Bay A5,0.0,0.0
2025-10-14,515,North,25213,91702.0,18:00:00,18:02:02,18:02:02,0,640,4th Ave S & S Jackson St,9.0,0.0
2025-10-14,515,North,25213,91702.0,,,,1,635,4th Ave S & S Washington St,,
2025-10-14,515,North,25213,91702.0,,18:04:09,18:04:49,2,2638,4th Ave & Cherry St,2.0,0.0
2025-10-14,515,North,25213,91702.0,,18:06:50,18:07:21,3,641,4th Ave & Seneca St,1.0,0.0
2025-10-14,515,North,25213,91702.0,18:06:00,18:09:52,18:10:23,4,2976,4th Ave & Pine St,3.0,2.0
2025-10-14,515,North,25213,91702.0,,18:12:10,18:13:00,5,473,Olive Way & 6th Ave,3.0,0.0
2025-10-14,515,North,25213,91702.0,18:09:00,18:14:33,18:15:00,6,430,Howell St & 9th Ave,2.0,0.0
2025-10-14,515,North,25213,91702.0,,18:17:35,18:17:58,7,431,Howell St & Yale Ave,1.0,0.0
2025-10-14,515,North,25213,91702.0,18:27:00,18:35:48,18:36:17,10,2766,Mountlake Terrace Fwy Station Bay 7,0.0,6.0
2025-10-14,515,North,25213,91702.0,18:39:00,18:41:40,18:41:40,11,2118,Lynnwood City Center Station Bay A5,1.0,14.0
2025-10-14,515,North,25214,91714.0,18:20:00,18:20:57,18:20:57,0,640,4th Ave S & S Jackson St,1.0,0.0
2025-10-14,515,North,25214,91714.0,,18:21:53,18:22:03,1,635,4th Ave S & S Washington St,0.0,0.0
2025-10-14,515,North,25214,91714.0,,18:24:06,18:24:27,2,2638,4th Ave & Cherry St,1.0,0.0
2025-10-14,515,North,25214,91714.0,,18:26:55,18:27:23,3,641,4th Ave & Seneca St,1.0,0.0
2025-10-14,515,North,25214,91714.0,18:26:00,18:29:32,18:30:31,4,2976,4th Ave & Pine St,2.0,0.0
2025-10-14,515,North,25214,91714.0,,18:31:33,18:32:31,5,473,Olive Way & 6th Ave,3.0,0.0
2025-10-14,515,North,25214,91714.0,18:29:00,18:34:03,18:34:29,6,430,Howell St & 9th Ave,2.0,0.0
2025-10-14,515,North,25214,91714.0,,18:37:06,18:37:21,7,431,Howell St & Yale Ave,1.0,0.0
2025-10-14,515,North,25214,91714.0,18:47:00,18:52:23,18:52:23,10,2766,Mountlake Terrace Fwy Station Bay 7,0.0,11.0
2025-10-14,515,North,25214,91714.0,18:59:00,18:57:21,18:57:21,11,2118,Lynnwood City Center Station Bay A5,0.0,0.0
2025-10-14,515,North,25215,91728.0,18:40:00,18:43:47,18:43:47,0,640,4th Ave S & S Jackson St,0.0,0.0
2025-10-14,515,North,25215,91728.0,,18:44:15,18:44:55,1,635,4th Ave S & S Washington St,1.0,0.0
2025-10-14,515,North,25215,91728.0,,18:46:01,18:47:39,2,2638,4th Ave & Cherry St,1.0,0.0
2025-10-14,515,North,25215,91728.0,,18:49:44,18:50:45,3,641,4th Ave & Seneca St,2.0,0.0
2025-10-14,515,North,25215,91728.0,18:46:00,18:52:13,18:52:50,4,2976,4th Ave & Pine St,1.0,0.0
2025-10-14,515,North,25215,91728.0,,18:53:54,18:55:01,5,473,Olive Way & 6th Ave,1.0,0.0
2025-10-14,515,North,25215,91728.0,18:49:00,18:56:39,18:57:07,6,430,Howell St & 9th Ave,3.0,0.0
2025-10-14,515,North,25215,91728.0,,18:59:42,19:00:13,7,431,Howell St & Yale Ave,1.0,0.0
2025-10-14,515,North,25215,91728.0,19:07:00,19:14:40,19:15:09,10,2766,Mountlake Terrace Fwy Station Bay 7,0.0,3.0
2025-10-14,515,North,25215,91728.0,19:16:00,19:19:13,19:19:13,11,2118,Lynnwood City Center Station Bay A5,0.0,7.0
2025-10-14,515,South,25216,91903.0,04:30:00,04:31:07,04:31:07,0,2113,Lynnwood City Center Station Bay D1,25.0,0.0
2025-10-14,515,South,25216,91903.0,04:34:00,04:34:07,04:34:17,1,2765,Mountlake Terrace Fwy Station Bay 6,0.0,0.0
2025-10-14,515,South,25216,91903.0,04:51:00,04:48:15,04:49:04,4,1909,Stewart St & 9th Ave,0.0,3.0
2025-10-14,515,South,25216,91903.0,,04:50:04,04:50:25,5,1908,Stewart St & 7th Ave,0.0,6.0
2025-10-14,515,South,25216,91903.0,04:56:00,04:51:31,04:52:21,6,2698,5th Ave & Pine St,0.0,3.0
2025-10-14,515,South,25216,91903.0,,04:53:16,04:53:33,7,2700,5th Ave & Seneca St,0.0,4.0
2025-10-14,515,South,25216,91903.0,,04:54:30,04:55:08,8,2702,5th Ave & Marion St,0.0,5.0
2025-10-14,515,South,25216,91903.0,,04:56:31,04:56:54,9,2290,5th Ave & Jefferson St,0.0,4.0
2025-10-14,515,South,25216,91903.0,05:04:00,04:59:00,04:59:00,10,2706,5th Ave S & S Jackson St,0.0,0.0
2025-10-14,515,South,25217,91724.0,04:50:00,04:50:20,04:50:20,0,2113,Lynnwood City Center Station Bay D1,14.0,0.0
2025-10-14,515,South,25217,91724.0,04:54:00,04:54:29,04:55:05,1,2765,Mountlake Terrace Fwy Station Bay 6,4.0,0.0
2025-10-14,515,South,25217,91724.0,05:11:00,05:09:17,05:09:37,4,1909,Stewart St & 9th Ave,0.0,3.0
2025-10-14,515,South,25217,91724.0,,05:11:06,05:11:28,5,1908,Stewart St & 7th Ave,0.0,3.0
2025-10-14,515,South,25217,91724.0,05:16:00,05:12:37,05:13:23,6,2698,5th Ave & Pine St,0.0,0.0
2025-10-14,515,South,25217,91724.0,,05:15:00,05:15:26,7,2700,5th Ave & Seneca St,0.0,2.0
2025-10-14,515,South,25217,91724.0,,05:16:36,05:16:56,8,2702,5th Ave & Marion St,0.0,1.0
2025-10-14,515,South,25217,91724.0,,05:17:50,05:18:20,9,2290,5th Ave & Jefferson St,0.0,5.0
2025-10-14,515,South,25217,91724.0,05:24:00,05:20:20,05:20:20,10,2706,5th Ave S & S Jackson St,0.0,4.0
2025-10-14,515,South,25218,91702.0,05:10:00,05:11:36,05:11:36,0,2113,Lynnwood City Center Station Bay D1,26.0,0.0
2025-10-14,515,South,25218,91702.0,05:14:00,05:15:48,05:16:12,1,2765,Mountlake Terrace Fwy Station Bay 6,3.0,0.0
2025-10-14,515,South,25218,91702.0,05:31:00,05:31:27,05:32:09,4,1909,Stewart St & 9th Ave,0.0,9.0
2025-10-14,515,South,25218,91702.0,,05:33:10,05:33:38,5,1908,Stewart St & 7th Ave,0.0,4.0
2025-10-14,515,South,25218,91702.0,05:36:00,05:35:30,05:36:23,6,2698,5th Ave & Pine St,0.0,1.0
2025-10-14,515,South,25218,91702.0,,05:38:02,05:38:32,7,2700,5th Ave & Seneca St,0.0,5.0
2025-10-14,515,South,25218,91702.0,,05:39:40,05:40:29,8,2702,5th Ave & Marion St,0.0,8.0
2025-10-14,515,South,25218,91702.0,,05:41:43,05:42:05,9,2290,5th Ave & Jefferson St,0.0,2.0
2025-10-14,515,South,25218,91702.0,05:44:00,05:43:36,05:43:36,10,2706,5th Ave S & S Jackson St,0.0,0.0
2025-10-14,515,South,25219,91727.0,05:30:00,05:31:23,05:31:23,0,2113,Lynnwood City Center Station Bay D1,25.0,0.0
2025-10-14,515,South,25219,91727.0,05:34:00,05:35:45,05:36:10,1,2765,Mountlake Terrace Fwy Station Bay 6,1.0,0.0
2025-10-14,515,South,25219,91727.0,05:51:00,05:51:20,05:52:06,4,1909,Stewart St & 9th Ave,0.0,6.0
2025-10-14,515,South,25219,91727.0,,05:53:06,05:53:31,5,1908,Stewart St & 7th Ave,0.0,0.0
2025-10-14,515,South,25219,91727.0,05:56:00,05:55:34,05:56:20,6,2698,5th Ave & Pine St,0.0,0.0
2025-10-14,515,South,25219,91727.0,,05:58:15,05:58:52,7,2700,5th Ave & Seneca St,0.0,5.0
2025-10-14,515,South,25219,91727.0,,05:59:43,06:00:27,8,2702,5th Ave & Marion St,0.0,10.0
2025-10-14,515,South,25219,91727.0,,06:01:32,06:01:57,9,2290,5th Ave & Jefferson St,0.0,2.0
2025-10-14,515,South,25219,91727.0,06:05:00,06:05:01,06:05:01,10,2706,5th Ave S & S Jackson St,0.0,3.0
2025-10-14,515,South,25220,,05:55:00,,,0,2113,Lynnwood City Center Station Bay D1,,
2025-10-14,515,South,25220,,05:59:00,,,1,2765,Mountlake Terrace Fwy Station Bay 6,,
2025-10-14,515,South,25220,,06:16:00,,,4,1909,Stewart St & 9th Ave,,
2025-10-14,515,South,25220,,,,,5,1908,Stewart St & 7th Ave,,
2025-10-14,515,South,25220,,06:21:00,,,6,2698,5th Ave & Pine St,,
2025-10-14,515,South,25220,,,,,7,2700,5th Ave & Seneca St,,
2025-10-14,515,South,25220,,,,,8,2702,5th Ave & Marion St,,
2025-10-14,515,South,25220,,,,,9,2290,5th Ave & Jefferson St,,
2025-10-14,515,South,25220,,06:30:00,,,10,2706,5th Ave S & S Jackson St,,
2025-10-14,515,South,25221,91724.0,06:05:00,06:08:35,06:08:35,0,2113,Lynnwood City Center Station Bay D1,71.0,0.0
2025-10-14,515,South,25221,91724.0,06:09:00,06:12:35,06:13:22,1,2765,Mountlake Terrace Fwy Station Bay 6,6.0,0.0
2025-10-14,515,South,25221,91724.0,06:27:00,06:28:04,06:29:15,4,1909,Stewart St & 9th Ave,0.0,18.0
2025-10-14,515,South,25221,91724.0,,06:30:10,06:30:47,5,1908,Stewart St & 7th Ave,1.0,9.0
2025-10-14,515,South,25221,91724.0,06:32:00,06:33:21,06:34:36,6,2698,5th Ave & Pine St,0.0,6.0
2025-10-14,515,South,25221,91724.0,,06:36:31,06:37:18,7,2700,5th Ave & Seneca St,0.0,13.0
2025-10-14,515,South,25221,91724.0,,06:38:36,06:39:28,8,2702,5th Ave & Marion St,0.0,17.0
2025-10-14,515,South,25221,91724.0,,06:40:28,06:40:58,9,2290,5th Ave & Jefferson St,0.0,10.0
2025-10-14,515,South,25221,91724.0,06:41:00,06:42:38,06:42:38,10,2706,5th Ave S & S Jackson St,0.0,5.0
2025-10-14,515,South,25222,91718.0,06:15:00,06:15:15,06:15:15,0,2113,Lynnwood City Center Station Bay D1,36.0,0.0
2025-10-14,515,South,25222,91718.0,06:19:00,06:19:25,06:19:44,1,2765,Mountlake Terrace Fwy Station Bay 6,0.0,0.0
2025-10-14,515,South,25222,91718.0,06:37:00,06:36:06,06:36:45,4,1909,Stewart St & 9th Ave,0.0,3.0
2025-10-14,515,South,25222,91718.0,,06:37:40,06:38:08,5,1908,Stewart St & 7th Ave,0.0,5.0
2025-10-14,515,South,25222,91718.0,06:42:00,06:39:30,06:40:37,6,2698,5th Ave & Pine St,0.0,4.0
2025-10-14,515,South,25222,91718.0,,06:41:32,06:42:19,7,2700,5th Ave & Seneca St,0.0,12.0
2025-10-14,515,South,25222,91718.0,,06:43:03,06:43:47,8,2702,5th Ave & Marion St,0.0,6.0
2025-10-14,515,South,25222,91718.0,,06:44:58,06:45:36,9,2290,5th Ave & Jefferson St,0.0,5.0
2025-10-14,515,South,25222,91718.0,06:52:00,06:47:17,06:47:17,10,2706,5th Ave S & S Jackson St,0.0,1.0
2025-10-14,515,South,25223,91702.0,06:25:00,06:29:19,06:29:19,0,2113,Lynnwood City Center Station Bay D1,52.0,0.0
2025-10-14,515,South,25223,91702.0,06:29:00,06:33:56,06:34:54,1,2765,Mountlake Terrace Fwy Station Bay 6,6.0,0.0
2025-10-14,515,South,25223,91702.0,06:49:00,06:50:37,06:51:16,4,1909,Stewart St & 9th Ave,0.0,13.0
2025-10-14,515,South,25223,91702.0,,06:52:45,06:53:26,5,1908,Stewart St & 7th Ave,0.0,15.0
2025-10-14,515,South,25223,91702.0,06:54:00,06:55:57,06:57:07,6,2698,5th Ave & Pine St,0.0,2.0
2025-10-14,515,South,25223,91702.0,,06:59:25,07:00:18,7,2700,5th Ave & Seneca St,2.0,9.0
2025-10-14,515,South,25223,91702.0,,07:01:21,07:02:07,8,2702,5th Ave & Marion St,0.0,15.0
2025-10-14,515,South,25223,91702.0,,07:04:09,07:04:54,9,2290,5th Ave & Jefferson St,0.0,6.0
2025-10-14,515,South,25223,91702.0,07:05:00,07:07:10,07:07:10,10,2706,5th Ave S & S Jackson St,0.0,0.0
2025-10-14,515,South,25224,,06:35:00,,,0,2113,Lynnwood City Center Station Bay D1,,
2025-10-14,515,South,25224,,06:39:00,,,1,2765,Mountlake Terrace Fwy Station Bay 6,,
2025-10-14,515,South,25224,,07:00:00,,,4,1909,Stewart St & 9th Ave,,
2025-10-14,515,South,25224,,,,,5,1908,Stewart St & 7th Ave,,
2025-10-14,515,South,25224,,07:05:00,,,6,2698,5th Ave & Pine St,,
2025-10-14,515,South,25224,,,,,7,2700,5th Ave & Seneca St,,
2025-10-14,515,South,25224,,,,,8,2702,5th Ave & Marion St,,
2025-10-14,515,South,25224,,,,,9,2290,5th Ave & Jefferson St,,
2025-10-14,515,South,25224,,07:16:00,,,10,2706,5th Ave S & S Jackson St,,
2025-10-14,515,South,25225,91730.0,06:45:00,06:49:13,06:49:13,0,2113,Lynnwood City Center Station Bay D1,55.0,0.0
2025-10-14,515,South,25225,91730.0,06:50:00,06:52:50,06:54:41,1,2765,Mountlake Terrace Fwy Station Bay 6,6.0,0.0
2025-10-14,515,South,25225,91730.0,07:11:00,07:10:45,07:11:28,4,1909,Stewart St & 9th Ave,0.0,16.0
2025-10-14,515,South,25225,91730.0,,07:12:14,07:12:55,5,1908,Stewart St & 7th Ave,0.0,14.0
2025-10-14,515,South,25225,91730.0,07:16:00,07:15:23,07:16:33,6,2698,5th Ave & Pine St,0.0,5.0
2025-10-14,515,South,25225,91730.0,,07:17:21,07:17:55,7,2700,5th Ave & Seneca St,0.0,7.0
2025-10-14,515,South,25225,91730.0,,07:19:02,07:19:40,8,2702,5th Ave & Marion St,0.0,9.0
2025-10-14,515,South,25225,91730.0,,07:21:00,07:21:30,9,2290,5th Ave & Jefferson St,0.0,9.0
2025-10-14,515,South,25225,91730.0,07:27:00,07:24:08,07:24:08,10,2706,5th Ave S & S Jackson St,0.0,1.0
2025-10-14,515,South,25226,91720.0,06:55:00,06:56:42,06:56:42,0,2113,Lynnwood City Center Station Bay D1,35.0,0.0
2025-10-14,515,South,25226,91720.0,07:00:00,07:01:22,07:02:09,1,2765,Mountlake Terrace Fwy Station Bay 6,6.0,0.0
2025-10-14,515,South,25226,91720.0,07:21:00,07:17:46,07:18:24,4,1909,Stewart St & 9th Ave,1.0,15.0
2025-10-14,515,South,25226,91720.0,,07:19:40,07:20:24,5,1908,Stewart St & 7th Ave,0.0,6.0
2025-10-14,515,South,25226,91720.0,07:26:00,07:22:51,07:24:05,6,2698,5th Ave & Pine St,0.0,6.0
2025-10-14,515,South,25226,91720.0,,07:25:05,07:25:39,7,2700,5th Ave & Seneca St,0.0,10.0
2025-10-14,515,South,25226,91720.0,,07:26:40,07:27:14,8,2702,5th Ave & Marion St,0.0,1.0
2025-10-14,515,South,25226,91720.0,,07:28:28,07:28:52,9,2290,5th Ave & Jefferson St,0.0,2.0
2025-10-14,515,South,25226,91720.0,07:37:00,07:30:51,07:30:51,10,2706,5th Ave S & S Jackson St,0.0,2.0
2025-10-14,515,South,25227,91704.0,07:05:00,07:06:41,07:06:41,0,2113,Lynnwood City Center Station Bay D1,30.0,0.0
2025-10-14,515,South,25227,91704.0,07:10:00,07:11:26,07:12:12,1,2765,Mountlake Terrace Fwy Station Bay 6,6.0,0.0
2025-10-14,515,South,25227,91704.0,07:34:00,07:30:18,07:30:49,4,1909,Stewart St & 9th Ave,0.0,14.0
2025-10-14,515,South,25227,91704.0,,07:31:36,07:32:06,5,1908,Stewart St & 7th Ave,0.0,4.0
2025-10-14,515,South,25227,91704.0,07:39:00,07:33:15,07:34:32,6,2698,5th Ave & Pine St,0.0,6.0
2025-10-14,515,South,25227,91704.0,,07:36:28,07:36:54,7,2700,5th Ave & Seneca St,0.0,4.0
2025-10-14,515,South,25227,91704.0,,07:38:34,07:39:13,8,2702,5th Ave & Marion St,0.0,3.0
2025-10-14,515,South,25227,91704.0,,07:40:24,07:40:59,9,2290,5th Ave & Jefferson St,0.0,4.0
2025-10-14,515,South,25227,91704.0,07:50:00,07:42:33,07:42:33,10,2706,5th Ave S & S Jackson St,0.0,1.0
2025-10-14,515,South,25228,,07:15:00,,,0,2113,Lynnwood City Center Station Bay D1,,
2025-10-14,515,South,25228,,07:20:00,,,1,2765,Mountlake Terrace Fwy Station Bay 6,,
2025-10-14,515,South,25228,,07:51:00,,,4,1909,Stewart St & 9th Ave,,
2025-10-14,515,South,25228,,,,,5,1908,Stewart St & 7th Ave,,
2025-10-14,515,South,25228,,07:56:00,,,6,2698,5th Ave & Pine St,,
2025-10-14,515,South,25228,,,,,7,2700,5th Ave & Seneca St,,
2025-10-14,515,South,25228,,,,,8,2702,5th Ave & Marion St,,
2025-10-14,515,South,25228,,,,,9,2290,5th Ave & Jefferson St,,
2025-10-14,515,South,25228,,08:07:00,,,10,2706,5th Ave S & S Jackson St,,
2025-10-14,515,South,25229,19816.0,07:25:00,07:26:57,07:26:57,0,2113,Lynnwood City Center Station Bay D1,48.0,0.0
2025-10-14,515,South,25229,19816.0,07:30:00,07:32:51,07:34:28,1,2765,Mountlake Terrace Fwy Station Bay 6,17.0,0.0
2025-10-14,515,South,25229,19816.0,08:02:00,08:01:47,08:02:25,4,1909,Stewart St & 9th Ave,2.0,28.0
2025-10-14,515,South,25229,19816.0,,08:03:07,08:03:30,5,1908,Stewart St & 7th Ave,0.0,12.0
2025-10-14,515,South,25229,19816.0,08:07:00,08:04:55,08:05:09,6,2698,5th Ave & Pine St,0.0,1.0
2025-10-14,515,South,25229,19816.0,,08:07:10,08:07:28,7,2700,5th Ave & Seneca St,0.0,8.0
2025-10-14,515,South,25229,19816.0,,08:08:36,08:09:15,8,2702,5th Ave & Marion St,0.0,12.0
2025-10-14,515,South,25229,19816.0,,08:10:32,08:10:54,9,2290,5th Ave & Jefferson St,0.0,6.0
2025-10-14,515,South,25229,19816.0,08:18:00,08:12:45,08:12:45,10,2706,5th Ave S & S Jackson St,0.0,0.0
2025-10-14,515,South,25230,,07:35:00,,,0,2113,Lynnwood City Center Station Bay D1,,
2025-10-14,515,South,25230,,07:40:00,,,1,2765,Mountlake Terrace Fwy Station Bay 6,,
2025-10-14,515,South,25230,,08:13:00,,,4,1909,Stewart St & 9th Ave,,
2025-10-14,515,South,25230,,,,,5,1908,Stewart St & 7th Ave,,
2025-10-14,515,South,25230,,08:18:00,,,6,2698,5th Ave & Pine St,,
2025-10-14,515,South,25230,,,,,7,2700,5th Ave & Seneca St,,
2025-10-14,515,South,25230,,,,,8,2702,5th Ave & Marion St,,
2025-10-14,515,South,25230,,,,,9,2290,5th Ave & Jefferson St,,
2025-10-14,515,South,25230,,08:29:00,,,10,2706,5th Ave S & S Jackson St,,
2025-10-14,515,South,25231,91722.0,07:45:00,07:50:46,07:50:46,0,2113,Lynnwood City Center Station Bay D1,49.0,0.0
2025-10-14,515,South,25231,91722.0,07:50:00,07:56:45,07:57:40,1,2765,Mountlake Terrace Fwy Station Bay 6,9.0,0.0
2025-10-14,515,South,25231,91722.0,08:23:00,08:34:43,08:35:47,4,1909,Stewart St & 9th Ave,0.0,29.0
2025-10-14,515,South,25231,91722.0,,08:36:44,08:37:19,5,1908,Stewart St & 7th Ave,0.0,10.0
2025-10-14,515,South,25231,91722.0,08:28:00,08:39:27,08:40:36,6,2698,5th Ave & Pine St,5.0,5.0
2025-10-14,515,South,25231,91722.0,,08:42:35,08:43:09,7,2700,5th Ave & Seneca St,0.0,4.0
2025-10-14,515,South,25231,91722.0,,08:44:41,08:45:19,8,2702,5th Ave & Marion St,0.0,9.0
2025-10-14,515,South,25231,91722.0,,08:47:35,08:48:33,9,2290,5th Ave & Jefferson St,0.0,2.0
2025-10-14,515,South,25231,91722.0,08:39:00,08:50:49,08:50:49,10,2706,5th Ave S & S Jackson St,0.0,4.0
2025-10-14,515,South,25232,19813.0,07:55:00,07:55:55,07:55:55,0,2113,Lynnwood City Center Station Bay D1,14.0,0.0
2025-10-14,515,South,25232,19813.0,08:00:00,08:02:09,08:02:47,1,2765,Mountlake Terrace Fwy Station Bay 6,1.0,0.0
2025-10-14,515,South,25232,19813.0,08:35:00,08:40:50,08:41:27,4,1909,Stewart St & 9th Ave,0.0,7.0
2025-10-14,515,South,25232,19813.0,,08:42:17,08:43:05,5,1908,Stewart St & 7th Ave,0.0,3.0
2025-10-14,515,South,25232,19813.0,08:40:00,08:46:56,08:48:06,6,2698,5th Ave & Pine St,0.0,1.0
2025-10-14,515,South,25232,19813.0,,08:50:29,08:50:43,7,2700,5th Ave & Seneca St,0.0,1.0
2025-10-14,515,South,25232,19813.0,,08:54:45,08:55:48,8,2702,5th Ave & Marion St,0.0,3.0
2025-10-14,515,South,25232,19813.0,,08:56:59,08:57:34,9,2290,5th Ave & Jefferson St,0.0,0.0
2025-10-14,515,South,25232,19813.0,08:51:00,08:59:15,08:59:15,10,2706,5th Ave S & S Jackson St,0.0,0.0
2025-10-14,515,South,25233,91730.0,08:15:00,08:15:43,08:15:43,0,2113,Lynnwood City Center Station Bay D1,12.0,0.0
2025-10-14,515,South,25233,91730.0,08:19:00,08:20:36,08:21:36,1,2765,Mountlake Terrace Fwy Station Bay 6,11.0,0.0
2025-10-14,515,South,25233,91730.0,08:58:00,08:56:49,08:57:21,4,1909,Stewart St & 9th Ave,1.0,12.0
2025-10-14,515,South,25233,91730.0,,08:58:39,08:59:10,5,1908,Stewart St & 7th Ave,1.0,3.0
2025-10-14,515,South,25233,91730.0,09:03:00,09:00:23,09:01:32,6,2698,5th Ave & Pine St,1.0,3.0
2025-10-14,515,South,25233,91730.0,,09:03:42,09:04:21,7,2700,5th Ave & Seneca St,0.0,5.0
2025-10-14,515,South,25233,91730.0,,09:05:35,09:06:17,8,2702,5th Ave & Marion St,0.0,2.0
2025-10-14,515,South,25233,91730.0,,09:08:33,09:08:53,9,2290,5th Ave & Jefferson St,0.0,1.0
2025-10-14,515,South,25233,91730.0,09:14:00,09:10:46,09:10:46,10,2706,5th Ave S & S Jackson St,0.0,0.0
2025-10-14,515,South,25234,91911.0,08:35:00,08:35:18,08:35:18,0,2113,Lynnwood City Center Station Bay D1,7.0,0.0
2025-10-14,515,South,25234,91911.0,08:39:00,08:39:33,08:40:14,1,2765,Mountlake Terrace Fwy Station Bay 6,7.0,0.0
2025-10-14,515,South,25234,91911.0,09:18:00,09:16:44,09:17:15,4,1909,Stewart St & 9th Ave,0.0,8.0
2025-10-14,515,South,25234,91911.0,,09:18:06,09:18:38,5,1908,Stewart St & 7th Ave,0.0,4.0
2025-10-14,515,South,25234,91911.0,09:23:00,09:21:18,09:21:26,6,2698,5th Ave & Pine St,0.0,0.0
2025-10-14,515,South,25234,91911.0,,09:23:09,09:23:22,7,2700,5th Ave & Seneca St,0.0,1.0
2025-10-14,515,South,25234,91911.0,,09:24:59,09:25:11,8,2702,5th Ave & Marion St,0.0,1.0
2025-10-14,515,South,25234,91911.0,,09:26:29,09:26:37,9,2290,5th Ave & Jefferson St,0.0,0.0
2025-10-14,515,South,25234,91911.0,09:34:00,09:29:01,09:29:01,10,2706,5th Ave S & S Jackson St,0.0,0.0
2025-10-14,515,South,25235,91711.0,08:55:00,08:55:08,08:55:08,0,2113,Lynnwood City Center Station Bay D1,7.0,0.0
2025-10-14,515,South,25235,91711.0,08:59:00,08:59:31,09:00:03,1,2765,Mountlake Terrace Fwy Station Bay 6,3.0,0.0
2025-10-14,515,South,25235,91711.0,09:38:00,09:26:36,09:26:59,4,1909,Stewart St & 9th Ave,1.0,5.0
2025-10-14,515,South,25235,91711.0,,09:27:32,09:27:51,5,1908,Stewart St & 7th Ave,0.0,4.0
2025-10-14,515,South,25235,91711.0,09:43:00,09:28:53,09:29:07,6,2698,5th Ave & Pine St,0.0,0.0
2025-10-14,515,South,25235,91711.0,,09:32:01,09:32:16,7,2700,5th Ave & Seneca St,0.0,1.0
2025-10-14,515,South,25235,91711.0,,09:33:53,09:33:53,8,2702,5th Ave & Marion St,0.0,0.0
2025-10-14,515,South,25235,91711.0,,09:35:32,09:35:32,9,2290,5th Ave & Jefferson St,0.0,1.0
2025-10-14,515,South,25235,91711.0,09:54:00,09:38:46,09:38:46,10,2706,5th Ave S & S Jackson St,0.0,0.0
2025-10-15,515,North,25197,91902.0,15:00:00,15:00:13,15:00:13,0,640,4th Ave S & S Jackson St,4.0,0.0
2025-10-15,515,North,25197,91902.0,,15:00:49,15:01:16,1,635,4th Ave S & S Washington St,1.0,0.0
2025-10-15,515,North,25197,91902.0,,15:03:32,15:04:14,2,2638,4th Ave & Cherry St,5.0,0.0
2025-10-15,515,North,25197,91902.0,,15:05:35,15:06:28,3,641,4th Ave & Seneca St,5.0,0.0
2025-10-15,515,North,25197,91902.0,15:06:00,15:08:00,15:08:41,4,2976,4th Ave & Pine St,4.0,0.0
2025-10-15,515,North,25197,91902.0,,15:09:57,15:10:48,5,473,Olive Way & 6th Ave,3.0,9.0
2025-10-15,515,North,25197,91902.0,15:10:00,15:12:28,15:13:33,6,430,Howell St & 9th Ave,3.0,0.0
2025-10-15,515,North,25197,91902.0,,15:16:04,15:16:33,7,431,Howell St & Yale Ave,2.0,0.0
2025-10-15,515,North,25197,91902.0,15:30:00,15:33:47,15:34:07,10,2766,Mountlake Terrace Fwy Station Bay 7,0.0,18.0
2025-10-15,515,North,25197,91902.0,15:38:00,15:38:57,15:38:57,11,2118,Lynnwood City Center Station Bay A5,0.0,0.0
2025-10-15,515,North,25198,91909.0,15:10:00,15:11:37,15:11:37,0,640,4th Ave S & S Jackson St,1.0,0.0
2025-10-15,515,North,25198,91909.0,,15:12:45,15:13:02,1,635,4th Ave S & S Washington St,1.0,0.0
2025-10-15,515,North,25198,91909.0,,15:15:31,15:16:22,2,2638,4th Ave & Cherry St,9.0,0.0
2025-10-15,515,North,25198,91909.0,,15:17:28,15:18:28,3,641,4th Ave & Seneca St,2.0,0.0
2025-10-15,515,North,25198,91909.0,15:16:00,15:19:50,15:20:41,4,2976,4th Ave & Pine St,0.0,0.0
2025-10-15,515,North,25198,91909.0,,15:21:57,15:23:01,5,473,Olive Way & 6th Ave,7.0,0.0
2025-10-15,515,North,25198,91909.0,15:20:00,15:24:29,15:25:12,6,430,Howell St & 9th Ave,4.0,3.0
2025-10-15,515,North,25198,91909.0,,15:27:50,15:28:17,7,431,Howell St & Yale Ave,1.0,0.0
2025-10-15,515,North,25198,91909.0,15:40:00,15:46:06,15:46:33,10,2766,Mountlake Terrace Fwy Station Bay 7,0.0,22.0
2025-10-15,515,North,25198,91909.0,15:50:00,15:51:39,15:51:39,11,2118,Lynnwood City Center Station Bay A5,0.0,0.0
2025-10-15,515,North,25199,91901.0,15:20:00,15:20:25,15:20:25,0,640,4th Ave S & S Jackson St,3.0,0.0
2025-10-15,515,North,25199,91901.0,,15:21:47,15:21:47,1,635,4th Ave S & S Washington St,0.0,0.0
2025-10-15,515,North,25199,91901.0,,15:24:44,15:25:16,2,2638,4th Ave & Cherry St,6.0,0.0
2025-10-15,515,North,25199,91901.0,,15:26:49,15:27:10,3,641,4th Ave & Seneca St,3.0,1.0
2025-10-15,515,North,25199,91901.0,15:26:00,15:29:14,15:29:58,4,2976,4th Ave & Pine St,1.0,0.0
2025-10-15,515,North,25199,91901.0,,15:31:10,15:32:02,5,473,Olive Way & 6th Ave,3.0,0.0
2025-10-15,515,North,25199,91901.0,15:30:00,15:33:46,15:34:16,6,430,Howell St & 9th Ave,7.0,0.0
2025-10-15,515,North,25199,91901.0,,15:37:31,15:37:54,7,431,Howell St & Yale Ave,4.0,0.0
2025-10-15,515,North,25199,91901.0,15:51:00,15:55:06,15:55:25,10,2766,Mountlake Terrace Fwy Station Bay 7,0.0,1.0
2025-10-15,515,North,25199,91901.0,16:03:00,15:59:56,15:59:56,11,2118,Lynnwood City Center Station Bay A5,0.0,25.0
2025-10-15,515,North,25200,91701.0,15:30:00,15:30:16,15:30:16,0,640,4th Ave S & S Jackson St,1.0,0.0
2025-10-15,515,North,25200,91701.0,,15:31:23,15:31:58,1,635,4th Ave S & S Washington St,3.0,3.0
2025-10-15,515,North,25200,91701.0,,15:34:04,15:34:44,2,2638,4th Ave & Cherry St,6.0,0.0
2025-10-15,515,North,25200,91701.0,,15:36:20,15:37:13,3,641,4th Ave & Seneca St,4.0,0.0
2025-10-15,515,North,25200,91701.0,15:36:00,15:38:23,15:39:30,4,2976,4th Ave & Pine St,1.0,3.0
2025-10-15,515,North,25200,91701.0,,15:40:31,15:41:23,5,473,Olive Way & 6th Ave,4.0,0.0
2025-10-15,515,North,25200,91701.0,15:40:00,15:43:00,15:43:42,6,430,Howell St & 9th Ave,5.0,0.0
2025-10-15,515,North,25200,91701.0,,15:46:12,15:47:06,7,431,Howell St & Yale Ave,4.0,2.0
2025-10-15,515,North,25200,91701.0,16:02:00,16:06:22,16:06:53,10,2766,Mountlake Terrace Fwy Station Bay 7,0.0,20.0
2025-10-15,515,North,25200,91701.0,16:14:00,16:11:09,16:11:09,11,2118,Lynnwood City Center Station Bay A5,0.0,0.0
2025-10-15,515,North,25201,91907.0,15:40:00,15:41:36,15:41:36,0,640,4th Ave S & S Jackson St,2.0,0.0
2025-10-15,515,North,25201,91907.0,,15:42:03,15:42:09,1,635,4th Ave S & S Washington St,0.0,0.0
2025-10-15,515,North,25201,91907.0,,15:44:43,15:45:35,2,2638,4th Ave & Cherry St,6.0,0.0
2025-10-15,515,North,25201,91907.0,,15:47:04,15:47:28,3,641,4th Ave & Seneca St,1.0,0.0
2025-10-15,515,North,25201,91907.0,15:46:00,15:48:58,15:49:46,4,2976,4th Ave & Pine St,1.0,4.0
2025-10-15,515,North,25201,91907.0,,15:50:51,15:52:15,5,473,Olive Way & 6th Ave,3.0,0.0
2025-10-15,515,North,25201,91907.0,15:50:00,15:53:57,15:54:55,6,430,Howell St & 9th Ave,4.0,0.0
2025-10-15,515,North,25201,91907.0,,15:58:04,15:58:45,7,431,Howell St & Yale Ave,4.0,0.0
2025-10-15,515,North,25201,91907.0,16:12:00,16:18:09,16:18:32,10,2766,Mountlake Terrace Fwy Station Bay 7,0.0,17.0
2025-10-15,515,North,25201,91907.0,16:27:00,16:23:00,16:23:00,11,2118,Lynnwood City Center Station Bay A5,0.0,0.0
2025-10-15,515,North,25202,91718.0,15:50:00,15:50:12,15:50:12,0,640,4th Ave S & S Jackson St,0.0,0.0
2025-10-15,515,North,25202,91718.0,,15:50:41,15:50:56,1,635,4th Ave S & S Washington St,2.0,0.0
2025-10-15,515,North,25202,91718.0,,15:51:59,15:52:32,2,2638,4th Ave & Cherry St,5.0,0.0
2025-10-15,515,North,25202,91718.0,,15:54:02,15:54:21,3,641,4th Ave & Seneca St,3.0,0.0
2025-10-15,515,North,25202,91718.0,15:56:00,15:56:00,15:56:25,4,2976,4th Ave & Pine St,3.0,1.0
2025-10-15,515,North,25202,91718.0,,15:58:07,15:58:38,5,473,Olive Way & 6th Ave,6.0,0.0
2025-10-15,515,North,25202,91718.0,16:00:00,16:00:09,16:00:46,6,430,Howell St & 9th Ave,8.0,0.0
2025-10-15,515,North,25202,91718.0,,16:04:02,16:04:19,7,431,Howell St & Yale Ave,1.0,2.0
2025-10-15,515,North,25202,91718.0,16:23:00,16:24:33,16:25:01,10,2766,Mountlake Terrace Fwy Station Bay 7,0.0,5.0
2025-10-15,515,North,25202,91718.0,16:39:00,16:30:13,16:30:13,11,2118,Lynnwood City Center Station Bay A5,0.0,20.0
2025-10-15,515,North,25203,9560.0,16:00:00,16:00:10,16:00:10,0,640,4th Ave S & S Jackson St,2.0,0.0
2025-10-15,515,North,25203,9560.0,,16:00:51,16:01:05,1,635,4th Ave S & S Washington St,1.0,0.0
2025-10-15,515,North,25203,9560.0,,16:02:55,16:03:31,2,2638,4th Ave & Cherry St,5.0,0.0
2025-10-15,515,North,25203,9560.0,,16:05:56,16:07:19,3,641,4th Ave & Seneca St,4.0,4.0
2025-10-15,515,North,25203,9560.0,16:06:00,16:08:33,16:09:20,4,2976,4th Ave & Pine St,2.0,4.0
2025-10-15,515,North,25203,9560.0,,16:11:45,16:12:58,5,473,Olive Way & 6th Ave,7.0,4.0
2025-10-15,515,North,25203,9560.0,16:10:00,16:14:49,16:15:32,6,430,Howell St & 9th Ave,6.0,0.0
2025-10-15,515,North,25203,9560.0,,16:19:10,16:19:44,7,431,Howell St & Yale Ave,2.0,0.0
2025-10-15,515,North,25203,9560.0,16:33:00,16:39:21,16:39:44,10,2766,Mountlake Terrace Fwy Station Bay 7,0.0,17.0
2025-10-15,515,North,25203,9560.0,16:49:00,16:45:04,16:45:04,11,2118,Lynnwood City Center Station Bay A5,0.0,0.0
2025-10-15,515,North,25204,91714.0,16:10:00,16:14:41,16:14:41,0,640,4th Ave S & S Jackson St,1.0,0.0
2025-10-15,515,North,25204,91714.0,,16:15:45,16:16:04,1,635,4th Ave S & S Washington St,1.0,0.0
2025-10-15,515,North,25204,91714.0,,16:21:49,16:23:07,2,2638,4th Ave & Cherry St,8.0,0.0
2025-10-15,515,North,25204,91714.0,,16:25:31,16:26:44,3,641,4th Ave & Seneca St,2.0,0.0
2025-10-15,515,North,25204,91714.0,16:16:00,16:30:13,16:31:49,4,2976,4th Ave & Pine St,4.0,0.0
2025-10-15,515,North,25204,91714.0,,16:34:16,16:35:33,5,473,Olive Way & 6th Ave,12.0,0.0
2025-10-15,515,North,25204,91714.0,16:20:00,16:37:40,16:38:23,6,430,Howell St & 9th Ave,4.0,3.0
2025-10-15,515,North,25204,91714.0,,16:41:36,16:42:11,7,431,Howell St & Yale Ave,1.0,0.0
2025-10-15,515,North,25204,91714.0,16:43:00,17:03:50,17:04:35,10,2766,Mountlake Terrace Fwy Station Bay 7,1.0,31.0
2025-10-15,515,North,25204,91714.0,16:59:00,17:09:13,17:09:13,11,2118,Lynnwood City Center Station Bay A5,0.0,0.0
2025-10-15,515,North,25205,19812.0,16:20:00,16:48:53,16:48:53,0,640,4th Ave S & S Jackson St,6.0,0.0
2025-10-15,515,North,25205,19812.0,,16:50:00,16:50:10,1,635,4th Ave S & S Washington St,0.0,0.0
2025-10-15,515,North,25205,19812.0,,16:52:43,16:53:20,2,2638,4th Ave & Cherry St,1.0,0.0
2025-10-15,515,North,25205,19812.0,,16:56:55,16:57:14,3,641,4th Ave & Seneca St,2.0,0.0
2025-10-15,515,North,25205,19812.0,16:26:00,16:59:17,16:59:41,4,2976,4th Ave & Pine St,1.0,1.0
2025-10-15,515,North,25205,19812.0,,17:01:22,17:02:33,5,473,Olive Way & 6th Ave,2.0,0.0
2025-10-15,515,North,25205,19812.0,16:30:00,17:05:49,17:06:29,6,430,Howell St & 9th Ave,8.0,0.0
2025-10-15,515,North,25205,19812.0,,17:11:37,17:12:04,7,431,Howell St & Yale Ave,5.0,0.0
2025-10-15,515,North,25205,19812.0,16:53:00,17:31:20,17:31:40,10,2766,Mountlake Terrace Fwy Station Bay 7,0.0,2.0
2025-10-15,515,North,25205,19812.0,17:09:00,17:36:42,17:36:42,11,2118,Lynnwood City Center Station Bay A5,0.0,22.0
2025-10-15,515,North,25206,,16:30:00,,,0,640,4th Ave S & S Jackson St,,
2025-10-15,515,North,25206,,,,,1,635,4th Ave S & S Washington St,,
2025-10-15,515,North,25206,,,,,2,2638,4th Ave & Cherry St,,
2025-10-15,515,North,25206,,,,,3,641,4th Ave & Seneca St,,
2025-10-15,515,North,25206,,16:36:00,,,4,2976,4th Ave & Pine St,,
2025-10-15,515,North,25206,,,,,5,473,Olive Way & 6th Ave,,
2025-10-15,515,North,25206,,16:40:00,,,6,430,Howell St & 9th Ave,,
2025-10-15,515,North,25206,,,,,7,431,Howell St & Yale Ave,,
2025-10-15,515,North,25206,,17:03:00,,,10,2766,Mountlake Terrace Fwy Station Bay 7,,
2025-10-15,515,North,25206,,17:19:00,,,11,2118,Lynnwood City Center Station Bay A5,,
2025-10-15,515,North,25207,19814.0,16:40:00,16:40:35,16:40:35,0,640,4th Ave S & S Jackson St,2.0,0.0
2025-10-15,515,North,25207,19814.0,,16:41:16,16:41:36,1,635,4th Ave S & S Washington St,2.0,1.0
2025-10-15,515,North,25207,19814.0,,16:46:07,16:46:54,2,2638,4th Ave & Cherry St,13.0,0.0
2025-10-15,515,North,25207,19814.0,,16:50:31,16:52:18,3,641,4th Ave & Seneca St,19.0,0.0
2025-10-15,515,North,25207,19814.0,16:46:00,16:53:34,16:54:21,4,2976,4th Ave & Pine St,4.0,1.0
2025-10-15,515,North,25207,19814.0,,16:55:36,16:56:51,5,473,Olive Way & 6th Ave,21.0,0.0
2025-10-15,515,North,25207,19814.0,16:50:00,16:58:46,16:59:32,6,430,Howell St & 9th Ave,10.0,0.0
2025-10-15,515,North,25207,19814.0,,17:02:40,17:03:06,7,431,Howell St & Yale Ave,4.0,1.0
2025-10-15,515,North,25207,19814.0,17:13:00,17:22:57,17:23:36,10,2766,Mountlake Terrace Fwy Station Bay 7,1.0,24.0
2025-10-15,515,North,25207,19814.0,17:29:00,17:28:50,17:28:50,11,2118,Lynnwood City Center Station Bay A5,0.0,49.0
2025-10-15,515,North,25208,,16:50:00,,,0,640,4th Ave S & S Jackson St,,
2025-10-15,515,North,25208,,,,,1,635,4th Ave S & S Washington St,,
2025-10-15,515,North,25208,,,,,2,2638,4th Ave & Cherry St,,
2025-10-15,515,North,25208,,,,,3,641,4th Ave & Seneca St,,
2025-10-15,515,North,25208,,16:56:00,,,4,2976,4th Ave & Pine St,,
2025-10-15,515,North,25208,,,,,5,473,Olive Way & 6th Ave,,
2025-10-15,515,North,25208,,17:00:00,,,6,430,Howell St & 9th Ave,,
2025-10-15,515,North,25208,,,,,7,431,Howell St & Yale Ave,,
2025-10-15,515,North,25208,,17:22:00,,,10,2766,Mountlake Terrace Fwy Station Bay 7,,
2025-10-15,515,North,25208,,17:38:00,,,11,2118,Lynnwood City Center Station Bay A5,,
2025-10-15,515,North,25209,91730.0,17:00:00,17:01:51,17:01:51,0,640,4th Ave S & S Jackson St,1.0,0.0
2025-10-15,515,North,25209,91730.0,,17:03:17,17:03:27,1,635,4th Ave S & S Washington St,0.0,0.0
2025-10-15,515,North,25209,91730.0,,17:05:19,17:05:56,2,2638,4th Ave & Cherry St,3.0,0.0
2025-10-15,515,North,25209,91730.0,,17:11:40,17:12:17,3,641,4th Ave & Seneca St,5.0,0.0
2025-10-15,515,North,25209,91730.0,17:06:00,17:14:55,17:15:27,4,2976,4th Ave & Pine St,3.0,0.0
2025-10-15,515,North,25209,91730.0,,17:17:52,17:19:07,5,473,Olive Way & 6th Ave,15.0,0.0
2025-10-15,515,North,25209,91730.0,17:10:00,17:20:42,17:21:33,6,430,Howell St & 9th Ave,4.0,0.0
2025-10-15,515,North,25209,91730.0,,17:25:12,17:26:04,7,431,Howell St & Yale Ave,4.0,0.0
2025-10-15,515,North,25209,91730.0,17:32:00,17:44:56,17:45:37,10,2766,Mountlake Terrace Fwy Station Bay 7,0.0,35.0
2025-10-15,515,North,25209,91730.0,17:48:00,17:50:28,17:50:28,11,2118,Lynnwood City Center Station Bay A5,0.0,0.0
2025-10-15,515,North,25210,19856.0,17:10:00,17:18:27,17:18:27,0,640,4th Ave S & S Jackson St,3.0,0.0
2025-10-15,515,North,25210,19856.0,,17:20:08,17:20:24,1,635,4th Ave S & S Washington St,0.0,0.0
2025-10-15,515,North,25210,19856.0,,17:22:14,17:22:41,2,2638,4th Ave & Cherry St,1.0,0.0
2025-10-15,515,North,25210,19856.0,,17:27:05,17:28:18,3,641,4th Ave & Seneca St,3.0,0.0
2025-10-15,515,North,25210,19856.0,17:16:00,17:29:46,17:30:25,4,2976,4th Ave & Pine St,1.0,0.0
2025-10-15,515,North,25210,19856.0,,17:31:39,17:32:36,5,473,Olive Way & 6th Ave,3.0,0.0
2025-10-15,515,North,25210,19856.0,17:20:00,17:35:49,17:36:48,6,430,Howell St & 9th Ave,4.0,0.0
2025-10-15,515,North,25210,19856.0,,17:40:11,17:40:55,7,431,Howell St & Yale Ave,4.0,2.0
2025-10-15,515,North,25210,19856.0,17:42:00,17:58:04,17:58:29,10,2766,Mountlake Terrace Fwy Station Bay 7,0.0,17.0
2025-10-15,515,North,25210,19856.0,17:58:00,18:03:05,18:03:05,11,2118,Lynnwood City Center Station Bay A5,0.0,0.0
2025-10-15,515,North,25211,19816.0,17:20:00,17:26:11,17:26:11,0,640,4th Ave S & S Jackson St,1.0,0.0
2025-10-15,515,North,25211,19816.0,,17:27:24,17:27:24,1,635,4th Ave S & S Washington St,0.0,0.0
2025-10-15,515,North,25211,19816.0,,17:28:29,17:28:45,2,2638,4th Ave & Cherry St,2.0,0.0
2025-10-15,515,North,25211,19816.0,,17:33:18,17:34:15,3,641,4th Ave & Seneca St,1.0,0.0
2025-10-15,515,North,25211,19816.0,17:26:00,17:35:45,17:36:25,4,2976,4th Ave & Pine St,0.0,0.0
2025-10-15,515,North,25211,19816.0,,17:37:34,17:38:29,5,473,Olive Way & 6th Ave,2.0,0.0
2025-10-15,515,North,25211,19816.0,17:30:00,17:40:15,17:40:27,6,430,Howell St & 9th Ave,0.0,0.0
2025-10-15,515,North,25211,19816.0,,17:43:29,17:43:59,7,431,Howell St & Yale Ave,0.0,0.0
2025-10-15,515,North,25211,19816.0,17:51:00,18:00:42,18:00:53,10,2766,Mountlake Terrace Fwy Station Bay 7,0.0,0.0
2025-10-15,515,North,25211,19816.0,18:06:00,18:04:58,18:04:58,11,2118,Lynnwood City Center Station Bay A5,0.0,6.0
2025-10-15,515,North,25212,91913.0,17:40:00,17:47:11,17:47:11,0,640,4th Ave S & S Jackson St,2.0,0.0
2025-10-15,515,North,25212,91913.0,,17:48:32,17:48:44,1,635,4th Ave S & S Washington St,0.0,0.0
2025-10-15,515,North,25212,91913.0,,17:50:25,17:50:55,2,2638,4th Ave & Cherry St,2.0,0.0
2025-10-15,515,North,25212,91913.0,,17:52:35,17:53:47,3,641,4th Ave & Seneca St,1.0,4.0
2025-10-15,515,North,25212,91913.0,17:46:00,17:55:05,17:55:49,4,2976,4th Ave & Pine St,0.0,0.0
2025-10-15,515,North,25212,91913.0,,17:57:01,17:57:59,5,473,Olive Way & 6th Ave,4.0,0.0
2025-10-15,515,North,25212,91913.0,17:50:00,17:59:51,18:00:17,6,430,Howell St & 9th Ave,3.0,0.0
2025-10-15,515,North,25212,91913.0,,18:04:04,18:04:23,7,431,Howell St & Yale Ave,1.0,0.0
2025-10-15,515,North,25212,91913.0,18:09:00,18:18:48,18:19:09,10,2766,Mountlake Terrace Fwy Station Bay 7,0.0,9.0
2025-10-15,515,North,25212,91913.0,18:23:00,18:24:07,18:24:07,11,2118,Lynnwood City Center Station Bay A5,0.0,0.0
2025-10-15,515,North,25213,91908.0,18:00:00,18:02:11,18:02:11,0,640,4th Ave S & S Jackson St,5.0,0.0
2025-10-15,515,North,25213,91908.0,,,,1,635,4th Ave S & S Washington St,,
2025-10-15,515,North,25213,91908.0,,18:03:57,18:04:21,2,2638,4th Ave & Cherry St,1.0,0.0
2025-10-15,515,North,25213,91908.0,,18:06:24,18:07:21,3,641,4th Ave & Seneca St,5.0,0.0
2025-10-15,515,North,25213,91908.0,18:06:00,18:08:40,18:09:19,4,2976,4th Ave & Pine St,1.0,0.0
2025-10-15,515,North,25213,91908.0,,18:10:34,18:11:34,5,473,Olive Way & 6th Ave,4.0,0.0
2025-10-15,515,North,25213,91908.0,18:09:00,18:12:11,18:12:38,6,430,Howell St & 9th Ave,2.0,0.0
2025-10-15,515,North,25213,91908.0,,18:14:50,18:15:54,7,431,Howell St & Yale Ave,4.0,0.0
2025-10-15,515,North,25213,91908.0,18:27:00,18:30:23,18:31:16,10,2766,Mountlake Terrace Fwy Station Bay 7,1.0,4.0
2025-10-15,515,North,25213,91908.0,18:39:00,18:35:42,18:35:42,11,2118,Lynnwood City Center Station Bay A5,0.0,19.0
2025-10-15,515,North,25214,91714.0,18:20:00,18:21:43,18:21:43,0,640,4th Ave S & S Jackson St,1.0,0.0
2025-10-15,515,North,25214,91714.0,,,,1,635,4th Ave S & S Washington St,,
2025-10-15,515,North,25214,91714.0,,18:23:28,18:23:45,2,2638,4th Ave & Cherry St,0.0,0.0
2025-10-15,515,North,25214,91714.0,,18:25:25,18:26:47,3,641,4th Ave & Seneca St,4.0,0.0
2025-10-15,515,North,25214,91714.0,18:26:00,18:28:20,18:28:48,4,2976,4th Ave & Pine St,0.0,0.0
2025-10-15,515,North,25214,91714.0,,18:30:10,18:31:05,5,473,Olive Way & 6th Ave,4.0,0.0
2025-10-15,515,North,25214,91714.0,18:29:00,18:32:33,18:33:03,6,430,Howell St & 9th Ave,2.0,6.0
2025-10-15,515,North,25214,91714.0,,18:35:41,18:36:04,7,431,Howell St & Yale Ave,1.0,0.0
2025-10-15,515,North,25214,91714.0,18:47:00,18:49:00,18:49:18,10,2766,Mountlake Terrace Fwy Station Bay 7,0.0,6.0
2025-10-15,515,North,25214,91714.0,18:59:00,18:53:30,18:53:30,11,2118,Lynnwood City Center Station Bay A5,0.0,0.0
2025-10-15,515,North,25215,91724.0,18:40:00,18:42:13,18:42:13,0,640,4th Ave S & S Jackson St,3.0,0.0
2025-10-15,515,North,25215,91724.0,,18:42:59,18:43:43,1,635,4th Ave S & S Washington St,3.0,0.0
2025-10-15,515,North,25215,91724.0,,18:44:48,18:45:19,2,2638,4th Ave & Cherry St,1.0,0.0
2025-10-15,515,North,25215,91724.0,,18:46:38,18:47:45,3,641,4th Ave & Seneca St,0.0,0.0
2025-10-15,515,North,25215,91724.0,18:46:00,18:49:23,18:49:47,4,2976,4th Ave & Pine St,1.0,0.0
2025-10-15,515,North,25215,91724.0,,18:51:05,18:52:03,5,473,Olive Way & 6th Ave,4.0,0.0
2025-10-15,515,North,25215,91724.0,18:49:00,18:53:41,18:54:07,6,430,Howell St & 9th Ave,0.0,1.0
2025-10-15,515,North,25215,91724.0,,18:56:46,18:57:15,7,431,Howell St & Yale Ave,1.0,0.0
2025-10-15,515,North,25215,91724.0,19:07:00,19:11:51,19:12:19,10,2766,Mountlake Terrace Fwy Station Bay 7,0.0,3.0
2025-10-15,515,North,25215,91724.0,19:16:00,19:17:05,19:17:05,11,2118,Lynnwood City Center Station Bay A5,1.0,10.0
2025-10-15,515,South,25216,91913.0,04:30:00,04:30:24,04:30:24,0,2113,Lynnwood City Center Station Bay D1,20.0,0.0
2025-10-15,515,South,25216,91913.0,04:34:00,04:34:22,04:34:51,1,2765,Mountlake Terrace Fwy Station Bay 6,5.0,0.0
2025-10-15,515,South,25216,91913.0,04:51:00,04:49:12,04:49:53,4,1909,Stewart St & 9th Ave,0.0,5.0
2025-10-15,515,South,25216,91913.0,,04:51:05,04:51:27,5,1908,Stewart St & 7th Ave,0.0,6.0
2025-10-15,515,South,25216,91913.0,04:56:00,04:52:27,04:53:20,6,2698,5th Ave & Pine St,0.0,3.0
2025-10-15,515,South,25216,91913.0,,04:54:12,04:54:35,7,2700,5th Ave & Seneca St,0.0,2.0
2025-10-15,515,South,25216,91913.0,,04:55:34,04:56:04,8,2702,5th Ave & Marion St,0.0,6.0
2025-10-15,515,South,25216,91913.0,,04:58:02,04:58:21,9,2290,5th Ave & Jefferson St,0.0,3.0
2025-10-15,515,South,25216,91913.0,05:04:00,05:00:31,05:00:31,10,2706,5th Ave S & S Jackson St,0.0,0.0
2025-10-15,515,South,25217,91716.0,04:50:00,04:50:45,04:50:45,0,2113,Lynnwood City Center Station Bay D1,18.0,0.0
2025-10-15,515,South,25217,91716.0,04:54:00,04:54:58,04:55:30,1,2765,Mountlake Terrace Fwy Station Bay 6,3.0,0.0
2025-10-15,515,South,25217,91716.0,05:11:00,05:10:12,05:10:29,4,1909,Stewart St & 9th Ave,0.0,2.0
2025-10-15,515,South,25217,91716.0,,05:11:07,05:11:28,5,1908,Stewart St & 7th Ave,0.0,2.0
2025-10-15,515,South,25217,91716.0,05:16:00,05:13:32,05:14:21,6,2698,5th Ave & Pine St,0.0,2.0
2025-10-15,515,South,25217,91716.0,,05:15:21,05:15:54,7,2700,5th Ave & Seneca St,0.0,3.0
2025-10-15,515,South,25217,91716.0,,05:16:40,05:17:02,8,2702,5th Ave & Marion St,0.0,1.0
2025-10-15,515,South,25217,91716.0,,05:17:55,05:18:23,9,2290,5th Ave & Jefferson St,0.0,8.0
2025-10-15,515,South,25217,91716.0,05:24:00,05:20:19,05:20:19,10,2706,5th Ave S & S Jackson St,0.0,3.0
2025-10-15,515,South,25218,91726.0,05:10:00,05:10:02,05:10:02,0,2113,Lynnwood City Center Station Bay D1,34.0,0.0
2025-10-15,515,South,25218,91726.0,05:14:00,05:13:57,05:14:18,1,2765,Mountlake Terrace Fwy Station Bay 6,2.0,0.0
2025-10-15,515,South,25218,91726.0,05:31:00,05:27:26,05:28:15,4,1909,Stewart St & 9th Ave,2.0,6.0
2025-10-15,515,South,25218,91726.0,,05:29:03,05:29:36,5,1908,Stewart St & 7th Ave,0.0,7.0
2025-10-15,515,South,25218,91726.0,05:36:00,05:31:27,05:31:43,6,2698,5th Ave & Pine St,0.0,3.0
2025-10-15,515,South,25218,91726.0,,05:33:12,05:33:55,7,2700,5th Ave & Seneca St,0.0,7.0
2025-10-15,515,South,25218,91726.0,,05:34:33,05:35:09,8,2702,5th Ave & Marion St,0.0,9.0
2025-10-15,515,South,25218,91726.0,,05:35:51,05:36:20,9,2290,5th Ave & Jefferson St,0.0,3.0
2025-10-15,515,South,25218,91726.0,05:44:00,05:37:44,05:37:44,10,2706,5th Ave S & S Jackson St,0.0,3.0
2025-10-15,515,South,25219,91714.0,05:30:00,05:31:39,05:31:39,0,2113,Lynnwood City Center Station Bay D1,31.0,0.0
2025-10-15,515,South,25219,91714.0,05:34:00,05:35:21,05:35:34,1,2765,Mountlake Terrace Fwy Station Bay 6,0.0,0.0
2025-10-15,515,South,25219,91714.0,05:51:00,05:48:32,05:49:05,4,1909,Stewart St & 9th Ave,0.0,8.0
2025-10-15,515,South,25219,91714.0,,05:50:04,05:50:17,5,1908,Stewart St & 7th Ave,0.0,0.0
2025-10-15,515,South,25219,91714.0,05:56:00,05:51:28,05:52:19,6,2698,5th Ave & Pine St,0.0,2.0
2025-10-15,515,South,25219,91714.0,,05:53:09,05:53:50,7,2700,5th Ave & Seneca St,0.0,4.0
2025-10-15,515,South,25219,91714.0,,05:54:24,05:55:03,8,2702,5th Ave & Marion St,0.0,12.0
2025-10-15,515,South,25219,91714.0,,05:56:31,05:56:57,9,2290,5th Ave & Jefferson St,0.0,5.0
2025-10-15,515,South,25219,91714.0,06:05:00,05:58:42,05:58:42,10,2706,5th Ave S & S Jackson St,0.0,0.0
2025-10-15,515,South,25220,91702.0,05:55:00,05:56:58,05:56:58,0,2113,Lynnwood City Center Station Bay D1,38.0,0.0
2025-10-15,515,South,25220,91702.0,05:59:00,05:59:30,06:00:17,1,2765,Mountlake Terrace Fwy Station Bay 6,11.0,0.0
2025-10-15,515,South,25220,91702.0,06:16:00,06:15:00,06:15:46,4,1909,Stewart St & 9th Ave,5.0,12.0
2025-10-15,515,South,25220,91702.0,,06:16:40,06:17:09,5,1908,Stewart St & 7th Ave,0.0,8.0
2025-10-15,515,South,25220,91702.0,06:21:00,06:18:21,06:19:37,6,2698,5th Ave & Pine St,0.0,7.0
2025-10-15,515,South,25220,91702.0,,06:20:30,06:21:13,7,2700,5th Ave & Seneca St,0.0,4.0
2025-10-15,515,South,25220,91702.0,,06:22:03,06:22:51,8,2702,5th Ave & Marion St,0.0,19.0
2025-10-15,515,South,25220,91702.0,,06:23:58,06:24:31,9,2290,5th Ave & Jefferson St,0.0,3.0
2025-10-15,515,South,25220,91702.0,06:30:00,06:26:04,06:26:04,10,2706,5th Ave S & S Jackson St,0.0,1.0
2025-10-15,515,South,25221,91716.0,06:05:00,06:11:17,06:11:17,0,2113,Lynnwood City Center Station Bay D1,46.0,0.0
2025-10-15,515,South,25221,91716.0,06:09:00,06:14:04,06:14:40,1,2765,Mountlake Terrace Fwy Station Bay 6,4.0,0.0
2025-10-15,515,South,25221,91716.0,06:27:00,06:29:37,06:30:41,4,1909,Stewart St & 9th Ave,0.0,16.0
2025-10-15,515,South,25221,91716.0,,06:31:37,06:32:07,5,1908,Stewart St & 7th Ave,0.0,6.0
2025-10-15,515,South,25221,91716.0,06:32:00,06:33:25,06:34:32,6,2698,5th Ave & Pine St,0.0,3.0
2025-10-15,515,South,25221,91716.0,,06:35:31,06:36:07,7,2700,5th Ave & Seneca St,0.0,11.0
2025-10-15,515,South,25221,91716.0,,06:37:03,06:37:44,8,2702,5th Ave & Marion St,0.0,4.0
2025-10-15,515,South,25221,91716.0,,06:38:56,06:39:24,9,2290,5th Ave & Jefferson St,0.0,7.0
2025-10-15,515,South,25221,91716.0,06:41:00,06:41:08,06:41:08,10,2706,5th Ave S & S Jackson St,0.0,3.0
2025-10-15,515,South,25222,91722.0,06:15:00,06:15:07,06:15:07,0,2113,Lynnwood City Center Station Bay D1,18.0,0.0
2025-10-15,515,South,25222,91722.0,06:19:00,06:20:19,06:20:37,1,2765,Mountlake Terrace Fwy Station Bay 6,1.0,0.0
2025-10-15,515,South,25222,91722.0,06:37:00,06:36:00,06:36:43,4,1909,Stewart St & 9th Ave,0.0,4.0
2025-10-15,515,South,25222,91722.0,,06:37:38,06:38:08,5,1908,Stewart St & 7th Ave,0.0,2.0
2025-10-15,515,South,25222,91722.0,06:42:00,06:39:20,06:39:39,6,2698,5th Ave & Pine St,0.0,1.0
2025-10-15,515,South,25222,91722.0,,06:41:22,06:41:50,7,2700,5th Ave & Seneca St,0.0,6.0
2025-10-15,515,South,25222,91722.0,,06:43:00,06:43:45,8,2702,5th Ave & Marion St,0.0,5.0
2025-10-15,515,South,25222,91722.0,,06:44:56,06:45:51,9,2290,5th Ave & Jefferson St,0.0,1.0
2025-10-15,515,South,25222,91722.0,06:52:00,06:47:18,06:47:18,10,2706,5th Ave S & S Jackson St,0.0,0.0
2025-10-15,515,South,25223,91726.0,06:25:00,06:26:26,06:26:26,0,2113,Lynnwood City Center Station Bay D1,46.0,0.0
2025-10-15,515,South,25223,91726.0,06:29:00,06:30:49,06:31:39,1,2765,Mountlake Terrace Fwy Station Bay 6,7.0,0.0
2025-10-15,515,South,25223,91726.0,06:49:00,06:47:39,06:48:42,4,1909,Stewart St & 9th Ave,0.0,16.0
2025-10-15,515,South,25223,91726.0,,06:49:36,06:50:16,5,1908,Stewart St & 7th Ave,2.0,12.0
2025-10-15,515,South,25223,91726.0,06:54:00,06:51:23,06:52:35,6,2698,5th Ave & Pine St,0.0,4.0
2025-10-15,515,South,25223,91726.0,,06:53:33,06:54:17,7,2700,5th Ave & Seneca St,0.0,12.0
2025-10-15,515,South,25223,91726.0,,06:55:10,06:55:48,8,2702,5th Ave & Marion St,0.0,7.0
2025-10-15,515,South,25223,91726.0,,06:56:52,06:57:09,9,2290,5th Ave & Jefferson St,0.0,2.0
2025-10-15,515,South,25223,91726.0,07:05:00,06:59:15,06:59:15,10,2706,5th Ave S & S Jackson St,0.0,2.0
2025-10-15,515,South,25224,9560.0,06:35:00,06:35:06,06:35:06,0,2113,Lynnwood City Center Station Bay D1,18.0,0.0
2025-10-15,515,South,25224,9560.0,06:39:00,06:40:12,06:40:49,1,2765,Mountlake Terrace Fwy Station Bay 6,7.0,0.0
2025-10-15,515,South,25224,9560.0,07:00:00,06:55:26,06:55:58,4,1909,Stewart St & 9th Ave,0.0,4.0
2025-10-15,515,South,25224,9560.0,,06:57:06,06:57:36,5,1908,Stewart St & 7th Ave,1.0,5.0
2025-10-15,515,South,25224,9560.0,07:05:00,06:58:44,06:58:54,6,2698,5th Ave & Pine St,0.0,1.0
2025-10-15,515,South,25224,9560.0,,07:00:35,07:00:47,7,2700,5th Ave & Seneca St,0.0,0.0
2025-10-15,515,South,25224,9560.0,,07:02:23,07:02:39,8,2702,5th Ave & Marion St,0.0,10.0
2025-10-15,515,South,25224,9560.0,,07:03:57,07:04:23,9,2290,5th Ave & Jefferson St,1.0,7.0
2025-10-15,515,South,25224,9560.0,07:16:00,07:07:18,07:07:18,10,2706,5th Ave S & S Jackson St,0.0,0.0
2025-10-15,515,South,25225,91710.0,06:45:00,06:50:11,06:50:11,0,2113,Lynnwood City Center Station Bay D1,45.0,0.0
2025-10-15,515,South,25225,91710.0,06:50:00,06:54:51,06:55:26,1,2765,Mountlake Terrace Fwy Station Bay 6,3.0,0.0
2025-10-15,515,South,25225,91710.0,07:11:00,07:12:23,07:12:57,4,1909,Stewart St & 9th Ave,0.0,12.0
2025-10-15,515,South,25225,91710.0,,07:13:38,07:14:11,5,1908,Stewart St & 7th Ave,0.0,8.0
2025-10-15,515,South,25225,91710.0,07:16:00,07:15:29,07:16:34,6,2698,5th Ave & Pine St,0.0,4.0
2025-10-15,515,South,25225,91710.0,,07:17:30,07:18:04,7,2700,5th Ave & Seneca St,0.0,12.0
2025-10-15,515,South,25225,91710.0,,07:19:13,07:19:51,8,2702,5th Ave & Marion St,0.0,7.0
2025-10-15,515,South,25225,91710.0,,07:21:04,07:21:28,9,2290,5th Ave & Jefferson St,0.0,4.0
2025-10-15,515,South,25225,91710.0,07:27:00,07:23:58,07:23:58,10,2706,5th Ave S & S Jackson St,0.0,1.0
2025-10-15,515,South,25226,19811.0,06:55:00,06:56:08,06:56:08,0,2113,Lynnwood City Center Station Bay D1,15.0,0.0
2025-10-15,515,South,25226,19811.0,07:00:00,07:00:34,07:01:16,1,2765,Mountlake Terrace Fwy Station Bay 6,6.0,0.0
2025-10-15,515,South,25226,19811.0,07:21:00,07:17:33,07:17:53,4,1909,Stewart St & 9th Ave,1.0,3.0
2025-10-15,515,South,25226,19811.0,,07:18:21,07:18:40,5,1908,Stewart St & 7th Ave,0.0,4.0
2025-10-15,515,South,25226,19811.0,07:26:00,07:19:54,07:20:12,6,2698,5th Ave & Pine St,0.0,4.0
2025-10-15,515,South,25226,19811.0,,07:22:03,07:22:17,7,2700,5th Ave & Seneca St,0.0,4.0
2025-10-15,515,South,25226,19811.0,,07:23:38,07:24:18,8,2702,5th Ave & Marion St,0.0,3.0
2025-10-15,515,South,25226,19811.0,,07:25:30,07:25:43,9,2290,5th Ave & Jefferson St,0.0,4.0
2025-10-15,515,South,25226,19811.0,07:37:00,07:27:39,07:27:39,10,2706,5th Ave S & S Jackson St,0.0,0.0
2025-10-15,515,South,25227,91725.0,07:05:00,07:07:24,07:07:24,0,2113,Lynnwood City Center Station Bay D1,42.0,0.0
2025-10-15,515,South,25227,91725.0,07:10:00,07:12:15,07:13:03,1,2765,Mountlake Terrace Fwy Station Bay 6,8.0,0.0
2025-10-15,515,South,25227,91725.0,07:34:00,07:30:57,07:31:33,4,1909,Stewart St & 9th Ave,0.0,23.0
2025-10-15,515,South,25227,91725.0,,07:32:00,07:32:37,5,1908,Stewart St & 7th Ave,1.0,10.0
2025-10-15,515,South,25227,91725.0,07:39:00,07:34:48,07:35:15,6,2698,5th Ave & Pine St,0.0,4.0
2025-10-15,515,South,25227,91725.0,,07:37:10,07:37:35,7,2700,5th Ave & Seneca St,0.0,5.0
2025-10-15,515,South,25227,91725.0,,07:38:32,07:38:56,8,2702,5th Ave & Marion St,0.0,6.0
2025-10-15,515,South,25227,91725.0,,07:41:27,07:41:46,9,2290,5th Ave & Jefferson St,0.0,1.0
2025-10-15,515,South,25227,91725.0,07:50:00,07:43:57,07:43:57,10,2706,5th Ave S & S Jackson St,0.0,2.0
2025-10-15,515,South,25228,91702.0,07:15:00,07:15:25,07:15:25,0,2113,Lynnwood City Center Station Bay D1,34.0,0.0
2025-10-15,515,South,25228,91702.0,07:20:00,07:21:37,07:22:08,1,2765,Mountlake Terrace Fwy Station Bay 6,2.0,0.0
2025-10-15,515,South,25228,91702.0,07:51:00,07:41:39,07:42:44,4,1909,Stewart St & 9th Ave,0.0,13.0
2025-10-15,515,South,25228,91702.0,,07:43:40,07:44:10,5,1908,Stewart St & 7th Ave,1.0,6.0
2025-10-15,515,South,25228,91702.0,07:56:00,07:46:52,07:48:06,6,2698,5th Ave & Pine St,0.0,1.0
2025-10-15,515,South,25228,91702.0,,07:50:09,07:50:38,7,2700,5th Ave & Seneca St,0.0,5.0
2025-10-15,515,South,25228,91702.0,,07:52:12,07:52:47,8,2702,5th Ave & Marion St,0.0,5.0
2025-10-15,515,South,25228,91702.0,,07:54:00,07:54:33,9,2290,5th Ave & Jefferson St,0.0,7.0
2025-10-15,515,South,25228,91702.0,08:07:00,07:57:18,07:57:18,10,2706,5th Ave S & S Jackson St,0.0,0.0
2025-10-15,515,South,25229,91724.0,07:25:00,07:25:35,07:25:35,0,2113,Lynnwood City Center Station Bay D1,20.0,0.0
2025-10-15,515,South,25229,91724.0,07:30:00,07:31:55,07:32:50,1,2765,Mountlake Terrace Fwy Station Bay 6,14.0,0.0
2025-10-15,515,South,25229,91724.0,08:02:00,07:55:53,07:56:35,4,1909,Stewart St & 9th Ave,1.0,17.0
2025-10-15,515,South,25229,91724.0,,07:57:08,07:57:34,5,1908,Stewart St & 7th Ave,0.0,8.0
2025-10-15,515,South,25229,91724.0,08:07:00,07:58:57,08:00:06,6,2698,5th Ave & Pine St,0.0,2.0
2025-10-15,515,South,25229,91724.0,,08:02:19,08:02:37,7,2700,5th Ave & Seneca St,0.0,1.0
2025-10-15,515,South,25229,91724.0,,08:04:06,08:04:47,8,2702,5th Ave & Marion St,0.0,2.0
2025-10-15,515,South,25229,91724.0,,08:06:13,08:06:34,9,2290,5th Ave & Jefferson St,0.0,5.0
2025-10-15,515,South,25229,91724.0,08:18:00,08:09:01,08:09:01,10,2706,5th Ave S & S Jackson St,0.0,0.0
2025-10-15,515,South,25230,91718.0,07:35:00,07:37:15,07:37:15,0,2113,Lynnwood City Center Station Bay D1,23.0,0.0
2025-10-15,515,South,25230,91718.0,07:40:00,07:44:52,07:45:18,1,2765,Mountlake Terrace Fwy Station Bay 6,1.0,0.0
2025-10-15,515,South,25230,91718.0,08:13:00,08:17:53,08:18:41,4,1909,Stewart St & 9th Ave,0.0,6.0
2025-10-15,515,South,25230,91718.0,,08:19:40,08:20:21,5,1908,Stewart St & 7th Ave,0.0,10.0
2025-10-15,515,South,25230,91718.0,08:18:00,08:22:50,08:23:06,6,2698,5th Ave & Pine St,0.0,0.0
2025-10-15,515,South,25230,91718.0,,08:26:02,08:26:27,7,2700,5th Ave & Seneca St,0.0,5.0
2025-10-15,515,South,25230,91718.0,,08:28:00,08:28:46,8,2702,5th Ave & Marion St,0.0,2.0
2025-10-15,515,South,25230,91718.0,,08:31:02,08:31:54,9,2290,5th Ave & Jefferson St,0.0,1.0
2025-10-15,515,South,25230,91718.0,08:29:00,08:34:07,08:34:07,10,2706,5th Ave S & S Jackson St,0.0,0.0
2025-10-15,515,South,25231,19814.0,07:45:00,07:56:26,07:56:26,0,2113,Lynnwood City Center Station Bay D1,1.0,0.0
2025-10-15,515,South,25231,19814.0,07:50:00,08:02:13,08:02:42,1,2765,Mountlake Terrace Fwy Station Bay 6,1.0,0.0
2025-10-15,515,South,25231,19814.0,08:23:00,08:51:18,08:51:39,4,1909,Stewart St & 9th Ave,0.0,1.0
2025-10-15,515,South,25231,19814.0,,08:52:43,08:53:02,5,1908,Stewart St & 7th Ave,0.0,1.0
2025-10-15,515,South,25231,19814.0,08:28:00,09:01:56,09:02:15,6,2698,5th Ave & Pine St,1.0,0.0
2025-10-15,515,South,25231,19814.0,,09:05:13,09:05:25,7,2700,5th Ave & Seneca St,0.0,0.0
2025-10-15,515,South,25231,19814.0,,09:07:16,09:07:46,8,2702,5th Ave & Marion St,1.0,1.0
2025-10-15,515,South,25231,19814.0,,09:09:02,09:09:17,9,2290,5th Ave & Jefferson St,0.0,0.0
2025-10-15,515,South,25231,19814.0,08:39:00,09:12:32,09:12:32,10,2706,5th Ave S & S Jackson St,0.0,1.0
2025-10-15,515,South,25232,19810.0,07:55:00,07:55:30,07:55:30,0,2113,Lynnwood City Center Station Bay D1,28.0,0.0
2025-10-15,515,South,25232,19810.0,08:00:00,08:01:09,08:01:55,1,2765,Mountlake Terrace Fwy Station Bay 6,4.0,0.0
2025-10-15,515,South,25232,19810.0,08:35:00,08:45:55,08:46:26,4,1909,Stewart St & 9th Ave,0.0,20.0
2025-10-15,515,South,25232,19810.0,,08:46:55,08:47:30,5,1908,Stewart St & 7th Ave,1.0,4.0
2025-10-15,515,South,25232,19810.0,08:40:00,08:49:52,08:51:04,6,2698,5th Ave & Pine St,1.0,1.0
2025-10-15,515,South,25232,19810.0,,08:53:11,08:53:28,7,2700,5th Ave & Seneca St,0.0,3.0
2025-10-15,515,South,25232,19810.0,,08:55:10,08:55:44,8,2702,5th Ave & Marion St,0.0,6.0
2025-10-15,515,South,25232,19810.0,,08:56:58,08:57:13,9,2290,5th Ave & Jefferson St,0.0,0.0
2025-10-15,515,South,25232,19810.0,08:51:00,08:59:39,08:59:39,10,2706,5th Ave S & S Jackson St,0.0,0.0
2025-10-15,515,South,25233,91913.0,08:15:00,08:15:19,08:15:19,0,2113,Lynnwood City Center Station Bay D1,22.0,0.0
2025-10-15,515,South,25233,91913.0,08:19:00,08:20:16,08:20:53,1,2765,Mountlake Terrace Fwy Station Bay 6,9.0,0.0
2025-10-15,515,South,25233,91913.0,08:58:00,09:04:14,09:04:56,4,1909,Stewart St & 9th Ave,0.0,14.0
2025-10-15,515,South,25233,91913.0,,09:06:06,09:06:33,5,1908,Stewart St & 7th Ave,0.0,5.0
2025-10-15,515,South,25233,91913.0,09:03:00,09:09:15,09:09:34,6,2698,5th Ave & Pine St,0.0,4.0
2025-10-15,515,South,25233,91913.0,,09:11:14,09:12:20,7,2700,5th Ave & Seneca St,1.0,3.0
2025-10-15,515,South,25233,91913.0,,09:13:03,09:13:42,8,2702,5th Ave & Marion St,0.0,4.0
2025-10-15,515,South,25233,91913.0,,09:15:58,09:16:08,9,2290,5th Ave & Jefferson St,0.0,0.0
2025-10-15,515,South,25233,91913.0,09:14:00,09:17:30,09:17:30,10,2706,5th Ave S & S Jackson St,0.0,2.0
2025-10-15,515,South,25234,19855.0,08:35:00,08:35:10,08:35:10,0,2113,Lynnwood City Center Station Bay D1,2.0,0.0
2025-10-15,515,South,25234,19855.0,08:39:00,08:40:10,08:40:39,1,2765,Mountlake Terrace Fwy Station Bay 6,7.0,0.0
2025-10-15,515,South,25234,19855.0,09:18:00,09:13:04,09:13:33,4,1909,Stewart St & 9th Ave,1.0,6.0
2025-10-15,515,South,25234,19855.0,,09:14:12,09:14:28,5,1908,Stewart St & 7th Ave,1.0,2.0
2025-10-15,515,South,25234,19855.0,09:23:00,09:16:44,09:16:55,6,2698,5th Ave & Pine St,0.0,0.0
2025-10-15,515,South,25234,19855.0,,09:18:51,09:18:58,7,2700,5th Ave & Seneca St,0.0,0.0
2025-10-15,515,South,25234,19855.0,,09:20:33,09:21:20,8,2702,5th Ave & Marion St,0.0,2.0
2025-10-15,515,South,25234,19855.0,,09:22:26,09:22:36,9,2290,5th Ave & Jefferson St,0.0,0.0
2025-10-15,515,South,25234,19855.0,09:34:00,09:25:45,09:25:45,10,2706,5th Ave S & S Jackson St,0.0,1.0
2025-10-15,515,South,25235,91711.0,08:55:00,08:54:04,08:54:04,0,2113,Lynnwood City Center Station Bay D1,12.0,0.0
2025-10-15,515,South,25235,91711.0,08:59:00,08:58:55,08:59:15,1,2765,Mountlake Terrace Fwy Station Bay 6,2.0,0.0
2025-10-15,515,South,25235,91711.0,09:38:00,09:31:36,09:32:16,4,1909,Stewart St & 9th Ave,0.0,4.0
2025-10-15,515,South,25235,91711.0,,09:33:20,09:33:44,5,1908,Stewart St & 7th Ave,0.0,7.0
2025-10-15,515,South,25235,91711.0,09:43:00,09:36:32,09:36:32,6,2698,5th Ave & Pine St,0.0,0.0
2025-10-15,515,South,25235,91711.0,,09:38:11,09:38:11,7,2700,5th Ave & Seneca St,0.0,0.0
2025-10-15,515,South,25235,91711.0,,09:38:43,09:39:22,8,2702,5th Ave & Marion St,0.0,2.0
2025-10-15,515,South,25235,91711.0,,09:40:21,09:40:57,9,2290,5th Ave & Jefferson St,0.0,1.0
2025-10-15,515,South,25235,91711.0,09:54:00,09:42:46,09:42:46,10,2706,5th Ave S & S Jackson St,0.0,0.0
2025-10-16,515,North,25197,91702.0,15:00:00,15:00:09,15:00:09,0,640,4th Ave S & S Jackson St,4.0,0.0
2025-10-16,515,North,25197,91702.0,,15:00:47,15:01:01,1,635,4th Ave S & S Washington St,1.0,0.0
2025-10-16,515,North,25197,91702.0,,15:02:21,15:03:26,2,2638,4th Ave & Cherry St,7.0,0.0
2025-10-16,515,North,25197,91702.0,,15:04:33,15:06:06,3,641,4th Ave & Seneca St,4.0,0.0
2025-10-16,515,North,25197,91702.0,15:06:00,15:07:18,15:07:50,4,2976,4th Ave & Pine St,1.0,0.0
2025-10-16,515,North,25197,91702.0,,15:09:02,15:10:01,5,473,Olive Way & 6th Ave,3.0,0.0
2025-10-16,515,North,25197,91702.0,15:10:00,15:11:32,15:12:15,6,430,Howell St & 9th Ave,3.0,0.0
2025-10-16,515,North,25197,91702.0,,15:14:35,15:14:58,7,431,Howell St & Yale Ave,1.0,0.0
2025-10-16,515,North,25197,91702.0,15:30:00,15:31:21,15:31:45,10,2766,Mountlake Terrace Fwy Station Bay 7,0.0,24.0
2025-10-16,515,North,25197,91702.0,15:38:00,15:36:39,15:36:39,11,2118,Lynnwood City Center Station Bay A5,0.0,0.0
2025-10-16,515,North,25198,91730.0,15:10:00,15:12:16,15:12:16,0,640,4th Ave S & S Jackson St,2.0,0.0
2025-10-16,515,North,25198,91730.0,,15:12:52,15:13:08,1,635,4th Ave S & S Washington St,1.0,0.0
2025-10-16,515,North,25198,91730.0,,15:14:27,15:15:02,2,2638,4th Ave & Cherry St,4.0,0.0
2025-10-16,515,North,25198,91730.0,,15:16:40,15:17:48,3,641,4th Ave & Seneca St,1.0,0.0
2025-10-16,515,North,25198,91730.0,15:16:00,15:18:54,15:19:55,4,2976,4th Ave & Pine St,3.0,3.0
2025-10-16,515,North,25198,91730.0,,15:21:07,15:22:03,5,473,Olive Way & 6th Ave,8.0,0.0
2025-10-16,515,North,25198,91730.0,15:20:00,15:23:37,15:24:14,6,430,Howell St & 9th Ave,3.0,4.0
2025-10-16,515,North,25198,91730.0,,15:28:10,15:28:34,7,431,Howell St & Yale Ave,1.0,0.0
2025-10-16,515,North,25198,91730.0,15:40:00,15:45:07,15:45:33,10,2766,Mountlake Terrace Fwy Station Bay 7,0.0,16.0
2025-10-16,515,North,25198,91730.0,15:50:00,15:50:51,15:50:51,11,2118,Lynnwood City Center Station Bay A5,0.0,0.0
2025-10-16,515,North,25199,91907.0,15:20:00,15:22:42,15:22:42,0,640,4th Ave S & S Jackson St,0.0,0.0
2025-10-16,515,North,25199,91907.0,,15:23:25,15:23:38,1,635,4th Ave S & S Washington St,1.0,0.0
2025-10-16,515,North,25199,91907.0,,15:25:10,15:25:43,2,2638,4th Ave & Cherry St,1.0,0.0
2025-10-16,515,North,25199,91907.0,,15:27:18,15:27:25,3,641,4th Ave & Seneca St,0.0,0.0
2025-10-16,515,North,25199,91907.0,15:26:00,15:29:30,15:30:20,4,2976,4th Ave & Pine St,2.0,0.0
2025-10-16,515,North,25199,91907.0,,15:31:44,15:32:29,5,473,Olive Way & 6th Ave,4.0,0.0
2025-10-16,515,North,25199,91907.0,15:30:00,15:34:08,15:34:31,6,430,Howell St & 9th Ave,4.0,0.0
2025-10-16,515,North,25199,91907.0,,15:37:06,15:37:25,7,431,Howell St & Yale Ave,2.0,0.0
2025-10-16,515,North,25199,91907.0,15:51:00,15:53:18,15:53:38,10,2766,Mountlake Terrace Fwy Station Bay 7,0.0,14.0
2025-10-16,515,North,25199,91907.0,16:03:00,15:58:06,15:58:06,11,2118,Lynnwood City Center Station Bay A5,0.0,0.0
2025-10-16,515,North,25200,91708.0,15:30:00,15:32:54,15:32:54,0,640,4th Ave S & S Jackson St,2.0,0.0
2025-10-16,515,North,25200,91708.0,,15:33:33,15:33:56,1,635,4th Ave S & S Washington St,1.0,0.0
2025-10-16,515,North,25200,91708.0,,15:35:28,15:36:15,2,2638,4th Ave & Cherry St,7.0,0.0
2025-10-16,515,North,25200,91708.0,,15:38:46,15:39:26,3,641,4th Ave & Seneca St,3.0,0.0
2025-10-16,515,North,25200,91708.0,15:36:00,15:41:06,15:41:24,4,2976,4th Ave & Pine St,1.0,0.0
2025-10-16,515,North,25200,91708.0,,15:42:08,15:43:00,5,473,Olive Way & 6th Ave,2.0,0.0
2025-10-16,515,North,25200,91708.0,15:40:00,15:44:34,15:45:10,6,430,Howell St & 9th Ave,3.0,0.0
2025-10-16,515,North,25200,91708.0,,15:49:07,15:49:41,7,431,Howell St & Yale Ave,3.0,7.0
2025-10-16,515,North,25200,91708.0,16:02:00,16:06:26,16:06:50,10,2766,Mountlake Terrace Fwy Station Bay 7,0.0,15.0
2025-10-16,515,North,25200,91708.0,16:14:00,16:11:57,16:11:57,11,2118,Lynnwood City Center Station Bay A5,0.0,0.0
2025-10-16,515,North,25201,9566.0,15:40:00,15:48:14,15:48:14,0,640,4th Ave S & S Jackson St,5.0,0.0
2025-10-16,515,North,25201,9566.0,,15:48:57,15:48:57,1,635,4th Ave S & S Washington St,0.0,0.0
2025-10-16,515,North,25201,9566.0,,15:50:30,15:51:10,2,2638,4th Ave & Cherry St,6.0,0.0
2025-10-16,515,North,25201,9566.0,,15:55:17,15:55:38,3,641,4th Ave & Seneca St,2.0,0.0
2025-10-16,515,North,25201,9566.0,15:46:00,15:56:57,15:58:01,4,2976,4th Ave & Pine St,3.0,0.0
2025-10-16,515,North,25201,9566.0,,15:59:55,16:01:29,5,473,Olive Way & 6th Ave,3.0,0.0
2025-10-16,515,North,25201,9566.0,15:50:00,16:03:11,16:04:05,6,430,Howell St & 9th Ave,6.0,0.0
2025-10-16,515,North,25201,9566.0,,16:07:34,16:08:07,7,431,Howell St & Yale Ave,2.0,0.0
2025-10-16,515,North,25201,9566.0,16:12:00,16:23:39,16:24:27,10,2766,Mountlake Terrace Fwy Station Bay 7,0.0,27.0
2025-10-16,515,North,25201,9566.0,16:27:00,16:30:09,16:30:09,11,2118,Lynnwood City Center Station Bay A5,0.0,0.0
2025-10-16,515,North,25202,91722.0,15:50:00,15:50:22,15:50:22,0,640,4th Ave S & S Jackson St,1.0,0.0
2025-10-16,515,North,25202,91722.0,,15:51:21,15:51:34,1,635,4th Ave S & S Washington St,1.0,0.0
2025-10-16,515,North,25202,91722.0,,15:52:19,15:52:42,2,2638,4th Ave & Cherry St,3.0,0.0
2025-10-16,515,North,25202,91722.0,,15:55:19,15:55:40,3,641,4th Ave & Seneca St,2.0,0.0
2025-10-16,515,North,25202,91722.0,15:56:00,15:58:15,15:58:51,4,2976,4th Ave & Pine St,1.0,0.0
2025-10-16,515,North,25202,91722.0,,15:59:58,16:02:30,5,473,Olive Way & 6th Ave,8.0,0.0
2025-10-16,515,North,25202,91722.0,16:00:00,16:04:19,16:04:43,6,430,Howell St & 9th Ave,4.0,0.0
2025-10-16,515,North,25202,91722.0,,16:08:37,16:08:46,7,431,Howell St & Yale Ave,0.0,0.0
2025-10-16,515,North,25202,91722.0,16:23:00,16:24:42,16:25:09,10,2766,Mountlake Terrace Fwy Station Bay 7,0.0,6.0
2025-10-16,515,North,25202,91722.0,16:39:00,16:30:13,16:30:13,11,2118,Lynnwood City Center Station Bay A5,0.0,14.0
2025-10-16,515,North,25203,19816.0,16:00:00,16:00:10,16:00:10,0,640,4th Ave S & S Jackson St,0.0,0.0
2025-10-16,515,North,25203,19816.0,,16:00:50,16:01:00,1,635,4th Ave S & S Washington St,1.0,0.0
2025-10-16,515,North,25203,19816.0,,16:02:37,16:02:51,2,2638,4th Ave & Cherry St,1.0,0.0
2025-10-16,515,North,25203,19816.0,,16:06:11,16:06:22,3,641,4th Ave & Seneca St,1.0,0.0
2025-10-16,515,North,25203,19816.0,16:06:00,16:08:08,16:08:19,4,2976,4th Ave & Pine St,1.0,0.0
2025-10-16,515,North,25203,19816.0,,16:10:18,16:11:32,5,473,Olive Way & 6th Ave,9.0,0.0
2025-10-16,515,North,25203,19816.0,16:10:00,16:12:13,16:12:43,6,430,Howell St & 9th Ave,1.0,0.0
2025-10-16,515,North,25203,19816.0,,16:16:08,16:16:33,7,431,Howell St & Yale Ave,3.0,0.0
2025-10-16,515,North,25203,19816.0,16:33:00,16:34:26,16:34:40,10,2766,Mountlake Terrace Fwy Station Bay 7,0.0,17.0
2025-10-16,515,North,25203,19816.0,16:49:00,16:39:53,16:39:53,11,2118,Lynnwood City Center Station Bay A5,0.0,0.0
2025-10-16,515,North,25204,91704.0,16:10:00,16:11:56,16:11:56,0,640,4th Ave S & S Jackson St,2.0,0.0
2025-10-16,515,North,25204,91704.0,,16:12:48,16:13:08,1,635,4th Ave S & S Washington St,1.0,0.0
2025-10-16,515,North,25204,91704.0,,16:15:51,16:16:31,2,2638,4th Ave & Cherry St,2.0,0.0
2025-10-16,515,North,25204,91704.0,,16:19:29,16:20:47,3,641,4th Ave & Seneca St,2.0,0.0
2025-10-16,515,North,25204,91704.0,16:16:00,16:23:02,16:23:25,4,2976,4th Ave & Pine St,1.0,0.0
2025-10-16,515,North,25204,91704.0,,16:26:40,16:27:59,5,473,Olive Way & 6th Ave,12.0,0.0
2025-10-16,515,North,25204,91704.0,16:20:00,16:28:59,16:29:35,6,430,Howell St & 9th Ave,4.0,2.0
2025-10-16,515,North,25204,91704.0,,16:34:06,16:35:06,7,431,Howell St & Yale Ave,5.0,0.0
2025-10-16,515,North,25204,91704.0,16:43:00,16:53:27,16:54:15,10,2766,Mountlake Terrace Fwy Station Bay 7,0.0,27.0
2025-10-16,515,North,25204,91704.0,16:59:00,16:59:37,16:59:37,11,2118,Lynnwood City Center Station Bay A5,0.0,0.0
2025-10-16,515,North,25205,91901.0,16:20:00,16:29:57,16:29:57,0,640,4th Ave S & S Jackson St,4.0,0.0
2025-10-16,515,North,25205,91901.0,,16:30:33,16:30:55,1,635,4th Ave S & S Washington St,1.0,0.0
2025-10-16,515,North,25205,91901.0,,16:33:05,16:34:15,2,2638,4th Ave & Cherry St,18.0,0.0
2025-10-16,515,North,25205,91901.0,,16:38:53,16:40:16,3,641,4th Ave & Seneca St,13.0,1.0
2025-10-16,515,North,25205,91901.0,16:26:00,16:41:26,16:42:19,4,2976,4th Ave & Pine St,5.0,3.0
2025-10-16,515,North,25205,91901.0,,16:43:31,16:44:31,5,473,Olive Way & 6th Ave,12.0,0.0
2025-10-16,515,North,25205,91901.0,16:30:00,16:45:11,16:45:58,6,430,Howell St & 9th Ave,9.0,1.0
2025-10-16,515,North,25205,91901.0,,16:49:06,16:50:02,7,431,Howell St & Yale Ave,3.0,0.0
2025-10-16,515,North,25205,91901.0,16:53:00,17:08:09,17:08:44,10,2766,Mountlake Terrace Fwy Station Bay 7,0.0,15.0
2025-10-16,515,North,25205,91901.0,17:09:00,17:12:56,17:12:56,11,2118,Lynnwood City Center Station Bay A5,0.0,45.0
2025-10-16,515,North,25206,,16:30:00,,,0,640,4th Ave S & S Jackson St,,
2025-10-16,515,North,25206,,,,,1,635,4th Ave S & S Washington St,,
2025-10-16,515,North,25206,,,,,2,2638,4th Ave & Cherry St,,
2025-10-16,515,North,25206,,,,,3,641,4th Ave & Seneca St,,
2025-10-16,515,North,25206,,16:36:00,,,4,2976,4th Ave & Pine St,,
2025-10-16,515,North,25206,,,,,5,473,Olive Way & 6th Ave,,
2025-10-16,515,North,25206,,16:40:00,,,6,430,Howell St & 9th Ave,,
2025-10-16,515,North,25206,,,,,7,431,Howell St & Yale Ave,,
2025-10-16,515,North,25206,,17:03:00,,,10,2766,Mountlake Terrace Fwy Station Bay 7,,
2025-10-16,515,North,25206,,17:19:00,,,11,2118,Lynnwood City Center Station Bay A5,,
2025-10-16,515,North,25207,91718.0,16:40:00,16:47:48,16:47:48,0,640,4th Ave S & S Jackson St,2.0,0.0
2025-10-16,515,North,25207,91718.0,,16:48:37,16:48:45,1,635,4th Ave S & S Washington St,0.0,0.0
2025-10-16,515,North,25207,91718.0,,16:51:50,16:52:19,2,2638,4th Ave & Cherry St,5.0,0.0
2025-10-16,515,North,25207,91718.0,,16:55:40,16:56:46,3,641,4th Ave & Seneca St,3.0,0.0
2025-10-16,515,North,25207,91718.0,16:46:00,16:58:11,16:58:50,4,2976,4th Ave & Pine St,6.0,0.0
2025-10-16,515,North,25207,91718.0,,17:00:03,17:01:14,5,473,Olive Way & 6th Ave,11.0,0.0
2025-10-16,515,North,25207,91718.0,16:50:00,17:04:05,17:04:42,6,430,Howell St & 9th Ave,9.0,0.0
2025-10-16,515,North,25207,91718.0,,17:07:29,17:08:08,7,431,Howell St & Yale Ave,7.0,0.0
2025-10-16,515,North,25207,91718.0,17:13:00,17:24:46,17:25:00,10,2766,Mountlake Terrace Fwy Station Bay 7,0.0,0.0
2025-10-16,515,North,25207,91718.0,17:29:00,17:30:11,17:30:11,11,2118,Lynnwood City Center Station Bay A5,0.0,43.0
2025-10-16,515,North,25208,19852.0,16:50:00,16:50:19,16:50:19,0,640,4th Ave S & S Jackson St,0.0,0.0
2025-10-16,515,North,25208,19852.0,,16:51:47,16:51:57,1,635,4th Ave S & S Washington St,0.0,0.0
2025-10-16,515,North,25208,19852.0,,16:53:51,16:54:35,2,2638,4th Ave & Cherry St,2.0,0.0
2025-10-16,515,North,25208,19852.0,,16:57:25,16:58:13,3,641,4th Ave & Seneca St,0.0,0.0
2025-10-16,515,North,25208,19852.0,16:56:00,16:59:45,17:00:20,4,2976,4th Ave & Pine St,0.0,0.0
2025-10-16,515,North,25208,19852.0,,17:01:38,17:02:36,5,473,Olive Way & 6th Ave,0.0,0.0
2025-10-16,515,North,25208,19852.0,17:00:00,17:05:07,17:05:58,6,430,Howell St & 9th Ave,3.0,0.0
2025-10-16,515,North,25208,19852.0,,17:08:55,17:09:11,7,431,Howell St & Yale Ave,0.0,0.0
2025-10-16,515,North,25208,19852.0,17:22:00,17:25:38,17:25:52,10,2766,Mountlake Terrace Fwy Station Bay 7,0.0,0.0
2025-10-16,515,North,25208,19852.0,17:38:00,17:30:45,17:30:45,11,2118,Lynnwood City Center Station Bay A5,1.0,6.0
2025-10-16,515,North,25209,91721.0,17:00:00,17:00:43,17:00:43,0,640,4th Ave S & S Jackson St,3.0,0.0
2025-10-16,515,North,25209,91721.0,,17:01:57,17:02:09,1,635,4th Ave S & S Washington St,0.0,0.0
2025-10-16,515,North,25209,91721.0,,17:04:26,17:05:09,2,2638,4th Ave & Cherry St,4.0,0.0
2025-10-16,515,North,25209,91721.0,,17:09:10,17:10:42,3,641,4th Ave & Seneca St,10.0,2.0
2025-10-16,515,North,25209,91721.0,17:06:00,17:12:40,17:17:18,4,2976,4th Ave & Pine St,31.0,2.0
2025-10-16,515,North,25209,91721.0,,17:19:43,17:22:29,5,473,Olive Way & 6th Ave,22.0,2.0
2025-10-16,515,North,25209,91721.0,17:10:00,17:25:34,17:26:26,6,430,Howell St & 9th Ave,0.0,2.0
2025-10-16,515,North,25209,91721.0,,17:31:13,17:32:35,7,431,Howell St & Yale Ave,0.0,0.0
2025-10-16,515,North,25209,91721.0,17:32:00,17:49:32,17:50:47,10,2766,Mountlake Terrace Fwy Station Bay 7,1.0,63.0
2025-10-16,515,North,25209,91721.0,17:48:00,17:56:00,17:56:00,11,2118,Lynnwood City Center Station Bay A5,0.0,0.0
2025-10-16,515,North,25210,91710.0,17:10:00,17:10:38,17:10:38,0,640,4th Ave S & S Jackson St,2.0,0.0
2025-10-16,515,North,25210,91710.0,,17:11:25,17:11:46,1,635,4th Ave S & S Washington St,1.0,0.0
2025-10-16,515,North,25210,91710.0,,17:14:19,17:14:49,2,2638,4th Ave & Cherry St,2.0,0.0
2025-10-16,515,North,25210,91710.0,,17:18:02,17:19:16,3,641,4th Ave & Seneca St,6.0,0.0
2025-10-16,515,North,25210,91710.0,17:16:00,17:20:31,17:24:54,4,2976,4th Ave & Pine St,27.0,0.0
2025-10-16,515,North,25210,91710.0,,17:26:52,17:29:40,5,473,Olive Way & 6th Ave,19.0,0.0
2025-10-16,515,North,25210,91710.0,17:20:00,17:31:13,17:32:42,6,430,Howell St & 9th Ave,5.0,0.0
2025-10-16,515,North,25210,91710.0,,17:35:39,17:36:18,7,431,Howell St & Yale Ave,2.0,4.0
2025-10-16,515,North,25210,91710.0,17:42:00,17:52:06,17:53:23,10,2766,Mountlake Terrace Fwy Station Bay 7,1.0,61.0
2025-10-16,515,North,25210,91710.0,17:58:00,17:58:12,17:58:12,11,2118,Lynnwood City Center Station Bay A5,0.0,0.0
2025-10-16,515,North,25211,91714.0,17:20:00,17:21:39,17:21:39,0,640,4th Ave S & S Jackson St,4.0,0.0
2025-10-16,515,North,25211,91714.0,,,,1,635,4th Ave S & S Washington St,,
2025-10-16,515,North,25211,91714.0,,17:24:44,17:25:15,2,2638,4th Ave & Cherry St,3.0,0.0
2025-10-16,515,North,25211,91714.0,,17:28:58,17:29:43,3,641,4th Ave & Seneca St,0.0,2.0
2025-10-16,515,North,25211,91714.0,17:26:00,17:31:18,17:31:49,4,2976,4th Ave & Pine St,7.0,0.0
2025-10-16,515,North,25211,91714.0,,17:33:05,17:33:59,5,473,Olive Way & 6th Ave,3.0,0.0
2025-10-16,515,North,25211,91714.0,17:30:00,17:35:39,17:36:04,6,430,Howell St & 9th Ave,3.0,0.0
2025-10-16,515,North,25211,91714.0,,17:40:04,17:40:40,7,431,Howell St & Yale Ave,5.0,0.0
2025-10-16,515,North,25211,91714.0,17:51:00,17:55:41,17:56:10,10,2766,Mountlake Terrace Fwy Station Bay 7,0.0,2.0
2025-10-16,515,North,25211,91714.0,18:06:00,18:01:25,18:01:25,11,2118,Lynnwood City Center Station Bay A5,0.0,21.0
2025-10-16,515,North,25212,19810.0,17:40:00,17:41:37,17:41:37,0,640,4th Ave S & S Jackson St,3.0,0.0
2025-10-16,515,North,25212,19810.0,,17:42:28,17:42:39,1,635,4th Ave S & S Washington St,0.0,0.0
2025-10-16,515,North,25212,19810.0,,17:44:14,17:44:38,2,2638,4th Ave & Cherry St,4.0,0.0
2025-10-16,515,North,25212,19810.0,,17:46:30,17:47:42,3,641,4th Ave & Seneca St,4.0,0.0
2025-10-16,515,North,25212,19810.0,17:46:00,17:49:09,17:50:02,4,2976,4th Ave & Pine St,6.0,0.0
2025-10-16,515,North,25212,19810.0,,17:51:12,17:51:59,5,473,Olive Way & 6th Ave,8.0,0.0
2025-10-16,515,North,25212,19810.0,17:50:00,17:53:32,17:54:34,6,430,Howell St & 9th Ave,13.0,0.0
2025-10-16,515,North,25212,19810.0,,17:56:53,17:57:22,7,431,Howell St & Yale Ave,2.0,0.0
2025-10-16,515,North,25212,19810.0,18:09:00,18:11:40,18:12:07,10,2766,Mountlake Terrace Fwy Station Bay 7,1.0,5.0
2025-10-16,515,North,25212,19810.0,18:23:00,18:16:40,18:16:40,11,2118,Lynnwood City Center Station Bay A5,0.0,36.0
2025-10-16,515,North,25213,91719.0,18:00:00,18:01:54,18:01:54,0,640,4th Ave S & S Jackson St,3.0,0.0
2025-10-16,515,North,25213,91719.0,,18:02:15,18:02:15,1,635,4th Ave S & S Washington St,0.0,0.0
2025-10-16,515,North,25213,91719.0,,18:03:49,18:04:30,2,2638,4th Ave & Cherry St,6.0,0.0
2025-10-16,515,North,25213,91719.0,,18:07:02,18:07:29,3,641,4th Ave & Seneca St,4.0,0.0
2025-10-16,515,North,25213,91719.0,18:06:00,18:08:48,18:09:20,4,2976,4th Ave & Pine St,3.0,0.0
2025-10-16,515,North,25213,91719.0,,18:10:30,18:11:29,5,473,Olive Way & 6th Ave,4.0,0.0
2025-10-16,515,North,25213,91719.0,18:09:00,18:13:01,18:13:33,6,430,Howell St & 9th Ave,4.0,0.0
2025-10-16,515,North,25213,91719.0,,18:16:05,18:17:24,7,431,Howell St & Yale Ave,7.0,0.0
2025-10-16,515,North,25213,91719.0,18:27:00,18:31:38,18:32:18,10,2766,Mountlake Terrace Fwy Station Bay 7,0.0,12.0
2025-10-16,515,North,25213,91719.0,18:39:00,18:37:04,18:37:04,11,2118,Lynnwood City Center Station Bay A5,1.0,20.0
2025-10-16,515,North,25214,91704.0,18:20:00,18:20:41,18:20:41,0,640,4th Ave S & S Jackson St,0.0,0.0
2025-10-16,515,North,25214,91704.0,,18:21:37,18:21:47,1,635,4th Ave S & S Washington St,0.0,0.0
2025-10-16,515,North,25214,91704.0,,18:23:21,18:23:44,2,2638,4th Ave & Cherry St,1.0,0.0
2025-10-16,515,North,25214,91704.0,,18:25:29,18:26:46,3,641,4th Ave & Seneca St,2.0,0.0
2025-10-16,515,North,25214,91704.0,18:26:00,18:28:24,18:28:52,4,2976,4th Ave & Pine St,1.0,0.0
2025-10-16,515,North,25214,91704.0,,18:29:57,18:30:59,5,473,Olive Way & 6th Ave,4.0,0.0
2025-10-16,515,North,25214,91704.0,18:29:00,18:31:43,18:32:09,6,430,Howell St & 9th Ave,1.0,0.0
2025-10-16,515,North,25214,91704.0,,18:34:32,18:34:58,7,431,Howell St & Yale Ave,1.0,0.0
2025-10-16,515,North,25214,91704.0,18:47:00,18:48:31,18:48:57,10,2766,Mountlake Terrace Fwy Station Bay 7,0.0,10.0
2025-10-16,515,North,25214,91704.0,18:59:00,18:53:03,18:53:03,11,2118,Lynnwood City Center Station Bay A5,0.0,0.0
2025-10-16,515,North,25215,91707.0,18:40:00,18:42:30,18:42:30,0,640,4th Ave S & S Jackson St,2.0,0.0
2025-10-16,515,North,25215,91707.0,,18:44:12,18:44:31,1,635,4th Ave S & S Washington St,0.0,0.0
2025-10-16,515,North,25215,91707.0,,18:46:05,18:46:28,2,2638,4th Ave & Cherry St,1.0,0.0
2025-10-16,515,North,25215,91707.0,,18:48:05,18:49:17,3,641,4th Ave & Seneca St,3.0,0.0
2025-10-16,515,North,25215,91707.0,18:46:00,18:50:51,18:51:24,4,2976,4th Ave & Pine St,2.0,0.0
2025-10-16,515,North,25215,91707.0,,18:52:36,18:53:34,5,473,Olive Way & 6th Ave,2.0,0.0
2025-10-16,515,North,25215,91707.0,18:49:00,18:55:14,18:55:53,6,430,Howell St & 9th Ave,3.0,3.0
2025-10-16,515,North,25215,91707.0,,18:58:44,18:59:18,7,431,Howell St & Yale Ave,0.0,2.0
2025-10-16,515,North,25215,91707.0,19:07:00,19:13:22,19:13:49,10,2766,Mountlake Terrace Fwy Station Bay 7,0.0,1.0
2025-10-16,515,North,25215,91707.0,19:16:00,19:18:55,19:18:55,11,2118,Lynnwood City Center Station Bay A5,0.0,7.0
2025-10-16,515,South,25216,91721.0,04:30:00,04:30:16,04:30:16,0,2113,Lynnwood City Center Station Bay D1,19.0,0.0
2025-10-16,515,South,25216,91721.0,04:34:00,04:34:32,04:34:59,1,2765,Mountlake Terrace Fwy Station Bay 6,2.0,0.0
2025-10-16,515,South,25216,91721.0,04:51:00,04:49:16,04:50:03,4,1909,Stewart St & 9th Ave,0.0,2.0
2025-10-16,515,South,25216,91721.0,,04:51:04,04:51:29,5,1908,Stewart St & 7th Ave,0.0,4.0
2025-10-16,515,South,25216,91721.0,04:56:00,04:52:34,04:53:20,6,2698,5th Ave & Pine St,0.0,2.0
2025-10-16,515,South,25216,91721.0,,04:54:21,04:54:39,7,2700,5th Ave & Seneca St,0.0,1.0
2025-10-16,515,South,25216,91721.0,,04:55:30,04:56:31,8,2702,5th Ave & Marion St,0.0,5.0
2025-10-16,515,South,25216,91721.0,,04:58:06,04:58:32,9,2290,5th Ave & Jefferson St,0.0,7.0
2025-10-16,515,South,25216,91721.0,05:04:00,05:01:18,05:01:18,10,2706,5th Ave S & S Jackson St,0.0,0.0
2025-10-16,515,South,25217,91712.0,04:50:00,04:50:06,04:50:06,0,2113,Lynnwood City Center Station Bay D1,12.0,0.0
2025-10-16,515,South,25217,91712.0,04:54:00,04:53:53,04:54:19,1,2765,Mountlake Terrace Fwy Station Bay 6,3.0,0.0
2025-10-16,515,South,25217,91712.0,05:11:00,05:07:36,05:07:51,4,1909,Stewart St & 9th Ave,0.0,2.0
2025-10-16,515,South,25217,91712.0,,05:09:04,05:09:18,5,1908,Stewart St & 7th Ave,0.0,2.0
2025-10-16,515,South,25217,91712.0,05:16:00,05:10:26,05:10:39,6,2698,5th Ave & Pine St,0.0,0.0
2025-10-16,515,South,25217,91712.0,,05:12:11,05:12:32,7,2700,5th Ave & Seneca St,0.0,3.0
2025-10-16,515,South,25217,91712.0,,05:13:29,05:13:49,8,2702,5th Ave & Marion St,0.0,2.0
2025-10-16,515,South,25217,91712.0,,05:14:36,05:14:57,9,2290,5th Ave & Jefferson St,0.0,4.0
2025-10-16,515,South,25217,91712.0,05:24:00,05:16:30,05:16:30,10,2706,5th Ave S & S Jackson St,0.0,2.0
2025-10-16,515,South,25218,91708.0,05:10:00,05:10:06,05:10:06,0,2113,Lynnwood City Center Station Bay D1,29.0,0.0
2025-10-16,515,South,25218,91708.0,05:14:00,05:14:07,05:14:33,1,2765,Mountlake Terrace Fwy Station Bay 6,4.0,0.0
2025-10-16,515,South,25218,91708.0,05:31:00,05:28:38,05:29:19,4,1909,Stewart St & 9th Ave,1.0,10.0
2025-10-16,515,South,25218,91708.0,,05:30:06,05:30:38,5,1908,Stewart St & 7th Ave,0.0,5.0
2025-10-16,515,South,25218,91708.0,05:36:00,05:31:33,05:32:23,6,2698,5th Ave & Pine St,0.0,2.0
2025-10-16,515,South,25218,91708.0,,05:33:18,05:33:50,7,2700,5th Ave & Seneca St,0.0,6.0
2025-10-16,515,South,25218,91708.0,,05:34:35,05:35:12,8,2702,5th Ave & Marion St,0.0,7.0
2025-10-16,515,South,25218,91708.0,,05:35:52,05:36:19,9,2290,5th Ave & Jefferson St,0.0,4.0
2025-10-16,515,South,25218,91708.0,05:44:00,05:37:32,05:37:32,10,2706,5th Ave S & S Jackson St,0.0,0.0
2025-10-16,515,South,25219,91727.0,05:30:00,05:36:44,05:36:44,0,2113,Lynnwood City Center Station Bay D1,27.0,0.0
2025-10-16,515,South,25219,91727.0,05:34:00,05:40:53,05:41:02,1,2765,Mountlake Terrace Fwy Station Bay 6,0.0,0.0
2025-10-16,515,South,25219,91727.0,05:51:00,05:55:27,05:56:03,4,1909,Stewart St & 9th Ave,0.0,7.0
2025-10-16,515,South,25219,91727.0,,05:57:08,05:57:28,5,1908,Stewart St & 7th Ave,0.0,3.0
2025-10-16,515,South,25219,91727.0,05:56:00,05:59:33,06:00:23,6,2698,5th Ave & Pine St,0.0,0.0
2025-10-16,515,South,25219,91727.0,,06:01:19,06:01:54,7,2700,5th Ave & Seneca St,1.0,3.0
2025-10-16,515,South,25219,91727.0,,06:03:26,06:04:22,8,2702,5th Ave & Marion St,0.0,13.0
2025-10-16,515,South,25219,91727.0,,06:05:28,06:05:52,9,2290,5th Ave & Jefferson St,0.0,2.0
2025-10-16,515,South,25219,91727.0,06:05:00,06:09:04,06:09:04,10,2706,5th Ave S & S Jackson St,0.0,0.0
2025-10-16,515,South,25220,91717.0,05:55:00,05:56:58,05:56:58,0,2113,Lynnwood City Center Station Bay D1,39.0,0.0
2025-10-16,515,South,25220,91717.0,05:59:00,06:00:02,06:00:35,1,2765,Mountlake Terrace Fwy Station Bay 6,7.0,0.0
2025-10-16,515,South,25220,91717.0,06:16:00,06:13:25,06:14:14,4,1909,Stewart St & 9th Ave,0.0,10.0
2025-10-16,515,South,25220,91717.0,,06:15:09,06:15:36,5,1908,Stewart St & 7th Ave,0.0,4.0
2025-10-16,515,South,25220,91717.0,06:21:00,06:16:54,06:18:03,6,2698,5th Ave & Pine St,0.0,4.0
2025-10-16,515,South,25220,91717.0,,06:19:01,06:19:46,7,2700,5th Ave & Seneca St,0.0,11.0
2025-10-16,515,South,25220,91717.0,,06:20:39,06:21:19,8,2702,5th Ave & Marion St,0.0,10.0
2025-10-16,515,South,25220,91717.0,,06:22:32,06:22:57,9,2290,5th Ave & Jefferson St,0.0,6.0
2025-10-16,515,South,25220,91717.0,06:30:00,06:25:36,06:25:36,10,2706,5th Ave S & S Jackson St,0.0,1.0
2025-10-16,515,South,25221,91712.0,06:05:00,06:05:31,06:05:31,0,2113,Lynnwood City Center Station Bay D1,29.0,0.0
2025-10-16,515,South,25221,91712.0,06:09:00,06:09:27,06:09:49,1,2765,Mountlake Terrace Fwy Station Bay 6,4.0,1.0
2025-10-16,515,South,25221,91712.0,06:27:00,06:24:03,06:24:28,4,1909,Stewart St & 9th Ave,0.0,9.0
2025-10-16,515,South,25221,91712.0,,06:25:34,06:25:55,5,1908,Stewart St & 7th Ave,0.0,4.0
2025-10-16,515,South,25221,91712.0,06:32:00,06:27:18,06:27:30,6,2698,5th Ave & Pine St,0.0,1.0
2025-10-16,515,South,25221,91712.0,,06:29:06,06:29:31,7,2700,5th Ave & Seneca St,0.0,8.0
2025-10-16,515,South,25221,91712.0,,06:30:55,06:31:25,8,2702,5th Ave & Marion St,0.0,5.0
2025-10-16,515,South,25221,91712.0,,06:32:51,06:33:13,9,2290,5th Ave & Jefferson St,0.0,4.0
2025-10-16,515,South,25221,91712.0,06:41:00,06:35:34,06:35:34,10,2706,5th Ave S & S Jackson St,0.0,1.0
2025-10-16,515,South,25222,91716.0,06:15:00,06:15:08,06:15:08,0,2113,Lynnwood City Center Station Bay D1,27.0,0.0
2025-10-16,515,South,25222,91716.0,06:19:00,06:19:58,06:21:11,1,2765,Mountlake Terrace Fwy Station Bay 6,6.0,0.0
2025-10-16,515,South,25222,91716.0,06:37:00,06:35:28,06:35:46,4,1909,Stewart St & 9th Ave,1.0,5.0
2025-10-16,515,South,25222,91716.0,,06:36:21,06:36:44,5,1908,Stewart St & 7th Ave,0.0,5.0
2025-10-16,515,South,25222,91716.0,06:42:00,06:37:53,06:39:02,6,2698,5th Ave & Pine St,0.0,2.0
2025-10-16,515,South,25222,91716.0,,06:40:00,06:40:28,7,2700,5th Ave & Seneca St,0.0,9.0
2025-10-16,515,South,25222,91716.0,,06:41:35,06:42:15,8,2702,5th Ave & Marion St,0.0,4.0
2025-10-16,515,South,25222,91716.0,,06:43:31,06:44:07,9,2290,5th Ave & Jefferson St,0.0,5.0
2025-10-16,515,South,25222,91716.0,06:52:00,06:46:03,06:46:03,10,2706,5th Ave S & S Jackson St,0.0,4.0
2025-10-16,515,South,25223,91708.0,06:25:00,06:25:18,06:25:18,0,2113,Lynnwood City Center Station Bay D1,38.0,0.0
2025-10-16,515,South,25223,91708.0,06:29:00,06:29:20,06:29:36,1,2765,Mountlake Terrace Fwy Station Bay 6,2.0,0.0
2025-10-16,515,South,25223,91708.0,06:49:00,06:44:30,06:45:01,4,1909,Stewart St & 9th Ave,0.0,9.0
2025-10-16,515,South,25223,91708.0,,06:45:27,06:45:56,5,1908,Stewart St & 7th Ave,0.0,10.0
2025-10-16,515,South,25223,91708.0,06:54:00,06:46:56,06:47:17,6,2698,5th Ave & Pine St,0.0,4.0
2025-10-16,515,South,25223,91708.0,,06:48:56,06:49:56,7,2700,5th Ave & Seneca St,0.0,6.0
2025-10-16,515,South,25223,91708.0,,06:50:37,06:51:17,8,2702,5th Ave & Marion St,0.0,8.0
2025-10-16,515,South,25223,91708.0,,06:52:23,06:52:42,9,2290,5th Ave & Jefferson St,0.0,3.0
2025-10-16,515,South,25223,91708.0,07:05:00,06:55:34,06:55:34,10,2706,5th Ave S & S Jackson St,0.0,0.0
2025-10-16,515,South,25224,,06:35:00,,,0,2113,Lynnwood City Center Station Bay D1,,
2025-10-16,515,South,25224,,06:39:00,,,1,2765,Mountlake Terrace Fwy Station Bay 6,,
2025-10-16,515,South,25224,,07:00:00,,,4,1909,Stewart St & 9th Ave,,
2025-10-16,515,South,25224,,,,,5,1908,Stewart St & 7th Ave,,
2025-10-16,515,South,25224,,07:05:00,,,6,2698,5th Ave & Pine St,,
2025-10-16,515,South,25224,,,,,7,2700,5th Ave & Seneca St,,
2025-10-16,515,South,25224,,,,,8,2702,5th Ave & Marion St,,
2025-10-16,515,South,25224,,,,,9,2290,5th Ave & Jefferson St,,
2025-10-16,515,South,25224,,07:16:00,,,10,2706,5th Ave S & S Jackson St,,
2025-10-16,515,South,25225,91711.0,06:45:00,06:50:09,06:50:09,0,2113,Lynnwood City Center Station Bay D1,62.0,0.0
2025-10-16,515,South,25225,91711.0,06:50:00,06:54:49,06:55:36,1,2765,Mountlake Terrace Fwy Station Bay 6,5.0,0.0
2025-10-16,515,South,25225,91711.0,07:11:00,07:10:23,07:11:07,4,1909,Stewart St & 9th Ave,0.0,18.0
2025-10-16,515,South,25225,91711.0,,07:12:09,07:12:47,5,1908,Stewart St & 7th Ave,0.0,11.0
2025-10-16,515,South,25225,91711.0,07:16:00,07:13:51,07:15:06,6,2698,5th Ave & Pine St,0.0,8.0
2025-10-16,515,South,25225,91711.0,,07:16:21,07:17:07,7,2700,5th Ave & Seneca St,0.0,11.0
2025-10-16,515,South,25225,91711.0,,07:17:44,07:18:17,8,2702,5th Ave & Marion St,0.0,10.0
2025-10-16,515,South,25225,91711.0,,07:19:33,07:20:02,9,2290,5th Ave & Jefferson St,0.0,9.0
2025-10-16,515,South,25225,91711.0,07:27:00,07:22:19,07:22:19,10,2706,5th Ave S & S Jackson St,0.0,0.0
2025-10-16,515,South,25226,91908.0,06:55:00,06:59:33,06:59:33,0,2113,Lynnwood City Center Station Bay D1,25.0,0.0
2025-10-16,515,South,25226,91908.0,07:00:00,07:03:30,07:04:17,1,2765,Mountlake Terrace Fwy Station Bay 6,9.0,0.0
2025-10-16,515,South,25226,91908.0,07:21:00,07:19:41,07:20:15,4,1909,Stewart St & 9th Ave,1.0,9.0
2025-10-16,515,South,25226,91908.0,,07:21:12,07:21:45,5,1908,Stewart St & 7th Ave,2.0,9.0
2025-10-16,515,South,25226,91908.0,07:26:00,07:22:58,07:24:06,6,2698,5th Ave & Pine St,0.0,6.0
2025-10-16,515,South,25226,91908.0,,07:26:02,07:26:26,7,2700,5th Ave & Seneca St,0.0,4.0
2025-10-16,515,South,25226,91908.0,,07:28:00,07:28:45,8,2702,5th Ave & Marion St,0.0,5.0
2025-10-16,515,South,25226,91908.0,,07:31:06,07:31:25,9,2290,5th Ave & Jefferson St,0.0,1.0
2025-10-16,515,South,25226,91908.0,07:37:00,07:34:00,07:34:00,10,2706,5th Ave S & S Jackson St,0.0,3.0
2025-10-16,515,South,25227,91905.0,07:05:00,07:06:52,07:06:52,0,2113,Lynnwood City Center Station Bay D1,41.0,0.0
2025-10-16,515,South,25227,91905.0,07:10:00,07:11:22,07:12:20,1,2765,Mountlake Terrace Fwy Station Bay 6,10.0,0.0
2025-10-16,515,South,25227,91905.0,07:34:00,07:30:07,07:31:00,4,1909,Stewart St & 9th Ave,1.0,20.0
2025-10-16,515,South,25227,91905.0,,07:31:38,07:32:14,5,1908,Stewart St & 7th Ave,1.0,11.0
2025-10-16,515,South,25227,91905.0,07:39:00,07:33:18,07:34:36,6,2698,5th Ave & Pine St,3.0,5.0
2025-10-16,515,South,25227,91905.0,,07:36:28,07:36:45,7,2700,5th Ave & Seneca St,1.0,2.0
2025-10-16,515,South,25227,91905.0,,07:38:28,07:39:15,8,2702,5th Ave & Marion St,0.0,11.0
2025-10-16,515,South,25227,91905.0,,07:40:24,07:40:55,9,2290,5th Ave & Jefferson St,0.0,4.0
2025-10-16,515,South,25227,91905.0,07:50:00,07:42:44,07:42:44,10,2706,5th Ave S & S Jackson St,0.0,4.0
2025-10-16,515,South,25228,91717.0,07:15:00,07:15:12,07:15:12,0,2113,Lynnwood City Center Station Bay D1,15.0,0.0
2025-10-16,515,South,25228,91717.0,07:20:00,07:20:15,07:20:42,1,2765,Mountlake Terrace Fwy Station Bay 6,2.0,0.0
2025-10-16,515,South,25228,91717.0,07:51:00,07:40:17,07:40:45,4,1909,Stewart St & 9th Ave,0.0,7.0
2025-10-16,515,South,25228,91717.0,,07:42:07,07:42:33,5,1908,Stewart St & 7th Ave,0.0,5.0
2025-10-16,515,South,25228,91717.0,07:56:00,07:45:21,07:45:34,6,2698,5th Ave & Pine St,0.0,0.0
2025-10-16,515,South,25228,91717.0,,07:47:28,07:47:51,7,2700,5th Ave & Seneca St,0.0,3.0
2025-10-16,515,South,25228,91717.0,,07:49:23,07:49:51,8,2702,5th Ave & Marion St,0.0,1.0
2025-10-16,515,South,25228,91717.0,,07:52:08,07:52:53,9,2290,5th Ave & Jefferson St,0.0,1.0
2025-10-16,515,South,25228,91717.0,08:07:00,07:55:53,07:55:53,10,2706,5th Ave S & S Jackson St,0.0,0.0
2025-10-16,515,South,25229,91725.0,07:25:00,07:25:10,07:25:10,0,2113,Lynnwood City Center Station Bay D1,17.0,0.0
2025-10-16,515,South,25229,91725.0,07:30:00,07:30:35,07:31:25,1,2765,Mountlake Terrace Fwy Station Bay 6,14.0,0.0
2025-10-16,515,South,25229,91725.0,08:02:00,07:56:25,07:57:03,4,1909,Stewart St & 9th Ave,1.0,18.0
2025-10-16,515,South,25229,91725.0,,07:57:34,07:58:00,5,1908,Stewart St & 7th Ave,0.0,5.0
2025-10-16,515,South,25229,91725.0,08:07:00,08:00:16,08:01:33,6,2698,5th Ave & Pine St,0.0,2.0
2025-10-16,515,South,25229,91725.0,,08:02:34,08:02:56,7,2700,5th Ave & Seneca St,0.0,4.0
2025-10-16,515,South,25229,91725.0,,08:04:17,08:04:46,8,2702,5th Ave & Marion St,0.0,1.0
2025-10-16,515,South,25229,91725.0,,08:05:58,08:06:16,9,2290,5th Ave & Jefferson St,0.0,2.0
2025-10-16,515,South,25229,91725.0,08:18:00,08:09:03,08:09:03,10,2706,5th Ave S & S Jackson St,0.0,0.0
2025-10-16,515,South,25230,91702.0,07:35:00,07:36:03,07:36:03,0,2113,Lynnwood City Center Station Bay D1,25.0,0.0
2025-10-16,515,South,25230,91702.0,07:40:00,07:41:50,07:42:26,1,2765,Mountlake Terrace Fwy Station Bay 6,2.0,0.0
2025-10-16,515,South,25230,91702.0,08:13:00,08:09:14,08:09:49,4,1909,Stewart St & 9th Ave,0.0,11.0
2025-10-16,515,South,25230,91702.0,,08:10:43,08:11:16,5,1908,Stewart St & 7th Ave,0.0,9.0
2025-10-16,515,South,25230,91702.0,08:18:00,08:13:55,08:13:55,6,2698,5th Ave & Pine St,0.0,0.0
2025-10-16,515,South,25230,91702.0,,08:15:56,08:16:15,7,2700,5th Ave & Seneca St,0.0,4.0
2025-10-16,515,South,25230,91702.0,,08:17:41,08:18:15,8,2702,5th Ave & Marion St,0.0,3.0
2025-10-16,515,South,25230,91702.0,,08:20:30,08:20:30,9,2290,5th Ave & Jefferson St,0.0,0.0
2025-10-16,515,South,25230,91702.0,08:29:00,08:22:36,08:22:36,10,2706,5th Ave S & S Jackson St,0.0,0.0
2025-10-16,515,South,25231,91911.0,07:45:00,07:48:11,07:48:11,0,2113,Lynnwood City Center Station Bay D1,24.0,0.0
2025-10-16,515,South,25231,91911.0,07:50:00,07:54:12,07:55:01,1,2765,Mountlake Terrace Fwy Station Bay 6,9.0,0.0
2025-10-16,515,South,25231,91911.0,08:23:00,08:20:29,08:21:08,4,1909,Stewart St & 9th Ave,0.0,13.0
2025-10-16,515,South,25231,91911.0,,08:21:40,08:22:07,5,1908,Stewart St & 7th Ave,0.0,8.0
2025-10-16,515,South,25231,91911.0,08:28:00,08:24:29,08:25:12,6,2698,5th Ave & Pine St,0.0,0.0
2025-10-16,515,South,25231,91911.0,,08:26:25,08:27:00,7,2700,5th Ave & Seneca St,0.0,4.0
2025-10-16,515,South,25231,91911.0,,08:28:06,08:29:23,8,2702,5th Ave & Marion St,1.0,5.0
2025-10-16,515,South,25231,91911.0,,08:31:38,08:32:23,9,2290,5th Ave & Jefferson St,0.0,4.0
2025-10-16,515,South,25231,91911.0,08:39:00,08:34:21,08:34:21,10,2706,5th Ave S & S Jackson St,0.0,0.0
2025-10-16,515,South,25232,9560.0,07:55:00,07:55:23,07:55:23,0,2113,Lynnwood City Center Station Bay D1,13.0,0.0
2025-10-16,515,South,25232,9560.0,08:00:00,08:00:56,08:01:34,1,2765,Mountlake Terrace Fwy Station Bay 6,5.0,0.0
2025-10-16,515,South,25232,9560.0,08:35:00,08:27:08,08:27:35,4,1909,Stewart St & 9th Ave,0.0,11.0
2025-10-16,515,South,25232,9560.0,,08:28:36,08:28:55,5,1908,Stewart St & 7th Ave,1.0,0.0
2025-10-16,515,South,25232,9560.0,08:40:00,08:31:51,08:32:06,6,2698,5th Ave & Pine St,0.0,3.0
2025-10-16,515,South,25232,9560.0,,08:34:56,08:35:13,7,2700,5th Ave & Seneca St,1.0,2.0
2025-10-16,515,South,25232,9560.0,,08:36:53,08:37:47,8,2702,5th Ave & Marion St,0.0,4.0
2025-10-16,515,South,25232,9560.0,,08:40:01,08:40:14,9,2290,5th Ave & Jefferson St,0.0,0.0
2025-10-16,515,South,25232,9560.0,08:51:00,08:42:30,08:42:30,10,2706,5th Ave S & S Jackson St,0.0,0.0
2025-10-16,515,South,25233,91903.0,08:15:00,08:17:31,08:17:31,0,2113,Lynnwood City Center Station Bay D1,14.0,0.0
2025-10-16,515,South,25233,91903.0,08:19:00,08:21:20,08:21:59,1,2765,Mountlake Terrace Fwy Station Bay 6,10.0,0.0
2025-10-16,515,South,25233,91903.0,08:58:00,08:49:13,08:50:15,4,1909,Stewart St & 9th Ave,1.0,10.0
2025-10-16,515,South,25233,91903.0,,08:51:16,08:51:46,5,1908,Stewart St & 7th Ave,1.0,7.0
2025-10-16,515,South,25233,91903.0,09:03:00,08:54:25,08:55:35,6,2698,5th Ave & Pine St,1.0,1.0
2025-10-16,515,South,25233,91903.0,,08:57:28,08:58:09,7,2700,5th Ave & Seneca St,1.0,2.0
2025-10-16,515,South,25233,91903.0,,09:01:00,09:01:43,8,2702,5th Ave & Marion St,0.0,8.0
2025-10-16,515,South,25233,91903.0,,09:02:58,09:03:11,9,2290,5th Ave & Jefferson St,0.0,0.0
2025-10-16,515,South,25233,91903.0,09:14:00,09:05:37,09:05:37,10,2706,5th Ave S & S Jackson St,0.0,0.0
2025-10-16,515,South,25234,91907.0,08:35:00,,,0,2113,Lynnwood City Center Station Bay D1,,
2025-10-16,515,South,25234,91907.0,08:39:00,08:40:51,08:40:51,1,2765,Mountlake Terrace Fwy Station Bay 6,11.0,0.0
2025-10-16,515,South,25234,91907.0,09:18:00,09:11:28,09:11:44,4,1909,Stewart St & 9th Ave,0.0,0.0
2025-10-16,515,South,25234,91907.0,,09:12:52,09:13:23,5,1908,Stewart St & 7th Ave,0.0,5.0
2025-10-16,515,South,25234,91907.0,09:23:00,09:15:25,09:16:34,6,2698,5th Ave & Pine St,0.0,2.0
2025-10-16,515,South,25234,91907.0,,09:18:26,09:18:46,7,2700,5th Ave & Seneca St,1.0,2.0
2025-10-16,515,South,25234,91907.0,,09:20:37,09:21:14,8,2702,5th Ave & Marion St,0.0,1.0
2025-10-16,515,South,25234,91907.0,,09:22:31,09:22:51,9,2290,5th Ave & Jefferson St,0.0,1.0
2025-10-16,515,South,25234,91907.0,09:34:00,09:26:10,09:26:10,10,2706,5th Ave S & S Jackson St,0.0,1.0
2025-10-16,515,South,25235,9566.0,08:55:00,08:56:49,08:56:49,0,2113,Lynnwood City Center Station Bay D1,7.0,0.0
2025-10-16,515,South,25235,9566.0,08:59:00,09:00:52,09:00:52,1,2765,Mountlake Terrace Fwy Station Bay 6,0.0,0.0
2025-10-16,515,South,25235,9566.0,09:38:00,09:25:35,09:26:14,4,1909,Stewart St & 9th Ave,0.0,5.0
2025-10-16,515,South,25235,9566.0,,09:27:32,09:27:50,5,1908,Stewart St & 7th Ave,0.0,2.0
2025-10-16,515,South,25235,9566.0,09:43:00,09:28:49,09:28:49,6,2698,5th Ave & Pine St,0.0,0.0
2025-10-16,515,South,25235,9566.0,,09:30:52,09:30:52,7,2700,5th Ave & Seneca St,0.0,0.0
2025-10-16,515,South,25235,9566.0,,09:32:41,09:32:41,8,2702,5th Ave & Marion St,0.0,0.0
2025-10-16,515,South,25235,9566.0,,09:33:09,09:33:09,9,2290,5th Ave & Jefferson St,0.0,0.0
2025-10-16,515,South,25235,9566.0,09:54:00,09:35:50,09:35:50,10,2706,5th Ave S & S Jackson St,1.0,1.0
2025-10-17,515,North,25197,9566.0,15:00:00,15:00:14,15:00:14,0,640,4th Ave S & S Jackson St,4.0,0.0
2025-10-17,515,North,25197,9566.0,,15:00:46,15:01:10,1,635,4th Ave S & S Washington St,1.0,0.0
2025-10-17,515,North,25197,9566.0,,15:02:31,15:02:57,2,2638,4th Ave & Cherry St,3.0,0.0
2025-10-17,515,North,25197,9566.0,,15:05:37,15:06:06,3,641,4th Ave & Seneca St,3.0,0.0
2025-10-17,515,North,25197,9566.0,15:06:00,15:07:18,15:07:53,4,2976,4th Ave & Pine St,1.0,0.0
2025-10-17,515,North,25197,9566.0,,15:09:12,15:10:05,5,473,Olive Way & 6th Ave,3.0,0.0
2025-10-17,515,North,25197,9566.0,15:10:00,15:10:43,15:11:07,6,430,Howell St & 9th Ave,2.0,0.0
2025-10-17,515,North,25197,9566.0,,15:14:39,15:15:40,7,431,Howell St & Yale Ave,2.0,0.0
2025-10-17,515,North,25197,9566.0,15:30:00,15:30:41,15:30:57,10,2766,Mountlake Terrace Fwy Station Bay 7,0.0,19.0
2025-10-17,515,North,25197,9566.0,15:38:00,15:36:39,15:36:39,11,2118,Lynnwood City Center Station Bay A5,0.0,0.0
2025-10-17,515,North,25198,91720.0,15:10:00,15:12:07,15:12:07,0,640,4th Ave S & S Jackson St,2.0,0.0
2025-10-17,515,North,25198,91720.0,,15:12:49,15:13:06,1,635,4th Ave S & S Washington St,1.0,0.0
2025-10-17,515,North,25198,91720.0,,15:14:41,15:15:12,2,2638,4th Ave & Cherry St,4.0,0.0
2025-10-17,515,North,25198,91720.0,,15:18:07,15:19:43,3,641,4th Ave & Seneca St,4.0,0.0
2025-10-17,515,North,25198,91720.0,15:16:00,15:21:47,15:22:44,4,2976,4th Ave & Pine St,3.0,0.0
2025-10-17,515,North,25198,91720.0,,15:25:19,15:26:30,5,473,Olive Way & 6th Ave,6.0,0.0
2025-10-17,515,North,25198,91720.0,15:20:00,15:28:14,15:28:44,6,430,Howell St & 9th Ave,3.0,0.0
2025-10-17,515,North,25198,91720.0,,15:32:39,15:33:10,7,431,Howell St & Yale Ave,4.0,0.0
2025-10-17,515,North,25198,91720.0,15:40:00,15:52:19,15:52:57,10,2766,Mountlake Terrace Fwy Station Bay 7,0.0,27.0
2025-10-17,515,North,25198,91720.0,15:50:00,15:59:22,15:59:22,11,2118,Lynnwood City Center Station Bay A5,0.0,0.0
2025-10-17,515,North,25199,91714.0,15:20:00,15:22:19,15:22:19,0,640,4th Ave S & S Jackson St,0.0,0.0
2025-10-17,515,North,25199,91714.0,,15:23:02,15:23:34,1,635,4th Ave S & S Washington St,1.0,0.0
2025-10-17,515,North,25199,91714.0,,15:24:58,15:25:20,2,2638,4th Ave & Cherry St,2.0,0.0
2025-10-17,515,North,25199,91714.0,,15:27:07,15:27:14,3,641,4th Ave & Seneca St,0.0,0.0
2025-10-17,515,North,25199,91714.0,15:26:00,15:29:10,15:29:19,4,2976,4th Ave & Pine St,0.0,0.0
2025-10-17,515,North,25199,91714.0,,15:31:16,15:32:27,5,473,Olive Way & 6th Ave,2.0,0.0
2025-10-17,515,North,25199,91714.0,15:30:00,15:33:06,15:33:20,6,430,Howell St & 9th Ave,1.0,0.0
2025-10-17,515,North,25199,91714.0,,15:35:38,15:35:38,7,431,Howell St & Yale Ave,0.0,0.0
2025-10-17,515,North,25199,91714.0,15:51:00,15:53:46,15:54:06,10,2766,Mountlake Terrace Fwy Station Bay 7,0.0,6.0
2025-10-17,515,North,25199,91714.0,16:03:00,15:59:38,15:59:38,11,2118,Lynnwood City Center Station Bay A5,0.0,0.0
2025-10-17,515,North,25200,91725.0,15:30:00,15:31:36,15:31:36,0,640,4th Ave S & S Jackson St,0.0,0.0
2025-10-17,515,North,25200,91725.0,,15:32:09,15:32:26,1,635,4th Ave S & S Washington St,2.0,0.0
2025-10-17,515,North,25200,91725.0,,15:33:50,15:34:12,2,2638,4th Ave & Cherry St,2.0,0.0
2025-10-17,515,North,25200,91725.0,,15:36:02,15:37:29,3,641,4th Ave & Seneca St,4.0,0.0
2025-10-17,515,North,25200,91725.0,15:36:00,15:38:41,15:39:17,4,2976,4th Ave & Pine St,2.0,0.0
2025-10-17,515,North,25200,91725.0,,15:40:35,15:41:30,5,473,Olive Way & 6th Ave,3.0,0.0
2025-10-17,515,North,25200,91725.0,15:40:00,15:43:03,15:43:35,6,430,Howell St & 9th Ave,5.0,0.0
2025-10-17,515,North,25200,91725.0,,15:47:36,15:48:00,7,431,Howell St & Yale Ave,1.0,0.0
2025-10-17,515,North,25200,91725.0,16:02:00,16:09:40,16:10:14,10,2766,Mountlake Terrace Fwy Station Bay 7,0.0,19.0
2025-10-17,515,North,25200,91725.0,16:14:00,16:14:28,16:14:28,11,2118,Lynnwood City Center Station Bay A5,0.0,0.0
2025-10-17,515,North,25201,91719.0,15:40:00,15:40:46,15:40:46,0,640,4th Ave S & S Jackson St,2.0,0.0
2025-10-17,515,North,25201,91719.0,,15:42:11,15:42:19,1,635,4th Ave S & S Washington St,0.0,0.0
2025-10-17,515,North,25201,91719.0,,15:43:30,15:44:10,2,2638,4th Ave & Cherry St,5.0,0.0
2025-10-17,515,North,25201,91719.0,,15:46:43,15:47:46,3,641,4th Ave & Seneca St,1.0,0.0
2025-10-17,515,North,25201,91719.0,15:46:00,15:48:49,15:49:51,4,2976,4th Ave & Pine St,3.0,0.0
2025-10-17,515,North,25201,91719.0,,15:51:03,15:52:01,5,473,Olive Way & 6th Ave,2.0,0.0
2025-10-17,515,North,25201,91719.0,15:50:00,15:53:43,15:54:07,6,430,Howell St & 9th Ave,2.0,0.0
2025-10-17,515,North,25201,91719.0,,15:58:08,15:58:24,7,431,Howell St & Yale Ave,0.0,0.0
2025-10-17,515,North,25201,91719.0,16:12:00,16:20:26,16:20:47,10,2766,Mountlake Terrace Fwy Station Bay 7,0.0,15.0
2025-10-17,515,North,25201,91719.0,16:27:00,16:25:16,16:25:16,11,2118,Lynnwood City Center Station Bay A5,0.0,0.0
2025-10-17,515,North,25202,91717.0,15:50:00,15:50:21,15:50:21,0,640,4th Ave S & S Jackson St,1.0,0.0
2025-10-17,515,North,25202,91717.0,,15:51:26,15:51:38,1,635,4th Ave S & S Washington St,0.0,0.0
2025-10-17,515,North,25202,91717.0,,15:52:27,15:53:02,2,2638,4th Ave & Cherry St,4.0,0.0
2025-10-17,515,North,25202,91717.0,,15:54:12,15:55:37,3,641,4th Ave & Seneca St,3.0,0.0
2025-10-17,515,North,25202,91717.0,15:56:00,15:57:49,15:58:11,4,2976,4th Ave & Pine St,2.0,0.0
2025-10-17,515,North,25202,91717.0,,15:59:42,16:00:22,5,473,Olive Way & 6th Ave,5.0,0.0
2025-10-17,515,North,25202,91717.0,16:00:00,16:02:06,16:02:33,6,430,Howell St & 9th Ave,3.0,0.0
2025-10-17,515,North,25202,91717.0,,16:05:36,16:06:10,7,431,Howell St & Yale Ave,2.0,2.0
2025-10-17,515,North,25202,91717.0,16:23:00,16:27:28,16:27:50,10,2766,Mountlake Terrace Fwy Station Bay 7,0.0,4.0
2025-10-17,515,North,25202,91717.0,16:39:00,16:31:47,16:31:47,11,2118,Lynnwood City Center Station Bay A5,0.0,14.0
2025-10-17,515,North,25203,19816.0,16:00:00,16:00:20,16:00:20,0,640,4th Ave S & S Jackson St,2.0,0.0
2025-10-17,515,North,25203,19816.0,,16:01:01,16:01:11,1,635,4th Ave S & S Washington St,0.0,0.0
2025-10-17,515,North,25203,19816.0,,16:02:28,16:02:48,2,2638,4th Ave & Cherry St,2.0,0.0
2025-10-17,515,North,25203,19816.0,,16:04:28,16:04:40,3,641,4th Ave & Seneca St,2.0,0.0
2025-10-17,515,North,25203,19816.0,16:06:00,16:05:46,16:05:57,4,2976,4th Ave & Pine St,0.0,0.0
2025-10-17,515,North,25203,19816.0,,16:07:39,16:08:35,5,473,Olive Way & 6th Ave,3.0,0.0
2025-10-17,515,North,25203,19816.0,16:10:00,16:10:04,16:10:15,6,430,Howell St & 9th Ave,1.0,0.0
2025-10-17,515,North,25203,19816.0,,16:13:06,16:13:16,7,431,Howell St & Yale Ave,0.0,0.0
2025-10-17,515,North,25203,19816.0,16:33:00,16:34:01,16:34:17,10,2766,Mountlake Terrace Fwy Station Bay 7,0.0,10.0
2025-10-17,515,North,25203,19816.0,16:49:00,16:39:20,16:39:20,11,2118,Lynnwood City Center Station Bay A5,0.0,0.0
2025-10-17,515,North,25204,91909.0,16:10:00,16:12:42,16:12:42,0,640,4th Ave S & S Jackson St,1.0,0.0
2025-10-17,515,North,25204,91909.0,,16:13:58,16:14:19,1,635,4th Ave S & S Washington St,0.0,0.0
2025-10-17,515,North,25204,91909.0,,16:15:50,16:16:13,2,2638,4th Ave & Cherry St,1.0,0.0
2025-10-17,515,North,25204,91909.0,,16:18:01,16:19:15,3,641,4th Ave & Seneca St,4.0,0.0
2025-10-17,515,North,25204,91909.0,16:16:00,16:20:30,16:21:20,4,2976,4th Ave & Pine St,1.0,0.0
2025-10-17,515,North,25204,91909.0,,16:22:40,16:23:46,5,473,Olive Way & 6th Ave,4.0,0.0
2025-10-17,515,North,25204,91909.0,16:20:00,16:25:13,16:25:44,6,430,Howell St & 9th Ave,2.0,0.0
2025-10-17,515,North,25204,91909.0,,16:28:10,16:28:42,7,431,Howell St & Yale Ave,1.0,0.0
2025-10-17,515,North,25204,91909.0,16:43:00,16:48:33,16:48:56,10,2766,Mountlake Terrace Fwy Station Bay 7,0.0,14.0
2025-10-17,515,North,25204,91909.0,16:59:00,16:53:34,16:53:34,11,2118,Lynnwood City Center Station Bay A5,0.0,0.0
2025-10-17,515,North,25205,91912.0,16:20:00,16:31:28,16:31:28,0,640,4th Ave S & S Jackson St,2.0,0.0
2025-10-17,515,North,25205,91912.0,,16:32:08,16:32:23,1,635,4th Ave S & S Washington St,0.0,0.0
2025-10-17,515,North,25205,91912.0,,16:34:00,16:34:47,2,2638,4th Ave & Cherry St,3.0,0.0
2025-10-17,515,North,25205,91912.0,,16:36:09,16:37:12,3,641,4th Ave & Seneca St,3.0,0.0
2025-10-17,515,North,25205,91912.0,16:26:00,16:38:39,16:39:23,4,2976,4th Ave & Pine St,3.0,0.0
2025-10-17,515,North,25205,91912.0,,16:40:29,16:41:38,5,473,Olive Way & 6th Ave,6.0,0.0
2025-10-17,515,North,25205,91912.0,16:30:00,16:43:09,16:43:45,6,430,Howell St & 9th Ave,6.0,0.0
2025-10-17,515,North,25205,91912.0,,16:46:17,16:47:00,7,431,Howell St & Yale Ave,2.0,7.0
2025-10-17,515,North,25205,91912.0,16:53:00,17:05:53,17:06:30,10,2766,Mountlake Terrace Fwy Station Bay 7,0.0,18.0
2025-10-17,515,North,25205,91912.0,17:09:00,17:10:34,17:10:34,11,2118,Lynnwood City Center Station Bay A5,0.0,0.0
2025-10-17,515,North,25206,91728.0,16:30:00,16:31:25,16:31:25,0,640,4th Ave S & S Jackson St,3.0,0.0
2025-10-17,515,North,25206,91728.0,,16:32:21,16:32:21,1,635,4th Ave S & S Washington St,0.0,0.0
2025-10-17,515,North,25206,91728.0,,16:33:59,16:34:41,2,2638,4th Ave & Cherry St,2.0,0.0
2025-10-17,515,North,25206,91728.0,,16:36:03,16:37:55,3,641,4th Ave & Seneca St,5.0,0.0
2025-10-17,515,North,25206,91728.0,16:36:00,16:39:57,16:40:06,4,2976,4th Ave & Pine St,0.0,0.0
2025-10-17,515,North,25206,91728.0,,16:42:06,16:43:05,5,473,Olive Way & 6th Ave,1.0,0.0
2025-10-17,515,North,25206,91728.0,16:40:00,16:44:33,16:44:47,6,430,Howell St & 9th Ave,1.0,0.0
2025-10-17,515,North,25206,91728.0,,16:47:34,16:48:20,7,431,Howell St & Yale Ave,5.0,0.0
2025-10-17,515,North,25206,91728.0,17:03:00,17:07:22,17:07:41,10,2766,Mountlake Terrace Fwy Station Bay 7,0.0,4.0
2025-10-17,515,North,25206,91728.0,17:19:00,17:12:27,17:12:27,11,2118,Lynnwood City Center Station Bay A5,0.0,13.0
2025-10-17,515,North,25207,91708.0,16:40:00,16:42:00,16:42:00,0,640,4th Ave S & S Jackson St,1.0,0.0
2025-10-17,515,North,25207,91708.0,,16:42:40,16:43:09,1,635,4th Ave S & S Washington St,2.0,0.0
2025-10-17,515,North,25207,91708.0,,16:45:41,16:46:19,2,2638,4th Ave & Cherry St,7.0,0.0
2025-10-17,515,North,25207,91708.0,,16:48:06,16:49:17,3,641,4th Ave & Seneca St,2.0,1.0
2025-10-17,515,North,25207,91708.0,16:46:00,16:52:09,16:52:47,4,2976,4th Ave & Pine St,4.0,0.0
2025-10-17,515,North,25207,91708.0,,16:53:53,16:55:03,5,473,Olive Way & 6th Ave,8.0,0.0
2025-10-17,515,North,25207,91708.0,16:50:00,16:56:50,16:57:39,6,430,Howell St & 9th Ave,6.0,0.0
2025-10-17,515,North,25207,91708.0,,17:01:04,17:01:18,7,431,Howell St & Yale Ave,1.0,0.0
2025-10-17,515,North,25207,91708.0,17:13:00,17:18:58,17:19:23,10,2766,Mountlake Terrace Fwy Station Bay 7,0.0,5.0
2025-10-17,515,North,25207,91708.0,17:29:00,17:23:45,17:23:45,11,2118,Lynnwood City Center Station Bay A5,0.0,25.0
2025-10-17,515,North,25208,,16:50:00,,,0,640,4th Ave S & S Jackson St,,
2025-10-17,515,North,25208,,,,,1,635,4th Ave S & S Washington St,,
2025-10-17,515,North,25208,,,,,2,2638,4th Ave & Cherry St,,
2025-10-17,515,North,25208,,,,,3,641,4th Ave & Seneca St,,
2025-10-17,515,North,25208,,16:56:00,,,4,2976,4th Ave & Pine St,,
2025-10-17,515,North,25208,,,,,5,473,Olive Way & 6th Ave,,
2025-10-17,515,North,25208,,17:00:00,,,6,430,Howell St & 9th Ave,,
2025-10-17,515,North,25208,,,,,7,431,Howell St & Yale Ave,,
2025-10-17,515,North,25208,,17:22:00,,,10,2766,Mountlake Terrace Fwy Station Bay 7,,
2025-10-17,515,North,25208,,17:38:00,,,11,2118,Lynnwood City Center Station Bay A5,,
2025-10-17,515,North,25209,91716.0,17:00:00,17:00:16,17:00:16,0,640,4th Ave S & S Jackson St,1.0,0.0
2025-10-17,515,North,25209,91716.0,,17:00:46,17:00:57,1,635,4th Ave S & S Washington St,0.0,0.0
2025-10-17,515,North,25209,91716.0,,17:02:17,17:02:49,2,2638,4th Ave & Cherry St,3.0,0.0
2025-10-17,515,North,25209,91716.0,,17:04:26,17:04:54,3,641,4th Ave & Seneca St,2.0,4.0
2025-10-17,515,North,25209,91716.0,17:06:00,17:06:32,17:06:58,4,2976,4th Ave & Pine St,2.0,0.0
2025-10-17,515,North,25209,91716.0,,17:08:44,17:10:00,5,473,Olive Way & 6th Ave,5.0,0.0
2025-10-17,515,North,25209,91716.0,17:10:00,17:10:38,17:11:12,6,430,Howell St & 9th Ave,3.0,0.0
2025-10-17,515,North,25209,91716.0,,17:13:19,17:13:42,7,431,Howell St & Yale Ave,1.0,0.0
2025-10-17,515,North,25209,91716.0,17:32:00,17:29:26,17:29:46,10,2766,Mountlake Terrace Fwy Station Bay 7,1.0,14.0
2025-10-17,515,North,25209,91716.0,17:48:00,17:33:56,17:33:56,11,2118,Lynnwood City Center Station Bay A5,0.0,0.0
2025-10-17,515,North,25210,91711.0,17:10:00,17:10:57,17:10:57,0,640,4th Ave S & S Jackson St,2.0,0.0
2025-10-17,515,North,25210,91711.0,,17:12:29,17:12:29,1,635,4th Ave S & S Washington St,0.0,0.0
2025-10-17,515,North,25210,91711.0,,17:13:23,17:13:54,2,2638,4th Ave & Cherry St,2.0,0.0
2025-10-17,515,North,25210,91711.0,,17:14:55,17:15:20,3,641,4th Ave & Seneca St,2.0,0.0
2025-10-17,515,North,25210,91711.0,17:16:00,17:17:07,17:17:23,4,2976,4th Ave & Pine St,0.0,0.0
2025-10-17,515,North,25210,91711.0,,17:19:18,17:20:35,5,473,Olive Way & 6th Ave,6.0,0.0
2025-10-17,515,North,25210,91711.0,17:20:00,17:22:07,17:22:43,6,430,Howell St & 9th Ave,5.0,0.0
2025-10-17,515,North,25210,91711.0,,17:25:08,17:25:50,7,431,Howell St & Yale Ave,3.0,0.0
2025-10-17,515,North,25210,91711.0,17:42:00,17:42:30,17:43:05,10,2766,Mountlake Terrace Fwy Station Bay 7,0.0,20.0
2025-10-17,515,North,25210,91711.0,17:58:00,17:47:38,17:47:38,11,2118,Lynnwood City Center Station Bay A5,0.0,0.0
2025-10-17,515,North,25211,91730.0,17:20:00,17:20:56,17:20:56,0,640,4th Ave S & S Jackson St,1.0,0.0
2025-10-17,515,North,25211,91730.0,,17:21:24,17:21:24,1,635,4th Ave S & S Washington St,0.0,0.0
2025-10-17,515,North,25211,91730.0,,17:22:06,17:22:31,2,2638,4th Ave & Cherry St,2.0,0.0
2025-10-17,515,North,25211,91730.0,,17:24:12,17:25:35,3,641,4th Ave & Seneca St,1.0,0.0
2025-10-17,515,North,25211,91730.0,17:26:00,17:26:44,17:27:23,4,2976,4th Ave & Pine St,4.0,0.0
2025-10-17,515,North,25211,91730.0,,17:28:26,17:29:42,5,473,Olive Way & 6th Ave,8.0,0.0
2025-10-17,515,North,25211,91730.0,17:30:00,17:31:11,17:31:30,6,430,Howell St & 9th Ave,0.0,0.0
2025-10-17,515,North,25211,91730.0,,17:34:05,17:34:24,7,431,Howell St & Yale Ave,0.0,1.0
2025-10-17,515,North,25211,91730.0,17:51:00,17:49:35,17:50:01,10,2766,Mountlake Terrace Fwy Station Bay 7,0.0,1.0
2025-10-17,515,North,25211,91730.0,18:06:00,17:53:38,17:53:38,11,2118,Lynnwood City Center Station Bay A5,0.0,14.0
2025-10-17,515,North,25212,91910.0,17:40:00,17:44:57,17:44:57,0,640,4th Ave S & S Jackson St,2.0,0.0
2025-10-17,515,North,25212,91910.0,,17:45:35,17:45:44,1,635,4th Ave S & S Washington St,0.0,0.0
2025-10-17,515,North,25212,91910.0,,17:47:20,17:47:48,2,2638,4th Ave & Cherry St,5.0,0.0
2025-10-17,515,North,25212,91910.0,,17:49:26,17:49:44,3,641,4th Ave & Seneca St,2.0,0.0
2025-10-17,515,North,25212,91910.0,17:46:00,17:51:44,17:52:01,4,2976,4th Ave & Pine St,0.0,0.0
2025-10-17,515,North,25212,91910.0,,17:53:45,17:55:04,5,473,Olive Way & 6th Ave,3.0,0.0
2025-10-17,515,North,25212,91910.0,17:50:00,17:56:40,17:57:16,6,430,Howell St & 9th Ave,3.0,0.0
2025-10-17,515,North,25212,91910.0,,17:59:36,18:00:01,7,431,Howell St & Yale Ave,4.0,1.0
2025-10-17,515,North,25212,91910.0,18:09:00,18:12:42,18:13:03,10,2766,Mountlake Terrace Fwy Station Bay 7,0.0,2.0
2025-10-17,515,North,25212,91910.0,18:23:00,18:17:34,18:17:34,11,2118,Lynnwood City Center Station Bay A5,0.0,16.0
2025-10-17,515,North,25213,91703.0,18:00:00,18:02:03,18:02:03,0,640,4th Ave S & S Jackson St,2.0,0.0
2025-10-17,515,North,25213,91703.0,,,,1,635,4th Ave S & S Washington St,,
2025-10-17,515,North,25213,91703.0,,18:03:02,18:03:32,2,2638,4th Ave & Cherry St,3.0,0.0
2025-10-17,515,North,25213,91703.0,,18:04:38,18:05:47,3,641,4th Ave & Seneca St,2.0,0.0
2025-10-17,515,North,25213,91703.0,18:06:00,18:07:20,18:07:51,4,2976,4th Ave & Pine St,1.0,0.0
2025-10-17,515,North,25213,91703.0,,18:09:02,18:10:05,5,473,Olive Way & 6th Ave,2.0,0.0
2025-10-17,515,North,25213,91703.0,18:09:00,18:11:34,18:11:57,6,430,Howell St & 9th Ave,2.0,0.0
2025-10-17,515,North,25213,91703.0,,18:14:40,18:15:00,7,431,Howell St & Yale Ave,1.0,0.0
2025-10-17,515,North,25213,91703.0,18:27:00,18:28:29,18:28:47,10,2766,Mountlake Terrace Fwy Station Bay 7,0.0,0.0
2025-10-17,515,North,25213,91703.0,18:39:00,18:33:10,18:33:10,11,2118,Lynnwood City Center Station Bay A5,0.0,13.0
2025-10-17,515,North,25214,91909.0,18:20:00,18:24:28,18:24:28,0,640,4th Ave S & S Jackson St,4.0,0.0
2025-10-17,515,North,25214,91909.0,,18:26:08,18:27:18,1,635,4th Ave S & S Washington St,2.0,3.0
2025-10-17,515,North,25214,91909.0,,18:28:28,18:28:47,2,2638,4th Ave & Cherry St,0.0,0.0
2025-10-17,515,North,25214,91909.0,,18:29:53,18:30:17,3,641,4th Ave & Seneca St,1.0,0.0
2025-10-17,515,North,25214,91909.0,18:26:00,18:31:24,18:31:50,4,2976,4th Ave & Pine St,1.0,0.0
2025-10-17,515,North,25214,91909.0,,18:34:16,18:35:31,5,473,Olive Way & 6th Ave,3.0,0.0
2025-10-17,515,North,25214,91909.0,18:29:00,18:36:11,18:36:38,6,430,Howell St & 9th Ave,2.0,0.0
2025-10-17,515,North,25214,91909.0,,18:38:36,18:38:52,7,431,Howell St & Yale Ave,0.0,0.0
2025-10-17,515,North,25214,91909.0,18:47:00,18:51:49,18:52:18,10,2766,Mountlake Terrace Fwy Station Bay 7,0.0,10.0
2025-10-17,515,North,25214,91909.0,18:59:00,18:56:02,18:56:02,11,2118,Lynnwood City Center Station Bay A5,0.0,0.0
2025-10-17,515,North,25215,91722.0,18:40:00,18:48:41,18:48:41,0,640,4th Ave S & S Jackson St,0.0,0.0
2025-10-17,515,North,25215,91722.0,,18:50:21,18:50:42,1,635,4th Ave S & S Washington St,0.0,0.0
2025-10-17,515,North,25215,91722.0,,18:57:49,18:58:19,2,2638,4th Ave & Cherry St,1.0,0.0
2025-10-17,515,North,25215,91722.0,,19:01:38,19:02:46,3,641,4th Ave & Seneca St,0.0,0.0
2025-10-17,515,North,25215,91722.0,18:46:00,19:04:05,19:04:39,4,2976,4th Ave & Pine St,2.0,0.0
2025-10-17,515,North,25215,91722.0,,19:05:54,19:06:44,5,473,Olive Way & 6th Ave,1.0,0.0
2025-10-17,515,North,25215,91722.0,18:49:00,19:08:27,19:08:46,6,430,Howell St & 9th Ave,0.0,0.0
2025-10-17,515,North,25215,91722.0,,19:11:40,19:12:07,7,431,Howell St & Yale Ave,1.0,0.0
2025-10-17,515,North,25215,91722.0,19:07:00,19:25:07,19:25:39,10,2766,Mountlake Terrace Fwy Station Bay 7,0.0,2.0
2025-10-17,515,North,25215,91722.0,19:16:00,19:30:01,19:30:01,11,2118,Lynnwood City Center Station Bay A5,0.0,3.0
2025-10-17,515,South,25216,91902.0,04:30:00,04:30:16,04:30:16,0,2113,Lynnwood City Center Station Bay D1,22.0,0.0
2025-10-17,515,South,25216,91902.0,04:34:00,04:34:13,04:34:21,1,2765,Mountlake Terrace Fwy Station Bay 6,0.0,0.0
2025-10-17,515,South,25216,91902.0,04:51:00,04:48:17,04:48:32,4,1909,Stewart St & 9th Ave,0.0,3.0
2025-10-17,515,South,25216,91902.0,,04:49:04,04:49:30,5,1908,Stewart St & 7th Ave,0.0,5.0
2025-10-17,515,South,25216,91902.0,04:56:00,04:50:25,04:51:20,6,2698,5th Ave & Pine St,0.0,3.0
2025-10-17,515,South,25216,91902.0,,04:52:12,04:52:39,7,2700,5th Ave & Seneca St,0.0,2.0
2025-10-17,515,South,25216,91902.0,,04:53:31,04:53:59,8,2702,5th Ave & Marion St,0.0,7.0
2025-10-17,515,South,25216,91902.0,,04:55:11,04:55:35,9,2290,5th Ave & Jefferson St,0.0,2.0
2025-10-17,515,South,25216,91902.0,05:04:00,04:57:51,04:57:51,10,2706,5th Ave S & S Jackson St,0.0,0.0
2025-10-17,515,South,25217,,04:50:00,,,0,2113,Lynnwood City Center Station Bay D1,,
2025-10-17,515,South,25217,,04:54:00,,,1,2765,Mountlake Terrace Fwy Station Bay 6,,
2025-10-17,515,South,25217,,05:11:00,,,4,1909,Stewart St & 9th Ave,,
2025-10-17,515,South,25217,,,,,5,1908,Stewart St & 7th Ave,,
2025-10-17,515,South,25217,,05:16:00,,,6,2698,5th Ave & Pine St,,
2025-10-17,515,South,25217,,,,,7,2700,5th Ave & Seneca St,,
2025-10-17,515,South,25217,,,,,8,2702,5th Ave & Marion St,,
2025-10-17,515,South,25217,,,,,9,2290,5th Ave & Jefferson St,,
2025-10-17,515,South,25217,,05:24:00,,,10,2706,5th Ave S & S Jackson St,,
2025-10-17,515,South,25218,91908.0,05:10:00,05:10:35,05:10:35,0,2113,Lynnwood City Center Station Bay D1,28.0,0.0
2025-10-17,515,South,25218,91908.0,05:14:00,05:14:49,05:14:56,1,2765,Mountlake Terrace Fwy Station Bay 6,0.0,0.0
2025-10-17,515,South,25218,91908.0,05:31:00,05:30:42,05:31:03,4,1909,Stewart St & 9th Ave,0.0,6.0
2025-10-17,515,South,25218,91908.0,,05:32:02,05:32:27,5,1908,Stewart St & 7th Ave,0.0,7.0
2025-10-17,515,South,25218,91908.0,05:36:00,05:33:34,05:34:21,6,2698,5th Ave & Pine St,0.0,1.0
2025-10-17,515,South,25218,91908.0,,05:35:21,05:35:48,7,2700,5th Ave & Seneca St,0.0,5.0
2025-10-17,515,South,25218,91908.0,,05:36:35,05:37:03,8,2702,5th Ave & Marion St,0.0,1.0
2025-10-17,515,South,25218,91908.0,,05:38:28,05:38:54,9,2290,5th Ave & Jefferson St,0.0,7.0
2025-10-17,515,South,25218,91908.0,05:44:00,05:40:58,05:40:58,10,2706,5th Ave S & S Jackson St,0.0,1.0
2025-10-17,515,South,25219,91713.0,05:30:00,05:30:17,05:30:17,0,2113,Lynnwood City Center Station Bay D1,0.0,0.0
2025-10-17,515,South,25219,91713.0,05:34:00,05:34:45,05:34:58,1,2765,Mountlake Terrace Fwy Station Bay 6,0.0,0.0
2025-10-17,515,South,25219,91713.0,05:51:00,05:49:41,05:51:04,4,1909,Stewart St & 9th Ave,0.0,0.0
2025-10-17,515,South,25219,91713.0,,05:52:08,05:52:32,5,1908,Stewart St & 7th Ave,0.0,0.0
2025-10-17,515,South,25219,91713.0,05:56:00,05:54:28,05:55:19,6,2698,5th Ave & Pine St,0.0,0.0
2025-10-17,515,South,25219,91713.0,,05:56:17,05:56:49,7,2700,5th Ave & Seneca St,0.0,0.0
2025-10-17,515,South,25219,91713.0,,05:57:35,05:58:07,8,2702,5th Ave & Marion St,0.0,0.0
2025-10-17,515,South,25219,91713.0,,05:59:43,06:00:10,9,2290,5th Ave & Jefferson St,0.0,0.0
2025-10-17,515,South,25219,91713.0,06:05:00,06:02:57,06:02:57,10,2706,5th Ave S & S Jackson St,0.0,0.0
2025-10-17,515,South,25220,91722.0,05:55:00,05:56:41,05:56:41,0,2113,Lynnwood City Center Station Bay D1,42.0,0.0
2025-10-17,515,South,25220,91722.0,05:59:00,06:01:06,06:01:39,1,2765,Mountlake Terrace Fwy Station Bay 6,6.0,0.0
2025-10-17,515,South,25220,91722.0,06:16:00,06:17:29,06:17:58,4,1909,Stewart St & 9th Ave,1.0,12.0
2025-10-17,515,South,25220,91722.0,,06:18:24,06:18:49,5,1908,Stewart St & 7th Ave,0.0,6.0
2025-10-17,515,South,25220,91722.0,06:21:00,06:21:20,06:21:51,6,2698,5th Ave & Pine St,0.0,4.0
2025-10-17,515,South,25220,91722.0,,06:23:39,06:24:17,7,2700,5th Ave & Seneca St,0.0,8.0
2025-10-17,515,South,25220,91722.0,,06:25:10,06:25:45,8,2702,5th Ave & Marion St,0.0,7.0
2025-10-17,515,South,25220,91722.0,,06:26:57,06:27:27,9,2290,5th Ave & Jefferson St,0.0,9.0
2025-10-17,515,South,25220,91722.0,06:30:00,06:29:27,06:29:27,10,2706,5th Ave S & S Jackson St,0.0,3.0
2025-10-17,515,South,25221,,06:05:00,,,0,2113,Lynnwood City Center Station Bay D1,,
2025-10-17,515,South,25221,,06:09:00,,,1,2765,Mountlake Terrace Fwy Station Bay 6,,
2025-10-17,515,South,25221,,06:27:00,,,4,1909,Stewart St & 9th Ave,,
2025-10-17,515,South,25221,,,,,5,1908,Stewart St & 7th Ave,,
2025-10-17,515,South,25221,,06:32:00,,,6,2698,5th Ave & Pine St,,
2025-10-17,515,South,25221,,,,,7,2700,5th Ave & Seneca St,,
2025-10-17,515,South,25221,,,,,8,2702,5th Ave & Marion St,,
2025-10-17,515,South,25221,,,,,9,2290,5th Ave & Jefferson St,,
2025-10-17,515,South,25221,,06:41:00,,,10,2706,5th Ave S & S Jackson St,,
2025-10-17,515,South,25222,91728.0,06:15:00,06:16:19,06:16:19,0,2113,Lynnwood City Center Station Bay D1,48.0,0.0
2025-10-17,515,South,25222,91728.0,06:19:00,06:20:37,06:21:04,1,2765,Mountlake Terrace Fwy Station Bay 6,2.0,0.0
2025-10-17,515,South,25222,91728.0,06:37:00,06:35:53,06:36:44,4,1909,Stewart St & 9th Ave,0.0,7.0
2025-10-17,515,South,25222,91728.0,,06:37:41,06:38:07,5,1908,Stewart St & 7th Ave,0.0,7.0
2025-10-17,515,South,25222,91728.0,06:42:00,06:39:28,06:39:53,6,2698,5th Ave & Pine St,0.0,3.0
2025-10-17,515,South,25222,91728.0,,06:42:32,06:43:52,7,2700,5th Ave & Seneca St,0.0,17.0
2025-10-17,515,South,25222,91728.0,,06:44:41,06:45:17,8,2702,5th Ave & Marion St,0.0,9.0
2025-10-17,515,South,25222,91728.0,,06:46:32,06:47:01,9,2290,5th Ave & Jefferson St,0.0,7.0
2025-10-17,515,South,25222,91728.0,06:52:00,06:49:00,06:49:00,10,2706,5th Ave S & S Jackson St,0.0,0.0
2025-10-17,515,South,25223,91908.0,06:25:00,06:25:11,06:25:11,0,2113,Lynnwood City Center Station Bay D1,26.0,0.0
2025-10-17,515,South,25223,91908.0,06:29:00,06:30:09,06:30:51,1,2765,Mountlake Terrace Fwy Station Bay 6,6.0,0.0
2025-10-17,515,South,25223,91908.0,06:49:00,06:46:31,06:46:59,4,1909,Stewart St & 9th Ave,1.0,12.0
2025-10-17,515,South,25223,91908.0,,06:48:06,06:48:30,5,1908,Stewart St & 7th Ave,0.0,7.0
2025-10-17,515,South,25223,91908.0,06:54:00,06:49:50,06:50:05,6,2698,5th Ave & Pine St,0.0,2.0
2025-10-17,515,South,25223,91908.0,,06:51:43,06:52:18,7,2700,5th Ave & Seneca St,0.0,9.0
2025-10-17,515,South,25223,91908.0,,06:53:33,06:54:13,8,2702,5th Ave & Marion St,0.0,2.0
2025-10-17,515,South,25223,91908.0,,06:55:22,06:55:36,9,2290,5th Ave & Jefferson St,0.0,0.0
2025-10-17,515,South,25223,91908.0,07:05:00,06:57:38,06:57:38,10,2706,5th Ave S & S Jackson St,0.0,1.0
2025-10-17,515,South,25224,91724.0,06:35:00,06:37:34,06:37:34,0,2113,Lynnwood City Center Station Bay D1,21.0,0.0
2025-10-17,515,South,25224,91724.0,06:39:00,06:41:55,06:42:19,1,2765,Mountlake Terrace Fwy Station Bay 6,1.0,0.0
2025-10-17,515,South,25224,91724.0,07:00:00,06:58:06,06:58:40,4,1909,Stewart St & 9th Ave,0.0,5.0
2025-10-17,515,South,25224,91724.0,,06:59:17,06:59:48,5,1908,Stewart St & 7th Ave,0.0,7.0
2025-10-17,515,South,25224,91724.0,07:05:00,07:01:55,07:03:07,6,2698,5th Ave & Pine St,1.0,0.0
2025-10-17,515,South,25224,91724.0,,07:05:01,07:05:20,7,2700,5th Ave & Seneca St,0.0,2.0
2025-10-17,515,South,25224,91724.0,,07:07:01,07:07:47,8,2702,5th Ave & Marion St,0.0,4.0
2025-10-17,515,South,25224,91724.0,,07:09:05,07:09:31,9,2290,5th Ave & Jefferson St,0.0,3.0
2025-10-17,515,South,25224,91724.0,07:16:00,07:12:24,07:12:24,10,2706,5th Ave S & S Jackson St,0.0,2.0
2025-10-17,515,South,25225,91719.0,06:45:00,06:48:12,06:48:12,0,2113,Lynnwood City Center Station Bay D1,15.0,0.0
2025-10-17,515,South,25225,91719.0,06:50:00,06:52:20,06:52:52,1,2765,Mountlake Terrace Fwy Station Bay 6,0.0,0.0
2025-10-17,515,South,25225,91719.0,07:11:00,07:08:51,07:09:13,4,1909,Stewart St & 9th Ave,0.0,4.0
2025-10-17,515,South,25225,91719.0,,07:10:40,07:11:04,5,1908,Stewart St & 7th Ave,1.0,1.0
2025-10-17,515,South,25225,91719.0,07:16:00,07:12:23,07:13:35,6,2698,5th Ave & Pine St,0.0,4.0
2025-10-17,515,South,25225,91719.0,,07:14:36,07:14:56,7,2700,5th Ave & Seneca St,0.0,2.0
2025-10-17,515,South,25225,91719.0,,07:15:57,07:16:45,8,2702,5th Ave & Marion St,0.0,3.0
2025-10-17,515,South,25225,91719.0,,07:17:55,07:18:20,9,2290,5th Ave & Jefferson St,0.0,2.0
2025-10-17,515,South,25225,91719.0,07:27:00,07:20:39,07:20:39,10,2706,5th Ave S & S Jackson St,0.0,0.0
2025-10-17,515,South,25226,91907.0,06:55:00,06:55:58,06:55:58,0,2113,Lynnwood City Center Station Bay D1,20.0,0.0
2025-10-17,515,South,25226,91907.0,07:00:00,07:00:25,07:00:47,1,2765,Mountlake Terrace Fwy Station Bay 6,3.0,0.0
2025-10-17,515,South,25226,91907.0,07:21:00,07:16:10,07:16:45,4,1909,Stewart St & 9th Ave,0.0,4.0
2025-10-17,515,South,25226,91907.0,,07:18:08,07:18:32,5,1908,Stewart St & 7th Ave,0.0,2.0
2025-10-17,515,South,25226,91907.0,07:26:00,07:19:53,07:21:05,6,2698,5th Ave & Pine St,0.0,1.0
2025-10-17,515,South,25226,91907.0,,07:22:05,07:22:29,7,2700,5th Ave & Seneca St,0.0,3.0
2025-10-17,515,South,25226,91907.0,,07:23:32,07:23:57,8,2702,5th Ave & Marion St,0.0,6.0
2025-10-17,515,South,25226,91907.0,,07:25:25,07:25:53,9,2290,5th Ave & Jefferson St,0.0,7.0
2025-10-17,515,South,25226,91907.0,07:37:00,07:27:27,07:27:27,10,2706,5th Ave S & S Jackson St,0.0,0.0
2025-10-17,515,South,25227,91703.0,07:05:00,07:06:29,07:06:29,0,2113,Lynnwood City Center Station Bay D1,24.0,0.0
2025-10-17,515,South,25227,91703.0,07:10:00,07:11:02,07:11:49,1,2765,Mountlake Terrace Fwy Station Bay 6,4.0,0.0
2025-10-17,515,South,25227,91703.0,07:34:00,07:28:25,07:28:54,4,1909,Stewart St & 9th Ave,0.0,18.0
2025-10-17,515,South,25227,91703.0,,,,5,1908,Stewart St & 7th Ave,,
2025-10-17,515,South,25227,91703.0,07:39:00,07:33:57,07:34:58,6,2698,5th Ave & Pine St,0.0,5.0
2025-10-17,515,South,25227,91703.0,,07:35:47,07:36:06,7,2700,5th Ave & Seneca St,0.0,1.0
2025-10-17,515,South,25227,91703.0,,07:37:01,07:37:01,8,2702,5th Ave & Marion St,0.0,3.0
2025-10-17,515,South,25227,91703.0,,07:38:25,07:38:25,9,2290,5th Ave & Jefferson St,0.0,0.0
2025-10-17,515,South,25227,91703.0,07:50:00,07:42:58,07:42:58,10,2706,5th Ave S & S Jackson St,0.0,1.0
2025-10-17,515,South,25228,91722.0,07:15:00,07:15:33,07:15:33,0,2113,Lynnwood City Center Station Bay D1,27.0,0.0
2025-10-17,515,South,25228,91722.0,07:20:00,07:20:43,07:21:15,1,2765,Mountlake Terrace Fwy Station Bay 6,4.0,0.0
2025-10-17,515,South,25228,91722.0,07:51:00,07:41:26,07:41:54,4,1909,Stewart St & 9th Ave,0.0,10.0
2025-10-17,515,South,25228,91722.0,,07:42:22,07:42:48,5,1908,Stewart St & 7th Ave,0.0,8.0
2025-10-17,515,South,25228,91722.0,07:56:00,07:45:19,07:45:42,6,2698,5th Ave & Pine St,0.0,1.0
2025-10-17,515,South,25228,91722.0,,07:48:27,07:48:55,7,2700,5th Ave & Seneca St,0.0,4.0
2025-10-17,515,South,25228,91722.0,,07:50:29,07:51:11,8,2702,5th Ave & Marion St,0.0,6.0
2025-10-17,515,South,25228,91722.0,,07:52:26,07:53:00,9,2290,5th Ave & Jefferson St,0.0,2.0
2025-10-17,515,South,25228,91722.0,08:07:00,07:55:36,07:55:36,10,2706,5th Ave S & S Jackson St,0.0,0.0
2025-10-17,515,South,25229,91702.0,07:25:00,07:26:53,07:26:53,0,2113,Lynnwood City Center Station Bay D1,19.0,0.0
2025-10-17,515,South,25229,91702.0,07:30:00,07:31:42,07:32:11,1,2765,Mountlake Terrace Fwy Station Bay 6,5.0,0.0
2025-10-17,515,South,25229,91702.0,08:02:00,07:52:15,07:52:59,4,1909,Stewart St & 9th Ave,1.0,15.0
2025-10-17,515,South,25229,91702.0,,07:54:06,07:54:26,5,1908,Stewart St & 7th Ave,0.0,4.0
2025-10-17,515,South,25229,91702.0,08:07:00,07:55:51,07:56:10,6,2698,5th Ave & Pine St,0.0,1.0
2025-10-17,515,South,25229,91702.0,,07:58:00,07:58:14,7,2700,5th Ave & Seneca St,0.0,1.0
2025-10-17,515,South,25229,91702.0,,07:59:33,08:00:13,8,2702,5th Ave & Marion St,1.0,4.0
2025-10-17,515,South,25229,91702.0,,08:01:32,08:01:45,9,2290,5th Ave & Jefferson St,0.0,0.0
2025-10-17,515,South,25229,91702.0,08:18:00,08:03:55,08:03:55,10,2706,5th Ave S & S Jackson St,0.0,1.0
2025-10-17,515,South,25230,91712.0,07:35:00,07:35:20,07:35:20,0,2113,Lynnwood City Center Station Bay D1,7.0,0.0
2025-10-17,515,South,25230,91712.0,07:40:00,07:39:51,07:40:09,1,2765,Mountlake Terrace Fwy Station Bay 6,3.0,0.0
2025-10-17,515,South,25230,91712.0,08:13:00,07:59:39,08:00:03,4,1909,Stewart St & 9th Ave,0.0,5.0
2025-10-17,515,South,25230,91712.0,,08:00:34,08:00:48,5,1908,Stewart St & 7th Ave,0.0,1.0
2025-10-17,515,South,25230,91712.0,08:18:00,08:03:24,08:03:41,6,2698,5th Ave & Pine St,0.0,0.0
2025-10-17,515,South,25230,91712.0,,08:05:39,08:05:53,7,2700,5th Ave & Seneca St,0.0,2.0
2025-10-17,515,South,25230,91712.0,,08:07:08,08:07:47,8,2702,5th Ave & Marion St,0.0,0.0
2025-10-17,515,South,25230,91712.0,,08:09:00,08:09:18,9,2290,5th Ave & Jefferson St,0.0,1.0
2025-10-17,515,South,25230,91712.0,08:29:00,08:11:09,08:11:09,10,2706,5th Ave S & S Jackson St,0.0,1.0
2025-10-17,515,South,25231,91720.0,07:45:00,07:46:50,07:46:50,0,2113,Lynnwood City Center Station Bay D1,18.0,0.0
2025-10-17,515,South,25231,91720.0,07:50:00,07:50:11,07:50:56,1,2765,Mountlake Terrace Fwy Station Bay 6,12.0,0.0
2025-10-17,515,South,25231,91720.0,08:23:00,08:14:51,08:15:44,4,1909,Stewart St & 9th Ave,0.0,14.0
2025-10-17,515,South,25231,91720.0,,08:16:40,08:17:11,5,1908,Stewart St & 7th Ave,0.0,4.0
2025-10-17,515,South,25231,91720.0,08:28:00,08:18:24,08:19:36,6,2698,5th Ave & Pine St,0.0,1.0
2025-10-17,515,South,25231,91720.0,,08:20:34,08:21:01,7,2700,5th Ave & Seneca St,0.0,3.0
2025-10-17,515,South,25231,91720.0,,08:22:04,08:22:44,8,2702,5th Ave & Marion St,0.0,7.0
2025-10-17,515,South,25231,91720.0,,08:23:57,08:24:17,9,2290,5th Ave & Jefferson St,0.0,1.0
2025-10-17,515,South,25231,91720.0,08:39:00,08:27:31,08:27:31,10,2706,5th Ave S & S Jackson St,0.0,0.0
2025-10-17,515,South,25232,91714.0,07:55:00,07:55:23,07:55:23,0,2113,Lynnwood City Center Station Bay D1,6.0,0.0
2025-10-17,515,South,25232,91714.0,08:00:00,08:00:04,08:00:43,1,2765,Mountlake Terrace Fwy Station Bay 6,2.0,0.0
2025-10-17,515,South,25232,91714.0,08:35:00,08:25:21,08:25:46,4,1909,Stewart St & 9th Ave,0.0,3.0
2025-10-17,515,South,25232,91714.0,,08:27:13,08:27:37,5,1908,Stewart St & 7th Ave,0.0,3.0
2025-10-17,515,South,25232,91714.0,08:40:00,08:28:52,08:30:04,6,2698,5th Ave & Pine St,1.0,1.0
2025-10-17,515,South,25232,91714.0,,08:31:57,08:32:14,7,2700,5th Ave & Seneca St,0.0,1.0
2025-10-17,515,South,25232,91714.0,,08:33:56,08:34:44,8,2702,5th Ave & Marion St,0.0,1.0
2025-10-17,515,South,25232,91714.0,,08:35:58,08:36:15,9,2290,5th Ave & Jefferson St,0.0,0.0
2025-10-17,515,South,25232,91714.0,08:51:00,08:38:57,08:38:57,10,2706,5th Ave S & S Jackson St,0.0,0.0
2025-10-17,515,South,25233,91730.0,08:15:00,08:16:54,08:16:54,0,2113,Lynnwood City Center Station Bay D1,13.0,0.0
2025-10-17,515,South,25233,91730.0,08:19:00,08:23:02,08:23:35,1,2765,Mountlake Terrace Fwy Station Bay 6,6.0,0.0
2025-10-17,515,South,25233,91730.0,08:58:00,08:42:05,08:42:46,4,1909,Stewart St & 9th Ave,0.0,12.0
2025-10-17,515,South,25233,91730.0,,08:43:39,08:44:11,5,1908,Stewart St & 7th Ave,0.0,1.0
2025-10-17,515,South,25233,91730.0,09:03:00,08:45:23,08:46:36,6,2698,5th Ave & Pine St,0.0,2.0
2025-10-17,515,South,25233,91730.0,,08:47:37,08:48:00,7,2700,5th Ave & Seneca St,0.0,0.0
2025-10-17,515,South,25233,91730.0,,08:49:04,08:49:47,8,2702,5th Ave & Marion St,0.0,3.0
2025-10-17,515,South,25233,91730.0,,08:51:05,08:51:23,9,2290,5th Ave & Jefferson St,0.0,1.0
2025-10-17,515,South,25233,91730.0,09:14:00,08:54:31,08:54:31,10,2706,5th Ave S & S Jackson St,0.0,0.0
2025-10-17,515,South,25234,91703.0,08:35:00,08:36:17,08:36:17,0,2113,Lynnwood City Center Station Bay D1,9.0,0.0
2025-10-17,515,South,25234,91703.0,08:39:00,08:40:45,08:41:21,1,2765,Mountlake Terrace Fwy Station Bay 6,6.0,0.0
2025-10-17,515,South,25234,91703.0,09:18:00,09:00:05,09:01:06,4,1909,Stewart St & 9th Ave,1.0,7.0
2025-10-17,515,South,25234,91703.0,,09:01:39,09:02:07,5,1908,Stewart St & 7th Ave,1.0,4.0
2025-10-17,515,South,25234,91703.0,09:23:00,09:03:26,09:03:37,6,2698,5th Ave & Pine St,0.0,0.0
2025-10-17,515,South,25234,91703.0,,09:05:34,09:05:50,7,2700,5th Ave & Seneca St,0.0,1.0
2025-10-17,515,South,25234,91703.0,,09:07:10,09:07:46,8,2702,5th Ave & Marion St,0.0,3.0
2025-10-17,515,South,25234,91703.0,,09:09:00,09:09:25,9,2290,5th Ave & Jefferson St,0.0,1.0
2025-10-17,515,South,25234,91703.0,09:34:00,09:12:21,09:12:21,10,2706,5th Ave S & S Jackson St,0.0,1.0
2025-10-17,515,South,25235,91726.0,08:55:00,08:56:03,08:56:03,0,2113,Lynnwood City Center Station Bay D1,10.0,0.0
2025-10-17,515,South,25235,91726.0,08:59:00,09:00:01,09:00:15,1,2765,Mountlake Terrace Fwy Station Bay 6,0.0,0.0
2025-10-17,515,South,25235,91726.0,09:38:00,09:24:02,09:24:50,4,1909,Stewart St & 9th Ave,0.0,3.0
2025-10-17,515,South,25235,91726.0,,09:25:43,09:26:11,5,1908,Stewart St & 7th Ave,0.0,5.0
2025-10-17,515,South,25235,91726.0,09:43:00,09:27:28,09:28:36,6,2698,5th Ave & Pine St,0.0,1.0
2025-10-17,515,South,25235,91726.0,,09:30:51,09:31:09,7,2700,5th Ave & Seneca St,0.0,1.0
2025-10-17,515,South,25235,91726.0,,09:32:43,09:33:18,8,2702,5th Ave & Marion St,0.0,0.0
2025-10-17,515,South,25235,91726.0,,09:34:27,09:35:23,9,2290,5th Ave & Jefferson St,0.0,0.0
2025-10-17,515,South,25235,91726.0,09:54:00,09:39:07,09:39:07,10,2706,5th Ave S & S Jackson St,1.0,1.0
2025-10-20,515,North,25197,9560.0,15:00:00,15:00:10,15:00:10,0,640,4th Ave S & S Jackson St,2.0,0.0
2025-10-20,515,North,25197,9560.0,,15:00:47,15:01:22,1,635,4th Ave S & S Washington St,1.0,0.0
2025-10-20,515,North,25197,9560.0,,15:02:27,15:03:16,2,2638,4th Ave & Cherry St,6.0,0.0
2025-10-20,515,North,25197,9560.0,,15:04:19,15:04:51,3,641,4th Ave & Seneca St,3.0,0.0
2025-10-20,515,North,25197,9560.0,15:06:00,15:06:39,15:07:03,4,2976,4th Ave & Pine St,2.0,5.0
2025-10-20,515,North,25197,9560.0,,15:08:41,15:10:00,5,473,Olive Way & 6th Ave,3.0,0.0
2025-10-20,515,North,25197,9560.0,15:10:00,15:11:29,15:12:12,6,430,Howell St & 9th Ave,5.0,0.0
2025-10-20,515,North,25197,9560.0,,15:16:03,15:16:32,7,431,Howell St & Yale Ave,2.0,0.0
2025-10-20,515,North,25197,9560.0,15:30:00,15:33:10,15:33:29,10,2766,Mountlake Terrace Fwy Station Bay 7,0.0,19.0
2025-10-20,515,North,25197,9560.0,15:38:00,15:39:30,15:39:30,11,2118,Lynnwood City Center Station Bay A5,0.0,0.0
2025-10-20,515,North,25198,91725.0,15:10:00,15:12:40,15:12:40,0,640,4th Ave S & S Jackson St,1.0,0.0
2025-10-20,515,North,25198,91725.0,,15:13:55,15:14:17,1,635,4th Ave S & S Washington St,1.0,0.0
2025-10-20,515,North,25198,91725.0,,15:15:50,15:16:25,2,2638,4th Ave & Cherry St,3.0,0.0
2025-10-20,515,North,25198,91725.0,,15:19:02,15:20:46,3,641,4th Ave & Seneca St,3.0,0.0
2025-10-20,515,North,25198,91725.0,15:16:00,15:22:06,15:22:50,4,2976,4th Ave & Pine St,1.0,0.0
2025-10-20,515,North,25198,91725.0,,15:23:59,15:25:02,5,473,Olive Way & 6th Ave,4.0,0.0
2025-10-20,515,North,25198,91725.0,15:20:00,15:25:39,15:26:25,6,430,Howell St & 9th Ave,2.0,0.0
2025-10-20,515,North,25198,91725.0,,15:29:38,15:30:03,7,431,Howell St & Yale Ave,2.0,0.0
2025-10-20,515,North,25198,91725.0,15:40:00,15:48:39,15:49:03,10,2766,Mountlake Terrace Fwy Station Bay 7,0.0,17.0
2025-10-20,515,North,25198,91725.0,15:50:00,15:54:50,15:54:50,11,2118,Lynnwood City Center Station Bay A5,0.0,0.0
2025-10-20,515,North,25199,91711.0,15:20:00,15:21:24,15:21:24,0,640,4th Ave S & S Jackson St,1.0,0.0
2025-10-20,515,North,25199,91711.0,,15:21:56,15:22:10,1,635,4th Ave S & S Washington St,1.0,0.0
2025-10-20,515,North,25199,91711.0,,15:23:31,15:23:49,2,2638,4th Ave & Cherry St,2.0,0.0
2025-10-20,515,North,25199,91711.0,,15:25:24,15:25:54,3,641,4th Ave & Seneca St,2.0,0.0
2025-10-20,515,North,25199,91711.0,15:26:00,15:26:51,15:27:25,4,2976,4th Ave & Pine St,1.0,0.0
2025-10-20,515,North,25199,91711.0,,15:28:25,15:29:36,5,473,Olive Way & 6th Ave,0.0,2.0
2025-10-20,515,North,25199,91711.0,15:30:00,15:30:11,15:30:35,6,430,Howell St & 9th Ave,3.0,0.0
2025-10-20,515,North,25199,91711.0,,15:32:42,15:32:51,7,431,Howell St & Yale Ave,0.0,0.0
2025-10-20,515,North,25199,91711.0,15:51:00,15:51:21,15:51:40,10,2766,Mountlake Terrace Fwy Station Bay 7,0.0,8.0
2025-10-20,515,North,25199,91711.0,16:03:00,15:56:22,15:56:22,11,2118,Lynnwood City Center Station Bay A5,0.0,0.0
2025-10-20,515,North,25200,91709.0,15:30:00,15:30:51,15:30:51,0,640,4th Ave S & S Jackson St,2.0,0.0
2025-10-20,515,North,25200,91709.0,,15:31:58,15:32:18,1,635,4th Ave S & S Washington St,2.0,0.0
2025-10-20,515,North,25200,91709.0,,15:33:49,15:34:56,2,2638,4th Ave & Cherry St,7.0,0.0
2025-10-20,515,North,25200,91709.0,,15:36:03,15:37:15,3,641,4th Ave & Seneca St,3.0,0.0
2025-10-20,515,North,25200,91709.0,15:36:00,15:38:24,15:39:19,4,2976,4th Ave & Pine St,1.0,0.0
2025-10-20,515,North,25200,91709.0,,15:40:34,15:41:32,5,473,Olive Way & 6th Ave,3.0,0.0
2025-10-20,515,North,25200,91709.0,15:40:00,15:42:09,15:43:11,6,430,Howell St & 9th Ave,5.0,0.0
2025-10-20,515,North,25200,91709.0,,15:56:03,15:56:03,7,431,Howell St & Yale Ave,3.0,0.0
2025-10-20,515,North,25200,91709.0,16:02:00,16:06:01,16:06:28,10,2766,Mountlake Terrace Fwy Station Bay 7,0.0,26.0
2025-10-20,515,North,25200,91709.0,16:14:00,16:11:19,16:11:19,11,2118,Lynnwood City Center Station Bay A5,0.0,0.0
2025-10-20,515,North,25201,91706.0,15:40:00,15:40:16,15:40:16,0,640,4th Ave S & S Jackson St,0.0,0.0
2025-10-20,515,North,25201,91706.0,,15:41:11,15:41:23,1,635,4th Ave S & S Washington St,1.0,0.0
2025-10-20,515,North,25201,91706.0,,15:42:56,15:43:34,2,2638,4th Ave & Cherry St,11.0,0.0
2025-10-20,515,North,25201,91706.0,,15:45:07,15:45:27,3,641,4th Ave & Seneca St,3.0,0.0
2025-10-20,515,North,25201,91706.0,15:46:00,15:47:07,15:47:29,4,2976,4th Ave & Pine St,4.0,0.0
2025-10-20,515,North,25201,91706.0,,15:49:12,15:50:31,5,473,Olive Way & 6th Ave,7.0,0.0
2025-10-20,515,North,25201,91706.0,15:50:00,15:52:01,15:52:31,6,430,Howell St & 9th Ave,4.0,0.0
2025-10-20,515,North,25201,91706.0,,15:55:08,15:55:37,7,431,Howell St & Yale Ave,3.0,1.0
2025-10-20,515,North,25201,91706.0,16:12:00,16:14:30,16:14:55,10,2766,Mountlake Terrace Fwy Station Bay 7,0.0,4.0
2025-10-20,515,North,25201,91706.0,16:27:00,16:20:03,16:20:03,11,2118,Lynnwood City Center Station Bay A5,0.0,28.0
2025-10-20,515,North,25202,91707.0,15:50:00,15:50:16,15:50:16,0,640,4th Ave S & S Jackson St,2.0,0.0
2025-10-20,515,North,25202,91707.0,,15:51:27,15:51:46,1,635,4th Ave S & S Washington St,3.0,0.0
2025-10-20,515,North,25202,91707.0,,15:54:45,15:55:11,2,2638,4th Ave & Cherry St,6.0,0.0
2025-10-20,515,North,25202,91707.0,,15:57:04,15:58:15,3,641,4th Ave & Seneca St,7.0,0.0
2025-10-20,515,North,25202,91707.0,15:56:00,15:59:14,15:59:31,4,2976,4th Ave & Pine St,2.0,0.0
2025-10-20,515,North,25202,91707.0,,16:01:14,16:02:35,5,473,Olive Way & 6th Ave,8.0,0.0
2025-10-20,515,North,25202,91707.0,16:00:00,16:03:10,16:03:54,6,430,Howell St & 9th Ave,10.0,0.0
2025-10-20,515,North,25202,91707.0,,16:07:06,16:07:31,7,431,Howell St & Yale Ave,3.0,1.0
2025-10-20,515,North,25202,91707.0,16:23:00,16:24:35,16:25:03,10,2766,Mountlake Terrace Fwy Station Bay 7,0.0,10.0
2025-10-20,515,North,25202,91707.0,16:39:00,16:30:06,16:30:06,11,2118,Lynnwood City Center Station Bay A5,0.0,30.0
2025-10-20,515,North,25203,91717.0,16:00:00,16:02:42,16:02:42,0,640,4th Ave S & S Jackson St,4.0,0.0
2025-10-20,515,North,25203,91717.0,,16:03:24,16:03:43,1,635,4th Ave S & S Washington St,1.0,0.0
2025-10-20,515,North,25203,91717.0,,16:05:32,16:06:26,2,2638,4th Ave & Cherry St,5.0,0.0
2025-10-20,515,North,25203,91717.0,,16:07:29,16:08:44,3,641,4th Ave & Seneca St,3.0,2.0
2025-10-20,515,North,25203,91717.0,16:06:00,16:09:55,16:10:52,4,2976,4th Ave & Pine St,2.0,0.0
2025-10-20,515,North,25203,91717.0,,16:12:10,16:13:09,5,473,Olive Way & 6th Ave,12.0,0.0
2025-10-20,515,North,25203,91717.0,16:10:00,16:14:47,16:17:34,6,430,Howell St & 9th Ave,5.0,0.0
2025-10-20,515,North,25203,91717.0,,16:20:35,16:21:15,7,431,Howell St & Yale Ave,4.0,0.0
2025-10-20,515,North,25203,91717.0,16:33:00,16:40:51,16:41:28,10,2766,Mountlake Terrace Fwy Station Bay 7,0.0,34.0
2025-10-20,515,North,25203,91717.0,16:49:00,16:46:35,16:46:35,11,2118,Lynnwood City Center Station Bay A5,0.0,0.0
2025-10-20,515,North,25204,19854.0,16:10:00,16:13:35,16:13:35,0,640,4th Ave S & S Jackson St,3.0,0.0
2025-10-20,515,North,25204,19854.0,,16:14:05,16:14:30,1,635,4th Ave S & S Washington St,0.0,0.0
2025-10-20,515,North,25204,19854.0,,16:16:11,16:17:10,2,2638,4th Ave & Cherry St,2.0,0.0
2025-10-20,515,North,25204,19854.0,,16:19:02,16:19:28,3,641,4th Ave & Seneca St,2.0,0.0
2025-10-20,515,North,25204,19854.0,16:16:00,16:20:34,16:21:21,4,2976,4th Ave & Pine St,2.0,0.0
2025-10-20,515,North,25204,19854.0,,16:23:44,16:25:03,5,473,Olive Way & 6th Ave,6.0,0.0
2025-10-20,515,North,25204,19854.0,16:20:00,16:26:34,16:27:05,6,430,Howell St & 9th Ave,1.0,0.0
2025-10-20,515,North,25204,19854.0,,16:30:02,16:30:24,7,431,Howell St & Yale Ave,1.0,0.0
2025-10-20,515,North,25204,19854.0,16:43:00,16:48:31,16:49:04,10,2766,Mountlake Terrace Fwy Station Bay 7,1.0,18.0
2025-10-20,515,North,25204,19854.0,16:59:00,16:54:06,16:54:06,11,2118,Lynnwood City Center Station Bay A5,0.0,0.0
2025-10-20,515,North,25205,19853.0,16:20:00,16:32:20,16:32:20,0,640,4th Ave S & S Jackson St,2.0,0.0
2025-10-20,515,North,25205,19853.0,,,,1,635,4th Ave S & S Washington St,,
2025-10-20,515,North,25205,19853.0,,16:33:57,16:34:37,2,2638,4th Ave & Cherry St,3.0,0.0
2025-10-20,515,North,25205,19853.0,,16:37:35,16:38:47,3,641,4th Ave & Seneca St,5.0,0.0
2025-10-20,515,North,25205,19853.0,16:26:00,16:39:55,16:40:57,4,2976,4th Ave & Pine St,2.0,0.0
2025-10-20,515,North,25205,19853.0,,16:42:13,16:43:04,5,473,Olive Way & 6th Ave,4.0,4.0
2025-10-20,515,North,25205,19853.0,16:30:00,16:43:50,16:44:25,6,430,Howell St & 9th Ave,2.0,0.0
2025-10-20,515,North,25205,19853.0,,16:47:41,16:48:00,7,431,Howell St & Yale Ave,1.0,0.0
2025-10-20,515,North,25205,19853.0,16:53:00,17:04:23,17:05:01,10,2766,Mountlake Terrace Fwy Station Bay 7,1.0,16.0
2025-10-20,515,North,25205,19853.0,17:09:00,17:10:14,17:10:14,11,2118,Lynnwood City Center Station Bay A5,0.0,0.0
2025-10-20,515,North,25206,,16:30:00,,,0,640,4th Ave S & S Jackson St,,
2025-10-20,515,North,25206,,,,,1,635,4th Ave S & S Washington St,,
2025-10-20,515,North,25206,,,,,2,2638,4th Ave & Cherry St,,
2025-10-20,515,North,25206,,,,,3,641,4th Ave & Seneca St,,
2025-10-20,515,North,25206,,16:36:00,,,4,2976,4th Ave & Pine St,,
2025-10-20,515,North,25206,,,,,5,473,Olive Way & 6th Ave,,
2025-10-20,515,North,25206,,16:40:00,,,6,430,Howell St & 9th Ave,,
2025-10-20,515,North,25206,,,,,7,431,Howell St & Yale Ave,,
2025-10-20,515,North,25206,,17:03:00,,,10,2766,Mountlake Terrace Fwy Station Bay 7,,
2025-10-20,515,North,25206,,17:19:00,,,11,2118,Lynnwood City Center Station Bay A5,,
2025-10-20,515,North,25207,19816.0,16:40:00,17:04:31,17:04:31,0,640,4th Ave S & S Jackson St,0.0,0.0
2025-10-20,515,North,25207,19816.0,,17:05:10,17:05:22,1,635,4th Ave S & S Washington St,0.0,0.0
2025-10-20,515,North,25207,19816.0,,17:07:03,17:07:29,2,2638,4th Ave & Cherry St,2.0,0.0
2025-10-20,515,North,25207,19816.0,,17:10:01,17:10:20,3,641,4th Ave & Seneca St,1.0,0.0
2025-10-20,515,North,25207,19816.0,16:46:00,17:11:35,17:12:38,4,2976,4th Ave & Pine St,0.0,0.0
2025-10-20,515,North,25207,19816.0,,17:13:42,17:14:42,5,473,Olive Way & 6th Ave,3.0,0.0
2025-10-20,515,North,25207,19816.0,16:50:00,17:16:34,17:16:50,6,430,Howell St & 9th Ave,1.0,0.0
2025-10-20,515,North,25207,19816.0,,17:20:40,17:20:55,7,431,Howell St & Yale Ave,0.0,0.0
2025-10-20,515,North,25207,19816.0,17:13:00,17:36:11,17:36:31,10,2766,Mountlake Terrace Fwy Station Bay 7,0.0,7.0
2025-10-20,515,North,25207,19816.0,17:29:00,17:42:14,17:42:14,11,2118,Lynnwood City Center Station Bay A5,0.0,0.0
2025-10-20,515,North,25208,,16:50:00,,,0,640,4th Ave S & S Jackson St,,
2025-10-20,515,North,25208,,,,,1,635,4th Ave S & S Washington St,,
2025-10-20,515,North,25208,,,,,2,2638,4th Ave & Cherry St,,
2025-10-20,515,North,25208,,,,,3,641,4th Ave & Seneca St,,
2025-10-20,515,North,25208,,16:56:00,,,4,2976,4th Ave & Pine St,,
2025-10-20,515,North,25208,,,,,5,473,Olive Way & 6th Ave,,
2025-10-20,515,North,25208,,17:00:00,,,6,430,Howell St & 9th Ave,,
2025-10-20,515,North,25208,,,,,7,431,Howell St & Yale Ave,,
2025-10-20,515,North,25208,,17:22:00,,,10,2766,Mountlake Terrace Fwy Station Bay 7,,
2025-10-20,515,North,25208,,17:38:00,,,11,2118,Lynnwood City Center Station Bay A5,,
2025-10-20,515,North,25209,91911.0,17:00:00,,,0,640,4th Ave S & S Jackson St,,
2025-10-20,515,North,25209,91911.0,,,,1,635,4th Ave S & S Washington St,,
2025-10-20,515,North,25209,91911.0,,,,2,2638,4th Ave & Cherry St,,
2025-10-20,515,North,25209,91911.0,,,,3,641,4th Ave & Seneca St,,
2025-10-20,515,North,25209,91911.0,17:06:00,17:11:02,17:11:02,4,2976,4th Ave & Pine St,7.0,0.0
2025-10-20,515,North,25209,91911.0,,17:12:10,17:13:33,5,473,Olive Way & 6th Ave,11.0,0.0
2025-10-20,515,North,25209,91911.0,17:10:00,17:15:06,17:16:02,6,430,Howell St & 9th Ave,5.0,0.0
2025-10-20,515,North,25209,91911.0,,17:19:10,17:20:08,7,431,Howell St & Yale Ave,4.0,0.0
2025-10-20,515,North,25209,91911.0,17:32:00,17:35:11,17:35:49,10,2766,Mountlake Terrace Fwy Station Bay 7,1.0,28.0
2025-10-20,515,North,25209,91911.0,17:48:00,17:40:27,17:40:27,11,2118,Lynnwood City Center Station Bay A5,0.0,0.0
2025-10-20,515,North,25210,91727.0,17:10:00,17:14:38,17:14:38,0,640,4th Ave S & S Jackson St,1.0,0.0
2025-10-20,515,North,25210,91727.0,,17:15:32,17:15:39,1,635,4th Ave S & S Washington St,0.0,0.0
2025-10-20,515,North,25210,91727.0,,17:16:27,17:16:49,2,2638,4th Ave & Cherry St,0.0,0.0
2025-10-20,515,North,25210,91727.0,,17:19:11,17:19:38,3,641,4th Ave & Seneca St,2.0,0.0
2025-10-20,515,North,25210,91727.0,17:16:00,17:21:35,17:21:53,4,2976,4th Ave & Pine St,0.0,0.0
2025-10-20,515,North,25210,91727.0,,17:24:01,17:25:05,5,473,Olive Way & 6th Ave,3.0,0.0
2025-10-20,515,North,25210,91727.0,17:20:00,17:26:40,17:27:13,6,430,Howell St & 9th Ave,2.0,0.0
2025-10-20,515,North,25210,91727.0,,17:31:08,17:31:30,7,431,Howell St & Yale Ave,2.0,0.0
2025-10-20,515,North,25210,91727.0,17:42:00,17:46:54,17:47:30,10,2766,Mountlake Terrace Fwy Station Bay 7,1.0,11.0
2025-10-20,515,North,25210,91727.0,17:58:00,17:51:54,17:51:54,11,2118,Lynnwood City Center Station Bay A5,0.0,0.0
2025-10-20,515,North,25211,91719.0,17:20:00,17:20:45,17:20:45,0,640,4th Ave S & S Jackson St,8.0,0.0
2025-10-20,515,North,25211,91719.0,,17:21:29,17:21:29,1,635,4th Ave S & S Washington St,0.0,0.0
2025-10-20,515,North,25211,91719.0,,17:22:15,17:22:41,2,2638,4th Ave & Cherry St,2.0,0.0
2025-10-20,515,North,25211,91719.0,,17:26:31,17:27:18,3,641,4th Ave & Seneca St,4.0,1.0
2025-10-20,515,North,25211,91719.0,17:26:00,17:28:18,17:28:52,4,2976,4th Ave & Pine St,3.0,0.0
2025-10-20,515,North,25211,91719.0,,17:30:01,17:31:04,5,473,Olive Way & 6th Ave,1.0,0.0
2025-10-20,515,North,25211,91719.0,17:30:00,17:32:49,17:33:06,6,430,Howell St & 9th Ave,2.0,0.0
2025-10-20,515,North,25211,91719.0,,17:35:39,17:35:59,7,431,Howell St & Yale Ave,1.0,2.0
2025-10-20,515,North,25211,91719.0,17:51:00,17:49:46,17:50:18,10,2766,Mountlake Terrace Fwy Station Bay 7,0.0,9.0
2025-10-20,515,North,25211,91719.0,18:06:00,17:54:52,17:54:52,11,2118,Lynnwood City Center Station Bay A5,0.0,9.0
2025-10-20,515,North,25212,91903.0,17:40:00,17:41:32,17:41:32,0,640,4th Ave S & S Jackson St,0.0,0.0
2025-10-20,515,North,25212,91903.0,,17:42:23,17:42:30,1,635,4th Ave S & S Washington St,0.0,0.0
2025-10-20,515,North,25212,91903.0,,17:43:17,17:43:43,2,2638,4th Ave & Cherry St,3.0,0.0
2025-10-20,515,North,25212,91903.0,,17:45:04,17:46:11,3,641,4th Ave & Seneca St,3.0,0.0
2025-10-20,515,North,25212,91903.0,17:46:00,17:47:21,17:47:55,4,2976,4th Ave & Pine St,3.0,0.0
2025-10-20,515,North,25212,91903.0,,17:49:33,17:50:28,5,473,Olive Way & 6th Ave,7.0,0.0
2025-10-20,515,North,25212,91903.0,17:50:00,17:52:01,17:52:33,6,430,Howell St & 9th Ave,4.0,0.0
2025-10-20,515,North,25212,91903.0,,17:55:08,17:55:34,7,431,Howell St & Yale Ave,2.0,1.0
2025-10-20,515,North,25212,91903.0,18:09:00,18:08:16,18:08:41,10,2766,Mountlake Terrace Fwy Station Bay 7,0.0,5.0
2025-10-20,515,North,25212,91903.0,18:23:00,18:12:34,18:12:34,11,2118,Lynnwood City Center Station Bay A5,0.0,16.0
2025-10-20,515,North,25213,91913.0,18:00:00,18:03:34,18:03:34,0,640,4th Ave S & S Jackson St,10.0,0.0
2025-10-20,515,North,25213,91913.0,,,,1,635,4th Ave S & S Washington St,,
2025-10-20,515,North,25213,91913.0,,18:05:28,18:06:05,2,2638,4th Ave & Cherry St,5.0,0.0
2025-10-20,515,North,25213,91913.0,,18:07:28,18:07:47,3,641,4th Ave & Seneca St,1.0,0.0
2025-10-20,515,North,25213,91913.0,18:06:00,18:08:48,18:09:07,4,2976,4th Ave & Pine St,0.0,0.0
2025-10-20,515,North,25213,91913.0,,18:10:34,18:11:34,5,473,Olive Way & 6th Ave,7.0,0.0
2025-10-20,515,North,25213,91913.0,18:09:00,18:13:05,18:13:33,6,430,Howell St & 9th Ave,3.0,0.0
2025-10-20,515,North,25213,91913.0,,18:16:08,18:16:54,7,431,Howell St & Yale Ave,6.0,0.0
2025-10-20,515,North,25213,91913.0,18:27:00,18:30:34,18:31:10,10,2766,Mountlake Terrace Fwy Station Bay 7,0.0,13.0
2025-10-20,515,North,25213,91913.0,18:39:00,18:35:38,18:35:38,11,2118,Lynnwood City Center Station Bay A5,1.0,20.0
2025-10-20,515,North,25214,19854.0,18:20:00,18:22:28,18:22:28,0,640,4th Ave S & S Jackson St,1.0,0.0
2025-10-20,515,North,25214,19854.0,,18:23:15,18:23:27,1,635,4th Ave S & S Washington St,0.0,0.0
2025-10-20,515,North,25214,19854.0,,18:24:53,18:26:04,2,2638,4th Ave & Cherry St,3.0,0.0
2025-10-20,515,North,25214,19854.0,,18:27:01,18:27:33,3,641,4th Ave & Seneca St,0.0,0.0
2025-10-20,515,North,25214,19854.0,18:26:00,18:29:26,18:30:29,4,2976,4th Ave & Pine St,1.0,0.0
2025-10-20,515,North,25214,19854.0,,18:32:47,18:34:01,5,473,Olive Way & 6th Ave,0.0,0.0
2025-10-20,515,North,25214,19854.0,18:29:00,18:34:40,18:35:06,6,430,Howell St & 9th Ave,2.0,0.0
2025-10-20,515,North,25214,19854.0,,18:37:26,18:37:43,7,431,Howell St & Yale Ave,0.0,3.0
2025-10-20,515,North,25214,19854.0,18:47:00,18:50:22,18:50:44,10,2766,Mountlake Terrace Fwy Station Bay 7,0.0,4.0
2025-10-20,515,North,25214,19854.0,18:59:00,18:54:49,18:54:49,11,2118,Lynnwood City Center Station Bay A5,0.0,0.0
2025-10-20,515,North,25215,91710.0,18:40:00,18:44:24,18:44:24,0,640,4th Ave S & S Jackson St,0.0,0.0
2025-10-20,515,North,25215,91710.0,,18:45:41,18:46:09,1,635,4th Ave S & S Washington St,3.0,3.0
2025-10-20,515,North,25215,91710.0,,18:47:31,18:47:54,2,2638,4th Ave & Cherry St,0.0,0.0
2025-10-20,515,North,25215,91710.0,,18:51:14,18:52:15,3,641,4th Ave & Seneca St,1.0,0.0
2025-10-20,515,North,25215,91710.0,18:46:00,18:53:35,18:54:16,4,2976,4th Ave & Pine St,3.0,0.0
2025-10-20,515,North,25215,91710.0,,18:55:29,18:56:31,5,473,Olive Way & 6th Ave,3.0,0.0
2025-10-20,515,North,25215,91710.0,18:49:00,18:58:10,18:58:37,6,430,Howell St & 9th Ave,1.0,0.0
2025-10-20,515,North,25215,91710.0,,19:01:09,19:01:36,7,431,Howell St & Yale Ave,0.0,0.0
2025-10-20,515,North,25215,91710.0,19:07:00,19:15:44,19:16:13,10,2766,Mountlake Terrace Fwy Station Bay 7,0.0,0.0
2025-10-20,515,North,25215,91710.0,19:16:00,19:20:25,19:20:25,11,2118,Lynnwood City Center Station Bay A5,0.0,8.0
2025-10-20,515,South,25216,91703.0,04:30:00,04:30:58,04:30:58,0,2113,Lynnwood City Center Station Bay D1,19.0,0.0
2025-10-20,515,South,25216,91703.0,04:34:00,04:34:12,04:34:35,1,2765,Mountlake Terrace Fwy Station Bay 6,2.0,0.0
2025-10-20,515,South,25216,91703.0,04:51:00,04:47:41,04:48:07,4,1909,Stewart St & 9th Ave,0.0,4.0
2025-10-20,515,South,25216,91703.0,,04:49:04,04:49:30,5,1908,Stewart St & 7th Ave,0.0,6.0
2025-10-20,515,South,25216,91703.0,04:56:00,04:50:29,04:51:22,6,2698,5th Ave & Pine St,0.0,2.0
2025-10-20,515,South,25216,91703.0,,04:52:16,04:52:36,7,2700,5th Ave & Seneca St,0.0,4.0
2025-10-20,515,South,25216,91703.0,,04:53:34,04:53:53,8,2702,5th Ave & Marion St,0.0,1.0
2025-10-20,515,South,25216,91703.0,,04:55:09,04:55:28,9,2290,5th Ave & Jefferson St,0.0,4.0
2025-10-20,515,South,25216,91703.0,05:04:00,05:05:27,05:05:27,10,2706,5th Ave S & S Jackson St,0.0,0.0
2025-10-20,515,South,25217,91725.0,04:50:00,04:50:07,04:50:07,0,2113,Lynnwood City Center Station Bay D1,7.0,0.0
2025-10-20,515,South,25217,91725.0,04:54:00,04:54:29,04:54:57,1,2765,Mountlake Terrace Fwy Station Bay 6,4.0,0.0
2025-10-20,515,South,25217,91725.0,05:11:00,05:09:15,05:09:27,4,1909,Stewart St & 9th Ave,0.0,0.0
2025-10-20,515,South,25217,91725.0,,05:10:06,05:10:27,5,1908,Stewart St & 7th Ave,1.0,1.0
2025-10-20,515,South,25217,91725.0,05:16:00,05:11:33,05:12:23,6,2698,5th Ave & Pine St,0.0,1.0
2025-10-20,515,South,25217,91725.0,,05:14:11,05:14:36,7,2700,5th Ave & Seneca St,1.0,1.0
2025-10-20,515,South,25217,91725.0,,05:15:37,05:15:52,8,2702,5th Ave & Marion St,0.0,1.0
2025-10-20,515,South,25217,91725.0,,05:17:35,05:17:54,9,2290,5th Ave & Jefferson St,0.0,5.0
2025-10-20,515,South,25217,91725.0,05:24:00,05:19:58,05:19:58,10,2706,5th Ave S & S Jackson St,0.0,4.0
2025-10-20,515,South,25218,91913.0,05:10:00,05:12:07,05:12:07,0,2113,Lynnwood City Center Station Bay D1,25.0,0.0
2025-10-20,515,South,25218,91913.0,05:14:00,05:16:17,05:16:45,1,2765,Mountlake Terrace Fwy Station Bay 6,4.0,0.0
2025-10-20,515,South,25218,91913.0,05:31:00,05:31:26,05:32:00,4,1909,Stewart St & 9th Ave,0.0,10.0
2025-10-20,515,South,25218,91913.0,,05:33:09,05:33:37,5,1908,Stewart St & 7th Ave,0.0,2.0
2025-10-20,515,South,25218,91913.0,05:36:00,05:35:35,05:36:24,6,2698,5th Ave & Pine St,0.0,1.0
2025-10-20,515,South,25218,91913.0,,05:38:23,05:38:45,7,2700,5th Ave & Seneca St,0.0,5.0
2025-10-20,515,South,25218,91913.0,,05:39:36,05:40:29,8,2702,5th Ave & Marion St,0.0,6.0
2025-10-20,515,South,25218,91913.0,,05:42:05,05:42:36,9,2290,5th Ave & Jefferson St,0.0,5.0
2025-10-20,515,South,25218,91913.0,05:44:00,05:44:57,05:44:57,10,2706,5th Ave S & S Jackson St,0.0,0.0
2025-10-20,515,South,25219,91901.0,05:30:00,05:30:59,05:30:59,0,2113,Lynnwood City Center Station Bay D1,24.0,0.0
2025-10-20,515,South,25219,91901.0,05:34:00,05:35:19,05:35:31,1,2765,Mountlake Terrace Fwy Station Bay 6,0.0,0.0
2025-10-20,515,South,25219,91901.0,05:51:00,05:49:49,05:50:19,4,1909,Stewart St & 9th Ave,0.0,5.0
2025-10-20,515,South,25219,91901.0,,05:51:10,05:51:31,5,1908,Stewart St & 7th Ave,0.0,1.0
2025-10-20,515,South,25219,91901.0,05:56:00,05:52:37,05:53:22,6,2698,5th Ave & Pine St,0.0,0.0
2025-10-20,515,South,25219,91901.0,,05:55:21,05:55:55,7,2700,5th Ave & Seneca St,0.0,5.0
2025-10-20,515,South,25219,91901.0,,05:56:49,05:57:52,8,2702,5th Ave & Marion St,0.0,9.0
2025-10-20,515,South,25219,91901.0,,05:59:42,06:00:07,9,2290,5th Ave & Jefferson St,0.0,4.0
2025-10-20,515,South,25219,91901.0,06:05:00,06:02:36,06:02:36,10,2706,5th Ave S & S Jackson St,0.0,0.0
2025-10-20,515,South,25220,,05:55:00,,,0,2113,Lynnwood City Center Station Bay D1,,
2025-10-20,515,South,25220,,05:59:00,,,1,2765,Mountlake Terrace Fwy Station Bay 6,,
2025-10-20,515,South,25220,,06:16:00,,,4,1909,Stewart St & 9th Ave,,
2025-10-20,515,South,25220,,,,,5,1908,Stewart St & 7th Ave,,
2025-10-20,515,South,25220,,06:21:00,,,6,2698,5th Ave & Pine St,,
2025-10-20,515,South,25220,,,,,7,2700,5th Ave & Seneca St,,
2025-10-20,515,South,25220,,,,,8,2702,5th Ave & Marion St,,
2025-10-20,515,South,25220,,,,,9,2290,5th Ave & Jefferson St,,
2025-10-20,515,South,25220,,06:30:00,,,10,2706,5th Ave S & S Jackson St,,
2025-10-20,515,South,25221,91725.0,06:05:00,06:09:32,06:09:32,0,2113,Lynnwood City Center Station Bay D1,73.0,0.0
2025-10-20,515,South,25221,91725.0,06:09:00,06:13:47,06:14:19,1,2765,Mountlake Terrace Fwy Station Bay 6,2.0,0.0
2025-10-20,515,South,25221,91725.0,06:27:00,06:29:39,06:30:43,4,1909,Stewart St & 9th Ave,1.0,18.0
2025-10-20,515,South,25221,91725.0,,06:31:39,06:32:15,5,1908,Stewart St & 7th Ave,0.0,9.0
2025-10-20,515,South,25221,91725.0,06:32:00,06:33:22,06:34:36,6,2698,5th Ave & Pine St,0.0,3.0
2025-10-20,515,South,25221,91725.0,,06:36:28,06:37:10,7,2700,5th Ave & Seneca St,0.0,15.0
2025-10-20,515,South,25221,91725.0,,06:38:36,06:39:21,8,2702,5th Ave & Marion St,0.0,18.0
2025-10-20,515,South,25221,91725.0,,06:40:27,06:40:58,9,2290,5th Ave & Jefferson St,0.0,10.0
2025-10-20,515,South,25221,91725.0,06:41:00,06:42:38,06:42:38,10,2706,5th Ave S & S Jackson St,0.0,3.0
2025-10-20,515,South,25222,91702.0,06:15:00,06:16:44,06:16:44,0,2113,Lynnwood City Center Station Bay D1,40.0,0.0
2025-10-20,515,South,25222,91702.0,06:19:00,06:20:58,06:21:34,1,2765,Mountlake Terrace Fwy Station Bay 6,4.0,0.0
2025-10-20,515,South,25222,91702.0,06:37:00,06:35:32,06:36:01,4,1909,Stewart St & 9th Ave,0.0,9.0
2025-10-20,515,South,25222,91702.0,,06:36:34,06:37:00,5,1908,Stewart St & 7th Ave,0.0,5.0
2025-10-20,515,South,25222,91702.0,06:42:00,06:39:16,06:39:35,6,2698,5th Ave & Pine St,0.0,6.0
2025-10-20,515,South,25222,91702.0,,06:41:24,06:42:00,7,2700,5th Ave & Seneca St,0.0,15.0
2025-10-20,515,South,25222,91702.0,,06:43:04,06:43:45,8,2702,5th Ave & Marion St,0.0,6.0
2025-10-20,515,South,25222,91702.0,,06:44:55,06:45:34,9,2290,5th Ave & Jefferson St,0.0,3.0
2025-10-20,515,South,25222,91702.0,06:52:00,06:47:28,06:47:28,10,2706,5th Ave S & S Jackson St,0.0,0.0
2025-10-20,515,South,25223,91913.0,06:25:00,06:26:12,06:26:12,0,2113,Lynnwood City Center Station Bay D1,28.0,0.0
2025-10-20,515,South,25223,91913.0,06:29:00,06:31:02,06:31:57,1,2765,Mountlake Terrace Fwy Station Bay 6,9.0,0.0
2025-10-20,515,South,25223,91913.0,06:49:00,06:48:03,06:48:36,4,1909,Stewart St & 9th Ave,1.0,8.0
2025-10-20,515,South,25223,91913.0,,06:49:40,06:50:09,5,1908,Stewart St & 7th Ave,0.0,8.0
2025-10-20,515,South,25223,91913.0,06:54:00,06:51:22,06:52:37,6,2698,5th Ave & Pine St,0.0,4.0
2025-10-20,515,South,25223,91913.0,,06:54:43,06:55:09,7,2700,5th Ave & Seneca St,0.0,7.0
2025-10-20,515,South,25223,91913.0,,06:56:49,06:57:24,8,2702,5th Ave & Marion St,0.0,9.0
2025-10-20,515,South,25223,91913.0,,06:58:32,06:58:49,9,2290,5th Ave & Jefferson St,0.0,2.0
2025-10-20,515,South,25223,91913.0,07:05:00,07:01:07,07:01:07,10,2706,5th Ave S & S Jackson St,0.0,0.0
2025-10-20,515,South,25224,91902.0,06:35:00,06:36:43,06:36:43,0,2113,Lynnwood City Center Station Bay D1,30.0,0.0
2025-10-20,515,South,25224,91902.0,06:39:00,06:42:38,06:42:56,1,2765,Mountlake Terrace Fwy Station Bay 6,1.0,0.0
2025-10-20,515,South,25224,91902.0,07:00:00,06:59:34,07:00:11,4,1909,Stewart St & 9th Ave,1.0,8.0
2025-10-20,515,South,25224,91902.0,,07:00:47,07:01:14,5,1908,Stewart St & 7th Ave,0.0,6.0
2025-10-20,515,South,25224,91902.0,07:05:00,07:03:32,07:04:37,6,2698,5th Ave & Pine St,0.0,2.0
2025-10-20,515,South,25224,91902.0,,07:05:35,07:06:03,7,2700,5th Ave & Seneca St,0.0,5.0
2025-10-20,515,South,25224,91902.0,,07:07:17,07:07:50,8,2702,5th Ave & Marion St,0.0,0.0
2025-10-20,515,South,25224,91902.0,,07:09:07,07:09:37,9,2290,5th Ave & Jefferson St,0.0,6.0
2025-10-20,515,South,25224,91902.0,07:16:00,07:12:25,07:12:25,10,2706,5th Ave S & S Jackson St,0.0,5.0
2025-10-20,515,South,25225,91717.0,06:45:00,06:49:03,06:49:03,0,2113,Lynnwood City Center Station Bay D1,25.0,0.0
2025-10-20,515,South,25225,91717.0,06:50:00,06:53:25,06:54:24,1,2765,Mountlake Terrace Fwy Station Bay 6,10.0,0.0
2025-10-20,515,South,25225,91717.0,07:11:00,07:08:28,07:08:57,4,1909,Stewart St & 9th Ave,0.0,6.0
2025-10-20,515,South,25225,91717.0,,07:09:31,07:10:05,5,1908,Stewart St & 7th Ave,0.0,9.0
2025-10-20,515,South,25225,91717.0,07:16:00,07:12:23,07:13:35,6,2698,5th Ave & Pine St,0.0,1.0
2025-10-20,515,South,25225,91717.0,,07:14:27,07:15:03,7,2700,5th Ave & Seneca St,0.0,6.0
2025-10-20,515,South,25225,91717.0,,07:16:06,07:16:46,8,2702,5th Ave & Marion St,0.0,7.0
2025-10-20,515,South,25225,91717.0,,07:18:00,07:18:32,9,2290,5th Ave & Jefferson St,0.0,5.0
2025-10-20,515,South,25225,91717.0,07:27:00,07:20:38,07:20:38,10,2706,5th Ave S & S Jackson St,0.0,1.0
2025-10-20,515,South,25226,91908.0,06:55:00,06:56:32,06:56:32,0,2113,Lynnwood City Center Station Bay D1,23.0,0.0
2025-10-20,515,South,25226,91908.0,07:00:00,07:02:15,07:02:51,1,2765,Mountlake Terrace Fwy Station Bay 6,7.0,0.0
2025-10-20,515,South,25226,91908.0,07:21:00,07:17:52,07:18:22,4,1909,Stewart St & 9th Ave,0.0,10.0
2025-10-20,515,South,25226,91908.0,,07:19:39,07:20:04,5,1908,Stewart St & 7th Ave,0.0,2.0
2025-10-20,515,South,25226,91908.0,07:26:00,07:21:23,07:22:33,6,2698,5th Ave & Pine St,0.0,6.0
2025-10-20,515,South,25226,91908.0,,07:23:35,07:24:00,7,2700,5th Ave & Seneca St,0.0,5.0
2025-10-20,515,South,25226,91908.0,,07:25:01,07:25:43,8,2702,5th Ave & Marion St,0.0,4.0
2025-10-20,515,South,25226,91908.0,,07:26:51,07:27:18,9,2290,5th Ave & Jefferson St,0.0,3.0
2025-10-20,515,South,25226,91908.0,07:37:00,07:29:05,07:29:05,10,2706,5th Ave S & S Jackson St,0.0,0.0
2025-10-20,515,South,25227,91707.0,07:05:00,07:08:30,07:08:30,0,2113,Lynnwood City Center Station Bay D1,35.0,0.0
2025-10-20,515,South,25227,91707.0,07:10:00,07:12:43,07:15:39,1,2765,Mountlake Terrace Fwy Station Bay 6,12.0,0.0
2025-10-20,515,South,25227,91707.0,07:34:00,07:34:25,07:35:06,4,1909,Stewart St & 9th Ave,0.0,18.0
2025-10-20,515,South,25227,91707.0,,07:36:08,07:36:38,5,1908,Stewart St & 7th Ave,0.0,9.0
2025-10-20,515,South,25227,91707.0,07:39:00,07:37:57,07:39:05,6,2698,5th Ave & Pine St,0.0,1.0
2025-10-20,515,South,25227,91707.0,,07:41:02,07:41:36,7,2700,5th Ave & Seneca St,0.0,6.0
2025-10-20,515,South,25227,91707.0,,07:43:10,07:43:48,8,2702,5th Ave & Marion St,0.0,7.0
2025-10-20,515,South,25227,91707.0,,07:46:01,07:46:32,9,2290,5th Ave & Jefferson St,0.0,5.0
2025-10-20,515,South,25227,91707.0,07:50:00,07:48:54,07:48:54,10,2706,5th Ave S & S Jackson St,0.0,1.0
2025-10-20,515,South,25228,,07:15:00,,,0,2113,Lynnwood City Center Station Bay D1,,
2025-10-20,515,South,25228,,07:20:00,,,1,2765,Mountlake Terrace Fwy Station Bay 6,,
2025-10-20,515,South,25228,,07:51:00,,,4,1909,Stewart St & 9th Ave,,
2025-10-20,515,South,25228,,,,,5,1908,Stewart St & 7th Ave,,
2025-10-20,515,South,25228,,07:56:00,,,6,2698,5th Ave & Pine St,,
2025-10-20,515,South,25228,,,,,7,2700,5th Ave & Seneca St,,
2025-10-20,515,South,25228,,,,,8,2702,5th Ave & Marion St,,
2025-10-20,515,South,25228,,,,,9,2290,5th Ave & Jefferson St,,
2025-10-20,515,South,25228,,08:07:00,,,10,2706,5th Ave S & S Jackson St,,
2025-10-20,515,South,25229,91912.0,07:25:00,07:27:54,07:27:54,0,2113,Lynnwood City Center Station Bay D1,37.0,0.0
2025-10-20,515,South,25229,91912.0,07:30:00,07:32:36,07:33:21,1,2765,Mountlake Terrace Fwy Station Bay 6,10.0,0.0
2025-10-20,515,South,25229,91912.0,08:02:00,07:56:38,07:57:25,4,1909,Stewart St & 9th Ave,0.0,21.0
2025-10-20,515,South,25229,91912.0,,07:58:38,07:59:12,5,1908,Stewart St & 7th Ave,0.0,11.0
2025-10-20,515,South,25229,91912.0,08:07:00,08:00:23,08:01:34,6,2698,5th Ave & Pine St,1.0,2.0
2025-10-20,515,South,25229,91912.0,,08:03:45,08:04:10,7,2700,5th Ave & Seneca St,0.0,3.0
2025-10-20,515,South,25229,91912.0,,08:05:31,08:06:12,8,2702,5th Ave & Marion St,0.0,8.0
2025-10-20,515,South,25229,91912.0,,08:07:28,08:07:52,9,2290,5th Ave & Jefferson St,0.0,3.0
2025-10-20,515,South,25229,91912.0,08:18:00,08:10:41,08:10:41,10,2706,5th Ave S & S Jackson St,0.0,0.0
2025-10-20,515,South,25230,91727.0,07:35:00,07:35:13,07:35:13,0,2113,Lynnwood City Center Station Bay D1,22.0,0.0
2025-10-20,515,South,25230,91727.0,07:40:00,07:40:58,07:41:38,1,2765,Mountlake Terrace Fwy Station Bay 6,11.0,0.0
2025-10-20,515,South,25230,91727.0,08:13:00,08:03:15,08:04:26,4,1909,Stewart St & 9th Ave,0.0,14.0
2025-10-20,515,South,25230,91727.0,,08:04:57,08:05:37,5,1908,Stewart St & 7th Ave,1.0,9.0
2025-10-20,515,South,25230,91727.0,08:18:00,08:07:48,08:07:59,6,2698,5th Ave & Pine St,0.0,0.0
2025-10-20,515,South,25230,91727.0,,08:10:00,08:10:27,7,2700,5th Ave & Seneca St,0.0,4.0
2025-10-20,515,South,25230,91727.0,,08:11:29,08:12:12,8,2702,5th Ave & Marion St,0.0,3.0
2025-10-20,515,South,25230,91727.0,,08:14:38,08:14:59,9,2290,5th Ave & Jefferson St,1.0,1.0
2025-10-20,515,South,25230,91727.0,08:29:00,08:17:20,08:17:20,10,2706,5th Ave S & S Jackson St,0.0,4.0
2025-10-20,515,South,25231,91505.0,07:45:00,07:52:36,07:52:36,0,2113,Lynnwood City Center Station Bay D1,20.0,0.0
2025-10-20,515,South,25231,91505.0,07:50:00,07:59:40,08:00:11,1,2765,Mountlake Terrace Fwy Station Bay 6,3.0,0.0
2025-10-20,515,South,25231,91505.0,08:23:00,08:22:28,08:23:14,4,1909,Stewart St & 9th Ave,0.0,15.0
2025-10-20,515,South,25231,91505.0,,08:24:10,08:24:38,5,1908,Stewart St & 7th Ave,0.0,2.0
2025-10-20,515,South,25231,91505.0,08:28:00,08:25:57,08:27:06,6,2698,5th Ave & Pine St,0.0,0.0
2025-10-20,515,South,25231,91505.0,,08:29:01,08:29:26,7,2700,5th Ave & Seneca St,0.0,2.0
2025-10-20,515,South,25231,91505.0,,08:31:01,08:31:46,8,2702,5th Ave & Marion St,0.0,3.0
2025-10-20,515,South,25231,91505.0,,08:33:00,08:33:29,9,2290,5th Ave & Jefferson St,0.0,1.0
2025-10-20,515,South,25231,91505.0,08:39:00,08:35:54,08:35:54,10,2706,5th Ave S & S Jackson St,0.0,0.0
2025-10-20,515,South,25232,19857.0,07:55:00,07:56:31,07:56:31,0,2113,Lynnwood City Center Station Bay D1,4.0,0.0
2025-10-20,515,South,25232,19857.0,08:00:00,08:03:48,08:04:11,1,2765,Mountlake Terrace Fwy Station Bay 6,2.0,0.0
2025-10-20,515,South,25232,19857.0,08:35:00,08:25:28,08:25:49,4,1909,Stewart St & 9th Ave,0.0,4.0
2025-10-20,515,South,25232,19857.0,,08:27:10,08:27:35,5,1908,Stewart St & 7th Ave,0.0,2.0
2025-10-20,515,South,25232,19857.0,08:40:00,08:28:53,08:30:05,6,2698,5th Ave & Pine St,0.0,0.0
2025-10-20,515,South,25232,19857.0,,08:32:01,08:32:16,7,2700,5th Ave & Seneca St,0.0,0.0
2025-10-20,515,South,25232,19857.0,,08:34:00,08:34:45,8,2702,5th Ave & Marion St,0.0,0.0
2025-10-20,515,South,25232,19857.0,,08:36:00,08:36:27,9,2290,5th Ave & Jefferson St,0.0,0.0
2025-10-20,515,South,25232,19857.0,08:51:00,08:39:02,08:39:02,10,2706,5th Ave S & S Jackson St,0.0,0.0
2025-10-20,515,South,25233,91903.0,08:15:00,08:16:47,08:16:47,0,2113,Lynnwood City Center Station Bay D1,13.0,0.0
2025-10-20,515,South,25233,91903.0,08:19:00,08:23:24,08:24:01,1,2765,Mountlake Terrace Fwy Station Bay 6,8.0,0.0
2025-10-20,515,South,25233,91903.0,08:58:00,08:46:01,08:46:40,4,1909,Stewart St & 9th Ave,2.0,17.0
2025-10-20,515,South,25233,91903.0,,08:47:14,08:47:41,5,1908,Stewart St & 7th Ave,1.0,3.0
2025-10-20,515,South,25233,91903.0,09:03:00,08:49:51,08:51:04,6,2698,5th Ave & Pine St,2.0,2.0
2025-10-20,515,South,25233,91903.0,,08:52:04,08:52:23,7,2700,5th Ave & Seneca St,0.0,2.0
2025-10-20,515,South,25233,91903.0,,08:53:39,08:54:13,8,2702,5th Ave & Marion St,0.0,2.0
2025-10-20,515,South,25233,91903.0,,08:55:28,08:55:43,9,2290,5th Ave & Jefferson St,0.0,0.0
2025-10-20,515,South,25233,91903.0,09:14:00,08:57:52,08:57:52,10,2706,5th Ave S & S Jackson St,0.0,0.0
2025-10-20,515,South,25234,91910.0,08:35:00,08:35:08,08:35:08,0,2113,Lynnwood City Center Station Bay D1,4.0,0.0
2025-10-20,515,South,25234,91910.0,08:39:00,08:41:05,08:41:32,1,2765,Mountlake Terrace Fwy Station Bay 6,5.0,0.0
2025-10-20,515,South,25234,91910.0,09:18:00,09:00:08,09:00:35,4,1909,Stewart St & 9th Ave,0.0,4.0
2025-10-20,515,South,25234,91910.0,,09:01:46,09:02:06,5,1908,Stewart St & 7th Ave,0.0,2.0
2025-10-20,515,South,25234,91910.0,09:23:00,09:03:23,09:03:32,6,2698,5th Ave & Pine St,0.0,0.0
2025-10-20,515,South,25234,91910.0,,09:05:30,09:05:48,7,2700,5th Ave & Seneca St,0.0,1.0
2025-10-20,515,South,25234,91910.0,,09:07:18,09:07:46,8,2702,5th Ave & Marion St,0.0,1.0
2025-10-20,515,South,25234,91910.0,,09:08:59,09:09:16,9,2290,5th Ave & Jefferson St,0.0,1.0
2025-10-20,515,South,25234,91910.0,09:34:00,09:11:09,09:11:09,10,2706,5th Ave S & S Jackson St,0.0,0.0
2025-10-20,515,South,25235,91703.0,08:55:00,08:55:46,08:55:46,0,2113,Lynnwood City Center Station Bay D1,12.0,0.0
2025-10-20,515,South,25235,91703.0,08:59:00,09:00:35,09:00:57,1,2765,Mountlake Terrace Fwy Station Bay 6,3.0,0.0
2025-10-20,515,South,25235,91703.0,09:38:00,09:18:59,09:19:22,4,1909,Stewart St & 9th Ave,0.0,8.0
2025-10-20,515,South,25235,91703.0,,09:19:53,09:20:19,5,1908,Stewart St & 7th Ave,2.0,4.0
2025-10-20,515,South,25235,91703.0,09:43:00,09:21:23,09:21:33,6,2698,5th Ave & Pine St,0.0,0.0
2025-10-20,515,South,25235,91703.0,,09:23:22,09:23:37,7,2700,5th Ave & Seneca St,0.0,3.0
2025-10-20,515,South,25235,91703.0,,09:25:08,09:25:44,8,2702,5th Ave & Marion St,0.0,2.0
2025-10-20,515,South,25235,91703.0,,09:27:31,09:27:31,9,2290,5th Ave & Jefferson St,0.0,0.0
2025-10-20,515,South,25235,91703.0,09:54:00,09:29:20,09:29:20,10,2706,5th Ave S & S Jackson St,0.0,0.0
2025-10-21,515,North,25197,91711.0,15:00:00,15:00:13,15:00:13,0,640,4th Ave S & S Jackson St,2.0,0.0
2025-10-21,515,North,25197,91711.0,,15:00:45,15:01:05,1,635,4th Ave S & S Washington St,1.0,0.0
2025-10-21,515,North,25197,91711.0,,15:02:27,15:03:18,2,2638,4th Ave & Cherry St,5.0,0.0
2025-10-21,515,North,25197,91711.0,,15:05:32,15:06:10,3,641,4th Ave & Seneca St,4.0,0.0
2025-10-21,515,North,25197,91711.0,15:06:00,15:07:18,15:07:54,4,2976,4th Ave & Pine St,2.0,0.0
2025-10-21,515,North,25197,91711.0,,15:08:51,15:10:06,5,473,Olive Way & 6th Ave,5.0,0.0
2025-10-21,515,North,25197,91711.0,15:10:00,15:11:41,15:12:28,6,430,Howell St & 9th Ave,6.0,0.0
2025-10-21,515,North,25197,91711.0,,15:16:09,15:16:33,7,431,Howell St & Yale Ave,1.0,0.0
2025-10-21,515,North,25197,91711.0,15:30:00,15:32:43,15:33:06,10,2766,Mountlake Terrace Fwy Station Bay 7,0.0,26.0
2025-10-21,515,North,25197,91711.0,15:38:00,15:37:05,15:37:05,11,2118,Lynnwood City Center Station Bay A5,0.0,0.0
2025-10-21,515,North,25198,91911.0,15:10:00,15:10:28,15:10:28,0,640,4th Ave S & S Jackson St,3.0,0.0
2025-10-21,515,North,25198,91911.0,,15:11:05,15:11:21,1,635,4th Ave S & S Washington St,1.0,0.0
2025-10-21,515,North,25198,91911.0,,15:12:57,15:13:37,2,2638,4th Ave & Cherry St,4.0,0.0
2025-10-21,515,North,25198,91911.0,,15:16:07,15:16:42,3,641,4th Ave & Seneca St,3.0,2.0
2025-10-21,515,North,25198,91911.0,15:16:00,15:17:43,15:18:20,4,2976,4th Ave & Pine St,1.0,3.0
2025-10-21,515,North,25198,91911.0,,15:20:47,15:22:04,5,473,Olive Way & 6th Ave,5.0,0.0
2025-10-21,515,North,25198,91911.0,15:20:00,15:22:40,15:23:17,6,430,Howell St & 9th Ave,2.0,0.0
2025-10-21,515,North,25198,91911.0,,15:26:39,15:27:05,7,431,Howell St & Yale Ave,1.0,0.0
2025-10-21,515,North,25198,91911.0,15:40:00,15:44:51,15:45:13,10,2766,Mountlake Terrace Fwy Station Bay 7,0.0,15.0
2025-10-21,515,North,25198,91911.0,15:50:00,15:50:09,15:50:09,11,2118,Lynnwood City Center Station Bay A5,0.0,0.0
2025-10-21,515,North,25199,91730.0,15:20:00,15:21:04,15:21:04,0,640,4th Ave S & S Jackson St,5.0,0.0
2025-10-21,515,North,25199,91730.0,,15:21:33,15:21:50,1,635,4th Ave S & S Washington St,1.0,0.0
2025-10-21,515,North,25199,91730.0,,15:23:28,15:24:07,2,2638,4th Ave & Cherry St,9.0,0.0
2025-10-21,515,North,25199,91730.0,,15:25:44,15:26:50,3,641,4th Ave & Seneca St,2.0,0.0
2025-10-21,515,North,25199,91730.0,15:26:00,15:27:58,15:28:57,4,2976,4th Ave & Pine St,2.0,0.0
2025-10-21,515,North,25199,91730.0,,15:30:00,15:31:03,5,473,Olive Way & 6th Ave,6.0,0.0
2025-10-21,515,North,25199,91730.0,15:30:00,15:31:39,15:32:12,6,430,Howell St & 9th Ave,4.0,0.0
2025-10-21,515,North,25199,91730.0,,15:35:39,15:36:05,7,431,Howell St & Yale Ave,4.0,2.0
2025-10-21,515,North,25199,91730.0,15:51:00,15:53:14,15:53:32,10,2766,Mountlake Terrace Fwy Station Bay 7,0.0,1.0
2025-10-21,515,North,25199,91730.0,16:03:00,15:58:26,15:58:26,11,2118,Lynnwood City Center Station Bay A5,0.0,30.0
2025-10-21,515,North,25200,91907.0,15:30:00,15:32:41,15:32:41,0,640,4th Ave S & S Jackson St,3.0,0.0
2025-10-21,515,North,25200,91907.0,,15:33:36,15:33:58,1,635,4th Ave S & S Washington St,1.0,0.0
2025-10-21,515,North,25200,91907.0,,15:35:21,15:36:18,2,2638,4th Ave & Cherry St,7.0,0.0
2025-10-21,515,North,25200,91907.0,,15:37:28,15:38:45,3,641,4th Ave & Seneca St,2.0,0.0
2025-10-21,515,North,25200,91907.0,15:36:00,15:39:58,15:40:50,4,2976,4th Ave & Pine St,1.0,9.0
2025-10-21,515,North,25200,91907.0,,15:42:07,15:43:00,5,473,Olive Way & 6th Ave,1.0,0.0
2025-10-21,515,North,25200,91907.0,15:40:00,15:44:36,15:45:05,6,430,Howell St & 9th Ave,2.0,0.0
2025-10-21,515,North,25200,91907.0,,15:48:03,15:48:37,7,431,Howell St & Yale Ave,2.0,0.0
2025-10-21,515,North,25200,91907.0,16:02:00,16:08:03,16:08:22,10,2766,Mountlake Terrace Fwy Station Bay 7,0.0,10.0
2025-10-21,515,North,25200,91907.0,16:14:00,16:13:26,16:13:26,11,2118,Lynnwood City Center Station Bay A5,0.0,0.0
2025-10-21,515,North,25201,19810.0,15:40:00,15:42:01,15:42:01,0,640,4th Ave S & S Jackson St,0.0,0.0
2025-10-21,515,North,25201,19810.0,,15:42:39,15:42:58,1,635,4th Ave S & S Washington St,1.0,0.0
2025-10-21,515,North,25201,19810.0,,15:44:30,15:45:16,2,2638,4th Ave & Cherry St,6.0,0.0
2025-10-21,515,North,25201,19810.0,,15:46:52,15:47:47,3,641,4th Ave & Seneca St,2.0,0.0
2025-10-21,515,North,25201,19810.0,15:46:00,15:48:53,15:49:10,4,2976,4th Ave & Pine St,1.0,0.0
2025-10-21,515,North,25201,19810.0,,15:51:01,15:52:02,5,473,Olive Way & 6th Ave,3.0,0.0
2025-10-21,515,North,25201,19810.0,15:50:00,15:53:43,15:54:11,6,430,Howell St & 9th Ave,0.0,0.0
2025-10-21,515,North,25201,19810.0,,15:58:10,15:58:23,7,431,Howell St & Yale Ave,1.0,0.0
2025-10-21,515,North,25201,19810.0,16:12:00,16:18:56,16:19:13,10,2766,Mountlake Terrace Fwy Station Bay 7,0.0,14.0
2025-10-21,515,North,25201,19810.0,16:27:00,16:23:44,16:23:44,11,2118,Lynnwood City Center Station Bay A5,0.0,0.0
2025-10-21,515,North,25202,91721.0,15:50:00,15:50:56,15:50:56,0,640,4th Ave S & S Jackson St,3.0,0.0
2025-10-21,515,North,25202,91721.0,,15:51:28,15:51:42,1,635,4th Ave S & S Washington St,1.0,0.0
2025-10-21,515,North,25202,91721.0,,15:52:21,15:52:51,2,2638,4th Ave & Cherry St,5.0,0.0
2025-10-21,515,North,25202,91721.0,,15:53:48,15:54:20,3,641,4th Ave & Seneca St,3.0,1.0
2025-10-21,515,North,25202,91721.0,15:56:00,15:56:00,15:56:22,4,2976,4th Ave & Pine St,3.0,1.0
2025-10-21,515,North,25202,91721.0,,15:57:01,15:58:00,5,473,Olive Way & 6th Ave,7.0,0.0
2025-10-21,515,North,25202,91721.0,16:00:00,15:58:35,15:58:51,6,430,Howell St & 9th Ave,1.0,0.0
2025-10-21,515,North,25202,91721.0,,16:01:03,16:01:25,7,431,Howell St & Yale Ave,3.0,0.0
2025-10-21,515,North,25202,91721.0,16:23:00,16:22:03,16:22:31,10,2766,Mountlake Terrace Fwy Station Bay 7,0.0,9.0
2025-10-21,515,North,25202,91721.0,16:39:00,16:28:08,16:28:08,11,2118,Lynnwood City Center Station Bay A5,0.0,15.0
2025-10-21,515,North,25203,19816.0,16:00:00,16:03:16,16:03:16,0,640,4th Ave S & S Jackson St,3.0,0.0
2025-10-21,515,North,25203,19816.0,,16:03:48,16:04:01,1,635,4th Ave S & S Washington St,0.0,0.0
2025-10-21,515,North,25203,19816.0,,16:05:28,16:06:09,2,2638,4th Ave & Cherry St,5.0,0.0
2025-10-21,515,North,25203,19816.0,,16:07:41,16:08:56,3,641,4th Ave & Seneca St,3.0,0.0
2025-10-21,515,North,25203,19816.0,16:06:00,16:10:10,16:10:38,4,2976,4th Ave & Pine St,2.0,0.0
2025-10-21,515,North,25203,19816.0,,16:12:11,16:13:24,5,473,Olive Way & 6th Ave,8.0,0.0
2025-10-21,515,North,25203,19816.0,16:10:00,16:15:03,16:15:34,6,430,Howell St & 9th Ave,3.0,0.0
2025-10-21,515,North,25203,19816.0,,16:20:39,16:21:32,7,431,Howell St & Yale Ave,6.0,0.0
2025-10-21,515,North,25203,19816.0,16:33:00,16:44:07,16:44:31,10,2766,Mountlake Terrace Fwy Station Bay 7,0.0,30.0
2025-10-21,515,North,25203,19816.0,16:49:00,16:49:35,16:49:35,11,2118,Lynnwood City Center Station Bay A5,0.0,0.0
2025-10-21,515,North,25204,91713.0,16:10:00,16:13:54,16:13:54,0,640,4th Ave S & S Jackson St,0.0,0.0
2025-10-21,515,North,25204,91713.0,,16:15:14,16:15:39,1,635,4th Ave S & S Washington St,0.0,0.0
2025-10-21,515,North,25204,91713.0,,16:17:21,16:17:52,2,2638,4th Ave & Cherry St,0.0,0.0
2025-10-21,515,North,25204,91713.0,,16:19:40,16:20:50,3,641,4th Ave & Seneca St,0.0,0.0
2025-10-21,515,North,25204,91713.0,16:16:00,16:23:06,16:23:38,4,2976,4th Ave & Pine St,0.0,0.0
2025-10-21,515,North,25204,91713.0,,16:25:24,16:26:42,5,473,Olive Way & 6th Ave,0.0,0.0
2025-10-21,515,North,25204,91713.0,16:20:00,16:28:17,16:29:13,6,430,Howell St & 9th Ave,0.0,0.0
2025-10-21,515,North,25204,91713.0,,16:34:09,16:35:29,7,431,Howell St & Yale Ave,0.0,0.0
2025-10-21,515,North,25204,91713.0,16:43:00,16:55:56,16:56:31,10,2766,Mountlake Terrace Fwy Station Bay 7,0.0,0.0
2025-10-21,515,North,25204,91713.0,16:59:00,17:01:43,17:01:43,11,2118,Lynnwood City Center Station Bay A5,0.0,0.0
2025-10-21,515,North,25205,91909.0,16:20:00,16:22:40,16:22:40,0,640,4th Ave S & S Jackson St,5.0,0.0
2025-10-21,515,North,25205,91909.0,,16:23:20,16:23:54,1,635,4th Ave S & S Washington St,0.0,0.0
2025-10-21,515,North,25205,91909.0,,16:25:32,16:26:17,2,2638,4th Ave & Cherry St,7.0,0.0
2025-10-21,515,North,25205,91909.0,,16:29:33,16:30:18,3,641,4th Ave & Seneca St,4.0,0.0
2025-10-21,515,North,25205,91909.0,16:26:00,16:31:22,16:32:06,4,2976,4th Ave & Pine St,1.0,0.0
2025-10-21,515,North,25205,91909.0,,16:33:10,16:34:02,5,473,Olive Way & 6th Ave,4.0,0.0
2025-10-21,515,North,25205,91909.0,16:30:00,16:34:43,16:35:13,6,430,Howell St & 9th Ave,3.0,0.0
2025-10-21,515,North,25205,91909.0,,16:43:13,16:43:49,7,431,Howell St & Yale Ave,3.0,2.0
2025-10-21,515,North,25205,91909.0,16:53:00,17:03:12,17:03:52,10,2766,Mountlake Terrace Fwy Station Bay 7,0.0,25.0
2025-10-21,515,North,25205,91909.0,17:09:00,17:10:12,17:10:12,11,2118,Lynnwood City Center Station Bay A5,0.0,0.0
2025-10-21,515,North,25206,19854.0,16:30:00,16:33:19,16:33:19,0,640,4th Ave S & S Jackson St,3.0,0.0
2025-10-21,515,North,25206,19854.0,,16:33:50,16:34:06,1,635,4th Ave S & S Washington St,0.0,0.0
2025-10-21,515,North,25206,19854.0,,16:35:21,16:36:07,2,2638,4th Ave & Cherry St,4.0,0.0
2025-10-21,515,North,25206,19854.0,,16:38:35,16:39:26,3,641,4th Ave & Seneca St,3.0,0.0
2025-10-21,515,North,25206,19854.0,16:36:00,16:41:28,16:42:22,4,2976,4th Ave & Pine St,3.0,0.0
2025-10-21,515,North,25206,19854.0,,16:43:33,16:44:37,5,473,Olive Way & 6th Ave,9.0,0.0
2025-10-21,515,North,25206,19854.0,16:40:00,16:46:06,16:46:56,6,430,Howell St & 9th Ave,6.0,0.0
2025-10-21,515,North,25206,19854.0,,16:53:40,16:54:21,7,431,Howell St & Yale Ave,4.0,0.0
2025-10-21,515,North,25206,19854.0,17:03:00,17:13:32,17:14:18,10,2766,Mountlake Terrace Fwy Station Bay 7,0.0,32.0
2025-10-21,515,North,25206,19854.0,17:19:00,17:19:44,17:19:44,11,2118,Lynnwood City Center Station Bay A5,0.0,0.0
2025-10-21,515,North,25207,91703.0,16:40:00,16:40:38,16:40:38,0,640,4th Ave S & S Jackson St,0.0,0.0
2025-10-21,515,North,25207,91703.0,,16:41:46,16:41:53,1,635,4th Ave S & S Washington St,0.0,0.0
2025-10-21,515,North,25207,91703.0,,16:43:03,16:43:43,2,2638,4th Ave & Cherry St,4.0,0.0
2025-10-21,515,North,25207,91703.0,,16:44:58,16:45:24,3,641,4th Ave & Seneca St,3.0,0.0
2025-10-21,515,North,25207,91703.0,16:46:00,16:47:04,16:47:41,4,2976,4th Ave & Pine St,0.0,3.0
2025-10-21,515,North,25207,91703.0,,16:49:14,16:50:41,5,473,Olive Way & 6th Ave,5.0,3.0
2025-10-21,515,North,25207,91703.0,16:50:00,16:52:03,16:52:29,6,430,Howell St & 9th Ave,3.0,0.0
2025-10-21,515,North,25207,91703.0,,16:58:29,16:58:43,7,431,Howell St & Yale Ave,0.0,0.0
2025-10-21,515,North,25207,91703.0,17:13:00,17:16:59,17:17:29,10,2766,Mountlake Terrace Fwy Station Bay 7,0.0,9.0
2025-10-21,515,North,25207,91703.0,17:29:00,17:23:08,17:23:08,11,2118,Lynnwood City Center Station Bay A5,0.0,0.0
2025-10-21,515,North,25208,91722.0,16:50:00,16:53:08,16:53:08,0,640,4th Ave S & S Jackson St,3.0,0.0
2025-10-21,515,North,25208,91722.0,,16:54:36,16:54:36,1,635,4th Ave S & S Washington St,0.0,0.0
2025-10-21,515,North,25208,91722.0,,16:55:32,16:56:12,2,2638,4th Ave & Cherry St,7.0,2.0
2025-10-21,515,North,25208,91722.0,,16:57:12,16:58:14,3,641,4th Ave & Seneca St,4.0,2.0
2025-10-21,515,North,25208,91722.0,16:56:00,16:59:30,17:00:34,4,2976,4th Ave & Pine St,5.0,0.0
2025-10-21,515,North,25208,91722.0,,17:02:47,17:04:04,5,473,Olive Way & 6th Ave,6.0,0.0
2025-10-21,515,North,25208,91722.0,17:00:00,17:05:40,17:06:31,6,430,Howell St & 9th Ave,5.0,0.0
2025-10-21,515,North,25208,91722.0,,17:11:37,17:12:26,7,431,Howell St & Yale Ave,5.0,0.0
2025-10-21,515,North,25208,91722.0,17:22:00,17:32:02,17:32:51,10,2766,Mountlake Terrace Fwy Station Bay 7,0.0,31.0
2025-10-21,515,North,25208,91722.0,17:38:00,17:38:04,17:38:04,11,2118,Lynnwood City Center Station Bay A5,0.0,0.0
2025-10-21,515,North,25209,,17:00:00,,,0,640,4th Ave S & S Jackson St,,
2025-10-21,515,North,25209,,,,,1,635,4th Ave S & S Washington St,,
2025-10-21,515,North,25209,,,,,2,2638,4th Ave & Cherry St,,
2025-10-21,515,North,25209,,,,,3,641,4th Ave & Seneca St,,
2025-10-21,515,North,25209,,17:06:00,,,4,2976,4th Ave & Pine St,,
2025-10-21,515,North,25209,,,,,5,473,Olive Way & 6th Ave,,
2025-10-21,515,North,25209,,17:10:00,,,6,430,Howell St & 9th Ave,,
2025-10-21,515,North,25209,,,,,7,431,Howell St & Yale Ave,,
2025-10-21,515,North,25209,,17:32:00,,,10,2766,Mountlake Terrace Fwy Station Bay 7,,
2025-10-21,515,North,25209,,17:48:00,,,11,2118,Lynnwood City Center Station Bay A5,,
2025-10-21,515,North,25210,91728.0,17:10:00,17:26:30,17:26:30,0,640,4th Ave S & S Jackson St,1.0,0.0
2025-10-21,515,North,25210,91728.0,,17:27:40,17:27:48,1,635,4th Ave S & S Washington St,0.0,0.0
2025-10-21,515,North,25210,91728.0,,17:29:48,17:30:17,2,2638,4th Ave & Cherry St,1.0,0.0
2025-10-21,515,North,25210,91728.0,,17:33:05,17:34:30,3,641,4th Ave & Seneca St,2.0,0.0
2025-10-21,515,North,25210,91728.0,17:16:00,17:35:32,17:36:26,4,2976,4th Ave & Pine St,1.0,0.0
2025-10-21,515,North,25210,91728.0,,17:38:46,17:40:01,5,473,Olive Way & 6th Ave,2.0,0.0
2025-10-21,515,North,25210,91728.0,17:20:00,17:41:30,17:41:51,6,430,Howell St & 9th Ave,2.0,0.0
2025-10-21,515,North,25210,91728.0,,17:46:05,17:46:35,7,431,Howell St & Yale Ave,3.0,2.0
2025-10-21,515,North,25210,91728.0,17:42:00,18:04:03,18:04:28,10,2766,Mountlake Terrace Fwy Station Bay 7,0.0,10.0
2025-10-21,515,North,25210,91728.0,17:58:00,18:09:47,18:09:47,11,2118,Lynnwood City Center Station Bay A5,0.0,0.0
2025-10-21,515,North,25211,91901.0,17:20:00,17:21:05,17:21:05,0,640,4th Ave S & S Jackson St,3.0,0.0
2025-10-21,515,North,25211,91901.0,,17:21:39,17:21:39,1,635,4th Ave S & S Washington St,0.0,0.0
2025-10-21,515,North,25211,91901.0,,17:22:29,17:22:56,2,2638,4th Ave & Cherry St,3.0,0.0
2025-10-21,515,North,25211,91901.0,,17:25:30,17:27:03,3,641,4th Ave & Seneca St,12.0,0.0
2025-10-21,515,North,25211,91901.0,17:26:00,17:28:17,17:28:50,4,2976,4th Ave & Pine St,3.0,0.0
2025-10-21,515,North,25211,91901.0,,17:30:11,17:31:02,5,473,Olive Way & 6th Ave,7.0,0.0
2025-10-21,515,North,25211,91901.0,17:30:00,17:32:42,17:33:09,6,430,Howell St & 9th Ave,5.0,0.0
2025-10-21,515,North,25211,91901.0,,17:37:07,17:37:35,7,431,Howell St & Yale Ave,4.0,1.0
2025-10-21,515,North,25211,91901.0,17:51:00,17:54:59,17:55:28,10,2766,Mountlake Terrace Fwy Station Bay 7,1.0,5.0
2025-10-21,515,North,25211,91901.0,18:06:00,17:59:59,17:59:59,11,2118,Lynnwood City Center Station Bay A5,1.0,33.0
2025-10-21,515,North,25212,91717.0,17:40:00,17:41:36,17:41:36,0,640,4th Ave S & S Jackson St,3.0,0.0
2025-10-21,515,North,25212,91717.0,,17:42:29,17:42:40,1,635,4th Ave S & S Washington St,0.0,0.0
2025-10-21,515,North,25212,91717.0,,17:44:20,17:45:09,2,2638,4th Ave & Cherry St,7.0,0.0
2025-10-21,515,North,25212,91717.0,,17:47:29,17:48:15,3,641,4th Ave & Seneca St,4.0,1.0
2025-10-21,515,North,25212,91717.0,17:46:00,17:50:00,17:50:26,4,2976,4th Ave & Pine St,3.0,0.0
2025-10-21,515,North,25212,91717.0,,17:52:16,17:53:30,5,473,Olive Way & 6th Ave,4.0,0.0
2025-10-21,515,North,25212,91717.0,17:50:00,17:55:04,17:55:51,6,430,Howell St & 9th Ave,6.0,0.0
2025-10-21,515,North,25212,91717.0,,17:59:35,18:00:17,7,431,Howell St & Yale Ave,3.0,0.0
2025-10-21,515,North,25212,91717.0,18:09:00,18:18:34,18:19:09,10,2766,Mountlake Terrace Fwy Station Bay 7,0.0,10.0
2025-10-21,515,North,25212,91717.0,18:23:00,18:24:10,18:24:10,11,2118,Lynnwood City Center Station Bay A5,1.0,20.0
2025-10-21,515,North,25213,91910.0,18:00:00,18:00:59,18:00:59,0,640,4th Ave S & S Jackson St,5.0,0.0
2025-10-21,515,North,25213,91910.0,,,,1,635,4th Ave S & S Washington St,,
2025-10-21,515,North,25213,91910.0,,18:02:25,18:02:56,2,2638,4th Ave & Cherry St,2.0,0.0
2025-10-21,515,North,25213,91910.0,,18:04:32,18:05:51,3,641,4th Ave & Seneca St,8.0,0.0
2025-10-21,515,North,25213,91910.0,18:06:00,18:07:11,18:07:53,4,2976,4th Ave & Pine St,4.0,1.0
2025-10-21,515,North,25213,91910.0,,18:08:59,18:10:02,5,473,Olive Way & 6th Ave,4.0,0.0
2025-10-21,515,North,25213,91910.0,18:09:00,18:11:33,18:12:06,6,430,Howell St & 9th Ave,3.0,0.0
2025-10-21,515,North,25213,91910.0,,18:14:44,18:15:12,7,431,Howell St & Yale Ave,3.0,0.0
2025-10-21,515,North,25213,91910.0,18:27:00,18:31:47,18:32:17,10,2766,Mountlake Terrace Fwy Station Bay 7,0.0,6.0
2025-10-21,515,North,25213,91910.0,18:39:00,18:37:26,18:37:26,11,2118,Lynnwood City Center Station Bay A5,2.0,24.0
2025-10-21,515,North,25214,91713.0,18:20:00,18:21:11,18:21:11,0,640,4th Ave S & S Jackson St,0.0,0.0
2025-10-21,515,North,25214,91713.0,,18:21:42,18:21:55,1,635,4th Ave S & S Washington St,0.0,0.0
2025-10-21,515,North,25214,91713.0,,18:23:23,18:23:50,2,2638,4th Ave & Cherry St,0.0,0.0
2025-10-21,515,North,25214,91713.0,,18:25:39,18:27:09,3,641,4th Ave & Seneca St,0.0,0.0
2025-10-21,515,North,25214,91713.0,18:26:00,18:28:26,18:28:50,4,2976,4th Ave & Pine St,0.0,0.0
2025-10-21,515,North,25214,91713.0,,18:31:18,18:31:29,5,473,Olive Way & 6th Ave,0.0,0.0
2025-10-21,515,North,25214,91713.0,18:29:00,18:33:03,18:33:35,6,430,Howell St & 9th Ave,0.0,0.0
2025-10-21,515,North,25214,91713.0,,18:35:57,18:36:18,7,431,Howell St & Yale Ave,0.0,0.0
2025-10-21,515,North,25214,91713.0,18:47:00,18:49:06,18:49:35,10,2766,Mountlake Terrace Fwy Station Bay 7,0.0,0.0
2025-10-21,515,North,25214,91713.0,18:59:00,18:54:01,18:54:01,11,2118,Lynnwood City Center Station Bay A5,0.0,0.0
2025-10-21,515,North,25215,91505.0,18:40:00,18:43:28,18:43:28,0,640,4th Ave S & S Jackson St,2.0,0.0
2025-10-21,515,North,25215,91505.0,,18:44:18,18:44:50,1,635,4th Ave S & S Washington St,0.0,0.0
2025-10-21,515,North,25215,91505.0,,18:46:02,18:46:23,2,2638,4th Ave & Cherry St,1.0,0.0
2025-10-21,515,North,25215,91505.0,,18:48:07,18:49:11,3,641,4th Ave & Seneca St,1.0,0.0
2025-10-21,515,North,25215,91505.0,18:46:00,18:51:56,18:52:58,4,2976,4th Ave & Pine St,3.0,1.0
2025-10-21,515,North,25215,91505.0,,18:54:09,18:55:03,5,473,Olive Way & 6th Ave,1.0,0.0
2025-10-21,515,North,25215,91505.0,18:49:00,18:56:54,18:57:20,6,430,Howell St & 9th Ave,2.0,0.0
2025-10-21,515,North,25215,91505.0,,19:00:06,19:00:33,7,431,Howell St & Yale Ave,0.0,0.0
2025-10-21,515,North,25215,91505.0,19:07:00,19:14:20,19:15:04,10,2766,Mountlake Terrace Fwy Station Bay 7,0.0,2.0
2025-10-21,515,North,25215,91505.0,19:16:00,19:19:09,19:19:09,11,2118,Lynnwood City Center Station Bay A5,2.0,9.0
2025-10-21,515,South,25216,91718.0,04:30:00,04:30:14,04:30:14,0,2113,Lynnwood City Center Station Bay D1,19.0,0.0
2025-10-21,515,South,25216,91718.0,04:34:00,04:34:52,04:35:35,1,2765,Mountlake Terrace Fwy Station Bay 6,2.0,0.0
2025-10-21,515,South,25216,91718.0,04:51:00,04:50:22,04:51:07,4,1909,Stewart St & 9th Ave,0.0,3.0
2025-10-21,515,South,25216,91718.0,,04:52:11,04:52:32,5,1908,Stewart St & 7th Ave,0.0,6.0
2025-10-21,515,South,25216,91718.0,04:56:00,04:54:36,04:55:24,6,2698,5th Ave & Pine St,0.0,2.0
2025-10-21,515,South,25216,91718.0,,04:57:16,04:57:31,7,2700,5th Ave & Seneca St,0.0,3.0
2025-10-21,515,South,25216,91718.0,,04:58:38,04:59:08,8,2702,5th Ave & Marion St,0.0,2.0
2025-10-21,515,South,25216,91718.0,,05:00:01,05:00:49,9,2290,5th Ave & Jefferson St,0.0,4.0
2025-10-21,515,South,25216,91718.0,05:04:00,05:03:41,05:03:41,10,2706,5th Ave S & S Jackson St,0.0,1.0
2025-10-21,515,South,25217,91902.0,04:50:00,04:50:12,04:50:12,0,2113,Lynnwood City Center Station Bay D1,16.0,0.0
2025-10-21,515,South,25217,91902.0,04:54:00,04:54:28,04:54:57,1,2765,Mountlake Terrace Fwy Station Bay 6,4.0,0.0
2025-10-21,515,South,25217,91902.0,05:11:00,05:09:15,05:09:30,4,1909,Stewart St & 9th Ave,0.0,2.0
2025-10-21,515,South,25217,91902.0,,05:10:04,05:10:21,5,1908,Stewart St & 7th Ave,0.0,2.0
2025-10-21,515,South,25217,91902.0,05:16:00,05:11:31,05:12:20,6,2698,5th Ave & Pine St,0.0,1.0
2025-10-21,515,South,25217,91902.0,,05:13:58,05:14:16,7,2700,5th Ave & Seneca St,0.0,2.0
2025-10-21,515,South,25217,91902.0,,05:15:33,05:16:26,8,2702,5th Ave & Marion St,0.0,4.0
2025-10-21,515,South,25217,91902.0,,05:17:47,05:18:20,9,2290,5th Ave & Jefferson St,0.0,7.0
2025-10-21,515,South,25217,91902.0,05:24:00,05:20:18,05:20:18,10,2706,5th Ave S & S Jackson St,0.0,2.0
2025-10-21,515,South,25218,91728.0,05:10:00,05:10:54,05:10:54,0,2113,Lynnwood City Center Station Bay D1,26.0,0.0
2025-10-21,515,South,25218,91728.0,05:14:00,05:15:06,05:15:50,1,2765,Mountlake Terrace Fwy Station Bay 6,4.0,0.0
2025-10-21,515,South,25218,91728.0,05:31:00,05:31:16,05:32:05,4,1909,Stewart St & 9th Ave,1.0,8.0
2025-10-21,515,South,25218,91728.0,,05:33:06,05:33:41,5,1908,Stewart St & 7th Ave,0.0,3.0
2025-10-21,515,South,25218,91728.0,05:36:00,05:35:34,05:36:18,6,2698,5th Ave & Pine St,0.0,2.0
2025-10-21,515,South,25218,91728.0,,05:38:16,05:38:49,7,2700,5th Ave & Seneca St,0.0,8.0
2025-10-21,515,South,25218,91728.0,,05:40:27,05:40:55,8,2702,5th Ave & Marion St,0.0,8.0
2025-10-21,515,South,25218,91728.0,,05:42:12,05:42:12,9,2290,5th Ave & Jefferson St,0.0,2.0
2025-10-21,515,South,25218,91728.0,05:44:00,05:44:34,05:44:34,10,2706,5th Ave S & S Jackson St,0.0,0.0
2025-10-21,515,South,25219,91710.0,05:30:00,05:31:12,05:31:12,0,2113,Lynnwood City Center Station Bay D1,25.0,0.0
2025-10-21,515,South,25219,91710.0,05:34:00,05:35:35,05:35:59,1,2765,Mountlake Terrace Fwy Station Bay 6,2.0,0.0
2025-10-21,515,South,25219,91710.0,05:51:00,05:51:22,05:52:06,4,1909,Stewart St & 9th Ave,0.0,4.0
2025-10-21,515,South,25219,91710.0,,05:53:10,05:53:32,5,1908,Stewart St & 7th Ave,0.0,1.0
2025-10-21,515,South,25219,91710.0,05:56:00,05:54:38,05:55:18,6,2698,5th Ave & Pine St,0.0,0.0
2025-10-21,515,South,25219,91710.0,,05:57:18,05:57:51,7,2700,5th Ave & Seneca St,0.0,6.0
2025-10-21,515,South,25219,91710.0,,05:58:44,05:59:25,8,2702,5th Ave & Marion St,0.0,11.0
2025-10-21,515,South,25219,91710.0,,06:01:11,06:01:37,9,2290,5th Ave & Jefferson St,0.0,4.0
2025-10-21,515,South,25219,91710.0,06:05:00,06:05:00,06:05:00,10,2706,5th Ave S & S Jackson St,0.0,1.0
2025-10-21,515,South,25220,,05:55:00,,,0,2113,Lynnwood City Center Station Bay D1,,
2025-10-21,515,South,25220,,05:59:00,,,1,2765,Mountlake Terrace Fwy Station Bay 6,,
2025-10-21,515,South,25220,,06:16:00,,,4,1909,Stewart St & 9th Ave,,
2025-10-21,515,South,25220,,,,,5,1908,Stewart St & 7th Ave,,
2025-10-21,515,South,25220,,06:21:00,,,6,2698,5th Ave & Pine St,,
2025-10-21,515,South,25220,,,,,7,2700,5th Ave & Seneca St,,
2025-10-21,515,South,25220,,,,,8,2702,5th Ave & Marion St,,
2025-10-21,515,South,25220,,,,,9,2290,5th Ave & Jefferson St,,
2025-10-21,515,South,25220,,06:30:00,,,10,2706,5th Ave S & S Jackson St,,
2025-10-21,515,South,25221,91902.0,06:05:00,06:07:51,06:07:51,0,2113,Lynnwood City Center Station Bay D1,64.0,0.0
2025-10-21,515,South,25221,91902.0,06:09:00,06:12:06,06:12:50,1,2765,Mountlake Terrace Fwy Station Bay 6,6.0,0.0
2025-10-21,515,South,25221,91902.0,06:27:00,06:27:56,06:28:43,4,1909,Stewart St & 9th Ave,0.0,19.0
2025-10-21,515,South,25221,91902.0,,06:30:06,06:30:38,5,1908,Stewart St & 7th Ave,0.0,10.0
2025-10-21,515,South,25221,91902.0,06:32:00,06:31:52,06:33:03,6,2698,5th Ave & Pine St,0.0,5.0
2025-10-21,515,South,25221,91902.0,,06:34:03,06:34:40,7,2700,5th Ave & Seneca St,0.0,9.0
2025-10-21,515,South,25221,91902.0,,06:35:33,06:36:20,8,2702,5th Ave & Marion St,0.0,17.0
2025-10-21,515,South,25221,91902.0,,06:37:30,06:37:56,9,2290,5th Ave & Jefferson St,0.0,8.0
2025-10-21,515,South,25221,91902.0,06:41:00,06:40:48,06:40:48,10,2706,5th Ave S & S Jackson St,0.0,2.0
2025-10-21,515,South,25222,91709.0,06:15:00,06:16:06,06:16:06,0,2113,Lynnwood City Center Station Bay D1,37.0,0.0
2025-10-21,515,South,25222,91709.0,06:19:00,06:20:45,06:21:25,1,2765,Mountlake Terrace Fwy Station Bay 6,4.0,0.0
2025-10-21,515,South,25222,91709.0,06:37:00,06:35:57,06:36:45,4,1909,Stewart St & 9th Ave,1.0,6.0
2025-10-21,515,South,25222,91709.0,,06:37:38,06:38:07,5,1908,Stewart St & 7th Ave,1.0,5.0
2025-10-21,515,South,25222,91709.0,06:42:00,06:39:23,06:40:35,6,2698,5th Ave & Pine St,0.0,6.0
2025-10-21,515,South,25222,91709.0,,06:41:34,06:42:17,7,2700,5th Ave & Seneca St,0.0,11.0
2025-10-21,515,South,25222,91709.0,,06:43:02,06:43:49,8,2702,5th Ave & Marion St,0.0,8.0
2025-10-21,515,South,25222,91709.0,,06:45:01,06:45:30,9,2290,5th Ave & Jefferson St,0.0,7.0
2025-10-21,515,South,25222,91709.0,06:52:00,06:47:16,06:47:16,10,2706,5th Ave S & S Jackson St,0.0,0.0
2025-10-21,515,South,25223,91728.0,06:25:00,06:26:54,06:26:54,0,2113,Lynnwood City Center Station Bay D1,42.0,0.0
2025-10-21,515,South,25223,91728.0,06:29:00,06:31:54,06:32:14,1,2765,Mountlake Terrace Fwy Station Bay 6,1.0,0.0
2025-10-21,515,South,25223,91728.0,06:49:00,06:48:14,06:49:08,4,1909,Stewart St & 9th Ave,1.0,8.0
2025-10-21,515,South,25223,91728.0,,06:49:43,06:50:19,5,1908,Stewart St & 7th Ave,0.0,15.0
2025-10-21,515,South,25223,91728.0,06:54:00,06:52:48,06:54:02,6,2698,5th Ave & Pine St,0.0,2.0
2025-10-21,515,South,25223,91728.0,,06:56:02,06:56:38,7,2700,5th Ave & Seneca St,1.0,5.0
2025-10-21,515,South,25223,91728.0,,06:58:07,06:58:50,8,2702,5th Ave & Marion St,0.0,10.0
2025-10-21,515,South,25223,91728.0,,06:59:57,07:00:32,9,2290,5th Ave & Jefferson St,0.0,3.0
2025-10-21,515,South,25223,91728.0,07:05:00,07:02:06,07:02:06,10,2706,5th Ave S & S Jackson St,0.0,2.0
2025-10-21,515,South,25224,91722.0,06:35:00,06:37:45,06:37:45,0,2113,Lynnwood City Center Station Bay D1,28.0,0.0
2025-10-21,515,South,25224,91722.0,06:39:00,06:42:29,06:42:50,1,2765,Mountlake Terrace Fwy Station Bay 6,1.0,0.0
2025-10-21,515,South,25224,91722.0,07:00:00,06:59:29,06:59:57,4,1909,Stewart St & 9th Ave,0.0,8.0
2025-10-21,515,South,25224,91722.0,,07:00:29,07:00:57,5,1908,Stewart St & 7th Ave,0.0,6.0
2025-10-21,515,South,25224,91722.0,07:05:00,07:03:21,07:03:44,6,2698,5th Ave & Pine St,0.0,1.0
2025-10-21,515,South,25224,91722.0,,07:05:28,07:05:56,7,2700,5th Ave & Seneca St,0.0,3.0
2025-10-21,515,South,25224,91722.0,,07:07:09,07:07:50,8,2702,5th Ave & Marion St,0.0,7.0
2025-10-21,515,South,25224,91722.0,,07:09:03,07:09:47,9,2290,5th Ave & Jefferson St,0.0,2.0
2025-10-21,515,South,25224,91722.0,07:16:00,07:12:24,07:12:24,10,2706,5th Ave S & S Jackson St,0.0,2.0
2025-10-21,515,South,25225,91702.0,06:45:00,06:52:25,06:52:25,0,2113,Lynnwood City Center Station Bay D1,38.0,0.0
2025-10-21,515,South,25225,91702.0,06:50:00,06:57:11,06:58:10,1,2765,Mountlake Terrace Fwy Station Bay 6,4.0,0.0
2025-10-21,515,South,25225,91702.0,07:11:00,07:16:09,07:17:26,4,1909,Stewart St & 9th Ave,1.0,10.0
2025-10-21,515,South,25225,91702.0,,07:18:15,07:18:52,5,1908,Stewart St & 7th Ave,0.0,6.0
2025-10-21,515,South,25225,91702.0,07:16:00,07:21:29,07:22:37,6,2698,5th Ave & Pine St,0.0,6.0
2025-10-21,515,South,25225,91702.0,,07:24:49,07:25:26,7,2700,5th Ave & Seneca St,0.0,6.0
2025-10-21,515,South,25225,91702.0,,07:26:43,07:27:22,8,2702,5th Ave & Marion St,0.0,5.0
2025-10-21,515,South,25225,91702.0,,07:28:29,07:29:04,9,2290,5th Ave & Jefferson St,0.0,10.0
2025-10-21,515,South,25225,91702.0,07:27:00,07:30:29,07:30:29,10,2706,5th Ave S & S Jackson St,0.0,0.0
2025-10-21,515,South,25226,91909.0,06:55:00,06:56:26,06:56:26,0,2113,Lynnwood City Center Station Bay D1,17.0,0.0
2025-10-21,515,South,25226,91909.0,07:00:00,07:01:24,07:01:52,1,2765,Mountlake Terrace Fwy Station Bay 6,6.0,0.0
2025-10-21,515,South,25226,91909.0,07:21:00,07:17:50,07:18:23,4,1909,Stewart St & 9th Ave,0.0,6.0
2025-10-21,515,South,25226,91909.0,,07:19:38,07:20:07,5,1908,Stewart St & 7th Ave,0.0,5.0
2025-10-21,515,South,25226,91909.0,07:26:00,07:22:54,07:24:05,6,2698,5th Ave & Pine St,0.0,2.0
2025-10-21,515,South,25226,91909.0,,07:26:15,07:26:40,7,2700,5th Ave & Seneca St,0.0,2.0
2025-10-21,515,South,25226,91909.0,,07:28:07,07:28:43,8,2702,5th Ave & Marion St,0.0,7.0
2025-10-21,515,South,25226,91909.0,,07:30:00,07:30:30,9,2290,5th Ave & Jefferson St,0.0,1.0
2025-10-21,515,South,25226,91909.0,07:37:00,07:32:19,07:32:19,10,2706,5th Ave S & S Jackson St,0.0,0.0
2025-10-21,515,South,25227,91704.0,07:05:00,07:06:41,07:06:41,0,2113,Lynnwood City Center Station Bay D1,36.0,0.0
2025-10-21,515,South,25227,91704.0,07:10:00,07:11:39,07:12:59,1,2765,Mountlake Terrace Fwy Station Bay 6,15.0,0.0
2025-10-21,515,South,25227,91704.0,07:34:00,07:30:57,07:31:59,4,1909,Stewart St & 9th Ave,2.0,14.0
2025-10-21,515,South,25227,91704.0,,07:33:06,07:33:47,5,1908,Stewart St & 7th Ave,0.0,18.0
2025-10-21,515,South,25227,91704.0,07:39:00,07:36:19,07:37:34,6,2698,5th Ave & Pine St,2.0,4.0
2025-10-21,515,South,25227,91704.0,,07:38:28,07:38:55,7,2700,5th Ave & Seneca St,0.0,2.0
2025-10-21,515,South,25227,91704.0,,07:40:06,07:40:47,8,2702,5th Ave & Marion St,0.0,9.0
2025-10-21,515,South,25227,91704.0,,07:43:01,07:43:25,9,2290,5th Ave & Jefferson St,0.0,7.0
2025-10-21,515,South,25227,91704.0,07:50:00,07:45:39,07:45:39,10,2706,5th Ave S & S Jackson St,0.0,1.0
2025-10-21,515,South,25228,,07:15:00,,,0,2113,Lynnwood City Center Station Bay D1,,
2025-10-21,515,South,25228,,07:20:00,,,1,2765,Mountlake Terrace Fwy Station Bay 6,,
2025-10-21,515,South,25228,,07:51:00,,,4,1909,Stewart St & 9th Ave,,
2025-10-21,515,South,25228,,,,,5,1908,Stewart St & 7th Ave,,
2025-10-21,515,South,25228,,07:56:00,,,6,2698,5th Ave & Pine St,,
2025-10-21,515,South,25228,,,,,7,2700,5th Ave & Seneca St,,
2025-10-21,515,South,25228,,,,,8,2702,5th Ave & Marion St,,
2025-10-21,515,South,25228,,,,,9,2290,5th Ave & Jefferson St,,
2025-10-21,515,South,25228,,08:07:00,,,10,2706,5th Ave S & S Jackson St,,
2025-10-21,515,South,25229,91726.0,07:25:00,07:28:00,07:28:00,0,2113,Lynnwood City Center Station Bay D1,61.0,0.0
2025-10-21,515,South,25229,91726.0,07:30:00,07:33:52,07:35:05,1,2765,Mountlake Terrace Fwy Station Bay 6,13.0,0.0
2025-10-21,515,South,25229,91726.0,08:02:00,08:05:28,08:06:41,4,1909,Stewart St & 9th Ave,1.0,34.0
2025-10-21,515,South,25229,91726.0,,08:07:38,08:08:22,5,1908,Stewart St & 7th Ave,0.0,11.0
2025-10-21,515,South,25229,91726.0,08:07:00,08:09:22,08:10:41,6,2698,5th Ave & Pine St,7.0,1.0
2025-10-21,515,South,25229,91726.0,,08:12:41,08:13:13,7,2700,5th Ave & Seneca St,0.0,11.0
2025-10-21,515,South,25229,91726.0,,08:14:52,08:15:37,8,2702,5th Ave & Marion St,1.0,19.0
2025-10-21,515,South,25229,91726.0,,08:17:32,08:18:02,9,2290,5th Ave & Jefferson St,0.0,7.0
2025-10-21,515,South,25229,91726.0,08:18:00,08:20:39,08:20:39,10,2706,5th Ave S & S Jackson St,0.0,0.0
2025-10-21,515,South,25230,91719.0,07:35:00,07:35:05,07:35:05,0,2113,Lynnwood City Center Station Bay D1,17.0,0.0
2025-10-21,515,South,25230,91719.0,07:40:00,07:40:20,07:40:42,1,2765,Mountlake Terrace Fwy Station Bay 6,1.0,0.0
2025-10-21,515,South,25230,91719.0,08:13:00,08:12:12,08:12:49,4,1909,Stewart St & 9th Ave,1.0,9.0
2025-10-21,515,South,25230,91719.0,,08:13:46,08:14:12,5,1908,Stewart St & 7th Ave,0.0,6.0
2025-10-21,515,South,25230,91719.0,08:18:00,08:16:49,08:16:57,6,2698,5th Ave & Pine St,0.0,0.0
2025-10-21,515,South,25230,91719.0,,08:18:53,08:19:24,7,2700,5th Ave & Seneca St,0.0,1.0
2025-10-21,515,South,25230,91719.0,,08:20:50,08:21:23,8,2702,5th Ave & Marion St,0.0,2.0
2025-10-21,515,South,25230,91719.0,,08:23:40,08:24:29,9,2290,5th Ave & Jefferson St,0.0,1.0
2025-10-21,515,South,25230,91719.0,08:29:00,08:27:51,08:27:51,10,2706,5th Ave S & S Jackson St,0.0,0.0
2025-10-21,515,South,25231,19853.0,07:45:00,07:53:24,07:53:24,0,2113,Lynnwood City Center Station Bay D1,38.0,0.0
2025-10-21,515,South,25231,19853.0,07:50:00,07:59:01,07:59:37,1,2765,Mountlake Terrace Fwy Station Bay 6,3.0,1.0
2025-10-21,515,South,25231,19853.0,08:23:00,08:34:15,08:35:15,4,1909,Stewart St & 9th Ave,1.0,23.0
2025-10-21,515,South,25231,19853.0,,08:36:11,08:36:43,5,1908,Stewart St & 7th Ave,0.0,8.0
2025-10-21,515,South,25231,19853.0,08:28:00,08:37:52,08:39:09,6,2698,5th Ave & Pine St,10.0,1.0
2025-10-21,515,South,25231,19853.0,,08:41:03,08:41:29,7,2700,5th Ave & Seneca St,0.0,6.0
2025-10-21,515,South,25231,19853.0,,08:43:13,08:43:49,8,2702,5th Ave & Marion St,0.0,12.0
2025-10-21,515,South,25231,19853.0,,08:46:05,08:46:28,9,2290,5th Ave & Jefferson St,0.0,1.0
2025-10-21,515,South,25231,19853.0,08:39:00,08:49:14,08:49:14,10,2706,5th Ave S & S Jackson St,0.0,0.0
2025-10-21,515,South,25232,91730.0,07:55:00,07:56:44,07:56:44,0,2113,Lynnwood City Center Station Bay D1,4.0,0.0
2025-10-21,515,South,25232,91730.0,08:00:00,08:02:25,08:03:09,1,2765,Mountlake Terrace Fwy Station Bay 6,9.0,0.0
2025-10-21,515,South,25232,91730.0,08:35:00,08:38:40,08:38:59,4,1909,Stewart St & 9th Ave,1.0,6.0
2025-10-21,515,South,25232,91730.0,,08:39:35,08:40:00,5,1908,Stewart St & 7th Ave,0.0,2.0
2025-10-21,515,South,25232,91730.0,08:40:00,08:43:59,08:45:09,6,2698,5th Ave & Pine St,1.0,0.0
2025-10-21,515,South,25232,91730.0,,08:48:45,08:49:54,7,2700,5th Ave & Seneca St,1.0,2.0
2025-10-21,515,South,25232,91730.0,,08:50:55,08:51:19,8,2702,5th Ave & Marion St,0.0,3.0
2025-10-21,515,South,25232,91730.0,,08:52:32,08:52:57,9,2290,5th Ave & Jefferson St,0.0,1.0
2025-10-21,515,South,25232,91730.0,08:51:00,08:55:49,08:55:49,10,2706,5th Ave S & S Jackson St,0.0,2.0
2025-10-21,515,South,25233,91725.0,08:15:00,08:18:58,08:18:58,0,2113,Lynnwood City Center Station Bay D1,14.0,0.0
2025-10-21,515,South,25233,91725.0,08:19:00,08:23:52,08:24:28,1,2765,Mountlake Terrace Fwy Station Bay 6,4.0,0.0
2025-10-21,515,South,25233,91725.0,08:58:00,09:02:30,09:02:56,4,1909,Stewart St & 9th Ave,1.0,8.0
2025-10-21,515,South,25233,91725.0,,09:03:26,09:03:54,5,1908,Stewart St & 7th Ave,0.0,4.0
2025-10-21,515,South,25233,91725.0,09:03:00,09:06:26,09:08:06,6,2698,5th Ave & Pine St,2.0,3.0
2025-10-21,515,South,25233,91725.0,,09:10:06,09:10:31,7,2700,5th Ave & Seneca St,2.0,3.0
2025-10-21,515,South,25233,91725.0,,09:11:49,09:12:23,8,2702,5th Ave & Marion St,0.0,2.0
2025-10-21,515,South,25233,91725.0,,09:13:29,09:13:54,9,2290,5th Ave & Jefferson St,1.0,1.0
2025-10-21,515,South,25233,91725.0,09:14:00,09:16:15,09:16:15,10,2706,5th Ave S & S Jackson St,1.0,4.0
2025-10-21,515,South,25234,91720.0,08:35:00,08:36:55,08:36:55,0,2113,Lynnwood City Center Station Bay D1,10.0,0.0
2025-10-21,515,South,25234,91720.0,08:39:00,08:41:45,08:42:00,1,2765,Mountlake Terrace Fwy Station Bay 6,3.0,0.0
2025-10-21,515,South,25234,91720.0,09:18:00,09:09:14,09:09:43,4,1909,Stewart St & 9th Ave,0.0,8.0
2025-10-21,515,South,25234,91720.0,,09:10:43,09:11:06,5,1908,Stewart St & 7th Ave,0.0,1.0
2025-10-21,515,South,25234,91720.0,09:23:00,09:12:34,09:13:37,6,2698,5th Ave & Pine St,0.0,1.0
2025-10-21,515,South,25234,91720.0,,09:15:28,09:15:42,7,2700,5th Ave & Seneca St,0.0,1.0
2025-10-21,515,South,25234,91720.0,,09:16:23,09:16:48,8,2702,5th Ave & Marion St,0.0,1.0
2025-10-21,515,South,25234,91720.0,,09:19:01,09:19:10,9,2290,5th Ave & Jefferson St,0.0,1.0
2025-10-21,515,South,25234,91720.0,09:34:00,09:22:22,09:22:22,10,2706,5th Ave S & S Jackson St,0.0,0.0
2025-10-21,515,South,25235,91713.0,08:55:00,08:55:06,08:55:06,0,2113,Lynnwood City Center Station Bay D1,0.0,0.0
2025-10-21,515,South,25235,91713.0,08:59:00,08:59:32,09:00:21,1,2765,Mountlake Terrace Fwy Station Bay 6,0.0,0.0
2025-10-21,515,South,25235,91713.0,09:38:00,09:31:27,09:31:51,4,1909,Stewart St & 9th Ave,0.0,0.0
2025-10-21,515,South,25235,91713.0,,09:33:05,09:33:36,5,1908,Stewart St & 7th Ave,0.0,0.0
2025-10-21,515,South,25235,91713.0,09:43:00,09:34:47,09:35:00,6,2698,5th Ave & Pine St,0.0,0.0
2025-10-21,515,South,25235,91713.0,,09:36:39,09:36:52,7,2700,5th Ave & Seneca St,0.0,0.0
2025-10-21,515,South,25235,91713.0,,09:38:27,09:39:16,8,2702,5th Ave & Marion St,0.0,0.0
2025-10-21,515,South,25235,91713.0,,09:40:27,09:40:42,9,2290,5th Ave & Jefferson St,0.0,0.0
2025-10-21,515,South,25235,91713.0,09:54:00,09:42:38,09:42:38,10,2706,5th Ave S & S Jackson St,0.0,0.0
2025-10-22,515,North,25197,91712.0,15:00:00,15:00:17,15:00:17,0,640,4th Ave S & S Jackson St,5.0,0.0
2025-10-22,515,North,25197,91712.0,,15:00:50,15:01:01,1,635,4th Ave S & S Washington St,0.0,0.0
2025-10-22,515,North,25197,91712.0,,15:02:22,15:03:42,2,2638,4th Ave & Cherry St,9.0,0.0
2025-10-22,515,North,25197,91712.0,,15:04:31,15:05:44,3,641,4th Ave & Seneca St,6.0,0.0
2025-10-22,515,North,25197,91712.0,15:06:00,15:06:55,15:07:50,4,2976,4th Ave & Pine St,4.0,1.0
2025-10-22,515,North,25197,91712.0,,15:08:47,15:10:01,5,473,Olive Way & 6th Ave,6.0,0.0
2025-10-22,515,North,25197,91712.0,15:10:00,15:11:33,15:12:33,6,430,Howell St & 9th Ave,13.0,0.0
2025-10-22,515,North,25197,91712.0,,15:16:05,15:16:32,7,431,Howell St & Yale Ave,3.0,0.0
2025-10-22,515,North,25197,91712.0,15:30:00,15:32:19,15:32:46,10,2766,Mountlake Terrace Fwy Station Bay 7,1.0,7.0
2025-10-22,515,North,25197,91712.0,15:38:00,15:37:34,15:37:34,11,2118,Lynnwood City Center Station Bay A5,0.0,39.0
2025-10-22,515,North,25198,91911.0,15:10:00,15:10:47,15:10:47,0,640,4th Ave S & S Jackson St,1.0,0.0
2025-10-22,515,North,25198,91911.0,,15:11:21,15:11:48,1,635,4th Ave S & S Washington St,1.0,0.0
2025-10-22,515,North,25198,91911.0,,15:12:52,15:13:42,2,2638,4th Ave & Cherry St,5.0,0.0
2025-10-22,515,North,25198,91911.0,,15:16:21,15:16:54,3,641,4th Ave & Seneca St,4.0,0.0
2025-10-22,515,North,25198,91911.0,15:16:00,15:18:54,15:19:50,4,2976,4th Ave & Pine St,1.0,0.0
2025-10-22,515,North,25198,91911.0,,15:20:57,15:22:01,5,473,Olive Way & 6th Ave,4.0,0.0
2025-10-22,515,North,25198,91911.0,15:20:00,15:22:41,15:23:22,6,430,Howell St & 9th Ave,3.0,0.0
2025-10-22,515,North,25198,91911.0,,15:26:38,15:26:57,7,431,Howell St & Yale Ave,0.0,0.0
2025-10-22,515,North,25198,91911.0,15:40:00,15:44:39,15:45:00,10,2766,Mountlake Terrace Fwy Station Bay 7,0.0,19.0
2025-10-22,515,North,25198,91911.0,15:50:00,15:49:57,15:49:57,11,2118,Lynnwood City Center Station Bay A5,0.0,0.0
2025-10-22,515,North,25199,91707.0,15:20:00,15:20:56,15:20:56,0,640,4th Ave S & S Jackson St,3.0,0.0
2025-10-22,515,North,25199,91707.0,,15:21:31,15:21:39,1,635,4th Ave S & S Washington St,0.0,0.0
2025-10-22,515,North,25199,91707.0,,15:22:27,15:23:02,2,2638,4th Ave & Cherry St,5.0,0.0
2025-10-22,515,North,25199,91707.0,,15:25:01,15:25:27,3,641,4th Ave & Seneca St,1.0,0.0
2025-10-22,515,North,25199,91707.0,15:26:00,15:26:39,15:27:21,4,2976,4th Ave & Pine St,2.0,0.0
2025-10-22,515,North,25199,91707.0,,15:28:39,15:29:33,5,473,Olive Way & 6th Ave,3.0,0.0
2025-10-22,515,North,25199,91707.0,15:30:00,15:30:11,15:31:04,6,430,Howell St & 9th Ave,5.0,0.0
2025-10-22,515,North,25199,91707.0,,15:34:07,15:34:42,7,431,Howell St & Yale Ave,3.0,11.0
2025-10-22,515,North,25199,91707.0,15:51:00,15:53:28,15:53:59,10,2766,Mountlake Terrace Fwy Station Bay 7,0.0,11.0
2025-10-22,515,North,25199,91707.0,16:03:00,15:58:17,15:58:17,11,2118,Lynnwood City Center Station Bay A5,0.0,0.0
2025-10-22,515,North,25200,91703.0,15:30:00,15:33:48,15:33:48,0,640,4th Ave S & S Jackson St,3.0,0.0
2025-10-22,515,North,25200,91703.0,,15:34:58,15:35:21,1,635,4th Ave S & S Washington St,2.0,0.0
2025-10-22,515,North,25200,91703.0,,15:36:52,15:37:44,2,2638,4th Ave & Cherry St,8.0,0.0
2025-10-22,515,North,25200,91703.0,,15:39:03,15:40:17,3,641,4th Ave & Seneca St,5.0,0.0
2025-10-22,515,North,25200,91703.0,15:36:00,15:41:27,15:41:39,4,2976,4th Ave & Pine St,1.0,0.0
2025-10-22,515,North,25200,91703.0,,15:43:13,15:44:34,5,473,Olive Way & 6th Ave,5.0,0.0
2025-10-22,515,North,25200,91703.0,15:40:00,15:46:03,15:46:46,6,430,Howell St & 9th Ave,6.0,5.0
2025-10-22,515,North,25200,91703.0,,15:49:06,15:49:49,7,431,Howell St & Yale Ave,3.0,0.0
2025-10-22,515,North,25200,91703.0,16:02:00,16:09:27,16:09:52,10,2766,Mountlake Terrace Fwy Station Bay 7,0.0,28.0
2025-10-22,515,North,25200,91703.0,16:14:00,16:14:11,16:14:11,11,2118,Lynnwood City Center Station Bay A5,0.0,0.0
2025-10-22,515,North,25201,9566.0,15:40:00,15:40:39,15:40:39,0,640,4th Ave S & S Jackson St,1.0,0.0
2025-10-22,515,North,25201,9566.0,,15:41:22,15:41:22,1,635,4th Ave S & S Washington St,0.0,0.0
2025-10-22,515,North,25201,9566.0,,15:43:08,15:43:33,2,2638,4th Ave & Cherry St,2.0,0.0
2025-10-22,515,North,25201,9566.0,,15:46:32,15:46:55,3,641,4th Ave & Seneca St,1.0,0.0
2025-10-22,515,North,25201,9566.0,15:46:00,15:48:55,15:49:52,4,2976,4th Ave & Pine St,1.0,0.0
2025-10-22,515,North,25201,9566.0,,15:51:16,15:52:04,5,473,Olive Way & 6th Ave,0.0,0.0
2025-10-22,515,North,25201,9566.0,15:50:00,15:53:37,15:54:12,6,430,Howell St & 9th Ave,4.0,0.0
2025-10-22,515,North,25201,9566.0,,15:58:10,15:58:41,7,431,Howell St & Yale Ave,3.0,0.0
2025-10-22,515,North,25201,9566.0,16:12:00,16:19:20,16:19:41,10,2766,Mountlake Terrace Fwy Station Bay 7,0.0,12.0
2025-10-22,515,North,25201,9566.0,16:27:00,16:23:54,16:23:54,11,2118,Lynnwood City Center Station Bay A5,0.0,0.0
2025-10-22,515,North,25202,91913.0,15:50:00,15:52:40,15:52:40,0,640,4th Ave S & S Jackson St,0.0,0.0
2025-10-22,515,North,25202,91913.0,,15:53:33,15:53:41,1,635,4th Ave S & S Washington St,1.0,0.0
2025-10-22,515,North,25202,91913.0,,15:55:03,15:55:26,2,2638,4th Ave & Cherry St,4.0,0.0
2025-10-22,515,North,25202,91913.0,,15:57:57,15:58:25,3,641,4th Ave & Seneca St,7.0,0.0
2025-10-22,515,North,25202,91913.0,15:56:00,15:59:33,16:00:04,4,2976,4th Ave & Pine St,5.0,0.0
2025-10-22,515,North,25202,91913.0,,16:01:16,16:02:31,5,473,Olive Way & 6th Ave,9.0,0.0
2025-10-22,515,North,25202,91913.0,16:00:00,16:03:07,16:04:05,6,430,Howell St & 9th Ave,9.0,0.0
2025-10-22,515,North,25202,91913.0,,16:07:06,16:07:46,7,431,Howell St & Yale Ave,1.0,2.0
2025-10-22,515,North,25202,91913.0,16:23:00,16:29:02,16:29:25,10,2766,Mountlake Terrace Fwy Station Bay 7,0.0,4.0
2025-10-22,515,North,25202,91913.0,16:39:00,16:33:28,16:33:28,11,2118,Lynnwood City Center Station Bay A5,0.0,30.0
2025-10-22,515,North,25203,19814.0,16:00:00,16:00:05,16:00:05,0,640,4th Ave S & S Jackson St,2.0,0.0
2025-10-22,515,North,25203,19814.0,,16:00:44,16:00:58,1,635,4th Ave S & S Washington St,1.0,0.0
2025-10-22,515,North,25203,19814.0,,16:02:39,16:03:06,2,2638,4th Ave & Cherry St,3.0,0.0
2025-10-22,515,North,25203,19814.0,,16:05:33,16:05:53,3,641,4th Ave & Seneca St,3.0,0.0
2025-10-22,515,North,25203,19814.0,16:06:00,16:07:05,16:07:16,4,2976,4th Ave & Pine St,0.0,2.0
2025-10-22,515,North,25203,19814.0,,16:09:09,16:10:06,5,473,Olive Way & 6th Ave,7.0,0.0
2025-10-22,515,North,25203,19814.0,16:10:00,16:11:35,16:11:53,6,430,Howell St & 9th Ave,3.0,0.0
2025-10-22,515,North,25203,19814.0,,16:16:12,16:16:43,7,431,Howell St & Yale Ave,3.0,0.0
2025-10-22,515,North,25203,19814.0,16:33:00,16:38:38,16:39:00,10,2766,Mountlake Terrace Fwy Station Bay 7,0.0,20.0
2025-10-22,515,North,25203,19814.0,16:49:00,16:43:33,16:43:33,11,2118,Lynnwood City Center Station Bay A5,0.0,0.0
2025-10-22,515,North,25204,91726.0,16:10:00,16:12:56,16:12:56,0,640,4th Ave S & S Jackson St,1.0,0.0
2025-10-22,515,North,25204,91726.0,,16:13:56,16:14:19,1,635,4th Ave S & S Washington St,1.0,0.0
2025-10-22,515,North,25204,91726.0,,16:16:04,16:16:32,2,2638,4th Ave & Cherry St,3.0,0.0
2025-10-22,515,North,25204,91726.0,,16:18:09,16:19:18,3,641,4th Ave & Seneca St,4.0,0.0
2025-10-22,515,North,25204,91726.0,16:16:00,16:20:45,16:21:32,4,2976,4th Ave & Pine St,4.0,0.0
2025-10-22,515,North,25204,91726.0,,16:23:46,16:25:01,5,473,Olive Way & 6th Ave,7.0,0.0
2025-10-22,515,North,25204,91726.0,16:20:00,16:25:57,16:26:46,6,430,Howell St & 9th Ave,4.0,0.0
2025-10-22,515,North,25204,91726.0,,16:29:37,16:30:08,7,431,Howell St & Yale Ave,2.0,0.0
2025-10-22,515,North,25204,91726.0,16:43:00,16:50:22,16:51:01,10,2766,Mountlake Terrace Fwy Station Bay 7,0.0,26.0
2025-10-22,515,North,25204,91726.0,16:59:00,16:55:39,16:55:39,11,2118,Lynnwood City Center Station Bay A5,0.0,0.0
2025-10-22,515,North,25205,19856.0,16:20:00,16:28:45,16:28:45,0,640,4th Ave S & S Jackson St,5.0,0.0
2025-10-22,515,North,25205,19856.0,,,,1,635,4th Ave S & S Washington St,,
2025-10-22,515,North,25205,19856.0,,16:31:12,16:32:35,2,2638,4th Ave & Cherry St,8.0,0.0
2025-10-22,515,North,25205,19856.0,,16:34:35,16:35:46,3,641,4th Ave & Seneca St,4.0,0.0
2025-10-22,515,North,25205,19856.0,16:26:00,16:37:07,16:37:43,4,2976,4th Ave & Pine St,2.0,0.0
2025-10-22,515,North,25205,19856.0,,16:38:52,16:40:07,5,473,Olive Way & 6th Ave,13.0,2.0
2025-10-22,515,North,25205,19856.0,16:30:00,16:41:47,16:43:31,6,430,Howell St & 9th Ave,3.0,0.0
2025-10-22,515,North,25205,19856.0,,16:47:38,16:48:22,7,431,Howell St & Yale Ave,3.0,2.0
2025-10-22,515,North,25205,19856.0,16:53:00,17:06:00,17:06:53,10,2766,Mountlake Terrace Fwy Station Bay 7,0.0,34.0
2025-10-22,515,North,25205,19856.0,17:09:00,17:11:34,17:11:34,11,2118,Lynnwood City Center Station Bay A5,0.0,0.0
2025-10-22,515,North,25206,,16:30:00,,,0,640,4th Ave S & S Jackson St,,
2025-10-22,515,North,25206,,,,,1,635,4th Ave S & S Washington St,,
2025-10-22,515,North,25206,,,,,2,2638,4th Ave & Cherry St,,
2025-10-22,515,North,25206,,,,,3,641,4th Ave & Seneca St,,
2025-10-22,515,North,25206,,16:36:00,,,4,2976,4th Ave & Pine St,,
2025-10-22,515,North,25206,,,,,5,473,Olive Way & 6th Ave,,
2025-10-22,515,North,25206,,16:40:00,,,6,430,Howell St & 9th Ave,,
2025-10-22,515,North,25206,,,,,7,431,Howell St & Yale Ave,,
2025-10-22,515,North,25206,,17:03:00,,,10,2766,Mountlake Terrace Fwy Station Bay 7,,
2025-10-22,515,North,25206,,17:19:00,,,11,2118,Lynnwood City Center Station Bay A5,,
2025-10-22,515,North,25207,,16:40:00,,,0,640,4th Ave S & S Jackson St,,
2025-10-22,515,North,25207,,,,,1,635,4th Ave S & S Washington St,,
2025-10-22,515,North,25207,,,,,2,2638,4th Ave & Cherry St,,
2025-10-22,515,North,25207,,,,,3,641,4th Ave & Seneca St,,
2025-10-22,515,North,25207,,16:46:00,,,4,2976,4th Ave & Pine St,,
2025-10-22,515,North,25207,,,,,5,473,Olive Way & 6th Ave,,
2025-10-22,515,North,25207,,16:50:00,,,6,430,Howell St & 9th Ave,,
2025-10-22,515,North,25207,,,,,7,431,Howell St & Yale Ave,,
2025-10-22,515,North,25207,,17:13:00,,,10,2766,Mountlake Terrace Fwy Station Bay 7,,
2025-10-22,515,North,25207,,17:29:00,,,11,2118,Lynnwood City Center Station Bay A5,,
2025-10-22,515,North,25208,,16:50:00,,,0,640,4th Ave S & S Jackson St,,
2025-10-22,515,North,25208,,,,,1,635,4th Ave S & S Washington St,,
2025-10-22,515,North,25208,,,,,2,2638,4th Ave & Cherry St,,
2025-10-22,515,North,25208,,,,,3,641,4th Ave & Seneca St,,
2025-10-22,515,North,25208,,16:56:00,,,4,2976,4th Ave & Pine St,,
2025-10-22,515,North,25208,,,,,5,473,Olive Way & 6th Ave,,
2025-10-22,515,North,25208,,17:00:00,,,6,430,Howell St & 9th Ave,,
2025-10-22,515,North,25208,,,,,7,431,Howell St & Yale Ave,,
2025-10-22,515,North,25208,,17:22:00,,,10,2766,Mountlake Terrace Fwy Station Bay 7,,
2025-10-22,515,North,25208,,17:38:00,,,11,2118,Lynnwood City Center Station Bay A5,,
2025-10-22,515,North,25209,91719.0,17:00:00,17:00:57,17:00:57,0,640,4th Ave S & S Jackson St,2.0,0.0
2025-10-22,515,North,25209,91719.0,,17:02:08,17:02:25,1,635,4th Ave S & S Washington St,0.0,0.0
2025-10-22,515,North,25209,91719.0,,17:06:55,17:07:59,2,2638,4th Ave & Cherry St,11.0,0.0
2025-10-22,515,North,25209,91719.0,,17:10:03,17:11:48,3,641,4th Ave & Seneca St,8.0,0.0
2025-10-22,515,North,25209,91719.0,17:06:00,17:13:27,17:14:29,4,2976,4th Ave & Pine St,7.0,0.0
2025-10-22,515,North,25209,91719.0,,17:16:24,17:17:36,5,473,Olive Way & 6th Ave,14.0,0.0
2025-10-22,515,North,25209,91719.0,17:10:00,17:19:46,17:21:00,6,430,Howell St & 9th Ave,9.0,0.0
2025-10-22,515,North,25209,91719.0,,17:25:11,17:26:24,7,431,Howell St & Yale Ave,6.0,2.0
2025-10-22,515,North,25209,91719.0,17:32:00,17:44:40,17:45:40,10,2766,Mountlake Terrace Fwy Station Bay 7,1.0,56.0
2025-10-22,515,North,25209,91719.0,17:48:00,17:51:03,17:51:03,11,2118,Lynnwood City Center Station Bay A5,0.0,0.0
2025-10-22,515,North,25210,91702.0,17:10:00,17:10:26,17:10:26,0,640,4th Ave S & S Jackson St,1.0,0.0
2025-10-22,515,North,25210,91702.0,,17:11:02,17:11:18,1,635,4th Ave S & S Washington St,0.0,0.0
2025-10-22,515,North,25210,91702.0,,17:14:43,17:15:26,2,2638,4th Ave & Cherry St,4.0,0.0
2025-10-22,515,North,25210,91702.0,,17:20:54,17:21:26,3,641,4th Ave & Seneca St,3.0,0.0
2025-10-22,515,North,25210,91702.0,17:16:00,17:23:27,17:24:21,4,2976,4th Ave & Pine St,2.0,0.0
2025-10-22,515,North,25210,91702.0,,17:25:40,17:26:37,5,473,Olive Way & 6th Ave,7.0,0.0
2025-10-22,515,North,25210,91702.0,17:20:00,17:28:08,17:28:42,6,430,Howell St & 9th Ave,3.0,0.0
2025-10-22,515,North,25210,91702.0,,17:31:26,17:32:01,7,431,Howell St & Yale Ave,1.0,0.0
2025-10-22,515,North,25210,91702.0,17:42:00,17:51:07,17:51:39,10,2766,Mountlake Terrace Fwy Station Bay 7,0.0,21.0
2025-10-22,515,North,25210,91702.0,17:58:00,17:56:12,17:56:12,11,2118,Lynnwood City Center Station Bay A5,0.0,0.0
2025-10-22,515,North,25211,91716.0,17:20:00,17:23:00,17:23:00,0,640,4th Ave S & S Jackson St,3.0,0.0
2025-10-22,515,North,25211,91716.0,,17:24:22,17:24:22,1,635,4th Ave S & S Washington St,0.0,0.0
2025-10-22,515,North,25211,91716.0,,17:27:54,17:28:20,2,2638,4th Ave & Cherry St,4.0,0.0
2025-10-22,515,North,25211,91716.0,,17:32:36,17:32:56,3,641,4th Ave & Seneca St,3.0,0.0
2025-10-22,515,North,25211,91716.0,17:26:00,17:35:12,17:36:16,4,2976,4th Ave & Pine St,2.0,1.0
2025-10-22,515,North,25211,91716.0,,17:37:35,17:38:31,5,473,Olive Way & 6th Ave,13.0,1.0
2025-10-22,515,North,25211,91716.0,17:30:00,17:40:05,17:40:45,6,430,Howell St & 9th Ave,9.0,0.0
2025-10-22,515,North,25211,91716.0,,17:44:36,17:45:04,7,431,Howell St & Yale Ave,4.0,1.0
2025-10-22,515,North,25211,91716.0,17:51:00,18:04:11,18:04:47,10,2766,Mountlake Terrace Fwy Station Bay 7,0.0,15.0
2025-10-22,515,North,25211,91716.0,18:06:00,18:09:25,18:09:25,11,2118,Lynnwood City Center Station Bay A5,0.0,20.0
2025-10-22,515,North,25212,,17:40:00,,,0,640,4th Ave S & S Jackson St,,
2025-10-22,515,North,25212,,,,,1,635,4th Ave S & S Washington St,,
2025-10-22,515,North,25212,,,,,2,2638,4th Ave & Cherry St,,
2025-10-22,515,North,25212,,,,,3,641,4th Ave & Seneca St,,
2025-10-22,515,North,25212,,17:46:00,,,4,2976,4th Ave & Pine St,,
2025-10-22,515,North,25212,,,,,5,473,Olive Way & 6th Ave,,
2025-10-22,515,North,25212,,17:50:00,,,6,430,Howell St & 9th Ave,,
2025-10-22,515,North,25212,,,,,7,431,Howell St & Yale Ave,,
2025-10-22,515,North,25212,,18:09:00,,,10,2766,Mountlake Terrace Fwy Station Bay 7,,
2025-10-22,515,North,25212,,18:23:00,,,11,2118,Lynnwood City Center Station Bay A5,,
2025-10-22,515,North,25213,91721.0,18:00:00,18:01:58,18:01:58,0,640,4th Ave S & S Jackson St,6.0,0.0
2025-10-22,515,North,25213,91721.0,,,,1,635,4th Ave S & S Washington St,,
2025-10-22,515,North,25213,91721.0,,18:03:49,18:04:35,2,2638,4th Ave & Cherry St,4.0,0.0
2025-10-22,515,North,25213,91721.0,,18:08:30,18:09:15,3,641,4th Ave & Seneca St,7.0,0.0
2025-10-22,515,North,25213,91721.0,18:06:00,18:10:23,18:11:17,4,2976,4th Ave & Pine St,5.0,0.0
2025-10-22,515,North,25213,91721.0,,18:13:17,18:14:31,5,473,Olive Way & 6th Ave,6.0,0.0
2025-10-22,515,North,25213,91721.0,18:09:00,18:16:02,18:16:42,6,430,Howell St & 9th Ave,4.0,0.0
2025-10-22,515,North,25213,91721.0,,18:19:24,18:20:03,7,431,Howell St & Yale Ave,5.0,0.0
2025-10-22,515,North,25213,91721.0,18:27:00,18:36:16,18:36:59,10,2766,Mountlake Terrace Fwy Station Bay 7,1.0,8.0
2025-10-22,515,North,25213,91721.0,18:39:00,18:41:45,18:41:45,11,2118,Lynnwood City Center Station Bay A5,0.0,30.0
2025-10-22,515,North,25214,91726.0,18:20:00,18:26:57,18:26:57,0,640,4th Ave S & S Jackson St,3.0,0.0
2025-10-22,515,North,25214,91726.0,,18:27:30,18:27:49,1,635,4th Ave S & S Washington St,1.0,0.0
2025-10-22,515,North,25214,91726.0,,18:29:19,18:29:42,2,2638,4th Ave & Cherry St,1.0,0.0
2025-10-22,515,North,25214,91726.0,,18:31:27,18:31:39,3,641,4th Ave & Seneca St,0.0,0.0
2025-10-22,515,North,25214,91726.0,18:26:00,18:32:49,18:33:19,4,2976,4th Ave & Pine St,0.0,0.0
2025-10-22,515,North,25214,91726.0,,18:34:17,18:35:30,5,473,Olive Way & 6th Ave,7.0,0.0
2025-10-22,515,North,25214,91726.0,18:29:00,18:37:02,18:37:17,6,430,Howell St & 9th Ave,1.0,0.0
2025-10-22,515,North,25214,91726.0,,18:40:03,18:40:32,7,431,Howell St & Yale Ave,1.0,0.0
2025-10-22,515,North,25214,91726.0,18:47:00,18:53:28,18:53:50,10,2766,Mountlake Terrace Fwy Station Bay 7,0.0,14.0
2025-10-22,515,North,25214,91726.0,18:59:00,18:57:50,18:57:50,11,2118,Lynnwood City Center Station Bay A5,0.0,0.0
2025-10-22,515,North,25215,91711.0,18:40:00,18:42:16,18:42:16,0,640,4th Ave S & S Jackson St,0.0,0.0
2025-10-22,515,North,25215,91711.0,,18:43:53,18:44:23,1,635,4th Ave S & S Washington St,2.0,1.0
2025-10-22,515,North,25215,91711.0,,18:46:12,18:46:34,2,2638,4th Ave & Cherry St,1.0,0.0
2025-10-22,515,North,25215,91711.0,,18:49:24,18:49:46,3,641,4th Ave & Seneca St,1.0,0.0
2025-10-22,515,North,25215,91711.0,18:46:00,18:53:52,18:54:12,4,2976,4th Ave & Pine St,0.0,0.0
2025-10-22,515,North,25215,91711.0,,18:55:39,18:56:39,5,473,Olive Way & 6th Ave,4.0,0.0
2025-10-22,515,North,25215,91711.0,18:49:00,18:58:16,18:58:39,6,430,Howell St & 9th Ave,0.0,1.0
2025-10-22,515,North,25215,91711.0,,19:01:38,19:02:07,7,431,Howell St & Yale Ave,1.0,0.0
2025-10-22,515,North,25215,91711.0,19:07:00,19:16:12,19:16:45,10,2766,Mountlake Terrace Fwy Station Bay 7,0.0,0.0
2025-10-22,515,North,25215,91711.0,19:16:00,19:21:19,19:21:19,11,2118,Lynnwood City Center Station Bay A5,0.0,7.0
2025-10-22,515,South,25216,91909.0,04:30:00,04:30:02,04:30:02,0,2113,Lynnwood City Center Station Bay D1,23.0,0.0
2025-10-22,515,South,25216,91909.0,04:34:00,04:34:08,04:34:30,1,2765,Mountlake Terrace Fwy Station Bay 6,2.0,0.0
2025-10-22,515,South,25216,91909.0,04:51:00,04:47:39,04:48:09,4,1909,Stewart St & 9th Ave,0.0,8.0
2025-10-22,515,South,25216,91909.0,,04:49:07,04:49:30,5,1908,Stewart St & 7th Ave,0.0,8.0
2025-10-22,515,South,25216,91909.0,04:56:00,04:50:27,04:51:22,6,2698,5th Ave & Pine St,0.0,1.0
2025-10-22,515,South,25216,91909.0,,04:52:11,04:52:36,7,2700,5th Ave & Seneca St,0.0,2.0
2025-10-22,515,South,25216,91909.0,,04:53:28,04:53:51,8,2702,5th Ave & Marion St,0.0,4.0
2025-10-22,515,South,25216,91909.0,,04:55:11,04:55:30,9,2290,5th Ave & Jefferson St,0.0,2.0
2025-10-22,515,South,25216,91909.0,05:04:00,04:57:51,04:57:51,10,2706,5th Ave S & S Jackson St,0.0,0.0
2025-10-22,515,South,25217,91722.0,04:50:00,04:50:54,04:50:54,0,2113,Lynnwood City Center Station Bay D1,15.0,0.0
2025-10-22,515,South,25217,91722.0,04:54:00,04:55:06,04:55:33,1,2765,Mountlake Terrace Fwy Station Bay 6,4.0,0.0
2025-10-22,515,South,25217,91722.0,05:11:00,05:09:15,05:09:35,4,1909,Stewart St & 9th Ave,0.0,4.0
2025-10-22,515,South,25217,91722.0,,05:11:04,05:11:22,5,1908,Stewart St & 7th Ave,0.0,2.0
2025-10-22,515,South,25217,91722.0,05:16:00,05:12:32,05:13:22,6,2698,5th Ave & Pine St,0.0,1.0
2025-10-22,515,South,25217,91722.0,,05:14:21,05:14:59,7,2700,5th Ave & Seneca St,0.0,5.0
2025-10-22,515,South,25217,91722.0,,05:16:24,05:16:49,8,2702,5th Ave & Marion St,0.0,1.0
2025-10-22,515,South,25217,91722.0,,05:17:48,05:18:15,9,2290,5th Ave & Jefferson St,0.0,4.0
2025-10-22,515,South,25217,91722.0,05:24:00,05:20:02,05:20:02,10,2706,5th Ave S & S Jackson St,0.0,2.0
2025-10-22,515,South,25218,91721.0,05:10:00,05:10:02,05:10:02,0,2113,Lynnwood City Center Station Bay D1,26.0,0.0
2025-10-22,515,South,25218,91721.0,05:14:00,05:13:58,05:14:15,1,2765,Mountlake Terrace Fwy Station Bay 6,2.0,0.0
2025-10-22,515,South,25218,91721.0,05:31:00,05:28:37,05:29:07,4,1909,Stewart St & 9th Ave,1.0,7.0
2025-10-22,515,South,25218,91721.0,,05:30:02,05:30:32,5,1908,Stewart St & 7th Ave,0.0,3.0
2025-10-22,515,South,25218,91721.0,05:36:00,05:31:30,05:31:43,6,2698,5th Ave & Pine St,0.0,1.0
2025-10-22,515,South,25218,91721.0,,05:33:12,05:33:44,7,2700,5th Ave & Seneca St,0.0,5.0
2025-10-22,515,South,25218,91721.0,,05:34:38,05:35:10,8,2702,5th Ave & Marion St,0.0,6.0
2025-10-22,515,South,25218,91721.0,,05:35:48,05:36:27,9,2290,5th Ave & Jefferson St,0.0,4.0
2025-10-22,515,South,25218,91721.0,05:44:00,05:38:33,05:38:33,10,2706,5th Ave S & S Jackson St,1.0,4.0
2025-10-22,515,South,25219,91912.0,05:30:00,05:32:43,05:32:43,0,2113,Lynnwood City Center Station Bay D1,31.0,0.0
2025-10-22,515,South,25219,91912.0,05:34:00,05:36:58,05:37:10,1,2765,Mountlake Terrace Fwy Station Bay 6,0.0,0.0
2025-10-22,515,South,25219,91912.0,05:51:00,05:51:21,05:51:54,4,1909,Stewart St & 9th Ave,0.0,6.0
2025-10-22,515,South,25219,91912.0,,05:53:04,05:53:39,5,1908,Stewart St & 7th Ave,0.0,4.0
2025-10-22,515,South,25219,91912.0,05:56:00,05:55:28,05:55:42,6,2698,5th Ave & Pine St,0.0,0.0
2025-10-22,515,South,25219,91912.0,,05:57:20,05:57:56,7,2700,5th Ave & Seneca St,0.0,7.0
2025-10-22,515,South,25219,91912.0,,05:58:38,05:59:15,8,2702,5th Ave & Marion St,0.0,9.0
2025-10-22,515,South,25219,91912.0,,06:01:08,06:01:39,9,2290,5th Ave & Jefferson St,0.0,4.0
2025-10-22,515,South,25219,91912.0,06:05:00,06:04:08,06:04:08,10,2706,5th Ave S & S Jackson St,1.0,2.0
2025-10-22,515,South,25220,,05:55:00,,,0,2113,Lynnwood City Center Station Bay D1,,
2025-10-22,515,South,25220,,05:59:00,,,1,2765,Mountlake Terrace Fwy Station Bay 6,,
2025-10-22,515,South,25220,,06:16:00,,,4,1909,Stewart St & 9th Ave,,
2025-10-22,515,South,25220,,,,,5,1908,Stewart St & 7th Ave,,
2025-10-22,515,South,25220,,06:21:00,,,6,2698,5th Ave & Pine St,,
2025-10-22,515,South,25220,,,,,7,2700,5th Ave & Seneca St,,
2025-10-22,515,South,25220,,,,,8,2702,5th Ave & Marion St,,
2025-10-22,515,South,25220,,,,,9,2290,5th Ave & Jefferson St,,
2025-10-22,515,South,25220,,06:30:00,,,10,2706,5th Ave S & S Jackson St,,
2025-10-22,515,South,25221,91722.0,06:05:00,06:06:26,06:06:26,0,2113,Lynnwood City Center Station Bay D1,15.0,0.0
2025-10-22,515,South,25221,91722.0,06:09:00,06:10:50,06:11:31,1,2765,Mountlake Terrace Fwy Station Bay 6,6.0,0.0
2025-10-22,515,South,25221,91722.0,06:27:00,06:26:27,06:26:53,4,1909,Stewart St & 9th Ave,0.0,5.0
2025-10-22,515,South,25221,91722.0,,06:27:33,06:27:56,5,1908,Stewart St & 7th Ave,0.0,4.0
2025-10-22,515,South,25221,91722.0,06:32:00,06:30:20,06:30:28,6,2698,5th Ave & Pine St,0.0,0.0
2025-10-22,515,South,25221,91722.0,,06:32:10,06:32:27,7,2700,5th Ave & Seneca St,0.0,3.0
2025-10-22,515,South,25221,91722.0,,06:34:04,06:34:44,8,2702,5th Ave & Marion St,0.0,4.0
2025-10-22,515,South,25221,91722.0,,06:36:03,06:36:31,9,2290,5th Ave & Jefferson St,0.0,3.0
2025-10-22,515,South,25221,91722.0,06:41:00,06:38:54,06:38:54,10,2706,5th Ave S & S Jackson St,0.0,2.0
2025-10-22,515,South,25222,91701.0,06:15:00,06:15:12,06:15:12,0,2113,Lynnwood City Center Station Bay D1,40.0,0.0
2025-10-22,515,South,25222,91701.0,06:19:00,06:20:03,06:20:26,1,2765,Mountlake Terrace Fwy Station Bay 6,1.0,0.0
2025-10-22,515,South,25222,91701.0,06:37:00,06:36:03,06:36:58,4,1909,Stewart St & 9th Ave,0.0,8.0
2025-10-22,515,South,25222,91701.0,,06:37:36,06:38:15,5,1908,Stewart St & 7th Ave,0.0,6.0
2025-10-22,515,South,25222,91701.0,06:42:00,06:39:22,06:40:34,6,2698,5th Ave & Pine St,0.0,3.0
2025-10-22,515,South,25222,91701.0,,06:41:28,06:42:15,7,2700,5th Ave & Seneca St,0.0,12.0
2025-10-22,515,South,25222,91701.0,,06:43:02,06:43:46,8,2702,5th Ave & Marion St,0.0,5.0
2025-10-22,515,South,25222,91701.0,,06:44:58,06:45:35,9,2290,5th Ave & Jefferson St,0.0,5.0
2025-10-22,515,South,25222,91701.0,06:52:00,06:47:18,06:47:18,10,2706,5th Ave S & S Jackson St,0.0,2.0
2025-10-22,515,South,25223,91721.0,06:25:00,06:26:22,06:26:22,0,2113,Lynnwood City Center Station Bay D1,43.0,0.0
2025-10-22,515,South,25223,91721.0,06:29:00,06:31:48,06:32:36,1,2765,Mountlake Terrace Fwy Station Bay 6,5.0,0.0
2025-10-22,515,South,25223,91721.0,06:49:00,06:48:52,06:49:23,4,1909,Stewart St & 9th Ave,0.0,13.0
2025-10-22,515,South,25223,91721.0,,06:49:54,06:50:26,5,1908,Stewart St & 7th Ave,0.0,10.0
2025-10-22,515,South,25223,91721.0,06:54:00,06:52:46,06:53:09,6,2698,5th Ave & Pine St,0.0,2.0
2025-10-22,515,South,25223,91721.0,,06:54:58,06:55:34,7,2700,5th Ave & Seneca St,0.0,9.0
2025-10-22,515,South,25223,91721.0,,06:56:33,06:57:15,8,2702,5th Ave & Marion St,0.0,6.0
2025-10-22,515,South,25223,91721.0,,06:58:21,06:58:50,9,2290,5th Ave & Jefferson St,0.0,6.0
2025-10-22,515,South,25223,91721.0,07:05:00,07:00:40,07:00:40,10,2706,5th Ave S & S Jackson St,0.0,2.0
2025-10-22,515,South,25224,91903.0,06:35:00,06:36:54,06:36:54,0,2113,Lynnwood City Center Station Bay D1,26.0,0.0
2025-10-22,515,South,25224,91903.0,06:39:00,06:41:50,06:42:33,1,2765,Mountlake Terrace Fwy Station Bay 6,8.0,0.0
2025-10-22,515,South,25224,91903.0,07:00:00,06:59:30,06:59:57,4,1909,Stewart St & 9th Ave,0.0,9.0
2025-10-22,515,South,25224,91903.0,,07:00:26,07:00:59,5,1908,Stewart St & 7th Ave,0.0,8.0
2025-10-22,515,South,25224,91903.0,07:05:00,07:03:23,07:03:42,6,2698,5th Ave & Pine St,0.0,0.0
2025-10-22,515,South,25224,91903.0,,07:05:36,07:06:04,7,2700,5th Ave & Seneca St,0.0,6.0
2025-10-22,515,South,25224,91903.0,,07:07:09,07:07:46,8,2702,5th Ave & Marion St,0.0,6.0
2025-10-22,515,South,25224,91903.0,,07:08:59,07:09:11,9,2290,5th Ave & Jefferson St,0.0,1.0
2025-10-22,515,South,25224,91903.0,07:16:00,07:12:19,07:12:19,10,2706,5th Ave S & S Jackson St,0.0,4.0
2025-10-22,515,South,25225,91910.0,06:45:00,06:49:42,06:49:42,0,2113,Lynnwood City Center Station Bay D1,32.0,0.0
2025-10-22,515,South,25225,91910.0,06:50:00,06:55:57,06:56:44,1,2765,Mountlake Terrace Fwy Station Bay 6,2.0,0.0
2025-10-22,515,South,25225,91910.0,07:11:00,07:14:29,07:15:00,4,1909,Stewart St & 9th Ave,0.0,11.0
2025-10-22,515,South,25225,91910.0,,07:15:35,07:16:03,5,1908,Stewart St & 7th Ave,0.0,3.0
2025-10-22,515,South,25225,91910.0,07:16:00,07:19:54,07:21:06,6,2698,5th Ave & Pine St,1.0,6.0
2025-10-22,515,South,25225,91910.0,,07:23:05,07:23:29,7,2700,5th Ave & Seneca St,0.0,2.0
2025-10-22,515,South,25225,91910.0,,07:25:10,07:25:48,8,2702,5th Ave & Marion St,0.0,5.0
2025-10-22,515,South,25225,91910.0,,07:27:02,07:27:32,9,2290,5th Ave & Jefferson St,0.0,7.0
2025-10-22,515,South,25225,91910.0,07:27:00,07:29:12,07:29:12,10,2706,5th Ave S & S Jackson St,0.0,1.0
2025-10-22,515,South,25226,91908.0,06:55:00,06:57:48,06:57:48,0,2113,Lynnwood City Center Station Bay D1,18.0,0.0
2025-10-22,515,South,25226,91908.0,07:00:00,07:03:24,07:05:16,1,2765,Mountlake Terrace Fwy Station Bay 6,15.0,0.0
2025-10-22,515,South,25226,91908.0,07:21:00,07:23:30,07:24:05,4,1909,Stewart St & 9th Ave,0.0,14.0
2025-10-22,515,South,25226,91908.0,,07:24:37,07:25:15,5,1908,Stewart St & 7th Ave,2.0,6.0
2025-10-22,515,South,25226,91908.0,07:26:00,07:27:27,07:28:36,6,2698,5th Ave & Pine St,1.0,2.0
2025-10-22,515,South,25226,91908.0,,07:29:35,07:30:06,7,2700,5th Ave & Seneca St,2.0,4.0
2025-10-22,515,South,25226,91908.0,,07:31:03,07:31:43,8,2702,5th Ave & Marion St,0.0,10.0
2025-10-22,515,South,25226,91908.0,,07:33:00,07:33:23,9,2290,5th Ave & Jefferson St,0.0,1.0
2025-10-22,515,South,25226,91908.0,07:37:00,07:35:35,07:35:35,10,2706,5th Ave S & S Jackson St,0.0,1.0
2025-10-22,515,South,25227,91505.0,07:05:00,07:07:27,07:07:27,0,2113,Lynnwood City Center Station Bay D1,40.0,0.0
2025-10-22,515,South,25227,91505.0,07:10:00,07:12:08,07:12:37,1,2765,Mountlake Terrace Fwy Station Bay 6,1.0,0.0
2025-10-22,515,South,25227,91505.0,07:34:00,07:30:58,07:31:32,4,1909,Stewart St & 9th Ave,0.0,11.0
2025-10-22,515,South,25227,91505.0,,07:32:01,07:32:30,5,1908,Stewart St & 7th Ave,0.0,10.0
2025-10-22,515,South,25227,91505.0,07:39:00,07:34:53,07:36:09,6,2698,5th Ave & Pine St,0.0,3.0
2025-10-22,515,South,25227,91505.0,,07:38:27,07:38:51,7,2700,5th Ave & Seneca St,0.0,4.0
2025-10-22,515,South,25227,91505.0,,07:40:05,07:40:47,8,2702,5th Ave & Marion St,0.0,8.0
2025-10-22,515,South,25227,91505.0,,07:42:00,07:42:36,9,2290,5th Ave & Jefferson St,0.0,5.0
2025-10-22,515,South,25227,91505.0,07:50:00,07:44:30,07:44:30,10,2706,5th Ave S & S Jackson St,0.0,0.0
2025-10-22,515,South,25228,,07:15:00,,,0,2113,Lynnwood City Center Station Bay D1,,
2025-10-22,515,South,25228,,07:20:00,,,1,2765,Mountlake Terrace Fwy Station Bay 6,,
2025-10-22,515,South,25228,,07:51:00,,,4,1909,Stewart St & 9th Ave,,
2025-10-22,515,South,25228,,,,,5,1908,Stewart St & 7th Ave,,
2025-10-22,515,South,25228,,07:56:00,,,6,2698,5th Ave & Pine St,,
2025-10-22,515,South,25228,,,,,7,2700,5th Ave & Seneca St,,
2025-10-22,515,South,25228,,,,,8,2702,5th Ave & Marion St,,
2025-10-22,515,South,25228,,,,,9,2290,5th Ave & Jefferson St,,
2025-10-22,515,South,25228,,08:07:00,,,10,2706,5th Ave S & S Jackson St,,
2025-10-22,515,South,25229,9566.0,07:25:00,07:26:15,07:26:15,0,2113,Lynnwood City Center Station Bay D1,33.0,0.0
2025-10-22,515,South,25229,9566.0,07:30:00,07:32:07,07:33:15,1,2765,Mountlake Terrace Fwy Station Bay 6,9.0,0.0
2025-10-22,515,South,25229,9566.0,08:02:00,07:54:21,07:54:55,4,1909,Stewart St & 9th Ave,0.0,13.0
2025-10-22,515,South,25229,9566.0,,07:55:38,07:56:03,5,1908,Stewart St & 7th Ave,1.0,13.0
2025-10-22,515,South,25229,9566.0,08:07:00,07:57:23,07:57:38,6,2698,5th Ave & Pine St,1.0,0.0
2025-10-22,515,South,25229,9566.0,,07:59:16,07:59:35,7,2700,5th Ave & Seneca St,0.0,5.0
2025-10-22,515,South,25229,9566.0,,08:01:24,08:01:46,8,2702,5th Ave & Marion St,0.0,11.0
2025-10-22,515,South,25229,9566.0,,08:03:05,08:03:24,9,2290,5th Ave & Jefferson St,0.0,2.0
2025-10-22,515,South,25229,9566.0,08:18:00,08:05:50,08:05:50,10,2706,5th Ave S & S Jackson St,0.0,0.0
2025-10-22,515,South,25230,91905.0,07:35:00,07:36:38,07:36:38,0,2113,Lynnwood City Center Station Bay D1,17.0,0.0
2025-10-22,515,South,25230,91905.0,07:40:00,07:44:59,07:45:45,1,2765,Mountlake Terrace Fwy Station Bay 6,1.0,0.0
2025-10-22,515,South,25230,91905.0,08:13:00,08:16:07,08:16:31,4,1909,Stewart St & 9th Ave,0.0,9.0
2025-10-22,515,South,25230,91905.0,,08:18:11,08:18:40,5,1908,Stewart St & 7th Ave,0.0,4.0
2025-10-22,515,South,25230,91905.0,08:18:00,08:21:20,08:21:34,6,2698,5th Ave & Pine St,0.0,0.0
2025-10-22,515,South,25230,91905.0,,08:24:42,08:25:05,7,2700,5th Ave & Seneca St,0.0,2.0
2025-10-22,515,South,25230,91905.0,,08:26:37,08:27:11,8,2702,5th Ave & Marion St,0.0,3.0
2025-10-22,515,South,25230,91905.0,,08:29:33,08:29:40,9,2290,5th Ave & Jefferson St,0.0,0.0
2025-10-22,515,South,25230,91905.0,08:29:00,08:32:22,08:32:22,10,2706,5th Ave S & S Jackson St,0.0,0.0
2025-10-22,515,South,25231,19854.0,07:45:00,07:48:35,07:48:35,0,2113,Lynnwood City Center Station Bay D1,22.0,0.0
2025-10-22,515,South,25231,19854.0,07:50:00,07:54:20,07:55:08,1,2765,Mountlake Terrace Fwy Station Bay 6,13.0,0.0
2025-10-22,515,South,25231,19854.0,08:23:00,08:27:10,08:28:07,4,1909,Stewart St & 9th Ave,0.0,15.0
2025-10-22,515,South,25231,19854.0,,08:29:13,08:29:13,5,1908,Stewart St & 7th Ave,0.0,7.0
2025-10-22,515,South,25231,19854.0,08:28:00,08:33:35,08:34:37,6,2698,5th Ave & Pine St,1.0,3.0
2025-10-22,515,South,25231,19854.0,,08:35:27,08:35:51,7,2700,5th Ave & Seneca St,0.0,3.0
2025-10-22,515,South,25231,19854.0,,08:37:09,08:38:22,8,2702,5th Ave & Marion St,0.0,6.0
2025-10-22,515,South,25231,19854.0,,08:39:06,08:39:22,9,2290,5th Ave & Jefferson St,0.0,1.0
2025-10-22,515,South,25231,19854.0,08:39:00,08:41:19,08:41:19,10,2706,5th Ave S & S Jackson St,0.0,1.0
2025-10-22,515,South,25232,91726.0,07:55:00,07:59:14,07:59:14,0,2113,Lynnwood City Center Station Bay D1,15.0,0.0
2025-10-22,515,South,25232,91726.0,08:00:00,08:03:11,08:03:41,1,2765,Mountlake Terrace Fwy Station Bay 6,3.0,0.0
2025-10-22,515,South,25232,91726.0,08:35:00,08:34:45,08:35:23,4,1909,Stewart St & 9th Ave,0.0,9.0
2025-10-22,515,South,25232,91726.0,,08:37:44,08:38:15,5,1908,Stewart St & 7th Ave,0.0,3.0
2025-10-22,515,South,25232,91726.0,08:40:00,08:42:23,08:42:41,6,2698,5th Ave & Pine St,1.0,0.0
2025-10-22,515,South,25232,91726.0,,08:45:34,08:45:45,7,2700,5th Ave & Seneca St,0.0,0.0
2025-10-22,515,South,25232,91726.0,,08:47:28,08:48:16,8,2702,5th Ave & Marion St,0.0,4.0
2025-10-22,515,South,25232,91726.0,,08:49:24,08:49:59,9,2290,5th Ave & Jefferson St,0.0,1.0
2025-10-22,515,South,25232,91726.0,08:51:00,08:53:01,08:53:01,10,2706,5th Ave S & S Jackson St,0.0,2.0
2025-10-22,515,South,25233,91908.0,08:15:00,08:18:35,08:18:35,0,2113,Lynnwood City Center Station Bay D1,14.0,0.0
2025-10-22,515,South,25233,91908.0,08:19:00,08:25:12,08:25:20,1,2765,Mountlake Terrace Fwy Station Bay 6,0.0,0.0
2025-10-22,515,South,25233,91908.0,08:58:00,08:58:30,08:59:13,4,1909,Stewart St & 9th Ave,0.0,6.0
2025-10-22,515,South,25233,91908.0,,09:00:10,09:00:40,5,1908,Stewart St & 7th Ave,0.0,3.0
2025-10-22,515,South,25233,91908.0,09:03:00,09:04:51,09:06:04,6,2698,5th Ave & Pine St,0.0,1.0
2025-10-22,515,South,25233,91908.0,,09:07:59,09:08:18,7,2700,5th Ave & Seneca St,0.0,2.0
2025-10-22,515,South,25233,91908.0,,09:09:59,09:10:44,8,2702,5th Ave & Marion St,0.0,2.0
2025-10-22,515,South,25233,91908.0,,09:12:32,09:12:32,9,2290,5th Ave & Jefferson St,0.0,0.0
2025-10-22,515,South,25233,91908.0,09:14:00,09:14:22,09:14:22,10,2706,5th Ave S & S Jackson St,0.0,0.0
2025-10-22,515,South,25234,91708.0,08:35:00,08:35:28,08:35:28,0,2113,Lynnwood City Center Station Bay D1,12.0,0.0
2025-10-22,515,South,25234,91708.0,08:39:00,08:39:45,08:40:16,1,2765,Mountlake Terrace Fwy Station Bay 6,5.0,0.0
2025-10-22,515,South,25234,91708.0,09:18:00,09:04:08,09:04:35,4,1909,Stewart St & 9th Ave,0.0,7.0
2025-10-22,515,South,25234,91708.0,,09:05:04,09:05:31,5,1908,Stewart St & 7th Ave,0.0,7.0
2025-10-22,515,South,25234,91708.0,09:23:00,09:07:58,09:09:04,6,2698,5th Ave & Pine St,3.0,1.0
2025-10-22,515,South,25234,91708.0,,09:09:58,09:10:08,7,2700,5th Ave & Seneca St,0.0,0.0
2025-10-22,515,South,25234,91708.0,,09:11:34,09:12:16,8,2702,5th Ave & Marion St,0.0,4.0
2025-10-22,515,South,25234,91708.0,,09:14:33,09:14:45,9,2290,5th Ave & Jefferson St,0.0,1.0
2025-10-22,515,South,25234,91708.0,09:34:00,09:17:27,09:17:27,10,2706,5th Ave S & S Jackson St,0.0,0.0
2025-10-22,515,South,25235,91714.0,08:55:00,08:55:14,08:55:14,0,2113,Lynnwood City Center Station Bay D1,8.0,0.0
2025-10-22,515,South,25235,91714.0,08:59:00,08:59:11,08:59:35,1,2765,Mountlake Terrace Fwy Station Bay 6,4.0,0.0
2025-10-22,515,South,25235,91714.0,09:38:00,09:25:30,09:26:08,4,1909,Stewart St & 9th Ave,0.0,6.0
2025-10-22,515,South,25235,91714.0,,09:27:01,09:27:20,5,1908,Stewart St & 7th Ave,1.0,3.0
2025-10-22,515,South,25235,91714.0,09:43:00,09:28:42,09:28:55,6,2698,5th Ave & Pine St,0.0,1.0
2025-10-22,515,South,25235,91714.0,,09:30:40,09:30:59,7,2700,5th Ave & Seneca St,0.0,2.0
2025-10-22,515,South,25235,91714.0,,09:32:25,09:32:34,8,2702,5th Ave & Marion St,0.0,1.0
2025-10-22,515,South,25235,91714.0,,09:33:54,09:34:06,9,2290,5th Ave & Jefferson St,0.0,0.0
2025-10-22,515,South,25235,91714.0,09:54:00,09:36:05,09:36:05,10,2706,5th Ave S & S Jackson St,0.0,0.0
2025-10-23,515,North,25197,91728.0,15:00:00,15:00:14,15:00:14,0,640,4th Ave S & S Jackson St,3.0,0.0
2025-10-23,515,North,25197,91728.0,,15:00:47,15:01:11,1,635,4th Ave S & S Washington St,2.0,0.0
2025-10-23,515,North,25197,91728.0,,15:02:25,15:03:42,2,2638,4th Ave & Cherry St,6.0,0.0
2025-10-23,515,North,25197,91728.0,,15:05:27,15:06:00,3,641,4th Ave & Seneca St,3.0,0.0
2025-10-23,515,North,25197,91728.0,15:06:00,15:07:13,15:07:51,4,2976,4th Ave & Pine St,0.0,0.0
2025-10-23,515,North,25197,91728.0,,15:08:53,15:10:01,5,473,Olive Way & 6th Ave,8.0,0.0
2025-10-23,515,North,25197,91728.0,15:10:00,15:11:31,15:12:17,6,430,Howell St & 9th Ave,4.0,0.0
2025-10-23,515,North,25197,91728.0,,15:14:34,15:15:04,7,431,Howell St & Yale Ave,1.0,4.0
2025-10-23,515,North,25197,91728.0,15:30:00,15:30:38,15:31:05,10,2766,Mountlake Terrace Fwy Station Bay 7,0.0,23.0
2025-10-23,515,North,25197,91728.0,15:38:00,15:36:25,15:36:25,11,2118,Lynnwood City Center Station Bay A5,0.0,0.0
2025-10-23,515,North,25198,91911.0,15:10:00,15:10:41,15:10:41,0,640,4th Ave S & S Jackson St,2.0,0.0
2025-10-23,515,North,25198,91911.0,,15:11:21,15:11:30,1,635,4th Ave S & S Washington St,0.0,0.0
2025-10-23,515,North,25198,91911.0,,15:13:03,15:13:26,2,2638,4th Ave & Cherry St,1.0,0.0
2025-10-23,515,North,25198,91911.0,,15:16:41,15:17:47,3,641,4th Ave & Seneca St,3.0,0.0
2025-10-23,515,North,25198,91911.0,15:16:00,15:18:56,15:19:51,4,2976,4th Ave & Pine St,2.0,0.0
2025-10-23,515,North,25198,91911.0,,15:22:24,15:23:34,5,473,Olive Way & 6th Ave,5.0,0.0
2025-10-23,515,North,25198,91911.0,15:20:00,15:25:09,15:25:38,6,430,Howell St & 9th Ave,1.0,0.0
2025-10-23,515,North,25198,91911.0,,15:28:12,15:28:35,7,431,Howell St & Yale Ave,1.0,4.0
2025-10-23,515,North,25198,91911.0,15:40:00,15:46:24,15:46:41,10,2766,Mountlake Terrace Fwy Station Bay 7,0.0,11.0
2025-10-23,515,North,25198,91911.0,15:50:00,15:51:22,15:51:22,11,2118,Lynnwood City Center Station Bay A5,0.0,0.0
2025-10-23,515,North,25199,91701.0,15:20:00,15:20:12,15:20:12,0,640,4th Ave S & S Jackson St,1.0,0.0
2025-10-23,515,North,25199,91701.0,,15:21:32,15:21:39,1,635,4th Ave S & S Washington St,0.0,0.0
2025-10-23,515,North,25199,91701.0,,15:22:27,15:22:56,2,2638,4th Ave & Cherry St,5.0,0.0
2025-10-23,515,North,25199,91701.0,,15:25:14,15:25:25,3,641,4th Ave & Seneca St,1.0,0.0
2025-10-23,515,North,25199,91701.0,15:26:00,15:26:38,15:27:21,4,2976,4th Ave & Pine St,3.0,0.0
2025-10-23,515,North,25199,91701.0,,15:28:21,15:29:36,5,473,Olive Way & 6th Ave,5.0,0.0
2025-10-23,515,North,25199,91701.0,15:30:00,15:30:10,15:30:38,6,430,Howell St & 9th Ave,5.0,0.0
2025-10-23,515,North,25199,91701.0,,15:34:04,15:34:22,7,431,Howell St & Yale Ave,3.0,1.0
2025-10-23,515,North,25199,91701.0,15:51:00,15:52:28,15:52:59,10,2766,Mountlake Terrace Fwy Station Bay 7,0.0,3.0
2025-10-23,515,North,25199,91701.0,16:03:00,15:57:17,15:57:17,11,2118,Lynnwood City Center Station Bay A5,0.0,19.0
2025-10-23,515,North,25200,91731.0,15:30:00,15:30:51,15:30:51,0,640,4th Ave S & S Jackson St,0.0,0.0
2025-10-23,515,North,25200,91731.0,,15:32:13,15:32:13,1,635,4th Ave S & S Washington St,0.0,0.0
2025-10-23,515,North,25200,91731.0,,15:34:32,15:34:32,2,2638,4th Ave & Cherry St,0.0,0.0
2025-10-23,515,North,25200,91731.0,,15:37:19,15:37:19,3,641,4th Ave & Seneca St,0.0,0.0
2025-10-23,515,North,25200,91731.0,15:36:00,15:39:27,15:39:27,4,2976,4th Ave & Pine St,0.0,0.0
2025-10-23,515,North,25200,91731.0,,15:43:08,15:43:08,5,473,Olive Way & 6th Ave,0.0,0.0
2025-10-23,515,North,25200,91731.0,15:40:00,15:45:04,15:45:04,6,430,Howell St & 9th Ave,0.0,0.0
2025-10-23,515,North,25200,91731.0,,15:50:56,15:50:56,7,431,Howell St & Yale Ave,0.0,0.0
2025-10-23,515,North,25200,91731.0,16:02:00,16:09:47,16:10:13,10,2766,Mountlake Terrace Fwy Station Bay 7,0.0,0.0
2025-10-23,515,North,25200,91731.0,16:14:00,16:14:27,16:14:27,11,2118,Lynnwood City Center Station Bay A5,0.0,0.0
2025-10-23,515,North,25201,19810.0,15:40:00,15:44:23,15:44:23,0,640,4th Ave S & S Jackson St,2.0,0.0
2025-10-23,515,North,25201,19810.0,,15:45:32,15:45:32,1,635,4th Ave S & S Washington St,0.0,0.0
2025-10-23,515,North,25201,19810.0,,15:46:31,15:47:07,2,2638,4th Ave & Cherry St,6.0,0.0
2025-10-23,515,North,25201,19810.0,,15:51:06,15:51:29,3,641,4th Ave & Seneca St,2.0,0.0
2025-10-23,515,North,25201,19810.0,15:46:00,15:53:28,15:54:21,4,2976,4th Ave & Pine St,1.0,0.0
2025-10-23,515,North,25201,19810.0,,15:55:43,15:56:37,5,473,Olive Way & 6th Ave,7.0,0.0
2025-10-23,515,North,25201,19810.0,15:50:00,15:58:08,15:58:33,6,430,Howell St & 9th Ave,4.0,0.0
2025-10-23,515,North,25201,19810.0,,16:01:29,16:02:06,7,431,Howell St & Yale Ave,3.0,0.0
2025-10-23,515,North,25201,19810.0,16:12:00,16:20:51,16:21:27,10,2766,Mountlake Terrace Fwy Station Bay 7,0.0,25.0
2025-10-23,515,North,25201,19810.0,16:27:00,16:26:11,16:26:11,11,2118,Lynnwood City Center Station Bay A5,0.0,0.0
2025-10-23,515,North,25202,91708.0,15:50:00,15:50:51,15:50:51,0,640,4th Ave S & S Jackson St,2.0,0.0
2025-10-23,515,North,25202,91708.0,,15:51:22,15:51:36,1,635,4th Ave S & S Washington St,2.0,0.0
2025-10-23,515,North,25202,91708.0,,15:52:20,15:52:41,2,2638,4th Ave & Cherry St,3.0,0.0
2025-10-23,515,North,25202,91708.0,,15:54:58,15:55:39,3,641,4th Ave & Seneca St,5.0,0.0
2025-10-23,515,North,25202,91708.0,15:56:00,15:56:35,15:57:32,4,2976,4th Ave & Pine St,0.0,1.0
2025-10-23,515,North,25202,91708.0,,15:58:29,15:59:30,5,473,Olive Way & 6th Ave,3.0,1.0
2025-10-23,515,North,25202,91708.0,16:00:00,16:00:08,16:00:33,6,430,Howell St & 9th Ave,2.0,0.0
2025-10-23,515,North,25202,91708.0,,16:04:04,16:04:20,7,431,Howell St & Yale Ave,1.0,0.0
2025-10-23,515,North,25202,91708.0,16:23:00,16:22:40,16:22:58,10,2766,Mountlake Terrace Fwy Station Bay 7,0.0,1.0
2025-10-23,515,North,25202,91708.0,16:39:00,16:28:13,16:28:13,11,2118,Lynnwood City Center Station Bay A5,0.0,15.0
2025-10-23,515,North,25203,9560.0,16:00:00,16:00:05,16:00:05,0,640,4th Ave S & S Jackson St,2.0,0.0
2025-10-23,515,North,25203,9560.0,,16:00:41,16:00:52,1,635,4th Ave S & S Washington St,0.0,0.0
2025-10-23,515,North,25203,9560.0,,16:03:12,16:03:33,2,2638,4th Ave & Cherry St,3.0,0.0
2025-10-23,515,North,25203,9560.0,,16:08:56,16:09:13,3,641,4th Ave & Seneca St,1.0,0.0
2025-10-23,515,North,25203,9560.0,16:06:00,16:10:14,16:10:48,4,2976,4th Ave & Pine St,1.0,0.0
2025-10-23,515,North,25203,9560.0,,16:11:57,16:13:00,5,473,Olive Way & 6th Ave,8.0,15.0
2025-10-23,515,North,25203,9560.0,16:10:00,16:14:33,16:14:47,6,430,Howell St & 9th Ave,0.0,0.0
2025-10-23,515,North,25203,9560.0,,16:19:06,16:19:38,7,431,Howell St & Yale Ave,0.0,0.0
2025-10-23,515,North,25203,9560.0,16:33:00,16:39:56,16:40:07,10,2766,Mountlake Terrace Fwy Station Bay 7,0.0,0.0
2025-10-23,515,North,25203,9560.0,16:49:00,16:45:20,16:45:20,11,2118,Lynnwood City Center Station Bay A5,0.0,0.0
2025-10-23,515,North,25204,19852.0,16:10:00,16:10:42,16:10:42,0,640,4th Ave S & S Jackson St,1.0,0.0
2025-10-23,515,North,25204,19852.0,,16:12:13,16:12:34,1,635,4th Ave S & S Washington St,1.0,0.0
2025-10-23,515,North,25204,19852.0,,16:14:27,16:14:57,2,2638,4th Ave & Cherry St,4.0,0.0
2025-10-23,515,North,25204,19852.0,,16:18:07,16:18:24,3,641,4th Ave & Seneca St,2.0,0.0
2025-10-23,515,North,25204,19852.0,16:16:00,16:20:08,16:20:36,4,2976,4th Ave & Pine St,2.0,0.0
2025-10-23,515,North,25204,19852.0,,16:22:33,16:23:30,5,473,Olive Way & 6th Ave,9.0,0.0
2025-10-23,515,North,25204,19852.0,16:20:00,16:24:14,16:24:59,6,430,Howell St & 9th Ave,3.0,0.0
2025-10-23,515,North,25204,19852.0,,16:26:54,16:27:28,7,431,Howell St & Yale Ave,2.0,0.0
2025-10-23,515,North,25204,19852.0,16:43:00,16:48:02,16:48:39,10,2766,Mountlake Terrace Fwy Station Bay 7,0.0,24.0
2025-10-23,515,North,25204,19852.0,16:59:00,16:53:28,16:53:28,11,2118,Lynnwood City Center Station Bay A5,0.0,0.0
2025-10-23,515,North,25205,19851.0,16:20:00,16:23:21,16:23:21,0,640,4th Ave S & S Jackson St,4.0,0.0
2025-10-23,515,North,25205,19851.0,,,,1,635,4th Ave S & S Washington St,,
2025-10-23,515,North,25205,19851.0,,16:28:32,16:30:23,2,2638,4th Ave & Cherry St,7.0,0.0
2025-10-23,515,North,25205,19851.0,,16:32:55,16:33:24,3,641,4th Ave & Seneca St,3.0,0.0
2025-10-23,515,North,25205,19851.0,16:26:00,16:34:23,16:34:54,4,2976,4th Ave & Pine St,2.0,0.0
2025-10-23,515,North,25205,19851.0,,16:36:15,16:37:17,5,473,Olive Way & 6th Ave,7.0,0.0
2025-10-23,515,North,25205,19851.0,16:30:00,16:40:15,16:41:23,6,430,Howell St & 9th Ave,8.0,0.0
2025-10-23,515,North,25205,19851.0,,16:46:11,16:47:04,7,431,Howell St & Yale Ave,5.0,0.0
2025-10-23,515,North,25205,19851.0,16:53:00,17:06:12,17:06:49,10,2766,Mountlake Terrace Fwy Station Bay 7,1.0,37.0
2025-10-23,515,North,25205,19851.0,17:09:00,17:13:41,17:13:41,11,2118,Lynnwood City Center Station Bay A5,0.0,0.0
2025-10-23,515,North,25206,19817.0,16:30:00,16:38:29,16:38:29,0,640,4th Ave S & S Jackson St,1.0,0.0
2025-10-23,515,North,25206,19817.0,,16:39:31,16:39:53,1,635,4th Ave S & S Washington St,0.0,0.0
2025-10-23,515,North,25206,19817.0,,16:43:06,16:43:57,2,2638,4th Ave & Cherry St,7.0,0.0
2025-10-23,515,North,25206,19817.0,,16:47:32,16:48:00,3,641,4th Ave & Seneca St,4.0,0.0
2025-10-23,515,North,25206,19817.0,16:36:00,16:49:17,16:50:06,4,2976,4th Ave & Pine St,5.0,0.0
2025-10-23,515,North,25206,19817.0,,16:51:02,16:52:05,5,473,Olive Way & 6th Ave,5.0,0.0
2025-10-23,515,North,25206,19817.0,16:40:00,16:53:53,16:54:38,6,430,Howell St & 9th Ave,6.0,0.0
2025-10-23,515,North,25206,19817.0,,16:58:11,16:58:37,7,431,Howell St & Yale Ave,0.0,2.0
2025-10-23,515,North,25206,19817.0,17:03:00,17:18:51,17:19:25,10,2766,Mountlake Terrace Fwy Station Bay 7,1.0,27.0
2025-10-23,515,North,25206,19817.0,17:19:00,17:25:18,17:25:18,11,2118,Lynnwood City Center Station Bay A5,0.0,0.0
2025-10-23,515,North,25207,91707.0,16:40:00,16:42:14,16:42:14,0,640,4th Ave S & S Jackson St,0.0,0.0
2025-10-23,515,North,25207,91707.0,,16:42:46,16:42:58,1,635,4th Ave S & S Washington St,0.0,0.0
2025-10-23,515,North,25207,91707.0,,16:46:03,16:46:32,2,2638,4th Ave & Cherry St,2.0,0.0
2025-10-23,515,North,25207,91707.0,,16:50:39,16:51:04,3,641,4th Ave & Seneca St,2.0,0.0
2025-10-23,515,North,25207,91707.0,16:46:00,16:52:06,16:52:49,4,2976,4th Ave & Pine St,1.0,0.0
2025-10-23,515,North,25207,91707.0,,16:53:51,16:55:00,5,473,Olive Way & 6th Ave,2.0,1.0
2025-10-23,515,North,25207,91707.0,16:50:00,16:56:37,16:57:00,6,430,Howell St & 9th Ave,2.0,0.0
2025-10-23,515,North,25207,91707.0,,17:00:02,17:00:19,7,431,Howell St & Yale Ave,0.0,2.0
2025-10-23,515,North,25207,91707.0,17:13:00,17:21:11,17:21:35,10,2766,Mountlake Terrace Fwy Station Bay 7,0.0,6.0
2025-10-23,515,North,25207,91707.0,17:29:00,17:27:18,17:27:18,11,2118,Lynnwood City Center Station Bay A5,0.0,0.0
2025-10-23,515,North,25208,,16:50:00,,,0,640,4th Ave S & S Jackson St,,
2025-10-23,515,North,25208,,,,,1,635,4th Ave S & S Washington St,,
2025-10-23,515,North,25208,,,,,2,2638,4th Ave & Cherry St,,
2025-10-23,515,North,25208,,,,,3,641,4th Ave & Seneca St,,
2025-10-23,515,North,25208,,16:56:00,,,4,2976,4th Ave & Pine St,,
2025-10-23,515,North,25208,,,,,5,473,Olive Way & 6th Ave,,
2025-10-23,515,North,25208,,17:00:00,,,6,430,Howell St & 9th Ave,,
2025-10-23,515,North,25208,,,,,7,431,Howell St & Yale Ave,,
2025-10-23,515,North,25208,,17:22:00,,,10,2766,Mountlake Terrace Fwy Station Bay 7,,
2025-10-23,515,North,25208,,17:38:00,,,11,2118,Lynnwood City Center Station Bay A5,,
2025-10-23,515,North,25209,91905.0,17:00:00,17:00:56,17:00:56,0,640,4th Ave S & S Jackson St,5.0,0.0
2025-10-23,515,North,25209,91905.0,,17:02:09,17:02:27,1,635,4th Ave S & S Washington St,1.0,0.0
2025-10-23,515,North,25209,91905.0,,17:04:17,17:05:01,2,2638,4th Ave & Cherry St,5.0,0.0
2025-10-23,515,North,25209,91905.0,,17:09:15,17:10:19,3,641,4th Ave & Seneca St,6.0,0.0
2025-10-23,515,North,25209,91905.0,17:06:00,17:11:36,17:12:22,4,2976,4th Ave & Pine St,8.0,0.0
2025-10-23,515,North,25209,91905.0,,17:14:47,17:16:21,5,473,Olive Way & 6th Ave,22.0,0.0
2025-10-23,515,North,25209,91905.0,17:10:00,17:18:12,17:18:45,6,430,Howell St & 9th Ave,4.0,0.0
2025-10-23,515,North,25209,91905.0,,17:23:37,17:24:19,7,431,Howell St & Yale Ave,6.0,1.0
2025-10-23,515,North,25209,91905.0,17:32:00,17:46:23,17:46:53,10,2766,Mountlake Terrace Fwy Station Bay 7,0.0,7.0
2025-10-23,515,North,25209,91905.0,17:48:00,17:51:52,17:51:52,11,2118,Lynnwood City Center Station Bay A5,0.0,49.0
2025-10-23,515,North,25210,91722.0,17:10:00,17:11:57,17:11:57,0,640,4th Ave S & S Jackson St,2.0,0.0
2025-10-23,515,North,25210,91722.0,,17:12:39,17:12:39,1,635,4th Ave S & S Washington St,0.0,0.0
2025-10-23,515,North,25210,91722.0,,17:14:34,17:15:07,2,2638,4th Ave & Cherry St,5.0,0.0
2025-10-23,515,North,25210,91722.0,,17:19:27,17:20:47,3,641,4th Ave & Seneca St,5.0,0.0
2025-10-23,515,North,25210,91722.0,17:16:00,17:22:00,17:22:52,4,2976,4th Ave & Pine St,1.0,0.0
2025-10-23,515,North,25210,91722.0,,17:25:17,17:26:34,5,473,Olive Way & 6th Ave,5.0,0.0
2025-10-23,515,North,25210,91722.0,17:20:00,17:28:03,17:28:45,6,430,Howell St & 9th Ave,6.0,0.0
2025-10-23,515,North,25210,91722.0,,17:31:33,17:31:56,7,431,Howell St & Yale Ave,1.0,0.0
2025-10-23,515,North,25210,91722.0,17:42:00,17:54:55,17:55:25,10,2766,Mountlake Terrace Fwy Station Bay 7,0.0,7.0
2025-10-23,515,North,25210,91722.0,17:58:00,18:01:05,18:01:05,11,2118,Lynnwood City Center Station Bay A5,0.0,18.0
2025-10-23,515,North,25211,91726.0,17:20:00,17:21:06,17:21:06,0,640,4th Ave S & S Jackson St,1.0,0.0
2025-10-23,515,North,25211,91726.0,,17:21:38,17:21:38,1,635,4th Ave S & S Washington St,0.0,0.0
2025-10-23,515,North,25211,91726.0,,17:25:10,17:25:43,2,2638,4th Ave & Cherry St,5.0,0.0
2025-10-23,515,North,25211,91726.0,,17:30:50,17:31:25,3,641,4th Ave & Seneca St,4.0,0.0
2025-10-23,515,North,25211,91726.0,17:26:00,17:32:23,17:32:39,4,2976,4th Ave & Pine St,1.0,0.0
2025-10-23,515,North,25211,91726.0,,17:34:13,17:35:28,5,473,Olive Way & 6th Ave,8.0,0.0
2025-10-23,515,North,25211,91726.0,17:30:00,17:37:20,17:38:29,6,430,Howell St & 9th Ave,7.0,1.0
2025-10-23,515,North,25211,91726.0,,17:41:33,17:41:51,7,431,Howell St & Yale Ave,1.0,0.0
2025-10-23,515,North,25211,91726.0,17:51:00,18:05:18,18:05:46,10,2766,Mountlake Terrace Fwy Station Bay 7,1.0,9.0
2025-10-23,515,North,25211,91726.0,18:06:00,18:10:48,18:10:48,11,2118,Lynnwood City Center Station Bay A5,0.0,18.0
2025-10-23,515,North,25212,91505.0,17:40:00,17:40:32,17:40:32,0,640,4th Ave S & S Jackson St,2.0,0.0
2025-10-23,515,North,25212,91505.0,,17:41:23,17:41:23,1,635,4th Ave S & S Washington St,0.0,0.0
2025-10-23,515,North,25212,91505.0,,17:44:13,17:44:49,2,2638,4th Ave & Cherry St,5.0,1.0
2025-10-23,515,North,25212,91505.0,,17:49:13,17:49:41,3,641,4th Ave & Seneca St,3.0,1.0
2025-10-23,515,North,25212,91505.0,17:46:00,17:51:59,17:52:49,4,2976,4th Ave & Pine St,2.0,1.0
2025-10-23,515,North,25212,91505.0,,17:54:02,17:55:01,5,473,Olive Way & 6th Ave,12.0,0.0
2025-10-23,515,North,25212,91505.0,17:50:00,17:56:30,17:57:00,6,430,Howell St & 9th Ave,6.0,0.0
2025-10-23,515,North,25212,91505.0,,17:59:34,18:00:05,7,431,Howell St & Yale Ave,5.0,0.0
2025-10-23,515,North,25212,91505.0,18:09:00,18:20:58,18:21:26,10,2766,Mountlake Terrace Fwy Station Bay 7,0.0,11.0
2025-10-23,515,North,25212,91505.0,18:23:00,18:26:10,18:26:10,11,2118,Lynnwood City Center Station Bay A5,0.0,21.0
2025-10-23,515,North,25213,91901.0,18:00:00,18:02:00,18:02:00,0,640,4th Ave S & S Jackson St,6.0,0.0
2025-10-23,515,North,25213,91901.0,,,,1,635,4th Ave S & S Washington St,,
2025-10-23,515,North,25213,91901.0,,18:03:49,18:04:19,2,2638,4th Ave & Cherry St,3.0,0.0
2025-10-23,515,North,25213,91901.0,,18:06:02,18:07:11,3,641,4th Ave & Seneca St,5.0,0.0
2025-10-23,515,North,25213,91901.0,18:06:00,18:08:40,18:09:19,4,2976,4th Ave & Pine St,0.0,0.0
2025-10-23,515,North,25213,91901.0,,18:10:42,18:11:30,5,473,Olive Way & 6th Ave,6.0,0.0
2025-10-23,515,North,25213,91901.0,18:09:00,18:13:02,18:13:32,6,430,Howell St & 9th Ave,3.0,0.0
2025-10-23,515,North,25213,91901.0,,18:16:08,18:16:38,7,431,Howell St & Yale Ave,3.0,0.0
2025-10-23,515,North,25213,91901.0,18:27:00,18:34:51,18:35:22,10,2766,Mountlake Terrace Fwy Station Bay 7,1.0,8.0
2025-10-23,515,North,25213,91901.0,18:39:00,18:40:18,18:40:18,11,2118,Lynnwood City Center Station Bay A5,1.0,20.0
2025-10-23,515,North,25214,19852.0,18:20:00,18:20:20,18:20:20,0,640,4th Ave S & S Jackson St,0.0,0.0
2025-10-23,515,North,25214,19852.0,,18:21:24,18:21:35,1,635,4th Ave S & S Washington St,0.0,0.0
2025-10-23,515,North,25214,19852.0,,18:22:26,18:22:40,2,2638,4th Ave & Cherry St,0.0,0.0
2025-10-23,515,North,25214,19852.0,,18:24:17,18:24:35,3,641,4th Ave & Seneca St,1.0,0.0
2025-10-23,515,North,25214,19852.0,18:26:00,18:26:43,18:27:03,4,2976,4th Ave & Pine St,0.0,0.0
2025-10-23,515,North,25214,19852.0,,18:28:40,18:29:31,5,473,Olive Way & 6th Ave,2.0,0.0
2025-10-23,515,North,25214,19852.0,18:29:00,18:31:11,18:31:37,6,430,Howell St & 9th Ave,3.0,0.0
2025-10-23,515,North,25214,19852.0,,18:34:38,18:35:01,7,431,Howell St & Yale Ave,1.0,0.0
2025-10-23,515,North,25214,19852.0,18:47:00,18:49:40,18:50:01,10,2766,Mountlake Terrace Fwy Station Bay 7,0.0,7.0
2025-10-23,515,North,25214,19852.0,18:59:00,18:54:39,18:54:39,11,2118,Lynnwood City Center Station Bay A5,0.0,0.0
2025-10-23,515,North,25215,91717.0,18:40:00,18:42:33,18:42:33,0,640,4th Ave S & S Jackson St,0.0,0.0
2025-10-23,515,North,25215,91717.0,,18:44:22,18:44:43,1,635,4th Ave S & S Washington St,1.0,1.0
2025-10-23,515,North,25215,91717.0,,18:46:00,18:46:28,2,2638,4th Ave & Cherry St,2.0,0.0
2025-10-23,515,North,25215,91717.0,,18:48:28,18:49:21,3,641,4th Ave & Seneca St,0.0,0.0
2025-10-23,515,North,25215,91717.0,18:46:00,18:50:43,18:51:24,4,2976,4th Ave & Pine St,0.0,0.0
2025-10-23,515,North,25215,91717.0,,18:53:51,18:55:14,5,473,Olive Way & 6th Ave,5.0,0.0
2025-10-23,515,North,25215,91717.0,18:49:00,18:57:04,18:57:49,6,430,Howell St & 9th Ave,5.0,0.0
2025-10-23,515,North,25215,91717.0,,19:00:08,19:01:09,7,431,Howell St & Yale Ave,5.0,0.0
2025-10-23,515,North,25215,91717.0,19:07:00,19:14:30,19:15:18,10,2766,Mountlake Terrace Fwy Station Bay 7,0.0,1.0
2025-10-23,515,North,25215,91717.0,19:16:00,19:20:21,19:20:21,11,2118,Lynnwood City Center Station Bay A5,3.0,19.0
2025-10-23,515,South,25216,91712.0,04:30:00,04:30:29,04:30:29,0,2113,Lynnwood City Center Station Bay D1,19.0,0.0
2025-10-23,515,South,25216,91712.0,04:34:00,04:34:33,04:34:45,1,2765,Mountlake Terrace Fwy Station Bay 6,0.0,0.0
2025-10-23,515,South,25216,91712.0,04:51:00,04:49:17,04:50:05,4,1909,Stewart St & 9th Ave,0.0,3.0
2025-10-23,515,South,25216,91712.0,,04:51:08,04:51:29,5,1908,Stewart St & 7th Ave,0.0,4.0
2025-10-23,515,South,25216,91712.0,04:56:00,04:52:36,04:53:22,6,2698,5th Ave & Pine St,0.0,1.0
2025-10-23,515,South,25216,91712.0,,04:55:14,04:55:26,7,2700,5th Ave & Seneca St,0.0,0.0
2025-10-23,515,South,25216,91712.0,,04:56:38,04:57:09,8,2702,5th Ave & Marion St,0.0,4.0
2025-10-23,515,South,25216,91712.0,,04:58:11,04:58:33,9,2290,5th Ave & Jefferson St,0.0,5.0
2025-10-23,515,South,25216,91712.0,05:04:00,05:01:16,05:01:16,10,2706,5th Ave S & S Jackson St,0.0,2.0
2025-10-23,515,South,25217,91703.0,04:50:00,04:50:04,04:50:04,0,2113,Lynnwood City Center Station Bay D1,14.0,0.0
2025-10-23,515,South,25217,91703.0,04:54:00,04:53:58,04:54:31,1,2765,Mountlake Terrace Fwy Station Bay 6,5.0,0.0
2025-10-23,515,South,25217,91703.0,05:11:00,05:07:33,05:08:01,4,1909,Stewart St & 9th Ave,0.0,3.0
2025-10-23,515,South,25217,91703.0,,05:09:04,05:09:23,5,1908,Stewart St & 7th Ave,0.0,3.0
2025-10-23,515,South,25217,91703.0,05:16:00,05:10:25,05:10:36,6,2698,5th Ave & Pine St,0.0,0.0
2025-10-23,515,South,25217,91703.0,,05:12:09,05:12:34,7,2700,5th Ave & Seneca St,0.0,4.0
2025-10-23,515,South,25217,91703.0,,05:13:33,05:13:56,8,2702,5th Ave & Marion St,0.0,3.0
2025-10-23,515,South,25217,91703.0,,05:14:40,05:15:05,9,2290,5th Ave & Jefferson St,0.0,6.0
2025-10-23,515,South,25217,91703.0,05:24:00,05:16:34,05:16:34,10,2706,5th Ave S & S Jackson St,0.0,0.0
2025-10-23,515,South,25218,91728.0,05:10:00,05:10:05,05:10:05,0,2113,Lynnwood City Center Station Bay D1,20.0,0.0
2025-10-23,515,South,25218,91728.0,05:14:00,05:14:14,05:14:35,1,2765,Mountlake Terrace Fwy Station Bay 6,2.0,0.0
2025-10-23,515,South,25218,91728.0,05:31:00,05:28:46,05:29:18,4,1909,Stewart St & 9th Ave,1.0,7.0
2025-10-23,515,South,25218,91728.0,,05:30:03,05:30:35,5,1908,Stewart St & 7th Ave,0.0,2.0
2025-10-23,515,South,25218,91728.0,05:36:00,05:31:28,05:31:41,6,2698,5th Ave & Pine St,0.0,1.0
2025-10-23,515,South,25218,91728.0,,05:33:09,05:33:36,7,2700,5th Ave & Seneca St,0.0,4.0
2025-10-23,515,South,25218,91728.0,,05:34:32,05:35:08,8,2702,5th Ave & Marion St,0.0,4.0
2025-10-23,515,South,25218,91728.0,,05:35:43,05:36:13,9,2290,5th Ave & Jefferson St,0.0,5.0
2025-10-23,515,South,25218,91728.0,05:44:00,05:37:31,05:37:31,10,2706,5th Ave S & S Jackson St,0.0,0.0
2025-10-23,515,South,25219,91903.0,05:30:00,05:30:24,05:30:24,0,2113,Lynnwood City Center Station Bay D1,27.0,0.0
2025-10-23,515,South,25219,91903.0,05:34:00,05:34:42,05:34:54,1,2765,Mountlake Terrace Fwy Station Bay 6,0.0,0.0
2025-10-23,515,South,25219,91903.0,05:51:00,05:49:45,05:50:07,4,1909,Stewart St & 9th Ave,0.0,3.0
2025-10-23,515,South,25219,91903.0,,05:51:07,05:51:29,5,1908,Stewart St & 7th Ave,0.0,4.0
2025-10-23,515,South,25219,91903.0,05:56:00,05:52:32,05:53:21,6,2698,5th Ave & Pine St,0.0,0.0
2025-10-23,515,South,25219,91903.0,,05:54:21,05:55:02,7,2700,5th Ave & Seneca St,0.0,10.0
2025-10-23,515,South,25219,91903.0,,05:56:38,05:57:11,8,2702,5th Ave & Marion St,0.0,8.0
2025-10-23,515,South,25219,91903.0,,05:58:11,05:58:34,9,2290,5th Ave & Jefferson St,0.0,2.0
2025-10-23,515,South,25219,91903.0,06:05:00,06:02:11,06:02:11,10,2706,5th Ave S & S Jackson St,0.0,0.0
2025-10-23,515,South,25220,,05:55:00,,,0,2113,Lynnwood City Center Station Bay D1,,
2025-10-23,515,South,25220,,05:59:00,,,1,2765,Mountlake Terrace Fwy Station Bay 6,,
2025-10-23,515,South,25220,,06:16:00,,,4,1909,Stewart St & 9th Ave,,
2025-10-23,515,South,25220,,,,,5,1908,Stewart St & 7th Ave,,
2025-10-23,515,South,25220,,06:21:00,,,6,2698,5th Ave & Pine St,,
2025-10-23,515,South,25220,,,,,7,2700,5th Ave & Seneca St,,
2025-10-23,515,South,25220,,,,,8,2702,5th Ave & Marion St,,
2025-10-23,515,South,25220,,,,,9,2290,5th Ave & Jefferson St,,
2025-10-23,515,South,25220,,06:30:00,,,10,2706,5th Ave S & S Jackson St,,
2025-10-23,515,South,25221,91703.0,06:05:00,06:05:07,06:05:07,0,2113,Lynnwood City Center Station Bay D1,23.0,0.0
2025-10-23,515,South,25221,91703.0,06:09:00,06:09:11,06:09:48,1,2765,Mountlake Terrace Fwy Station Bay 6,5.0,0.0
2025-10-23,515,South,25221,91703.0,06:27:00,06:24:03,06:24:39,4,1909,Stewart St & 9th Ave,1.0,8.0
2025-10-23,515,South,25221,91703.0,,06:25:35,06:26:05,5,1908,Stewart St & 7th Ave,0.0,6.0
2025-10-23,515,South,25221,91703.0,06:32:00,06:27:21,06:27:30,6,2698,5th Ave & Pine St,0.0,0.0
2025-10-23,515,South,25221,91703.0,,06:29:07,06:29:32,7,2700,5th Ave & Seneca St,0.0,2.0
2025-10-23,515,South,25221,91703.0,,06:30:57,06:31:42,8,2702,5th Ave & Marion St,0.0,4.0
2025-10-23,515,South,25221,91703.0,,06:32:56,06:33:23,9,2290,5th Ave & Jefferson St,0.0,7.0
2025-10-23,515,South,25221,91703.0,06:41:00,06:35:37,06:35:37,10,2706,5th Ave S & S Jackson St,0.0,2.0
2025-10-23,515,South,25222,91726.0,06:15:00,06:15:46,06:15:46,0,2113,Lynnwood City Center Station Bay D1,45.0,0.0
2025-10-23,515,South,25222,91726.0,06:19:00,06:20:15,06:20:40,1,2765,Mountlake Terrace Fwy Station Bay 6,1.0,0.0
2025-10-23,515,South,25222,91726.0,06:37:00,06:35:27,06:35:57,4,1909,Stewart St & 9th Ave,0.0,6.0
2025-10-23,515,South,25222,91726.0,,06:36:29,06:36:55,5,1908,Stewart St & 7th Ave,0.0,7.0
2025-10-23,515,South,25222,91726.0,06:42:00,06:37:54,06:39:09,6,2698,5th Ave & Pine St,1.0,8.0
2025-10-23,515,South,25222,91726.0,,06:41:12,06:42:06,7,2700,5th Ave & Seneca St,0.0,14.0
2025-10-23,515,South,25222,91726.0,,06:43:05,06:43:47,8,2702,5th Ave & Marion St,0.0,6.0
2025-10-23,515,South,25222,91726.0,,06:45:03,06:46:02,9,2290,5th Ave & Jefferson St,0.0,6.0
2025-10-23,515,South,25222,91726.0,06:52:00,06:47:52,06:47:52,10,2706,5th Ave S & S Jackson St,0.0,0.0
2025-10-23,515,South,25223,91728.0,06:25:00,06:25:10,06:25:10,0,2113,Lynnwood City Center Station Bay D1,31.0,0.0
2025-10-23,515,South,25223,91728.0,06:29:00,06:29:23,06:29:45,1,2765,Mountlake Terrace Fwy Station Bay 6,2.0,0.0
2025-10-23,515,South,25223,91728.0,06:49:00,06:45:00,06:45:43,4,1909,Stewart St & 9th Ave,0.0,8.0
2025-10-23,515,South,25223,91728.0,,06:46:36,06:47:12,5,1908,Stewart St & 7th Ave,0.0,9.0
2025-10-23,515,South,25223,91728.0,06:54:00,06:48:20,06:48:43,6,2698,5th Ave & Pine St,0.0,3.0
2025-10-23,515,South,25223,91728.0,,06:50:35,06:51:11,7,2700,5th Ave & Seneca St,0.0,7.0
2025-10-23,515,South,25223,91728.0,,06:52:06,06:52:27,8,2702,5th Ave & Marion St,0.0,3.0
2025-10-23,515,South,25223,91728.0,,06:55:08,06:55:35,9,2290,5th Ave & Jefferson St,0.0,3.0
2025-10-23,515,South,25223,91728.0,07:05:00,06:58:24,06:58:24,10,2706,5th Ave S & S Jackson St,0.0,0.0
2025-10-23,515,South,25224,,06:35:00,,,0,2113,Lynnwood City Center Station Bay D1,,
2025-10-23,515,South,25224,,06:39:00,,,1,2765,Mountlake Terrace Fwy Station Bay 6,,
2025-10-23,515,South,25224,,07:00:00,,,4,1909,Stewart St & 9th Ave,,
2025-10-23,515,South,25224,,,,,5,1908,Stewart St & 7th Ave,,
2025-10-23,515,South,25224,,07:05:00,,,6,2698,5th Ave & Pine St,,
2025-10-23,515,South,25224,,,,,7,2700,5th Ave & Seneca St,,
2025-10-23,515,South,25224,,,,,8,2702,5th Ave & Marion St,,
2025-10-23,515,South,25224,,,,,9,2290,5th Ave & Jefferson St,,
2025-10-23,515,South,25224,,07:16:00,,,10,2706,5th Ave S & S Jackson St,,
2025-10-23,515,South,25225,91710.0,06:45:00,06:51:12,06:51:12,0,2113,Lynnwood City Center Station Bay D1,57.0,0.0
2025-10-23,515,South,25225,91710.0,06:50:00,06:55:57,06:56:58,1,2765,Mountlake Terrace Fwy Station Bay 6,3.0,0.0
2025-10-23,515,South,25225,91710.0,07:11:00,07:13:46,07:14:41,4,1909,Stewart St & 9th Ave,0.0,19.0
2025-10-23,515,South,25225,91710.0,,07:15:16,07:15:55,5,1908,Stewart St & 7th Ave,0.0,10.0
2025-10-23,515,South,25225,91710.0,07:16:00,07:18:26,07:19:35,6,2698,5th Ave & Pine St,0.0,5.0
2025-10-23,515,South,25225,91710.0,,07:21:40,07:22:08,7,2700,5th Ave & Seneca St,0.0,3.0
2025-10-23,515,South,25225,91710.0,,07:23:40,07:24:21,8,2702,5th Ave & Marion St,0.0,7.0
2025-10-23,515,South,25225,91710.0,,07:26:38,07:27:36,9,2290,5th Ave & Jefferson St,0.0,14.0
2025-10-23,515,South,25225,91710.0,07:27:00,07:29:20,07:29:20,10,2706,5th Ave S & S Jackson St,0.0,2.0
2025-10-23,515,South,25226,91708.0,06:55:00,06:55:56,06:55:56,0,2113,Lynnwood City Center Station Bay D1,22.0,0.0
2025-10-23,515,South,25226,91708.0,07:00:00,07:00:15,07:00:37,1,2765,Mountlake Terrace Fwy Station Bay 6,2.0,0.0
2025-10-23,515,South,25226,91708.0,07:21:00,07:15:58,07:16:24,4,1909,Stewart St & 9th Ave,1.0,5.0
2025-10-23,515,South,25226,91708.0,,07:16:52,07:17:27,5,1908,Stewart St & 7th Ave,0.0,8.0
2025-10-23,515,South,25226,91708.0,07:26:00,07:19:50,07:21:05,6,2698,5th Ave & Pine St,1.0,4.0
2025-10-23,515,South,25226,91708.0,,07:22:59,07:23:21,7,2700,5th Ave & Seneca St,0.0,3.0
2025-10-23,515,South,25226,91708.0,,07:24:57,07:25:48,8,2702,5th Ave & Marion St,0.0,6.0
2025-10-23,515,South,25226,91708.0,,07:26:59,07:27:18,9,2290,5th Ave & Jefferson St,0.0,0.0
2025-10-23,515,South,25226,91708.0,07:37:00,07:29:20,07:29:20,10,2706,5th Ave S & S Jackson St,0.0,0.0
2025-10-23,515,South,25227,91505.0,07:05:00,07:06:43,07:06:43,0,2113,Lynnwood City Center Station Bay D1,34.0,0.0
2025-10-23,515,South,25227,91505.0,07:10:00,07:11:32,07:12:56,1,2765,Mountlake Terrace Fwy Station Bay 6,10.0,0.0
2025-10-23,515,South,25227,91505.0,07:34:00,07:31:00,07:31:33,4,1909,Stewart St & 9th Ave,0.0,20.0
2025-10-23,515,South,25227,91505.0,,07:32:02,07:32:36,5,1908,Stewart St & 7th Ave,0.0,9.0
2025-10-23,515,South,25227,91505.0,07:39:00,07:34:50,07:36:03,6,2698,5th Ave & Pine St,1.0,4.0
2025-10-23,515,South,25227,91505.0,,07:37:01,07:37:28,7,2700,5th Ave & Seneca St,0.0,3.0
2025-10-23,515,South,25227,91505.0,,07:38:35,07:39:13,8,2702,5th Ave & Marion St,0.0,6.0
2025-10-23,515,South,25227,91505.0,,07:40:25,07:40:52,9,2290,5th Ave & Jefferson St,0.0,2.0
2025-10-23,515,South,25227,91505.0,07:50:00,07:42:42,07:42:42,10,2706,5th Ave S & S Jackson St,0.0,1.0
2025-10-23,515,South,25228,,07:15:00,,,0,2113,Lynnwood City Center Station Bay D1,,
2025-10-23,515,South,25228,,07:20:00,,,1,2765,Mountlake Terrace Fwy Station Bay 6,,
2025-10-23,515,South,25228,,07:51:00,,,4,1909,Stewart St & 9th Ave,,
2025-10-23,515,South,25228,,,,,5,1908,Stewart St & 7th Ave,,
2025-10-23,515,South,25228,,07:56:00,,,6,2698,5th Ave & Pine St,,
2025-10-23,515,South,25228,,,,,7,2700,5th Ave & Seneca St,,
2025-10-23,515,South,25228,,,,,8,2702,5th Ave & Marion St,,
2025-10-23,515,South,25228,,,,,9,2290,5th Ave & Jefferson St,,
2025-10-23,515,South,25228,,08:07:00,,,10,2706,5th Ave S & S Jackson St,,
2025-10-23,515,South,25229,19812.0,07:25:00,07:26:05,07:26:05,0,2113,Lynnwood City Center Station Bay D1,18.0,0.0
2025-10-23,515,South,25229,19812.0,07:30:00,07:32:10,07:33:28,1,2765,Mountlake Terrace Fwy Station Bay 6,18.0,0.0
2025-10-23,515,South,25229,19812.0,08:02:00,07:58:00,07:58:30,4,1909,Stewart St & 9th Ave,0.0,14.0
2025-10-23,515,South,25229,19812.0,,07:58:59,07:59:22,5,1908,Stewart St & 7th Ave,0.0,13.0
2025-10-23,515,South,25229,19812.0,08:07:00,08:00:29,08:01:35,6,2698,5th Ave & Pine St,0.0,1.0
2025-10-23,515,South,25229,19812.0,,08:03:46,08:04:04,7,2700,5th Ave & Seneca St,0.0,3.0
2025-10-23,515,South,25229,19812.0,,08:05:34,08:06:15,8,2702,5th Ave & Marion St,0.0,2.0
2025-10-23,515,South,25229,19812.0,,08:07:27,08:07:48,9,2290,5th Ave & Jefferson St,0.0,3.0
2025-10-23,515,South,25229,19812.0,08:18:00,08:10:41,08:10:41,10,2706,5th Ave S & S Jackson St,0.0,0.0
2025-10-23,515,South,25230,91701.0,07:35:00,07:38:45,07:38:45,0,2113,Lynnwood City Center Station Bay D1,27.0,0.0
2025-10-23,515,South,25230,91701.0,07:40:00,07:45:27,07:46:21,1,2765,Mountlake Terrace Fwy Station Bay 6,8.0,0.0
2025-10-23,515,South,25230,91701.0,08:13:00,08:10:51,08:11:41,4,1909,Stewart St & 9th Ave,0.0,17.0
2025-10-23,515,South,25230,91701.0,,08:12:12,08:12:56,5,1908,Stewart St & 7th Ave,2.0,8.0
2025-10-23,515,South,25230,91701.0,08:18:00,08:13:50,08:15:05,6,2698,5th Ave & Pine St,0.0,3.0
2025-10-23,515,South,25230,91701.0,,08:17:15,08:17:43,7,2700,5th Ave & Seneca St,0.0,1.0
2025-10-23,515,South,25230,91701.0,,08:20:27,08:21:17,8,2702,5th Ave & Marion St,0.0,7.0
2025-10-23,515,South,25230,91701.0,,08:22:28,08:23:01,9,2290,5th Ave & Jefferson St,0.0,0.0
2025-10-23,515,South,25230,91701.0,08:29:00,08:25:42,08:25:42,10,2706,5th Ave S & S Jackson St,0.0,1.0
2025-10-23,515,South,25231,19817.0,07:45:00,07:46:15,07:46:15,0,2113,Lynnwood City Center Station Bay D1,14.0,0.0
2025-10-23,515,South,25231,19817.0,07:50:00,07:53:08,07:53:52,1,2765,Mountlake Terrace Fwy Station Bay 6,8.0,0.0
2025-10-23,515,South,25231,19817.0,08:23:00,08:23:56,08:24:22,4,1909,Stewart St & 9th Ave,0.0,13.0
2025-10-23,515,South,25231,19817.0,,08:25:42,08:26:06,5,1908,Stewart St & 7th Ave,0.0,3.0
2025-10-23,515,South,25231,19817.0,08:28:00,08:27:47,08:28:38,6,2698,5th Ave & Pine St,0.0,1.0
2025-10-23,515,South,25231,19817.0,,08:30:41,08:30:57,7,2700,5th Ave & Seneca St,0.0,0.0
2025-10-23,515,South,25231,19817.0,,08:32:46,08:33:18,8,2702,5th Ave & Marion St,0.0,5.0
2025-10-23,515,South,25231,19817.0,,08:35:35,08:35:52,9,2290,5th Ave & Jefferson St,0.0,0.0
2025-10-23,515,South,25231,19817.0,08:39:00,08:37:24,08:37:24,10,2706,5th Ave S & S Jackson St,0.0,0.0
2025-10-23,515,South,25232,19857.0,07:55:00,07:57:29,07:57:29,0,2113,Lynnwood City Center Station Bay D1,20.0,0.0
2025-10-23,515,South,25232,19857.0,08:00:00,08:04:06,08:04:54,1,2765,Mountlake Terrace Fwy Station Bay 6,5.0,0.0
2025-10-23,515,South,25232,19857.0,08:35:00,08:34:53,08:35:42,4,1909,Stewart St & 9th Ave,0.0,12.0
2025-10-23,515,South,25232,19857.0,,08:36:33,08:37:02,5,1908,Stewart St & 7th Ave,0.0,6.0
2025-10-23,515,South,25232,19857.0,08:40:00,08:40:54,08:42:04,6,2698,5th Ave & Pine St,0.0,1.0
2025-10-23,515,South,25232,19857.0,,08:44:14,08:44:33,7,2700,5th Ave & Seneca St,1.0,2.0
2025-10-23,515,South,25232,19857.0,,08:47:31,08:48:18,8,2702,5th Ave & Marion St,0.0,3.0
2025-10-23,515,South,25232,19857.0,,08:49:49,08:50:09,9,2290,5th Ave & Jefferson St,0.0,1.0
2025-10-23,515,South,25232,19857.0,08:51:00,08:52:53,08:52:53,10,2706,5th Ave S & S Jackson St,0.0,1.0
2025-10-23,515,South,25233,91714.0,08:15:00,08:19:36,08:19:36,0,2113,Lynnwood City Center Station Bay D1,11.0,0.0
2025-10-23,515,South,25233,91714.0,08:19:00,08:24:50,08:25:41,1,2765,Mountlake Terrace Fwy Station Bay 6,13.0,0.0
2025-10-23,515,South,25233,91714.0,08:58:00,08:56:38,08:57:24,4,1909,Stewart St & 9th Ave,1.0,16.0
2025-10-23,515,South,25233,91714.0,,08:58:41,08:59:11,5,1908,Stewart St & 7th Ave,0.0,7.0
2025-10-23,515,South,25233,91714.0,09:03:00,09:01:54,09:03:05,6,2698,5th Ave & Pine St,0.0,0.0
2025-10-23,515,South,25233,91714.0,,09:05:04,09:05:35,7,2700,5th Ave & Seneca St,0.0,1.0
2025-10-23,515,South,25233,91714.0,,09:07:08,09:07:46,8,2702,5th Ave & Marion St,0.0,1.0
2025-10-23,515,South,25233,91714.0,,09:10:04,09:10:17,9,2290,5th Ave & Jefferson St,0.0,0.0
2025-10-23,515,South,25233,91714.0,09:14:00,09:12:42,09:12:42,10,2706,5th Ave S & S Jackson St,0.0,0.0
2025-10-23,515,South,25234,91708.0,08:35:00,08:37:04,08:37:04,0,2113,Lynnwood City Center Station Bay D1,7.0,0.0
2025-10-23,515,South,25234,91708.0,08:39:00,08:41:12,08:41:45,1,2765,Mountlake Terrace Fwy Station Bay 6,7.0,1.0
2025-10-23,515,South,25234,91708.0,09:18:00,09:09:14,09:09:40,4,1909,Stewart St & 9th Ave,1.0,4.0
2025-10-23,515,South,25234,91708.0,,09:10:42,09:11:05,5,1908,Stewart St & 7th Ave,0.0,4.0
2025-10-23,515,South,25234,91708.0,09:23:00,09:12:16,09:12:26,6,2698,5th Ave & Pine St,0.0,0.0
2025-10-23,515,South,25234,91708.0,,09:14:11,09:14:28,7,2700,5th Ave & Seneca St,1.0,1.0
2025-10-23,515,South,25234,91708.0,,09:16:06,09:16:45,8,2702,5th Ave & Marion St,0.0,3.0
2025-10-23,515,South,25234,91708.0,,09:17:55,09:18:15,9,2290,5th Ave & Jefferson St,0.0,2.0
2025-10-23,515,South,25234,91708.0,09:34:00,09:20:34,09:20:34,10,2706,5th Ave S & S Jackson St,1.0,2.0
2025-10-23,515,South,25235,19813.0,08:55:00,08:55:12,08:55:12,0,2113,Lynnwood City Center Station Bay D1,10.0,0.0
2025-10-23,515,South,25235,19813.0,08:59:00,08:59:48,09:00:18,1,2765,Mountlake Terrace Fwy Station Bay 6,4.0,0.0
2025-10-23,515,South,25235,19813.0,09:38:00,09:26:23,09:26:46,4,1909,Stewart St & 9th Ave,1.0,7.0
2025-10-23,515,South,25235,19813.0,,09:27:18,09:27:47,5,1908,Stewart St & 7th Ave,2.0,5.0
2025-10-23,515,South,25235,19813.0,09:43:00,09:30:26,09:31:33,6,2698,5th Ave & Pine St,0.0,0.0
2025-10-23,515,South,25235,19813.0,,09:33:25,09:33:44,7,2700,5th Ave & Seneca St,2.0,1.0
2025-10-23,515,South,25235,19813.0,,09:35:22,09:35:38,8,2702,5th Ave & Marion St,0.0,5.0
2025-10-23,515,South,25235,19813.0,,09:38:32,09:38:41,9,2290,5th Ave & Jefferson St,0.0,1.0
2025-10-23,515,South,25235,19813.0,09:54:00,09:40:41,09:40:41,10,2706,5th Ave S & S Jackson St,0.0,0.0
2025-10-24,515,North,25197,9560.0,15:00:00,15:00:16,15:00:16,0,640,4th Ave S & S Jackson St,1.0,0.0
2025-10-24,515,North,25197,9560.0,,15:00:50,15:01:00,1,635,4th Ave S & S Washington St,0.0,0.0
2025-10-24,515,North,25197,9560.0,,15:02:49,15:03:15,2,2638,4th Ave & Cherry St,2.0,0.0
2025-10-24,515,North,25197,9560.0,,15:06:13,15:07:14,3,641,4th Ave & Seneca St,1.0,4.0
2025-10-24,515,North,25197,9560.0,15:06:00,15:08:24,15:09:17,4,2976,4th Ave & Pine St,1.0,0.0
2025-10-24,515,North,25197,9560.0,,15:10:34,15:11:32,5,473,Olive Way & 6th Ave,5.0,0.0
2025-10-24,515,North,25197,9560.0,15:10:00,15:12:59,15:13:31,6,430,Howell St & 9th Ave,3.0,0.0
2025-10-24,515,North,25197,9560.0,,15:17:34,15:18:01,7,431,Howell St & Yale Ave,2.0,0.0
2025-10-24,515,North,25197,9560.0,15:30:00,15:38:41,15:38:56,10,2766,Mountlake Terrace Fwy Station Bay 7,0.0,11.0
2025-10-24,515,North,25197,9560.0,15:38:00,15:45:24,15:45:24,11,2118,Lynnwood City Center Station Bay A5,0.0,0.0
2025-10-24,515,North,25198,91730.0,15:10:00,15:13:48,15:13:48,0,640,4th Ave S & S Jackson St,2.0,0.0
2025-10-24,515,North,25198,91730.0,,15:14:28,15:14:47,1,635,4th Ave S & S Washington St,2.0,0.0
2025-10-24,515,North,25198,91730.0,,15:16:00,15:16:43,2,2638,4th Ave & Cherry St,10.0,0.0
2025-10-24,515,North,25198,91730.0,,15:18:50,15:19:36,3,641,4th Ave & Seneca St,4.0,0.0
2025-10-24,515,North,25198,91730.0,15:16:00,15:21:38,15:22:07,4,2976,4th Ave & Pine St,0.0,1.0
2025-10-24,515,North,25198,91730.0,,15:23:53,15:25:04,5,473,Olive Way & 6th Ave,6.0,1.0
2025-10-24,515,North,25198,91730.0,15:20:00,15:26:39,15:27:15,6,430,Howell St & 9th Ave,5.0,0.0
2025-10-24,515,North,25198,91730.0,,15:31:13,15:31:39,7,431,Howell St & Yale Ave,5.0,0.0
2025-10-24,515,North,25198,91730.0,15:40:00,15:56:44,15:57:19,10,2766,Mountlake Terrace Fwy Station Bay 7,0.0,8.0
2025-10-24,515,North,25198,91730.0,15:50:00,16:03:37,16:03:37,11,2118,Lynnwood City Center Station Bay A5,0.0,24.0
2025-10-24,515,North,25199,91903.0,15:20:00,15:20:37,15:20:37,0,640,4th Ave S & S Jackson St,1.0,0.0
2025-10-24,515,North,25199,91903.0,,15:21:38,15:21:46,1,635,4th Ave S & S Washington St,0.0,0.0
2025-10-24,515,North,25199,91903.0,,15:23:21,15:23:37,2,2638,4th Ave & Cherry St,0.0,0.0
2025-10-24,515,North,25199,91903.0,,15:25:05,15:25:17,3,641,4th Ave & Seneca St,1.0,0.0
2025-10-24,515,North,25199,91903.0,15:26:00,15:27:47,15:28:01,4,2976,4th Ave & Pine St,1.0,0.0
2025-10-24,515,North,25199,91903.0,,15:29:48,15:31:05,5,473,Olive Way & 6th Ave,3.0,0.0
2025-10-24,515,North,25199,91903.0,15:30:00,15:32:34,15:32:48,6,430,Howell St & 9th Ave,1.0,0.0
2025-10-24,515,North,25199,91903.0,,15:35:34,15:35:54,7,431,Howell St & Yale Ave,2.0,0.0
2025-10-24,515,North,25199,91903.0,15:51:00,16:01:16,16:01:31,10,2766,Mountlake Terrace Fwy Station Bay 7,0.0,9.0
2025-10-24,515,North,25199,91903.0,16:03:00,16:08:06,16:08:06,11,2118,Lynnwood City Center Station Bay A5,0.0,0.0
2025-10-24,515,North,25200,91708.0,15:30:00,15:30:15,15:30:15,0,640,4th Ave S & S Jackson St,1.0,0.0
2025-10-24,515,North,25200,91708.0,,15:31:42,15:32:12,1,635,4th Ave S & S Washington St,3.0,0.0
2025-10-24,515,North,25200,91708.0,,15:33:52,15:34:52,2,2638,4th Ave & Cherry St,3.0,0.0
2025-10-24,515,North,25200,91708.0,,15:36:00,15:37:16,3,641,4th Ave & Seneca St,3.0,0.0
2025-10-24,515,North,25200,91708.0,15:36:00,15:38:11,15:38:39,4,2976,4th Ave & Pine St,2.0,0.0
2025-10-24,515,North,25200,91708.0,,15:41:44,15:42:58,5,473,Olive Way & 6th Ave,2.0,0.0
2025-10-24,515,North,25200,91708.0,15:40:00,15:44:34,15:45:18,6,430,Howell St & 9th Ave,5.0,0.0
2025-10-24,515,North,25200,91708.0,,15:47:44,15:48:08,7,431,Howell St & Yale Ave,2.0,3.0
2025-10-24,515,North,25200,91708.0,16:02:00,16:14:18,16:14:49,10,2766,Mountlake Terrace Fwy Station Bay 7,0.0,18.0
2025-10-24,515,North,25200,91708.0,16:14:00,16:22:20,16:22:20,11,2118,Lynnwood City Center Station Bay A5,0.0,0.0
2025-10-24,515,North,25201,91722.0,15:40:00,15:40:27,15:40:27,0,640,4th Ave S & S Jackson St,1.0,0.0
2025-10-24,515,North,25201,91722.0,,15:41:03,15:41:11,1,635,4th Ave S & S Washington St,0.0,0.0
2025-10-24,515,North,25201,91722.0,,15:42:58,15:43:35,2,2638,4th Ave & Cherry St,8.0,0.0
2025-10-24,515,North,25201,91722.0,,15:46:12,15:46:37,3,641,4th Ave & Seneca St,3.0,0.0
2025-10-24,515,North,25201,91722.0,15:46:00,15:47:43,15:48:16,4,2976,4th Ave & Pine St,3.0,0.0
2025-10-24,515,North,25201,91722.0,,15:49:33,15:50:28,5,473,Olive Way & 6th Ave,6.0,0.0
2025-10-24,515,North,25201,91722.0,15:50:00,15:52:04,15:52:28,6,430,Howell St & 9th Ave,4.0,0.0
2025-10-24,515,North,25201,91722.0,,15:56:33,15:56:33,7,431,Howell St & Yale Ave,0.0,0.0
2025-10-24,515,North,25201,91722.0,16:12:00,16:24:20,16:24:39,10,2766,Mountlake Terrace Fwy Station Bay 7,0.0,4.0
2025-10-24,515,North,25201,91722.0,16:27:00,16:31:36,16:31:36,11,2118,Lynnwood City Center Station Bay A5,0.0,21.0
2025-10-24,515,North,25202,19814.0,15:50:00,,,0,640,4th Ave S & S Jackson St,,
2025-10-24,515,North,25202,19814.0,,,,1,635,4th Ave S & S Washington St,,
2025-10-24,515,North,25202,19814.0,,,,2,2638,4th Ave & Cherry St,,
2025-10-24,515,North,25202,19814.0,,,,3,641,4th Ave & Seneca St,,
2025-10-24,515,North,25202,19814.0,15:56:00,16:08:34,16:08:34,4,2976,4th Ave & Pine St,4.0,0.0
2025-10-24,515,North,25202,19814.0,,16:11:56,16:13:07,5,473,Olive Way & 6th Ave,23.0,2.0
2025-10-24,515,North,25202,19814.0,16:00:00,16:14:46,16:15:23,6,430,Howell St & 9th Ave,6.0,0.0
2025-10-24,515,North,25202,19814.0,,16:19:10,16:19:30,7,431,Howell St & Yale Ave,3.0,1.0
2025-10-24,515,North,25202,19814.0,16:23:00,16:47:48,16:47:59,10,2766,Mountlake Terrace Fwy Station Bay 7,0.0,0.0
2025-10-24,515,North,25202,19814.0,16:39:00,16:55:57,16:55:57,11,2118,Lynnwood City Center Station Bay A5,0.0,33.0
2025-10-24,515,North,25203,91712.0,16:00:00,16:04:29,16:04:29,0,640,4th Ave S & S Jackson St,3.0,0.0
2025-10-24,515,North,25203,91712.0,,16:05:16,16:05:24,1,635,4th Ave S & S Washington St,0.0,0.0
2025-10-24,515,North,25203,91712.0,,16:07:06,16:07:27,2,2638,4th Ave & Cherry St,2.0,0.0
2025-10-24,515,North,25203,91712.0,,16:10:18,16:10:34,3,641,4th Ave & Seneca St,0.0,1.0
2025-10-24,515,North,25203,91712.0,16:06:00,16:11:46,16:12:21,4,2976,4th Ave & Pine St,0.0,0.0
2025-10-24,515,North,25203,91712.0,,16:13:37,16:14:31,5,473,Olive Way & 6th Ave,2.0,0.0
2025-10-24,515,North,25203,91712.0,16:10:00,16:16:08,16:16:30,6,430,Howell St & 9th Ave,1.0,0.0
2025-10-24,515,North,25203,91712.0,,16:19:11,16:19:37,7,431,Howell St & Yale Ave,1.0,1.0
2025-10-24,515,North,25203,91712.0,16:33:00,16:47:50,16:48:19,10,2766,Mountlake Terrace Fwy Station Bay 7,0.0,2.0
2025-10-24,515,North,25203,91712.0,16:49:00,16:55:59,16:55:59,11,2118,Lynnwood City Center Station Bay A5,0.0,5.0
2025-10-24,515,North,25204,91704.0,16:10:00,16:14:59,16:14:59,0,640,4th Ave S & S Jackson St,0.0,0.0
2025-10-24,515,North,25204,91704.0,,16:16:02,16:16:27,1,635,4th Ave S & S Washington St,0.0,0.0
2025-10-24,515,North,25204,91704.0,,16:17:53,16:19:32,2,2638,4th Ave & Cherry St,3.0,0.0
2025-10-24,515,North,25204,91704.0,,16:21:09,16:22:17,3,641,4th Ave & Seneca St,1.0,0.0
2025-10-24,515,North,25204,91704.0,16:16:00,16:23:21,16:24:20,4,2976,4th Ave & Pine St,3.0,0.0
2025-10-24,515,North,25204,91704.0,,16:25:41,16:26:45,5,473,Olive Way & 6th Ave,2.0,0.0
2025-10-24,515,North,25204,91704.0,16:20:00,16:28:13,16:28:47,6,430,Howell St & 9th Ave,4.0,0.0
2025-10-24,515,North,25204,91704.0,,16:32:39,16:33:15,7,431,Howell St & Yale Ave,3.0,0.0
2025-10-24,515,North,25204,91704.0,16:43:00,17:02:25,17:02:55,10,2766,Mountlake Terrace Fwy Station Bay 7,1.0,17.0
2025-10-24,515,North,25204,91704.0,16:59:00,17:10:03,17:10:03,11,2118,Lynnwood City Center Station Bay A5,0.0,0.0
2025-10-24,515,North,25205,91711.0,16:20:00,16:32:01,16:32:01,0,640,4th Ave S & S Jackson St,1.0,0.0
2025-10-24,515,North,25205,91711.0,,,,1,635,4th Ave S & S Washington St,,
2025-10-24,515,North,25205,91711.0,,16:36:13,16:36:53,2,2638,4th Ave & Cherry St,3.0,0.0
2025-10-24,515,North,25205,91711.0,,16:38:48,16:39:28,3,641,4th Ave & Seneca St,3.0,0.0
2025-10-24,515,North,25205,91711.0,16:26:00,16:41:08,16:41:31,4,2976,4th Ave & Pine St,1.0,0.0
2025-10-24,515,North,25205,91711.0,,16:43:17,16:44:35,5,473,Olive Way & 6th Ave,4.0,0.0
2025-10-24,515,North,25205,91711.0,16:30:00,16:45:12,16:45:50,6,430,Howell St & 9th Ave,2.0,0.0
2025-10-24,515,North,25205,91711.0,,16:49:10,16:49:42,7,431,Howell St & Yale Ave,3.0,0.0
2025-10-24,515,North,25205,91711.0,16:53:00,17:19:23,17:19:42,10,2766,Mountlake Terrace Fwy Station Bay 7,0.0,17.0
2025-10-24,515,North,25205,91711.0,17:09:00,17:26:11,17:26:11,11,2118,Lynnwood City Center Station Bay A5,0.0,0.0
2025-10-24,515,North,25206,19857.0,16:30:00,16:40:41,16:40:41,0,640,4th Ave S & S Jackson St,2.0,0.0
2025-10-24,515,North,25206,19857.0,,16:42:14,16:42:22,1,635,4th Ave S & S Washington St,0.0,0.0
2025-10-24,515,North,25206,19857.0,,16:43:25,16:43:42,2,2638,4th Ave & Cherry St,0.0,0.0
2025-10-24,515,North,25206,19857.0,,16:46:21,16:46:30,3,641,4th Ave & Seneca St,0.0,0.0
2025-10-24,515,North,25206,19857.0,16:36:00,16:47:57,16:48:23,4,2976,4th Ave & Pine St,0.0,0.0
2025-10-24,515,North,25206,19857.0,,16:49:36,16:50:34,5,473,Olive Way & 6th Ave,0.0,0.0
2025-10-24,515,North,25206,19857.0,16:40:00,16:52:06,16:52:40,6,430,Howell St & 9th Ave,0.0,0.0
2025-10-24,515,North,25206,19857.0,,16:56:40,16:57:02,7,431,Howell St & Yale Ave,1.0,0.0
2025-10-24,515,North,25206,19857.0,17:03:00,17:25:59,17:26:16,10,2766,Mountlake Terrace Fwy Station Bay 7,0.0,3.0
2025-10-24,515,North,25206,19857.0,17:19:00,17:32:52,17:32:52,11,2118,Lynnwood City Center Station Bay A5,0.0,0.0
2025-10-24,515,North,25207,19853.0,16:40:00,16:40:37,16:40:37,0,640,4th Ave S & S Jackson St,2.0,0.0
2025-10-24,515,North,25207,19853.0,,16:41:09,16:41:24,1,635,4th Ave S & S Washington St,1.0,0.0
2025-10-24,515,North,25207,19853.0,,16:42:51,16:43:04,2,2638,4th Ave & Cherry St,1.0,0.0
2025-10-24,515,North,25207,19853.0,,16:45:01,16:45:21,3,641,4th Ave & Seneca St,3.0,0.0
2025-10-24,515,North,25207,19853.0,16:46:00,16:47:10,16:47:29,4,2976,4th Ave & Pine St,1.0,0.0
2025-10-24,515,North,25207,19853.0,,16:49:16,16:49:24,5,473,Olive Way & 6th Ave,0.0,0.0
2025-10-24,515,North,25207,19853.0,16:50:00,16:51:00,16:51:13,6,430,Howell St & 9th Ave,2.0,0.0
2025-10-24,515,North,25207,19853.0,,16:53:38,16:53:51,7,431,Howell St & Yale Ave,1.0,0.0
2025-10-24,515,North,25207,19853.0,17:13:00,17:22:12,17:22:32,10,2766,Mountlake Terrace Fwy Station Bay 7,0.0,11.0
2025-10-24,515,North,25207,19853.0,17:29:00,17:28:26,17:28:26,11,2118,Lynnwood City Center Station Bay A5,0.0,0.0
2025-10-24,515,North,25208,,16:50:00,,,0,640,4th Ave S & S Jackson St,,
2025-10-24,515,North,25208,,,,,1,635,4th Ave S & S Washington St,,
2025-10-24,515,North,25208,,,,,2,2638,4th Ave & Cherry St,,
2025-10-24,515,North,25208,,,,,3,641,4th Ave & Seneca St,,
2025-10-24,515,North,25208,,16:56:00,,,4,2976,4th Ave & Pine St,,
2025-10-24,515,North,25208,,,,,5,473,Olive Way & 6th Ave,,
2025-10-24,515,North,25208,,17:00:00,,,6,430,Howell St & 9th Ave,,
2025-10-24,515,North,25208,,,,,7,431,Howell St & Yale Ave,,
2025-10-24,515,North,25208,,17:22:00,,,10,2766,Mountlake Terrace Fwy Station Bay 7,,
2025-10-24,515,North,25208,,17:38:00,,,11,2118,Lynnwood City Center Station Bay A5,,
2025-10-24,515,North,25209,91910.0,17:00:00,17:00:15,17:00:15,0,640,4th Ave S & S Jackson St,0.0,0.0
2025-10-24,515,North,25209,91910.0,,17:00:52,17:01:00,1,635,4th Ave S & S Washington St,0.0,0.0
2025-10-24,515,North,25209,91910.0,,17:02:37,17:03:03,2,2638,4th Ave & Cherry St,1.0,0.0
2025-10-24,515,North,25209,91910.0,,17:05:29,17:05:50,3,641,4th Ave & Seneca St,0.0,0.0
2025-10-24,515,North,25209,91910.0,17:06:00,17:07:07,17:07:20,4,2976,4th Ave & Pine St,0.0,0.0
2025-10-24,515,North,25209,91910.0,,17:08:54,17:11:29,5,473,Olive Way & 6th Ave,3.0,0.0
2025-10-24,515,North,25209,91910.0,17:10:00,17:13:06,17:13:26,6,430,Howell St & 9th Ave,0.0,0.0
2025-10-24,515,North,25209,91910.0,,17:16:08,17:16:29,7,431,Howell St & Yale Ave,2.0,0.0
2025-10-24,515,North,25209,91910.0,17:32:00,17:44:53,17:45:12,10,2766,Mountlake Terrace Fwy Station Bay 7,0.0,6.0
2025-10-24,515,North,25209,91910.0,17:48:00,17:51:45,17:51:45,11,2118,Lynnwood City Center Station Bay A5,0.0,0.0
2025-10-24,515,North,25210,91728.0,17:10:00,17:12:00,17:12:00,0,640,4th Ave S & S Jackson St,0.0,0.0
2025-10-24,515,North,25210,91728.0,,17:12:44,17:12:44,1,635,4th Ave S & S Washington St,0.0,0.0
2025-10-24,515,North,25210,91728.0,,17:14:30,17:14:52,2,2638,4th Ave & Cherry St,1.0,0.0
2025-10-24,515,North,25210,91728.0,,17:17:32,17:18:13,3,641,4th Ave & Seneca St,3.0,0.0
2025-10-24,515,North,25210,91728.0,17:16:00,17:20:13,17:20:37,4,2976,4th Ave & Pine St,0.0,0.0
2025-10-24,515,North,25210,91728.0,,17:22:28,17:23:32,5,473,Olive Way & 6th Ave,5.0,0.0
2025-10-24,515,North,25210,91728.0,17:20:00,17:25:11,17:25:33,6,430,Howell St & 9th Ave,1.0,0.0
2025-10-24,515,North,25210,91728.0,,17:29:35,17:30:01,7,431,Howell St & Yale Ave,1.0,0.0
2025-10-24,515,North,25210,91728.0,17:42:00,17:57:36,17:57:59,10,2766,Mountlake Terrace Fwy Station Bay 7,0.0,11.0
2025-10-24,515,North,25210,91728.0,17:58:00,18:03:41,18:03:41,11,2118,Lynnwood City Center Station Bay A5,0.0,0.0
2025-10-24,515,North,25211,91703.0,17:20:00,17:28:26,17:28:26,0,640,4th Ave S & S Jackson St,2.0,0.0
2025-10-24,515,North,25211,91703.0,,17:29:06,17:29:06,1,635,4th Ave S & S Washington St,0.0,0.0
2025-10-24,515,North,25211,91703.0,,17:30:51,17:31:13,2,2638,4th Ave & Cherry St,3.0,0.0
2025-10-24,515,North,25211,91703.0,,17:34:02,17:34:41,3,641,4th Ave & Seneca St,8.0,0.0
2025-10-24,515,North,25211,91703.0,17:26:00,17:36:37,17:36:49,4,2976,4th Ave & Pine St,0.0,0.0
2025-10-24,515,North,25211,91703.0,,17:38:46,17:40:03,5,473,Olive Way & 6th Ave,3.0,0.0
2025-10-24,515,North,25211,91703.0,17:30:00,17:41:34,17:42:02,6,430,Howell St & 9th Ave,3.0,2.0
2025-10-24,515,North,25211,91703.0,,17:44:36,17:45:02,7,431,Howell St & Yale Ave,1.0,0.0
2025-10-24,515,North,25211,91703.0,17:51:00,18:09:25,18:09:56,10,2766,Mountlake Terrace Fwy Station Bay 7,0.0,2.0
2025-10-24,515,North,25211,91703.0,18:06:00,18:16:22,18:16:22,11,2118,Lynnwood City Center Station Bay A5,0.0,16.0
2025-10-24,515,North,25212,91902.0,17:40:00,17:40:36,17:40:36,0,640,4th Ave S & S Jackson St,6.0,0.0
2025-10-24,515,North,25212,91902.0,,17:41:20,17:41:28,1,635,4th Ave S & S Washington St,0.0,0.0
2025-10-24,515,North,25212,91902.0,,17:42:48,17:43:17,2,2638,4th Ave & Cherry St,2.0,0.0
2025-10-24,515,North,25212,91902.0,,17:44:59,17:46:11,3,641,4th Ave & Seneca St,7.0,0.0
2025-10-24,515,North,25212,91902.0,17:46:00,17:47:26,17:48:17,4,2976,4th Ave & Pine St,0.0,2.0
2025-10-24,515,North,25212,91902.0,,17:49:26,17:50:34,5,473,Olive Way & 6th Ave,6.0,0.0
2025-10-24,515,North,25212,91902.0,17:50:00,17:52:00,17:52:28,6,430,Howell St & 9th Ave,3.0,0.0
2025-10-24,515,North,25212,91902.0,,17:55:08,17:55:35,7,431,Howell St & Yale Ave,3.0,2.0
2025-10-24,515,North,25212,91902.0,18:09:00,18:17:09,18:17:46,10,2766,Mountlake Terrace Fwy Station Bay 7,0.0,8.0
2025-10-24,515,North,25212,91902.0,18:23:00,18:23:55,18:23:55,11,2118,Lynnwood City Center Station Bay A5,0.0,15.0
2025-10-24,515,North,25213,91717.0,18:00:00,18:00:51,18:00:51,0,640,4th Ave S & S Jackson St,2.0,0.0
2025-10-24,515,North,25213,91717.0,,,,1,635,4th Ave S & S Washington St,,
2025-10-24,515,North,25213,91717.0,,18:02:25,18:03:00,2,2638,4th Ave & Cherry St,4.0,0.0
2025-10-24,515,North,25213,91717.0,,18:05:30,18:06:08,3,641,4th Ave & Seneca St,5.0,0.0
2025-10-24,515,North,25213,91717.0,18:06:00,18:08:05,18:08:17,4,2976,4th Ave & Pine St,0.0,0.0
2025-10-24,515,North,25213,91717.0,,18:10:15,18:11:30,5,473,Olive Way & 6th Ave,2.0,0.0
2025-10-24,515,North,25213,91717.0,18:09:00,18:13:09,18:13:41,6,430,Howell St & 9th Ave,3.0,0.0
2025-10-24,515,North,25213,91717.0,,18:16:06,18:16:40,7,431,Howell St & Yale Ave,2.0,0.0
2025-10-24,515,North,25213,91717.0,18:27:00,18:35:34,18:36:36,10,2766,Mountlake Terrace Fwy Station Bay 7,1.0,4.0
2025-10-24,515,North,25213,91717.0,18:39:00,18:41:49,18:41:49,11,2118,Lynnwood City Center Station Bay A5,2.0,17.0
2025-10-24,515,North,25214,91704.0,18:20:00,18:22:27,18:22:27,0,640,4th Ave S & S Jackson St,3.0,0.0
2025-10-24,515,North,25214,91704.0,,18:23:03,18:23:16,1,635,4th Ave S & S Washington St,0.0,0.0
2025-10-24,515,North,25214,91704.0,,18:24:51,18:25:13,2,2638,4th Ave & Cherry St,1.0,0.0
2025-10-24,515,North,25214,91704.0,,18:26:56,18:27:24,3,641,4th Ave & Seneca St,2.0,0.0
2025-10-24,515,North,25214,91704.0,18:26:00,18:28:29,18:28:52,4,2976,4th Ave & Pine St,1.0,0.0
2025-10-24,515,North,25214,91704.0,,18:31:15,18:32:33,5,473,Olive Way & 6th Ave,3.0,0.0
2025-10-24,515,North,25214,91704.0,18:29:00,18:34:17,18:34:51,6,430,Howell St & 9th Ave,4.0,0.0
2025-10-24,515,North,25214,91704.0,,18:37:24,18:37:50,7,431,Howell St & Yale Ave,1.0,0.0
2025-10-24,515,North,25214,91704.0,18:47:00,18:51:57,18:52:18,10,2766,Mountlake Terrace Fwy Station Bay 7,1.0,4.0
2025-10-24,515,North,25214,91704.0,18:59:00,18:56:47,18:56:47,11,2118,Lynnwood City Center Station Bay A5,0.0,12.0
2025-10-24,515,North,25215,91727.0,18:40:00,18:43:29,18:43:29,0,640,4th Ave S & S Jackson St,1.0,0.0
2025-10-24,515,North,25215,91727.0,,18:44:13,18:44:31,1,635,4th Ave S & S Washington St,0.0,0.0
2025-10-24,515,North,25215,91727.0,,18:46:02,18:46:26,2,2638,4th Ave & Cherry St,1.0,0.0
2025-10-24,515,North,25215,91727.0,,18:48:16,18:49:16,3,641,4th Ave & Seneca St,0.0,0.0
2025-10-24,515,North,25215,91727.0,18:46:00,18:50:51,18:51:38,4,2976,4th Ave & Pine St,1.0,0.0
2025-10-24,515,North,25215,91727.0,,18:53:52,18:55:04,5,473,Olive Way & 6th Ave,0.0,0.0
2025-10-24,515,North,25215,91727.0,18:49:00,18:56:44,18:57:10,6,430,Howell St & 9th Ave,1.0,0.0
2025-10-24,515,North,25215,91727.0,,18:59:45,19:00:23,7,431,Howell St & Yale Ave,0.0,0.0
2025-10-24,515,North,25215,91727.0,19:07:00,19:15:43,19:16:13,10,2766,Mountlake Terrace Fwy Station Bay 7,0.0,1.0
2025-10-24,515,North,25215,91727.0,19:16:00,19:21:05,19:21:05,11,2118,Lynnwood City Center Station Bay A5,0.0,3.0
2025-10-24,515,South,25216,91905.0,04:30:00,04:30:11,04:30:11,0,2113,Lynnwood City Center Station Bay D1,21.0,0.0
2025-10-24,515,South,25216,91905.0,04:34:00,04:34:23,04:34:33,1,2765,Mountlake Terrace Fwy Station Bay 6,0.0,0.0
2025-10-24,515,South,25216,91905.0,04:51:00,04:49:13,04:50:04,4,1909,Stewart St & 9th Ave,0.0,3.0
2025-10-24,515,South,25216,91905.0,,04:51:06,04:51:28,5,1908,Stewart St & 7th Ave,0.0,3.0
2025-10-24,515,South,25216,91905.0,04:56:00,04:52:33,04:53:23,6,2698,5th Ave & Pine St,0.0,3.0
2025-10-24,515,South,25216,91905.0,,04:55:12,04:55:29,7,2700,5th Ave & Seneca St,0.0,3.0
2025-10-24,515,South,25216,91905.0,,04:56:37,04:57:04,8,2702,5th Ave & Marion St,0.0,4.0
2025-10-24,515,South,25216,91905.0,,04:58:10,04:58:33,9,2290,5th Ave & Jefferson St,0.0,2.0
2025-10-24,515,South,25216,91905.0,05:04:00,05:01:24,05:01:24,10,2706,5th Ave S & S Jackson St,0.0,3.0
2025-10-24,515,South,25217,91712.0,04:50:00,04:51:12,04:51:12,0,2113,Lynnwood City Center Station Bay D1,13.0,0.0
2025-10-24,515,South,25217,91712.0,04:54:00,04:55:13,04:55:33,1,2765,Mountlake Terrace Fwy Station Bay 6,2.0,0.0
2025-10-24,515,South,25217,91712.0,05:11:00,05:10:16,05:10:37,4,1909,Stewart St & 9th Ave,0.0,3.0
2025-10-24,515,South,25217,91712.0,,05:12:08,05:12:25,5,1908,Stewart St & 7th Ave,0.0,4.0
2025-10-24,515,South,25217,91712.0,05:16:00,05:13:35,05:14:22,6,2698,5th Ave & Pine St,0.0,2.0
2025-10-24,515,South,25217,91712.0,,05:16:11,05:16:32,7,2700,5th Ave & Seneca St,0.0,2.0
2025-10-24,515,South,25217,91712.0,,05:17:37,05:17:47,8,2702,5th Ave & Marion St,0.0,0.0
2025-10-24,515,South,25217,91712.0,,05:19:09,05:19:30,9,2290,5th Ave & Jefferson St,0.0,4.0
2025-10-24,515,South,25217,91712.0,05:24:00,05:21:29,05:21:29,10,2706,5th Ave S & S Jackson St,0.0,0.0
2025-10-24,515,South,25218,91708.0,05:10:00,05:10:07,05:10:07,0,2113,Lynnwood City Center Station Bay D1,21.0,0.0
2025-10-24,515,South,25218,91708.0,05:14:00,05:14:11,05:14:39,1,2765,Mountlake Terrace Fwy Station Bay 6,1.0,0.0
2025-10-24,515,South,25218,91708.0,05:31:00,05:28:39,05:29:20,4,1909,Stewart St & 9th Ave,1.0,8.0
2025-10-24,515,South,25218,91708.0,,05:30:03,05:30:27,5,1908,Stewart St & 7th Ave,0.0,4.0
2025-10-24,515,South,25218,91708.0,05:36:00,05:31:36,05:32:22,6,2698,5th Ave & Pine St,0.0,0.0
2025-10-24,515,South,25218,91708.0,,05:33:22,05:33:51,7,2700,5th Ave & Seneca St,0.0,6.0
2025-10-24,515,South,25218,91708.0,,05:34:30,05:35:09,8,2702,5th Ave & Marion St,0.0,2.0
2025-10-24,515,South,25218,91708.0,,05:35:50,05:36:20,9,2290,5th Ave & Jefferson St,0.0,3.0
2025-10-24,515,South,25218,91708.0,05:44:00,05:37:55,05:37:55,10,2706,5th Ave S & S Jackson St,0.0,0.0
2025-10-24,515,South,25219,91505.0,05:30:00,05:30:37,05:30:37,0,2113,Lynnwood City Center Station Bay D1,20.0,0.0
2025-10-24,515,South,25219,91505.0,05:34:00,05:35:11,05:35:24,1,2765,Mountlake Terrace Fwy Station Bay 6,0.0,0.0
2025-10-24,515,South,25219,91505.0,05:51:00,05:49:39,05:50:04,4,1909,Stewart St & 9th Ave,0.0,1.0
2025-10-24,515,South,25219,91505.0,,05:51:09,05:51:28,5,1908,Stewart St & 7th Ave,0.0,1.0
2025-10-24,515,South,25219,91505.0,05:56:00,05:52:31,05:53:21,6,2698,5th Ave & Pine St,0.0,1.0
2025-10-24,515,South,25219,91505.0,,05:54:20,05:54:54,7,2700,5th Ave & Seneca St,0.0,10.0
2025-10-24,515,South,25219,91505.0,,05:55:40,05:56:30,8,2702,5th Ave & Marion St,0.0,5.0
2025-10-24,515,South,25219,91505.0,,05:58:10,05:58:39,9,2290,5th Ave & Jefferson St,0.0,2.0
2025-10-24,515,South,25219,91505.0,06:05:00,06:01:30,06:01:30,10,2706,5th Ave S & S Jackson St,0.0,0.0
2025-10-24,515,South,25220,,05:55:00,,,0,2113,Lynnwood City Center Station Bay D1,,
2025-10-24,515,South,25220,,05:59:00,,,1,2765,Mountlake Terrace Fwy Station Bay 6,,
2025-10-24,515,South,25220,,06:16:00,,,4,1909,Stewart St & 9th Ave,,
2025-10-24,515,South,25220,,,,,5,1908,Stewart St & 7th Ave,,
2025-10-24,515,South,25220,,06:21:00,,,6,2698,5th Ave & Pine St,,
2025-10-24,515,South,25220,,,,,7,2700,5th Ave & Seneca St,,
2025-10-24,515,South,25220,,,,,8,2702,5th Ave & Marion St,,
2025-10-24,515,South,25220,,,,,9,2290,5th Ave & Jefferson St,,
2025-10-24,515,South,25220,,06:30:00,,,10,2706,5th Ave S & S Jackson St,,
2025-10-24,515,South,25221,91712.0,06:05:00,06:13:17,06:13:17,0,2113,Lynnwood City Center Station Bay D1,98.0,0.0
2025-10-24,515,South,25221,91712.0,06:09:00,06:17:23,06:18:40,1,2765,Mountlake Terrace Fwy Station Bay 6,5.0,0.0
2025-10-24,515,South,25221,91712.0,06:27:00,06:34:02,06:35:33,4,1909,Stewart St & 9th Ave,0.0,30.0
2025-10-24,515,South,25221,91712.0,,06:36:11,06:36:42,5,1908,Stewart St & 7th Ave,0.0,7.0
2025-10-24,515,South,25221,91712.0,06:32:00,06:37:54,06:39:05,6,2698,5th Ave & Pine St,0.0,15.0
2025-10-24,515,South,25221,91712.0,,06:40:02,06:40:46,7,2700,5th Ave & Seneca St,0.0,15.0
2025-10-24,515,South,25221,91712.0,,06:41:44,06:42:23,8,2702,5th Ave & Marion St,0.0,12.0
2025-10-24,515,South,25221,91712.0,,06:44:33,06:45:02,9,2290,5th Ave & Jefferson St,0.0,17.0
2025-10-24,515,South,25221,91712.0,06:41:00,06:47:43,06:47:43,10,2706,5th Ave S & S Jackson St,0.0,7.0
2025-10-24,515,South,25222,91721.0,06:15:00,06:15:17,06:15:17,0,2113,Lynnwood City Center Station Bay D1,24.0,0.0
2025-10-24,515,South,25222,91721.0,06:19:00,06:19:28,06:20:02,1,2765,Mountlake Terrace Fwy Station Bay 6,3.0,0.0
2025-10-24,515,South,25222,91721.0,06:37:00,06:35:29,06:35:55,4,1909,Stewart St & 9th Ave,0.0,9.0
2025-10-24,515,South,25222,91721.0,,06:36:29,06:36:50,5,1908,Stewart St & 7th Ave,0.0,5.0
2025-10-24,515,South,25222,91721.0,06:42:00,06:39:20,06:39:40,6,2698,5th Ave & Pine St,1.0,1.0
2025-10-24,515,South,25222,91721.0,,06:42:31,06:42:59,7,2700,5th Ave & Seneca St,0.0,7.0
2025-10-24,515,South,25222,91721.0,,06:44:33,06:45:17,8,2702,5th Ave & Marion St,0.0,5.0
2025-10-24,515,South,25222,91721.0,,06:47:34,06:47:54,9,2290,5th Ave & Jefferson St,0.0,1.0
2025-10-24,515,South,25222,91721.0,06:52:00,06:50:44,06:50:44,10,2706,5th Ave S & S Jackson St,0.0,0.0
2025-10-24,515,South,25223,91708.0,06:25:00,06:26:07,06:26:07,0,2113,Lynnwood City Center Station Bay D1,30.0,0.0
2025-10-24,515,South,25223,91708.0,06:29:00,06:30:33,06:31:14,1,2765,Mountlake Terrace Fwy Station Bay 6,4.0,1.0
2025-10-24,515,South,25223,91708.0,06:49:00,06:46:14,06:47:13,4,1909,Stewart St & 9th Ave,0.0,10.0
2025-10-24,515,South,25223,91708.0,,06:48:05,06:48:29,5,1908,Stewart St & 7th Ave,0.0,6.0
2025-10-24,515,South,25223,91708.0,06:54:00,06:49:51,06:50:12,6,2698,5th Ave & Pine St,0.0,2.0
2025-10-24,515,South,25223,91708.0,,06:51:54,06:52:27,7,2700,5th Ave & Seneca St,0.0,9.0
2025-10-24,515,South,25223,91708.0,,06:53:31,06:54:17,8,2702,5th Ave & Marion St,0.0,3.0
2025-10-24,515,South,25223,91708.0,,06:55:24,06:55:47,9,2290,5th Ave & Jefferson St,0.0,2.0
2025-10-24,515,South,25223,91708.0,07:05:00,06:57:40,06:57:40,10,2706,5th Ave S & S Jackson St,0.0,1.0
2025-10-24,515,South,25224,91719.0,06:35:00,06:38:29,06:38:29,0,2113,Lynnwood City Center Station Bay D1,25.0,0.0
2025-10-24,515,South,25224,91719.0,06:39:00,06:42:26,06:43:27,1,2765,Mountlake Terrace Fwy Station Bay 6,4.0,0.0
2025-10-24,515,South,25224,91719.0,07:00:00,06:59:30,06:59:58,4,1909,Stewart St & 9th Ave,0.0,10.0
2025-10-24,515,South,25224,91719.0,,07:00:25,07:00:49,5,1908,Stewart St & 7th Ave,0.0,6.0
2025-10-24,515,South,25224,91719.0,07:05:00,07:01:53,07:03:06,6,2698,5th Ave & Pine St,0.0,5.0
2025-10-24,515,South,25224,91719.0,,07:04:02,07:04:32,7,2700,5th Ave & Seneca St,0.0,6.0
2025-10-24,515,South,25224,91719.0,,07:05:31,07:06:18,8,2702,5th Ave & Marion St,0.0,1.0
2025-10-24,515,South,25224,91719.0,,07:07:34,07:07:52,9,2290,5th Ave & Jefferson St,0.0,1.0
2025-10-24,515,South,25224,91719.0,07:16:00,07:11:06,07:11:06,10,2706,5th Ave S & S Jackson St,0.0,0.0
2025-10-24,515,South,25225,91901.0,06:45:00,06:45:45,06:45:45,0,2113,Lynnwood City Center Station Bay D1,20.0,0.0
2025-10-24,515,South,25225,91901.0,06:50:00,06:50:06,06:50:41,1,2765,Mountlake Terrace Fwy Station Bay 6,7.0,0.0
2025-10-24,515,South,25225,91901.0,07:11:00,07:06:22,07:06:44,4,1909,Stewart St & 9th Ave,0.0,6.0
2025-10-24,515,South,25225,91901.0,,07:07:38,07:08:14,5,1908,Stewart St & 7th Ave,0.0,4.0
2025-10-24,515,South,25225,91901.0,07:16:00,07:09:17,07:09:39,6,2698,5th Ave & Pine St,0.0,1.0
2025-10-24,515,South,25225,91901.0,,07:11:28,07:11:44,7,2700,5th Ave & Seneca St,0.0,3.0
2025-10-24,515,South,25225,91901.0,,07:13:02,07:13:43,8,2702,5th Ave & Marion St,0.0,7.0
2025-10-24,515,South,25225,91901.0,,07:14:58,07:15:25,9,2290,5th Ave & Jefferson St,0.0,6.0
2025-10-24,515,South,25225,91901.0,07:27:00,07:17:02,07:17:02,10,2706,5th Ave S & S Jackson St,0.0,0.0
2025-10-24,515,South,25226,91704.0,06:55:00,06:55:49,06:55:49,0,2113,Lynnwood City Center Station Bay D1,24.0,0.0
2025-10-24,515,South,25226,91704.0,07:00:00,07:00:38,07:01:30,1,2765,Mountlake Terrace Fwy Station Bay 6,7.0,0.0
2025-10-24,515,South,25226,91704.0,07:21:00,07:17:35,07:18:10,4,1909,Stewart St & 9th Ave,1.0,9.0
2025-10-24,515,South,25226,91704.0,,07:19:37,07:20:07,5,1908,Stewart St & 7th Ave,0.0,5.0
2025-10-24,515,South,25226,91704.0,07:26:00,07:21:23,07:22:34,6,2698,5th Ave & Pine St,0.0,7.0
2025-10-24,515,South,25226,91704.0,,07:23:26,07:23:51,7,2700,5th Ave & Seneca St,0.0,6.0
2025-10-24,515,South,25226,91704.0,,07:25:00,07:25:46,8,2702,5th Ave & Marion St,0.0,2.0
2025-10-24,515,South,25226,91704.0,,07:27:59,07:28:32,9,2290,5th Ave & Jefferson St,0.0,3.0
2025-10-24,515,South,25226,91704.0,07:37:00,07:31:10,07:31:10,10,2706,5th Ave S & S Jackson St,0.0,0.0
2025-10-24,515,South,25227,9566.0,07:05:00,07:06:12,07:06:12,0,2113,Lynnwood City Center Station Bay D1,35.0,0.0
2025-10-24,515,South,25227,9566.0,07:10:00,07:10:36,07:11:34,1,2765,Mountlake Terrace Fwy Station Bay 6,3.0,0.0
2025-10-24,515,South,25227,9566.0,07:34:00,07:27:07,07:27:43,4,1909,Stewart St & 9th Ave,0.0,16.0
2025-10-24,515,South,25227,9566.0,,07:28:39,07:28:58,5,1908,Stewart St & 7th Ave,0.0,7.0
2025-10-24,515,South,25227,9566.0,07:39:00,07:30:21,07:30:36,6,2698,5th Ave & Pine St,0.0,1.0
2025-10-24,515,South,25227,9566.0,,07:32:18,07:32:33,7,2700,5th Ave & Seneca St,0.0,5.0
2025-10-24,515,South,25227,9566.0,,07:34:14,07:34:51,8,2702,5th Ave & Marion St,0.0,7.0
2025-10-24,515,South,25227,9566.0,,07:36:07,07:36:22,9,2290,5th Ave & Jefferson St,0.0,1.0
2025-10-24,515,South,25227,9566.0,07:50:00,07:39:13,07:39:13,10,2706,5th Ave S & S Jackson St,0.0,1.0
2025-10-24,515,South,25228,,07:15:00,,,0,2113,Lynnwood City Center Station Bay D1,,
2025-10-24,515,South,25228,,07:20:00,,,1,2765,Mountlake Terrace Fwy Station Bay 6,,
2025-10-24,515,South,25228,,07:51:00,,,4,1909,Stewart St & 9th Ave,,
2025-10-24,515,South,25228,,,,,5,1908,Stewart St & 7th Ave,,
2025-10-24,515,South,25228,,07:56:00,,,6,2698,5th Ave & Pine St,,
2025-10-24,515,South,25228,,,,,7,2700,5th Ave & Seneca St,,
2025-10-24,515,South,25228,,,,,8,2702,5th Ave & Marion St,,
2025-10-24,515,South,25228,,,,,9,2290,5th Ave & Jefferson St,,
2025-10-24,515,South,25228,,08:07:00,,,10,2706,5th Ave S & S Jackson St,,
2025-10-24,515,South,25229,91720.0,07:25:00,07:25:08,07:25:08,0,2113,Lynnwood City Center Station Bay D1,34.0,0.0
2025-10-24,515,South,25229,91720.0,07:30:00,07:30:33,07:31:22,1,2765,Mountlake Terrace Fwy Station Bay 6,9.0,0.0
2025-10-24,515,South,25229,91720.0,08:02:00,07:50:52,07:51:42,4,1909,Stewart St & 9th Ave,0.0,14.0
2025-10-24,515,South,25229,91720.0,,07:52:38,07:53:11,5,1908,Stewart St & 7th Ave,1.0,9.0
2025-10-24,515,South,25229,91720.0,08:07:00,07:54:26,07:55:35,6,2698,5th Ave & Pine St,3.0,5.0
2025-10-24,515,South,25229,91720.0,,07:57:29,07:57:51,7,2700,5th Ave & Seneca St,0.0,3.0
2025-10-24,515,South,25229,91720.0,,07:59:27,08:00:15,8,2702,5th Ave & Marion St,2.0,11.0
2025-10-24,515,South,25229,91720.0,,08:02:32,08:02:53,9,2290,5th Ave & Jefferson St,0.0,6.0
2025-10-24,515,South,25229,91720.0,08:18:00,08:04:16,08:04:16,10,2706,5th Ave S & S Jackson St,1.0,2.0
2025-10-24,515,South,25230,19852.0,07:35:00,07:36:05,07:36:05,0,2113,Lynnwood City Center Station Bay D1,11.0,0.0
2025-10-24,515,South,25230,19852.0,07:40:00,07:41:21,07:41:54,1,2765,Mountlake Terrace Fwy Station Bay 6,5.0,0.0
2025-10-24,515,South,25230,19852.0,08:13:00,08:01:32,08:02:01,4,1909,Stewart St & 9th Ave,0.0,9.0
2025-10-24,515,South,25230,19852.0,,08:03:13,08:03:38,5,1908,Stewart St & 7th Ave,0.0,2.0
2025-10-24,515,South,25230,19852.0,08:18:00,08:04:54,08:05:10,6,2698,5th Ave & Pine St,0.0,2.0
2025-10-24,515,South,25230,19852.0,,08:07:03,08:07:15,7,2700,5th Ave & Seneca St,0.0,0.0
2025-10-24,515,South,25230,19852.0,,08:08:48,08:09:17,8,2702,5th Ave & Marion St,0.0,3.0
2025-10-24,515,South,25230,19852.0,,08:10:30,08:10:42,9,2290,5th Ave & Jefferson St,0.0,0.0
2025-10-24,515,South,25230,19852.0,08:29:00,08:12:42,08:12:42,10,2706,5th Ave S & S Jackson St,1.0,1.0
2025-10-24,515,South,25231,91706.0,07:45:00,07:45:28,07:45:28,0,2113,Lynnwood City Center Station Bay D1,13.0,0.0
2025-10-24,515,South,25231,91706.0,07:50:00,07:50:57,07:52:14,1,2765,Mountlake Terrace Fwy Station Bay 6,9.0,0.0
2025-10-24,515,South,25231,91706.0,08:23:00,08:13:03,08:13:36,4,1909,Stewart St & 9th Ave,1.0,11.0
2025-10-24,515,South,25231,91706.0,,08:14:15,08:14:37,5,1908,Stewart St & 7th Ave,0.0,2.0
2025-10-24,515,South,25231,91706.0,08:28:00,08:16:50,08:17:09,6,2698,5th Ave & Pine St,0.0,1.0
2025-10-24,515,South,25231,91706.0,,08:19:02,08:19:30,7,2700,5th Ave & Seneca St,0.0,3.0
2025-10-24,515,South,25231,91706.0,,08:20:33,08:21:17,8,2702,5th Ave & Marion St,0.0,5.0
2025-10-24,515,South,25231,91706.0,,08:31:31,08:32:01,9,2290,5th Ave & Jefferson St,0.0,0.0
2025-10-24,515,South,25231,91706.0,08:39:00,08:34:00,08:34:00,10,2706,5th Ave S & S Jackson St,0.0,1.0
2025-10-24,515,South,25232,9560.0,07:55:00,07:56:25,07:56:25,0,2113,Lynnwood City Center Station Bay D1,9.0,0.0
2025-10-24,515,South,25232,9560.0,08:00:00,08:01:18,08:02:31,1,2765,Mountlake Terrace Fwy Station Bay 6,8.0,0.0
2025-10-24,515,South,25232,9560.0,08:35:00,08:19:47,08:20:11,4,1909,Stewart St & 9th Ave,0.0,8.0
2025-10-24,515,South,25232,9560.0,,08:21:08,08:21:34,5,1908,Stewart St & 7th Ave,0.0,2.0
2025-10-24,515,South,25232,9560.0,08:40:00,08:22:53,08:24:03,6,2698,5th Ave & Pine St,0.0,1.0
2025-10-24,515,South,25232,9560.0,,08:24:59,08:25:13,7,2700,5th Ave & Seneca St,0.0,0.0
2025-10-24,515,South,25232,9560.0,,08:26:48,08:27:14,8,2702,5th Ave & Marion St,0.0,3.0
2025-10-24,515,South,25232,9560.0,,08:32:37,08:32:55,9,2290,5th Ave & Jefferson St,0.0,1.0
2025-10-24,515,South,25232,9560.0,08:51:00,08:35:36,08:35:36,10,2706,5th Ave S & S Jackson St,0.0,2.0
2025-10-24,515,South,25233,91719.0,08:15:00,08:18:22,08:18:22,0,2113,Lynnwood City Center Station Bay D1,22.0,0.0
2025-10-24,515,South,25233,91719.0,08:19:00,08:22:38,08:23:18,1,2765,Mountlake Terrace Fwy Station Bay 6,3.0,1.0
2025-10-24,515,South,25233,91719.0,08:58:00,08:41:40,08:42:32,4,1909,Stewart St & 9th Ave,1.0,12.0
2025-10-24,515,South,25233,91719.0,,08:43:42,08:44:19,5,1908,Stewart St & 7th Ave,0.0,7.0
2025-10-24,515,South,25233,91719.0,09:03:00,08:46:49,08:48:04,6,2698,5th Ave & Pine St,0.0,1.0
2025-10-24,515,South,25233,91719.0,,08:50:19,08:50:49,7,2700,5th Ave & Seneca St,1.0,3.0
2025-10-24,515,South,25233,91719.0,,08:52:14,08:52:47,8,2702,5th Ave & Marion St,0.0,1.0
2025-10-24,515,South,25233,91719.0,,08:55:02,08:55:31,9,2290,5th Ave & Jefferson St,0.0,1.0
2025-10-24,515,South,25233,91719.0,09:14:00,08:57:56,08:57:56,10,2706,5th Ave S & S Jackson St,0.0,1.0
2025-10-24,515,South,25234,91707.0,08:35:00,08:35:33,08:35:33,0,2113,Lynnwood City Center Station Bay D1,21.0,0.0
2025-10-24,515,South,25234,91707.0,08:39:00,08:40:19,08:40:35,1,2765,Mountlake Terrace Fwy Station Bay 6,0.0,0.0
2025-10-24,515,South,25234,91707.0,09:18:00,09:04:08,09:04:36,4,1909,Stewart St & 9th Ave,0.0,7.0
2025-10-24,515,South,25234,91707.0,,09:05:10,09:05:38,5,1908,Stewart St & 7th Ave,0.0,6.0
2025-10-24,515,South,25234,91707.0,09:23:00,09:07:56,09:09:05,6,2698,5th Ave & Pine St,0.0,1.0
2025-10-24,515,South,25234,91707.0,,09:11:24,09:11:58,7,2700,5th Ave & Seneca St,0.0,5.0
2025-10-24,515,South,25234,91707.0,,09:13:10,09:13:48,8,2702,5th Ave & Marion St,0.0,1.0
2025-10-24,515,South,25234,91707.0,,09:15:04,09:15:33,9,2290,5th Ave & Jefferson St,0.0,1.0
2025-10-24,515,South,25234,91707.0,09:34:00,09:17:28,09:17:28,10,2706,5th Ave S & S Jackson St,0.0,0.0
2025-10-24,515,South,25235,91728.0,08:55:00,08:55:12,08:55:12,0,2113,Lynnwood City Center Station Bay D1,8.0,0.0
2025-10-24,515,South,25235,91728.0,08:59:00,09:00:25,09:00:25,1,2765,Mountlake Terrace Fwy Station Bay 6,0.0,0.0
2025-10-24,515,South,25235,91728.0,09:38:00,09:20:42,09:21:03,4,1909,Stewart St & 9th Ave,0.0,5.0
2025-10-24,515,South,25235,91728.0,,09:21:31,09:22:01,5,1908,Stewart St & 7th Ave,0.0,1.0
2025-10-24,515,South,25235,91728.0,09:43:00,09:25:52,09:26:10,6,2698,5th Ave & Pine St,0.0,1.0
2025-10-24,515,South,25235,91728.0,,09:28:02,09:28:02,7,2700,5th Ave & Seneca St,0.0,0.0
2025-10-24,515,South,25235,91728.0,,09:29:37,09:30:12,8,2702,5th Ave & Marion St,0.0,0.0
2025-10-24,515,South,25235,91728.0,,09:31:18,09:31:18,9,2290,5th Ave & Jefferson St,0.0,0.0
2025-10-24,515,South,25235,91728.0,09:54:00,09:32:58,09:32:58,10,2706,5th Ave S & S Jackson St,0.0,1.0
2025-10-27,515,North,25197,9566.0,15:00:00,15:00:12,15:00:12,0,640,4th Ave S & S Jackson St,4.0,0.0
2025-10-27,515,North,25197,9566.0,,15:00:43,15:01:15,1,635,4th Ave S & S Washington St,2.0,0.0
2025-10-27,515,North,25197,9566.0,,15:02:32,15:03:20,2,2638,4th Ave & Cherry St,6.0,0.0
2025-10-27,515,North,25197,9566.0,,15:04:36,15:06:08,3,641,4th Ave & Seneca St,5.0,0.0
2025-10-27,515,North,25197,9566.0,15:06:00,15:07:11,15:07:53,4,2976,4th Ave & Pine St,5.0,0.0
2025-10-27,515,North,25197,9566.0,,15:08:48,15:10:05,5,473,Olive Way & 6th Ave,2.0,0.0
2025-10-27,515,North,25197,9566.0,15:10:00,15:11:37,15:12:30,6,430,Howell St & 9th Ave,4.0,8.0
2025-10-27,515,North,25197,9566.0,,15:16:08,15:16:46,7,431,Howell St & Yale Ave,1.0,0.0
2025-10-27,515,North,25197,9566.0,15:30:00,15:30:55,15:31:28,10,2766,Mountlake Terrace Fwy Station Bay 7,0.0,21.0
2025-10-27,515,North,25197,9566.0,15:38:00,15:35:31,15:35:31,11,2118,Lynnwood City Center Station Bay A5,0.0,0.0
2025-10-27,515,North,25198,91727.0,15:10:00,15:10:23,15:10:23,0,640,4th Ave S & S Jackson St,0.0,0.0
2025-10-27,515,North,25198,91727.0,,15:11:13,15:11:31,1,635,4th Ave S & S Washington St,1.0,0.0
2025-10-27,515,North,25198,91727.0,,15:12:53,15:13:37,2,2638,4th Ave & Cherry St,5.0,0.0
2025-10-27,515,North,25198,91727.0,,15:15:02,15:16:37,3,641,4th Ave & Seneca St,3.0,0.0
2025-10-27,515,North,25198,91727.0,15:16:00,15:17:49,15:18:18,4,2976,4th Ave & Pine St,0.0,0.0
2025-10-27,515,North,25198,91727.0,,15:19:24,15:20:32,5,473,Olive Way & 6th Ave,7.0,0.0
2025-10-27,515,North,25198,91727.0,15:20:00,15:22:04,15:22:32,6,430,Howell St & 9th Ave,2.0,0.0
2025-10-27,515,North,25198,91727.0,,15:25:08,15:25:37,7,431,Howell St & Yale Ave,1.0,0.0
2025-10-27,515,North,25198,91727.0,15:40:00,15:40:36,15:41:03,10,2766,Mountlake Terrace Fwy Station Bay 7,0.0,19.0
2025-10-27,515,North,25198,91727.0,15:50:00,15:45:25,15:45:25,11,2118,Lynnwood City Center Station Bay A5,0.0,0.0
2025-10-27,515,North,25199,91708.0,15:20:00,15:20:58,15:20:58,0,640,4th Ave S & S Jackson St,1.0,0.0
2025-10-27,515,North,25199,91708.0,,15:21:33,15:21:42,1,635,4th Ave S & S Washington St,0.0,0.0
2025-10-27,515,North,25199,91708.0,,15:22:29,15:22:59,2,2638,4th Ave & Cherry St,3.0,0.0
2025-10-27,515,North,25199,91708.0,,15:24:15,15:25:54,3,641,4th Ave & Seneca St,2.0,0.0
2025-10-27,515,North,25199,91708.0,15:26:00,15:28:35,15:29:01,4,2976,4th Ave & Pine St,0.0,0.0
2025-10-27,515,North,25199,91708.0,,15:30:16,15:31:00,5,473,Olive Way & 6th Ave,4.0,0.0
2025-10-27,515,North,25199,91708.0,15:30:00,15:32:42,15:33:18,6,430,Howell St & 9th Ave,5.0,0.0
2025-10-27,515,North,25199,91708.0,,15:37:30,15:38:04,7,431,Howell St & Yale Ave,4.0,0.0
2025-10-27,515,North,25199,91708.0,15:51:00,15:53:10,15:53:32,10,2766,Mountlake Terrace Fwy Station Bay 7,0.0,19.0
2025-10-27,515,North,25199,91708.0,16:03:00,15:57:48,15:57:48,11,2118,Lynnwood City Center Station Bay A5,0.0,0.0
2025-10-27,515,North,25200,91908.0,15:30:00,15:30:15,15:30:15,0,640,4th Ave S & S Jackson St,3.0,0.0
2025-10-27,515,North,25200,91908.0,,15:30:49,15:31:13,1,635,4th Ave S & S Washington St,2.0,0.0
2025-10-27,515,North,25200,91908.0,,15:32:25,15:33:01,2,2638,4th Ave & Cherry St,5.0,0.0
2025-10-27,515,North,25200,91908.0,,15:34:28,15:35:45,3,641,4th Ave & Seneca St,2.0,0.0
2025-10-27,515,North,25200,91908.0,15:36:00,15:36:57,15:37:50,4,2976,4th Ave & Pine St,3.0,5.0
2025-10-27,515,North,25200,91908.0,,15:38:53,15:40:03,5,473,Olive Way & 6th Ave,1.0,9.0
2025-10-27,515,North,25200,91908.0,15:40:00,15:41:46,15:42:54,6,430,Howell St & 9th Ave,6.0,0.0
2025-10-27,515,North,25200,91908.0,,15:46:07,15:46:23,7,431,Howell St & Yale Ave,1.0,0.0
2025-10-27,515,North,25200,91908.0,16:02:00,16:00:43,16:01:12,10,2766,Mountlake Terrace Fwy Station Bay 7,0.0,9.0
2025-10-27,515,North,25200,91908.0,16:14:00,16:06:25,16:06:25,11,2118,Lynnwood City Center Station Bay A5,0.0,0.0
2025-10-27,515,North,25201,19852.0,15:40:00,15:43:08,15:43:08,0,640,4th Ave S & S Jackson St,3.0,0.0
2025-10-27,515,North,25201,19852.0,,15:44:00,15:44:00,1,635,4th Ave S & S Washington St,0.0,0.0
2025-10-27,515,North,25201,19852.0,,15:44:55,15:45:47,2,2638,4th Ave & Cherry St,5.0,0.0
2025-10-27,515,North,25201,19852.0,,15:48:00,15:48:17,3,641,4th Ave & Seneca St,0.0,0.0
2025-10-27,515,North,25201,19852.0,15:46:00,15:50:15,15:50:46,4,2976,4th Ave & Pine St,3.0,0.0
2025-10-27,515,North,25201,19852.0,,15:52:25,15:53:37,5,473,Olive Way & 6th Ave,3.0,0.0
2025-10-27,515,North,25201,19852.0,15:50:00,15:55:08,15:55:49,6,430,Howell St & 9th Ave,3.0,0.0
2025-10-27,515,North,25201,19852.0,,15:59:40,16:00:10,7,431,Howell St & Yale Ave,1.0,0.0
2025-10-27,515,North,25201,19852.0,16:12:00,16:15:02,16:15:29,10,2766,Mountlake Terrace Fwy Station Bay 7,0.0,18.0
2025-10-27,515,North,25201,19852.0,16:27:00,16:19:29,16:19:29,11,2118,Lynnwood City Center Station Bay A5,0.0,0.0
2025-10-27,515,North,25202,91710.0,15:50:00,15:50:21,15:50:21,0,640,4th Ave S & S Jackson St,2.0,0.0
2025-10-27,515,North,25202,91710.0,,15:51:26,15:51:48,1,635,4th Ave S & S Washington St,3.0,0.0
2025-10-27,515,North,25202,91710.0,,15:53:24,15:53:46,2,2638,4th Ave & Cherry St,4.0,0.0
2025-10-27,515,North,25202,91710.0,,15:55:15,15:55:37,3,641,4th Ave & Seneca St,2.0,0.0
2025-10-27,515,North,25202,91710.0,15:56:00,15:56:40,15:57:20,4,2976,4th Ave & Pine St,1.0,0.0
2025-10-27,515,North,25202,91710.0,,15:58:09,15:59:30,5,473,Olive Way & 6th Ave,8.0,0.0
2025-10-27,515,North,25202,91710.0,16:00:00,16:00:07,16:00:29,6,430,Howell St & 9th Ave,4.0,0.0
2025-10-27,515,North,25202,91710.0,,16:04:04,16:04:16,7,431,Howell St & Yale Ave,0.0,0.0
2025-10-27,515,North,25202,91710.0,16:23:00,16:18:33,16:18:58,10,2766,Mountlake Terrace Fwy Station Bay 7,0.0,5.0
2025-10-27,515,North,25202,91710.0,16:39:00,16:22:56,16:22:56,11,2118,Lynnwood City Center Station Bay A5,0.0,19.0
2025-10-27,515,North,25203,19813.0,16:00:00,16:01:22,16:01:22,0,640,4th Ave S & S Jackson St,1.0,0.0
2025-10-27,515,North,25203,19813.0,,16:02:01,16:02:19,1,635,4th Ave S & S Washington St,1.0,0.0
2025-10-27,515,North,25203,19813.0,,16:03:49,16:04:14,2,2638,4th Ave & Cherry St,2.0,0.0
2025-10-27,515,North,25203,19813.0,,16:08:57,16:09:22,3,641,4th Ave & Seneca St,4.0,0.0
2025-10-27,515,North,25203,19813.0,16:06:00,16:11:23,16:11:38,4,2976,4th Ave & Pine St,1.0,0.0
2025-10-27,515,North,25203,19813.0,,16:13:35,16:14:34,5,473,Olive Way & 6th Ave,8.0,0.0
2025-10-27,515,North,25203,19813.0,16:10:00,16:16:16,16:16:56,6,430,Howell St & 9th Ave,5.0,0.0
2025-10-27,515,North,25203,19813.0,,16:20:43,16:21:12,7,431,Howell St & Yale Ave,3.0,0.0
2025-10-27,515,North,25203,19813.0,16:33:00,16:36:54,16:37:18,10,2766,Mountlake Terrace Fwy Station Bay 7,0.0,25.0
2025-10-27,515,North,25203,19813.0,16:49:00,16:41:43,16:41:43,11,2118,Lynnwood City Center Station Bay A5,0.0,0.0
2025-10-27,515,North,25204,19855.0,16:10:00,16:10:29,16:10:29,0,640,4th Ave S & S Jackson St,2.0,0.0
2025-10-27,515,North,25204,19855.0,,16:11:27,16:11:37,1,635,4th Ave S & S Washington St,0.0,0.0
2025-10-27,515,North,25204,19855.0,,16:12:58,16:13:36,2,2638,4th Ave & Cherry St,3.0,0.0
2025-10-27,515,North,25204,19855.0,,16:15:56,16:17:03,3,641,4th Ave & Seneca St,3.0,0.0
2025-10-27,515,North,25204,19855.0,16:16:00,16:19:04,16:19:49,4,2976,4th Ave & Pine St,2.0,0.0
2025-10-27,515,North,25204,19855.0,,16:20:57,16:21:58,5,473,Olive Way & 6th Ave,1.0,0.0
2025-10-27,515,North,25204,19855.0,16:20:00,16:23:34,16:24:09,6,430,Howell St & 9th Ave,3.0,0.0
2025-10-27,515,North,25204,19855.0,,16:28:08,16:28:55,7,431,Howell St & Yale Ave,2.0,0.0
2025-10-27,515,North,25204,19855.0,16:43:00,16:44:00,16:44:29,10,2766,Mountlake Terrace Fwy Station Bay 7,0.0,16.0
2025-10-27,515,North,25204,19855.0,16:59:00,16:48:41,16:48:41,11,2118,Lynnwood City Center Station Bay A5,0.0,0.0
2025-10-27,515,North,25205,91905.0,16:20:00,16:20:48,16:20:48,0,640,4th Ave S & S Jackson St,5.0,0.0
2025-10-27,515,North,25205,91905.0,,16:21:29,16:22:16,1,635,4th Ave S & S Washington St,0.0,0.0
2025-10-27,515,North,25205,91905.0,,16:23:34,16:24:18,2,2638,4th Ave & Cherry St,8.0,0.0
2025-10-27,515,North,25205,91905.0,,16:25:34,16:26:44,3,641,4th Ave & Seneca St,4.0,2.0
2025-10-27,515,North,25205,91905.0,16:26:00,16:27:54,16:28:18,4,2976,4th Ave & Pine St,1.0,0.0
2025-10-27,515,North,25205,91905.0,,16:29:52,16:31:01,5,473,Olive Way & 6th Ave,9.0,0.0
2025-10-27,515,North,25205,91905.0,16:30:00,16:31:36,16:32:44,6,430,Howell St & 9th Ave,5.0,0.0
2025-10-27,515,North,25205,91905.0,,16:35:35,16:36:51,7,431,Howell St & Yale Ave,3.0,0.0
2025-10-27,515,North,25205,91905.0,16:53:00,16:51:27,16:52:08,10,2766,Mountlake Terrace Fwy Station Bay 7,0.0,33.0
2025-10-27,515,North,25205,91905.0,17:09:00,16:56:54,16:56:54,11,2118,Lynnwood City Center Station Bay A5,0.0,0.0
2025-10-27,515,North,25206,91703.0,16:30:00,16:31:25,16:31:25,0,640,4th Ave S & S Jackson St,1.0,0.0
2025-10-27,515,North,25206,91703.0,,16:31:53,16:32:18,1,635,4th Ave S & S Washington St,1.0,0.0
2025-10-27,515,North,25206,91703.0,,16:33:49,16:34:32,2,2638,4th Ave & Cherry St,10.0,0.0
2025-10-27,515,North,25206,91703.0,,16:35:54,16:37:30,3,641,4th Ave & Seneca St,10.0,0.0
2025-10-27,515,North,25206,91703.0,16:36:00,16:38:24,16:39:23,4,2976,4th Ave & Pine St,4.0,1.0
2025-10-27,515,North,25206,91703.0,,16:40:31,16:41:52,5,473,Olive Way & 6th Ave,17.0,0.0
2025-10-27,515,North,25206,91703.0,16:40:00,16:43:35,16:44:20,6,430,Howell St & 9th Ave,9.0,0.0
2025-10-27,515,North,25206,91703.0,,16:47:35,16:48:02,7,431,Howell St & Yale Ave,4.0,1.0
2025-10-27,515,North,25206,91703.0,17:03:00,17:02:25,17:02:59,10,2766,Mountlake Terrace Fwy Station Bay 7,0.0,17.0
2025-10-27,515,North,25206,91703.0,17:19:00,17:07:10,17:07:10,11,2118,Lynnwood City Center Station Bay A5,0.0,37.0
2025-10-27,515,North,25207,19857.0,16:40:00,16:40:30,16:40:30,0,640,4th Ave S & S Jackson St,1.0,0.0
2025-10-27,515,North,25207,19857.0,,16:41:11,16:41:19,1,635,4th Ave S & S Washington St,0.0,0.0
2025-10-27,515,North,25207,19857.0,,16:42:48,16:43:19,2,2638,4th Ave & Cherry St,4.0,0.0
2025-10-27,515,North,25207,19857.0,,16:45:05,16:46:14,3,641,4th Ave & Seneca St,2.0,0.0
2025-10-27,515,North,25207,19857.0,16:46:00,16:47:27,16:48:17,4,2976,4th Ave & Pine St,2.0,0.0
2025-10-27,515,North,25207,19857.0,,16:49:21,16:50:33,5,473,Olive Way & 6th Ave,4.0,2.0
2025-10-27,515,North,25207,19857.0,16:50:00,16:52:01,16:52:32,6,430,Howell St & 9th Ave,5.0,0.0
2025-10-27,515,North,25207,19857.0,,16:55:05,16:55:17,7,431,Howell St & Yale Ave,1.0,0.0
2025-10-27,515,North,25207,19857.0,17:13:00,17:08:39,17:09:01,10,2766,Mountlake Terrace Fwy Station Bay 7,0.0,17.0
2025-10-27,515,North,25207,19857.0,17:29:00,17:13:25,17:13:25,11,2118,Lynnwood City Center Station Bay A5,0.0,0.0
2025-10-27,515,North,25208,,16:50:00,,,0,640,4th Ave S & S Jackson St,,
2025-10-27,515,North,25208,,,,,1,635,4th Ave S & S Washington St,,
2025-10-27,515,North,25208,,,,,2,2638,4th Ave & Cherry St,,
2025-10-27,515,North,25208,,,,,3,641,4th Ave & Seneca St,,
2025-10-27,515,North,25208,,16:56:00,,,4,2976,4th Ave & Pine St,,
2025-10-27,515,North,25208,,,,,5,473,Olive Way & 6th Ave,,
2025-10-27,515,North,25208,,17:00:00,,,6,430,Howell St & 9th Ave,,
2025-10-27,515,North,25208,,,,,7,431,Howell St & Yale Ave,,
2025-10-27,515,North,25208,,17:22:00,,,10,2766,Mountlake Terrace Fwy Station Bay 7,,
2025-10-27,515,North,25208,,17:38:00,,,11,2118,Lynnwood City Center Station Bay A5,,
2025-10-27,515,North,25209,91714.0,17:00:00,17:01:12,17:01:12,0,640,4th Ave S & S Jackson St,4.0,0.0
2025-10-27,515,North,25209,91714.0,,17:01:58,17:02:11,1,635,4th Ave S & S Washington St,0.0,0.0
2025-10-27,515,North,25209,91714.0,,17:03:52,17:04:31,2,2638,4th Ave & Cherry St,3.0,0.0
2025-10-27,515,North,25209,91714.0,,17:06:10,17:07:42,3,641,4th Ave & Seneca St,5.0,2.0
2025-10-27,515,North,25209,91714.0,17:06:00,17:08:44,17:09:18,4,2976,4th Ave & Pine St,0.0,2.0
2025-10-27,515,North,25209,91714.0,,17:10:35,17:11:48,5,473,Olive Way & 6th Ave,6.0,0.0
2025-10-27,515,North,25209,91714.0,17:10:00,17:13:41,17:14:24,6,430,Howell St & 9th Ave,3.0,0.0
2025-10-27,515,North,25209,91714.0,,17:17:33,17:18:00,7,431,Howell St & Yale Ave,2.0,6.0
2025-10-27,515,North,25209,91714.0,17:32:00,17:31:35,17:32:03,10,2766,Mountlake Terrace Fwy Station Bay 7,0.0,13.0
2025-10-27,515,North,25209,91714.0,17:48:00,17:35:52,17:35:52,11,2118,Lynnwood City Center Station Bay A5,0.0,0.0
2025-10-27,515,North,25210,91504.0,17:10:00,17:10:23,17:10:23,0,640,4th Ave S & S Jackson St,5.0,0.0
2025-10-27,515,North,25210,91504.0,,17:11:12,17:11:30,1,635,4th Ave S & S Washington St,0.0,0.0
2025-10-27,515,North,25210,91504.0,,17:12:51,17:13:17,2,2638,4th Ave & Cherry St,2.0,0.0
2025-10-27,515,North,25210,91504.0,,17:15:42,17:16:27,3,641,4th Ave & Seneca St,9.0,0.0
2025-10-27,515,North,25210,91504.0,17:16:00,17:17:30,17:18:53,4,2976,4th Ave & Pine St,2.0,0.0
2025-10-27,515,North,25210,91504.0,,17:20:48,17:22:04,5,473,Olive Way & 6th Ave,15.0,0.0
2025-10-27,515,North,25210,91504.0,17:20:00,17:23:34,17:23:55,6,430,Howell St & 9th Ave,4.0,0.0
2025-10-27,515,North,25210,91504.0,,17:26:37,17:27:06,7,431,Howell St & Yale Ave,5.0,0.0
2025-10-27,515,North,25210,91504.0,17:42:00,17:40:34,17:41:12,10,2766,Mountlake Terrace Fwy Station Bay 7,1.0,16.0
2025-10-27,515,North,25210,91504.0,17:58:00,17:45:15,17:45:15,11,2118,Lynnwood City Center Station Bay A5,0.0,27.0
2025-10-27,515,North,25211,91720.0,17:20:00,17:21:00,17:21:00,0,640,4th Ave S & S Jackson St,6.0,0.0
2025-10-27,515,North,25211,91720.0,,17:21:37,17:21:50,1,635,4th Ave S & S Washington St,0.0,0.0
2025-10-27,515,North,25211,91720.0,,17:23:25,17:24:03,2,2638,4th Ave & Cherry St,3.0,1.0
2025-10-27,515,North,25211,91720.0,,17:25:52,17:26:46,3,641,4th Ave & Seneca St,7.0,2.0
2025-10-27,515,North,25211,91720.0,17:26:00,17:28:04,17:28:49,4,2976,4th Ave & Pine St,2.0,0.0
2025-10-27,515,North,25211,91720.0,,17:31:16,17:32:31,5,473,Olive Way & 6th Ave,6.0,0.0
2025-10-27,515,North,25211,91720.0,17:30:00,17:33:07,17:33:38,6,430,Howell St & 9th Ave,4.0,1.0
2025-10-27,515,North,25211,91720.0,,17:37:06,17:37:27,7,431,Howell St & Yale Ave,3.0,1.0
2025-10-27,515,North,25211,91720.0,17:51:00,17:50:45,17:51:10,10,2766,Mountlake Terrace Fwy Station Bay 7,0.0,6.0
2025-10-27,515,North,25211,91720.0,18:06:00,17:54:56,17:54:56,11,2118,Lynnwood City Center Station Bay A5,0.0,20.0
2025-10-27,515,North,25212,19812.0,17:40:00,17:47:55,17:47:55,0,640,4th Ave S & S Jackson St,2.0,0.0
2025-10-27,515,North,25212,19812.0,,17:48:32,17:48:42,1,635,4th Ave S & S Washington St,0.0,0.0
2025-10-27,515,North,25212,19812.0,,17:49:38,17:50:04,2,2638,4th Ave & Cherry St,2.0,0.0
2025-10-27,515,North,25212,19812.0,,17:51:08,17:52:19,3,641,4th Ave & Seneca St,6.0,0.0
2025-10-27,515,North,25212,19812.0,17:46:00,17:53:41,17:54:46,4,2976,4th Ave & Pine St,2.0,0.0
2025-10-27,515,North,25212,19812.0,,17:55:36,17:56:28,5,473,Olive Way & 6th Ave,6.0,0.0
2025-10-27,515,North,25212,19812.0,17:50:00,17:57:09,17:57:37,6,430,Howell St & 9th Ave,3.0,0.0
2025-10-27,515,North,25212,19812.0,,17:59:55,18:00:19,7,431,Howell St & Yale Ave,3.0,2.0
2025-10-27,515,North,25212,19812.0,18:09:00,18:12:59,18:13:21,10,2766,Mountlake Terrace Fwy Station Bay 7,0.0,22.0
2025-10-27,515,North,25212,19812.0,18:23:00,18:17:19,18:17:19,11,2118,Lynnwood City Center Station Bay A5,0.0,0.0
2025-10-27,515,North,25213,91731.0,18:00:00,18:03:25,18:03:25,0,640,4th Ave S & S Jackson St,9.0,0.0
2025-10-27,515,North,25213,91731.0,,,,1,635,4th Ave S & S Washington St,,
2025-10-27,515,North,25213,91731.0,,18:03:50,18:05:11,2,2638,4th Ave & Cherry St,0.0,0.0
2025-10-27,515,North,25213,91731.0,,18:07:25,18:07:25,3,641,4th Ave & Seneca St,0.0,0.0
2025-10-27,515,North,25213,91731.0,18:06:00,18:09:28,18:09:28,4,2976,4th Ave & Pine St,0.0,0.0
2025-10-27,515,North,25213,91731.0,,18:11:37,18:11:37,5,473,Olive Way & 6th Ave,0.0,0.0
2025-10-27,515,North,25213,91731.0,18:09:00,18:13:02,18:13:27,6,430,Howell St & 9th Ave,0.0,1.0
2025-10-27,515,North,25213,91731.0,,18:16:41,18:16:41,7,431,Howell St & Yale Ave,0.0,0.0
2025-10-27,515,North,25213,91731.0,18:27:00,18:30:43,18:31:13,10,2766,Mountlake Terrace Fwy Station Bay 7,0.0,3.0
2025-10-27,515,North,25213,91731.0,18:39:00,18:35:46,18:35:46,11,2118,Lynnwood City Center Station Bay A5,0.0,5.0
2025-10-27,515,North,25214,19855.0,18:20:00,18:20:18,18:20:18,0,640,4th Ave S & S Jackson St,0.0,0.0
2025-10-27,515,North,25214,19855.0,,18:21:28,18:21:39,1,635,4th Ave S & S Washington St,0.0,0.0
2025-10-27,515,North,25214,19855.0,,18:23:19,18:23:37,2,2638,4th Ave & Cherry St,1.0,0.0
2025-10-27,515,North,25214,19855.0,,18:25:17,18:25:43,3,641,4th Ave & Seneca St,0.0,0.0
2025-10-27,515,North,25214,19855.0,18:26:00,18:26:45,18:27:17,4,2976,4th Ave & Pine St,2.0,0.0
2025-10-27,515,North,25214,19855.0,,18:28:37,18:29:28,5,473,Olive Way & 6th Ave,4.0,0.0
2025-10-27,515,North,25214,19855.0,18:29:00,18:30:08,18:30:29,6,430,Howell St & 9th Ave,2.0,0.0
2025-10-27,515,North,25214,19855.0,,18:32:50,18:33:11,7,431,Howell St & Yale Ave,1.0,0.0
2025-10-27,515,North,25214,19855.0,18:47:00,18:45:46,18:46:12,10,2766,Mountlake Terrace Fwy Station Bay 7,0.0,10.0
2025-10-27,515,North,25214,19855.0,18:59:00,18:50:27,18:50:27,11,2118,Lynnwood City Center Station Bay A5,0.0,0.0
2025-10-27,515,North,25215,91721.0,18:40:00,18:42:16,18:42:16,0,640,4th Ave S & S Jackson St,0.0,0.0
2025-10-27,515,North,25215,91721.0,,18:43:14,18:43:56,1,635,4th Ave S & S Washington St,2.0,1.0
2025-10-27,515,North,25215,91721.0,,18:46:02,18:46:35,2,2638,4th Ave & Cherry St,0.0,1.0
2025-10-27,515,North,25215,91721.0,,18:48:18,18:49:18,3,641,4th Ave & Seneca St,0.0,0.0
2025-10-27,515,North,25215,91721.0,18:46:00,18:50:34,18:51:21,4,2976,4th Ave & Pine St,1.0,0.0
2025-10-27,515,North,25215,91721.0,,18:52:32,18:53:32,5,473,Olive Way & 6th Ave,3.0,0.0
2025-10-27,515,North,25215,91721.0,18:49:00,18:55:10,18:55:46,6,430,Howell St & 9th Ave,4.0,0.0
2025-10-27,515,North,25215,91721.0,,18:58:11,18:58:42,7,431,Howell St & Yale Ave,0.0,0.0
2025-10-27,515,North,25215,91721.0,19:07:00,19:11:15,19:12:12,10,2766,Mountlake Terrace Fwy Station Bay 7,0.0,0.0
2025-10-27,515,North,25215,91721.0,19:16:00,19:17:01,19:17:01,11,2118,Lynnwood City Center Station Bay A5,0.0,8.0
2025-10-27,515,South,25216,91905.0,04:30:00,04:30:27,04:30:27,0,2113,Lynnwood City Center Station Bay D1,15.0,0.0
2025-10-27,515,South,25216,91905.0,04:34:00,04:34:43,04:35:04,1,2765,Mountlake Terrace Fwy Station Bay 6,1.0,0.0
2025-10-27,515,South,25216,91905.0,04:51:00,04:49:14,04:50:04,4,1909,Stewart St & 9th Ave,0.0,4.0
2025-10-27,515,South,25216,91905.0,,04:51:07,04:51:27,5,1908,Stewart St & 7th Ave,0.0,3.0
2025-10-27,515,South,25216,91905.0,04:56:00,04:52:27,04:52:41,6,2698,5th Ave & Pine St,0.0,0.0
2025-10-27,515,South,25216,91905.0,,04:54:14,04:54:29,7,2700,5th Ave & Seneca St,0.0,3.0
2025-10-27,515,South,25216,91905.0,,04:55:35,04:55:54,8,2702,5th Ave & Marion St,0.0,2.0
2025-10-27,515,South,25216,91905.0,,04:56:41,04:57:03,9,2290,5th Ave & Jefferson St,0.0,4.0
2025-10-27,515,South,25216,91905.0,05:04:00,04:59:08,04:59:08,10,2706,5th Ave S & S Jackson St,0.0,0.0
2025-10-27,515,South,25217,91726.0,04:50:00,04:51:48,04:51:48,0,2113,Lynnwood City Center Station Bay D1,8.0,0.0
2025-10-27,515,South,25217,91726.0,04:54:00,04:55:49,04:56:25,1,2765,Mountlake Terrace Fwy Station Bay 6,5.0,0.0
2025-10-27,515,South,25217,91726.0,05:11:00,05:11:12,05:12:03,4,1909,Stewart St & 9th Ave,0.0,1.0
2025-10-27,515,South,25217,91726.0,,05:13:04,05:13:26,5,1908,Stewart St & 7th Ave,0.0,1.0
2025-10-27,515,South,25217,91726.0,05:16:00,05:14:27,05:14:42,6,2698,5th Ave & Pine St,0.0,0.0
2025-10-27,515,South,25217,91726.0,,05:16:15,05:16:39,7,2700,5th Ave & Seneca St,0.0,1.0
2025-10-27,515,South,25217,91726.0,,05:17:33,05:17:52,8,2702,5th Ave & Marion St,0.0,1.0
2025-10-27,515,South,25217,91726.0,,05:19:09,05:19:37,9,2290,5th Ave & Jefferson St,0.0,6.0
2025-10-27,515,South,25217,91726.0,05:24:00,05:21:29,05:21:29,10,2706,5th Ave S & S Jackson St,0.0,3.0
2025-10-27,515,South,25218,91714.0,05:10:00,05:12:16,05:12:16,0,2113,Lynnwood City Center Station Bay D1,24.0,0.0
2025-10-27,515,South,25218,91714.0,05:14:00,05:16:41,05:17:05,1,2765,Mountlake Terrace Fwy Station Bay 6,2.0,0.0
2025-10-27,515,South,25218,91714.0,05:31:00,05:32:19,05:32:41,4,1909,Stewart St & 9th Ave,0.0,5.0
2025-10-27,515,South,25218,91714.0,,05:34:08,05:34:40,5,1908,Stewart St & 7th Ave,0.0,9.0
2025-10-27,515,South,25218,91714.0,05:36:00,05:36:34,05:37:21,6,2698,5th Ave & Pine St,0.0,1.0
2025-10-27,515,South,25218,91714.0,,05:39:15,05:39:37,7,2700,5th Ave & Seneca St,0.0,3.0
2025-10-27,515,South,25218,91714.0,,05:40:40,05:41:07,8,2702,5th Ave & Marion St,0.0,5.0
2025-10-27,515,South,25218,91714.0,,05:41:52,05:42:12,9,2290,5th Ave & Jefferson St,0.0,3.0
2025-10-27,515,South,25218,91714.0,05:44:00,05:43:43,05:43:43,10,2706,5th Ave S & S Jackson St,0.0,0.0
2025-10-27,515,South,25219,91722.0,05:30:00,05:30:58,05:30:58,0,2113,Lynnwood City Center Station Bay D1,28.0,0.0
2025-10-27,515,South,25219,91722.0,05:34:00,05:35:43,05:35:57,1,2765,Mountlake Terrace Fwy Station Bay 6,0.0,0.0
2025-10-27,515,South,25219,91722.0,05:51:00,05:52:19,05:53:03,4,1909,Stewart St & 9th Ave,0.0,6.0
2025-10-27,515,South,25219,91722.0,,05:54:10,05:54:28,5,1908,Stewart St & 7th Ave,0.0,1.0
2025-10-27,515,South,25219,91722.0,05:56:00,05:55:35,05:56:21,6,2698,5th Ave & Pine St,0.0,0.0
2025-10-27,515,South,25219,91722.0,,05:58:17,05:58:52,7,2700,5th Ave & Seneca St,0.0,8.0
2025-10-27,515,South,25219,91722.0,,05:59:43,06:00:27,8,2702,5th Ave & Marion St,0.0,7.0
2025-10-27,515,South,25219,91722.0,,06:01:27,06:01:59,9,2290,5th Ave & Jefferson St,0.0,4.0
2025-10-27,515,South,25219,91722.0,06:05:00,06:05:02,06:05:02,10,2706,5th Ave S & S Jackson St,1.0,3.0
2025-10-27,515,South,25220,,05:55:00,,,0,2113,Lynnwood City Center Station Bay D1,,
2025-10-27,515,South,25220,,05:59:00,,,1,2765,Mountlake Terrace Fwy Station Bay 6,,
2025-10-27,515,South,25220,,06:16:00,,,4,1909,Stewart St & 9th Ave,,
2025-10-27,515,South,25220,,,,,5,1908,Stewart St & 7th Ave,,
2025-10-27,515,South,25220,,06:21:00,,,6,2698,5th Ave & Pine St,,
2025-10-27,515,South,25220,,,,,7,2700,5th Ave & Seneca St,,
2025-10-27,515,South,25220,,,,,8,2702,5th Ave & Marion St,,
2025-10-27,515,South,25220,,,,,9,2290,5th Ave & Jefferson St,,
2025-10-27,515,South,25220,,06:30:00,,,10,2706,5th Ave S & S Jackson St,,
2025-10-27,515,South,25221,91726.0,06:05:00,06:06:22,06:06:22,0,2113,Lynnwood City Center Station Bay D1,27.0,0.0
2025-10-27,515,South,25221,91726.0,06:09:00,06:10:32,06:11:11,1,2765,Mountlake Terrace Fwy Station Bay 6,6.0,0.0
2025-10-27,515,South,25221,91726.0,06:27:00,06:26:27,06:27:05,4,1909,Stewart St & 9th Ave,2.0,10.0
2025-10-27,515,South,25221,91726.0,,06:28:36,06:29:03,5,1908,Stewart St & 7th Ave,0.0,2.0
2025-10-27,515,South,25221,91726.0,06:32:00,06:30:21,06:31:34,6,2698,5th Ave & Pine St,0.0,1.0
2025-10-27,515,South,25221,91726.0,,06:32:32,06:32:52,7,2700,5th Ave & Seneca St,0.0,3.0
2025-10-27,515,South,25221,91726.0,,06:34:00,06:34:44,8,2702,5th Ave & Marion St,0.0,6.0
2025-10-27,515,South,25221,91726.0,,06:35:57,06:36:28,9,2290,5th Ave & Jefferson St,0.0,8.0
2025-10-27,515,South,25221,91726.0,06:41:00,06:38:56,06:38:56,10,2706,5th Ave S & S Jackson St,0.0,5.0
2025-10-27,515,South,25222,91704.0,06:15:00,06:17:08,06:17:08,0,2113,Lynnwood City Center Station Bay D1,47.0,0.0
2025-10-27,515,South,25222,91704.0,06:19:00,06:21:37,06:22:52,1,2765,Mountlake Terrace Fwy Station Bay 6,4.0,1.0
2025-10-27,515,South,25222,91704.0,06:37:00,06:37:29,06:38:17,4,1909,Stewart St & 9th Ave,0.0,6.0
2025-10-27,515,South,25222,91704.0,,06:39:11,06:40:00,5,1908,Stewart St & 7th Ave,0.0,7.0
2025-10-27,515,South,25222,91704.0,06:42:00,06:42:22,06:43:36,6,2698,5th Ave & Pine St,0.0,8.0
2025-10-27,515,South,25222,91704.0,,06:44:30,06:45:15,7,2700,5th Ave & Seneca St,0.0,15.0
2025-10-27,515,South,25222,91704.0,,06:46:00,06:46:46,8,2702,5th Ave & Marion St,0.0,10.0
2025-10-27,515,South,25222,91704.0,,06:47:55,06:48:33,9,2290,5th Ave & Jefferson St,0.0,4.0
2025-10-27,515,South,25222,91704.0,06:52:00,06:50:51,06:50:51,10,2706,5th Ave S & S Jackson St,0.0,0.0
2025-10-27,515,South,25223,91714.0,06:25:00,06:28:22,06:28:22,0,2113,Lynnwood City Center Station Bay D1,30.0,0.0
2025-10-27,515,South,25223,91714.0,06:29:00,06:32:49,06:33:15,1,2765,Mountlake Terrace Fwy Station Bay 6,2.0,0.0
2025-10-27,515,South,25223,91714.0,06:49:00,06:50:23,06:50:59,4,1909,Stewart St & 9th Ave,0.0,11.0
2025-10-27,515,South,25223,91714.0,,06:52:39,06:53:04,5,1908,Stewart St & 7th Ave,0.0,7.0
2025-10-27,515,South,25223,91714.0,06:54:00,06:54:24,06:55:34,6,2698,5th Ave & Pine St,0.0,1.0
2025-10-27,515,South,25223,91714.0,,06:56:33,06:57:00,7,2700,5th Ave & Seneca St,0.0,5.0
2025-10-27,515,South,25223,91714.0,,06:58:07,06:58:42,8,2702,5th Ave & Marion St,0.0,6.0
2025-10-27,515,South,25223,91714.0,,07:01:00,07:01:26,9,2290,5th Ave & Jefferson St,0.0,2.0
2025-10-27,515,South,25223,91714.0,07:05:00,07:03:58,07:03:58,10,2706,5th Ave S & S Jackson St,0.0,0.0
2025-10-27,515,South,25224,91731.0,06:35:00,06:35:33,06:35:33,0,2113,Lynnwood City Center Station Bay D1,21.0,0.0
2025-10-27,515,South,25224,91731.0,06:39:00,06:40:24,06:41:04,1,2765,Mountlake Terrace Fwy Station Bay 6,5.0,0.0
2025-10-27,515,South,25224,91731.0,07:00:00,06:57:14,06:57:55,4,1909,Stewart St & 9th Ave,0.0,6.0
2025-10-27,515,South,25224,91731.0,,06:58:35,06:59:04,5,1908,Stewart St & 7th Ave,0.0,5.0
2025-10-27,515,South,25224,91731.0,07:05:00,07:00:20,07:01:36,6,2698,5th Ave & Pine St,0.0,3.0
2025-10-27,515,South,25224,91731.0,,07:02:33,07:03:00,7,2700,5th Ave & Seneca St,0.0,6.0
2025-10-27,515,South,25224,91731.0,,07:04:02,07:04:46,8,2702,5th Ave & Marion St,0.0,4.0
2025-10-27,515,South,25224,91731.0,,07:05:57,07:06:11,9,2290,5th Ave & Jefferson St,0.0,1.0
2025-10-27,515,South,25224,91731.0,07:16:00,07:09:03,07:09:03,10,2706,5th Ave S & S Jackson St,0.0,1.0
2025-10-27,515,South,25225,9566.0,06:45:00,06:54:40,06:54:40,0,2113,Lynnwood City Center Station Bay D1,40.0,0.0
2025-10-27,515,South,25225,9566.0,06:50:00,07:07:49,07:08:16,1,2765,Mountlake Terrace Fwy Station Bay 6,2.0,0.0
2025-10-27,515,South,25225,9566.0,07:11:00,07:22:54,07:23:28,4,1909,Stewart St & 9th Ave,0.0,12.0
2025-10-27,515,South,25225,9566.0,,07:24:24,07:24:46,5,1908,Stewart St & 7th Ave,1.0,6.0
2025-10-27,515,South,25225,9566.0,07:16:00,07:25:55,07:26:14,6,2698,5th Ave & Pine St,1.0,6.0
2025-10-27,515,South,25225,9566.0,,07:27:59,07:28:16,7,2700,5th Ave & Seneca St,0.0,5.0
2025-10-27,515,South,25225,9566.0,,07:29:31,07:30:18,8,2702,5th Ave & Marion St,0.0,8.0
2025-10-27,515,South,25225,9566.0,,07:31:31,07:31:57,9,2290,5th Ave & Jefferson St,0.0,7.0
2025-10-27,515,South,25225,9566.0,07:27:00,07:33:58,07:33:58,10,2706,5th Ave S & S Jackson St,0.0,0.0
2025-10-27,515,South,25226,91908.0,06:55:00,07:00:12,07:00:12,0,2113,Lynnwood City Center Station Bay D1,33.0,0.0
2025-10-27,515,South,25226,91908.0,07:00:00,07:07:00,07:07:37,1,2765,Mountlake Terrace Fwy Station Bay 6,5.0,0.0
2025-10-27,515,South,25226,91908.0,07:21:00,07:23:42,07:24:23,4,1909,Stewart St & 9th Ave,0.0,14.0
2025-10-27,515,South,25226,91908.0,,07:25:41,07:26:09,5,1908,Stewart St & 7th Ave,0.0,9.0
2025-10-27,515,South,25226,91908.0,07:26:00,07:27:30,07:28:36,6,2698,5th Ave & Pine St,0.0,4.0
2025-10-27,515,South,25226,91908.0,,07:29:38,07:30:05,7,2700,5th Ave & Seneca St,0.0,5.0
2025-10-27,515,South,25226,91908.0,,07:31:18,07:31:46,8,2702,5th Ave & Marion St,0.0,4.0
2025-10-27,515,South,25226,91908.0,,07:33:00,07:33:17,9,2290,5th Ave & Jefferson St,0.0,2.0
2025-10-27,515,South,25226,91908.0,07:37:00,07:35:41,07:35:41,10,2706,5th Ave S & S Jackson St,0.0,0.0
2025-10-27,515,South,25227,91708.0,07:05:00,07:07:49,07:07:49,0,2113,Lynnwood City Center Station Bay D1,28.0,0.0
2025-10-27,515,South,25227,91708.0,07:10:00,07:14:13,07:15:24,1,2765,Mountlake Terrace Fwy Station Bay 6,13.0,0.0
2025-10-27,515,South,25227,91708.0,07:34:00,07:30:08,07:30:52,4,1909,Stewart St & 9th Ave,0.0,18.0
2025-10-27,515,South,25227,91708.0,,07:31:38,07:32:06,5,1908,Stewart St & 7th Ave,0.0,10.0
2025-10-27,515,South,25227,91708.0,07:39:00,07:33:18,07:33:37,6,2698,5th Ave & Pine St,0.0,1.0
2025-10-27,515,South,25227,91708.0,,07:35:26,07:35:54,7,2700,5th Ave & Seneca St,0.0,4.0
2025-10-27,515,South,25227,91708.0,,07:37:06,07:37:48,8,2702,5th Ave & Marion St,0.0,3.0
2025-10-27,515,South,25227,91708.0,,07:38:55,07:39:16,9,2290,5th Ave & Jefferson St,0.0,3.0
2025-10-27,515,South,25227,91708.0,07:50:00,07:41:17,07:41:17,10,2706,5th Ave S & S Jackson St,0.0,2.0
2025-10-27,515,South,25228,,07:15:00,,,0,2113,Lynnwood City Center Station Bay D1,,
2025-10-27,515,South,25228,,07:20:00,,,1,2765,Mountlake Terrace Fwy Station Bay 6,,
2025-10-27,515,South,25228,,07:51:00,,,4,1909,Stewart St & 9th Ave,,
2025-10-27,515,South,25228,,,,,5,1908,Stewart St & 7th Ave,,
2025-10-27,515,South,25228,,07:56:00,,,6,2698,5th Ave & Pine St,,
2025-10-27,515,South,25228,,,,,7,2700,5th Ave & Seneca St,,
2025-10-27,515,South,25228,,,,,8,2702,5th Ave & Marion St,,
2025-10-27,515,South,25228,,,,,9,2290,5th Ave & Jefferson St,,
2025-10-27,515,South,25228,,08:07:00,,,10,2706,5th Ave S & S Jackson St,,
2025-10-27,515,South,25229,91730.0,07:25:00,07:25:46,07:25:46,0,2113,Lynnwood City Center Station Bay D1,8.0,0.0
2025-10-27,515,South,25229,91730.0,07:30:00,07:33:52,07:34:01,1,2765,Mountlake Terrace Fwy Station Bay 6,0.0,0.0
2025-10-27,515,South,25229,91730.0,08:02:00,07:50:44,07:51:11,4,1909,Stewart St & 9th Ave,0.0,5.0
2025-10-27,515,South,25229,91730.0,,07:52:36,07:53:02,5,1908,Stewart St & 7th Ave,0.0,3.0
2025-10-27,515,South,25229,91730.0,08:07:00,07:54:19,07:54:33,6,2698,5th Ave & Pine St,0.0,0.0
2025-10-27,515,South,25229,91730.0,,07:56:12,07:56:23,7,2700,5th Ave & Seneca St,0.0,0.0
2025-10-27,515,South,25229,91730.0,,07:57:56,07:58:05,8,2702,5th Ave & Marion St,0.0,0.0
2025-10-27,515,South,25229,91730.0,,07:59:33,07:59:46,9,2290,5th Ave & Jefferson St,0.0,0.0
2025-10-27,515,South,25229,91730.0,08:18:00,08:02:12,08:02:12,10,2706,5th Ave S & S Jackson St,0.0,0.0
2025-10-27,515,South,25230,91910.0,07:35:00,07:35:34,07:35:34,0,2113,Lynnwood City Center Station Bay D1,12.0,0.0
2025-10-27,515,South,25230,91910.0,07:40:00,07:44:39,07:45:59,1,2765,Mountlake Terrace Fwy Station Bay 6,20.0,0.0
2025-10-27,515,South,25230,91910.0,08:13:00,08:07:02,08:07:42,4,1909,Stewart St & 9th Ave,0.0,14.0
2025-10-27,515,South,25230,91910.0,,08:09:10,08:09:35,5,1908,Stewart St & 7th Ave,0.0,4.0
2025-10-27,515,South,25230,91910.0,08:18:00,08:10:52,08:12:03,6,2698,5th Ave & Pine St,0.0,3.0
2025-10-27,515,South,25230,91910.0,,08:14:16,08:14:45,7,2700,5th Ave & Seneca St,0.0,4.0
2025-10-27,515,South,25230,91910.0,,08:16:07,08:16:43,8,2702,5th Ave & Marion St,0.0,7.0
2025-10-27,515,South,25230,91910.0,,08:17:59,08:18:13,9,2290,5th Ave & Jefferson St,0.0,0.0
2025-10-27,515,South,25230,91910.0,08:29:00,08:20:44,08:20:44,10,2706,5th Ave S & S Jackson St,0.0,0.0
2025-10-27,515,South,25231,91912.0,07:45:00,07:57:38,07:57:38,0,2113,Lynnwood City Center Station Bay D1,4.0,0.0
2025-10-27,515,South,25231,91912.0,07:50:00,08:03:28,08:03:39,1,2765,Mountlake Terrace Fwy Station Bay 6,0.0,0.0
2025-10-27,515,South,25231,91912.0,08:23:00,08:24:19,08:24:50,4,1909,Stewart St & 9th Ave,0.0,1.0
2025-10-27,515,South,25231,91912.0,,08:25:38,08:25:55,5,1908,Stewart St & 7th Ave,0.0,0.0
2025-10-27,515,South,25231,91912.0,08:28:00,08:27:26,08:27:50,6,2698,5th Ave & Pine St,0.0,1.0
2025-10-27,515,South,25231,91912.0,,08:30:49,08:31:01,7,2700,5th Ave & Seneca St,0.0,0.0
2025-10-27,515,South,25231,91912.0,,08:32:32,08:33:16,8,2702,5th Ave & Marion St,0.0,1.0
2025-10-27,515,South,25231,91912.0,,08:34:31,08:34:47,9,2290,5th Ave & Jefferson St,0.0,1.0
2025-10-27,515,South,25231,91912.0,08:39:00,08:37:36,08:37:36,10,2706,5th Ave S & S Jackson St,0.0,0.0
2025-10-27,515,South,25232,19856.0,07:55:00,07:55:56,07:55:56,0,2113,Lynnwood City Center Station Bay D1,10.0,0.0
2025-10-27,515,South,25232,19856.0,08:00:00,08:05:41,08:05:41,1,2765,Mountlake Terrace Fwy Station Bay 6,7.0,0.0
2025-10-27,515,South,25232,19856.0,08:35:00,08:22:42,08:23:08,4,1909,Stewart St & 9th Ave,0.0,6.0
2025-10-27,515,South,25232,19856.0,,08:24:09,08:24:29,5,1908,Stewart St & 7th Ave,0.0,3.0
2025-10-27,515,South,25232,19856.0,08:40:00,08:27:19,08:27:35,6,2698,5th Ave & Pine St,0.0,0.0
2025-10-27,515,South,25232,19856.0,,08:29:32,08:30:00,7,2700,5th Ave & Seneca St,0.0,2.0
2025-10-27,515,South,25232,19856.0,,08:31:11,08:31:50,8,2702,5th Ave & Marion St,0.0,4.0
2025-10-27,515,South,25232,19856.0,,08:34:03,08:34:17,9,2290,5th Ave & Jefferson St,0.0,1.0
2025-10-27,515,South,25232,19856.0,08:51:00,08:35:54,08:35:54,10,2706,5th Ave S & S Jackson St,0.0,1.0
2025-10-27,515,South,25233,19854.0,08:15:00,08:16:04,08:16:04,0,2113,Lynnwood City Center Station Bay D1,16.0,0.0
2025-10-27,515,South,25233,19854.0,08:19:00,08:21:45,08:22:16,1,2765,Mountlake Terrace Fwy Station Bay 6,2.0,0.0
2025-10-27,515,South,25233,19854.0,08:58:00,08:47:41,08:48:08,4,1909,Stewart St & 9th Ave,0.0,12.0
2025-10-27,515,South,25233,19854.0,,08:48:56,08:49:19,5,1908,Stewart St & 7th Ave,0.0,3.0
2025-10-27,515,South,25233,19854.0,09:03:00,08:52:48,08:53:03,6,2698,5th Ave & Pine St,0.0,1.0
2025-10-27,515,South,25233,19854.0,,08:54:58,08:55:16,7,2700,5th Ave & Seneca St,1.0,1.0
2025-10-27,515,South,25233,19854.0,,08:56:58,08:57:20,8,2702,5th Ave & Marion St,0.0,2.0
2025-10-27,515,South,25233,19854.0,,08:58:34,08:58:47,9,2290,5th Ave & Jefferson St,0.0,0.0
2025-10-27,515,South,25233,19854.0,09:14:00,09:00:56,09:00:56,10,2706,5th Ave S & S Jackson St,0.0,0.0
2025-10-27,515,South,25234,91908.0,08:35:00,08:36:46,08:36:46,0,2113,Lynnwood City Center Station Bay D1,10.0,0.0
2025-10-27,515,South,25234,91908.0,08:39:00,08:42:48,08:43:45,1,2765,Mountlake Terrace Fwy Station Bay 6,10.0,0.0
2025-10-27,515,South,25234,91908.0,09:18:00,09:13:06,09:13:38,4,1909,Stewart St & 9th Ave,1.0,12.0
2025-10-27,515,South,25234,91908.0,,09:14:17,09:14:46,5,1908,Stewart St & 7th Ave,0.0,4.0
2025-10-27,515,South,25234,91908.0,09:23:00,09:16:53,09:17:09,6,2698,5th Ave & Pine St,0.0,0.0
2025-10-27,515,South,25234,91908.0,,09:19:02,09:19:22,7,2700,5th Ave & Seneca St,0.0,2.0
2025-10-27,515,South,25234,91908.0,,09:20:42,09:21:13,8,2702,5th Ave & Marion St,0.0,2.0
2025-10-27,515,South,25234,91908.0,,09:22:34,09:22:52,9,2290,5th Ave & Jefferson St,0.0,1.0
2025-10-27,515,South,25234,91908.0,09:34:00,09:25:40,09:25:40,10,2706,5th Ave S & S Jackson St,1.0,1.0
2025-10-27,515,South,25235,91721.0,08:55:00,08:55:12,08:55:12,0,2113,Lynnwood City Center Station Bay D1,9.0,0.0
2025-10-27,515,South,25235,91721.0,08:59:00,09:00:39,09:00:55,1,2765,Mountlake Terrace Fwy Station Bay 6,0.0,0.0
2025-10-27,515,South,25235,91721.0,09:38:00,09:24:21,09:24:56,4,1909,Stewart St & 9th Ave,0.0,5.0
2025-10-27,515,South,25235,91721.0,,09:26:23,09:26:51,5,1908,Stewart St & 7th Ave,0.0,2.0
2025-10-27,515,South,25235,91721.0,09:43:00,09:28:51,09:30:03,6,2698,5th Ave & Pine St,0.0,1.0
2025-10-27,515,South,25235,91721.0,,09:31:02,09:31:19,7,2700,5th Ave & Seneca St,0.0,0.0
2025-10-27,515,South,25235,91721.0,,09:32:47,09:33:05,8,2702,5th Ave & Marion St,0.0,1.0
2025-10-27,515,South,25235,91721.0,,09:34:27,09:34:40,9,2290,5th Ave & Jefferson St,0.0,0.0
2025-10-27,515,South,25235,91721.0,09:54:00,09:37:48,09:37:48,10,2706,5th Ave S & S Jackson St,0.0,0.0
2025-10-28,515,North,25197,19814.0,15:00:00,15:00:15,15:00:15,0,640,4th Ave S & S Jackson St,5.0,0.0
2025-10-28,515,North,25197,19814.0,,15:01:40,15:02:08,1,635,4th Ave S & S Washington St,3.0,0.0
2025-10-28,515,North,25197,19814.0,,15:02:55,15:04:06,2,2638,4th Ave & Cherry St,14.0,0.0
2025-10-28,515,North,25197,19814.0,,15:05:30,15:06:16,3,641,4th Ave & Seneca St,7.0,0.0
2025-10-28,515,North,25197,19814.0,15:06:00,15:07:15,15:07:49,4,2976,4th Ave & Pine St,4.0,1.0
2025-10-28,515,North,25197,19814.0,,15:08:51,15:10:01,5,473,Olive Way & 6th Ave,14.0,0.0
2025-10-28,515,North,25197,19814.0,15:10:00,15:11:31,15:12:28,6,430,Howell St & 9th Ave,9.0,0.0
2025-10-28,515,North,25197,19814.0,,15:16:04,15:16:24,7,431,Howell St & Yale Ave,1.0,0.0
2025-10-28,515,North,25197,19814.0,15:30:00,15:32:08,15:32:40,10,2766,Mountlake Terrace Fwy Station Bay 7,1.0,8.0
2025-10-28,515,North,25197,19814.0,15:38:00,15:36:45,15:36:45,11,2118,Lynnwood City Center Station Bay A5,0.0,49.0
2025-10-28,515,North,25198,91727.0,15:10:00,15:10:44,15:10:44,0,640,4th Ave S & S Jackson St,3.0,0.0
2025-10-28,515,North,25198,91727.0,,15:11:19,15:11:38,1,635,4th Ave S & S Washington St,1.0,0.0
2025-10-28,515,North,25198,91727.0,,15:13:07,15:13:55,2,2638,4th Ave & Cherry St,1.0,0.0
2025-10-28,515,North,25198,91727.0,,15:16:17,15:18:15,3,641,4th Ave & Seneca St,3.0,0.0
2025-10-28,515,North,25198,91727.0,15:16:00,15:19:17,15:20:19,4,2976,4th Ave & Pine St,3.0,0.0
2025-10-28,515,North,25198,91727.0,,15:22:17,15:23:31,5,473,Olive Way & 6th Ave,7.0,0.0
2025-10-28,515,North,25198,91727.0,15:20:00,15:24:06,15:24:47,6,430,Howell St & 9th Ave,2.0,0.0
2025-10-28,515,North,25198,91727.0,,15:28:08,15:28:29,7,431,Howell St & Yale Ave,0.0,0.0
2025-10-28,515,North,25198,91727.0,15:40:00,15:45:10,15:45:28,10,2766,Mountlake Terrace Fwy Station Bay 7,1.0,21.0
2025-10-28,515,North,25198,91727.0,15:50:00,15:49:50,15:49:50,11,2118,Lynnwood City Center Station Bay A5,0.0,0.0
2025-10-28,515,North,25199,91706.0,15:20:00,15:20:37,15:20:37,0,640,4th Ave S & S Jackson St,3.0,0.0
2025-10-28,515,North,25199,91706.0,,15:21:34,15:21:59,1,635,4th Ave S & S Washington St,2.0,0.0
2025-10-28,515,North,25199,91706.0,,15:23:23,15:24:01,2,2638,4th Ave & Cherry St,6.0,0.0
2025-10-28,515,North,25199,91706.0,,15:25:27,15:26:16,3,641,4th Ave & Seneca St,2.0,0.0
2025-10-28,515,North,25199,91706.0,15:26:00,15:27:56,15:29:35,4,2976,4th Ave & Pine St,1.0,0.0
2025-10-28,515,North,25199,91706.0,,15:31:25,15:32:30,5,473,Olive Way & 6th Ave,9.0,0.0
2025-10-28,515,North,25199,91706.0,15:30:00,15:34:01,15:34:39,6,430,Howell St & 9th Ave,5.0,0.0
2025-10-28,515,North,25199,91706.0,,15:37:06,15:37:45,7,431,Howell St & Yale Ave,8.0,0.0
2025-10-28,515,North,25199,91706.0,15:51:00,15:53:34,15:53:56,10,2766,Mountlake Terrace Fwy Station Bay 7,0.0,0.0
2025-10-28,515,North,25199,91706.0,16:03:00,15:58:12,15:58:12,11,2118,Lynnwood City Center Station Bay A5,0.0,36.0
2025-10-28,515,North,25200,19812.0,15:30:00,15:31:37,15:31:37,0,640,4th Ave S & S Jackson St,3.0,0.0
2025-10-28,515,North,25200,19812.0,,15:32:12,15:32:33,1,635,4th Ave S & S Washington St,1.0,0.0
2025-10-28,515,North,25200,19812.0,,15:33:57,15:34:42,2,2638,4th Ave & Cherry St,6.0,0.0
2025-10-28,515,North,25200,19812.0,,15:37:07,15:37:55,3,641,4th Ave & Seneca St,4.0,4.0
2025-10-28,515,North,25200,19812.0,15:36:00,15:39:31,15:39:55,4,2976,4th Ave & Pine St,2.0,0.0
2025-10-28,515,North,25200,19812.0,,15:41:43,15:43:01,5,473,Olive Way & 6th Ave,3.0,0.0
2025-10-28,515,North,25200,19812.0,15:40:00,15:44:34,15:45:13,6,430,Howell St & 9th Ave,3.0,0.0
2025-10-28,515,North,25200,19812.0,,15:47:41,15:48:32,7,431,Howell St & Yale Ave,2.0,4.0
2025-10-28,515,North,25200,19812.0,16:02:00,16:06:53,16:07:29,10,2766,Mountlake Terrace Fwy Station Bay 7,0.0,16.0
2025-10-28,515,North,25200,19812.0,16:14:00,16:11:58,16:11:58,11,2118,Lynnwood City Center Station Bay A5,0.0,0.0
2025-10-28,515,North,25201,91504.0,15:40:00,15:40:23,15:40:23,0,640,4th Ave S & S Jackson St,0.0,0.0
2025-10-28,515,North,25201,91504.0,,15:41:12,15:41:22,1,635,4th Ave S & S Washington St,0.0,0.0
2025-10-28,515,North,25201,91504.0,,15:42:47,15:43:29,2,2638,4th Ave & Cherry St,14.0,0.0
2025-10-28,515,North,25201,91504.0,,15:46:35,15:47:44,3,641,4th Ave & Seneca St,3.0,0.0
2025-10-28,515,North,25201,91504.0,15:46:00,15:48:46,15:49:05,4,2976,4th Ave & Pine St,1.0,0.0
2025-10-28,515,North,25201,91504.0,,15:50:52,15:51:55,5,473,Olive Way & 6th Ave,7.0,1.0
2025-10-28,515,North,25201,91504.0,15:50:00,15:53:29,15:54:06,6,430,Howell St & 9th Ave,12.0,1.0
2025-10-28,515,North,25201,91504.0,,15:56:33,15:56:57,7,431,Howell St & Yale Ave,1.0,1.0
2025-10-28,515,North,25201,91504.0,16:12:00,16:14:44,16:15:13,10,2766,Mountlake Terrace Fwy Station Bay 7,0.0,12.0
2025-10-28,515,North,25201,91504.0,16:27:00,16:19:24,16:19:24,11,2118,Lynnwood City Center Station Bay A5,0.0,23.0
2025-10-28,515,North,25202,91908.0,15:50:00,15:50:57,15:50:57,0,640,4th Ave S & S Jackson St,5.0,0.0
2025-10-28,515,North,25202,91908.0,,15:51:28,15:51:47,1,635,4th Ave S & S Washington St,2.0,0.0
2025-10-28,515,North,25202,91908.0,,15:53:25,15:54:00,2,2638,4th Ave & Cherry St,8.0,0.0
2025-10-28,515,North,25202,91908.0,,15:55:37,15:55:55,3,641,4th Ave & Seneca St,3.0,0.0
2025-10-28,515,North,25202,91908.0,15:56:00,15:57:27,15:57:49,4,2976,4th Ave & Pine St,1.0,0.0
2025-10-28,515,North,25202,91908.0,,15:58:39,15:59:23,5,473,Olive Way & 6th Ave,10.0,0.0
2025-10-28,515,North,25202,91908.0,16:00:00,16:00:59,16:01:33,6,430,Howell St & 9th Ave,4.0,0.0
2025-10-28,515,North,25202,91908.0,,16:04:07,16:04:37,7,431,Howell St & Yale Ave,5.0,0.0
2025-10-28,515,North,25202,91908.0,16:23:00,16:23:35,16:24:02,10,2766,Mountlake Terrace Fwy Station Bay 7,0.0,8.0
2025-10-28,515,North,25202,91908.0,16:39:00,16:28:51,16:28:51,11,2118,Lynnwood City Center Station Bay A5,0.0,30.0
2025-10-28,515,North,25203,19810.0,16:00:00,16:02:59,16:02:59,0,640,4th Ave S & S Jackson St,3.0,0.0
2025-10-28,515,North,25203,19810.0,,16:03:37,16:03:56,1,635,4th Ave S & S Washington St,1.0,0.0
2025-10-28,515,North,25203,19810.0,,16:05:24,16:05:53,2,2638,4th Ave & Cherry St,4.0,0.0
2025-10-28,515,North,25203,19810.0,,16:07:38,16:08:47,3,641,4th Ave & Seneca St,3.0,0.0
2025-10-28,515,North,25203,19810.0,16:06:00,16:10:04,16:10:48,4,2976,4th Ave & Pine St,3.0,0.0
2025-10-28,515,North,25203,19810.0,,16:12:06,16:13:04,5,473,Olive Way & 6th Ave,5.0,0.0
2025-10-28,515,North,25203,19810.0,16:10:00,16:14:41,16:15:17,6,430,Howell St & 9th Ave,5.0,0.0
2025-10-28,515,North,25203,19810.0,,16:19:07,16:19:56,7,431,Howell St & Yale Ave,5.0,3.0
2025-10-28,515,North,25203,19810.0,16:33:00,16:39:01,16:39:24,10,2766,Mountlake Terrace Fwy Station Bay 7,0.0,26.0
2025-10-28,515,North,25203,19810.0,16:49:00,16:44:42,16:44:42,11,2118,Lynnwood City Center Station Bay A5,0.0,0.0
2025-10-28,515,North,25204,91721.0,16:10:00,16:10:28,16:10:28,0,640,4th Ave S & S Jackson St,2.0,0.0
2025-10-28,515,North,25204,91721.0,,16:11:06,16:11:16,1,635,4th Ave S & S Washington St,0.0,0.0
2025-10-28,515,North,25204,91721.0,,16:13:00,16:13:35,2,2638,4th Ave & Cherry St,4.0,0.0
2025-10-28,515,North,25204,91721.0,,16:14:56,16:16:15,3,641,4th Ave & Seneca St,3.0,0.0
2025-10-28,515,North,25204,91721.0,16:16:00,16:17:37,16:18:20,4,2976,4th Ave & Pine St,1.0,0.0
2025-10-28,515,North,25204,91721.0,,16:19:33,16:20:26,5,473,Olive Way & 6th Ave,5.0,0.0
2025-10-28,515,North,25204,91721.0,16:20:00,16:21:12,16:22:40,6,430,Howell St & 9th Ave,6.0,0.0
2025-10-28,515,North,25204,91721.0,,16:25:09,16:26:24,7,431,Howell St & Yale Ave,3.0,0.0
2025-10-28,515,North,25204,91721.0,16:43:00,16:46:49,16:47:31,10,2766,Mountlake Terrace Fwy Station Bay 7,0.0,24.0
2025-10-28,515,North,25204,91721.0,16:59:00,16:52:45,16:52:45,11,2118,Lynnwood City Center Station Bay A5,0.0,0.0
2025-10-28,515,North,25205,91728.0,16:20:00,16:21:29,16:21:29,0,640,4th Ave S & S Jackson St,3.0,0.0
2025-10-28,515,North,25205,91728.0,,,,1,635,4th Ave S & S Washington St,,
2025-10-28,515,North,25205,91728.0,,16:23:38,16:24:25,2,2638,4th Ave & Cherry St,8.0,0.0
2025-10-28,515,North,25205,91728.0,,16:25:36,16:26:59,3,641,4th Ave & Seneca St,7.0,0.0
2025-10-28,515,North,25205,91728.0,16:26:00,16:27:52,16:28:47,4,2976,4th Ave & Pine St,7.0,0.0
2025-10-28,515,North,25205,91728.0,,16:30:06,16:31:00,5,473,Olive Way & 6th Ave,10.0,0.0
2025-10-28,515,North,25205,91728.0,16:30:00,16:32:32,16:33:11,6,430,Howell St & 9th Ave,4.0,1.0
2025-10-28,515,North,25205,91728.0,,16:37:04,16:37:36,7,431,Howell St & Yale Ave,3.0,0.0
2025-10-28,515,North,25205,91728.0,16:53:00,16:57:31,16:58:04,10,2766,Mountlake Terrace Fwy Station Bay 7,0.0,10.0
2025-10-28,515,North,25205,91728.0,17:09:00,17:03:06,17:03:06,11,2118,Lynnwood City Center Station Bay A5,0.0,31.0
2025-10-28,515,North,25206,19856.0,16:30:00,16:31:23,16:31:23,0,640,4th Ave S & S Jackson St,2.0,0.0
2025-10-28,515,North,25206,19856.0,,16:32:00,16:32:28,1,635,4th Ave S & S Washington St,1.0,0.0
2025-10-28,515,North,25206,19856.0,,16:34:15,16:35:12,2,2638,4th Ave & Cherry St,10.0,0.0
2025-10-28,515,North,25206,19856.0,,16:37:42,16:38:49,3,641,4th Ave & Seneca St,6.0,0.0
2025-10-28,515,North,25206,19856.0,16:36:00,16:39:59,16:40:52,4,2976,4th Ave & Pine St,2.0,0.0
2025-10-28,515,North,25206,19856.0,,16:41:59,16:43:14,5,473,Olive Way & 6th Ave,18.0,0.0
2025-10-28,515,North,25206,19856.0,16:40:00,16:44:51,16:45:28,6,430,Howell St & 9th Ave,4.0,0.0
2025-10-28,515,North,25206,19856.0,,16:49:09,16:49:49,7,431,Howell St & Yale Ave,5.0,0.0
2025-10-28,515,North,25206,19856.0,17:03:00,17:10:57,17:11:28,10,2766,Mountlake Terrace Fwy Station Bay 7,0.0,11.0
2025-10-28,515,North,25206,19856.0,17:19:00,17:16:26,17:16:26,11,2118,Lynnwood City Center Station Bay A5,0.0,37.0
2025-10-28,515,North,25207,91725.0,16:40:00,16:45:12,16:45:12,0,640,4th Ave S & S Jackson St,2.0,0.0
2025-10-28,515,North,25207,91725.0,,16:46:41,16:46:51,1,635,4th Ave S & S Washington St,0.0,0.0
2025-10-28,515,North,25207,91725.0,,16:49:02,16:49:44,2,2638,4th Ave & Cherry St,12.0,0.0
2025-10-28,515,North,25207,91725.0,,16:51:55,16:52:19,3,641,4th Ave & Seneca St,4.0,0.0
2025-10-28,515,North,25207,91725.0,16:46:00,16:53:34,16:54:19,4,2976,4th Ave & Pine St,2.0,1.0
2025-10-28,515,North,25207,91725.0,,16:56:45,16:58:04,5,473,Olive Way & 6th Ave,9.0,0.0
2025-10-28,515,North,25207,91725.0,16:50:00,16:59:37,17:00:05,6,430,Howell St & 9th Ave,5.0,0.0
2025-10-28,515,North,25207,91725.0,,17:02:56,17:03:17,7,431,Howell St & Yale Ave,0.0,0.0
2025-10-28,515,North,25207,91725.0,17:13:00,17:24:53,17:25:26,10,2766,Mountlake Terrace Fwy Station Bay 7,0.0,5.0
2025-10-28,515,North,25207,91725.0,17:29:00,17:31:27,17:31:27,11,2118,Lynnwood City Center Station Bay A5,0.0,28.0
2025-10-28,515,North,25208,,16:50:00,,,0,640,4th Ave S & S Jackson St,,
2025-10-28,515,North,25208,,,,,1,635,4th Ave S & S Washington St,,
2025-10-28,515,North,25208,,,,,2,2638,4th Ave & Cherry St,,
2025-10-28,515,North,25208,,,,,3,641,4th Ave & Seneca St,,
2025-10-28,515,North,25208,,16:56:00,,,4,2976,4th Ave & Pine St,,
2025-10-28,515,North,25208,,,,,5,473,Olive Way & 6th Ave,,
2025-10-28,515,North,25208,,17:00:00,,,6,430,Howell St & 9th Ave,,
2025-10-28,515,North,25208,,,,,7,431,Howell St & Yale Ave,,
2025-10-28,515,North,25208,,17:22:00,,,10,2766,Mountlake Terrace Fwy Station Bay 7,,
2025-10-28,515,North,25208,,17:38:00,,,11,2118,Lynnwood City Center Station Bay A5,,
2025-10-28,515,North,25209,91905.0,17:00:00,17:04:31,17:04:31,0,640,4th Ave S & S Jackson St,1.0,0.0
2025-10-28,515,North,25209,91905.0,,17:05:14,17:05:27,1,635,4th Ave S & S Washington St,1.0,0.0
2025-10-28,515,North,25209,91905.0,,17:07:01,17:08:02,2,2638,4th Ave & Cherry St,8.0,0.0
2025-10-28,515,North,25209,91905.0,,17:10:11,17:10:55,3,641,4th Ave & Seneca St,7.0,0.0
2025-10-28,515,North,25209,91905.0,17:06:00,17:12:44,17:13:49,4,2976,4th Ave & Pine St,4.0,0.0
2025-10-28,515,North,25209,91905.0,,17:16:19,17:17:36,5,473,Olive Way & 6th Ave,11.0,0.0
2025-10-28,515,North,25209,91905.0,17:10:00,17:19:25,17:20:14,6,430,Howell St & 9th Ave,7.0,2.0
2025-10-28,515,North,25209,91905.0,,17:23:37,17:24:10,7,431,Howell St & Yale Ave,2.0,3.0
2025-10-28,515,North,25209,91905.0,17:32:00,17:44:27,17:45:07,10,2766,Mountlake Terrace Fwy Station Bay 7,1.0,37.0
2025-10-28,515,North,25209,91905.0,17:48:00,17:50:05,17:50:05,11,2118,Lynnwood City Center Station Bay A5,0.0,0.0
2025-10-28,515,North,25210,91714.0,17:10:00,17:16:25,17:16:25,0,640,4th Ave S & S Jackson St,2.0,0.0
2025-10-28,515,North,25210,91714.0,,17:17:10,17:17:17,1,635,4th Ave S & S Washington St,0.0,0.0
2025-10-28,515,North,25210,91714.0,,17:19:05,17:19:56,2,2638,4th Ave & Cherry St,3.0,0.0
2025-10-28,515,North,25210,91714.0,,17:21:17,17:22:14,3,641,4th Ave & Seneca St,3.0,2.0
2025-10-28,515,North,25210,91714.0,17:16:00,17:24:30,17:25:01,4,2976,4th Ave & Pine St,3.0,0.0
2025-10-28,515,North,25210,91714.0,,17:26:55,17:28:00,5,473,Olive Way & 6th Ave,2.0,0.0
2025-10-28,515,North,25210,91714.0,17:20:00,17:29:47,17:30:25,6,430,Howell St & 9th Ave,2.0,2.0
2025-10-28,515,North,25210,91714.0,,17:35:35,17:36:01,7,431,Howell St & Yale Ave,3.0,3.0
2025-10-28,515,North,25210,91714.0,17:42:00,17:56:18,17:56:50,10,2766,Mountlake Terrace Fwy Station Bay 7,0.0,11.0
2025-10-28,515,North,25210,91714.0,17:58:00,18:03:14,18:03:14,11,2118,Lynnwood City Center Station Bay A5,0.0,0.0
2025-10-28,515,North,25211,19815.0,17:20:00,17:22:25,17:22:25,0,640,4th Ave S & S Jackson St,1.0,0.0
2025-10-28,515,North,25211,19815.0,,17:22:54,17:22:54,1,635,4th Ave S & S Washington St,0.0,0.0
2025-10-28,515,North,25211,19815.0,,17:23:54,17:24:16,2,2638,4th Ave & Cherry St,3.0,0.0
2025-10-28,515,North,25211,19815.0,,17:27:07,17:28:11,3,641,4th Ave & Seneca St,0.0,0.0
2025-10-28,515,North,25211,19815.0,17:26:00,17:30:33,17:30:54,4,2976,4th Ave & Pine St,1.0,1.0
2025-10-28,515,North,25211,19815.0,,17:32:42,17:34:02,5,473,Olive Way & 6th Ave,2.0,1.0
2025-10-28,515,North,25211,19815.0,17:30:00,17:35:27,17:35:37,6,430,Howell St & 9th Ave,1.0,0.0
2025-10-28,515,North,25211,19815.0,,17:38:53,17:39:04,7,431,Howell St & Yale Ave,0.0,0.0
2025-10-28,515,North,25211,19815.0,17:51:00,17:58:36,17:59:15,10,2766,Mountlake Terrace Fwy Station Bay 7,0.0,4.0
2025-10-28,515,North,25211,19815.0,18:06:00,18:04:43,18:04:43,11,2118,Lynnwood City Center Station Bay A5,0.0,2.0
2025-10-28,515,North,25212,91911.0,17:40:00,17:40:28,17:40:28,0,640,4th Ave S & S Jackson St,1.0,0.0
2025-10-28,515,North,25212,91911.0,,17:41:09,17:41:16,1,635,4th Ave S & S Washington St,0.0,0.0
2025-10-28,515,North,25212,91911.0,,17:42:47,17:43:07,2,2638,4th Ave & Cherry St,1.0,0.0
2025-10-28,515,North,25212,91911.0,,17:45:04,17:46:12,3,641,4th Ave & Seneca St,4.0,0.0
2025-10-28,515,North,25212,91911.0,17:46:00,17:47:43,17:48:19,4,2976,4th Ave & Pine St,0.0,0.0
2025-10-28,515,North,25212,91911.0,,17:49:17,17:50:30,5,473,Olive Way & 6th Ave,6.0,0.0
2025-10-28,515,North,25212,91911.0,17:50:00,17:52:00,17:52:41,6,430,Howell St & 9th Ave,3.0,0.0
2025-10-28,515,North,25212,91911.0,,17:56:36,17:57:05,7,431,Howell St & Yale Ave,2.0,2.0
2025-10-28,515,North,25212,91911.0,18:09:00,18:16:29,18:16:54,10,2766,Mountlake Terrace Fwy Station Bay 7,0.0,15.0
2025-10-28,515,North,25212,91911.0,18:23:00,18:22:29,18:22:29,11,2118,Lynnwood City Center Station Bay A5,0.0,0.0
2025-10-28,515,North,25213,19817.0,18:00:00,18:03:36,18:03:36,0,640,4th Ave S & S Jackson St,8.0,0.0
2025-10-28,515,North,25213,19817.0,,,,1,635,4th Ave S & S Washington St,,
2025-10-28,515,North,25213,19817.0,,18:05:26,18:06:11,2,2638,4th Ave & Cherry St,8.0,0.0
2025-10-28,515,North,25213,19817.0,,18:08:10,18:08:50,3,641,4th Ave & Seneca St,0.0,0.0
2025-10-28,515,North,25213,19817.0,18:06:00,18:10:07,18:10:47,4,2976,4th Ave & Pine St,3.0,0.0
2025-10-28,515,North,25213,19817.0,,18:13:15,18:14:32,5,473,Olive Way & 6th Ave,8.0,2.0
2025-10-28,515,North,25213,19817.0,18:09:00,18:16:20,18:17:01,6,430,Howell St & 9th Ave,4.0,0.0
2025-10-28,515,North,25213,19817.0,,18:20:37,18:21:19,7,431,Howell St & Yale Ave,2.0,0.0
2025-10-28,515,North,25213,19817.0,18:27:00,18:38:30,18:39:06,10,2766,Mountlake Terrace Fwy Station Bay 7,0.0,12.0
2025-10-28,515,North,25213,19817.0,18:39:00,18:44:40,18:44:40,11,2118,Lynnwood City Center Station Bay A5,0.0,19.0
2025-10-28,515,North,25214,91721.0,18:20:00,18:20:23,18:20:23,0,640,4th Ave S & S Jackson St,1.0,0.0
2025-10-28,515,North,25214,91721.0,,18:21:27,18:21:40,1,635,4th Ave S & S Washington St,0.0,0.0
2025-10-28,515,North,25214,91721.0,,18:23:24,18:24:00,2,2638,4th Ave & Cherry St,4.0,0.0
2025-10-28,515,North,25214,91721.0,,18:25:41,18:25:55,3,641,4th Ave & Seneca St,0.0,0.0
2025-10-28,515,North,25214,91721.0,18:26:00,18:27:41,18:28:49,4,2976,4th Ave & Pine St,1.0,2.0
2025-10-28,515,North,25214,91721.0,,18:30:08,18:30:56,5,473,Olive Way & 6th Ave,4.0,0.0
2025-10-28,515,North,25214,91721.0,18:29:00,18:31:34,18:31:59,6,430,Howell St & 9th Ave,1.0,0.0
2025-10-28,515,North,25214,91721.0,,18:34:28,18:34:40,7,431,Howell St & Yale Ave,0.0,0.0
2025-10-28,515,North,25214,91721.0,18:47:00,18:48:50,18:49:24,10,2766,Mountlake Terrace Fwy Station Bay 7,0.0,9.0
2025-10-28,515,North,25214,91721.0,18:59:00,18:53:57,18:53:57,11,2118,Lynnwood City Center Station Bay A5,0.0,0.0
2025-10-28,515,North,25215,91704.0,18:40:00,18:41:59,18:41:59,0,640,4th Ave S & S Jackson St,1.0,0.0
2025-10-28,515,North,25215,91704.0,,18:42:43,18:43:11,1,635,4th Ave S & S Washington St,1.0,0.0
2025-10-28,515,North,25215,91704.0,,18:44:35,18:44:57,2,2638,4th Ave & Cherry St,0.0,0.0
2025-10-28,515,North,25215,91704.0,,18:48:15,18:49:14,3,641,4th Ave & Seneca St,2.0,1.0
2025-10-28,515,North,25215,91704.0,18:46:00,18:50:49,18:51:22,4,2976,4th Ave & Pine St,1.0,0.0
2025-10-28,515,North,25215,91704.0,,18:53:52,18:55:17,5,473,Olive Way & 6th Ave,5.0,1.0
2025-10-28,515,North,25215,91704.0,18:49:00,18:57:16,18:57:50,6,430,Howell St & 9th Ave,2.0,1.0
2025-10-28,515,North,25215,91704.0,,19:01:34,19:02:23,7,431,Howell St & Yale Ave,0.0,1.0
2025-10-28,515,North,25215,91704.0,19:07:00,19:17:38,19:18:56,10,2766,Mountlake Terrace Fwy Station Bay 7,0.0,1.0
2025-10-28,515,North,25215,91704.0,19:16:00,19:23:29,19:23:29,11,2118,Lynnwood City Center Station Bay A5,0.0,7.0
2025-10-28,515,South,25216,91910.0,04:30:00,04:32:03,04:32:03,0,2113,Lynnwood City Center Station Bay D1,17.0,0.0
2025-10-28,515,South,25216,91910.0,04:34:00,04:34:22,04:34:34,1,2765,Mountlake Terrace Fwy Station Bay 6,1.0,0.0
2025-10-28,515,South,25216,91910.0,04:51:00,04:48:13,04:49:04,4,1909,Stewart St & 9th Ave,0.0,4.0
2025-10-28,515,South,25216,91910.0,,04:50:08,04:50:29,5,1908,Stewart St & 7th Ave,0.0,4.0
2025-10-28,515,South,25216,91910.0,04:56:00,04:51:31,04:52:26,6,2698,5th Ave & Pine St,0.0,2.0
2025-10-28,515,South,25216,91910.0,,04:53:18,04:53:34,7,2700,5th Ave & Seneca St,0.0,2.0
2025-10-28,515,South,25216,91910.0,,04:54:31,04:55:05,8,2702,5th Ave & Marion St,0.0,2.0
2025-10-28,515,South,25216,91910.0,,04:56:33,04:56:55,9,2290,5th Ave & Jefferson St,0.0,4.0
2025-10-28,515,South,25216,91910.0,05:04:00,04:59:00,04:59:00,10,2706,5th Ave S & S Jackson St,0.0,0.0
2025-10-28,515,South,25217,91702.0,04:50:00,04:50:32,04:50:32,0,2113,Lynnwood City Center Station Bay D1,16.0,0.0
2025-10-28,515,South,25217,91702.0,04:54:00,04:54:45,04:55:20,1,2765,Mountlake Terrace Fwy Station Bay 6,5.0,0.0
2025-10-28,515,South,25217,91702.0,05:11:00,05:10:19,05:11:06,4,1909,Stewart St & 9th Ave,0.0,3.0
2025-10-28,515,South,25217,91702.0,,05:12:06,05:12:31,5,1908,Stewart St & 7th Ave,1.0,4.0
2025-10-28,515,South,25217,91702.0,05:16:00,05:14:31,05:15:24,6,2698,5th Ave & Pine St,0.0,2.0
2025-10-28,515,South,25217,91702.0,,05:16:58,05:17:18,7,2700,5th Ave & Seneca St,0.0,2.0
2025-10-28,515,South,25217,91702.0,,05:18:35,05:19:08,8,2702,5th Ave & Marion St,0.0,1.0
2025-10-28,515,South,25217,91702.0,,05:20:50,05:21:19,9,2290,5th Ave & Jefferson St,0.0,5.0
2025-10-28,515,South,25217,91702.0,05:24:00,05:23:26,05:23:26,10,2706,5th Ave S & S Jackson St,0.0,5.0
2025-10-28,515,South,25218,91727.0,05:10:00,05:11:00,05:11:00,0,2113,Lynnwood City Center Station Bay D1,26.0,0.0
2025-10-28,515,South,25218,91727.0,05:14:00,05:15:20,05:15:33,1,2765,Mountlake Terrace Fwy Station Bay 6,1.0,0.0
2025-10-28,515,South,25218,91727.0,05:31:00,05:31:20,05:32:07,4,1909,Stewart St & 9th Ave,0.0,8.0
2025-10-28,515,South,25218,91727.0,,05:33:09,05:33:43,5,1908,Stewart St & 7th Ave,0.0,2.0
2025-10-28,515,South,25218,91727.0,05:36:00,05:35:30,05:36:21,6,2698,5th Ave & Pine St,0.0,2.0
2025-10-28,515,South,25218,91727.0,,05:37:59,05:38:32,7,2700,5th Ave & Seneca St,0.0,6.0
2025-10-28,515,South,25218,91727.0,,05:39:40,05:40:27,8,2702,5th Ave & Marion St,0.0,6.0
2025-10-28,515,South,25218,91727.0,,05:41:50,05:42:15,9,2290,5th Ave & Jefferson St,0.0,3.0
2025-10-28,515,South,25218,91727.0,05:44:00,05:43:49,05:43:49,10,2706,5th Ave S & S Jackson St,0.0,0.0
2025-10-28,515,South,25219,91908.0,05:30:00,05:30:49,05:30:49,0,2113,Lynnwood City Center Station Bay D1,25.0,0.0
2025-10-28,515,South,25219,91908.0,05:34:00,05:35:21,05:35:32,1,2765,Mountlake Terrace Fwy Station Bay 6,0.0,0.0
2025-10-28,515,South,25219,91908.0,05:51:00,05:50:20,05:51:06,4,1909,Stewart St & 9th Ave,0.0,5.0
2025-10-28,515,South,25219,91908.0,,05:52:14,05:52:40,5,1908,Stewart St & 7th Ave,0.0,2.0
2025-10-28,515,South,25219,91908.0,05:56:00,05:54:38,05:55:25,6,2698,5th Ave & Pine St,0.0,0.0
2025-10-28,515,South,25219,91908.0,,05:57:19,05:57:51,7,2700,5th Ave & Seneca St,0.0,5.0
2025-10-28,515,South,25219,91908.0,,05:58:47,05:59:21,8,2702,5th Ave & Marion St,0.0,9.0
2025-10-28,515,South,25219,91908.0,,06:01:09,06:01:38,9,2290,5th Ave & Jefferson St,0.0,3.0
2025-10-28,515,South,25219,91908.0,06:05:00,06:05:03,06:05:03,10,2706,5th Ave S & S Jackson St,0.0,1.0
2025-10-28,515,South,25220,,05:55:00,,,0,2113,Lynnwood City Center Station Bay D1,,
2025-10-28,515,South,25220,,05:59:00,,,1,2765,Mountlake Terrace Fwy Station Bay 6,,
2025-10-28,515,South,25220,,06:16:00,,,4,1909,Stewart St & 9th Ave,,
2025-10-28,515,South,25220,,,,,5,1908,Stewart St & 7th Ave,,
2025-10-28,515,South,25220,,06:21:00,,,6,2698,5th Ave & Pine St,,
2025-10-28,515,South,25220,,,,,7,2700,5th Ave & Seneca St,,
2025-10-28,515,South,25220,,,,,8,2702,5th Ave & Marion St,,
2025-10-28,515,South,25220,,,,,9,2290,5th Ave & Jefferson St,,
2025-10-28,515,South,25220,,06:30:00,,,10,2706,5th Ave S & S Jackson St,,
2025-10-28,515,South,25221,91702.0,06:05:00,06:08:08,06:08:08,0,2113,Lynnwood City Center Station Bay D1,39.0,0.0
2025-10-28,515,South,25221,91702.0,06:09:00,06:12:22,06:13:08,1,2765,Mountlake Terrace Fwy Station Bay 6,5.0,0.0
2025-10-28,515,South,25221,91702.0,06:27:00,06:28:06,06:28:39,4,1909,Stewart St & 9th Ave,0.0,12.0
2025-10-28,515,South,25221,91702.0,,06:29:21,06:29:44,5,1908,Stewart St & 7th Ave,0.0,5.0
2025-10-28,515,South,25221,91702.0,06:32:00,06:31:52,06:32:13,6,2698,5th Ave & Pine St,0.0,3.0
2025-10-28,515,South,25221,91702.0,,06:34:05,06:34:44,7,2700,5th Ave & Seneca St,0.0,10.0
2025-10-28,515,South,25221,91702.0,,06:35:34,06:36:18,8,2702,5th Ave & Marion St,0.0,6.0
2025-10-28,515,South,25221,91702.0,,06:37:29,06:38:01,9,2290,5th Ave & Jefferson St,0.0,6.0
2025-10-28,515,South,25221,91702.0,06:41:00,06:40:38,06:40:38,10,2706,5th Ave S & S Jackson St,0.0,2.0
2025-10-28,515,South,25222,91707.0,06:15:00,06:19:59,06:19:59,0,2113,Lynnwood City Center Station Bay D1,51.0,0.0
2025-10-28,515,South,25222,91707.0,06:19:00,06:23:36,06:24:37,1,2765,Mountlake Terrace Fwy Station Bay 6,11.0,0.0
2025-10-28,515,South,25222,91707.0,06:37:00,06:41:01,06:41:43,4,1909,Stewart St & 9th Ave,0.0,11.0
2025-10-28,515,South,25222,91707.0,,06:42:26,06:43:11,5,1908,Stewart St & 7th Ave,0.0,8.0
2025-10-28,515,South,25222,91707.0,06:42:00,06:46:48,06:47:18,6,2698,5th Ave & Pine St,1.0,11.0
2025-10-28,515,South,25222,91707.0,,06:49:09,06:50:00,7,2700,5th Ave & Seneca St,1.0,17.0
2025-10-28,515,South,25222,91707.0,,06:50:51,06:51:31,8,2702,5th Ave & Marion St,0.0,10.0
2025-10-28,515,South,25222,91707.0,,06:52:37,06:53:01,9,2290,5th Ave & Jefferson St,0.0,6.0
2025-10-28,515,South,25222,91707.0,06:52:00,06:55:47,06:55:47,10,2706,5th Ave S & S Jackson St,0.0,1.0
2025-10-28,515,South,25223,91727.0,06:25:00,06:27:09,06:27:09,0,2113,Lynnwood City Center Station Bay D1,36.0,0.0
2025-10-28,515,South,25223,91727.0,06:29:00,06:31:59,06:32:52,1,2765,Mountlake Terrace Fwy Station Bay 6,6.0,0.0
2025-10-28,515,South,25223,91727.0,06:49:00,06:48:59,06:49:28,4,1909,Stewart St & 9th Ave,0.0,8.0
2025-10-28,515,South,25223,91727.0,,06:50:02,06:50:33,5,1908,Stewart St & 7th Ave,0.0,10.0
2025-10-28,515,South,25223,91727.0,06:54:00,06:52:57,06:54:04,6,2698,5th Ave & Pine St,0.0,2.0
2025-10-28,515,South,25223,91727.0,,06:56:23,06:57:17,7,2700,5th Ave & Seneca St,0.0,6.0
2025-10-28,515,South,25223,91727.0,,06:58:20,06:59:18,8,2702,5th Ave & Marion St,0.0,10.0
2025-10-28,515,South,25223,91727.0,,07:01:06,07:01:30,9,2290,5th Ave & Jefferson St,0.0,6.0
2025-10-28,515,South,25223,91727.0,07:05:00,07:04:03,07:04:03,10,2706,5th Ave S & S Jackson St,0.0,0.0
2025-10-28,515,South,25224,91912.0,06:35:00,06:35:57,06:35:57,0,2113,Lynnwood City Center Station Bay D1,32.0,0.0
2025-10-28,515,South,25224,91912.0,06:39:00,06:40:36,06:41:54,1,2765,Mountlake Terrace Fwy Station Bay 6,11.0,0.0
2025-10-28,515,South,25224,91912.0,07:00:00,06:58:01,06:58:32,4,1909,Stewart St & 9th Ave,0.0,11.0
2025-10-28,515,South,25224,91912.0,,06:59:00,06:59:30,5,1908,Stewart St & 7th Ave,0.0,11.0
2025-10-28,515,South,25224,91912.0,07:05:00,07:01:53,07:02:32,6,2698,5th Ave & Pine St,0.0,1.0
2025-10-28,515,South,25224,91912.0,,07:04:05,07:04:38,7,2700,5th Ave & Seneca St,0.0,8.0
2025-10-28,515,South,25224,91912.0,,07:05:39,07:06:05,8,2702,5th Ave & Marion St,0.0,6.0
2025-10-28,515,South,25224,91912.0,,07:07:31,07:07:56,9,2290,5th Ave & Jefferson St,0.0,5.0
2025-10-28,515,South,25224,91912.0,07:16:00,07:11:12,07:11:12,10,2706,5th Ave S & S Jackson St,0.0,1.0
2025-10-28,515,South,25225,91706.0,06:45:00,06:46:30,06:46:30,0,2113,Lynnwood City Center Station Bay D1,28.0,0.0
2025-10-28,515,South,25225,91706.0,06:50:00,06:51:58,06:54:13,1,2765,Mountlake Terrace Fwy Station Bay 6,11.0,0.0
2025-10-28,515,South,25225,91706.0,07:11:00,07:10:59,07:11:37,4,1909,Stewart St & 9th Ave,0.0,11.0
2025-10-28,515,South,25225,91706.0,,07:12:17,07:12:54,5,1908,Stewart St & 7th Ave,0.0,5.0
2025-10-28,515,South,25225,91706.0,07:16:00,07:15:26,07:16:37,6,2698,5th Ave & Pine St,2.0,4.0
2025-10-28,515,South,25225,91706.0,,07:18:41,07:19:04,7,2700,5th Ave & Seneca St,0.0,3.0
2025-10-28,515,South,25225,91706.0,,07:20:49,07:21:28,8,2702,5th Ave & Marion St,0.0,10.0
2025-10-28,515,South,25225,91706.0,,07:23:37,07:24:05,9,2290,5th Ave & Jefferson St,0.0,8.0
2025-10-28,515,South,25225,91706.0,07:27:00,07:27:16,07:27:16,10,2706,5th Ave S & S Jackson St,0.0,0.0
2025-10-28,515,South,25226,91903.0,06:55:00,06:56:12,06:56:12,0,2113,Lynnwood City Center Station Bay D1,22.0,0.0
2025-10-28,515,South,25226,91903.0,07:00:00,07:02:23,07:02:56,1,2765,Mountlake Terrace Fwy Station Bay 6,4.0,0.0
2025-10-28,515,South,25226,91903.0,07:21:00,07:21:02,07:21:45,4,1909,Stewart St & 9th Ave,0.0,10.0
2025-10-28,515,South,25226,91903.0,,07:22:41,07:23:05,5,1908,Stewart St & 7th Ave,0.0,4.0
2025-10-28,515,South,25226,91903.0,07:26:00,07:24:21,07:25:35,6,2698,5th Ave & Pine St,0.0,3.0
2025-10-28,515,South,25226,91903.0,,07:26:34,07:26:54,7,2700,5th Ave & Seneca St,0.0,2.0
2025-10-28,515,South,25226,91903.0,,07:28:02,07:28:47,8,2702,5th Ave & Marion St,0.0,3.0
2025-10-28,515,South,25226,91903.0,,07:29:55,07:30:21,9,2290,5th Ave & Jefferson St,0.0,2.0
2025-10-28,515,South,25226,91903.0,07:37:00,07:32:15,07:32:15,10,2706,5th Ave S & S Jackson St,0.0,2.0
2025-10-28,515,South,25227,91712.0,07:05:00,07:05:58,07:05:58,0,2113,Lynnwood City Center Station Bay D1,44.0,0.0
2025-10-28,515,South,25227,91712.0,07:10:00,07:12:22,07:13:04,1,2765,Mountlake Terrace Fwy Station Bay 6,8.0,0.0
2025-10-28,515,South,25227,91712.0,07:34:00,07:32:27,07:33:06,4,1909,Stewart St & 9th Ave,1.0,23.0
2025-10-28,515,South,25227,91712.0,,07:33:30,07:34:07,5,1908,Stewart St & 7th Ave,0.0,11.0
2025-10-28,515,South,25227,91712.0,07:39:00,07:36:22,07:36:41,6,2698,5th Ave & Pine St,0.0,5.0
2025-10-28,515,South,25227,91712.0,,07:38:23,07:38:47,7,2700,5th Ave & Seneca St,0.0,5.0
2025-10-28,515,South,25227,91712.0,,07:40:03,07:40:47,8,2702,5th Ave & Marion St,0.0,7.0
2025-10-28,515,South,25227,91712.0,,07:41:59,07:42:22,9,2290,5th Ave & Jefferson St,0.0,2.0
2025-10-28,515,South,25227,91712.0,07:50:00,07:44:25,07:44:25,10,2706,5th Ave S & S Jackson St,0.0,0.0
2025-10-28,515,South,25228,,07:15:00,,,0,2113,Lynnwood City Center Station Bay D1,,
2025-10-28,515,South,25228,,07:20:00,,,1,2765,Mountlake Terrace Fwy Station Bay 6,,
2025-10-28,515,South,25228,,07:51:00,,,4,1909,Stewart St & 9th Ave,,
2025-10-28,515,South,25228,,,,,5,1908,Stewart St & 7th Ave,,
2025-10-28,515,South,25228,,07:56:00,,,6,2698,5th Ave & Pine St,,
2025-10-28,515,South,25228,,,,,7,2700,5th Ave & Seneca St,,
2025-10-28,515,South,25228,,,,,8,2702,5th Ave & Marion St,,
2025-10-28,515,South,25228,,,,,9,2290,5th Ave & Jefferson St,,
2025-10-28,515,South,25228,,08:07:00,,,10,2706,5th Ave S & S Jackson St,,
2025-10-28,515,South,25229,91720.0,07:25:00,07:26:28,07:26:28,0,2113,Lynnwood City Center Station Bay D1,20.0,0.0
2025-10-28,515,South,25229,91720.0,07:30:00,07:33:48,07:35:09,1,2765,Mountlake Terrace Fwy Station Bay 6,13.0,0.0
2025-10-28,515,South,25229,91720.0,08:02:00,08:04:08,08:04:44,4,1909,Stewart St & 9th Ave,0.0,12.0
2025-10-28,515,South,25229,91720.0,,08:06:11,08:06:34,5,1908,Stewart St & 7th Ave,1.0,6.0
2025-10-28,515,South,25229,91720.0,08:07:00,08:07:56,08:09:05,6,2698,5th Ave & Pine St,1.0,0.0
2025-10-28,515,South,25229,91720.0,,08:10:57,08:11:27,7,2700,5th Ave & Seneca St,0.0,5.0
2025-10-28,515,South,25229,91720.0,,08:13:08,08:13:43,8,2702,5th Ave & Marion St,0.0,8.0
2025-10-28,515,South,25229,91720.0,,08:14:58,08:15:21,9,2290,5th Ave & Jefferson St,0.0,4.0
2025-10-28,515,South,25229,91720.0,08:18:00,08:17:22,08:17:22,10,2706,5th Ave S & S Jackson St,0.0,0.0
2025-10-28,515,South,25230,91707.0,07:35:00,07:40:50,07:40:50,0,2113,Lynnwood City Center Station Bay D1,26.0,0.0
2025-10-28,515,South,25230,91707.0,07:40:00,07:47:31,07:48:29,1,2765,Mountlake Terrace Fwy Station Bay 6,13.0,0.0
2025-10-28,515,South,25230,91707.0,08:13:00,08:19:51,08:20:28,4,1909,Stewart St & 9th Ave,1.0,18.0
2025-10-28,515,South,25230,91707.0,,08:21:16,08:21:54,5,1908,Stewart St & 7th Ave,0.0,8.0
2025-10-28,515,South,25230,91707.0,08:18:00,08:24:27,08:25:37,6,2698,5th Ave & Pine St,0.0,5.0
2025-10-28,515,South,25230,91707.0,,08:27:36,08:28:00,7,2700,5th Ave & Seneca St,1.0,3.0
2025-10-28,515,South,25230,91707.0,,08:29:32,08:30:20,8,2702,5th Ave & Marion St,0.0,5.0
2025-10-28,515,South,25230,91707.0,,08:31:34,08:31:34,9,2290,5th Ave & Jefferson St,0.0,0.0
2025-10-28,515,South,25230,91707.0,08:29:00,08:34:11,08:34:11,10,2706,5th Ave S & S Jackson St,1.0,3.0
2025-10-28,515,South,25231,19854.0,07:45:00,07:52:22,07:52:22,0,2113,Lynnwood City Center Station Bay D1,25.0,0.0
2025-10-28,515,South,25231,19854.0,07:50:00,08:01:34,08:02:27,1,2765,Mountlake Terrace Fwy Station Bay 6,11.0,0.0
2025-10-28,515,South,25231,19854.0,08:23:00,08:43:42,08:44:19,4,1909,Stewart St & 9th Ave,1.0,13.0
2025-10-28,515,South,25231,19854.0,,08:45:06,08:45:48,5,1908,Stewart St & 7th Ave,0.0,11.0
2025-10-28,515,South,25231,19854.0,08:28:00,08:48:18,08:49:33,6,2698,5th Ave & Pine St,0.0,2.0
2025-10-28,515,South,25231,19854.0,,08:51:43,08:52:44,7,2700,5th Ave & Seneca St,1.0,6.0
2025-10-28,515,South,25231,19854.0,,08:53:30,08:54:12,8,2702,5th Ave & Marion St,0.0,3.0
2025-10-28,515,South,25231,19854.0,,08:55:25,08:55:58,9,2290,5th Ave & Jefferson St,0.0,1.0
2025-10-28,515,South,25231,19854.0,08:39:00,08:59:05,08:59:05,10,2706,5th Ave S & S Jackson St,1.0,3.0
2025-10-28,515,South,25232,19813.0,07:55:00,07:55:48,07:55:48,0,2113,Lynnwood City Center Station Bay D1,0.0,0.0
2025-10-28,515,South,25232,19813.0,08:00:00,08:02:54,08:03:19,1,2765,Mountlake Terrace Fwy Station Bay 6,0.0,0.0
2025-10-28,515,South,25232,19813.0,08:35:00,08:45:54,08:46:14,4,1909,Stewart St & 9th Ave,0.0,0.0
2025-10-28,515,South,25232,19813.0,,08:46:45,08:47:03,5,1908,Stewart St & 7th Ave,3.0,0.0
2025-10-28,515,South,25232,19813.0,08:40:00,08:49:53,08:51:06,6,2698,5th Ave & Pine St,0.0,0.0
2025-10-28,515,South,25232,19813.0,,08:54:31,08:54:49,7,2700,5th Ave & Seneca St,0.0,0.0
2025-10-28,515,South,25232,19813.0,,08:56:27,08:57:15,8,2702,5th Ave & Marion St,0.0,3.0
2025-10-28,515,South,25232,19813.0,,08:58:26,08:59:00,9,2290,5th Ave & Jefferson St,0.0,0.0
2025-10-28,515,South,25232,19813.0,08:51:00,09:00:59,09:00:59,10,2706,5th Ave S & S Jackson St,0.0,0.0
2025-10-28,515,South,25233,19855.0,08:15:00,08:17:58,08:17:58,0,2113,Lynnwood City Center Station Bay D1,11.0,0.0
2025-10-28,515,South,25233,19855.0,08:19:00,08:24:34,08:25:01,1,2765,Mountlake Terrace Fwy Station Bay 6,3.0,0.0
2025-10-28,515,South,25233,19855.0,08:58:00,09:06:02,09:06:52,4,1909,Stewart St & 9th Ave,1.0,8.0
2025-10-28,515,South,25233,19855.0,,09:07:35,09:08:05,5,1908,Stewart St & 7th Ave,0.0,4.0
2025-10-28,515,South,25233,19855.0,09:03:00,09:09:22,09:09:37,6,2698,5th Ave & Pine St,0.0,1.0
2025-10-28,515,South,25233,19855.0,,09:12:46,09:12:59,7,2700,5th Ave & Seneca St,0.0,0.0
2025-10-28,515,South,25233,19855.0,,09:14:38,09:15:35,8,2702,5th Ave & Marion St,0.0,2.0
2025-10-28,515,South,25233,19855.0,,09:16:33,09:16:45,9,2290,5th Ave & Jefferson St,0.0,0.0
2025-10-28,515,South,25233,19855.0,09:14:00,09:19:37,09:19:37,10,2706,5th Ave S & S Jackson St,1.0,1.0
2025-10-28,515,South,25234,91730.0,08:35:00,08:35:32,08:35:32,0,2113,Lynnwood City Center Station Bay D1,10.0,0.0
2025-10-28,515,South,25234,91730.0,08:39:00,08:40:22,08:40:47,1,2765,Mountlake Terrace Fwy Station Bay 6,4.0,0.0
2025-10-28,515,South,25234,91730.0,09:18:00,09:16:34,09:17:00,4,1909,Stewart St & 9th Ave,0.0,6.0
2025-10-28,515,South,25234,91730.0,,09:18:05,09:18:33,5,1908,Stewart St & 7th Ave,0.0,4.0
2025-10-28,515,South,25234,91730.0,09:23:00,09:19:49,09:20:11,6,2698,5th Ave & Pine St,0.0,1.0
2025-10-28,515,South,25234,91730.0,,09:22:45,09:23:06,7,2700,5th Ave & Seneca St,0.0,1.0
2025-10-28,515,South,25234,91730.0,,09:23:43,09:24:16,8,2702,5th Ave & Marion St,0.0,1.0
2025-10-28,515,South,25234,91730.0,,09:25:26,09:25:50,9,2290,5th Ave & Jefferson St,0.0,1.0
2025-10-28,515,South,25234,91730.0,09:34:00,09:28:11,09:28:11,10,2706,5th Ave S & S Jackson St,0.0,0.0
2025-10-28,515,South,25235,91714.0,08:55:00,08:55:05,08:55:05,0,2113,Lynnwood City Center Station Bay D1,5.0,0.0
2025-10-28,515,South,25235,91714.0,08:59:00,08:59:09,08:59:57,1,2765,Mountlake Terrace Fwy Station Bay 6,4.0,0.0
2025-10-28,515,South,25235,91714.0,09:38:00,09:28:08,09:28:28,4,1909,Stewart St & 9th Ave,0.0,5.0
2025-10-28,515,South,25235,91714.0,,09:28:52,09:29:46,5,1908,Stewart St & 7th Ave,1.0,2.0
2025-10-28,515,South,25235,91714.0,09:43:00,09:33:18,09:33:32,6,2698,5th Ave & Pine St,0.0,1.0
2025-10-28,515,South,25235,91714.0,,09:36:32,09:36:42,7,2700,5th Ave & Seneca St,0.0,1.0
2025-10-28,515,South,25235,91714.0,,09:38:20,09:38:33,8,2702,5th Ave & Marion St,0.0,1.0
2025-10-28,515,South,25235,91714.0,,09:40:17,09:40:29,9,2290,5th Ave & Jefferson St,0.0,0.0
2025-10-28,515,South,25235,91714.0,09:54:00,09:42:36,09:42:36,10,2706,5th Ave S & S Jackson St,0.0,0.0
2025-10-29,515,North,25197,19810.0,15:00:00,15:00:13,15:00:13,0,640,4th Ave S & S Jackson St,5.0,0.0
2025-10-29,515,North,25197,19810.0,,15:00:47,15:01:09,1,635,4th Ave S & S Washington St,1.0,0.0
2025-10-29,515,North,25197,19810.0,,15:02:26,15:03:01,2,2638,4th Ave & Cherry St,6.0,0.0
2025-10-29,515,North,25197,19810.0,,15:05:34,15:07:13,3,641,4th Ave & Seneca St,9.0,1.0
2025-10-29,515,North,25197,19810.0,15:06:00,15:08:12,15:08:36,4,2976,4th Ave & Pine St,3.0,0.0
2025-10-29,515,North,25197,19810.0,,15:10:13,15:11:32,5,473,Olive Way & 6th Ave,16.0,0.0
2025-10-29,515,North,25197,19810.0,15:10:00,15:13:06,15:13:44,6,430,Howell St & 9th Ave,8.0,0.0
2025-10-29,515,North,25197,19810.0,,15:16:06,15:16:55,7,431,Howell St & Yale Ave,4.0,1.0
2025-10-29,515,North,25197,19810.0,15:30:00,15:33:16,15:33:38,10,2766,Mountlake Terrace Fwy Station Bay 7,0.0,5.0
2025-10-29,515,North,25197,19810.0,15:38:00,15:37:41,15:37:41,11,2118,Lynnwood City Center Station Bay A5,0.0,45.0
2025-10-29,515,North,25198,91730.0,15:10:00,15:11:15,15:11:15,0,640,4th Ave S & S Jackson St,1.0,0.0
2025-10-29,515,North,25198,91730.0,,15:12:34,15:12:50,1,635,4th Ave S & S Washington St,1.0,0.0
2025-10-29,515,North,25198,91730.0,,15:14:31,15:15:21,2,2638,4th Ave & Cherry St,4.0,0.0
2025-10-29,515,North,25198,91730.0,,15:18:07,15:19:17,3,641,4th Ave & Seneca St,0.0,0.0
2025-10-29,515,North,25198,91730.0,15:16:00,15:20:35,15:21:27,4,2976,4th Ave & Pine St,0.0,3.0
2025-10-29,515,North,25198,91730.0,,15:22:33,15:23:51,5,473,Olive Way & 6th Ave,7.0,0.0
2025-10-29,515,North,25198,91730.0,15:20:00,15:25:25,15:25:56,6,430,Howell St & 9th Ave,1.0,0.0
2025-10-29,515,North,25198,91730.0,,15:29:35,15:29:54,7,431,Howell St & Yale Ave,0.0,0.0
2025-10-29,515,North,25198,91730.0,15:40:00,15:48:59,15:49:20,10,2766,Mountlake Terrace Fwy Station Bay 7,0.0,11.0
2025-10-29,515,North,25198,91730.0,15:50:00,15:54:19,15:54:19,11,2118,Lynnwood City Center Station Bay A5,0.0,0.0
2025-10-29,515,North,25199,91708.0,15:20:00,15:20:47,15:20:47,0,640,4th Ave S & S Jackson St,1.0,0.0
2025-10-29,515,North,25199,91708.0,,15:21:32,15:21:32,1,635,4th Ave S & S Washington St,0.0,0.0
2025-10-29,515,North,25199,91708.0,,15:22:27,15:23:20,2,2638,4th Ave & Cherry St,5.0,0.0
2025-10-29,515,North,25199,91708.0,,15:25:18,15:25:38,3,641,4th Ave & Seneca St,0.0,0.0
2025-10-29,515,North,25199,91708.0,15:26:00,15:26:43,15:27:22,4,2976,4th Ave & Pine St,1.0,0.0
2025-10-29,515,North,25199,91708.0,,15:28:26,15:29:58,5,473,Olive Way & 6th Ave,3.0,0.0
2025-10-29,515,North,25199,91708.0,15:30:00,15:31:31,15:32:02,6,430,Howell St & 9th Ave,4.0,0.0
2025-10-29,515,North,25199,91708.0,,15:35:36,15:36:05,7,431,Howell St & Yale Ave,2.0,0.0
2025-10-29,515,North,25199,91708.0,15:51:00,15:54:58,15:55:25,10,2766,Mountlake Terrace Fwy Station Bay 7,0.0,16.0
2025-10-29,515,North,25199,91708.0,16:03:00,16:00:16,16:00:16,11,2118,Lynnwood City Center Station Bay A5,0.0,0.0
2025-10-29,515,North,25200,19815.0,15:30:00,15:30:18,15:30:18,0,640,4th Ave S & S Jackson St,1.0,0.0
2025-10-29,515,North,25200,19815.0,,15:31:42,15:32:10,1,635,4th Ave S & S Washington St,2.0,0.0
2025-10-29,515,North,25200,19815.0,,15:33:46,15:34:50,2,2638,4th Ave & Cherry St,5.0,0.0
2025-10-29,515,North,25200,19815.0,,15:35:51,15:36:26,3,641,4th Ave & Seneca St,4.0,0.0
2025-10-29,515,North,25200,19815.0,15:36:00,15:38:09,15:38:26,4,2976,4th Ave & Pine St,0.0,0.0
2025-10-29,515,North,25200,19815.0,,15:40:13,15:41:31,5,473,Olive Way & 6th Ave,2.0,0.0
2025-10-29,515,North,25200,19815.0,15:40:00,15:43:02,15:43:39,6,430,Howell St & 9th Ave,3.0,0.0
2025-10-29,515,North,25200,19815.0,,15:46:05,15:46:31,7,431,Howell St & Yale Ave,1.0,0.0
2025-10-29,515,North,25200,19815.0,16:02:00,16:07:21,16:07:37,10,2766,Mountlake Terrace Fwy Station Bay 7,0.0,18.0
2025-10-29,515,North,25200,19815.0,16:14:00,16:13:03,16:13:03,11,2118,Lynnwood City Center Station Bay A5,0.0,0.0
2025-10-29,515,North,25201,91710.0,15:40:00,15:40:42,15:40:42,0,640,4th Ave S & S Jackson St,0.0,0.0
2025-10-29,515,North,25201,91710.0,,15:41:12,15:41:28,1,635,4th Ave S & S Washington St,1.0,0.0
2025-10-29,515,North,25201,91710.0,,15:42:52,15:43:46,2,2638,4th Ave & Cherry St,17.0,0.0
2025-10-29,515,North,25201,91710.0,,15:45:11,15:46:14,3,641,4th Ave & Seneca St,6.0,0.0
2025-10-29,515,North,25201,91710.0,15:46:00,15:47:29,15:48:20,4,2976,4th Ave & Pine St,1.0,0.0
2025-10-29,515,North,25201,91710.0,,15:49:23,15:50:30,5,473,Olive Way & 6th Ave,11.0,0.0
2025-10-29,515,North,25201,91710.0,15:50:00,15:52:02,15:52:29,6,430,Howell St & 9th Ave,3.0,0.0
2025-10-29,515,North,25201,91710.0,,15:55:03,15:55:31,7,431,Howell St & Yale Ave,3.0,0.0
2025-10-29,515,North,25201,91710.0,16:12:00,16:16:19,16:16:53,10,2766,Mountlake Terrace Fwy Station Bay 7,0.0,13.0
2025-10-29,515,North,25201,91710.0,16:27:00,16:21:18,16:21:18,11,2118,Lynnwood City Center Station Bay A5,0.0,29.0
2025-10-29,515,North,25202,91912.0,15:50:00,15:50:15,15:50:15,0,640,4th Ave S & S Jackson St,2.0,0.0
2025-10-29,515,North,25202,91912.0,,15:51:21,15:51:31,1,635,4th Ave S & S Washington St,0.0,0.0
2025-10-29,515,North,25202,91912.0,,15:52:24,15:52:54,2,2638,4th Ave & Cherry St,7.0,0.0
2025-10-29,515,North,25202,91912.0,,15:54:16,15:55:15,3,641,4th Ave & Seneca St,3.0,1.0
2025-10-29,515,North,25202,91912.0,15:56:00,15:56:26,15:57:21,4,2976,4th Ave & Pine St,4.0,1.0
2025-10-29,515,North,25202,91912.0,,15:58:23,15:59:32,5,473,Olive Way & 6th Ave,10.0,0.0
2025-10-29,515,North,25202,91912.0,16:00:00,16:00:05,16:00:58,6,430,Howell St & 9th Ave,10.0,0.0
2025-10-29,515,North,25202,91912.0,,16:02:36,16:03:18,7,431,Howell St & Yale Ave,2.0,0.0
2025-10-29,515,North,25202,91912.0,16:23:00,16:23:36,16:24:11,10,2766,Mountlake Terrace Fwy Station Bay 7,0.0,6.0
2025-10-29,515,North,25202,91912.0,16:39:00,16:28:06,16:28:06,11,2118,Lynnwood City Center Station Bay A5,0.0,30.0
2025-10-29,515,North,25203,9566.0,16:00:00,16:00:08,16:00:08,0,640,4th Ave S & S Jackson St,2.0,0.0
2025-10-29,515,North,25203,9566.0,,16:01:50,16:02:06,1,635,4th Ave S & S Washington St,1.0,0.0
2025-10-29,515,North,25203,9566.0,,16:03:00,16:03:45,2,2638,4th Ave & Cherry St,5.0,0.0
2025-10-29,515,North,25203,9566.0,,16:05:35,16:05:54,3,641,4th Ave & Seneca St,2.0,10.0
2025-10-29,515,North,25203,9566.0,16:06:00,16:07:08,16:07:35,4,2976,4th Ave & Pine St,3.0,0.0
2025-10-29,515,North,25203,9566.0,,16:09:05,16:10:05,5,473,Olive Way & 6th Ave,5.0,0.0
2025-10-29,515,North,25203,9566.0,16:10:00,16:10:46,16:11:01,6,430,Howell St & 9th Ave,1.0,0.0
2025-10-29,515,North,25203,9566.0,,16:14:41,16:15:01,7,431,Howell St & Yale Ave,2.0,0.0
2025-10-29,515,North,25203,9566.0,16:33:00,16:35:21,16:35:38,10,2766,Mountlake Terrace Fwy Station Bay 7,0.0,11.0
2025-10-29,515,North,25203,9566.0,16:49:00,16:40:17,16:40:17,11,2118,Lynnwood City Center Station Bay A5,0.0,0.0
2025-10-29,515,North,25204,19857.0,16:10:00,16:13:53,16:13:53,0,640,4th Ave S & S Jackson St,3.0,0.0
2025-10-29,515,North,25204,19857.0,,16:14:23,16:14:51,1,635,4th Ave S & S Washington St,1.0,0.0
2025-10-29,515,North,25204,19857.0,,16:16:02,16:16:50,2,2638,4th Ave & Cherry St,7.0,0.0
2025-10-29,515,North,25204,19857.0,,16:19:07,16:19:46,3,641,4th Ave & Seneca St,4.0,0.0
2025-10-29,515,North,25204,19857.0,16:16:00,16:20:48,16:21:38,4,2976,4th Ave & Pine St,2.0,3.0
2025-10-29,515,North,25204,19857.0,,16:22:38,16:23:32,5,473,Olive Way & 6th Ave,7.0,2.0
2025-10-29,515,North,25204,19857.0,16:20:00,16:25:05,16:26:08,6,430,Howell St & 9th Ave,6.0,0.0
2025-10-29,515,North,25204,19857.0,,16:28:27,16:28:46,7,431,Howell St & Yale Ave,1.0,0.0
2025-10-29,515,North,25204,19857.0,16:43:00,16:49:29,16:50:02,10,2766,Mountlake Terrace Fwy Station Bay 7,0.0,26.0
2025-10-29,515,North,25204,19857.0,16:59:00,16:55:30,16:55:30,11,2118,Lynnwood City Center Station Bay A5,0.0,0.0
2025-10-29,515,North,25205,19855.0,16:20:00,16:23:04,16:23:04,0,640,4th Ave S & S Jackson St,4.0,0.0
2025-10-29,515,North,25205,19855.0,,16:24:24,16:25:03,1,635,4th Ave S & S Washington St,4.0,0.0
2025-10-29,515,North,25205,19855.0,,16:27:51,16:28:29,2,2638,4th Ave & Cherry St,6.0,0.0
2025-10-29,515,North,25205,19855.0,,16:29:57,16:31:15,3,641,4th Ave & Seneca St,5.0,0.0
2025-10-29,515,North,25205,19855.0,16:26:00,16:32:19,16:33:10,4,2976,4th Ave & Pine St,3.0,0.0
2025-10-29,515,North,25205,19855.0,,16:34:41,16:35:33,5,473,Olive Way & 6th Ave,7.0,2.0
2025-10-29,515,North,25205,19855.0,16:30:00,16:36:10,16:36:55,6,430,Howell St & 9th Ave,5.0,0.0
2025-10-29,515,North,25205,19855.0,,16:40:06,16:40:39,7,431,Howell St & Yale Ave,3.0,0.0
2025-10-29,515,North,25205,19855.0,16:53:00,16:59:43,17:00:26,10,2766,Mountlake Terrace Fwy Station Bay 7,0.0,35.0
2025-10-29,515,North,25205,19855.0,17:09:00,17:04:46,17:04:46,11,2118,Lynnwood City Center Station Bay A5,0.0,0.0
2025-10-29,515,North,25206,19817.0,16:30:00,16:30:57,16:30:57,0,640,4th Ave S & S Jackson St,4.0,0.0
2025-10-29,515,North,25206,19817.0,,16:32:06,16:32:16,1,635,4th Ave S & S Washington St,0.0,0.0
2025-10-29,515,North,25206,19817.0,,16:33:48,16:34:11,2,2638,4th Ave & Cherry St,0.0,0.0
2025-10-29,515,North,25206,19817.0,,16:35:54,16:37:16,3,641,4th Ave & Seneca St,5.0,0.0
2025-10-29,515,North,25206,19817.0,16:36:00,16:38:34,16:39:33,4,2976,4th Ave & Pine St,2.0,8.0
2025-10-29,515,North,25206,19817.0,,16:40:27,16:41:34,5,473,Olive Way & 6th Ave,1.0,0.0
2025-10-29,515,North,25206,19817.0,16:40:00,16:43:08,16:43:52,6,430,Howell St & 9th Ave,4.0,0.0
2025-10-29,515,North,25206,19817.0,,16:47:37,16:48:04,7,431,Howell St & Yale Ave,2.0,0.0
2025-10-29,515,North,25206,19817.0,17:03:00,17:06:48,17:07:06,10,2766,Mountlake Terrace Fwy Station Bay 7,0.0,10.0
2025-10-29,515,North,25206,19817.0,17:19:00,17:11:47,17:11:47,11,2118,Lynnwood City Center Station Bay A5,0.0,0.0
2025-10-29,515,North,25207,91724.0,16:40:00,16:40:16,16:40:16,0,640,4th Ave S & S Jackson St,1.0,0.0
2025-10-29,515,North,25207,91724.0,,16:41:02,16:41:10,1,635,4th Ave S & S Washington St,1.0,0.0
2025-10-29,515,North,25207,91724.0,,16:41:59,16:42:31,2,2638,4th Ave & Cherry St,6.0,0.0
2025-10-29,515,North,25207,91724.0,,16:43:33,16:44:48,3,641,4th Ave & Seneca St,5.0,2.0
2025-10-29,515,North,25207,91724.0,16:46:00,16:46:01,16:46:55,4,2976,4th Ave & Pine St,3.0,0.0
2025-10-29,515,North,25207,91724.0,,16:48:08,16:49:06,5,473,Olive Way & 6th Ave,9.0,0.0
2025-10-29,515,North,25207,91724.0,16:50:00,16:50:43,16:51:02,6,430,Howell St & 9th Ave,2.0,0.0
2025-10-29,515,North,25207,91724.0,,16:53:56,16:54:29,7,431,Howell St & Yale Ave,4.0,0.0
2025-10-29,515,North,25207,91724.0,17:13:00,17:13:25,17:13:59,10,2766,Mountlake Terrace Fwy Station Bay 7,0.0,29.0
2025-10-29,515,North,25207,91724.0,17:29:00,17:18:15,17:18:15,11,2118,Lynnwood City Center Station Bay A5,0.0,0.0
2025-10-29,515,North,25208,91731.0,16:50:00,16:50:22,16:50:22,0,640,4th Ave S & S Jackson St,0.0,0.0
2025-10-29,515,North,25208,91731.0,,16:51:34,16:51:34,1,635,4th Ave S & S Washington St,0.0,0.0
2025-10-29,515,North,25208,91731.0,,16:53:13,16:53:13,2,2638,4th Ave & Cherry St,0.0,0.0
2025-10-29,515,North,25208,91731.0,,16:56:51,16:56:51,3,641,4th Ave & Seneca St,0.0,0.0
2025-10-29,515,North,25208,91731.0,16:56:00,16:58:53,16:58:53,4,2976,4th Ave & Pine St,0.0,0.0
2025-10-29,515,North,25208,91731.0,,17:01:06,17:01:06,5,473,Olive Way & 6th Ave,0.0,0.0
2025-10-29,515,North,25208,91731.0,17:00:00,17:02:36,17:02:36,6,430,Howell St & 9th Ave,0.0,0.0
2025-10-29,515,North,25208,91731.0,,17:07:27,17:07:27,7,431,Howell St & Yale Ave,0.0,0.0
2025-10-29,515,North,25208,91731.0,17:22:00,17:26:42,17:26:57,10,2766,Mountlake Terrace Fwy Station Bay 7,0.0,0.0
2025-10-29,515,North,25208,91731.0,17:38:00,17:31:52,17:31:52,11,2118,Lynnwood City Center Station Bay A5,0.0,0.0
2025-10-29,515,North,25209,91717.0,17:00:00,17:00:59,17:00:59,0,640,4th Ave S & S Jackson St,1.0,0.0
2025-10-29,515,North,25209,91717.0,,17:02:13,17:02:25,1,635,4th Ave S & S Washington St,0.0,0.0
2025-10-29,515,North,25209,91717.0,,17:04:05,17:04:53,2,2638,4th Ave & Cherry St,4.0,0.0
2025-10-29,515,North,25209,91717.0,,17:07:03,17:07:50,3,641,4th Ave & Seneca St,4.0,0.0
2025-10-29,515,North,25209,91717.0,17:06:00,17:09:42,17:10:51,4,2976,4th Ave & Pine St,4.0,0.0
2025-10-29,515,North,25209,91717.0,,17:12:04,17:13:03,5,473,Olive Way & 6th Ave,5.0,0.0
2025-10-29,515,North,25209,91717.0,17:10:00,17:14:44,17:15:41,6,430,Howell St & 9th Ave,4.0,4.0
2025-10-29,515,North,25209,91717.0,,17:19:08,17:19:48,7,431,Howell St & Yale Ave,2.0,4.0
2025-10-29,515,North,25209,91717.0,17:32:00,17:39:54,17:40:23,10,2766,Mountlake Terrace Fwy Station Bay 7,0.0,16.0
2025-10-29,515,North,25209,91717.0,17:48:00,17:46:52,17:46:52,11,2118,Lynnwood City Center Station Bay A5,0.0,0.0
2025-10-29,515,North,25210,91704.0,17:10:00,17:10:22,17:10:22,0,640,4th Ave S & S Jackson St,2.0,0.0
2025-10-29,515,North,25210,91704.0,,17:11:21,17:11:37,1,635,4th Ave S & S Washington St,0.0,0.0
2025-10-29,515,North,25210,91704.0,,17:13:12,17:13:43,2,2638,4th Ave & Cherry St,1.0,0.0
2025-10-29,515,North,25210,91704.0,,17:16:09,17:17:48,3,641,4th Ave & Seneca St,3.0,4.0
2025-10-29,515,North,25210,91704.0,17:16:00,17:19:12,17:19:52,4,2976,4th Ave & Pine St,1.0,0.0
2025-10-29,515,North,25210,91704.0,,17:22:21,17:23:31,5,473,Olive Way & 6th Ave,4.0,0.0
2025-10-29,515,North,25210,91704.0,17:20:00,17:25:10,17:25:41,6,430,Howell St & 9th Ave,1.0,0.0
2025-10-29,515,North,25210,91704.0,,17:28:31,17:29:04,7,431,Howell St & Yale Ave,1.0,5.0
2025-10-29,515,North,25210,91704.0,17:42:00,17:48:55,17:49:15,10,2766,Mountlake Terrace Fwy Station Bay 7,0.0,4.0
2025-10-29,515,North,25210,91704.0,17:58:00,17:54:18,17:54:18,11,2118,Lynnwood City Center Station Bay A5,0.0,0.0
2025-10-29,515,North,25211,91716.0,17:20:00,17:21:04,17:21:04,0,640,4th Ave S & S Jackson St,0.0,0.0
2025-10-29,515,North,25211,91716.0,,17:21:36,17:21:36,1,635,4th Ave S & S Washington St,0.0,0.0
2025-10-29,515,North,25211,91716.0,,17:22:43,17:23:11,2,2638,4th Ave & Cherry St,6.0,0.0
2025-10-29,515,North,25211,91716.0,,17:25:44,17:27:11,3,641,4th Ave & Seneca St,2.0,0.0
2025-10-29,515,North,25211,91716.0,17:26:00,17:29:00,17:29:35,4,2976,4th Ave & Pine St,1.0,0.0
2025-10-29,515,North,25211,91716.0,,17:31:26,17:32:30,5,473,Olive Way & 6th Ave,9.0,1.0
2025-10-29,515,North,25211,91716.0,17:30:00,17:34:24,17:34:49,6,430,Howell St & 9th Ave,2.0,0.0
2025-10-29,515,North,25211,91716.0,,17:37:24,17:37:44,7,431,Howell St & Yale Ave,2.0,0.0
2025-10-29,515,North,25211,91716.0,17:51:00,17:56:11,17:56:30,10,2766,Mountlake Terrace Fwy Station Bay 7,0.0,5.0
2025-10-29,515,North,25211,91716.0,18:06:00,18:01:05,18:01:05,11,2118,Lynnwood City Center Station Bay A5,0.0,16.0
2025-10-29,515,North,25212,91903.0,17:40:00,17:42:30,17:42:30,0,640,4th Ave S & S Jackson St,1.0,0.0
2025-10-29,515,North,25212,91903.0,,17:43:58,17:44:14,1,635,4th Ave S & S Washington St,1.0,0.0
2025-10-29,515,North,25212,91903.0,,17:45:49,17:46:25,2,2638,4th Ave & Cherry St,5.0,0.0
2025-10-29,515,North,25212,91903.0,,17:47:58,17:49:16,3,641,4th Ave & Seneca St,4.0,0.0
2025-10-29,515,North,25212,91903.0,17:46:00,17:50:43,17:52:50,4,2976,4th Ave & Pine St,3.0,4.0
2025-10-29,515,North,25212,91903.0,,17:54:04,17:55:01,5,473,Olive Way & 6th Ave,4.0,0.0
2025-10-29,515,North,25212,91903.0,17:50:00,17:56:37,17:57:19,6,430,Howell St & 9th Ave,4.0,0.0
2025-10-29,515,North,25212,91903.0,,18:01:07,18:01:35,7,431,Howell St & Yale Ave,2.0,4.0
2025-10-29,515,North,25212,91903.0,18:09:00,18:17:49,18:18:15,10,2766,Mountlake Terrace Fwy Station Bay 7,1.0,17.0
2025-10-29,515,North,25212,91903.0,18:23:00,18:22:33,18:22:33,11,2118,Lynnwood City Center Station Bay A5,0.0,0.0
2025-10-29,515,North,25213,91908.0,18:00:00,18:02:02,18:02:02,0,640,4th Ave S & S Jackson St,8.0,0.0
2025-10-29,515,North,25213,91908.0,,,,1,635,4th Ave S & S Washington St,,
2025-10-29,515,North,25213,91908.0,,18:03:56,18:05:07,2,2638,4th Ave & Cherry St,4.0,0.0
2025-10-29,515,North,25213,91908.0,,18:06:09,18:07:17,3,641,4th Ave & Seneca St,5.0,0.0
2025-10-29,515,North,25213,91908.0,18:06:00,18:08:34,18:09:24,4,2976,4th Ave & Pine St,4.0,0.0
2025-10-29,515,North,25213,91908.0,,18:10:36,18:11:30,5,473,Olive Way & 6th Ave,5.0,0.0
2025-10-29,515,North,25213,91908.0,18:09:00,18:12:11,18:12:44,6,430,Howell St & 9th Ave,2.0,2.0
2025-10-29,515,North,25213,91908.0,,18:14:51,18:15:33,7,431,Howell St & Yale Ave,7.0,5.0
2025-10-29,515,North,25213,91908.0,18:27:00,18:31:39,18:32:15,10,2766,Mountlake Terrace Fwy Station Bay 7,0.0,6.0
2025-10-29,515,North,25213,91908.0,18:39:00,18:36:54,18:36:54,11,2118,Lynnwood City Center Station Bay A5,0.0,22.0
2025-10-29,515,North,25214,19857.0,18:20:00,18:21:50,18:21:50,0,640,4th Ave S & S Jackson St,1.0,0.0
2025-10-29,515,North,25214,19857.0,,,,1,635,4th Ave S & S Washington St,,
2025-10-29,515,North,25214,19857.0,,18:23:23,18:23:40,2,2638,4th Ave & Cherry St,1.0,0.0
2025-10-29,515,North,25214,19857.0,,18:25:17,18:25:26,3,641,4th Ave & Seneca St,0.0,0.0
2025-10-29,515,North,25214,19857.0,18:26:00,18:26:41,18:27:18,4,2976,4th Ave & Pine St,2.0,0.0
2025-10-29,515,North,25214,19857.0,,18:28:35,18:29:28,5,473,Olive Way & 6th Ave,3.0,0.0
2025-10-29,515,North,25214,19857.0,18:29:00,18:30:04,18:30:41,6,430,Howell St & 9th Ave,1.0,0.0
2025-10-29,515,North,25214,19857.0,,18:32:56,18:33:07,7,431,Howell St & Yale Ave,0.0,0.0
2025-10-29,515,North,25214,19857.0,18:47:00,18:46:20,18:46:39,10,2766,Mountlake Terrace Fwy Station Bay 7,0.0,8.0
2025-10-29,515,North,25214,19857.0,18:59:00,18:50:42,18:50:42,11,2118,Lynnwood City Center Station Bay A5,0.0,0.0
2025-10-29,515,North,25215,91721.0,18:40:00,18:44:14,18:44:14,0,640,4th Ave S & S Jackson St,2.0,0.0
2025-10-29,515,North,25215,91721.0,,18:45:43,18:46:32,1,635,4th Ave S & S Washington St,2.0,1.0
2025-10-29,515,North,25215,91721.0,,18:47:35,18:47:59,2,2638,4th Ave & Cherry St,0.0,0.0
2025-10-29,515,North,25215,91721.0,,18:49:39,18:50:48,3,641,4th Ave & Seneca St,2.0,0.0
2025-10-29,515,North,25215,91721.0,18:46:00,18:53:06,18:53:30,4,2976,4th Ave & Pine St,0.0,0.0
2025-10-29,515,North,25215,91721.0,,18:55:20,18:56:31,5,473,Olive Way & 6th Ave,4.0,0.0
2025-10-29,515,North,25215,91721.0,18:49:00,18:58:18,18:58:37,6,430,Howell St & 9th Ave,0.0,0.0
2025-10-29,515,North,25215,91721.0,,19:01:31,19:02:08,7,431,Howell St & Yale Ave,1.0,0.0
2025-10-29,515,North,25215,91721.0,19:07:00,19:15:00,19:15:52,10,2766,Mountlake Terrace Fwy Station Bay 7,0.0,1.0
2025-10-29,515,North,25215,91721.0,19:16:00,19:19:59,19:19:59,11,2118,Lynnwood City Center Station Bay A5,0.0,9.0
2025-10-29,515,South,25216,91902.0,04:30:00,04:32:11,04:32:11,0,2113,Lynnwood City Center Station Bay D1,20.0,0.0
2025-10-29,515,South,25216,91902.0,04:34:00,04:35:35,04:35:42,1,2765,Mountlake Terrace Fwy Station Bay 6,0.0,0.0
2025-10-29,515,South,25216,91902.0,04:51:00,04:50:11,04:50:29,4,1909,Stewart St & 9th Ave,0.0,4.0
2025-10-29,515,South,25216,91902.0,,04:51:03,04:51:24,5,1908,Stewart St & 7th Ave,0.0,3.0
2025-10-29,515,South,25216,91902.0,04:56:00,04:52:29,04:53:20,6,2698,5th Ave & Pine St,0.0,1.0
2025-10-29,515,South,25216,91902.0,,04:54:17,04:54:44,7,2700,5th Ave & Seneca St,0.0,4.0
2025-10-29,515,South,25216,91902.0,,04:55:34,04:56:16,8,2702,5th Ave & Marion St,0.0,4.0
2025-10-29,515,South,25216,91902.0,,04:57:55,04:58:16,9,2290,5th Ave & Jefferson St,0.0,4.0
2025-10-29,515,South,25216,91902.0,05:04:00,05:00:15,05:00:15,10,2706,5th Ave S & S Jackson St,0.0,0.0
2025-10-29,515,South,25217,91722.0,04:50:00,04:50:17,04:50:17,0,2113,Lynnwood City Center Station Bay D1,16.0,0.0
2025-10-29,515,South,25217,91722.0,04:54:00,04:54:24,04:54:58,1,2765,Mountlake Terrace Fwy Station Bay 6,7.0,0.0
2025-10-29,515,South,25217,91722.0,05:11:00,05:09:13,05:09:30,4,1909,Stewart St & 9th Ave,0.0,3.0
2025-10-29,515,South,25217,91722.0,,05:10:05,05:10:27,5,1908,Stewart St & 7th Ave,0.0,2.0
2025-10-29,515,South,25217,91722.0,05:16:00,05:11:31,05:12:22,6,2698,5th Ave & Pine St,0.0,2.0
2025-10-29,515,South,25217,91722.0,,05:13:58,05:14:19,7,2700,5th Ave & Seneca St,0.0,3.0
2025-10-29,515,South,25217,91722.0,,05:15:35,05:16:22,8,2702,5th Ave & Marion St,0.0,3.0
2025-10-29,515,South,25217,91722.0,,05:17:36,05:18:06,9,2290,5th Ave & Jefferson St,0.0,6.0
2025-10-29,515,South,25217,91722.0,05:24:00,05:19:55,05:19:55,10,2706,5th Ave S & S Jackson St,0.0,4.0
2025-10-29,515,South,25218,91907.0,05:10:00,05:10:04,05:10:04,0,2113,Lynnwood City Center Station Bay D1,27.0,0.0
2025-10-29,515,South,25218,91907.0,05:14:00,05:14:19,05:14:57,1,2765,Mountlake Terrace Fwy Station Bay 6,6.0,0.0
2025-10-29,515,South,25218,91907.0,05:31:00,05:30:24,05:30:58,4,1909,Stewart St & 9th Ave,0.0,12.0
2025-10-29,515,South,25218,91907.0,,05:32:06,05:32:30,5,1908,Stewart St & 7th Ave,0.0,2.0
2025-10-29,515,South,25218,91907.0,05:36:00,05:33:34,05:34:26,6,2698,5th Ave & Pine St,0.0,1.0
2025-10-29,515,South,25218,91907.0,,05:36:10,05:36:36,7,2700,5th Ave & Seneca St,0.0,7.0
2025-10-29,515,South,25218,91907.0,,05:37:38,05:38:04,8,2702,5th Ave & Marion St,0.0,9.0
2025-10-29,515,South,25218,91907.0,,05:38:47,05:39:07,9,2290,5th Ave & Jefferson St,0.0,2.0
2025-10-29,515,South,25218,91907.0,05:44:00,05:40:58,05:40:58,10,2706,5th Ave S & S Jackson St,0.0,0.0
2025-10-29,515,South,25219,91707.0,05:30:00,05:32:37,05:32:37,0,2113,Lynnwood City Center Station Bay D1,36.0,0.0
2025-10-29,515,South,25219,91707.0,05:34:00,05:37:01,05:37:35,1,2765,Mountlake Terrace Fwy Station Bay 6,4.0,0.0
2025-10-29,515,South,25219,91707.0,05:51:00,05:52:26,05:53:07,4,1909,Stewart St & 9th Ave,0.0,12.0
2025-10-29,515,South,25219,91707.0,,05:54:11,05:54:34,5,1908,Stewart St & 7th Ave,0.0,3.0
2025-10-29,515,South,25219,91707.0,05:56:00,05:55:33,05:55:46,6,2698,5th Ave & Pine St,0.0,0.0
2025-10-29,515,South,25219,91707.0,,05:57:13,05:57:53,7,2700,5th Ave & Seneca St,0.0,6.0
2025-10-29,515,South,25219,91707.0,,05:58:44,05:59:23,8,2702,5th Ave & Marion St,0.0,11.0
2025-10-29,515,South,25219,91707.0,,06:01:04,06:01:34,9,2290,5th Ave & Jefferson St,0.0,3.0
2025-10-29,515,South,25219,91707.0,06:05:00,06:04:58,06:04:58,10,2706,5th Ave S & S Jackson St,2.0,7.0
2025-10-29,515,South,25220,,05:55:00,,,0,2113,Lynnwood City Center Station Bay D1,,
2025-10-29,515,South,25220,,05:59:00,,,1,2765,Mountlake Terrace Fwy Station Bay 6,,
2025-10-29,515,South,25220,,06:16:00,,,4,1909,Stewart St & 9th Ave,,
2025-10-29,515,South,25220,,,,,5,1908,Stewart St & 7th Ave,,
2025-10-29,515,South,25220,,06:21:00,,,6,2698,5th Ave & Pine St,,
2025-10-29,515,South,25220,,,,,7,2700,5th Ave & Seneca St,,
2025-10-29,515,South,25220,,,,,8,2702,5th Ave & Marion St,,
2025-10-29,515,South,25220,,,,,9,2290,5th Ave & Jefferson St,,
2025-10-29,515,South,25220,,06:30:00,,,10,2706,5th Ave S & S Jackson St,,
2025-10-29,515,South,25221,91722.0,06:05:00,06:07:08,06:07:08,0,2113,Lynnwood City Center Station Bay D1,19.0,0.0
2025-10-29,515,South,25221,91722.0,06:09:00,06:11:24,06:12:06,1,2765,Mountlake Terrace Fwy Station Bay 6,6.0,0.0
2025-10-29,515,South,25221,91722.0,06:27:00,06:26:30,06:26:58,4,1909,Stewart St & 9th Ave,0.0,8.0
2025-10-29,515,South,25221,91722.0,,06:27:31,06:27:56,5,1908,Stewart St & 7th Ave,0.0,3.0
2025-10-29,515,South,25221,91722.0,06:32:00,06:30:20,06:30:34,6,2698,5th Ave & Pine St,0.0,1.0
2025-10-29,515,South,25221,91722.0,,06:32:30,06:32:52,7,2700,5th Ave & Seneca St,0.0,4.0
2025-10-29,515,South,25221,91722.0,,06:34:04,06:34:46,8,2702,5th Ave & Marion St,0.0,7.0
2025-10-29,515,South,25221,91722.0,,06:35:56,06:36:34,9,2290,5th Ave & Jefferson St,0.0,2.0
2025-10-29,515,South,25221,91722.0,06:41:00,06:39:03,06:39:03,10,2706,5th Ave S & S Jackson St,1.0,1.0
2025-10-29,515,South,25222,91504.0,06:15:00,06:15:43,06:15:43,0,2113,Lynnwood City Center Station Bay D1,40.0,0.0
2025-10-29,515,South,25222,91504.0,06:19:00,06:20:11,06:20:32,1,2765,Mountlake Terrace Fwy Station Bay 6,1.0,0.0
2025-10-29,515,South,25222,91504.0,06:37:00,06:35:45,06:36:46,4,1909,Stewart St & 9th Ave,0.0,12.0
2025-10-29,515,South,25222,91504.0,,06:37:40,06:38:17,5,1908,Stewart St & 7th Ave,0.0,9.0
2025-10-29,515,South,25222,91504.0,06:42:00,06:39:23,06:39:42,6,2698,5th Ave & Pine St,0.0,2.0
2025-10-29,515,South,25222,91504.0,,06:41:32,06:42:16,7,2700,5th Ave & Seneca St,0.0,10.0
2025-10-29,515,South,25222,91504.0,,06:43:13,06:43:44,8,2702,5th Ave & Marion St,0.0,4.0
2025-10-29,515,South,25222,91504.0,,06:46:05,06:47:00,9,2290,5th Ave & Jefferson St,0.0,2.0
2025-10-29,515,South,25222,91504.0,06:52:00,06:49:25,06:49:25,10,2706,5th Ave S & S Jackson St,0.0,2.0
2025-10-29,515,South,25223,91907.0,06:25:00,06:25:22,06:25:22,0,2113,Lynnwood City Center Station Bay D1,27.0,0.0
2025-10-29,515,South,25223,91907.0,06:29:00,06:29:48,06:30:11,1,2765,Mountlake Terrace Fwy Station Bay 6,4.0,0.0
2025-10-29,515,South,25223,91907.0,06:49:00,06:46:46,06:47:15,4,1909,Stewart St & 9th Ave,0.0,6.0
2025-10-29,515,South,25223,91907.0,,06:48:11,06:48:43,5,1908,Stewart St & 7th Ave,0.0,9.0
2025-10-29,515,South,25223,91907.0,06:54:00,06:49:52,06:50:11,6,2698,5th Ave & Pine St,0.0,2.0
2025-10-29,515,South,25223,91907.0,,06:51:59,06:52:28,7,2700,5th Ave & Seneca St,1.0,8.0
2025-10-29,515,South,25223,91907.0,,06:53:33,06:54:15,8,2702,5th Ave & Marion St,0.0,6.0
2025-10-29,515,South,25223,91907.0,,06:56:31,06:56:46,9,2290,5th Ave & Jefferson St,0.0,1.0
2025-10-29,515,South,25223,91907.0,07:05:00,06:59:06,06:59:06,10,2706,5th Ave S & S Jackson St,0.0,0.0
2025-10-29,515,South,25224,91903.0,06:35:00,06:41:39,06:41:39,0,2113,Lynnwood City Center Station Bay D1,48.0,0.0
2025-10-29,515,South,25224,91903.0,06:39:00,06:45:58,06:46:56,1,2765,Mountlake Terrace Fwy Station Bay 6,9.0,0.0
2025-10-29,515,South,25224,91903.0,07:00:00,07:03:01,07:03:48,4,1909,Stewart St & 9th Ave,0.0,13.0
2025-10-29,515,South,25224,91903.0,,07:04:40,07:05:15,5,1908,Stewart St & 7th Ave,0.0,12.0
2025-10-29,515,South,25224,91903.0,07:05:00,07:07:52,07:09:05,6,2698,5th Ave & Pine St,0.0,6.0
2025-10-29,515,South,25224,91903.0,,07:10:06,07:10:35,7,2700,5th Ave & Seneca St,0.0,7.0
2025-10-29,515,South,25224,91903.0,,07:11:33,07:12:14,8,2702,5th Ave & Marion St,0.0,11.0
2025-10-29,515,South,25224,91903.0,,07:13:30,07:13:59,9,2290,5th Ave & Jefferson St,1.0,3.0
2025-10-29,515,South,25224,91903.0,07:16:00,07:15:42,07:15:42,10,2706,5th Ave S & S Jackson St,0.0,6.0
2025-10-29,515,South,25225,91720.0,06:45:00,06:49:14,06:49:14,0,2113,Lynnwood City Center Station Bay D1,24.0,0.0
2025-10-29,515,South,25225,91720.0,06:50:00,06:52:09,06:52:36,1,2765,Mountlake Terrace Fwy Station Bay 6,5.0,0.0
2025-10-29,515,South,25225,91720.0,07:11:00,07:08:41,07:09:15,4,1909,Stewart St & 9th Ave,0.0,5.0
2025-10-29,515,South,25225,91720.0,,07:10:39,07:11:06,5,1908,Stewart St & 7th Ave,0.0,4.0
2025-10-29,515,South,25225,91720.0,07:16:00,07:12:31,07:13:37,6,2698,5th Ave & Pine St,0.0,3.0
2025-10-29,515,South,25225,91720.0,,07:15:30,07:16:04,7,2700,5th Ave & Seneca St,0.0,6.0
2025-10-29,515,South,25225,91720.0,,07:17:31,07:18:04,8,2702,5th Ave & Marion St,0.0,7.0
2025-10-29,515,South,25225,91720.0,,07:19:33,07:19:59,9,2290,5th Ave & Jefferson St,0.0,4.0
2025-10-29,515,South,25225,91720.0,07:27:00,07:22:17,07:22:17,10,2706,5th Ave S & S Jackson St,0.0,0.0
2025-10-29,515,South,25226,91731.0,06:55:00,06:55:47,06:55:47,0,2113,Lynnwood City Center Station Bay D1,0.0,0.0
2025-10-29,515,South,25226,91731.0,07:00:00,07:01:32,07:01:32,1,2765,Mountlake Terrace Fwy Station Bay 6,0.0,0.0
2025-10-29,515,South,25226,91731.0,07:21:00,07:18:01,07:18:42,4,1909,Stewart St & 9th Ave,0.0,0.0
2025-10-29,515,South,25226,91731.0,,07:19:36,07:20:23,5,1908,Stewart St & 7th Ave,0.0,0.0
2025-10-29,515,South,25226,91731.0,07:26:00,07:21:24,07:22:34,6,2698,5th Ave & Pine St,0.0,0.0
2025-10-29,515,South,25226,91731.0,,07:23:30,07:23:57,7,2700,5th Ave & Seneca St,0.0,0.0
2025-10-29,515,South,25226,91731.0,,07:25:01,07:25:46,8,2702,5th Ave & Marion St,0.0,0.0
2025-10-29,515,South,25226,91731.0,,07:26:56,07:27:22,9,2290,5th Ave & Jefferson St,0.0,0.0
2025-10-29,515,South,25226,91731.0,07:37:00,07:29:08,07:29:08,10,2706,5th Ave S & S Jackson St,0.0,0.0
2025-10-29,515,South,25227,91708.0,07:05:00,07:06:07,07:06:07,0,2113,Lynnwood City Center Station Bay D1,36.0,0.0
2025-10-29,515,South,25227,91708.0,07:10:00,07:10:48,07:12:43,1,2765,Mountlake Terrace Fwy Station Bay 6,8.0,0.0
2025-10-29,515,South,25227,91708.0,07:34:00,07:30:15,07:30:54,4,1909,Stewart St & 9th Ave,1.0,19.0
2025-10-29,515,South,25227,91708.0,,07:31:39,07:32:13,5,1908,Stewart St & 7th Ave,1.0,10.0
2025-10-29,515,South,25227,91708.0,07:39:00,07:34:47,07:36:00,6,2698,5th Ave & Pine St,2.0,1.0
2025-10-29,515,South,25227,91708.0,,07:36:55,07:37:26,7,2700,5th Ave & Seneca St,0.0,3.0
2025-10-29,515,South,25227,91708.0,,07:38:29,07:39:13,8,2702,5th Ave & Marion St,0.0,7.0
2025-10-29,515,South,25227,91708.0,,07:40:25,07:41:02,9,2290,5th Ave & Jefferson St,0.0,7.0
2025-10-29,515,South,25227,91708.0,07:50:00,07:42:58,07:42:58,10,2706,5th Ave S & S Jackson St,0.0,1.0
2025-10-29,515,South,25228,,07:15:00,,,0,2113,Lynnwood City Center Station Bay D1,,
2025-10-29,515,South,25228,,07:20:00,,,1,2765,Mountlake Terrace Fwy Station Bay 6,,
2025-10-29,515,South,25228,,07:51:00,,,4,1909,Stewart St & 9th Ave,,
2025-10-29,515,South,25228,,,,,5,1908,Stewart St & 7th Ave,,
2025-10-29,515,South,25228,,07:56:00,,,6,2698,5th Ave & Pine St,,
2025-10-29,515,South,25228,,,,,7,2700,5th Ave & Seneca St,,
2025-10-29,515,South,25228,,,,,8,2702,5th Ave & Marion St,,
2025-10-29,515,South,25228,,,,,9,2290,5th Ave & Jefferson St,,
2025-10-29,515,South,25228,,08:07:00,,,10,2706,5th Ave S & S Jackson St,,
2025-10-29,515,South,25229,19815.0,07:25:00,07:26:02,07:26:02,0,2113,Lynnwood City Center Station Bay D1,20.0,0.0
2025-10-29,515,South,25229,19815.0,07:30:00,07:32:33,07:33:38,1,2765,Mountlake Terrace Fwy Station Bay 6,13.0,0.0
2025-10-29,515,South,25229,19815.0,08:02:00,08:03:11,08:03:31,4,1909,Stewart St & 9th Ave,0.0,14.0
2025-10-29,515,South,25229,19815.0,,08:04:35,08:04:54,5,1908,Stewart St & 7th Ave,0.0,6.0
2025-10-29,515,South,25229,19815.0,08:07:00,08:06:17,08:06:41,6,2698,5th Ave & Pine St,1.0,0.0
2025-10-29,515,South,25229,19815.0,,08:08:26,08:08:44,7,2700,5th Ave & Seneca St,0.0,9.0
2025-10-29,515,South,25229,19815.0,,08:10:04,08:10:43,8,2702,5th Ave & Marion St,0.0,5.0
2025-10-29,515,South,25229,19815.0,,08:11:58,08:12:07,9,2290,5th Ave & Jefferson St,0.0,0.0
2025-10-29,515,South,25229,19815.0,08:18:00,08:14:22,08:14:22,10,2706,5th Ave S & S Jackson St,0.0,0.0
2025-10-29,515,South,25230,91912.0,07:35:00,07:35:56,07:35:56,0,2113,Lynnwood City Center Station Bay D1,31.0,0.0
2025-10-29,515,South,25230,91912.0,07:40:00,07:41:12,07:41:46,1,2765,Mountlake Terrace Fwy Station Bay 6,9.0,0.0
2025-10-29,515,South,25230,91912.0,08:13:00,08:13:05,08:13:37,4,1909,Stewart St & 9th Ave,0.0,18.0
2025-10-29,515,South,25230,91912.0,,08:14:04,08:14:30,5,1908,Stewart St & 7th Ave,0.0,7.0
2025-10-29,515,South,25230,91912.0,08:18:00,08:16:47,08:17:10,6,2698,5th Ave & Pine St,0.0,3.0
2025-10-29,515,South,25230,91912.0,,08:18:50,08:19:12,7,2700,5th Ave & Seneca St,0.0,8.0
2025-10-29,515,South,25230,91912.0,,08:20:27,08:21:14,8,2702,5th Ave & Marion St,0.0,3.0
2025-10-29,515,South,25230,91912.0,,08:22:20,08:22:43,9,2290,5th Ave & Jefferson St,0.0,1.0
2025-10-29,515,South,25230,91912.0,08:29:00,08:25:32,08:25:32,10,2706,5th Ave S & S Jackson St,0.0,0.0
2025-10-29,515,South,25231,19854.0,07:45:00,07:52:24,07:52:24,0,2113,Lynnwood City Center Station Bay D1,32.0,0.0
2025-10-29,515,South,25231,19854.0,07:50:00,07:58:54,07:59:38,1,2765,Mountlake Terrace Fwy Station Bay 6,9.0,0.0
2025-10-29,515,South,25231,19854.0,08:23:00,08:26:52,08:27:25,4,1909,Stewart St & 9th Ave,0.0,13.0
2025-10-29,515,South,25231,19854.0,,08:28:32,08:29:07,5,1908,Stewart St & 7th Ave,0.0,12.0
2025-10-29,515,South,25231,19854.0,08:28:00,08:30:18,08:31:31,6,2698,5th Ave & Pine St,0.0,4.0
2025-10-29,515,South,25231,19854.0,,08:32:33,08:33:00,7,2700,5th Ave & Seneca St,0.0,4.0
2025-10-29,515,South,25231,19854.0,,08:34:09,08:34:42,8,2702,5th Ave & Marion St,0.0,6.0
2025-10-29,515,South,25231,19854.0,,08:35:52,08:36:28,9,2290,5th Ave & Jefferson St,0.0,1.0
2025-10-29,515,South,25231,19854.0,08:39:00,08:38:55,08:38:55,10,2706,5th Ave S & S Jackson St,0.0,1.0
2025-10-29,515,South,25232,19814.0,07:55:00,07:55:16,07:55:16,0,2113,Lynnwood City Center Station Bay D1,2.0,0.0
2025-10-29,515,South,25232,19814.0,08:00:00,08:02:03,08:02:41,1,2765,Mountlake Terrace Fwy Station Bay 6,5.0,0.0
2025-10-29,515,South,25232,19814.0,08:35:00,08:36:59,08:37:14,4,1909,Stewart St & 9th Ave,0.0,5.0
2025-10-29,515,South,25232,19814.0,,08:37:51,08:38:11,5,1908,Stewart St & 7th Ave,0.0,1.0
2025-10-29,515,South,25232,19814.0,08:40:00,08:40:50,08:42:05,6,2698,5th Ave & Pine St,2.0,0.0
2025-10-29,515,South,25232,19814.0,,08:43:58,08:44:16,7,2700,5th Ave & Seneca St,0.0,1.0
2025-10-29,515,South,25232,19814.0,,08:45:55,08:46:44,8,2702,5th Ave & Marion St,0.0,2.0
2025-10-29,515,South,25232,19814.0,,08:49:03,08:49:54,9,2290,5th Ave & Jefferson St,0.0,0.0
2025-10-29,515,South,25232,19814.0,08:51:00,08:52:31,08:52:31,10,2706,5th Ave S & S Jackson St,0.0,0.0
2025-10-29,515,South,25233,19857.0,08:15:00,08:18:22,08:18:22,0,2113,Lynnwood City Center Station Bay D1,6.0,0.0
2025-10-29,515,South,25233,19857.0,08:19:00,08:21:35,08:22:22,1,2765,Mountlake Terrace Fwy Station Bay 6,9.0,0.0
2025-10-29,515,South,25233,19857.0,08:58:00,08:55:08,08:55:35,4,1909,Stewart St & 9th Ave,1.0,6.0
2025-10-29,515,South,25233,19857.0,,08:56:05,08:56:30,5,1908,Stewart St & 7th Ave,0.0,6.0
2025-10-29,515,South,25233,19857.0,09:03:00,08:58:41,08:59:01,6,2698,5th Ave & Pine St,0.0,1.0
2025-10-29,515,South,25233,19857.0,,09:00:45,09:01:01,7,2700,5th Ave & Seneca St,0.0,1.0
2025-10-29,515,South,25233,19857.0,,09:02:29,09:02:43,8,2702,5th Ave & Marion St,0.0,2.0
2025-10-29,515,South,25233,19857.0,,09:04:05,09:04:14,9,2290,5th Ave & Jefferson St,0.0,0.0
2025-10-29,515,South,25233,19857.0,09:14:00,09:05:51,09:05:51,10,2706,5th Ave S & S Jackson St,0.0,0.0
2025-10-29,515,South,25234,91714.0,08:35:00,08:35:11,08:35:11,0,2113,Lynnwood City Center Station Bay D1,6.0,0.0
2025-10-29,515,South,25234,91714.0,08:39:00,08:39:28,08:40:14,1,2765,Mountlake Terrace Fwy Station Bay 6,9.0,0.0
2025-10-29,515,South,25234,91714.0,09:18:00,09:14:46,09:15:07,4,1909,Stewart St & 9th Ave,0.0,7.0
2025-10-29,515,South,25234,91714.0,,09:15:43,09:16:05,5,1908,Stewart St & 7th Ave,0.0,5.0
2025-10-29,515,South,25234,91714.0,09:23:00,09:18:28,09:19:33,6,2698,5th Ave & Pine St,0.0,1.0
2025-10-29,515,South,25234,91714.0,,09:21:47,09:21:59,7,2700,5th Ave & Seneca St,0.0,1.0
2025-10-29,515,South,25234,91714.0,,09:23:51,09:24:15,8,2702,5th Ave & Marion St,0.0,1.0
2025-10-29,515,South,25234,91714.0,,09:25:21,09:25:37,9,2290,5th Ave & Jefferson St,0.0,0.0
2025-10-29,515,South,25234,91714.0,09:34:00,09:27:41,09:27:41,10,2706,5th Ave S & S Jackson St,0.0,0.0
2025-10-29,515,South,25235,91706.0,08:55:00,08:57:03,08:57:03,0,2113,Lynnwood City Center Station Bay D1,10.0,0.0
2025-10-29,515,South,25235,91706.0,08:59:00,09:01:48,09:02:03,1,2765,Mountlake Terrace Fwy Station Bay 6,0.0,0.0
2025-10-29,515,South,25235,91706.0,09:38:00,09:31:15,09:31:54,4,1909,Stewart St & 9th Ave,1.0,3.0
2025-10-29,515,South,25235,91706.0,,09:33:07,09:33:26,5,1908,Stewart St & 7th Ave,0.0,2.0
2025-10-29,515,South,25235,91706.0,09:43:00,09:35:01,09:36:03,6,2698,5th Ave & Pine St,1.0,0.0
2025-10-29,515,South,25235,91706.0,,09:38:09,09:38:32,7,2700,5th Ave & Seneca St,0.0,2.0
2025-10-29,515,South,25235,91706.0,,09:40:01,09:40:45,8,2702,5th Ave & Marion St,0.0,5.0
2025-10-29,515,South,25235,91706.0,,09:42:33,09:42:33,9,2290,5th Ave & Jefferson St,0.0,0.0
2025-10-29,515,South,25235,91706.0,09:54:00,09:44:19,09:44:19,10,2706,5th Ave S & S Jackson St,0.0,0.0
2025-10-30,515,North,25197,19816.0,15:00:00,15:00:13,15:00:13,0,640,4th Ave S & S Jackson St,4.0,0.0
2025-10-30,515,North,25197,19816.0,,15:00:45,15:00:55,1,635,4th Ave S & S Washington St,0.0,0.0
2025-10-30,515,North,25197,19816.0,,15:02:17,15:03:02,2,2638,4th Ave & Cherry St,7.0,0.0
2025-10-30,515,North,25197,19816.0,,15:04:37,15:05:50,3,641,4th Ave & Seneca St,6.0,0.0
2025-10-30,515,North,25197,19816.0,15:06:00,15:06:58,15:07:50,4,2976,4th Ave & Pine St,5.0,0.0
2025-10-30,515,North,25197,19816.0,,15:09:19,15:10:18,5,473,Olive Way & 6th Ave,11.0,0.0
2025-10-30,515,North,25197,19816.0,15:10:00,15:11:39,15:12:25,6,430,Howell St & 9th Ave,6.0,0.0
2025-10-30,515,North,25197,19816.0,,15:16:07,15:17:01,7,431,Howell St & Yale Ave,6.0,2.0
2025-10-30,515,North,25197,19816.0,15:30:00,15:31:47,15:32:07,10,2766,Mountlake Terrace Fwy Station Bay 7,0.0,7.0
2025-10-30,515,North,25197,19816.0,15:38:00,15:36:12,15:36:12,11,2118,Lynnwood City Center Station Bay A5,0.0,36.0
2025-10-30,515,North,25198,91902.0,15:10:00,15:12:30,15:12:30,0,640,4th Ave S & S Jackson St,5.0,0.0
2025-10-30,515,North,25198,91902.0,,,,1,635,4th Ave S & S Washington St,,
2025-10-30,515,North,25198,91902.0,,15:14:33,15:15:07,2,2638,4th Ave & Cherry St,3.0,0.0
2025-10-30,515,North,25198,91902.0,,15:18:04,15:19:14,3,641,4th Ave & Seneca St,4.0,0.0
2025-10-30,515,North,25198,91902.0,15:16:00,15:20:25,15:21:19,4,2976,4th Ave & Pine St,0.0,2.0
2025-10-30,515,North,25198,91902.0,,15:22:38,15:23:31,5,473,Olive Way & 6th Ave,5.0,0.0
2025-10-30,515,North,25198,91902.0,15:20:00,15:25:05,15:25:42,6,430,Howell St & 9th Ave,4.0,0.0
2025-10-30,515,North,25198,91902.0,,15:29:39,15:29:57,7,431,Howell St & Yale Ave,1.0,0.0
2025-10-30,515,North,25198,91902.0,15:40:00,15:48:00,15:48:24,10,2766,Mountlake Terrace Fwy Station Bay 7,0.0,20.0
2025-10-30,515,North,25198,91902.0,15:50:00,15:53:30,15:53:30,11,2118,Lynnwood City Center Station Bay A5,0.0,0.0
2025-10-30,515,North,25199,91911.0,15:20:00,15:21:28,15:21:28,0,640,4th Ave S & S Jackson St,3.0,0.0
2025-10-30,515,North,25199,91911.0,,,,1,635,4th Ave S & S Washington St,,
2025-10-30,515,North,25199,91911.0,,15:22:21,15:22:41,2,2638,4th Ave & Cherry St,3.0,0.0
2025-10-30,515,North,25199,91911.0,,15:24:10,15:24:26,3,641,4th Ave & Seneca St,0.0,2.0
2025-10-30,515,North,25199,91911.0,15:26:00,15:26:32,15:27:21,4,2976,4th Ave & Pine St,3.0,0.0
2025-10-30,515,North,25199,91911.0,,15:28:38,15:29:30,5,473,Olive Way & 6th Ave,3.0,0.0
2025-10-30,515,North,25199,91911.0,15:30:00,15:31:03,15:31:24,6,430,Howell St & 9th Ave,3.0,0.0
2025-10-30,515,North,25199,91911.0,,15:35:34,15:35:53,7,431,Howell St & Yale Ave,2.0,0.0
2025-10-30,515,North,25199,91911.0,15:51:00,15:53:03,15:53:25,10,2766,Mountlake Terrace Fwy Station Bay 7,0.0,1.0
2025-10-30,515,North,25199,91911.0,16:03:00,15:57:56,15:57:56,11,2118,Lynnwood City Center Station Bay A5,0.0,14.0
2025-10-30,515,North,25200,91705.0,15:30:00,15:30:50,15:30:50,0,640,4th Ave S & S Jackson St,2.0,0.0
2025-10-30,515,North,25200,91705.0,,15:32:00,15:32:27,1,635,4th Ave S & S Washington St,3.0,0.0
2025-10-30,515,North,25200,91705.0,,15:33:51,15:34:33,2,2638,4th Ave & Cherry St,3.0,0.0
2025-10-30,515,North,25200,91705.0,,15:35:56,15:36:19,3,641,4th Ave & Seneca St,2.0,0.0
2025-10-30,515,North,25200,91705.0,15:36:00,15:37:16,15:37:52,4,2976,4th Ave & Pine St,1.0,0.0
2025-10-30,515,North,25200,91705.0,,15:39:05,15:40:04,5,473,Olive Way & 6th Ave,2.0,0.0
2025-10-30,515,North,25200,91705.0,15:40:00,15:41:35,15:42:24,6,430,Howell St & 9th Ave,3.0,0.0
2025-10-30,515,North,25200,91705.0,,15:46:09,15:46:56,7,431,Howell St & Yale Ave,2.0,0.0
2025-10-30,515,North,25200,91705.0,16:02:00,16:04:44,16:05:06,10,2766,Mountlake Terrace Fwy Station Bay 7,0.0,18.0
2025-10-30,515,North,25200,91705.0,16:14:00,16:11:18,16:11:18,11,2118,Lynnwood City Center Station Bay A5,0.0,0.0
2025-10-30,515,North,25201,19817.0,15:40:00,15:42:13,15:42:13,0,640,4th Ave S & S Jackson St,2.0,0.0
2025-10-30,515,North,25201,19817.0,,15:43:49,15:44:23,1,635,4th Ave S & S Washington St,1.0,0.0
2025-10-30,515,North,25201,19817.0,,15:45:54,15:46:39,2,2638,4th Ave & Cherry St,8.0,0.0
2025-10-30,515,North,25201,19817.0,,15:48:09,15:49:15,3,641,4th Ave & Seneca St,4.0,0.0
2025-10-30,515,North,25201,19817.0,15:46:00,15:50:26,15:51:19,4,2976,4th Ave & Pine St,0.0,0.0
2025-10-30,515,North,25201,19817.0,,15:52:21,15:53:32,5,473,Olive Way & 6th Ave,5.0,0.0
2025-10-30,515,North,25201,19817.0,15:50:00,15:55:04,15:55:43,6,430,Howell St & 9th Ave,7.0,0.0
2025-10-30,515,North,25201,19817.0,,15:58:08,15:58:50,7,431,Howell St & Yale Ave,3.0,0.0
2025-10-30,515,North,25201,19817.0,16:12:00,16:17:56,16:18:23,10,2766,Mountlake Terrace Fwy Station Bay 7,0.0,30.0
2025-10-30,515,North,25201,19817.0,16:27:00,16:22:57,16:22:57,11,2118,Lynnwood City Center Station Bay A5,0.0,0.0
2025-10-30,515,North,25202,91908.0,15:50:00,15:50:13,15:50:13,0,640,4th Ave S & S Jackson St,1.0,0.0
2025-10-30,515,North,25202,91908.0,,15:51:24,15:51:39,1,635,4th Ave S & S Washington St,2.0,0.0
2025-10-30,515,North,25202,91908.0,,15:52:21,15:52:38,2,2638,4th Ave & Cherry St,1.0,0.0
2025-10-30,515,North,25202,91908.0,,15:53:53,15:54:13,3,641,4th Ave & Seneca St,4.0,0.0
2025-10-30,515,North,25202,91908.0,15:56:00,15:55:16,15:55:50,4,2976,4th Ave & Pine St,1.0,0.0
2025-10-30,515,North,25202,91908.0,,15:56:50,15:58:02,5,473,Olive Way & 6th Ave,4.0,0.0
2025-10-30,515,North,25202,91908.0,16:00:00,15:58:37,15:59:07,6,430,Howell St & 9th Ave,5.0,0.0
2025-10-30,515,North,25202,91908.0,,16:02:39,16:02:47,7,431,Howell St & Yale Ave,0.0,0.0
2025-10-30,515,North,25202,91908.0,16:23:00,16:21:37,16:21:58,10,2766,Mountlake Terrace Fwy Station Bay 7,0.0,1.0
2025-10-30,515,North,25202,91908.0,16:39:00,16:26:59,16:26:59,11,2118,Lynnwood City Center Station Bay A5,0.0,17.0
2025-10-30,515,North,25203,9566.0,16:00:00,16:01:07,16:01:07,0,640,4th Ave S & S Jackson St,1.0,0.0
2025-10-30,515,North,25203,9566.0,,16:02:11,16:02:33,1,635,4th Ave S & S Washington St,2.0,0.0
2025-10-30,515,North,25203,9566.0,,16:04:02,16:05:26,2,2638,4th Ave & Cherry St,9.0,0.0
2025-10-30,515,North,25203,9566.0,,16:07:08,16:07:40,3,641,4th Ave & Seneca St,14.0,0.0
2025-10-30,515,North,25203,9566.0,16:06:00,16:08:46,16:09:25,4,2976,4th Ave & Pine St,4.0,0.0
2025-10-30,515,North,25203,9566.0,,16:10:27,16:11:39,5,473,Olive Way & 6th Ave,18.0,0.0
2025-10-30,515,North,25203,9566.0,16:10:00,16:13:10,16:14:21,6,430,Howell St & 9th Ave,11.0,9.0
2025-10-30,515,North,25203,9566.0,,16:17:44,16:18:20,7,431,Howell St & Yale Ave,5.0,0.0
2025-10-30,515,North,25203,9566.0,16:33:00,16:37:16,16:37:42,10,2766,Mountlake Terrace Fwy Station Bay 7,0.0,6.0
2025-10-30,515,North,25203,9566.0,16:49:00,16:43:01,16:43:01,11,2118,Lynnwood City Center Station Bay A5,0.0,49.0
2025-10-30,515,North,25204,19855.0,16:10:00,16:10:07,16:10:07,0,640,4th Ave S & S Jackson St,1.0,0.0
2025-10-30,515,North,25204,19855.0,,16:11:00,16:11:22,1,635,4th Ave S & S Washington St,1.0,0.0
2025-10-30,515,North,25204,19855.0,,16:13:00,16:13:32,2,2638,4th Ave & Cherry St,3.0,0.0
2025-10-30,515,North,25204,19855.0,,16:15:03,16:16:32,3,641,4th Ave & Seneca St,5.0,0.0
2025-10-30,515,North,25204,19855.0,16:16:00,16:17:40,16:18:20,4,2976,4th Ave & Pine St,1.0,0.0
2025-10-30,515,North,25204,19855.0,,16:19:26,16:20:32,5,473,Olive Way & 6th Ave,6.0,0.0
2025-10-30,515,North,25204,19855.0,16:20:00,16:22:14,16:23:39,6,430,Howell St & 9th Ave,5.0,0.0
2025-10-30,515,North,25204,19855.0,,16:26:41,16:27:19,7,431,Howell St & Yale Ave,5.0,0.0
2025-10-30,515,North,25204,19855.0,16:43:00,16:45:58,16:46:52,10,2766,Mountlake Terrace Fwy Station Bay 7,0.0,27.0
2025-10-30,515,North,25204,19855.0,16:59:00,16:51:57,16:51:57,11,2118,Lynnwood City Center Station Bay A5,0.0,0.0
2025-10-30,515,North,25205,91726.0,16:20:00,16:20:57,16:20:57,0,640,4th Ave S & S Jackson St,1.0,0.0
2025-10-30,515,North,25205,91726.0,,16:21:31,16:21:51,1,635,4th Ave S & S Washington St,0.0,0.0
2025-10-30,515,North,25205,91726.0,,16:23:22,16:23:47,2,2638,4th Ave & Cherry St,2.0,0.0
2025-10-30,515,North,25205,91726.0,,16:25:28,16:26:47,3,641,4th Ave & Seneca St,5.0,0.0
2025-10-30,515,North,25205,91726.0,16:26:00,16:27:52,16:28:16,4,2976,4th Ave & Pine St,2.0,0.0
2025-10-30,515,North,25205,91726.0,,16:29:59,16:31:06,5,473,Olive Way & 6th Ave,9.0,0.0
2025-10-30,515,North,25205,91726.0,16:30:00,16:32:36,16:33:39,6,430,Howell St & 9th Ave,6.0,0.0
2025-10-30,515,North,25205,91726.0,,16:37:08,16:37:47,7,431,Howell St & Yale Ave,3.0,0.0
2025-10-30,515,North,25205,91726.0,16:53:00,16:57:02,16:57:36,10,2766,Mountlake Terrace Fwy Station Bay 7,0.0,28.0
2025-10-30,515,North,25205,91726.0,17:09:00,17:02:31,17:02:31,11,2118,Lynnwood City Center Station Bay A5,0.0,0.0
2025-10-30,515,North,25206,19851.0,16:30:00,16:30:36,16:30:36,0,640,4th Ave S & S Jackson St,2.0,0.0
2025-10-30,515,North,25206,19851.0,,16:31:55,16:32:21,1,635,4th Ave S & S Washington St,0.0,0.0
2025-10-30,515,North,25206,19851.0,,16:33:56,16:34:32,2,2638,4th Ave & Cherry St,3.0,0.0
2025-10-30,515,North,25206,19851.0,,16:36:07,16:37:15,3,641,4th Ave & Seneca St,4.0,0.0
2025-10-30,515,North,25206,19851.0,16:36:00,16:38:19,16:39:21,4,2976,4th Ave & Pine St,2.0,0.0
2025-10-30,515,North,25206,19851.0,,16:41:44,16:43:03,5,473,Olive Way & 6th Ave,5.0,0.0
2025-10-30,515,North,25206,19851.0,16:40:00,16:44:38,16:45:10,6,430,Howell St & 9th Ave,3.0,0.0
2025-10-30,515,North,25206,19851.0,,16:49:06,16:49:42,7,431,Howell St & Yale Ave,2.0,0.0
2025-10-30,515,North,25206,19851.0,17:03:00,17:08:20,17:08:43,10,2766,Mountlake Terrace Fwy Station Bay 7,0.0,21.0
2025-10-30,515,North,25206,19851.0,17:19:00,17:13:10,17:13:10,11,2118,Lynnwood City Center Station Bay A5,0.0,0.0
2025-10-30,515,North,25207,91714.0,16:40:00,16:42:48,16:42:48,0,640,4th Ave S & S Jackson St,4.0,0.0
2025-10-30,515,North,25207,91714.0,,16:43:57,16:44:05,1,635,4th Ave S & S Washington St,0.0,0.0
2025-10-30,515,North,25207,91714.0,,16:44:54,16:45:21,2,2638,4th Ave & Cherry St,4.0,0.0
2025-10-30,515,North,25207,91714.0,,16:49:07,16:49:31,3,641,4th Ave & Seneca St,2.0,4.0
2025-10-30,515,North,25207,91714.0,16:46:00,16:50:37,16:51:21,4,2976,4th Ave & Pine St,2.0,1.0
2025-10-30,515,North,25207,91714.0,,16:52:19,16:53:32,5,473,Olive Way & 6th Ave,6.0,0.0
2025-10-30,515,North,25207,91714.0,16:50:00,16:54:27,16:56:20,6,430,Howell St & 9th Ave,7.0,0.0
2025-10-30,515,North,25207,91714.0,,16:59:35,17:00:50,7,431,Howell St & Yale Ave,4.0,0.0
2025-10-30,515,North,25207,91714.0,17:13:00,17:19:00,17:19:27,10,2766,Mountlake Terrace Fwy Station Bay 7,0.0,4.0
2025-10-30,515,North,25207,91714.0,17:29:00,17:23:58,17:23:58,11,2118,Lynnwood City Center Station Bay A5,0.0,20.0
2025-10-30,515,North,25208,19854.0,16:50:00,16:51:27,16:51:27,0,640,4th Ave S & S Jackson St,2.0,0.0
2025-10-30,515,North,25208,19854.0,,16:52:02,16:52:02,1,635,4th Ave S & S Washington St,0.0,0.0
2025-10-30,515,North,25208,19854.0,,16:52:28,16:52:53,2,2638,4th Ave & Cherry St,3.0,0.0
2025-10-30,515,North,25208,19854.0,,16:54:13,16:55:11,3,641,4th Ave & Seneca St,1.0,0.0
2025-10-30,515,North,25208,19854.0,16:56:00,16:56:30,16:57:16,4,2976,4th Ave & Pine St,1.0,0.0
2025-10-30,515,North,25208,19854.0,,16:58:31,16:59:32,5,473,Olive Way & 6th Ave,2.0,0.0
2025-10-30,515,North,25208,19854.0,17:00:00,17:01:11,17:01:31,6,430,Howell St & 9th Ave,1.0,0.0
2025-10-30,515,North,25208,19854.0,,17:07:05,17:07:19,7,431,Howell St & Yale Ave,0.0,1.0
2025-10-30,515,North,25208,19854.0,17:22:00,17:24:30,17:24:42,10,2766,Mountlake Terrace Fwy Station Bay 7,0.0,1.0
2025-10-30,515,North,25208,19854.0,17:38:00,17:29:06,17:29:06,11,2118,Lynnwood City Center Station Bay A5,1.0,9.0
2025-10-30,515,North,25209,91703.0,17:00:00,17:04:31,17:04:31,0,640,4th Ave S & S Jackson St,1.0,0.0
2025-10-30,515,North,25209,91703.0,,17:05:23,17:05:31,1,635,4th Ave S & S Washington St,0.0,0.0
2025-10-30,515,North,25209,91703.0,,17:07:09,17:08:05,2,2638,4th Ave & Cherry St,6.0,0.0
2025-10-30,515,North,25209,91703.0,,17:10:43,17:11:15,3,641,4th Ave & Seneca St,2.0,0.0
2025-10-30,515,North,25209,91703.0,17:06:00,17:12:55,17:13:52,4,2976,4th Ave & Pine St,4.0,0.0
2025-10-30,515,North,25209,91703.0,,17:15:05,17:16:09,5,473,Olive Way & 6th Ave,9.0,0.0
2025-10-30,515,North,25209,91703.0,17:10:00,17:17:41,17:19:10,6,430,Howell St & 9th Ave,5.0,0.0
2025-10-30,515,North,25209,91703.0,,17:23:38,17:24:38,7,431,Howell St & Yale Ave,5.0,3.0
2025-10-30,515,North,25209,91703.0,17:32:00,17:42:11,17:42:50,10,2766,Mountlake Terrace Fwy Station Bay 7,0.0,29.0
2025-10-30,515,North,25209,91703.0,17:48:00,17:48:20,17:48:20,11,2118,Lynnwood City Center Station Bay A5,0.0,0.0
2025-10-30,515,North,25210,91718.0,17:10:00,17:11:38,17:11:38,0,640,4th Ave S & S Jackson St,2.0,0.0
2025-10-30,515,North,25210,91718.0,,17:12:31,17:12:31,1,635,4th Ave S & S Washington St,0.0,0.0
2025-10-30,515,North,25210,91718.0,,17:15:02,17:15:51,2,2638,4th Ave & Cherry St,2.0,0.0
2025-10-30,515,North,25210,91718.0,,17:18:11,17:19:16,3,641,4th Ave & Seneca St,4.0,0.0
2025-10-30,515,North,25210,91718.0,17:16:00,17:20:25,17:21:21,4,2976,4th Ave & Pine St,1.0,0.0
2025-10-30,515,North,25210,91718.0,,17:22:37,17:23:36,5,473,Olive Way & 6th Ave,4.0,0.0
2025-10-30,515,North,25210,91718.0,17:20:00,17:25:35,17:26:04,6,430,Howell St & 9th Ave,1.0,0.0
2025-10-30,515,North,25210,91718.0,,17:31:06,17:31:06,7,431,Howell St & Yale Ave,0.0,0.0
2025-10-30,515,North,25210,91718.0,17:42:00,17:49:13,17:49:48,10,2766,Mountlake Terrace Fwy Station Bay 7,0.0,14.0
2025-10-30,515,North,25210,91718.0,17:58:00,17:55:20,17:55:20,11,2118,Lynnwood City Center Station Bay A5,0.0,0.0
2025-10-30,515,North,25211,91504.0,17:20:00,17:22:33,17:22:33,0,640,4th Ave S & S Jackson St,5.0,0.0
2025-10-30,515,North,25211,91504.0,,17:22:57,17:22:57,1,635,4th Ave S & S Washington St,0.0,0.0
2025-10-30,515,North,25211,91504.0,,17:24:57,17:25:26,2,2638,4th Ave & Cherry St,8.0,0.0
2025-10-30,515,North,25211,91504.0,,17:27:14,17:28:13,3,641,4th Ave & Seneca St,3.0,0.0
2025-10-30,515,North,25211,91504.0,17:26:00,17:29:27,17:30:16,4,2976,4th Ave & Pine St,1.0,0.0
2025-10-30,515,North,25211,91504.0,,17:31:42,17:32:56,5,473,Olive Way & 6th Ave,12.0,0.0
2025-10-30,515,North,25211,91504.0,17:30:00,17:34:29,17:35:01,6,430,Howell St & 9th Ave,6.0,0.0
2025-10-30,515,North,25211,91504.0,,17:40:04,17:40:30,7,431,Howell St & Yale Ave,3.0,0.0
2025-10-30,515,North,25211,91504.0,17:51:00,17:58:25,17:58:53,10,2766,Mountlake Terrace Fwy Station Bay 7,0.0,10.0
2025-10-30,515,North,25211,91504.0,18:06:00,18:05:02,18:05:02,11,2118,Lynnwood City Center Station Bay A5,0.0,28.0
2025-10-30,515,North,25212,91907.0,17:40:00,17:40:32,17:40:32,0,640,4th Ave S & S Jackson St,1.0,0.0
2025-10-30,515,North,25212,91907.0,,17:41:02,17:41:02,1,635,4th Ave S & S Washington St,0.0,0.0
2025-10-30,515,North,25212,91907.0,,17:41:46,17:42:08,2,2638,4th Ave & Cherry St,2.0,0.0
2025-10-30,515,North,25212,91907.0,,17:43:24,17:43:53,3,641,4th Ave & Seneca St,4.0,4.0
2025-10-30,515,North,25212,91907.0,17:46:00,17:45:46,17:46:10,4,2976,4th Ave & Pine St,1.0,0.0
2025-10-30,515,North,25212,91907.0,,17:47:51,17:49:06,5,473,Olive Way & 6th Ave,4.0,2.0
2025-10-30,515,North,25212,91907.0,17:50:00,17:50:36,17:51:01,6,430,Howell St & 9th Ave,2.0,2.0
2025-10-30,515,North,25212,91907.0,,17:53:39,17:54:04,7,431,Howell St & Yale Ave,2.0,2.0
2025-10-30,515,North,25212,91907.0,18:09:00,,,10,2766,Mountlake Terrace Fwy Station Bay 7,,
2025-10-30,515,North,25212,91907.0,18:23:00,,,11,2118,Lynnwood City Center Station Bay A5,,
2025-10-30,515,North,25213,91903.0,18:00:00,18:02:03,18:02:03,0,640,4th Ave S & S Jackson St,9.0,0.0
2025-10-30,515,North,25213,91903.0,,,,1,635,4th Ave S & S Washington St,,
2025-10-30,515,North,25213,91903.0,,18:03:55,18:04:37,2,2638,4th Ave & Cherry St,4.0,0.0
2025-10-30,515,North,25213,91903.0,,18:05:58,18:07:19,3,641,4th Ave & Seneca St,2.0,0.0
2025-10-30,515,North,25213,91903.0,18:06:00,18:08:27,18:09:11,4,2976,4th Ave & Pine St,5.0,0.0
2025-10-30,515,North,25213,91903.0,,18:11:52,18:13:02,5,473,Olive Way & 6th Ave,6.0,0.0
2025-10-30,515,North,25213,91903.0,18:09:00,18:14:42,18:15:11,6,430,Howell St & 9th Ave,3.0,0.0
2025-10-30,515,North,25213,91903.0,,18:17:39,18:18:04,7,431,Howell St & Yale Ave,1.0,0.0
2025-10-30,515,North,25213,91903.0,18:27:00,18:34:53,18:35:29,10,2766,Mountlake Terrace Fwy Station Bay 7,0.0,11.0
2025-10-30,515,North,25213,91903.0,18:39:00,18:40:29,18:40:29,11,2118,Lynnwood City Center Station Bay A5,1.0,20.0
2025-10-30,515,North,25214,19855.0,18:20:00,18:20:23,18:20:23,0,640,4th Ave S & S Jackson St,3.0,0.0
2025-10-30,515,North,25214,19855.0,,18:21:38,18:21:56,1,635,4th Ave S & S Washington St,1.0,0.0
2025-10-30,515,North,25214,19855.0,,18:23:20,18:23:47,2,2638,4th Ave & Cherry St,1.0,0.0
2025-10-30,515,North,25214,19855.0,,18:25:19,18:26:58,3,641,4th Ave & Seneca St,3.0,2.0
2025-10-30,515,North,25214,19855.0,18:26:00,18:28:01,18:28:48,4,2976,4th Ave & Pine St,1.0,0.0
2025-10-30,515,North,25214,19855.0,,18:29:57,18:30:59,5,473,Olive Way & 6th Ave,3.0,0.0
2025-10-30,515,North,25214,19855.0,18:29:00,18:31:36,18:32:00,6,430,Howell St & 9th Ave,2.0,0.0
2025-10-30,515,North,25214,19855.0,,18:34:19,18:34:42,7,431,Howell St & Yale Ave,1.0,8.0
2025-10-30,515,North,25214,19855.0,18:47:00,18:48:32,18:48:58,10,2766,Mountlake Terrace Fwy Station Bay 7,0.0,5.0
2025-10-30,515,North,25214,19855.0,18:59:00,18:52:53,18:52:53,11,2118,Lynnwood City Center Station Bay A5,0.0,0.0
2025-10-30,515,North,25215,91711.0,18:40:00,18:41:58,18:41:58,0,640,4th Ave S & S Jackson St,0.0,0.0
2025-10-30,515,North,25215,91711.0,,18:42:45,18:43:13,1,635,4th Ave S & S Washington St,1.0,0.0
2025-10-30,515,North,25215,91711.0,,18:44:27,18:44:56,2,2638,4th Ave & Cherry St,1.0,0.0
2025-10-30,515,North,25215,91711.0,,18:46:43,18:47:45,3,641,4th Ave & Seneca St,4.0,0.0
2025-10-30,515,North,25215,91711.0,18:46:00,18:49:06,18:49:39,4,2976,4th Ave & Pine St,1.0,0.0
2025-10-30,515,North,25215,91711.0,,18:52:25,18:53:33,5,473,Olive Way & 6th Ave,5.0,0.0
2025-10-30,515,North,25215,91711.0,18:49:00,18:55:10,18:55:58,6,430,Howell St & 9th Ave,4.0,0.0
2025-10-30,515,North,25215,91711.0,,18:58:34,18:59:03,7,431,Howell St & Yale Ave,1.0,0.0
2025-10-30,515,North,25215,91711.0,19:07:00,19:16:14,19:17:24,10,2766,Mountlake Terrace Fwy Station Bay 7,0.0,9.0
2025-10-30,515,North,25215,91711.0,19:16:00,19:21:30,19:21:30,11,2118,Lynnwood City Center Station Bay A5,1.0,9.0
2025-10-30,515,South,25216,91912.0,04:30:00,04:30:14,04:30:14,0,2113,Lynnwood City Center Station Bay D1,16.0,0.0
2025-10-30,515,South,25216,91912.0,04:34:00,04:33:58,04:34:18,1,2765,Mountlake Terrace Fwy Station Bay 6,3.0,0.0
2025-10-30,515,South,25216,91912.0,04:51:00,04:48:11,04:48:32,4,1909,Stewart St & 9th Ave,0.0,5.0
2025-10-30,515,South,25216,91912.0,,04:49:01,04:49:25,5,1908,Stewart St & 7th Ave,0.0,3.0
2025-10-30,515,South,25216,91912.0,04:56:00,04:50:25,04:51:21,6,2698,5th Ave & Pine St,0.0,2.0
2025-10-30,515,South,25216,91912.0,,04:52:12,04:52:27,7,2700,5th Ave & Seneca St,0.0,1.0
2025-10-30,515,South,25216,91912.0,,04:53:27,04:53:44,8,2702,5th Ave & Marion St,0.0,3.0
2025-10-30,515,South,25216,91912.0,,04:55:00,04:55:21,9,2290,5th Ave & Jefferson St,0.0,5.0
2025-10-30,515,South,25216,91912.0,05:04:00,04:56:34,04:56:34,10,2706,5th Ave S & S Jackson St,0.0,0.0
2025-10-30,515,South,25217,91723.0,04:50:00,04:50:10,04:50:10,0,2113,Lynnwood City Center Station Bay D1,14.0,0.0
2025-10-30,515,South,25217,91723.0,04:54:00,04:54:08,04:54:42,1,2765,Mountlake Terrace Fwy Station Bay 6,3.0,0.0
2025-10-30,515,South,25217,91723.0,05:11:00,05:07:37,05:08:00,4,1909,Stewart St & 9th Ave,0.0,2.0
2025-10-30,515,South,25217,91723.0,,05:09:04,05:09:25,5,1908,Stewart St & 7th Ave,1.0,3.0
2025-10-30,515,South,25217,91723.0,05:16:00,05:10:28,05:10:39,6,2698,5th Ave & Pine St,0.0,0.0
2025-10-30,515,South,25217,91723.0,,05:12:11,05:12:35,7,2700,5th Ave & Seneca St,0.0,3.0
2025-10-30,515,South,25217,91723.0,,05:13:35,05:13:59,8,2702,5th Ave & Marion St,0.0,4.0
2025-10-30,515,South,25217,91723.0,,05:14:50,05:15:17,9,2290,5th Ave & Jefferson St,0.0,6.0
2025-10-30,515,South,25217,91723.0,05:24:00,05:16:45,05:16:45,10,2706,5th Ave S & S Jackson St,0.0,0.0
2025-10-30,515,South,25218,,05:10:00,,,0,2113,Lynnwood City Center Station Bay D1,,
2025-10-30,515,South,25218,,05:14:00,,,1,2765,Mountlake Terrace Fwy Station Bay 6,,
2025-10-30,515,South,25218,,05:31:00,,,4,1909,Stewart St & 9th Ave,,
2025-10-30,515,South,25218,,,,,5,1908,Stewart St & 7th Ave,,
2025-10-30,515,South,25218,,05:36:00,,,6,2698,5th Ave & Pine St,,
2025-10-30,515,South,25218,,,,,7,2700,5th Ave & Seneca St,,
2025-10-30,515,South,25218,,,,,8,2702,5th Ave & Marion St,,
2025-10-30,515,South,25218,,,,,9,2290,5th Ave & Jefferson St,,
2025-10-30,515,South,25218,,05:44:00,,,10,2706,5th Ave S & S Jackson St,,
2025-10-30,515,South,25219,91707.0,05:30:00,05:30:28,05:30:28,0,2113,Lynnwood City Center Station Bay D1,25.0,0.0
2025-10-30,515,South,25219,91707.0,05:34:00,05:34:48,05:35:21,1,2765,Mountlake Terrace Fwy Station Bay 6,7.0,0.0
2025-10-30,515,South,25219,91707.0,05:51:00,05:49:40,05:50:10,4,1909,Stewart St & 9th Ave,0.0,9.0
2025-10-30,515,South,25219,91707.0,,05:51:10,05:51:32,5,1908,Stewart St & 7th Ave,0.0,3.0
2025-10-30,515,South,25219,91707.0,05:56:00,05:53:31,05:54:22,6,2698,5th Ave & Pine St,0.0,0.0
2025-10-30,515,South,25219,91707.0,,05:55:17,05:55:44,7,2700,5th Ave & Seneca St,0.0,5.0
2025-10-30,515,South,25219,91707.0,,05:56:37,05:57:11,8,2702,5th Ave & Marion St,0.0,9.0
2025-10-30,515,South,25219,91707.0,,05:58:24,05:59:07,9,2290,5th Ave & Jefferson St,0.0,6.0
2025-10-30,515,South,25219,91707.0,06:05:00,06:00:55,06:00:55,10,2706,5th Ave S & S Jackson St,0.0,0.0
2025-10-30,515,South,25220,91910.0,05:55:00,05:56:21,05:56:21,0,2113,Lynnwood City Center Station Bay D1,44.0,0.0
2025-10-30,515,South,25220,91910.0,05:59:00,06:00:35,06:01:13,1,2765,Mountlake Terrace Fwy Station Bay 6,10.0,0.0
2025-10-30,515,South,25220,91910.0,06:16:00,06:15:01,06:15:51,4,1909,Stewart St & 9th Ave,1.0,12.0
2025-10-30,515,South,25220,91910.0,,06:16:40,06:17:11,5,1908,Stewart St & 7th Ave,1.0,7.0
2025-10-30,515,South,25220,91910.0,06:21:00,06:18:23,06:19:36,6,2698,5th Ave & Pine St,1.0,4.0
2025-10-30,515,South,25220,91910.0,,06:20:27,06:21:04,7,2700,5th Ave & Seneca St,0.0,11.0
2025-10-30,515,South,25220,91910.0,,06:22:07,06:22:46,8,2702,5th Ave & Marion St,0.0,13.0
2025-10-30,515,South,25220,91910.0,,06:23:58,06:24:31,9,2290,5th Ave & Jefferson St,0.0,10.0
2025-10-30,515,South,25220,91910.0,06:30:00,06:26:10,06:26:10,10,2706,5th Ave S & S Jackson St,0.0,0.0
2025-10-30,515,South,25221,91723.0,06:05:00,06:05:33,06:05:33,0,2113,Lynnwood City Center Station Bay D1,17.0,0.0
2025-10-30,515,South,25221,91723.0,06:09:00,06:09:29,06:10:00,1,2765,Mountlake Terrace Fwy Station Bay 6,4.0,0.0
2025-10-30,515,South,25221,91723.0,06:27:00,06:24:09,06:24:42,4,1909,Stewart St & 9th Ave,1.0,6.0
2025-10-30,515,South,25221,91723.0,,06:25:39,06:25:55,5,1908,Stewart St & 7th Ave,0.0,2.0
2025-10-30,515,South,25221,91723.0,06:32:00,06:27:17,06:27:35,6,2698,5th Ave & Pine St,0.0,1.0
2025-10-30,515,South,25221,91723.0,,06:29:09,06:29:36,7,2700,5th Ave & Seneca St,0.0,5.0
2025-10-30,515,South,25221,91723.0,,06:31:01,06:31:45,8,2702,5th Ave & Marion St,0.0,1.0
2025-10-30,515,South,25221,91723.0,,06:32:57,06:33:24,9,2290,5th Ave & Jefferson St,0.0,5.0
2025-10-30,515,South,25221,91723.0,06:41:00,06:35:35,06:35:35,10,2706,5th Ave S & S Jackson St,0.0,2.0
2025-10-30,515,South,25222,91706.0,06:15:00,06:15:46,06:15:46,0,2113,Lynnwood City Center Station Bay D1,39.0,0.0
2025-10-30,515,South,25222,91706.0,06:19:00,06:20:12,06:20:54,1,2765,Mountlake Terrace Fwy Station Bay 6,6.0,0.0
2025-10-30,515,South,25222,91706.0,06:37:00,06:35:27,06:35:59,4,1909,Stewart St & 9th Ave,0.0,13.0
2025-10-30,515,South,25222,91706.0,,06:36:30,06:37:00,5,1908,Stewart St & 7th Ave,0.0,9.0
2025-10-30,515,South,25222,91706.0,06:42:00,06:39:20,06:40:39,6,2698,5th Ave & Pine St,0.0,6.0
2025-10-30,515,South,25222,91706.0,,06:42:45,06:43:17,7,2700,5th Ave & Seneca St,0.0,8.0
2025-10-30,515,South,25222,91706.0,,06:44:56,06:45:25,8,2702,5th Ave & Marion St,0.0,3.0
2025-10-30,515,South,25222,91706.0,,06:46:34,06:47:08,9,2290,5th Ave & Jefferson St,0.0,4.0
2025-10-30,515,South,25222,91706.0,06:52:00,06:48:55,06:48:55,10,2706,5th Ave S & S Jackson St,0.0,2.0
2025-10-30,515,South,25223,,06:25:00,,,0,2113,Lynnwood City Center Station Bay D1,,
2025-10-30,515,South,25223,,06:29:00,,,1,2765,Mountlake Terrace Fwy Station Bay 6,,
2025-10-30,515,South,25223,,06:49:00,,,4,1909,Stewart St & 9th Ave,,
2025-10-30,515,South,25223,,,,,5,1908,Stewart St & 7th Ave,,
2025-10-30,515,South,25223,,06:54:00,,,6,2698,5th Ave & Pine St,,
2025-10-30,515,South,25223,,,,,7,2700,5th Ave & Seneca St,,
2025-10-30,515,South,25223,,,,,8,2702,5th Ave & Marion St,,
2025-10-30,515,South,25223,,,,,9,2290,5th Ave & Jefferson St,,
2025-10-30,515,South,25223,,07:05:00,,,10,2706,5th Ave S & S Jackson St,,
2025-10-30,515,South,25224,91504.0,06:35:00,06:37:25,06:37:25,0,2113,Lynnwood City Center Station Bay D1,62.0,0.0
2025-10-30,515,South,25224,91504.0,06:39:00,06:41:43,06:43:43,1,2765,Mountlake Terrace Fwy Station Bay 6,16.0,0.0
2025-10-30,515,South,25224,91504.0,07:00:00,06:59:30,07:00:20,4,1909,Stewart St & 9th Ave,0.0,19.0
2025-10-30,515,South,25224,91504.0,,07:01:39,07:02:18,5,1908,Stewart St & 7th Ave,0.0,13.0
2025-10-30,515,South,25224,91504.0,07:05:00,07:03:21,07:04:34,6,2698,5th Ave & Pine St,0.0,5.0
2025-10-30,515,South,25224,91504.0,,07:05:29,07:06:11,7,2700,5th Ave & Seneca St,0.0,13.0
2025-10-30,515,South,25224,91504.0,,07:07:25,07:08:19,8,2702,5th Ave & Marion St,0.0,13.0
2025-10-30,515,South,25224,91504.0,,07:10:00,07:10:38,9,2290,5th Ave & Jefferson St,0.0,13.0
2025-10-30,515,South,25224,91504.0,07:16:00,07:12:36,07:12:36,10,2706,5th Ave S & S Jackson St,0.0,2.0
2025-10-30,515,South,25225,91902.0,06:45:00,06:46:34,06:46:34,0,2113,Lynnwood City Center Station Bay D1,26.0,0.0
2025-10-30,515,South,25225,91902.0,06:50:00,06:51:44,06:53:36,1,2765,Mountlake Terrace Fwy Station Bay 6,7.0,0.0
2025-10-30,515,South,25225,91902.0,07:11:00,07:08:42,07:09:17,4,1909,Stewart St & 9th Ave,3.0,8.0
2025-10-30,515,South,25225,91902.0,,07:10:41,07:11:11,5,1908,Stewart St & 7th Ave,0.0,5.0
2025-10-30,515,South,25225,91902.0,07:16:00,07:12:21,07:13:37,6,2698,5th Ave & Pine St,0.0,6.0
2025-10-30,515,South,25225,91902.0,,07:15:48,07:16:27,7,2700,5th Ave & Seneca St,0.0,10.0
2025-10-30,515,South,25225,91902.0,,07:17:44,07:18:19,8,2702,5th Ave & Marion St,0.0,7.0
2025-10-30,515,South,25225,91902.0,,07:19:30,07:19:57,9,2290,5th Ave & Jefferson St,0.0,0.0
2025-10-30,515,South,25225,91902.0,07:27:00,07:22:02,07:22:02,10,2706,5th Ave S & S Jackson St,0.0,0.0
2025-10-30,515,South,25226,91907.0,06:55:00,06:56:17,06:56:17,0,2113,Lynnwood City Center Station Bay D1,28.0,0.0
2025-10-30,515,South,25226,91907.0,07:00:00,07:00:40,07:01:34,1,2765,Mountlake Terrace Fwy Station Bay 6,12.0,0.0
2025-10-30,515,South,25226,91907.0,07:21:00,07:17:40,07:18:07,4,1909,Stewart St & 9th Ave,0.0,11.0
2025-10-30,515,South,25226,91907.0,,07:18:35,07:18:59,5,1908,Stewart St & 7th Ave,0.0,4.0
2025-10-30,515,South,25226,91907.0,07:26:00,07:21:22,07:22:37,6,2698,5th Ave & Pine St,0.0,6.0
2025-10-30,515,South,25226,91907.0,,07:23:32,07:23:59,7,2700,5th Ave & Seneca St,0.0,4.0
2025-10-30,515,South,25226,91907.0,,07:25:12,07:25:44,8,2702,5th Ave & Marion St,0.0,8.0
2025-10-30,515,South,25226,91907.0,,07:26:54,07:27:20,9,2290,5th Ave & Jefferson St,0.0,4.0
2025-10-30,515,South,25226,91907.0,07:37:00,07:29:01,07:29:01,10,2706,5th Ave S & S Jackson St,0.0,3.0
2025-10-30,515,South,25227,91903.0,07:05:00,07:06:29,07:06:29,0,2113,Lynnwood City Center Station Bay D1,43.0,0.0
2025-10-30,515,South,25227,91903.0,07:10:00,07:11:40,07:12:17,1,2765,Mountlake Terrace Fwy Station Bay 6,0.0,0.0
2025-10-30,515,South,25227,91903.0,07:34:00,07:30:17,07:31:00,4,1909,Stewart St & 9th Ave,0.0,18.0
2025-10-30,515,South,25227,91903.0,,07:31:37,07:32:15,5,1908,Stewart St & 7th Ave,0.0,14.0
2025-10-30,515,South,25227,91903.0,07:39:00,07:34:49,07:35:07,6,2698,5th Ave & Pine St,0.0,3.0
2025-10-30,515,South,25227,91903.0,,07:36:56,07:37:59,7,2700,5th Ave & Seneca St,1.0,1.0
2025-10-30,515,South,25227,91903.0,,07:38:40,07:39:15,8,2702,5th Ave & Marion St,0.0,7.0
2025-10-30,515,South,25227,91903.0,,07:41:30,07:41:55,9,2290,5th Ave & Jefferson St,0.0,1.0
2025-10-30,515,South,25227,91903.0,07:50:00,07:44:23,07:44:23,10,2706,5th Ave S & S Jackson St,0.0,0.0
2025-10-30,515,South,25228,91910.0,07:15:00,07:15:33,07:15:33,0,2113,Lynnwood City Center Station Bay D1,33.0,0.0
2025-10-30,515,South,25228,91910.0,07:20:00,07:21:14,07:21:49,1,2765,Mountlake Terrace Fwy Station Bay 6,4.0,1.0
2025-10-30,515,South,25228,91910.0,07:51:00,07:41:25,07:41:59,4,1909,Stewart St & 9th Ave,1.0,14.0
2025-10-30,515,South,25228,91910.0,,07:42:32,07:42:55,5,1908,Stewart St & 7th Ave,0.0,6.0
2025-10-30,515,South,25228,91910.0,07:56:00,07:43:56,07:44:14,6,2698,5th Ave & Pine St,0.0,2.0
2025-10-30,515,South,25228,91910.0,,07:46:59,07:47:28,7,2700,5th Ave & Seneca St,0.0,7.0
2025-10-30,515,South,25228,91910.0,,07:49:03,07:49:43,8,2702,5th Ave & Marion St,0.0,4.0
2025-10-30,515,South,25228,91910.0,,07:50:55,07:51:24,9,2290,5th Ave & Jefferson St,0.0,4.0
2025-10-30,515,South,25228,91910.0,08:07:00,07:53:54,07:53:54,10,2706,5th Ave S & S Jackson St,0.0,0.0
2025-10-30,515,South,25229,91705.0,07:25:00,07:25:33,07:25:33,0,2113,Lynnwood City Center Station Bay D1,15.0,0.0
2025-10-30,515,South,25229,91705.0,07:30:00,07:32:42,07:33:25,1,2765,Mountlake Terrace Fwy Station Bay 6,10.0,0.0
2025-10-30,515,South,25229,91705.0,08:02:00,07:55:53,07:56:19,4,1909,Stewart St & 9th Ave,0.0,11.0
2025-10-30,515,South,25229,91705.0,,07:57:12,07:57:40,5,1908,Stewart St & 7th Ave,0.0,7.0
2025-10-30,515,South,25229,91705.0,08:07:00,07:58:53,07:59:08,6,2698,5th Ave & Pine St,0.0,2.0
2025-10-30,515,South,25229,91705.0,,08:00:52,08:01:13,7,2700,5th Ave & Seneca St,0.0,2.0
2025-10-30,515,South,25229,91705.0,,08:02:41,08:03:21,8,2702,5th Ave & Marion St,0.0,3.0
2025-10-30,515,South,25229,91705.0,,08:05:35,08:05:52,9,2290,5th Ave & Jefferson St,0.0,0.0
2025-10-30,515,South,25229,91705.0,08:18:00,08:07:37,08:07:37,10,2706,5th Ave S & S Jackson St,0.0,0.0
2025-10-30,515,South,25230,19814.0,07:35:00,07:40:46,07:40:46,0,2113,Lynnwood City Center Station Bay D1,29.0,0.0
2025-10-30,515,South,25230,19814.0,07:40:00,07:47:18,07:47:59,1,2765,Mountlake Terrace Fwy Station Bay 6,2.0,0.0
2025-10-30,515,South,25230,19814.0,08:13:00,08:19:39,08:20:14,4,1909,Stewart St & 9th Ave,0.0,13.0
2025-10-30,515,South,25230,19814.0,,08:21:07,08:21:36,5,1908,Stewart St & 7th Ave,0.0,7.0
2025-10-30,515,South,25230,19814.0,08:18:00,08:24:21,08:24:41,6,2698,5th Ave & Pine St,0.0,3.0
2025-10-30,515,South,25230,19814.0,,08:26:27,08:27:21,7,2700,5th Ave & Seneca St,0.0,5.0
2025-10-30,515,South,25230,19814.0,,08:28:06,08:28:45,8,2702,5th Ave & Marion St,0.0,2.0
2025-10-30,515,South,25230,19814.0,,08:29:55,08:30:32,9,2290,5th Ave & Jefferson St,0.0,1.0
2025-10-30,515,South,25230,19814.0,08:29:00,08:32:42,08:32:42,10,2706,5th Ave S & S Jackson St,0.0,0.0
2025-10-30,515,South,25231,91730.0,07:45:00,07:46:50,07:46:50,0,2113,Lynnwood City Center Station Bay D1,8.0,0.0
2025-10-30,515,South,25231,91730.0,07:50:00,07:52:31,07:52:53,1,2765,Mountlake Terrace Fwy Station Bay 6,3.0,0.0
2025-10-30,515,South,25231,91730.0,08:23:00,08:23:32,08:23:53,4,1909,Stewart St & 9th Ave,0.0,5.0
2025-10-30,515,South,25231,91730.0,,08:24:29,08:24:57,5,1908,Stewart St & 7th Ave,0.0,4.0
2025-10-30,515,South,25231,91730.0,08:28:00,08:27:23,08:28:36,6,2698,5th Ave & Pine St,1.0,0.0
2025-10-30,515,South,25231,91730.0,,08:30:41,08:31:02,7,2700,5th Ave & Seneca St,0.0,1.0
2025-10-30,515,South,25231,91730.0,,08:32:43,08:33:16,8,2702,5th Ave & Marion St,0.0,1.0
2025-10-30,515,South,25231,91730.0,,08:34:30,08:34:48,9,2290,5th Ave & Jefferson St,0.0,0.0
2025-10-30,515,South,25231,91730.0,08:39:00,08:37:22,08:37:22,10,2706,5th Ave S & S Jackson St,0.0,1.0
2025-10-30,515,South,25232,19853.0,07:55:00,07:58:47,07:58:47,0,2113,Lynnwood City Center Station Bay D1,14.0,0.0
2025-10-30,515,South,25232,19853.0,08:00:00,08:02:15,08:03:19,1,2765,Mountlake Terrace Fwy Station Bay 6,9.0,0.0
2025-10-30,515,South,25232,19853.0,08:35:00,08:29:26,08:29:55,4,1909,Stewart St & 9th Ave,0.0,10.0
2025-10-30,515,South,25232,19853.0,,08:30:22,08:30:40,5,1908,Stewart St & 7th Ave,0.0,4.0
2025-10-30,515,South,25232,19853.0,08:40:00,08:34:53,08:36:05,6,2698,5th Ave & Pine St,0.0,1.0
2025-10-30,515,South,25232,19853.0,,08:37:01,08:37:24,7,2700,5th Ave & Seneca St,0.0,5.0
2025-10-30,515,South,25232,19853.0,,08:38:32,08:39:14,8,2702,5th Ave & Marion St,0.0,3.0
2025-10-30,515,South,25232,19853.0,,08:40:24,08:40:41,9,2290,5th Ave & Jefferson St,0.0,0.0
2025-10-30,515,South,25232,19853.0,08:51:00,08:42:58,08:42:58,10,2706,5th Ave S & S Jackson St,0.0,0.0
2025-10-30,515,South,25233,91907.0,08:15:00,08:15:31,08:15:31,0,2113,Lynnwood City Center Station Bay D1,14.0,0.0
2025-10-30,515,South,25233,91907.0,08:19:00,08:20:34,08:21:21,1,2765,Mountlake Terrace Fwy Station Bay 6,8.0,0.0
2025-10-30,515,South,25233,91907.0,08:58:00,08:49:06,08:49:32,4,1909,Stewart St & 9th Ave,2.0,10.0
2025-10-30,515,South,25233,91907.0,,08:50:04,08:50:32,5,1908,Stewart St & 7th Ave,0.0,9.0
2025-10-30,515,South,25233,91907.0,09:03:00,08:52:49,08:53:09,6,2698,5th Ave & Pine St,2.0,2.0
2025-10-30,515,South,25233,91907.0,,08:54:54,08:55:16,7,2700,5th Ave & Seneca St,0.0,2.0
2025-10-30,515,South,25233,91907.0,,08:56:38,08:57:16,8,2702,5th Ave & Marion St,0.0,3.0
2025-10-30,515,South,25233,91907.0,,08:58:21,08:58:37,9,2290,5th Ave & Jefferson St,0.0,0.0
2025-10-30,515,South,25233,91907.0,09:14:00,09:00:33,09:00:33,10,2706,5th Ave S & S Jackson St,0.0,0.0
2025-10-30,515,South,25234,91704.0,08:35:00,08:35:24,08:35:24,0,2113,Lynnwood City Center Station Bay D1,9.0,0.0
2025-10-30,515,South,25234,91704.0,08:39:00,08:40:27,08:41:11,1,2765,Mountlake Terrace Fwy Station Bay 6,6.0,0.0
2025-10-30,515,South,25234,91704.0,09:18:00,09:12:03,09:12:40,4,1909,Stewart St & 9th Ave,0.0,8.0
2025-10-30,515,South,25234,91704.0,,09:13:41,09:14:03,5,1908,Stewart St & 7th Ave,0.0,3.0
2025-10-30,515,South,25234,91704.0,09:23:00,09:15:24,09:16:34,6,2698,5th Ave & Pine St,0.0,0.0
2025-10-30,515,South,25234,91704.0,,09:18:28,09:18:51,7,2700,5th Ave & Seneca St,0.0,3.0
2025-10-30,515,South,25234,91704.0,,09:20:30,09:21:14,8,2702,5th Ave & Marion St,0.0,0.0
2025-10-30,515,South,25234,91704.0,,09:22:32,09:22:56,9,2290,5th Ave & Jefferson St,0.0,1.0
2025-10-30,515,South,25234,91704.0,09:34:00,09:25:45,09:25:45,10,2706,5th Ave S & S Jackson St,0.0,0.0
2025-10-30,515,South,25235,19810.0,08:55:00,08:58:28,08:58:28,0,2113,Lynnwood City Center Station Bay D1,6.0,0.0
2025-10-30,515,South,25235,19810.0,08:59:00,09:02:27,09:02:50,1,2765,Mountlake Terrace Fwy Station Bay 6,1.0,0.0
2025-10-30,515,South,25235,19810.0,09:38:00,09:24:09,09:24:42,4,1909,Stewart St & 9th Ave,0.0,4.0
2025-10-30,515,South,25235,19810.0,,09:25:40,09:25:57,5,1908,Stewart St & 7th Ave,0.0,2.0
2025-10-30,515,South,25235,19810.0,09:43:00,09:27:22,09:27:36,6,2698,5th Ave & Pine St,0.0,0.0
2025-10-30,515,South,25235,19810.0,,09:29:33,09:29:46,7,2700,5th Ave & Seneca St,0.0,1.0
2025-10-30,515,South,25235,19810.0,,09:31:10,09:31:44,8,2702,5th Ave & Marion St,0.0,0.0
2025-10-30,515,South,25235,19810.0,,09:33:58,09:33:58,9,2290,5th Ave & Jefferson St,0.0,0.0
2025-10-30,515,South,25235,19810.0,09:54:00,09:37:43,09:37:43,10,2706,5th Ave S & S Jackson St,0.0,0.0
2025-10-31,515,North,25197,9566.0,15:00:00,15:00:14,15:00:14,0,640,4th Ave S & S Jackson St,2.0,0.0
2025-10-31,515,North,25197,9566.0,,15:00:49,15:00:58,1,635,4th Ave S & S Washington St,0.0,0.0
2025-10-31,515,North,25197,9566.0,,15:02:23,15:02:53,2,2638,4th Ave & Cherry St,3.0,0.0
2025-10-31,515,North,25197,9566.0,,15:04:38,15:05:56,3,641,4th Ave & Seneca St,2.0,0.0
2025-10-31,515,North,25197,9566.0,15:06:00,15:07:01,15:07:50,4,2976,4th Ave & Pine St,1.0,0.0
2025-10-31,515,North,25197,9566.0,,15:08:56,15:10:02,5,473,Olive Way & 6th Ave,7.0,0.0
2025-10-31,515,North,25197,9566.0,15:10:00,15:11:39,15:12:17,6,430,Howell St & 9th Ave,5.0,0.0
2025-10-31,515,North,25197,9566.0,,15:16:06,15:16:46,7,431,Howell St & Yale Ave,3.0,4.0
2025-10-31,515,North,25197,9566.0,15:30:00,15:36:06,15:36:24,10,2766,Mountlake Terrace Fwy Station Bay 7,0.0,19.0
2025-10-31,515,North,25197,9566.0,15:38:00,15:42:19,15:42:19,11,2118,Lynnwood City Center Station Bay A5,0.0,0.0
2025-10-31,515,North,25198,91725.0,15:10:00,15:11:55,15:11:55,0,640,4th Ave S & S Jackson St,0.0,0.0
2025-10-31,515,North,25198,91725.0,,15:12:47,15:13:00,1,635,4th Ave S & S Washington St,1.0,0.0
2025-10-31,515,North,25198,91725.0,,15:14:53,15:15:27,2,2638,4th Ave & Cherry St,4.0,0.0
2025-10-31,515,North,25198,91725.0,,15:18:24,15:18:24,3,641,4th Ave & Seneca St,0.0,0.0
2025-10-31,515,North,25198,91725.0,15:16:00,15:19:26,15:19:53,4,2976,4th Ave & Pine St,0.0,0.0
2025-10-31,515,North,25198,91725.0,,15:22:23,15:23:32,5,473,Olive Way & 6th Ave,2.0,0.0
2025-10-31,515,North,25198,91725.0,15:20:00,15:25:10,15:25:26,6,430,Howell St & 9th Ave,1.0,0.0
2025-10-31,515,North,25198,91725.0,,15:29:55,15:29:55,7,431,Howell St & Yale Ave,0.0,0.0
2025-10-31,515,North,25198,91725.0,15:40:00,15:51:10,15:51:28,10,2766,Mountlake Terrace Fwy Station Bay 7,0.0,8.0
2025-10-31,515,North,25198,91725.0,15:50:00,15:57:23,15:57:23,11,2118,Lynnwood City Center Station Bay A5,0.0,0.0
2025-10-31,515,North,25199,91719.0,15:20:00,15:20:15,15:20:15,0,640,4th Ave S & S Jackson St,0.0,0.0
2025-10-31,515,North,25199,91719.0,,15:21:28,15:21:36,1,635,4th Ave S & S Washington St,0.0,0.0
2025-10-31,515,North,25199,91719.0,,15:22:25,15:22:43,2,2638,4th Ave & Cherry St,3.0,0.0
2025-10-31,515,North,25199,91719.0,,15:24:10,15:24:23,3,641,4th Ave & Seneca St,0.0,1.0
2025-10-31,515,North,25199,91719.0,15:26:00,15:26:08,15:27:22,4,2976,4th Ave & Pine St,2.0,0.0
2025-10-31,515,North,25199,91719.0,,15:28:28,15:29:29,5,473,Olive Way & 6th Ave,3.0,0.0
2025-10-31,515,North,25199,91719.0,15:30:00,15:31:01,15:31:25,6,430,Howell St & 9th Ave,2.0,0.0
2025-10-31,515,North,25199,91719.0,,15:34:03,15:34:16,7,431,Howell St & Yale Ave,1.0,0.0
2025-10-31,515,North,25199,91719.0,15:51:00,15:56:00,15:56:16,10,2766,Mountlake Terrace Fwy Station Bay 7,0.0,0.0
2025-10-31,515,North,25199,91719.0,16:03:00,16:02:06,16:02:06,11,2118,Lynnwood City Center Station Bay A5,2.0,12.0
2025-10-31,515,North,25200,91902.0,15:30:00,15:34:02,15:34:02,0,640,4th Ave S & S Jackson St,1.0,0.0
2025-10-31,515,North,25200,91902.0,,15:34:56,15:35:19,1,635,4th Ave S & S Washington St,1.0,0.0
2025-10-31,515,North,25200,91902.0,,15:36:47,15:37:19,2,2638,4th Ave & Cherry St,4.0,0.0
2025-10-31,515,North,25200,91902.0,,15:38:59,15:40:14,3,641,4th Ave & Seneca St,4.0,0.0
2025-10-31,515,North,25200,91902.0,15:36:00,15:41:08,15:42:19,4,2976,4th Ave & Pine St,1.0,2.0
2025-10-31,515,North,25200,91902.0,,15:43:33,15:44:31,5,473,Olive Way & 6th Ave,0.0,2.0
2025-10-31,515,North,25200,91902.0,15:40:00,15:46:13,15:46:40,6,430,Howell St & 9th Ave,4.0,0.0
2025-10-31,515,North,25200,91902.0,,15:49:03,15:49:36,7,431,Howell St & Yale Ave,1.0,0.0
2025-10-31,515,North,25200,91902.0,16:02:00,16:12:52,16:13:19,10,2766,Mountlake Terrace Fwy Station Bay 7,0.0,12.0
2025-10-31,515,North,25200,91902.0,16:14:00,16:18:32,16:18:32,11,2118,Lynnwood City Center Station Bay A5,0.0,0.0
2025-10-31,515,North,25201,19816.0,15:40:00,15:40:41,15:40:41,0,640,4th Ave S & S Jackson St,1.0,0.0
2025-10-31,515,North,25201,19816.0,,15:42:25,15:42:46,1,635,4th Ave S & S Washington St,2.0,0.0
2025-10-31,515,North,25201,19816.0,,15:44:57,15:45:22,2,2638,4th Ave & Cherry St,3.0,0.0
2025-10-31,515,North,25201,19816.0,,15:46:45,15:47:47,3,641,4th Ave & Seneca St,2.0,0.0
2025-10-31,515,North,25201,19816.0,15:46:00,15:49:19,15:49:30,4,2976,4th Ave & Pine St,0.0,0.0
2025-10-31,515,North,25201,19816.0,,15:50:57,15:52:22,5,473,Olive Way & 6th Ave,5.0,0.0
2025-10-31,515,North,25201,19816.0,15:50:00,15:54:02,15:54:34,6,430,Howell St & 9th Ave,5.0,0.0
2025-10-31,515,North,25201,19816.0,,15:58:08,15:58:41,7,431,Howell St & Yale Ave,3.0,2.0
2025-10-31,515,North,25201,19816.0,16:12:00,16:22:38,16:22:57,10,2766,Mountlake Terrace Fwy Station Bay 7,0.0,19.0
2025-10-31,515,North,25201,19816.0,16:27:00,16:29:13,16:29:13,11,2118,Lynnwood City Center Station Bay A5,0.0,0.0
2025-10-31,515,North,25202,,15:50:00,,,0,640,4th Ave S & S Jackson St,,
2025-10-31,515,North,25202,,,,,1,635,4th Ave S & S Washington St,,
2025-10-31,515,North,25202,,,,,2,2638,4th Ave & Cherry St,,
2025-10-31,515,North,25202,,,,,3,641,4th Ave & Seneca St,,
2025-10-31,515,North,25202,,15:56:00,,,4,2976,4th Ave & Pine St,,
2025-10-31,515,North,25202,,,,,5,473,Olive Way & 6th Ave,,
2025-10-31,515,North,25202,,16:00:00,,,6,430,Howell St & 9th Ave,,
2025-10-31,515,North,25202,,,,,7,431,Howell St & Yale Ave,,
2025-10-31,515,North,25202,,16:23:00,,,10,2766,Mountlake Terrace Fwy Station Bay 7,,
2025-10-31,515,North,25202,,16:39:00,,,11,2118,Lynnwood City Center Station Bay A5,,
2025-10-31,515,North,25203,19814.0,16:00:00,16:00:19,16:00:19,0,640,4th Ave S & S Jackson St,0.0,0.0
2025-10-31,515,North,25203,19814.0,,16:01:40,16:01:40,1,635,4th Ave S & S Washington St,0.0,0.0
2025-10-31,515,North,25203,19814.0,,16:02:39,16:03:17,2,2638,4th Ave & Cherry St,1.0,0.0
2025-10-31,515,North,25203,19814.0,,16:05:57,16:06:54,3,641,4th Ave & Seneca St,3.0,0.0
2025-10-31,515,North,25203,19814.0,16:06:00,16:08:22,16:08:45,4,2976,4th Ave & Pine St,2.0,0.0
2025-10-31,515,North,25203,19814.0,,16:10:33,16:11:32,5,473,Olive Way & 6th Ave,8.0,0.0
2025-10-31,515,North,25203,19814.0,16:10:00,16:12:15,16:12:39,6,430,Howell St & 9th Ave,2.0,0.0
2025-10-31,515,North,25203,19814.0,,16:16:10,16:16:34,7,431,Howell St & Yale Ave,1.0,3.0
2025-10-31,515,North,25203,19814.0,16:33:00,16:42:13,16:42:29,10,2766,Mountlake Terrace Fwy Station Bay 7,0.0,14.0
2025-10-31,515,North,25203,19814.0,16:49:00,16:49:00,16:49:00,11,2118,Lynnwood City Center Station Bay A5,0.0,0.0
2025-10-31,515,North,25204,91711.0,16:10:00,16:18:38,16:18:38,0,640,4th Ave S & S Jackson St,1.0,0.0
2025-10-31,515,North,25204,91711.0,,,,1,635,4th Ave S & S Washington St,,
2025-10-31,515,North,25204,91711.0,,16:20:45,16:21:33,2,2638,4th Ave & Cherry St,2.0,0.0
2025-10-31,515,North,25204,91711.0,,16:22:38,16:23:00,3,641,4th Ave & Seneca St,1.0,0.0
2025-10-31,515,North,25204,91711.0,16:16:00,16:24:46,16:25:06,4,2976,4th Ave & Pine St,0.0,0.0
2025-10-31,515,North,25204,91711.0,,16:27:09,16:28:04,5,473,Olive Way & 6th Ave,2.0,0.0
2025-10-31,515,North,25204,91711.0,16:20:00,16:29:39,16:30:15,6,430,Howell St & 9th Ave,5.0,0.0
2025-10-31,515,North,25204,91711.0,,16:33:01,16:33:42,7,431,Howell St & Yale Ave,2.0,0.0
2025-10-31,515,North,25204,91711.0,16:43:00,17:00:20,17:00:49,10,2766,Mountlake Terrace Fwy Station Bay 7,0.0,13.0
2025-10-31,515,North,25204,91711.0,16:59:00,17:08:03,17:08:03,11,2118,Lynnwood City Center Station Bay A5,0.0,0.0
2025-10-31,515,North,25205,19856.0,16:20:00,16:19:36,16:19:36,0,640,4th Ave S & S Jackson St,0.0,0.0
2025-10-31,515,North,25205,19856.0,,16:20:24,16:20:35,1,635,4th Ave S & S Washington St,0.0,0.0
2025-10-31,515,North,25205,19856.0,,16:22:12,16:23:28,2,2638,4th Ave & Cherry St,0.0,0.0
2025-10-31,515,North,25205,19856.0,,16:25:02,16:25:14,3,641,4th Ave & Seneca St,0.0,0.0
2025-10-31,515,North,25205,19856.0,16:26:00,16:26:19,16:26:31,4,2976,4th Ave & Pine St,0.0,0.0
2025-10-31,515,North,25205,19856.0,,16:28:35,16:29:34,5,473,Olive Way & 6th Ave,0.0,0.0
2025-10-31,515,North,25205,19856.0,16:30:00,16:31:13,16:31:37,6,430,Howell St & 9th Ave,0.0,0.0
2025-10-31,515,North,25205,19856.0,,16:35:40,16:35:52,7,431,Howell St & Yale Ave,0.0,0.0
2025-10-31,515,North,25205,19856.0,16:53:00,17:02:32,17:02:44,10,2766,Mountlake Terrace Fwy Station Bay 7,0.0,0.0
2025-10-31,515,North,25205,19856.0,17:09:00,17:09:09,17:09:09,11,2118,Lynnwood City Center Station Bay A5,0.0,0.0
2025-10-31,515,North,25206,19855.0,16:30:00,16:31:28,16:31:28,0,640,4th Ave S & S Jackson St,2.0,0.0
2025-10-31,515,North,25206,19855.0,,16:32:00,16:32:27,1,635,4th Ave S & S Washington St,1.0,0.0
2025-10-31,515,North,25206,19855.0,,16:33:48,16:34:15,2,2638,4th Ave & Cherry St,3.0,0.0
2025-10-31,515,North,25206,19855.0,,16:35:53,16:37:37,3,641,4th Ave & Seneca St,6.0,0.0
2025-10-31,515,North,25206,19855.0,16:36:00,16:38:37,16:39:48,4,2976,4th Ave & Pine St,0.0,0.0
2025-10-31,515,North,25206,19855.0,,16:40:39,16:41:39,5,473,Olive Way & 6th Ave,4.0,0.0
2025-10-31,515,North,25206,19855.0,16:40:00,16:43:04,16:43:44,6,430,Howell St & 9th Ave,2.0,0.0
2025-10-31,515,North,25206,19855.0,,16:47:38,16:48:07,7,431,Howell St & Yale Ave,0.0,4.0
2025-10-31,515,North,25206,19855.0,17:03:00,17:16:25,17:16:51,10,2766,Mountlake Terrace Fwy Station Bay 7,0.0,14.0
2025-10-31,515,North,25206,19855.0,17:19:00,17:22:08,17:22:08,11,2118,Lynnwood City Center Station Bay A5,0.0,0.0
2025-10-31,515,North,25207,91908.0,16:40:00,16:55:13,16:55:13,0,640,4th Ave S & S Jackson St,0.0,0.0
2025-10-31,515,North,25207,91908.0,,16:56:15,16:56:24,1,635,4th Ave S & S Washington St,0.0,0.0
2025-10-31,515,North,25207,91908.0,,16:57:56,16:58:23,2,2638,4th Ave & Cherry St,0.0,0.0
2025-10-31,515,North,25207,91908.0,,17:00:10,17:01:15,3,641,4th Ave & Seneca St,0.0,0.0
2025-10-31,515,North,25207,91908.0,16:46:00,17:02:25,17:02:39,4,2976,4th Ave & Pine St,0.0,0.0
2025-10-31,515,North,25207,91908.0,,17:04:29,17:05:32,5,473,Olive Way & 6th Ave,0.0,0.0
2025-10-31,515,North,25207,91908.0,16:50:00,17:06:13,17:06:45,6,430,Howell St & 9th Ave,0.0,0.0
2025-10-31,515,North,25207,91908.0,,17:10:06,17:10:33,7,431,Howell St & Yale Ave,0.0,0.0
2025-10-31,515,North,25207,91908.0,17:13:00,17:36:57,17:37:12,10,2766,Mountlake Terrace Fwy Station Bay 7,0.0,0.0
2025-10-31,515,North,25207,91908.0,17:29:00,17:44:32,17:44:32,11,2118,Lynnwood City Center Station Bay A5,0.0,0.0
2025-10-31,515,North,25208,,16:50:00,,,0,640,4th Ave S & S Jackson St,,
2025-10-31,515,North,25208,,,,,1,635,4th Ave S & S Washington St,,
2025-10-31,515,North,25208,,,,,2,2638,4th Ave & Cherry St,,
2025-10-31,515,North,25208,,,,,3,641,4th Ave & Seneca St,,
2025-10-31,515,North,25208,,16:56:00,,,4,2976,4th Ave & Pine St,,
2025-10-31,515,North,25208,,,,,5,473,Olive Way & 6th Ave,,
2025-10-31,515,North,25208,,17:00:00,,,6,430,Howell St & 9th Ave,,
2025-10-31,515,North,25208,,,,,7,431,Howell St & Yale Ave,,
2025-10-31,515,North,25208,,17:22:00,,,10,2766,Mountlake Terrace Fwy Station Bay 7,,
2025-10-31,515,North,25208,,17:38:00,,,11,2118,Lynnwood City Center Station Bay A5,,
2025-10-31,515,North,25209,91723.0,17:00:00,17:00:22,17:00:22,0,640,4th Ave S & S Jackson St,2.0,0.0
2025-10-31,515,North,25209,91723.0,,17:01:40,17:01:49,1,635,4th Ave S & S Washington St,0.0,0.0
2025-10-31,515,North,25209,91723.0,,17:02:47,17:03:08,2,2638,4th Ave & Cherry St,0.0,2.0
2025-10-31,515,North,25209,91723.0,,17:04:34,17:04:54,3,641,4th Ave & Seneca St,2.0,0.0
2025-10-31,515,North,25209,91723.0,17:06:00,17:06:50,17:07:10,4,2976,4th Ave & Pine St,0.0,0.0
2025-10-31,515,North,25209,91723.0,,17:09:00,17:10:02,5,473,Olive Way & 6th Ave,4.0,0.0
2025-10-31,515,North,25209,91723.0,17:10:00,17:11:32,17:11:55,6,430,Howell St & 9th Ave,2.0,0.0
2025-10-31,515,North,25209,91723.0,,17:14:35,17:14:47,7,431,Howell St & Yale Ave,0.0,0.0
2025-10-31,515,North,25209,91723.0,17:32:00,17:40:40,17:41:02,10,2766,Mountlake Terrace Fwy Station Bay 7,0.0,8.0
2025-10-31,515,North,25209,91723.0,17:48:00,17:48:13,17:48:13,11,2118,Lynnwood City Center Station Bay A5,0.0,0.0
2025-10-31,515,North,25210,91726.0,17:10:00,17:14:33,17:14:33,0,640,4th Ave S & S Jackson St,3.0,0.0
2025-10-31,515,North,25210,91726.0,,17:15:29,17:15:29,1,635,4th Ave S & S Washington St,0.0,0.0
2025-10-31,515,North,25210,91726.0,,17:16:16,17:16:34,2,2638,4th Ave & Cherry St,1.0,0.0
2025-10-31,515,North,25210,91726.0,,17:18:06,17:19:14,3,641,4th Ave & Seneca St,5.0,0.0
2025-10-31,515,North,25210,91726.0,17:16:00,17:20:24,17:21:20,4,2976,4th Ave & Pine St,4.0,2.0
2025-10-31,515,North,25210,91726.0,,17:22:53,17:23:38,5,473,Olive Way & 6th Ave,6.0,0.0
2025-10-31,515,North,25210,91726.0,17:20:00,17:25:31,17:26:12,6,430,Howell St & 9th Ave,1.0,0.0
2025-10-31,515,North,25210,91726.0,,17:30:03,17:30:31,7,431,Howell St & Yale Ave,3.0,1.0
2025-10-31,515,North,25210,91726.0,17:42:00,17:55:47,17:56:09,10,2766,Mountlake Terrace Fwy Station Bay 7,0.0,1.0
2025-10-31,515,North,25210,91726.0,17:58:00,18:02:18,18:02:18,11,2118,Lynnwood City Center Station Bay A5,0.0,19.0
2025-10-31,515,North,25211,91911.0,17:20:00,17:22:39,17:22:39,0,640,4th Ave S & S Jackson St,2.0,0.0
2025-10-31,515,North,25211,91911.0,,17:23:18,17:23:18,1,635,4th Ave S & S Washington St,0.0,0.0
2025-10-31,515,North,25211,91911.0,,17:24:57,17:25:07,2,2638,4th Ave & Cherry St,0.0,0.0
2025-10-31,515,North,25211,91911.0,,17:27:04,17:28:12,3,641,4th Ave & Seneca St,1.0,0.0
2025-10-31,515,North,25211,91911.0,17:26:00,17:29:48,17:30:13,4,2976,4th Ave & Pine St,2.0,0.0
2025-10-31,515,North,25211,91911.0,,17:31:29,17:32:25,5,473,Olive Way & 6th Ave,2.0,0.0
2025-10-31,515,North,25211,91911.0,17:30:00,17:33:08,17:33:30,6,430,Howell St & 9th Ave,1.0,2.0
2025-10-31,515,North,25211,91911.0,,17:37:04,17:37:38,7,431,Howell St & Yale Ave,1.0,0.0
2025-10-31,515,North,25211,91911.0,17:51:00,18:02:13,18:02:39,10,2766,Mountlake Terrace Fwy Station Bay 7,0.0,7.0
2025-10-31,515,North,25211,91911.0,18:06:00,18:08:05,18:08:05,11,2118,Lynnwood City Center Station Bay A5,0.0,0.0
2025-10-31,515,North,25212,91705.0,17:40:00,17:45:21,17:45:21,0,640,4th Ave S & S Jackson St,5.0,0.0
2025-10-31,515,North,25212,91705.0,,17:46:50,17:46:56,1,635,4th Ave S & S Washington St,0.0,0.0
2025-10-31,515,North,25212,91705.0,,17:47:44,17:48:03,2,2638,4th Ave & Cherry St,1.0,0.0
2025-10-31,515,North,25212,91705.0,,17:49:30,17:50:45,3,641,4th Ave & Seneca St,5.0,0.0
2025-10-31,515,North,25212,91705.0,17:46:00,17:52:15,17:52:48,4,2976,4th Ave & Pine St,2.0,0.0
2025-10-31,515,North,25212,91705.0,,17:53:59,17:55:02,5,473,Olive Way & 6th Ave,2.0,0.0
2025-10-31,515,North,25212,91705.0,17:50:00,17:55:43,17:56:17,6,430,Howell St & 9th Ave,4.0,0.0
2025-10-31,515,North,25212,91705.0,,17:58:21,17:58:48,7,431,Howell St & Yale Ave,1.0,0.0
2025-10-31,515,North,25212,91705.0,18:09:00,18:17:27,18:17:47,10,2766,Mountlake Terrace Fwy Station Bay 7,0.0,6.0
2025-10-31,515,North,25212,91705.0,18:23:00,18:23:40,18:23:40,11,2118,Lynnwood City Center Station Bay A5,0.0,14.0
2025-10-31,515,North,25213,91721.0,18:00:00,18:02:17,18:02:17,0,640,4th Ave S & S Jackson St,4.0,0.0
2025-10-31,515,North,25213,91721.0,,,,1,635,4th Ave S & S Washington St,,
2025-10-31,515,North,25213,91721.0,,18:03:51,18:04:40,2,2638,4th Ave & Cherry St,3.0,0.0
2025-10-31,515,North,25213,91721.0,,18:06:02,18:07:41,3,641,4th Ave & Seneca St,3.0,0.0
2025-10-31,515,North,25213,91721.0,18:06:00,18:09:31,18:10:47,4,2976,4th Ave & Pine St,2.0,0.0
2025-10-31,515,North,25213,91721.0,,18:12:05,18:13:00,5,473,Olive Way & 6th Ave,1.0,0.0
2025-10-31,515,North,25213,91721.0,18:09:00,18:13:42,18:14:10,6,430,Howell St & 9th Ave,2.0,1.0
2025-10-31,515,North,25213,91721.0,,18:16:36,18:17:33,7,431,Howell St & Yale Ave,3.0,0.0
2025-10-31,515,North,25213,91721.0,18:27:00,18:33:40,18:34:14,10,2766,Mountlake Terrace Fwy Station Bay 7,0.0,3.0
2025-10-31,515,North,25213,91721.0,18:39:00,18:38:57,18:38:57,11,2118,Lynnwood City Center Station Bay A5,0.0,14.0
2025-10-31,515,North,25214,91711.0,18:20:00,18:31:00,18:31:00,0,640,4th Ave S & S Jackson St,0.0,0.0
2025-10-31,515,North,25214,91711.0,,,,1,635,4th Ave S & S Washington St,,
2025-10-31,515,North,25214,91711.0,,18:32:52,18:33:13,2,2638,4th Ave & Cherry St,0.0,0.0
2025-10-31,515,North,25214,91711.0,,18:34:41,18:34:56,3,641,4th Ave & Seneca St,0.0,0.0
2025-10-31,515,North,25214,91711.0,18:26:00,18:36:44,18:37:01,4,2976,4th Ave & Pine St,0.0,0.0
2025-10-31,515,North,25214,91711.0,,18:38:51,18:40:03,5,473,Olive Way & 6th Ave,0.0,0.0
2025-10-31,515,North,25214,91711.0,18:29:00,18:40:45,18:41:02,6,430,Howell St & 9th Ave,0.0,0.0
2025-10-31,515,North,25214,91711.0,,18:43:30,18:43:44,7,431,Howell St & Yale Ave,0.0,0.0
2025-10-31,515,North,25214,91711.0,18:47:00,18:57:22,18:57:38,10,2766,Mountlake Terrace Fwy Station Bay 7,0.0,0.0
2025-10-31,515,North,25214,91711.0,18:59:00,19:01:35,19:01:35,11,2118,Lynnwood City Center Station Bay A5,0.0,0.0
2025-10-31,515,North,25215,91722.0,18:40:00,18:42:14,18:42:14,0,640,4th Ave S & S Jackson St,1.0,0.0
2025-10-31,515,North,25215,91722.0,,18:43:45,18:44:07,1,635,4th Ave S & S Washington St,0.0,0.0
2025-10-31,515,North,25215,91722.0,,18:45:54,18:46:18,2,2638,4th Ave & Cherry St,2.0,0.0
2025-10-31,515,North,25215,91722.0,,18:48:12,18:49:36,3,641,4th Ave & Seneca St,3.0,0.0
2025-10-31,515,North,25215,91722.0,18:46:00,18:50:50,18:51:28,4,2976,4th Ave & Pine St,1.0,0.0
2025-10-31,515,North,25215,91722.0,,18:52:35,18:53:29,5,473,Olive Way & 6th Ave,0.0,0.0
2025-10-31,515,North,25215,91722.0,18:49:00,18:55:14,18:55:45,6,430,Howell St & 9th Ave,1.0,0.0
2025-10-31,515,North,25215,91722.0,,18:58:09,18:58:47,7,431,Howell St & Yale Ave,1.0,0.0
2025-10-31,515,North,25215,91722.0,19:07:00,19:13:15,19:14:11,10,2766,Mountlake Terrace Fwy Station Bay 7,0.0,2.0
2025-10-31,515,North,25215,91722.0,19:16:00,19:18:58,19:18:58,11,2118,Lynnwood City Center Station Bay A5,0.0,7.0
2025-10-31,515,South,25216,91908.0,04:30:00,04:30:06,04:30:06,0,2113,Lynnwood City Center Station Bay D1,16.0,0.0
2025-10-31,515,South,25216,91908.0,04:34:00,04:33:58,04:34:12,1,2765,Mountlake Terrace Fwy Station Bay 6,1.0,0.0
2025-10-31,515,South,25216,91908.0,04:51:00,04:47:40,04:48:03,4,1909,Stewart St & 9th Ave,0.0,3.0
2025-10-31,515,South,25216,91908.0,,04:49:02,04:49:24,5,1908,Stewart St & 7th Ave,0.0,3.0
2025-10-31,515,South,25216,91908.0,04:56:00,04:50:24,04:50:38,6,2698,5th Ave & Pine St,0.0,1.0
2025-10-31,515,South,25216,91908.0,,04:52:13,04:52:45,7,2700,5th Ave & Seneca St,0.0,2.0
2025-10-31,515,South,25216,91908.0,,04:53:28,04:53:49,8,2702,5th Ave & Marion St,0.0,5.0
2025-10-31,515,South,25216,91908.0,,04:55:04,04:55:26,9,2290,5th Ave & Jefferson St,0.0,3.0
2025-10-31,515,South,25216,91908.0,05:04:00,04:57:45,04:57:45,10,2706,5th Ave S & S Jackson St,0.0,0.0
2025-10-31,515,South,25217,91721.0,04:50:00,04:50:05,04:50:05,0,2113,Lynnwood City Center Station Bay D1,12.0,0.0
2025-10-31,515,South,25217,91721.0,04:54:00,04:53:58,04:54:16,1,2765,Mountlake Terrace Fwy Station Bay 6,1.0,0.0
2025-10-31,515,South,25217,91721.0,05:11:00,05:07:40,05:08:03,4,1909,Stewart St & 9th Ave,0.0,2.0
2025-10-31,515,South,25217,91721.0,,05:09:06,05:09:32,5,1908,Stewart St & 7th Ave,1.0,3.0
2025-10-31,515,South,25217,91721.0,05:16:00,05:10:31,05:11:23,6,2698,5th Ave & Pine St,0.0,2.0
2025-10-31,515,South,25217,91721.0,,05:12:16,05:12:42,7,2700,5th Ave & Seneca St,0.0,1.0
2025-10-31,515,South,25217,91721.0,,05:13:34,05:13:53,8,2702,5th Ave & Marion St,0.0,1.0
2025-10-31,515,South,25217,91721.0,,05:15:03,05:15:23,9,2290,5th Ave & Jefferson St,0.0,5.0
2025-10-31,515,South,25217,91721.0,05:24:00,05:17:44,05:17:44,10,2706,5th Ave S & S Jackson St,0.0,0.0
2025-10-31,515,South,25218,,05:10:00,,,0,2113,Lynnwood City Center Station Bay D1,,
2025-10-31,515,South,25218,,05:14:00,,,1,2765,Mountlake Terrace Fwy Station Bay 6,,
2025-10-31,515,South,25218,,05:31:00,,,4,1909,Stewart St & 9th Ave,,
2025-10-31,515,South,25218,,,,,5,1908,Stewart St & 7th Ave,,
2025-10-31,515,South,25218,,05:36:00,,,6,2698,5th Ave & Pine St,,
2025-10-31,515,South,25218,,,,,7,2700,5th Ave & Seneca St,,
2025-10-31,515,South,25218,,,,,8,2702,5th Ave & Marion St,,
2025-10-31,515,South,25218,,,,,9,2290,5th Ave & Jefferson St,,
2025-10-31,515,South,25218,,05:44:00,,,10,2706,5th Ave S & S Jackson St,,
2025-10-31,515,South,25219,91720.0,05:30:00,05:30:28,05:30:28,0,2113,Lynnwood City Center Station Bay D1,17.0,0.0
2025-10-31,515,South,25219,91720.0,05:34:00,05:34:56,05:35:08,1,2765,Mountlake Terrace Fwy Station Bay 6,0.0,0.0
2025-10-31,515,South,25219,91720.0,05:51:00,05:49:41,05:50:07,4,1909,Stewart St & 9th Ave,0.0,5.0
2025-10-31,515,South,25219,91720.0,,05:51:09,05:51:30,5,1908,Stewart St & 7th Ave,0.0,2.0
2025-10-31,515,South,25219,91720.0,05:56:00,05:52:33,05:53:23,6,2698,5th Ave & Pine St,0.0,0.0
2025-10-31,515,South,25219,91720.0,,05:54:24,05:54:49,7,2700,5th Ave & Seneca St,0.0,4.0
2025-10-31,515,South,25219,91720.0,,05:55:37,05:56:33,8,2702,5th Ave & Marion St,0.0,6.0
2025-10-31,515,South,25219,91720.0,,05:58:16,05:58:28,9,2290,5th Ave & Jefferson St,0.0,0.0
2025-10-31,515,South,25219,91720.0,06:05:00,06:00:58,06:00:58,10,2706,5th Ave S & S Jackson St,0.0,0.0
2025-10-31,515,South,25220,,05:55:00,,,0,2113,Lynnwood City Center Station Bay D1,,
2025-10-31,515,South,25220,,05:59:00,,,1,2765,Mountlake Terrace Fwy Station Bay 6,,
2025-10-31,515,South,25220,,06:16:00,,,4,1909,Stewart St & 9th Ave,,
2025-10-31,515,South,25220,,,,,5,1908,Stewart St & 7th Ave,,
2025-10-31,515,South,25220,,06:21:00,,,6,2698,5th Ave & Pine St,,
2025-10-31,515,South,25220,,,,,7,2700,5th Ave & Seneca St,,
2025-10-31,515,South,25220,,,,,8,2702,5th Ave & Marion St,,
2025-10-31,515,South,25220,,,,,9,2290,5th Ave & Jefferson St,,
2025-10-31,515,South,25220,,06:30:00,,,10,2706,5th Ave S & S Jackson St,,
2025-10-31,515,South,25221,91721.0,06:05:00,06:05:10,06:05:10,0,2113,Lynnwood City Center Station Bay D1,12.0,0.0
2025-10-31,515,South,25221,91721.0,06:09:00,06:09:30,06:10:07,1,2765,Mountlake Terrace Fwy Station Bay 6,5.0,0.0
2025-10-31,515,South,25221,91721.0,06:27:00,06:24:07,06:24:38,4,1909,Stewart St & 9th Ave,1.0,4.0
2025-10-31,515,South,25221,91721.0,,06:25:36,06:26:04,5,1908,Stewart St & 7th Ave,0.0,2.0
2025-10-31,515,South,25221,91721.0,06:32:00,06:27:16,06:27:40,6,2698,5th Ave & Pine St,0.0,2.0
2025-10-31,515,South,25221,91721.0,,06:29:24,06:29:46,7,2700,5th Ave & Seneca St,0.0,3.0
2025-10-31,515,South,25221,91721.0,,06:31:00,06:31:43,8,2702,5th Ave & Marion St,0.0,3.0
2025-10-31,515,South,25221,91721.0,,06:32:53,06:33:14,9,2290,5th Ave & Jefferson St,0.0,3.0
2025-10-31,515,South,25221,91721.0,06:41:00,06:35:35,06:35:35,10,2706,5th Ave S & S Jackson St,0.0,1.0
2025-10-31,515,South,25222,91708.0,06:15:00,06:15:28,06:15:28,0,2113,Lynnwood City Center Station Bay D1,25.0,0.0
2025-10-31,515,South,25222,91708.0,06:19:00,06:19:37,06:20:09,1,2765,Mountlake Terrace Fwy Station Bay 6,5.0,0.0
2025-10-31,515,South,25222,91708.0,06:37:00,06:35:33,06:36:01,4,1909,Stewart St & 9th Ave,1.0,9.0
2025-10-31,515,South,25222,91708.0,,06:36:30,06:36:54,5,1908,Stewart St & 7th Ave,0.0,4.0
2025-10-31,515,South,25222,91708.0,06:42:00,06:39:20,06:40:34,6,2698,5th Ave & Pine St,0.0,2.0
2025-10-31,515,South,25222,91708.0,,06:41:36,06:42:10,7,2700,5th Ave & Seneca St,0.0,8.0
2025-10-31,515,South,25222,91708.0,,06:43:19,06:43:47,8,2702,5th Ave & Marion St,0.0,2.0
2025-10-31,515,South,25222,91708.0,,06:44:59,06:45:21,9,2290,5th Ave & Jefferson St,0.0,5.0
2025-10-31,515,South,25222,91708.0,06:52:00,06:47:23,06:47:23,10,2706,5th Ave S & S Jackson St,0.0,1.0
2025-10-31,515,South,25223,,06:25:00,,,0,2113,Lynnwood City Center Station Bay D1,,
2025-10-31,515,South,25223,,06:29:00,,,1,2765,Mountlake Terrace Fwy Station Bay 6,,
2025-10-31,515,South,25223,,06:49:00,,,4,1909,Stewart St & 9th Ave,,
2025-10-31,515,South,25223,,,,,5,1908,Stewart St & 7th Ave,,
2025-10-31,515,South,25223,,06:54:00,,,6,2698,5th Ave & Pine St,,
2025-10-31,515,South,25223,,,,,7,2700,5th Ave & Seneca St,,
2025-10-31,515,South,25223,,,,,8,2702,5th Ave & Marion St,,
2025-10-31,515,South,25223,,,,,9,2290,5th Ave & Jefferson St,,
2025-10-31,515,South,25223,,07:05:00,,,10,2706,5th Ave S & S Jackson St,,
2025-10-31,515,South,25224,91712.0,06:35:00,06:35:49,06:35:49,0,2113,Lynnwood City Center Station Bay D1,42.0,0.0
2025-10-31,515,South,25224,91712.0,06:39:00,06:39:57,06:40:03,1,2765,Mountlake Terrace Fwy Station Bay 6,0.0,0.0
2025-10-31,515,South,25224,91712.0,07:00:00,06:53:52,06:54:44,4,1909,Stewart St & 9th Ave,0.0,13.0
2025-10-31,515,South,25224,91712.0,,06:55:42,06:56:16,5,1908,Stewart St & 7th Ave,0.0,8.0
2025-10-31,515,South,25224,91712.0,07:05:00,06:57:24,06:58:40,6,2698,5th Ave & Pine St,0.0,5.0
2025-10-31,515,South,25224,91712.0,,07:00:42,07:01:22,7,2700,5th Ave & Seneca St,0.0,5.0
2025-10-31,515,South,25224,91712.0,,07:02:36,07:03:17,8,2702,5th Ave & Marion St,0.0,5.0
2025-10-31,515,South,25224,91712.0,,07:05:34,07:06:04,9,2290,5th Ave & Jefferson St,0.0,5.0
2025-10-31,515,South,25224,91712.0,07:16:00,07:09:00,07:09:00,10,2706,5th Ave S & S Jackson St,0.0,1.0
2025-10-31,515,South,25225,91722.0,06:45:00,06:47:05,06:47:05,0,2113,Lynnwood City Center Station Bay D1,10.0,0.0
2025-10-31,515,South,25225,91722.0,06:50:00,06:50:55,06:51:32,1,2765,Mountlake Terrace Fwy Station Bay 6,1.0,0.0
2025-10-31,515,South,25225,91722.0,07:11:00,07:04:41,07:05:10,4,1909,Stewart St & 9th Ave,0.0,2.0
2025-10-31,515,South,25225,91722.0,,07:06:13,07:06:38,5,1908,Stewart St & 7th Ave,0.0,3.0
2025-10-31,515,South,25225,91722.0,07:16:00,07:07:57,07:09:06,6,2698,5th Ave & Pine St,0.0,0.0
2025-10-31,515,South,25225,91722.0,,07:11:08,07:11:34,7,2700,5th Ave & Seneca St,0.0,2.0
2025-10-31,515,South,25225,91722.0,,07:13:02,07:13:45,8,2702,5th Ave & Marion St,0.0,3.0
2025-10-31,515,South,25225,91722.0,,07:14:54,07:15:22,9,2290,5th Ave & Jefferson St,0.0,1.0
2025-10-31,515,South,25225,91722.0,07:27:00,07:17:17,07:17:17,10,2706,5th Ave S & S Jackson St,0.0,0.0
2025-10-31,515,South,25226,91731.0,06:55:00,06:57:09,06:57:09,0,2113,Lynnwood City Center Station Bay D1,0.0,0.0
2025-10-31,515,South,25226,91731.0,07:00:00,07:01:20,07:01:20,1,2765,Mountlake Terrace Fwy Station Bay 6,0.0,0.0
2025-10-31,515,South,25226,91731.0,07:21:00,07:15:58,07:16:27,4,1909,Stewart St & 9th Ave,0.0,0.0
2025-10-31,515,South,25226,91731.0,,07:16:56,07:17:40,5,1908,Stewart St & 7th Ave,0.0,0.0
2025-10-31,515,South,25226,91731.0,07:26:00,07:19:51,07:20:25,6,2698,5th Ave & Pine St,0.0,0.0
2025-10-31,515,South,25226,91731.0,,07:22:02,07:22:26,7,2700,5th Ave & Seneca St,0.0,0.0
2025-10-31,515,South,25226,91731.0,,07:23:38,07:24:11,8,2702,5th Ave & Marion St,0.0,0.0
2025-10-31,515,South,25226,91731.0,,07:25:25,07:25:55,9,2290,5th Ave & Jefferson St,0.0,0.0
2025-10-31,515,South,25226,91731.0,07:37:00,07:29:19,07:29:19,10,2706,5th Ave S & S Jackson St,0.0,0.0
2025-10-31,515,South,25227,91725.0,07:05:00,07:06:34,07:06:34,0,2113,Lynnwood City Center Station Bay D1,24.0,0.0
2025-10-31,515,South,25227,91725.0,07:10:00,07:11:19,07:11:52,1,2765,Mountlake Terrace Fwy Station Bay 6,4.0,0.0
2025-10-31,515,South,25227,91725.0,07:34:00,07:26:49,07:27:27,4,1909,Stewart St & 9th Ave,1.0,12.0
2025-10-31,515,South,25227,91725.0,,07:28:37,07:29:06,5,1908,Stewart St & 7th Ave,0.0,8.0
2025-10-31,515,South,25227,91725.0,07:39:00,07:30:23,07:30:38,6,2698,5th Ave & Pine St,0.0,2.0
2025-10-31,515,South,25227,91725.0,,07:32:25,07:32:45,7,2700,5th Ave & Seneca St,1.0,2.0
2025-10-31,515,South,25227,91725.0,,07:34:07,07:34:43,8,2702,5th Ave & Marion St,0.0,5.0
2025-10-31,515,South,25227,91725.0,,07:35:54,07:36:07,9,2290,5th Ave & Jefferson St,0.0,0.0
2025-10-31,515,South,25227,91725.0,07:50:00,07:38:58,07:38:58,10,2706,5th Ave S & S Jackson St,0.0,1.0
2025-10-31,515,South,25228,,07:15:00,,,0,2113,Lynnwood City Center Station Bay D1,,
2025-10-31,515,South,25228,,07:20:00,,,1,2765,Mountlake Terrace Fwy Station Bay 6,,
2025-10-31,515,South,25228,,07:51:00,,,4,1909,Stewart St & 9th Ave,,
2025-10-31,515,South,25228,,,,,5,1908,Stewart St & 7th Ave,,
2025-10-31,515,South,25228,,07:56:00,,,6,2698,5th Ave & Pine St,,
2025-10-31,515,South,25228,,,,,7,2700,5th Ave & Seneca St,,
2025-10-31,515,South,25228,,,,,8,2702,5th Ave & Marion St,,
2025-10-31,515,South,25228,,,,,9,2290,5th Ave & Jefferson St,,
2025-10-31,515,South,25228,,08:07:00,,,10,2706,5th Ave S & S Jackson St,,
2025-10-31,515,South,25229,19810.0,07:25:00,07:25:19,07:25:19,0,2113,Lynnwood City Center Station Bay D1,14.0,0.0
2025-10-31,515,South,25229,19810.0,07:30:00,07:29:33,07:30:12,1,2765,Mountlake Terrace Fwy Station Bay 6,6.0,0.0
2025-10-31,515,South,25229,19810.0,08:02:00,07:46:41,07:47:14,4,1909,Stewart St & 9th Ave,0.0,14.0
2025-10-31,515,South,25229,19810.0,,07:48:11,07:48:29,5,1908,Stewart St & 7th Ave,0.0,2.0
2025-10-31,515,South,25229,19810.0,08:07:00,07:49:51,07:50:03,6,2698,5th Ave & Pine St,0.0,1.0
2025-10-31,515,South,25229,19810.0,,07:51:42,07:51:56,7,2700,5th Ave & Seneca St,1.0,0.0
2025-10-31,515,South,25229,19810.0,,07:53:30,07:54:15,8,2702,5th Ave & Marion St,0.0,3.0
2025-10-31,515,South,25229,19810.0,,07:55:29,07:55:47,9,2290,5th Ave & Jefferson St,0.0,1.0
2025-10-31,515,South,25229,19810.0,08:18:00,07:57:43,07:57:43,10,2706,5th Ave S & S Jackson St,0.0,0.0
2025-10-31,515,South,25230,19856.0,07:35:00,07:36:35,07:36:35,0,2113,Lynnwood City Center Station Bay D1,6.0,0.0
2025-10-31,515,South,25230,19856.0,07:40:00,07:40:53,07:41:15,1,2765,Mountlake Terrace Fwy Station Bay 6,2.0,0.0
2025-10-31,515,South,25230,19856.0,08:13:00,07:59:39,07:59:58,4,1909,Stewart St & 9th Ave,0.0,3.0
2025-10-31,515,South,25230,19856.0,,08:00:40,08:01:01,5,1908,Stewart St & 7th Ave,0.0,2.0
2025-10-31,515,South,25230,19856.0,08:18:00,08:03:22,08:03:38,6,2698,5th Ave & Pine St,0.0,0.0
2025-10-31,515,South,25230,19856.0,,08:05:23,08:05:36,7,2700,5th Ave & Seneca St,0.0,1.0
2025-10-31,515,South,25230,19856.0,,08:07:05,08:07:43,8,2702,5th Ave & Marion St,0.0,2.0
2025-10-31,515,South,25230,19856.0,,08:08:56,08:09:10,9,2290,5th Ave & Jefferson St,0.0,0.0
2025-10-31,515,South,25230,19856.0,08:29:00,08:11:31,08:11:31,10,2706,5th Ave S & S Jackson St,0.0,0.0
2025-10-31,515,South,25231,19816.0,07:45:00,07:45:38,07:45:38,0,2113,Lynnwood City Center Station Bay D1,14.0,0.0
2025-10-31,515,South,25231,19816.0,07:50:00,07:50:08,07:50:40,1,2765,Mountlake Terrace Fwy Station Bay 6,6.0,0.0
2025-10-31,515,South,25231,19816.0,08:23:00,08:07:31,08:07:55,4,1909,Stewart St & 9th Ave,0.0,10.0
2025-10-31,515,South,25231,19816.0,,08:09:09,08:09:38,5,1908,Stewart St & 7th Ave,0.0,7.0
2025-10-31,515,South,25231,19816.0,08:28:00,08:10:51,08:11:05,6,2698,5th Ave & Pine St,0.0,0.0
2025-10-31,515,South,25231,19816.0,,08:12:42,08:13:00,7,2700,5th Ave & Seneca St,0.0,2.0
2025-10-31,515,South,25231,19816.0,,08:14:31,08:15:16,8,2702,5th Ave & Marion St,0.0,1.0
2025-10-31,515,South,25231,19816.0,,08:16:27,08:16:40,9,2290,5th Ave & Jefferson St,0.0,0.0
2025-10-31,515,South,25231,19816.0,08:39:00,08:18:59,08:18:59,10,2706,5th Ave S & S Jackson St,0.0,0.0
2025-10-31,515,South,25232,91902.0,07:55:00,07:56:41,07:56:41,0,2113,Lynnwood City Center Station Bay D1,9.0,0.0
2025-10-31,515,South,25232,91902.0,08:00:00,08:01:40,08:01:57,1,2765,Mountlake Terrace Fwy Station Bay 6,1.0,0.0
2025-10-31,515,South,25232,91902.0,08:35:00,08:17:59,08:18:22,4,1909,Stewart St & 9th Ave,0.0,8.0
2025-10-31,515,South,25232,91902.0,,08:19:40,08:20:12,5,1908,Stewart St & 7th Ave,0.0,0.0
2025-10-31,515,South,25232,91902.0,08:40:00,08:22:56,08:23:06,6,2698,5th Ave & Pine St,0.0,0.0
2025-10-31,515,South,25232,91902.0,,08:24:46,08:24:58,7,2700,5th Ave & Seneca St,0.0,0.0
2025-10-31,515,South,25232,91902.0,,08:26:26,08:27:13,8,2702,5th Ave & Marion St,0.0,1.0
2025-10-31,515,South,25232,91902.0,,08:28:22,08:28:37,9,2290,5th Ave & Jefferson St,0.0,1.0
2025-10-31,515,South,25232,91902.0,08:51:00,08:30:40,08:30:40,10,2706,5th Ave S & S Jackson St,0.0,0.0
2025-10-31,515,South,25233,91718.0,08:15:00,08:15:15,08:15:15,0,2113,Lynnwood City Center Station Bay D1,12.0,0.0
2025-10-31,515,South,25233,91718.0,08:19:00,08:19:19,08:19:57,1,2765,Mountlake Terrace Fwy Station Bay 6,5.0,0.0
2025-10-31,515,South,25233,91718.0,08:58:00,08:40:01,08:40:28,4,1909,Stewart St & 9th Ave,0.0,7.0
2025-10-31,515,South,25233,91718.0,,08:41:08,08:41:33,5,1908,Stewart St & 7th Ave,0.0,6.0
2025-10-31,515,South,25233,91718.0,09:03:00,08:43:52,08:45:05,6,2698,5th Ave & Pine St,0.0,3.0
2025-10-31,515,South,25233,91718.0,,08:46:05,08:46:37,7,2700,5th Ave & Seneca St,2.0,0.0
2025-10-31,515,South,25233,91718.0,,08:47:38,08:48:15,8,2702,5th Ave & Marion St,0.0,3.0
2025-10-31,515,South,25233,91718.0,,08:49:31,08:49:59,9,2290,5th Ave & Jefferson St,0.0,0.0
2025-10-31,515,South,25233,91718.0,09:14:00,08:52:21,08:52:21,10,2706,5th Ave S & S Jackson St,0.0,0.0
2025-10-31,515,South,25234,91903.0,08:35:00,08:35:11,08:35:11,0,2113,Lynnwood City Center Station Bay D1,6.0,0.0
2025-10-31,515,South,25234,91903.0,08:39:00,08:39:38,08:40:13,1,2765,Mountlake Terrace Fwy Station Bay 6,0.0,0.0
2025-10-31,515,South,25234,91903.0,09:18:00,08:56:27,08:56:45,4,1909,Stewart St & 9th Ave,0.0,3.0
2025-10-31,515,South,25234,91903.0,,08:57:17,08:57:39,5,1908,Stewart St & 7th Ave,0.0,1.0
2025-10-31,515,South,25234,91903.0,09:23:00,09:00:20,09:00:31,6,2698,5th Ave & Pine St,0.0,0.0
2025-10-31,515,South,25234,91903.0,,09:02:17,09:02:34,7,2700,5th Ave & Seneca St,0.0,1.0
2025-10-31,515,South,25234,91903.0,,09:04:04,09:04:04,8,2702,5th Ave & Marion St,0.0,0.0
2025-10-31,515,South,25234,91903.0,,09:05:31,09:05:46,9,2290,5th Ave & Jefferson St,0.0,1.0
2025-10-31,515,South,25234,91903.0,09:34:00,09:07:33,09:07:33,10,2706,5th Ave S & S Jackson St,0.0,0.0
2025-10-31,515,South,25235,91707.0,08:55:00,08:55:41,08:55:41,0,2113,Lynnwood City Center Station Bay D1,8.0,0.0
2025-10-31,515,South,25235,91707.0,08:59:00,08:59:50,09:00:19,1,2765,Mountlake Terrace Fwy Station Bay 6,4.0,0.0
2025-10-31,515,South,25235,91707.0,09:38:00,09:14:59,09:15:19,4,1909,Stewart St & 9th Ave,0.0,6.0
2025-10-31,515,South,25235,91707.0,,09:16:35,09:16:47,5,1908,Stewart St & 7th Ave,0.0,0.0
2025-10-31,515,South,25235,91707.0,09:43:00,09:18:15,09:18:36,6,2698,5th Ave & Pine St,0.0,1.0
2025-10-31,515,South,25235,91707.0,,09:20:32,09:20:48,7,2700,5th Ave & Seneca St,0.0,1.0
2025-10-31,515,South,25235,91707.0,,09:22:24,09:22:43,8,2702,5th Ave & Marion St,0.0,0.0
2025-10-31,515,South,25235,91707.0,,09:23:53,09:24:27,9,2290,5th Ave & Jefferson St,0.0,1.0
2025-10-31,515,South,25235,91707.0,09:54:00,09:26:07,09:26:07,10,2706,5th Ave S & S Jackson St,0.0,3.0
