OPERATION_DATE,ROUTE_ID,DIRECTION,TRIP_ID,VEHICLE_ID,SCHED_DEPTIME,ACT_ARRTIME,ACT_DEPTIME,STOP_ORDER_NBR,STOP_ID,STOP,BOARDINGS,ALIGHTINGS
2025-10-01,510,North,25001,91909.0,14:00:00,13:59:48,13:59:48,0,640,4th Ave S & S Jackson St,7.0,0.0
2025-10-01,510,North,25001,91909.0,,14:00:35,14:00:35,1,635,4th Ave S & S Washington St,0.0,0.0
2025-10-01,510,North,25001,91909.0,,14:01:18,14:02:01,2,2638,4th Ave & Cherry St,5.0,0.0
2025-10-01,510,North,25001,91909.0,,14:03:11,14:04:11,3,641,4th Ave & Seneca St,9.0,0.0
2025-10-01,510,North,25001,91909.0,14:06:00,14:05:08,14:05:57,4,2976,4th Ave & Pine St,1.0,0.0
2025-10-01,510,North,25001,91909.0,,14:07:15,14:09:23,5,473,Olive Way & 6th Ave,9.0,0.0
2025-10-01,510,North,25001,91909.0,14:10:00,14:11:00,14:12:11,6,430,Howell St & 9th Ave,11.0,0.0
2025-10-01,510,North,25001,91909.0,,14:14:41,14:15:31,7,431,Howell St & Yale Ave,4.0,0.0
2025-10-01,510,North,25001,91909.0,14:30:00,14:28:17,14:28:45,11,2766,Mountlake Terrace Fwy Station Bay 7,0.0,12.0
2025-10-01,510,North,25001,91909.0,14:47:00,14:40:30,14:41:36,12,2869,South Everett Fwy Station Bay 6,0.0,33.0
2025-10-01,510,North,25001,91909.0,,14:49:51,14:50:10,13,3219,Broadway & 33rd St,0.0,1.0
2025-10-01,510,North,25001,91909.0,15:04:00,14:52:14,14:52:14,14,2861,Everett Station,0.0,0.0
2025-10-01,510,North,25002,91708.0,14:20:00,14:21:20,14:21:20,0,640,4th Ave S & S Jackson St,5.0,0.0
2025-10-01,510,North,25002,91708.0,,14:22:08,14:22:25,1,635,4th Ave S & S Washington St,1.0,0.0
2025-10-01,510,North,25002,91708.0,,14:24:47,14:25:24,2,2638,4th Ave & Cherry St,4.0,0.0
2025-10-01,510,North,25002,91708.0,,14:27:09,14:27:42,3,641,4th Ave & Seneca St,3.0,0.0
2025-10-01,510,North,25002,91708.0,14:26:00,14:29:06,14:29:43,4,2976,4th Ave & Pine St,6.0,0.0
2025-10-01,510,North,25002,91708.0,,14:31:19,14:32:30,5,473,Olive Way & 6th Ave,8.0,0.0
2025-10-01,510,North,25002,91708.0,14:30:00,14:34:05,14:34:32,6,430,Howell St & 9th Ave,3.0,0.0
2025-10-01,510,North,25002,91708.0,,14:37:12,14:38:09,7,431,Howell St & Yale Ave,2.0,0.0
2025-10-01,510,North,25002,91708.0,14:50:00,14:53:11,14:53:36,11,2766,Mountlake Terrace Fwy Station Bay 7,0.0,14.0
2025-10-01,510,North,25002,91708.0,15:07:00,15:05:20,15:06:14,12,2869,South Everett Fwy Station Bay 6,0.0,15.0
2025-10-01,510,North,25002,91708.0,,15:13:58,15:14:24,13,3219,Broadway & 33rd St,0.0,3.0
2025-10-01,510,North,25002,91708.0,15:24:00,15:15:18,15:15:18,14,2861,Everett Station,0.0,0.0
2025-10-01,510,North,25003,91907.0,14:50:00,14:52:41,14:52:41,0,640,4th Ave S & S Jackson St,2.0,0.0
2025-10-01,510,North,25003,91907.0,,14:53:18,14:53:49,1,635,4th Ave S & S Washington St,1.0,0.0
2025-10-01,510,North,25003,91907.0,,14:54:53,14:55:40,2,2638,4th Ave & Cherry St,6.0,0.0
2025-10-01,510,North,25003,91907.0,,14:57:18,14:59:09,3,641,4th Ave & Seneca St,6.0,0.0
2025-10-01,510,North,25003,91907.0,14:56:00,15:01:06,15:01:56,4,2976,4th Ave & Pine St,5.0,0.0
2025-10-01,510,North,25003,91907.0,,15:03:09,15:04:07,5,473,Olive Way & 6th Ave,12.0,0.0
2025-10-01,510,North,25003,91907.0,15:00:00,15:05:41,15:06:44,6,430,Howell St & 9th Ave,11.0,0.0
2025-10-01,510,North,25003,91907.0,,15:10:12,15:10:40,7,431,Howell St & Yale Ave,2.0,1.0
2025-10-01,510,North,25003,91907.0,15:20:00,15:29:12,15:29:46,11,2766,Mountlake Terrace Fwy Station Bay 7,2.0,10.0
2025-10-01,510,North,25003,91907.0,15:38:00,15:42:18,15:43:23,12,2869,South Everett Fwy Station Bay 6,0.0,34.0
2025-10-01,510,North,25003,91907.0,,15:52:52,15:53:22,13,3219,Broadway & 33rd St,0.0,2.0
2025-10-01,510,North,25003,91907.0,15:57:00,15:54:37,15:54:37,14,2861,Everett Station,0.0,0.0
2025-10-01,510,North,25004,91706.0,15:10:00,15:15:26,15:15:26,0,640,4th Ave S & S Jackson St,7.0,0.0
2025-10-01,510,North,25004,91706.0,,,,1,635,4th Ave S & S Washington St,,
2025-10-01,510,North,25004,91706.0,,15:17:31,15:18:27,2,2638,4th Ave & Cherry St,10.0,0.0
2025-10-01,510,North,25004,91706.0,,15:19:29,15:19:59,3,641,4th Ave & Seneca St,2.0,0.0
2025-10-01,510,North,25004,91706.0,15:16:00,15:21:52,15:22:33,4,2976,4th Ave & Pine St,5.0,0.0
2025-10-01,510,North,25004,91706.0,,15:23:53,15:25:03,5,473,Olive Way & 6th Ave,7.0,0.0
2025-10-01,510,North,25004,91706.0,15:20:00,15:26:32,15:27:35,6,430,Howell St & 9th Ave,9.0,0.0
2025-10-01,510,North,25004,91706.0,,15:31:07,15:31:32,7,431,Howell St & Yale Ave,3.0,0.0
2025-10-01,510,North,25004,91706.0,15:40:00,15:50:41,15:51:05,11,2766,Mountlake Terrace Fwy Station Bay 7,0.0,3.0
2025-10-01,510,North,25004,91706.0,16:00:00,16:04:16,16:05:24,12,2869,South Everett Fwy Station Bay 6,0.0,39.0
2025-10-01,510,North,25004,91706.0,,16:17:01,16:17:22,13,3219,Broadway & 33rd St,0.0,1.0
2025-10-01,510,North,25004,91706.0,16:21:00,16:18:41,16:18:41,14,2861,Everett Station,0.0,0.0
2025-10-01,510,North,25005,91908.0,15:25:00,15:28:37,15:28:37,0,640,4th Ave S & S Jackson St,3.0,0.0
2025-10-01,510,North,25005,91908.0,,15:29:17,15:30:08,1,635,4th Ave S & S Washington St,3.0,0.0
2025-10-01,510,North,25005,91908.0,,15:31:07,15:31:30,2,2638,4th Ave & Cherry St,2.0,0.0
2025-10-01,510,North,25005,91908.0,,15:33:12,15:34:15,3,641,4th Ave & Seneca St,4.0,0.0
2025-10-01,510,North,25005,91908.0,15:31:00,15:35:25,15:36:20,4,2976,4th Ave & Pine St,1.0,0.0
2025-10-01,510,North,25005,91908.0,,15:37:27,15:38:33,5,473,Olive Way & 6th Ave,7.0,0.0
2025-10-01,510,North,25005,91908.0,15:35:00,15:40:06,15:40:30,6,430,Howell St & 9th Ave,2.0,0.0
2025-10-01,510,North,25005,91908.0,,15:43:08,15:43:41,7,431,Howell St & Yale Ave,3.0,0.0
2025-10-01,510,North,25005,91908.0,15:56:00,16:06:50,16:07:20,11,2766,Mountlake Terrace Fwy Station Bay 7,1.0,8.0
2025-10-01,510,North,25005,91908.0,16:16:00,16:20:17,16:21:02,12,2869,South Everett Fwy Station Bay 6,0.0,18.0
2025-10-01,510,North,25005,91908.0,,16:30:19,16:30:19,13,3219,Broadway & 33rd St,0.0,0.0
2025-10-01,510,North,25005,91908.0,16:38:00,16:31:50,16:31:50,14,2861,Everett Station,0.0,0.0
2025-10-01,510,North,25006,91719.0,15:40:00,15:42:53,15:42:53,0,640,4th Ave S & S Jackson St,3.0,0.0
2025-10-01,510,North,25006,91719.0,,15:44:02,15:44:13,1,635,4th Ave S & S Washington St,0.0,0.0
2025-10-01,510,North,25006,91719.0,,15:45:50,15:46:30,2,2638,4th Ave & Cherry St,6.0,0.0
2025-10-01,510,North,25006,91719.0,,15:49:04,15:49:28,3,641,4th Ave & Seneca St,3.0,0.0
2025-10-01,510,North,25006,91719.0,15:46:00,15:50:34,15:51:25,4,2976,4th Ave & Pine St,2.0,0.0
2025-10-01,510,North,25006,91719.0,,15:52:23,15:53:30,5,473,Olive Way & 6th Ave,6.0,0.0
2025-10-01,510,North,25006,91719.0,15:50:00,15:55:04,15:55:35,6,430,Howell St & 9th Ave,4.0,0.0
2025-10-01,510,North,25006,91719.0,,15:58:07,15:58:50,7,431,Howell St & Yale Ave,4.0,0.0
2025-10-01,510,North,25006,91719.0,16:12:00,16:20:30,16:20:52,11,2766,Mountlake Terrace Fwy Station Bay 7,0.0,3.0
2025-10-01,510,North,25006,91719.0,16:35:00,16:33:55,16:34:40,12,2869,South Everett Fwy Station Bay 6,0.0,25.0
2025-10-01,510,North,25006,91719.0,,16:42:57,16:43:09,13,3219,Broadway & 33rd St,0.0,0.0
2025-10-01,510,North,25006,91719.0,16:58:00,16:44:43,16:44:43,14,2861,Everett Station,0.0,0.0
2025-10-01,510,North,25007,91724.0,15:55:00,15:58:31,15:58:31,0,640,4th Ave S & S Jackson St,4.0,0.0
2025-10-01,510,North,25007,91724.0,,15:59:10,15:59:23,1,635,4th Ave S & S Washington St,0.0,0.0
2025-10-01,510,North,25007,91724.0,,16:01:07,16:02:04,2,2638,4th Ave & Cherry St,6.0,1.0
2025-10-01,510,North,25007,91724.0,,16:04:02,16:05:46,3,641,4th Ave & Seneca St,11.0,0.0
2025-10-01,510,North,25007,91724.0,16:01:00,16:06:56,16:07:52,4,2976,4th Ave & Pine St,6.0,1.0
2025-10-01,510,North,25007,91724.0,,16:08:56,16:10:05,5,473,Olive Way & 6th Ave,4.0,0.0
2025-10-01,510,North,25007,91724.0,16:05:00,16:11:47,16:12:11,6,430,Howell St & 9th Ave,3.0,0.0
2025-10-01,510,North,25007,91724.0,,16:16:11,16:17:19,7,431,Howell St & Yale Ave,9.0,0.0
2025-10-01,510,North,25007,91724.0,16:28:00,16:38:07,16:38:40,11,2766,Mountlake Terrace Fwy Station Bay 7,0.0,8.0
2025-10-01,510,North,25007,91724.0,16:51:00,16:52:59,16:53:58,12,2869,South Everett Fwy Station Bay 6,0.0,31.0
2025-10-01,510,North,25007,91724.0,,17:03:01,17:03:38,13,3219,Broadway & 33rd St,0.0,2.0
2025-10-01,510,North,25007,91724.0,17:14:00,17:05:25,17:05:25,14,2861,Everett Station,0.0,0.0
2025-10-01,510,North,25008,19815.0,16:10:00,16:14:17,16:14:17,0,640,4th Ave S & S Jackson St,10.0,0.0
2025-10-01,510,North,25008,19815.0,,,,1,635,4th Ave S & S Washington St,,
2025-10-01,510,North,25008,19815.0,,16:16:27,16:17:17,2,2638,4th Ave & Cherry St,10.0,0.0
2025-10-01,510,North,25008,19815.0,,16:19:37,16:20:46,3,641,4th Ave & Seneca St,6.0,0.0
2025-10-01,510,North,25008,19815.0,16:16:00,16:21:51,16:22:51,4,2976,4th Ave & Pine St,6.0,0.0
2025-10-01,510,North,25008,19815.0,,16:23:59,16:25:03,5,473,Olive Way & 6th Ave,8.0,0.0
2025-10-01,510,North,25008,19815.0,16:20:00,16:26:40,16:26:56,6,430,Howell St & 9th Ave,2.0,0.0
2025-10-01,510,North,25008,19815.0,,16:29:42,16:29:57,7,431,Howell St & Yale Ave,1.0,1.0
2025-10-01,510,North,25008,19815.0,16:43:00,16:51:20,16:51:38,11,2766,Mountlake Terrace Fwy Station Bay 7,0.0,1.0
2025-10-01,510,North,25008,19815.0,17:06:00,17:05:12,17:05:53,12,2869,South Everett Fwy Station Bay 6,0.0,24.0
2025-10-01,510,North,25008,19815.0,,17:13:40,17:13:40,13,3219,Broadway & 33rd St,0.0,0.0
2025-10-01,510,North,25008,19815.0,17:29:00,17:15:43,17:15:43,14,2861,Everett Station,0.0,17.0
2025-10-01,510,North,25009,19813.0,16:25:00,16:25:06,16:25:06,0,640,4th Ave S & S Jackson St,2.0,0.0
2025-10-01,510,North,25009,19813.0,,16:25:59,16:26:15,1,635,4th Ave S & S Washington St,2.0,0.0
2025-10-01,510,North,25009,19813.0,,16:27:49,16:28:13,2,2638,4th Ave & Cherry St,4.0,0.0
2025-10-01,510,North,25009,19813.0,,16:30:58,16:31:25,3,641,4th Ave & Seneca St,6.0,0.0
2025-10-01,510,North,25009,19813.0,16:31:00,16:32:39,16:33:20,4,2976,4th Ave & Pine St,6.0,0.0
2025-10-01,510,North,25009,19813.0,,16:34:28,16:35:32,5,473,Olive Way & 6th Ave,2.0,0.0
2025-10-01,510,North,25009,19813.0,16:35:00,16:37:03,16:37:31,6,430,Howell St & 9th Ave,6.0,0.0
2025-10-01,510,North,25009,19813.0,,16:40:07,16:40:32,7,431,Howell St & Yale Ave,3.0,0.0
2025-10-01,510,North,25009,19813.0,16:58:00,17:02:18,17:02:43,11,2766,Mountlake Terrace Fwy Station Bay 7,0.0,8.0
2025-10-01,510,North,25009,19813.0,17:21:00,17:15:27,17:16:02,12,2869,South Everett Fwy Station Bay 6,1.0,14.0
2025-10-01,510,North,25009,19813.0,,17:23:15,17:23:15,13,3219,Broadway & 33rd St,0.0,0.0
2025-10-01,510,North,25009,19813.0,17:44:00,17:24:13,17:24:13,14,2861,Everett Station,0.0,10.0
2025-10-01,510,North,25010,91703.0,16:40:00,16:42:29,16:42:29,0,640,4th Ave S & S Jackson St,7.0,0.0
2025-10-01,510,North,25010,91703.0,,16:44:04,16:44:29,1,635,4th Ave S & S Washington St,2.0,0.0
2025-10-01,510,North,25010,91703.0,,16:46:13,16:47:00,2,2638,4th Ave & Cherry St,15.0,0.0
2025-10-01,510,North,25010,91703.0,,16:49:39,16:50:45,3,641,4th Ave & Seneca St,11.0,0.0
2025-10-01,510,North,25010,91703.0,16:46:00,16:51:50,16:52:48,4,2976,4th Ave & Pine St,6.0,0.0
2025-10-01,510,North,25010,91703.0,,16:53:49,16:55:03,5,473,Olive Way & 6th Ave,10.0,1.0
2025-10-01,510,North,25010,91703.0,16:50:00,16:56:32,16:57:17,6,430,Howell St & 9th Ave,5.0,1.0
2025-10-01,510,North,25010,91703.0,,16:59:38,17:00:11,7,431,Howell St & Yale Ave,3.0,5.0
2025-10-01,510,North,25010,91703.0,17:13:00,17:20:33,17:20:58,11,2766,Mountlake Terrace Fwy Station Bay 7,1.0,8.0
2025-10-01,510,North,25010,91703.0,17:36:00,17:35:16,17:37:47,12,2869,South Everett Fwy Station Bay 6,0.0,29.0
2025-10-01,510,North,25010,91703.0,,17:45:32,17:45:51,13,3219,Broadway & 33rd St,0.0,1.0
2025-10-01,510,North,25010,91703.0,17:59:00,17:47:21,17:47:21,14,2861,Everett Station,1.0,16.0
2025-10-01,510,North,25011,19855.0,16:55:00,16:55:38,16:55:38,0,640,4th Ave S & S Jackson St,3.0,0.0
2025-10-01,510,North,25011,19855.0,,16:56:14,16:56:36,1,635,4th Ave S & S Washington St,1.0,0.0
2025-10-01,510,North,25011,19855.0,,16:58:05,16:58:39,2,2638,4th Ave & Cherry St,5.0,0.0
2025-10-01,510,North,25011,19855.0,,17:01:09,17:01:31,3,641,4th Ave & Seneca St,2.0,0.0
2025-10-01,510,North,25011,19855.0,17:01:00,17:02:47,17:03:28,4,2976,4th Ave & Pine St,5.0,0.0
2025-10-01,510,North,25011,19855.0,,17:04:45,17:05:59,5,473,Olive Way & 6th Ave,9.0,0.0
2025-10-01,510,North,25011,19855.0,17:05:00,17:07:46,17:08:29,6,430,Howell St & 9th Ave,8.0,0.0
2025-10-01,510,North,25011,19855.0,,17:11:41,17:12:07,7,431,Howell St & Yale Ave,2.0,1.0
2025-10-01,510,North,25011,19855.0,17:27:00,17:33:08,17:33:37,11,2766,Mountlake Terrace Fwy Station Bay 7,0.0,4.0
2025-10-01,510,North,25011,19855.0,17:50:00,17:49:52,17:50:37,12,2869,South Everett Fwy Station Bay 6,0.0,14.0
2025-10-01,510,North,25011,19855.0,,17:59:25,17:59:50,13,3219,Broadway & 33rd St,0.0,2.0
2025-10-01,510,North,25011,19855.0,18:09:00,18:01:15,18:01:15,14,2861,Everett Station,0.0,14.0
2025-10-01,510,North,25012,91729.0,17:10:00,17:10:41,17:10:41,0,640,4th Ave S & S Jackson St,3.0,0.0
2025-10-01,510,North,25012,91729.0,,17:11:16,17:11:36,1,635,4th Ave S & S Washington St,1.0,0.0
2025-10-01,510,North,25012,91729.0,,17:12:51,17:13:53,2,2638,4th Ave & Cherry St,11.0,0.0
2025-10-01,510,North,25012,91729.0,,17:15:08,17:16:44,3,641,4th Ave & Seneca St,4.0,0.0
2025-10-01,510,North,25012,91729.0,17:16:00,17:19:13,17:19:59,4,2976,4th Ave & Pine St,3.0,0.0
2025-10-01,510,North,25012,91729.0,,17:20:58,17:22:12,5,473,Olive Way & 6th Ave,12.0,0.0
2025-10-01,510,North,25012,91729.0,17:20:00,17:24:08,17:24:38,6,430,Howell St & 9th Ave,1.0,0.0
2025-10-01,510,North,25012,91729.0,,17:28:11,17:28:36,7,431,Howell St & Yale Ave,2.0,0.0
2025-10-01,510,North,25012,91729.0,17:42:00,17:50:45,17:51:45,11,2766,Mountlake Terrace Fwy Station Bay 7,3.0,4.0
2025-10-01,510,North,25012,91729.0,18:05:00,18:06:48,18:07:47,12,2869,South Everett Fwy Station Bay 6,0.0,23.0
2025-10-01,510,North,25012,91729.0,,18:16:51,18:17:13,13,3219,Broadway & 33rd St,0.0,3.0
2025-10-01,510,North,25012,91729.0,18:21:00,18:18:21,18:18:21,14,2861,Everett Station,0.0,10.0
2025-10-01,510,North,25013,91911.0,17:25:00,17:24:21,17:24:21,0,640,4th Ave S & S Jackson St,0.0,0.0
2025-10-01,510,North,25013,91911.0,,17:25:51,17:25:58,1,635,4th Ave S & S Washington St,0.0,0.0
2025-10-01,510,North,25013,91911.0,,17:27:54,17:28:29,2,2638,4th Ave & Cherry St,9.0,0.0
2025-10-01,510,North,25013,91911.0,,17:31:28,17:31:53,3,641,4th Ave & Seneca St,7.0,0.0
2025-10-01,510,North,25013,91911.0,17:31:00,17:35:12,17:35:28,4,2976,4th Ave & Pine St,3.0,0.0
2025-10-01,510,North,25013,91911.0,,17:37:16,17:38:27,5,473,Olive Way & 6th Ave,19.0,0.0
2025-10-01,510,North,25013,91911.0,17:35:00,17:39:05,17:39:43,6,430,Howell St & 9th Ave,7.0,0.0
2025-10-01,510,North,25013,91911.0,,17:43:04,17:43:32,7,431,Howell St & Yale Ave,2.0,0.0
2025-10-01,510,North,25013,91911.0,17:56:00,18:05:27,18:06:09,11,2766,Mountlake Terrace Fwy Station Bay 7,0.0,19.0
2025-10-01,510,North,25013,91911.0,18:18:00,18:19:49,18:20:56,12,2869,South Everett Fwy Station Bay 6,1.0,22.0
2025-10-01,510,North,25013,91911.0,,18:28:40,18:28:52,13,3219,Broadway & 33rd St,0.0,1.0
2025-10-01,510,North,25013,91911.0,18:33:00,18:30:13,18:30:13,14,2861,Everett Station,0.0,6.0
2025-10-01,510,North,25014,91910.0,17:45:00,17:46:35,17:46:35,0,640,4th Ave S & S Jackson St,8.0,0.0
2025-10-01,510,North,25014,91910.0,,17:47:28,17:47:28,1,635,4th Ave S & S Washington St,0.0,0.0
2025-10-01,510,North,25014,91910.0,,17:48:56,17:49:30,2,2638,4th Ave & Cherry St,3.0,0.0
2025-10-01,510,North,25014,91910.0,,17:51:13,17:52:14,3,641,4th Ave & Seneca St,4.0,0.0
2025-10-01,510,North,25014,91910.0,17:51:00,17:53:46,17:54:20,4,2976,4th Ave & Pine St,2.0,0.0
2025-10-01,510,North,25014,91910.0,,17:55:30,17:56:33,5,473,Olive Way & 6th Ave,5.0,0.0
2025-10-01,510,North,25014,91910.0,17:55:00,17:58:22,17:59:01,6,430,Howell St & 9th Ave,6.0,0.0
2025-10-01,510,North,25014,91910.0,,18:02:37,18:03:17,7,431,Howell St & Yale Ave,5.0,1.0
2025-10-01,510,North,25014,91910.0,18:13:00,18:23:27,18:23:59,11,2766,Mountlake Terrace Fwy Station Bay 7,1.0,1.0
2025-10-01,510,North,25014,91910.0,18:32:00,18:37:09,18:38:09,12,2869,South Everett Fwy Station Bay 6,0.0,19.0
2025-10-01,510,North,25014,91910.0,,18:44:58,18:45:29,13,3219,Broadway & 33rd St,0.0,1.0
2025-10-01,510,North,25014,91910.0,18:43:00,18:46:55,18:46:55,14,2861,Everett Station,0.0,12.0
2025-10-01,510,North,25015,19817.0,18:05:00,18:05:18,18:05:18,0,640,4th Ave S & S Jackson St,1.0,0.0
2025-10-01,510,North,25015,19817.0,,18:06:29,18:06:39,1,635,4th Ave S & S Washington St,0.0,0.0
2025-10-01,510,North,25015,19817.0,,18:08:17,18:08:40,2,2638,4th Ave & Cherry St,2.0,0.0
2025-10-01,510,North,25015,19817.0,,18:10:20,18:11:51,3,641,4th Ave & Seneca St,6.0,0.0
2025-10-01,510,North,25015,19817.0,18:11:00,18:14:00,18:15:20,4,2976,4th Ave & Pine St,7.0,0.0
2025-10-01,510,North,25015,19817.0,,18:16:37,18:17:32,5,473,Olive Way & 6th Ave,7.0,0.0
2025-10-01,510,North,25015,19817.0,18:14:00,18:19:07,18:20:35,6,430,Howell St & 9th Ave,3.0,0.0
2025-10-01,510,North,25015,19817.0,,18:23:36,18:24:21,7,431,Howell St & Yale Ave,6.0,0.0
2025-10-01,510,North,25015,19817.0,18:32:00,18:40:37,18:41:01,11,2766,Mountlake Terrace Fwy Station Bay 7,0.0,2.0
2025-10-01,510,North,25015,19817.0,18:48:00,18:54:21,18:55:37,12,2869,South Everett Fwy Station Bay 6,0.0,20.0
2025-10-01,510,North,25015,19817.0,,19:03:22,19:03:59,13,3219,Broadway & 33rd St,0.0,2.0
2025-10-01,510,North,25015,19817.0,18:59:00,19:05:20,19:05:20,14,2861,Everett Station,0.0,8.0
2025-10-01,510,North,25016,91713.0,18:30:00,18:30:23,18:30:23,0,640,4th Ave S & S Jackson St,0.0,0.0
2025-10-01,510,North,25016,91713.0,,18:31:42,18:31:42,1,635,4th Ave S & S Washington St,0.0,0.0
2025-10-01,510,North,25016,91713.0,,18:32:29,18:32:53,2,2638,4th Ave & Cherry St,0.0,0.0
2025-10-01,510,North,25016,91713.0,,18:34:32,18:35:48,3,641,4th Ave & Seneca St,0.0,0.0
2025-10-01,510,North,25016,91713.0,18:36:00,18:37:20,18:37:53,4,2976,4th Ave & Pine St,0.0,0.0
2025-10-01,510,North,25016,91713.0,,18:39:04,18:40:03,5,473,Olive Way & 6th Ave,0.0,0.0
2025-10-01,510,North,25016,91713.0,18:39:00,18:41:34,18:41:58,6,430,Howell St & 9th Ave,0.0,0.0
2025-10-01,510,North,25016,91713.0,,18:44:37,18:44:55,7,431,Howell St & Yale Ave,0.0,0.0
2025-10-01,510,North,25016,91713.0,18:57:00,18:59:20,18:59:45,11,2766,Mountlake Terrace Fwy Station Bay 7,0.0,0.0
2025-10-01,510,North,25016,91713.0,19:12:00,19:13:53,19:14:19,12,2869,South Everett Fwy Station Bay 6,0.0,0.0
2025-10-01,510,North,25016,91713.0,,19:22:18,19:22:18,13,3219,Broadway & 33rd St,0.0,0.0
2025-10-01,510,North,25016,91713.0,19:22:00,19:23:17,19:23:17,14,2861,Everett Station,0.0,0.0
2025-10-01,510,South,25017,91713.0,04:05:00,04:05:04,04:05:04,0,2986,Hewitt Ave & Fulton St,0.0,0.0
2025-10-01,510,South,25017,91713.0,,04:05:59,04:05:59,1,2440,Hewitt Ave & Lombard Ave,0.0,0.0
2025-10-01,510,South,25017,91713.0,,04:07:48,04:08:09,2,2355,Wetmore Ave & Wall St,0.0,0.0
2025-10-01,510,South,25017,91713.0,,04:08:53,04:08:53,3,2359,Pacific Ave & Rockefeller Ave,0.0,0.0
2025-10-01,510,South,25017,91713.0,04:11:00,04:10:55,04:12:00,4,2345,Everett Station Bay C1,0.0,0.0
2025-10-01,510,South,25017,91713.0,,04:13:30,04:13:30,5,2367,Broadway & 34th St,0.0,0.0
2025-10-01,510,South,25017,91713.0,04:20:00,04:20:46,04:21:29,6,2868,South Everett Fwy Station Bay 3,0.0,0.0
2025-10-01,510,South,25017,91713.0,04:31:00,04:31:39,04:32:09,7,2765,Mountlake Terrace Fwy Station Bay 6,0.0,0.0
2025-10-01,510,South,25017,91713.0,04:48:00,04:45:28,04:46:04,11,1909,Stewart St & 9th Ave,0.0,0.0
2025-10-01,510,South,25017,91713.0,,04:47:07,04:47:32,12,1908,Stewart St & 7th Ave,0.0,0.0
2025-10-01,510,South,25017,91713.0,04:52:00,04:48:27,04:49:25,13,2698,5th Ave & Pine St,0.0,0.0
2025-10-01,510,South,25017,91713.0,,04:50:17,04:50:51,14,2700,5th Ave & Seneca St,0.0,0.0
2025-10-01,510,South,25017,91713.0,,04:51:32,04:51:54,15,2702,5th Ave & Marion St,0.0,0.0
2025-10-01,510,South,25017,91713.0,,04:53:36,04:54:02,16,2290,5th Ave & Jefferson St,0.0,0.0
2025-10-01,510,South,25017,91713.0,05:00:00,04:55:46,04:55:46,17,2706,5th Ave S & S Jackson St,0.0,0.0
2025-10-01,510,South,25018,19814.0,04:40:00,04:40:15,04:40:15,0,2986,Hewitt Ave & Fulton St,1.0,0.0
2025-10-01,510,South,25018,19814.0,,04:41:17,04:41:17,1,2440,Hewitt Ave & Lombard Ave,0.0,0.0
2025-10-01,510,South,25018,19814.0,,04:43:31,04:44:02,2,2355,Wetmore Ave & Wall St,1.0,0.0
2025-10-01,510,South,25018,19814.0,,04:44:47,04:44:47,3,2359,Pacific Ave & Rockefeller Ave,0.0,0.0
2025-10-01,510,South,25018,19814.0,04:46:00,04:46:47,04:47:59,4,2345,Everett Station Bay C1,15.0,0.0
2025-10-01,510,South,25018,19814.0,,04:49:37,04:49:37,5,2367,Broadway & 34th St,0.0,0.0
2025-10-01,510,South,25018,19814.0,04:57:00,04:56:51,04:59:19,6,2868,South Everett Fwy Station Bay 3,18.0,0.0
2025-10-01,510,South,25018,19814.0,05:08:00,05:09:56,05:10:43,7,2765,Mountlake Terrace Fwy Station Bay 6,7.0,1.0
2025-10-01,510,South,25018,19814.0,05:26:00,05:26:25,05:27:07,11,1909,Stewart St & 9th Ave,0.0,6.0
2025-10-01,510,South,25018,19814.0,,05:28:11,05:28:30,12,1908,Stewart St & 7th Ave,0.0,3.0
2025-10-01,510,South,25018,19814.0,05:30:00,05:29:34,05:30:26,13,2698,5th Ave & Pine St,0.0,5.0
2025-10-01,510,South,25018,19814.0,,05:31:25,05:32:01,14,2700,5th Ave & Seneca St,0.0,10.0
2025-10-01,510,South,25018,19814.0,,05:32:47,05:33:09,15,2702,5th Ave & Marion St,0.0,8.0
2025-10-01,510,South,25018,19814.0,,05:34:19,05:34:40,16,2290,5th Ave & Jefferson St,0.0,3.0
2025-10-01,510,South,25018,19814.0,05:38:00,05:36:58,05:36:58,17,2706,5th Ave S & S Jackson St,0.0,6.0
2025-10-01,510,South,25019,91714.0,05:10:00,05:11:13,05:11:13,0,2345,Everett Station Bay C1,21.0,0.0
2025-10-01,510,South,25019,91714.0,,05:13:26,05:13:46,1,2367,Broadway & 34th St,2.0,0.0
2025-10-01,510,South,25019,91714.0,05:20:00,05:21:55,05:23:24,2,2868,South Everett Fwy Station Bay 3,23.0,0.0
2025-10-01,510,South,25019,91714.0,05:31:00,05:34:40,05:35:08,3,2765,Mountlake Terrace Fwy Station Bay 6,6.0,0.0
2025-10-01,510,South,25019,91714.0,05:49:00,05:49:38,05:50:11,7,1909,Stewart St & 9th Ave,0.0,6.0
2025-10-01,510,South,25019,91714.0,,05:51:10,05:51:42,8,1908,Stewart St & 7th Ave,0.0,4.0
2025-10-01,510,South,25019,91714.0,05:54:00,05:53:25,05:54:24,9,2698,5th Ave & Pine St,0.0,6.0
2025-10-01,510,South,25019,91714.0,,05:55:20,05:55:53,10,2700,5th Ave & Seneca St,0.0,12.0
2025-10-01,510,South,25019,91714.0,,05:57:25,05:58:03,11,2702,5th Ave & Marion St,0.0,13.0
2025-10-01,510,South,25019,91714.0,,05:59:34,06:00:15,12,2290,5th Ave & Jefferson St,0.0,11.0
2025-10-01,510,South,25019,91714.0,06:03:00,06:02:56,06:02:56,13,2706,5th Ave S & S Jackson St,0.0,0.0
2025-10-01,510,South,25020,91901.0,05:40:00,05:40:14,05:40:14,0,2345,Everett Station Bay C1,15.0,0.0
2025-10-01,510,South,25020,91901.0,,05:42:03,05:42:16,1,2367,Broadway & 34th St,0.0,0.0
2025-10-01,510,South,25020,91901.0,05:50:00,05:49:26,05:50:10,2,2868,South Everett Fwy Station Bay 3,6.0,0.0
2025-10-01,510,South,25020,91901.0,06:01:00,06:01:33,06:02:02,3,2765,Mountlake Terrace Fwy Station Bay 6,1.0,22.0
2025-10-01,510,South,25020,91901.0,06:22:00,06:17:31,06:17:56,7,1909,Stewart St & 9th Ave,0.0,0.0
2025-10-01,510,South,25020,91901.0,,06:18:30,06:18:56,8,1908,Stewart St & 7th Ave,0.0,0.0
2025-10-01,510,South,25020,91901.0,06:28:00,06:22:06,06:22:36,9,2698,5th Ave & Pine St,0.0,0.0
2025-10-01,510,South,25020,91901.0,,06:24:30,06:25:07,10,2700,5th Ave & Seneca St,0.0,0.0
2025-10-01,510,South,25020,91901.0,,06:26:31,06:27:16,11,2702,5th Ave & Marion St,0.0,0.0
2025-10-01,510,South,25020,91901.0,,06:28:25,06:28:51,12,2290,5th Ave & Jefferson St,0.0,0.0
2025-10-01,510,South,25020,91901.0,06:38:00,06:30:37,06:30:37,13,2706,5th Ave S & S Jackson St,0.0,0.0
2025-10-01,510,South,25021,91713.0,05:52:00,05:52:05,05:52:05,0,2345,Everett Station Bay C1,0.0,0.0
2025-10-01,510,South,25021,91713.0,,05:53:54,05:53:54,1,2367,Broadway & 34th St,0.0,0.0
2025-10-01,510,South,25021,91713.0,06:02:00,06:01:36,06:02:43,2,2868,South Everett Fwy Station Bay 3,0.0,0.0
2025-10-01,510,South,25021,91713.0,06:14:00,06:15:04,06:15:51,3,2765,Mountlake Terrace Fwy Station Bay 6,0.0,0.0
2025-10-01,510,South,25021,91713.0,06:35:00,06:31:34,06:32:16,7,1909,Stewart St & 9th Ave,0.0,0.0
2025-10-01,510,South,25021,91713.0,,06:33:14,06:33:42,8,1908,Stewart St & 7th Ave,0.0,0.0
2025-10-01,510,South,25021,91713.0,06:41:00,06:34:53,06:35:13,9,2698,5th Ave & Pine St,0.0,0.0
2025-10-01,510,South,25021,91713.0,,06:36:58,06:37:35,10,2700,5th Ave & Seneca St,0.0,0.0
2025-10-01,510,South,25021,91713.0,,06:38:44,06:39:18,11,2702,5th Ave & Marion St,0.0,0.0
2025-10-01,510,South,25021,91713.0,,06:41:07,06:41:07,12,2290,5th Ave & Jefferson St,0.0,0.0
2025-10-01,510,South,25021,91713.0,06:51:00,06:42:46,06:42:46,13,2706,5th Ave S & S Jackson St,0.0,0.0
2025-10-01,510,South,25022,91708.0,06:04:00,06:04:15,06:04:15,0,2345,Everett Station Bay C1,16.0,0.0
2025-10-01,510,South,25022,91708.0,,06:07:06,06:07:24,1,2367,Broadway & 34th St,1.0,0.0
2025-10-01,510,South,25022,91708.0,06:14:00,06:14:58,06:16:01,2,2868,South Everett Fwy Station Bay 3,16.0,0.0
2025-10-01,510,South,25022,91708.0,06:26:00,06:30:05,06:30:20,3,2765,Mountlake Terrace Fwy Station Bay 6,0.0,2.0
2025-10-01,510,South,25022,91708.0,06:48:00,06:47:30,06:48:01,7,1909,Stewart St & 9th Ave,0.0,9.0
2025-10-01,510,South,25022,91708.0,,06:48:29,06:48:58,8,1908,Stewart St & 7th Ave,0.0,5.0
2025-10-01,510,South,25022,91708.0,06:54:00,06:51:14,06:52:27,9,2698,5th Ave & Pine St,0.0,4.0
2025-10-01,510,South,25022,91708.0,,06:53:24,06:53:53,10,2700,5th Ave & Seneca St,0.0,3.0
2025-10-01,510,South,25022,91708.0,,06:55:03,06:55:43,11,2702,5th Ave & Marion St,0.0,6.0
2025-10-01,510,South,25022,91708.0,,06:57:58,06:58:24,12,2290,5th Ave & Jefferson St,0.0,4.0
2025-10-01,510,South,25022,91708.0,07:04:00,07:00:41,07:00:41,13,2706,5th Ave S & S Jackson St,0.0,0.0
2025-10-01,510,South,25023,91705.0,06:16:00,06:17:25,06:17:25,0,2345,Everett Station Bay C1,15.0,0.0
2025-10-01,510,South,25023,91705.0,,06:19:00,06:19:16,1,2367,Broadway & 34th St,1.0,0.0
2025-10-01,510,South,25023,91705.0,06:26:00,06:26:47,06:27:56,2,2868,South Everett Fwy Station Bay 3,21.0,0.0
2025-10-01,510,South,25023,91705.0,06:38:00,06:42:44,06:43:07,3,2765,Mountlake Terrace Fwy Station Bay 6,1.0,2.0
2025-10-01,510,South,25023,91705.0,07:00:00,06:59:38,07:00:12,7,1909,Stewart St & 9th Ave,0.0,8.0
2025-10-01,510,South,25023,91705.0,,07:01:39,07:02:10,8,1908,Stewart St & 7th Ave,0.0,10.0
2025-10-01,510,South,25023,91705.0,07:06:00,07:03:22,07:03:58,9,2698,5th Ave & Pine St,0.0,6.0
2025-10-01,510,South,25023,91705.0,,07:05:28,07:05:50,10,2700,5th Ave & Seneca St,0.0,4.0
2025-10-01,510,South,25023,91705.0,,07:07:56,07:07:56,11,2702,5th Ave & Marion St,0.0,5.0
2025-10-01,510,South,25023,91705.0,,07:09:45,07:09:45,12,2290,5th Ave & Jefferson St,0.0,2.0
2025-10-01,510,South,25023,91705.0,07:17:00,07:12:42,07:12:42,13,2706,5th Ave S & S Jackson St,0.0,1.0
2025-10-01,510,South,25024,91707.0,06:28:00,06:28:13,06:28:13,0,2345,Everett Station Bay C1,17.0,0.0
2025-10-01,510,South,25024,91707.0,,06:30:12,06:30:43,1,2367,Broadway & 34th St,3.0,0.0
2025-10-01,510,South,25024,91707.0,06:38:00,06:39:21,06:41:42,2,2868,South Everett Fwy Station Bay 3,34.0,0.0
2025-10-01,510,South,25024,91707.0,06:50:00,06:56:19,06:57:13,3,2765,Mountlake Terrace Fwy Station Bay 6,4.0,3.0
2025-10-01,510,South,25024,91707.0,07:13:00,07:14:31,07:15:04,7,1909,Stewart St & 9th Ave,1.0,7.0
2025-10-01,510,South,25024,91707.0,,07:15:39,07:16:16,8,1908,Stewart St & 7th Ave,0.0,9.0
2025-10-01,510,South,25024,91707.0,07:19:00,07:18:23,07:19:36,9,2698,5th Ave & Pine St,0.0,12.0
2025-10-01,510,South,25024,91707.0,,07:21:31,07:22:10,10,2700,5th Ave & Seneca St,0.0,10.0
2025-10-01,510,South,25024,91707.0,,07:23:37,07:24:16,11,2702,5th Ave & Marion St,0.0,13.0
2025-10-01,510,South,25024,91707.0,,07:25:30,07:25:56,12,2290,5th Ave & Jefferson St,0.0,2.0
2025-10-01,510,South,25024,91707.0,07:30:00,07:28:07,07:28:07,13,2706,5th Ave S & S Jackson St,0.0,3.0
2025-10-01,510,South,25025,19810.0,06:40:00,06:43:00,06:43:00,0,2345,Everett Station Bay C1,18.0,0.0
2025-10-01,510,South,25025,19810.0,,,,1,2367,Broadway & 34th St,,
2025-10-01,510,South,25025,19810.0,06:50:00,06:51:55,06:53:35,2,2868,South Everett Fwy Station Bay 3,17.0,0.0
2025-10-01,510,South,25025,19810.0,07:03:00,07:07:08,07:07:50,3,2765,Mountlake Terrace Fwy Station Bay 6,9.0,0.0
2025-10-01,510,South,25025,19810.0,07:28:00,07:25:01,07:25:38,7,1909,Stewart St & 9th Ave,0.0,10.0
2025-10-01,510,South,25025,19810.0,,07:26:10,07:26:29,8,1908,Stewart St & 7th Ave,0.0,8.0
2025-10-01,510,South,25025,19810.0,07:34:00,07:28:53,07:29:09,9,2698,5th Ave & Pine St,0.0,4.0
2025-10-01,510,South,25025,19810.0,,07:32:16,07:32:35,10,2700,5th Ave & Seneca St,0.0,7.0
2025-10-01,510,South,25025,19810.0,,07:34:06,07:34:49,11,2702,5th Ave & Marion St,0.0,9.0
2025-10-01,510,South,25025,19810.0,,07:37:02,07:37:22,12,2290,5th Ave & Jefferson St,0.0,5.0
2025-10-01,510,South,25025,19810.0,07:47:00,07:39:16,07:39:16,13,2706,5th Ave S & S Jackson St,0.0,1.0
2025-10-01,510,South,25026,91721.0,06:52:00,06:53:15,06:53:15,0,2345,Everett Station Bay C1,24.0,0.0
2025-10-01,510,South,25026,91721.0,,06:56:20,06:56:20,1,2367,Broadway & 34th St,0.0,0.0
2025-10-01,510,South,25026,91721.0,07:02:00,07:03:31,07:04:40,2,2868,South Everett Fwy Station Bay 3,20.0,0.0
2025-10-01,510,South,25026,91721.0,07:15:00,07:20:18,07:20:51,3,2765,Mountlake Terrace Fwy Station Bay 6,5.0,1.0
2025-10-01,510,South,25026,91721.0,07:40:00,07:43:26,07:44:14,7,1909,Stewart St & 9th Ave,0.0,16.0
2025-10-01,510,South,25026,91721.0,,07:45:17,07:45:44,8,1908,Stewart St & 7th Ave,0.0,6.0
2025-10-01,510,South,25026,91721.0,07:46:00,07:46:51,07:48:04,9,2698,5th Ave & Pine St,1.0,8.0
2025-10-01,510,South,25026,91721.0,,07:50:18,07:51:19,10,2700,5th Ave & Seneca St,0.0,11.0
2025-10-01,510,South,25026,91721.0,,07:52:20,07:52:51,11,2702,5th Ave & Marion St,0.0,6.0
2025-10-01,510,South,25026,91721.0,,07:54:02,07:54:19,12,2290,5th Ave & Jefferson St,0.0,1.0
2025-10-01,510,South,25026,91721.0,07:59:00,07:57:18,07:57:18,13,2706,5th Ave S & S Jackson St,0.0,1.0
2025-10-01,510,South,25027,,07:04:00,,,0,2345,Everett Station Bay C1,,
2025-10-01,510,South,25027,,,,,1,2367,Broadway & 34th St,,
2025-10-01,510,South,25027,,07:14:00,,,2,2868,South Everett Fwy Station Bay 3,,
2025-10-01,510,South,25027,,07:28:00,,,3,2765,Mountlake Terrace Fwy Station Bay 6,,
2025-10-01,510,South,25027,,07:59:00,,,7,1909,Stewart St & 9th Ave,,
2025-10-01,510,South,25027,,,,,8,1908,Stewart St & 7th Ave,,
2025-10-01,510,South,25027,,08:05:00,,,9,2698,5th Ave & Pine St,,
2025-10-01,510,South,25027,,,,,10,2700,5th Ave & Seneca St,,
2025-10-01,510,South,25027,,,,,11,2702,5th Ave & Marion St,,
2025-10-01,510,South,25027,,,,,12,2290,5th Ave & Jefferson St,,
2025-10-01,510,South,25027,,08:20:00,,,13,2706,5th Ave S & S Jackson St,,
2025-10-01,510,South,25028,91911.0,07:16:00,07:20:22,07:20:22,0,2345,Everett Station Bay C1,14.0,0.0
2025-10-01,510,South,25028,91911.0,,07:22:58,07:23:26,1,2367,Broadway & 34th St,2.0,0.0
2025-10-01,510,South,25028,91911.0,07:26:00,07:31:40,07:33:48,2,2868,South Everett Fwy Station Bay 3,41.0,0.0
2025-10-01,510,South,25028,91911.0,07:40:00,07:51:46,07:52:59,3,2765,Mountlake Terrace Fwy Station Bay 6,2.0,2.0
2025-10-01,510,South,25028,91911.0,08:11:00,08:27:17,08:28:12,7,1909,Stewart St & 9th Ave,0.0,22.0
2025-10-01,510,South,25028,91911.0,,08:28:44,08:29:26,8,1908,Stewart St & 7th Ave,0.0,8.0
2025-10-01,510,South,25028,91911.0,08:17:00,08:30:24,08:31:35,9,2698,5th Ave & Pine St,0.0,8.0
2025-10-01,510,South,25028,91911.0,,08:33:41,08:34:54,10,2700,5th Ave & Seneca St,0.0,6.0
2025-10-01,510,South,25028,91911.0,,08:35:35,08:36:18,11,2702,5th Ave & Marion St,0.0,9.0
2025-10-01,510,South,25028,91911.0,,08:37:32,08:37:53,12,2290,5th Ave & Jefferson St,0.0,4.0
2025-10-01,510,South,25028,91911.0,08:34:00,08:40:40,08:40:40,13,2706,5th Ave S & S Jackson St,0.0,0.0
2025-10-01,510,South,25029,91501.0,07:28:00,07:28:04,07:28:04,0,2345,Everett Station Bay C1,15.0,0.0
2025-10-01,510,South,25029,91501.0,,07:31:08,07:31:37,1,2367,Broadway & 34th St,0.0,1.0
2025-10-01,510,South,25029,91501.0,07:38:00,07:38:21,07:39:12,2,2868,South Everett Fwy Station Bay 3,14.0,0.0
2025-10-01,510,South,25029,91501.0,07:52:00,07:57:58,07:58:29,3,2765,Mountlake Terrace Fwy Station Bay 6,5.0,3.0
2025-10-01,510,South,25029,91501.0,08:23:00,08:29:30,08:30:00,7,1909,Stewart St & 9th Ave,0.0,12.0
2025-10-01,510,South,25029,91501.0,,08:30:23,08:30:54,8,1908,Stewart St & 7th Ave,0.0,11.0
2025-10-01,510,South,25029,91501.0,08:29:00,08:31:45,08:32:02,9,2698,5th Ave & Pine St,0.0,1.0
2025-10-01,510,South,25029,91501.0,,08:33:45,08:34:06,10,2700,5th Ave & Seneca St,0.0,0.0
2025-10-01,510,South,25029,91501.0,,08:35:36,08:36:15,11,2702,5th Ave & Marion St,0.0,3.0
2025-10-01,510,South,25029,91501.0,,08:37:32,08:37:52,12,2290,5th Ave & Jefferson St,0.0,3.0
2025-10-01,510,South,25029,91501.0,08:47:00,08:40:59,08:40:59,13,2706,5th Ave S & S Jackson St,0.0,0.0
2025-10-01,510,South,25030,91719.0,07:43:00,07:43:21,07:43:21,0,2345,Everett Station Bay C1,17.0,0.0
2025-10-01,510,South,25030,91719.0,,07:46:21,07:46:42,1,2367,Broadway & 34th St,1.0,0.0
2025-10-01,510,South,25030,91719.0,07:53:00,07:53:52,07:55:04,2,2868,South Everett Fwy Station Bay 3,20.0,0.0
2025-10-01,510,South,25030,91719.0,08:07:00,08:11:57,08:12:41,3,2765,Mountlake Terrace Fwy Station Bay 6,9.0,4.0
2025-10-01,510,South,25030,91719.0,08:38:00,08:44:28,08:44:56,7,1909,Stewart St & 9th Ave,1.0,10.0
2025-10-01,510,South,25030,91719.0,,08:45:30,08:46:02,8,1908,Stewart St & 7th Ave,0.0,12.0
2025-10-01,510,South,25030,91719.0,08:44:00,08:48:19,08:49:36,9,2698,5th Ave & Pine St,1.0,7.0
2025-10-01,510,South,25030,91719.0,,08:52:04,08:52:44,10,2700,5th Ave & Seneca St,0.0,5.0
2025-10-01,510,South,25030,91719.0,,08:53:48,08:54:19,11,2702,5th Ave & Marion St,0.0,8.0
2025-10-01,510,South,25030,91719.0,,08:55:26,08:55:47,12,2290,5th Ave & Jefferson St,0.0,3.0
2025-10-01,510,South,25030,91719.0,09:02:00,08:59:07,08:59:07,13,2706,5th Ave S & S Jackson St,0.0,0.0
2025-10-01,510,South,25031,19811.0,07:58:00,07:59:26,07:59:26,0,2345,Everett Station Bay C1,15.0,0.0
2025-10-01,510,South,25031,19811.0,,08:01:27,08:01:45,1,2367,Broadway & 34th St,1.0,0.0
2025-10-01,510,South,25031,19811.0,08:08:00,08:09:31,08:11:03,2,2868,South Everett Fwy Station Bay 3,27.0,0.0
2025-10-01,510,South,25031,19811.0,08:22:00,08:26:07,08:26:35,3,2765,Mountlake Terrace Fwy Station Bay 6,2.0,2.0
2025-10-01,510,South,25031,19811.0,08:53:00,09:02:38,09:03:13,7,1909,Stewart St & 9th Ave,0.0,17.0
2025-10-01,510,South,25031,19811.0,,09:04:41,09:05:17,8,1908,Stewart St & 7th Ave,1.0,15.0
2025-10-01,510,South,25031,19811.0,08:59:00,09:07:01,09:07:38,9,2698,5th Ave & Pine St,0.0,5.0
2025-10-01,510,South,25031,19811.0,,09:08:36,09:08:51,10,2700,5th Ave & Seneca St,0.0,4.0
2025-10-01,510,South,25031,19811.0,,09:10:07,09:10:50,11,2702,5th Ave & Marion St,0.0,1.0
2025-10-01,510,South,25031,19811.0,,09:12:00,09:12:23,12,2290,5th Ave & Jefferson St,0.0,2.0
2025-10-01,510,South,25031,19811.0,09:17:00,09:14:26,09:14:26,13,2706,5th Ave S & S Jackson St,0.0,0.0
2025-10-01,510,South,25032,91902.0,08:18:00,08:21:22,08:21:22,0,2345,Everett Station Bay C1,14.0,0.0
2025-10-01,510,South,25032,91902.0,,08:22:55,08:23:16,1,2367,Broadway & 34th St,2.0,0.0
2025-10-01,510,South,25032,91902.0,08:29:00,08:30:47,08:32:51,2,2868,South Everett Fwy Station Bay 3,32.0,0.0
2025-10-01,510,South,25032,91902.0,08:42:00,08:45:41,08:45:54,3,2765,Mountlake Terrace Fwy Station Bay 6,0.0,3.0
2025-10-01,510,South,25032,91902.0,09:13:00,09:24:03,09:24:54,7,1909,Stewart St & 9th Ave,1.0,21.0
2025-10-01,510,South,25032,91902.0,,09:25:37,09:26:09,8,1908,Stewart St & 7th Ave,0.0,14.0
2025-10-01,510,South,25032,91902.0,09:19:00,09:27:16,09:28:52,9,2698,5th Ave & Pine St,3.0,7.0
2025-10-01,510,South,25032,91902.0,,09:30:37,09:30:57,10,2700,5th Ave & Seneca St,2.0,4.0
2025-10-01,510,South,25032,91902.0,,09:32:28,09:32:38,11,2702,5th Ave & Marion St,0.0,1.0
2025-10-01,510,South,25032,91902.0,,09:34:01,09:34:12,12,2290,5th Ave & Jefferson St,0.0,1.0
2025-10-01,510,South,25032,91902.0,09:37:00,09:35:45,09:35:45,13,2706,5th Ave S & S Jackson St,0.0,3.0
2025-10-01,510,South,25033,91724.0,08:38:00,08:38:57,08:38:57,0,2345,Everett Station Bay C1,12.0,0.0
2025-10-01,510,South,25033,91724.0,,08:41:13,08:41:45,1,2367,Broadway & 34th St,3.0,0.0
2025-10-01,510,South,25033,91724.0,08:49:00,08:48:28,08:49:48,2,2868,South Everett Fwy Station Bay 3,25.0,0.0
2025-10-01,510,South,25033,91724.0,09:02:00,09:02:04,09:02:19,3,2765,Mountlake Terrace Fwy Station Bay 6,0.0,3.0
2025-10-01,510,South,25033,91724.0,09:33:00,09:32:53,09:33:38,7,1909,Stewart St & 9th Ave,0.0,19.0
2025-10-01,510,South,25033,91724.0,,09:34:35,09:35:06,8,1908,Stewart St & 7th Ave,0.0,8.0
2025-10-01,510,South,25033,91724.0,09:39:00,09:37:41,09:39:03,9,2698,5th Ave & Pine St,0.0,2.0
2025-10-01,510,South,25033,91724.0,,09:39:54,09:40:31,10,2700,5th Ave & Seneca St,0.0,5.0
2025-10-01,510,South,25033,91724.0,,09:41:34,09:42:14,11,2702,5th Ave & Marion St,0.0,3.0
2025-10-01,510,South,25033,91724.0,,09:43:22,09:43:35,12,2290,5th Ave & Jefferson St,0.0,0.0
2025-10-01,510,South,25033,91724.0,09:57:00,09:46:10,09:46:10,13,2706,5th Ave S & S Jackson St,0.0,0.0
2025-10-02,510,North,25001,91722.0,14:00:00,14:00:11,14:00:11,0,640,4th Ave S & S Jackson St,3.0,0.0
2025-10-02,510,North,25001,91722.0,,14:00:40,14:00:57,1,635,4th Ave S & S Washington St,1.0,0.0
2025-10-02,510,North,25001,91722.0,,14:02:27,14:03:02,2,2638,4th Ave & Cherry St,4.0,0.0
2025-10-02,510,North,25001,91722.0,,14:04:07,14:04:55,3,641,4th Ave & Seneca St,8.0,0.0
2025-10-02,510,North,25001,91722.0,14:06:00,14:06:13,14:07:17,4,2976,4th Ave & Pine St,8.0,0.0
2025-10-02,510,North,25001,91722.0,,14:08:26,14:09:24,5,473,Olive Way & 6th Ave,8.0,0.0
2025-10-02,510,North,25001,91722.0,14:10:00,14:11:04,14:11:37,6,430,Howell St & 9th Ave,4.0,0.0
2025-10-02,510,North,25001,91722.0,,14:14:40,14:15:10,7,431,Howell St & Yale Ave,4.0,0.0
2025-10-02,510,North,25001,91722.0,14:30:00,14:27:41,14:28:11,11,2766,Mountlake Terrace Fwy Station Bay 7,0.0,12.0
2025-10-02,510,North,25001,91722.0,14:47:00,14:39:05,14:40:00,12,2869,South Everett Fwy Station Bay 6,0.0,22.0
2025-10-02,510,North,25001,91722.0,,14:48:15,14:48:41,13,3219,Broadway & 33rd St,0.0,6.0
2025-10-02,510,North,25001,91722.0,15:04:00,14:49:42,14:49:42,14,2861,Everett Station,0.0,0.0
2025-10-02,510,North,25002,91908.0,14:20:00,14:20:40,14:20:40,0,640,4th Ave S & S Jackson St,5.0,0.0
2025-10-02,510,North,25002,91908.0,,14:22:11,14:22:32,1,635,4th Ave S & S Washington St,1.0,0.0
2025-10-02,510,North,25002,91908.0,,14:23:55,14:24:30,2,2638,4th Ave & Cherry St,4.0,0.0
2025-10-02,510,North,25002,91908.0,,14:25:43,14:26:29,3,641,4th Ave & Seneca St,3.0,0.0
2025-10-02,510,North,25002,91908.0,14:26:00,14:27:52,14:28:40,4,2976,4th Ave & Pine St,7.0,0.0
2025-10-02,510,North,25002,91908.0,,14:30:01,14:30:46,5,473,Olive Way & 6th Ave,4.0,0.0
2025-10-02,510,North,25002,91908.0,14:30:00,14:32:37,14:32:57,6,430,Howell St & 9th Ave,1.0,0.0
2025-10-02,510,North,25002,91908.0,,14:35:40,14:36:20,7,431,Howell St & Yale Ave,5.0,1.0
2025-10-02,510,North,25002,91908.0,14:50:00,14:50:58,14:51:26,11,2766,Mountlake Terrace Fwy Station Bay 7,1.0,7.0
2025-10-02,510,North,25002,91908.0,15:07:00,15:03:34,15:04:15,12,2869,South Everett Fwy Station Bay 6,0.0,15.0
2025-10-02,510,North,25002,91908.0,,15:13:22,15:14:01,13,3219,Broadway & 33rd St,0.0,8.0
2025-10-02,510,North,25002,91908.0,15:24:00,15:15:18,15:15:18,14,2861,Everett Station,0.0,0.0
2025-10-02,510,North,25003,91709.0,14:50:00,14:53:10,14:53:10,0,640,4th Ave S & S Jackson St,10.0,0.0
2025-10-02,510,North,25003,91709.0,,14:54:25,14:54:25,1,635,4th Ave S & S Washington St,0.0,0.0
2025-10-02,510,North,25003,91709.0,,14:55:14,14:55:47,2,2638,4th Ave & Cherry St,3.0,0.0
2025-10-02,510,North,25003,91709.0,,14:58:13,14:59:46,3,641,4th Ave & Seneca St,6.0,0.0
2025-10-02,510,North,25003,91709.0,14:56:00,15:00:56,15:01:48,4,2976,4th Ave & Pine St,8.0,0.0
2025-10-02,510,North,25003,91709.0,,15:02:55,15:04:01,5,473,Olive Way & 6th Ave,8.0,0.0
2025-10-02,510,North,25003,91709.0,15:00:00,15:05:40,15:06:49,6,430,Howell St & 9th Ave,12.0,0.0
2025-10-02,510,North,25003,91709.0,,15:10:04,15:10:36,7,431,Howell St & Yale Ave,3.0,0.0
2025-10-02,510,North,25003,91709.0,15:20:00,15:28:45,15:29:37,11,2766,Mountlake Terrace Fwy Station Bay 7,2.0,7.0
2025-10-02,510,North,25003,91709.0,15:38:00,15:42:14,15:43:24,12,2869,South Everett Fwy Station Bay 6,0.0,26.0
2025-10-02,510,North,25003,91709.0,,15:54:24,15:54:58,13,3219,Broadway & 33rd St,0.0,6.0
2025-10-02,510,North,25003,91709.0,15:57:00,15:56:13,15:56:13,14,2861,Everett Station,0.0,13.0
2025-10-02,510,North,25004,91707.0,15:10:00,15:11:15,15:11:15,0,640,4th Ave S & S Jackson St,7.0,0.0
2025-10-02,510,North,25004,91707.0,,,,1,635,4th Ave S & S Washington St,,
2025-10-02,510,North,25004,91707.0,,15:13:08,15:13:47,2,2638,4th Ave & Cherry St,8.0,0.0
2025-10-02,510,North,25004,91707.0,,15:15:08,15:16:18,3,641,4th Ave & Seneca St,7.0,0.0
2025-10-02,510,North,25004,91707.0,15:16:00,15:17:35,15:18:22,4,2976,4th Ave & Pine St,3.0,1.0
2025-10-02,510,North,25004,91707.0,,15:19:29,15:20:34,5,473,Olive Way & 6th Ave,5.0,0.0
2025-10-02,510,North,25004,91707.0,15:20:00,15:22:05,15:22:41,6,430,Howell St & 9th Ave,4.0,0.0
2025-10-02,510,North,25004,91707.0,,15:26:39,15:27:07,7,431,Howell St & Yale Ave,3.0,0.0
2025-10-02,510,North,25004,91707.0,15:40:00,15:44:21,15:44:51,11,2766,Mountlake Terrace Fwy Station Bay 7,0.0,11.0
2025-10-02,510,North,25004,91707.0,16:00:00,15:57:38,15:58:37,12,2869,South Everett Fwy Station Bay 6,0.0,23.0
2025-10-02,510,North,25004,91707.0,,16:10:29,16:10:47,13,3219,Broadway & 33rd St,0.0,2.0
2025-10-02,510,North,25004,91707.0,16:21:00,16:12:09,16:12:09,14,2861,Everett Station,0.0,0.0
2025-10-02,510,North,25005,91708.0,15:25:00,15:28:34,15:28:34,0,640,4th Ave S & S Jackson St,4.0,0.0
2025-10-02,510,North,25005,91708.0,,15:29:11,15:29:43,1,635,4th Ave S & S Washington St,3.0,0.0
2025-10-02,510,North,25005,91708.0,,15:31:03,15:32:02,2,2638,4th Ave & Cherry St,7.0,0.0
2025-10-02,510,North,25005,91708.0,,15:33:08,15:34:19,3,641,4th Ave & Seneca St,2.0,0.0
2025-10-02,510,North,25005,91708.0,15:31:00,15:35:20,15:35:40,4,2976,4th Ave & Pine St,1.0,0.0
2025-10-02,510,North,25005,91708.0,,15:37:27,15:38:31,5,473,Olive Way & 6th Ave,8.0,0.0
2025-10-02,510,North,25005,91708.0,15:35:00,15:40:05,15:40:45,6,430,Howell St & 9th Ave,5.0,2.0
2025-10-02,510,North,25005,91708.0,,15:44:37,15:45:08,7,431,Howell St & Yale Ave,2.0,2.0
2025-10-02,510,North,25005,91708.0,15:56:00,16:04:40,16:05:06,11,2766,Mountlake Terrace Fwy Station Bay 7,0.0,9.0
2025-10-02,510,North,25005,91708.0,16:16:00,16:19:15,16:20:04,12,2869,South Everett Fwy Station Bay 6,0.0,19.0
2025-10-02,510,North,25005,91708.0,,16:29:34,16:29:34,13,3219,Broadway & 33rd St,0.0,0.0
2025-10-02,510,North,25005,91708.0,16:38:00,16:31:08,16:31:08,14,2861,Everett Station,0.0,0.0
2025-10-02,510,North,25006,91505.0,15:40:00,15:41:10,15:41:10,0,640,4th Ave S & S Jackson St,4.0,0.0
2025-10-02,510,North,25006,91505.0,,15:42:22,15:42:22,1,635,4th Ave S & S Washington St,0.0,0.0
2025-10-02,510,North,25006,91505.0,,15:44:17,15:44:47,2,2638,4th Ave & Cherry St,6.0,1.0
2025-10-02,510,North,25006,91505.0,,15:47:00,15:47:47,3,641,4th Ave & Seneca St,6.0,0.0
2025-10-02,510,North,25006,91505.0,15:46:00,15:48:46,15:49:21,4,2976,4th Ave & Pine St,6.0,0.0
2025-10-02,510,North,25006,91505.0,,15:51:10,15:52:22,5,473,Olive Way & 6th Ave,10.0,0.0
2025-10-02,510,North,25006,91505.0,15:50:00,15:54:00,15:55:03,6,430,Howell St & 9th Ave,6.0,0.0
2025-10-02,510,North,25006,91505.0,,15:58:09,15:58:34,7,431,Howell St & Yale Ave,2.0,0.0
2025-10-02,510,North,25006,91505.0,16:12:00,16:17:21,16:17:39,11,2766,Mountlake Terrace Fwy Station Bay 7,0.0,4.0
2025-10-02,510,North,25006,91505.0,16:35:00,16:30:45,16:31:40,12,2869,South Everett Fwy Station Bay 6,1.0,35.0
2025-10-02,510,North,25006,91505.0,,16:39:35,16:39:57,13,3219,Broadway & 33rd St,0.0,1.0
2025-10-02,510,North,25006,91505.0,16:58:00,16:41:14,16:41:14,14,2861,Everett Station,0.0,0.0
2025-10-02,510,North,25007,91902.0,15:55:00,15:55:24,15:55:24,0,640,4th Ave S & S Jackson St,5.0,0.0
2025-10-02,510,North,25007,91902.0,,15:56:04,15:56:04,1,635,4th Ave S & S Washington St,0.0,0.0
2025-10-02,510,North,25007,91902.0,,15:57:03,15:57:40,2,2638,4th Ave & Cherry St,5.0,0.0
2025-10-02,510,North,25007,91902.0,,15:59:57,16:01:14,3,641,4th Ave & Seneca St,10.0,1.0
2025-10-02,510,North,25007,91902.0,16:01:00,16:02:40,16:03:20,4,2976,4th Ave & Pine St,3.0,1.0
2025-10-02,510,North,25007,91902.0,,16:05:46,16:07:00,5,473,Olive Way & 6th Ave,8.0,0.0
2025-10-02,510,North,25007,91902.0,16:05:00,16:08:32,16:09:07,6,430,Howell St & 9th Ave,6.0,1.0
2025-10-02,510,North,25007,91902.0,,16:11:37,16:12:24,7,431,Howell St & Yale Ave,8.0,0.0
2025-10-02,510,North,25007,91902.0,16:28:00,16:30:07,16:30:34,11,2766,Mountlake Terrace Fwy Station Bay 7,0.0,9.0
2025-10-02,510,North,25007,91902.0,16:51:00,16:43:59,16:46:07,12,2869,South Everett Fwy Station Bay 6,1.0,21.0
2025-10-02,510,North,25007,91902.0,,16:54:27,16:55:09,13,3219,Broadway & 33rd St,0.0,2.0
2025-10-02,510,North,25007,91902.0,17:14:00,16:56:44,16:56:44,14,2861,Everett Station,0.0,11.0
2025-10-02,510,North,25008,19813.0,16:10:00,16:10:31,16:10:31,0,640,4th Ave S & S Jackson St,2.0,0.0
2025-10-02,510,North,25008,19813.0,,16:11:09,16:11:36,1,635,4th Ave S & S Washington St,2.0,0.0
2025-10-02,510,North,25008,19813.0,,16:12:55,16:13:44,2,2638,4th Ave & Cherry St,4.0,0.0
2025-10-02,510,North,25008,19813.0,,16:16:00,16:16:30,3,641,4th Ave & Seneca St,4.0,1.0
2025-10-02,510,North,25008,19813.0,16:16:00,16:17:49,16:18:21,4,2976,4th Ave & Pine St,4.0,0.0
2025-10-02,510,North,25008,19813.0,,16:19:35,16:20:35,5,473,Olive Way & 6th Ave,7.0,0.0
2025-10-02,510,North,25008,19813.0,16:20:00,16:22:04,16:22:45,6,430,Howell St & 9th Ave,6.0,0.0
2025-10-02,510,North,25008,19813.0,,16:26:35,16:27:25,7,431,Howell St & Yale Ave,2.0,2.0
2025-10-02,510,North,25008,19813.0,16:43:00,16:48:32,16:48:54,11,2766,Mountlake Terrace Fwy Station Bay 7,0.0,10.0
2025-10-02,510,North,25008,19813.0,17:06:00,17:01:34,17:02:08,12,2869,South Everett Fwy Station Bay 6,0.0,18.0
2025-10-02,510,North,25008,19813.0,,17:10:07,17:10:33,13,3219,Broadway & 33rd St,0.0,0.0
2025-10-02,510,North,25008,19813.0,17:29:00,17:11:43,17:11:43,14,2861,Everett Station,0.0,0.0
2025-10-02,510,North,25009,91728.0,16:25:00,16:25:35,16:25:35,0,640,4th Ave S & S Jackson St,1.0,0.0
2025-10-02,510,North,25009,91728.0,,16:26:08,16:26:43,1,635,4th Ave S & S Washington St,4.0,0.0
2025-10-02,510,North,25009,91728.0,,16:27:58,16:29:12,2,2638,4th Ave & Cherry St,9.0,0.0
2025-10-02,510,North,25009,91728.0,,16:31:21,16:32:47,3,641,4th Ave & Seneca St,8.0,0.0
2025-10-02,510,North,25009,91728.0,16:31:00,16:34:16,16:34:50,4,2976,4th Ave & Pine St,4.0,0.0
2025-10-02,510,North,25009,91728.0,,16:36:08,16:37:04,5,473,Olive Way & 6th Ave,7.0,0.0
2025-10-02,510,North,25009,91728.0,16:35:00,16:38:33,16:39:05,6,430,Howell St & 9th Ave,6.0,0.0
2025-10-02,510,North,25009,91728.0,,16:41:36,16:42:09,7,431,Howell St & Yale Ave,2.0,0.0
2025-10-02,510,North,25009,91728.0,16:58:00,17:04:49,17:05:20,11,2766,Mountlake Terrace Fwy Station Bay 7,0.0,7.0
2025-10-02,510,North,25009,91728.0,17:21:00,17:18:01,17:18:55,12,2869,South Everett Fwy Station Bay 6,0.0,19.0
2025-10-02,510,North,25009,91728.0,,17:26:42,17:26:42,13,3219,Broadway & 33rd St,0.0,0.0
2025-10-02,510,North,25009,91728.0,17:44:00,17:27:33,17:27:33,14,2861,Everett Station,0.0,15.0
2025-10-02,510,North,25010,19815.0,16:40:00,16:40:44,16:40:44,0,640,4th Ave S & S Jackson St,5.0,0.0
2025-10-02,510,North,25010,19815.0,,16:41:17,16:41:35,1,635,4th Ave S & S Washington St,2.0,0.0
2025-10-02,510,North,25010,19815.0,,16:42:56,16:43:16,2,2638,4th Ave & Cherry St,5.0,0.0
2025-10-02,510,North,25010,19815.0,,16:45:08,16:46:17,3,641,4th Ave & Seneca St,6.0,0.0
2025-10-02,510,North,25010,19815.0,16:46:00,16:47:35,16:48:05,4,2976,4th Ave & Pine St,4.0,0.0
2025-10-02,510,North,25010,19815.0,,16:49:38,16:50:35,5,473,Olive Way & 6th Ave,4.0,1.0
2025-10-02,510,North,25010,19815.0,16:50:00,16:52:04,16:52:37,6,430,Howell St & 9th Ave,5.0,0.0
2025-10-02,510,North,25010,19815.0,,16:55:29,16:55:48,7,431,Howell St & Yale Ave,1.0,4.0
2025-10-02,510,North,25010,19815.0,17:13:00,17:17:20,17:17:43,11,2766,Mountlake Terrace Fwy Station Bay 7,0.0,8.0
2025-10-02,510,North,25010,19815.0,17:36:00,17:30:32,17:32:08,12,2869,South Everett Fwy Station Bay 6,0.0,19.0
2025-10-02,510,North,25010,19815.0,,17:40:04,17:40:04,13,3219,Broadway & 33rd St,0.0,0.0
2025-10-02,510,North,25010,19815.0,17:59:00,17:41:09,17:41:09,14,2861,Everett Station,0.0,0.0
2025-10-02,510,North,25011,91706.0,16:55:00,16:55:29,16:55:29,0,640,4th Ave S & S Jackson St,5.0,0.0
2025-10-02,510,North,25011,91706.0,,16:56:06,16:56:20,1,635,4th Ave S & S Washington St,1.0,0.0
2025-10-02,510,North,25011,91706.0,,16:58:18,16:58:54,2,2638,4th Ave & Cherry St,7.0,0.0
2025-10-02,510,North,25011,91706.0,,17:00:16,17:01:13,3,641,4th Ave & Seneca St,5.0,0.0
2025-10-02,510,North,25011,91706.0,17:01:00,17:02:20,17:03:19,4,2976,4th Ave & Pine St,5.0,0.0
2025-10-02,510,North,25011,91706.0,,17:04:34,17:05:32,5,473,Olive Way & 6th Ave,5.0,0.0
2025-10-02,510,North,25011,91706.0,17:05:00,17:07:02,17:07:20,6,430,Howell St & 9th Ave,0.0,0.0
2025-10-02,510,North,25011,91706.0,,17:11:36,17:12:16,7,431,Howell St & Yale Ave,3.0,0.0
2025-10-02,510,North,25011,91706.0,17:27:00,17:32:18,17:33:05,11,2766,Mountlake Terrace Fwy Station Bay 7,2.0,3.0
2025-10-02,510,North,25011,91706.0,17:50:00,17:46:41,17:47:35,12,2869,South Everett Fwy Station Bay 6,0.0,23.0
2025-10-02,510,North,25011,91706.0,,17:55:23,17:55:51,13,3219,Broadway & 33rd St,0.0,0.0
2025-10-02,510,North,25011,91706.0,18:09:00,17:57:09,17:57:09,14,2861,Everett Station,0.0,7.0
2025-10-02,510,North,25012,91724.0,17:10:00,17:10:26,17:10:26,0,640,4th Ave S & S Jackson St,9.0,0.0
2025-10-02,510,North,25012,91724.0,,17:11:22,17:11:34,1,635,4th Ave S & S Washington St,1.0,0.0
2025-10-02,510,North,25012,91724.0,,17:13:05,17:13:40,2,2638,4th Ave & Cherry St,9.0,0.0
2025-10-02,510,North,25012,91724.0,,17:15:17,17:16:13,3,641,4th Ave & Seneca St,6.0,0.0
2025-10-02,510,North,25012,91724.0,17:16:00,17:17:25,17:18:23,4,2976,4th Ave & Pine St,4.0,0.0
2025-10-02,510,North,25012,91724.0,,17:20:49,17:22:02,5,473,Olive Way & 6th Ave,8.0,0.0
2025-10-02,510,North,25012,91724.0,17:20:00,17:23:45,17:24:20,6,430,Howell St & 9th Ave,6.0,0.0
2025-10-02,510,North,25012,91724.0,,17:28:17,17:28:41,7,431,Howell St & Yale Ave,1.0,0.0
2025-10-02,510,North,25012,91724.0,17:42:00,17:47:50,17:48:15,11,2766,Mountlake Terrace Fwy Station Bay 7,0.0,6.0
2025-10-02,510,North,25012,91724.0,18:05:00,18:01:17,18:02:08,12,2869,South Everett Fwy Station Bay 6,0.0,26.0
2025-10-02,510,North,25012,91724.0,,18:09:14,18:09:33,13,3219,Broadway & 33rd St,0.0,2.0
2025-10-02,510,North,25012,91724.0,18:21:00,18:11:16,18:11:16,14,2861,Everett Station,0.0,10.0
2025-10-02,510,North,25013,91907.0,17:25:00,17:25:14,17:25:14,0,640,4th Ave S & S Jackson St,1.0,0.0
2025-10-02,510,North,25013,91907.0,,17:26:13,17:26:22,1,635,4th Ave S & S Washington St,0.0,0.0
2025-10-02,510,North,25013,91907.0,,17:27:50,17:28:19,2,2638,4th Ave & Cherry St,3.0,0.0
2025-10-02,510,North,25013,91907.0,,17:31:40,17:32:46,3,641,4th Ave & Seneca St,5.0,0.0
2025-10-02,510,North,25013,91907.0,17:31:00,17:33:48,17:34:51,4,2976,4th Ave & Pine St,1.0,0.0
2025-10-02,510,North,25013,91907.0,,17:37:12,17:38:36,5,473,Olive Way & 6th Ave,8.0,0.0
2025-10-02,510,North,25013,91907.0,17:35:00,17:40:04,17:40:28,6,430,Howell St & 9th Ave,2.0,0.0
2025-10-02,510,North,25013,91907.0,,17:44:38,17:45:06,7,431,Howell St & Yale Ave,4.0,0.0
2025-10-02,510,North,25013,91907.0,17:56:00,18:02:44,18:03:04,11,2766,Mountlake Terrace Fwy Station Bay 7,0.0,6.0
2025-10-02,510,North,25013,91907.0,18:18:00,18:15:33,18:16:23,12,2869,South Everett Fwy Station Bay 6,0.0,18.0
2025-10-02,510,North,25013,91907.0,,18:24:03,18:24:03,13,3219,Broadway & 33rd St,0.0,0.0
2025-10-02,510,North,25013,91907.0,18:33:00,18:25:17,18:25:17,14,2861,Everett Station,0.0,0.0
2025-10-02,510,North,25014,19816.0,17:45:00,17:52:48,17:52:48,0,640,4th Ave S & S Jackson St,3.0,0.0
2025-10-02,510,North,25014,19816.0,,17:54:14,17:54:49,1,635,4th Ave S & S Washington St,2.0,0.0
2025-10-02,510,North,25014,19816.0,,17:56:18,17:56:47,2,2638,4th Ave & Cherry St,4.0,0.0
2025-10-02,510,North,25014,19816.0,,17:58:42,17:59:44,3,641,4th Ave & Seneca St,6.0,0.0
2025-10-02,510,North,25014,19816.0,17:51:00,18:02:02,18:03:19,4,2976,4th Ave & Pine St,7.0,0.0
2025-10-02,510,North,25014,19816.0,,18:04:32,18:05:32,5,473,Olive Way & 6th Ave,4.0,0.0
2025-10-02,510,North,25014,19816.0,17:55:00,18:06:14,18:06:42,6,430,Howell St & 9th Ave,3.0,0.0
2025-10-02,510,North,25014,19816.0,,18:08:52,18:09:34,7,431,Howell St & Yale Ave,7.0,1.0
2025-10-02,510,North,25014,19816.0,18:13:00,18:25:00,18:25:25,11,2766,Mountlake Terrace Fwy Station Bay 7,1.0,7.0
2025-10-02,510,North,25014,19816.0,18:32:00,18:37:46,18:38:25,12,2869,South Everett Fwy Station Bay 6,0.0,29.0
2025-10-02,510,North,25014,19816.0,,18:45:29,18:45:29,13,3219,Broadway & 33rd St,0.0,0.0
2025-10-02,510,North,25014,19816.0,18:43:00,18:46:36,18:46:36,14,2861,Everett Station,0.0,0.0
2025-10-02,510,North,25015,91903.0,18:05:00,18:07:30,18:07:30,0,640,4th Ave S & S Jackson St,0.0,0.0
2025-10-02,510,North,25015,91903.0,,18:08:25,18:08:49,1,635,4th Ave S & S Washington St,0.0,0.0
2025-10-02,510,North,25015,91903.0,,18:10:02,18:10:42,2,2638,4th Ave & Cherry St,4.0,0.0
2025-10-02,510,North,25015,91903.0,,18:13:04,18:13:29,3,641,4th Ave & Seneca St,3.0,0.0
2025-10-02,510,North,25015,91903.0,18:11:00,18:15:46,18:16:51,4,2976,4th Ave & Pine St,5.0,0.0
2025-10-02,510,North,25015,91903.0,,18:18:11,18:19:08,5,473,Olive Way & 6th Ave,9.0,0.0
2025-10-02,510,North,25015,91903.0,18:14:00,18:20:35,18:21:04,6,430,Howell St & 9th Ave,2.0,1.0
2025-10-02,510,North,25015,91903.0,,18:24:06,18:24:28,7,431,Howell St & Yale Ave,1.0,4.0
2025-10-02,510,North,25015,91903.0,18:32:00,18:38:09,18:38:31,11,2766,Mountlake Terrace Fwy Station Bay 7,1.0,1.0
2025-10-02,510,North,25015,91903.0,18:48:00,18:51:22,18:52:10,12,2869,South Everett Fwy Station Bay 6,0.0,12.0
2025-10-02,510,North,25015,91903.0,,19:00:08,19:00:08,13,3219,Broadway & 33rd St,0.0,0.0
2025-10-02,510,North,25015,91903.0,18:59:00,19:01:24,19:01:24,14,2861,Everett Station,0.0,7.0
2025-10-02,510,North,25016,19854.0,18:30:00,18:31:41,18:31:41,0,640,4th Ave S & S Jackson St,5.0,0.0
2025-10-02,510,North,25016,19854.0,,18:33:04,18:33:04,1,635,4th Ave S & S Washington St,0.0,0.0
2025-10-02,510,North,25016,19854.0,,18:34:23,18:34:50,2,2638,4th Ave & Cherry St,2.0,0.0
2025-10-02,510,North,25016,19854.0,,18:36:03,18:37:15,3,641,4th Ave & Seneca St,2.0,0.0
2025-10-02,510,North,25016,19854.0,18:36:00,18:38:58,18:39:52,4,2976,4th Ave & Pine St,9.0,0.0
2025-10-02,510,North,25016,19854.0,,18:41:40,18:42:32,5,473,Olive Way & 6th Ave,11.0,0.0
2025-10-02,510,North,25016,19854.0,18:39:00,18:43:35,18:44:03,6,430,Howell St & 9th Ave,3.0,0.0
2025-10-02,510,North,25016,19854.0,,18:46:19,18:46:57,7,431,Howell St & Yale Ave,5.0,1.0
2025-10-02,510,North,25016,19854.0,18:57:00,19:00:42,19:01:16,11,2766,Mountlake Terrace Fwy Station Bay 7,0.0,10.0
2025-10-02,510,North,25016,19854.0,19:12:00,19:12:21,19:13:12,12,2869,South Everett Fwy Station Bay 6,0.0,16.0
2025-10-02,510,North,25016,19854.0,,19:20:26,19:20:26,13,3219,Broadway & 33rd St,0.0,0.0
2025-10-02,510,North,25016,19854.0,19:22:00,19:21:27,19:21:27,14,2861,Everett Station,0.0,10.0
2025-10-02,510,South,25017,91731.0,04:05:00,04:05:09,04:05:09,0,2986,Hewitt Ave & Fulton St,5.0,0.0
2025-10-02,510,South,25017,91731.0,,04:06:03,04:06:03,1,2440,Hewitt Ave & Lombard Ave,0.0,0.0
2025-10-02,510,South,25017,91731.0,,04:07:47,04:08:01,2,2355,Wetmore Ave & Wall St,1.0,0.0
2025-10-02,510,South,25017,91731.0,,04:08:44,04:08:44,3,2359,Pacific Ave & Rockefeller Ave,0.0,0.0
2025-10-02,510,South,25017,91731.0,04:11:00,04:10:48,04:11:36,4,2345,Everett Station Bay C1,9.0,0.0
2025-10-02,510,South,25017,91731.0,,04:13:07,04:13:07,5,2367,Broadway & 34th St,0.0,0.0
2025-10-02,510,South,25017,91731.0,04:20:00,04:19:52,04:20:19,6,2868,South Everett Fwy Station Bay 3,4.0,0.0
2025-10-02,510,South,25017,91731.0,04:31:00,04:30:35,04:31:02,7,2765,Mountlake Terrace Fwy Station Bay 6,2.0,0.0
2025-10-02,510,South,25017,91731.0,04:48:00,04:44:20,04:45:04,11,1909,Stewart St & 9th Ave,0.0,5.0
2025-10-02,510,South,25017,91731.0,,04:46:07,04:46:28,12,1908,Stewart St & 7th Ave,0.0,1.0
2025-10-02,510,South,25017,91731.0,04:52:00,04:47:33,04:48:20,13,2698,5th Ave & Pine St,0.0,4.0
2025-10-02,510,South,25017,91731.0,,04:49:24,04:49:51,14,2700,5th Ave & Seneca St,0.0,5.0
2025-10-02,510,South,25017,91731.0,,04:50:44,04:51:08,15,2702,5th Ave & Marion St,0.0,3.0
2025-10-02,510,South,25017,91731.0,,04:52:15,04:52:26,16,2290,5th Ave & Jefferson St,0.0,1.0
2025-10-02,510,South,25017,91731.0,05:00:00,04:54:21,04:54:21,17,2706,5th Ave S & S Jackson St,0.0,2.0
2025-10-02,510,South,25018,91712.0,04:40:00,04:40:05,04:40:05,0,2986,Hewitt Ave & Fulton St,2.0,0.0
2025-10-02,510,South,25018,91712.0,,04:41:10,04:41:10,1,2440,Hewitt Ave & Lombard Ave,0.0,0.0
2025-10-02,510,South,25018,91712.0,,04:42:39,04:43:11,2,2355,Wetmore Ave & Wall St,2.0,0.0
2025-10-02,510,South,25018,91712.0,,04:43:53,04:43:53,3,2359,Pacific Ave & Rockefeller Ave,0.0,0.0
2025-10-02,510,South,25018,91712.0,04:46:00,04:45:51,04:46:46,4,2345,Everett Station Bay C1,11.0,0.0
2025-10-02,510,South,25018,91712.0,,04:48:31,04:48:31,5,2367,Broadway & 34th St,0.0,0.0
2025-10-02,510,South,25018,91712.0,04:57:00,04:55:03,04:57:37,6,2868,South Everett Fwy Station Bay 3,17.0,0.0
2025-10-02,510,South,25018,91712.0,05:08:00,05:08:04,05:08:23,7,2765,Mountlake Terrace Fwy Station Bay 6,3.0,1.0
2025-10-02,510,South,25018,91712.0,05:26:00,05:21:41,05:22:14,11,1909,Stewart St & 9th Ave,0.0,7.0
2025-10-02,510,South,25018,91712.0,,05:23:03,05:23:21,12,1908,Stewart St & 7th Ave,0.0,5.0
2025-10-02,510,South,25018,91712.0,05:30:00,05:24:27,05:25:21,13,2698,5th Ave & Pine St,0.0,3.0
2025-10-02,510,South,25018,91712.0,,05:26:16,05:26:50,14,2700,5th Ave & Seneca St,1.0,8.0
2025-10-02,510,South,25018,91712.0,,05:28:23,05:28:51,15,2702,5th Ave & Marion St,0.0,8.0
2025-10-02,510,South,25018,91712.0,,05:29:44,05:30:02,16,2290,5th Ave & Jefferson St,0.0,4.0
2025-10-02,510,South,25018,91712.0,05:38:00,05:31:49,05:31:49,17,2706,5th Ave S & S Jackson St,0.0,0.0
2025-10-02,510,South,25019,91504.0,05:10:00,05:10:22,05:10:22,0,2345,Everett Station Bay C1,21.0,0.0
2025-10-02,510,South,25019,91504.0,,05:12:26,05:12:49,1,2367,Broadway & 34th St,2.0,0.0
2025-10-02,510,South,25019,91504.0,05:20:00,05:20:54,05:21:56,2,2868,South Everett Fwy Station Bay 3,17.0,2.0
2025-10-02,510,South,25019,91504.0,05:31:00,05:33:16,05:33:46,3,2765,Mountlake Terrace Fwy Station Bay 6,6.0,0.0
2025-10-02,510,South,25019,91504.0,05:49:00,05:48:27,05:48:52,7,1909,Stewart St & 9th Ave,0.0,9.0
2025-10-02,510,South,25019,91504.0,,05:50:04,05:50:23,8,1908,Stewart St & 7th Ave,0.0,4.0
2025-10-02,510,South,25019,91504.0,05:54:00,05:51:25,05:52:20,9,2698,5th Ave & Pine St,0.0,6.0
2025-10-02,510,South,25019,91504.0,,05:53:17,05:53:48,10,2700,5th Ave & Seneca St,0.0,8.0
2025-10-02,510,South,25019,91504.0,,05:54:37,05:55:11,11,2702,5th Ave & Marion St,0.0,8.0
2025-10-02,510,South,25019,91504.0,,05:57:01,05:57:37,12,2290,5th Ave & Jefferson St,0.0,9.0
2025-10-02,510,South,25019,91504.0,06:03:00,05:59:42,05:59:42,13,2706,5th Ave S & S Jackson St,0.0,0.0
2025-10-02,510,South,25020,91902.0,05:40:00,05:40:16,05:40:16,0,2345,Everett Station Bay C1,30.0,0.0
2025-10-02,510,South,25020,91902.0,,05:42:16,05:42:47,1,2367,Broadway & 34th St,1.0,0.0
2025-10-02,510,South,25020,91902.0,05:50:00,05:50:04,05:51:00,2,2868,South Everett Fwy Station Bay 3,18.0,0.0
2025-10-02,510,South,25020,91902.0,06:01:00,06:01:09,06:01:38,3,2765,Mountlake Terrace Fwy Station Bay 6,0.0,3.0
2025-10-02,510,South,25020,91902.0,06:22:00,06:15:02,06:15:40,7,1909,Stewart St & 9th Ave,0.0,7.0
2025-10-02,510,South,25020,91902.0,,06:16:38,06:17:03,8,1908,Stewart St & 7th Ave,0.0,4.0
2025-10-02,510,South,25020,91902.0,06:28:00,06:18:14,06:18:33,9,2698,5th Ave & Pine St,0.0,3.0
2025-10-02,510,South,25020,91902.0,,06:20:06,06:20:33,10,2700,5th Ave & Seneca St,0.0,9.0
2025-10-02,510,South,25020,91902.0,,06:21:53,06:22:42,11,2702,5th Ave & Marion St,0.0,15.0
2025-10-02,510,South,25020,91902.0,,06:23:52,06:24:15,12,2290,5th Ave & Jefferson St,0.0,8.0
2025-10-02,510,South,25020,91902.0,06:38:00,06:25:59,06:25:59,13,2706,5th Ave S & S Jackson St,0.0,0.0
2025-10-02,510,South,25021,91731.0,05:52:00,05:52:08,05:52:08,0,2345,Everett Station Bay C1,9.0,0.0
2025-10-02,510,South,25021,91731.0,,05:54:12,05:54:12,1,2367,Broadway & 34th St,0.0,0.0
2025-10-02,510,South,25021,91731.0,06:02:00,06:03:08,06:04:16,2,2868,South Everett Fwy Station Bay 3,15.0,0.0
2025-10-02,510,South,25021,91731.0,06:14:00,06:14:42,06:15:06,3,2765,Mountlake Terrace Fwy Station Bay 6,0.0,1.0
2025-10-02,510,South,25021,91731.0,06:35:00,06:29:48,06:30:09,7,1909,Stewart St & 9th Ave,0.0,5.0
2025-10-02,510,South,25021,91731.0,,06:30:40,06:30:40,8,1908,Stewart St & 7th Ave,0.0,0.0
2025-10-02,510,South,25021,91731.0,06:41:00,06:31:48,06:32:11,9,2698,5th Ave & Pine St,0.0,6.0
2025-10-02,510,South,25021,91731.0,,06:34:02,06:34:53,10,2700,5th Ave & Seneca St,0.0,4.0
2025-10-02,510,South,25021,91731.0,,06:35:37,06:36:15,11,2702,5th Ave & Marion St,0.0,2.0
2025-10-02,510,South,25021,91731.0,,06:38:08,06:38:08,12,2290,5th Ave & Jefferson St,0.0,6.0
2025-10-02,510,South,25021,91731.0,06:51:00,06:40:50,06:40:50,13,2706,5th Ave S & S Jackson St,0.0,0.0
2025-10-02,510,South,25022,91706.0,06:04:00,06:04:09,06:04:09,0,2345,Everett Station Bay C1,16.0,0.0
2025-10-02,510,South,25022,91706.0,,06:05:44,06:06:05,1,2367,Broadway & 34th St,1.0,0.0
2025-10-02,510,South,25022,91706.0,06:14:00,06:17:33,06:18:44,2,2868,South Everett Fwy Station Bay 3,15.0,0.0
2025-10-02,510,South,25022,91706.0,06:26:00,06:28:45,06:29:05,3,2765,Mountlake Terrace Fwy Station Bay 6,2.0,1.0
2025-10-02,510,South,25022,91706.0,06:48:00,06:42:55,06:43:18,7,1909,Stewart St & 9th Ave,0.0,6.0
2025-10-02,510,South,25022,91706.0,,06:43:47,06:44:25,8,1908,Stewart St & 7th Ave,0.0,4.0
2025-10-02,510,South,25022,91706.0,06:54:00,06:45:12,06:45:40,9,2698,5th Ave & Pine St,1.0,3.0
2025-10-02,510,South,25022,91706.0,,06:47:28,06:48:12,10,2700,5th Ave & Seneca St,0.0,7.0
2025-10-02,510,South,25022,91706.0,,06:49:10,06:49:44,11,2702,5th Ave & Marion St,0.0,7.0
2025-10-02,510,South,25022,91706.0,,06:51:40,06:51:40,12,2290,5th Ave & Jefferson St,0.0,6.0
2025-10-02,510,South,25022,91706.0,07:04:00,06:53:56,06:53:56,13,2706,5th Ave S & S Jackson St,0.0,1.0
2025-10-02,510,South,25023,91705.0,06:16:00,06:17:45,06:17:45,0,2345,Everett Station Bay C1,11.0,0.0
2025-10-02,510,South,25023,91705.0,,06:19:26,06:19:26,1,2367,Broadway & 34th St,0.0,0.0
2025-10-02,510,South,25023,91705.0,06:26:00,06:29:43,06:30:40,2,2868,South Everett Fwy Station Bay 3,18.0,0.0
2025-10-02,510,South,25023,91705.0,06:38:00,06:41:55,06:42:19,3,2765,Mountlake Terrace Fwy Station Bay 6,2.0,0.0
2025-10-02,510,South,25023,91705.0,07:00:00,06:57:14,06:57:45,7,1909,Stewart St & 9th Ave,0.0,6.0
2025-10-02,510,South,25023,91705.0,,06:58:45,06:59:20,8,1908,Stewart St & 7th Ave,0.0,13.0
2025-10-02,510,South,25023,91705.0,07:06:00,07:01:53,07:02:17,9,2698,5th Ave & Pine St,0.0,5.0
2025-10-02,510,South,25023,91705.0,,07:04:00,07:04:43,10,2700,5th Ave & Seneca St,0.0,1.0
2025-10-02,510,South,25023,91705.0,,07:06:35,07:06:35,11,2702,5th Ave & Marion St,0.0,6.0
2025-10-02,510,South,25023,91705.0,,,,12,2290,5th Ave & Jefferson St,,
2025-10-02,510,South,25023,91705.0,07:17:00,07:12:51,07:12:51,13,2706,5th Ave S & S Jackson St,0.0,0.0
2025-10-02,510,South,25024,91505.0,06:28:00,06:29:02,06:29:02,0,2345,Everett Station Bay C1,21.0,0.0
2025-10-02,510,South,25024,91505.0,,06:31:20,06:31:42,1,2367,Broadway & 34th St,2.0,0.0
2025-10-02,510,South,25024,91505.0,06:38:00,06:40:20,06:41:47,2,2868,South Everett Fwy Station Bay 3,26.0,0.0
2025-10-02,510,South,25024,91505.0,06:50:00,06:54:25,06:55:14,3,2765,Mountlake Terrace Fwy Station Bay 6,6.0,1.0
2025-10-02,510,South,25024,91505.0,07:13:00,07:10:11,07:11:10,7,1909,Stewart St & 9th Ave,0.0,11.0
2025-10-02,510,South,25024,91505.0,,07:12:07,07:12:33,8,1908,Stewart St & 7th Ave,0.0,9.0
2025-10-02,510,South,25024,91505.0,07:19:00,07:13:45,07:14:11,9,2698,5th Ave & Pine St,0.0,7.0
2025-10-02,510,South,25024,91505.0,,07:15:55,07:16:29,10,2700,5th Ave & Seneca St,0.0,7.0
2025-10-02,510,South,25024,91505.0,,07:17:31,07:18:14,11,2702,5th Ave & Marion St,0.0,9.0
2025-10-02,510,South,25024,91505.0,,07:19:27,07:20:02,12,2290,5th Ave & Jefferson St,0.0,8.0
2025-10-02,510,South,25024,91505.0,07:30:00,07:22:17,07:22:17,13,2706,5th Ave S & S Jackson St,0.0,3.0
2025-10-02,510,South,25025,19813.0,06:40:00,06:44:37,06:44:37,0,2345,Everett Station Bay C1,10.0,0.0
2025-10-02,510,South,25025,19813.0,,,,1,2367,Broadway & 34th St,,
2025-10-02,510,South,25025,19813.0,06:50:00,06:53:33,06:54:44,2,2868,South Everett Fwy Station Bay 3,20.0,0.0
2025-10-02,510,South,25025,19813.0,07:03:00,07:08:33,07:09:14,3,2765,Mountlake Terrace Fwy Station Bay 6,10.0,0.0
2025-10-02,510,South,25025,19813.0,07:28:00,07:26:32,07:26:59,7,1909,Stewart St & 9th Ave,1.0,9.0
2025-10-02,510,South,25025,19813.0,,07:27:29,07:27:44,8,1908,Stewart St & 7th Ave,0.0,4.0
2025-10-02,510,South,25025,19813.0,07:34:00,07:28:53,07:29:12,9,2698,5th Ave & Pine St,0.0,3.0
2025-10-02,510,South,25025,19813.0,,07:32:00,07:32:20,10,2700,5th Ave & Seneca St,0.0,12.0
2025-10-02,510,South,25025,19813.0,,07:33:58,07:34:47,11,2702,5th Ave & Marion St,0.0,8.0
2025-10-02,510,South,25025,19813.0,,07:35:57,07:36:32,12,2290,5th Ave & Jefferson St,0.0,3.0
2025-10-02,510,South,25025,19813.0,07:47:00,07:39:15,07:39:15,13,2706,5th Ave S & S Jackson St,0.0,2.0
2025-10-02,510,South,25026,91909.0,06:52:00,06:52:13,06:52:13,0,2345,Everett Station Bay C1,16.0,0.0
2025-10-02,510,South,25026,91909.0,,06:54:43,06:55:27,1,2367,Broadway & 34th St,3.0,0.0
2025-10-02,510,South,25026,91909.0,07:02:00,07:04:14,07:05:13,2,2868,South Everett Fwy Station Bay 3,16.0,0.0
2025-10-02,510,South,25026,91909.0,07:15:00,07:19:30,07:20:18,3,2765,Mountlake Terrace Fwy Station Bay 6,10.0,1.0
2025-10-02,510,South,25026,91909.0,07:40:00,07:40:00,07:40:41,7,1909,Stewart St & 9th Ave,2.0,16.0
2025-10-02,510,South,25026,91909.0,,07:42:11,07:42:36,8,1908,Stewart St & 7th Ave,1.0,7.0
2025-10-02,510,South,25026,91909.0,07:46:00,07:43:55,07:45:05,9,2698,5th Ave & Pine St,1.0,6.0
2025-10-02,510,South,25026,91909.0,,07:47:00,07:47:23,10,2700,5th Ave & Seneca St,0.0,5.0
2025-10-02,510,South,25026,91909.0,,07:48:57,07:49:44,11,2702,5th Ave & Marion St,0.0,10.0
2025-10-02,510,South,25026,91909.0,,07:51:00,07:51:20,12,2290,5th Ave & Jefferson St,0.0,3.0
2025-10-02,510,South,25026,91909.0,07:59:00,07:54:13,07:54:13,13,2706,5th Ave S & S Jackson St,0.0,1.0
2025-10-02,510,South,25027,,07:04:00,,,0,2345,Everett Station Bay C1,,
2025-10-02,510,South,25027,,,,,1,2367,Broadway & 34th St,,
2025-10-02,510,South,25027,,07:14:00,,,2,2868,South Everett Fwy Station Bay 3,,
2025-10-02,510,South,25027,,07:28:00,,,3,2765,Mountlake Terrace Fwy Station Bay 6,,
2025-10-02,510,South,25027,,07:59:00,,,7,1909,Stewart St & 9th Ave,,
2025-10-02,510,South,25027,,,,,8,1908,Stewart St & 7th Ave,,
2025-10-02,510,South,25027,,08:05:00,,,9,2698,5th Ave & Pine St,,
2025-10-02,510,South,25027,,,,,10,2700,5th Ave & Seneca St,,
2025-10-02,510,South,25027,,,,,11,2702,5th Ave & Marion St,,
2025-10-02,510,South,25027,,,,,12,2290,5th Ave & Jefferson St,,
2025-10-02,510,South,25027,,08:20:00,,,13,2706,5th Ave S & S Jackson St,,
2025-10-02,510,South,25028,19815.0,07:16:00,07:17:43,07:17:43,0,2345,Everett Station Bay C1,20.0,0.0
2025-10-02,510,South,25028,19815.0,,07:19:49,07:19:49,1,2367,Broadway & 34th St,0.0,0.0
2025-10-02,510,South,25028,19815.0,07:26:00,07:29:07,07:30:43,2,2868,South Everett Fwy Station Bay 3,30.0,0.0
2025-10-02,510,South,25028,19815.0,07:40:00,07:49:57,07:50:59,3,2765,Mountlake Terrace Fwy Station Bay 6,7.0,2.0
2025-10-02,510,South,25028,19815.0,08:11:00,08:16:10,08:16:34,7,1909,Stewart St & 9th Ave,1.0,15.0
2025-10-02,510,South,25028,19815.0,,08:17:04,08:17:28,8,1908,Stewart St & 7th Ave,2.0,7.0
2025-10-02,510,South,25028,19815.0,08:17:00,08:18:18,08:18:43,9,2698,5th Ave & Pine St,1.0,8.0
2025-10-02,510,South,25028,19815.0,,08:20:32,08:20:57,10,2700,5th Ave & Seneca St,0.0,12.0
2025-10-02,510,South,25028,19815.0,,08:22:08,08:22:49,11,2702,5th Ave & Marion St,0.0,14.0
2025-10-02,510,South,25028,19815.0,,08:24:02,08:24:23,12,2290,5th Ave & Jefferson St,0.0,2.0
2025-10-02,510,South,25028,19815.0,08:34:00,08:27:24,08:27:24,13,2706,5th Ave S & S Jackson St,0.0,1.0
2025-10-02,510,South,25029,91716.0,07:28:00,07:27:57,07:27:57,0,2345,Everett Station Bay C1,8.0,0.0
2025-10-02,510,South,25029,91716.0,,07:29:32,07:29:32,1,2367,Broadway & 34th St,0.0,0.0
2025-10-02,510,South,25029,91716.0,07:38:00,07:37:00,07:38:24,2,2868,South Everett Fwy Station Bay 3,18.0,0.0
2025-10-02,510,South,25029,91716.0,07:52:00,07:57:18,07:57:53,3,2765,Mountlake Terrace Fwy Station Bay 6,5.0,0.0
2025-10-02,510,South,25029,91716.0,08:23:00,08:18:10,08:18:38,7,1909,Stewart St & 9th Ave,0.0,12.0
2025-10-02,510,South,25029,91716.0,,08:19:33,08:20:00,8,1908,Stewart St & 7th Ave,0.0,4.0
2025-10-02,510,South,25029,91716.0,08:29:00,08:21:15,08:21:41,9,2698,5th Ave & Pine St,0.0,3.0
2025-10-02,510,South,25029,91716.0,,08:24:29,08:24:49,10,2700,5th Ave & Seneca St,0.0,4.0
2025-10-02,510,South,25029,91716.0,,08:26:21,08:27:13,11,2702,5th Ave & Marion St,0.0,4.0
2025-10-02,510,South,25029,91716.0,,08:28:29,08:28:51,12,2290,5th Ave & Jefferson St,0.0,2.0
2025-10-02,510,South,25029,91716.0,08:47:00,08:30:44,08:30:44,13,2706,5th Ave S & S Jackson St,0.0,2.0
2025-10-02,510,South,25030,91726.0,07:43:00,07:43:06,07:43:06,0,2345,Everett Station Bay C1,16.0,0.0
2025-10-02,510,South,25030,91726.0,,07:44:35,07:44:35,1,2367,Broadway & 34th St,0.0,0.0
2025-10-02,510,South,25030,91726.0,07:53:00,07:52:44,07:53:38,2,2868,South Everett Fwy Station Bay 3,16.0,0.0
2025-10-02,510,South,25030,91726.0,08:07:00,08:14:54,08:15:44,3,2765,Mountlake Terrace Fwy Station Bay 6,13.0,3.0
2025-10-02,510,South,25030,91726.0,08:38:00,08:41:45,08:42:42,7,1909,Stewart St & 9th Ave,0.0,20.0
2025-10-02,510,South,25030,91726.0,,08:43:41,08:44:19,8,1908,Stewart St & 7th Ave,0.0,11.0
2025-10-02,510,South,25030,91726.0,08:44:00,08:45:14,08:45:38,9,2698,5th Ave & Pine St,1.0,2.0
2025-10-02,510,South,25030,91726.0,,08:48:49,08:49:19,10,2700,5th Ave & Seneca St,0.0,5.0
2025-10-02,510,South,25030,91726.0,,08:50:53,08:51:20,11,2702,5th Ave & Marion St,0.0,3.0
2025-10-02,510,South,25030,91726.0,,08:53:30,08:53:42,12,2290,5th Ave & Jefferson St,0.0,0.0
2025-10-02,510,South,25030,91726.0,09:02:00,08:55:43,08:55:43,13,2706,5th Ave S & S Jackson St,0.0,2.0
2025-10-02,510,South,25031,91907.0,07:58:00,07:58:42,07:58:42,0,2345,Everett Station Bay C1,12.0,0.0
2025-10-02,510,South,25031,91907.0,,08:01:18,08:01:42,1,2367,Broadway & 34th St,2.0,0.0
2025-10-02,510,South,25031,91907.0,08:08:00,08:10:03,08:11:43,2,2868,South Everett Fwy Station Bay 3,25.0,0.0
2025-10-02,510,South,25031,91907.0,08:22:00,08:28:42,08:29:17,3,2765,Mountlake Terrace Fwy Station Bay 6,4.0,0.0
2025-10-02,510,South,25031,91907.0,08:53:00,09:00:13,09:00:54,7,1909,Stewart St & 9th Ave,0.0,17.0
2025-10-02,510,South,25031,91907.0,,09:01:49,09:02:25,8,1908,Stewart St & 7th Ave,1.0,11.0
2025-10-02,510,South,25031,91907.0,08:59:00,09:04:54,09:06:08,9,2698,5th Ave & Pine St,0.0,5.0
2025-10-02,510,South,25031,91907.0,,09:08:09,09:08:42,10,2700,5th Ave & Seneca St,0.0,3.0
2025-10-02,510,South,25031,91907.0,,09:10:20,09:11:00,11,2702,5th Ave & Marion St,0.0,6.0
2025-10-02,510,South,25031,91907.0,,09:12:06,09:12:26,12,2290,5th Ave & Jefferson St,0.0,2.0
2025-10-02,510,South,25031,91907.0,09:17:00,09:14:11,09:14:11,13,2706,5th Ave S & S Jackson St,0.0,0.0
2025-10-02,510,South,25032,19811.0,08:18:00,08:18:17,08:18:17,0,2345,Everett Station Bay C1,7.0,0.0
2025-10-02,510,South,25032,19811.0,,08:21:19,08:21:55,1,2367,Broadway & 34th St,2.0,0.0
2025-10-02,510,South,25032,19811.0,08:29:00,08:28:59,08:30:34,2,2868,South Everett Fwy Station Bay 3,24.0,0.0
2025-10-02,510,South,25032,19811.0,08:42:00,08:43:57,08:44:09,3,2765,Mountlake Terrace Fwy Station Bay 6,0.0,1.0
2025-10-02,510,South,25032,19811.0,09:13:00,09:13:24,09:14:14,7,1909,Stewart St & 9th Ave,0.0,9.0
2025-10-02,510,South,25032,19811.0,,09:15:10,09:15:36,8,1908,Stewart St & 7th Ave,0.0,12.0
2025-10-02,510,South,25032,19811.0,09:19:00,09:16:48,09:17:05,9,2698,5th Ave & Pine St,1.0,3.0
2025-10-02,510,South,25032,19811.0,,09:18:55,09:19:55,10,2700,5th Ave & Seneca St,0.0,4.0
2025-10-02,510,South,25032,19811.0,,09:20:51,09:21:23,11,2702,5th Ave & Marion St,0.0,3.0
2025-10-02,510,South,25032,19811.0,,09:23:40,09:23:49,12,2290,5th Ave & Jefferson St,0.0,1.0
2025-10-02,510,South,25032,19811.0,09:37:00,09:27:38,09:27:38,13,2706,5th Ave S & S Jackson St,0.0,1.0
2025-10-02,510,South,25033,91719.0,08:38:00,08:38:21,08:38:21,0,2345,Everett Station Bay C1,10.0,0.0
2025-10-02,510,South,25033,91719.0,,08:41:08,08:41:08,1,2367,Broadway & 34th St,0.0,0.0
2025-10-02,510,South,25033,91719.0,08:49:00,08:48:10,08:49:11,2,2868,South Everett Fwy Station Bay 3,18.0,0.0
2025-10-02,510,South,25033,91719.0,09:02:00,09:00:24,09:00:57,3,2765,Mountlake Terrace Fwy Station Bay 6,3.0,0.0
2025-10-02,510,South,25033,91719.0,09:33:00,09:22:35,09:23:14,7,1909,Stewart St & 9th Ave,2.0,14.0
2025-10-02,510,South,25033,91719.0,,09:24:06,09:24:38,8,1908,Stewart St & 7th Ave,0.0,7.0
2025-10-02,510,South,25033,91719.0,09:39:00,09:25:46,09:27:02,9,2698,5th Ave & Pine St,0.0,2.0
2025-10-02,510,South,25033,91719.0,,09:28:00,09:28:35,10,2700,5th Ave & Seneca St,1.0,5.0
2025-10-02,510,South,25033,91719.0,,09:29:36,09:30:16,11,2702,5th Ave & Marion St,0.0,3.0
2025-10-02,510,South,25033,91719.0,,09:31:22,09:31:38,12,2290,5th Ave & Jefferson St,0.0,0.0
2025-10-02,510,South,25033,91719.0,09:57:00,09:34:00,09:34:00,13,2706,5th Ave S & S Jackson St,0.0,3.0
2025-10-03,510,North,25001,91731.0,14:00:00,14:00:13,14:00:13,0,640,4th Ave S & S Jackson St,4.0,0.0
2025-10-03,510,North,25001,91731.0,,14:00:42,14:00:42,1,635,4th Ave S & S Washington St,0.0,0.0
2025-10-03,510,North,25001,91731.0,,14:02:11,14:02:43,2,2638,4th Ave & Cherry St,3.0,0.0
2025-10-03,510,North,25001,91731.0,,14:04:13,14:05:09,3,641,4th Ave & Seneca St,6.0,0.0
2025-10-03,510,North,25001,91731.0,14:06:00,14:06:17,14:07:17,4,2976,4th Ave & Pine St,3.0,0.0
2025-10-03,510,North,25001,91731.0,,14:08:39,14:09:23,5,473,Olive Way & 6th Ave,5.0,0.0
2025-10-03,510,North,25001,91731.0,14:10:00,14:11:01,14:11:30,6,430,Howell St & 9th Ave,5.0,1.0
2025-10-03,510,North,25001,91731.0,,14:14:39,14:15:07,7,431,Howell St & Yale Ave,3.0,2.0
2025-10-03,510,North,25001,91731.0,14:30:00,14:28:38,14:29:04,11,2766,Mountlake Terrace Fwy Station Bay 7,0.0,8.0
2025-10-03,510,North,25001,91731.0,14:47:00,14:41:02,14:41:38,12,2869,South Everett Fwy Station Bay 6,0.0,17.0
2025-10-03,510,North,25001,91731.0,,14:52:21,14:52:35,13,3219,Broadway & 33rd St,0.0,1.0
2025-10-03,510,North,25001,91731.0,15:04:00,14:53:56,14:53:56,14,2861,Everett Station,0.0,0.0
2025-10-03,510,North,25002,91719.0,14:20:00,14:20:14,14:20:14,0,640,4th Ave S & S Jackson St,1.0,0.0
2025-10-03,510,North,25002,91719.0,,14:20:52,14:21:10,1,635,4th Ave S & S Washington St,1.0,0.0
2025-10-03,510,North,25002,91719.0,,14:22:20,14:22:53,2,2638,4th Ave & Cherry St,1.0,0.0
2025-10-03,510,North,25002,91719.0,,14:24:15,14:25:12,3,641,4th Ave & Seneca St,2.0,0.0
2025-10-03,510,North,25002,91719.0,14:26:00,14:26:44,14:27:23,4,2976,4th Ave & Pine St,6.0,0.0
2025-10-03,510,North,25002,91719.0,,14:28:36,14:29:24,5,473,Olive Way & 6th Ave,3.0,0.0
2025-10-03,510,North,25002,91719.0,14:30:00,14:31:04,14:31:28,6,430,Howell St & 9th Ave,2.0,0.0
2025-10-03,510,North,25002,91719.0,,14:32:56,14:33:34,7,431,Howell St & Yale Ave,5.0,0.0
2025-10-03,510,North,25002,91719.0,14:50:00,14:47:34,14:47:57,11,2766,Mountlake Terrace Fwy Station Bay 7,1.0,5.0
2025-10-03,510,North,25002,91719.0,15:07:00,15:00:35,15:01:18,12,2869,South Everett Fwy Station Bay 6,0.0,17.0
2025-10-03,510,North,25002,91719.0,,15:12:50,15:12:50,13,3219,Broadway & 33rd St,0.0,0.0
2025-10-03,510,North,25002,91719.0,15:24:00,15:14:04,15:14:04,14,2861,Everett Station,0.0,0.0
2025-10-03,510,North,25003,91902.0,14:50:00,14:50:37,14:50:37,0,640,4th Ave S & S Jackson St,3.0,0.0
2025-10-03,510,North,25003,91902.0,,14:51:30,14:51:42,1,635,4th Ave S & S Washington St,1.0,0.0
2025-10-03,510,North,25003,91902.0,,14:52:30,14:53:14,2,2638,4th Ave & Cherry St,6.0,0.0
2025-10-03,510,North,25003,91902.0,,14:55:00,14:55:30,3,641,4th Ave & Seneca St,2.0,0.0
2025-10-03,510,North,25003,91902.0,14:56:00,14:56:47,14:57:22,4,2976,4th Ave & Pine St,3.0,0.0
2025-10-03,510,North,25003,91902.0,,14:58:31,14:59:32,5,473,Olive Way & 6th Ave,5.0,0.0
2025-10-03,510,North,25003,91902.0,15:00:00,15:01:03,15:02:39,6,430,Howell St & 9th Ave,13.0,0.0
2025-10-03,510,North,25003,91902.0,,15:04:31,15:05:06,7,431,Howell St & Yale Ave,2.0,0.0
2025-10-03,510,North,25003,91902.0,15:20:00,15:21:29,15:21:57,11,2766,Mountlake Terrace Fwy Station Bay 7,0.0,6.0
2025-10-03,510,North,25003,91902.0,15:38:00,15:34:49,15:35:38,12,2869,South Everett Fwy Station Bay 6,0.0,25.0
2025-10-03,510,North,25003,91902.0,,15:45:09,15:45:38,13,3219,Broadway & 33rd St,0.0,4.0
2025-10-03,510,North,25003,91902.0,15:57:00,15:47:06,15:47:06,14,2861,Everett Station,0.0,0.0
2025-10-03,510,North,25004,91722.0,15:10:00,15:12:26,15:12:26,0,640,4th Ave S & S Jackson St,5.0,0.0
2025-10-03,510,North,25004,91722.0,,,,1,635,4th Ave S & S Washington St,,
2025-10-03,510,North,25004,91722.0,,15:13:11,15:13:37,2,2638,4th Ave & Cherry St,1.0,0.0
2025-10-03,510,North,25004,91722.0,,15:16:00,15:16:40,3,641,4th Ave & Seneca St,2.0,0.0
2025-10-03,510,North,25004,91722.0,15:16:00,15:17:49,15:18:28,4,2976,4th Ave & Pine St,2.0,0.0
2025-10-03,510,North,25004,91722.0,,15:21:04,15:22:06,5,473,Olive Way & 6th Ave,5.0,0.0
2025-10-03,510,North,25004,91722.0,15:20:00,15:23:46,15:24:19,6,430,Howell St & 9th Ave,6.0,0.0
2025-10-03,510,North,25004,91722.0,,15:28:14,15:28:39,7,431,Howell St & Yale Ave,1.0,0.0
2025-10-03,510,North,25004,91722.0,15:40:00,15:48:12,15:48:31,11,2766,Mountlake Terrace Fwy Station Bay 7,1.0,3.0
2025-10-03,510,North,25004,91722.0,16:00:00,16:03:45,16:04:31,12,2869,South Everett Fwy Station Bay 6,1.0,21.0
2025-10-03,510,North,25004,91722.0,,16:14:48,16:14:48,13,3219,Broadway & 33rd St,0.0,0.0
2025-10-03,510,North,25004,91722.0,16:21:00,16:16:14,16:16:14,14,2861,Everett Station,0.0,0.0
2025-10-03,510,North,25005,91713.0,15:25:00,15:30:51,15:30:51,0,640,4th Ave S & S Jackson St,0.0,0.0
2025-10-03,510,North,25005,91713.0,,15:32:02,15:32:19,1,635,4th Ave S & S Washington St,0.0,0.0
2025-10-03,510,North,25005,91713.0,,15:33:48,15:34:17,2,2638,4th Ave & Cherry St,0.0,0.0
2025-10-03,510,North,25005,91713.0,,15:35:55,15:36:28,3,641,4th Ave & Seneca St,0.0,0.0
2025-10-03,510,North,25005,91713.0,15:31:00,15:38:13,15:39:24,4,2976,4th Ave & Pine St,0.0,0.0
2025-10-03,510,North,25005,91713.0,,15:40:43,15:41:32,5,473,Olive Way & 6th Ave,0.0,0.0
2025-10-03,510,North,25005,91713.0,15:35:00,15:43:04,15:43:38,6,430,Howell St & 9th Ave,0.0,0.0
2025-10-03,510,North,25005,91713.0,,15:46:08,15:46:39,7,431,Howell St & Yale Ave,0.0,0.0
2025-10-03,510,North,25005,91713.0,15:56:00,16:06:43,16:07:25,11,2766,Mountlake Terrace Fwy Station Bay 7,0.0,0.0
2025-10-03,510,North,25005,91713.0,16:16:00,16:21:39,16:22:18,12,2869,South Everett Fwy Station Bay 6,0.0,0.0
2025-10-03,510,North,25005,91713.0,,16:31:59,16:31:59,13,3219,Broadway & 33rd St,0.0,0.0
2025-10-03,510,North,25005,91713.0,16:38:00,16:33:02,16:33:02,14,2861,Everett Station,0.0,0.0
2025-10-03,510,North,25006,91903.0,15:40:00,15:41:58,15:41:58,0,640,4th Ave S & S Jackson St,5.0,0.0
2025-10-03,510,North,25006,91903.0,,15:42:41,15:42:50,1,635,4th Ave S & S Washington St,0.0,0.0
2025-10-03,510,North,25006,91903.0,,15:44:54,15:45:35,2,2638,4th Ave & Cherry St,9.0,0.0
2025-10-03,510,North,25006,91903.0,,15:47:15,15:47:58,3,641,4th Ave & Seneca St,4.0,0.0
2025-10-03,510,North,25006,91903.0,15:46:00,15:49:12,15:49:50,4,2976,4th Ave & Pine St,2.0,0.0
2025-10-03,510,North,25006,91903.0,,15:51:10,15:52:00,5,473,Olive Way & 6th Ave,5.0,0.0
2025-10-03,510,North,25006,91903.0,15:50:00,15:53:33,15:54:31,6,430,Howell St & 9th Ave,16.0,1.0
2025-10-03,510,North,25006,91903.0,,15:58:07,15:58:34,7,431,Howell St & Yale Ave,0.0,4.0
2025-10-03,510,North,25006,91903.0,16:12:00,16:18:35,16:19:04,11,2766,Mountlake Terrace Fwy Station Bay 7,0.0,10.0
2025-10-03,510,North,25006,91903.0,16:35:00,16:34:30,16:35:13,12,2869,South Everett Fwy Station Bay 6,0.0,19.0
2025-10-03,510,North,25006,91903.0,,16:45:45,16:45:56,13,3219,Broadway & 33rd St,0.0,0.0
2025-10-03,510,North,25006,91903.0,16:58:00,16:47:36,16:47:36,14,2861,Everett Station,0.0,7.0
2025-10-03,510,North,25007,91910.0,15:55:00,15:55:16,15:55:16,0,640,4th Ave S & S Jackson St,2.0,0.0
2025-10-03,510,North,25007,91910.0,,15:56:11,15:56:27,1,635,4th Ave S & S Washington St,0.0,0.0
2025-10-03,510,North,25007,91910.0,,15:57:55,15:58:28,2,2638,4th Ave & Cherry St,3.0,0.0
2025-10-03,510,North,25007,91910.0,,16:00:16,16:01:20,3,641,4th Ave & Seneca St,2.0,0.0
2025-10-03,510,North,25007,91910.0,16:01:00,16:02:42,16:03:22,4,2976,4th Ave & Pine St,5.0,0.0
2025-10-03,510,North,25007,91910.0,,16:04:30,16:05:33,5,473,Olive Way & 6th Ave,3.0,1.0
2025-10-03,510,North,25007,91910.0,16:05:00,16:07:05,16:07:25,6,430,Howell St & 9th Ave,2.0,0.0
2025-10-03,510,North,25007,91910.0,,16:10:13,16:10:53,7,431,Howell St & Yale Ave,4.0,0.0
2025-10-03,510,North,25007,91910.0,16:28:00,16:29:39,16:30:10,11,2766,Mountlake Terrace Fwy Station Bay 7,0.0,5.0
2025-10-03,510,North,25007,91910.0,16:51:00,16:44:33,16:45:09,12,2869,South Everett Fwy Station Bay 6,0.0,13.0
2025-10-03,510,North,25007,91910.0,,16:55:42,16:56:03,13,3219,Broadway & 33rd St,0.0,2.0
2025-10-03,510,North,25007,91910.0,17:14:00,16:57:29,16:57:29,14,2861,Everett Station,0.0,0.0
2025-10-03,510,North,25008,19810.0,16:10:00,16:12:12,16:12:12,0,640,4th Ave S & S Jackson St,3.0,0.0
2025-10-03,510,North,25008,19810.0,,16:12:52,16:13:27,1,635,4th Ave S & S Washington St,4.0,0.0
2025-10-03,510,North,25008,19810.0,,16:14:37,16:15:38,2,2638,4th Ave & Cherry St,7.0,0.0
2025-10-03,510,North,25008,19810.0,,16:17:36,16:18:19,3,641,4th Ave & Seneca St,8.0,0.0
2025-10-03,510,North,25008,19810.0,16:16:00,16:20:29,16:21:24,4,2976,4th Ave & Pine St,4.0,0.0
2025-10-03,510,North,25008,19810.0,,16:22:35,16:23:35,5,473,Olive Way & 6th Ave,5.0,1.0
2025-10-03,510,North,25008,19810.0,16:20:00,16:25:08,16:25:44,6,430,Howell St & 9th Ave,5.0,2.0
2025-10-03,510,North,25008,19810.0,,16:28:11,16:28:49,7,431,Howell St & Yale Ave,4.0,2.0
2025-10-03,510,North,25008,19810.0,16:43:00,16:46:33,16:47:04,11,2766,Mountlake Terrace Fwy Station Bay 7,0.0,9.0
2025-10-03,510,North,25008,19810.0,17:06:00,17:01:28,17:02:03,12,2869,South Everett Fwy Station Bay 6,0.0,15.0
2025-10-03,510,North,25008,19810.0,,17:11:13,17:11:28,13,3219,Broadway & 33rd St,0.0,1.0
2025-10-03,510,North,25008,19810.0,17:29:00,17:12:36,17:12:36,14,2861,Everett Station,0.0,10.0
2025-10-03,510,North,25009,19817.0,16:25:00,16:26:03,16:26:03,0,640,4th Ave S & S Jackson St,2.0,0.0
2025-10-03,510,North,25009,19817.0,,16:27:32,16:27:55,1,635,4th Ave S & S Washington St,2.0,0.0
2025-10-03,510,North,25009,19817.0,,16:29:21,16:29:45,2,2638,4th Ave & Cherry St,2.0,0.0
2025-10-03,510,North,25009,19817.0,,16:31:36,16:32:43,3,641,4th Ave & Seneca St,7.0,0.0
2025-10-03,510,North,25009,19817.0,16:31:00,16:33:46,16:34:52,4,2976,4th Ave & Pine St,4.0,0.0
2025-10-03,510,North,25009,19817.0,,16:35:59,16:37:01,5,473,Olive Way & 6th Ave,8.0,0.0
2025-10-03,510,North,25009,19817.0,16:35:00,16:38:31,16:38:57,6,430,Howell St & 9th Ave,3.0,0.0
2025-10-03,510,North,25009,19817.0,,16:41:34,16:41:57,7,431,Howell St & Yale Ave,2.0,0.0
2025-10-03,510,North,25009,19817.0,16:58:00,16:59:15,16:59:33,11,2766,Mountlake Terrace Fwy Station Bay 7,0.0,6.0
2025-10-03,510,North,25009,19817.0,17:21:00,17:12:16,17:12:45,12,2869,South Everett Fwy Station Bay 6,0.0,14.0
2025-10-03,510,North,25009,19817.0,,17:20:26,17:20:26,13,3219,Broadway & 33rd St,0.0,0.0
2025-10-03,510,North,25009,19817.0,17:44:00,17:21:41,17:21:41,14,2861,Everett Station,2.0,12.0
2025-10-03,510,North,25010,91714.0,16:40:00,16:45:01,16:45:01,0,640,4th Ave S & S Jackson St,4.0,0.0
2025-10-03,510,North,25010,91714.0,,16:45:35,16:45:48,1,635,4th Ave S & S Washington St,1.0,0.0
2025-10-03,510,North,25010,91714.0,,16:47:34,16:47:58,2,2638,4th Ave & Cherry St,3.0,1.0
2025-10-03,510,North,25010,91714.0,,16:49:43,16:49:54,3,641,4th Ave & Seneca St,0.0,0.0
2025-10-03,510,North,25010,91714.0,16:46:00,16:51:37,16:52:10,4,2976,4th Ave & Pine St,4.0,0.0
2025-10-03,510,North,25010,91714.0,,16:53:45,16:55:05,5,473,Olive Way & 6th Ave,5.0,0.0
2025-10-03,510,North,25010,91714.0,16:50:00,16:55:44,16:56:15,6,430,Howell St & 9th Ave,5.0,0.0
2025-10-03,510,North,25010,91714.0,,16:58:36,16:59:02,7,431,Howell St & Yale Ave,3.0,1.0
2025-10-03,510,North,25010,91714.0,17:13:00,17:15:33,17:15:57,11,2766,Mountlake Terrace Fwy Station Bay 7,0.0,7.0
2025-10-03,510,North,25010,91714.0,17:36:00,17:28:31,17:30:10,12,2869,South Everett Fwy Station Bay 6,0.0,16.0
2025-10-03,510,North,25010,91714.0,,17:38:05,17:38:05,13,3219,Broadway & 33rd St,0.0,0.0
2025-10-03,510,North,25010,91714.0,17:59:00,17:39:01,17:39:01,14,2861,Everett Station,0.0,0.0
2025-10-03,510,North,25011,91709.0,16:55:00,16:55:11,16:55:11,0,640,4th Ave S & S Jackson St,5.0,0.0
2025-10-03,510,North,25011,91709.0,,16:55:56,16:56:18,1,635,4th Ave S & S Washington St,2.0,0.0
2025-10-03,510,North,25011,91709.0,,16:57:00,16:57:17,2,2638,4th Ave & Cherry St,1.0,0.0
2025-10-03,510,North,25011,91709.0,,16:58:31,16:58:50,3,641,4th Ave & Seneca St,1.0,0.0
2025-10-03,510,North,25011,91709.0,17:01:00,16:59:47,17:00:18,4,2976,4th Ave & Pine St,1.0,0.0
2025-10-03,510,North,25011,91709.0,,17:01:38,17:02:31,5,473,Olive Way & 6th Ave,3.0,0.0
2025-10-03,510,North,25011,91709.0,17:05:00,17:03:10,17:03:55,6,430,Howell St & 9th Ave,2.0,0.0
2025-10-03,510,North,25011,91709.0,,17:07:05,17:07:24,7,431,Howell St & Yale Ave,0.0,0.0
2025-10-03,510,North,25011,91709.0,17:27:00,17:23:24,17:23:40,11,2766,Mountlake Terrace Fwy Station Bay 7,0.0,0.0
2025-10-03,510,North,25011,91709.0,17:50:00,17:36:25,17:37:07,12,2869,South Everett Fwy Station Bay 6,0.0,9.0
2025-10-03,510,North,25011,91709.0,,17:44:43,17:45:02,13,3219,Broadway & 33rd St,0.0,1.0
2025-10-03,510,North,25011,91709.0,18:09:00,17:46:08,17:46:08,14,2861,Everett Station,0.0,5.0
2025-10-03,510,North,25012,91717.0,17:10:00,17:10:29,17:10:29,0,640,4th Ave S & S Jackson St,6.0,0.0
2025-10-03,510,North,25012,91717.0,,17:12:13,17:12:13,1,635,4th Ave S & S Washington St,0.0,0.0
2025-10-03,510,North,25012,91717.0,,17:13:14,17:13:46,2,2638,4th Ave & Cherry St,3.0,0.0
2025-10-03,510,North,25012,91717.0,,17:16:35,17:17:13,3,641,4th Ave & Seneca St,6.0,0.0
2025-10-03,510,North,25012,91717.0,17:16:00,17:20:25,17:21:21,4,2976,4th Ave & Pine St,6.0,0.0
2025-10-03,510,North,25012,91717.0,,17:23:58,17:25:01,5,473,Olive Way & 6th Ave,7.0,3.0
2025-10-03,510,North,25012,91717.0,17:20:00,17:26:36,17:27:12,6,430,Howell St & 9th Ave,5.0,0.0
2025-10-03,510,North,25012,91717.0,,17:29:39,17:30:14,7,431,Howell St & Yale Ave,4.0,1.0
2025-10-03,510,North,25012,91717.0,17:42:00,17:45:24,17:45:42,11,2766,Mountlake Terrace Fwy Station Bay 7,0.0,4.0
2025-10-03,510,North,25012,91717.0,18:05:00,17:57:35,17:58:28,12,2869,South Everett Fwy Station Bay 6,0.0,22.0
2025-10-03,510,North,25012,91717.0,,18:05:37,18:05:37,13,3219,Broadway & 33rd St,0.0,0.0
2025-10-03,510,North,25012,91717.0,18:21:00,18:06:50,18:06:50,14,2861,Everett Station,0.0,7.0
2025-10-03,510,North,25013,91908.0,17:25:00,17:26:05,17:26:05,0,640,4th Ave S & S Jackson St,2.0,0.0
2025-10-03,510,North,25013,91908.0,,17:27:29,17:27:29,1,635,4th Ave S & S Washington St,0.0,0.0
2025-10-03,510,North,25013,91908.0,,17:28:15,17:28:35,2,2638,4th Ave & Cherry St,1.0,0.0
2025-10-03,510,North,25013,91908.0,,17:30:58,17:31:18,3,641,4th Ave & Seneca St,0.0,0.0
2025-10-03,510,North,25013,91908.0,17:31:00,17:34:04,17:34:50,4,2976,4th Ave & Pine St,2.0,0.0
2025-10-03,510,North,25013,91908.0,,17:36:10,17:38:31,5,473,Olive Way & 6th Ave,5.0,0.0
2025-10-03,510,North,25013,91908.0,17:35:00,17:40:44,17:41:20,6,430,Howell St & 9th Ave,4.0,0.0
2025-10-03,510,North,25013,91908.0,,17:44:35,17:44:57,7,431,Howell St & Yale Ave,2.0,0.0
2025-10-03,510,North,25013,91908.0,17:56:00,17:57:43,17:58:05,11,2766,Mountlake Terrace Fwy Station Bay 7,0.0,5.0
2025-10-03,510,North,25013,91908.0,18:18:00,18:09:30,18:11:13,12,2869,South Everett Fwy Station Bay 6,0.0,11.0
2025-10-03,510,North,25013,91908.0,,18:18:20,18:18:20,13,3219,Broadway & 33rd St,0.0,0.0
2025-10-03,510,North,25013,91908.0,18:33:00,18:19:20,18:19:20,14,2861,Everett Station,0.0,0.0
2025-10-03,510,North,25014,91703.0,17:45:00,17:48:16,17:48:16,0,640,4th Ave S & S Jackson St,2.0,0.0
2025-10-03,510,North,25014,91703.0,,17:48:47,17:48:53,1,635,4th Ave S & S Washington St,0.0,0.0
2025-10-03,510,North,25014,91703.0,,17:50:19,17:50:34,2,2638,4th Ave & Cherry St,1.0,0.0
2025-10-03,510,North,25014,91703.0,,17:51:59,17:52:31,3,641,4th Ave & Seneca St,5.0,0.0
2025-10-03,510,North,25014,91703.0,17:51:00,17:53:46,17:54:22,4,2976,4th Ave & Pine St,0.0,0.0
2025-10-03,510,North,25014,91703.0,,17:55:37,17:56:31,5,473,Olive Way & 6th Ave,1.0,0.0
2025-10-03,510,North,25014,91703.0,17:55:00,17:57:11,17:57:18,6,430,Howell St & 9th Ave,0.0,0.0
2025-10-03,510,North,25014,91703.0,,17:59:51,18:00:14,7,431,Howell St & Yale Ave,2.0,0.0
2025-10-03,510,North,25014,91703.0,18:13:00,18:12:42,18:13:10,11,2766,Mountlake Terrace Fwy Station Bay 7,0.0,2.0
2025-10-03,510,North,25014,91703.0,18:32:00,18:24:48,18:25:23,12,2869,South Everett Fwy Station Bay 6,1.0,7.0
2025-10-03,510,North,25014,91703.0,,18:32:08,18:32:08,13,3219,Broadway & 33rd St,0.0,0.0
2025-10-03,510,North,25014,91703.0,18:43:00,18:32:59,18:32:59,14,2861,Everett Station,0.0,3.0
2025-10-03,510,North,25015,91504.0,18:05:00,18:07:04,18:07:04,0,640,4th Ave S & S Jackson St,5.0,0.0
2025-10-03,510,North,25015,91504.0,,18:08:01,18:08:13,1,635,4th Ave S & S Washington St,0.0,0.0
2025-10-03,510,North,25015,91504.0,,18:09:56,18:10:25,2,2638,4th Ave & Cherry St,3.0,0.0
2025-10-03,510,North,25015,91504.0,,18:12:10,18:13:19,3,641,4th Ave & Seneca St,6.0,1.0
2025-10-03,510,North,25015,91504.0,18:11:00,18:14:23,18:15:21,4,2976,4th Ave & Pine St,4.0,0.0
2025-10-03,510,North,25015,91504.0,,18:16:32,18:17:33,5,473,Olive Way & 6th Ave,6.0,0.0
2025-10-03,510,North,25015,91504.0,18:14:00,18:19:06,18:19:43,6,430,Howell St & 9th Ave,3.0,1.0
2025-10-03,510,North,25015,91504.0,,18:22:22,18:22:49,7,431,Howell St & Yale Ave,2.0,0.0
2025-10-03,510,North,25015,91504.0,18:32:00,18:35:54,18:36:19,11,2766,Mountlake Terrace Fwy Station Bay 7,1.0,1.0
2025-10-03,510,North,25015,91504.0,18:48:00,18:48:10,18:48:53,12,2869,South Everett Fwy Station Bay 6,0.0,16.0
2025-10-03,510,North,25015,91504.0,,18:56:04,18:56:29,13,3219,Broadway & 33rd St,0.0,2.0
2025-10-03,510,North,25015,91504.0,18:59:00,18:57:47,18:57:47,14,2861,Everett Station,0.0,9.0
2025-10-03,510,North,25016,19814.0,18:30:00,18:31:59,18:31:59,0,640,4th Ave S & S Jackson St,6.0,0.0
2025-10-03,510,North,25016,19814.0,,18:33:26,18:33:51,1,635,4th Ave S & S Washington St,0.0,0.0
2025-10-03,510,North,25016,19814.0,,18:35:18,18:36:01,2,2638,4th Ave & Cherry St,4.0,0.0
2025-10-03,510,North,25016,19814.0,,18:38:55,18:39:09,3,641,4th Ave & Seneca St,1.0,0.0
2025-10-03,510,North,25016,19814.0,18:36:00,18:41:40,18:42:20,4,2976,4th Ave & Pine St,0.0,0.0
2025-10-03,510,North,25016,19814.0,,18:43:29,18:44:31,5,473,Olive Way & 6th Ave,4.0,0.0
2025-10-03,510,North,25016,19814.0,18:39:00,18:46:03,18:46:21,6,430,Howell St & 9th Ave,2.0,0.0
2025-10-03,510,North,25016,19814.0,,18:49:06,18:49:24,7,431,Howell St & Yale Ave,1.0,0.0
2025-10-03,510,North,25016,19814.0,18:57:00,19:03:14,19:03:29,11,2766,Mountlake Terrace Fwy Station Bay 7,0.0,2.0
2025-10-03,510,North,25016,19814.0,19:12:00,19:14:18,19:15:12,12,2869,South Everett Fwy Station Bay 6,0.0,9.0
2025-10-03,510,North,25016,19814.0,,19:23:06,19:23:06,13,3219,Broadway & 33rd St,0.0,0.0
2025-10-03,510,North,25016,19814.0,19:22:00,19:24:14,19:24:14,14,2861,Everett Station,0.0,7.0
2025-10-03,510,South,25017,9560.0,04:05:00,,,0,2986,Hewitt Ave & Fulton St,,
2025-10-03,510,South,25017,91725.0,04:05:00,04:05:06,04:05:06,0,2986,Hewitt Ave & Fulton St,0.0,0.0
2025-10-03,510,South,25017,9560.0,,,,1,2440,Hewitt Ave & Lombard Ave,,
2025-10-03,510,South,25017,91725.0,,04:06:24,04:06:24,1,2440,Hewitt Ave & Lombard Ave,0.0,0.0
2025-10-03,510,South,25017,9560.0,,,,2,2355,Wetmore Ave & Wall St,,
2025-10-03,510,South,25017,91725.0,,04:08:37,04:08:54,2,2355,Wetmore Ave & Wall St,0.0,0.0
2025-10-03,510,South,25017,9560.0,,,,3,2359,Pacific Ave & Rockefeller Ave,,
2025-10-03,510,South,25017,91725.0,,04:09:41,04:09:41,3,2359,Pacific Ave & Rockefeller Ave,0.0,0.0
2025-10-03,510,South,25017,9560.0,04:11:00,04:22:52,04:22:52,4,2345,Everett Station Bay C1,11.0,0.0
2025-10-03,510,South,25017,91725.0,04:11:00,04:12:22,04:12:22,4,2345,Everett Station Bay C1,0.0,0.0
2025-10-03,510,South,25017,9560.0,,04:24:51,04:24:51,5,2367,Broadway & 34th St,0.0,0.0
2025-10-03,510,South,25017,91725.0,,,,5,2367,Broadway & 34th St,,
2025-10-03,510,South,25017,9560.0,04:20:00,04:32:38,04:33:30,6,2868,South Everett Fwy Station Bay 3,6.0,0.0
2025-10-03,510,South,25017,91725.0,04:20:00,,,6,2868,South Everett Fwy Station Bay 3,,
2025-10-03,510,South,25017,91725.0,04:31:00,,,7,2765,Mountlake Terrace Fwy Station Bay 6,,
2025-10-03,510,South,25017,9560.0,04:31:00,04:44:38,04:45:04,7,2765,Mountlake Terrace Fwy Station Bay 6,0.0,1.0
2025-10-03,510,South,25017,9560.0,04:48:00,04:59:34,05:00:03,11,1909,Stewart St & 9th Ave,0.0,2.0
2025-10-03,510,South,25017,91725.0,04:48:00,,,11,1909,Stewart St & 9th Ave,,
2025-10-03,510,South,25017,91725.0,,,,12,1908,Stewart St & 7th Ave,,
2025-10-03,510,South,25017,9560.0,,05:01:09,05:01:26,12,1908,Stewart St & 7th Ave,0.0,1.0
2025-10-03,510,South,25017,91725.0,04:52:00,,,13,2698,5th Ave & Pine St,,
2025-10-03,510,South,25017,9560.0,04:52:00,05:02:32,05:03:22,13,2698,5th Ave & Pine St,0.0,4.0
2025-10-03,510,South,25017,91725.0,,,,14,2700,5th Ave & Seneca St,,
2025-10-03,510,South,25017,9560.0,,05:04:18,05:05:07,14,2700,5th Ave & Seneca St,0.0,4.0
2025-10-03,510,South,25017,91725.0,,,,15,2702,5th Ave & Marion St,,
2025-10-03,510,South,25017,9560.0,,05:06:25,05:07:07,15,2702,5th Ave & Marion St,0.0,2.0
2025-10-03,510,South,25017,91725.0,,,,16,2290,5th Ave & Jefferson St,,
2025-10-03,510,South,25017,9560.0,,05:08:25,05:08:25,16,2290,5th Ave & Jefferson St,0.0,0.0
2025-10-03,510,South,25017,91725.0,05:00:00,,,17,2706,5th Ave S & S Jackson St,,
2025-10-03,510,South,25017,9560.0,05:00:00,05:10:30,05:10:30,17,2706,5th Ave S & S Jackson St,0.0,3.0
2025-10-03,510,South,25018,91504.0,04:40:00,04:40:08,04:40:08,0,2986,Hewitt Ave & Fulton St,1.0,0.0
2025-10-03,510,South,25018,91504.0,,04:41:12,04:41:12,1,2440,Hewitt Ave & Lombard Ave,0.0,0.0
2025-10-03,510,South,25018,91504.0,,04:43:27,04:44:02,2,2355,Wetmore Ave & Wall St,3.0,0.0
2025-10-03,510,South,25018,91504.0,,04:44:42,04:44:42,3,2359,Pacific Ave & Rockefeller Ave,0.0,0.0
2025-10-03,510,South,25018,91504.0,04:46:00,04:47:09,04:48:03,4,2345,Everett Station Bay C1,7.0,0.0
2025-10-03,510,South,25018,91504.0,,04:49:52,04:50:16,5,2367,Broadway & 34th St,1.0,0.0
2025-10-03,510,South,25018,91504.0,04:57:00,04:57:47,05:02:35,6,2868,South Everett Fwy Station Bay 3,20.0,0.0
2025-10-03,510,South,25018,91504.0,05:08:00,05:12:52,05:13:17,7,2765,Mountlake Terrace Fwy Station Bay 6,2.0,1.0
2025-10-03,510,South,25018,91504.0,05:26:00,05:27:29,05:28:09,11,1909,Stewart St & 9th Ave,0.0,9.0
2025-10-03,510,South,25018,91504.0,,05:29:06,05:29:27,12,1908,Stewart St & 7th Ave,0.0,2.0
2025-10-03,510,South,25018,91504.0,05:30:00,05:30:32,05:31:22,13,2698,5th Ave & Pine St,0.0,2.0
2025-10-03,510,South,25018,91504.0,,05:33:00,05:33:29,14,2700,5th Ave & Seneca St,0.0,6.0
2025-10-03,510,South,25018,91504.0,,05:34:35,05:35:09,15,2702,5th Ave & Marion St,0.0,4.0
2025-10-03,510,South,25018,91504.0,,05:35:59,05:36:18,16,2290,5th Ave & Jefferson St,0.0,2.0
2025-10-03,510,South,25018,91504.0,05:38:00,05:38:35,05:38:35,17,2706,5th Ave S & S Jackson St,0.0,8.0
2025-10-03,510,South,25019,,05:10:00,,,0,2345,Everett Station Bay C1,,
2025-10-03,510,South,25019,,,,,1,2367,Broadway & 34th St,,
2025-10-03,510,South,25019,,05:20:00,,,2,2868,South Everett Fwy Station Bay 3,,
2025-10-03,510,South,25019,,05:31:00,,,3,2765,Mountlake Terrace Fwy Station Bay 6,,
2025-10-03,510,South,25019,,05:49:00,,,7,1909,Stewart St & 9th Ave,,
2025-10-03,510,South,25019,,,,,8,1908,Stewart St & 7th Ave,,
2025-10-03,510,South,25019,,05:54:00,,,9,2698,5th Ave & Pine St,,
2025-10-03,510,South,25019,,,,,10,2700,5th Ave & Seneca St,,
2025-10-03,510,South,25019,,,,,11,2702,5th Ave & Marion St,,
2025-10-03,510,South,25019,,,,,12,2290,5th Ave & Jefferson St,,
2025-10-03,510,South,25019,,06:03:00,,,13,2706,5th Ave S & S Jackson St,,
2025-10-03,510,South,25020,91909.0,05:40:00,05:40:09,05:40:09,0,2345,Everett Station Bay C1,23.0,0.0
2025-10-03,510,South,25020,91909.0,,05:41:51,05:42:06,1,2367,Broadway & 34th St,1.0,0.0
2025-10-03,510,South,25020,91909.0,05:50:00,05:48:47,05:50:12,2,2868,South Everett Fwy Station Bay 3,17.0,0.0
2025-10-03,510,South,25020,91909.0,06:01:00,06:00:18,06:00:58,3,2765,Mountlake Terrace Fwy Station Bay 6,8.0,0.0
2025-10-03,510,South,25020,91909.0,06:22:00,06:14:52,06:15:39,7,1909,Stewart St & 9th Ave,2.0,11.0
2025-10-03,510,South,25020,91909.0,,06:16:35,06:17:03,8,1908,Stewart St & 7th Ave,0.0,4.0
2025-10-03,510,South,25020,91909.0,06:28:00,06:18:15,06:19:33,9,2698,5th Ave & Pine St,0.0,8.0
2025-10-03,510,South,25020,91909.0,,06:20:21,06:20:53,10,2700,5th Ave & Seneca St,0.0,6.0
2025-10-03,510,South,25020,91909.0,,06:21:57,06:22:40,11,2702,5th Ave & Marion St,0.0,10.0
2025-10-03,510,South,25020,91909.0,,06:23:52,06:24:21,12,2290,5th Ave & Jefferson St,0.0,12.0
2025-10-03,510,South,25020,91909.0,06:38:00,06:26:06,06:26:06,13,2706,5th Ave S & S Jackson St,0.0,0.0
2025-10-03,510,South,25021,9560.0,05:52:00,05:52:10,05:52:10,0,2345,Everett Station Bay C1,7.0,0.0
2025-10-03,510,South,25021,9560.0,,05:54:25,05:54:25,1,2367,Broadway & 34th St,0.0,0.0
2025-10-03,510,South,25021,9560.0,06:02:00,06:01:47,06:03:04,2,2868,South Everett Fwy Station Bay 3,23.0,2.0
2025-10-03,510,South,25021,9560.0,06:14:00,06:13:50,06:14:06,3,2765,Mountlake Terrace Fwy Station Bay 6,0.0,0.0
2025-10-03,510,South,25021,9560.0,06:35:00,06:28:09,06:28:25,7,1909,Stewart St & 9th Ave,0.0,2.0
2025-10-03,510,South,25021,9560.0,,06:28:58,06:29:16,8,1908,Stewart St & 7th Ave,0.0,5.0
2025-10-03,510,South,25021,9560.0,06:41:00,06:30:38,06:31:34,9,2698,5th Ave & Pine St,0.0,4.0
2025-10-03,510,South,25021,9560.0,,06:32:34,06:33:19,10,2700,5th Ave & Seneca St,0.0,7.0
2025-10-03,510,South,25021,9560.0,,06:34:11,06:34:50,11,2702,5th Ave & Marion St,1.0,4.0
2025-10-03,510,South,25021,9560.0,,06:36:05,06:36:32,12,2290,5th Ave & Jefferson St,0.0,7.0
2025-10-03,510,South,25021,9560.0,06:51:00,06:39:18,06:39:18,13,2706,5th Ave S & S Jackson St,0.0,0.0
2025-10-03,510,South,25022,91702.0,06:04:00,06:04:09,06:04:09,0,2345,Everett Station Bay C1,13.0,0.0
2025-10-03,510,South,25022,91702.0,,06:06:16,06:06:38,1,2367,Broadway & 34th St,1.0,0.0
2025-10-03,510,South,25022,91702.0,06:14:00,06:13:17,06:14:13,2,2868,South Everett Fwy Station Bay 3,10.0,0.0
2025-10-03,510,South,25022,91702.0,06:26:00,06:24:34,06:25:04,3,2765,Mountlake Terrace Fwy Station Bay 6,5.0,2.0
2025-10-03,510,South,25022,91702.0,06:48:00,06:38:47,06:39:15,7,1909,Stewart St & 9th Ave,0.0,5.0
2025-10-03,510,South,25022,91702.0,,06:40:36,06:40:58,8,1908,Stewart St & 7th Ave,0.0,7.0
2025-10-03,510,South,25022,91702.0,06:54:00,06:42:14,06:42:37,9,2698,5th Ave & Pine St,0.0,6.0
2025-10-03,510,South,25022,91702.0,,06:44:22,06:44:45,10,2700,5th Ave & Seneca St,0.0,4.0
2025-10-03,510,South,25022,91702.0,,06:46:03,06:46:43,11,2702,5th Ave & Marion St,0.0,1.0
2025-10-03,510,South,25022,91702.0,,06:47:53,06:48:23,12,2290,5th Ave & Jefferson St,0.0,4.0
2025-10-03,510,South,25022,91702.0,07:04:00,06:50:41,06:50:41,13,2706,5th Ave S & S Jackson St,0.0,0.0
2025-10-03,510,South,25023,91724.0,06:16:00,06:23:50,06:23:50,0,2345,Everett Station Bay C1,11.0,0.0
2025-10-03,510,South,25023,91724.0,,06:25:40,06:25:55,1,2367,Broadway & 34th St,1.0,0.0
2025-10-03,510,South,25023,91724.0,06:26:00,06:32:39,06:33:55,2,2868,South Everett Fwy Station Bay 3,22.0,0.0
2025-10-03,510,South,25023,91724.0,06:38:00,06:44:45,06:45:00,3,2765,Mountlake Terrace Fwy Station Bay 6,1.0,0.0
2025-10-03,510,South,25023,91724.0,07:00:00,06:59:27,07:00:05,7,1909,Stewart St & 9th Ave,1.0,13.0
2025-10-03,510,South,25023,91724.0,,07:00:31,07:01:04,8,1908,Stewart St & 7th Ave,0.0,7.0
2025-10-03,510,South,25023,91724.0,07:06:00,07:03:17,07:04:36,9,2698,5th Ave & Pine St,0.0,5.0
2025-10-03,510,South,25023,91724.0,,07:05:26,07:06:00,10,2700,5th Ave & Seneca St,0.0,5.0
2025-10-03,510,South,25023,91724.0,,07:06:59,07:07:47,11,2702,5th Ave & Marion St,0.0,5.0
2025-10-03,510,South,25023,91724.0,,07:08:51,07:09:08,12,2290,5th Ave & Jefferson St,0.0,1.0
2025-10-03,510,South,25023,91724.0,07:17:00,07:11:04,07:11:04,13,2706,5th Ave S & S Jackson St,0.0,0.0
2025-10-03,510,South,25024,,06:28:00,,,0,2345,Everett Station Bay C1,,
2025-10-03,510,South,25024,,,,,1,2367,Broadway & 34th St,,
2025-10-03,510,South,25024,,06:38:00,,,2,2868,South Everett Fwy Station Bay 3,,
2025-10-03,510,South,25024,,06:50:00,,,3,2765,Mountlake Terrace Fwy Station Bay 6,,
2025-10-03,510,South,25024,,07:13:00,,,7,1909,Stewart St & 9th Ave,,
2025-10-03,510,South,25024,,,,,8,1908,Stewart St & 7th Ave,,
2025-10-03,510,South,25024,,07:19:00,,,9,2698,5th Ave & Pine St,,
2025-10-03,510,South,25024,,,,,10,2700,5th Ave & Seneca St,,
2025-10-03,510,South,25024,,,,,11,2702,5th Ave & Marion St,,
2025-10-03,510,South,25024,,,,,12,2290,5th Ave & Jefferson St,,
2025-10-03,510,South,25024,,07:30:00,,,13,2706,5th Ave S & S Jackson St,,
2025-10-03,510,South,25025,91719.0,06:40:00,06:44:38,06:44:38,0,2345,Everett Station Bay C1,12.0,0.0
2025-10-03,510,South,25025,91719.0,,,,1,2367,Broadway & 34th St,,
2025-10-03,510,South,25025,91719.0,06:50:00,06:52:24,06:53:44,2,2868,South Everett Fwy Station Bay 3,23.0,0.0
2025-10-03,510,South,25025,91719.0,07:03:00,07:04:51,07:05:48,3,2765,Mountlake Terrace Fwy Station Bay 6,12.0,0.0
2025-10-03,510,South,25025,91719.0,07:28:00,07:21:16,07:21:49,7,1909,Stewart St & 9th Ave,0.0,12.0
2025-10-03,510,South,25025,91719.0,,07:22:45,07:23:21,8,1908,Stewart St & 7th Ave,0.0,11.0
2025-10-03,510,South,25025,91719.0,07:34:00,07:25:52,07:27:07,9,2698,5th Ave & Pine St,0.0,4.0
2025-10-03,510,South,25025,91719.0,,07:29:01,07:29:43,10,2700,5th Ave & Seneca St,0.0,10.0
2025-10-03,510,South,25025,91719.0,,07:31:05,07:31:50,11,2702,5th Ave & Marion St,0.0,4.0
2025-10-03,510,South,25025,91719.0,,07:32:58,07:33:22,12,2290,5th Ave & Jefferson St,0.0,4.0
2025-10-03,510,South,25025,91719.0,07:47:00,07:35:40,07:35:40,13,2706,5th Ave S & S Jackson St,0.0,2.0
2025-10-03,510,South,25026,91709.0,06:52:00,06:52:36,06:52:36,0,2345,Everett Station Bay C1,8.0,0.0
2025-10-03,510,South,25026,91709.0,,06:54:41,06:54:59,1,2367,Broadway & 34th St,1.0,0.0
2025-10-03,510,South,25026,91709.0,07:02:00,07:02:03,07:03:20,2,2868,South Everett Fwy Station Bay 3,15.0,0.0
2025-10-03,510,South,25026,91709.0,07:15:00,07:14:37,07:15:04,3,2765,Mountlake Terrace Fwy Station Bay 6,1.0,0.0
2025-10-03,510,South,25026,91709.0,07:40:00,07:31:00,07:31:35,7,1909,Stewart St & 9th Ave,0.0,7.0
2025-10-03,510,South,25026,91709.0,,07:32:13,07:32:36,8,1908,Stewart St & 7th Ave,0.0,4.0
2025-10-03,510,South,25026,91709.0,07:46:00,07:34:53,07:36:14,9,2698,5th Ave & Pine St,1.0,4.0
2025-10-03,510,South,25026,91709.0,,07:38:12,07:38:36,10,2700,5th Ave & Seneca St,0.0,3.0
2025-10-03,510,South,25026,91709.0,,07:40:11,07:40:47,11,2702,5th Ave & Marion St,0.0,4.0
2025-10-03,510,South,25026,91709.0,,07:41:58,07:42:25,12,2290,5th Ave & Jefferson St,0.0,2.0
2025-10-03,510,South,25026,91709.0,07:59:00,07:44:31,07:44:31,13,2706,5th Ave S & S Jackson St,0.0,2.0
2025-10-03,510,South,25027,91716.0,07:04:00,07:04:05,07:04:05,0,2345,Everett Station Bay C1,5.0,0.0
2025-10-03,510,South,25027,91716.0,,07:06:10,07:06:18,1,2367,Broadway & 34th St,0.0,0.0
2025-10-03,510,South,25027,91716.0,07:14:00,07:13:34,07:14:04,2,2868,South Everett Fwy Station Bay 3,7.0,0.0
2025-10-03,510,South,25027,91716.0,07:28:00,07:25:06,07:25:30,3,2765,Mountlake Terrace Fwy Station Bay 6,4.0,1.0
2025-10-03,510,South,25027,91716.0,07:59:00,07:41:22,07:41:38,7,1909,Stewart St & 9th Ave,0.0,3.0
2025-10-03,510,South,25027,91716.0,,07:42:07,07:42:29,8,1908,Stewart St & 7th Ave,0.0,5.0
2025-10-03,510,South,25027,91716.0,08:05:00,07:43:43,07:44:08,9,2698,5th Ave & Pine St,0.0,2.0
2025-10-03,510,South,25027,91716.0,,07:45:46,07:46:04,10,2700,5th Ave & Seneca St,0.0,2.0
2025-10-03,510,South,25027,91716.0,,07:47:24,07:48:13,11,2702,5th Ave & Marion St,0.0,2.0
2025-10-03,510,South,25027,91716.0,,07:49:18,07:49:33,12,2290,5th Ave & Jefferson St,0.0,1.0
2025-10-03,510,South,25027,91716.0,08:20:00,07:52:13,07:52:13,13,2706,5th Ave S & S Jackson St,0.0,0.0
2025-10-03,510,South,25028,91718.0,07:16:00,07:19:00,07:19:00,0,2345,Everett Station Bay C1,6.0,0.0
2025-10-03,510,South,25028,91718.0,,07:21:11,07:21:31,1,2367,Broadway & 34th St,1.0,0.0
2025-10-03,510,South,25028,91718.0,07:26:00,07:28:45,07:29:34,2,2868,South Everett Fwy Station Bay 3,16.0,0.0
2025-10-03,510,South,25028,91718.0,07:40:00,07:41:35,07:41:53,3,2765,Mountlake Terrace Fwy Station Bay 6,2.0,1.0
2025-10-03,510,South,25028,91718.0,08:11:00,07:57:56,07:58:19,7,1909,Stewart St & 9th Ave,0.0,9.0
2025-10-03,510,South,25028,91718.0,,07:58:48,07:59:11,8,1908,Stewart St & 7th Ave,0.0,3.0
2025-10-03,510,South,25028,91718.0,08:17:00,08:00:26,08:01:32,9,2698,5th Ave & Pine St,0.0,5.0
2025-10-03,510,South,25028,91718.0,,08:02:30,08:02:51,10,2700,5th Ave & Seneca St,0.0,2.0
2025-10-03,510,South,25028,91718.0,,08:04:12,08:04:45,11,2702,5th Ave & Marion St,1.0,3.0
2025-10-03,510,South,25028,91718.0,,08:05:58,08:06:11,12,2290,5th Ave & Jefferson St,0.0,3.0
2025-10-03,510,South,25028,91718.0,08:34:00,08:09:00,08:09:00,13,2706,5th Ave S & S Jackson St,0.0,0.0
2025-10-03,510,South,25029,19815.0,07:28:00,07:28:27,07:28:27,0,2345,Everett Station Bay C1,13.0,0.0
2025-10-03,510,South,25029,19815.0,,07:32:47,07:32:47,1,2367,Broadway & 34th St,0.0,0.0
2025-10-03,510,South,25029,19815.0,07:38:00,07:39:22,07:40:10,2,2868,South Everett Fwy Station Bay 3,8.0,0.0
2025-10-03,510,South,25029,19815.0,07:52:00,07:50:52,07:51:17,3,2765,Mountlake Terrace Fwy Station Bay 6,1.0,5.0
2025-10-03,510,South,25029,19815.0,08:23:00,08:06:58,08:07:14,7,1909,Stewart St & 9th Ave,0.0,5.0
2025-10-03,510,South,25029,19815.0,,08:07:47,08:08:06,8,1908,Stewart St & 7th Ave,0.0,5.0
2025-10-03,510,South,25029,19815.0,08:29:00,08:09:15,08:09:27,9,2698,5th Ave & Pine St,0.0,2.0
2025-10-03,510,South,25029,19815.0,,08:11:17,08:11:28,10,2700,5th Ave & Seneca St,0.0,2.0
2025-10-03,510,South,25029,19815.0,,08:12:58,08:13:11,11,2702,5th Ave & Marion St,0.0,1.0
2025-10-03,510,South,25029,19815.0,,08:14:48,08:14:48,12,2290,5th Ave & Jefferson St,0.0,2.0
2025-10-03,510,South,25029,19815.0,08:47:00,08:16:19,08:16:19,13,2706,5th Ave S & S Jackson St,0.0,0.0
2025-10-03,510,South,25030,91720.0,07:43:00,07:43:24,07:43:24,0,2345,Everett Station Bay C1,12.0,0.0
2025-10-03,510,South,25030,91720.0,,07:46:13,07:46:13,1,2367,Broadway & 34th St,0.0,0.0
2025-10-03,510,South,25030,91720.0,07:53:00,07:54:12,07:54:56,2,2868,South Everett Fwy Station Bay 3,13.0,0.0
2025-10-03,510,South,25030,91720.0,08:07:00,08:06:06,08:06:34,3,2765,Mountlake Terrace Fwy Station Bay 6,4.0,2.0
2025-10-03,510,South,25030,91720.0,08:38:00,08:22:18,08:23:12,7,1909,Stewart St & 9th Ave,0.0,14.0
2025-10-03,510,South,25030,91720.0,,08:24:06,08:24:30,8,1908,Stewart St & 7th Ave,0.0,7.0
2025-10-03,510,South,25030,91720.0,08:44:00,08:25:46,08:26:03,9,2698,5th Ave & Pine St,0.0,0.0
2025-10-03,510,South,25030,91720.0,,08:27:53,08:28:13,10,2700,5th Ave & Seneca St,0.0,4.0
2025-10-03,510,South,25030,91720.0,,08:29:38,08:30:13,11,2702,5th Ave & Marion St,0.0,2.0
2025-10-03,510,South,25030,91720.0,,08:31:21,08:31:34,12,2290,5th Ave & Jefferson St,0.0,0.0
2025-10-03,510,South,25030,91720.0,09:02:00,08:33:57,08:33:57,13,2706,5th Ave S & S Jackson St,0.0,0.0
2025-10-03,510,South,25031,19810.0,07:58:00,07:58:54,07:58:54,0,2345,Everett Station Bay C1,10.0,0.0
2025-10-03,510,South,25031,19810.0,,08:03:08,08:03:08,1,2367,Broadway & 34th St,0.0,0.0
2025-10-03,510,South,25031,19810.0,08:08:00,08:10:09,08:12:10,2,2868,South Everett Fwy Station Bay 3,20.0,1.0
2025-10-03,510,South,25031,19810.0,08:22:00,08:23:12,08:23:27,3,2765,Mountlake Terrace Fwy Station Bay 6,0.0,1.0
2025-10-03,510,South,25031,19810.0,08:53:00,08:38:39,08:38:55,7,1909,Stewart St & 9th Ave,0.0,4.0
2025-10-03,510,South,25031,19810.0,,08:39:23,08:39:50,8,1908,Stewart St & 7th Ave,0.0,10.0
2025-10-03,510,South,25031,19810.0,08:59:00,08:42:25,08:43:36,9,2698,5th Ave & Pine St,0.0,6.0
2025-10-03,510,South,25031,19810.0,,08:45:34,08:45:57,10,2700,5th Ave & Seneca St,0.0,5.0
2025-10-03,510,South,25031,19810.0,,08:47:30,08:48:17,11,2702,5th Ave & Marion St,0.0,2.0
2025-10-03,510,South,25031,19810.0,,08:49:35,08:49:55,12,2290,5th Ave & Jefferson St,0.0,1.0
2025-10-03,510,South,25031,19810.0,09:17:00,08:52:27,08:52:27,13,2706,5th Ave S & S Jackson St,0.0,0.0
2025-10-03,510,South,25032,91711.0,08:18:00,08:20:40,08:20:40,0,2345,Everett Station Bay C1,12.0,0.0
2025-10-03,510,South,25032,91711.0,,08:23:01,08:23:18,1,2367,Broadway & 34th St,1.0,0.0
2025-10-03,510,South,25032,91711.0,08:29:00,08:30:32,08:32:24,2,2868,South Everett Fwy Station Bay 3,13.0,2.0
2025-10-03,510,South,25032,91711.0,08:42:00,08:42:43,08:42:57,3,2765,Mountlake Terrace Fwy Station Bay 6,0.0,0.0
2025-10-03,510,South,25032,91711.0,09:13:00,09:04:11,09:04:41,7,1909,Stewart St & 9th Ave,0.0,10.0
2025-10-03,510,South,25032,91711.0,,09:05:16,09:05:43,8,1908,Stewart St & 7th Ave,0.0,6.0
2025-10-03,510,South,25032,91711.0,09:19:00,09:07:48,09:08:12,9,2698,5th Ave & Pine St,1.0,3.0
2025-10-03,510,South,25032,91711.0,,09:10:01,09:10:21,10,2700,5th Ave & Seneca St,0.0,1.0
2025-10-03,510,South,25032,91711.0,,09:11:34,09:12:18,11,2702,5th Ave & Marion St,0.0,2.0
2025-10-03,510,South,25032,91711.0,,09:13:29,09:13:47,12,2290,5th Ave & Jefferson St,0.0,2.0
2025-10-03,510,South,25032,91711.0,09:37:00,09:15:49,09:15:49,13,2706,5th Ave S & S Jackson St,0.0,1.0
2025-10-03,510,South,25033,91907.0,08:38:00,08:43:15,08:43:15,0,2345,Everett Station Bay C1,7.0,0.0
2025-10-03,510,South,25033,91907.0,,08:44:54,08:45:27,1,2367,Broadway & 34th St,2.0,0.0
2025-10-03,510,South,25033,91907.0,08:49:00,08:52:21,08:53:27,2,2868,South Everett Fwy Station Bay 3,15.0,0.0
2025-10-03,510,South,25033,91907.0,09:02:00,09:03:42,09:04:08,3,2765,Mountlake Terrace Fwy Station Bay 6,1.0,0.0
2025-10-03,510,South,25033,91907.0,09:33:00,09:23:56,09:24:48,7,1909,Stewart St & 9th Ave,0.0,12.0
2025-10-03,510,South,25033,91907.0,,09:25:38,09:26:08,8,1908,Stewart St & 7th Ave,1.0,6.0
2025-10-03,510,South,25033,91907.0,09:39:00,09:27:17,09:27:39,9,2698,5th Ave & Pine St,0.0,2.0
2025-10-03,510,South,25033,91907.0,,09:29:24,09:29:50,10,2700,5th Ave & Seneca St,0.0,3.0
2025-10-03,510,South,25033,91907.0,,09:31:19,09:31:48,11,2702,5th Ave & Marion St,0.0,1.0
2025-10-03,510,South,25033,91907.0,,09:32:54,09:33:20,12,2290,5th Ave & Jefferson St,0.0,1.0
2025-10-03,510,South,25033,91907.0,09:57:00,09:35:46,09:35:46,13,2706,5th Ave S & S Jackson St,0.0,1.0
2025-10-06,510,North,25001,91901.0,14:00:00,14:00:12,14:00:12,0,640,4th Ave S & S Jackson St,6.0,0.0
2025-10-06,510,North,25001,91901.0,,14:00:53,14:01:15,1,635,4th Ave S & S Washington St,2.0,0.0
2025-10-06,510,North,25001,91901.0,,14:02:22,14:03:11,2,2638,4th Ave & Cherry St,6.0,0.0
2025-10-06,510,North,25001,91901.0,,14:04:12,14:04:58,3,641,4th Ave & Seneca St,6.0,4.0
2025-10-06,510,North,25001,91901.0,14:06:00,14:06:22,14:07:18,4,2976,4th Ave & Pine St,3.0,0.0
2025-10-06,510,North,25001,91901.0,,14:08:30,14:09:31,5,473,Olive Way & 6th Ave,11.0,0.0
2025-10-06,510,North,25001,91901.0,14:10:00,14:11:07,14:11:54,6,430,Howell St & 9th Ave,4.0,0.0
2025-10-06,510,North,25001,91901.0,,14:14:41,14:15:26,7,431,Howell St & Yale Ave,5.0,0.0
2025-10-06,510,North,25001,91901.0,14:30:00,14:28:28,14:28:56,11,2766,Mountlake Terrace Fwy Station Bay 7,0.0,11.0
2025-10-06,510,North,25001,91901.0,14:47:00,14:41:58,14:42:47,12,2869,South Everett Fwy Station Bay 6,0.0,25.0
2025-10-06,510,North,25001,91901.0,,14:53:26,14:53:50,13,3219,Broadway & 33rd St,0.0,3.0
2025-10-06,510,North,25001,91901.0,15:04:00,14:55:42,14:55:42,14,2861,Everett Station,0.0,0.0
2025-10-06,510,North,25002,,14:20:00,,,0,640,4th Ave S & S Jackson St,,
2025-10-06,510,North,25002,,,,,1,635,4th Ave S & S Washington St,,
2025-10-06,510,North,25002,,,,,2,2638,4th Ave & Cherry St,,
2025-10-06,510,North,25002,,,,,3,641,4th Ave & Seneca St,,
2025-10-06,510,North,25002,,14:26:00,,,4,2976,4th Ave & Pine St,,
2025-10-06,510,North,25002,,,,,5,473,Olive Way & 6th Ave,,
2025-10-06,510,North,25002,,14:30:00,,,6,430,Howell St & 9th Ave,,
2025-10-06,510,North,25002,,,,,7,431,Howell St & Yale Ave,,
2025-10-06,510,North,25002,,14:50:00,,,11,2766,Mountlake Terrace Fwy Station Bay 7,,
2025-10-06,510,North,25002,,15:07:00,,,12,2869,South Everett Fwy Station Bay 6,,
2025-10-06,510,North,25002,,,,,13,3219,Broadway & 33rd St,,
2025-10-06,510,North,25002,,15:24:00,,,14,2861,Everett Station,,
2025-10-06,510,North,25003,91702.0,14:50:00,15:10:52,15:10:52,0,640,4th Ave S & S Jackson St,2.0,0.0
2025-10-06,510,North,25003,91702.0,,15:12:14,15:12:40,1,635,4th Ave S & S Washington St,1.0,0.0
2025-10-06,510,North,25003,91702.0,,15:14:32,15:15:39,2,2638,4th Ave & Cherry St,11.0,0.0
2025-10-06,510,North,25003,91702.0,,15:17:37,15:19:15,3,641,4th Ave & Seneca St,7.0,0.0
2025-10-06,510,North,25003,91702.0,14:56:00,15:20:31,15:21:20,4,2976,4th Ave & Pine St,12.0,0.0
2025-10-06,510,North,25003,91702.0,,15:22:32,15:23:33,5,473,Olive Way & 6th Ave,13.0,0.0
2025-10-06,510,North,25003,91702.0,15:00:00,15:25:08,15:26:16,6,430,Howell St & 9th Ave,14.0,0.0
2025-10-06,510,North,25003,91702.0,,15:30:06,15:31:04,7,431,Howell St & Yale Ave,8.0,0.0
2025-10-06,510,North,25003,91702.0,15:20:00,15:50:54,15:51:32,11,2766,Mountlake Terrace Fwy Station Bay 7,1.0,3.0
2025-10-06,510,North,25003,91702.0,15:38:00,16:05:59,16:07:34,12,2869,South Everett Fwy Station Bay 6,0.0,37.0
2025-10-06,510,North,25003,91702.0,,16:21:24,16:22:02,13,3219,Broadway & 33rd St,0.0,4.0
2025-10-06,510,North,25003,91702.0,15:57:00,16:23:08,16:23:08,14,2861,Everett Station,0.0,25.0
2025-10-06,510,North,25004,,15:10:00,,,0,640,4th Ave S & S Jackson St,,
2025-10-06,510,North,25004,,,,,1,635,4th Ave S & S Washington St,,
2025-10-06,510,North,25004,,,,,2,2638,4th Ave & Cherry St,,
2025-10-06,510,North,25004,,,,,3,641,4th Ave & Seneca St,,
2025-10-06,510,North,25004,,15:16:00,,,4,2976,4th Ave & Pine St,,
2025-10-06,510,North,25004,,,,,5,473,Olive Way & 6th Ave,,
2025-10-06,510,North,25004,,15:20:00,,,6,430,Howell St & 9th Ave,,
2025-10-06,510,North,25004,,,,,7,431,Howell St & Yale Ave,,
2025-10-06,510,North,25004,,15:40:00,,,11,2766,Mountlake Terrace Fwy Station Bay 7,,
2025-10-06,510,North,25004,,16:00:00,,,12,2869,South Everett Fwy Station Bay 6,,
2025-10-06,510,North,25004,,,,,13,3219,Broadway & 33rd St,,
2025-10-06,510,North,25004,,16:21:00,,,14,2861,Everett Station,,
2025-10-06,510,North,25005,91731.0,15:25:00,15:25:22,15:25:22,0,640,4th Ave S & S Jackson St,1.0,0.0
2025-10-06,510,North,25005,91731.0,,15:26:00,15:26:21,1,635,4th Ave S & S Washington St,2.0,0.0
2025-10-06,510,North,25005,91731.0,,15:27:53,15:28:26,2,2638,4th Ave & Cherry St,6.0,0.0
2025-10-06,510,North,25005,91731.0,,15:30:04,15:31:14,3,641,4th Ave & Seneca St,4.0,0.0
2025-10-06,510,North,25005,91731.0,15:31:00,15:32:18,15:32:38,4,2976,4th Ave & Pine St,2.0,0.0
2025-10-06,510,North,25005,91731.0,,15:35:44,15:37:01,5,473,Olive Way & 6th Ave,7.0,0.0
2025-10-06,510,North,25005,91731.0,15:35:00,15:37:40,15:38:27,6,430,Howell St & 9th Ave,10.0,0.0
2025-10-06,510,North,25005,91731.0,,15:41:36,15:41:57,7,431,Howell St & Yale Ave,2.0,0.0
2025-10-06,510,North,25005,91731.0,15:56:00,,,11,2766,Mountlake Terrace Fwy Station Bay 7,,
2025-10-06,510,North,25005,91731.0,16:16:00,16:15:58,16:16:51,12,2869,South Everett Fwy Station Bay 6,0.0,29.0
2025-10-06,510,North,25005,91731.0,,16:30:05,16:30:16,13,3219,Broadway & 33rd St,0.0,0.0
2025-10-06,510,North,25005,91731.0,16:38:00,16:32:03,16:32:03,14,2861,Everett Station,0.0,0.0
2025-10-06,510,North,25006,91727.0,15:40:00,15:40:37,15:40:37,0,640,4th Ave S & S Jackson St,3.0,0.0
2025-10-06,510,North,25006,91727.0,,15:41:22,15:41:44,1,635,4th Ave S & S Washington St,2.0,0.0
2025-10-06,510,North,25006,91727.0,,15:43:07,15:43:50,2,2638,4th Ave & Cherry St,9.0,0.0
2025-10-06,510,North,25006,91727.0,,15:45:06,15:46:21,3,641,4th Ave & Seneca St,5.0,0.0
2025-10-06,510,North,25006,91727.0,15:46:00,15:47:28,15:48:01,4,2976,4th Ave & Pine St,6.0,0.0
2025-10-06,510,North,25006,91727.0,,15:49:21,15:50:37,5,473,Olive Way & 6th Ave,9.0,0.0
2025-10-06,510,North,25006,91727.0,15:50:00,15:52:17,15:52:53,6,430,Howell St & 9th Ave,6.0,0.0
2025-10-06,510,North,25006,91727.0,,15:56:38,15:57:11,7,431,Howell St & Yale Ave,5.0,0.0
2025-10-06,510,North,25006,91727.0,16:12:00,16:14:46,16:15:11,11,2766,Mountlake Terrace Fwy Station Bay 7,0.0,2.0
2025-10-06,510,North,25006,91727.0,16:35:00,16:29:19,16:30:23,12,2869,South Everett Fwy Station Bay 6,0.0,27.0
2025-10-06,510,North,25006,91727.0,,16:41:10,16:41:21,13,3219,Broadway & 33rd St,0.0,0.0
2025-10-06,510,North,25006,91727.0,16:58:00,16:42:41,16:42:41,14,2861,Everett Station,0.0,16.0
2025-10-06,510,North,25007,91501.0,15:55:00,15:57:48,15:57:48,0,640,4th Ave S & S Jackson St,5.0,0.0
2025-10-06,510,North,25007,91501.0,,15:59:04,15:59:44,1,635,4th Ave S & S Washington St,1.0,0.0
2025-10-06,510,North,25007,91501.0,,16:01:02,16:01:57,2,2638,4th Ave & Cherry St,7.0,0.0
2025-10-06,510,North,25007,91501.0,,16:04:25,16:05:49,3,641,4th Ave & Seneca St,7.0,0.0
2025-10-06,510,North,25007,91501.0,16:01:00,16:07:00,16:07:52,4,2976,4th Ave & Pine St,6.0,3.0
2025-10-06,510,North,25007,91501.0,,16:09:13,16:11:34,5,473,Olive Way & 6th Ave,19.0,0.0
2025-10-06,510,North,25007,91501.0,16:05:00,16:13:10,16:13:47,6,430,Howell St & 9th Ave,3.0,1.0
2025-10-06,510,North,25007,91501.0,,16:17:44,16:18:34,7,431,Howell St & Yale Ave,4.0,0.0
2025-10-06,510,North,25007,91501.0,16:28:00,16:37:05,16:37:42,11,2766,Mountlake Terrace Fwy Station Bay 7,0.0,14.0
2025-10-06,510,North,25007,91501.0,16:51:00,16:50:58,16:52:16,12,2869,South Everett Fwy Station Bay 6,2.0,33.0
2025-10-06,510,North,25007,91501.0,,17:02:21,17:02:59,13,3219,Broadway & 33rd St,0.0,3.0
2025-10-06,510,North,25007,91501.0,17:14:00,17:04:33,17:04:33,14,2861,Everett Station,0.0,0.0
2025-10-06,510,North,25008,19814.0,16:10:00,16:10:27,16:10:27,0,640,4th Ave S & S Jackson St,5.0,0.0
2025-10-06,510,North,25008,19814.0,,16:11:02,16:11:16,1,635,4th Ave S & S Washington St,1.0,0.0
2025-10-06,510,North,25008,19814.0,,16:12:52,16:13:48,2,2638,4th Ave & Cherry St,4.0,0.0
2025-10-06,510,North,25008,19814.0,,16:15:07,16:16:16,3,641,4th Ave & Seneca St,5.0,0.0
2025-10-06,510,North,25008,19814.0,16:16:00,16:17:19,16:18:22,4,2976,4th Ave & Pine St,5.0,0.0
2025-10-06,510,North,25008,19814.0,,16:19:26,16:20:41,5,473,Olive Way & 6th Ave,3.0,0.0
2025-10-06,510,North,25008,19814.0,16:20:00,16:22:13,16:22:37,6,430,Howell St & 9th Ave,4.0,0.0
2025-10-06,510,North,25008,19814.0,,16:25:08,16:25:40,7,431,Howell St & Yale Ave,8.0,0.0
2025-10-06,510,North,25008,19814.0,16:43:00,16:45:43,16:46:16,11,2766,Mountlake Terrace Fwy Station Bay 7,0.0,12.0
2025-10-06,510,North,25008,19814.0,17:06:00,16:59:46,17:00:11,12,2869,South Everett Fwy Station Bay 6,0.0,7.0
2025-10-06,510,North,25008,19814.0,,17:08:22,17:08:22,13,3219,Broadway & 33rd St,0.0,0.0
2025-10-06,510,North,25008,19814.0,17:29:00,17:09:16,17:09:16,14,2861,Everett Station,0.0,16.0
2025-10-06,510,North,25009,19817.0,16:25:00,16:25:31,16:25:31,0,640,4th Ave S & S Jackson St,3.0,0.0
2025-10-06,510,North,25009,19817.0,,16:26:29,16:26:41,1,635,4th Ave S & S Washington St,1.0,0.0
2025-10-06,510,North,25009,19817.0,,16:28:01,16:29:12,2,2638,4th Ave & Cherry St,7.0,0.0
2025-10-06,510,North,25009,19817.0,,16:31:05,16:31:36,3,641,4th Ave & Seneca St,4.0,0.0
2025-10-06,510,North,25009,19817.0,16:31:00,16:33:33,16:33:57,4,2976,4th Ave & Pine St,4.0,0.0
2025-10-06,510,North,25009,19817.0,,16:35:59,16:37:04,5,473,Olive Way & 6th Ave,11.0,1.0
2025-10-06,510,North,25009,19817.0,16:35:00,16:38:40,16:39:04,6,430,Howell St & 9th Ave,3.0,0.0
2025-10-06,510,North,25009,19817.0,,16:43:40,16:44:08,7,431,Howell St & Yale Ave,1.0,1.0
2025-10-06,510,North,25009,19817.0,16:58:00,17:04:26,17:05:13,11,2766,Mountlake Terrace Fwy Station Bay 7,0.0,3.0
2025-10-06,510,North,25009,19817.0,17:21:00,17:18:00,17:18:32,12,2869,South Everett Fwy Station Bay 6,0.0,23.0
2025-10-06,510,North,25009,19817.0,,17:26:49,17:26:49,13,3219,Broadway & 33rd St,0.0,0.0
2025-10-06,510,North,25009,19817.0,17:44:00,17:27:53,17:27:53,14,2861,Everett Station,0.0,6.0
2025-10-06,510,North,25010,,16:40:00,,,0,640,4th Ave S & S Jackson St,,
2025-10-06,510,North,25010,,,,,1,635,4th Ave S & S Washington St,,
2025-10-06,510,North,25010,,,,,2,2638,4th Ave & Cherry St,,
2025-10-06,510,North,25010,,,,,3,641,4th Ave & Seneca St,,
2025-10-06,510,North,25010,,16:46:00,,,4,2976,4th Ave & Pine St,,
2025-10-06,510,North,25010,,,,,5,473,Olive Way & 6th Ave,,
2025-10-06,510,North,25010,,16:50:00,,,6,430,Howell St & 9th Ave,,
2025-10-06,510,North,25010,,,,,7,431,Howell St & Yale Ave,,
2025-10-06,510,North,25010,,17:13:00,,,11,2766,Mountlake Terrace Fwy Station Bay 7,,
2025-10-06,510,North,25010,,17:36:00,,,12,2869,South Everett Fwy Station Bay 6,,
2025-10-06,510,North,25010,,,,,13,3219,Broadway & 33rd St,,
2025-10-06,510,North,25010,,17:59:00,,,14,2861,Everett Station,,
2025-10-06,510,North,25011,91726.0,16:55:00,16:57:45,16:57:45,0,640,4th Ave S & S Jackson St,10.0,0.0
2025-10-06,510,North,25011,91726.0,,16:59:00,16:59:24,1,635,4th Ave S & S Washington St,2.0,0.0
2025-10-06,510,North,25011,91726.0,,17:00:58,17:01:50,2,2638,4th Ave & Cherry St,12.0,0.0
2025-10-06,510,North,25011,91726.0,,17:02:59,17:04:18,3,641,4th Ave & Seneca St,11.0,1.0
2025-10-06,510,North,25011,91726.0,17:01:00,17:05:31,17:06:31,4,2976,4th Ave & Pine St,13.0,0.0
2025-10-06,510,North,25011,91726.0,,17:07:34,17:08:35,5,473,Olive Way & 6th Ave,17.0,0.0
2025-10-06,510,North,25011,91726.0,17:05:00,17:10:04,17:10:57,6,430,Howell St & 9th Ave,6.0,0.0
2025-10-06,510,North,25011,91726.0,,17:13:32,17:14:29,7,431,Howell St & Yale Ave,5.0,1.0
2025-10-06,510,North,25011,91726.0,17:27:00,17:33:18,17:33:55,11,2766,Mountlake Terrace Fwy Station Bay 7,2.0,9.0
2025-10-06,510,North,25011,91726.0,17:50:00,17:47:06,17:49:18,12,2869,South Everett Fwy Station Bay 6,0.0,45.0
2025-10-06,510,North,25011,91726.0,,17:56:46,17:57:17,13,3219,Broadway & 33rd St,0.0,6.0
2025-10-06,510,North,25011,91726.0,18:09:00,17:58:43,17:58:43,14,2861,Everett Station,0.0,16.0
2025-10-06,510,North,25012,91711.0,17:10:00,17:10:55,17:10:55,0,640,4th Ave S & S Jackson St,6.0,0.0
2025-10-06,510,North,25012,91711.0,,17:12:40,17:13:19,1,635,4th Ave S & S Washington St,2.0,0.0
2025-10-06,510,North,25012,91711.0,,17:14:26,17:15:03,2,2638,4th Ave & Cherry St,4.0,0.0
2025-10-06,510,North,25012,91711.0,,17:17:32,17:18:16,3,641,4th Ave & Seneca St,10.0,1.0
2025-10-06,510,North,25012,91711.0,17:16:00,17:19:59,17:20:36,4,2976,4th Ave & Pine St,4.0,0.0
2025-10-06,510,North,25012,91711.0,,17:22:13,17:23:33,5,473,Olive Way & 6th Ave,8.0,0.0
2025-10-06,510,North,25012,91711.0,17:20:00,17:25:05,17:25:47,6,430,Howell St & 9th Ave,7.0,2.0
2025-10-06,510,North,25012,91711.0,,17:28:08,17:28:36,7,431,Howell St & Yale Ave,1.0,0.0
2025-10-06,510,North,25012,91711.0,17:42:00,17:47:21,17:48:02,11,2766,Mountlake Terrace Fwy Station Bay 7,0.0,14.0
2025-10-06,510,North,25012,91711.0,18:05:00,18:00:58,18:01:43,12,2869,South Everett Fwy Station Bay 6,0.0,14.0
2025-10-06,510,North,25012,91711.0,,18:09:12,18:09:27,13,3219,Broadway & 33rd St,0.0,2.0
2025-10-06,510,North,25012,91711.0,18:21:00,18:10:53,18:10:53,14,2861,Everett Station,0.0,9.0
2025-10-06,510,North,25013,,17:25:00,,,0,640,4th Ave S & S Jackson St,,
2025-10-06,510,North,25013,,,,,1,635,4th Ave S & S Washington St,,
2025-10-06,510,North,25013,,,,,2,2638,4th Ave & Cherry St,,
2025-10-06,510,North,25013,,,,,3,641,4th Ave & Seneca St,,
2025-10-06,510,North,25013,,17:31:00,,,4,2976,4th Ave & Pine St,,
2025-10-06,510,North,25013,,,,,5,473,Olive Way & 6th Ave,,
2025-10-06,510,North,25013,,17:35:00,,,6,430,Howell St & 9th Ave,,
2025-10-06,510,North,25013,,,,,7,431,Howell St & Yale Ave,,
2025-10-06,510,North,25013,,17:56:00,,,11,2766,Mountlake Terrace Fwy Station Bay 7,,
2025-10-06,510,North,25013,,18:18:00,,,12,2869,South Everett Fwy Station Bay 6,,
2025-10-06,510,North,25013,,,,,13,3219,Broadway & 33rd St,,
2025-10-06,510,North,25013,,18:33:00,,,14,2861,Everett Station,,
2025-10-06,510,North,25014,91505.0,17:45:00,17:46:52,17:46:52,0,640,4th Ave S & S Jackson St,8.0,0.0
2025-10-06,510,North,25014,91505.0,,17:48:13,17:48:42,1,635,4th Ave S & S Washington St,3.0,0.0
2025-10-06,510,North,25014,91505.0,,17:50:23,17:51:01,2,2638,4th Ave & Cherry St,5.0,0.0
2025-10-06,510,North,25014,91505.0,,17:52:45,17:53:43,3,641,4th Ave & Seneca St,12.0,0.0
2025-10-06,510,North,25014,91505.0,17:51:00,17:55:02,17:55:59,4,2976,4th Ave & Pine St,6.0,2.0
2025-10-06,510,North,25014,91505.0,,17:58:11,17:59:33,5,473,Olive Way & 6th Ave,9.0,0.0
2025-10-06,510,North,25014,91505.0,17:55:00,18:01:02,18:02:09,6,430,Howell St & 9th Ave,8.0,3.0
2025-10-06,510,North,25014,91505.0,,18:04:42,18:05:39,7,431,Howell St & Yale Ave,8.0,2.0
2025-10-06,510,North,25014,91505.0,18:13:00,18:20:45,18:21:32,11,2766,Mountlake Terrace Fwy Station Bay 7,1.0,18.0
2025-10-06,510,North,25014,91505.0,18:32:00,18:32:57,18:34:13,12,2869,South Everett Fwy Station Bay 6,0.0,35.0
2025-10-06,510,North,25014,91505.0,,18:41:08,18:41:08,13,3219,Broadway & 33rd St,0.0,0.0
2025-10-06,510,North,25014,91505.0,18:43:00,18:42:03,18:42:03,14,2861,Everett Station,0.0,0.0
2025-10-06,510,North,25015,91706.0,18:05:00,18:06:10,18:06:10,0,640,4th Ave S & S Jackson St,2.0,0.0
2025-10-06,510,North,25015,91706.0,,18:07:20,18:07:31,1,635,4th Ave S & S Washington St,0.0,0.0
2025-10-06,510,North,25015,91706.0,,18:10:04,18:10:27,2,2638,4th Ave & Cherry St,3.0,0.0
2025-10-06,510,North,25015,91706.0,,18:13:00,18:14:45,3,641,4th Ave & Seneca St,4.0,0.0
2025-10-06,510,North,25015,91706.0,18:11:00,18:15:54,18:16:56,4,2976,4th Ave & Pine St,6.0,0.0
2025-10-06,510,North,25015,91706.0,,18:18:06,18:19:11,5,473,Olive Way & 6th Ave,3.0,0.0
2025-10-06,510,North,25015,91706.0,18:14:00,18:20:35,18:21:12,6,430,Howell St & 9th Ave,4.0,0.0
2025-10-06,510,North,25015,91706.0,,18:23:49,18:24:20,7,431,Howell St & Yale Ave,3.0,0.0
2025-10-06,510,North,25015,91706.0,18:32:00,18:38:15,18:39:38,11,2766,Mountlake Terrace Fwy Station Bay 7,1.0,0.0
2025-10-06,510,North,25015,91706.0,18:48:00,18:51:21,18:52:01,12,2869,South Everett Fwy Station Bay 6,0.0,10.0
2025-10-06,510,North,25015,91706.0,,18:59:28,18:59:49,13,3219,Broadway & 33rd St,0.0,2.0
2025-10-06,510,North,25015,91706.0,18:59:00,19:01:33,19:01:33,14,2861,Everett Station,0.0,14.0
2025-10-06,510,North,25016,19856.0,18:30:00,18:30:14,18:30:14,0,640,4th Ave S & S Jackson St,9.0,0.0
2025-10-06,510,North,25016,19856.0,,18:30:40,18:30:40,1,635,4th Ave S & S Washington St,0.0,0.0
2025-10-06,510,North,25016,19856.0,,18:31:24,18:32:14,2,2638,4th Ave & Cherry St,3.0,0.0
2025-10-06,510,North,25016,19856.0,,18:33:06,18:33:26,3,641,4th Ave & Seneca St,1.0,1.0
2025-10-06,510,North,25016,19856.0,18:36:00,18:35:10,18:35:36,4,2976,4th Ave & Pine St,1.0,0.0
2025-10-06,510,North,25016,19856.0,,18:37:11,18:38:35,5,473,Olive Way & 6th Ave,5.0,1.0
2025-10-06,510,North,25016,19856.0,18:39:00,18:39:08,18:39:33,6,430,Howell St & 9th Ave,3.0,2.0
2025-10-06,510,North,25016,19856.0,,18:41:59,18:42:34,7,431,Howell St & Yale Ave,5.0,0.0
2025-10-06,510,North,25016,19856.0,18:57:00,18:55:42,18:55:54,11,2766,Mountlake Terrace Fwy Station Bay 7,0.0,0.0
2025-10-06,510,North,25016,19856.0,19:12:00,19:06:39,19:07:14,12,2869,South Everett Fwy Station Bay 6,0.0,15.0
2025-10-06,510,North,25016,19856.0,,19:14:20,19:14:20,13,3219,Broadway & 33rd St,0.0,0.0
2025-10-06,510,North,25016,19856.0,19:22:00,19:15:31,19:15:31,14,2861,Everett Station,0.0,8.0
2025-10-06,510,South,25017,91722.0,04:05:00,04:05:06,04:05:06,0,2986,Hewitt Ave & Fulton St,2.0,0.0
2025-10-06,510,South,25017,91722.0,,04:06:05,04:06:05,1,2440,Hewitt Ave & Lombard Ave,0.0,0.0
2025-10-06,510,South,25017,91722.0,,04:07:55,04:07:55,2,2355,Wetmore Ave & Wall St,0.0,0.0
2025-10-06,510,South,25017,91722.0,,04:08:26,04:08:26,3,2359,Pacific Ave & Rockefeller Ave,0.0,0.0
2025-10-06,510,South,25017,91722.0,04:11:00,04:10:27,04:11:27,4,2345,Everett Station Bay C1,13.0,0.0
2025-10-06,510,South,25017,91722.0,,04:13:01,04:13:01,5,2367,Broadway & 34th St,0.0,0.0
2025-10-06,510,South,25017,91722.0,04:20:00,04:19:45,04:20:21,6,2868,South Everett Fwy Station Bay 3,6.0,0.0
2025-10-06,510,South,25017,91722.0,04:31:00,04:30:37,04:31:04,7,2765,Mountlake Terrace Fwy Station Bay 6,5.0,0.0
2025-10-06,510,South,25017,91722.0,04:48:00,04:44:22,04:44:56,11,1909,Stewart St & 9th Ave,0.0,5.0
2025-10-06,510,South,25017,91722.0,,04:46:01,04:46:01,12,1908,Stewart St & 7th Ave,0.0,0.0
2025-10-06,510,South,25017,91722.0,04:52:00,04:47:35,04:48:20,13,2698,5th Ave & Pine St,0.0,6.0
2025-10-06,510,South,25017,91722.0,,04:49:21,04:49:48,14,2700,5th Ave & Seneca St,0.0,5.0
2025-10-06,510,South,25017,91722.0,,04:50:43,04:51:12,15,2702,5th Ave & Marion St,0.0,4.0
2025-10-06,510,South,25017,91722.0,,04:52:21,04:53:07,16,2290,5th Ave & Jefferson St,0.0,1.0
2025-10-06,510,South,25017,91722.0,05:00:00,04:55:43,04:55:43,17,2706,5th Ave S & S Jackson St,0.0,5.0
2025-10-06,510,South,25018,91710.0,04:40:00,04:40:09,04:40:09,0,2986,Hewitt Ave & Fulton St,2.0,0.0
2025-10-06,510,South,25018,91710.0,,04:41:15,04:41:15,1,2440,Hewitt Ave & Lombard Ave,0.0,0.0
2025-10-06,510,South,25018,91710.0,,04:43:29,04:43:58,2,2355,Wetmore Ave & Wall St,1.0,0.0
2025-10-06,510,South,25018,91710.0,,04:44:45,04:45:10,3,2359,Pacific Ave & Rockefeller Ave,1.0,0.0
2025-10-06,510,South,25018,91710.0,04:46:00,04:47:21,04:48:20,4,2345,Everett Station Bay C1,9.0,0.0
2025-10-06,510,South,25018,91710.0,,04:50:08,04:50:08,5,2367,Broadway & 34th St,0.0,0.0
2025-10-06,510,South,25018,91710.0,04:57:00,04:57:03,04:59:43,6,2868,South Everett Fwy Station Bay 3,27.0,0.0
2025-10-06,510,South,25018,91710.0,05:08:00,05:10:00,05:10:33,7,2765,Mountlake Terrace Fwy Station Bay 6,3.0,1.0
2025-10-06,510,South,25018,91710.0,05:26:00,05:25:16,05:26:04,11,1909,Stewart St & 9th Ave,0.0,13.0
2025-10-06,510,South,25018,91710.0,,05:27:05,05:27:33,12,1908,Stewart St & 7th Ave,0.0,4.0
2025-10-06,510,South,25018,91710.0,05:30:00,05:28:37,05:29:21,13,2698,5th Ave & Pine St,0.0,2.0
2025-10-06,510,South,25018,91710.0,,05:31:10,05:31:51,14,2700,5th Ave & Seneca St,0.0,7.0
2025-10-06,510,South,25018,91710.0,,05:32:41,05:33:14,15,2702,5th Ave & Marion St,0.0,7.0
2025-10-06,510,South,25018,91710.0,,05:34:30,05:34:49,16,2290,5th Ave & Jefferson St,0.0,5.0
2025-10-06,510,South,25018,91710.0,05:38:00,05:36:36,05:36:36,17,2706,5th Ave S & S Jackson St,0.0,4.0
2025-10-06,510,South,25019,91708.0,05:10:00,05:10:08,05:10:08,0,2345,Everett Station Bay C1,16.0,0.0
2025-10-06,510,South,25019,91708.0,,05:12:20,05:12:45,1,2367,Broadway & 34th St,3.0,0.0
2025-10-06,510,South,25019,91708.0,05:20:00,05:20:15,05:21:36,2,2868,South Everett Fwy Station Bay 3,19.0,2.0
2025-10-06,510,South,25019,91708.0,05:31:00,05:32:11,05:32:49,3,2765,Mountlake Terrace Fwy Station Bay 6,7.0,0.0
2025-10-06,510,South,25019,91708.0,05:49:00,05:47:19,05:47:46,7,1909,Stewart St & 9th Ave,0.0,6.0
2025-10-06,510,South,25019,91708.0,,05:49:02,05:49:18,8,1908,Stewart St & 7th Ave,0.0,1.0
2025-10-06,510,South,25019,91708.0,05:54:00,05:50:29,05:51:24,9,2698,5th Ave & Pine St,0.0,7.0
2025-10-06,510,South,25019,91708.0,,05:52:18,05:52:48,10,2700,5th Ave & Seneca St,1.0,10.0
2025-10-06,510,South,25019,91708.0,,05:53:31,05:54:09,11,2702,5th Ave & Marion St,0.0,11.0
2025-10-06,510,South,25019,91708.0,,05:55:19,05:55:51,12,2290,5th Ave & Jefferson St,1.0,7.0
2025-10-06,510,South,25019,91708.0,06:03:00,05:57:31,05:57:31,13,2706,5th Ave S & S Jackson St,0.0,3.0
2025-10-06,510,South,25020,91718.0,05:40:00,05:40:48,05:40:48,0,2345,Everett Station Bay C1,31.0,0.0
2025-10-06,510,South,25020,91718.0,,05:43:13,05:43:47,1,2367,Broadway & 34th St,2.0,0.0
2025-10-06,510,South,25020,91718.0,05:50:00,05:51:16,05:52:21,2,2868,South Everett Fwy Station Bay 3,15.0,0.0
2025-10-06,510,South,25020,91718.0,06:01:00,06:03:18,06:03:40,3,2765,Mountlake Terrace Fwy Station Bay 6,0.0,1.0
2025-10-06,510,South,25020,91718.0,06:22:00,06:17:37,06:18:15,7,1909,Stewart St & 9th Ave,0.0,11.0
2025-10-06,510,South,25020,91718.0,,06:19:40,06:20:04,8,1908,Stewart St & 7th Ave,0.0,1.0
2025-10-06,510,South,25020,91718.0,06:28:00,06:21:22,06:21:49,9,2698,5th Ave & Pine St,0.0,5.0
2025-10-06,510,South,25020,91718.0,,06:24:40,06:25:23,10,2700,5th Ave & Seneca St,0.0,15.0
2025-10-06,510,South,25020,91718.0,,06:26:34,06:27:14,11,2702,5th Ave & Marion St,0.0,8.0
2025-10-06,510,South,25020,91718.0,,06:29:32,06:30:28,12,2290,5th Ave & Jefferson St,0.0,7.0
2025-10-06,510,South,25020,91718.0,06:38:00,06:32:22,06:32:22,13,2706,5th Ave S & S Jackson St,0.0,0.0
2025-10-06,510,South,25021,91722.0,05:52:00,05:52:24,05:52:24,0,2345,Everett Station Bay C1,14.0,0.0
2025-10-06,510,South,25021,91722.0,,05:54:48,05:54:48,1,2367,Broadway & 34th St,0.0,0.0
2025-10-06,510,South,25021,91722.0,06:02:00,06:01:32,06:02:20,2,2868,South Everett Fwy Station Bay 3,9.0,0.0
2025-10-06,510,South,25021,91722.0,06:14:00,06:13:04,06:13:20,3,2765,Mountlake Terrace Fwy Station Bay 6,1.0,0.0
2025-10-06,510,South,25021,91722.0,06:35:00,06:28:01,06:28:24,7,1909,Stewart St & 9th Ave,1.0,2.0
2025-10-06,510,South,25021,91722.0,,06:28:54,06:29:19,8,1908,Stewart St & 7th Ave,0.0,6.0
2025-10-06,510,South,25021,91722.0,06:41:00,06:30:25,06:30:52,9,2698,5th Ave & Pine St,0.0,4.0
2025-10-06,510,South,25021,91722.0,,06:32:37,06:33:18,10,2700,5th Ave & Seneca St,1.0,4.0
2025-10-06,510,South,25021,91722.0,,06:34:07,06:34:43,11,2702,5th Ave & Marion St,0.0,6.0
2025-10-06,510,South,25021,91722.0,,06:36:01,06:36:27,12,2290,5th Ave & Jefferson St,0.0,4.0
2025-10-06,510,South,25021,91722.0,06:51:00,06:38:57,06:38:57,13,2706,5th Ave S & S Jackson St,0.0,0.0
2025-10-06,510,South,25022,91908.0,06:04:00,06:05:30,06:05:30,0,2345,Everett Station Bay C1,15.0,0.0
2025-10-06,510,South,25022,91908.0,,06:06:26,06:06:45,1,2367,Broadway & 34th St,1.0,0.0
2025-10-06,510,South,25022,91908.0,06:14:00,06:14:04,06:15:26,2,2868,South Everett Fwy Station Bay 3,22.0,0.0
2025-10-06,510,South,25022,91908.0,06:26:00,06:25:54,06:26:30,3,2765,Mountlake Terrace Fwy Station Bay 6,3.0,1.0
2025-10-06,510,South,25022,91908.0,06:48:00,06:40:52,06:41:24,7,1909,Stewart St & 9th Ave,0.0,7.0
2025-10-06,510,South,25022,91908.0,,06:42:14,06:42:43,8,1908,Stewart St & 7th Ave,0.0,5.0
2025-10-06,510,South,25022,91908.0,06:54:00,06:43:48,06:45:04,9,2698,5th Ave & Pine St,0.0,6.0
2025-10-06,510,South,25022,91908.0,,06:45:58,06:46:29,10,2700,5th Ave & Seneca St,0.0,10.0
2025-10-06,510,South,25022,91908.0,,06:47:33,06:48:16,11,2702,5th Ave & Marion St,0.0,6.0
2025-10-06,510,South,25022,91908.0,,06:49:27,06:49:49,12,2290,5th Ave & Jefferson St,0.0,6.0
2025-10-06,510,South,25022,91908.0,07:04:00,06:52:18,06:52:18,13,2706,5th Ave S & S Jackson St,0.0,0.0
2025-10-06,510,South,25023,91720.0,06:16:00,06:17:02,06:17:02,0,2345,Everett Station Bay C1,12.0,0.0
2025-10-06,510,South,25023,91720.0,,06:18:37,06:18:37,1,2367,Broadway & 34th St,0.0,0.0
2025-10-06,510,South,25023,91720.0,06:26:00,06:26:22,06:27:15,2,2868,South Everett Fwy Station Bay 3,13.0,0.0
2025-10-06,510,South,25023,91720.0,06:38:00,06:39:24,06:39:55,3,2765,Mountlake Terrace Fwy Station Bay 6,3.0,0.0
2025-10-06,510,South,25023,91720.0,07:00:00,06:55:18,06:56:13,7,1909,Stewart St & 9th Ave,0.0,4.0
2025-10-06,510,South,25023,91720.0,,06:57:09,06:57:37,8,1908,Stewart St & 7th Ave,0.0,8.0
2025-10-06,510,South,25023,91720.0,07:06:00,06:58:45,06:59:11,9,2698,5th Ave & Pine St,0.0,3.0
2025-10-06,510,South,25023,91720.0,,07:00:52,07:01:21,10,2700,5th Ave & Seneca St,1.0,3.0
2025-10-06,510,South,25023,91720.0,,07:02:34,07:03:15,11,2702,5th Ave & Marion St,0.0,6.0
2025-10-06,510,South,25023,91720.0,,07:05:03,07:05:03,12,2290,5th Ave & Jefferson St,0.0,5.0
2025-10-06,510,South,25023,91720.0,07:17:00,07:07:11,07:07:11,13,2706,5th Ave S & S Jackson St,0.0,0.0
2025-10-06,510,South,25024,91716.0,06:28:00,06:28:15,06:28:15,0,2345,Everett Station Bay C1,15.0,0.0
2025-10-06,510,South,25024,91716.0,,06:31:34,06:32:13,1,2367,Broadway & 34th St,3.0,0.0
2025-10-06,510,South,25024,91716.0,06:38:00,06:39:35,06:41:03,2,2868,South Everett Fwy Station Bay 3,19.0,1.0
2025-10-06,510,South,25024,91716.0,06:50:00,06:52:47,06:53:54,3,2765,Mountlake Terrace Fwy Station Bay 6,11.0,0.0
2025-10-06,510,South,25024,91716.0,07:13:00,07:08:44,07:09:43,7,1909,Stewart St & 9th Ave,0.0,10.0
2025-10-06,510,South,25024,91716.0,,07:10:41,07:11:19,8,1908,Stewart St & 7th Ave,0.0,14.0
2025-10-06,510,South,25024,91716.0,07:19:00,07:12:22,07:13:36,9,2698,5th Ave & Pine St,1.0,2.0
2025-10-06,510,South,25024,91716.0,,07:14:35,07:15:09,10,2700,5th Ave & Seneca St,2.0,9.0
2025-10-06,510,South,25024,91716.0,,07:16:05,07:16:44,11,2702,5th Ave & Marion St,0.0,8.0
2025-10-06,510,South,25024,91716.0,,07:17:58,07:18:32,12,2290,5th Ave & Jefferson St,0.0,5.0
2025-10-06,510,South,25024,91716.0,07:30:00,07:20:47,07:20:47,13,2706,5th Ave S & S Jackson St,0.0,2.0
2025-10-06,510,South,25025,91707.0,06:40:00,06:56:47,06:56:47,0,2345,Everett Station Bay C1,26.0,0.0
2025-10-06,510,South,25025,91707.0,,,,1,2367,Broadway & 34th St,,
2025-10-06,510,South,25025,91707.0,06:50:00,07:06:00,07:08:55,2,2868,South Everett Fwy Station Bay 3,30.0,0.0
2025-10-06,510,South,25025,91707.0,07:03:00,07:23:05,07:24:25,3,2765,Mountlake Terrace Fwy Station Bay 6,4.0,5.0
2025-10-06,510,South,25025,91707.0,07:28:00,07:43:41,07:44:26,7,1909,Stewart St & 9th Ave,0.0,19.0
2025-10-06,510,South,25025,91707.0,,07:45:17,07:46:03,8,1908,Stewart St & 7th Ave,0.0,10.0
2025-10-06,510,South,25025,91707.0,07:34:00,07:48:26,07:49:40,9,2698,5th Ave & Pine St,0.0,8.0
2025-10-06,510,South,25025,91707.0,,07:51:53,07:52:29,10,2700,5th Ave & Seneca St,0.0,7.0
2025-10-06,510,South,25025,91707.0,,07:53:53,07:54:38,11,2702,5th Ave & Marion St,1.0,5.0
2025-10-06,510,South,25025,91707.0,,07:55:39,07:56:43,12,2290,5th Ave & Jefferson St,0.0,5.0
2025-10-06,510,South,25025,91707.0,07:47:00,07:59:42,07:59:42,13,2706,5th Ave S & S Jackson St,0.0,2.0
2025-10-06,510,South,25026,91721.0,06:52:00,06:54:46,06:54:46,0,2345,Everett Station Bay C1,6.0,0.0
2025-10-06,510,South,25026,91721.0,,06:58:08,06:58:08,1,2367,Broadway & 34th St,0.0,0.0
2025-10-06,510,South,25026,91721.0,07:02:00,07:06:48,07:07:52,2,2868,South Everett Fwy Station Bay 3,11.0,0.0
2025-10-06,510,South,25026,91721.0,07:15:00,07:20:00,07:20:39,3,2765,Mountlake Terrace Fwy Station Bay 6,8.0,0.0
2025-10-06,510,South,25026,91721.0,07:40:00,07:36:04,07:36:43,7,1909,Stewart St & 9th Ave,0.0,11.0
2025-10-06,510,South,25026,91721.0,,07:37:35,07:38:07,8,1908,Stewart St & 7th Ave,0.0,2.0
2025-10-06,510,South,25026,91721.0,07:46:00,07:39:28,07:39:56,9,2698,5th Ave & Pine St,0.0,3.0
2025-10-06,510,South,25026,91721.0,,07:41:34,07:42:21,10,2700,5th Ave & Seneca St,0.0,3.0
2025-10-06,510,South,25026,91721.0,,07:43:16,07:43:40,11,2702,5th Ave & Marion St,0.0,3.0
2025-10-06,510,South,25026,91721.0,,07:45:01,07:45:26,12,2290,5th Ave & Jefferson St,0.0,2.0
2025-10-06,510,South,25026,91721.0,07:59:00,07:47:20,07:47:20,13,2706,5th Ave S & S Jackson St,1.0,2.0
2025-10-06,510,South,25027,,07:04:00,,,0,2345,Everett Station Bay C1,,
2025-10-06,510,South,25027,,,,,1,2367,Broadway & 34th St,,
2025-10-06,510,South,25027,,07:14:00,,,2,2868,South Everett Fwy Station Bay 3,,
2025-10-06,510,South,25027,,07:28:00,,,3,2765,Mountlake Terrace Fwy Station Bay 6,,
2025-10-06,510,South,25027,,07:59:00,,,7,1909,Stewart St & 9th Ave,,
2025-10-06,510,South,25027,,,,,8,1908,Stewart St & 7th Ave,,
2025-10-06,510,South,25027,,08:05:00,,,9,2698,5th Ave & Pine St,,
2025-10-06,510,South,25027,,,,,10,2700,5th Ave & Seneca St,,
2025-10-06,510,South,25027,,,,,11,2702,5th Ave & Marion St,,
2025-10-06,510,South,25027,,,,,12,2290,5th Ave & Jefferson St,,
2025-10-06,510,South,25027,,08:20:00,,,13,2706,5th Ave S & S Jackson St,,
2025-10-06,510,South,25028,91712.0,07:16:00,07:19:37,07:19:37,0,2345,Everett Station Bay C1,22.0,0.0
2025-10-06,510,South,25028,91712.0,,07:21:27,07:21:52,1,2367,Broadway & 34th St,2.0,0.0
2025-10-06,510,South,25028,91712.0,07:26:00,07:29:46,07:31:32,2,2868,South Everett Fwy Station Bay 3,23.0,2.0
2025-10-06,510,South,25028,91712.0,07:40:00,07:44:11,07:44:44,3,2765,Mountlake Terrace Fwy Station Bay 6,4.0,2.0
2025-10-06,510,South,25028,91712.0,08:11:00,08:07:12,08:08:11,7,1909,Stewart St & 9th Ave,0.0,17.0
2025-10-06,510,South,25028,91712.0,,08:09:07,08:09:55,8,1908,Stewart St & 7th Ave,0.0,13.0
2025-10-06,510,South,25028,91712.0,08:17:00,08:10:53,08:12:06,9,2698,5th Ave & Pine St,0.0,4.0
2025-10-06,510,South,25028,91712.0,,08:12:56,08:13:28,10,2700,5th Ave & Seneca St,0.0,3.0
2025-10-06,510,South,25028,91712.0,,08:14:54,08:15:31,11,2702,5th Ave & Marion St,0.0,7.0
2025-10-06,510,South,25028,91712.0,,08:16:26,08:16:47,12,2290,5th Ave & Jefferson St,0.0,3.0
2025-10-06,510,South,25028,91712.0,08:34:00,08:19:07,08:19:07,13,2706,5th Ave S & S Jackson St,0.0,0.0
2025-10-06,510,South,25029,91706.0,07:28:00,07:28:50,07:28:50,0,2345,Everett Station Bay C1,8.0,0.0
2025-10-06,510,South,25029,91706.0,,07:31:27,07:31:49,1,2367,Broadway & 34th St,1.0,0.0
2025-10-06,510,South,25029,91706.0,07:38:00,07:39:14,07:40:08,2,2868,South Everett Fwy Station Bay 3,14.0,0.0
2025-10-06,510,South,25029,91706.0,07:52:00,07:51:54,07:52:57,3,2765,Mountlake Terrace Fwy Station Bay 6,1.0,0.0
2025-10-06,510,South,25029,91706.0,08:23:00,08:17:55,08:18:27,7,1909,Stewart St & 9th Ave,0.0,8.0
2025-10-06,510,South,25029,91706.0,,08:19:46,08:20:15,8,1908,Stewart St & 7th Ave,0.0,6.0
2025-10-06,510,South,25029,91706.0,08:29:00,08:23:00,08:24:07,9,2698,5th Ave & Pine St,0.0,4.0
2025-10-06,510,South,25029,91706.0,,08:26:21,08:26:44,10,2700,5th Ave & Seneca St,0.0,1.0
2025-10-06,510,South,25029,91706.0,,08:28:17,08:28:49,11,2702,5th Ave & Marion St,0.0,4.0
2025-10-06,510,South,25029,91706.0,,08:31:07,08:31:24,12,2290,5th Ave & Jefferson St,0.0,0.0
2025-10-06,510,South,25029,91706.0,08:47:00,08:34:18,08:34:18,13,2706,5th Ave S & S Jackson St,0.0,1.0
2025-10-06,510,South,25030,91724.0,07:43:00,07:45:34,07:45:34,0,2345,Everett Station Bay C1,11.0,0.0
2025-10-06,510,South,25030,91724.0,,07:48:16,07:48:16,1,2367,Broadway & 34th St,0.0,0.0
2025-10-06,510,South,25030,91724.0,07:53:00,07:55:48,07:56:49,2,2868,South Everett Fwy Station Bay 3,20.0,0.0
2025-10-06,510,South,25030,91724.0,08:07:00,08:09:23,08:09:49,3,2765,Mountlake Terrace Fwy Station Bay 6,4.0,0.0
2025-10-06,510,South,25030,91724.0,08:38:00,08:34:18,08:34:47,7,1909,Stewart St & 9th Ave,0.0,12.0
2025-10-06,510,South,25030,91724.0,,08:36:07,08:36:33,8,1908,Stewart St & 7th Ave,0.0,9.0
2025-10-06,510,South,25030,91724.0,08:44:00,08:37:48,08:39:05,9,2698,5th Ave & Pine St,1.0,4.0
2025-10-06,510,South,25030,91724.0,,08:41:20,08:41:52,10,2700,5th Ave & Seneca St,0.0,8.0
2025-10-06,510,South,25030,91724.0,,08:43:07,08:43:43,11,2702,5th Ave & Marion St,0.0,3.0
2025-10-06,510,South,25030,91724.0,,08:44:56,08:45:11,12,2290,5th Ave & Jefferson St,0.0,0.0
2025-10-06,510,South,25030,91724.0,09:02:00,08:47:22,08:47:22,13,2706,5th Ave S & S Jackson St,0.0,0.0
2025-10-06,510,South,25031,91711.0,07:58:00,07:58:18,07:58:18,0,2345,Everett Station Bay C1,12.0,0.0
2025-10-06,510,South,25031,91711.0,,08:01:40,08:01:40,1,2367,Broadway & 34th St,0.0,0.0
2025-10-06,510,South,25031,91711.0,08:08:00,08:08:35,08:10:14,2,2868,South Everett Fwy Station Bay 3,17.0,0.0
2025-10-06,510,South,25031,91711.0,08:22:00,08:24:17,08:24:51,3,2765,Mountlake Terrace Fwy Station Bay 6,3.0,1.0
2025-10-06,510,South,25031,91711.0,08:53:00,09:02:35,09:03:55,7,1909,Stewart St & 9th Ave,3.0,19.0
2025-10-06,510,South,25031,91711.0,,09:04:49,09:05:21,8,1908,Stewart St & 7th Ave,0.0,7.0
2025-10-06,510,South,25031,91711.0,08:59:00,09:06:22,09:07:36,9,2698,5th Ave & Pine St,1.0,3.0
2025-10-06,510,South,25031,91711.0,,09:08:34,09:08:58,10,2700,5th Ave & Seneca St,0.0,3.0
2025-10-06,510,South,25031,91711.0,,09:10:14,09:10:48,11,2702,5th Ave & Marion St,0.0,1.0
2025-10-06,510,South,25031,91711.0,,09:13:07,09:13:27,12,2290,5th Ave & Jefferson St,0.0,2.0
2025-10-06,510,South,25031,91711.0,09:17:00,09:15:56,09:15:56,13,2706,5th Ave S & S Jackson St,0.0,0.0
2025-10-06,510,South,25032,91908.0,08:18:00,08:17:31,08:17:31,0,2345,Everett Station Bay C1,18.0,0.0
2025-10-06,510,South,25032,91908.0,,08:19:46,08:20:06,1,2367,Broadway & 34th St,1.0,0.0
2025-10-06,510,South,25032,91908.0,08:29:00,08:27:12,08:28:48,2,2868,South Everett Fwy Station Bay 3,29.0,0.0
2025-10-06,510,South,25032,91908.0,08:42:00,08:42:01,08:42:31,3,2765,Mountlake Terrace Fwy Station Bay 6,3.0,0.0
2025-10-06,510,South,25032,91908.0,09:13:00,09:15:03,09:15:56,7,1909,Stewart St & 9th Ave,2.0,22.0
2025-10-06,510,South,25032,91908.0,,09:16:42,09:17:32,8,1908,Stewart St & 7th Ave,0.0,19.0
2025-10-06,510,South,25032,91908.0,09:19:00,09:19:45,09:20:08,9,2698,5th Ave & Pine St,0.0,2.0
2025-10-06,510,South,25032,91908.0,,09:21:57,09:22:18,10,2700,5th Ave & Seneca St,1.0,3.0
2025-10-06,510,South,25032,91908.0,,09:23:49,09:24:16,11,2702,5th Ave & Marion St,0.0,4.0
2025-10-06,510,South,25032,91908.0,,09:25:27,09:25:48,12,2290,5th Ave & Jefferson St,0.0,1.0
2025-10-06,510,South,25032,91908.0,09:37:00,09:27:44,09:27:44,13,2706,5th Ave S & S Jackson St,0.0,3.0
2025-10-06,510,South,25033,91902.0,08:38:00,08:38:11,08:38:11,0,2345,Everett Station Bay C1,10.0,0.0
2025-10-06,510,South,25033,91902.0,,08:39:43,08:39:43,1,2367,Broadway & 34th St,0.0,0.0
2025-10-06,510,South,25033,91902.0,08:49:00,08:46:09,08:47:21,2,2868,South Everett Fwy Station Bay 3,20.0,0.0
2025-10-06,510,South,25033,91902.0,09:02:00,08:57:59,08:58:40,3,2765,Mountlake Terrace Fwy Station Bay 6,4.0,1.0
2025-10-06,510,South,25033,91902.0,09:33:00,09:23:55,09:24:31,7,1909,Stewart St & 9th Ave,1.0,0.0
2025-10-06,510,South,25033,91902.0,,09:25:34,09:26:08,8,1908,Stewart St & 7th Ave,0.0,0.0
2025-10-06,510,South,25033,91902.0,09:39:00,09:27:26,09:28:36,9,2698,5th Ave & Pine St,0.0,15.0
2025-10-06,510,South,25033,91902.0,,09:30:44,09:31:11,10,2700,5th Ave & Seneca St,1.0,19.0
2025-10-06,510,South,25033,91902.0,,09:32:47,09:33:16,11,2702,5th Ave & Marion St,0.0,0.0
2025-10-06,510,South,25033,91902.0,,09:34:26,09:34:40,12,2290,5th Ave & Jefferson St,0.0,1.0
2025-10-06,510,South,25033,91902.0,09:57:00,09:37:20,09:37:20,13,2706,5th Ave S & S Jackson St,0.0,0.0
2025-10-07,510,North,25001,91911.0,14:00:00,14:00:20,14:00:20,0,640,4th Ave S & S Jackson St,5.0,0.0
2025-10-07,510,North,25001,91911.0,,14:01:01,14:01:20,1,635,4th Ave S & S Washington St,1.0,0.0
2025-10-07,510,North,25001,91911.0,,14:02:20,14:03:18,2,2638,4th Ave & Cherry St,10.0,0.0
2025-10-07,510,North,25001,91911.0,,14:04:33,14:06:08,3,641,4th Ave & Seneca St,10.0,0.0
2025-10-07,510,North,25001,91911.0,14:06:00,14:07:26,14:08:33,4,2976,4th Ave & Pine St,5.0,0.0
2025-10-07,510,North,25001,91911.0,,14:09:58,14:11:03,5,473,Olive Way & 6th Ave,6.0,0.0
2025-10-07,510,North,25001,91911.0,14:10:00,14:12:37,14:13:36,6,430,Howell St & 9th Ave,8.0,1.0
2025-10-07,510,North,25001,91911.0,,14:16:10,14:16:56,7,431,Howell St & Yale Ave,3.0,0.0
2025-10-07,510,North,25001,91911.0,14:30:00,14:30:24,14:30:50,11,2766,Mountlake Terrace Fwy Station Bay 7,0.0,8.0
2025-10-07,510,North,25001,91911.0,14:47:00,14:41:54,14:43:00,12,2869,South Everett Fwy Station Bay 6,1.0,37.0
2025-10-07,510,North,25001,91911.0,,14:52:29,14:52:49,13,3219,Broadway & 33rd St,0.0,3.0
2025-10-07,510,North,25001,91911.0,15:04:00,14:54:44,14:54:44,14,2861,Everett Station,0.0,0.0
2025-10-07,510,North,25002,91703.0,14:20:00,14:20:14,14:20:14,0,640,4th Ave S & S Jackson St,5.0,0.0
2025-10-07,510,North,25002,91703.0,,14:20:49,14:20:57,1,635,4th Ave S & S Washington St,0.0,0.0
2025-10-07,510,North,25002,91703.0,,14:22:16,14:22:53,2,2638,4th Ave & Cherry St,7.0,0.0
2025-10-07,510,North,25002,91703.0,,14:24:11,14:25:09,3,641,4th Ave & Seneca St,6.0,0.0
2025-10-07,510,North,25002,91703.0,14:26:00,14:26:23,14:27:00,4,2976,4th Ave & Pine St,4.0,0.0
2025-10-07,510,North,25002,91703.0,,14:28:27,14:29:20,5,473,Olive Way & 6th Ave,7.0,0.0
2025-10-07,510,North,25002,91703.0,14:30:00,14:30:01,14:30:36,6,430,Howell St & 9th Ave,3.0,1.0
2025-10-07,510,North,25002,91703.0,,14:32:46,14:33:14,7,431,Howell St & Yale Ave,3.0,0.0
2025-10-07,510,North,25002,91703.0,14:50:00,14:47:39,14:48:10,11,2766,Mountlake Terrace Fwy Station Bay 7,0.0,8.0
2025-10-07,510,North,25002,91703.0,15:07:00,14:59:34,15:00:45,12,2869,South Everett Fwy Station Bay 6,1.0,26.0
2025-10-07,510,North,25002,91703.0,,15:09:38,15:10:00,13,3219,Broadway & 33rd St,0.0,1.0
2025-10-07,510,North,25002,91703.0,15:24:00,15:11:33,15:11:33,14,2861,Everett Station,0.0,0.0
2025-10-07,510,North,25003,91726.0,14:50:00,14:50:57,14:50:57,0,640,4th Ave S & S Jackson St,4.0,0.0
2025-10-07,510,North,25003,91726.0,,14:52:01,14:52:01,1,635,4th Ave S & S Washington St,0.0,0.0
2025-10-07,510,North,25003,91726.0,,14:53:40,14:54:29,2,2638,4th Ave & Cherry St,10.0,0.0
2025-10-07,510,North,25003,91726.0,,14:56:31,14:57:19,3,641,4th Ave & Seneca St,5.0,0.0
2025-10-07,510,North,25003,91726.0,14:56:00,14:59:06,15:00:23,4,2976,4th Ave & Pine St,7.0,0.0
2025-10-07,510,North,25003,91726.0,,15:02:43,15:04:03,5,473,Olive Way & 6th Ave,9.0,1.0
2025-10-07,510,North,25003,91726.0,15:00:00,15:04:42,15:05:38,6,430,Howell St & 9th Ave,8.0,0.0
2025-10-07,510,North,25003,91726.0,,15:08:39,15:09:28,7,431,Howell St & Yale Ave,7.0,4.0
2025-10-07,510,North,25003,91726.0,15:20:00,15:25:51,15:26:24,11,2766,Mountlake Terrace Fwy Station Bay 7,1.0,10.0
2025-10-07,510,North,25003,91726.0,15:38:00,15:38:31,15:39:45,12,2869,South Everett Fwy Station Bay 6,1.0,35.0
2025-10-07,510,North,25003,91726.0,,15:48:39,15:49:06,13,3219,Broadway & 33rd St,0.0,2.0
2025-10-07,510,North,25003,91726.0,15:57:00,15:50:21,15:50:21,14,2861,Everett Station,0.0,0.0
2025-10-07,510,North,25004,91704.0,15:10:00,15:10:48,15:10:48,0,640,4th Ave S & S Jackson St,2.0,0.0
2025-10-07,510,North,25004,91704.0,,15:12:17,15:12:29,1,635,4th Ave S & S Washington St,0.0,0.0
2025-10-07,510,North,25004,91704.0,,15:13:18,15:14:06,2,2638,4th Ave & Cherry St,6.0,0.0
2025-10-07,510,North,25004,91704.0,,15:16:08,15:16:36,3,641,4th Ave & Seneca St,4.0,0.0
2025-10-07,510,North,25004,91704.0,15:16:00,15:17:49,15:18:43,4,2976,4th Ave & Pine St,4.0,0.0
2025-10-07,510,North,25004,91704.0,,15:19:36,15:20:31,5,473,Olive Way & 6th Ave,3.0,0.0
2025-10-07,510,North,25004,91704.0,15:20:00,15:22:11,15:22:38,6,430,Howell St & 9th Ave,3.0,0.0
2025-10-07,510,North,25004,91704.0,,15:26:36,15:27:03,7,431,Howell St & Yale Ave,2.0,0.0
2025-10-07,510,North,25004,91704.0,15:40:00,15:46:22,15:46:38,11,2766,Mountlake Terrace Fwy Station Bay 7,0.0,0.0
2025-10-07,510,North,25004,91704.0,16:00:00,15:59:03,15:59:39,12,2869,South Everett Fwy Station Bay 6,0.0,21.0
2025-10-07,510,North,25004,91704.0,,16:08:35,16:08:59,13,3219,Broadway & 33rd St,0.0,3.0
2025-10-07,510,North,25004,91704.0,16:21:00,16:10:40,16:10:40,14,2861,Everett Station,0.0,0.0
2025-10-07,510,North,25005,91706.0,15:25:00,15:25:32,15:25:32,0,640,4th Ave S & S Jackson St,3.0,0.0
2025-10-07,510,North,25005,91706.0,,15:26:20,15:26:40,1,635,4th Ave S & S Washington St,0.0,0.0
2025-10-07,510,North,25005,91706.0,,15:27:52,15:28:36,2,2638,4th Ave & Cherry St,3.0,0.0
2025-10-07,510,North,25005,91706.0,,15:31:21,15:32:46,3,641,4th Ave & Seneca St,6.0,0.0
2025-10-07,510,North,25005,91706.0,15:31:00,15:33:48,15:34:50,4,2976,4th Ave & Pine St,3.0,0.0
2025-10-07,510,North,25005,91706.0,,15:36:21,15:37:04,5,473,Olive Way & 6th Ave,6.0,0.0
2025-10-07,510,North,25005,91706.0,15:35:00,15:38:35,15:39:44,6,430,Howell St & 9th Ave,8.0,0.0
2025-10-07,510,North,25005,91706.0,,15:43:12,15:43:52,7,431,Howell St & Yale Ave,3.0,0.0
2025-10-07,510,North,25005,91706.0,15:56:00,16:06:11,16:06:42,11,2766,Mountlake Terrace Fwy Station Bay 7,0.0,6.0
2025-10-07,510,North,25005,91706.0,16:16:00,16:20:25,16:21:20,12,2869,South Everett Fwy Station Bay 6,0.0,26.0
2025-10-07,510,North,25005,91706.0,,16:29:47,16:29:47,13,3219,Broadway & 33rd St,0.0,0.0
2025-10-07,510,North,25005,91706.0,16:38:00,16:31:01,16:31:01,14,2861,Everett Station,0.0,0.0
2025-10-07,510,North,25006,91725.0,15:40:00,15:42:05,15:42:05,0,640,4th Ave S & S Jackson St,6.0,0.0
2025-10-07,510,North,25006,91725.0,,15:42:53,15:43:00,1,635,4th Ave S & S Washington St,0.0,0.0
2025-10-07,510,North,25006,91725.0,,15:44:24,15:45:12,2,2638,4th Ave & Cherry St,11.0,0.0
2025-10-07,510,North,25006,91725.0,,15:46:43,15:47:45,3,641,4th Ave & Seneca St,10.0,1.0
2025-10-07,510,North,25006,91725.0,15:46:00,15:48:58,15:49:23,4,2976,4th Ave & Pine St,2.0,0.0
2025-10-07,510,North,25006,91725.0,,15:51:08,15:52:02,5,473,Olive Way & 6th Ave,12.0,0.0
2025-10-07,510,North,25006,91725.0,15:50:00,15:53:37,15:54:10,6,430,Howell St & 9th Ave,8.0,0.0
2025-10-07,510,North,25006,91725.0,,15:58:06,15:58:37,7,431,Howell St & Yale Ave,1.0,1.0
2025-10-07,510,North,25006,91725.0,16:12:00,16:21:48,16:22:16,11,2766,Mountlake Terrace Fwy Station Bay 7,0.0,8.0
2025-10-07,510,North,25006,91725.0,16:35:00,16:35:45,16:37:14,12,2869,South Everett Fwy Station Bay 6,1.0,29.0
2025-10-07,510,North,25006,91725.0,,16:45:31,16:45:31,13,3219,Broadway & 33rd St,0.0,0.0
2025-10-07,510,North,25006,91725.0,16:58:00,16:47:04,16:47:04,14,2861,Everett Station,0.0,12.0
2025-10-07,510,North,25007,19857.0,15:55:00,15:57:30,15:57:30,0,640,4th Ave S & S Jackson St,5.0,0.0
2025-10-07,510,North,25007,19857.0,,15:58:59,15:59:46,1,635,4th Ave S & S Washington St,1.0,0.0
2025-10-07,510,North,25007,19857.0,,16:01:28,16:02:40,2,2638,4th Ave & Cherry St,13.0,0.0
2025-10-07,510,North,25007,19857.0,,16:05:35,16:07:16,3,641,4th Ave & Seneca St,8.0,0.0
2025-10-07,510,North,25007,19857.0,16:01:00,16:08:33,16:09:55,4,2976,4th Ave & Pine St,8.0,0.0
2025-10-07,510,North,25007,19857.0,,16:11:50,16:13:02,5,473,Olive Way & 6th Ave,10.0,0.0
2025-10-07,510,North,25007,19857.0,16:05:00,16:14:47,16:15:42,6,430,Howell St & 9th Ave,7.0,0.0
2025-10-07,510,North,25007,19857.0,,16:23:42,16:24:45,7,431,Howell St & Yale Ave,6.0,0.0
2025-10-07,510,North,25007,19857.0,16:28:00,16:47:13,16:47:56,11,2766,Mountlake Terrace Fwy Station Bay 7,0.0,14.0
2025-10-07,510,North,25007,19857.0,16:51:00,17:01:44,17:03:01,12,2869,South Everett Fwy Station Bay 6,0.0,40.0
2025-10-07,510,North,25007,19857.0,,17:11:28,17:12:03,13,3219,Broadway & 33rd St,0.0,4.0
2025-10-07,510,North,25007,19857.0,17:14:00,17:13:58,17:13:58,14,2861,Everett Station,0.0,0.0
2025-10-07,510,North,25008,,16:10:00,,,0,640,4th Ave S & S Jackson St,,
2025-10-07,510,North,25008,,,,,1,635,4th Ave S & S Washington St,,
2025-10-07,510,North,25008,,,,,2,2638,4th Ave & Cherry St,,
2025-10-07,510,North,25008,,,,,3,641,4th Ave & Seneca St,,
2025-10-07,510,North,25008,,16:16:00,,,4,2976,4th Ave & Pine St,,
2025-10-07,510,North,25008,,,,,5,473,Olive Way & 6th Ave,,
2025-10-07,510,North,25008,,16:20:00,,,6,430,Howell St & 9th Ave,,
2025-10-07,510,North,25008,,,,,7,431,Howell St & Yale Ave,,
2025-10-07,510,North,25008,,16:43:00,,,11,2766,Mountlake Terrace Fwy Station Bay 7,,
2025-10-07,510,North,25008,,17:06:00,,,12,2869,South Everett Fwy Station Bay 6,,
2025-10-07,510,North,25008,,,,,13,3219,Broadway & 33rd St,,
2025-10-07,510,North,25008,,17:29:00,,,14,2861,Everett Station,,
2025-10-07,510,North,25009,91913.0,16:25:00,16:25:10,16:25:10,0,640,4th Ave S & S Jackson St,2.0,0.0
2025-10-07,510,North,25009,91913.0,,16:26:13,16:26:33,1,635,4th Ave S & S Washington St,3.0,0.0
2025-10-07,510,North,25009,91913.0,,16:27:48,16:29:10,2,2638,4th Ave & Cherry St,10.0,0.0
2025-10-07,510,North,25009,91913.0,,16:31:10,16:31:50,3,641,4th Ave & Seneca St,9.0,0.0
2025-10-07,510,North,25009,91913.0,16:31:00,16:32:43,16:33:31,4,2976,4th Ave & Pine St,11.0,0.0
2025-10-07,510,North,25009,91913.0,,16:34:30,16:35:29,5,473,Olive Way & 6th Ave,13.0,0.0
2025-10-07,510,North,25009,91913.0,16:35:00,16:37:00,16:37:37,6,430,Howell St & 9th Ave,8.0,0.0
2025-10-07,510,North,25009,91913.0,,16:43:08,16:45:13,7,431,Howell St & Yale Ave,8.0,0.0
2025-10-07,510,North,25009,91913.0,16:58:00,17:06:33,17:07:04,11,2766,Mountlake Terrace Fwy Station Bay 7,1.0,9.0
2025-10-07,510,North,25009,91913.0,17:21:00,17:19:35,17:21:02,12,2869,South Everett Fwy Station Bay 6,0.0,35.0
2025-10-07,510,North,25009,91913.0,,17:28:04,17:28:23,13,3219,Broadway & 33rd St,0.0,1.0
2025-10-07,510,North,25009,91913.0,17:44:00,17:30:15,17:30:15,14,2861,Everett Station,0.0,20.0
2025-10-07,510,North,25010,,16:40:00,,,0,640,4th Ave S & S Jackson St,,
2025-10-07,510,North,25010,,,,,1,635,4th Ave S & S Washington St,,
2025-10-07,510,North,25010,,,,,2,2638,4th Ave & Cherry St,,
2025-10-07,510,North,25010,,,,,3,641,4th Ave & Seneca St,,
2025-10-07,510,North,25010,,16:46:00,,,4,2976,4th Ave & Pine St,,
2025-10-07,510,North,25010,,,,,5,473,Olive Way & 6th Ave,,
2025-10-07,510,North,25010,,16:50:00,,,6,430,Howell St & 9th Ave,,
2025-10-07,510,North,25010,,,,,7,431,Howell St & Yale Ave,,
2025-10-07,510,North,25010,,17:13:00,,,11,2766,Mountlake Terrace Fwy Station Bay 7,,
2025-10-07,510,North,25010,,17:36:00,,,12,2869,South Everett Fwy Station Bay 6,,
2025-10-07,510,North,25010,,,,,13,3219,Broadway & 33rd St,,
2025-10-07,510,North,25010,,17:59:00,,,14,2861,Everett Station,,
2025-10-07,510,North,25011,91910.0,16:55:00,16:55:51,16:55:51,0,640,4th Ave S & S Jackson St,4.0,0.0
2025-10-07,510,North,25011,91910.0,,16:57:13,16:57:53,1,635,4th Ave S & S Washington St,4.0,0.0
2025-10-07,510,North,25011,91910.0,,16:59:42,17:00:35,2,2638,4th Ave & Cherry St,13.0,0.0
2025-10-07,510,North,25011,91910.0,,17:04:00,17:04:47,3,641,4th Ave & Seneca St,9.0,0.0
2025-10-07,510,North,25011,91910.0,17:01:00,17:06:32,17:07:48,4,2976,4th Ave & Pine St,9.0,0.0
2025-10-07,510,North,25011,91910.0,,17:09:04,17:11:33,5,473,Olive Way & 6th Ave,24.0,1.0
2025-10-07,510,North,25011,91910.0,17:05:00,17:13:09,17:14:20,6,430,Howell St & 9th Ave,17.0,0.0
2025-10-07,510,North,25011,91910.0,,17:17:40,17:18:50,7,431,Howell St & Yale Ave,8.0,0.0
2025-10-07,510,North,25011,91910.0,17:27:00,17:39:55,17:40:51,11,2766,Mountlake Terrace Fwy Station Bay 7,0.0,12.0
2025-10-07,510,North,25011,91910.0,17:50:00,17:54:49,17:56:48,12,2869,South Everett Fwy Station Bay 6,2.0,39.0
2025-10-07,510,North,25011,91910.0,,18:04:48,18:05:12,13,3219,Broadway & 33rd St,0.0,5.0
2025-10-07,510,North,25011,91910.0,18:09:00,18:06:41,18:06:41,14,2861,Everett Station,0.0,33.0
2025-10-07,510,North,25012,91721.0,17:10:00,17:12:40,17:12:40,0,640,4th Ave S & S Jackson St,4.0,0.0
2025-10-07,510,North,25012,91721.0,,17:14:03,17:14:57,1,635,4th Ave S & S Washington St,2.0,0.0
2025-10-07,510,North,25012,91721.0,,17:15:50,17:16:44,2,2638,4th Ave & Cherry St,10.0,0.0
2025-10-07,510,North,25012,91721.0,,17:17:59,17:19:00,3,641,4th Ave & Seneca St,7.0,0.0
2025-10-07,510,North,25012,91721.0,17:16:00,17:20:32,17:21:19,4,2976,4th Ave & Pine St,4.0,0.0
2025-10-07,510,North,25012,91721.0,,17:22:37,17:23:32,5,473,Olive Way & 6th Ave,14.0,0.0
2025-10-07,510,North,25012,91721.0,17:20:00,17:25:04,17:25:43,6,430,Howell St & 9th Ave,6.0,0.0
2025-10-07,510,North,25012,91721.0,,17:29:39,17:30:27,7,431,Howell St & Yale Ave,6.0,1.0
2025-10-07,510,North,25012,91721.0,17:42:00,18:05:27,18:06:08,11,2766,Mountlake Terrace Fwy Station Bay 7,0.0,17.0
2025-10-07,510,North,25012,91721.0,18:05:00,18:19:09,18:20:10,12,2869,South Everett Fwy Station Bay 6,0.0,21.0
2025-10-07,510,North,25012,91721.0,,18:27:20,18:27:44,13,3219,Broadway & 33rd St,0.0,7.0
2025-10-07,510,North,25012,91721.0,18:21:00,18:29:46,18:29:46,14,2861,Everett Station,0.0,7.0
2025-10-07,510,North,25013,91710.0,17:25:00,17:25:44,17:25:44,0,640,4th Ave S & S Jackson St,2.0,0.0
2025-10-07,510,North,25013,91710.0,,17:26:25,17:26:36,1,635,4th Ave S & S Washington St,0.0,0.0
2025-10-07,510,North,25013,91710.0,,17:27:55,17:28:29,2,2638,4th Ave & Cherry St,7.0,0.0
2025-10-07,510,North,25013,91710.0,,17:29:58,17:30:27,3,641,4th Ave & Seneca St,6.0,0.0
2025-10-07,510,North,25013,91710.0,17:31:00,17:32:19,17:32:40,4,2976,4th Ave & Pine St,3.0,0.0
2025-10-07,510,North,25013,91710.0,,17:34:28,17:35:28,5,473,Olive Way & 6th Ave,3.0,0.0
2025-10-07,510,North,25013,91710.0,17:35:00,17:36:07,17:36:35,6,430,Howell St & 9th Ave,5.0,0.0
2025-10-07,510,North,25013,91710.0,,17:40:04,17:40:21,7,431,Howell St & Yale Ave,1.0,0.0
2025-10-07,510,North,25013,91710.0,17:56:00,18:00:12,18:01:26,11,2766,Mountlake Terrace Fwy Station Bay 7,3.0,4.0
2025-10-07,510,North,25013,91710.0,18:18:00,18:14:36,18:15:11,12,2869,South Everett Fwy Station Bay 6,0.0,14.0
2025-10-07,510,North,25013,91710.0,,18:22:21,18:22:21,13,3219,Broadway & 33rd St,0.0,0.0
2025-10-07,510,North,25013,91710.0,18:33:00,18:23:43,18:23:43,14,2861,Everett Station,0.0,12.0
2025-10-07,510,North,25014,19815.0,17:45:00,17:46:36,17:46:36,0,640,4th Ave S & S Jackson St,3.0,0.0
2025-10-07,510,North,25014,19815.0,,17:47:06,17:47:16,1,635,4th Ave S & S Washington St,0.0,0.0
2025-10-07,510,North,25014,19815.0,,17:48:53,17:49:24,2,2638,4th Ave & Cherry St,4.0,0.0
2025-10-07,510,North,25014,19815.0,,17:51:01,17:52:17,3,641,4th Ave & Seneca St,6.0,0.0
2025-10-07,510,North,25014,19815.0,17:51:00,17:53:21,17:54:23,4,2976,4th Ave & Pine St,3.0,1.0
2025-10-07,510,North,25014,19815.0,,17:56:43,17:58:03,5,473,Olive Way & 6th Ave,5.0,0.0
2025-10-07,510,North,25014,19815.0,17:55:00,17:59:35,17:59:59,6,430,Howell St & 9th Ave,2.0,0.0
2025-10-07,510,North,25014,19815.0,,18:02:41,18:03:15,7,431,Howell St & Yale Ave,5.0,1.0
2025-10-07,510,North,25014,19815.0,18:13:00,18:19:44,18:20:11,11,2766,Mountlake Terrace Fwy Station Bay 7,0.0,4.0
2025-10-07,510,North,25014,19815.0,18:32:00,18:32:29,18:32:59,12,2869,South Everett Fwy Station Bay 6,0.0,15.0
2025-10-07,510,North,25014,19815.0,,18:39:42,18:40:09,13,3219,Broadway & 33rd St,0.0,2.0
2025-10-07,510,North,25014,19815.0,18:43:00,18:42:02,18:42:02,14,2861,Everett Station,0.0,5.0
2025-10-07,510,North,25015,91715.0,18:05:00,18:07:43,18:07:43,0,640,4th Ave S & S Jackson St,0.0,0.0
2025-10-07,510,North,25015,91715.0,,18:08:25,18:09:02,1,635,4th Ave S & S Washington St,3.0,1.0
2025-10-07,510,North,25015,91715.0,,18:09:58,18:10:27,2,2638,4th Ave & Cherry St,3.0,0.0
2025-10-07,510,North,25015,91715.0,,18:12:16,18:13:18,3,641,4th Ave & Seneca St,6.0,0.0
2025-10-07,510,North,25015,91715.0,18:11:00,18:14:26,18:15:23,4,2976,4th Ave & Pine St,7.0,1.0
2025-10-07,510,North,25015,91715.0,,18:17:50,18:19:04,5,473,Olive Way & 6th Ave,6.0,0.0
2025-10-07,510,North,25015,91715.0,18:14:00,18:20:35,18:21:09,6,430,Howell St & 9th Ave,5.0,0.0
2025-10-07,510,North,25015,91715.0,,18:23:40,18:24:17,7,431,Howell St & Yale Ave,3.0,2.0
2025-10-07,510,North,25015,91715.0,18:32:00,18:41:55,18:42:27,11,2766,Mountlake Terrace Fwy Station Bay 7,1.0,5.0
2025-10-07,510,North,25015,91715.0,18:48:00,18:55:28,18:56:14,12,2869,South Everett Fwy Station Bay 6,0.0,12.0
2025-10-07,510,North,25015,91715.0,,19:03:40,19:04:02,13,3219,Broadway & 33rd St,0.0,1.0
2025-10-07,510,North,25015,91715.0,18:59:00,19:05:38,19:05:38,14,2861,Everett Station,0.0,12.0
2025-10-07,510,North,25016,19855.0,18:30:00,18:30:21,18:30:21,0,640,4th Ave S & S Jackson St,4.0,0.0
2025-10-07,510,North,25016,19855.0,,18:31:36,18:31:36,1,635,4th Ave S & S Washington St,0.0,0.0
2025-10-07,510,North,25016,19855.0,,18:32:22,18:32:54,2,2638,4th Ave & Cherry St,2.0,0.0
2025-10-07,510,North,25016,19855.0,,18:34:31,18:35:01,3,641,4th Ave & Seneca St,2.0,0.0
2025-10-07,510,North,25016,19855.0,18:36:00,18:36:50,18:37:09,4,2976,4th Ave & Pine St,2.0,0.0
2025-10-07,510,North,25016,19855.0,,18:38:47,18:40:03,5,473,Olive Way & 6th Ave,4.0,0.0
2025-10-07,510,North,25016,19855.0,18:39:00,18:40:38,18:41:09,6,430,Howell St & 9th Ave,3.0,0.0
2025-10-07,510,North,25016,19855.0,,18:43:23,18:43:59,7,431,Howell St & Yale Ave,3.0,0.0
2025-10-07,510,North,25016,19855.0,18:57:00,18:58:29,18:59:05,11,2766,Mountlake Terrace Fwy Station Bay 7,1.0,4.0
2025-10-07,510,North,25016,19855.0,19:12:00,19:10:23,19:10:58,12,2869,South Everett Fwy Station Bay 6,0.0,11.0
2025-10-07,510,North,25016,19855.0,,19:18:26,19:18:26,13,3219,Broadway & 33rd St,0.0,0.0
2025-10-07,510,North,25016,19855.0,19:22:00,19:19:51,19:19:51,14,2861,Everett Station,1.0,7.0
2025-10-07,510,South,25017,91714.0,04:05:00,04:05:15,04:05:15,0,2986,Hewitt Ave & Fulton St,5.0,0.0
2025-10-07,510,South,25017,91714.0,,04:06:09,04:06:09,1,2440,Hewitt Ave & Lombard Ave,0.0,0.0
2025-10-07,510,South,25017,91714.0,,04:07:47,04:07:58,2,2355,Wetmore Ave & Wall St,1.0,0.0
2025-10-07,510,South,25017,91714.0,,04:08:46,04:08:46,3,2359,Pacific Ave & Rockefeller Ave,0.0,0.0
2025-10-07,510,South,25017,91714.0,04:11:00,04:10:50,04:12:19,4,2345,Everett Station Bay C1,16.0,0.0
2025-10-07,510,South,25017,91714.0,,04:14:06,04:14:06,5,2367,Broadway & 34th St,0.0,0.0
2025-10-07,510,South,25017,91714.0,04:20:00,04:21:12,04:21:59,6,2868,South Everett Fwy Station Bay 3,4.0,0.0
2025-10-07,510,South,25017,91714.0,04:31:00,04:32:37,04:33:26,7,2765,Mountlake Terrace Fwy Station Bay 6,6.0,0.0
2025-10-07,510,South,25017,91714.0,04:48:00,04:48:16,04:49:06,11,1909,Stewart St & 9th Ave,0.0,7.0
2025-10-07,510,South,25017,91714.0,,04:50:10,04:50:31,12,1908,Stewart St & 7th Ave,0.0,2.0
2025-10-07,510,South,25017,91714.0,04:52:00,04:51:30,04:51:59,13,2698,5th Ave & Pine St,0.0,5.0
2025-10-07,510,South,25017,91714.0,,04:54:12,04:54:46,14,2700,5th Ave & Seneca St,0.0,6.0
2025-10-07,510,South,25017,91714.0,,04:55:35,04:56:28,15,2702,5th Ave & Marion St,0.0,7.0
2025-10-07,510,South,25017,91714.0,,04:58:06,04:58:26,16,2290,5th Ave & Jefferson St,0.0,1.0
2025-10-07,510,South,25017,91714.0,05:00:00,05:01:30,05:01:30,17,2706,5th Ave S & S Jackson St,0.0,4.0
2025-10-07,510,South,25018,,04:40:00,,,0,2986,Hewitt Ave & Fulton St,,
2025-10-07,510,South,25018,,,,,1,2440,Hewitt Ave & Lombard Ave,,
2025-10-07,510,South,25018,,,,,2,2355,Wetmore Ave & Wall St,,
2025-10-07,510,South,25018,,,,,3,2359,Pacific Ave & Rockefeller Ave,,
2025-10-07,510,South,25018,,04:46:00,,,4,2345,Everett Station Bay C1,,
2025-10-07,510,South,25018,,,,,5,2367,Broadway & 34th St,,
2025-10-07,510,South,25018,,04:57:00,,,6,2868,South Everett Fwy Station Bay 3,,
2025-10-07,510,South,25018,,05:08:00,,,7,2765,Mountlake Terrace Fwy Station Bay 6,,
2025-10-07,510,South,25018,,05:26:00,,,11,1909,Stewart St & 9th Ave,,
2025-10-07,510,South,25018,,,,,12,1908,Stewart St & 7th Ave,,
2025-10-07,510,South,25018,,05:30:00,,,13,2698,5th Ave & Pine St,,
2025-10-07,510,South,25018,,,,,14,2700,5th Ave & Seneca St,,
2025-10-07,510,South,25018,,,,,15,2702,5th Ave & Marion St,,
2025-10-07,510,South,25018,,,,,16,2290,5th Ave & Jefferson St,,
2025-10-07,510,South,25018,,05:38:00,,,17,2706,5th Ave S & S Jackson St,,
2025-10-07,510,South,25019,91712.0,05:10:00,05:10:08,05:10:08,0,2345,Everett Station Bay C1,30.0,0.0
2025-10-07,510,South,25019,91712.0,,05:11:47,05:12:34,1,2367,Broadway & 34th St,5.0,0.0
2025-10-07,510,South,25019,91712.0,05:20:00,05:19:34,05:23:12,2,2868,South Everett Fwy Station Bay 3,38.0,1.0
2025-10-07,510,South,25019,91712.0,05:31:00,05:34:04,05:34:39,3,2765,Mountlake Terrace Fwy Station Bay 6,6.0,1.0
2025-10-07,510,South,25019,91712.0,05:49:00,05:49:44,05:50:27,7,1909,Stewart St & 9th Ave,0.0,15.0
2025-10-07,510,South,25019,91712.0,,05:51:05,05:51:29,8,1908,Stewart St & 7th Ave,0.0,5.0
2025-10-07,510,South,25019,91712.0,05:54:00,05:52:31,05:53:23,9,2698,5th Ave & Pine St,0.0,13.0
2025-10-07,510,South,25019,91712.0,,05:54:18,05:55:09,10,2700,5th Ave & Seneca St,0.0,18.0
2025-10-07,510,South,25019,91712.0,,05:56:30,05:57:45,11,2702,5th Ave & Marion St,0.0,18.0
2025-10-07,510,South,25019,91712.0,,05:58:30,05:59:09,12,2290,5th Ave & Jefferson St,0.0,8.0
2025-10-07,510,South,25019,91712.0,06:03:00,06:00:53,06:00:53,13,2706,5th Ave S & S Jackson St,0.0,0.0
2025-10-07,510,South,25020,91703.0,05:40:00,05:40:54,05:40:54,0,2345,Everett Station Bay C1,31.0,0.0
2025-10-07,510,South,25020,91703.0,,05:42:09,05:42:09,1,2367,Broadway & 34th St,0.0,0.0
2025-10-07,510,South,25020,91703.0,05:50:00,05:48:34,05:49:51,2,2868,South Everett Fwy Station Bay 3,17.0,0.0
2025-10-07,510,South,25020,91703.0,06:01:00,05:59:48,06:00:30,3,2765,Mountlake Terrace Fwy Station Bay 6,10.0,1.0
2025-10-07,510,South,25020,91703.0,06:22:00,06:13:09,06:14:12,7,1909,Stewart St & 9th Ave,0.0,8.0
2025-10-07,510,South,25020,91703.0,,06:15:06,06:15:35,8,1908,Stewart St & 7th Ave,0.0,4.0
2025-10-07,510,South,25020,91703.0,06:28:00,06:16:41,06:17:11,9,2698,5th Ave & Pine St,0.0,8.0
2025-10-07,510,South,25020,91703.0,,06:18:48,06:19:49,10,2700,5th Ave & Seneca St,0.0,10.0
2025-10-07,510,South,25020,91703.0,,06:20:29,06:21:14,11,2702,5th Ave & Marion St,0.0,16.0
2025-10-07,510,South,25020,91703.0,,06:22:23,06:22:55,12,2290,5th Ave & Jefferson St,0.0,11.0
2025-10-07,510,South,25020,91703.0,06:38:00,06:25:42,06:25:42,13,2706,5th Ave S & S Jackson St,0.0,0.0
2025-10-07,510,South,25021,91714.0,05:52:00,05:53:12,05:53:12,0,2345,Everett Station Bay C1,22.0,0.0
2025-10-07,510,South,25021,91714.0,,05:55:01,05:55:01,1,2367,Broadway & 34th St,0.0,0.0
2025-10-07,510,South,25021,91714.0,06:02:00,06:02:28,06:03:58,2,2868,South Everett Fwy Station Bay 3,21.0,0.0
2025-10-07,510,South,25021,91714.0,06:14:00,06:15:41,06:16:30,3,2765,Mountlake Terrace Fwy Station Bay 6,6.0,1.0
2025-10-07,510,South,25021,91714.0,06:35:00,06:31:55,06:32:28,7,1909,Stewart St & 9th Ave,0.0,5.0
2025-10-07,510,South,25021,91714.0,,06:33:09,06:33:42,8,1908,Stewart St & 7th Ave,1.0,4.0
2025-10-07,510,South,25021,91714.0,06:41:00,06:34:55,06:36:08,9,2698,5th Ave & Pine St,0.0,8.0
2025-10-07,510,South,25021,91714.0,,06:38:03,06:38:40,10,2700,5th Ave & Seneca St,0.0,10.0
2025-10-07,510,South,25021,91714.0,,06:40:09,06:40:49,11,2702,5th Ave & Marion St,0.0,13.0
2025-10-07,510,South,25021,91714.0,,06:42:04,06:42:35,12,2290,5th Ave & Jefferson St,0.0,9.0
2025-10-07,510,South,25021,91714.0,06:51:00,06:44:33,06:44:33,13,2706,5th Ave S & S Jackson St,0.0,0.0
2025-10-07,510,South,25022,91731.0,06:04:00,06:05:08,06:05:08,0,2345,Everett Station Bay C1,15.0,0.0
2025-10-07,510,South,25022,91731.0,,06:07:00,06:07:00,1,2367,Broadway & 34th St,0.0,0.0
2025-10-07,510,South,25022,91731.0,06:14:00,06:14:01,06:15:11,2,2868,South Everett Fwy Station Bay 3,13.0,0.0
2025-10-07,510,South,25022,91731.0,06:26:00,06:27:27,06:28:06,3,2765,Mountlake Terrace Fwy Station Bay 6,6.0,1.0
2025-10-07,510,South,25022,91731.0,06:48:00,06:44:25,06:44:48,7,1909,Stewart St & 9th Ave,0.0,5.0
2025-10-07,510,South,25022,91731.0,,06:45:22,06:45:56,8,1908,Stewart St & 7th Ave,0.0,9.0
2025-10-07,510,South,25022,91731.0,06:54:00,06:48:19,06:49:35,9,2698,5th Ave & Pine St,0.0,5.0
2025-10-07,510,South,25022,91731.0,,06:51:39,06:52:04,10,2700,5th Ave & Seneca St,0.0,4.0
2025-10-07,510,South,25022,91731.0,,06:53:30,06:54:17,11,2702,5th Ave & Marion St,1.0,6.0
2025-10-07,510,South,25022,91731.0,,06:55:30,06:55:47,12,2290,5th Ave & Jefferson St,0.0,3.0
2025-10-07,510,South,25022,91731.0,07:04:00,06:57:47,06:57:47,13,2706,5th Ave S & S Jackson St,0.0,2.0
2025-10-07,510,South,25023,91705.0,06:16:00,06:17:10,06:17:10,0,2345,Everett Station Bay C1,15.0,0.0
2025-10-07,510,South,25023,91705.0,,06:19:30,06:19:48,1,2367,Broadway & 34th St,1.0,0.0
2025-10-07,510,South,25023,91705.0,06:26:00,06:27:28,06:28:42,2,2868,South Everett Fwy Station Bay 3,20.0,0.0
2025-10-07,510,South,25023,91705.0,06:38:00,06:40:42,06:41:16,3,2765,Mountlake Terrace Fwy Station Bay 6,5.0,0.0
2025-10-07,510,South,25023,91705.0,07:00:00,06:57:05,06:57:42,7,1909,Stewart St & 9th Ave,0.0,9.0
2025-10-07,510,South,25023,91705.0,,06:58:38,06:59:09,8,1908,Stewart St & 7th Ave,0.0,9.0
2025-10-07,510,South,25023,91705.0,07:06:00,07:00:21,07:01:36,9,2698,5th Ave & Pine St,0.0,4.0
2025-10-07,510,South,25023,91705.0,,07:02:25,07:03:09,10,2700,5th Ave & Seneca St,0.0,7.0
2025-10-07,510,South,25023,91705.0,,07:04:21,07:05:01,11,2702,5th Ave & Marion St,0.0,9.0
2025-10-07,510,South,25023,91705.0,,07:07:08,07:07:27,12,2290,5th Ave & Jefferson St,0.0,3.0
2025-10-07,510,South,25023,91705.0,07:17:00,07:12:43,07:12:43,13,2706,5th Ave S & S Jackson St,0.0,0.0
2025-10-07,510,South,25024,91905.0,06:28:00,06:28:17,06:28:17,0,2345,Everett Station Bay C1,18.0,0.0
2025-10-07,510,South,25024,91905.0,,06:30:08,06:30:29,1,2367,Broadway & 34th St,3.0,0.0
2025-10-07,510,South,25024,91905.0,06:38:00,06:37:21,06:39:10,2,2868,South Everett Fwy Station Bay 3,28.0,1.0
2025-10-07,510,South,25024,91905.0,06:50:00,06:51:13,06:52:18,3,2765,Mountlake Terrace Fwy Station Bay 6,6.0,1.0
2025-10-07,510,South,25024,91905.0,07:13:00,07:07:01,07:07:39,7,1909,Stewart St & 9th Ave,0.0,10.0
2025-10-07,510,South,25024,91905.0,,07:08:06,07:08:38,8,1908,Stewart St & 7th Ave,0.0,12.0
2025-10-07,510,South,25024,91905.0,07:19:00,07:10:43,07:11:05,9,2698,5th Ave & Pine St,0.0,6.0
2025-10-07,510,South,25024,91905.0,,07:12:55,07:13:20,10,2700,5th Ave & Seneca St,0.0,7.0
2025-10-07,510,South,25024,91905.0,,07:14:32,07:15:13,11,2702,5th Ave & Marion St,0.0,8.0
2025-10-07,510,South,25024,91905.0,,07:16:24,07:16:55,12,2290,5th Ave & Jefferson St,0.0,7.0
2025-10-07,510,South,25024,91905.0,07:30:00,07:18:55,07:18:55,13,2706,5th Ave S & S Jackson St,0.0,3.0
2025-10-07,510,South,25025,91911.0,06:40:00,,,0,2345,Everett Station Bay C1,,
2025-10-07,510,South,25025,91911.0,,,,1,2367,Broadway & 34th St,,
2025-10-07,510,South,25025,91911.0,06:50:00,,,2,2868,South Everett Fwy Station Bay 3,,
2025-10-07,510,South,25025,91911.0,07:03:00,,,3,2765,Mountlake Terrace Fwy Station Bay 6,,
2025-10-07,510,South,25025,91911.0,07:28:00,,,7,1909,Stewart St & 9th Ave,,
2025-10-07,510,South,25025,91911.0,,,,8,1908,Stewart St & 7th Ave,,
2025-10-07,510,South,25025,91911.0,07:34:00,,,9,2698,5th Ave & Pine St,,
2025-10-07,510,South,25025,91911.0,,,,10,2700,5th Ave & Seneca St,,
2025-10-07,510,South,25025,91911.0,,,,11,2702,5th Ave & Marion St,,
2025-10-07,510,South,25025,91911.0,,,,12,2290,5th Ave & Jefferson St,,
2025-10-07,510,South,25025,91911.0,07:47:00,,,13,2706,5th Ave S & S Jackson St,,
2025-10-07,510,South,25026,9566.0,06:52:00,07:03:53,07:03:53,0,2345,Everett Station Bay C1,45.0,0.0
2025-10-07,510,South,25026,9566.0,,07:06:37,07:07:01,1,2367,Broadway & 34th St,2.0,0.0
2025-10-07,510,South,25026,9566.0,07:02:00,07:14:32,07:15:57,2,2868,South Everett Fwy Station Bay 3,24.0,1.0
2025-10-07,510,South,25026,9566.0,07:15:00,07:32:42,07:33:17,3,2765,Mountlake Terrace Fwy Station Bay 6,1.0,2.0
2025-10-07,510,South,25026,9566.0,07:40:00,07:58:10,07:59:13,7,1909,Stewart St & 9th Ave,0.0,21.0
2025-10-07,510,South,25026,9566.0,,08:00:10,08:00:34,8,1908,Stewart St & 7th Ave,0.0,8.0
2025-10-07,510,South,25026,9566.0,07:46:00,08:01:59,08:03:05,9,2698,5th Ave & Pine St,0.0,14.0
2025-10-07,510,South,25026,9566.0,,08:04:09,08:04:52,10,2700,5th Ave & Seneca St,0.0,11.0
2025-10-07,510,South,25026,9566.0,,08:05:36,08:06:03,11,2702,5th Ave & Marion St,0.0,7.0
2025-10-07,510,South,25026,9566.0,,08:07:36,08:07:56,12,2290,5th Ave & Jefferson St,0.0,6.0
2025-10-07,510,South,25026,9566.0,07:59:00,08:10:50,08:10:50,13,2706,5th Ave S & S Jackson St,1.0,3.0
2025-10-07,510,South,25027,19857.0,07:04:00,07:09:05,07:09:05,0,2345,Everett Station Bay C1,7.0,0.0
2025-10-07,510,South,25027,19857.0,,07:11:37,07:11:37,1,2367,Broadway & 34th St,0.0,0.0
2025-10-07,510,South,25027,19857.0,07:14:00,07:19:27,07:21:02,2,2868,South Everett Fwy Station Bay 3,29.0,0.0
2025-10-07,510,South,25027,19857.0,07:28:00,07:37:42,07:38:26,3,2765,Mountlake Terrace Fwy Station Bay 6,5.0,1.0
2025-10-07,510,South,25027,19857.0,07:59:00,08:07:11,08:07:41,7,1909,Stewart St & 9th Ave,0.0,11.0
2025-10-07,510,South,25027,19857.0,,08:08:22,08:08:54,8,1908,Stewart St & 7th Ave,0.0,7.0
2025-10-07,510,South,25027,19857.0,08:05:00,08:11:00,08:12:10,9,2698,5th Ave & Pine St,0.0,3.0
2025-10-07,510,South,25027,19857.0,,08:14:20,08:14:55,10,2700,5th Ave & Seneca St,2.0,10.0
2025-10-07,510,South,25027,19857.0,,08:16:21,08:16:52,11,2702,5th Ave & Marion St,0.0,8.0
2025-10-07,510,South,25027,19857.0,,08:19:17,08:19:39,12,2290,5th Ave & Jefferson St,0.0,3.0
2025-10-07,510,South,25027,19857.0,08:20:00,08:22:55,08:22:55,13,2706,5th Ave S & S Jackson St,0.0,0.0
2025-10-07,510,South,25028,19817.0,07:16:00,07:16:51,07:16:51,0,2345,Everett Station Bay C1,12.0,0.0
2025-10-07,510,South,25028,19817.0,,07:19:51,07:19:51,1,2367,Broadway & 34th St,0.0,0.0
2025-10-07,510,South,25028,19817.0,07:26:00,07:27:45,07:28:43,2,2868,South Everett Fwy Station Bay 3,12.0,0.0
2025-10-07,510,South,25028,19817.0,07:40:00,07:44:02,07:44:12,3,2765,Mountlake Terrace Fwy Station Bay 6,0.0,0.0
2025-10-07,510,South,25028,19817.0,08:11:00,08:16:07,08:16:25,7,1909,Stewart St & 9th Ave,0.0,5.0
2025-10-07,510,South,25028,19817.0,,08:16:50,08:17:10,8,1908,Stewart St & 7th Ave,0.0,9.0
2025-10-07,510,South,25028,19817.0,08:17:00,08:18:22,08:19:38,9,2698,5th Ave & Pine St,0.0,3.0
2025-10-07,510,South,25028,19817.0,,08:21:41,08:21:54,10,2700,5th Ave & Seneca St,0.0,2.0
2025-10-07,510,South,25028,19817.0,,08:23:28,08:24:15,11,2702,5th Ave & Marion St,0.0,5.0
2025-10-07,510,South,25028,19817.0,,08:25:28,08:25:38,12,2290,5th Ave & Jefferson St,0.0,0.0
2025-10-07,510,South,25028,19817.0,08:34:00,08:27:37,08:27:37,13,2706,5th Ave S & S Jackson St,0.0,0.0
2025-10-07,510,South,25029,91706.0,07:28:00,07:28:08,07:28:08,0,2345,Everett Station Bay C1,8.0,0.0
2025-10-07,510,South,25029,91706.0,,07:29:54,07:30:25,1,2367,Broadway & 34th St,1.0,0.0
2025-10-07,510,South,25029,91706.0,07:38:00,07:37:37,07:39:22,2,2868,South Everett Fwy Station Bay 3,26.0,0.0
2025-10-07,510,South,25029,91706.0,07:52:00,07:55:12,07:56:19,3,2765,Mountlake Terrace Fwy Station Bay 6,17.0,3.0
2025-10-07,510,South,25029,91706.0,08:23:00,08:28:52,08:29:41,7,1909,Stewart St & 9th Ave,0.0,20.0
2025-10-07,510,South,25029,91706.0,,08:30:30,08:31:09,8,1908,Stewart St & 7th Ave,0.0,14.0
2025-10-07,510,South,25029,91706.0,08:29:00,08:33:28,08:34:32,9,2698,5th Ave & Pine St,3.0,3.0
2025-10-07,510,South,25029,91706.0,,08:36:25,08:36:59,10,2700,5th Ave & Seneca St,0.0,8.0
2025-10-07,510,South,25029,91706.0,,08:38:31,08:39:16,11,2702,5th Ave & Marion St,0.0,7.0
2025-10-07,510,South,25029,91706.0,,08:40:30,08:40:44,12,2290,5th Ave & Jefferson St,0.0,0.0
2025-10-07,510,South,25029,91706.0,08:47:00,08:43:10,08:43:10,13,2706,5th Ave S & S Jackson St,0.0,0.0
2025-10-07,510,South,25030,91728.0,07:43:00,07:54:59,07:54:59,0,2345,Everett Station Bay C1,22.0,0.0
2025-10-07,510,South,25030,91728.0,,07:56:41,07:57:01,1,2367,Broadway & 34th St,1.0,0.0
2025-10-07,510,South,25030,91728.0,07:53:00,08:04:00,08:06:14,2,2868,South Everett Fwy Station Bay 3,34.0,1.0
2025-10-07,510,South,25030,91728.0,08:07:00,08:21:22,08:21:44,3,2765,Mountlake Terrace Fwy Station Bay 6,3.0,1.0
2025-10-07,510,South,25030,91728.0,08:38:00,08:56:40,08:57:28,7,1909,Stewart St & 9th Ave,1.0,24.0
2025-10-07,510,South,25030,91728.0,,08:58:37,08:59:22,8,1908,Stewart St & 7th Ave,0.0,13.0
2025-10-07,510,South,25030,91728.0,08:44:00,09:00:17,09:01:35,9,2698,5th Ave & Pine St,0.0,8.0
2025-10-07,510,South,25030,91728.0,,09:03:33,09:05:03,10,2700,5th Ave & Seneca St,1.0,9.0
2025-10-07,510,South,25030,91728.0,,09:05:47,09:06:17,11,2702,5th Ave & Marion St,0.0,6.0
2025-10-07,510,South,25030,91728.0,,09:08:33,09:08:50,12,2290,5th Ave & Jefferson St,0.0,0.0
2025-10-07,510,South,25030,91728.0,09:02:00,09:12:09,09:12:09,13,2706,5th Ave S & S Jackson St,0.0,0.0
2025-10-07,510,South,25031,91902.0,07:58:00,07:59:33,07:59:33,0,2345,Everett Station Bay C1,0.0,0.0
2025-10-07,510,South,25031,91902.0,,08:01:43,08:02:00,1,2367,Broadway & 34th St,1.0,0.0
2025-10-07,510,South,25031,91902.0,08:08:00,08:09:38,08:13:15,2,2868,South Everett Fwy Station Bay 3,18.0,0.0
2025-10-07,510,South,25031,91902.0,08:22:00,08:26:44,08:27:48,3,2765,Mountlake Terrace Fwy Station Bay 6,0.0,0.0
2025-10-07,510,South,25031,91902.0,08:53:00,09:09:02,09:09:42,7,1909,Stewart St & 9th Ave,0.0,8.0
2025-10-07,510,South,25031,91902.0,,09:10:46,09:11:21,8,1908,Stewart St & 7th Ave,0.0,6.0
2025-10-07,510,South,25031,91902.0,08:59:00,09:13:56,09:15:03,9,2698,5th Ave & Pine St,0.0,0.0
2025-10-07,510,South,25031,91902.0,,09:17:04,09:17:22,10,2700,5th Ave & Seneca St,0.0,1.0
2025-10-07,510,South,25031,91902.0,,09:19:05,09:19:42,11,2702,5th Ave & Marion St,0.0,2.0
2025-10-07,510,South,25031,91902.0,,09:22:06,09:22:34,12,2290,5th Ave & Jefferson St,0.0,2.0
2025-10-07,510,South,25031,91902.0,09:17:00,09:25:33,09:25:33,13,2706,5th Ave S & S Jackson St,0.0,0.0
2025-10-07,510,South,25032,91721.0,08:18:00,08:18:51,08:18:51,0,2345,Everett Station Bay C1,12.0,0.0
2025-10-07,510,South,25032,91721.0,,08:21:40,08:21:59,1,2367,Broadway & 34th St,1.0,0.0
2025-10-07,510,South,25032,91721.0,08:29:00,08:29:23,08:30:58,2,2868,South Everett Fwy Station Bay 3,26.0,0.0
2025-10-07,510,South,25032,91721.0,08:42:00,08:42:18,08:42:44,3,2765,Mountlake Terrace Fwy Station Bay 6,1.0,3.0
2025-10-07,510,South,25032,91721.0,09:13:00,09:27:54,09:28:24,7,1909,Stewart St & 9th Ave,1.0,11.0
2025-10-07,510,South,25032,91721.0,,09:28:55,09:29:40,8,1908,Stewart St & 7th Ave,0.0,14.0
2025-10-07,510,South,25032,91721.0,09:19:00,09:31:50,09:32:10,9,2698,5th Ave & Pine St,0.0,3.0
2025-10-07,510,South,25032,91721.0,,09:34:03,09:35:00,10,2700,5th Ave & Seneca St,0.0,5.0
2025-10-07,510,South,25032,91721.0,,09:35:52,09:36:26,11,2702,5th Ave & Marion St,1.0,6.0
2025-10-07,510,South,25032,91721.0,,09:37:29,09:37:29,12,2290,5th Ave & Jefferson St,0.0,0.0
2025-10-07,510,South,25032,91721.0,09:37:00,09:40:44,09:40:44,13,2706,5th Ave S & S Jackson St,1.0,1.0
2025-10-07,510,South,25033,91727.0,08:38:00,08:38:11,08:38:11,0,2345,Everett Station Bay C1,14.0,0.0
2025-10-07,510,South,25033,91727.0,,08:40:02,08:40:29,1,2367,Broadway & 34th St,1.0,0.0
2025-10-07,510,South,25033,91727.0,08:49:00,08:47:48,08:48:51,2,2868,South Everett Fwy Station Bay 3,11.0,0.0
2025-10-07,510,South,25033,91727.0,09:02:00,09:00:02,09:00:15,3,2765,Mountlake Terrace Fwy Station Bay 6,0.0,0.0
2025-10-07,510,South,25033,91727.0,09:33:00,09:32:52,09:33:35,7,1909,Stewart St & 9th Ave,1.0,12.0
2025-10-07,510,South,25033,91727.0,,09:34:34,09:35:02,8,1908,Stewart St & 7th Ave,0.0,7.0
2025-10-07,510,South,25033,91727.0,09:39:00,09:36:11,09:36:33,9,2698,5th Ave & Pine St,0.0,1.0
2025-10-07,510,South,25033,91727.0,,09:38:11,09:38:34,10,2700,5th Ave & Seneca St,0.0,3.0
2025-10-07,510,South,25033,91727.0,,09:40:02,09:40:40,11,2702,5th Ave & Marion St,0.0,3.0
2025-10-07,510,South,25033,91727.0,,09:41:54,09:42:12,12,2290,5th Ave & Jefferson St,0.0,1.0
2025-10-07,510,South,25033,91727.0,09:57:00,09:44:14,09:44:14,13,2706,5th Ave S & S Jackson St,0.0,0.0
2025-10-08,510,North,25001,91717.0,14:00:00,14:00:23,14:00:23,0,640,4th Ave S & S Jackson St,6.0,0.0
2025-10-08,510,North,25001,91717.0,,14:01:02,14:01:16,1,635,4th Ave S & S Washington St,1.0,0.0
2025-10-08,510,North,25001,91717.0,,14:02:21,14:03:04,2,2638,4th Ave & Cherry St,9.0,0.0
2025-10-08,510,North,25001,91717.0,,14:04:24,14:05:33,3,641,4th Ave & Seneca St,11.0,0.0
2025-10-08,510,North,25001,91717.0,14:06:00,14:06:40,14:07:18,4,2976,4th Ave & Pine St,3.0,0.0
2025-10-08,510,North,25001,91717.0,,14:08:28,14:09:20,5,473,Olive Way & 6th Ave,8.0,0.0
2025-10-08,510,North,25001,91717.0,14:10:00,14:10:58,14:11:27,6,430,Howell St & 9th Ave,4.0,0.0
2025-10-08,510,North,25001,91717.0,,14:13:26,14:14:08,7,431,Howell St & Yale Ave,9.0,2.0
2025-10-08,510,North,25001,91717.0,14:30:00,14:27:20,14:28:14,11,2766,Mountlake Terrace Fwy Station Bay 7,1.0,8.0
2025-10-08,510,North,25001,91717.0,14:47:00,14:39:11,14:40:11,12,2869,South Everett Fwy Station Bay 6,1.0,20.0
2025-10-08,510,North,25001,91717.0,,14:49:26,14:49:47,13,3219,Broadway & 33rd St,0.0,4.0
2025-10-08,510,North,25001,91717.0,15:04:00,14:51:10,14:51:10,14,2861,Everett Station,4.0,23.0
2025-10-08,510,North,25002,91721.0,14:20:00,14:23:32,14:23:32,0,640,4th Ave S & S Jackson St,4.0,0.0
2025-10-08,510,North,25002,91721.0,,,,1,635,4th Ave S & S Washington St,,
2025-10-08,510,North,25002,91721.0,,14:25:12,14:26:06,2,2638,4th Ave & Cherry St,7.0,0.0
2025-10-08,510,North,25002,91721.0,,14:27:13,14:27:54,3,641,4th Ave & Seneca St,4.0,0.0
2025-10-08,510,North,25002,91721.0,14:26:00,14:30:11,14:32:12,4,2976,4th Ave & Pine St,9.0,0.0
2025-10-08,510,North,25002,91721.0,,14:33:13,14:34:00,5,473,Olive Way & 6th Ave,8.0,0.0
2025-10-08,510,North,25002,91721.0,14:30:00,14:35:39,14:36:09,6,430,Howell St & 9th Ave,3.0,0.0
2025-10-08,510,North,25002,91721.0,,14:38:43,14:39:15,7,431,Howell St & Yale Ave,3.0,0.0
2025-10-08,510,North,25002,91721.0,14:50:00,14:55:47,14:56:16,11,2766,Mountlake Terrace Fwy Station Bay 7,1.0,8.0
2025-10-08,510,North,25002,91721.0,15:07:00,15:08:27,15:09:30,12,2869,South Everett Fwy Station Bay 6,0.0,30.0
2025-10-08,510,North,25002,91721.0,,15:17:19,15:17:42,13,3219,Broadway & 33rd St,0.0,1.0
2025-10-08,510,North,25002,91721.0,15:24:00,15:19:11,15:19:11,14,2861,Everett Station,0.0,0.0
2025-10-08,510,North,25003,91731.0,14:50:00,14:51:03,14:51:03,0,640,4th Ave S & S Jackson St,2.0,0.0
2025-10-08,510,North,25003,91731.0,,14:52:02,14:52:29,1,635,4th Ave S & S Washington St,1.0,0.0
2025-10-08,510,North,25003,91731.0,,14:53:48,14:54:28,2,2638,4th Ave & Cherry St,5.0,0.0
2025-10-08,510,North,25003,91731.0,,14:57:22,14:58:17,3,641,4th Ave & Seneca St,8.0,0.0
2025-10-08,510,North,25003,91731.0,14:56:00,14:59:21,15:00:19,4,2976,4th Ave & Pine St,6.0,0.0
2025-10-08,510,North,25003,91731.0,,15:01:32,15:02:32,5,473,Olive Way & 6th Ave,4.0,1.0
2025-10-08,510,North,25003,91731.0,15:00:00,15:04:03,15:05:09,6,430,Howell St & 9th Ave,12.0,2.0
2025-10-08,510,North,25003,91731.0,,15:08:37,15:09:13,7,431,Howell St & Yale Ave,3.0,2.0
2025-10-08,510,North,25003,91731.0,15:20:00,15:25:51,15:26:29,11,2766,Mountlake Terrace Fwy Station Bay 7,1.0,6.0
2025-10-08,510,North,25003,91731.0,15:38:00,15:38:22,15:39:16,12,2869,South Everett Fwy Station Bay 6,0.0,28.0
2025-10-08,510,North,25003,91731.0,,15:46:55,15:47:18,13,3219,Broadway & 33rd St,0.0,3.0
2025-10-08,510,North,25003,91731.0,15:57:00,15:48:26,15:48:26,14,2861,Everett Station,0.0,0.0
2025-10-08,510,North,25004,91714.0,15:10:00,15:12:21,15:12:21,0,640,4th Ave S & S Jackson St,4.0,0.0
2025-10-08,510,North,25004,91714.0,,,,1,635,4th Ave S & S Washington St,,
2025-10-08,510,North,25004,91714.0,,15:13:25,15:14:00,2,2638,4th Ave & Cherry St,5.0,0.0
2025-10-08,510,North,25004,91714.0,,15:16:02,15:16:35,3,641,4th Ave & Seneca St,3.0,0.0
2025-10-08,510,North,25004,91714.0,15:16:00,15:17:45,15:18:22,4,2976,4th Ave & Pine St,7.0,0.0
2025-10-08,510,North,25004,91714.0,,15:20:46,15:21:59,5,473,Olive Way & 6th Ave,5.0,0.0
2025-10-08,510,North,25004,91714.0,15:20:00,15:23:32,15:23:56,6,430,Howell St & 9th Ave,2.0,0.0
2025-10-08,510,North,25004,91714.0,,15:26:38,15:27:06,7,431,Howell St & Yale Ave,3.0,0.0
2025-10-08,510,North,25004,91714.0,15:40:00,15:45:50,15:46:11,11,2766,Mountlake Terrace Fwy Station Bay 7,1.0,0.0
2025-10-08,510,North,25004,91714.0,16:00:00,15:58:26,15:59:19,12,2869,South Everett Fwy Station Bay 6,0.0,29.0
2025-10-08,510,North,25004,91714.0,,16:08:16,16:08:34,13,3219,Broadway & 33rd St,0.0,1.0
2025-10-08,510,North,25004,91714.0,16:21:00,16:10:09,16:10:09,14,2861,Everett Station,0.0,0.0
2025-10-08,510,North,25005,9560.0,15:25:00,15:28:07,15:28:07,0,640,4th Ave S & S Jackson St,1.0,0.0
2025-10-08,510,North,25005,9560.0,,15:30:13,15:30:57,1,635,4th Ave S & S Washington St,3.0,0.0
2025-10-08,510,North,25005,9560.0,,15:32:21,15:32:49,2,2638,4th Ave & Cherry St,4.0,0.0
2025-10-08,510,North,25005,9560.0,,15:34:25,15:35:42,3,641,4th Ave & Seneca St,3.0,0.0
2025-10-08,510,North,25005,9560.0,15:31:00,15:36:42,15:37:05,4,2976,4th Ave & Pine St,3.0,0.0
2025-10-08,510,North,25005,9560.0,,15:38:40,15:40:00,5,473,Olive Way & 6th Ave,8.0,0.0
2025-10-08,510,North,25005,9560.0,15:35:00,15:40:43,15:41:33,6,430,Howell St & 9th Ave,1.0,0.0
2025-10-08,510,North,25005,9560.0,,15:43:23,15:43:51,7,431,Howell St & Yale Ave,2.0,0.0
2025-10-08,510,North,25005,9560.0,15:56:00,16:03:27,16:03:50,11,2766,Mountlake Terrace Fwy Station Bay 7,0.0,7.0
2025-10-08,510,North,25005,9560.0,16:16:00,16:16:41,16:17:15,12,2869,South Everett Fwy Station Bay 6,0.0,18.0
2025-10-08,510,North,25005,9560.0,,16:26:18,16:26:18,13,3219,Broadway & 33rd St,0.0,0.0
2025-10-08,510,North,25005,9560.0,16:38:00,16:27:23,16:27:23,14,2861,Everett Station,0.0,0.0
2025-10-08,510,North,25006,91704.0,15:40:00,15:40:48,15:40:48,0,640,4th Ave S & S Jackson St,5.0,0.0
2025-10-08,510,North,25006,91704.0,,15:42:10,15:42:18,1,635,4th Ave S & S Washington St,0.0,0.0
2025-10-08,510,North,25006,91704.0,,15:43:20,15:44:15,2,2638,4th Ave & Cherry St,7.0,0.0
2025-10-08,510,North,25006,91704.0,,15:46:23,15:47:03,3,641,4th Ave & Seneca St,7.0,0.0
2025-10-08,510,North,25006,91704.0,15:46:00,15:48:49,15:49:53,4,2976,4th Ave & Pine St,5.0,0.0
2025-10-08,510,North,25006,91704.0,,15:51:06,15:52:06,5,473,Olive Way & 6th Ave,13.0,0.0
2025-10-08,510,North,25006,91704.0,15:50:00,15:53:35,15:54:23,6,430,Howell St & 9th Ave,9.0,0.0
2025-10-08,510,North,25006,91704.0,,15:58:07,15:58:50,7,431,Howell St & Yale Ave,6.0,0.0
2025-10-08,510,North,25006,91704.0,16:12:00,16:19:18,16:19:50,11,2766,Mountlake Terrace Fwy Station Bay 7,0.0,12.0
2025-10-08,510,North,25006,91704.0,16:35:00,16:33:40,16:34:29,12,2869,South Everett Fwy Station Bay 6,1.0,23.0
2025-10-08,510,North,25006,91704.0,,16:43:12,16:43:12,13,3219,Broadway & 33rd St,0.0,0.0
2025-10-08,510,North,25006,91704.0,16:58:00,16:43:58,16:43:58,14,2861,Everett Station,0.0,18.0
2025-10-08,510,North,25007,91901.0,15:55:00,15:57:19,15:57:19,0,640,4th Ave S & S Jackson St,4.0,0.0
2025-10-08,510,North,25007,91901.0,,15:57:53,15:58:30,1,635,4th Ave S & S Washington St,1.0,0.0
2025-10-08,510,North,25007,91901.0,,15:59:45,16:04:07,2,2638,4th Ave & Cherry St,18.0,0.0
2025-10-08,510,North,25007,91901.0,,16:06:02,16:07:17,3,641,4th Ave & Seneca St,12.0,0.0
2025-10-08,510,North,25007,91901.0,16:01:00,16:08:32,16:09:18,4,2976,4th Ave & Pine St,9.0,0.0
2025-10-08,510,North,25007,91901.0,,16:10:45,16:11:38,5,473,Olive Way & 6th Ave,8.0,0.0
2025-10-08,510,North,25007,91901.0,16:05:00,16:13:17,16:14:18,6,430,Howell St & 9th Ave,9.0,0.0
2025-10-08,510,North,25007,91901.0,,16:19:09,16:19:38,7,431,Howell St & Yale Ave,2.0,0.0
2025-10-08,510,North,25007,91901.0,16:28:00,16:39:01,16:39:37,11,2766,Mountlake Terrace Fwy Station Bay 7,0.0,6.0
2025-10-08,510,North,25007,91901.0,16:51:00,16:53:10,16:56:00,12,2869,South Everett Fwy Station Bay 6,0.0,36.0
2025-10-08,510,North,25007,91901.0,,17:05:24,17:06:03,13,3219,Broadway & 33rd St,0.0,1.0
2025-10-08,510,North,25007,91901.0,17:14:00,17:07:15,17:07:15,14,2861,Everett Station,0.0,20.0
2025-10-08,510,North,25008,,16:10:00,,,0,640,4th Ave S & S Jackson St,,
2025-10-08,510,North,25008,,,,,1,635,4th Ave S & S Washington St,,
2025-10-08,510,North,25008,,,,,2,2638,4th Ave & Cherry St,,
2025-10-08,510,North,25008,,,,,3,641,4th Ave & Seneca St,,
2025-10-08,510,North,25008,,16:16:00,,,4,2976,4th Ave & Pine St,,
2025-10-08,510,North,25008,,,,,5,473,Olive Way & 6th Ave,,
2025-10-08,510,North,25008,,16:20:00,,,6,430,Howell St & 9th Ave,,
2025-10-08,510,North,25008,,,,,7,431,Howell St & Yale Ave,,
2025-10-08,510,North,25008,,16:43:00,,,11,2766,Mountlake Terrace Fwy Station Bay 7,,
2025-10-08,510,North,25008,,17:06:00,,,12,2869,South Everett Fwy Station Bay 6,,
2025-10-08,510,North,25008,,,,,13,3219,Broadway & 33rd St,,
2025-10-08,510,North,25008,,17:29:00,,,14,2861,Everett Station,,
2025-10-08,510,North,25009,19812.0,16:25:00,16:25:14,16:25:14,0,640,4th Ave S & S Jackson St,3.0,0.0
2025-10-08,510,North,25009,19812.0,,16:26:00,16:26:11,1,635,4th Ave S & S Washington St,0.0,0.0
2025-10-08,510,North,25009,19812.0,,16:26:57,16:28:02,2,2638,4th Ave & Cherry St,14.0,0.0
2025-10-08,510,North,25009,19812.0,,16:29:31,16:30:18,3,641,4th Ave & Seneca St,9.0,1.0
2025-10-08,510,North,25009,19812.0,16:31:00,16:32:32,16:33:22,4,2976,4th Ave & Pine St,9.0,0.0
2025-10-08,510,North,25009,19812.0,,16:34:21,16:35:33,5,473,Olive Way & 6th Ave,16.0,0.0
2025-10-08,510,North,25009,19812.0,16:35:00,16:37:11,16:38:00,6,430,Howell St & 9th Ave,7.0,0.0
2025-10-08,510,North,25009,19812.0,,16:41:40,16:42:41,7,431,Howell St & Yale Ave,6.0,2.0
2025-10-08,510,North,25009,19812.0,16:58:00,17:02:14,17:02:48,11,2766,Mountlake Terrace Fwy Station Bay 7,1.0,5.0
2025-10-08,510,North,25009,19812.0,17:21:00,17:15:14,17:16:00,12,2869,South Everett Fwy Station Bay 6,0.0,38.0
2025-10-08,510,North,25009,19812.0,,17:24:12,17:24:12,13,3219,Broadway & 33rd St,0.0,0.0
2025-10-08,510,North,25009,19812.0,17:44:00,17:25:55,17:25:55,14,2861,Everett Station,0.0,19.0
2025-10-08,510,North,25010,19815.0,16:40:00,16:41:00,16:41:00,0,640,4th Ave S & S Jackson St,1.0,0.0
2025-10-08,510,North,25010,19815.0,,16:42:31,16:42:52,1,635,4th Ave S & S Washington St,3.0,0.0
2025-10-08,510,North,25010,19815.0,,16:45:52,16:46:32,2,2638,4th Ave & Cherry St,9.0,0.0
2025-10-08,510,North,25010,19815.0,,16:48:14,16:49:20,3,641,4th Ave & Seneca St,10.0,0.0
2025-10-08,510,North,25010,19815.0,16:46:00,16:50:27,16:51:23,4,2976,4th Ave & Pine St,5.0,0.0
2025-10-08,510,North,25010,19815.0,,16:52:35,16:53:37,5,473,Olive Way & 6th Ave,10.0,1.0
2025-10-08,510,North,25010,19815.0,16:50:00,16:54:13,16:54:53,6,430,Howell St & 9th Ave,5.0,0.0
2025-10-08,510,North,25010,19815.0,,16:59:39,16:59:53,7,431,Howell St & Yale Ave,0.0,0.0
2025-10-08,510,North,25010,19815.0,17:13:00,17:19:11,17:19:31,11,2766,Mountlake Terrace Fwy Station Bay 7,0.0,2.0
2025-10-08,510,North,25010,19815.0,17:36:00,17:31:40,17:33:28,12,2869,South Everett Fwy Station Bay 6,0.0,21.0
2025-10-08,510,North,25010,19815.0,,17:40:57,17:41:23,13,3219,Broadway & 33rd St,0.0,1.0
2025-10-08,510,North,25010,19815.0,17:59:00,17:42:59,17:42:59,14,2861,Everett Station,2.0,20.0
2025-10-08,510,North,25011,19852.0,16:55:00,16:56:56,16:56:56,0,640,4th Ave S & S Jackson St,10.0,0.0
2025-10-08,510,North,25011,19852.0,,16:57:37,16:58:12,1,635,4th Ave S & S Washington St,2.0,0.0
2025-10-08,510,North,25011,19852.0,,16:59:35,17:00:05,2,2638,4th Ave & Cherry St,6.0,0.0
2025-10-08,510,North,25011,19852.0,,17:01:44,17:02:46,3,641,4th Ave & Seneca St,3.0,0.0
2025-10-08,510,North,25011,19852.0,17:01:00,17:03:56,17:04:52,4,2976,4th Ave & Pine St,6.0,1.0
2025-10-08,510,North,25011,19852.0,,17:06:10,17:07:06,5,473,Olive Way & 6th Ave,5.0,0.0
2025-10-08,510,North,25011,19852.0,17:05:00,17:08:48,17:09:17,6,430,Howell St & 9th Ave,5.0,0.0
2025-10-08,510,North,25011,19852.0,,17:13:09,17:13:51,7,431,Howell St & Yale Ave,4.0,0.0
2025-10-08,510,North,25011,19852.0,17:27:00,17:32:53,17:33:37,11,2766,Mountlake Terrace Fwy Station Bay 7,1.0,5.0
2025-10-08,510,North,25011,19852.0,17:50:00,17:46:08,17:47:07,12,2869,South Everett Fwy Station Bay 6,0.0,16.0
2025-10-08,510,North,25011,19852.0,,17:54:49,17:54:49,13,3219,Broadway & 33rd St,0.0,0.0
2025-10-08,510,North,25011,19852.0,18:09:00,17:56:24,17:56:24,14,2861,Everett Station,1.0,21.0
2025-10-08,510,North,25012,91708.0,17:10:00,17:11:17,17:11:17,0,640,4th Ave S & S Jackson St,3.0,0.0
2025-10-08,510,North,25012,91708.0,,17:12:28,17:12:44,1,635,4th Ave S & S Washington St,1.0,0.0
2025-10-08,510,North,25012,91708.0,,17:14:15,17:15:02,2,2638,4th Ave & Cherry St,10.0,0.0
2025-10-08,510,North,25012,91708.0,,17:17:41,17:18:55,3,641,4th Ave & Seneca St,10.0,0.0
2025-10-08,510,North,25012,91708.0,17:16:00,17:22:53,17:22:53,4,2976,4th Ave & Pine St,8.0,1.0
2025-10-08,510,North,25012,91708.0,,17:23:52,17:24:59,5,473,Olive Way & 6th Ave,12.0,0.0
2025-10-08,510,North,25012,91708.0,17:20:00,17:26:30,17:27:05,6,430,Howell St & 9th Ave,5.0,0.0
2025-10-08,510,North,25012,91708.0,,17:31:04,17:31:46,7,431,Howell St & Yale Ave,3.0,1.0
2025-10-08,510,North,25012,91708.0,17:42:00,17:50:35,17:51:00,11,2766,Mountlake Terrace Fwy Station Bay 7,0.0,6.0
2025-10-08,510,North,25012,91708.0,18:05:00,18:03:23,18:04:20,12,2869,South Everett Fwy Station Bay 6,0.0,22.0
2025-10-08,510,North,25012,91708.0,,18:12:00,18:12:00,13,3219,Broadway & 33rd St,0.0,0.0
2025-10-08,510,North,25012,91708.0,18:21:00,18:13:23,18:13:23,14,2861,Everett Station,1.0,23.0
2025-10-08,510,North,25013,91718.0,17:25:00,17:26:59,17:26:59,0,640,4th Ave S & S Jackson St,3.0,0.0
2025-10-08,510,North,25013,91718.0,,17:27:32,17:27:40,1,635,4th Ave S & S Washington St,0.0,0.0
2025-10-08,510,North,25013,91718.0,,17:28:30,17:28:58,2,2638,4th Ave & Cherry St,6.0,0.0
2025-10-08,510,North,25013,91718.0,,17:30:09,17:30:44,3,641,4th Ave & Seneca St,4.0,0.0
2025-10-08,510,North,25013,91718.0,17:31:00,17:32:34,17:33:38,4,2976,4th Ave & Pine St,8.0,0.0
2025-10-08,510,North,25013,91718.0,,17:35:43,17:36:59,5,473,Olive Way & 6th Ave,7.0,0.0
2025-10-08,510,North,25013,91718.0,17:35:00,17:38:27,17:38:45,6,430,Howell St & 9th Ave,4.0,0.0
2025-10-08,510,North,25013,91718.0,,17:41:35,17:42:01,7,431,Howell St & Yale Ave,4.0,0.0
2025-10-08,510,North,25013,91718.0,17:56:00,17:59:29,18:00:01,11,2766,Mountlake Terrace Fwy Station Bay 7,0.0,8.0
2025-10-08,510,North,25013,91718.0,18:18:00,18:11:45,18:12:33,12,2869,South Everett Fwy Station Bay 6,0.0,19.0
2025-10-08,510,North,25013,91718.0,,18:19:16,18:19:40,13,3219,Broadway & 33rd St,0.0,3.0
2025-10-08,510,North,25013,91718.0,18:33:00,18:20:44,18:20:44,14,2861,Everett Station,0.0,6.0
2025-10-08,510,North,25014,,17:45:00,,,0,640,4th Ave S & S Jackson St,,
2025-10-08,510,North,25014,,,,,1,635,4th Ave S & S Washington St,,
2025-10-08,510,North,25014,,,,,2,2638,4th Ave & Cherry St,,
2025-10-08,510,North,25014,,,,,3,641,4th Ave & Seneca St,,
2025-10-08,510,North,25014,,17:51:00,,,4,2976,4th Ave & Pine St,,
2025-10-08,510,North,25014,,,,,5,473,Olive Way & 6th Ave,,
2025-10-08,510,North,25014,,17:55:00,,,6,430,Howell St & 9th Ave,,
2025-10-08,510,North,25014,,,,,7,431,Howell St & Yale Ave,,
2025-10-08,510,North,25014,,18:13:00,,,11,2766,Mountlake Terrace Fwy Station Bay 7,,
2025-10-08,510,North,25014,,18:32:00,,,12,2869,South Everett Fwy Station Bay 6,,
2025-10-08,510,North,25014,,,,,13,3219,Broadway & 33rd St,,
2025-10-08,510,North,25014,,18:43:00,,,14,2861,Everett Station,,
2025-10-08,510,North,25015,91722.0,18:05:00,18:06:07,18:06:07,0,640,4th Ave S & S Jackson St,5.0,0.0
2025-10-08,510,North,25015,91722.0,,18:06:45,18:06:56,1,635,4th Ave S & S Washington St,0.0,0.0
2025-10-08,510,North,25015,91722.0,,18:08:24,18:09:03,2,2638,4th Ave & Cherry St,6.0,0.0
2025-10-08,510,North,25015,91722.0,,18:11:52,18:12:52,3,641,4th Ave & Seneca St,11.0,0.0
2025-10-08,510,North,25015,91722.0,18:11:00,18:14:50,18:15:43,4,2976,4th Ave & Pine St,7.0,0.0
2025-10-08,510,North,25015,91722.0,,18:17:45,18:19:12,5,473,Olive Way & 6th Ave,13.0,0.0
2025-10-08,510,North,25015,91722.0,18:14:00,18:20:45,18:22:03,6,430,Howell St & 9th Ave,10.0,0.0
2025-10-08,510,North,25015,91722.0,,18:25:05,18:25:43,7,431,Howell St & Yale Ave,3.0,0.0
2025-10-08,510,North,25015,91722.0,18:32:00,18:40:14,18:40:50,11,2766,Mountlake Terrace Fwy Station Bay 7,1.0,2.0
2025-10-08,510,North,25015,91722.0,18:48:00,18:52:44,18:53:57,12,2869,South Everett Fwy Station Bay 6,0.0,29.0
2025-10-08,510,North,25015,91722.0,,19:01:40,19:02:17,13,3219,Broadway & 33rd St,0.0,2.0
2025-10-08,510,North,25015,91722.0,18:59:00,19:03:44,19:03:44,14,2861,Everett Station,0.0,23.0
2025-10-08,510,North,25016,19857.0,18:30:00,18:30:18,18:30:18,0,640,4th Ave S & S Jackson St,5.0,0.0
2025-10-08,510,North,25016,19857.0,,18:31:35,18:31:35,1,635,4th Ave S & S Washington St,0.0,0.0
2025-10-08,510,North,25016,19857.0,,18:32:25,18:32:46,2,2638,4th Ave & Cherry St,1.0,0.0
2025-10-08,510,North,25016,19857.0,,18:34:28,18:35:04,3,641,4th Ave & Seneca St,3.0,0.0
2025-10-08,510,North,25016,19857.0,18:36:00,18:36:53,18:37:47,4,2976,4th Ave & Pine St,3.0,0.0
2025-10-08,510,North,25016,19857.0,,18:38:48,18:40:02,5,473,Olive Way & 6th Ave,6.0,0.0
2025-10-08,510,North,25016,19857.0,18:39:00,18:41:32,18:41:59,6,430,Howell St & 9th Ave,2.0,0.0
2025-10-08,510,North,25016,19857.0,,18:44:37,18:45:01,7,431,Howell St & Yale Ave,3.0,1.0
2025-10-08,510,North,25016,19857.0,18:57:00,18:58:50,18:59:10,11,2766,Mountlake Terrace Fwy Station Bay 7,0.0,7.0
2025-10-08,510,North,25016,19857.0,19:12:00,19:10:20,19:10:52,12,2869,South Everett Fwy Station Bay 6,0.0,5.0
2025-10-08,510,North,25016,19857.0,,19:18:16,19:18:16,13,3219,Broadway & 33rd St,0.0,0.0
2025-10-08,510,North,25016,19857.0,19:22:00,19:19:18,19:19:18,14,2861,Everett Station,0.0,10.0
2025-10-08,510,South,25017,91710.0,04:05:00,04:05:11,04:05:11,0,2986,Hewitt Ave & Fulton St,3.0,0.0
2025-10-08,510,South,25017,91710.0,,04:06:15,04:06:15,1,2440,Hewitt Ave & Lombard Ave,0.0,0.0
2025-10-08,510,South,25017,91710.0,,04:08:48,04:08:48,2,2355,Wetmore Ave & Wall St,0.0,0.0
2025-10-08,510,South,25017,91710.0,,04:09:13,04:09:13,3,2359,Pacific Ave & Rockefeller Ave,0.0,0.0
2025-10-08,510,South,25017,91710.0,04:11:00,04:11:00,04:12:10,4,2345,Everett Station Bay C1,14.0,0.0
2025-10-08,510,South,25017,91710.0,,04:13:58,04:13:58,5,2367,Broadway & 34th St,0.0,0.0
2025-10-08,510,South,25017,91710.0,04:20:00,04:21:11,04:21:44,6,2868,South Everett Fwy Station Bay 3,5.0,0.0
2025-10-08,510,South,25017,91710.0,04:31:00,04:32:32,04:33:10,7,2765,Mountlake Terrace Fwy Station Bay 6,5.0,0.0
2025-10-08,510,South,25017,91710.0,04:48:00,04:48:16,04:49:05,11,1909,Stewart St & 9th Ave,0.0,7.0
2025-10-08,510,South,25017,91710.0,,04:50:06,04:50:29,12,1908,Stewart St & 7th Ave,0.0,1.0
2025-10-08,510,South,25017,91710.0,04:52:00,04:51:28,04:52:18,13,2698,5th Ave & Pine St,0.0,7.0
2025-10-08,510,South,25017,91710.0,,04:53:14,04:53:35,14,2700,5th Ave & Seneca St,0.0,4.0
2025-10-08,510,South,25017,91710.0,,04:54:34,04:55:10,15,2702,5th Ave & Marion St,0.0,5.0
2025-10-08,510,South,25017,91710.0,,04:56:35,04:56:47,16,2290,5th Ave & Jefferson St,0.0,0.0
2025-10-08,510,South,25017,91710.0,05:00:00,04:58:55,04:58:55,17,2706,5th Ave S & S Jackson St,0.0,3.0
2025-10-08,510,South,25018,91501.0,04:40:00,04:40:08,04:40:08,0,2986,Hewitt Ave & Fulton St,2.0,0.0
2025-10-08,510,South,25018,91501.0,,04:41:25,04:41:25,1,2440,Hewitt Ave & Lombard Ave,0.0,0.0
2025-10-08,510,South,25018,91501.0,,04:43:33,04:44:07,2,2355,Wetmore Ave & Wall St,3.0,0.0
2025-10-08,510,South,25018,91501.0,,04:44:59,04:44:59,3,2359,Pacific Ave & Rockefeller Ave,0.0,0.0
2025-10-08,510,South,25018,91501.0,04:46:00,04:47:07,04:48:19,4,2345,Everett Station Bay C1,17.0,0.0
2025-10-08,510,South,25018,91501.0,,04:50:22,04:50:40,5,2367,Broadway & 34th St,1.0,0.0
2025-10-08,510,South,25018,91501.0,04:57:00,04:58:02,05:01:29,6,2868,South Everett Fwy Station Bay 3,25.0,2.0
2025-10-08,510,South,25018,91501.0,05:08:00,05:12:04,05:12:51,7,2765,Mountlake Terrace Fwy Station Bay 6,7.0,0.0
2025-10-08,510,South,25018,91501.0,05:26:00,05:26:24,05:27:08,11,1909,Stewart St & 9th Ave,0.0,10.0
2025-10-08,510,South,25018,91501.0,,05:28:08,05:28:35,12,1908,Stewart St & 7th Ave,0.0,2.0
2025-10-08,510,South,25018,91501.0,05:30:00,05:30:35,05:31:27,13,2698,5th Ave & Pine St,0.0,3.0
2025-10-08,510,South,25018,91501.0,,05:33:16,05:33:57,14,2700,5th Ave & Seneca St,0.0,13.0
2025-10-08,510,South,25018,91501.0,,05:34:48,05:35:32,15,2702,5th Ave & Marion St,0.0,12.0
2025-10-08,510,South,25018,91501.0,,05:37:09,05:37:35,16,2290,5th Ave & Jefferson St,0.0,4.0
2025-10-08,510,South,25018,91501.0,05:38:00,05:39:52,05:39:52,17,2706,5th Ave S & S Jackson St,0.0,9.0
2025-10-08,510,South,25019,91714.0,05:10:00,05:13:38,05:13:38,0,2345,Everett Station Bay C1,17.0,0.0
2025-10-08,510,South,25019,91714.0,,05:15:53,05:16:12,1,2367,Broadway & 34th St,2.0,0.0
2025-10-08,510,South,25019,91714.0,05:20:00,05:23:11,05:25:43,2,2868,South Everett Fwy Station Bay 3,26.0,0.0
2025-10-08,510,South,25019,91714.0,05:31:00,05:36:19,05:36:27,3,2765,Mountlake Terrace Fwy Station Bay 6,0.0,0.0
2025-10-08,510,South,25019,91714.0,05:49:00,05:51:15,05:51:46,7,1909,Stewart St & 9th Ave,0.0,6.0
2025-10-08,510,South,25019,91714.0,,05:53:04,05:53:25,8,1908,Stewart St & 7th Ave,0.0,3.0
2025-10-08,510,South,25019,91714.0,05:54:00,05:54:22,05:55:20,9,2698,5th Ave & Pine St,0.0,9.0
2025-10-08,510,South,25019,91714.0,,05:57:00,05:57:35,10,2700,5th Ave & Seneca St,0.0,7.0
2025-10-08,510,South,25019,91714.0,,05:58:35,05:59:10,11,2702,5th Ave & Marion St,0.0,8.0
2025-10-08,510,South,25019,91714.0,,05:59:59,06:00:27,12,2290,5th Ave & Jefferson St,0.0,8.0
2025-10-08,510,South,25019,91714.0,06:03:00,06:04:14,06:04:14,13,2706,5th Ave S & S Jackson St,1.0,5.0
2025-10-08,510,South,25020,91717.0,05:40:00,05:40:27,05:40:27,0,2345,Everett Station Bay C1,38.0,0.0
2025-10-08,510,South,25020,91717.0,,05:41:53,05:42:26,1,2367,Broadway & 34th St,2.0,1.0
2025-10-08,510,South,25020,91717.0,05:50:00,05:49:09,05:50:19,2,2868,South Everett Fwy Station Bay 3,20.0,0.0
2025-10-08,510,South,25020,91717.0,06:01:00,06:00:24,06:01:11,3,2765,Mountlake Terrace Fwy Station Bay 6,7.0,1.0
2025-10-08,510,South,25020,91717.0,06:22:00,06:14:50,06:15:42,7,1909,Stewart St & 9th Ave,1.0,7.0
2025-10-08,510,South,25020,91717.0,,06:16:33,06:17:06,8,1908,Stewart St & 7th Ave,0.0,4.0
2025-10-08,510,South,25020,91717.0,06:28:00,06:18:13,06:19:34,9,2698,5th Ave & Pine St,0.0,12.0
2025-10-08,510,South,25020,91717.0,,06:20:26,06:21:10,10,2700,5th Ave & Seneca St,0.0,14.0
2025-10-08,510,South,25020,91717.0,,06:21:57,06:22:45,11,2702,5th Ave & Marion St,0.0,9.0
2025-10-08,510,South,25020,91717.0,,06:24:39,06:24:39,12,2290,5th Ave & Jefferson St,0.0,12.0
2025-10-08,510,South,25020,91717.0,06:38:00,06:26:00,06:26:00,13,2706,5th Ave S & S Jackson St,0.0,8.0
2025-10-08,510,South,25021,91710.0,05:52:00,05:52:30,05:52:30,0,2345,Everett Station Bay C1,15.0,0.0
2025-10-08,510,South,25021,91710.0,,05:54:51,05:55:09,1,2367,Broadway & 34th St,1.0,0.0
2025-10-08,510,South,25021,91710.0,06:02:00,06:02:58,06:03:57,2,2868,South Everett Fwy Station Bay 3,11.0,0.0
2025-10-08,510,South,25021,91710.0,06:14:00,06:15:49,06:16:30,3,2765,Mountlake Terrace Fwy Station Bay 6,1.0,1.0
2025-10-08,510,South,25021,91710.0,06:35:00,06:33:22,06:33:59,7,1909,Stewart St & 9th Ave,1.0,6.0
2025-10-08,510,South,25021,91710.0,,06:34:38,06:35:10,8,1908,Stewart St & 7th Ave,0.0,5.0
2025-10-08,510,South,25021,91710.0,06:41:00,06:36:19,06:37:36,9,2698,5th Ave & Pine St,0.0,2.0
2025-10-08,510,South,25021,91710.0,,06:39:43,06:40:18,10,2700,5th Ave & Seneca St,0.0,4.0
2025-10-08,510,South,25021,91710.0,,06:41:34,06:42:16,11,2702,5th Ave & Marion St,0.0,8.0
2025-10-08,510,South,25021,91710.0,,06:44:16,06:44:16,12,2290,5th Ave & Jefferson St,0.0,3.0
2025-10-08,510,South,25021,91710.0,06:51:00,06:45:44,06:45:44,13,2706,5th Ave S & S Jackson St,0.0,0.0
2025-10-08,510,South,25022,91713.0,06:04:00,06:04:27,06:04:27,0,2345,Everett Station Bay C1,0.0,0.0
2025-10-08,510,South,25022,91713.0,,06:06:10,06:06:26,1,2367,Broadway & 34th St,0.0,0.0
2025-10-08,510,South,25022,91713.0,06:14:00,06:13:41,06:14:52,2,2868,South Everett Fwy Station Bay 3,0.0,0.0
2025-10-08,510,South,25022,91713.0,06:26:00,06:26:22,06:26:56,3,2765,Mountlake Terrace Fwy Station Bay 6,0.0,0.0
2025-10-08,510,South,25022,91713.0,06:48:00,06:42:58,06:43:26,7,1909,Stewart St & 9th Ave,0.0,0.0
2025-10-08,510,South,25022,91713.0,,06:43:53,06:44:33,8,1908,Stewart St & 7th Ave,0.0,0.0
2025-10-08,510,South,25022,91713.0,06:54:00,06:46:53,06:48:06,9,2698,5th Ave & Pine St,0.0,0.0
2025-10-08,510,South,25022,91713.0,,06:49:03,06:49:34,10,2700,5th Ave & Seneca St,0.0,0.0
2025-10-08,510,South,25022,91713.0,,06:50:34,06:51:15,11,2702,5th Ave & Marion St,0.0,0.0
2025-10-08,510,South,25022,91713.0,,06:53:15,06:53:15,12,2290,5th Ave & Jefferson St,0.0,0.0
2025-10-08,510,South,25022,91713.0,07:04:00,06:55:37,06:55:37,13,2706,5th Ave S & S Jackson St,0.0,0.0
2025-10-08,510,South,25023,91905.0,06:16:00,06:17:40,06:17:40,0,2345,Everett Station Bay C1,15.0,0.0
2025-10-08,510,South,25023,91905.0,,06:20:01,06:20:01,1,2367,Broadway & 34th St,0.0,0.0
2025-10-08,510,South,25023,91905.0,06:26:00,06:27:34,06:28:48,2,2868,South Everett Fwy Station Bay 3,23.0,0.0
2025-10-08,510,South,25023,91905.0,06:38:00,06:42:08,06:42:55,3,2765,Mountlake Terrace Fwy Station Bay 6,13.0,0.0
2025-10-08,510,South,25023,91905.0,07:00:00,06:59:26,06:59:59,7,1909,Stewart St & 9th Ave,1.0,14.0
2025-10-08,510,South,25023,91905.0,,07:00:27,07:00:54,8,1908,Stewart St & 7th Ave,0.0,11.0
2025-10-08,510,South,25023,91905.0,07:06:00,07:01:46,07:03:05,9,2698,5th Ave & Pine St,0.0,8.0
2025-10-08,510,South,25023,91905.0,,07:04:04,07:04:35,10,2700,5th Ave & Seneca St,3.0,7.0
2025-10-08,510,South,25023,91905.0,,07:05:30,07:06:15,11,2702,5th Ave & Marion St,0.0,8.0
2025-10-08,510,South,25023,91905.0,,07:07:25,07:07:55,12,2290,5th Ave & Jefferson St,0.0,7.0
2025-10-08,510,South,25023,91905.0,07:17:00,07:10:21,07:10:21,13,2706,5th Ave S & S Jackson St,0.0,0.0
2025-10-08,510,South,25024,91712.0,06:28:00,06:28:14,06:28:14,0,2345,Everett Station Bay C1,15.0,0.0
2025-10-08,510,South,25024,91712.0,,06:30:04,06:30:23,1,2367,Broadway & 34th St,2.0,0.0
2025-10-08,510,South,25024,91712.0,06:38:00,06:38:00,06:40:13,2,2868,South Everett Fwy Station Bay 3,30.0,0.0
2025-10-08,510,South,25024,91712.0,06:50:00,06:54:04,06:55:00,3,2765,Mountlake Terrace Fwy Station Bay 6,3.0,0.0
2025-10-08,510,South,25024,91712.0,07:13:00,07:10:15,07:10:53,7,1909,Stewart St & 9th Ave,0.0,8.0
2025-10-08,510,South,25024,91712.0,,07:12:13,07:13:11,8,1908,Stewart St & 7th Ave,0.0,14.0
2025-10-08,510,South,25024,91712.0,07:19:00,07:15:19,07:16:34,9,2698,5th Ave & Pine St,1.0,3.0
2025-10-08,510,South,25024,91712.0,,07:18:38,07:19:12,10,2700,5th Ave & Seneca St,0.0,11.0
2025-10-08,510,South,25024,91712.0,,07:20:36,07:21:14,11,2702,5th Ave & Marion St,0.0,9.0
2025-10-08,510,South,25024,91712.0,,07:22:28,07:22:57,12,2290,5th Ave & Jefferson St,0.0,3.0
2025-10-08,510,South,25024,91712.0,07:30:00,07:25:43,07:25:43,13,2706,5th Ave S & S Jackson St,0.0,3.0
2025-10-08,510,South,25025,19815.0,06:40:00,06:46:16,06:46:16,0,2345,Everett Station Bay C1,12.0,0.0
2025-10-08,510,South,25025,19815.0,,06:48:36,06:48:36,1,2367,Broadway & 34th St,0.0,0.0
2025-10-08,510,South,25025,19815.0,06:50:00,06:56:42,06:59:32,2,2868,South Everett Fwy Station Bay 3,34.0,1.0
2025-10-08,510,South,25025,19815.0,07:03:00,07:13:55,07:14:25,3,2765,Mountlake Terrace Fwy Station Bay 6,1.0,1.0
2025-10-08,510,South,25025,19815.0,07:28:00,07:35:55,07:36:47,7,1909,Stewart St & 9th Ave,2.0,11.0
2025-10-08,510,South,25025,19815.0,,07:37:44,07:38:11,8,1908,Stewart St & 7th Ave,1.0,8.0
2025-10-08,510,South,25025,19815.0,07:34:00,07:40:55,07:41:23,9,2698,5th Ave & Pine St,1.0,6.0
2025-10-08,510,South,25025,19815.0,,07:44:23,07:44:57,10,2700,5th Ave & Seneca St,2.0,10.0
2025-10-08,510,South,25025,19815.0,,07:46:20,07:46:52,11,2702,5th Ave & Marion St,1.0,12.0
2025-10-08,510,South,25025,19815.0,,07:49:08,07:49:29,12,2290,5th Ave & Jefferson St,1.0,5.0
2025-10-08,510,South,25025,19815.0,07:47:00,07:52:34,07:52:34,13,2706,5th Ave S & S Jackson St,0.0,1.0
2025-10-08,510,South,25026,91722.0,06:52:00,06:52:12,06:52:12,0,2345,Everett Station Bay C1,7.0,0.0
2025-10-08,510,South,25026,91722.0,,06:54:55,06:55:35,1,2367,Broadway & 34th St,5.0,0.0
2025-10-08,510,South,25026,91722.0,07:02:00,07:03:24,07:04:25,2,2868,South Everett Fwy Station Bay 3,17.0,0.0
2025-10-08,510,South,25026,91722.0,07:15:00,07:19:35,07:20:08,3,2765,Mountlake Terrace Fwy Station Bay 6,4.0,1.0
2025-10-08,510,South,25026,91722.0,07:40:00,07:38:30,07:39:04,7,1909,Stewart St & 9th Ave,0.0,13.0
2025-10-08,510,South,25026,91722.0,,07:39:46,07:40:18,8,1908,Stewart St & 7th Ave,0.0,4.0
2025-10-08,510,South,25026,91722.0,07:46:00,07:42:23,07:43:34,9,2698,5th Ave & Pine St,0.0,3.0
2025-10-08,510,South,25026,91722.0,,07:45:51,07:46:52,10,2700,5th Ave & Seneca St,0.0,5.0
2025-10-08,510,South,25026,91722.0,,07:47:54,07:48:26,11,2702,5th Ave & Marion St,0.0,6.0
2025-10-08,510,South,25026,91722.0,,07:50:34,07:50:48,12,2290,5th Ave & Jefferson St,0.0,0.0
2025-10-08,510,South,25026,91722.0,07:59:00,07:54:18,07:54:18,13,2706,5th Ave S & S Jackson St,0.0,1.0
2025-10-08,510,South,25027,,07:04:00,,,0,2345,Everett Station Bay C1,,
2025-10-08,510,South,25027,,,,,1,2367,Broadway & 34th St,,
2025-10-08,510,South,25027,,07:14:00,,,2,2868,South Everett Fwy Station Bay 3,,
2025-10-08,510,South,25027,,07:28:00,,,3,2765,Mountlake Terrace Fwy Station Bay 6,,
2025-10-08,510,South,25027,,07:59:00,,,7,1909,Stewart St & 9th Ave,,
2025-10-08,510,South,25027,,,,,8,1908,Stewart St & 7th Ave,,
2025-10-08,510,South,25027,,08:05:00,,,9,2698,5th Ave & Pine St,,
2025-10-08,510,South,25027,,,,,10,2700,5th Ave & Seneca St,,
2025-10-08,510,South,25027,,,,,11,2702,5th Ave & Marion St,,
2025-10-08,510,South,25027,,,,,12,2290,5th Ave & Jefferson St,,
2025-10-08,510,South,25027,,08:20:00,,,13,2706,5th Ave S & S Jackson St,,
2025-10-08,510,South,25028,9560.0,07:16:00,07:16:54,07:16:54,0,2345,Everett Station Bay C1,27.0,0.0
2025-10-08,510,South,25028,9560.0,,07:19:52,07:20:22,1,2367,Broadway & 34th St,1.0,0.0
2025-10-08,510,South,25028,9560.0,07:26:00,07:29:47,07:31:32,2,2868,South Everett Fwy Station Bay 3,31.0,0.0
2025-10-08,510,South,25028,9560.0,07:40:00,07:53:36,07:54:36,3,2765,Mountlake Terrace Fwy Station Bay 6,3.0,2.0
2025-10-08,510,South,25028,9560.0,08:11:00,08:34:41,08:35:13,7,1909,Stewart St & 9th Ave,0.0,20.0
2025-10-08,510,South,25028,9560.0,,08:36:13,08:36:36,8,1908,Stewart St & 7th Ave,0.0,12.0
2025-10-08,510,South,25028,9560.0,08:17:00,08:39:19,08:40:33,9,2698,5th Ave & Pine St,0.0,9.0
2025-10-08,510,South,25028,9560.0,,08:41:29,08:41:53,10,2700,5th Ave & Seneca St,0.0,5.0
2025-10-08,510,South,25028,9560.0,,08:43:22,08:43:48,11,2702,5th Ave & Marion St,0.0,8.0
2025-10-08,510,South,25028,9560.0,,08:46:02,08:46:32,12,2290,5th Ave & Jefferson St,0.0,5.0
2025-10-08,510,South,25028,9560.0,08:34:00,08:49:05,08:49:05,13,2706,5th Ave S & S Jackson St,0.0,1.0
2025-10-08,510,South,25029,91727.0,07:28:00,07:28:00,07:28:00,0,2345,Everett Station Bay C1,12.0,0.0
2025-10-08,510,South,25029,91727.0,,07:29:42,07:29:42,1,2367,Broadway & 34th St,0.0,0.0
2025-10-08,510,South,25029,91727.0,07:38:00,07:36:52,07:38:04,2,2868,South Everett Fwy Station Bay 3,24.0,0.0
2025-10-08,510,South,25029,91727.0,07:52:00,07:57:20,07:57:37,3,2765,Mountlake Terrace Fwy Station Bay 6,1.0,2.0
2025-10-08,510,South,25029,91727.0,08:23:00,08:23:40,08:24:04,7,1909,Stewart St & 9th Ave,0.0,9.0
2025-10-08,510,South,25029,91727.0,,08:24:31,08:24:55,8,1908,Stewart St & 7th Ave,0.0,7.0
2025-10-08,510,South,25029,91727.0,08:29:00,08:25:42,08:26:09,9,2698,5th Ave & Pine St,0.0,6.0
2025-10-08,510,South,25029,91727.0,,08:28:01,08:28:26,10,2700,5th Ave & Seneca St,0.0,6.0
2025-10-08,510,South,25029,91727.0,,08:29:30,08:30:11,11,2702,5th Ave & Marion St,0.0,4.0
2025-10-08,510,South,25029,91727.0,,08:31:18,08:31:37,12,2290,5th Ave & Jefferson St,0.0,1.0
2025-10-08,510,South,25029,91727.0,08:47:00,08:33:58,08:33:58,13,2706,5th Ave S & S Jackson St,0.0,2.0
2025-10-08,510,South,25030,91702.0,07:43:00,07:43:07,07:43:07,0,2345,Everett Station Bay C1,8.0,0.0
2025-10-08,510,South,25030,91702.0,,07:44:47,07:44:47,1,2367,Broadway & 34th St,0.0,0.0
2025-10-08,510,South,25030,91702.0,07:53:00,07:52:00,07:52:57,2,2868,South Everett Fwy Station Bay 3,15.0,0.0
2025-10-08,510,South,25030,91702.0,08:07:00,08:10:20,08:10:40,3,2765,Mountlake Terrace Fwy Station Bay 6,2.0,0.0
2025-10-08,510,South,25030,91702.0,08:38:00,08:42:07,08:42:45,7,1909,Stewart St & 9th Ave,1.0,11.0
2025-10-08,510,South,25030,91702.0,,08:43:37,08:44:10,8,1908,Stewart St & 7th Ave,0.0,8.0
2025-10-08,510,South,25030,91702.0,08:44:00,08:45:19,08:45:43,9,2698,5th Ave & Pine St,2.0,4.0
2025-10-08,510,South,25030,91702.0,,08:48:54,08:49:11,10,2700,5th Ave & Seneca St,0.0,0.0
2025-10-08,510,South,25030,91702.0,,08:50:51,08:51:16,11,2702,5th Ave & Marion St,0.0,5.0
2025-10-08,510,South,25030,91702.0,,08:52:25,08:52:39,12,2290,5th Ave & Jefferson St,0.0,0.0
2025-10-08,510,South,25030,91702.0,09:02:00,08:55:36,08:55:36,13,2706,5th Ave S & S Jackson St,0.0,0.0
2025-10-08,510,South,25031,19853.0,07:58:00,07:59:53,07:59:53,0,2345,Everett Station Bay C1,14.0,0.0
2025-10-08,510,South,25031,19853.0,,08:01:36,08:01:36,1,2367,Broadway & 34th St,0.0,0.0
2025-10-08,510,South,25031,19853.0,08:08:00,08:09:12,08:15:22,2,2868,South Everett Fwy Station Bay 3,28.0,1.0
2025-10-08,510,South,25031,19853.0,08:22:00,08:31:26,08:32:00,3,2765,Mountlake Terrace Fwy Station Bay 6,1.0,5.0
2025-10-08,510,South,25031,19853.0,08:53:00,09:04:16,09:04:56,7,1909,Stewart St & 9th Ave,0.0,14.0
2025-10-08,510,South,25031,19853.0,,09:06:20,09:07:02,8,1908,Stewart St & 7th Ave,0.0,19.0
2025-10-08,510,South,25031,19853.0,08:59:00,09:09:39,09:10:40,9,2698,5th Ave & Pine St,0.0,3.0
2025-10-08,510,South,25031,19853.0,,09:12:37,09:13:00,10,2700,5th Ave & Seneca St,1.0,0.0
2025-10-08,510,South,25031,19853.0,,09:14:46,09:15:22,11,2702,5th Ave & Marion St,0.0,2.0
2025-10-08,510,South,25031,19853.0,,09:16:33,09:16:48,12,2290,5th Ave & Jefferson St,0.0,0.0
2025-10-08,510,South,25031,19853.0,09:17:00,09:19:19,09:19:19,13,2706,5th Ave S & S Jackson St,0.0,0.0
2025-10-08,510,South,25032,91713.0,08:18:00,08:18:05,08:18:05,0,2345,Everett Station Bay C1,0.0,0.0
2025-10-08,510,South,25032,91713.0,,08:19:56,08:20:22,1,2367,Broadway & 34th St,0.0,0.0
2025-10-08,510,South,25032,91713.0,08:29:00,08:27:50,08:29:22,2,2868,South Everett Fwy Station Bay 3,0.0,0.0
2025-10-08,510,South,25032,91713.0,08:42:00,08:43:21,08:43:39,3,2765,Mountlake Terrace Fwy Station Bay 6,0.0,0.0
2025-10-08,510,South,25032,91713.0,09:13:00,09:18:57,09:19:26,7,1909,Stewart St & 9th Ave,0.0,0.0
2025-10-08,510,South,25032,91713.0,,09:19:52,09:20:32,8,1908,Stewart St & 7th Ave,0.0,0.0
2025-10-08,510,South,25032,91713.0,09:19:00,09:21:18,09:22:35,9,2698,5th Ave & Pine St,0.0,0.0
2025-10-08,510,South,25032,91713.0,,09:24:29,09:24:55,10,2700,5th Ave & Seneca St,0.0,0.0
2025-10-08,510,South,25032,91713.0,,09:26:26,09:27:23,11,2702,5th Ave & Marion St,0.0,0.0
2025-10-08,510,South,25032,91713.0,,09:28:33,09:28:56,12,2290,5th Ave & Jefferson St,0.0,0.0
2025-10-08,510,South,25032,91713.0,09:37:00,09:30:51,09:30:51,13,2706,5th Ave S & S Jackson St,0.0,0.0
2025-10-08,510,South,25033,19815.0,08:38:00,08:43:00,08:43:00,0,2345,Everett Station Bay C1,18.0,0.0
2025-10-08,510,South,25033,19815.0,,08:48:29,08:48:53,1,2367,Broadway & 34th St,1.0,0.0
2025-10-08,510,South,25033,19815.0,08:49:00,08:57:13,08:58:48,2,2868,South Everett Fwy Station Bay 3,16.0,2.0
2025-10-08,510,South,25033,19815.0,09:02:00,09:10:47,09:11:17,3,2765,Mountlake Terrace Fwy Station Bay 6,1.0,2.0
2025-10-08,510,South,25033,19815.0,09:33:00,09:48:11,09:48:46,7,1909,Stewart St & 9th Ave,2.0,13.0
2025-10-08,510,South,25033,19815.0,,09:49:45,09:51:03,8,1908,Stewart St & 7th Ave,3.0,15.0
2025-10-08,510,South,25033,19815.0,09:39:00,09:52:58,09:54:10,9,2698,5th Ave & Pine St,0.0,2.0
2025-10-08,510,South,25033,19815.0,,09:56:25,09:57:05,10,2700,5th Ave & Seneca St,1.0,4.0
2025-10-08,510,South,25033,19815.0,,10:00:24,10:00:24,11,2702,5th Ave & Marion St,0.0,2.0
2025-10-08,510,South,25033,19815.0,,10:02:34,10:03:04,12,2290,5th Ave & Jefferson St,1.0,2.0
2025-10-08,510,South,25033,19815.0,09:57:00,10:06:02,10:06:02,13,2706,5th Ave S & S Jackson St,3.0,4.0
2025-10-09,510,North,25001,91711.0,14:00:00,14:00:12,14:00:12,0,640,4th Ave S & S Jackson St,8.0,0.0
2025-10-09,510,North,25001,91711.0,,14:00:40,14:00:56,1,635,4th Ave S & S Washington St,0.0,0.0
2025-10-09,510,North,25001,91711.0,,14:02:11,14:02:42,2,2638,4th Ave & Cherry St,4.0,0.0
2025-10-09,510,North,25001,91711.0,,14:04:05,14:05:12,3,641,4th Ave & Seneca St,8.0,0.0
2025-10-09,510,North,25001,91711.0,14:06:00,14:06:19,14:07:17,4,2976,4th Ave & Pine St,7.0,0.0
2025-10-09,510,North,25001,91711.0,,14:08:28,14:09:18,5,473,Olive Way & 6th Ave,4.0,0.0
2025-10-09,510,North,25001,91711.0,14:10:00,14:11:01,14:11:26,6,430,Howell St & 9th Ave,3.0,0.0
2025-10-09,510,North,25001,91711.0,,14:14:38,14:15:23,7,431,Howell St & Yale Ave,6.0,0.0
2025-10-09,510,North,25001,91711.0,14:30:00,14:27:34,14:28:00,11,2766,Mountlake Terrace Fwy Station Bay 7,0.0,5.0
2025-10-09,510,North,25001,91711.0,14:47:00,14:45:17,14:45:59,12,2869,South Everett Fwy Station Bay 6,1.0,30.0
2025-10-09,510,North,25001,91711.0,,14:59:03,14:59:26,13,3219,Broadway & 33rd St,0.0,6.0
2025-10-09,510,North,25001,91711.0,15:04:00,15:00:34,15:00:34,14,2861,Everett Station,0.0,0.0
2025-10-09,510,North,25002,91724.0,14:20:00,14:23:32,14:23:32,0,640,4th Ave S & S Jackson St,5.0,0.0
2025-10-09,510,North,25002,91724.0,,,,1,635,4th Ave S & S Washington St,,
2025-10-09,510,North,25002,91724.0,,14:25:13,14:26:05,2,2638,4th Ave & Cherry St,9.0,0.0
2025-10-09,510,North,25002,91724.0,,14:28:08,14:28:41,3,641,4th Ave & Seneca St,3.0,0.0
2025-10-09,510,North,25002,91724.0,14:26:00,14:30:30,14:31:24,4,2976,4th Ave & Pine St,6.0,0.0
2025-10-09,510,North,25002,91724.0,,14:32:55,14:34:03,5,473,Olive Way & 6th Ave,3.0,0.0
2025-10-09,510,North,25002,91724.0,14:30:00,14:35:41,14:36:07,6,430,Howell St & 9th Ave,2.0,0.0
2025-10-09,510,North,25002,91724.0,,14:38:41,14:39:09,7,431,Howell St & Yale Ave,2.0,0.0
2025-10-09,510,North,25002,91724.0,14:50:00,14:53:51,14:54:28,11,2766,Mountlake Terrace Fwy Station Bay 7,1.0,11.0
2025-10-09,510,North,25002,91724.0,15:07:00,15:09:20,15:10:04,12,2869,South Everett Fwy Station Bay 6,0.0,19.0
2025-10-09,510,North,25002,91724.0,,15:20:30,15:21:35,13,3219,Broadway & 33rd St,0.0,1.0
2025-10-09,510,North,25002,91724.0,15:24:00,15:22:46,15:22:46,14,2861,Everett Station,0.0,0.0
2025-10-09,510,North,25003,91713.0,14:50:00,14:52:36,14:52:36,0,640,4th Ave S & S Jackson St,0.0,0.0
2025-10-09,510,North,25003,91713.0,,14:53:18,14:53:33,1,635,4th Ave S & S Washington St,0.0,0.0
2025-10-09,510,North,25003,91713.0,,14:54:57,14:55:42,2,2638,4th Ave & Cherry St,0.0,0.0
2025-10-09,510,North,25003,91713.0,,14:58:06,14:58:34,3,641,4th Ave & Seneca St,0.0,0.0
2025-10-09,510,North,25003,91713.0,14:56:00,14:59:40,15:01:06,4,2976,4th Ave & Pine St,0.0,0.0
2025-10-09,510,North,25003,91713.0,,15:02:49,15:04:03,5,473,Olive Way & 6th Ave,0.0,0.0
2025-10-09,510,North,25003,91713.0,15:00:00,15:04:40,15:05:23,6,430,Howell St & 9th Ave,0.0,0.0
2025-10-09,510,North,25003,91713.0,,15:07:29,15:08:16,7,431,Howell St & Yale Ave,0.0,0.0
2025-10-09,510,North,25003,91713.0,15:20:00,15:23:56,15:24:22,11,2766,Mountlake Terrace Fwy Station Bay 7,0.0,0.0
2025-10-09,510,North,25003,91713.0,15:38:00,15:37:46,15:38:35,12,2869,South Everett Fwy Station Bay 6,0.0,0.0
2025-10-09,510,North,25003,91713.0,,15:49:43,15:50:16,13,3219,Broadway & 33rd St,0.0,0.0
2025-10-09,510,North,25003,91713.0,15:57:00,15:51:22,15:51:22,14,2861,Everett Station,0.0,0.0
2025-10-09,510,North,25004,91727.0,15:10:00,15:21:16,15:21:16,0,640,4th Ave S & S Jackson St,5.0,0.0
2025-10-09,510,North,25004,91727.0,,15:22:45,15:23:16,1,635,4th Ave S & S Washington St,1.0,0.0
2025-10-09,510,North,25004,91727.0,,15:24:59,15:25:54,2,2638,4th Ave & Cherry St,6.0,0.0
2025-10-09,510,North,25004,91727.0,,15:28:03,15:28:50,3,641,4th Ave & Seneca St,5.0,0.0
2025-10-09,510,North,25004,91727.0,15:16:00,15:30:33,15:31:14,4,2976,4th Ave & Pine St,2.0,0.0
2025-10-09,510,North,25004,91727.0,,15:33:15,15:34:28,5,473,Olive Way & 6th Ave,13.0,1.0
2025-10-09,510,North,25004,91727.0,15:20:00,15:36:05,15:37:13,6,430,Howell St & 9th Ave,12.0,3.0
2025-10-09,510,North,25004,91727.0,,15:40:09,15:40:59,7,431,Howell St & Yale Ave,6.0,5.0
2025-10-09,510,North,25004,91727.0,15:40:00,16:01:50,16:02:27,11,2766,Mountlake Terrace Fwy Station Bay 7,0.0,4.0
2025-10-09,510,North,25004,91727.0,16:00:00,16:17:55,16:19:29,12,2869,South Everett Fwy Station Bay 6,0.0,36.0
2025-10-09,510,North,25004,91727.0,,16:32:15,16:32:31,13,3219,Broadway & 33rd St,0.0,1.0
2025-10-09,510,North,25004,91727.0,16:21:00,16:33:40,16:33:40,14,2861,Everett Station,0.0,0.0
2025-10-09,510,North,25005,91701.0,15:25:00,15:28:34,15:28:34,0,640,4th Ave S & S Jackson St,1.0,0.0
2025-10-09,510,North,25005,91701.0,,15:29:13,15:29:32,1,635,4th Ave S & S Washington St,0.0,0.0
2025-10-09,510,North,25005,91701.0,,15:31:14,15:31:42,2,2638,4th Ave & Cherry St,2.0,0.0
2025-10-09,510,North,25005,91701.0,,15:33:14,15:34:15,3,641,4th Ave & Seneca St,0.0,0.0
2025-10-09,510,North,25005,91701.0,15:31:00,15:35:17,15:35:39,4,2976,4th Ave & Pine St,0.0,0.0
2025-10-09,510,North,25005,91701.0,,15:37:32,15:38:31,5,473,Olive Way & 6th Ave,6.0,0.0
2025-10-09,510,North,25005,91701.0,15:35:00,15:39:14,15:39:56,6,430,Howell St & 9th Ave,3.0,0.0
2025-10-09,510,North,25005,91701.0,,15:43:06,15:43:24,7,431,Howell St & Yale Ave,0.0,0.0
2025-10-09,510,North,25005,91701.0,15:56:00,16:03:33,16:03:57,11,2766,Mountlake Terrace Fwy Station Bay 7,0.0,4.0
2025-10-09,510,North,25005,91701.0,16:16:00,16:18:46,16:19:16,12,2869,South Everett Fwy Station Bay 6,0.0,4.0
2025-10-09,510,North,25005,91701.0,,16:32:18,16:32:50,13,3219,Broadway & 33rd St,0.0,4.0
2025-10-09,510,North,25005,91701.0,16:38:00,16:34:30,16:34:30,14,2861,Everett Station,0.0,0.0
2025-10-09,510,North,25006,19852.0,15:40:00,15:41:36,15:41:36,0,640,4th Ave S & S Jackson St,6.0,0.0
2025-10-09,510,North,25006,19852.0,,,,1,635,4th Ave S & S Washington St,,
2025-10-09,510,North,25006,19852.0,,15:43:03,15:43:50,2,2638,4th Ave & Cherry St,8.0,0.0
2025-10-09,510,North,25006,19852.0,,15:46:08,15:46:39,3,641,4th Ave & Seneca St,3.0,0.0
2025-10-09,510,North,25006,19852.0,15:46:00,15:47:49,15:48:22,4,2976,4th Ave & Pine St,0.0,0.0
2025-10-09,510,North,25006,19852.0,,15:49:40,15:50:57,5,473,Olive Way & 6th Ave,10.0,0.0
2025-10-09,510,North,25006,19852.0,15:50:00,15:52:39,15:53:18,6,430,Howell St & 9th Ave,4.0,0.0
2025-10-09,510,North,25006,19852.0,,15:56:42,15:57:14,7,431,Howell St & Yale Ave,4.0,1.0
2025-10-09,510,North,25006,19852.0,16:12:00,16:18:41,16:18:59,11,2766,Mountlake Terrace Fwy Station Bay 7,0.0,2.0
2025-10-09,510,North,25006,19852.0,16:35:00,16:34:28,16:35:26,12,2869,South Everett Fwy Station Bay 6,1.0,16.0
2025-10-09,510,North,25006,19852.0,,16:45:15,16:45:15,13,3219,Broadway & 33rd St,0.0,0.0
2025-10-09,510,North,25006,19852.0,16:58:00,16:45:59,16:45:59,14,2861,Everett Station,0.0,17.0
2025-10-09,510,North,25007,19854.0,15:55:00,15:57:07,15:57:07,0,640,4th Ave S & S Jackson St,3.0,0.0
2025-10-09,510,North,25007,19854.0,,15:57:48,15:57:48,1,635,4th Ave S & S Washington St,0.0,0.0
2025-10-09,510,North,25007,19854.0,,15:59:23,16:00:08,2,2638,4th Ave & Cherry St,9.0,0.0
2025-10-09,510,North,25007,19854.0,,16:01:43,16:02:46,3,641,4th Ave & Seneca St,8.0,0.0
2025-10-09,510,North,25007,19854.0,16:01:00,16:04:17,16:05:05,4,2976,4th Ave & Pine St,10.0,0.0
2025-10-09,510,North,25007,19854.0,,16:07:17,16:08:32,5,473,Olive Way & 6th Ave,8.0,0.0
2025-10-09,510,North,25007,19854.0,16:05:00,16:10:13,16:10:52,6,430,Howell St & 9th Ave,7.0,0.0
2025-10-09,510,North,25007,19854.0,,16:14:40,16:15:11,7,431,Howell St & Yale Ave,5.0,0.0
2025-10-09,510,North,25007,19854.0,16:28:00,16:37:07,16:37:38,11,2766,Mountlake Terrace Fwy Station Bay 7,0.0,13.0
2025-10-09,510,North,25007,19854.0,16:51:00,16:51:53,16:53:10,12,2869,South Everett Fwy Station Bay 6,0.0,37.0
2025-10-09,510,North,25007,19854.0,,17:01:30,17:02:10,13,3219,Broadway & 33rd St,1.0,1.0
2025-10-09,510,North,25007,19854.0,17:14:00,17:04:00,17:04:00,14,2861,Everett Station,0.0,0.0
2025-10-09,510,North,25008,,16:10:00,,,0,640,4th Ave S & S Jackson St,,
2025-10-09,510,North,25008,,,,,1,635,4th Ave S & S Washington St,,
2025-10-09,510,North,25008,,,,,2,2638,4th Ave & Cherry St,,
2025-10-09,510,North,25008,,,,,3,641,4th Ave & Seneca St,,
2025-10-09,510,North,25008,,16:16:00,,,4,2976,4th Ave & Pine St,,
2025-10-09,510,North,25008,,,,,5,473,Olive Way & 6th Ave,,
2025-10-09,510,North,25008,,16:20:00,,,6,430,Howell St & 9th Ave,,
2025-10-09,510,North,25008,,,,,7,431,Howell St & Yale Ave,,
2025-10-09,510,North,25008,,16:43:00,,,11,2766,Mountlake Terrace Fwy Station Bay 7,,
2025-10-09,510,North,25008,,17:06:00,,,12,2869,South Everett Fwy Station Bay 6,,
2025-10-09,510,North,25008,,,,,13,3219,Broadway & 33rd St,,
2025-10-09,510,North,25008,,17:29:00,,,14,2861,Everett Station,,
2025-10-09,510,North,25009,19815.0,16:25:00,16:27:05,16:27:05,0,640,4th Ave S & S Jackson St,4.0,0.0
2025-10-09,510,North,25009,19815.0,,16:27:41,16:28:13,1,635,4th Ave S & S Washington St,1.0,0.0
2025-10-09,510,North,25009,19815.0,,16:31:35,16:32:28,2,2638,4th Ave & Cherry St,11.0,0.0
2025-10-09,510,North,25009,19815.0,,16:36:00,16:37:05,3,641,4th Ave & Seneca St,10.0,0.0
2025-10-09,510,North,25009,19815.0,16:31:00,16:38:22,16:39:02,4,2976,4th Ave & Pine St,5.0,0.0
2025-10-09,510,North,25009,19815.0,,16:40:20,16:41:32,5,473,Olive Way & 6th Ave,10.0,0.0
2025-10-09,510,North,25009,19815.0,16:35:00,16:43:04,16:44:05,6,430,Howell St & 9th Ave,12.0,0.0
2025-10-09,510,North,25009,19815.0,,16:47:35,16:48:23,7,431,Howell St & Yale Ave,4.0,0.0
2025-10-09,510,North,25009,19815.0,16:58:00,17:10:43,17:11:22,11,2766,Mountlake Terrace Fwy Station Bay 7,3.0,7.0
2025-10-09,510,North,25009,19815.0,17:21:00,17:24:25,17:25:17,12,2869,South Everett Fwy Station Bay 6,0.0,29.0
2025-10-09,510,North,25009,19815.0,,17:32:56,17:33:29,13,3219,Broadway & 33rd St,0.0,1.0
2025-10-09,510,North,25009,19815.0,17:44:00,17:34:38,17:34:38,14,2861,Everett Station,0.0,23.0
2025-10-09,510,North,25010,19813.0,16:40:00,16:41:39,16:41:39,0,640,4th Ave S & S Jackson St,6.0,0.0
2025-10-09,510,North,25010,19813.0,,16:42:30,16:42:41,1,635,4th Ave S & S Washington St,0.0,0.0
2025-10-09,510,North,25010,19813.0,,16:44:57,16:45:17,2,2638,4th Ave & Cherry St,5.0,0.0
2025-10-09,510,North,25010,19813.0,,16:48:57,16:49:41,3,641,4th Ave & Seneca St,13.0,0.0
2025-10-09,510,North,25010,19813.0,16:46:00,16:50:47,16:51:16,4,2976,4th Ave & Pine St,5.0,1.0
2025-10-09,510,North,25010,19813.0,,16:52:20,16:53:32,5,473,Olive Way & 6th Ave,14.0,0.0
2025-10-09,510,North,25010,19813.0,16:50:00,16:54:08,16:54:30,6,430,Howell St & 9th Ave,3.0,0.0
2025-10-09,510,North,25010,19813.0,,16:58:06,16:58:27,7,431,Howell St & Yale Ave,4.0,1.0
2025-10-09,510,North,25010,19813.0,17:13:00,17:23:05,17:23:42,11,2766,Mountlake Terrace Fwy Station Bay 7,2.0,14.0
2025-10-09,510,North,25010,19813.0,17:36:00,17:36:42,17:38:11,12,2869,South Everett Fwy Station Bay 6,0.0,20.0
2025-10-09,510,North,25010,19813.0,,17:44:57,17:45:08,13,3219,Broadway & 33rd St,0.0,1.0
2025-10-09,510,North,25010,19813.0,17:59:00,17:46:25,17:46:25,14,2861,Everett Station,1.0,16.0
2025-10-09,510,North,25011,91703.0,16:55:00,16:55:32,16:55:32,0,640,4th Ave S & S Jackson St,7.0,0.0
2025-10-09,510,North,25011,91703.0,,16:56:12,16:56:27,1,635,4th Ave S & S Washington St,2.0,0.0
2025-10-09,510,North,25011,91703.0,,16:58:32,16:59:40,2,2638,4th Ave & Cherry St,3.0,0.0
2025-10-09,510,North,25011,91703.0,,17:03:26,17:04:19,3,641,4th Ave & Seneca St,4.0,0.0
2025-10-09,510,North,25011,91703.0,17:01:00,17:05:37,17:06:22,4,2976,4th Ave & Pine St,7.0,0.0
2025-10-09,510,North,25011,91703.0,,17:07:34,17:08:33,5,473,Olive Way & 6th Ave,13.0,0.0
2025-10-09,510,North,25011,91703.0,17:05:00,17:09:09,17:09:38,6,430,Howell St & 9th Ave,3.0,0.0
2025-10-09,510,North,25011,91703.0,,17:13:06,17:13:44,7,431,Howell St & Yale Ave,6.0,2.0
2025-10-09,510,North,25011,91703.0,17:27:00,17:36:11,17:36:45,11,2766,Mountlake Terrace Fwy Station Bay 7,1.0,9.0
2025-10-09,510,North,25011,91703.0,17:50:00,17:50:32,17:51:23,12,2869,South Everett Fwy Station Bay 6,0.0,22.0
2025-10-09,510,North,25011,91703.0,,17:58:46,17:59:03,13,3219,Broadway & 33rd St,0.0,1.0
2025-10-09,510,North,25011,91703.0,18:09:00,18:00:12,18:00:12,14,2861,Everett Station,0.0,12.0
2025-10-09,510,North,25012,91704.0,17:10:00,17:11:21,17:11:21,0,640,4th Ave S & S Jackson St,6.0,0.0
2025-10-09,510,North,25012,91704.0,,17:14:10,17:14:10,1,635,4th Ave S & S Washington St,0.0,0.0
2025-10-09,510,North,25012,91704.0,,17:15:58,17:16:38,2,2638,4th Ave & Cherry St,9.0,0.0
2025-10-09,510,North,25012,91704.0,,17:19:36,17:20:20,3,641,4th Ave & Seneca St,9.0,1.0
2025-10-09,510,North,25012,91704.0,17:16:00,17:22:14,17:22:50,4,2976,4th Ave & Pine St,2.0,0.0
2025-10-09,510,North,25012,91704.0,,17:24:10,17:25:03,5,473,Olive Way & 6th Ave,4.0,0.0
2025-10-09,510,North,25012,91704.0,17:20:00,17:26:48,17:27:19,6,430,Howell St & 9th Ave,6.0,0.0
2025-10-09,510,North,25012,91704.0,,17:31:10,17:31:36,7,431,Howell St & Yale Ave,2.0,1.0
2025-10-09,510,North,25012,91704.0,17:42:00,17:55:13,17:55:35,11,2766,Mountlake Terrace Fwy Station Bay 7,1.0,1.0
2025-10-09,510,North,25012,91704.0,18:05:00,18:09:07,18:10:12,12,2869,South Everett Fwy Station Bay 6,0.0,26.0
2025-10-09,510,North,25012,91704.0,,18:18:20,18:18:20,13,3219,Broadway & 33rd St,0.0,0.0
2025-10-09,510,North,25012,91704.0,18:21:00,18:19:37,18:19:37,14,2861,Everett Station,0.0,10.0
2025-10-09,510,North,25013,91907.0,17:25:00,17:25:14,17:25:14,0,640,4th Ave S & S Jackson St,2.0,0.0
2025-10-09,510,North,25013,91907.0,,17:25:59,17:26:33,1,635,4th Ave S & S Washington St,1.0,0.0
2025-10-09,510,North,25013,91907.0,,17:29:17,17:30:01,2,2638,4th Ave & Cherry St,6.0,1.0
2025-10-09,510,North,25013,91907.0,,17:35:33,17:36:06,3,641,4th Ave & Seneca St,6.0,0.0
2025-10-09,510,North,25013,91907.0,17:31:00,17:38:10,17:38:32,4,2976,4th Ave & Pine St,2.0,0.0
2025-10-09,510,North,25013,91907.0,,17:40:11,17:41:31,5,473,Olive Way & 6th Ave,10.0,0.0
2025-10-09,510,North,25013,91907.0,17:35:00,17:42:16,17:42:32,6,430,Howell St & 9th Ave,1.0,0.0
2025-10-09,510,North,25013,91907.0,,17:46:06,17:46:36,7,431,Howell St & Yale Ave,5.0,0.0
2025-10-09,510,North,25013,91907.0,17:56:00,18:07:46,18:08:12,11,2766,Mountlake Terrace Fwy Station Bay 7,0.0,7.0
2025-10-09,510,North,25013,91907.0,18:18:00,18:21:19,18:22:07,12,2869,South Everett Fwy Station Bay 6,0.0,17.0
2025-10-09,510,North,25013,91907.0,,18:28:58,18:28:58,13,3219,Broadway & 33rd St,0.0,0.0
2025-10-09,510,North,25013,91907.0,18:33:00,18:30:09,18:30:09,14,2861,Everett Station,0.0,8.0
2025-10-09,510,North,25014,,17:45:00,,,0,640,4th Ave S & S Jackson St,,
2025-10-09,510,North,25014,,,,,1,635,4th Ave S & S Washington St,,
2025-10-09,510,North,25014,,,,,2,2638,4th Ave & Cherry St,,
2025-10-09,510,North,25014,,,,,3,641,4th Ave & Seneca St,,
2025-10-09,510,North,25014,,17:51:00,,,4,2976,4th Ave & Pine St,,
2025-10-09,510,North,25014,,,,,5,473,Olive Way & 6th Ave,,
2025-10-09,510,North,25014,,17:55:00,,,6,430,Howell St & 9th Ave,,
2025-10-09,510,North,25014,,,,,7,431,Howell St & Yale Ave,,
2025-10-09,510,North,25014,,18:13:00,,,11,2766,Mountlake Terrace Fwy Station Bay 7,,
2025-10-09,510,North,25014,,18:32:00,,,12,2869,South Everett Fwy Station Bay 6,,
2025-10-09,510,North,25014,,,,,13,3219,Broadway & 33rd St,,
2025-10-09,510,North,25014,,18:43:00,,,14,2861,Everett Station,,
2025-10-09,510,North,25015,91720.0,18:05:00,18:05:21,18:05:21,0,640,4th Ave S & S Jackson St,6.0,0.0
2025-10-09,510,North,25015,91720.0,,18:06:40,18:07:13,1,635,4th Ave S & S Washington St,1.0,0.0
2025-10-09,510,North,25015,91720.0,,18:08:37,18:09:13,2,2638,4th Ave & Cherry St,2.0,0.0
2025-10-09,510,North,25015,91720.0,,18:13:36,18:14:47,3,641,4th Ave & Seneca St,4.0,4.0
2025-10-09,510,North,25015,91720.0,18:11:00,18:17:08,18:18:30,4,2976,4th Ave & Pine St,7.0,0.0
2025-10-09,510,North,25015,91720.0,,18:19:34,18:20:33,5,473,Olive Way & 6th Ave,7.0,1.0
2025-10-09,510,North,25015,91720.0,18:14:00,18:22:07,18:23:04,6,430,Howell St & 9th Ave,5.0,0.0
2025-10-09,510,North,25015,91720.0,,18:25:25,18:26:07,7,431,Howell St & Yale Ave,6.0,0.0
2025-10-09,510,North,25015,91720.0,18:32:00,18:40:56,18:41:17,11,2766,Mountlake Terrace Fwy Station Bay 7,1.0,1.0
2025-10-09,510,North,25015,91720.0,18:48:00,18:53:35,18:54:48,12,2869,South Everett Fwy Station Bay 6,0.0,29.0
2025-10-09,510,North,25015,91720.0,,19:02:14,19:02:32,13,3219,Broadway & 33rd St,0.0,4.0
2025-10-09,510,North,25015,91720.0,18:59:00,19:03:47,19:03:47,14,2861,Everett Station,0.0,0.0
2025-10-09,510,North,25016,91910.0,18:30:00,18:30:13,18:30:13,0,640,4th Ave S & S Jackson St,6.0,0.0
2025-10-09,510,North,25016,91910.0,,18:30:51,18:31:10,1,635,4th Ave S & S Washington St,1.0,0.0
2025-10-09,510,North,25016,91910.0,,18:32:29,18:35:08,2,2638,4th Ave & Cherry St,1.0,0.0
2025-10-09,510,North,25016,91910.0,,18:37:32,18:38:25,3,641,4th Ave & Seneca St,7.0,0.0
2025-10-09,510,North,25016,91910.0,18:36:00,18:40:18,18:40:49,4,2976,4th Ave & Pine St,1.0,0.0
2025-10-09,510,North,25016,91910.0,,18:42:06,18:43:01,5,473,Olive Way & 6th Ave,4.0,0.0
2025-10-09,510,North,25016,91910.0,18:39:00,18:43:38,18:44:13,6,430,Howell St & 9th Ave,4.0,0.0
2025-10-09,510,North,25016,91910.0,,18:46:29,18:47:07,7,431,Howell St & Yale Ave,2.0,3.0
2025-10-09,510,North,25016,91910.0,18:57:00,19:00:37,19:00:57,11,2766,Mountlake Terrace Fwy Station Bay 7,0.0,2.0
2025-10-09,510,North,25016,91910.0,19:12:00,19:12:20,19:13:02,12,2869,South Everett Fwy Station Bay 6,0.0,15.0
2025-10-09,510,North,25016,91910.0,,19:20:24,19:20:24,13,3219,Broadway & 33rd St,0.0,0.0
2025-10-09,510,North,25016,91910.0,19:22:00,19:21:29,19:21:29,14,2861,Everett Station,0.0,6.0
2025-10-09,510,South,25017,91702.0,04:05:00,04:05:07,04:05:07,0,2986,Hewitt Ave & Fulton St,7.0,0.0
2025-10-09,510,South,25017,91702.0,,04:06:21,04:06:40,1,2440,Hewitt Ave & Lombard Ave,2.0,0.0
2025-10-09,510,South,25017,91702.0,,04:08:36,04:08:53,2,2355,Wetmore Ave & Wall St,1.0,0.0
2025-10-09,510,South,25017,91702.0,,04:09:35,04:09:35,3,2359,Pacific Ave & Rockefeller Ave,0.0,0.0
2025-10-09,510,South,25017,91702.0,04:11:00,04:11:37,04:12:18,4,2345,Everett Station Bay C1,10.0,0.0
2025-10-09,510,South,25017,91702.0,,04:13:57,04:14:10,5,2367,Broadway & 34th St,1.0,0.0
2025-10-09,510,South,25017,91702.0,04:20:00,04:21:03,04:21:37,6,2868,South Everett Fwy Station Bay 3,3.0,1.0
2025-10-09,510,South,25017,91702.0,04:31:00,04:32:08,04:32:31,7,2765,Mountlake Terrace Fwy Station Bay 6,2.0,0.0
2025-10-09,510,South,25017,91702.0,04:48:00,04:46:36,04:47:04,11,1909,Stewart St & 9th Ave,0.0,7.0
2025-10-09,510,South,25017,91702.0,,04:47:59,04:47:59,12,1908,Stewart St & 7th Ave,0.0,0.0
2025-10-09,510,South,25017,91702.0,04:52:00,04:49:30,04:50:21,13,2698,5th Ave & Pine St,0.0,3.0
2025-10-09,510,South,25017,91702.0,,04:51:15,04:51:51,14,2700,5th Ave & Seneca St,0.0,1.0
2025-10-09,510,South,25017,91702.0,,04:52:33,04:52:51,15,2702,5th Ave & Marion St,0.0,2.0
2025-10-09,510,South,25017,91702.0,,04:53:44,04:54:16,16,2290,5th Ave & Jefferson St,0.0,3.0
2025-10-09,510,South,25017,91702.0,05:00:00,04:55:33,04:55:33,17,2706,5th Ave S & S Jackson St,0.0,9.0
2025-10-09,510,South,25018,91725.0,04:40:00,04:40:23,04:40:23,0,2986,Hewitt Ave & Fulton St,3.0,0.0
2025-10-09,510,South,25018,91725.0,,04:41:58,04:41:58,1,2440,Hewitt Ave & Lombard Ave,0.0,0.0
2025-10-09,510,South,25018,91725.0,,04:43:27,04:43:43,2,2355,Wetmore Ave & Wall St,1.0,0.0
2025-10-09,510,South,25018,91725.0,,04:44:25,04:44:25,3,2359,Pacific Ave & Rockefeller Ave,0.0,0.0
2025-10-09,510,South,25018,91725.0,04:46:00,04:46:06,04:47:25,4,2345,Everett Station Bay C1,12.0,0.0
2025-10-09,510,South,25018,91725.0,,04:48:59,04:49:28,5,2367,Broadway & 34th St,3.0,0.0
2025-10-09,510,South,25018,91725.0,04:57:00,04:56:20,04:59:07,6,2868,South Everett Fwy Station Bay 3,23.0,2.0
2025-10-09,510,South,25018,91725.0,05:08:00,05:09:01,05:09:31,7,2765,Mountlake Terrace Fwy Station Bay 6,4.0,1.0
2025-10-09,510,South,25018,91725.0,05:26:00,05:23:16,05:23:48,11,1909,Stewart St & 9th Ave,0.0,10.0
2025-10-09,510,South,25018,91725.0,,05:25:07,05:25:29,12,1908,Stewart St & 7th Ave,0.0,2.0
2025-10-09,510,South,25018,91725.0,05:30:00,05:26:24,05:27:21,13,2698,5th Ave & Pine St,0.0,5.0
2025-10-09,510,South,25018,91725.0,,05:28:13,05:28:46,14,2700,5th Ave & Seneca St,0.0,10.0
2025-10-09,510,South,25018,91725.0,,05:29:27,05:30:00,15,2702,5th Ave & Marion St,0.0,4.0
2025-10-09,510,South,25018,91725.0,,05:31:12,05:31:38,16,2290,5th Ave & Jefferson St,1.0,4.0
2025-10-09,510,South,25018,91725.0,05:38:00,05:34:05,05:34:05,17,2706,5th Ave S & S Jackson St,0.0,9.0
2025-10-09,510,South,25019,91911.0,05:10:00,05:11:23,05:11:23,0,2345,Everett Station Bay C1,0.0,0.0
2025-10-09,510,South,25019,91911.0,,05:13:11,05:13:11,1,2367,Broadway & 34th St,0.0,0.0
2025-10-09,510,South,25019,91911.0,05:20:00,05:20:40,05:21:56,2,2868,South Everett Fwy Station Bay 3,24.0,0.0
2025-10-09,510,South,25019,91911.0,05:31:00,05:33:13,05:33:53,3,2765,Mountlake Terrace Fwy Station Bay 6,11.0,0.0
2025-10-09,510,South,25019,91911.0,05:49:00,05:48:31,05:49:00,7,1909,Stewart St & 9th Ave,0.0,6.0
2025-10-09,510,South,25019,91911.0,,05:50:03,05:50:23,8,1908,Stewart St & 7th Ave,0.0,2.0
2025-10-09,510,South,25019,91911.0,05:54:00,05:51:27,05:52:23,9,2698,5th Ave & Pine St,0.0,2.0
2025-10-09,510,South,25019,91911.0,,05:54:16,05:54:44,10,2700,5th Ave & Seneca St,0.0,9.0
2025-10-09,510,South,25019,91911.0,,05:55:39,05:56:27,11,2702,5th Ave & Marion St,0.0,6.0
2025-10-09,510,South,25019,91911.0,,05:58:07,05:58:43,12,2290,5th Ave & Jefferson St,0.0,10.0
2025-10-09,510,South,25019,91911.0,06:03:00,06:00:54,06:00:54,13,2706,5th Ave S & S Jackson St,0.0,0.0
2025-10-09,510,South,25020,91901.0,05:40:00,05:40:15,05:40:15,0,2345,Everett Station Bay C1,12.0,0.0
2025-10-09,510,South,25020,91901.0,,05:41:44,05:42:19,1,2367,Broadway & 34th St,0.0,0.0
2025-10-09,510,South,25020,91901.0,05:50:00,05:49:49,05:50:46,2,2868,South Everett Fwy Station Bay 3,7.0,0.0
2025-10-09,510,South,25020,91901.0,06:01:00,06:01:52,06:02:21,3,2765,Mountlake Terrace Fwy Station Bay 6,3.0,0.0
2025-10-09,510,South,25020,91901.0,06:22:00,06:16:41,06:17:12,7,1909,Stewart St & 9th Ave,0.0,11.0
2025-10-09,510,South,25020,91901.0,,06:18:05,06:18:35,8,1908,Stewart St & 7th Ave,0.0,0.0
2025-10-09,510,South,25020,91901.0,06:28:00,06:19:44,06:20:05,9,2698,5th Ave & Pine St,0.0,0.0
2025-10-09,510,South,25020,91901.0,,06:21:34,06:22:10,10,2700,5th Ave & Seneca St,0.0,11.0
2025-10-09,510,South,25020,91901.0,,06:23:31,06:24:13,11,2702,5th Ave & Marion St,0.0,0.0
2025-10-09,510,South,25020,91901.0,,06:25:23,06:25:51,12,2290,5th Ave & Jefferson St,0.0,0.0
2025-10-09,510,South,25020,91901.0,06:38:00,06:27:32,06:27:32,13,2706,5th Ave S & S Jackson St,0.0,0.0
2025-10-09,510,South,25021,91702.0,05:52:00,05:52:07,05:52:07,0,2345,Everett Station Bay C1,15.0,0.0
2025-10-09,510,South,25021,91702.0,,05:54:01,05:54:01,1,2367,Broadway & 34th St,0.0,0.0
2025-10-09,510,South,25021,91702.0,06:02:00,06:01:18,06:02:07,2,2868,South Everett Fwy Station Bay 3,9.0,0.0
2025-10-09,510,South,25021,91702.0,06:14:00,06:13:40,06:14:21,3,2765,Mountlake Terrace Fwy Station Bay 6,6.0,1.0
2025-10-09,510,South,25021,91702.0,06:35:00,06:28:08,06:28:33,7,1909,Stewart St & 9th Ave,0.0,8.0
2025-10-09,510,South,25021,91702.0,,06:29:03,06:29:22,8,1908,Stewart St & 7th Ave,0.0,1.0
2025-10-09,510,South,25021,91702.0,06:41:00,06:31:52,06:33:01,9,2698,5th Ave & Pine St,0.0,5.0
2025-10-09,510,South,25021,91702.0,,06:34:04,06:34:50,10,2700,5th Ave & Seneca St,0.0,5.0
2025-10-09,510,South,25021,91702.0,,06:35:36,06:36:16,11,2702,5th Ave & Marion St,0.0,4.0
2025-10-09,510,South,25021,91702.0,,06:37:35,06:38:01,12,2290,5th Ave & Jefferson St,0.0,6.0
2025-10-09,510,South,25021,91702.0,06:51:00,06:40:33,06:40:33,13,2706,5th Ave S & S Jackson St,0.0,0.0
2025-10-09,510,South,25022,91731.0,06:04:00,06:06:40,06:06:40,0,2345,Everett Station Bay C1,19.0,0.0
2025-10-09,510,South,25022,91731.0,,06:06:49,06:06:49,1,2367,Broadway & 34th St,0.0,0.0
2025-10-09,510,South,25022,91731.0,06:14:00,06:14:02,06:15:20,2,2868,South Everett Fwy Station Bay 3,19.0,0.0
2025-10-09,510,South,25022,91731.0,06:26:00,06:27:11,06:27:32,3,2765,Mountlake Terrace Fwy Station Bay 6,3.0,1.0
2025-10-09,510,South,25022,91731.0,06:48:00,06:43:06,06:44:12,7,1909,Stewart St & 9th Ave,0.0,10.0
2025-10-09,510,South,25022,91731.0,,06:45:08,06:45:31,8,1908,Stewart St & 7th Ave,0.0,4.0
2025-10-09,510,South,25022,91731.0,06:54:00,06:46:45,06:47:15,9,2698,5th Ave & Pine St,1.0,5.0
2025-10-09,510,South,25022,91731.0,,06:48:59,06:49:34,10,2700,5th Ave & Seneca St,0.0,8.0
2025-10-09,510,South,25022,91731.0,,06:50:32,06:51:16,11,2702,5th Ave & Marion St,0.0,4.0
2025-10-09,510,South,25022,91731.0,,06:53:03,06:53:03,12,2290,5th Ave & Jefferson St,0.0,7.0
2025-10-09,510,South,25022,91731.0,07:04:00,06:55:34,06:55:34,13,2706,5th Ave S & S Jackson St,0.0,3.0
2025-10-09,510,South,25023,91706.0,06:16:00,06:17:04,06:17:04,0,2345,Everett Station Bay C1,7.0,0.0
2025-10-09,510,South,25023,91706.0,,06:18:44,06:19:01,1,2367,Broadway & 34th St,0.0,0.0
2025-10-09,510,South,25023,91706.0,06:26:00,06:26:57,06:28:14,2,2868,South Everett Fwy Station Bay 3,12.0,0.0
2025-10-09,510,South,25023,91706.0,06:38:00,06:43:26,06:44:12,3,2765,Mountlake Terrace Fwy Station Bay 6,2.0,0.0
2025-10-09,510,South,25023,91706.0,07:00:00,06:59:26,06:59:51,7,1909,Stewart St & 9th Ave,1.0,22.0
2025-10-09,510,South,25023,91706.0,,07:00:18,07:01:06,8,1908,Stewart St & 7th Ave,0.0,0.0
2025-10-09,510,South,25023,91706.0,07:06:00,07:03:21,07:04:39,9,2698,5th Ave & Pine St,0.0,0.0
2025-10-09,510,South,25023,91706.0,,07:05:29,07:06:07,10,2700,5th Ave & Seneca St,0.0,0.0
2025-10-09,510,South,25023,91706.0,,07:06:59,07:07:45,11,2702,5th Ave & Marion St,0.0,0.0
2025-10-09,510,South,25023,91706.0,,07:08:53,07:09:09,12,2290,5th Ave & Jefferson St,0.0,0.0
2025-10-09,510,South,25023,91706.0,07:17:00,07:11:08,07:11:08,13,2706,5th Ave S & S Jackson St,0.0,0.0
2025-10-09,510,South,25024,91728.0,06:28:00,06:28:04,06:28:04,0,2345,Everett Station Bay C1,19.0,0.0
2025-10-09,510,South,25024,91728.0,,06:30:04,06:30:24,1,2367,Broadway & 34th St,2.0,0.0
2025-10-09,510,South,25024,91728.0,06:38:00,06:37:22,06:38:38,2,2868,South Everett Fwy Station Bay 3,24.0,1.0
2025-10-09,510,South,25024,91728.0,06:50:00,06:57:28,06:57:51,3,2765,Mountlake Terrace Fwy Station Bay 6,3.0,1.0
2025-10-09,510,South,25024,91728.0,07:13:00,07:12:04,07:12:45,7,1909,Stewart St & 9th Ave,0.0,12.0
2025-10-09,510,South,25024,91728.0,,07:13:35,07:14:05,8,1908,Stewart St & 7th Ave,0.0,6.0
2025-10-09,510,South,25024,91728.0,07:19:00,07:15:26,07:16:33,9,2698,5th Ave & Pine St,0.0,4.0
2025-10-09,510,South,25024,91728.0,,07:18:48,07:19:22,10,2700,5th Ave & Seneca St,0.0,8.0
2025-10-09,510,South,25024,91728.0,,07:20:24,07:21:12,11,2702,5th Ave & Marion St,0.0,9.0
2025-10-09,510,South,25024,91728.0,,07:22:20,07:22:44,12,2290,5th Ave & Jefferson St,0.0,4.0
2025-10-09,510,South,25024,91728.0,07:30:00,07:24:21,07:24:21,13,2706,5th Ave S & S Jackson St,0.0,3.0
2025-10-09,510,South,25025,91909.0,06:40:00,06:42:11,06:42:11,0,2345,Everett Station Bay C1,17.0,0.0
2025-10-09,510,South,25025,91909.0,,06:44:56,06:45:55,1,2367,Broadway & 34th St,2.0,0.0
2025-10-09,510,South,25025,91909.0,06:50:00,06:54:33,06:57:09,2,2868,South Everett Fwy Station Bay 3,25.0,2.0
2025-10-09,510,South,25025,91909.0,07:03:00,07:18:02,07:18:47,3,2765,Mountlake Terrace Fwy Station Bay 6,4.0,2.0
2025-10-09,510,South,25025,91909.0,07:28:00,07:37:45,07:38:21,7,1909,Stewart St & 9th Ave,3.0,9.0
2025-10-09,510,South,25025,91909.0,,07:39:12,07:39:59,8,1908,Stewart St & 7th Ave,1.0,11.0
2025-10-09,510,South,25025,91909.0,07:34:00,07:42:25,07:43:01,9,2698,5th Ave & Pine St,0.0,7.0
2025-10-09,510,South,25025,91909.0,,07:45:48,07:46:31,10,2700,5th Ave & Seneca St,0.0,11.0
2025-10-09,510,South,25025,91909.0,,07:47:50,07:48:22,11,2702,5th Ave & Marion St,0.0,5.0
2025-10-09,510,South,25025,91909.0,,07:50:41,07:51:12,12,2290,5th Ave & Jefferson St,0.0,2.0
2025-10-09,510,South,25025,91909.0,07:47:00,07:54:32,07:54:32,13,2706,5th Ave S & S Jackson St,0.0,3.0
2025-10-09,510,South,25026,,06:52:00,,,0,2345,Everett Station Bay C1,,
2025-10-09,510,South,25026,,,,,1,2367,Broadway & 34th St,,
2025-10-09,510,South,25026,,07:02:00,,,2,2868,South Everett Fwy Station Bay 3,,
2025-10-09,510,South,25026,,07:15:00,,,3,2765,Mountlake Terrace Fwy Station Bay 6,,
2025-10-09,510,South,25026,,07:40:00,,,7,1909,Stewart St & 9th Ave,,
2025-10-09,510,South,25026,,,,,8,1908,Stewart St & 7th Ave,,
2025-10-09,510,South,25026,,07:46:00,,,9,2698,5th Ave & Pine St,,
2025-10-09,510,South,25026,,,,,10,2700,5th Ave & Seneca St,,
2025-10-09,510,South,25026,,,,,11,2702,5th Ave & Marion St,,
2025-10-09,510,South,25026,,,,,12,2290,5th Ave & Jefferson St,,
2025-10-09,510,South,25026,,07:59:00,,,13,2706,5th Ave S & S Jackson St,,
2025-10-09,510,South,25027,91705.0,07:04:00,07:04:11,07:04:11,0,2345,Everett Station Bay C1,22.0,0.0
2025-10-09,510,South,25027,91705.0,,07:06:40,07:06:58,1,2367,Broadway & 34th St,1.0,0.0
2025-10-09,510,South,25027,91705.0,07:14:00,07:14:16,07:15:53,2,2868,South Everett Fwy Station Bay 3,31.0,0.0
2025-10-09,510,South,25027,91705.0,07:28:00,07:42:10,07:42:41,3,2765,Mountlake Terrace Fwy Station Bay 6,3.0,2.0
2025-10-09,510,South,25027,91705.0,07:59:00,08:12:58,08:13:36,7,1909,Stewart St & 9th Ave,0.0,12.0
2025-10-09,510,South,25027,91705.0,,08:14:17,08:14:38,8,1908,Stewart St & 7th Ave,0.0,6.0
2025-10-09,510,South,25027,91705.0,08:05:00,08:16:50,08:18:04,9,2698,5th Ave & Pine St,1.0,7.0
2025-10-09,510,South,25027,91705.0,,08:20:15,08:20:51,10,2700,5th Ave & Seneca St,0.0,16.0
2025-10-09,510,South,25027,91705.0,,08:22:06,08:22:46,11,2702,5th Ave & Marion St,0.0,10.0
2025-10-09,510,South,25027,91705.0,,08:24:00,08:24:29,12,2290,5th Ave & Jefferson St,0.0,5.0
2025-10-09,510,South,25027,91705.0,08:20:00,08:26:10,08:26:10,13,2706,5th Ave S & S Jackson St,0.0,0.0
2025-10-09,510,South,25028,,07:16:00,,,0,2345,Everett Station Bay C1,,
2025-10-09,510,South,25028,,,,,1,2367,Broadway & 34th St,,
2025-10-09,510,South,25028,,07:26:00,,,2,2868,South Everett Fwy Station Bay 3,,
2025-10-09,510,South,25028,,07:40:00,,,3,2765,Mountlake Terrace Fwy Station Bay 6,,
2025-10-09,510,South,25028,,08:11:00,,,7,1909,Stewart St & 9th Ave,,
2025-10-09,510,South,25028,,,,,8,1908,Stewart St & 7th Ave,,
2025-10-09,510,South,25028,,08:17:00,,,9,2698,5th Ave & Pine St,,
2025-10-09,510,South,25028,,,,,10,2700,5th Ave & Seneca St,,
2025-10-09,510,South,25028,,,,,11,2702,5th Ave & Marion St,,
2025-10-09,510,South,25028,,,,,12,2290,5th Ave & Jefferson St,,
2025-10-09,510,South,25028,,08:34:00,,,13,2706,5th Ave S & S Jackson St,,
2025-10-09,510,South,25029,91724.0,07:28:00,07:28:19,07:28:19,0,2345,Everett Station Bay C1,19.0,0.0
2025-10-09,510,South,25029,91724.0,,07:29:40,07:29:40,1,2367,Broadway & 34th St,0.0,0.0
2025-10-09,510,South,25029,91724.0,07:38:00,07:37:09,07:38:16,2,2868,South Everett Fwy Station Bay 3,20.0,0.0
2025-10-09,510,South,25029,91724.0,07:52:00,08:01:36,08:02:25,3,2765,Mountlake Terrace Fwy Station Bay 6,14.0,3.0
2025-10-09,510,South,25029,91724.0,08:23:00,08:25:33,08:26:10,7,1909,Stewart St & 9th Ave,0.0,17.0
2025-10-09,510,South,25029,91724.0,,08:27:06,08:27:40,8,1908,Stewart St & 7th Ave,0.0,14.0
2025-10-09,510,South,25029,91724.0,08:29:00,08:28:49,08:30:03,9,2698,5th Ave & Pine St,1.0,6.0
2025-10-09,510,South,25029,91724.0,,08:31:04,08:31:32,10,2700,5th Ave & Seneca St,1.0,6.0
2025-10-09,510,South,25029,91724.0,,08:32:37,08:33:12,11,2702,5th Ave & Marion St,0.0,7.0
2025-10-09,510,South,25029,91724.0,,08:34:19,08:34:38,12,2290,5th Ave & Jefferson St,0.0,2.0
2025-10-09,510,South,25029,91724.0,08:47:00,08:37:16,08:37:16,13,2706,5th Ave S & S Jackson St,0.0,0.0
2025-10-09,510,South,25030,91501.0,07:43:00,07:43:22,07:43:22,0,2345,Everett Station Bay C1,18.0,0.0
2025-10-09,510,South,25030,91501.0,,07:45:02,07:45:02,1,2367,Broadway & 34th St,0.0,0.0
2025-10-09,510,South,25030,91501.0,07:53:00,07:52:13,07:53:10,2,2868,South Everett Fwy Station Bay 3,18.0,0.0
2025-10-09,510,South,25030,91501.0,08:07:00,08:16:17,08:16:41,3,2765,Mountlake Terrace Fwy Station Bay 6,4.0,6.0
2025-10-09,510,South,25030,91501.0,08:38:00,08:53:35,08:54:17,7,1909,Stewart St & 9th Ave,0.0,14.0
2025-10-09,510,South,25030,91501.0,,08:55:41,08:56:12,8,1908,Stewart St & 7th Ave,0.0,11.0
2025-10-09,510,South,25030,91501.0,08:44:00,08:58:50,08:59:07,9,2698,5th Ave & Pine St,0.0,4.0
2025-10-09,510,South,25030,91501.0,,09:01:02,09:01:16,10,2700,5th Ave & Seneca St,0.0,0.0
2025-10-09,510,South,25030,91501.0,,09:02:53,09:03:24,11,2702,5th Ave & Marion St,0.0,3.0
2025-10-09,510,South,25030,91501.0,,09:05:43,09:05:53,12,2290,5th Ave & Jefferson St,0.0,0.0
2025-10-09,510,South,25030,91501.0,09:02:00,09:08:03,09:08:03,13,2706,5th Ave S & S Jackson St,0.0,2.0
2025-10-09,510,South,25031,19853.0,07:58:00,07:58:44,07:58:44,0,2345,Everett Station Bay C1,11.0,0.0
2025-10-09,510,South,25031,19853.0,,08:01:40,08:02:11,1,2367,Broadway & 34th St,3.0,0.0
2025-10-09,510,South,25031,19853.0,08:08:00,08:09:10,08:11:14,2,2868,South Everett Fwy Station Bay 3,30.0,1.0
2025-10-09,510,South,25031,19853.0,08:22:00,08:29:38,08:30:19,3,2765,Mountlake Terrace Fwy Station Bay 6,4.0,2.0
2025-10-09,510,South,25031,19853.0,08:53:00,09:09:56,09:10:36,7,1909,Stewart St & 9th Ave,0.0,17.0
2025-10-09,510,South,25031,19853.0,,09:11:13,09:11:54,8,1908,Stewart St & 7th Ave,0.0,14.0
2025-10-09,510,South,25031,19853.0,08:59:00,09:14:01,09:15:05,9,2698,5th Ave & Pine St,0.0,4.0
2025-10-09,510,South,25031,19853.0,,09:16:13,09:16:49,10,2700,5th Ave & Seneca St,0.0,5.0
2025-10-09,510,South,25031,19853.0,,09:17:56,09:18:27,11,2702,5th Ave & Marion St,0.0,5.0
2025-10-09,510,South,25031,19853.0,,09:19:27,09:19:43,12,2290,5th Ave & Jefferson St,0.0,0.0
2025-10-09,510,South,25031,19853.0,09:17:00,09:22:23,09:22:23,13,2706,5th Ave S & S Jackson St,0.0,0.0
2025-10-09,510,South,25032,19812.0,08:18:00,08:18:56,08:18:56,0,2345,Everett Station Bay C1,15.0,0.0
2025-10-09,510,South,25032,19812.0,,08:21:34,08:22:00,1,2367,Broadway & 34th St,1.0,0.0
2025-10-09,510,South,25032,19812.0,08:29:00,08:29:05,08:30:40,2,2868,South Everett Fwy Station Bay 3,25.0,0.0
2025-10-09,510,South,25032,19812.0,08:42:00,08:47:38,08:47:57,3,2765,Mountlake Terrace Fwy Station Bay 6,2.0,0.0
2025-10-09,510,South,25032,19812.0,09:13:00,09:29:57,09:30:25,7,1909,Stewart St & 9th Ave,0.0,21.0
2025-10-09,510,South,25032,19812.0,,09:31:40,09:31:59,8,1908,Stewart St & 7th Ave,0.0,13.0
2025-10-09,510,South,25032,19812.0,09:19:00,09:34:59,09:36:07,9,2698,5th Ave & Pine St,0.0,4.0
2025-10-09,510,South,25032,19812.0,,09:37:04,09:37:17,10,2700,5th Ave & Seneca St,0.0,3.0
2025-10-09,510,South,25032,19812.0,,09:38:47,09:39:18,11,2702,5th Ave & Marion St,0.0,2.0
2025-10-09,510,South,25032,19812.0,,09:40:35,09:40:45,12,2290,5th Ave & Jefferson St,0.0,0.0
2025-10-09,510,South,25032,19812.0,09:37:00,09:42:49,09:42:49,13,2706,5th Ave S & S Jackson St,0.0,0.0
2025-10-09,510,South,25033,91909.0,08:38:00,08:46:04,08:46:04,0,2345,Everett Station Bay C1,17.0,0.0
2025-10-09,510,South,25033,91909.0,,08:48:27,08:48:27,1,2367,Broadway & 34th St,0.0,0.0
2025-10-09,510,South,25033,91909.0,08:49:00,08:57:18,08:58:06,2,2868,South Everett Fwy Station Bay 3,6.0,1.0
2025-10-09,510,South,25033,91909.0,09:02:00,09:09:26,09:09:59,3,2765,Mountlake Terrace Fwy Station Bay 6,1.0,1.0
2025-10-09,510,South,25033,91909.0,09:33:00,09:42:27,09:43:03,7,1909,Stewart St & 9th Ave,1.0,11.0
2025-10-09,510,South,25033,91909.0,,09:44:06,09:44:46,8,1908,Stewart St & 7th Ave,0.0,4.0
2025-10-09,510,South,25033,91909.0,09:39:00,09:46:53,09:48:04,9,2698,5th Ave & Pine St,0.0,2.0
2025-10-09,510,South,25033,91909.0,,09:50:08,09:50:44,10,2700,5th Ave & Seneca St,0.0,3.0
2025-10-09,510,South,25033,91909.0,,09:53:37,09:54:16,11,2702,5th Ave & Marion St,0.0,3.0
2025-10-09,510,South,25033,91909.0,,09:55:35,09:55:58,12,2290,5th Ave & Jefferson St,0.0,0.0
2025-10-09,510,South,25033,91909.0,09:57:00,09:58:08,09:58:08,13,2706,5th Ave S & S Jackson St,1.0,1.0
2025-10-10,510,North,25001,91727.0,14:00:00,14:02:02,14:02:02,0,640,4th Ave S & S Jackson St,4.0,0.0
2025-10-10,510,North,25001,91727.0,,14:03:18,14:03:18,1,635,4th Ave S & S Washington St,0.0,0.0
2025-10-10,510,North,25001,91727.0,,14:04:00,14:04:15,2,2638,4th Ave & Cherry St,1.0,0.0
2025-10-10,510,North,25001,91727.0,,14:05:41,14:06:30,3,641,4th Ave & Seneca St,2.0,0.0
2025-10-10,510,North,25001,91727.0,14:06:00,14:07:31,14:08:07,4,2976,4th Ave & Pine St,5.0,0.0
2025-10-10,510,North,25001,91727.0,,14:09:49,14:10:40,5,473,Olive Way & 6th Ave,8.0,0.0
2025-10-10,510,North,25001,91727.0,14:10:00,14:11:26,14:11:56,6,430,Howell St & 9th Ave,2.0,0.0
2025-10-10,510,North,25001,91727.0,,14:14:39,14:15:24,7,431,Howell St & Yale Ave,6.0,1.0
2025-10-10,510,North,25001,91727.0,14:30:00,14:29:03,14:29:28,11,2766,Mountlake Terrace Fwy Station Bay 7,0.0,8.0
2025-10-10,510,North,25001,91727.0,14:47:00,14:43:32,14:44:07,12,2869,South Everett Fwy Station Bay 6,0.0,19.0
2025-10-10,510,North,25001,91727.0,,14:57:09,14:57:32,13,3219,Broadway & 33rd St,1.0,1.0
2025-10-10,510,North,25001,91727.0,15:04:00,14:58:50,14:58:50,14,2861,Everett Station,0.0,0.0
2025-10-10,510,North,25002,91909.0,14:20:00,14:20:49,14:20:49,0,640,4th Ave S & S Jackson St,4.0,0.0
2025-10-10,510,North,25002,91909.0,,14:22:04,14:22:16,1,635,4th Ave S & S Washington St,0.0,0.0
2025-10-10,510,North,25002,91909.0,,14:23:51,14:24:16,2,2638,4th Ave & Cherry St,2.0,0.0
2025-10-10,510,North,25002,91909.0,,14:25:58,14:26:31,3,641,4th Ave & Seneca St,4.0,0.0
2025-10-10,510,North,25002,91909.0,14:26:00,14:27:55,14:28:37,4,2976,4th Ave & Pine St,2.0,3.0
2025-10-10,510,North,25002,91909.0,,14:30:56,14:32:31,5,473,Olive Way & 6th Ave,3.0,0.0
2025-10-10,510,North,25002,91909.0,14:30:00,14:33:08,14:33:30,6,430,Howell St & 9th Ave,3.0,0.0
2025-10-10,510,North,25002,91909.0,,14:37:07,14:37:30,7,431,Howell St & Yale Ave,3.0,1.0
2025-10-10,510,North,25002,91909.0,14:50:00,14:52:32,14:52:54,11,2766,Mountlake Terrace Fwy Station Bay 7,0.0,3.0
2025-10-10,510,North,25002,91909.0,15:07:00,15:06:13,15:06:45,12,2869,South Everett Fwy Station Bay 6,0.0,14.0
2025-10-10,510,North,25002,91909.0,,15:18:38,15:18:38,13,3219,Broadway & 33rd St,0.0,0.0
2025-10-10,510,North,25002,91909.0,15:24:00,15:19:53,15:19:53,14,2861,Everett Station,0.0,0.0
2025-10-10,510,North,25003,,14:50:00,,,0,640,4th Ave S & S Jackson St,,
2025-10-10,510,North,25003,,,,,1,635,4th Ave S & S Washington St,,
2025-10-10,510,North,25003,,,,,2,2638,4th Ave & Cherry St,,
2025-10-10,510,North,25003,,,,,3,641,4th Ave & Seneca St,,
2025-10-10,510,North,25003,,14:56:00,,,4,2976,4th Ave & Pine St,,
2025-10-10,510,North,25003,,,,,5,473,Olive Way & 6th Ave,,
2025-10-10,510,North,25003,,15:00:00,,,6,430,Howell St & 9th Ave,,
2025-10-10,510,North,25003,,,,,7,431,Howell St & Yale Ave,,
2025-10-10,510,North,25003,,15:20:00,,,11,2766,Mountlake Terrace Fwy Station Bay 7,,
2025-10-10,510,North,25003,,15:38:00,,,12,2869,South Everett Fwy Station Bay 6,,
2025-10-10,510,North,25003,,,,,13,3219,Broadway & 33rd St,,
2025-10-10,510,North,25003,,15:57:00,,,14,2861,Everett Station,,
2025-10-10,510,North,25004,19814.0,15:10:00,15:22:41,15:22:41,0,640,4th Ave S & S Jackson St,4.0,0.0
2025-10-10,510,North,25004,19814.0,,15:24:21,15:24:35,1,635,4th Ave S & S Washington St,0.0,0.0
2025-10-10,510,North,25004,19814.0,,15:26:24,15:27:30,2,2638,4th Ave & Cherry St,10.0,0.0
2025-10-10,510,North,25004,19814.0,,15:29:34,15:30:12,3,641,4th Ave & Seneca St,5.0,0.0
2025-10-10,510,North,25004,19814.0,15:16:00,15:32:05,15:32:40,4,2976,4th Ave & Pine St,9.0,0.0
2025-10-10,510,North,25004,19814.0,,15:35:46,15:37:05,5,473,Olive Way & 6th Ave,11.0,0.0
2025-10-10,510,North,25004,19814.0,15:20:00,15:38:48,15:39:35,6,430,Howell St & 9th Ave,11.0,1.0
2025-10-10,510,North,25004,19814.0,,15:42:02,15:42:51,7,431,Howell St & Yale Ave,6.0,1.0
2025-10-10,510,North,25004,19814.0,15:40:00,16:01:56,16:02:25,11,2766,Mountlake Terrace Fwy Station Bay 7,1.0,7.0
2025-10-10,510,North,25004,19814.0,16:00:00,16:16:42,16:17:41,12,2869,South Everett Fwy Station Bay 6,1.0,29.0
2025-10-10,510,North,25004,19814.0,,16:31:44,16:32:01,13,3219,Broadway & 33rd St,0.0,1.0
2025-10-10,510,North,25004,19814.0,16:21:00,16:33:33,16:33:33,14,2861,Everett Station,1.0,20.0
2025-10-10,510,North,25005,91713.0,15:25:00,15:25:35,15:25:35,0,640,4th Ave S & S Jackson St,0.0,0.0
2025-10-10,510,North,25005,91713.0,,15:26:27,15:27:13,1,635,4th Ave S & S Washington St,0.0,0.0
2025-10-10,510,North,25005,91713.0,,15:28:20,15:28:46,2,2638,4th Ave & Cherry St,0.0,0.0
2025-10-10,510,North,25005,91713.0,,15:31:39,15:32:47,3,641,4th Ave & Seneca St,0.0,0.0
2025-10-10,510,North,25005,91713.0,15:31:00,15:34:24,15:34:57,4,2976,4th Ave & Pine St,0.0,0.0
2025-10-10,510,North,25005,91713.0,,15:37:23,15:38:33,5,473,Olive Way & 6th Ave,0.0,0.0
2025-10-10,510,North,25005,91713.0,15:35:00,15:40:19,15:41:12,6,430,Howell St & 9th Ave,0.0,0.0
2025-10-10,510,North,25005,91713.0,,15:44:44,15:45:28,7,431,Howell St & Yale Ave,0.0,0.0
2025-10-10,510,North,25005,91713.0,15:56:00,16:04:24,16:05:10,11,2766,Mountlake Terrace Fwy Station Bay 7,0.0,0.0
2025-10-10,510,North,25005,91713.0,16:16:00,16:19:34,16:20:48,12,2869,South Everett Fwy Station Bay 6,0.0,0.0
2025-10-10,510,North,25005,91713.0,,16:34:41,16:34:41,13,3219,Broadway & 33rd St,0.0,0.0
2025-10-10,510,North,25005,91713.0,16:38:00,16:36:17,16:36:17,14,2861,Everett Station,0.0,0.0
2025-10-10,510,North,25006,91901.0,15:40:00,15:42:20,15:42:20,0,640,4th Ave S & S Jackson St,7.0,0.0
2025-10-10,510,North,25006,91901.0,,15:43:44,15:44:01,1,635,4th Ave S & S Washington St,1.0,0.0
2025-10-10,510,North,25006,91901.0,,15:45:48,15:46:31,2,2638,4th Ave & Cherry St,8.0,0.0
2025-10-10,510,North,25006,91901.0,,15:48:11,15:49:17,3,641,4th Ave & Seneca St,8.0,0.0
2025-10-10,510,North,25006,91901.0,15:46:00,15:50:33,15:51:18,4,2976,4th Ave & Pine St,3.0,0.0
2025-10-10,510,North,25006,91901.0,,15:52:27,15:53:32,5,473,Olive Way & 6th Ave,6.0,0.0
2025-10-10,510,North,25006,91901.0,15:50:00,15:55:04,15:55:20,6,430,Howell St & 9th Ave,0.0,0.0
2025-10-10,510,North,25006,91901.0,,15:59:37,16:00:10,7,431,Howell St & Yale Ave,4.0,0.0
2025-10-10,510,North,25006,91901.0,16:12:00,16:16:03,16:16:36,11,2766,Mountlake Terrace Fwy Station Bay 7,0.0,7.0
2025-10-10,510,North,25006,91901.0,16:35:00,16:30:58,16:31:38,12,2869,South Everett Fwy Station Bay 6,0.0,18.0
2025-10-10,510,North,25006,91901.0,,16:43:18,16:43:18,13,3219,Broadway & 33rd St,0.0,0.0
2025-10-10,510,North,25006,91901.0,16:58:00,16:44:29,16:44:29,14,2861,Everett Station,0.0,12.0
2025-10-10,510,North,25007,91715.0,15:55:00,15:55:18,15:55:18,0,640,4th Ave S & S Jackson St,3.0,0.0
2025-10-10,510,North,25007,91715.0,,15:56:20,15:56:20,1,635,4th Ave S & S Washington St,0.0,0.0
2025-10-10,510,North,25007,91715.0,,15:57:59,15:58:27,2,2638,4th Ave & Cherry St,3.0,0.0
2025-10-10,510,North,25007,91715.0,,16:01:08,16:01:31,3,641,4th Ave & Seneca St,2.0,0.0
2025-10-10,510,North,25007,91715.0,16:01:00,16:03:41,16:04:53,4,2976,4th Ave & Pine St,4.0,0.0
2025-10-10,510,North,25007,91715.0,,16:07:36,16:08:31,5,473,Olive Way & 6th Ave,2.0,0.0
2025-10-10,510,North,25007,91715.0,16:05:00,16:10:13,16:10:40,6,430,Howell St & 9th Ave,3.0,0.0
2025-10-10,510,North,25007,91715.0,,16:15:03,16:15:40,7,431,Howell St & Yale Ave,4.0,0.0
2025-10-10,510,North,25007,91715.0,16:28:00,16:31:24,16:31:48,11,2766,Mountlake Terrace Fwy Station Bay 7,0.0,1.0
2025-10-10,510,North,25007,91715.0,16:51:00,16:44:27,16:45:11,12,2869,South Everett Fwy Station Bay 6,0.0,16.0
2025-10-10,510,North,25007,91715.0,,16:55:04,16:55:30,13,3219,Broadway & 33rd St,0.0,4.0
2025-10-10,510,North,25007,91715.0,17:14:00,16:57:01,16:57:01,14,2861,Everett Station,0.0,0.0
2025-10-10,510,North,25008,,16:10:00,,,0,640,4th Ave S & S Jackson St,,
2025-10-10,510,North,25008,,,,,1,635,4th Ave S & S Washington St,,
2025-10-10,510,North,25008,,,,,2,2638,4th Ave & Cherry St,,
2025-10-10,510,North,25008,,,,,3,641,4th Ave & Seneca St,,
2025-10-10,510,North,25008,,16:16:00,,,4,2976,4th Ave & Pine St,,
2025-10-10,510,North,25008,,,,,5,473,Olive Way & 6th Ave,,
2025-10-10,510,North,25008,,16:20:00,,,6,430,Howell St & 9th Ave,,
2025-10-10,510,North,25008,,,,,7,431,Howell St & Yale Ave,,
2025-10-10,510,North,25008,,16:43:00,,,11,2766,Mountlake Terrace Fwy Station Bay 7,,
2025-10-10,510,North,25008,,17:06:00,,,12,2869,South Everett Fwy Station Bay 6,,
2025-10-10,510,North,25008,,,,,13,3219,Broadway & 33rd St,,
2025-10-10,510,North,25008,,17:29:00,,,14,2861,Everett Station,,
2025-10-10,510,North,25009,19854.0,16:25:00,16:28:25,16:28:25,0,640,4th Ave S & S Jackson St,6.0,0.0
2025-10-10,510,North,25009,19854.0,,16:29:01,16:29:17,1,635,4th Ave S & S Washington St,1.0,0.0
2025-10-10,510,North,25009,19854.0,,16:30:53,16:31:15,2,2638,4th Ave & Cherry St,2.0,0.0
2025-10-10,510,North,25009,19854.0,,16:33:21,16:34:10,3,641,4th Ave & Seneca St,7.0,1.0
2025-10-10,510,North,25009,19854.0,16:31:00,16:35:58,16:36:33,4,2976,4th Ave & Pine St,4.0,0.0
2025-10-10,510,North,25009,19854.0,,16:38:55,16:40:07,5,473,Olive Way & 6th Ave,11.0,0.0
2025-10-10,510,North,25009,19854.0,16:35:00,16:41:38,16:42:19,6,430,Howell St & 9th Ave,4.0,0.0
2025-10-10,510,North,25009,19854.0,,16:46:08,16:46:38,7,431,Howell St & Yale Ave,3.0,1.0
2025-10-10,510,North,25009,19854.0,16:58:00,17:00:09,17:00:39,11,2766,Mountlake Terrace Fwy Station Bay 7,1.0,0.0
2025-10-10,510,North,25009,19854.0,17:21:00,17:12:40,17:13:36,12,2869,South Everett Fwy Station Bay 6,3.0,23.0
2025-10-10,510,North,25009,19854.0,,17:24:03,17:24:24,13,3219,Broadway & 33rd St,0.0,1.0
2025-10-10,510,North,25009,19854.0,17:44:00,17:25:26,17:25:26,14,2861,Everett Station,1.0,17.0
2025-10-10,510,North,25010,19813.0,16:40:00,16:40:33,16:40:33,0,640,4th Ave S & S Jackson St,2.0,0.0
2025-10-10,510,North,25010,19813.0,,16:41:15,16:42:16,1,635,4th Ave S & S Washington St,1.0,1.0
2025-10-10,510,North,25010,19813.0,,16:43:33,16:43:56,2,2638,4th Ave & Cherry St,4.0,0.0
2025-10-10,510,North,25010,19813.0,,16:46:09,16:46:31,3,641,4th Ave & Seneca St,3.0,0.0
2025-10-10,510,North,25010,19813.0,16:46:00,16:48:28,16:48:46,4,2976,4th Ave & Pine St,3.0,0.0
2025-10-10,510,North,25010,19813.0,,16:50:40,16:51:02,5,473,Olive Way & 6th Ave,5.0,0.0
2025-10-10,510,North,25010,19813.0,16:50:00,16:52:32,16:52:44,6,430,Howell St & 9th Ave,2.0,0.0
2025-10-10,510,North,25010,19813.0,,16:55:28,16:55:43,7,431,Howell St & Yale Ave,0.0,0.0
2025-10-10,510,North,25010,19813.0,17:13:00,17:08:32,17:08:43,11,2766,Mountlake Terrace Fwy Station Bay 7,0.0,0.0
2025-10-10,510,North,25010,19813.0,17:36:00,17:20:37,17:21:05,12,2869,South Everett Fwy Station Bay 6,0.0,14.0
2025-10-10,510,North,25010,19813.0,,17:31:18,17:31:18,13,3219,Broadway & 33rd St,0.0,0.0
2025-10-10,510,North,25010,19813.0,17:59:00,17:32:43,17:32:43,14,2861,Everett Station,0.0,5.0
2025-10-10,510,North,25011,91711.0,16:55:00,16:57:07,16:57:07,0,640,4th Ave S & S Jackson St,6.0,0.0
2025-10-10,510,North,25011,91711.0,,16:57:40,16:57:58,1,635,4th Ave S & S Washington St,2.0,0.0
2025-10-10,510,North,25011,91711.0,,16:59:40,17:00:11,2,2638,4th Ave & Cherry St,3.0,0.0
2025-10-10,510,North,25011,91711.0,,17:01:33,17:02:01,3,641,4th Ave & Seneca St,2.0,0.0
2025-10-10,510,North,25011,91711.0,17:01:00,17:04:19,17:04:48,4,2976,4th Ave & Pine St,4.0,0.0
2025-10-10,510,North,25011,91711.0,,17:05:59,17:06:57,5,473,Olive Way & 6th Ave,3.0,0.0
2025-10-10,510,North,25011,91711.0,17:05:00,17:08:29,17:08:45,6,430,Howell St & 9th Ave,0.0,1.0
2025-10-10,510,North,25011,91711.0,,17:11:32,17:11:58,7,431,Howell St & Yale Ave,3.0,0.0
2025-10-10,510,North,25011,91711.0,17:27:00,17:24:57,17:25:14,11,2766,Mountlake Terrace Fwy Station Bay 7,0.0,0.0
2025-10-10,510,North,25011,91711.0,17:50:00,17:37:25,17:38:04,12,2869,South Everett Fwy Station Bay 6,0.0,15.0
2025-10-10,510,North,25011,91711.0,,17:47:26,17:47:46,13,3219,Broadway & 33rd St,0.0,1.0
2025-10-10,510,North,25011,91711.0,18:09:00,17:49:10,17:49:10,14,2861,Everett Station,0.0,6.0
2025-10-10,510,North,25012,91714.0,17:10:00,17:10:56,17:10:56,0,640,4th Ave S & S Jackson St,5.0,0.0
2025-10-10,510,North,25012,91714.0,,17:12:34,17:12:34,1,635,4th Ave S & S Washington St,0.0,0.0
2025-10-10,510,North,25012,91714.0,,17:13:36,17:13:59,2,2638,4th Ave & Cherry St,3.0,0.0
2025-10-10,510,North,25012,91714.0,,17:15:07,17:16:22,3,641,4th Ave & Seneca St,2.0,3.0
2025-10-10,510,North,25012,91714.0,17:16:00,17:17:56,17:18:23,4,2976,4th Ave & Pine St,3.0,1.0
2025-10-10,510,North,25012,91714.0,,17:20:50,17:22:07,5,473,Olive Way & 6th Ave,10.0,0.0
2025-10-10,510,North,25012,91714.0,17:20:00,17:23:38,17:24:16,6,430,Howell St & 9th Ave,7.0,0.0
2025-10-10,510,North,25012,91714.0,,17:26:41,17:27:17,7,431,Howell St & Yale Ave,4.0,0.0
2025-10-10,510,North,25012,91714.0,17:42:00,17:40:22,17:40:51,11,2766,Mountlake Terrace Fwy Station Bay 7,1.0,6.0
2025-10-10,510,North,25012,91714.0,18:05:00,17:52:24,17:53:09,12,2869,South Everett Fwy Station Bay 6,0.0,15.0
2025-10-10,510,North,25012,91714.0,,18:00:17,18:00:34,13,3219,Broadway & 33rd St,0.0,1.0
2025-10-10,510,North,25012,91714.0,18:21:00,18:01:48,18:01:48,14,2861,Everett Station,0.0,9.0
2025-10-10,510,North,25013,91902.0,17:25:00,17:25:11,17:25:11,0,640,4th Ave S & S Jackson St,4.0,0.0
2025-10-10,510,North,25013,91902.0,,17:26:03,17:26:19,1,635,4th Ave S & S Washington St,1.0,0.0
2025-10-10,510,North,25013,91902.0,,17:27:54,17:28:11,2,2638,4th Ave & Cherry St,1.0,0.0
2025-10-10,510,North,25013,91902.0,,17:29:43,17:30:05,3,641,4th Ave & Seneca St,1.0,0.0
2025-10-10,510,North,25013,91902.0,17:31:00,17:31:07,17:31:48,4,2976,4th Ave & Pine St,4.0,0.0
2025-10-10,510,North,25013,91902.0,,17:33:03,17:34:07,5,473,Olive Way & 6th Ave,4.0,0.0
2025-10-10,510,North,25013,91902.0,17:35:00,17:35:28,17:35:53,6,430,Howell St & 9th Ave,1.0,0.0
2025-10-10,510,North,25013,91902.0,,17:38:33,17:39:08,7,431,Howell St & Yale Ave,2.0,0.0
2025-10-10,510,North,25013,91902.0,17:56:00,17:51:55,17:52:14,11,2766,Mountlake Terrace Fwy Station Bay 7,0.0,4.0
2025-10-10,510,North,25013,91902.0,18:18:00,18:03:55,18:04:22,12,2869,South Everett Fwy Station Bay 6,0.0,6.0
2025-10-10,510,North,25013,91902.0,,18:11:55,18:12:35,13,3219,Broadway & 33rd St,0.0,8.0
2025-10-10,510,North,25013,91902.0,18:33:00,18:13:46,18:13:46,14,2861,Everett Station,0.0,0.0
2025-10-10,510,North,25014,19812.0,17:45:00,17:46:33,17:46:33,0,640,4th Ave S & S Jackson St,4.0,0.0
2025-10-10,510,North,25014,19812.0,,17:47:07,17:47:16,1,635,4th Ave S & S Washington St,0.0,0.0
2025-10-10,510,North,25014,19812.0,,17:49:22,17:49:34,2,2638,4th Ave & Cherry St,1.0,0.0
2025-10-10,510,North,25014,19812.0,,17:52:00,17:52:20,3,641,4th Ave & Seneca St,4.0,1.0
2025-10-10,510,North,25014,19812.0,17:51:00,17:53:32,17:54:20,4,2976,4th Ave & Pine St,2.0,0.0
2025-10-10,510,North,25014,19812.0,,17:55:16,17:56:40,5,473,Olive Way & 6th Ave,6.0,0.0
2025-10-10,510,North,25014,19812.0,17:55:00,17:58:04,17:58:37,6,430,Howell St & 9th Ave,6.0,0.0
2025-10-10,510,North,25014,19812.0,,18:01:25,18:01:45,7,431,Howell St & Yale Ave,4.0,1.0
2025-10-10,510,North,25014,19812.0,18:13:00,18:14:06,18:14:35,11,2766,Mountlake Terrace Fwy Station Bay 7,0.0,7.0
2025-10-10,510,North,25014,19812.0,18:32:00,18:25:50,18:26:16,12,2869,South Everett Fwy Station Bay 6,0.0,13.0
2025-10-10,510,North,25014,19812.0,,18:33:43,18:33:59,13,3219,Broadway & 33rd St,0.0,5.0
2025-10-10,510,North,25014,19812.0,18:43:00,18:35:37,18:35:37,14,2861,Everett Station,0.0,0.0
2025-10-10,510,North,25015,91709.0,18:05:00,18:08:44,18:08:44,0,640,4th Ave S & S Jackson St,3.0,0.0
2025-10-10,510,North,25015,91709.0,,18:09:34,18:09:51,1,635,4th Ave S & S Washington St,0.0,0.0
2025-10-10,510,North,25015,91709.0,,18:11:22,18:11:51,2,2638,4th Ave & Cherry St,2.0,0.0
2025-10-10,510,North,25015,91709.0,,18:13:34,18:14:47,3,641,4th Ave & Seneca St,5.0,0.0
2025-10-10,510,North,25015,91709.0,18:11:00,18:16:10,18:16:51,4,2976,4th Ave & Pine St,1.0,0.0
2025-10-10,510,North,25015,91709.0,,18:17:59,18:19:03,5,473,Olive Way & 6th Ave,2.0,0.0
2025-10-10,510,North,25015,91709.0,18:14:00,18:20:43,18:21:20,6,430,Howell St & 9th Ave,2.0,0.0
2025-10-10,510,North,25015,91709.0,,18:24:03,18:24:33,7,431,Howell St & Yale Ave,1.0,0.0
2025-10-10,510,North,25015,91709.0,18:32:00,18:37:40,18:37:58,11,2766,Mountlake Terrace Fwy Station Bay 7,1.0,0.0
2025-10-10,510,North,25015,91709.0,18:48:00,18:50:36,18:51:47,12,2869,South Everett Fwy Station Bay 6,1.0,14.0
2025-10-10,510,North,25015,91709.0,,19:00:06,19:00:38,13,3219,Broadway & 33rd St,0.0,4.0
2025-10-10,510,North,25015,91709.0,18:59:00,19:02:19,19:02:19,14,2861,Everett Station,0.0,0.0
2025-10-10,510,North,25016,9566.0,18:30:00,18:31:32,18:31:32,0,640,4th Ave S & S Jackson St,3.0,0.0
2025-10-10,510,North,25016,9566.0,,18:32:16,18:32:25,1,635,4th Ave S & S Washington St,0.0,0.0
2025-10-10,510,North,25016,9566.0,,18:33:48,18:34:06,2,2638,4th Ave & Cherry St,2.0,0.0
2025-10-10,510,North,25016,9566.0,,18:35:49,18:35:49,3,641,4th Ave & Seneca St,0.0,0.0
2025-10-10,510,North,25016,9566.0,18:36:00,18:38:24,18:38:40,4,2976,4th Ave & Pine St,1.0,0.0
2025-10-10,510,North,25016,9566.0,,18:40:23,18:41:29,5,473,Olive Way & 6th Ave,3.0,0.0
2025-10-10,510,North,25016,9566.0,18:39:00,18:42:07,18:42:42,6,430,Howell St & 9th Ave,4.0,0.0
2025-10-10,510,North,25016,9566.0,,18:44:55,18:45:19,7,431,Howell St & Yale Ave,2.0,0.0
2025-10-10,510,North,25016,9566.0,18:57:00,18:59:10,18:59:21,11,2766,Mountlake Terrace Fwy Station Bay 7,0.0,0.0
2025-10-10,510,North,25016,9566.0,19:12:00,19:10:43,19:11:12,12,2869,South Everett Fwy Station Bay 6,0.0,7.0
2025-10-10,510,North,25016,9566.0,,19:18:44,19:19:02,13,3219,Broadway & 33rd St,0.0,5.0
2025-10-10,510,North,25016,9566.0,19:22:00,19:20:21,19:20:21,14,2861,Everett Station,0.0,3.0
2025-10-10,510,South,25017,91905.0,04:05:00,04:05:06,04:05:06,0,2986,Hewitt Ave & Fulton St,4.0,0.0
2025-10-10,510,South,25017,91905.0,,04:06:03,04:06:03,1,2440,Hewitt Ave & Lombard Ave,0.0,0.0
2025-10-10,510,South,25017,91905.0,,04:07:43,04:07:56,2,2355,Wetmore Ave & Wall St,1.0,0.0
2025-10-10,510,South,25017,91905.0,,04:08:40,04:08:40,3,2359,Pacific Ave & Rockefeller Ave,0.0,0.0
2025-10-10,510,South,25017,91905.0,04:11:00,04:11:00,04:12:21,4,2345,Everett Station Bay C1,13.0,0.0
2025-10-10,510,South,25017,91905.0,,04:14:09,04:14:09,5,2367,Broadway & 34th St,0.0,0.0
2025-10-10,510,South,25017,91905.0,04:20:00,04:20:45,04:21:26,6,2868,South Everett Fwy Station Bay 3,4.0,0.0
2025-10-10,510,South,25017,91905.0,04:31:00,04:31:50,04:32:10,7,2765,Mountlake Terrace Fwy Station Bay 6,2.0,0.0
2025-10-10,510,South,25017,91905.0,04:48:00,04:45:30,04:46:03,11,1909,Stewart St & 9th Ave,0.0,4.0
2025-10-10,510,South,25017,91905.0,,04:46:57,04:46:57,12,1908,Stewart St & 7th Ave,0.0,0.0
2025-10-10,510,South,25017,91905.0,04:52:00,04:48:33,04:49:20,13,2698,5th Ave & Pine St,0.0,4.0
2025-10-10,510,South,25017,91905.0,,04:50:21,04:50:51,14,2700,5th Ave & Seneca St,0.0,4.0
2025-10-10,510,South,25017,91905.0,,04:51:36,04:51:58,15,2702,5th Ave & Marion St,0.0,4.0
2025-10-10,510,South,25017,91905.0,,04:53:34,04:53:54,16,2290,5th Ave & Jefferson St,0.0,1.0
2025-10-10,510,South,25017,91905.0,05:00:00,04:55:27,04:55:27,17,2706,5th Ave S & S Jackson St,0.0,7.0
2025-10-10,510,South,25018,91724.0,04:40:00,04:40:32,04:40:32,0,2986,Hewitt Ave & Fulton St,1.0,0.0
2025-10-10,510,South,25018,91724.0,,04:41:33,04:41:33,1,2440,Hewitt Ave & Lombard Ave,0.0,0.0
2025-10-10,510,South,25018,91724.0,,04:43:26,04:43:42,2,2355,Wetmore Ave & Wall St,1.0,0.0
2025-10-10,510,South,25018,91724.0,,04:44:21,04:44:21,3,2359,Pacific Ave & Rockefeller Ave,0.0,0.0
2025-10-10,510,South,25018,91724.0,04:46:00,04:46:27,04:47:07,4,2345,Everett Station Bay C1,6.0,0.0
2025-10-10,510,South,25018,91724.0,,04:48:55,04:49:14,5,2367,Broadway & 34th St,1.0,0.0
2025-10-10,510,South,25018,91724.0,04:57:00,04:56:16,04:58:53,6,2868,South Everett Fwy Station Bay 3,15.0,0.0
2025-10-10,510,South,25018,91724.0,05:08:00,05:08:46,05:09:06,7,2765,Mountlake Terrace Fwy Station Bay 6,1.0,1.0
2025-10-10,510,South,25018,91724.0,05:26:00,05:21:34,05:22:02,11,1909,Stewart St & 9th Ave,1.0,6.0
2025-10-10,510,South,25018,91724.0,,05:23:02,05:23:20,12,1908,Stewart St & 7th Ave,0.0,0.0
2025-10-10,510,South,25018,91724.0,05:30:00,05:24:25,05:25:20,13,2698,5th Ave & Pine St,0.0,4.0
2025-10-10,510,South,25018,91724.0,,05:26:19,05:26:48,14,2700,5th Ave & Seneca St,1.0,3.0
2025-10-10,510,South,25018,91724.0,,05:27:27,05:28:29,15,2702,5th Ave & Marion St,0.0,3.0
2025-10-10,510,South,25018,91724.0,,05:29:44,05:30:07,16,2290,5th Ave & Jefferson St,0.0,5.0
2025-10-10,510,South,25018,91724.0,05:38:00,05:31:35,05:31:35,17,2706,5th Ave S & S Jackson St,0.0,5.0
2025-10-10,510,South,25019,91721.0,05:10:00,05:10:08,05:10:08,0,2345,Everett Station Bay C1,11.0,0.0
2025-10-10,510,South,25019,91721.0,,05:12:15,05:12:47,1,2367,Broadway & 34th St,2.0,0.0
2025-10-10,510,South,25019,91721.0,05:20:00,05:20:11,05:21:18,2,2868,South Everett Fwy Station Bay 3,9.0,0.0
2025-10-10,510,South,25019,91721.0,05:31:00,05:31:26,05:31:52,3,2765,Mountlake Terrace Fwy Station Bay 6,3.0,0.0
2025-10-10,510,South,25019,91721.0,05:49:00,05:46:16,05:47:07,7,1909,Stewart St & 9th Ave,0.0,3.0
2025-10-10,510,South,25019,91721.0,,05:48:06,05:48:28,8,1908,Stewart St & 7th Ave,1.0,1.0
2025-10-10,510,South,25019,91721.0,05:54:00,05:50:28,05:51:22,9,2698,5th Ave & Pine St,0.0,3.0
2025-10-10,510,South,25019,91721.0,,05:52:22,05:52:52,10,2700,5th Ave & Seneca St,0.0,6.0
2025-10-10,510,South,25019,91721.0,,05:53:40,05:54:10,11,2702,5th Ave & Marion St,0.0,3.0
2025-10-10,510,South,25019,91721.0,,05:55:14,05:55:40,12,2290,5th Ave & Jefferson St,0.0,7.0
2025-10-10,510,South,25019,91721.0,06:03:00,05:57:33,05:57:33,13,2706,5th Ave S & S Jackson St,0.0,3.0
2025-10-10,510,South,25020,91702.0,05:40:00,05:41:18,05:41:18,0,2345,Everett Station Bay C1,24.0,0.0
2025-10-10,510,South,25020,91702.0,,05:43:00,05:43:00,1,2367,Broadway & 34th St,0.0,0.0
2025-10-10,510,South,25020,91702.0,05:50:00,05:50:13,05:51:20,2,2868,South Everett Fwy Station Bay 3,15.0,0.0
2025-10-10,510,South,25020,91702.0,06:01:00,06:01:41,06:02:07,3,2765,Mountlake Terrace Fwy Station Bay 6,0.0,1.0
2025-10-10,510,South,25020,91702.0,06:22:00,06:15:10,06:15:50,7,1909,Stewart St & 9th Ave,0.0,9.0
2025-10-10,510,South,25020,91702.0,,06:16:36,06:17:07,8,1908,Stewart St & 7th Ave,1.0,2.0
2025-10-10,510,South,25020,91702.0,06:28:00,06:18:10,06:18:35,9,2698,5th Ave & Pine St,0.0,5.0
2025-10-10,510,South,25020,91702.0,,06:20:05,06:20:39,10,2700,5th Ave & Seneca St,0.0,10.0
2025-10-10,510,South,25020,91702.0,,06:21:53,06:22:44,11,2702,5th Ave & Marion St,0.0,3.0
2025-10-10,510,South,25020,91702.0,,06:24:30,06:24:30,12,2290,5th Ave & Jefferson St,0.0,10.0
2025-10-10,510,South,25020,91702.0,06:38:00,06:25:58,06:25:58,13,2706,5th Ave S & S Jackson St,0.0,0.0
2025-10-10,510,South,25021,91905.0,05:52:00,05:52:06,05:52:06,0,2345,Everett Station Bay C1,9.0,0.0
2025-10-10,510,South,25021,91905.0,,05:54:47,05:54:47,1,2367,Broadway & 34th St,0.0,0.0
2025-10-10,510,South,25021,91905.0,06:02:00,06:01:39,06:02:24,2,2868,South Everett Fwy Station Bay 3,11.0,0.0
2025-10-10,510,South,25021,91905.0,06:14:00,06:12:57,06:13:35,3,2765,Mountlake Terrace Fwy Station Bay 6,2.0,1.0
2025-10-10,510,South,25021,91905.0,06:35:00,06:27:57,06:28:16,7,1909,Stewart St & 9th Ave,0.0,3.0
2025-10-10,510,South,25021,91905.0,,06:28:48,06:29:06,8,1908,Stewart St & 7th Ave,0.0,2.0
2025-10-10,510,South,25021,91905.0,06:41:00,06:30:48,06:31:32,9,2698,5th Ave & Pine St,0.0,3.0
2025-10-10,510,South,25021,91905.0,,06:32:33,06:33:19,10,2700,5th Ave & Seneca St,0.0,5.0
2025-10-10,510,South,25021,91905.0,,06:34:10,06:34:45,11,2702,5th Ave & Marion St,0.0,3.0
2025-10-10,510,South,25021,91905.0,,06:37:01,06:37:22,12,2290,5th Ave & Jefferson St,0.0,5.0
2025-10-10,510,South,25021,91905.0,06:51:00,06:39:28,06:39:28,13,2706,5th Ave S & S Jackson St,0.0,0.0
2025-10-10,510,South,25022,91709.0,06:04:00,06:04:46,06:04:46,0,2345,Everett Station Bay C1,7.0,0.0
2025-10-10,510,South,25022,91709.0,,06:06:38,06:06:57,1,2367,Broadway & 34th St,1.0,0.0
2025-10-10,510,South,25022,91709.0,06:14:00,06:13:19,06:14:31,2,2868,South Everett Fwy Station Bay 3,14.0,0.0
2025-10-10,510,South,25022,91709.0,06:26:00,06:24:15,06:24:35,3,2765,Mountlake Terrace Fwy Station Bay 6,2.0,0.0
2025-10-10,510,South,25022,91709.0,06:48:00,06:37:15,06:37:37,7,1909,Stewart St & 9th Ave,0.0,5.0
2025-10-10,510,South,25022,91709.0,,06:38:03,06:38:22,8,1908,Stewart St & 7th Ave,0.0,4.0
2025-10-10,510,South,25022,91709.0,06:54:00,06:39:39,06:40:03,9,2698,5th Ave & Pine St,0.0,5.0
2025-10-10,510,South,25022,91709.0,,06:41:38,06:41:59,10,2700,5th Ave & Seneca St,0.0,2.0
2025-10-10,510,South,25022,91709.0,,06:43:17,06:43:45,11,2702,5th Ave & Marion St,0.0,4.0
2025-10-10,510,South,25022,91709.0,,06:45:59,06:46:18,12,2290,5th Ave & Jefferson St,0.0,3.0
2025-10-10,510,South,25022,91709.0,07:04:00,06:47:30,06:47:30,13,2706,5th Ave S & S Jackson St,0.0,1.0
2025-10-10,510,South,25023,91705.0,06:16:00,06:17:12,06:17:12,0,2345,Everett Station Bay C1,14.0,0.0
2025-10-10,510,South,25023,91705.0,,06:19:25,06:19:40,1,2367,Broadway & 34th St,1.0,0.0
2025-10-10,510,South,25023,91705.0,06:26:00,06:26:30,06:27:21,2,2868,South Everett Fwy Station Bay 3,11.0,0.0
2025-10-10,510,South,25023,91705.0,06:38:00,06:37:47,06:38:23,3,2765,Mountlake Terrace Fwy Station Bay 6,7.0,0.0
2025-10-10,510,South,25023,91705.0,07:00:00,06:51:54,06:52:19,7,1909,Stewart St & 9th Ave,0.0,6.0
2025-10-10,510,South,25023,91705.0,,06:52:43,06:53:11,8,1908,Stewart St & 7th Ave,0.0,10.0
2025-10-10,510,South,25023,91705.0,07:06:00,06:54:17,06:54:39,9,2698,5th Ave & Pine St,0.0,4.0
2025-10-10,510,South,25023,91705.0,,06:56:22,06:56:44,10,2700,5th Ave & Seneca St,0.0,6.0
2025-10-10,510,South,25023,91705.0,,06:57:58,06:58:44,11,2702,5th Ave & Marion St,0.0,6.0
2025-10-10,510,South,25023,91705.0,,07:00:41,07:00:41,12,2290,5th Ave & Jefferson St,0.0,1.0
2025-10-10,510,South,25023,91705.0,07:17:00,07:02:18,07:02:18,13,2706,5th Ave S & S Jackson St,0.0,0.0
2025-10-10,510,South,25024,91710.0,06:28:00,06:28:14,06:28:14,0,2345,Everett Station Bay C1,10.0,0.0
2025-10-10,510,South,25024,91710.0,,06:30:14,06:30:14,1,2367,Broadway & 34th St,0.0,0.0
2025-10-10,510,South,25024,91710.0,06:38:00,06:37:04,06:38:45,2,2868,South Everett Fwy Station Bay 3,17.0,0.0
2025-10-10,510,South,25024,91710.0,06:50:00,06:49:09,06:49:30,3,2765,Mountlake Terrace Fwy Station Bay 6,4.0,0.0
2025-10-10,510,South,25024,91710.0,07:13:00,07:04:27,07:05:13,7,1909,Stewart St & 9th Ave,1.0,8.0
2025-10-10,510,South,25024,91710.0,,07:06:05,07:06:35,8,1908,Stewart St & 7th Ave,0.0,5.0
2025-10-10,510,South,25024,91710.0,07:19:00,07:07:43,07:08:06,9,2698,5th Ave & Pine St,1.0,3.0
2025-10-10,510,South,25024,91710.0,,07:09:52,07:10:18,10,2700,5th Ave & Seneca St,0.0,6.0
2025-10-10,510,South,25024,91710.0,,07:11:35,07:12:15,11,2702,5th Ave & Marion St,0.0,4.0
2025-10-10,510,South,25024,91710.0,,07:13:22,07:13:45,12,2290,5th Ave & Jefferson St,0.0,4.0
2025-10-10,510,South,25024,91710.0,07:30:00,07:15:39,07:15:39,13,2706,5th Ave S & S Jackson St,0.0,3.0
2025-10-10,510,South,25025,,06:40:00,,,0,2345,Everett Station Bay C1,,
2025-10-10,510,South,25025,,,,,1,2367,Broadway & 34th St,,
2025-10-10,510,South,25025,,06:50:00,,,2,2868,South Everett Fwy Station Bay 3,,
2025-10-10,510,South,25025,,07:03:00,,,3,2765,Mountlake Terrace Fwy Station Bay 6,,
2025-10-10,510,South,25025,,07:28:00,,,7,1909,Stewart St & 9th Ave,,
2025-10-10,510,South,25025,,,,,8,1908,Stewart St & 7th Ave,,
2025-10-10,510,South,25025,,07:34:00,,,9,2698,5th Ave & Pine St,,
2025-10-10,510,South,25025,,,,,10,2700,5th Ave & Seneca St,,
2025-10-10,510,South,25025,,,,,11,2702,5th Ave & Marion St,,
2025-10-10,510,South,25025,,,,,12,2290,5th Ave & Jefferson St,,
2025-10-10,510,South,25025,,07:47:00,,,13,2706,5th Ave S & S Jackson St,,
2025-10-10,510,South,25026,91701.0,06:52:00,06:52:51,06:52:51,0,2345,Everett Station Bay C1,25.0,0.0
2025-10-10,510,South,25026,91701.0,,06:55:00,06:55:24,1,2367,Broadway & 34th St,3.0,0.0
2025-10-10,510,South,25026,91701.0,07:02:00,07:02:40,07:04:14,2,2868,South Everett Fwy Station Bay 3,31.0,0.0
2025-10-10,510,South,25026,91701.0,07:15:00,07:14:55,07:15:34,3,2765,Mountlake Terrace Fwy Station Bay 6,4.0,1.0
2025-10-10,510,South,25026,91701.0,07:40:00,07:30:58,07:31:41,7,1909,Stewart St & 9th Ave,0.0,19.0
2025-10-10,510,South,25026,91701.0,,07:33:08,07:33:48,8,1908,Stewart St & 7th Ave,0.0,10.0
2025-10-10,510,South,25026,91701.0,07:46:00,07:36:22,07:37:35,9,2698,5th Ave & Pine St,1.0,9.0
2025-10-10,510,South,25026,91701.0,,07:39:42,07:40:20,10,2700,5th Ave & Seneca St,0.0,9.0
2025-10-10,510,South,25026,91701.0,,07:41:34,07:42:21,11,2702,5th Ave & Marion St,0.0,8.0
2025-10-10,510,South,25026,91701.0,,07:43:31,07:43:59,12,2290,5th Ave & Jefferson St,0.0,4.0
2025-10-10,510,South,25026,91701.0,07:59:00,07:45:46,07:45:46,13,2706,5th Ave S & S Jackson St,0.0,4.0
2025-10-10,510,South,25027,19810.0,07:04:00,07:11:51,07:11:51,0,2345,Everett Station Bay C1,8.0,0.0
2025-10-10,510,South,25027,19810.0,,07:13:22,07:13:43,1,2367,Broadway & 34th St,1.0,0.0
2025-10-10,510,South,25027,19810.0,07:14:00,07:22:00,07:22:50,2,2868,South Everett Fwy Station Bay 3,13.0,0.0
2025-10-10,510,South,25027,19810.0,07:28:00,07:34:32,07:35:12,3,2765,Mountlake Terrace Fwy Station Bay 6,8.0,1.0
2025-10-10,510,South,25027,19810.0,07:59:00,07:52:49,07:53:25,7,1909,Stewart St & 9th Ave,0.0,15.0
2025-10-10,510,South,25027,19810.0,,07:54:11,07:54:41,8,1908,Stewart St & 7th Ave,0.0,4.0
2025-10-10,510,South,25027,19810.0,08:05:00,07:56:05,07:57:07,9,2698,5th Ave & Pine St,0.0,4.0
2025-10-10,510,South,25027,19810.0,,07:59:18,07:59:45,10,2700,5th Ave & Seneca St,0.0,2.0
2025-10-10,510,South,25027,19810.0,,08:01:20,08:01:47,11,2702,5th Ave & Marion St,0.0,1.0
2025-10-10,510,South,25027,19810.0,,08:04:07,08:04:39,12,2290,5th Ave & Jefferson St,0.0,2.0
2025-10-10,510,South,25027,19810.0,08:20:00,08:07:52,08:07:52,13,2706,5th Ave S & S Jackson St,0.0,1.0
2025-10-10,510,South,25028,91713.0,07:16:00,07:29:02,07:29:02,0,2345,Everett Station Bay C1,0.0,0.0
2025-10-10,510,South,25028,91713.0,,07:31:30,07:32:32,1,2367,Broadway & 34th St,0.0,0.0
2025-10-10,510,South,25028,91713.0,07:26:00,07:39:56,07:40:57,2,2868,South Everett Fwy Station Bay 3,0.0,0.0
2025-10-10,510,South,25028,91713.0,07:40:00,07:51:43,07:52:11,3,2765,Mountlake Terrace Fwy Station Bay 6,0.0,0.0
2025-10-10,510,South,25028,91713.0,08:11:00,08:07:12,08:07:40,7,1909,Stewart St & 9th Ave,0.0,0.0
2025-10-10,510,South,25028,91713.0,,08:09:04,08:09:31,8,1908,Stewart St & 7th Ave,0.0,0.0
2025-10-10,510,South,25028,91713.0,08:17:00,08:10:48,08:12:03,9,2698,5th Ave & Pine St,0.0,0.0
2025-10-10,510,South,25028,91713.0,,08:12:58,08:13:20,10,2700,5th Ave & Seneca St,0.0,0.0
2025-10-10,510,South,25028,91713.0,,08:14:31,08:15:12,11,2702,5th Ave & Marion St,0.0,0.0
2025-10-10,510,South,25028,91713.0,,08:16:28,08:16:44,12,2290,5th Ave & Jefferson St,0.0,0.0
2025-10-10,510,South,25028,91713.0,08:34:00,08:19:02,08:19:02,13,2706,5th Ave S & S Jackson St,0.0,0.0
2025-10-10,510,South,25029,91730.0,07:28:00,07:34:27,07:34:27,0,2345,Everett Station Bay C1,4.0,0.0
2025-10-10,510,South,25029,91730.0,,07:38:11,07:38:11,1,2367,Broadway & 34th St,0.0,0.0
2025-10-10,510,South,25029,91730.0,07:38:00,07:45:27,07:46:02,2,2868,South Everett Fwy Station Bay 3,3.0,0.0
2025-10-10,510,South,25029,91730.0,07:52:00,07:56:26,07:57:09,3,2765,Mountlake Terrace Fwy Station Bay 6,5.0,1.0
2025-10-10,510,South,25029,91730.0,08:23:00,08:14:31,08:14:58,7,1909,Stewart St & 9th Ave,0.0,3.0
2025-10-10,510,South,25029,91730.0,,08:15:28,08:15:56,8,1908,Stewart St & 7th Ave,0.0,3.0
2025-10-10,510,South,25029,91730.0,08:29:00,08:16:54,08:18:06,9,2698,5th Ave & Pine St,0.0,2.0
2025-10-10,510,South,25029,91730.0,,08:20:02,08:20:17,10,2700,5th Ave & Seneca St,0.0,1.0
2025-10-10,510,South,25029,91730.0,,08:21:58,08:22:15,11,2702,5th Ave & Marion St,0.0,2.0
2025-10-10,510,South,25029,91730.0,,08:23:59,08:24:35,12,2290,5th Ave & Jefferson St,0.0,0.0
2025-10-10,510,South,25029,91730.0,08:47:00,08:26:13,08:26:13,13,2706,5th Ave S & S Jackson St,0.0,0.0
2025-10-10,510,South,25030,91725.0,07:43:00,07:43:04,07:43:04,0,2345,Everett Station Bay C1,6.0,0.0
2025-10-10,510,South,25030,91725.0,,07:44:50,07:44:50,1,2367,Broadway & 34th St,0.0,0.0
2025-10-10,510,South,25030,91725.0,07:53:00,07:52:07,07:52:30,2,2868,South Everett Fwy Station Bay 3,3.0,0.0
2025-10-10,510,South,25030,91725.0,08:07:00,08:02:30,08:02:52,3,2765,Mountlake Terrace Fwy Station Bay 6,1.0,1.0
2025-10-10,510,South,25030,91725.0,08:38:00,08:18:17,08:18:43,7,1909,Stewart St & 9th Ave,0.0,5.0
2025-10-10,510,South,25030,91725.0,,08:19:36,08:19:56,8,1908,Stewart St & 7th Ave,0.0,2.0
2025-10-10,510,South,25030,91725.0,08:44:00,08:21:20,08:21:39,9,2698,5th Ave & Pine St,1.0,1.0
2025-10-10,510,South,25030,91725.0,,08:23:37,08:23:50,10,2700,5th Ave & Seneca St,0.0,0.0
2025-10-10,510,South,25030,91725.0,,08:25:06,08:25:43,11,2702,5th Ave & Marion St,0.0,0.0
2025-10-10,510,South,25030,91725.0,,08:26:55,08:27:10,12,2290,5th Ave & Jefferson St,0.0,1.0
2025-10-10,510,South,25030,91725.0,09:02:00,08:29:14,08:29:14,13,2706,5th Ave S & S Jackson St,0.0,1.0
2025-10-10,510,South,25031,19815.0,07:58:00,08:00:17,08:00:17,0,2345,Everett Station Bay C1,9.0,0.0
2025-10-10,510,South,25031,19815.0,,08:03:11,08:03:11,1,2367,Broadway & 34th St,0.0,0.0
2025-10-10,510,South,25031,19815.0,08:08:00,08:10:24,08:11:39,2,2868,South Everett Fwy Station Bay 3,16.0,0.0
2025-10-10,510,South,25031,19815.0,08:22:00,08:21:36,08:21:50,3,2765,Mountlake Terrace Fwy Station Bay 6,0.0,0.0
2025-10-10,510,South,25031,19815.0,08:53:00,08:37:02,08:37:30,7,1909,Stewart St & 9th Ave,0.0,14.0
2025-10-10,510,South,25031,19815.0,,08:38:02,08:38:26,8,1908,Stewart St & 7th Ave,0.0,4.0
2025-10-10,510,South,25031,19815.0,08:59:00,08:40:49,08:41:05,9,2698,5th Ave & Pine St,0.0,2.0
2025-10-10,510,South,25031,19815.0,,08:42:40,08:43:01,10,2700,5th Ave & Seneca St,0.0,3.0
2025-10-10,510,South,25031,19815.0,,08:44:36,08:45:14,11,2702,5th Ave & Marion St,0.0,2.0
2025-10-10,510,South,25031,19815.0,,08:46:31,08:46:40,12,2290,5th Ave & Jefferson St,0.0,0.0
2025-10-10,510,South,25031,19815.0,09:17:00,08:49:37,08:49:37,13,2706,5th Ave S & S Jackson St,1.0,1.0
2025-10-10,510,South,25032,91718.0,08:18:00,08:19:32,08:19:32,0,2345,Everett Station Bay C1,9.0,0.0
2025-10-10,510,South,25032,91718.0,,08:23:17,08:23:39,1,2367,Broadway & 34th St,1.0,0.0
2025-10-10,510,South,25032,91718.0,08:29:00,08:30:53,08:33:06,2,2868,South Everett Fwy Station Bay 3,25.0,0.0
2025-10-10,510,South,25032,91718.0,08:42:00,08:42:59,08:43:08,3,2765,Mountlake Terrace Fwy Station Bay 6,0.0,0.0
2025-10-10,510,South,25032,91718.0,09:13:00,08:56:40,08:57:28,7,1909,Stewart St & 9th Ave,0.0,20.0
2025-10-10,510,South,25032,91718.0,,08:58:36,08:59:22,8,1908,Stewart St & 7th Ave,0.0,7.0
2025-10-10,510,South,25032,91718.0,09:19:00,09:01:42,09:02:08,9,2698,5th Ave & Pine St,0.0,5.0
2025-10-10,510,South,25032,91718.0,,09:03:52,09:04:10,10,2700,5th Ave & Seneca St,0.0,1.0
2025-10-10,510,South,25032,91718.0,,09:05:39,09:06:12,11,2702,5th Ave & Marion St,0.0,2.0
2025-10-10,510,South,25032,91718.0,,09:07:27,09:07:40,12,2290,5th Ave & Jefferson St,0.0,0.0
2025-10-10,510,South,25032,91718.0,09:37:00,09:10:35,09:10:35,13,2706,5th Ave S & S Jackson St,0.0,0.0
2025-10-10,510,South,25033,91903.0,08:38:00,08:40:34,08:40:34,0,2345,Everett Station Bay C1,12.0,0.0
2025-10-10,510,South,25033,91903.0,,08:43:21,08:43:21,1,2367,Broadway & 34th St,0.0,0.0
2025-10-10,510,South,25033,91903.0,08:49:00,08:50:25,08:52:02,2,2868,South Everett Fwy Station Bay 3,9.0,0.0
2025-10-10,510,South,25033,91903.0,09:02:00,09:02:09,09:02:34,3,2765,Mountlake Terrace Fwy Station Bay 6,0.0,2.0
2025-10-10,510,South,25033,91903.0,09:33:00,09:17:22,09:17:22,7,1909,Stewart St & 9th Ave,0.0,8.0
2025-10-10,510,South,25033,91903.0,,09:18:05,09:18:33,8,1908,Stewart St & 7th Ave,0.0,6.0
2025-10-10,510,South,25033,91903.0,09:39:00,09:19:46,09:19:59,9,2698,5th Ave & Pine St,0.0,1.0
2025-10-10,510,South,25033,91903.0,,09:21:40,09:22:00,10,2700,5th Ave & Seneca St,0.0,2.0
2025-10-10,510,South,25033,91903.0,,09:23:27,09:24:15,11,2702,5th Ave & Marion St,0.0,0.0
2025-10-10,510,South,25033,91903.0,,09:25:26,09:25:51,12,2290,5th Ave & Jefferson St,0.0,1.0
2025-10-10,510,South,25033,91903.0,09:57:00,09:27:55,09:27:55,13,2706,5th Ave S & S Jackson St,0.0,1.0
2025-10-13,510,North,25001,91721.0,14:00:00,14:00:18,14:00:18,0,640,4th Ave S & S Jackson St,2.0,0.0
2025-10-13,510,North,25001,91721.0,,14:00:51,14:01:22,1,635,4th Ave S & S Washington St,1.0,0.0
2025-10-13,510,North,25001,91721.0,,14:02:20,14:02:47,2,2638,4th Ave & Cherry St,3.0,0.0
2025-10-13,510,North,25001,91721.0,,14:04:11,14:05:10,3,641,4th Ave & Seneca St,4.0,0.0
2025-10-13,510,North,25001,91721.0,14:06:00,14:06:24,14:07:22,4,2976,4th Ave & Pine St,6.0,1.0
2025-10-13,510,North,25001,91721.0,,14:08:30,14:09:20,5,473,Olive Way & 6th Ave,12.0,0.0
2025-10-13,510,North,25001,91721.0,14:10:00,14:11:01,14:11:44,6,430,Howell St & 9th Ave,8.0,0.0
2025-10-13,510,North,25001,91721.0,,14:14:38,14:15:05,7,431,Howell St & Yale Ave,2.0,2.0
2025-10-13,510,North,25001,91721.0,14:30:00,14:27:44,14:28:20,11,2766,Mountlake Terrace Fwy Station Bay 7,0.0,11.0
2025-10-13,510,North,25001,91721.0,14:47:00,14:50:48,14:51:40,12,2869,South Everett Fwy Station Bay 6,0.0,23.0
2025-10-13,510,North,25001,91721.0,,14:58:45,14:59:02,13,3219,Broadway & 33rd St,0.0,1.0
2025-10-13,510,North,25001,91721.0,15:04:00,15:00:13,15:00:13,14,2861,Everett Station,0.0,0.0
2025-10-13,510,North,25002,91702.0,14:20:00,14:20:14,14:20:14,0,640,4th Ave S & S Jackson St,4.0,0.0
2025-10-13,510,North,25002,91702.0,,14:20:55,14:21:15,1,635,4th Ave S & S Washington St,1.0,0.0
2025-10-13,510,North,25002,91702.0,,14:22:21,14:22:54,2,2638,4th Ave & Cherry St,0.0,0.0
2025-10-13,510,North,25002,91702.0,,14:24:13,14:25:15,3,641,4th Ave & Seneca St,4.0,0.0
2025-10-13,510,North,25002,91702.0,14:26:00,14:26:33,14:27:19,4,2976,4th Ave & Pine St,7.0,0.0
2025-10-13,510,North,25002,91702.0,,14:28:32,14:29:24,5,473,Olive Way & 6th Ave,10.0,0.0
2025-10-13,510,North,25002,91702.0,14:30:00,14:31:07,14:31:51,6,430,Howell St & 9th Ave,4.0,0.0
2025-10-13,510,North,25002,91702.0,,14:34:27,14:35:10,7,431,Howell St & Yale Ave,4.0,5.0
2025-10-13,510,North,25002,91702.0,14:50:00,14:49:22,14:49:45,11,2766,Mountlake Terrace Fwy Station Bay 7,1.0,7.0
2025-10-13,510,North,25002,91702.0,15:07:00,15:11:02,15:11:49,12,2869,South Everett Fwy Station Bay 6,1.0,23.0
2025-10-13,510,North,25002,91702.0,,15:19:23,15:19:56,13,3219,Broadway & 33rd St,0.0,1.0
2025-10-13,510,North,25002,91702.0,15:24:00,15:21:48,15:21:48,14,2861,Everett Station,0.0,0.0
2025-10-13,510,North,25003,91911.0,14:50:00,14:52:34,14:52:34,0,640,4th Ave S & S Jackson St,3.0,0.0
2025-10-13,510,North,25003,91911.0,,14:53:15,14:53:23,1,635,4th Ave S & S Washington St,0.0,0.0
2025-10-13,510,North,25003,91911.0,,14:54:50,14:55:43,2,2638,4th Ave & Cherry St,7.0,0.0
2025-10-13,510,North,25003,91911.0,,14:57:04,14:58:17,3,641,4th Ave & Seneca St,4.0,0.0
2025-10-13,510,North,25003,91911.0,14:56:00,14:59:28,15:00:22,4,2976,4th Ave & Pine St,3.0,0.0
2025-10-13,510,North,25003,91911.0,,15:01:19,15:02:31,5,473,Olive Way & 6th Ave,7.0,0.0
2025-10-13,510,North,25003,91911.0,15:00:00,15:03:08,15:03:51,6,430,Howell St & 9th Ave,7.0,0.0
2025-10-13,510,North,25003,91911.0,,15:07:09,15:07:37,7,431,Howell St & Yale Ave,1.0,0.0
2025-10-13,510,North,25003,91911.0,15:20:00,15:24:46,15:25:22,11,2766,Mountlake Terrace Fwy Station Bay 7,0.0,10.0
2025-10-13,510,North,25003,91911.0,15:38:00,15:42:56,15:43:43,12,2869,South Everett Fwy Station Bay 6,0.0,19.0
2025-10-13,510,North,25003,91911.0,,15:54:09,15:54:49,13,3219,Broadway & 33rd St,0.0,3.0
2025-10-13,510,North,25003,91911.0,15:57:00,15:56:56,15:56:56,14,2861,Everett Station,0.0,0.0
2025-10-13,510,North,25004,91705.0,15:10:00,15:12:54,15:12:54,0,640,4th Ave S & S Jackson St,2.0,0.0
2025-10-13,510,North,25004,91705.0,,,,1,635,4th Ave S & S Washington St,,
2025-10-13,510,North,25004,91705.0,,15:14:38,15:15:19,2,2638,4th Ave & Cherry St,4.0,0.0
2025-10-13,510,North,25004,91705.0,,15:18:03,15:19:19,3,641,4th Ave & Seneca St,4.0,0.0
2025-10-13,510,North,25004,91705.0,15:16:00,15:20:45,15:21:24,4,2976,4th Ave & Pine St,2.0,0.0
2025-10-13,510,North,25004,91705.0,,15:22:34,15:23:36,5,473,Olive Way & 6th Ave,6.0,0.0
2025-10-13,510,North,25004,91705.0,15:20:00,15:25:22,15:26:29,6,430,Howell St & 9th Ave,6.0,0.0
2025-10-13,510,North,25004,91705.0,,15:28:48,15:29:42,7,431,Howell St & Yale Ave,2.0,0.0
2025-10-13,510,North,25004,91705.0,15:40:00,15:53:00,15:53:36,11,2766,Mountlake Terrace Fwy Station Bay 7,1.0,1.0
2025-10-13,510,North,25004,91705.0,16:00:00,16:08:18,16:09:25,12,2869,South Everett Fwy Station Bay 6,0.0,22.0
2025-10-13,510,North,25004,91705.0,,16:19:54,16:20:17,13,3219,Broadway & 33rd St,0.0,4.0
2025-10-13,510,North,25004,91705.0,16:21:00,16:21:46,16:21:46,14,2861,Everett Station,0.0,0.0
2025-10-13,510,North,25005,91715.0,15:25:00,15:17:59,15:17:59,0,640,4th Ave S & S Jackson St,0.0,0.0
2025-10-13,510,North,25005,91715.0,,15:18:48,15:28:55,1,635,4th Ave S & S Washington St,0.0,0.0
2025-10-13,510,North,25005,91715.0,,15:30:01,15:30:58,2,2638,4th Ave & Cherry St,1.0,0.0
2025-10-13,510,North,25005,91715.0,,15:33:08,15:34:25,3,641,4th Ave & Seneca St,2.0,0.0
2025-10-13,510,North,25005,91715.0,15:31:00,15:35:52,15:36:36,4,2976,4th Ave & Pine St,4.0,1.0
2025-10-13,510,North,25005,91715.0,,15:39:00,15:40:08,5,473,Olive Way & 6th Ave,9.0,2.0
2025-10-13,510,North,25005,91715.0,15:35:00,15:41:50,15:42:40,6,430,Howell St & 9th Ave,4.0,4.0
2025-10-13,510,North,25005,91715.0,,15:46:15,15:46:49,7,431,Howell St & Yale Ave,2.0,0.0
2025-10-13,510,North,25005,91715.0,15:56:00,16:07:36,16:08:18,11,2766,Mountlake Terrace Fwy Station Bay 7,0.0,14.0
2025-10-13,510,North,25005,91715.0,16:16:00,16:23:30,16:31:46,12,2869,South Everett Fwy Station Bay 6,2.0,3.0
2025-10-13,510,North,25005,91715.0,,16:41:09,16:41:27,13,3219,Broadway & 33rd St,0.0,0.0
2025-10-13,510,North,25005,91715.0,16:38:00,16:42:54,16:42:54,14,2861,Everett Station,0.0,0.0
2025-10-13,510,North,25006,91701.0,15:40:00,15:41:19,15:41:19,0,640,4th Ave S & S Jackson St,7.0,0.0
2025-10-13,510,North,25006,91701.0,,15:42:25,15:42:36,1,635,4th Ave S & S Washington St,0.0,0.0
2025-10-13,510,North,25006,91701.0,,15:43:20,15:43:47,2,2638,4th Ave & Cherry St,1.0,0.0
2025-10-13,510,North,25006,91701.0,,15:45:09,15:46:13,3,641,4th Ave & Seneca St,0.0,1.0
2025-10-13,510,North,25006,91701.0,15:46:00,15:47:18,15:47:35,4,2976,4th Ave & Pine St,1.0,0.0
2025-10-13,510,North,25006,91701.0,,15:49:14,15:50:32,5,473,Olive Way & 6th Ave,7.0,0.0
2025-10-13,510,North,25006,91701.0,15:50:00,15:51:13,15:51:51,6,430,Howell St & 9th Ave,5.0,0.0
2025-10-13,510,North,25006,91701.0,,15:55:06,15:55:33,7,431,Howell St & Yale Ave,2.0,0.0
2025-10-13,510,North,25006,91701.0,16:12:00,16:15:00,16:17:48,11,2766,Mountlake Terrace Fwy Station Bay 7,3.0,3.0
2025-10-13,510,North,25006,91701.0,16:35:00,16:32:05,16:33:57,12,2869,South Everett Fwy Station Bay 6,2.0,14.0
2025-10-13,510,North,25006,91701.0,,16:42:55,16:42:55,13,3219,Broadway & 33rd St,0.0,0.0
2025-10-13,510,North,25006,91701.0,16:58:00,16:44:24,16:44:24,14,2861,Everett Station,0.0,10.0
2025-10-13,510,North,25007,91907.0,15:55:00,15:56:58,15:56:58,0,640,4th Ave S & S Jackson St,3.0,0.0
2025-10-13,510,North,25007,91907.0,,15:57:31,15:57:51,1,635,4th Ave S & S Washington St,1.0,0.0
2025-10-13,510,North,25007,91907.0,,15:59:22,15:59:55,2,2638,4th Ave & Cherry St,3.0,0.0
2025-10-13,510,North,25007,91907.0,,16:01:41,16:02:54,3,641,4th Ave & Seneca St,6.0,0.0
2025-10-13,510,North,25007,91907.0,16:01:00,16:04:19,16:05:10,4,2976,4th Ave & Pine St,8.0,1.0
2025-10-13,510,North,25007,91907.0,,16:06:07,16:07:08,5,473,Olive Way & 6th Ave,9.0,0.0
2025-10-13,510,North,25007,91907.0,16:05:00,16:08:47,16:09:31,6,430,Howell St & 9th Ave,5.0,0.0
2025-10-13,510,North,25007,91907.0,,16:13:10,16:14:09,7,431,Howell St & Yale Ave,7.0,0.0
2025-10-13,510,North,25007,91907.0,16:28:00,16:33:58,16:34:33,11,2766,Mountlake Terrace Fwy Station Bay 7,0.0,9.0
2025-10-13,510,North,25007,91907.0,16:51:00,16:48:05,16:49:09,12,2869,South Everett Fwy Station Bay 6,0.0,32.0
2025-10-13,510,North,25007,91907.0,,16:57:03,16:57:03,13,3219,Broadway & 33rd St,0.0,0.0
2025-10-13,510,North,25007,91907.0,17:14:00,16:58:16,16:58:16,14,2861,Everett Station,0.0,0.0
2025-10-13,510,North,25008,19853.0,16:10:00,16:10:25,16:10:25,0,640,4th Ave S & S Jackson St,3.0,0.0
2025-10-13,510,North,25008,19853.0,,16:11:01,16:11:10,1,635,4th Ave S & S Washington St,0.0,0.0
2025-10-13,510,North,25008,19853.0,,16:12:47,16:13:47,2,2638,4th Ave & Cherry St,5.0,0.0
2025-10-13,510,North,25008,19853.0,,16:15:07,16:15:47,3,641,4th Ave & Seneca St,6.0,0.0
2025-10-13,510,North,25008,19853.0,16:16:00,16:17:12,16:18:19,4,2976,4th Ave & Pine St,4.0,0.0
2025-10-13,510,North,25008,19853.0,,16:19:25,16:20:33,5,473,Olive Way & 6th Ave,11.0,0.0
2025-10-13,510,North,25008,19853.0,16:20:00,16:22:09,16:22:49,6,430,Howell St & 9th Ave,9.0,1.0
2025-10-13,510,North,25008,19853.0,,16:26:35,16:27:04,7,431,Howell St & Yale Ave,4.0,1.0
2025-10-13,510,North,25008,19853.0,16:43:00,16:45:13,16:45:46,11,2766,Mountlake Terrace Fwy Station Bay 7,0.0,12.0
2025-10-13,510,North,25008,19853.0,17:06:00,16:58:02,16:58:44,12,2869,South Everett Fwy Station Bay 6,0.0,15.0
2025-10-13,510,North,25008,19853.0,,17:05:57,17:06:21,13,3219,Broadway & 33rd St,0.0,1.0
2025-10-13,510,North,25008,19853.0,17:29:00,17:07:37,17:07:37,14,2861,Everett Station,0.0,12.0
2025-10-13,510,North,25009,19851.0,16:25:00,16:25:12,16:25:12,0,640,4th Ave S & S Jackson St,1.0,0.0
2025-10-13,510,North,25009,19851.0,,16:26:06,16:26:40,1,635,4th Ave S & S Washington St,2.0,0.0
2025-10-13,510,North,25009,19851.0,,16:27:50,16:29:04,2,2638,4th Ave & Cherry St,8.0,1.0
2025-10-13,510,North,25009,19851.0,,16:30:00,16:30:44,3,641,4th Ave & Seneca St,8.0,0.0
2025-10-13,510,North,25009,19851.0,16:31:00,16:32:26,16:33:18,4,2976,4th Ave & Pine St,3.0,0.0
2025-10-13,510,North,25009,19851.0,,16:34:26,16:35:41,5,473,Olive Way & 6th Ave,5.0,0.0
2025-10-13,510,North,25009,19851.0,16:35:00,16:37:04,16:37:27,6,430,Howell St & 9th Ave,3.0,0.0
2025-10-13,510,North,25009,19851.0,,16:40:05,16:40:26,7,431,Howell St & Yale Ave,1.0,0.0
2025-10-13,510,North,25009,19851.0,16:58:00,16:57:10,16:57:39,11,2766,Mountlake Terrace Fwy Station Bay 7,0.0,5.0
2025-10-13,510,North,25009,19851.0,17:21:00,17:10:16,17:11:07,12,2869,South Everett Fwy Station Bay 6,2.0,19.0
2025-10-13,510,North,25009,19851.0,,17:17:48,17:18:03,13,3219,Broadway & 33rd St,0.0,2.0
2025-10-13,510,North,25009,19851.0,17:44:00,17:19:42,17:19:42,14,2861,Everett Station,1.0,7.0
2025-10-13,510,North,25010,,16:40:00,,,0,640,4th Ave S & S Jackson St,,
2025-10-13,510,North,25010,,,,,1,635,4th Ave S & S Washington St,,
2025-10-13,510,North,25010,,,,,2,2638,4th Ave & Cherry St,,
2025-10-13,510,North,25010,,,,,3,641,4th Ave & Seneca St,,
2025-10-13,510,North,25010,,16:46:00,,,4,2976,4th Ave & Pine St,,
2025-10-13,510,North,25010,,,,,5,473,Olive Way & 6th Ave,,
2025-10-13,510,North,25010,,16:50:00,,,6,430,Howell St & 9th Ave,,
2025-10-13,510,North,25010,,,,,7,431,Howell St & Yale Ave,,
2025-10-13,510,North,25010,,17:13:00,,,11,2766,Mountlake Terrace Fwy Station Bay 7,,
2025-10-13,510,North,25010,,17:36:00,,,12,2869,South Everett Fwy Station Bay 6,,
2025-10-13,510,North,25010,,,,,13,3219,Broadway & 33rd St,,
2025-10-13,510,North,25010,,17:59:00,,,14,2861,Everett Station,,
2025-10-13,510,North,25011,91912.0,16:55:00,16:55:19,16:55:19,0,640,4th Ave S & S Jackson St,8.0,0.0
2025-10-13,510,North,25011,91912.0,,16:56:00,16:56:11,1,635,4th Ave S & S Washington St,0.0,0.0
2025-10-13,510,North,25011,91912.0,,16:57:00,16:57:51,2,2638,4th Ave & Cherry St,10.0,0.0
2025-10-13,510,North,25011,91912.0,,16:58:48,16:59:50,3,641,4th Ave & Seneca St,10.0,1.0
2025-10-13,510,North,25011,91912.0,17:01:00,17:01:11,17:01:57,4,2976,4th Ave & Pine St,7.0,0.0
2025-10-13,510,North,25011,91912.0,,17:02:56,17:04:05,5,473,Olive Way & 6th Ave,14.0,0.0
2025-10-13,510,North,25011,91912.0,17:05:00,17:05:46,17:07:26,6,430,Howell St & 9th Ave,11.0,2.0
2025-10-13,510,North,25011,91912.0,,17:10:09,17:10:35,7,431,Howell St & Yale Ave,2.0,0.0
2025-10-13,510,North,25011,91912.0,17:27:00,17:24:45,17:25:26,11,2766,Mountlake Terrace Fwy Station Bay 7,1.0,9.0
2025-10-13,510,North,25011,91912.0,17:50:00,17:38:09,17:39:22,12,2869,South Everett Fwy Station Bay 6,0.0,34.0
2025-10-13,510,North,25011,91912.0,,17:47:12,17:47:12,13,3219,Broadway & 33rd St,0.0,0.0
2025-10-13,510,North,25011,91912.0,18:09:00,17:48:24,17:48:24,14,2861,Everett Station,0.0,17.0
2025-10-13,510,North,25012,91720.0,17:10:00,17:10:20,17:10:20,0,640,4th Ave S & S Jackson St,3.0,0.0
2025-10-13,510,North,25012,91720.0,,17:10:58,17:11:05,1,635,4th Ave S & S Washington St,0.0,0.0
2025-10-13,510,North,25012,91720.0,,17:12:44,17:14:11,2,2638,4th Ave & Cherry St,5.0,0.0
2025-10-13,510,North,25012,91720.0,,17:15:00,17:16:20,3,641,4th Ave & Seneca St,6.0,1.0
2025-10-13,510,North,25012,91720.0,17:16:00,17:17:30,17:18:05,4,2976,4th Ave & Pine St,4.0,0.0
2025-10-13,510,North,25012,91720.0,,17:19:23,17:20:33,5,473,Olive Way & 6th Ave,12.0,0.0
2025-10-13,510,North,25012,91720.0,17:20:00,17:22:05,17:23:02,6,430,Howell St & 9th Ave,5.0,0.0
2025-10-13,510,North,25012,91720.0,,17:26:36,17:27:37,7,431,Howell St & Yale Ave,5.0,0.0
2025-10-13,510,North,25012,91720.0,17:42:00,17:44:42,17:45:12,11,2766,Mountlake Terrace Fwy Station Bay 7,0.0,7.0
2025-10-13,510,North,25012,91720.0,18:05:00,17:57:47,17:58:37,12,2869,South Everett Fwy Station Bay 6,0.0,21.0
2025-10-13,510,North,25012,91720.0,,18:06:29,18:06:45,13,3219,Broadway & 33rd St,0.0,1.0
2025-10-13,510,North,25012,91720.0,18:21:00,18:08:05,18:08:05,14,2861,Everett Station,0.0,10.0
2025-10-13,510,North,25013,91909.0,17:25:00,17:27:31,17:27:31,0,640,4th Ave S & S Jackson St,7.0,0.0
2025-10-13,510,North,25013,91909.0,,17:29:10,17:29:19,1,635,4th Ave S & S Washington St,0.0,0.0
2025-10-13,510,North,25013,91909.0,,17:30:50,17:31:07,2,2638,4th Ave & Cherry St,2.0,0.0
2025-10-13,510,North,25013,91909.0,,17:32:51,17:33:23,3,641,4th Ave & Seneca St,8.0,0.0
2025-10-13,510,North,25013,91909.0,17:31:00,17:35:18,17:36:17,4,2976,4th Ave & Pine St,2.0,1.0
2025-10-13,510,North,25013,91909.0,,17:37:22,17:38:26,5,473,Olive Way & 6th Ave,13.0,1.0
2025-10-13,510,North,25013,91909.0,17:35:00,17:39:07,17:39:19,6,430,Howell St & 9th Ave,2.0,0.0
2025-10-13,510,North,25013,91909.0,,17:43:06,17:43:26,7,431,Howell St & Yale Ave,3.0,0.0
2025-10-13,510,North,25013,91909.0,17:56:00,18:14:10,18:14:42,11,2766,Mountlake Terrace Fwy Station Bay 7,0.0,9.0
2025-10-13,510,North,25013,91909.0,18:18:00,18:25:10,18:25:52,12,2869,South Everett Fwy Station Bay 6,0.0,16.0
2025-10-13,510,North,25013,91909.0,,18:32:46,18:32:46,13,3219,Broadway & 33rd St,0.0,0.0
2025-10-13,510,North,25013,91909.0,18:33:00,18:34:15,18:34:15,14,2861,Everett Station,0.0,10.0
2025-10-13,510,North,25014,19810.0,17:45:00,17:44:47,17:44:47,0,640,4th Ave S & S Jackson St,3.0,0.0
2025-10-13,510,North,25014,19810.0,,17:45:36,17:45:48,1,635,4th Ave S & S Washington St,1.0,0.0
2025-10-13,510,North,25014,19810.0,,17:47:18,17:47:35,2,2638,4th Ave & Cherry St,1.0,0.0
2025-10-13,510,North,25014,19810.0,,17:48:59,17:49:25,3,641,4th Ave & Seneca St,3.0,0.0
2025-10-13,510,North,25014,19810.0,17:51:00,17:50:40,17:51:22,4,2976,4th Ave & Pine St,3.0,0.0
2025-10-13,510,North,25014,19810.0,,17:52:24,17:53:29,5,473,Olive Way & 6th Ave,2.0,0.0
2025-10-13,510,North,25014,19810.0,17:55:00,17:54:13,17:54:49,6,430,Howell St & 9th Ave,2.0,0.0
2025-10-13,510,North,25014,19810.0,,17:58:05,17:58:35,7,431,Howell St & Yale Ave,3.0,2.0
2025-10-13,510,North,25014,19810.0,18:13:00,18:22:59,18:23:15,11,2766,Mountlake Terrace Fwy Station Bay 7,0.0,1.0
2025-10-13,510,North,25014,19810.0,18:32:00,18:33:58,18:34:28,12,2869,South Everett Fwy Station Bay 6,0.0,8.0
2025-10-13,510,North,25014,19810.0,,18:41:41,18:41:53,13,3219,Broadway & 33rd St,0.0,1.0
2025-10-13,510,North,25014,19810.0,18:43:00,18:42:59,18:42:59,14,2861,Everett Station,0.0,6.0
2025-10-13,510,North,25015,9560.0,18:05:00,18:05:18,18:05:18,0,640,4th Ave S & S Jackson St,1.0,0.0
2025-10-13,510,North,25015,9560.0,,18:06:30,18:06:40,1,635,4th Ave S & S Washington St,0.0,0.0
2025-10-13,510,North,25015,9560.0,,18:08:16,18:08:40,2,2638,4th Ave & Cherry St,2.0,0.0
2025-10-13,510,North,25015,9560.0,,18:10:26,18:11:56,3,641,4th Ave & Seneca St,6.0,0.0
2025-10-13,510,North,25015,9560.0,18:11:00,18:13:02,18:14:04,4,2976,4th Ave & Pine St,9.0,0.0
2025-10-13,510,North,25015,9560.0,,18:16:16,18:17:32,5,473,Olive Way & 6th Ave,4.0,0.0
2025-10-13,510,North,25015,9560.0,18:14:00,18:19:05,18:19:16,6,430,Howell St & 9th Ave,0.0,0.0
2025-10-13,510,North,25015,9560.0,,18:22:07,18:22:41,7,431,Howell St & Yale Ave,3.0,0.0
2025-10-13,510,North,25015,9560.0,18:32:00,18:37:48,18:38:06,11,2766,Mountlake Terrace Fwy Station Bay 7,0.0,1.0
2025-10-13,510,North,25015,9560.0,18:48:00,18:49:30,18:50:34,12,2869,South Everett Fwy Station Bay 6,0.0,12.0
2025-10-13,510,North,25015,9560.0,,18:57:52,18:58:27,13,3219,Broadway & 33rd St,0.0,1.0
2025-10-13,510,North,25015,9560.0,18:59:00,18:59:43,18:59:43,14,2861,Everett Station,0.0,11.0
2025-10-13,510,North,25016,91711.0,18:30:00,18:37:40,18:37:40,0,640,4th Ave S & S Jackson St,8.0,0.0
2025-10-13,510,North,25016,91711.0,,18:38:22,18:38:35,1,635,4th Ave S & S Washington St,0.0,0.0
2025-10-13,510,North,25016,91711.0,,18:39:53,18:40:11,2,2638,4th Ave & Cherry St,2.0,0.0
2025-10-13,510,North,25016,91711.0,,18:41:47,18:42:19,3,641,4th Ave & Seneca St,1.0,0.0
2025-10-13,510,North,25016,91711.0,18:36:00,,,4,2976,4th Ave & Pine St,,
2025-10-13,510,North,25016,91711.0,,18:46:12,18:47:27,5,473,Olive Way & 6th Ave,4.0,0.0
2025-10-13,510,North,25016,91711.0,18:39:00,18:48:08,18:48:34,6,430,Howell St & 9th Ave,3.0,0.0
2025-10-13,510,North,25016,91711.0,,18:52:06,18:52:33,7,431,Howell St & Yale Ave,1.0,0.0
2025-10-13,510,North,25016,91711.0,18:57:00,19:05:11,19:05:40,11,2766,Mountlake Terrace Fwy Station Bay 7,2.0,0.0
2025-10-13,510,North,25016,91711.0,19:12:00,19:16:54,19:17:40,12,2869,South Everett Fwy Station Bay 6,1.0,12.0
2025-10-13,510,North,25016,91711.0,,19:24:43,19:24:59,13,3219,Broadway & 33rd St,0.0,1.0
2025-10-13,510,North,25016,91711.0,19:22:00,19:26:14,19:26:14,14,2861,Everett Station,0.0,9.0
2025-10-13,510,South,25017,91725.0,04:05:00,04:05:06,04:05:06,0,2986,Hewitt Ave & Fulton St,2.0,0.0
2025-10-13,510,South,25017,91725.0,,04:06:16,04:06:16,1,2440,Hewitt Ave & Lombard Ave,0.0,0.0
2025-10-13,510,South,25017,91725.0,,04:08:42,04:08:42,2,2355,Wetmore Ave & Wall St,0.0,0.0
2025-10-13,510,South,25017,91725.0,,04:09:20,04:09:20,3,2359,Pacific Ave & Rockefeller Ave,0.0,0.0
2025-10-13,510,South,25017,91725.0,04:11:00,04:11:05,04:12:15,4,2345,Everett Station Bay C1,9.0,0.0
2025-10-13,510,South,25017,91725.0,,04:13:53,04:13:53,5,2367,Broadway & 34th St,0.0,0.0
2025-10-13,510,South,25017,91725.0,04:20:00,04:20:09,04:20:48,6,2868,South Everett Fwy Station Bay 3,3.0,0.0
2025-10-13,510,South,25017,91725.0,04:31:00,04:32:22,04:32:23,7,2765,Mountlake Terrace Fwy Station Bay 6,1.0,0.0
2025-10-13,510,South,25017,91725.0,04:48:00,04:45:21,04:45:55,11,1909,Stewart St & 9th Ave,0.0,5.0
2025-10-13,510,South,25017,91725.0,,04:47:04,04:47:24,12,1908,Stewart St & 7th Ave,0.0,0.0
2025-10-13,510,South,25017,91725.0,04:52:00,04:48:28,04:49:22,13,2698,5th Ave & Pine St,0.0,4.0
2025-10-13,510,South,25017,91725.0,,04:50:18,04:50:43,14,2700,5th Ave & Seneca St,0.0,4.0
2025-10-13,510,South,25017,91725.0,,04:51:31,04:51:42,15,2702,5th Ave & Marion St,0.0,1.0
2025-10-13,510,South,25017,91725.0,,04:52:25,04:52:59,16,2290,5th Ave & Jefferson St,0.0,1.0
2025-10-13,510,South,25017,91725.0,05:00:00,04:54:25,04:54:25,17,2706,5th Ave S & S Jackson St,0.0,0.0
2025-10-13,510,South,25018,91720.0,04:40:00,04:40:30,04:40:30,0,2986,Hewitt Ave & Fulton St,1.0,0.0
2025-10-13,510,South,25018,91720.0,,04:41:19,04:41:19,1,2440,Hewitt Ave & Lombard Ave,0.0,0.0
2025-10-13,510,South,25018,91720.0,,04:43:26,04:44:02,2,2355,Wetmore Ave & Wall St,1.0,0.0
2025-10-13,510,South,25018,91720.0,,04:44:42,04:44:42,3,2359,Pacific Ave & Rockefeller Ave,0.0,0.0
2025-10-13,510,South,25018,91720.0,04:46:00,04:46:18,04:47:12,4,2345,Everett Station Bay C1,8.0,0.0
2025-10-13,510,South,25018,91720.0,,04:48:34,04:48:50,5,2367,Broadway & 34th St,1.0,0.0
2025-10-13,510,South,25018,91720.0,04:57:00,04:55:31,04:57:15,6,2868,South Everett Fwy Station Bay 3,17.0,0.0
2025-10-13,510,South,25018,91720.0,05:08:00,05:07:14,05:07:46,7,2765,Mountlake Terrace Fwy Station Bay 6,3.0,1.0
2025-10-13,510,South,25018,91720.0,05:26:00,05:20:17,05:20:50,11,1909,Stewart St & 9th Ave,0.0,8.0
2025-10-13,510,South,25018,91720.0,,05:22:00,05:22:19,12,1908,Stewart St & 7th Ave,0.0,4.0
2025-10-13,510,South,25018,91720.0,05:30:00,05:23:29,05:24:21,13,2698,5th Ave & Pine St,0.0,2.0
2025-10-13,510,South,25018,91720.0,,05:25:15,05:25:43,14,2700,5th Ave & Seneca St,0.0,6.0
2025-10-13,510,South,25018,91720.0,,05:26:23,05:26:56,15,2702,5th Ave & Marion St,0.0,4.0
2025-10-13,510,South,25018,91720.0,,05:28:02,05:28:16,16,2290,5th Ave & Jefferson St,0.0,2.0
2025-10-13,510,South,25018,91720.0,05:38:00,05:29:23,05:29:23,17,2706,5th Ave S & S Jackson St,0.0,4.0
2025-10-13,510,South,25019,,05:10:00,,,0,2345,Everett Station Bay C1,,
2025-10-13,510,South,25019,,,,,1,2367,Broadway & 34th St,,
2025-10-13,510,South,25019,,05:20:00,,,2,2868,South Everett Fwy Station Bay 3,,
2025-10-13,510,South,25019,,05:31:00,,,3,2765,Mountlake Terrace Fwy Station Bay 6,,
2025-10-13,510,South,25019,,05:49:00,,,7,1909,Stewart St & 9th Ave,,
2025-10-13,510,South,25019,,,,,8,1908,Stewart St & 7th Ave,,
2025-10-13,510,South,25019,,05:54:00,,,9,2698,5th Ave & Pine St,,
2025-10-13,510,South,25019,,,,,10,2700,5th Ave & Seneca St,,
2025-10-13,510,South,25019,,,,,11,2702,5th Ave & Marion St,,
2025-10-13,510,South,25019,,,,,12,2290,5th Ave & Jefferson St,,
2025-10-13,510,South,25019,,06:03:00,,,13,2706,5th Ave S & S Jackson St,,
2025-10-13,510,South,25020,91908.0,05:40:00,05:41:00,05:41:00,0,2345,Everett Station Bay C1,17.0,0.0
2025-10-13,510,South,25020,91908.0,,05:43:15,05:44:11,1,2367,Broadway & 34th St,0.0,0.0
2025-10-13,510,South,25020,91908.0,05:50:00,05:51:23,05:52:42,2,2868,South Everett Fwy Station Bay 3,17.0,0.0
2025-10-13,510,South,25020,91908.0,06:01:00,06:04:58,06:05:30,3,2765,Mountlake Terrace Fwy Station Bay 6,1.0,1.0
2025-10-13,510,South,25020,91908.0,06:22:00,06:19:13,06:19:41,7,1909,Stewart St & 9th Ave,0.0,9.0
2025-10-13,510,South,25020,91908.0,,06:21:09,06:21:34,8,1908,Stewart St & 7th Ave,0.0,4.0
2025-10-13,510,South,25020,91908.0,06:28:00,06:22:53,06:24:04,9,2698,5th Ave & Pine St,0.0,2.0
2025-10-13,510,South,25020,91908.0,,06:25:01,06:25:35,10,2700,5th Ave & Seneca St,0.0,13.0
2025-10-13,510,South,25020,91908.0,,06:26:34,06:27:11,11,2702,5th Ave & Marion St,0.0,3.0
2025-10-13,510,South,25020,91908.0,,06:28:29,06:28:52,12,2290,5th Ave & Jefferson St,0.0,3.0
2025-10-13,510,South,25020,91908.0,06:38:00,06:30:45,06:30:45,13,2706,5th Ave S & S Jackson St,0.0,0.0
2025-10-13,510,South,25021,91725.0,05:52:00,05:52:06,05:52:06,0,2345,Everett Station Bay C1,16.0,0.0
2025-10-13,510,South,25021,91725.0,,05:53:56,05:53:56,1,2367,Broadway & 34th St,0.0,0.0
2025-10-13,510,South,25021,91725.0,06:02:00,06:01:34,06:02:16,2,2868,South Everett Fwy Station Bay 3,8.0,0.0
2025-10-13,510,South,25021,91725.0,06:14:00,06:15:46,06:16:09,3,2765,Mountlake Terrace Fwy Station Bay 6,3.0,0.0
2025-10-13,510,South,25021,91725.0,06:35:00,06:29:46,06:30:08,7,1909,Stewart St & 9th Ave,0.0,7.0
2025-10-13,510,South,25021,91725.0,,06:30:40,06:30:58,8,1908,Stewart St & 7th Ave,0.0,3.0
2025-10-13,510,South,25021,91725.0,06:41:00,06:33:20,06:34:33,9,2698,5th Ave & Pine St,0.0,5.0
2025-10-13,510,South,25021,91725.0,,06:35:26,06:35:52,10,2700,5th Ave & Seneca St,0.0,6.0
2025-10-13,510,South,25021,91725.0,,06:37:01,06:37:43,11,2702,5th Ave & Marion St,0.0,1.0
2025-10-13,510,South,25021,91725.0,,06:39:38,06:39:38,12,2290,5th Ave & Jefferson St,0.0,5.0
2025-10-13,510,South,25021,91725.0,06:51:00,06:41:04,06:41:04,13,2706,5th Ave S & S Jackson St,0.0,0.0
2025-10-13,510,South,25022,91705.0,06:04:00,06:05:34,06:05:34,0,2345,Everett Station Bay C1,15.0,0.0
2025-10-13,510,South,25022,91705.0,,06:06:17,06:06:34,1,2367,Broadway & 34th St,1.0,0.0
2025-10-13,510,South,25022,91705.0,06:14:00,06:13:40,06:14:56,2,2868,South Everett Fwy Station Bay 3,16.0,0.0
2025-10-13,510,South,25022,91705.0,06:26:00,06:30:07,06:30:51,3,2765,Mountlake Terrace Fwy Station Bay 6,6.0,2.0
2025-10-13,510,South,25022,91705.0,06:48:00,06:44:34,06:45:05,7,1909,Stewart St & 9th Ave,0.0,5.0
2025-10-13,510,South,25022,91705.0,,06:45:36,06:46:13,8,1908,Stewart St & 7th Ave,0.0,9.0
2025-10-13,510,South,25022,91705.0,06:54:00,06:48:24,06:49:34,9,2698,5th Ave & Pine St,0.0,5.0
2025-10-13,510,South,25022,91705.0,,06:50:21,06:50:45,10,2700,5th Ave & Seneca St,0.0,7.0
2025-10-13,510,South,25022,91705.0,,06:52:02,06:52:46,11,2702,5th Ave & Marion St,0.0,5.0
2025-10-13,510,South,25022,91705.0,,06:53:56,06:54:20,12,2290,5th Ave & Jefferson St,0.0,5.0
2025-10-13,510,South,25022,91705.0,07:04:00,06:57:38,06:57:38,13,2706,5th Ave S & S Jackson St,0.0,0.0
2025-10-13,510,South,25023,91726.0,06:16:00,06:17:03,06:17:03,0,2345,Everett Station Bay C1,10.0,0.0
2025-10-13,510,South,25023,91726.0,,06:18:56,06:18:56,1,2367,Broadway & 34th St,0.0,0.0
2025-10-13,510,South,25023,91726.0,06:26:00,06:25:48,06:27:13,2,2868,South Everett Fwy Station Bay 3,14.0,0.0
2025-10-13,510,South,25023,91726.0,06:38:00,06:40:34,06:41:00,3,2765,Mountlake Terrace Fwy Station Bay 6,3.0,0.0
2025-10-13,510,South,25023,91726.0,07:00:00,06:55:46,06:56:17,7,1909,Stewart St & 9th Ave,0.0,6.0
2025-10-13,510,South,25023,91726.0,,06:57:08,06:57:38,8,1908,Stewart St & 7th Ave,0.0,6.0
2025-10-13,510,South,25023,91726.0,07:06:00,06:58:51,06:59:09,9,2698,5th Ave & Pine St,0.0,8.0
2025-10-13,510,South,25023,91726.0,,07:00:50,07:01:14,10,2700,5th Ave & Seneca St,0.0,4.0
2025-10-13,510,South,25023,91726.0,,07:02:33,07:03:18,11,2702,5th Ave & Marion St,0.0,2.0
2025-10-13,510,South,25023,91726.0,,07:04:26,07:04:41,12,2290,5th Ave & Jefferson St,0.0,1.0
2025-10-13,510,South,25023,91726.0,07:17:00,07:07:16,07:07:16,13,2706,5th Ave S & S Jackson St,0.0,0.0
2025-10-13,510,South,25024,91701.0,06:28:00,06:28:54,06:28:54,0,2345,Everett Station Bay C1,11.0,0.0
2025-10-13,510,South,25024,91701.0,,06:31:53,06:32:23,1,2367,Broadway & 34th St,2.0,0.0
2025-10-13,510,South,25024,91701.0,06:38:00,06:40:00,06:41:23,2,2868,South Everett Fwy Station Bay 3,18.0,1.0
2025-10-13,510,South,25024,91701.0,06:50:00,06:54:43,06:55:25,3,2765,Mountlake Terrace Fwy Station Bay 6,3.0,0.0
2025-10-13,510,South,25024,91701.0,07:13:00,07:10:51,07:11:35,7,1909,Stewart St & 9th Ave,0.0,10.0
2025-10-13,510,South,25024,91701.0,,07:12:12,07:13:12,8,1908,Stewart St & 7th Ave,0.0,7.0
2025-10-13,510,South,25024,91701.0,07:19:00,07:15:22,07:15:22,9,2698,5th Ave & Pine St,0.0,0.0
2025-10-13,510,South,25024,91701.0,,07:17:12,07:18:22,10,2700,5th Ave & Seneca St,0.0,6.0
2025-10-13,510,South,25024,91701.0,,07:19:15,07:21:14,11,2702,5th Ave & Marion St,0.0,6.0
2025-10-13,510,South,25024,91701.0,,07:22:27,07:24:07,12,2290,5th Ave & Jefferson St,0.0,4.0
2025-10-13,510,South,25024,91701.0,07:30:00,07:32:09,07:32:09,13,2706,5th Ave S & S Jackson St,0.0,0.0
2025-10-13,510,South,25025,91905.0,06:40:00,06:45:09,06:45:09,0,2345,Everett Station Bay C1,11.0,0.0
2025-10-13,510,South,25025,91905.0,,,,1,2367,Broadway & 34th St,,
2025-10-13,510,South,25025,91905.0,06:50:00,06:54:02,06:55:35,2,2868,South Everett Fwy Station Bay 3,13.0,0.0
2025-10-13,510,South,25025,91905.0,07:03:00,07:08:29,07:09:10,3,2765,Mountlake Terrace Fwy Station Bay 6,4.0,0.0
2025-10-13,510,South,25025,91905.0,07:28:00,07:25:34,07:26:07,7,1909,Stewart St & 9th Ave,0.0,9.0
2025-10-13,510,South,25025,91905.0,,07:27:11,07:27:43,8,1908,Stewart St & 7th Ave,0.0,6.0
2025-10-13,510,South,25025,91905.0,07:34:00,07:30:30,07:31:39,9,2698,5th Ave & Pine St,0.0,4.0
2025-10-13,510,South,25025,91905.0,,07:33:50,07:34:55,10,2700,5th Ave & Seneca St,0.0,3.0
2025-10-13,510,South,25025,91905.0,,07:35:45,07:35:45,11,2702,5th Ave & Marion St,0.0,4.0
2025-10-13,510,South,25025,91905.0,,07:37:33,07:43:46,12,2290,5th Ave & Jefferson St,0.0,2.0
2025-10-13,510,South,25025,91905.0,07:47:00,07:47:40,07:47:40,13,2706,5th Ave S & S Jackson St,0.0,0.0
2025-10-13,510,South,25026,91727.0,06:52:00,06:52:26,06:52:26,0,2345,Everett Station Bay C1,12.0,0.0
2025-10-13,510,South,25026,91727.0,,06:54:58,06:54:58,1,2367,Broadway & 34th St,0.0,0.0
2025-10-13,510,South,25026,91727.0,07:02:00,07:02:34,07:03:30,2,2868,South Everett Fwy Station Bay 3,17.0,0.0
2025-10-13,510,South,25026,91727.0,07:15:00,07:16:37,07:17:23,3,2765,Mountlake Terrace Fwy Station Bay 6,6.0,0.0
2025-10-13,510,South,25026,91727.0,07:40:00,07:32:41,07:33:09,7,1909,Stewart St & 9th Ave,1.0,8.0
2025-10-13,510,South,25026,91727.0,,07:33:38,07:34:07,8,1908,Stewart St & 7th Ave,0.0,8.0
2025-10-13,510,South,25026,91727.0,07:46:00,07:36:19,07:37:37,9,2698,5th Ave & Pine St,0.0,4.0
2025-10-13,510,South,25026,91727.0,,07:38:35,07:39:21,10,2700,5th Ave & Seneca St,0.0,9.0
2025-10-13,510,South,25026,91727.0,,07:39:57,07:40:21,11,2702,5th Ave & Marion St,0.0,4.0
2025-10-13,510,South,25026,91727.0,,07:41:53,07:42:30,12,2290,5th Ave & Jefferson St,0.0,1.0
2025-10-13,510,South,25026,91727.0,07:59:00,07:44:18,07:44:18,13,2706,5th Ave S & S Jackson St,0.0,2.0
2025-10-13,510,South,25027,91724.0,07:04:00,07:13:29,07:13:29,0,2345,Everett Station Bay C1,18.0,0.0
2025-10-13,510,South,25027,91724.0,,,,1,2367,Broadway & 34th St,,
2025-10-13,510,South,25027,91724.0,07:14:00,07:22:59,07:24:32,2,2868,South Everett Fwy Station Bay 3,27.0,0.0
2025-10-13,510,South,25027,91724.0,07:28:00,07:40:22,07:41:10,3,2765,Mountlake Terrace Fwy Station Bay 6,6.0,2.0
2025-10-13,510,South,25027,91724.0,07:59:00,07:59:48,08:00:48,7,1909,Stewart St & 9th Ave,1.0,12.0
2025-10-13,510,South,25027,91724.0,,08:01:41,08:02:29,8,1908,Stewart St & 7th Ave,0.0,14.0
2025-10-13,510,South,25027,91724.0,08:05:00,08:05:00,08:06:07,9,2698,5th Ave & Pine St,0.0,8.0
2025-10-13,510,South,25027,91724.0,,08:08:20,08:09:01,10,2700,5th Ave & Seneca St,0.0,9.0
2025-10-13,510,South,25027,91724.0,,08:11:31,08:12:18,11,2702,5th Ave & Marion St,0.0,3.0
2025-10-13,510,South,25027,91724.0,,08:13:35,08:14:02,12,2290,5th Ave & Jefferson St,0.0,2.0
2025-10-13,510,South,25027,91724.0,08:20:00,08:16:06,08:16:06,13,2706,5th Ave S & S Jackson St,0.0,2.0
2025-10-13,510,South,25028,91702.0,07:16:00,07:16:19,07:16:19,0,2345,Everett Station Bay C1,4.0,0.0
2025-10-13,510,South,25028,91702.0,,07:18:27,07:18:27,1,2367,Broadway & 34th St,0.0,0.0
2025-10-13,510,South,25028,91702.0,07:26:00,07:26:39,07:27:19,2,2868,South Everett Fwy Station Bay 3,5.0,0.0
2025-10-13,510,South,25028,91702.0,07:40:00,07:42:51,07:43:16,3,2765,Mountlake Terrace Fwy Station Bay 6,2.0,0.0
2025-10-13,510,South,25028,91702.0,08:11:00,08:01:50,08:02:13,7,1909,Stewart St & 9th Ave,0.0,5.0
2025-10-13,510,South,25028,91702.0,,08:03:07,08:03:28,8,1908,Stewart St & 7th Ave,0.0,1.0
2025-10-13,510,South,25028,91702.0,08:17:00,08:05:02,08:06:05,9,2698,5th Ave & Pine St,0.0,0.0
2025-10-13,510,South,25028,91702.0,,08:08:25,08:09:07,10,2700,5th Ave & Seneca St,0.0,3.0
2025-10-13,510,South,25028,91702.0,,08:11:34,08:12:19,11,2702,5th Ave & Marion St,0.0,1.0
2025-10-13,510,South,25028,91702.0,,08:14:31,08:14:38,12,2290,5th Ave & Jefferson St,0.0,0.0
2025-10-13,510,South,25028,91702.0,08:34:00,08:16:12,08:16:12,13,2706,5th Ave S & S Jackson St,0.0,1.0
2025-10-13,510,South,25029,91714.0,07:28:00,07:30:31,07:30:31,0,2345,Everett Station Bay C1,15.0,0.0
2025-10-13,510,South,25029,91714.0,,07:33:30,07:33:30,1,2367,Broadway & 34th St,0.0,0.0
2025-10-13,510,South,25029,91714.0,07:38:00,07:40:54,07:42:16,2,2868,South Everett Fwy Station Bay 3,22.0,0.0
2025-10-13,510,South,25029,91714.0,07:52:00,07:56:22,07:57:03,3,2765,Mountlake Terrace Fwy Station Bay 6,7.0,1.0
2025-10-13,510,South,25029,91714.0,08:23:00,08:14:47,08:15:45,7,1909,Stewart St & 9th Ave,1.0,20.0
2025-10-13,510,South,25029,91714.0,,08:16:40,08:17:11,8,1908,Stewart St & 7th Ave,0.0,12.0
2025-10-13,510,South,25029,91714.0,08:29:00,08:19:56,08:21:08,9,2698,5th Ave & Pine St,0.0,3.0
2025-10-13,510,South,25029,91714.0,,08:23:18,08:23:51,10,2700,5th Ave & Seneca St,0.0,6.0
2025-10-13,510,South,25029,91714.0,,08:25:04,08:25:47,11,2702,5th Ave & Marion St,0.0,3.0
2025-10-13,510,South,25029,91714.0,,08:26:58,08:27:11,12,2290,5th Ave & Jefferson St,0.0,0.0
2025-10-13,510,South,25029,91714.0,08:47:00,08:29:19,08:29:19,13,2706,5th Ave S & S Jackson St,0.0,0.0
2025-10-13,510,South,25030,91722.0,07:43:00,07:43:09,07:43:09,0,2345,Everett Station Bay C1,10.0,0.0
2025-10-13,510,South,25030,91722.0,,07:45:15,07:45:15,1,2367,Broadway & 34th St,0.0,0.0
2025-10-13,510,South,25030,91722.0,07:53:00,07:52:27,07:53:54,2,2868,South Everett Fwy Station Bay 3,13.0,0.0
2025-10-13,510,South,25030,91722.0,08:07:00,08:05:38,08:06:21,3,2765,Mountlake Terrace Fwy Station Bay 6,7.0,1.0
2025-10-13,510,South,25030,91722.0,08:38:00,08:25:11,08:25:41,7,1909,Stewart St & 9th Ave,0.0,9.0
2025-10-13,510,South,25030,91722.0,,08:27:06,08:27:39,8,1908,Stewart St & 7th Ave,0.0,14.0
2025-10-13,510,South,25030,91722.0,08:44:00,08:28:47,08:29:08,9,2698,5th Ave & Pine St,0.0,2.0
2025-10-13,510,South,25030,91722.0,,08:30:51,08:31:19,10,2700,5th Ave & Seneca St,0.0,3.0
2025-10-13,510,South,25030,91722.0,,08:32:29,08:33:15,11,2702,5th Ave & Marion St,0.0,1.0
2025-10-13,510,South,25030,91722.0,,08:34:27,08:34:48,12,2290,5th Ave & Jefferson St,0.0,0.0
2025-10-13,510,South,25030,91722.0,09:02:00,08:37:20,08:37:20,13,2706,5th Ave S & S Jackson St,0.0,0.0
2025-10-13,510,South,25031,91903.0,07:58:00,07:59:40,07:59:40,0,2345,Everett Station Bay C1,9.0,0.0
2025-10-13,510,South,25031,91903.0,,08:03:38,08:03:38,1,2367,Broadway & 34th St,0.0,0.0
2025-10-13,510,South,25031,91903.0,08:08:00,08:10:13,08:12:15,2,2868,South Everett Fwy Station Bay 3,19.0,0.0
2025-10-13,510,South,25031,91903.0,08:22:00,08:24:01,08:24:22,3,2765,Mountlake Terrace Fwy Station Bay 6,1.0,1.0
2025-10-13,510,South,25031,91903.0,08:53:00,,,7,1909,Stewart St & 9th Ave,,
2025-10-13,510,South,25031,91903.0,,08:48:40,08:48:40,8,1908,Stewart St & 7th Ave,0.0,18.0
2025-10-13,510,South,25031,91903.0,08:59:00,08:51:21,08:52:00,9,2698,5th Ave & Pine St,0.0,6.0
2025-10-13,510,South,25031,91903.0,,08:54:52,08:55:11,10,2700,5th Ave & Seneca St,0.0,1.0
2025-10-13,510,South,25031,91903.0,,08:56:37,08:57:02,11,2702,5th Ave & Marion St,0.0,3.0
2025-10-13,510,South,25031,91903.0,,08:58:31,08:58:38,12,2290,5th Ave & Jefferson St,0.0,0.0
2025-10-13,510,South,25031,91903.0,09:17:00,09:00:52,09:00:52,13,2706,5th Ave S & S Jackson St,0.0,0.0
2025-10-13,510,South,25032,9560.0,08:18:00,08:20:54,08:20:54,0,2345,Everett Station Bay C1,15.0,0.0
2025-10-13,510,South,25032,9560.0,,08:25:03,08:25:03,1,2367,Broadway & 34th St,3.0,4.0
2025-10-13,510,South,25032,9560.0,08:29:00,08:32:06,08:35:02,2,2868,South Everett Fwy Station Bay 3,34.0,1.0
2025-10-13,510,South,25032,9560.0,08:42:00,08:46:37,08:47:51,3,2765,Mountlake Terrace Fwy Station Bay 6,7.0,3.0
2025-10-13,510,South,25032,9560.0,09:13:00,09:09:11,09:09:50,7,1909,Stewart St & 9th Ave,0.0,24.0
2025-10-13,510,South,25032,9560.0,,09:10:54,09:11:26,8,1908,Stewart St & 7th Ave,0.0,18.0
2025-10-13,510,South,25032,9560.0,09:19:00,09:13:54,09:15:04,9,2698,5th Ave & Pine St,0.0,4.0
2025-10-13,510,South,25032,9560.0,,09:17:08,09:17:22,10,2700,5th Ave & Seneca St,0.0,2.0
2025-10-13,510,South,25032,9560.0,,09:19:00,09:19:50,11,2702,5th Ave & Marion St,0.0,3.0
2025-10-13,510,South,25032,9560.0,,09:20:49,09:21:03,12,2290,5th Ave & Jefferson St,0.0,0.0
2025-10-13,510,South,25032,9560.0,09:37:00,09:23:55,09:23:55,13,2706,5th Ave S & S Jackson St,0.0,0.0
2025-10-13,510,South,25033,91710.0,08:38:00,08:38:09,08:38:09,0,2345,Everett Station Bay C1,10.0,0.0
2025-10-13,510,South,25033,91710.0,,08:40:01,08:40:01,1,2367,Broadway & 34th St,0.0,0.0
2025-10-13,510,South,25033,91710.0,08:49:00,08:47:07,08:49:33,2,2868,South Everett Fwy Station Bay 3,20.0,0.0
2025-10-13,510,South,25033,91710.0,09:02:00,09:00:47,09:00:56,3,2765,Mountlake Terrace Fwy Station Bay 6,0.0,0.0
2025-10-13,510,South,25033,91710.0,09:33:00,09:16:39,09:17:14,7,1909,Stewart St & 9th Ave,0.0,16.0
2025-10-13,510,South,25033,91710.0,,09:18:07,09:18:45,8,1908,Stewart St & 7th Ave,0.0,11.0
2025-10-13,510,South,25033,91710.0,09:39:00,09:19:49,09:21:00,9,2698,5th Ave & Pine St,0.0,2.0
2025-10-13,510,South,25033,91710.0,,09:23:12,09:23:23,10,2700,5th Ave & Seneca St,0.0,0.0
2025-10-13,510,South,25033,91710.0,,09:24:54,09:25:44,11,2702,5th Ave & Marion St,0.0,1.0
2025-10-13,510,South,25033,91710.0,,09:26:50,09:27:04,12,2290,5th Ave & Jefferson St,0.0,0.0
2025-10-13,510,South,25033,91710.0,09:57:00,09:29:18,09:29:18,13,2706,5th Ave S & S Jackson St,0.0,0.0
2025-10-14,510,North,25001,91731.0,14:00:00,13:59:44,13:59:44,0,640,4th Ave S & S Jackson St,6.0,0.0
2025-10-14,510,North,25001,91731.0,,14:00:45,14:00:45,1,635,4th Ave S & S Washington St,0.0,0.0
2025-10-14,510,North,25001,91731.0,,14:02:07,14:02:48,2,2638,4th Ave & Cherry St,8.0,0.0
2025-10-14,510,North,25001,91731.0,,14:04:18,14:05:11,3,641,4th Ave & Seneca St,10.0,3.0
2025-10-14,510,North,25001,91731.0,14:06:00,14:06:37,14:07:32,4,2976,4th Ave & Pine St,6.0,0.0
2025-10-14,510,North,25001,91731.0,,14:08:29,14:09:21,5,473,Olive Way & 6th Ave,9.0,0.0
2025-10-14,510,North,25001,91731.0,14:10:00,14:11:02,14:11:38,6,430,Howell St & 9th Ave,5.0,0.0
2025-10-14,510,North,25001,91731.0,,14:14:39,14:15:23,7,431,Howell St & Yale Ave,6.0,0.0
2025-10-14,510,North,25001,91731.0,14:30:00,14:28:16,14:28:45,11,2766,Mountlake Terrace Fwy Station Bay 7,0.0,12.0
2025-10-14,510,North,25001,91731.0,14:47:00,14:40:14,14:41:14,12,2869,South Everett Fwy Station Bay 6,0.0,32.0
2025-10-14,510,North,25001,91731.0,,14:48:55,14:49:21,13,3219,Broadway & 33rd St,0.0,3.0
2025-10-14,510,North,25001,91731.0,15:04:00,14:51:13,14:51:13,14,2861,Everett Station,0.0,0.0
2025-10-14,510,North,25002,91701.0,14:20:00,14:22:13,14:22:13,0,640,4th Ave S & S Jackson St,5.0,0.0
2025-10-14,510,North,25002,91701.0,,14:23:27,14:23:40,1,635,4th Ave S & S Washington St,0.0,0.0
2025-10-14,510,North,25002,91701.0,,14:24:59,14:25:42,2,2638,4th Ave & Cherry St,7.0,0.0
2025-10-14,510,North,25002,91701.0,,14:27:07,14:27:50,3,641,4th Ave & Seneca St,3.0,0.0
2025-10-14,510,North,25002,91701.0,14:26:00,14:29:21,14:30:07,4,2976,4th Ave & Pine St,5.0,0.0
2025-10-14,510,North,25002,91701.0,,14:31:25,14:32:34,5,473,Olive Way & 6th Ave,4.0,0.0
2025-10-14,510,North,25002,91701.0,14:30:00,14:34:08,14:34:40,6,430,Howell St & 9th Ave,6.0,0.0
2025-10-14,510,North,25002,91701.0,,14:37:33,14:38:17,7,431,Howell St & Yale Ave,2.0,0.0
2025-10-14,510,North,25002,91701.0,14:50:00,14:53:33,14:55:21,11,2766,Mountlake Terrace Fwy Station Bay 7,1.0,6.0
2025-10-14,510,North,25002,91701.0,15:07:00,15:07:26,15:08:45,12,2869,South Everett Fwy Station Bay 6,1.0,27.0
2025-10-14,510,North,25002,91701.0,,15:17:28,15:18:05,13,3219,Broadway & 33rd St,0.0,1.0
2025-10-14,510,North,25002,91701.0,15:24:00,15:19:16,15:19:16,14,2861,Everett Station,0.0,0.0
2025-10-14,510,North,25003,91913.0,14:50:00,14:50:17,14:50:17,0,640,4th Ave S & S Jackson St,3.0,0.0
2025-10-14,510,North,25003,91913.0,,14:51:27,14:51:36,1,635,4th Ave S & S Washington St,0.0,0.0
2025-10-14,510,North,25003,91913.0,,14:52:24,14:53:00,2,2638,4th Ave & Cherry St,7.0,0.0
2025-10-14,510,North,25003,91913.0,,14:55:03,14:56:45,3,641,4th Ave & Seneca St,11.0,0.0
2025-10-14,510,North,25003,91913.0,14:56:00,14:57:55,14:58:50,4,2976,4th Ave & Pine St,5.0,0.0
2025-10-14,510,North,25003,91913.0,,15:00:00,15:01:02,5,473,Olive Way & 6th Ave,5.0,3.0
2025-10-14,510,North,25003,91913.0,15:00:00,15:02:34,15:03:22,6,430,Howell St & 9th Ave,10.0,0.0
2025-10-14,510,North,25003,91913.0,,15:07:09,15:07:18,7,431,Howell St & Yale Ave,0.0,0.0
2025-10-14,510,North,25003,91913.0,15:20:00,15:23:16,15:23:49,11,2766,Mountlake Terrace Fwy Station Bay 7,1.0,7.0
2025-10-14,510,North,25003,91913.0,15:38:00,15:37:33,15:38:22,12,2869,South Everett Fwy Station Bay 6,0.0,28.0
2025-10-14,510,North,25003,91913.0,,15:48:06,15:48:39,13,3219,Broadway & 33rd St,0.0,4.0
2025-10-14,510,North,25003,91913.0,15:57:00,15:49:59,15:49:59,14,2861,Everett Station,0.0,0.0
2025-10-14,510,North,25004,91702.0,15:10:00,15:12:44,15:12:44,0,640,4th Ave S & S Jackson St,2.0,0.0
2025-10-14,510,North,25004,91702.0,,15:13:39,15:14:00,1,635,4th Ave S & S Washington St,2.0,0.0
2025-10-14,510,North,25004,91702.0,,15:15:50,15:16:31,2,2638,4th Ave & Cherry St,6.0,0.0
2025-10-14,510,North,25004,91702.0,,15:19:12,15:19:50,3,641,4th Ave & Seneca St,5.0,0.0
2025-10-14,510,North,25004,91702.0,15:16:00,15:21:39,15:22:41,4,2976,4th Ave & Pine St,11.0,0.0
2025-10-14,510,North,25004,91702.0,,15:25:16,15:27:01,5,473,Olive Way & 6th Ave,6.0,0.0
2025-10-14,510,North,25004,91702.0,15:20:00,15:28:39,15:29:21,6,430,Howell St & 9th Ave,3.0,0.0
2025-10-14,510,North,25004,91702.0,,15:32:39,15:33:53,7,431,Howell St & Yale Ave,6.0,0.0
2025-10-14,510,North,25004,91702.0,15:40:00,15:51:52,15:52:39,11,2766,Mountlake Terrace Fwy Station Bay 7,0.0,3.0
2025-10-14,510,North,25004,91702.0,16:00:00,16:07:03,16:08:16,12,2869,South Everett Fwy Station Bay 6,0.0,35.0
2025-10-14,510,North,25004,91702.0,,16:17:28,16:17:52,13,3219,Broadway & 33rd St,0.0,3.0
2025-10-14,510,North,25004,91702.0,16:21:00,16:19:49,16:19:49,14,2861,Everett Station,0.0,0.0
2025-10-14,510,North,25005,91728.0,15:25:00,15:36:49,15:36:49,0,640,4th Ave S & S Jackson St,8.0,0.0
2025-10-14,510,North,25005,91728.0,,,,1,635,4th Ave S & S Washington St,,
2025-10-14,510,North,25005,91728.0,,15:39:00,15:40:01,2,2638,4th Ave & Cherry St,11.0,2.0
2025-10-14,510,North,25005,91728.0,,15:43:06,15:44:46,3,641,4th Ave & Seneca St,8.0,0.0
2025-10-14,510,North,25005,91728.0,15:31:00,15:46:21,15:47:18,4,2976,4th Ave & Pine St,6.0,0.0
2025-10-14,510,North,25005,91728.0,,15:49:25,15:50:51,5,473,Olive Way & 6th Ave,14.0,0.0
2025-10-14,510,North,25005,91728.0,15:35:00,15:52:39,15:53:55,6,430,Howell St & 9th Ave,7.0,0.0
2025-10-14,510,North,25005,91728.0,,15:59:44,16:00:50,7,431,Howell St & Yale Ave,3.0,3.0
2025-10-14,510,North,25005,91728.0,15:56:00,16:22:30,16:23:14,11,2766,Mountlake Terrace Fwy Station Bay 7,0.0,10.0
2025-10-14,510,North,25005,91728.0,16:16:00,16:37:20,16:39:22,12,2869,South Everett Fwy Station Bay 6,2.0,40.0
2025-10-14,510,North,25005,91728.0,,16:48:18,16:49:06,13,3219,Broadway & 33rd St,0.0,4.0
2025-10-14,510,North,25005,91728.0,16:38:00,16:50:56,16:50:56,14,2861,Everett Station,0.0,0.0
2025-10-14,510,North,25006,91712.0,15:40:00,15:45:54,15:45:54,0,640,4th Ave S & S Jackson St,2.0,0.0
2025-10-14,510,North,25006,91712.0,,15:47:05,15:47:15,1,635,4th Ave S & S Washington St,1.0,0.0
2025-10-14,510,North,25006,91712.0,,15:48:56,15:49:24,2,2638,4th Ave & Cherry St,2.0,0.0
2025-10-14,510,North,25006,91712.0,,15:53:32,15:54:10,3,641,4th Ave & Seneca St,3.0,0.0
2025-10-14,510,North,25006,91712.0,15:46:00,15:55:25,15:55:50,4,2976,4th Ave & Pine St,3.0,0.0
2025-10-14,510,North,25006,91712.0,,15:57:08,15:58:03,5,473,Olive Way & 6th Ave,6.0,0.0
2025-10-14,510,North,25006,91712.0,15:50:00,15:59:33,16:00:07,6,430,Howell St & 9th Ave,3.0,0.0
2025-10-14,510,North,25006,91712.0,,16:05:38,16:05:48,7,431,Howell St & Yale Ave,0.0,0.0
2025-10-14,510,North,25006,91712.0,16:12:00,16:26:39,16:27:07,11,2766,Mountlake Terrace Fwy Station Bay 7,0.0,4.0
2025-10-14,510,North,25006,91712.0,16:35:00,16:42:00,16:42:41,12,2869,South Everett Fwy Station Bay 6,0.0,16.0
2025-10-14,510,North,25006,91712.0,,16:51:28,16:51:28,13,3219,Broadway & 33rd St,0.0,0.0
2025-10-14,510,North,25006,91712.0,16:58:00,16:53:17,16:53:17,14,2861,Everett Station,0.0,0.0
2025-10-14,510,North,25007,91723.0,15:55:00,15:56:37,15:56:37,0,640,4th Ave S & S Jackson St,2.0,0.0
2025-10-14,510,North,25007,91723.0,,15:57:33,15:57:46,1,635,4th Ave S & S Washington St,0.0,0.0
2025-10-14,510,North,25007,91723.0,,15:59:26,16:00:17,2,2638,4th Ave & Cherry St,10.0,0.0
2025-10-14,510,North,25007,91723.0,,16:02:57,16:04:18,3,641,4th Ave & Seneca St,7.0,0.0
2025-10-14,510,North,25007,91723.0,16:01:00,16:05:31,16:06:25,4,2976,4th Ave & Pine St,3.0,0.0
2025-10-14,510,North,25007,91723.0,,16:07:40,16:08:38,5,473,Olive Way & 6th Ave,11.0,0.0
2025-10-14,510,North,25007,91723.0,16:05:00,16:10:23,16:10:54,6,430,Howell St & 9th Ave,2.0,0.0
2025-10-14,510,North,25007,91723.0,,16:18:13,16:19:13,7,431,Howell St & Yale Ave,10.0,0.0
2025-10-14,510,North,25007,91723.0,16:28:00,16:41:54,16:42:28,11,2766,Mountlake Terrace Fwy Station Bay 7,0.0,16.0
2025-10-14,510,North,25007,91723.0,16:51:00,16:55:54,16:57:01,12,2869,South Everett Fwy Station Bay 6,0.0,28.0
2025-10-14,510,North,25007,91723.0,,17:05:20,17:05:56,13,3219,Broadway & 33rd St,0.0,1.0
2025-10-14,510,North,25007,91723.0,17:14:00,17:07:32,17:07:32,14,2861,Everett Station,0.0,0.0
2025-10-14,510,North,25008,91705.0,16:10:00,16:12:05,16:12:05,0,640,4th Ave S & S Jackson St,8.0,0.0
2025-10-14,510,North,25008,91705.0,,16:12:40,16:12:53,1,635,4th Ave S & S Washington St,0.0,0.0
2025-10-14,510,North,25008,91705.0,,16:14:23,16:14:59,2,2638,4th Ave & Cherry St,6.0,0.0
2025-10-14,510,North,25008,91705.0,,16:16:30,16:17:44,3,641,4th Ave & Seneca St,5.0,0.0
2025-10-14,510,North,25008,91705.0,16:16:00,16:18:53,16:19:50,4,2976,4th Ave & Pine St,6.0,0.0
2025-10-14,510,North,25008,91705.0,,16:20:46,16:22:07,5,473,Olive Way & 6th Ave,12.0,0.0
2025-10-14,510,North,25008,91705.0,16:20:00,16:23:35,16:24:15,6,430,Howell St & 9th Ave,3.0,1.0
2025-10-14,510,North,25008,91705.0,,16:31:27,16:31:49,7,431,Howell St & Yale Ave,1.0,0.0
2025-10-14,510,North,25008,91705.0,16:43:00,16:52:42,16:53:26,11,2766,Mountlake Terrace Fwy Station Bay 7,0.0,13.0
2025-10-14,510,North,25008,91705.0,17:06:00,17:07:04,17:07:53,12,2869,South Everett Fwy Station Bay 6,0.0,19.0
2025-10-14,510,North,25008,91705.0,,17:16:12,17:16:12,13,3219,Broadway & 33rd St,0.0,0.0
2025-10-14,510,North,25008,91705.0,17:29:00,17:17:28,17:17:28,14,2861,Everett Station,0.0,8.0
2025-10-14,510,North,25009,19810.0,16:25:00,16:26:49,16:26:49,0,640,4th Ave S & S Jackson St,8.0,0.0
2025-10-14,510,North,25009,19810.0,,16:27:31,16:28:05,1,635,4th Ave S & S Washington St,2.0,0.0
2025-10-14,510,North,25009,19810.0,,16:29:24,16:30:22,2,2638,4th Ave & Cherry St,10.0,1.0
2025-10-14,510,North,25009,19810.0,,16:31:33,16:32:42,3,641,4th Ave & Seneca St,5.0,0.0
2025-10-14,510,North,25009,19810.0,16:31:00,16:33:55,16:34:47,4,2976,4th Ave & Pine St,4.0,0.0
2025-10-14,510,North,25009,19810.0,,16:36:03,16:36:56,5,473,Olive Way & 6th Ave,9.0,3.0
2025-10-14,510,North,25009,19810.0,16:35:00,16:38:40,16:39:08,6,430,Howell St & 9th Ave,6.0,0.0
2025-10-14,510,North,25009,19810.0,,16:44:36,16:45:40,7,431,Howell St & Yale Ave,6.0,3.0
2025-10-14,510,North,25009,19810.0,16:58:00,17:09:47,17:10:11,11,2766,Mountlake Terrace Fwy Station Bay 7,0.0,6.0
2025-10-14,510,North,25009,19810.0,17:21:00,17:24:41,17:25:24,12,2869,South Everett Fwy Station Bay 6,1.0,23.0
2025-10-14,510,North,25009,19810.0,,17:32:59,17:33:17,13,3219,Broadway & 33rd St,0.0,1.0
2025-10-14,510,North,25009,19810.0,17:44:00,17:34:22,17:34:22,14,2861,Everett Station,0.0,14.0
2025-10-14,510,North,25010,91715.0,16:40:00,16:46:37,16:46:37,0,640,4th Ave S & S Jackson St,2.0,0.0
2025-10-14,510,North,25010,91715.0,,16:47:09,16:47:27,1,635,4th Ave S & S Washington St,1.0,0.0
2025-10-14,510,North,25010,91715.0,,16:48:47,16:49:20,2,2638,4th Ave & Cherry St,5.0,0.0
2025-10-14,510,North,25010,91715.0,,16:51:16,16:52:18,3,641,4th Ave & Seneca St,4.0,0.0
2025-10-14,510,North,25010,91715.0,16:46:00,16:53:21,16:54:26,4,2976,4th Ave & Pine St,6.0,3.0
2025-10-14,510,North,25010,91715.0,,16:55:23,16:56:32,5,473,Olive Way & 6th Ave,6.0,0.0
2025-10-14,510,North,25010,91715.0,16:50:00,16:58:05,16:58:25,6,430,Howell St & 9th Ave,2.0,0.0
2025-10-14,510,North,25010,91715.0,,17:02:39,17:03:00,7,431,Howell St & Yale Ave,1.0,0.0
2025-10-14,510,North,25010,91715.0,17:13:00,17:23:15,17:23:36,11,2766,Mountlake Terrace Fwy Station Bay 7,1.0,2.0
2025-10-14,510,North,25010,91715.0,17:36:00,17:37:22,17:39:23,12,2869,South Everett Fwy Station Bay 6,0.0,23.0
2025-10-14,510,North,25010,91715.0,,17:47:04,17:47:16,13,3219,Broadway & 33rd St,0.0,0.0
2025-10-14,510,North,25010,91715.0,17:59:00,17:48:50,17:48:50,14,2861,Everett Station,0.0,0.0
2025-10-14,510,North,25011,91717.0,16:55:00,16:55:18,16:55:18,0,640,4th Ave S & S Jackson St,5.0,0.0
2025-10-14,510,North,25011,91717.0,,16:55:55,16:56:15,1,635,4th Ave S & S Washington St,1.0,0.0
2025-10-14,510,North,25011,91717.0,,16:57:53,16:58:15,2,2638,4th Ave & Cherry St,2.0,0.0
2025-10-14,510,North,25011,91717.0,,17:00:00,17:01:17,3,641,4th Ave & Seneca St,3.0,2.0
2025-10-14,510,North,25011,91717.0,17:01:00,17:02:41,17:03:21,4,2976,4th Ave & Pine St,4.0,0.0
2025-10-14,510,North,25011,91717.0,,17:04:31,17:05:43,5,473,Olive Way & 6th Ave,6.0,0.0
2025-10-14,510,North,25011,91717.0,17:05:00,17:07:32,17:08:04,6,430,Howell St & 9th Ave,4.0,0.0
2025-10-14,510,North,25011,91717.0,,17:11:36,17:12:00,7,431,Howell St & Yale Ave,2.0,1.0
2025-10-14,510,North,25011,91717.0,17:27:00,17:34:15,17:34:42,11,2766,Mountlake Terrace Fwy Station Bay 7,0.0,3.0
2025-10-14,510,North,25011,91717.0,17:50:00,17:49:22,17:50:02,12,2869,South Everett Fwy Station Bay 6,0.0,10.0
2025-10-14,510,North,25011,91717.0,,17:57:26,17:57:40,13,3219,Broadway & 33rd St,0.0,2.0
2025-10-14,510,North,25011,91717.0,18:09:00,17:58:50,17:58:50,14,2861,Everett Station,0.0,9.0
2025-10-14,510,North,25012,91724.0,17:10:00,17:11:26,17:11:26,0,640,4th Ave S & S Jackson St,7.0,0.0
2025-10-14,510,North,25012,91724.0,,17:12:29,17:12:38,1,635,4th Ave S & S Washington St,0.0,0.0
2025-10-14,510,North,25012,91724.0,,17:13:28,17:14:17,2,2638,4th Ave & Cherry St,9.0,0.0
2025-10-14,510,North,25012,91724.0,,17:16:02,17:16:42,3,641,4th Ave & Seneca St,7.0,1.0
2025-10-14,510,North,25012,91724.0,17:16:00,17:18:28,17:19:09,4,2976,4th Ave & Pine St,6.0,2.0
2025-10-14,510,North,25012,91724.0,,17:20:54,17:22:06,5,473,Olive Way & 6th Ave,15.0,0.0
2025-10-14,510,North,25012,91724.0,17:20:00,17:23:51,17:24:33,6,430,Howell St & 9th Ave,7.0,1.0
2025-10-14,510,North,25012,91724.0,,17:28:08,17:28:41,7,431,Howell St & Yale Ave,1.0,0.0
2025-10-14,510,North,25012,91724.0,17:42:00,17:51:21,17:52:04,11,2766,Mountlake Terrace Fwy Station Bay 7,0.0,9.0
2025-10-14,510,North,25012,91724.0,18:05:00,18:05:41,18:06:37,12,2869,South Everett Fwy Station Bay 6,0.0,22.0
2025-10-14,510,North,25012,91724.0,,18:14:11,18:14:32,13,3219,Broadway & 33rd St,0.0,2.0
2025-10-14,510,North,25012,91724.0,18:21:00,18:16:22,18:16:22,14,2861,Everett Station,1.0,16.0
2025-10-14,510,North,25013,91730.0,17:25:00,17:26:17,17:26:17,0,640,4th Ave S & S Jackson St,2.0,0.0
2025-10-14,510,North,25013,91730.0,,,,1,635,4th Ave S & S Washington St,,
2025-10-14,510,North,25013,91730.0,,17:27:54,17:28:28,2,2638,4th Ave & Cherry St,7.0,0.0
2025-10-14,510,North,25013,91730.0,,17:31:36,17:32:45,3,641,4th Ave & Seneca St,10.0,0.0
2025-10-14,510,North,25013,91730.0,17:31:00,17:34:01,17:34:49,4,2976,4th Ave & Pine St,3.0,0.0
2025-10-14,510,North,25013,91730.0,,17:36:01,17:36:55,5,473,Olive Way & 6th Ave,5.0,2.0
2025-10-14,510,North,25013,91730.0,17:35:00,17:38:35,17:39:05,6,430,Howell St & 9th Ave,8.0,0.0
2025-10-14,510,North,25013,91730.0,,17:41:33,17:41:49,7,431,Howell St & Yale Ave,1.0,0.0
2025-10-14,510,North,25013,91730.0,17:56:00,18:03:55,18:04:16,11,2766,Mountlake Terrace Fwy Station Bay 7,0.0,5.0
2025-10-14,510,North,25013,91730.0,18:18:00,18:16:51,18:17:36,12,2869,South Everett Fwy Station Bay 6,0.0,21.0
2025-10-14,510,North,25013,91730.0,,18:24:16,18:24:31,13,3219,Broadway & 33rd St,0.0,1.0
2025-10-14,510,North,25013,91730.0,18:33:00,18:25:45,18:25:45,14,2861,Everett Station,0.0,7.0
2025-10-14,510,North,25014,91711.0,17:45:00,17:45:13,17:45:13,0,640,4th Ave S & S Jackson St,4.0,0.0
2025-10-14,510,North,25014,91711.0,,17:46:40,17:46:52,1,635,4th Ave S & S Washington St,0.0,0.0
2025-10-14,510,North,25014,91711.0,,17:47:46,17:48:25,2,2638,4th Ave & Cherry St,5.0,0.0
2025-10-14,510,North,25014,91711.0,,17:50:43,17:52:13,3,641,4th Ave & Seneca St,9.0,0.0
2025-10-14,510,North,25014,91711.0,17:51:00,17:53:24,17:54:18,4,2976,4th Ave & Pine St,3.0,0.0
2025-10-14,510,North,25014,91711.0,,17:55:34,17:56:31,5,473,Olive Way & 6th Ave,3.0,0.0
2025-10-14,510,North,25014,91711.0,17:55:00,17:58:03,17:58:58,6,430,Howell St & 9th Ave,3.0,0.0
2025-10-14,510,North,25014,91711.0,,18:01:33,18:02:13,7,431,Howell St & Yale Ave,4.0,1.0
2025-10-14,510,North,25014,91711.0,18:13:00,18:20:26,18:20:57,11,2766,Mountlake Terrace Fwy Station Bay 7,1.0,3.0
2025-10-14,510,North,25014,91711.0,18:32:00,18:33:10,18:33:58,12,2869,South Everett Fwy Station Bay 6,0.0,15.0
2025-10-14,510,North,25014,91711.0,,18:41:18,18:41:49,13,3219,Broadway & 33rd St,0.0,2.0
2025-10-14,510,North,25014,91711.0,18:43:00,18:43:06,18:43:06,14,2861,Everett Station,0.0,11.0
2025-10-14,510,North,25015,19813.0,18:05:00,18:05:17,18:05:17,0,640,4th Ave S & S Jackson St,7.0,0.0
2025-10-14,510,North,25015,19813.0,,18:06:32,18:06:42,1,635,4th Ave S & S Washington St,0.0,0.0
2025-10-14,510,North,25015,19813.0,,18:08:26,18:09:01,2,2638,4th Ave & Cherry St,3.0,0.0
2025-10-14,510,North,25015,19813.0,,18:11:23,18:12:00,3,641,4th Ave & Seneca St,6.0,0.0
2025-10-14,510,North,25015,19813.0,18:11:00,18:15:32,18:16:51,4,2976,4th Ave & Pine St,5.0,0.0
2025-10-14,510,North,25015,19813.0,,18:19:15,18:20:31,5,473,Olive Way & 6th Ave,9.0,0.0
2025-10-14,510,North,25015,19813.0,18:14:00,18:22:03,18:22:36,6,430,Howell St & 9th Ave,3.0,0.0
2025-10-14,510,North,25015,19813.0,,18:26:37,18:27:19,7,431,Howell St & Yale Ave,4.0,0.0
2025-10-14,510,North,25015,19813.0,18:32:00,18:43:35,18:44:07,11,2766,Mountlake Terrace Fwy Station Bay 7,1.0,7.0
2025-10-14,510,North,25015,19813.0,18:48:00,18:57:33,18:58:07,12,2869,South Everett Fwy Station Bay 6,0.0,12.0
2025-10-14,510,North,25015,19813.0,,19:05:41,19:05:50,13,3219,Broadway & 33rd St,0.0,0.0
2025-10-14,510,North,25015,19813.0,18:59:00,19:07:18,19:07:18,14,2861,Everett Station,0.0,19.0
2025-10-14,510,North,25016,91721.0,18:30:00,18:43:27,18:43:27,0,640,4th Ave S & S Jackson St,5.0,0.0
2025-10-14,510,North,25016,91721.0,,18:45:09,18:45:18,1,635,4th Ave S & S Washington St,0.0,0.0
2025-10-14,510,North,25016,91721.0,,18:46:25,18:47:48,2,2638,4th Ave & Cherry St,4.0,0.0
2025-10-14,510,North,25016,91721.0,,18:50:29,18:50:55,3,641,4th Ave & Seneca St,2.0,0.0
2025-10-14,510,North,25016,91721.0,18:36:00,18:52:14,18:52:54,4,2976,4th Ave & Pine St,0.0,0.0
2025-10-14,510,North,25016,91721.0,,18:53:57,18:54:36,5,473,Olive Way & 6th Ave,3.0,0.0
2025-10-14,510,North,25016,91721.0,18:39:00,18:56:41,18:57:12,6,430,Howell St & 9th Ave,4.0,0.0
2025-10-14,510,North,25016,91721.0,,19:01:04,19:01:30,7,431,Howell St & Yale Ave,3.0,0.0
2025-10-14,510,North,25016,91721.0,18:57:00,19:15:26,19:15:32,11,2766,Mountlake Terrace Fwy Station Bay 7,0.0,0.0
2025-10-14,510,North,25016,91721.0,19:12:00,19:27:17,19:28:20,12,2869,South Everett Fwy Station Bay 6,1.0,15.0
2025-10-14,510,North,25016,91721.0,,19:34:55,19:35:21,13,3219,Broadway & 33rd St,0.0,1.0
2025-10-14,510,North,25016,91721.0,19:22:00,19:36:34,19:36:34,14,2861,Everett Station,0.0,6.0
2025-10-14,510,South,25017,91725.0,04:05:00,04:05:11,04:05:11,0,2986,Hewitt Ave & Fulton St,4.0,0.0
2025-10-14,510,South,25017,91725.0,,04:06:06,04:06:06,1,2440,Hewitt Ave & Lombard Ave,0.0,0.0
2025-10-14,510,South,25017,91725.0,,04:08:40,04:08:51,2,2355,Wetmore Ave & Wall St,1.0,0.0
2025-10-14,510,South,25017,91725.0,,04:09:53,04:09:53,3,2359,Pacific Ave & Rockefeller Ave,0.0,0.0
2025-10-14,510,South,25017,91725.0,04:11:00,04:12:01,04:12:53,4,2345,Everett Station Bay C1,11.0,0.0
2025-10-14,510,South,25017,91725.0,,04:14:38,04:14:38,5,2367,Broadway & 34th St,0.0,0.0
2025-10-14,510,South,25017,91725.0,04:20:00,04:21:59,04:22:33,6,2868,South Everett Fwy Station Bay 3,5.0,0.0
2025-10-14,510,South,25017,91725.0,04:31:00,04:33:18,04:33:52,7,2765,Mountlake Terrace Fwy Station Bay 6,6.0,0.0
2025-10-14,510,South,25017,91725.0,04:48:00,04:47:43,04:48:04,11,1909,Stewart St & 9th Ave,0.0,4.0
2025-10-14,510,South,25017,91725.0,,04:49:05,04:49:31,12,1908,Stewart St & 7th Ave,0.0,2.0
2025-10-14,510,South,25017,91725.0,04:52:00,04:50:27,04:51:21,13,2698,5th Ave & Pine St,0.0,5.0
2025-10-14,510,South,25017,91725.0,,04:52:15,04:52:43,14,2700,5th Ave & Seneca St,0.0,6.0
2025-10-14,510,South,25017,91725.0,,04:53:31,04:53:55,15,2702,5th Ave & Marion St,0.0,6.0
2025-10-14,510,South,25017,91725.0,,04:55:12,04:55:34,16,2290,5th Ave & Jefferson St,0.0,1.0
2025-10-14,510,South,25017,91725.0,05:00:00,04:57:38,04:57:38,17,2706,5th Ave S & S Jackson St,0.0,3.0
2025-10-14,510,South,25018,91908.0,04:40:00,04:40:13,04:40:13,0,2986,Hewitt Ave & Fulton St,4.0,0.0
2025-10-14,510,South,25018,91908.0,,04:41:05,04:41:05,1,2440,Hewitt Ave & Lombard Ave,0.0,0.0
2025-10-14,510,South,25018,91908.0,,04:43:29,04:43:49,2,2355,Wetmore Ave & Wall St,2.0,0.0
2025-10-14,510,South,25018,91908.0,,04:44:48,04:45:00,3,2359,Pacific Ave & Rockefeller Ave,1.0,0.0
2025-10-14,510,South,25018,91908.0,04:46:00,04:47:04,04:48:07,4,2345,Everett Station Bay C1,15.0,0.0
2025-10-14,510,South,25018,91908.0,,04:49:49,04:50:24,5,2367,Broadway & 34th St,2.0,0.0
2025-10-14,510,South,25018,91908.0,04:57:00,04:56:55,04:59:30,6,2868,South Everett Fwy Station Bay 3,25.0,0.0
2025-10-14,510,South,25018,91908.0,05:08:00,05:09:34,05:09:57,7,2765,Mountlake Terrace Fwy Station Bay 6,2.0,1.0
2025-10-14,510,South,25018,91908.0,05:26:00,05:23:11,05:24:02,11,1909,Stewart St & 9th Ave,2.0,13.0
2025-10-14,510,South,25018,91908.0,,05:25:04,05:25:26,12,1908,Stewart St & 7th Ave,0.0,3.0
2025-10-14,510,South,25018,91908.0,05:30:00,05:26:27,05:27:19,13,2698,5th Ave & Pine St,0.0,5.0
2025-10-14,510,South,25018,91908.0,,05:28:12,05:28:50,14,2700,5th Ave & Seneca St,0.0,11.0
2025-10-14,510,South,25018,91908.0,,05:29:29,05:30:01,15,2702,5th Ave & Marion St,0.0,5.0
2025-10-14,510,South,25018,91908.0,,05:31:01,05:31:25,16,2290,5th Ave & Jefferson St,0.0,7.0
2025-10-14,510,South,25018,91908.0,05:38:00,05:32:44,05:32:44,17,2706,5th Ave S & S Jackson St,0.0,8.0
2025-10-14,510,South,25019,91902.0,05:10:00,05:10:04,05:10:04,0,2345,Everett Station Bay C1,14.0,0.0
2025-10-14,510,South,25019,91902.0,,05:11:59,05:12:21,1,2367,Broadway & 34th St,3.0,0.0
2025-10-14,510,South,25019,91902.0,05:20:00,05:19:34,05:20:58,2,2868,South Everett Fwy Station Bay 3,22.0,0.0
2025-10-14,510,South,25019,91902.0,05:31:00,05:31:53,05:32:32,3,2765,Mountlake Terrace Fwy Station Bay 6,8.0,0.0
2025-10-14,510,South,25019,91902.0,05:49:00,05:47:39,05:48:10,7,1909,Stewart St & 9th Ave,0.0,7.0
2025-10-14,510,South,25019,91902.0,,05:49:05,05:49:27,8,1908,Stewart St & 7th Ave,0.0,3.0
2025-10-14,510,South,25019,91902.0,05:54:00,05:50:38,05:51:21,9,2698,5th Ave & Pine St,0.0,4.0
2025-10-14,510,South,25019,91902.0,,05:52:19,05:52:51,10,2700,5th Ave & Seneca St,0.0,11.0
2025-10-14,510,South,25019,91902.0,,05:53:35,05:54:12,11,2702,5th Ave & Marion St,0.0,10.0
2025-10-14,510,South,25019,91902.0,,05:55:17,05:55:52,12,2290,5th Ave & Jefferson St,0.0,11.0
2025-10-14,510,South,25019,91902.0,06:03:00,05:57:43,05:57:43,13,2706,5th Ave S & S Jackson St,1.0,2.0
2025-10-14,510,South,25020,91907.0,05:40:00,05:40:18,05:40:18,0,2345,Everett Station Bay C1,28.0,0.0
2025-10-14,510,South,25020,91907.0,,05:42:02,05:42:02,1,2367,Broadway & 34th St,0.0,0.0
2025-10-14,510,South,25020,91907.0,05:50:00,05:48:36,05:50:18,2,2868,South Everett Fwy Station Bay 3,19.0,0.0
2025-10-14,510,South,25020,91907.0,06:01:00,06:01:01,06:01:35,3,2765,Mountlake Terrace Fwy Station Bay 6,9.0,1.0
2025-10-14,510,South,25020,91907.0,06:22:00,06:14:59,06:15:42,7,1909,Stewart St & 9th Ave,4.0,10.0
2025-10-14,510,South,25020,91907.0,,06:16:36,06:17:04,8,1908,Stewart St & 7th Ave,0.0,5.0
2025-10-14,510,South,25020,91907.0,06:28:00,06:18:17,06:19:34,9,2698,5th Ave & Pine St,0.0,13.0
2025-10-14,510,South,25020,91907.0,,06:20:24,06:20:57,10,2700,5th Ave & Seneca St,1.0,10.0
2025-10-14,510,South,25020,91907.0,,06:21:56,06:22:47,11,2702,5th Ave & Marion St,0.0,11.0
2025-10-14,510,South,25020,91907.0,,06:23:52,06:24:26,12,2290,5th Ave & Jefferson St,0.0,11.0
2025-10-14,510,South,25020,91907.0,06:38:00,06:26:00,06:26:00,13,2706,5th Ave S & S Jackson St,0.0,0.0
2025-10-14,510,South,25021,91725.0,05:52:00,05:52:24,05:52:24,0,2345,Everett Station Bay C1,22.0,0.0
2025-10-14,510,South,25021,91725.0,,05:55:15,05:55:15,1,2367,Broadway & 34th St,0.0,0.0
2025-10-14,510,South,25021,91725.0,06:02:00,06:02:22,06:03:52,2,2868,South Everett Fwy Station Bay 3,14.0,1.0
2025-10-14,510,South,25021,91725.0,06:14:00,06:15:01,06:15:28,3,2765,Mountlake Terrace Fwy Station Bay 6,0.0,1.0
2025-10-14,510,South,25021,91725.0,06:35:00,06:30:07,06:30:43,7,1909,Stewart St & 9th Ave,0.0,3.0
2025-10-14,510,South,25021,91725.0,,06:31:42,06:32:06,8,1908,Stewart St & 7th Ave,0.0,3.0
2025-10-14,510,South,25021,91725.0,06:41:00,06:34:52,06:36:05,9,2698,5th Ave & Pine St,0.0,4.0
2025-10-14,510,South,25021,91725.0,,06:37:03,06:37:41,10,2700,5th Ave & Seneca St,0.0,6.0
2025-10-14,510,South,25021,91725.0,,06:38:38,06:39:25,11,2702,5th Ave & Marion St,0.0,10.0
2025-10-14,510,South,25021,91725.0,,06:40:35,06:41:03,12,2290,5th Ave & Jefferson St,0.0,8.0
2025-10-14,510,South,25021,91725.0,06:51:00,06:42:54,06:42:54,13,2706,5th Ave S & S Jackson St,0.0,0.0
2025-10-14,510,South,25022,91717.0,06:04:00,06:04:26,06:04:26,0,2345,Everett Station Bay C1,18.0,0.0
2025-10-14,510,South,25022,91717.0,,06:06:37,06:06:37,1,2367,Broadway & 34th St,0.0,0.0
2025-10-14,510,South,25022,91717.0,06:14:00,06:13:44,06:14:44,2,2868,South Everett Fwy Station Bay 3,11.0,0.0
2025-10-14,510,South,25022,91717.0,06:26:00,06:25:50,06:26:36,3,2765,Mountlake Terrace Fwy Station Bay 6,5.0,1.0
2025-10-14,510,South,25022,91717.0,06:48:00,06:40:49,06:41:26,7,1909,Stewart St & 9th Ave,0.0,5.0
2025-10-14,510,South,25022,91717.0,,06:42:14,06:42:51,8,1908,Stewart St & 7th Ave,0.0,7.0
2025-10-14,510,South,25022,91717.0,06:54:00,06:43:49,06:45:04,9,2698,5th Ave & Pine St,0.0,7.0
2025-10-14,510,South,25022,91717.0,,06:45:59,06:46:37,10,2700,5th Ave & Seneca St,0.0,7.0
2025-10-14,510,South,25022,91717.0,,06:47:32,06:48:17,11,2702,5th Ave & Marion St,0.0,4.0
2025-10-14,510,South,25022,91717.0,,06:49:22,06:49:53,12,2290,5th Ave & Jefferson St,0.0,3.0
2025-10-14,510,South,25022,91717.0,07:04:00,06:52:07,06:52:07,13,2706,5th Ave S & S Jackson St,0.0,0.0
2025-10-14,510,South,25023,91901.0,06:16:00,06:17:55,06:17:55,0,2345,Everett Station Bay C1,15.0,0.0
2025-10-14,510,South,25023,91901.0,,06:19:54,06:19:54,1,2367,Broadway & 34th St,0.0,0.0
2025-10-14,510,South,25023,91901.0,06:26:00,06:26:54,06:28:23,2,2868,South Everett Fwy Station Bay 3,26.0,0.0
2025-10-14,510,South,25023,91901.0,06:38:00,06:40:11,06:40:45,3,2765,Mountlake Terrace Fwy Station Bay 6,5.0,0.0
2025-10-14,510,South,25023,91901.0,07:00:00,06:55:38,06:56:16,7,1909,Stewart St & 9th Ave,0.0,7.0
2025-10-14,510,South,25023,91901.0,,06:57:06,06:57:43,8,1908,Stewart St & 7th Ave,0.0,10.0
2025-10-14,510,South,25023,91901.0,07:06:00,06:58:51,07:00:05,9,2698,5th Ave & Pine St,0.0,5.0
2025-10-14,510,South,25023,91901.0,,07:00:55,07:01:49,10,2700,5th Ave & Seneca St,1.0,6.0
2025-10-14,510,South,25023,91901.0,,07:02:33,07:03:16,11,2702,5th Ave & Marion St,0.0,12.0
2025-10-14,510,South,25023,91901.0,,07:04:25,07:05:05,12,2290,5th Ave & Jefferson St,0.0,7.0
2025-10-14,510,South,25023,91901.0,07:17:00,07:07:37,07:07:37,13,2706,5th Ave S & S Jackson St,0.0,0.0
2025-10-14,510,South,25024,91903.0,06:28:00,06:28:38,06:28:38,0,2345,Everett Station Bay C1,16.0,0.0
2025-10-14,510,South,25024,91903.0,,06:31:47,06:32:15,1,2367,Broadway & 34th St,3.0,0.0
2025-10-14,510,South,25024,91903.0,06:38:00,06:38:54,06:40:14,2,2868,South Everett Fwy Station Bay 3,20.0,1.0
2025-10-14,510,South,25024,91903.0,06:50:00,06:52:34,06:53:42,3,2765,Mountlake Terrace Fwy Station Bay 6,8.0,2.0
2025-10-14,510,South,25024,91903.0,07:13:00,07:09:59,07:10:28,7,1909,Stewart St & 9th Ave,0.0,10.0
2025-10-14,510,South,25024,91903.0,,07:10:59,07:11:46,8,1908,Stewart St & 7th Ave,1.0,7.0
2025-10-14,510,South,25024,91903.0,07:19:00,07:13:45,07:14:07,9,2698,5th Ave & Pine St,0.0,2.0
2025-10-14,510,South,25024,91903.0,,07:16:58,07:17:37,10,2700,5th Ave & Seneca St,0.0,11.0
2025-10-14,510,South,25024,91903.0,,07:19:01,07:19:43,11,2702,5th Ave & Marion St,0.0,8.0
2025-10-14,510,South,25024,91903.0,,07:20:55,07:21:19,12,2290,5th Ave & Jefferson St,0.0,4.0
2025-10-14,510,South,25024,91903.0,07:30:00,07:23:54,07:23:54,13,2706,5th Ave S & S Jackson St,0.0,3.0
2025-10-14,510,South,25025,19810.0,06:40:00,06:43:38,06:43:38,0,2345,Everett Station Bay C1,18.0,0.0
2025-10-14,510,South,25025,19810.0,,,,1,2367,Broadway & 34th St,,
2025-10-14,510,South,25025,19810.0,06:50:00,06:52:55,06:54:54,2,2868,South Everett Fwy Station Bay 3,29.0,0.0
2025-10-14,510,South,25025,19810.0,07:03:00,07:08:01,07:09:03,3,2765,Mountlake Terrace Fwy Station Bay 6,6.0,0.0
2025-10-14,510,South,25025,19810.0,07:28:00,07:27:00,07:27:46,7,1909,Stewart St & 9th Ave,0.0,18.0
2025-10-14,510,South,25025,19810.0,,07:28:59,07:29:30,8,1908,Stewart St & 7th Ave,0.0,8.0
2025-10-14,510,South,25025,19810.0,07:34:00,07:31:58,07:33:07,9,2698,5th Ave & Pine St,0.0,3.0
2025-10-14,510,South,25025,19810.0,,07:35:30,07:36:08,10,2700,5th Ave & Seneca St,0.0,9.0
2025-10-14,510,South,25025,19810.0,,07:37:17,07:37:53,11,2702,5th Ave & Marion St,0.0,11.0
2025-10-14,510,South,25025,19810.0,,07:40:06,07:41:04,12,2290,5th Ave & Jefferson St,0.0,3.0
2025-10-14,510,South,25025,19810.0,07:47:00,07:42:57,07:42:57,13,2706,5th Ave S & S Jackson St,1.0,2.0
2025-10-14,510,South,25026,91912.0,06:52:00,06:53:01,06:53:01,0,2345,Everett Station Bay C1,15.0,0.0
2025-10-14,510,South,25026,91912.0,,06:55:08,06:55:31,1,2367,Broadway & 34th St,1.0,0.0
2025-10-14,510,South,25026,91912.0,07:02:00,07:02:09,07:03:18,2,2868,South Everett Fwy Station Bay 3,18.0,0.0
2025-10-14,510,South,25026,91912.0,07:15:00,07:16:52,07:17:43,3,2765,Mountlake Terrace Fwy Station Bay 6,9.0,1.0
2025-10-14,510,South,25026,91912.0,07:40:00,07:36:04,07:36:43,7,1909,Stewart St & 9th Ave,2.0,13.0
2025-10-14,510,South,25026,91912.0,,07:37:42,07:38:08,8,1908,Stewart St & 7th Ave,0.0,7.0
2025-10-14,510,South,25026,91912.0,07:46:00,07:39:26,07:40:36,9,2698,5th Ave & Pine St,1.0,6.0
2025-10-14,510,South,25026,91912.0,,07:41:37,07:42:23,10,2700,5th Ave & Seneca St,0.0,9.0
2025-10-14,510,South,25026,91912.0,,07:43:17,07:43:47,11,2702,5th Ave & Marion St,0.0,5.0
2025-10-14,510,South,25026,91912.0,,07:45:01,07:45:27,12,2290,5th Ave & Jefferson St,0.0,3.0
2025-10-14,510,South,25026,91912.0,07:59:00,07:49:03,07:49:03,13,2706,5th Ave S & S Jackson St,1.0,3.0
2025-10-14,510,South,25027,91909.0,07:04:00,07:08:30,07:08:30,0,2345,Everett Station Bay C1,16.0,0.0
2025-10-14,510,South,25027,91909.0,,,,1,2367,Broadway & 34th St,,
2025-10-14,510,South,25027,91909.0,07:14:00,07:17:55,07:19:27,2,2868,South Everett Fwy Station Bay 3,19.0,0.0
2025-10-14,510,South,25027,91909.0,07:28:00,07:37:50,07:39:09,3,2765,Mountlake Terrace Fwy Station Bay 6,12.0,2.0
2025-10-14,510,South,25027,91909.0,07:59:00,08:14:59,08:15:41,7,1909,Stewart St & 9th Ave,0.0,11.0
2025-10-14,510,South,25027,91909.0,,08:16:42,08:17:20,8,1908,Stewart St & 7th Ave,1.0,7.0
2025-10-14,510,South,25027,91909.0,08:05:00,08:20:01,08:21:05,9,2698,5th Ave & Pine St,1.0,7.0
2025-10-14,510,South,25027,91909.0,,08:23:26,08:24:22,10,2700,5th Ave & Seneca St,0.0,8.0
2025-10-14,510,South,25027,91909.0,,08:26:33,08:27:18,11,2702,5th Ave & Marion St,0.0,3.0
2025-10-14,510,South,25027,91909.0,,08:29:40,08:30:11,12,2290,5th Ave & Jefferson St,0.0,8.0
2025-10-14,510,South,25027,91909.0,08:20:00,08:32:41,08:32:41,13,2706,5th Ave S & S Jackson St,0.0,3.0
2025-10-14,510,South,25028,19812.0,07:16:00,07:16:12,07:16:12,0,2345,Everett Station Bay C1,15.0,0.0
2025-10-14,510,South,25028,19812.0,,07:18:28,07:18:42,1,2367,Broadway & 34th St,0.0,0.0
2025-10-14,510,South,25028,19812.0,07:26:00,07:26:38,07:27:49,2,2868,South Everett Fwy Station Bay 3,17.0,0.0
2025-10-14,510,South,25028,19812.0,07:40:00,07:46:56,07:47:31,3,2765,Mountlake Terrace Fwy Station Bay 6,9.0,0.0
2025-10-14,510,South,25028,19812.0,08:11:00,08:24:00,08:24:45,7,1909,Stewart St & 9th Ave,0.0,16.0
2025-10-14,510,South,25028,19812.0,,08:25:42,08:26:03,8,1908,Stewart St & 7th Ave,0.0,13.0
2025-10-14,510,South,25028,19812.0,08:17:00,08:27:27,08:27:43,9,2698,5th Ave & Pine St,0.0,2.0
2025-10-14,510,South,25028,19812.0,,08:29:37,08:29:51,10,2700,5th Ave & Seneca St,0.0,5.0
2025-10-14,510,South,25028,19812.0,,08:31:11,08:31:48,11,2702,5th Ave & Marion St,0.0,4.0
2025-10-14,510,South,25028,19812.0,,08:33:06,08:33:23,12,2290,5th Ave & Jefferson St,0.0,1.0
2025-10-14,510,South,25028,19812.0,08:34:00,08:35:51,08:35:51,13,2706,5th Ave S & S Jackson St,0.0,0.0
2025-10-14,510,South,25029,91728.0,07:28:00,07:29:55,07:29:55,0,2345,Everett Station Bay C1,11.0,0.0
2025-10-14,510,South,25029,91728.0,,07:33:28,07:33:28,1,2367,Broadway & 34th St,0.0,0.0
2025-10-14,510,South,25029,91728.0,07:38:00,07:42:17,07:43:58,2,2868,South Everett Fwy Station Bay 3,23.0,2.0
2025-10-14,510,South,25029,91728.0,07:52:00,08:00:28,08:01:23,3,2765,Mountlake Terrace Fwy Station Bay 6,2.0,4.0
2025-10-14,510,South,25029,91728.0,08:23:00,08:40:45,08:41:24,7,1909,Stewart St & 9th Ave,0.0,14.0
2025-10-14,510,South,25029,91728.0,,08:42:15,08:43:05,8,1908,Stewart St & 7th Ave,0.0,5.0
2025-10-14,510,South,25029,91728.0,08:29:00,08:45:33,08:46:41,9,2698,5th Ave & Pine St,0.0,1.0
2025-10-14,510,South,25029,91728.0,,08:48:50,08:49:25,10,2700,5th Ave & Seneca St,0.0,6.0
2025-10-14,510,South,25029,91728.0,,08:51:32,08:51:59,11,2702,5th Ave & Marion St,0.0,2.0
2025-10-14,510,South,25029,91728.0,,08:54:09,08:54:45,12,2290,5th Ave & Jefferson St,0.0,2.0
2025-10-14,510,South,25029,91728.0,08:47:00,08:57:32,08:57:32,13,2706,5th Ave S & S Jackson St,0.0,0.0
2025-10-14,510,South,25030,91706.0,07:43:00,07:43:05,07:43:05,0,2345,Everett Station Bay C1,9.0,0.0
2025-10-14,510,South,25030,91706.0,,07:45:04,07:45:04,1,2367,Broadway & 34th St,0.0,0.0
2025-10-14,510,South,25030,91706.0,07:53:00,07:53:05,07:54:21,2,2868,South Everett Fwy Station Bay 3,14.0,0.0
2025-10-14,510,South,25030,91706.0,08:07:00,08:09:04,08:09:43,3,2765,Mountlake Terrace Fwy Station Bay 6,8.0,1.0
2025-10-14,510,South,25030,91706.0,08:38:00,08:43:45,08:44:21,7,1909,Stewart St & 9th Ave,3.0,17.0
2025-10-14,510,South,25030,91706.0,,08:45:12,08:45:39,8,1908,Stewart St & 7th Ave,0.0,0.0
2025-10-14,510,South,25030,91706.0,08:44:00,08:48:21,08:49:34,9,2698,5th Ave & Pine St,0.0,5.0
2025-10-14,510,South,25030,91706.0,,08:50:33,08:51:03,10,2700,5th Ave & Seneca St,0.0,3.0
2025-10-14,510,South,25030,91706.0,,08:54:39,08:55:16,11,2702,5th Ave & Marion St,0.0,7.0
2025-10-14,510,South,25030,91706.0,,08:58:01,08:58:15,12,2290,5th Ave & Jefferson St,0.0,1.0
2025-10-14,510,South,25030,91706.0,09:02:00,09:00:54,09:00:54,13,2706,5th Ave S & S Jackson St,0.0,0.0
2025-10-14,510,South,25031,91702.0,07:58:00,07:59:20,07:59:20,0,2345,Everett Station Bay C1,8.0,0.0
2025-10-14,510,South,25031,91702.0,,08:03:21,08:03:21,1,2367,Broadway & 34th St,0.0,0.0
2025-10-14,510,South,25031,91702.0,08:08:00,08:10:18,08:12:04,2,2868,South Everett Fwy Station Bay 3,30.0,0.0
2025-10-14,510,South,25031,91702.0,08:22:00,08:23:54,08:24:15,3,2765,Mountlake Terrace Fwy Station Bay 6,1.0,2.0
2025-10-14,510,South,25031,91702.0,08:53:00,08:56:53,08:57:44,7,1909,Stewart St & 9th Ave,0.0,17.0
2025-10-14,510,South,25031,91702.0,,08:58:45,08:59:16,8,1908,Stewart St & 7th Ave,0.0,10.0
2025-10-14,510,South,25031,91702.0,08:59:00,09:01:48,09:03:04,9,2698,5th Ave & Pine St,0.0,4.0
2025-10-14,510,South,25031,91702.0,,09:05:13,09:05:41,10,2700,5th Ave & Seneca St,0.0,4.0
2025-10-14,510,South,25031,91702.0,,09:07:12,09:07:45,11,2702,5th Ave & Marion St,0.0,2.0
2025-10-14,510,South,25031,91702.0,,09:09:58,09:10:14,12,2290,5th Ave & Jefferson St,0.0,0.0
2025-10-14,510,South,25031,91702.0,09:17:00,09:13:05,09:13:05,13,2706,5th Ave S & S Jackson St,0.0,0.0
2025-10-14,510,South,25032,19814.0,08:18:00,08:19:10,08:19:10,0,2345,Everett Station Bay C1,13.0,0.0
2025-10-14,510,South,25032,19814.0,,08:21:53,08:22:11,1,2367,Broadway & 34th St,1.0,0.0
2025-10-14,510,South,25032,19814.0,08:29:00,08:30:03,08:31:23,2,2868,South Everett Fwy Station Bay 3,19.0,0.0
2025-10-14,510,South,25032,19814.0,08:42:00,08:42:25,08:42:55,3,2765,Mountlake Terrace Fwy Station Bay 6,1.0,1.0
2025-10-14,510,South,25032,19814.0,09:13:00,09:22:20,09:23:11,7,1909,Stewart St & 9th Ave,0.0,11.0
2025-10-14,510,South,25032,19814.0,,09:24:08,09:24:35,8,1908,Stewart St & 7th Ave,0.0,12.0
2025-10-14,510,South,25032,19814.0,09:19:00,09:27:19,09:27:41,9,2698,5th Ave & Pine St,1.0,2.0
2025-10-14,510,South,25032,19814.0,,09:30:30,09:30:47,10,2700,5th Ave & Seneca St,0.0,4.0
2025-10-14,510,South,25032,19814.0,,09:32:50,09:33:18,11,2702,5th Ave & Marion St,0.0,3.0
2025-10-14,510,South,25032,19814.0,,09:34:33,09:34:55,12,2290,5th Ave & Jefferson St,0.0,1.0
2025-10-14,510,South,25032,19814.0,09:37:00,09:37:21,09:37:21,13,2706,5th Ave S & S Jackson St,1.0,2.0
2025-10-14,510,South,25033,91704.0,08:38:00,08:38:45,08:38:45,0,2345,Everett Station Bay C1,15.0,0.0
2025-10-14,510,South,25033,91704.0,,08:44:22,08:44:57,1,2367,Broadway & 34th St,1.0,0.0
2025-10-14,510,South,25033,91704.0,08:49:00,08:52:02,08:53:08,2,2868,South Everett Fwy Station Bay 3,6.0,0.0
2025-10-14,510,South,25033,91704.0,09:02:00,09:03:45,09:03:56,3,2765,Mountlake Terrace Fwy Station Bay 6,0.0,0.0
2025-10-14,510,South,25033,91704.0,09:33:00,09:29:34,09:30:04,7,1909,Stewart St & 9th Ave,0.0,8.0
2025-10-14,510,South,25033,91704.0,,09:30:35,09:31:09,8,1908,Stewart St & 7th Ave,0.0,9.0
2025-10-14,510,South,25033,91704.0,09:39:00,09:33:20,09:34:36,9,2698,5th Ave & Pine St,0.0,3.0
2025-10-14,510,South,25033,91704.0,,09:35:32,09:35:50,10,2700,5th Ave & Seneca St,0.0,2.0
2025-10-14,510,South,25033,91704.0,,09:37:15,09:37:49,11,2702,5th Ave & Marion St,0.0,0.0
2025-10-14,510,South,25033,91704.0,,09:39:02,09:39:15,12,2290,5th Ave & Jefferson St,0.0,0.0
2025-10-14,510,South,25033,91704.0,09:57:00,09:42:32,09:42:32,13,2706,5th Ave S & S Jackson St,0.0,0.0
2025-10-15,510,North,25001,91911.0,14:00:00,14:00:25,14:00:25,0,640,4th Ave S & S Jackson St,4.0,0.0
2025-10-15,510,North,25001,91911.0,,14:00:52,14:01:24,1,635,4th Ave S & S Washington St,2.0,0.0
2025-10-15,510,North,25001,91911.0,,14:03:23,14:04:12,2,2638,4th Ave & Cherry St,7.0,0.0
2025-10-15,510,North,25001,91911.0,,14:05:35,14:06:15,3,641,4th Ave & Seneca St,7.0,0.0
2025-10-15,510,North,25001,91911.0,14:06:00,14:09:16,14:09:58,4,2976,4th Ave & Pine St,7.0,0.0
2025-10-15,510,North,25001,91911.0,,14:11:08,14:12:03,5,473,Olive Way & 6th Ave,11.0,0.0
2025-10-15,510,North,25001,91911.0,14:10:00,14:12:40,14:13:20,6,430,Howell St & 9th Ave,7.0,0.0
2025-10-15,510,North,25001,91911.0,,14:16:11,14:16:44,7,431,Howell St & Yale Ave,3.0,0.0
2025-10-15,510,North,25001,91911.0,14:30:00,14:29:53,14:30:17,11,2766,Mountlake Terrace Fwy Station Bay 7,0.0,7.0
2025-10-15,510,North,25001,91911.0,14:47:00,14:41:17,14:42:21,12,2869,South Everett Fwy Station Bay 6,0.0,36.0
2025-10-15,510,North,25001,91911.0,,14:51:29,14:52:06,13,3219,Broadway & 33rd St,0.0,5.0
2025-10-15,510,North,25001,91911.0,15:04:00,14:53:19,14:53:19,14,2861,Everett Station,0.0,0.0
2025-10-15,510,North,25002,91730.0,14:20:00,14:21:34,14:21:34,0,640,4th Ave S & S Jackson St,6.0,0.0
2025-10-15,510,North,25002,91730.0,,14:22:10,14:23:00,1,635,4th Ave S & S Washington St,2.0,0.0
2025-10-15,510,North,25002,91730.0,,14:24:47,14:25:34,2,2638,4th Ave & Cherry St,6.0,0.0
2025-10-15,510,North,25002,91730.0,,14:26:56,14:27:54,3,641,4th Ave & Seneca St,3.0,0.0
2025-10-15,510,North,25002,91730.0,14:26:00,14:29:06,14:30:12,4,2976,4th Ave & Pine St,6.0,1.0
2025-10-15,510,North,25002,91730.0,,14:31:24,14:32:03,5,473,Olive Way & 6th Ave,6.0,0.0
2025-10-15,510,North,25002,91730.0,14:30:00,14:33:47,14:34:14,6,430,Howell St & 9th Ave,3.0,0.0
2025-10-15,510,North,25002,91730.0,,14:37:18,14:37:53,7,431,Howell St & Yale Ave,4.0,0.0
2025-10-15,510,North,25002,91730.0,14:50:00,14:53:10,14:53:39,11,2766,Mountlake Terrace Fwy Station Bay 7,1.0,9.0
2025-10-15,510,North,25002,91730.0,15:07:00,15:05:29,15:06:13,12,2869,South Everett Fwy Station Bay 6,0.0,27.0
2025-10-15,510,North,25002,91730.0,,15:14:39,15:14:39,13,3219,Broadway & 33rd St,0.0,0.0
2025-10-15,510,North,25002,91730.0,15:24:00,15:15:42,15:15:42,14,2861,Everett Station,0.0,0.0
2025-10-15,510,North,25003,91913.0,14:50:00,14:57:55,14:57:55,0,640,4th Ave S & S Jackson St,4.0,0.0
2025-10-15,510,North,25003,91913.0,,14:59:20,14:59:29,1,635,4th Ave S & S Washington St,0.0,0.0
2025-10-15,510,North,25003,91913.0,,15:02:12,15:02:50,2,2638,4th Ave & Cherry St,7.0,0.0
2025-10-15,510,North,25003,91913.0,,15:04:28,15:05:09,3,641,4th Ave & Seneca St,7.0,0.0
2025-10-15,510,North,25003,91913.0,14:56:00,15:06:35,15:07:32,4,2976,4th Ave & Pine St,10.0,0.0
2025-10-15,510,North,25003,91913.0,,15:08:43,15:10:42,5,473,Olive Way & 6th Ave,15.0,0.0
2025-10-15,510,North,25003,91913.0,15:00:00,15:11:25,15:12:08,6,430,Howell St & 9th Ave,6.0,0.0
2025-10-15,510,North,25003,91913.0,,15:14:46,15:15:19,7,431,Howell St & Yale Ave,2.0,0.0
2025-10-15,510,North,25003,91913.0,15:20:00,15:33:11,15:33:45,11,2766,Mountlake Terrace Fwy Station Bay 7,0.0,12.0
2025-10-15,510,North,25003,91913.0,15:38:00,15:47:04,15:48:05,12,2869,South Everett Fwy Station Bay 6,0.0,38.0
2025-10-15,510,North,25003,91913.0,,15:57:27,15:57:41,13,3219,Broadway & 33rd St,0.0,1.0
2025-10-15,510,North,25003,91913.0,15:57:00,15:59:28,15:59:28,14,2861,Everett Station,0.0,0.0
2025-10-15,510,North,25004,91908.0,15:10:00,15:11:51,15:11:51,0,640,4th Ave S & S Jackson St,1.0,0.0
2025-10-15,510,North,25004,91908.0,,15:12:54,15:13:42,1,635,4th Ave S & S Washington St,2.0,0.0
2025-10-15,510,North,25004,91908.0,,15:16:50,15:17:57,2,2638,4th Ave & Cherry St,5.0,0.0
2025-10-15,510,North,25004,91908.0,,15:19:13,15:19:54,3,641,4th Ave & Seneca St,4.0,0.0
2025-10-15,510,North,25004,91908.0,15:16:00,15:21:18,15:23:19,4,2976,4th Ave & Pine St,7.0,0.0
2025-10-15,510,North,25004,91908.0,,15:24:44,15:25:48,5,473,Olive Way & 6th Ave,6.0,0.0
2025-10-15,510,North,25004,91908.0,15:20:00,15:28:41,15:30:13,6,430,Howell St & 9th Ave,10.0,1.0
2025-10-15,510,North,25004,91908.0,,15:32:29,15:33:05,7,431,Howell St & Yale Ave,3.0,0.0
2025-10-15,510,North,25004,91908.0,15:40:00,15:50:50,15:51:35,11,2766,Mountlake Terrace Fwy Station Bay 7,2.0,0.0
2025-10-15,510,North,25004,91908.0,16:00:00,16:06:33,16:07:53,12,2869,South Everett Fwy Station Bay 6,0.0,35.0
2025-10-15,510,North,25004,91908.0,,16:17:37,16:18:02,13,3219,Broadway & 33rd St,0.0,4.0
2025-10-15,510,North,25004,91908.0,16:21:00,16:20:25,16:20:25,14,2861,Everett Station,0.0,0.0
2025-10-15,510,North,25005,91724.0,15:25:00,15:32:20,15:32:20,0,640,4th Ave S & S Jackson St,4.0,0.0
2025-10-15,510,North,25005,91724.0,,15:33:57,15:34:48,1,635,4th Ave S & S Washington St,2.0,0.0
2025-10-15,510,North,25005,91724.0,,15:38:15,15:39:10,2,2638,4th Ave & Cherry St,8.0,0.0
2025-10-15,510,North,25005,91724.0,,15:41:38,15:42:37,3,641,4th Ave & Seneca St,6.0,0.0
2025-10-15,510,North,25005,91724.0,15:31:00,15:44:04,15:44:40,4,2976,4th Ave & Pine St,1.0,0.0
2025-10-15,510,North,25005,91724.0,,15:47:00,15:48:36,5,473,Olive Way & 6th Ave,11.0,0.0
2025-10-15,510,North,25005,91724.0,15:35:00,15:50:31,15:51:06,6,430,Howell St & 9th Ave,4.0,0.0
2025-10-15,510,North,25005,91724.0,,15:54:02,15:54:42,7,431,Howell St & Yale Ave,2.0,1.0
2025-10-15,510,North,25005,91724.0,15:56:00,16:14:39,16:15:16,11,2766,Mountlake Terrace Fwy Station Bay 7,0.0,4.0
2025-10-15,510,North,25005,91724.0,16:16:00,16:29:22,16:30:29,12,2869,South Everett Fwy Station Bay 6,0.0,32.0
2025-10-15,510,North,25005,91724.0,,16:42:12,16:42:30,13,3219,Broadway & 33rd St,0.0,1.0
2025-10-15,510,North,25005,91724.0,16:38:00,16:44:39,16:44:39,14,2861,Everett Station,0.0,0.0
2025-10-15,510,North,25006,91712.0,15:40:00,15:41:24,15:41:24,0,640,4th Ave S & S Jackson St,6.0,0.0
2025-10-15,510,North,25006,91712.0,,15:42:23,15:42:35,1,635,4th Ave S & S Washington St,0.0,0.0
2025-10-15,510,North,25006,91712.0,,15:45:43,15:46:11,2,2638,4th Ave & Cherry St,4.0,0.0
2025-10-15,510,North,25006,91712.0,,15:47:19,15:48:26,3,641,4th Ave & Seneca St,2.0,0.0
2025-10-15,510,North,25006,91712.0,15:46:00,15:50:07,15:51:09,4,2976,4th Ave & Pine St,1.0,0.0
2025-10-15,510,North,25006,91712.0,,15:52:30,15:53:34,5,473,Olive Way & 6th Ave,2.0,0.0
2025-10-15,510,North,25006,91712.0,15:50:00,15:55:17,15:55:36,6,430,Howell St & 9th Ave,1.0,0.0
2025-10-15,510,North,25006,91712.0,,15:59:40,15:59:50,7,431,Howell St & Yale Ave,0.0,0.0
2025-10-15,510,North,25006,91712.0,16:12:00,16:20:01,16:20:20,11,2766,Mountlake Terrace Fwy Station Bay 7,0.0,2.0
2025-10-15,510,North,25006,91712.0,16:35:00,16:33:53,16:34:25,12,2869,South Everett Fwy Station Bay 6,0.0,3.0
2025-10-15,510,North,25006,91712.0,,16:44:48,16:44:48,13,3219,Broadway & 33rd St,0.0,0.0
2025-10-15,510,North,25006,91712.0,16:58:00,16:45:39,16:45:39,14,2861,Everett Station,0.0,11.0
2025-10-15,510,North,25007,91710.0,15:55:00,15:55:28,15:55:28,0,640,4th Ave S & S Jackson St,3.0,0.0
2025-10-15,510,North,25007,91710.0,,15:56:18,15:56:30,1,635,4th Ave S & S Washington St,0.0,0.0
2025-10-15,510,North,25007,91710.0,,15:58:08,15:59:23,2,2638,4th Ave & Cherry St,9.0,0.0
2025-10-15,510,North,25007,91710.0,,16:01:43,16:02:49,3,641,4th Ave & Seneca St,7.0,0.0
2025-10-15,510,North,25007,91710.0,16:01:00,16:04:24,16:05:10,4,2976,4th Ave & Pine St,5.0,0.0
2025-10-15,510,North,25007,91710.0,,16:07:31,16:08:54,5,473,Olive Way & 6th Ave,13.0,1.0
2025-10-15,510,North,25007,91710.0,16:05:00,16:10:44,16:11:37,6,430,Howell St & 9th Ave,6.0,0.0
2025-10-15,510,North,25007,91710.0,,16:16:11,16:17:01,7,431,Howell St & Yale Ave,6.0,0.0
2025-10-15,510,North,25007,91710.0,16:28:00,16:37:25,16:38:25,11,2766,Mountlake Terrace Fwy Station Bay 7,3.0,17.0
2025-10-15,510,North,25007,91710.0,16:51:00,16:52:19,16:53:23,12,2869,South Everett Fwy Station Bay 6,0.0,27.0
2025-10-15,510,North,25007,91710.0,,17:02:39,17:03:14,13,3219,Broadway & 33rd St,0.0,7.0
2025-10-15,510,North,25007,91710.0,17:14:00,17:04:37,17:04:37,14,2861,Everett Station,0.0,0.0
2025-10-15,510,North,25008,91704.0,16:10:00,16:14:12,16:14:12,0,640,4th Ave S & S Jackson St,8.0,0.0
2025-10-15,510,North,25008,91704.0,,16:15:25,16:15:34,1,635,4th Ave S & S Washington St,0.0,0.0
2025-10-15,510,North,25008,91704.0,,16:19:29,16:20:36,2,2638,4th Ave & Cherry St,15.0,0.0
2025-10-15,510,North,25008,91704.0,,16:23:27,16:24:08,3,641,4th Ave & Seneca St,6.0,0.0
2025-10-15,510,North,25008,91704.0,16:16:00,16:25:03,16:25:53,4,2976,4th Ave & Pine St,11.0,0.0
2025-10-15,510,North,25008,91704.0,,16:26:49,16:28:02,5,473,Olive Way & 6th Ave,18.0,0.0
2025-10-15,510,North,25008,91704.0,16:20:00,16:29:28,16:30:11,6,430,Howell St & 9th Ave,5.0,1.0
2025-10-15,510,North,25008,91704.0,,16:34:03,16:35:02,7,431,Howell St & Yale Ave,9.0,1.0
2025-10-15,510,North,25008,91704.0,16:43:00,16:55:31,16:56:21,11,2766,Mountlake Terrace Fwy Station Bay 7,0.0,21.0
2025-10-15,510,North,25008,91704.0,17:06:00,17:08:49,17:10:36,12,2869,South Everett Fwy Station Bay 6,2.0,31.0
2025-10-15,510,North,25008,91704.0,,17:19:11,17:19:27,13,3219,Broadway & 33rd St,0.0,1.0
2025-10-15,510,North,25008,91704.0,17:29:00,17:20:53,17:20:53,14,2861,Everett Station,0.0,19.0
2025-10-15,510,North,25009,19810.0,16:25:00,16:25:20,16:25:20,0,640,4th Ave S & S Jackson St,2.0,0.0
2025-10-15,510,North,25009,19810.0,,16:26:05,16:26:16,1,635,4th Ave S & S Washington St,1.0,0.0
2025-10-15,510,North,25009,19810.0,,16:28:06,16:28:27,2,2638,4th Ave & Cherry St,2.0,0.0
2025-10-15,510,North,25009,19810.0,,16:31:28,16:31:47,3,641,4th Ave & Seneca St,3.0,0.0
2025-10-15,510,North,25009,19810.0,16:31:00,16:33:35,16:33:54,4,2976,4th Ave & Pine St,3.0,0.0
2025-10-15,510,North,25009,19810.0,,16:36:07,16:36:59,5,473,Olive Way & 6th Ave,10.0,0.0
2025-10-15,510,North,25009,19810.0,16:35:00,16:38:49,16:39:11,6,430,Howell St & 9th Ave,4.0,0.0
2025-10-15,510,North,25009,19810.0,,16:41:54,16:42:24,7,431,Howell St & Yale Ave,2.0,0.0
2025-10-15,510,North,25009,19810.0,16:58:00,17:04:02,17:04:39,11,2766,Mountlake Terrace Fwy Station Bay 7,1.0,2.0
2025-10-15,510,North,25009,19810.0,17:21:00,17:17:48,17:18:14,12,2869,South Everett Fwy Station Bay 6,0.0,17.0
2025-10-15,510,North,25009,19810.0,,17:26:42,17:26:42,13,3219,Broadway & 33rd St,0.0,0.0
2025-10-15,510,North,25009,19810.0,17:44:00,17:27:46,17:27:46,14,2861,Everett Station,0.0,9.0
2025-10-15,510,North,25010,91722.0,16:40:00,16:47:53,16:47:53,0,640,4th Ave S & S Jackson St,6.0,0.0
2025-10-15,510,North,25010,91722.0,,16:48:25,16:48:40,1,635,4th Ave S & S Washington St,0.0,0.0
2025-10-15,510,North,25010,91722.0,,16:51:48,16:52:28,2,2638,4th Ave & Cherry St,8.0,0.0
2025-10-15,510,North,25010,91722.0,,16:55:26,16:56:41,3,641,4th Ave & Seneca St,9.0,0.0
2025-10-15,510,North,25010,91722.0,16:46:00,16:59:00,16:59:33,4,2976,4th Ave & Pine St,8.0,0.0
2025-10-15,510,North,25010,91722.0,,17:01:13,17:02:28,5,473,Olive Way & 6th Ave,9.0,0.0
2025-10-15,510,North,25010,91722.0,16:50:00,17:05:42,17:06:18,6,430,Howell St & 9th Ave,9.0,0.0
2025-10-15,510,North,25010,91722.0,,17:09:04,17:09:34,7,431,Howell St & Yale Ave,3.0,0.0
2025-10-15,510,North,25010,91722.0,17:13:00,17:28:08,17:28:49,11,2766,Mountlake Terrace Fwy Station Bay 7,1.0,2.0
2025-10-15,510,North,25010,91722.0,17:36:00,17:42:15,17:43:38,12,2869,South Everett Fwy Station Bay 6,0.0,35.0
2025-10-15,510,North,25010,91722.0,,17:50:50,17:51:05,13,3219,Broadway & 33rd St,0.0,1.0
2025-10-15,510,North,25010,91722.0,17:59:00,17:52:18,17:52:18,14,2861,Everett Station,1.0,16.0
2025-10-15,510,North,25011,,16:55:00,,,0,640,4th Ave S & S Jackson St,,
2025-10-15,510,North,25011,,,,,1,635,4th Ave S & S Washington St,,
2025-10-15,510,North,25011,,,,,2,2638,4th Ave & Cherry St,,
2025-10-15,510,North,25011,,,,,3,641,4th Ave & Seneca St,,
2025-10-15,510,North,25011,,17:01:00,,,4,2976,4th Ave & Pine St,,
2025-10-15,510,North,25011,,,,,5,473,Olive Way & 6th Ave,,
2025-10-15,510,North,25011,,17:05:00,,,6,430,Howell St & 9th Ave,,
2025-10-15,510,North,25011,,,,,7,431,Howell St & Yale Ave,,
2025-10-15,510,North,25011,,17:27:00,,,11,2766,Mountlake Terrace Fwy Station Bay 7,,
2025-10-15,510,North,25011,,17:50:00,,,12,2869,South Everett Fwy Station Bay 6,,
2025-10-15,510,North,25011,,,,,13,3219,Broadway & 33rd St,,
2025-10-15,510,North,25011,,18:09:00,,,14,2861,Everett Station,,
2025-10-15,510,North,25012,91909.0,17:10:00,17:10:44,17:10:44,0,640,4th Ave S & S Jackson St,3.0,0.0
2025-10-15,510,North,25012,91909.0,,17:12:11,17:12:32,1,635,4th Ave S & S Washington St,1.0,0.0
2025-10-15,510,North,25012,91909.0,,17:14:20,17:15:15,2,2638,4th Ave & Cherry St,8.0,0.0
2025-10-15,510,North,25012,91909.0,,17:17:56,17:19:15,3,641,4th Ave & Seneca St,8.0,0.0
2025-10-15,510,North,25012,91909.0,17:16:00,17:20:40,17:21:16,4,2976,4th Ave & Pine St,4.0,0.0
2025-10-15,510,North,25012,91909.0,,17:22:24,17:23:29,5,473,Olive Way & 6th Ave,12.0,0.0
2025-10-15,510,North,25012,91909.0,17:20:00,17:25:06,17:25:31,6,430,Howell St & 9th Ave,2.0,0.0
2025-10-15,510,North,25012,91909.0,,17:29:38,17:30:20,7,431,Howell St & Yale Ave,5.0,0.0
2025-10-15,510,North,25012,91909.0,17:42:00,17:48:10,17:48:37,11,2766,Mountlake Terrace Fwy Station Bay 7,0.0,2.0
2025-10-15,510,North,25012,91909.0,18:05:00,18:01:22,18:02:28,12,2869,South Everett Fwy Station Bay 6,0.0,24.0
2025-10-15,510,North,25012,91909.0,,18:10:30,18:10:30,13,3219,Broadway & 33rd St,0.0,0.0
2025-10-15,510,North,25012,91909.0,18:21:00,18:11:39,18:11:39,14,2861,Everett Station,0.0,17.0
2025-10-15,510,North,25013,91912.0,17:25:00,17:27:01,17:27:01,0,640,4th Ave S & S Jackson St,1.0,0.0
2025-10-15,510,North,25013,91912.0,,17:27:37,17:27:46,1,635,4th Ave S & S Washington St,0.0,0.0
2025-10-15,510,North,25013,91912.0,,17:29:17,17:29:46,2,2638,4th Ave & Cherry St,6.0,0.0
2025-10-15,510,North,25013,91912.0,,17:32:36,17:33:09,3,641,4th Ave & Seneca St,6.0,0.0
2025-10-15,510,North,25013,91912.0,17:31:00,17:34:11,17:35:10,4,2976,4th Ave & Pine St,10.0,0.0
2025-10-15,510,North,25013,91912.0,,17:36:08,17:36:57,5,473,Olive Way & 6th Ave,5.0,0.0
2025-10-15,510,North,25013,91912.0,17:35:00,17:38:47,17:39:13,6,430,Howell St & 9th Ave,1.0,0.0
2025-10-15,510,North,25013,91912.0,,17:41:34,17:41:48,7,431,Howell St & Yale Ave,1.0,0.0
2025-10-15,510,North,25013,91912.0,17:56:00,17:58:47,17:59:54,11,2766,Mountlake Terrace Fwy Station Bay 7,1.0,5.0
2025-10-15,510,North,25013,91912.0,18:18:00,18:11:34,18:12:08,12,2869,South Everett Fwy Station Bay 6,0.0,12.0
2025-10-15,510,North,25013,91912.0,,18:19:38,18:19:38,13,3219,Broadway & 33rd St,0.0,0.0
2025-10-15,510,North,25013,91912.0,18:33:00,18:21:09,18:21:09,14,2861,Everett Station,0.0,14.0
2025-10-15,510,North,25014,91706.0,17:45:00,17:46:29,17:46:29,0,640,4th Ave S & S Jackson St,7.0,0.0
2025-10-15,510,North,25014,91706.0,,17:47:04,17:47:04,1,635,4th Ave S & S Washington St,0.0,0.0
2025-10-15,510,North,25014,91706.0,,17:47:50,17:48:18,2,2638,4th Ave & Cherry St,6.0,0.0
2025-10-15,510,North,25014,91706.0,,17:49:33,17:49:53,3,641,4th Ave & Seneca St,3.0,0.0
2025-10-15,510,North,25014,91706.0,17:51:00,17:51:56,17:52:56,4,2976,4th Ave & Pine St,6.0,0.0
2025-10-15,510,North,25014,91706.0,,17:54:03,17:55:13,5,473,Olive Way & 6th Ave,15.0,0.0
2025-10-15,510,North,25014,91706.0,17:55:00,17:56:32,17:56:54,6,430,Howell St & 9th Ave,1.0,0.0
2025-10-15,510,North,25014,91706.0,,17:59:35,18:00:27,7,431,Howell St & Yale Ave,6.0,1.0
2025-10-15,510,North,25014,91706.0,18:13:00,18:14:57,18:15:42,11,2766,Mountlake Terrace Fwy Station Bay 7,2.0,14.0
2025-10-15,510,North,25014,91706.0,18:32:00,18:28:11,18:28:52,12,2869,South Everett Fwy Station Bay 6,0.0,12.0
2025-10-15,510,North,25014,91706.0,,18:35:55,18:36:18,13,3219,Broadway & 33rd St,0.0,3.0
2025-10-15,510,North,25014,91706.0,18:43:00,18:37:25,18:37:25,14,2861,Everett Station,1.0,17.0
2025-10-15,510,North,25015,19855.0,18:05:00,18:05:20,18:05:20,0,640,4th Ave S & S Jackson St,8.0,0.0
2025-10-15,510,North,25015,19855.0,,18:06:40,18:06:49,1,635,4th Ave S & S Washington St,0.0,0.0
2025-10-15,510,North,25015,19855.0,,18:08:21,18:08:55,2,2638,4th Ave & Cherry St,4.0,0.0
2025-10-15,510,North,25015,19855.0,,18:10:41,18:11:50,3,641,4th Ave & Seneca St,10.0,2.0
2025-10-15,510,North,25015,19855.0,18:11:00,18:13:23,18:14:29,4,2976,4th Ave & Pine St,5.0,0.0
2025-10-15,510,North,25015,19855.0,,18:16:15,18:17:46,5,473,Olive Way & 6th Ave,3.0,0.0
2025-10-15,510,North,25015,19855.0,18:14:00,18:19:06,18:19:58,6,430,Howell St & 9th Ave,5.0,0.0
2025-10-15,510,North,25015,19855.0,,18:23:38,18:24:12,7,431,Howell St & Yale Ave,4.0,1.0
2025-10-15,510,North,25015,19855.0,18:32:00,18:38:41,18:39:16,11,2766,Mountlake Terrace Fwy Station Bay 7,0.0,5.0
2025-10-15,510,North,25015,19855.0,18:48:00,18:51:12,18:52:04,12,2869,South Everett Fwy Station Bay 6,0.0,14.0
2025-10-15,510,North,25015,19855.0,,18:59:32,18:59:54,13,3219,Broadway & 33rd St,0.0,1.0
2025-10-15,510,North,25015,19855.0,18:59:00,19:01:36,19:01:36,14,2861,Everett Station,0.0,16.0
2025-10-15,510,North,25016,19812.0,18:30:00,18:43:40,18:43:40,0,640,4th Ave S & S Jackson St,6.0,0.0
2025-10-15,510,North,25016,19812.0,,18:44:16,18:44:27,1,635,4th Ave S & S Washington St,0.0,0.0
2025-10-15,510,North,25016,19812.0,,18:45:48,18:46:04,2,2638,4th Ave & Cherry St,2.0,0.0
2025-10-15,510,North,25016,19812.0,,18:47:30,18:48:04,3,641,4th Ave & Seneca St,1.0,3.0
2025-10-15,510,North,25016,19812.0,18:36:00,18:50:10,18:50:31,4,2976,4th Ave & Pine St,2.0,0.0
2025-10-15,510,North,25016,19812.0,,18:52:13,18:53:31,5,473,Olive Way & 6th Ave,4.0,0.0
2025-10-15,510,North,25016,19812.0,18:39:00,18:54:15,18:54:40,6,430,Howell St & 9th Ave,1.0,0.0
2025-10-15,510,North,25016,19812.0,,18:58:07,18:58:17,7,431,Howell St & Yale Ave,0.0,0.0
2025-10-15,510,North,25016,19812.0,18:57:00,19:12:40,19:12:59,11,2766,Mountlake Terrace Fwy Station Bay 7,1.0,0.0
2025-10-15,510,North,25016,19812.0,19:12:00,19:24:12,19:24:39,12,2869,South Everett Fwy Station Bay 6,0.0,5.0
2025-10-15,510,North,25016,19812.0,,19:31:44,19:32:00,13,3219,Broadway & 33rd St,0.0,3.0
2025-10-15,510,North,25016,19812.0,19:22:00,19:33:12,19:33:12,14,2861,Everett Station,0.0,6.0
2025-10-15,510,South,25017,9566.0,04:05:00,04:12:45,04:12:45,0,2986,Hewitt Ave & Fulton St,1.0,0.0
2025-10-15,510,South,25017,9566.0,,04:13:48,04:13:48,1,2440,Hewitt Ave & Lombard Ave,0.0,0.0
2025-10-15,510,South,25017,9566.0,,04:16:18,04:16:32,2,2355,Wetmore Ave & Wall St,1.0,0.0
2025-10-15,510,South,25017,9566.0,,04:17:14,04:17:14,3,2359,Pacific Ave & Rockefeller Ave,0.0,0.0
2025-10-15,510,South,25017,9566.0,04:11:00,04:18:59,04:20:05,4,2345,Everett Station Bay C1,16.0,0.0
2025-10-15,510,South,25017,9566.0,,04:21:43,04:21:43,5,2367,Broadway & 34th St,0.0,0.0
2025-10-15,510,South,25017,9566.0,04:20:00,04:28:55,04:29:33,6,2868,South Everett Fwy Station Bay 3,6.0,0.0
2025-10-15,510,South,25017,9566.0,04:31:00,04:40:16,04:40:38,7,2765,Mountlake Terrace Fwy Station Bay 6,0.0,0.0
2025-10-15,510,South,25017,9566.0,04:48:00,04:55:18,04:56:08,11,1909,Stewart St & 9th Ave,0.0,5.0
2025-10-15,510,South,25017,9566.0,,04:57:09,04:57:23,12,1908,Stewart St & 7th Ave,0.0,2.0
2025-10-15,510,South,25017,9566.0,04:52:00,04:58:32,04:59:25,13,2698,5th Ave & Pine St,0.0,5.0
2025-10-15,510,South,25017,9566.0,,05:00:24,05:00:39,14,2700,5th Ave & Seneca St,0.0,2.0
2025-10-15,510,South,25017,9566.0,,05:01:38,05:01:57,15,2702,5th Ave & Marion St,0.0,4.0
2025-10-15,510,South,25017,9566.0,,05:02:48,05:03:21,16,2290,5th Ave & Jefferson St,0.0,2.0
2025-10-15,510,South,25017,9566.0,05:00:00,05:05:04,05:05:04,17,2706,5th Ave S & S Jackson St,0.0,4.0
2025-10-15,510,South,25018,91903.0,04:40:00,04:40:12,04:40:12,0,2986,Hewitt Ave & Fulton St,3.0,0.0
2025-10-15,510,South,25018,91903.0,,04:40:59,04:40:59,1,2440,Hewitt Ave & Lombard Ave,0.0,0.0
2025-10-15,510,South,25018,91903.0,,04:42:36,04:43:02,2,2355,Wetmore Ave & Wall St,2.0,0.0
2025-10-15,510,South,25018,91903.0,,04:43:48,04:44:00,3,2359,Pacific Ave & Rockefeller Ave,1.0,0.0
2025-10-15,510,South,25018,91903.0,04:46:00,04:45:59,04:47:08,4,2345,Everett Station Bay C1,16.0,0.0
2025-10-15,510,South,25018,91903.0,,04:48:43,04:48:43,5,2367,Broadway & 34th St,0.0,0.0
2025-10-15,510,South,25018,91903.0,04:57:00,04:55:28,04:58:18,6,2868,South Everett Fwy Station Bay 3,21.0,1.0
2025-10-15,510,South,25018,91903.0,05:08:00,05:08:26,05:08:57,7,2765,Mountlake Terrace Fwy Station Bay 6,4.0,1.0
2025-10-15,510,South,25018,91903.0,05:26:00,05:22:40,05:23:14,11,1909,Stewart St & 9th Ave,0.0,10.0
2025-10-15,510,South,25018,91903.0,,05:24:02,05:24:26,12,1908,Stewart St & 7th Ave,0.0,2.0
2025-10-15,510,South,25018,91903.0,05:30:00,05:25:27,05:26:20,13,2698,5th Ave & Pine St,0.0,4.0
2025-10-15,510,South,25018,91903.0,,05:27:13,05:27:42,14,2700,5th Ave & Seneca St,0.0,7.0
2025-10-15,510,South,25018,91903.0,,05:28:29,05:29:10,15,2702,5th Ave & Marion St,0.0,12.0
2025-10-15,510,South,25018,91903.0,,05:29:49,05:30:08,16,2290,5th Ave & Jefferson St,0.0,1.0
2025-10-15,510,South,25018,91903.0,05:38:00,05:31:31,05:31:31,17,2706,5th Ave S & S Jackson St,0.0,9.0
2025-10-15,510,South,25019,91901.0,05:10:00,05:10:41,05:10:41,0,2345,Everett Station Bay C1,13.0,0.0
2025-10-15,510,South,25019,91901.0,,05:12:22,05:12:38,1,2367,Broadway & 34th St,1.0,0.0
2025-10-15,510,South,25019,91901.0,05:20:00,05:19:34,05:21:01,2,2868,South Everett Fwy Station Bay 3,20.0,1.0
2025-10-15,510,South,25019,91901.0,05:31:00,05:31:48,05:32:29,3,2765,Mountlake Terrace Fwy Station Bay 6,7.0,0.0
2025-10-15,510,South,25019,91901.0,05:49:00,05:47:19,05:47:52,7,1909,Stewart St & 9th Ave,0.0,8.0
2025-10-15,510,South,25019,91901.0,,05:49:07,05:49:24,8,1908,Stewart St & 7th Ave,0.0,3.0
2025-10-15,510,South,25019,91901.0,05:54:00,05:50:29,05:51:21,9,2698,5th Ave & Pine St,0.0,4.0
2025-10-15,510,South,25019,91901.0,,05:52:22,05:52:52,10,2700,5th Ave & Seneca St,0.0,8.0
2025-10-15,510,South,25019,91901.0,,05:53:42,05:54:15,11,2702,5th Ave & Marion St,0.0,8.0
2025-10-15,510,South,25019,91901.0,,05:55:10,05:55:36,12,2290,5th Ave & Jefferson St,0.0,9.0
2025-10-15,510,South,25019,91901.0,06:03:00,05:57:29,05:57:29,13,2706,5th Ave S & S Jackson St,0.0,0.0
2025-10-15,510,South,25020,91902.0,05:40:00,05:40:31,05:40:31,0,2345,Everett Station Bay C1,34.0,0.0
2025-10-15,510,South,25020,91902.0,,05:42:16,05:42:16,1,2367,Broadway & 34th St,0.0,0.0
2025-10-15,510,South,25020,91902.0,05:50:00,05:50:01,05:51:06,2,2868,South Everett Fwy Station Bay 3,17.0,0.0
2025-10-15,510,South,25020,91902.0,06:01:00,06:01:24,06:01:35,3,2765,Mountlake Terrace Fwy Station Bay 6,0.0,1.0
2025-10-15,510,South,25020,91902.0,06:22:00,06:14:58,06:15:46,7,1909,Stewart St & 9th Ave,0.0,9.0
2025-10-15,510,South,25020,91902.0,,06:16:40,06:17:05,8,1908,Stewart St & 7th Ave,0.0,3.0
2025-10-15,510,South,25020,91902.0,06:28:00,06:18:18,06:19:35,9,2698,5th Ave & Pine St,0.0,8.0
2025-10-15,510,South,25020,91902.0,,06:20:29,06:21:13,10,2700,5th Ave & Seneca St,0.0,13.0
2025-10-15,510,South,25020,91902.0,,06:22:02,06:22:46,11,2702,5th Ave & Marion St,0.0,5.0
2025-10-15,510,South,25020,91902.0,,06:23:58,06:24:29,12,2290,5th Ave & Jefferson St,0.0,12.0
2025-10-15,510,South,25020,91902.0,06:38:00,06:26:13,06:26:13,13,2706,5th Ave S & S Jackson St,0.0,0.0
2025-10-15,510,South,25021,9566.0,05:52:00,05:52:18,05:52:18,0,2345,Everett Station Bay C1,22.0,0.0
2025-10-15,510,South,25021,9566.0,,05:54:40,05:54:59,1,2367,Broadway & 34th St,2.0,0.0
2025-10-15,510,South,25021,9566.0,06:02:00,06:02:37,06:03:51,2,2868,South Everett Fwy Station Bay 3,17.0,1.0
2025-10-15,510,South,25021,9566.0,06:14:00,06:15:01,06:15:20,3,2765,Mountlake Terrace Fwy Station Bay 6,0.0,1.0
2025-10-15,510,South,25021,9566.0,06:35:00,06:30:03,06:30:30,7,1909,Stewart St & 9th Ave,0.0,3.0
2025-10-15,510,South,25021,9566.0,,06:31:46,06:32:18,8,1908,Stewart St & 7th Ave,0.0,4.0
2025-10-15,510,South,25021,9566.0,06:41:00,06:33:39,06:34:40,9,2698,5th Ave & Pine St,0.0,7.0
2025-10-15,510,South,25021,9566.0,,06:36:46,06:37:10,10,2700,5th Ave & Seneca St,0.0,6.0
2025-10-15,510,South,25021,9566.0,,06:38:39,06:39:20,11,2702,5th Ave & Marion St,0.0,11.0
2025-10-15,510,South,25021,9566.0,,06:40:32,06:41:02,12,2290,5th Ave & Jefferson St,0.0,8.0
2025-10-15,510,South,25021,9566.0,06:51:00,06:43:04,06:43:04,13,2706,5th Ave S & S Jackson St,0.0,0.0
2025-10-15,510,South,25022,91907.0,06:04:00,06:05:36,06:05:36,0,2345,Everett Station Bay C1,17.0,0.0
2025-10-15,510,South,25022,91907.0,,06:06:50,06:07:07,1,2367,Broadway & 34th St,1.0,0.0
2025-10-15,510,South,25022,91907.0,06:14:00,06:13:49,06:14:57,2,2868,South Everett Fwy Station Bay 3,12.0,0.0
2025-10-15,510,South,25022,91907.0,06:26:00,06:25:47,06:26:55,3,2765,Mountlake Terrace Fwy Station Bay 6,3.0,2.0
2025-10-15,510,South,25022,91907.0,06:48:00,06:41:27,06:41:56,7,1909,Stewart St & 9th Ave,0.0,5.0
2025-10-15,510,South,25022,91907.0,,06:42:29,06:43:09,8,1908,Stewart St & 7th Ave,0.0,7.0
2025-10-15,510,South,25022,91907.0,06:54:00,06:45:19,06:46:33,9,2698,5th Ave & Pine St,0.0,6.0
2025-10-15,510,South,25022,91907.0,,06:47:20,06:47:44,10,2700,5th Ave & Seneca St,0.0,3.0
2025-10-15,510,South,25022,91907.0,,06:48:58,06:49:45,11,2702,5th Ave & Marion St,0.0,5.0
2025-10-15,510,South,25022,91907.0,,06:50:53,06:51:17,12,2290,5th Ave & Jefferson St,0.0,5.0
2025-10-15,510,South,25022,91907.0,07:04:00,06:53:56,06:53:56,13,2706,5th Ave S & S Jackson St,0.0,0.0
2025-10-15,510,South,25023,91717.0,06:16:00,06:18:53,06:18:53,0,2345,Everett Station Bay C1,14.0,0.0
2025-10-15,510,South,25023,91717.0,,06:20:52,06:20:52,1,2367,Broadway & 34th St,0.0,0.0
2025-10-15,510,South,25023,91717.0,06:26:00,06:28:26,06:29:55,2,2868,South Everett Fwy Station Bay 3,27.0,0.0
2025-10-15,510,South,25023,91717.0,06:38:00,06:41:19,06:41:37,3,2765,Mountlake Terrace Fwy Station Bay 6,1.0,1.0
2025-10-15,510,South,25023,91717.0,07:00:00,06:56:34,06:56:54,7,1909,Stewart St & 9th Ave,0.0,5.0
2025-10-15,510,South,25023,91717.0,,06:57:51,06:58:17,8,1908,Stewart St & 7th Ave,0.0,13.0
2025-10-15,510,South,25023,91717.0,07:06:00,07:00:18,07:01:35,9,2698,5th Ave & Pine St,0.0,8.0
2025-10-15,510,South,25023,91717.0,,07:02:28,07:03:04,10,2700,5th Ave & Seneca St,1.0,7.0
2025-10-15,510,South,25023,91717.0,,07:04:02,07:04:46,11,2702,5th Ave & Marion St,0.0,6.0
2025-10-15,510,South,25023,91717.0,,07:05:54,07:06:22,12,2290,5th Ave & Jefferson St,0.0,3.0
2025-10-15,510,South,25023,91717.0,07:17:00,07:08:55,07:08:55,13,2706,5th Ave S & S Jackson St,0.0,0.0
2025-10-15,510,South,25024,91913.0,06:28:00,06:28:05,06:28:05,0,2345,Everett Station Bay C1,15.0,0.0
2025-10-15,510,South,25024,91913.0,,06:30:18,06:30:58,1,2367,Broadway & 34th St,3.0,0.0
2025-10-15,510,South,25024,91913.0,06:38:00,06:38:07,06:39:16,2,2868,South Everett Fwy Station Bay 3,17.0,0.0
2025-10-15,510,South,25024,91913.0,06:50:00,06:51:54,06:52:32,3,2765,Mountlake Terrace Fwy Station Bay 6,9.0,1.0
2025-10-15,510,South,25024,91913.0,07:13:00,07:09:57,07:10:26,7,1909,Stewart St & 9th Ave,1.0,8.0
2025-10-15,510,South,25024,91913.0,,07:10:56,07:11:27,8,1908,Stewart St & 7th Ave,0.0,9.0
2025-10-15,510,South,25024,91913.0,07:19:00,07:12:24,07:13:34,9,2698,5th Ave & Pine St,0.0,2.0
2025-10-15,510,South,25024,91913.0,,07:14:27,07:14:55,10,2700,5th Ave & Seneca St,0.0,8.0
2025-10-15,510,South,25024,91913.0,,07:16:05,07:16:42,11,2702,5th Ave & Marion St,0.0,14.0
2025-10-15,510,South,25024,91913.0,,07:17:58,07:18:22,12,2290,5th Ave & Jefferson St,0.0,3.0
2025-10-15,510,South,25024,91913.0,07:30:00,07:20:46,07:20:46,13,2706,5th Ave S & S Jackson St,0.0,0.0
2025-10-15,510,South,25025,91719.0,06:40:00,06:43:27,06:43:27,0,2345,Everett Station Bay C1,11.0,0.0
2025-10-15,510,South,25025,91719.0,,,,1,2367,Broadway & 34th St,,
2025-10-15,510,South,25025,91719.0,06:50:00,06:51:45,06:53:32,2,2868,South Everett Fwy Station Bay 3,28.0,0.0
2025-10-15,510,South,25025,91719.0,07:03:00,07:05:44,07:06:51,3,2765,Mountlake Terrace Fwy Station Bay 6,7.0,0.0
2025-10-15,510,South,25025,91719.0,07:28:00,07:25:06,07:26:15,7,1909,Stewart St & 9th Ave,0.0,8.0
2025-10-15,510,South,25025,91719.0,,07:27:14,07:28:05,8,1908,Stewart St & 7th Ave,1.0,11.0
2025-10-15,510,South,25025,91719.0,07:34:00,07:30:27,07:31:40,9,2698,5th Ave & Pine St,0.0,4.0
2025-10-15,510,South,25025,91719.0,,07:33:32,07:34:23,10,2700,5th Ave & Seneca St,1.0,10.0
2025-10-15,510,South,25025,91719.0,,07:35:43,07:36:33,11,2702,5th Ave & Marion St,0.0,10.0
2025-10-15,510,South,25025,91719.0,,07:37:34,07:38:00,12,2290,5th Ave & Jefferson St,0.0,2.0
2025-10-15,510,South,25025,91719.0,07:47:00,07:40:49,07:40:49,13,2706,5th Ave S & S Jackson St,1.0,4.0
2025-10-15,510,South,25026,91728.0,06:52:00,06:52:12,06:52:12,0,2345,Everett Station Bay C1,18.0,0.0
2025-10-15,510,South,25026,91728.0,,06:55:23,06:55:41,1,2367,Broadway & 34th St,1.0,0.0
2025-10-15,510,South,25026,91728.0,07:02:00,07:03:13,07:04:44,2,2868,South Everett Fwy Station Bay 3,25.0,0.0
2025-10-15,510,South,25026,91728.0,07:15:00,07:18:32,07:19:04,3,2765,Mountlake Terrace Fwy Station Bay 6,5.0,0.0
2025-10-15,510,South,25026,91728.0,07:40:00,07:38:16,07:39:45,7,1909,Stewart St & 9th Ave,5.0,18.0
2025-10-15,510,South,25026,91728.0,,07:40:42,07:41:18,8,1908,Stewart St & 7th Ave,0.0,5.0
2025-10-15,510,South,25026,91728.0,07:46:00,07:42:24,07:43:36,9,2698,5th Ave & Pine St,1.0,7.0
2025-10-15,510,South,25026,91728.0,,07:45:56,07:46:35,10,2700,5th Ave & Seneca St,2.0,9.0
2025-10-15,510,South,25026,91728.0,,07:47:41,07:48:24,11,2702,5th Ave & Marion St,0.0,11.0
2025-10-15,510,South,25026,91728.0,,07:49:31,07:50:03,12,2290,5th Ave & Jefferson St,0.0,6.0
2025-10-15,510,South,25026,91728.0,07:59:00,07:52:27,07:52:27,13,2706,5th Ave S & S Jackson St,0.0,1.0
2025-10-15,510,South,25027,91712.0,07:04:00,07:10:13,07:10:13,0,2345,Everett Station Bay C1,15.0,0.0
2025-10-15,510,South,25027,91712.0,,,,1,2367,Broadway & 34th St,,
2025-10-15,510,South,25027,91712.0,07:14:00,07:19:35,07:20:53,2,2868,South Everett Fwy Station Bay 3,17.0,0.0
2025-10-15,510,South,25027,91712.0,07:28:00,07:38:03,07:39:31,3,2765,Mountlake Terrace Fwy Station Bay 6,12.0,1.0
2025-10-15,510,South,25027,91712.0,07:59:00,08:07:51,08:08:42,7,1909,Stewart St & 9th Ave,2.0,12.0
2025-10-15,510,South,25027,91712.0,,08:09:33,08:10:26,8,1908,Stewart St & 7th Ave,0.0,14.0
2025-10-15,510,South,25027,91712.0,08:05:00,08:14:05,08:15:09,9,2698,5th Ave & Pine St,0.0,4.0
2025-10-15,510,South,25027,91712.0,,08:19:07,08:19:39,10,2700,5th Ave & Seneca St,0.0,3.0
2025-10-15,510,South,25027,91712.0,,08:20:56,08:21:30,11,2702,5th Ave & Marion St,0.0,8.0
2025-10-15,510,South,25027,91712.0,,08:25:08,08:25:29,12,2290,5th Ave & Jefferson St,0.0,2.0
2025-10-15,510,South,25027,91712.0,08:20:00,08:29:16,08:29:16,13,2706,5th Ave S & S Jackson St,0.0,2.0
2025-10-15,510,South,25028,19812.0,07:16:00,07:16:44,07:16:44,0,2345,Everett Station Bay C1,8.0,0.0
2025-10-15,510,South,25028,19812.0,,07:18:31,07:18:31,1,2367,Broadway & 34th St,0.0,0.0
2025-10-15,510,South,25028,19812.0,07:26:00,07:26:09,07:26:54,2,2868,South Everett Fwy Station Bay 3,10.0,0.0
2025-10-15,510,South,25028,19812.0,07:40:00,07:44:11,07:44:29,3,2765,Mountlake Terrace Fwy Station Bay 6,4.0,0.0
2025-10-15,510,South,25028,19812.0,08:11:00,08:14:36,08:14:54,7,1909,Stewart St & 9th Ave,0.0,7.0
2025-10-15,510,South,25028,19812.0,,08:15:33,08:15:51,8,1908,Stewart St & 7th Ave,0.0,7.0
2025-10-15,510,South,25028,19812.0,08:17:00,08:18:26,08:19:42,9,2698,5th Ave & Pine St,1.0,5.0
2025-10-15,510,South,25028,19812.0,,08:21:32,08:21:45,10,2700,5th Ave & Seneca St,0.0,1.0
2025-10-15,510,South,25028,19812.0,,08:23:30,08:23:41,11,2702,5th Ave & Marion St,0.0,3.0
2025-10-15,510,South,25028,19812.0,,08:25:20,08:25:36,12,2290,5th Ave & Jefferson St,0.0,0.0
2025-10-15,510,South,25028,19812.0,08:34:00,08:29:34,08:29:34,13,2706,5th Ave S & S Jackson St,0.0,0.0
2025-10-15,510,South,25029,91720.0,07:28:00,07:29:31,07:29:31,0,2345,Everett Station Bay C1,12.0,0.0
2025-10-15,510,South,25029,91720.0,,07:33:24,07:34:00,1,2367,Broadway & 34th St,3.0,0.0
2025-10-15,510,South,25029,91720.0,07:38:00,07:41:54,07:44:45,2,2868,South Everett Fwy Station Bay 3,33.0,2.0
2025-10-15,510,South,25029,91720.0,07:52:00,08:00:35,08:01:49,3,2765,Mountlake Terrace Fwy Station Bay 6,15.0,4.0
2025-10-15,510,South,25029,91720.0,08:23:00,08:40:48,08:40:48,7,1909,Stewart St & 9th Ave,2.0,20.0
2025-10-15,510,South,25029,91720.0,,08:41:08,08:42:46,8,1908,Stewart St & 7th Ave,1.0,16.0
2025-10-15,510,South,25029,91720.0,08:29:00,08:45:28,08:46:37,9,2698,5th Ave & Pine St,1.0,2.0
2025-10-15,510,South,25029,91720.0,,08:48:50,08:49:55,10,2700,5th Ave & Seneca St,1.0,4.0
2025-10-15,510,South,25029,91720.0,,08:50:54,08:51:32,11,2702,5th Ave & Marion St,0.0,10.0
2025-10-15,510,South,25029,91720.0,,08:53:34,08:53:56,12,2290,5th Ave & Jefferson St,1.0,7.0
2025-10-15,510,South,25029,91720.0,08:47:00,08:57:29,08:57:29,13,2706,5th Ave S & S Jackson St,5.0,9.0
2025-10-15,510,South,25030,91704.0,07:43:00,07:42:53,07:42:53,0,2345,Everett Station Bay C1,9.0,0.0
2025-10-15,510,South,25030,91704.0,,07:44:53,07:44:53,1,2367,Broadway & 34th St,0.0,0.0
2025-10-15,510,South,25030,91704.0,07:53:00,07:51:46,07:53:10,2,2868,South Everett Fwy Station Bay 3,16.0,0.0
2025-10-15,510,South,25030,91704.0,08:07:00,08:05:34,08:06:02,3,2765,Mountlake Terrace Fwy Station Bay 6,2.0,0.0
2025-10-15,510,South,25030,91704.0,08:38:00,08:32:29,08:32:52,7,1909,Stewart St & 9th Ave,0.0,5.0
2025-10-15,510,South,25030,91704.0,,08:33:24,08:33:48,8,1908,Stewart St & 7th Ave,0.0,8.0
2025-10-15,510,South,25030,91704.0,08:44:00,08:34:52,08:36:00,9,2698,5th Ave & Pine St,2.0,4.0
2025-10-15,510,South,25030,91704.0,,08:37:00,08:37:30,10,2700,5th Ave & Seneca St,0.0,5.0
2025-10-15,510,South,25030,91704.0,,08:38:34,08:39:17,11,2702,5th Ave & Marion St,1.0,7.0
2025-10-15,510,South,25030,91704.0,,08:41:28,08:41:47,12,2290,5th Ave & Jefferson St,0.0,1.0
2025-10-15,510,South,25030,91704.0,09:02:00,08:43:47,08:43:47,13,2706,5th Ave S & S Jackson St,0.0,0.0
2025-10-15,510,South,25031,91726.0,07:58:00,,,0,2345,Everett Station Bay C1,,
2025-10-15,510,South,25031,91726.0,,,,1,2367,Broadway & 34th St,,
2025-10-15,510,South,25031,91726.0,08:08:00,08:08:20,08:08:20,2,2868,South Everett Fwy Station Bay 3,30.0,0.0
2025-10-15,510,South,25031,91726.0,08:22:00,08:21:10,08:21:30,3,2765,Mountlake Terrace Fwy Station Bay 6,0.0,1.0
2025-10-15,510,South,25031,91726.0,08:53:00,09:09:27,09:10:01,7,1909,Stewart St & 9th Ave,0.0,10.0
2025-10-15,510,South,25031,91726.0,,09:10:44,09:11:30,8,1908,Stewart St & 7th Ave,0.0,10.0
2025-10-15,510,South,25031,91726.0,08:59:00,09:13:49,09:15:02,9,2698,5th Ave & Pine St,1.0,4.0
2025-10-15,510,South,25031,91726.0,,09:17:11,09:17:38,10,2700,5th Ave & Seneca St,0.0,5.0
2025-10-15,510,South,25031,91726.0,,09:19:07,09:19:46,11,2702,5th Ave & Marion St,0.0,1.0
2025-10-15,510,South,25031,91726.0,,09:21:59,09:22:11,12,2290,5th Ave & Jefferson St,0.0,0.0
2025-10-15,510,South,25031,91726.0,09:17:00,09:24:19,09:24:19,13,2706,5th Ave S & S Jackson St,0.0,0.0
2025-10-15,510,South,25032,91910.0,08:18:00,08:18:50,08:18:50,0,2345,Everett Station Bay C1,16.0,0.0
2025-10-15,510,South,25032,91910.0,,08:21:52,08:21:52,1,2367,Broadway & 34th St,0.0,0.0
2025-10-15,510,South,25032,91910.0,08:29:00,08:29:47,08:31:44,2,2868,South Everett Fwy Station Bay 3,31.0,0.0
2025-10-15,510,South,25032,91910.0,08:42:00,08:43:56,08:44:25,3,2765,Mountlake Terrace Fwy Station Bay 6,3.0,1.0
2025-10-15,510,South,25032,91910.0,09:13:00,09:29:38,09:30:41,7,1909,Stewart St & 9th Ave,1.0,23.0
2025-10-15,510,South,25032,91910.0,,09:31:41,09:32:22,8,1908,Stewart St & 7th Ave,0.0,16.0
2025-10-15,510,South,25032,91910.0,09:19:00,09:36:19,09:37:34,9,2698,5th Ave & Pine St,0.0,2.0
2025-10-15,510,South,25032,91910.0,,09:38:34,09:38:54,10,2700,5th Ave & Seneca St,0.0,3.0
2025-10-15,510,South,25032,91910.0,,09:40:06,09:40:46,11,2702,5th Ave & Marion St,0.0,4.0
2025-10-15,510,South,25032,91910.0,,09:43:02,09:43:24,12,2290,5th Ave & Jefferson St,0.0,2.0
2025-10-15,510,South,25032,91910.0,09:37:00,09:47:19,09:47:19,13,2706,5th Ave S & S Jackson St,0.0,0.0
2025-10-15,510,South,25033,91725.0,08:38:00,08:38:13,08:38:13,0,2345,Everett Station Bay C1,10.0,0.0
2025-10-15,510,South,25033,91725.0,,08:39:59,08:39:59,1,2367,Broadway & 34th St,0.0,0.0
2025-10-15,510,South,25033,91725.0,08:49:00,08:47:07,08:50:16,2,2868,South Everett Fwy Station Bay 3,13.0,0.0
2025-10-15,510,South,25033,91725.0,09:02:00,09:01:44,09:01:51,3,2765,Mountlake Terrace Fwy Station Bay 6,0.0,0.0
2025-10-15,510,South,25033,91725.0,09:33:00,09:31:22,09:31:58,7,1909,Stewart St & 9th Ave,0.0,9.0
2025-10-15,510,South,25033,91725.0,,09:33:09,09:33:36,8,1908,Stewart St & 7th Ave,0.0,6.0
2025-10-15,510,South,25033,91725.0,09:39:00,09:36:24,09:37:32,9,2698,5th Ave & Pine St,0.0,3.0
2025-10-15,510,South,25033,91725.0,,09:39:45,09:40:49,10,2700,5th Ave & Seneca St,1.0,4.0
2025-10-15,510,South,25033,91725.0,,09:41:35,09:42:13,11,2702,5th Ave & Marion St,0.0,1.0
2025-10-15,510,South,25033,91725.0,,09:43:21,09:43:36,12,2290,5th Ave & Jefferson St,0.0,1.0
2025-10-15,510,South,25033,91725.0,09:57:00,09:46:15,09:46:15,13,2706,5th Ave S & S Jackson St,0.0,0.0
2025-10-16,510,North,25001,91913.0,14:00:00,14:00:18,14:00:18,0,640,4th Ave S & S Jackson St,3.0,0.0
2025-10-16,510,North,25001,91913.0,,14:00:47,14:00:47,1,635,4th Ave S & S Washington St,0.0,0.0
2025-10-16,510,North,25001,91913.0,,14:02:10,14:02:46,2,2638,4th Ave & Cherry St,7.0,0.0
2025-10-16,510,North,25001,91913.0,,14:04:14,14:05:12,3,641,4th Ave & Seneca St,10.0,0.0
2025-10-16,510,North,25001,91913.0,14:06:00,14:06:33,14:07:10,4,2976,4th Ave & Pine St,5.0,0.0
2025-10-16,510,North,25001,91913.0,,14:08:28,14:09:20,5,473,Olive Way & 6th Ave,7.0,0.0
2025-10-16,510,North,25001,91913.0,14:10:00,14:10:59,14:11:24,6,430,Howell St & 9th Ave,3.0,0.0
2025-10-16,510,North,25001,91913.0,,14:14:43,14:15:35,7,431,Howell St & Yale Ave,7.0,0.0
2025-10-16,510,North,25001,91913.0,14:30:00,14:28:00,14:28:19,11,2766,Mountlake Terrace Fwy Station Bay 7,0.0,4.0
2025-10-16,510,North,25001,91913.0,14:47:00,14:39:17,14:40:18,12,2869,South Everett Fwy Station Bay 6,0.0,33.0
2025-10-16,510,North,25001,91913.0,,14:49:14,14:49:38,13,3219,Broadway & 33rd St,0.0,5.0
2025-10-16,510,North,25001,91913.0,15:04:00,14:50:53,14:50:53,14,2861,Everett Station,0.0,0.0
2025-10-16,510,North,25002,91721.0,14:20:00,14:22:37,14:22:37,0,640,4th Ave S & S Jackson St,6.0,0.0
2025-10-16,510,North,25002,91721.0,,14:23:25,14:23:43,1,635,4th Ave S & S Washington St,1.0,0.0
2025-10-16,510,North,25002,91721.0,,14:26:07,14:26:58,2,2638,4th Ave & Cherry St,5.0,0.0
2025-10-16,510,North,25002,91721.0,,14:28:32,14:29:16,3,641,4th Ave & Seneca St,3.0,0.0
2025-10-16,510,North,25002,91721.0,14:26:00,14:30:30,14:31:17,4,2976,4th Ave & Pine St,3.0,0.0
2025-10-16,510,North,25002,91721.0,,14:34:11,14:34:11,5,473,Olive Way & 6th Ave,5.0,0.0
2025-10-16,510,North,25002,91721.0,14:30:00,14:35:35,14:36:07,6,430,Howell St & 9th Ave,5.0,0.0
2025-10-16,510,North,25002,91721.0,,14:40:07,14:40:42,7,431,Howell St & Yale Ave,3.0,3.0
2025-10-16,510,North,25002,91721.0,14:50:00,14:54:50,14:55:17,11,2766,Mountlake Terrace Fwy Station Bay 7,0.0,8.0
2025-10-16,510,North,25002,91721.0,15:07:00,15:06:52,15:08:08,12,2869,South Everett Fwy Station Bay 6,3.0,23.0
2025-10-16,510,North,25002,91721.0,,15:16:50,15:16:50,13,3219,Broadway & 33rd St,0.0,0.0
2025-10-16,510,North,25002,91721.0,15:24:00,15:18:03,15:18:03,14,2861,Everett Station,0.0,0.0
2025-10-16,510,North,25003,19810.0,14:50:00,14:51:17,14:51:17,0,640,4th Ave S & S Jackson St,2.0,0.0
2025-10-16,510,North,25003,19810.0,,14:51:50,14:52:00,1,635,4th Ave S & S Washington St,0.0,0.0
2025-10-16,510,North,25003,19810.0,,14:53:20,14:53:50,2,2638,4th Ave & Cherry St,1.0,0.0
2025-10-16,510,North,25003,19810.0,,14:55:39,14:56:45,3,641,4th Ave & Seneca St,4.0,0.0
2025-10-16,510,North,25003,19810.0,14:56:00,14:58:00,14:59:12,4,2976,4th Ave & Pine St,5.0,0.0
2025-10-16,510,North,25003,19810.0,,15:00:09,15:01:17,5,473,Olive Way & 6th Ave,12.0,0.0
2025-10-16,510,North,25003,19810.0,15:00:00,15:03:02,15:03:54,6,430,Howell St & 9th Ave,9.0,0.0
2025-10-16,510,North,25003,19810.0,,15:06:01,15:06:18,7,431,Howell St & Yale Ave,1.0,0.0
2025-10-16,510,North,25003,19810.0,15:20:00,15:21:44,15:22:15,11,2766,Mountlake Terrace Fwy Station Bay 7,1.0,9.0
2025-10-16,510,North,25003,19810.0,15:38:00,15:35:02,15:35:54,12,2869,South Everett Fwy Station Bay 6,3.0,25.0
2025-10-16,510,North,25003,19810.0,,15:44:40,15:45:21,13,3219,Broadway & 33rd St,0.0,4.0
2025-10-16,510,North,25003,19810.0,15:57:00,15:46:51,15:46:51,14,2861,Everett Station,0.0,0.0
2025-10-16,510,North,25004,91719.0,15:10:00,15:12:20,15:12:20,0,640,4th Ave S & S Jackson St,3.0,0.0
2025-10-16,510,North,25004,91719.0,,15:14:07,15:14:25,1,635,4th Ave S & S Washington St,1.0,0.0
2025-10-16,510,North,25004,91719.0,,15:16:02,15:16:46,2,2638,4th Ave & Cherry St,4.0,0.0
2025-10-16,510,North,25004,91719.0,,15:19:01,15:19:49,3,641,4th Ave & Seneca St,4.0,0.0
2025-10-16,510,North,25004,91719.0,15:16:00,15:21:33,15:22:13,4,2976,4th Ave & Pine St,6.0,0.0
2025-10-16,510,North,25004,91719.0,,15:23:52,15:25:02,5,473,Olive Way & 6th Ave,6.0,0.0
2025-10-16,510,North,25004,91719.0,15:20:00,15:26:33,15:27:15,6,430,Howell St & 9th Ave,4.0,0.0
2025-10-16,510,North,25004,91719.0,,15:29:40,15:30:21,7,431,Howell St & Yale Ave,5.0,1.0
2025-10-16,510,North,25004,91719.0,15:40:00,15:46:48,15:47:13,11,2766,Mountlake Terrace Fwy Station Bay 7,0.0,3.0
2025-10-16,510,North,25004,91719.0,16:00:00,16:00:28,16:01:24,12,2869,South Everett Fwy Station Bay 6,0.0,26.0
2025-10-16,510,North,25004,91719.0,,16:10:46,16:11:05,13,3219,Broadway & 33rd St,0.0,3.0
2025-10-16,510,North,25004,91719.0,16:21:00,16:12:51,16:12:51,14,2861,Everett Station,0.0,0.0
2025-10-16,510,North,25005,91707.0,15:25:00,15:28:31,15:28:31,0,640,4th Ave S & S Jackson St,1.0,0.0
2025-10-16,510,North,25005,91707.0,,15:29:17,15:29:46,1,635,4th Ave S & S Washington St,2.0,0.0
2025-10-16,510,North,25005,91707.0,,15:31:10,15:31:38,2,2638,4th Ave & Cherry St,1.0,0.0
2025-10-16,510,North,25005,91707.0,,15:34:13,15:35:50,3,641,4th Ave & Seneca St,5.0,0.0
2025-10-16,510,North,25005,91707.0,15:31:00,15:37:21,15:37:56,4,2976,4th Ave & Pine St,3.0,0.0
2025-10-16,510,North,25005,91707.0,,15:40:28,15:41:36,5,473,Olive Way & 6th Ave,12.0,1.0
2025-10-16,510,North,25005,91707.0,15:35:00,15:43:13,15:43:58,6,430,Howell St & 9th Ave,5.0,0.0
2025-10-16,510,North,25005,91707.0,,15:47:44,15:48:30,7,431,Howell St & Yale Ave,3.0,0.0
2025-10-16,510,North,25005,91707.0,15:56:00,16:05:54,16:06:28,11,2766,Mountlake Terrace Fwy Station Bay 7,0.0,10.0
2025-10-16,510,North,25005,91707.0,16:16:00,16:20:39,16:21:37,12,2869,South Everett Fwy Station Bay 6,0.0,21.0
2025-10-16,510,North,25005,91707.0,,16:30:24,16:30:41,13,3219,Broadway & 33rd St,0.0,0.0
2025-10-16,510,North,25005,91707.0,16:38:00,16:32:17,16:32:17,14,2861,Everett Station,0.0,0.0
2025-10-16,510,North,25006,91726.0,15:40:00,15:43:32,15:43:32,0,640,4th Ave S & S Jackson St,9.0,0.0
2025-10-16,510,North,25006,91726.0,,15:45:26,15:45:50,1,635,4th Ave S & S Washington St,2.0,0.0
2025-10-16,510,North,25006,91726.0,,15:47:40,15:48:19,2,2638,4th Ave & Cherry St,7.0,0.0
2025-10-16,510,North,25006,91726.0,,15:52:32,15:53:47,3,641,4th Ave & Seneca St,10.0,0.0
2025-10-16,510,North,25006,91726.0,15:46:00,15:56:01,15:57:20,4,2976,4th Ave & Pine St,8.0,0.0
2025-10-16,510,North,25006,91726.0,,15:59:45,16:01:21,5,473,Olive Way & 6th Ave,21.0,0.0
2025-10-16,510,North,25006,91726.0,15:50:00,16:03:01,16:03:42,6,430,Howell St & 9th Ave,8.0,1.0
2025-10-16,510,North,25006,91726.0,,16:07:06,16:07:44,7,431,Howell St & Yale Ave,3.0,0.0
2025-10-16,510,North,25006,91726.0,16:12:00,16:23:23,16:24:16,11,2766,Mountlake Terrace Fwy Station Bay 7,0.0,10.0
2025-10-16,510,North,25006,91726.0,16:35:00,16:37:55,16:39:18,12,2869,South Everett Fwy Station Bay 6,0.0,25.0
2025-10-16,510,North,25006,91726.0,,16:47:43,16:48:18,13,3219,Broadway & 33rd St,0.0,3.0
2025-10-16,510,North,25006,91726.0,16:58:00,16:49:29,16:49:29,14,2861,Everett Station,0.0,29.0
2025-10-16,510,North,25007,91909.0,15:55:00,15:56:53,15:56:53,0,640,4th Ave S & S Jackson St,1.0,0.0
2025-10-16,510,North,25007,91909.0,,15:57:34,15:57:34,1,635,4th Ave S & S Washington St,0.0,0.0
2025-10-16,510,North,25007,91909.0,,15:59:56,16:00:22,2,2638,4th Ave & Cherry St,3.0,0.0
2025-10-16,510,North,25007,91909.0,,16:02:34,16:03:11,3,641,4th Ave & Seneca St,6.0,0.0
2025-10-16,510,North,25007,91909.0,16:01:00,16:05:05,16:05:31,4,2976,4th Ave & Pine St,3.0,0.0
2025-10-16,510,North,25007,91909.0,,16:07:20,16:08:32,5,473,Olive Way & 6th Ave,11.0,0.0
2025-10-16,510,North,25007,91909.0,16:05:00,16:10:07,16:10:39,6,430,Howell St & 9th Ave,3.0,2.0
2025-10-16,510,North,25007,91909.0,,16:13:37,16:13:59,7,431,Howell St & Yale Ave,2.0,0.0
2025-10-16,510,North,25007,91909.0,16:28:00,16:30:27,16:30:49,11,2766,Mountlake Terrace Fwy Station Bay 7,0.0,4.0
2025-10-16,510,North,25007,91909.0,16:51:00,16:45:08,16:46:09,12,2869,South Everett Fwy Station Bay 6,0.0,22.0
2025-10-16,510,North,25007,91909.0,,16:55:09,16:55:28,13,3219,Broadway & 33rd St,0.0,1.0
2025-10-16,510,North,25007,91909.0,17:14:00,16:57:33,16:57:33,14,2861,Everett Station,0.0,0.0
2025-10-16,510,North,25008,19813.0,16:10:00,16:10:48,16:10:48,0,640,4th Ave S & S Jackson St,1.0,0.0
2025-10-16,510,North,25008,19813.0,,16:12:12,16:12:34,1,635,4th Ave S & S Washington St,2.0,0.0
2025-10-16,510,North,25008,19813.0,,16:13:31,16:14:13,2,2638,4th Ave & Cherry St,8.0,0.0
2025-10-16,510,North,25008,19813.0,,16:19:25,16:20:45,3,641,4th Ave & Seneca St,13.0,0.0
2025-10-16,510,North,25008,19813.0,16:16:00,16:21:59,16:22:49,4,2976,4th Ave & Pine St,7.0,1.0
2025-10-16,510,North,25008,19813.0,,16:25:20,16:26:30,5,473,Olive Way & 6th Ave,7.0,0.0
2025-10-16,510,North,25008,19813.0,16:20:00,16:28:08,16:29:34,6,430,Howell St & 9th Ave,9.0,1.0
2025-10-16,510,North,25008,19813.0,,16:32:37,16:33:12,7,431,Howell St & Yale Ave,6.0,1.0
2025-10-16,510,North,25008,19813.0,16:43:00,16:50:46,16:51:06,11,2766,Mountlake Terrace Fwy Station Bay 7,0.0,9.0
2025-10-16,510,North,25008,19813.0,17:06:00,17:04:27,17:05:02,12,2869,South Everett Fwy Station Bay 6,0.0,28.0
2025-10-16,510,North,25008,19813.0,,17:12:30,17:12:41,13,3219,Broadway & 33rd St,0.0,0.0
2025-10-16,510,North,25008,19813.0,17:29:00,17:14:21,17:14:21,14,2861,Everett Station,0.0,13.0
2025-10-16,510,North,25009,,16:25:00,,,0,640,4th Ave S & S Jackson St,,
2025-10-16,510,North,25009,,,,,1,635,4th Ave S & S Washington St,,
2025-10-16,510,North,25009,,,,,2,2638,4th Ave & Cherry St,,
2025-10-16,510,North,25009,,,,,3,641,4th Ave & Seneca St,,
2025-10-16,510,North,25009,,16:31:00,,,4,2976,4th Ave & Pine St,,
2025-10-16,510,North,25009,,,,,5,473,Olive Way & 6th Ave,,
2025-10-16,510,North,25009,,16:35:00,,,6,430,Howell St & 9th Ave,,
2025-10-16,510,North,25009,,,,,7,431,Howell St & Yale Ave,,
2025-10-16,510,North,25009,,16:58:00,,,11,2766,Mountlake Terrace Fwy Station Bay 7,,
2025-10-16,510,North,25009,,17:21:00,,,12,2869,South Everett Fwy Station Bay 6,,
2025-10-16,510,North,25009,,,,,13,3219,Broadway & 33rd St,,
2025-10-16,510,North,25009,,17:44:00,,,14,2861,Everett Station,,
2025-10-16,510,North,25010,19812.0,16:40:00,16:41:25,16:41:25,0,640,4th Ave S & S Jackson St,8.0,0.0
2025-10-16,510,North,25010,19812.0,,16:42:25,16:42:53,1,635,4th Ave S & S Washington St,6.0,1.0
2025-10-16,510,North,25010,19812.0,,16:47:18,16:47:50,2,2638,4th Ave & Cherry St,10.0,0.0
2025-10-16,510,North,25010,19812.0,,16:51:59,16:52:45,3,641,4th Ave & Seneca St,10.0,0.0
2025-10-16,510,North,25010,19812.0,16:46:00,16:53:49,16:54:36,4,2976,4th Ave & Pine St,13.0,0.0
2025-10-16,510,North,25010,19812.0,,16:55:33,16:56:32,5,473,Olive Way & 6th Ave,17.0,0.0
2025-10-16,510,North,25010,19812.0,16:50:00,16:58:34,16:59:31,6,430,Howell St & 9th Ave,12.0,2.0
2025-10-16,510,North,25010,19812.0,,17:02:38,17:03:16,7,431,Howell St & Yale Ave,4.0,3.0
2025-10-16,510,North,25010,19812.0,17:13:00,17:20:47,17:21:37,11,2766,Mountlake Terrace Fwy Station Bay 7,3.0,18.0
2025-10-16,510,North,25010,19812.0,17:36:00,17:35:34,17:37:22,12,2869,South Everett Fwy Station Bay 6,0.0,36.0
2025-10-16,510,North,25010,19812.0,,17:44:45,17:44:45,13,3219,Broadway & 33rd St,0.0,0.0
2025-10-16,510,North,25010,19812.0,17:59:00,17:46:12,17:46:12,14,2861,Everett Station,0.0,23.0
2025-10-16,510,North,25011,91731.0,16:55:00,16:55:24,16:55:24,0,640,4th Ave S & S Jackson St,0.0,0.0
2025-10-16,510,North,25011,91731.0,,16:56:19,16:56:19,1,635,4th Ave S & S Washington St,0.0,0.0
2025-10-16,510,North,25011,91731.0,,16:58:58,16:58:58,2,2638,4th Ave & Cherry St,0.0,0.0
2025-10-16,510,North,25011,91731.0,,17:02:49,17:02:49,3,641,4th Ave & Seneca St,0.0,0.0
2025-10-16,510,North,25011,91731.0,17:01:00,17:05:08,17:05:08,4,2976,4th Ave & Pine St,0.0,0.0
2025-10-16,510,North,25011,91731.0,,17:07:24,17:07:24,5,473,Olive Way & 6th Ave,0.0,0.0
2025-10-16,510,North,25011,91731.0,17:05:00,17:10:07,17:10:07,6,430,Howell St & 9th Ave,0.0,0.0
2025-10-16,510,North,25011,91731.0,,17:13:03,17:13:44,7,431,Howell St & Yale Ave,0.0,0.0
2025-10-16,510,North,25011,91731.0,17:27:00,17:30:14,17:30:49,11,2766,Mountlake Terrace Fwy Station Bay 7,0.0,0.0
2025-10-16,510,North,25011,91731.0,17:50:00,17:44:19,17:45:01,12,2869,South Everett Fwy Station Bay 6,0.0,0.0
2025-10-16,510,North,25011,91731.0,,17:51:54,17:52:07,13,3219,Broadway & 33rd St,0.0,0.0
2025-10-16,510,North,25011,91731.0,18:09:00,17:53:05,17:53:05,14,2861,Everett Station,0.0,0.0
2025-10-16,510,North,25012,91730.0,17:10:00,17:12:20,17:12:20,0,640,4th Ave S & S Jackson St,5.0,0.0
2025-10-16,510,North,25012,91730.0,,17:13:43,17:14:01,1,635,4th Ave S & S Washington St,1.0,0.0
2025-10-16,510,North,25012,91730.0,,17:17:25,17:17:53,2,2638,4th Ave & Cherry St,3.0,0.0
2025-10-16,510,North,25012,91730.0,,17:25:46,17:26:47,3,641,4th Ave & Seneca St,9.0,0.0
2025-10-16,510,North,25012,91730.0,17:16:00,17:28:15,17:29:31,4,2976,4th Ave & Pine St,10.0,0.0
2025-10-16,510,North,25012,91730.0,,17:31:38,17:32:48,5,473,Olive Way & 6th Ave,11.0,0.0
2025-10-16,510,North,25012,91730.0,17:20:00,17:34:41,17:35:10,6,430,Howell St & 9th Ave,4.0,0.0
2025-10-16,510,North,25012,91730.0,,17:38:40,17:39:06,7,431,Howell St & Yale Ave,4.0,0.0
2025-10-16,510,North,25012,91730.0,17:42:00,17:54:59,17:55:56,11,2766,Mountlake Terrace Fwy Station Bay 7,2.0,10.0
2025-10-16,510,North,25012,91730.0,18:05:00,18:08:34,18:09:22,12,2869,South Everett Fwy Station Bay 6,0.0,23.0
2025-10-16,510,North,25012,91730.0,,18:16:45,18:17:01,13,3219,Broadway & 33rd St,0.0,2.0
2025-10-16,510,North,25012,91730.0,18:21:00,18:18:24,18:18:24,14,2861,Everett Station,0.0,14.0
2025-10-16,510,North,25013,91911.0,17:25:00,17:26:01,17:26:01,0,640,4th Ave S & S Jackson St,3.0,0.0
2025-10-16,510,North,25013,91911.0,,17:27:20,17:27:20,1,635,4th Ave S & S Washington St,0.0,0.0
2025-10-16,510,North,25013,91911.0,,17:29:18,17:29:46,2,2638,4th Ave & Cherry St,2.0,0.0
2025-10-16,510,North,25013,91911.0,,17:35:51,17:37:18,3,641,4th Ave & Seneca St,7.0,0.0
2025-10-16,510,North,25013,91911.0,17:31:00,17:38:55,17:39:22,4,2976,4th Ave & Pine St,1.0,0.0
2025-10-16,510,North,25013,91911.0,,17:40:35,17:41:31,5,473,Olive Way & 6th Ave,5.0,0.0
2025-10-16,510,North,25013,91911.0,17:35:00,17:42:10,17:42:31,6,430,Howell St & 9th Ave,1.0,0.0
2025-10-16,510,North,25013,91911.0,,17:47:35,17:48:00,7,431,Howell St & Yale Ave,3.0,1.0
2025-10-16,510,North,25013,91911.0,17:56:00,18:02:49,18:03:08,11,2766,Mountlake Terrace Fwy Station Bay 7,0.0,6.0
2025-10-16,510,North,25013,91911.0,18:18:00,18:15:40,18:16:32,12,2869,South Everett Fwy Station Bay 6,0.0,15.0
2025-10-16,510,North,25013,91911.0,,18:23:34,18:23:34,13,3219,Broadway & 33rd St,0.0,0.0
2025-10-16,510,North,25013,91911.0,18:33:00,18:24:49,18:24:49,14,2861,Everett Station,0.0,0.0
2025-10-16,510,North,25014,91701.0,17:45:00,17:45:11,17:45:11,0,640,4th Ave S & S Jackson St,2.0,0.0
2025-10-16,510,North,25014,91701.0,,17:45:40,17:45:40,1,635,4th Ave S & S Washington St,0.0,0.0
2025-10-16,510,North,25014,91701.0,,17:46:25,17:47:21,2,2638,4th Ave & Cherry St,4.0,0.0
2025-10-16,510,North,25014,91701.0,,17:49:27,17:49:52,3,641,4th Ave & Seneca St,4.0,0.0
2025-10-16,510,North,25014,91701.0,17:51:00,17:51:54,17:52:47,4,2976,4th Ave & Pine St,2.0,0.0
2025-10-16,510,North,25014,91701.0,,17:55:12,17:56:28,5,473,Olive Way & 6th Ave,6.0,0.0
2025-10-16,510,North,25014,91701.0,17:55:00,17:57:04,17:58:16,6,430,Howell St & 9th Ave,9.0,0.0
2025-10-16,510,North,25014,91701.0,,18:01:05,18:01:21,7,431,Howell St & Yale Ave,1.0,0.0
2025-10-16,510,North,25014,91701.0,18:13:00,18:15:28,18:15:54,11,2766,Mountlake Terrace Fwy Station Bay 7,0.0,6.0
2025-10-16,510,North,25014,91701.0,18:32:00,18:28:05,18:28:52,12,2869,South Everett Fwy Station Bay 6,1.0,10.0
2025-10-16,510,North,25014,91701.0,,18:35:57,18:36:12,13,3219,Broadway & 33rd St,0.0,1.0
2025-10-16,510,North,25014,91701.0,18:43:00,18:37:24,18:37:24,14,2861,Everett Station,2.0,14.0
2025-10-16,510,North,25015,91709.0,18:05:00,18:05:19,18:05:19,0,640,4th Ave S & S Jackson St,3.0,0.0
2025-10-16,510,North,25015,91709.0,,18:06:33,18:06:47,1,635,4th Ave S & S Washington St,0.0,0.0
2025-10-16,510,North,25015,91709.0,,18:08:28,18:08:57,2,2638,4th Ave & Cherry St,2.0,0.0
2025-10-16,510,North,25015,91709.0,,18:10:42,18:11:46,3,641,4th Ave & Seneca St,6.0,0.0
2025-10-16,510,North,25015,91709.0,18:11:00,18:13:17,18:13:50,4,2976,4th Ave & Pine St,3.0,0.0
2025-10-16,510,North,25015,91709.0,,18:16:19,18:17:31,5,473,Olive Way & 6th Ave,2.0,0.0
2025-10-16,510,North,25015,91709.0,18:14:00,18:19:07,18:19:30,6,430,Howell St & 9th Ave,2.0,0.0
2025-10-16,510,North,25015,91709.0,,18:22:08,18:22:45,7,431,Howell St & Yale Ave,4.0,0.0
2025-10-16,510,North,25015,91709.0,18:32:00,18:36:28,18:36:54,11,2766,Mountlake Terrace Fwy Station Bay 7,1.0,2.0
2025-10-16,510,North,25015,91709.0,18:48:00,18:49:55,18:50:43,12,2869,South Everett Fwy Station Bay 6,0.0,21.0
2025-10-16,510,North,25015,91709.0,,18:59:07,18:59:07,13,3219,Broadway & 33rd St,0.0,0.0
2025-10-16,510,North,25015,91709.0,18:59:00,19:00:12,19:00:12,14,2861,Everett Station,0.0,0.0
2025-10-16,510,North,25016,91901.0,18:30:00,18:35:28,18:35:28,0,640,4th Ave S & S Jackson St,6.0,0.0
2025-10-16,510,North,25016,91901.0,,18:36:27,18:36:43,1,635,4th Ave S & S Washington St,1.0,0.0
2025-10-16,510,North,25016,91901.0,,18:38:29,18:38:52,2,2638,4th Ave & Cherry St,2.0,0.0
2025-10-16,510,North,25016,91901.0,,18:40:32,18:41:44,3,641,4th Ave & Seneca St,2.0,0.0
2025-10-16,510,North,25016,91901.0,18:36:00,18:44:04,18:44:27,4,2976,4th Ave & Pine St,2.0,0.0
2025-10-16,510,North,25016,91901.0,,18:46:12,18:47:29,5,473,Olive Way & 6th Ave,4.0,0.0
2025-10-16,510,North,25016,91901.0,18:39:00,18:48:05,18:48:44,6,430,Howell St & 9th Ave,4.0,0.0
2025-10-16,510,North,25016,91901.0,,18:50:53,18:51:22,7,431,Howell St & Yale Ave,2.0,0.0
2025-10-16,510,North,25016,91901.0,18:57:00,19:03:41,19:03:58,11,2766,Mountlake Terrace Fwy Station Bay 7,0.0,2.0
2025-10-16,510,North,25016,91901.0,19:12:00,19:14:25,19:15:13,12,2869,South Everett Fwy Station Bay 6,0.0,14.0
2025-10-16,510,North,25016,91901.0,,19:22:03,19:22:03,13,3219,Broadway & 33rd St,0.0,0.0
2025-10-16,510,North,25016,91901.0,19:22:00,19:23:31,19:23:31,14,2861,Everett Station,0.0,7.0
2025-10-16,510,South,25017,91713.0,04:05:00,04:05:20,04:05:20,0,2986,Hewitt Ave & Fulton St,0.0,0.0
2025-10-16,510,South,25017,91713.0,,04:06:18,04:06:18,1,2440,Hewitt Ave & Lombard Ave,0.0,0.0
2025-10-16,510,South,25017,91713.0,,04:07:47,04:08:07,2,2355,Wetmore Ave & Wall St,0.0,0.0
2025-10-16,510,South,25017,91713.0,,04:08:48,04:08:48,3,2359,Pacific Ave & Rockefeller Ave,0.0,0.0
2025-10-16,510,South,25017,91713.0,04:11:00,04:10:38,04:11:28,4,2345,Everett Station Bay C1,0.0,0.0
2025-10-16,510,South,25017,91713.0,,04:13:02,04:13:02,5,2367,Broadway & 34th St,0.0,0.0
2025-10-16,510,South,25017,91713.0,04:20:00,04:20:00,04:20:23,6,2868,South Everett Fwy Station Bay 3,0.0,0.0
2025-10-16,510,South,25017,91713.0,04:31:00,04:30:34,04:30:53,7,2765,Mountlake Terrace Fwy Station Bay 6,0.0,0.0
2025-10-16,510,South,25017,91713.0,04:48:00,04:44:22,04:45:04,11,1909,Stewart St & 9th Ave,0.0,0.0
2025-10-16,510,South,25017,91713.0,,04:46:02,04:46:02,12,1908,Stewart St & 7th Ave,0.0,0.0
2025-10-16,510,South,25017,91713.0,04:52:00,04:47:35,04:48:23,13,2698,5th Ave & Pine St,0.0,0.0
2025-10-16,510,South,25017,91713.0,,04:49:18,04:49:53,14,2700,5th Ave & Seneca St,0.0,0.0
2025-10-16,510,South,25017,91713.0,,04:50:42,04:51:12,15,2702,5th Ave & Marion St,0.0,0.0
2025-10-16,510,South,25017,91713.0,,04:52:17,04:52:29,16,2290,5th Ave & Jefferson St,0.0,0.0
2025-10-16,510,South,25017,91713.0,05:00:00,04:54:25,04:54:25,17,2706,5th Ave S & S Jackson St,0.0,0.0
2025-10-16,510,South,25018,91730.0,04:40:00,04:40:14,04:40:14,0,2986,Hewitt Ave & Fulton St,1.0,0.0
2025-10-16,510,South,25018,91730.0,,04:41:07,04:41:07,1,2440,Hewitt Ave & Lombard Ave,0.0,0.0
2025-10-16,510,South,25018,91730.0,,04:43:28,04:43:52,2,2355,Wetmore Ave & Wall St,2.0,0.0
2025-10-16,510,South,25018,91730.0,,04:44:40,04:44:53,3,2359,Pacific Ave & Rockefeller Ave,1.0,0.0
2025-10-16,510,South,25018,91730.0,04:46:00,04:46:19,04:47:02,4,2345,Everett Station Bay C1,7.0,0.0
2025-10-16,510,South,25018,91730.0,,04:48:11,04:48:11,5,2367,Broadway & 34th St,0.0,0.0
2025-10-16,510,South,25018,91730.0,04:57:00,04:54:59,04:57:31,6,2868,South Everett Fwy Station Bay 3,18.0,0.0
2025-10-16,510,South,25018,91730.0,05:08:00,05:07:06,05:07:25,7,2765,Mountlake Terrace Fwy Station Bay 6,1.0,0.0
2025-10-16,510,South,25018,91730.0,05:26:00,05:20:19,05:21:05,11,1909,Stewart St & 9th Ave,1.0,6.0
2025-10-16,510,South,25018,91730.0,,05:22:06,05:22:32,12,1908,Stewart St & 7th Ave,0.0,3.0
2025-10-16,510,South,25018,91730.0,05:30:00,05:23:28,05:24:05,13,2698,5th Ave & Pine St,0.0,4.0
2025-10-16,510,South,25018,91730.0,,05:25:12,05:25:44,14,2700,5th Ave & Seneca St,0.0,5.0
2025-10-16,510,South,25018,91730.0,,05:26:42,05:27:11,15,2702,5th Ave & Marion St,0.0,5.0
2025-10-16,510,South,25018,91730.0,,05:28:11,05:28:28,16,2290,5th Ave & Jefferson St,0.0,3.0
2025-10-16,510,South,25018,91730.0,05:38:00,05:29:33,05:29:33,17,2706,5th Ave S & S Jackson St,1.0,6.0
2025-10-16,510,South,25019,91710.0,05:10:00,05:10:09,05:10:09,0,2345,Everett Station Bay C1,15.0,0.0
2025-10-16,510,South,25019,91710.0,,05:11:55,05:12:16,1,2367,Broadway & 34th St,2.0,0.0
2025-10-16,510,South,25019,91710.0,05:20:00,05:20:12,05:21:40,2,2868,South Everett Fwy Station Bay 3,20.0,0.0
2025-10-16,510,South,25019,91710.0,05:31:00,05:32:55,05:33:32,3,2765,Mountlake Terrace Fwy Station Bay 6,7.0,0.0
2025-10-16,510,South,25019,91710.0,05:49:00,05:48:29,05:49:05,7,1909,Stewart St & 9th Ave,0.0,4.0
2025-10-16,510,South,25019,91710.0,,05:50:06,05:50:36,8,1908,Stewart St & 7th Ave,1.0,4.0
2025-10-16,510,South,25019,91710.0,05:54:00,05:51:37,05:52:10,9,2698,5th Ave & Pine St,0.0,5.0
2025-10-16,510,South,25019,91710.0,,05:54:13,05:54:46,10,2700,5th Ave & Seneca St,0.0,10.0
2025-10-16,510,South,25019,91710.0,,05:55:35,05:56:32,11,2702,5th Ave & Marion St,0.0,9.0
2025-10-16,510,South,25019,91710.0,,05:59:21,05:59:21,12,2290,5th Ave & Jefferson St,0.0,13.0
2025-10-16,510,South,25019,91710.0,06:03:00,06:00:58,06:00:58,13,2706,5th Ave S & S Jackson St,0.0,0.0
2025-10-16,510,South,25020,91728.0,05:40:00,05:40:31,05:40:31,0,2345,Everett Station Bay C1,24.0,0.0
2025-10-16,510,South,25020,91728.0,,05:42:04,05:42:28,1,2367,Broadway & 34th St,1.0,0.0
2025-10-16,510,South,25020,91728.0,05:50:00,05:49:04,05:50:17,2,2868,South Everett Fwy Station Bay 3,17.0,0.0
2025-10-16,510,South,25020,91728.0,06:01:00,06:00:18,06:00:38,3,2765,Mountlake Terrace Fwy Station Bay 6,0.0,1.0
2025-10-16,510,South,25020,91728.0,06:22:00,06:13:26,06:14:14,7,1909,Stewart St & 9th Ave,0.0,6.0
2025-10-16,510,South,25020,91728.0,,06:15:09,06:15:38,8,1908,Stewart St & 7th Ave,0.0,7.0
2025-10-16,510,South,25020,91728.0,06:28:00,06:17:34,06:18:29,9,2698,5th Ave & Pine St,0.0,7.0
2025-10-16,510,South,25020,91728.0,,06:20:10,06:20:41,10,2700,5th Ave & Seneca St,0.0,7.0
2025-10-16,510,South,25020,91728.0,,06:22:02,06:22:44,11,2702,5th Ave & Marion St,0.0,5.0
2025-10-16,510,South,25020,91728.0,,06:23:52,06:24:18,12,2290,5th Ave & Jefferson St,0.0,9.0
2025-10-16,510,South,25020,91728.0,06:38:00,06:26:00,06:26:00,13,2706,5th Ave S & S Jackson St,0.0,0.0
2025-10-16,510,South,25021,91713.0,05:52:00,05:52:27,05:52:27,0,2345,Everett Station Bay C1,0.0,0.0
2025-10-16,510,South,25021,91713.0,,05:54:41,05:54:41,1,2367,Broadway & 34th St,0.0,0.0
2025-10-16,510,South,25021,91713.0,06:02:00,06:01:22,06:03:20,2,2868,South Everett Fwy Station Bay 3,0.0,0.0
2025-10-16,510,South,25021,91713.0,06:14:00,06:13:25,06:13:49,3,2765,Mountlake Terrace Fwy Station Bay 6,0.0,0.0
2025-10-16,510,South,25021,91713.0,06:35:00,06:28:01,06:28:23,7,1909,Stewart St & 9th Ave,0.0,0.0
2025-10-16,510,South,25021,91713.0,,06:28:59,06:29:25,8,1908,Stewart St & 7th Ave,0.0,0.0
2025-10-16,510,South,25021,91713.0,06:41:00,06:30:55,06:31:35,9,2698,5th Ave & Pine St,0.0,0.0
2025-10-16,510,South,25021,91713.0,,06:32:39,06:33:21,10,2700,5th Ave & Seneca St,0.0,0.0
2025-10-16,510,South,25021,91713.0,,06:34:07,06:34:45,11,2702,5th Ave & Marion St,0.0,0.0
2025-10-16,510,South,25021,91713.0,,06:36:05,06:36:33,12,2290,5th Ave & Jefferson St,0.0,0.0
2025-10-16,510,South,25021,91713.0,06:51:00,06:39:05,06:39:05,13,2706,5th Ave S & S Jackson St,0.0,0.0
2025-10-16,510,South,25022,91913.0,06:04:00,06:06:47,06:06:47,0,2345,Everett Station Bay C1,0.0,0.0
2025-10-16,510,South,25022,91913.0,,06:07:01,06:07:01,1,2367,Broadway & 34th St,0.0,0.0
2025-10-16,510,South,25022,91913.0,06:14:00,06:13:29,06:14:39,2,2868,South Everett Fwy Station Bay 3,17.0,0.0
2025-10-16,510,South,25022,91913.0,06:26:00,06:25:47,06:26:15,3,2765,Mountlake Terrace Fwy Station Bay 6,3.0,0.0
2025-10-16,510,South,25022,91913.0,06:48:00,06:40:43,06:41:11,7,1909,Stewart St & 9th Ave,0.0,4.0
2025-10-16,510,South,25022,91913.0,,06:42:06,06:42:33,8,1908,Stewart St & 7th Ave,0.0,5.0
2025-10-16,510,South,25022,91913.0,06:54:00,06:43:45,06:44:18,9,2698,5th Ave & Pine St,0.0,3.0
2025-10-16,510,South,25022,91913.0,,06:45:53,06:46:19,10,2700,5th Ave & Seneca St,0.0,4.0
2025-10-16,510,South,25022,91913.0,,06:47:28,06:47:42,11,2702,5th Ave & Marion St,2.0,1.0
2025-10-16,510,South,25022,91913.0,,06:49:01,06:49:18,12,2290,5th Ave & Jefferson St,0.0,2.0
2025-10-16,510,South,25022,91913.0,07:04:00,06:50:48,06:50:48,13,2706,5th Ave S & S Jackson St,0.0,3.0
2025-10-16,510,South,25023,91709.0,06:16:00,06:18:20,06:18:20,0,2345,Everett Station Bay C1,13.0,0.0
2025-10-16,510,South,25023,91709.0,,06:19:44,06:20:02,1,2367,Broadway & 34th St,2.0,0.0
2025-10-16,510,South,25023,91709.0,06:26:00,06:27:10,06:28:13,2,2868,South Everett Fwy Station Bay 3,18.0,0.0
2025-10-16,510,South,25023,91709.0,06:38:00,06:40:26,06:41:16,3,2765,Mountlake Terrace Fwy Station Bay 6,7.0,0.0
2025-10-16,510,South,25023,91709.0,07:00:00,06:55:24,06:56:14,7,1909,Stewart St & 9th Ave,0.0,8.0
2025-10-16,510,South,25023,91709.0,,06:57:09,06:57:38,8,1908,Stewart St & 7th Ave,1.0,9.0
2025-10-16,510,South,25023,91709.0,07:06:00,06:58:51,07:00:06,9,2698,5th Ave & Pine St,1.0,8.0
2025-10-16,510,South,25023,91709.0,,07:00:56,07:01:24,10,2700,5th Ave & Seneca St,0.0,4.0
2025-10-16,510,South,25023,91709.0,,07:02:28,07:03:17,11,2702,5th Ave & Marion St,0.0,7.0
2025-10-16,510,South,25023,91709.0,,07:04:24,07:04:49,12,2290,5th Ave & Jefferson St,0.0,5.0
2025-10-16,510,South,25023,91709.0,07:17:00,07:07:14,07:07:14,13,2706,5th Ave S & S Jackson St,0.0,1.0
2025-10-16,510,South,25024,91721.0,06:28:00,06:28:16,06:28:16,0,2345,Everett Station Bay C1,11.0,0.0
2025-10-16,510,South,25024,91721.0,,06:30:15,06:30:52,1,2367,Broadway & 34th St,3.0,0.0
2025-10-16,510,South,25024,91721.0,06:38:00,06:38:08,06:40:45,2,2868,South Everett Fwy Station Bay 3,28.0,0.0
2025-10-16,510,South,25024,91721.0,06:50:00,06:53:02,06:53:53,3,2765,Mountlake Terrace Fwy Station Bay 6,9.0,2.0
2025-10-16,510,South,25024,91721.0,07:13:00,07:08:42,07:09:23,7,1909,Stewart St & 9th Ave,0.0,13.0
2025-10-16,510,South,25024,91721.0,,07:10:38,07:11:11,8,1908,Stewart St & 7th Ave,0.0,9.0
2025-10-16,510,South,25024,91721.0,07:19:00,07:12:22,07:13:33,9,2698,5th Ave & Pine St,0.0,1.0
2025-10-16,510,South,25024,91721.0,,07:15:25,07:16:07,10,2700,5th Ave & Seneca St,0.0,9.0
2025-10-16,510,South,25024,91721.0,,07:17:31,07:18:14,11,2702,5th Ave & Marion St,0.0,9.0
2025-10-16,510,South,25024,91721.0,,07:19:26,07:19:56,12,2290,5th Ave & Jefferson St,0.0,4.0
2025-10-16,510,South,25024,91721.0,07:30:00,07:22:11,07:22:11,13,2706,5th Ave S & S Jackson St,0.0,4.0
2025-10-16,510,South,25025,91719.0,06:40:00,06:43:28,06:43:28,0,2345,Everett Station Bay C1,14.0,0.0
2025-10-16,510,South,25025,91719.0,,,,1,2367,Broadway & 34th St,,
2025-10-16,510,South,25025,91719.0,06:50:00,06:51:57,06:53:29,2,2868,South Everett Fwy Station Bay 3,16.0,0.0
2025-10-16,510,South,25025,91719.0,07:03:00,07:06:19,07:07:00,3,2765,Mountlake Terrace Fwy Station Bay 6,3.0,0.0
2025-10-16,510,South,25025,91719.0,07:28:00,07:23:32,07:24:45,7,1909,Stewart St & 9th Ave,2.0,8.0
2025-10-16,510,South,25025,91719.0,,07:25:43,07:26:31,8,1908,Stewart St & 7th Ave,0.0,6.0
2025-10-16,510,South,25025,91719.0,07:34:00,07:28:56,07:30:05,9,2698,5th Ave & Pine St,0.0,5.0
2025-10-16,510,South,25025,91719.0,,07:32:14,07:33:00,10,2700,5th Ave & Seneca St,1.0,6.0
2025-10-16,510,South,25025,91719.0,,07:34:05,07:34:46,11,2702,5th Ave & Marion St,0.0,4.0
2025-10-16,510,South,25025,91719.0,,07:36:01,07:36:27,12,2290,5th Ave & Jefferson St,0.0,4.0
2025-10-16,510,South,25025,91719.0,07:47:00,07:39:13,07:39:13,13,2706,5th Ave S & S Jackson St,1.0,4.0
2025-10-16,510,South,25026,91731.0,06:52:00,06:52:34,06:52:34,0,2345,Everett Station Bay C1,19.0,0.0
2025-10-16,510,South,25026,91731.0,,06:55:09,06:55:31,1,2367,Broadway & 34th St,1.0,0.0
2025-10-16,510,South,25026,91731.0,07:02:00,07:03:11,07:04:27,2,2868,South Everett Fwy Station Bay 3,21.0,0.0
2025-10-16,510,South,25026,91731.0,07:15:00,07:17:21,07:17:52,3,2765,Mountlake Terrace Fwy Station Bay 6,3.0,1.0
2025-10-16,510,South,25026,91731.0,07:40:00,07:39:18,07:39:56,7,1909,Stewart St & 9th Ave,0.0,15.0
2025-10-16,510,South,25026,91731.0,,07:40:46,07:41:17,8,1908,Stewart St & 7th Ave,1.0,7.0
2025-10-16,510,South,25026,91731.0,07:46:00,07:44:04,07:44:23,9,2698,5th Ave & Pine St,0.0,6.0
2025-10-16,510,South,25026,91731.0,,07:47:14,07:47:41,10,2700,5th Ave & Seneca St,0.0,8.0
2025-10-16,510,South,25026,91731.0,,07:49:16,07:49:45,11,2702,5th Ave & Marion St,0.0,4.0
2025-10-16,510,South,25026,91731.0,,07:52:03,07:52:27,12,2290,5th Ave & Jefferson St,0.0,2.0
2025-10-16,510,South,25026,91731.0,07:59:00,07:55:41,07:55:41,13,2706,5th Ave S & S Jackson St,0.0,2.0
2025-10-16,510,South,25027,19813.0,07:04:00,07:06:18,07:06:18,0,2345,Everett Station Bay C1,7.0,0.0
2025-10-16,510,South,25027,19813.0,,07:08:30,07:08:47,1,2367,Broadway & 34th St,0.0,0.0
2025-10-16,510,South,25027,19813.0,07:14:00,07:17:27,07:19:00,2,2868,South Everett Fwy Station Bay 3,20.0,0.0
2025-10-16,510,South,25027,19813.0,07:28:00,07:36:28,07:37:10,3,2765,Mountlake Terrace Fwy Station Bay 6,4.0,0.0
2025-10-16,510,South,25027,19813.0,07:59:00,08:07:07,08:07:38,7,1909,Stewart St & 9th Ave,0.0,12.0
2025-10-16,510,South,25027,19813.0,,08:09:11,08:09:32,8,1908,Stewart St & 7th Ave,0.0,5.0
2025-10-16,510,South,25027,19813.0,08:05:00,08:11:01,08:12:06,9,2698,5th Ave & Pine St,2.0,4.0
2025-10-16,510,South,25027,19813.0,,08:14:20,08:14:39,10,2700,5th Ave & Seneca St,0.0,5.0
2025-10-16,510,South,25027,19813.0,,08:16:10,08:16:44,11,2702,5th Ave & Marion St,0.0,6.0
2025-10-16,510,South,25027,19813.0,,08:19:10,08:19:25,12,2290,5th Ave & Jefferson St,0.0,0.0
2025-10-16,510,South,25027,19813.0,08:20:00,08:22:45,08:22:45,13,2706,5th Ave S & S Jackson St,0.0,1.0
2025-10-16,510,South,25028,91722.0,07:16:00,07:16:14,07:16:14,0,2345,Everett Station Bay C1,7.0,0.0
2025-10-16,510,South,25028,91722.0,,07:18:23,07:18:39,1,2367,Broadway & 34th St,1.0,0.0
2025-10-16,510,South,25028,91722.0,07:26:00,07:25:49,07:26:45,2,2868,South Everett Fwy Station Bay 3,15.0,0.0
2025-10-16,510,South,25028,91722.0,07:40:00,07:41:03,07:41:43,3,2765,Mountlake Terrace Fwy Station Bay 6,7.0,2.0
2025-10-16,510,South,25028,91722.0,08:11:00,08:09:11,08:09:43,7,1909,Stewart St & 9th Ave,0.0,6.0
2025-10-16,510,South,25028,91722.0,,08:10:38,08:11:07,8,1908,Stewart St & 7th Ave,0.0,8.0
2025-10-16,510,South,25028,91722.0,08:17:00,08:13:52,08:15:07,9,2698,5th Ave & Pine St,1.0,5.0
2025-10-16,510,South,25028,91722.0,,08:17:01,08:17:27,10,2700,5th Ave & Seneca St,0.0,6.0
2025-10-16,510,South,25028,91722.0,,08:18:59,08:19:49,11,2702,5th Ave & Marion St,0.0,4.0
2025-10-16,510,South,25028,91722.0,,08:21:04,08:21:31,12,2290,5th Ave & Jefferson St,0.0,0.0
2025-10-16,510,South,25028,91722.0,08:34:00,08:24:00,08:24:00,13,2706,5th Ave S & S Jackson St,0.0,0.0
2025-10-16,510,South,25029,91706.0,07:28:00,07:30:17,07:30:17,0,2345,Everett Station Bay C1,15.0,0.0
2025-10-16,510,South,25029,91706.0,,07:33:18,07:33:18,1,2367,Broadway & 34th St,0.0,0.0
2025-10-16,510,South,25029,91706.0,07:38:00,07:41:29,07:43:21,2,2868,South Everett Fwy Station Bay 3,17.0,0.0
2025-10-16,510,South,25029,91706.0,07:52:00,07:57:43,07:58:41,3,2765,Mountlake Terrace Fwy Station Bay 6,3.0,3.0
2025-10-16,510,South,25029,91706.0,08:23:00,08:24:22,08:25:02,7,1909,Stewart St & 9th Ave,2.0,9.0
2025-10-16,510,South,25029,91706.0,,08:26:02,08:26:33,8,1908,Stewart St & 7th Ave,0.0,9.0
2025-10-16,510,South,25029,91706.0,08:29:00,08:29:27,08:30:07,9,2698,5th Ave & Pine St,0.0,5.0
2025-10-16,510,South,25029,91706.0,,08:32:40,08:33:07,10,2700,5th Ave & Seneca St,0.0,3.0
2025-10-16,510,South,25029,91706.0,,08:34:24,08:34:59,11,2702,5th Ave & Marion St,0.0,4.0
2025-10-16,510,South,25029,91706.0,,08:37:05,08:37:32,12,2290,5th Ave & Jefferson St,0.0,3.0
2025-10-16,510,South,25029,91706.0,08:47:00,08:40:51,08:40:51,13,2706,5th Ave S & S Jackson St,1.0,2.0
2025-10-16,510,South,25030,91714.0,07:43:00,07:43:20,07:43:20,0,2345,Everett Station Bay C1,8.0,0.0
2025-10-16,510,South,25030,91714.0,,07:44:52,07:44:52,1,2367,Broadway & 34th St,0.0,0.0
2025-10-16,510,South,25030,91714.0,07:53:00,07:51:51,07:53:02,2,2868,South Everett Fwy Station Bay 3,19.0,1.0
2025-10-16,510,South,25030,91714.0,08:07:00,08:06:03,08:06:26,3,2765,Mountlake Terrace Fwy Station Bay 6,4.0,3.0
2025-10-16,510,South,25030,91714.0,08:38:00,08:27:07,08:27:38,7,1909,Stewart St & 9th Ave,0.0,10.0
2025-10-16,510,South,25030,91714.0,,08:28:39,08:29:06,8,1908,Stewart St & 7th Ave,0.0,9.0
2025-10-16,510,South,25030,91714.0,08:44:00,08:31:52,08:32:14,9,2698,5th Ave & Pine St,0.0,2.0
2025-10-16,510,South,25030,91714.0,,08:34:55,08:35:12,10,2700,5th Ave & Seneca St,0.0,2.0
2025-10-16,510,South,25030,91714.0,,08:36:53,08:37:43,11,2702,5th Ave & Marion St,0.0,4.0
2025-10-16,510,South,25030,91714.0,,08:40:03,08:40:03,12,2290,5th Ave & Jefferson St,0.0,0.0
2025-10-16,510,South,25030,91714.0,09:02:00,08:42:09,08:42:09,13,2706,5th Ave S & S Jackson St,0.0,0.0
2025-10-16,510,South,25031,91708.0,07:58:00,08:12:40,08:12:40,0,2345,Everett Station Bay C1,18.0,0.0
2025-10-16,510,South,25031,91708.0,,08:15:00,08:15:27,1,2367,Broadway & 34th St,1.0,0.0
2025-10-16,510,South,25031,91708.0,08:08:00,08:22:43,08:24:15,2,2868,South Everett Fwy Station Bay 3,29.0,0.0
2025-10-16,510,South,25031,91708.0,08:22:00,08:34:54,08:35:33,3,2765,Mountlake Terrace Fwy Station Bay 6,4.0,1.0
2025-10-16,510,South,25031,91708.0,08:53:00,09:04:06,09:05:15,7,1909,Stewart St & 9th Ave,1.0,17.0
2025-10-16,510,South,25031,91708.0,,09:06:06,09:06:56,8,1908,Stewart St & 7th Ave,0.0,20.0
2025-10-16,510,South,25031,91708.0,08:59:00,09:07:50,09:08:14,9,2698,5th Ave & Pine St,0.0,5.0
2025-10-16,510,South,25031,91708.0,,09:10:57,09:11:28,10,2700,5th Ave & Seneca St,0.0,4.0
2025-10-16,510,South,25031,91708.0,,09:13:11,09:13:49,11,2702,5th Ave & Marion St,0.0,5.0
2025-10-16,510,South,25031,91708.0,,09:14:59,09:15:13,12,2290,5th Ave & Jefferson St,0.0,1.0
2025-10-16,510,South,25031,91708.0,09:17:00,09:17:15,09:17:15,13,2706,5th Ave S & S Jackson St,0.0,0.0
2025-10-16,510,South,25032,91728.0,08:18:00,08:30:44,08:30:44,0,2345,Everett Station Bay C1,0.0,0.0
2025-10-16,510,South,25032,91728.0,,,,1,2367,Broadway & 34th St,,
2025-10-16,510,South,25032,91728.0,08:29:00,08:39:23,08:40:56,2,2868,South Everett Fwy Station Bay 3,42.0,4.0
2025-10-16,510,South,25032,91728.0,08:42:00,08:51:42,08:52:24,3,2765,Mountlake Terrace Fwy Station Bay 6,2.0,1.0
2025-10-16,510,South,25032,91728.0,09:13:00,09:19:08,09:20:31,7,1909,Stewart St & 9th Ave,1.0,15.0
2025-10-16,510,South,25032,91728.0,,09:21:12,09:21:53,8,1908,Stewart St & 7th Ave,0.0,14.0
2025-10-16,510,South,25032,91728.0,09:19:00,09:24:16,09:25:29,9,2698,5th Ave & Pine St,0.0,4.0
2025-10-16,510,South,25032,91728.0,,09:27:21,09:27:51,10,2700,5th Ave & Seneca St,2.0,7.0
2025-10-16,510,South,25032,91728.0,,09:29:28,09:29:37,11,2702,5th Ave & Marion St,0.0,0.0
2025-10-16,510,South,25032,91728.0,,09:31:04,09:31:20,12,2290,5th Ave & Jefferson St,0.0,1.0
2025-10-16,510,South,25032,91728.0,09:37:00,09:38:48,09:38:48,13,2706,5th Ave S & S Jackson St,0.0,1.0
2025-10-16,510,South,25033,91905.0,08:38:00,08:43:23,08:43:23,0,2345,Everett Station Bay C1,5.0,0.0
2025-10-16,510,South,25033,91905.0,,08:45:02,08:45:25,1,2367,Broadway & 34th St,2.0,0.0
2025-10-16,510,South,25033,91905.0,08:49:00,08:52:33,08:54:00,2,2868,South Everett Fwy Station Bay 3,23.0,0.0
2025-10-16,510,South,25033,91905.0,09:02:00,09:04:51,09:05:11,3,2765,Mountlake Terrace Fwy Station Bay 6,2.0,3.0
2025-10-16,510,South,25033,91905.0,09:33:00,09:22:28,09:23:18,7,1909,Stewart St & 9th Ave,0.0,17.0
2025-10-16,510,South,25033,91905.0,,09:24:05,09:24:33,8,1908,Stewart St & 7th Ave,0.0,6.0
2025-10-16,510,South,25033,91905.0,09:39:00,09:25:51,09:26:07,9,2698,5th Ave & Pine St,0.0,1.0
2025-10-16,510,South,25033,91905.0,,09:29:06,09:29:23,10,2700,5th Ave & Seneca St,0.0,3.0
2025-10-16,510,South,25033,91905.0,,09:30:57,09:31:06,11,2702,5th Ave & Marion St,0.0,0.0
2025-10-16,510,South,25033,91905.0,,09:32:29,09:32:44,12,2290,5th Ave & Jefferson St,0.0,1.0
2025-10-16,510,South,25033,91905.0,09:57:00,09:35:37,09:35:37,13,2706,5th Ave S & S Jackson St,0.0,1.0
2025-10-17,510,North,25001,91911.0,14:00:00,14:05:23,14:05:23,0,640,4th Ave S & S Jackson St,9.0,0.0
2025-10-17,510,North,25001,91911.0,,14:06:13,14:06:25,1,635,4th Ave S & S Washington St,0.0,0.0
2025-10-17,510,North,25001,91911.0,,14:08:45,14:09:14,2,2638,4th Ave & Cherry St,2.0,0.0
2025-10-17,510,North,25001,91911.0,,14:12:35,14:13:41,3,641,4th Ave & Seneca St,3.0,0.0
2025-10-17,510,North,25001,91911.0,14:06:00,14:16:51,14:17:56,4,2976,4th Ave & Pine St,6.0,0.0
2025-10-17,510,North,25001,91911.0,,14:19:18,14:20:06,5,473,Olive Way & 6th Ave,9.0,0.0
2025-10-17,510,North,25001,91911.0,14:10:00,14:21:49,14:22:24,6,430,Howell St & 9th Ave,6.0,0.0
2025-10-17,510,North,25001,91911.0,,14:25:13,14:25:55,7,431,Howell St & Yale Ave,5.0,0.0
2025-10-17,510,North,25001,91911.0,14:30:00,14:40:00,14:40:24,11,2766,Mountlake Terrace Fwy Station Bay 7,0.0,5.0
2025-10-17,510,North,25001,91911.0,14:47:00,14:54:15,14:55:21,12,2869,South Everett Fwy Station Bay 6,0.0,32.0
2025-10-17,510,North,25001,91911.0,,15:06:23,15:06:54,13,3219,Broadway & 33rd St,0.0,3.0
2025-10-17,510,North,25001,91911.0,15:04:00,15:08:42,15:08:42,14,2861,Everett Station,0.0,0.0
2025-10-17,510,North,25002,91716.0,14:20:00,14:22:57,14:22:57,0,640,4th Ave S & S Jackson St,2.0,0.0
2025-10-17,510,North,25002,91716.0,,14:23:48,14:24:05,1,635,4th Ave S & S Washington St,0.0,0.0
2025-10-17,510,North,25002,91716.0,,14:25:29,14:25:59,2,2638,4th Ave & Cherry St,3.0,0.0
2025-10-17,510,North,25002,91716.0,,14:27:14,14:27:52,3,641,4th Ave & Seneca St,2.0,0.0
2025-10-17,510,North,25002,91716.0,14:26:00,14:29:33,14:30:41,4,2976,4th Ave & Pine St,4.0,0.0
2025-10-17,510,North,25002,91716.0,,14:32:43,14:34:12,5,473,Olive Way & 6th Ave,3.0,0.0
2025-10-17,510,North,25002,91716.0,14:30:00,14:35:33,14:35:55,6,430,Howell St & 9th Ave,3.0,0.0
2025-10-17,510,North,25002,91716.0,,14:38:40,14:39:09,7,431,Howell St & Yale Ave,1.0,1.0
2025-10-17,510,North,25002,91716.0,14:50:00,14:52:08,14:52:35,11,2766,Mountlake Terrace Fwy Station Bay 7,1.0,7.0
2025-10-17,510,North,25002,91716.0,15:07:00,15:05:47,15:06:09,12,2869,South Everett Fwy Station Bay 6,0.0,11.0
2025-10-17,510,North,25002,91716.0,,15:16:49,15:16:49,13,3219,Broadway & 33rd St,0.0,0.0
2025-10-17,510,North,25002,91716.0,15:24:00,15:18:19,15:18:19,14,2861,Everett Station,0.0,0.0
2025-10-17,510,North,25003,91704.0,14:50:00,14:51:00,14:51:00,0,640,4th Ave S & S Jackson St,3.0,0.0
2025-10-17,510,North,25003,91704.0,,14:51:38,14:51:59,1,635,4th Ave S & S Washington St,1.0,0.0
2025-10-17,510,North,25003,91704.0,,14:54:23,14:54:51,2,2638,4th Ave & Cherry St,4.0,0.0
2025-10-17,510,North,25003,91704.0,,14:57:17,14:58:14,3,641,4th Ave & Seneca St,8.0,0.0
2025-10-17,510,North,25003,91704.0,14:56:00,14:59:12,15:00:19,4,2976,4th Ave & Pine St,6.0,0.0
2025-10-17,510,North,25003,91704.0,,15:01:19,15:02:27,5,473,Olive Way & 6th Ave,6.0,0.0
2025-10-17,510,North,25003,91704.0,15:00:00,15:03:00,15:03:48,6,430,Howell St & 9th Ave,9.0,0.0
2025-10-17,510,North,25003,91704.0,,15:07:01,15:07:47,7,431,Howell St & Yale Ave,3.0,1.0
2025-10-17,510,North,25003,91704.0,15:20:00,15:21:30,15:21:53,11,2766,Mountlake Terrace Fwy Station Bay 7,0.0,7.0
2025-10-17,510,North,25003,91704.0,15:38:00,15:35:28,15:36:14,12,2869,South Everett Fwy Station Bay 6,1.0,17.0
2025-10-17,510,North,25003,91704.0,,15:46:41,15:47:08,13,3219,Broadway & 33rd St,0.0,2.0
2025-10-17,510,North,25003,91704.0,15:57:00,15:48:03,15:48:03,14,2861,Everett Station,0.0,14.0
2025-10-17,510,North,25004,91703.0,15:10:00,15:18:38,15:18:38,0,640,4th Ave S & S Jackson St,3.0,0.0
2025-10-17,510,North,25004,91703.0,,,,1,635,4th Ave S & S Washington St,,
2025-10-17,510,North,25004,91703.0,,15:20:30,15:21:01,2,2638,4th Ave & Cherry St,3.0,0.0
2025-10-17,510,North,25004,91703.0,,15:23:36,15:24:02,3,641,4th Ave & Seneca St,1.0,0.0
2025-10-17,510,North,25004,91703.0,15:16:00,15:25:29,15:26:04,4,2976,4th Ave & Pine St,5.0,0.0
2025-10-17,510,North,25004,91703.0,,15:28:20,15:29:34,5,473,Olive Way & 6th Ave,4.0,0.0
2025-10-17,510,North,25004,91703.0,15:20:00,15:30:14,15:30:36,6,430,Howell St & 9th Ave,1.0,0.0
2025-10-17,510,North,25004,91703.0,,15:33:05,15:34:18,7,431,Howell St & Yale Ave,3.0,0.0
2025-10-17,510,North,25004,91703.0,15:40:00,15:53:49,15:54:08,11,2766,Mountlake Terrace Fwy Station Bay 7,0.0,0.0
2025-10-17,510,North,25004,91703.0,16:00:00,16:08:13,16:08:58,12,2869,South Everett Fwy Station Bay 6,0.0,19.0
2025-10-17,510,North,25004,91703.0,,16:20:06,16:20:31,13,3219,Broadway & 33rd St,0.0,1.0
2025-10-17,510,North,25004,91703.0,16:21:00,16:22:25,16:22:25,14,2861,Everett Station,0.0,0.0
2025-10-17,510,North,25005,91722.0,15:25:00,15:32:57,15:32:57,0,640,4th Ave S & S Jackson St,0.0,0.0
2025-10-17,510,North,25005,91722.0,,15:33:40,15:34:14,1,635,4th Ave S & S Washington St,0.0,0.0
2025-10-17,510,North,25005,91722.0,,15:35:34,15:36:23,2,2638,4th Ave & Cherry St,7.0,0.0
2025-10-17,510,North,25005,91722.0,,15:42:11,15:43:15,3,641,4th Ave & Seneca St,4.0,0.0
2025-10-17,510,North,25005,91722.0,15:31:00,15:44:35,15:45:25,4,2976,4th Ave & Pine St,5.0,0.0
2025-10-17,510,North,25005,91722.0,,15:46:36,15:47:31,5,473,Olive Way & 6th Ave,3.0,0.0
2025-10-17,510,North,25005,91722.0,15:35:00,15:49:09,15:49:52,6,430,Howell St & 9th Ave,3.0,0.0
2025-10-17,510,North,25005,91722.0,,15:52:35,15:53:02,7,431,Howell St & Yale Ave,1.0,0.0
2025-10-17,510,North,25005,91722.0,15:56:00,16:15:52,16:16:19,11,2766,Mountlake Terrace Fwy Station Bay 7,0.0,4.0
2025-10-17,510,North,25005,91722.0,16:16:00,16:29:12,16:30:04,12,2869,South Everett Fwy Station Bay 6,0.0,19.0
2025-10-17,510,North,25005,91722.0,,16:39:15,16:39:33,13,3219,Broadway & 33rd St,0.0,0.0
2025-10-17,510,North,25005,91722.0,16:38:00,16:41:18,16:41:18,14,2861,Everett Station,0.0,0.0
2025-10-17,510,North,25006,91731.0,15:40:00,15:40:36,15:40:36,0,640,4th Ave S & S Jackson St,0.0,0.0
2025-10-17,510,North,25006,91731.0,,15:41:22,15:41:22,1,635,4th Ave S & S Washington St,0.0,0.0
2025-10-17,510,North,25006,91731.0,,15:43:26,15:43:26,2,2638,4th Ave & Cherry St,0.0,0.0
2025-10-17,510,North,25006,91731.0,,15:47:50,15:47:50,3,641,4th Ave & Seneca St,0.0,0.0
2025-10-17,510,North,25006,91731.0,15:46:00,15:49:11,15:49:11,4,2976,4th Ave & Pine St,0.0,0.0
2025-10-17,510,North,25006,91731.0,,15:52:06,15:52:06,5,473,Olive Way & 6th Ave,0.0,0.0
2025-10-17,510,North,25006,91731.0,15:50:00,15:54:03,15:54:03,6,430,Howell St & 9th Ave,0.0,0.0
2025-10-17,510,North,25006,91731.0,,15:58:57,15:58:57,7,431,Howell St & Yale Ave,0.0,0.0
2025-10-17,510,North,25006,91731.0,16:12:00,16:20:55,16:21:17,11,2766,Mountlake Terrace Fwy Station Bay 7,0.0,0.0
2025-10-17,510,North,25006,91731.0,16:35:00,16:33:15,16:33:48,12,2869,South Everett Fwy Station Bay 6,0.0,0.0
2025-10-17,510,North,25006,91731.0,,16:43:10,16:43:10,13,3219,Broadway & 33rd St,0.0,0.0
2025-10-17,510,North,25006,91731.0,16:58:00,16:43:59,16:43:59,14,2861,Everett Station,0.0,0.0
2025-10-17,510,North,25007,91726.0,15:55:00,15:55:17,15:55:17,0,640,4th Ave S & S Jackson St,1.0,0.0
2025-10-17,510,North,25007,91726.0,,15:56:08,15:56:18,1,635,4th Ave S & S Washington St,0.0,0.0
2025-10-17,510,North,25007,91726.0,,15:57:55,15:58:19,2,2638,4th Ave & Cherry St,1.0,0.0
2025-10-17,510,North,25007,91726.0,,15:59:23,16:00:56,3,641,4th Ave & Seneca St,5.0,0.0
2025-10-17,510,North,25007,91726.0,16:01:00,16:02:31,16:03:15,4,2976,4th Ave & Pine St,1.0,0.0
2025-10-17,510,North,25007,91726.0,,16:05:51,16:07:00,5,473,Olive Way & 6th Ave,5.0,0.0
2025-10-17,510,North,25007,91726.0,16:05:00,16:08:34,16:08:56,6,430,Howell St & 9th Ave,3.0,0.0
2025-10-17,510,North,25007,91726.0,,16:11:34,16:12:18,7,431,Howell St & Yale Ave,3.0,0.0
2025-10-17,510,North,25007,91726.0,16:28:00,16:33:09,16:33:23,11,2766,Mountlake Terrace Fwy Station Bay 7,0.0,1.0
2025-10-17,510,North,25007,91726.0,16:51:00,16:45:49,16:46:39,12,2869,South Everett Fwy Station Bay 6,0.0,18.0
2025-10-17,510,North,25007,91726.0,,16:54:37,16:54:37,13,3219,Broadway & 33rd St,0.0,0.0
2025-10-17,510,North,25007,91726.0,17:14:00,16:55:54,16:55:54,14,2861,Everett Station,0.0,0.0
2025-10-17,510,North,25008,19813.0,16:10:00,16:10:30,16:10:30,0,640,4th Ave S & S Jackson St,3.0,0.0
2025-10-17,510,North,25008,19813.0,,16:11:18,16:11:27,1,635,4th Ave S & S Washington St,0.0,0.0
2025-10-17,510,North,25008,19813.0,,16:12:54,16:13:32,2,2638,4th Ave & Cherry St,7.0,0.0
2025-10-17,510,North,25008,19813.0,,16:16:04,16:16:33,3,641,4th Ave & Seneca St,5.0,0.0
2025-10-17,510,North,25008,19813.0,16:16:00,16:18:32,16:19:02,4,2976,4th Ave & Pine St,2.0,1.0
2025-10-17,510,North,25008,19813.0,,16:20:48,16:22:02,5,473,Olive Way & 6th Ave,5.0,0.0
2025-10-17,510,North,25008,19813.0,16:20:00,16:23:38,16:23:59,6,430,Howell St & 9th Ave,6.0,0.0
2025-10-17,510,North,25008,19813.0,,16:26:34,16:26:56,7,431,Howell St & Yale Ave,3.0,0.0
2025-10-17,510,North,25008,19813.0,16:43:00,16:46:48,16:47:07,11,2766,Mountlake Terrace Fwy Station Bay 7,0.0,8.0
2025-10-17,510,North,25008,19813.0,17:06:00,16:58:47,16:59:10,12,2869,South Everett Fwy Station Bay 6,0.0,11.0
2025-10-17,510,North,25008,19813.0,,17:06:23,17:06:53,13,3219,Broadway & 33rd St,0.0,1.0
2025-10-17,510,North,25008,19813.0,17:29:00,17:08:08,17:08:08,14,2861,Everett Station,0.0,10.0
2025-10-17,510,North,25009,,16:25:00,,,0,640,4th Ave S & S Jackson St,,
2025-10-17,510,North,25009,,,,,1,635,4th Ave S & S Washington St,,
2025-10-17,510,North,25009,,,,,2,2638,4th Ave & Cherry St,,
2025-10-17,510,North,25009,,,,,3,641,4th Ave & Seneca St,,
2025-10-17,510,North,25009,,16:31:00,,,4,2976,4th Ave & Pine St,,
2025-10-17,510,North,25009,,,,,5,473,Olive Way & 6th Ave,,
2025-10-17,510,North,25009,,16:35:00,,,6,430,Howell St & 9th Ave,,
2025-10-17,510,North,25009,,,,,7,431,Howell St & Yale Ave,,
2025-10-17,510,North,25009,,16:58:00,,,11,2766,Mountlake Terrace Fwy Station Bay 7,,
2025-10-17,510,North,25009,,17:21:00,,,12,2869,South Everett Fwy Station Bay 6,,
2025-10-17,510,North,25009,,,,,13,3219,Broadway & 33rd St,,
2025-10-17,510,North,25009,,17:44:00,,,14,2861,Everett Station,,
2025-10-17,510,North,25010,19812.0,16:40:00,16:41:58,16:41:58,0,640,4th Ave S & S Jackson St,4.0,0.0
2025-10-17,510,North,25010,19812.0,,16:42:30,16:42:51,1,635,4th Ave S & S Washington St,2.0,0.0
2025-10-17,510,North,25010,19812.0,,16:44:45,16:45:11,2,2638,4th Ave & Cherry St,7.0,0.0
2025-10-17,510,North,25010,19812.0,,16:47:59,16:49:15,3,641,4th Ave & Seneca St,8.0,0.0
2025-10-17,510,North,25010,19812.0,16:46:00,16:51:02,16:51:52,4,2976,4th Ave & Pine St,9.0,2.0
2025-10-17,510,North,25010,19812.0,,16:53:47,16:55:01,5,473,Olive Way & 6th Ave,9.0,0.0
2025-10-17,510,North,25010,19812.0,16:50:00,16:56:44,16:57:15,6,430,Howell St & 9th Ave,7.0,0.0
2025-10-17,510,North,25010,19812.0,,16:59:36,17:00:04,7,431,Howell St & Yale Ave,1.0,0.0
2025-10-17,510,North,25010,19812.0,17:13:00,17:18:28,17:18:49,11,2766,Mountlake Terrace Fwy Station Bay 7,1.0,4.0
2025-10-17,510,North,25010,19812.0,17:36:00,17:32:12,17:34:06,12,2869,South Everett Fwy Station Bay 6,1.0,29.0
2025-10-17,510,North,25010,19812.0,,17:42:12,17:42:12,13,3219,Broadway & 33rd St,0.0,0.0
2025-10-17,510,North,25010,19812.0,17:59:00,17:43:32,17:43:32,14,2861,Everett Station,0.0,14.0
2025-10-17,510,North,25011,91902.0,16:55:00,16:55:08,16:55:08,0,640,4th Ave S & S Jackson St,6.0,0.0
2025-10-17,510,North,25011,91902.0,,16:55:54,16:56:07,1,635,4th Ave S & S Washington St,2.0,0.0
2025-10-17,510,North,25011,91902.0,,16:56:54,16:57:20,2,2638,4th Ave & Cherry St,3.0,0.0
2025-10-17,510,North,25011,91902.0,,16:58:24,16:58:44,3,641,4th Ave & Seneca St,1.0,0.0
2025-10-17,510,North,25011,91902.0,17:01:00,17:00:30,17:01:00,4,2976,4th Ave & Pine St,1.0,0.0
2025-10-17,510,North,25011,91902.0,,17:02:42,17:04:02,5,473,Olive Way & 6th Ave,3.0,0.0
2025-10-17,510,North,25011,91902.0,17:05:00,17:04:38,17:05:12,6,430,Howell St & 9th Ave,5.0,0.0
2025-10-17,510,North,25011,91902.0,,17:08:35,17:08:50,7,431,Howell St & Yale Ave,1.0,0.0
2025-10-17,510,North,25011,91902.0,17:27:00,17:26:02,17:26:19,11,2766,Mountlake Terrace Fwy Station Bay 7,0.0,4.0
2025-10-17,510,North,25011,91902.0,17:50:00,17:39:08,17:39:50,12,2869,South Everett Fwy Station Bay 6,0.0,13.0
2025-10-17,510,North,25011,91902.0,,17:47:18,17:47:29,13,3219,Broadway & 33rd St,0.0,1.0
2025-10-17,510,North,25011,91902.0,18:09:00,17:48:45,17:48:45,14,2861,Everett Station,0.0,4.0
2025-10-17,510,North,25012,91720.0,17:10:00,17:12:06,17:12:06,0,640,4th Ave S & S Jackson St,7.0,0.0
2025-10-17,510,North,25012,91720.0,,17:12:47,17:12:47,1,635,4th Ave S & S Washington St,0.0,0.0
2025-10-17,510,North,25012,91720.0,,17:14:20,17:14:39,2,2638,4th Ave & Cherry St,3.0,0.0
2025-10-17,510,North,25012,91720.0,,17:16:33,17:17:44,3,641,4th Ave & Seneca St,5.0,1.0
2025-10-17,510,North,25012,91720.0,17:16:00,17:18:58,17:19:50,4,2976,4th Ave & Pine St,7.0,0.0
2025-10-17,510,North,25012,91720.0,,17:22:18,17:23:37,5,473,Olive Way & 6th Ave,10.0,1.0
2025-10-17,510,North,25012,91720.0,17:20:00,17:25:09,17:25:34,6,430,Howell St & 9th Ave,5.0,0.0
2025-10-17,510,North,25012,91720.0,,17:28:10,17:28:41,7,431,Howell St & Yale Ave,3.0,0.0
2025-10-17,510,North,25012,91720.0,17:42:00,17:45:34,17:45:58,11,2766,Mountlake Terrace Fwy Station Bay 7,0.0,1.0
2025-10-17,510,North,25012,91720.0,18:05:00,17:59:35,18:00:47,12,2869,South Everett Fwy Station Bay 6,0.0,22.0
2025-10-17,510,North,25012,91720.0,,18:08:39,18:08:56,13,3219,Broadway & 33rd St,0.0,0.0
2025-10-17,510,North,25012,91720.0,18:21:00,18:10:18,18:10:18,14,2861,Everett Station,0.0,15.0
2025-10-17,510,North,25013,91724.0,17:25:00,17:26:56,17:26:56,0,640,4th Ave S & S Jackson St,1.0,0.0
2025-10-17,510,North,25013,91724.0,,17:27:34,17:27:55,1,635,4th Ave S & S Washington St,2.0,0.0
2025-10-17,510,North,25013,91724.0,,17:29:22,17:29:48,2,2638,4th Ave & Cherry St,2.0,0.0
2025-10-17,510,North,25013,91724.0,,17:31:35,17:32:44,3,641,4th Ave & Seneca St,2.0,0.0
2025-10-17,510,North,25013,91724.0,17:31:00,17:34:18,17:34:47,4,2976,4th Ave & Pine St,1.0,0.0
2025-10-17,510,North,25013,91724.0,,17:35:49,17:37:01,5,473,Olive Way & 6th Ave,3.0,0.0
2025-10-17,510,North,25013,91724.0,17:35:00,17:38:30,17:38:57,6,430,Howell St & 9th Ave,3.0,0.0
2025-10-17,510,North,25013,91724.0,,17:41:33,17:42:03,7,431,Howell St & Yale Ave,3.0,0.0
2025-10-17,510,North,25013,91724.0,17:56:00,17:56:59,17:57:25,11,2766,Mountlake Terrace Fwy Station Bay 7,0.0,8.0
2025-10-17,510,North,25013,91724.0,18:18:00,18:10:26,18:10:55,12,2869,South Everett Fwy Station Bay 6,0.0,9.0
2025-10-17,510,North,25013,91724.0,,18:18:46,18:18:46,13,3219,Broadway & 33rd St,0.0,0.0
2025-10-17,510,North,25013,91724.0,18:33:00,18:19:55,18:19:55,14,2861,Everett Station,0.0,0.0
2025-10-17,510,North,25014,91505.0,17:45:00,17:50:52,17:50:52,0,640,4th Ave S & S Jackson St,4.0,0.0
2025-10-17,510,North,25014,91505.0,,17:51:27,17:51:27,1,635,4th Ave S & S Washington St,0.0,0.0
2025-10-17,510,North,25014,91505.0,,17:52:10,17:52:37,2,2638,4th Ave & Cherry St,3.0,0.0
2025-10-17,510,North,25014,91505.0,,17:54:07,17:55:15,3,641,4th Ave & Seneca St,5.0,0.0
2025-10-17,510,North,25014,91505.0,17:51:00,17:56:27,17:57:59,4,2976,4th Ave & Pine St,4.0,0.0
2025-10-17,510,North,25014,91505.0,,17:59:47,18:01:03,5,473,Olive Way & 6th Ave,6.0,0.0
2025-10-17,510,North,25014,91505.0,17:55:00,18:01:46,18:02:13,6,430,Howell St & 9th Ave,2.0,0.0
2025-10-17,510,North,25014,91505.0,,18:05:56,18:06:24,7,431,Howell St & Yale Ave,1.0,2.0
2025-10-17,510,North,25014,91505.0,18:13:00,18:20:28,18:21:12,11,2766,Mountlake Terrace Fwy Station Bay 7,2.0,5.0
2025-10-17,510,North,25014,91505.0,18:32:00,18:33:32,18:34:11,12,2869,South Everett Fwy Station Bay 6,0.0,11.0
2025-10-17,510,North,25014,91505.0,,18:42:14,18:42:39,13,3219,Broadway & 33rd St,0.0,2.0
2025-10-17,510,North,25014,91505.0,18:43:00,18:44:25,18:44:25,14,2861,Everett Station,0.0,7.0
2025-10-17,510,North,25015,91907.0,18:05:00,18:10:34,18:10:34,0,640,4th Ave S & S Jackson St,2.0,0.0
2025-10-17,510,North,25015,91907.0,,18:11:11,18:11:32,1,635,4th Ave S & S Washington St,2.0,0.0
2025-10-17,510,North,25015,91907.0,,18:12:55,18:13:23,2,2638,4th Ave & Cherry St,2.0,0.0
2025-10-17,510,North,25015,91907.0,,18:15:03,18:16:14,3,641,4th Ave & Seneca St,4.0,0.0
2025-10-17,510,North,25015,91907.0,18:11:00,18:17:50,18:18:19,4,2976,4th Ave & Pine St,1.0,0.0
2025-10-17,510,North,25015,91907.0,,18:19:36,18:20:33,5,473,Olive Way & 6th Ave,1.0,0.0
2025-10-17,510,North,25015,91907.0,18:14:00,18:22:05,18:22:19,6,430,Howell St & 9th Ave,0.0,0.0
2025-10-17,510,North,25015,91907.0,,18:25:18,18:25:46,7,431,Howell St & Yale Ave,2.0,0.0
2025-10-17,510,North,25015,91907.0,18:32:00,18:39:21,18:39:42,11,2766,Mountlake Terrace Fwy Station Bay 7,0.0,3.0
2025-10-17,510,North,25015,91907.0,18:48:00,18:52:36,18:53:13,12,2869,South Everett Fwy Station Bay 6,0.0,11.0
2025-10-17,510,North,25015,91907.0,,19:00:44,19:00:44,13,3219,Broadway & 33rd St,0.0,0.0
2025-10-17,510,North,25015,91907.0,18:59:00,19:01:58,19:01:58,14,2861,Everett Station,0.0,0.0
2025-10-17,510,North,25016,91912.0,18:30:00,18:36:25,18:36:25,0,640,4th Ave S & S Jackson St,9.0,0.0
2025-10-17,510,North,25016,91912.0,,18:37:53,18:38:13,1,635,4th Ave S & S Washington St,0.0,0.0
2025-10-17,510,North,25016,91912.0,,18:40:32,18:40:59,2,2638,4th Ave & Cherry St,1.0,0.0
2025-10-17,510,North,25016,91912.0,,18:42:10,18:42:29,3,641,4th Ave & Seneca St,1.0,0.0
2025-10-17,510,North,25016,91912.0,18:36:00,18:44:24,18:44:39,4,2976,4th Ave & Pine St,0.0,0.0
2025-10-17,510,North,25016,91912.0,,18:46:34,18:47:36,5,473,Olive Way & 6th Ave,0.0,0.0
2025-10-17,510,North,25016,91912.0,18:39:00,18:49:07,18:49:25,6,430,Howell St & 9th Ave,1.0,0.0
2025-10-17,510,North,25016,91912.0,,18:52:09,18:52:30,7,431,Howell St & Yale Ave,1.0,2.0
2025-10-17,510,North,25016,91912.0,18:57:00,19:05:33,19:06:00,11,2766,Mountlake Terrace Fwy Station Bay 7,0.0,0.0
2025-10-17,510,North,25016,91912.0,19:12:00,19:17:00,19:17:30,12,2869,South Everett Fwy Station Bay 6,1.0,7.0
2025-10-17,510,North,25016,91912.0,,19:24:25,19:24:25,13,3219,Broadway & 33rd St,0.0,0.0
2025-10-17,510,North,25016,91912.0,19:22:00,19:25:26,19:25:26,14,2861,Everett Station,0.0,5.0
2025-10-17,510,South,25017,91910.0,04:05:00,04:05:05,04:05:05,0,2986,Hewitt Ave & Fulton St,2.0,0.0
2025-10-17,510,South,25017,91910.0,,04:06:00,04:06:00,1,2440,Hewitt Ave & Lombard Ave,0.0,0.0
2025-10-17,510,South,25017,91910.0,,04:07:46,04:08:07,2,2355,Wetmore Ave & Wall St,2.0,0.0
2025-10-17,510,South,25017,91910.0,,04:09:01,04:09:01,3,2359,Pacific Ave & Rockefeller Ave,0.0,0.0
2025-10-17,510,South,25017,91910.0,04:11:00,04:10:56,04:11:34,4,2345,Everett Station Bay C1,10.0,0.0
2025-10-17,510,South,25017,91910.0,,04:13:15,04:13:45,5,2367,Broadway & 34th St,1.0,0.0
2025-10-17,510,South,25017,91910.0,04:20:00,04:20:28,04:21:06,6,2868,South Everett Fwy Station Bay 3,5.0,0.0
2025-10-17,510,South,25017,91910.0,04:31:00,04:31:31,04:32:11,7,2765,Mountlake Terrace Fwy Station Bay 6,3.0,0.0
2025-10-17,510,South,25017,91910.0,04:48:00,04:45:28,04:46:03,11,1909,Stewart St & 9th Ave,0.0,3.0
2025-10-17,510,South,25017,91910.0,,04:47:03,04:47:26,12,1908,Stewart St & 7th Ave,0.0,1.0
2025-10-17,510,South,25017,91910.0,04:52:00,04:48:29,04:49:19,13,2698,5th Ave & Pine St,0.0,6.0
2025-10-17,510,South,25017,91910.0,,04:50:14,04:50:51,14,2700,5th Ave & Seneca St,0.0,2.0
2025-10-17,510,South,25017,91910.0,,04:51:31,04:51:52,15,2702,5th Ave & Marion St,0.0,5.0
2025-10-17,510,South,25017,91910.0,,04:53:30,04:54:01,16,2290,5th Ave & Jefferson St,0.0,2.0
2025-10-17,510,South,25017,91910.0,05:00:00,04:55:28,04:55:28,17,2706,5th Ave S & S Jackson St,0.0,4.0
2025-10-17,510,South,25018,91726.0,04:40:00,04:41:29,04:41:29,0,2986,Hewitt Ave & Fulton St,4.0,0.0
2025-10-17,510,South,25018,91726.0,,04:42:25,04:42:25,1,2440,Hewitt Ave & Lombard Ave,0.0,0.0
2025-10-17,510,South,25018,91726.0,,04:44:17,04:44:41,2,2355,Wetmore Ave & Wall St,3.0,0.0
2025-10-17,510,South,25018,91726.0,,04:45:18,04:45:18,3,2359,Pacific Ave & Rockefeller Ave,0.0,0.0
2025-10-17,510,South,25018,91726.0,04:46:00,04:46:54,04:47:50,4,2345,Everett Station Bay C1,7.0,0.0
2025-10-17,510,South,25018,91726.0,,04:49:07,04:49:24,5,2367,Broadway & 34th St,1.0,0.0
2025-10-17,510,South,25018,91726.0,04:57:00,04:55:49,04:58:07,6,2868,South Everett Fwy Station Bay 3,21.0,0.0
2025-10-17,510,South,25018,91726.0,05:08:00,05:07:45,05:08:05,7,2765,Mountlake Terrace Fwy Station Bay 6,2.0,1.0
2025-10-17,510,South,25018,91726.0,05:26:00,05:20:24,05:21:03,11,1909,Stewart St & 9th Ave,0.0,7.0
2025-10-17,510,South,25018,91726.0,,05:22:01,05:22:27,12,1908,Stewart St & 7th Ave,1.0,2.0
2025-10-17,510,South,25018,91726.0,05:30:00,05:23:29,05:24:16,13,2698,5th Ave & Pine St,0.0,3.0
2025-10-17,510,South,25018,91726.0,,05:25:07,05:25:38,14,2700,5th Ave & Seneca St,0.0,9.0
2025-10-17,510,South,25018,91726.0,,05:26:26,05:27:04,15,2702,5th Ave & Marion St,0.0,3.0
2025-10-17,510,South,25018,91726.0,,05:28:03,05:28:29,16,2290,5th Ave & Jefferson St,0.0,5.0
2025-10-17,510,South,25018,91726.0,05:38:00,05:29:32,05:29:32,17,2706,5th Ave S & S Jackson St,0.0,9.0
2025-10-17,510,South,25019,91909.0,05:10:00,05:10:29,05:10:29,0,2345,Everett Station Bay C1,14.0,0.0
2025-10-17,510,South,25019,91909.0,,05:12:11,05:12:33,1,2367,Broadway & 34th St,1.0,0.0
2025-10-17,510,South,25019,91909.0,05:20:00,05:19:34,05:20:44,2,2868,South Everett Fwy Station Bay 3,10.0,0.0
2025-10-17,510,South,25019,91909.0,05:31:00,05:31:31,05:32:16,3,2765,Mountlake Terrace Fwy Station Bay 6,4.0,1.0
2025-10-17,510,South,25019,91909.0,05:49:00,05:46:19,05:47:05,7,1909,Stewart St & 9th Ave,0.0,7.0
2025-10-17,510,South,25019,91909.0,,05:48:03,05:48:29,8,1908,Stewart St & 7th Ave,0.0,0.0
2025-10-17,510,South,25019,91909.0,05:54:00,05:49:29,05:50:22,9,2698,5th Ave & Pine St,0.0,3.0
2025-10-17,510,South,25019,91909.0,,05:51:12,05:51:38,10,2700,5th Ave & Seneca St,0.0,4.0
2025-10-17,510,South,25019,91909.0,,05:52:32,05:53:04,11,2702,5th Ave & Marion St,0.0,4.0
2025-10-17,510,South,25019,91909.0,,05:53:54,05:54:21,12,2290,5th Ave & Jefferson St,0.0,10.0
2025-10-17,510,South,25019,91909.0,06:03:00,05:56:10,05:56:10,13,2706,5th Ave S & S Jackson St,0.0,0.0
2025-10-17,510,South,25020,91721.0,05:40:00,05:40:11,05:40:11,0,2345,Everett Station Bay C1,20.0,0.0
2025-10-17,510,South,25020,91721.0,,05:41:59,05:41:59,1,2367,Broadway & 34th St,0.0,0.0
2025-10-17,510,South,25020,91721.0,05:50:00,05:48:56,05:50:27,2,2868,South Everett Fwy Station Bay 3,12.0,0.0
2025-10-17,510,South,25020,91721.0,06:01:00,06:01:08,06:01:37,3,2765,Mountlake Terrace Fwy Station Bay 6,0.0,0.0
2025-10-17,510,South,25020,91721.0,06:22:00,06:16:44,06:17:11,7,1909,Stewart St & 9th Ave,0.0,10.0
2025-10-17,510,South,25020,91721.0,,06:18:04,06:18:34,8,1908,Stewart St & 7th Ave,0.0,3.0
2025-10-17,510,South,25020,91721.0,06:28:00,06:19:48,06:20:59,9,2698,5th Ave & Pine St,0.0,5.0
2025-10-17,510,South,25020,91721.0,,06:21:53,06:22:20,10,2700,5th Ave & Seneca St,0.0,7.0
2025-10-17,510,South,25020,91721.0,,06:23:30,06:24:17,11,2702,5th Ave & Marion St,0.0,1.0
2025-10-17,510,South,25020,91721.0,,06:25:22,06:25:54,12,2290,5th Ave & Jefferson St,0.0,6.0
2025-10-17,510,South,25020,91721.0,06:38:00,06:27:35,06:27:35,13,2706,5th Ave S & S Jackson St,0.0,0.0
2025-10-17,510,South,25021,91910.0,05:52:00,05:52:07,05:52:07,0,2345,Everett Station Bay C1,8.0,0.0
2025-10-17,510,South,25021,91910.0,,05:54:06,05:54:41,1,2367,Broadway & 34th St,1.0,0.0
2025-10-17,510,South,25021,91910.0,06:02:00,06:01:47,06:02:27,2,2868,South Everett Fwy Station Bay 3,10.0,0.0
2025-10-17,510,South,25021,91910.0,06:14:00,06:13:12,06:13:40,3,2765,Mountlake Terrace Fwy Station Bay 6,4.0,0.0
2025-10-17,510,South,25021,91910.0,06:35:00,06:28:09,06:28:30,7,1909,Stewart St & 9th Ave,1.0,7.0
2025-10-17,510,South,25021,91910.0,,06:29:02,06:29:22,8,1908,Stewart St & 7th Ave,0.0,1.0
2025-10-17,510,South,25021,91910.0,06:41:00,06:30:45,06:31:32,9,2698,5th Ave & Pine St,0.0,2.0
2025-10-17,510,South,25021,91910.0,,06:32:37,06:33:18,10,2700,5th Ave & Seneca St,0.0,5.0
2025-10-17,510,South,25021,91910.0,,06:34:03,06:34:44,11,2702,5th Ave & Marion St,0.0,5.0
2025-10-17,510,South,25021,91910.0,,06:36:04,06:36:28,12,2290,5th Ave & Jefferson St,0.0,4.0
2025-10-17,510,South,25021,91910.0,06:51:00,06:38:51,06:38:51,13,2706,5th Ave S & S Jackson St,0.0,0.0
2025-10-17,510,South,25022,91709.0,06:04:00,06:04:08,06:04:08,0,2345,Everett Station Bay C1,9.0,0.0
2025-10-17,510,South,25022,91709.0,,06:05:46,06:05:46,1,2367,Broadway & 34th St,0.0,0.0
2025-10-17,510,South,25022,91709.0,06:14:00,06:12:34,06:13:44,2,2868,South Everett Fwy Station Bay 3,14.0,0.0
2025-10-17,510,South,25022,91709.0,06:26:00,06:23:57,06:24:10,3,2765,Mountlake Terrace Fwy Station Bay 6,1.0,0.0
2025-10-17,510,South,25022,91709.0,06:48:00,06:37:28,06:38:10,7,1909,Stewart St & 9th Ave,0.0,7.0
2025-10-17,510,South,25022,91709.0,,06:39:02,06:39:29,8,1908,Stewart St & 7th Ave,0.0,8.0
2025-10-17,510,South,25022,91709.0,06:54:00,06:40:42,06:40:55,9,2698,5th Ave & Pine St,0.0,0.0
2025-10-17,510,South,25022,91709.0,,06:42:38,06:43:51,10,2700,5th Ave & Seneca St,0.0,3.0
2025-10-17,510,South,25022,91709.0,,06:44:46,06:45:17,11,2702,5th Ave & Marion St,0.0,1.0
2025-10-17,510,South,25022,91709.0,,06:46:34,06:47:01,12,2290,5th Ave & Jefferson St,0.0,3.0
2025-10-17,510,South,25022,91709.0,07:04:00,06:49:07,06:49:07,13,2706,5th Ave S & S Jackson St,0.0,2.0
2025-10-17,510,South,25023,91704.0,06:16:00,06:16:35,06:16:35,0,2345,Everett Station Bay C1,7.0,0.0
2025-10-17,510,South,25023,91704.0,,06:18:27,06:18:43,1,2367,Broadway & 34th St,1.0,0.0
2025-10-17,510,South,25023,91704.0,06:26:00,06:25:52,06:26:43,2,2868,South Everett Fwy Station Bay 3,15.0,0.0
2025-10-17,510,South,25023,91704.0,06:38:00,06:37:59,06:38:40,3,2765,Mountlake Terrace Fwy Station Bay 6,10.0,0.0
2025-10-17,510,South,25023,91704.0,07:00:00,06:53:43,06:54:11,7,1909,Stewart St & 9th Ave,0.0,5.0
2025-10-17,510,South,25023,91704.0,,06:55:35,06:56:06,8,1908,Stewart St & 7th Ave,0.0,7.0
2025-10-17,510,South,25023,91704.0,07:06:00,06:57:28,06:58:34,9,2698,5th Ave & Pine St,0.0,5.0
2025-10-17,510,South,25023,91704.0,,06:59:27,06:59:55,10,2700,5th Ave & Seneca St,0.0,8.0
2025-10-17,510,South,25023,91704.0,,07:01:00,07:01:37,11,2702,5th Ave & Marion St,0.0,4.0
2025-10-17,510,South,25023,91704.0,,07:02:54,07:03:14,12,2290,5th Ave & Jefferson St,0.0,4.0
2025-10-17,510,South,25023,91704.0,07:17:00,07:05:34,07:05:34,13,2706,5th Ave S & S Jackson St,0.0,0.0
2025-10-17,510,South,25024,91902.0,06:28:00,06:28:52,06:28:52,0,2345,Everett Station Bay C1,13.0,0.0
2025-10-17,510,South,25024,91902.0,,06:31:43,06:32:01,1,2367,Broadway & 34th St,2.0,0.0
2025-10-17,510,South,25024,91902.0,06:38:00,06:39:37,06:40:44,2,2868,South Everett Fwy Station Bay 3,15.0,1.0
2025-10-17,510,South,25024,91902.0,06:50:00,06:52:15,06:52:48,3,2765,Mountlake Terrace Fwy Station Bay 6,3.0,0.0
2025-10-17,510,South,25024,91902.0,07:13:00,07:08:37,07:09:05,7,1909,Stewart St & 9th Ave,0.0,5.0
2025-10-17,510,South,25024,91902.0,,07:09:36,07:10:01,8,1908,Stewart St & 7th Ave,0.0,8.0
2025-10-17,510,South,25024,91902.0,07:19:00,07:11:36,07:12:03,9,2698,5th Ave & Pine St,0.0,1.0
2025-10-17,510,South,25024,91902.0,,07:12:58,07:13:39,10,2700,5th Ave & Seneca St,0.0,6.0
2025-10-17,510,South,25024,91902.0,,07:14:36,07:15:09,11,2702,5th Ave & Marion St,0.0,8.0
2025-10-17,510,South,25024,91902.0,,07:16:25,07:16:50,12,2290,5th Ave & Jefferson St,0.0,3.0
2025-10-17,510,South,25024,91902.0,07:30:00,07:18:46,07:18:46,13,2706,5th Ave S & S Jackson St,0.0,1.0
2025-10-17,510,South,25025,91716.0,06:40:00,06:43:58,06:43:58,0,2345,Everett Station Bay C1,10.0,0.0
2025-10-17,510,South,25025,91716.0,,06:44:10,06:44:10,1,2367,Broadway & 34th St,0.0,0.0
2025-10-17,510,South,25025,91716.0,06:50:00,06:52:12,06:53:39,2,2868,South Everett Fwy Station Bay 3,22.0,0.0
2025-10-17,510,South,25025,91716.0,07:03:00,07:05:49,07:06:50,3,2765,Mountlake Terrace Fwy Station Bay 6,5.0,1.0
2025-10-17,510,South,25025,91716.0,07:28:00,07:23:37,07:24:47,7,1909,Stewart St & 9th Ave,2.0,14.0
2025-10-17,510,South,25025,91716.0,,07:25:41,07:26:26,8,1908,Stewart St & 7th Ave,1.0,5.0
2025-10-17,510,South,25025,91716.0,07:34:00,07:28:55,07:30:05,9,2698,5th Ave & Pine St,0.0,2.0
2025-10-17,510,South,25025,91716.0,,07:31:07,07:31:40,10,2700,5th Ave & Seneca St,0.0,6.0
2025-10-17,510,South,25025,91716.0,,07:32:38,07:33:24,11,2702,5th Ave & Marion St,0.0,9.0
2025-10-17,510,South,25025,91716.0,,07:34:31,07:34:49,12,2290,5th Ave & Jefferson St,0.0,2.0
2025-10-17,510,South,25025,91716.0,07:47:00,07:37:34,07:37:34,13,2706,5th Ave S & S Jackson St,0.0,1.0
2025-10-17,510,South,25026,91701.0,06:52:00,06:52:14,06:52:14,0,2345,Everett Station Bay C1,6.0,0.0
2025-10-17,510,South,25026,91701.0,,06:55:13,06:55:33,1,2367,Broadway & 34th St,2.0,0.0
2025-10-17,510,South,25026,91701.0,07:02:00,07:02:42,07:03:47,2,2868,South Everett Fwy Station Bay 3,11.0,0.0
2025-10-17,510,South,25026,91701.0,07:15:00,07:15:17,07:16:50,3,2765,Mountlake Terrace Fwy Station Bay 6,8.0,0.0
2025-10-17,510,South,25026,91701.0,07:40:00,07:35:48,07:36:41,7,1909,Stewart St & 9th Ave,1.0,8.0
2025-10-17,510,South,25026,91701.0,,07:37:39,07:38:06,8,1908,Stewart St & 7th Ave,1.0,6.0
2025-10-17,510,South,25026,91701.0,07:46:00,07:39:25,07:40:34,9,2698,5th Ave & Pine St,0.0,8.0
2025-10-17,510,South,25026,91701.0,,07:42:43,07:43:18,10,2700,5th Ave & Seneca St,0.0,5.0
2025-10-17,510,South,25026,91701.0,,07:44:41,07:45:15,11,2702,5th Ave & Marion St,0.0,1.0
2025-10-17,510,South,25026,91701.0,,07:46:28,07:46:47,12,2290,5th Ave & Jefferson St,0.0,1.0
2025-10-17,510,South,25026,91701.0,07:59:00,07:48:58,07:48:58,13,2706,5th Ave S & S Jackson St,0.0,0.0
2025-10-17,510,South,25027,91725.0,07:04:00,07:08:33,07:08:33,0,2345,Everett Station Bay C1,4.0,0.0
2025-10-17,510,South,25027,91725.0,,,,1,2367,Broadway & 34th St,,
2025-10-17,510,South,25027,91725.0,07:14:00,07:17:45,07:19:03,2,2868,South Everett Fwy Station Bay 3,12.0,0.0
2025-10-17,510,South,25027,91725.0,07:28:00,07:32:38,07:33:00,3,2765,Mountlake Terrace Fwy Station Bay 6,0.0,0.0
2025-10-17,510,South,25027,91725.0,07:59:00,07:54:24,07:54:53,7,1909,Stewart St & 9th Ave,0.0,4.0
2025-10-17,510,South,25027,91725.0,,07:55:44,07:56:21,8,1908,Stewart St & 7th Ave,0.0,0.0
2025-10-17,510,South,25027,91725.0,08:05:00,07:59:01,08:00:07,9,2698,5th Ave & Pine St,0.0,5.0
2025-10-17,510,South,25027,91725.0,,08:02:24,08:02:51,10,2700,5th Ave & Seneca St,0.0,4.0
2025-10-17,510,South,25027,91725.0,,08:04:21,08:04:52,11,2702,5th Ave & Marion St,0.0,2.0
2025-10-17,510,South,25027,91725.0,,08:06:04,08:06:27,12,2290,5th Ave & Jefferson St,0.0,1.0
2025-10-17,510,South,25027,91725.0,08:20:00,08:09:16,08:09:16,13,2706,5th Ave S & S Jackson St,0.0,0.0
2025-10-17,510,South,25028,19810.0,07:16:00,07:16:10,07:16:10,0,2345,Everett Station Bay C1,3.0,0.0
2025-10-17,510,South,25028,19810.0,,07:18:19,07:18:19,1,2367,Broadway & 34th St,0.0,0.0
2025-10-17,510,South,25028,19810.0,07:26:00,07:25:14,07:25:49,2,2868,South Everett Fwy Station Bay 3,10.0,0.0
2025-10-17,510,South,25028,19810.0,07:40:00,07:38:08,07:38:35,3,2765,Mountlake Terrace Fwy Station Bay 6,7.0,0.0
2025-10-17,510,South,25028,19810.0,08:11:00,07:59:35,07:59:52,7,1909,Stewart St & 9th Ave,0.0,8.0
2025-10-17,510,South,25028,19810.0,,08:00:29,08:00:43,8,1908,Stewart St & 7th Ave,0.0,4.0
2025-10-17,510,South,25028,19810.0,08:17:00,08:03:19,08:03:34,9,2698,5th Ave & Pine St,1.0,2.0
2025-10-17,510,South,25028,19810.0,,08:05:13,08:05:31,10,2700,5th Ave & Seneca St,0.0,2.0
2025-10-17,510,South,25028,19810.0,,08:07:08,08:07:46,11,2702,5th Ave & Marion St,0.0,2.0
2025-10-17,510,South,25028,19810.0,,08:08:59,08:09:33,12,2290,5th Ave & Jefferson St,0.0,3.0
2025-10-17,510,South,25028,19810.0,08:34:00,08:12:19,08:12:19,13,2706,5th Ave S & S Jackson St,0.0,0.0
2025-10-17,510,South,25029,91727.0,07:28:00,07:29:05,07:29:05,0,2345,Everett Station Bay C1,3.0,0.0
2025-10-17,510,South,25029,91727.0,,07:31:51,07:32:18,1,2367,Broadway & 34th St,1.0,0.0
2025-10-17,510,South,25029,91727.0,07:38:00,07:40:12,07:41:09,2,2868,South Everett Fwy Station Bay 3,10.0,0.0
2025-10-17,510,South,25029,91727.0,07:52:00,07:53:05,07:53:37,3,2765,Mountlake Terrace Fwy Station Bay 6,2.0,2.0
2025-10-17,510,South,25029,91727.0,08:23:00,08:16:49,08:17:34,7,1909,Stewart St & 9th Ave,0.0,4.0
2025-10-17,510,South,25029,91727.0,,08:18:27,08:18:56,8,1908,Stewart St & 7th Ave,0.0,7.0
2025-10-17,510,South,25029,91727.0,08:29:00,08:21:28,08:21:28,9,2698,5th Ave & Pine St,0.0,0.0
2025-10-17,510,South,25029,91727.0,,08:23:15,08:23:28,10,2700,5th Ave & Seneca St,0.0,0.0
2025-10-17,510,South,25029,91727.0,,08:25:15,08:25:47,11,2702,5th Ave & Marion St,0.0,3.0
2025-10-17,510,South,25029,91727.0,,08:27:05,08:27:15,12,2290,5th Ave & Jefferson St,0.0,0.0
2025-10-17,510,South,25029,91727.0,08:47:00,08:29:39,08:29:39,13,2706,5th Ave S & S Jackson St,0.0,0.0
2025-10-17,510,South,25030,91905.0,07:43:00,07:42:57,07:42:57,0,2345,Everett Station Bay C1,9.0,0.0
2025-10-17,510,South,25030,91905.0,,07:45:07,07:45:07,1,2367,Broadway & 34th St,0.0,0.0
2025-10-17,510,South,25030,91905.0,07:53:00,07:53:11,07:53:56,2,2868,South Everett Fwy Station Bay 3,11.0,0.0
2025-10-17,510,South,25030,91905.0,08:07:00,08:04:40,08:04:57,3,2765,Mountlake Terrace Fwy Station Bay 6,1.0,1.0
2025-10-17,510,South,25030,91905.0,08:38:00,08:27:03,08:27:39,7,1909,Stewart St & 9th Ave,0.0,9.0
2025-10-17,510,South,25030,91905.0,,08:28:34,08:29:05,8,1908,Stewart St & 7th Ave,0.0,1.0
2025-10-17,510,South,25030,91905.0,08:44:00,08:30:16,08:30:52,9,2698,5th Ave & Pine St,0.0,4.0
2025-10-17,510,South,25030,91905.0,,08:32:32,08:33:17,10,2700,5th Ave & Seneca St,0.0,3.0
2025-10-17,510,South,25030,91905.0,,08:34:00,08:34:48,11,2702,5th Ave & Marion St,0.0,2.0
2025-10-17,510,South,25030,91905.0,,08:35:52,08:35:52,12,2290,5th Ave & Jefferson St,0.0,0.0
2025-10-17,510,South,25030,91905.0,09:02:00,08:37:24,08:37:24,13,2706,5th Ave S & S Jackson St,0.0,1.0
2025-10-17,510,South,25031,19813.0,07:58:00,08:00:47,08:00:47,0,2345,Everett Station Bay C1,4.0,0.0
2025-10-17,510,South,25031,19813.0,,08:03:24,08:03:24,1,2367,Broadway & 34th St,0.0,0.0
2025-10-17,510,South,25031,19813.0,08:08:00,08:10:16,08:11:08,2,2868,South Everett Fwy Station Bay 3,11.0,0.0
2025-10-17,510,South,25031,19813.0,08:22:00,08:23:44,08:23:57,3,2765,Mountlake Terrace Fwy Station Bay 6,0.0,1.0
2025-10-17,510,South,25031,19813.0,08:53:00,08:43:45,08:44:15,7,1909,Stewart St & 9th Ave,0.0,4.0
2025-10-17,510,South,25031,19813.0,,08:45:09,08:45:59,8,1908,Stewart St & 7th Ave,1.0,7.0
2025-10-17,510,South,25031,19813.0,08:59:00,08:48:22,08:48:35,9,2698,5th Ave & Pine St,0.0,0.0
2025-10-17,510,South,25031,19813.0,,08:50:15,08:51:22,10,2700,5th Ave & Seneca St,0.0,1.0
2025-10-17,510,South,25031,19813.0,,08:52:14,08:52:45,11,2702,5th Ave & Marion St,0.0,1.0
2025-10-17,510,South,25031,19813.0,,08:53:52,08:53:52,12,2290,5th Ave & Jefferson St,0.0,0.0
2025-10-17,510,South,25031,19813.0,09:17:00,08:55:52,08:55:52,13,2706,5th Ave S & S Jackson St,0.0,2.0
2025-10-17,510,South,25032,91709.0,08:18:00,08:06:17,08:06:17,0,2345,Everett Station Bay C1,0.0,0.0
2025-10-17,510,South,25032,91719.0,08:18:00,08:20:23,08:20:23,0,2345,Everett Station Bay C1,14.0,0.0
2025-10-17,510,South,25032,91719.0,,08:23:25,08:23:25,1,2367,Broadway & 34th St,0.0,0.0
2025-10-17,510,South,25032,91709.0,,,,1,2367,Broadway & 34th St,,
2025-10-17,510,South,25032,91709.0,08:29:00,,,2,2868,South Everett Fwy Station Bay 3,,
2025-10-17,510,South,25032,91719.0,08:29:00,08:30:10,08:31:18,2,2868,South Everett Fwy Station Bay 3,14.0,0.0
2025-10-17,510,South,25032,91709.0,08:42:00,,,3,2765,Mountlake Terrace Fwy Station Bay 6,,
2025-10-17,510,South,25032,91719.0,08:42:00,08:42:55,08:43:49,3,2765,Mountlake Terrace Fwy Station Bay 6,2.0,2.0
2025-10-17,510,South,25032,91709.0,09:13:00,,,7,1909,Stewart St & 9th Ave,,
2025-10-17,510,South,25032,91719.0,09:13:00,09:02:32,09:03:44,7,1909,Stewart St & 9th Ave,0.0,12.0
2025-10-17,510,South,25032,91709.0,,,,8,1908,Stewart St & 7th Ave,,
2025-10-17,510,South,25032,91719.0,,09:04:38,09:05:14,8,1908,Stewart St & 7th Ave,1.0,6.0
2025-10-17,510,South,25032,91709.0,09:19:00,,,9,2698,5th Ave & Pine St,,
2025-10-17,510,South,25032,91719.0,09:19:00,09:06:25,09:07:32,9,2698,5th Ave & Pine St,1.0,6.0
2025-10-17,510,South,25032,91709.0,,,,10,2700,5th Ave & Seneca St,,
2025-10-17,510,South,25032,91719.0,,09:08:31,09:08:46,10,2700,5th Ave & Seneca St,0.0,0.0
2025-10-17,510,South,25032,91719.0,,09:10:02,09:10:44,11,2702,5th Ave & Marion St,0.0,4.0
2025-10-17,510,South,25032,91709.0,,,,11,2702,5th Ave & Marion St,,
2025-10-17,510,South,25032,91719.0,,09:11:56,09:12:21,12,2290,5th Ave & Jefferson St,0.0,2.0
2025-10-17,510,South,25032,91709.0,,,,12,2290,5th Ave & Jefferson St,,
2025-10-17,510,South,25032,91719.0,09:37:00,09:14:44,09:14:44,13,2706,5th Ave S & S Jackson St,0.0,0.0
2025-10-17,510,South,25032,91709.0,09:37:00,,,13,2706,5th Ave S & S Jackson St,,
2025-10-17,510,South,25033,91908.0,08:38:00,08:38:14,08:38:14,0,2345,Everett Station Bay C1,6.0,0.0
2025-10-17,510,South,25033,91908.0,,08:40:05,08:40:05,1,2367,Broadway & 34th St,0.0,0.0
2025-10-17,510,South,25033,91908.0,08:49:00,08:47:36,08:49:18,2,2868,South Everett Fwy Station Bay 3,24.0,0.0
2025-10-17,510,South,25033,91908.0,09:02:00,08:59:50,09:00:16,3,2765,Mountlake Terrace Fwy Station Bay 6,6.0,0.0
2025-10-17,510,South,25033,91908.0,09:33:00,09:22:29,09:23:15,7,1909,Stewart St & 9th Ave,0.0,20.0
2025-10-17,510,South,25033,91908.0,,09:24:12,09:24:50,8,1908,Stewart St & 7th Ave,0.0,10.0
2025-10-17,510,South,25033,91908.0,09:39:00,09:25:55,09:26:11,9,2698,5th Ave & Pine St,0.0,3.0
2025-10-17,510,South,25033,91908.0,,09:28:59,09:29:12,10,2700,5th Ave & Seneca St,0.0,1.0
2025-10-17,510,South,25033,91908.0,,09:30:58,09:31:46,11,2702,5th Ave & Marion St,0.0,2.0
2025-10-17,510,South,25033,91908.0,,09:32:56,09:33:09,12,2290,5th Ave & Jefferson St,0.0,0.0
2025-10-17,510,South,25033,91908.0,09:57:00,09:35:50,09:35:50,13,2706,5th Ave S & S Jackson St,0.0,0.0
2025-10-20,510,North,25001,91730.0,14:00:00,14:02:12,14:02:12,0,640,4th Ave S & S Jackson St,5.0,0.0
2025-10-20,510,North,25001,91730.0,,14:03:36,14:03:57,1,635,4th Ave S & S Washington St,1.0,0.0
2025-10-20,510,North,25001,91730.0,,14:04:56,14:05:36,2,2638,4th Ave & Cherry St,7.0,0.0
2025-10-20,510,North,25001,91730.0,,14:06:57,14:07:50,3,641,4th Ave & Seneca St,7.0,0.0
2025-10-20,510,North,25001,91730.0,14:06:00,14:09:03,14:10:02,4,2976,4th Ave & Pine St,3.0,1.0
2025-10-20,510,North,25001,91730.0,,14:11:22,14:14:42,5,473,Olive Way & 6th Ave,12.0,0.0
2025-10-20,510,North,25001,91730.0,14:10:00,14:15:25,14:15:56,6,430,Howell St & 9th Ave,4.0,0.0
2025-10-20,510,North,25001,91730.0,,14:17:31,14:18:14,7,431,Howell St & Yale Ave,4.0,0.0
2025-10-20,510,North,25001,91730.0,14:30:00,14:30:02,14:30:34,11,2766,Mountlake Terrace Fwy Station Bay 7,0.0,9.0
2025-10-20,510,North,25001,91730.0,14:47:00,14:41:22,14:42:23,12,2869,South Everett Fwy Station Bay 6,0.0,30.0
2025-10-20,510,North,25001,91730.0,,14:50:27,14:51:02,13,3219,Broadway & 33rd St,1.0,4.0
2025-10-20,510,North,25001,91730.0,15:04:00,14:52:00,14:52:00,14,2861,Everett Station,0.0,0.0
2025-10-20,510,North,25002,91911.0,14:20:00,14:21:37,14:21:37,0,640,4th Ave S & S Jackson St,3.0,0.0
2025-10-20,510,North,25002,91911.0,,14:22:14,14:22:35,1,635,4th Ave S & S Washington St,1.0,0.0
2025-10-20,510,North,25002,91911.0,,14:23:45,14:24:28,2,2638,4th Ave & Cherry St,6.0,0.0
2025-10-20,510,North,25002,91911.0,,14:25:46,14:26:31,3,641,4th Ave & Seneca St,0.0,0.0
2025-10-20,510,North,25002,91911.0,14:26:00,14:27:53,14:28:51,4,2976,4th Ave & Pine St,8.0,0.0
2025-10-20,510,North,25002,91911.0,,14:30:03,14:30:49,5,473,Olive Way & 6th Ave,6.0,0.0
2025-10-20,510,North,25002,91911.0,14:30:00,14:31:37,14:32:31,6,430,Howell St & 9th Ave,10.0,0.0
2025-10-20,510,North,25002,91911.0,,14:35:59,14:36:42,7,431,Howell St & Yale Ave,4.0,2.0
2025-10-20,510,North,25002,91911.0,14:50:00,14:49:55,14:50:41,11,2766,Mountlake Terrace Fwy Station Bay 7,1.0,11.0
2025-10-20,510,North,25002,91911.0,15:07:00,15:02:55,15:03:42,12,2869,South Everett Fwy Station Bay 6,0.0,22.0
2025-10-20,510,North,25002,91911.0,,15:11:59,15:12:34,13,3219,Broadway & 33rd St,0.0,4.0
2025-10-20,510,North,25002,91911.0,15:24:00,15:14:00,15:14:00,14,2861,Everett Station,0.0,0.0
2025-10-20,510,North,25003,91903.0,14:50:00,14:51:13,14:51:13,0,640,4th Ave S & S Jackson St,3.0,0.0
2025-10-20,510,North,25003,91903.0,,14:51:49,14:51:56,1,635,4th Ave S & S Washington St,0.0,0.0
2025-10-20,510,North,25003,91903.0,,14:53:26,14:54:04,2,2638,4th Ave & Cherry St,5.0,0.0
2025-10-20,510,North,25003,91903.0,,14:56:38,14:57:14,3,641,4th Ave & Seneca St,6.0,0.0
2025-10-20,510,North,25003,91903.0,14:56:00,14:58:16,14:59:08,4,2976,4th Ave & Pine St,4.0,0.0
2025-10-20,510,North,25003,91903.0,,15:01:14,15:02:39,5,473,Olive Way & 6th Ave,9.0,1.0
2025-10-20,510,North,25003,91903.0,15:00:00,15:04:03,15:04:47,6,430,Howell St & 9th Ave,6.0,0.0
2025-10-20,510,North,25003,91903.0,,15:06:05,15:06:28,7,431,Howell St & Yale Ave,2.0,1.0
2025-10-20,510,North,25003,91903.0,15:20:00,15:20:25,15:20:54,11,2766,Mountlake Terrace Fwy Station Bay 7,0.0,10.0
2025-10-20,510,North,25003,91903.0,15:38:00,15:35:39,15:36:34,12,2869,South Everett Fwy Station Bay 6,1.0,23.0
2025-10-20,510,North,25003,91903.0,,15:44:18,15:44:52,13,3219,Broadway & 33rd St,0.0,1.0
2025-10-20,510,North,25003,91903.0,15:57:00,15:47:02,15:47:02,14,2861,Everett Station,0.0,0.0
2025-10-20,510,North,25004,91913.0,15:10:00,15:11:22,15:11:22,0,640,4th Ave S & S Jackson St,4.0,0.0
2025-10-20,510,North,25004,91913.0,,,,1,635,4th Ave S & S Washington St,,
2025-10-20,510,North,25004,91913.0,,15:13:01,15:14:19,2,2638,4th Ave & Cherry St,7.0,0.0
2025-10-20,510,North,25004,91913.0,,15:16:11,15:16:54,3,641,4th Ave & Seneca St,5.0,0.0
2025-10-20,510,North,25004,91913.0,15:16:00,15:18:46,15:19:09,4,2976,4th Ave & Pine St,2.0,0.0
2025-10-20,510,North,25004,91913.0,,15:20:48,15:22:04,5,473,Olive Way & 6th Ave,12.0,0.0
2025-10-20,510,North,25004,91913.0,15:20:00,15:22:46,15:23:59,6,430,Howell St & 9th Ave,8.0,0.0
2025-10-20,510,North,25004,91913.0,,15:28:11,15:29:00,7,431,Howell St & Yale Ave,6.0,1.0
2025-10-20,510,North,25004,91913.0,15:40:00,15:48:32,15:49:01,11,2766,Mountlake Terrace Fwy Station Bay 7,0.0,8.0
2025-10-20,510,North,25004,91913.0,16:00:00,16:02:03,16:03:09,12,2869,South Everett Fwy Station Bay 6,0.0,32.0
2025-10-20,510,North,25004,91913.0,,16:11:50,16:12:17,13,3219,Broadway & 33rd St,0.0,3.0
2025-10-20,510,North,25004,91913.0,16:21:00,16:14:32,16:14:32,14,2861,Everett Station,0.0,0.0
2025-10-20,510,North,25005,91710.0,15:25:00,15:27:20,15:27:20,0,640,4th Ave S & S Jackson St,0.0,0.0
2025-10-20,510,North,25005,91710.0,,15:28:49,15:29:20,1,635,4th Ave S & S Washington St,1.0,0.0
2025-10-20,510,North,25005,91710.0,,15:31:03,15:31:58,2,2638,4th Ave & Cherry St,6.0,0.0
2025-10-20,510,North,25005,91710.0,,15:33:19,15:34:31,3,641,4th Ave & Seneca St,3.0,0.0
2025-10-20,510,North,25005,91710.0,15:31:00,15:35:41,15:36:24,4,2976,4th Ave & Pine St,3.0,1.0
2025-10-20,510,North,25005,91710.0,,15:37:36,15:38:33,5,473,Olive Way & 6th Ave,9.0,1.0
2025-10-20,510,North,25005,91710.0,15:35:00,15:40:17,15:41:04,6,430,Howell St & 9th Ave,8.0,0.0
2025-10-20,510,North,25005,91710.0,,15:43:41,15:44:34,7,431,Howell St & Yale Ave,2.0,0.0
2025-10-20,510,North,25005,91710.0,15:56:00,16:05:13,16:05:46,11,2766,Mountlake Terrace Fwy Station Bay 7,0.0,8.0
2025-10-20,510,North,25005,91710.0,16:16:00,16:19:12,16:20:17,12,2869,South Everett Fwy Station Bay 6,0.0,22.0
2025-10-20,510,North,25005,91710.0,,16:29:01,16:29:35,13,3219,Broadway & 33rd St,0.0,0.0
2025-10-20,510,North,25005,91710.0,16:38:00,16:31:41,16:31:41,14,2861,Everett Station,0.0,0.0
2025-10-20,510,North,25006,91902.0,15:40:00,15:40:37,15:40:37,0,640,4th Ave S & S Jackson St,2.0,0.0
2025-10-20,510,North,25006,91902.0,,15:41:15,15:41:27,1,635,4th Ave S & S Washington St,0.0,0.0
2025-10-20,510,North,25006,91902.0,,15:42:59,15:43:36,2,2638,4th Ave & Cherry St,6.0,0.0
2025-10-20,510,North,25006,91902.0,,15:46:01,15:47:46,3,641,4th Ave & Seneca St,2.0,0.0
2025-10-20,510,North,25006,91902.0,15:46:00,15:49:03,15:49:52,4,2976,4th Ave & Pine St,4.0,0.0
2025-10-20,510,North,25006,91902.0,,15:51:04,15:52:08,5,473,Olive Way & 6th Ave,9.0,0.0
2025-10-20,510,North,25006,91902.0,15:50:00,15:53:31,15:53:55,6,430,Howell St & 9th Ave,2.0,0.0
2025-10-20,510,North,25006,91902.0,,15:58:06,15:58:33,7,431,Howell St & Yale Ave,2.0,0.0
2025-10-20,510,North,25006,91902.0,16:12:00,16:16:52,16:17:09,11,2766,Mountlake Terrace Fwy Station Bay 7,0.0,1.0
2025-10-20,510,North,25006,91902.0,16:35:00,16:29:17,16:29:54,12,2869,South Everett Fwy Station Bay 6,0.0,17.0
2025-10-20,510,North,25006,91902.0,,16:37:50,16:38:22,13,3219,Broadway & 33rd St,0.0,0.0
2025-10-20,510,North,25006,91902.0,16:58:00,16:39:28,16:39:28,14,2861,Everett Station,0.0,9.0
2025-10-20,510,North,25007,91714.0,15:55:00,15:55:32,15:55:32,0,640,4th Ave S & S Jackson St,5.0,0.0
2025-10-20,510,North,25007,91714.0,,15:56:25,15:56:37,1,635,4th Ave S & S Washington St,0.0,0.0
2025-10-20,510,North,25007,91714.0,,15:58:20,15:58:58,2,2638,4th Ave & Cherry St,4.0,0.0
2025-10-20,510,North,25007,91714.0,,16:01:52,16:02:46,3,641,4th Ave & Seneca St,9.0,6.0
2025-10-20,510,North,25007,91714.0,16:01:00,16:03:57,16:04:36,4,2976,4th Ave & Pine St,3.0,0.0
2025-10-20,510,North,25007,91714.0,,16:06:00,16:07:03,5,473,Olive Way & 6th Ave,9.0,0.0
2025-10-20,510,North,25007,91714.0,16:05:00,16:08:40,16:09:13,6,430,Howell St & 9th Ave,3.0,0.0
2025-10-20,510,North,25007,91714.0,,16:13:08,16:13:54,7,431,Howell St & Yale Ave,7.0,0.0
2025-10-20,510,North,25007,91714.0,16:28:00,16:31:28,16:31:56,11,2766,Mountlake Terrace Fwy Station Bay 7,0.0,3.0
2025-10-20,510,North,25007,91714.0,16:51:00,16:45:43,16:46:40,12,2869,South Everett Fwy Station Bay 6,0.0,29.0
2025-10-20,510,North,25007,91714.0,,16:55:19,16:55:34,13,3219,Broadway & 33rd St,0.0,2.0
2025-10-20,510,North,25007,91714.0,17:14:00,16:56:40,16:56:40,14,2861,Everett Station,0.0,0.0
2025-10-20,510,North,25008,19856.0,16:10:00,16:10:23,16:10:23,0,640,4th Ave S & S Jackson St,4.0,0.0
2025-10-20,510,North,25008,19856.0,,16:11:01,16:11:11,1,635,4th Ave S & S Washington St,0.0,0.0
2025-10-20,510,North,25008,19856.0,,16:12:57,16:13:43,2,2638,4th Ave & Cherry St,7.0,0.0
2025-10-20,510,North,25008,19856.0,,16:15:00,16:15:43,3,641,4th Ave & Seneca St,5.0,0.0
2025-10-20,510,North,25008,19856.0,16:16:00,16:17:13,16:17:35,4,2976,4th Ave & Pine St,2.0,0.0
2025-10-20,510,North,25008,19856.0,,16:19:13,16:20:34,5,473,Olive Way & 6th Ave,10.0,0.0
2025-10-20,510,North,25008,19856.0,16:20:00,16:21:08,16:21:51,6,430,Howell St & 9th Ave,6.0,0.0
2025-10-20,510,North,25008,19856.0,,16:25:23,16:26:15,7,431,Howell St & Yale Ave,8.0,0.0
2025-10-20,510,North,25008,19856.0,16:43:00,16:44:36,16:45:18,11,2766,Mountlake Terrace Fwy Station Bay 7,2.0,15.0
2025-10-20,510,North,25008,19856.0,17:06:00,16:57:41,16:58:34,12,2869,South Everett Fwy Station Bay 6,0.0,29.0
2025-10-20,510,North,25008,19856.0,,17:06:28,17:06:28,13,3219,Broadway & 33rd St,0.0,0.0
2025-10-20,510,North,25008,19856.0,17:29:00,17:07:36,17:07:36,14,2861,Everett Station,0.0,0.0
2025-10-20,510,North,25009,91505.0,16:25:00,16:31:18,16:31:18,0,640,4th Ave S & S Jackson St,3.0,0.0
2025-10-20,510,North,25009,91505.0,,16:31:56,16:32:08,1,635,4th Ave S & S Washington St,1.0,0.0
2025-10-20,510,North,25009,91505.0,,16:32:54,16:33:30,2,2638,4th Ave & Cherry St,7.0,0.0
2025-10-20,510,North,25009,91505.0,,16:36:02,16:37:12,3,641,4th Ave & Seneca St,7.0,1.0
2025-10-20,510,North,25009,91505.0,16:31:00,16:38:24,16:39:17,4,2976,4th Ave & Pine St,9.0,0.0
2025-10-20,510,North,25009,91505.0,,16:40:22,16:41:42,5,473,Olive Way & 6th Ave,20.0,0.0
2025-10-20,510,North,25009,91505.0,16:35:00,16:43:03,16:44:05,6,430,Howell St & 9th Ave,13.0,0.0
2025-10-20,510,North,25009,91505.0,,16:46:21,16:47:17,7,431,Howell St & Yale Ave,7.0,1.0
2025-10-20,510,North,25009,91505.0,16:58:00,17:02:52,17:04:03,11,2766,Mountlake Terrace Fwy Station Bay 7,1.0,26.0
2025-10-20,510,North,25009,91505.0,17:21:00,17:18:26,17:20:40,12,2869,South Everett Fwy Station Bay 6,0.0,40.0
2025-10-20,510,North,25009,91505.0,,17:28:34,17:28:48,13,3219,Broadway & 33rd St,0.0,0.0
2025-10-20,510,North,25009,91505.0,17:44:00,17:29:51,17:29:51,14,2861,Everett Station,0.0,0.0
2025-10-20,510,North,25010,,16:40:00,,,0,640,4th Ave S & S Jackson St,,
2025-10-20,510,North,25010,,,,,1,635,4th Ave S & S Washington St,,
2025-10-20,510,North,25010,,,,,2,2638,4th Ave & Cherry St,,
2025-10-20,510,North,25010,,,,,3,641,4th Ave & Seneca St,,
2025-10-20,510,North,25010,,16:46:00,,,4,2976,4th Ave & Pine St,,
2025-10-20,510,North,25010,,,,,5,473,Olive Way & 6th Ave,,
2025-10-20,510,North,25010,,16:50:00,,,6,430,Howell St & 9th Ave,,
2025-10-20,510,North,25010,,,,,7,431,Howell St & Yale Ave,,
2025-10-20,510,North,25010,,17:13:00,,,11,2766,Mountlake Terrace Fwy Station Bay 7,,
2025-10-20,510,North,25010,,17:36:00,,,12,2869,South Everett Fwy Station Bay 6,,
2025-10-20,510,North,25010,,,,,13,3219,Broadway & 33rd St,,
2025-10-20,510,North,25010,,17:59:00,,,14,2861,Everett Station,,
2025-10-20,510,North,25011,19817.0,16:55:00,16:56:30,16:56:30,0,640,4th Ave S & S Jackson St,3.0,0.0
2025-10-20,510,North,25011,19817.0,,16:57:33,16:58:07,1,635,4th Ave S & S Washington St,3.0,0.0
2025-10-20,510,North,25011,19817.0,,16:59:28,17:00:29,2,2638,4th Ave & Cherry St,9.0,1.0
2025-10-20,510,North,25011,19817.0,,17:03:15,17:04:23,3,641,4th Ave & Seneca St,12.0,0.0
2025-10-20,510,North,25011,19817.0,17:01:00,17:05:45,17:06:29,4,2976,4th Ave & Pine St,7.0,0.0
2025-10-20,510,North,25011,19817.0,,17:08:44,17:10:04,5,473,Olive Way & 6th Ave,9.0,1.0
2025-10-20,510,North,25011,19817.0,17:05:00,17:11:41,17:12:46,6,430,Howell St & 9th Ave,9.0,0.0
2025-10-20,510,North,25011,19817.0,,17:17:39,17:18:11,7,431,Howell St & Yale Ave,1.0,0.0
2025-10-20,510,North,25011,19817.0,17:27:00,17:33:44,17:34:16,11,2766,Mountlake Terrace Fwy Station Bay 7,1.0,12.0
2025-10-20,510,North,25011,19817.0,17:50:00,17:47:49,17:48:28,12,2869,South Everett Fwy Station Bay 6,0.0,21.0
2025-10-20,510,North,25011,19817.0,,17:55:47,17:56:04,13,3219,Broadway & 33rd St,0.0,2.0
2025-10-20,510,North,25011,19817.0,18:09:00,17:57:37,17:57:37,14,2861,Everett Station,0.0,17.0
2025-10-20,510,North,25012,91725.0,17:10:00,17:12:16,17:12:16,0,640,4th Ave S & S Jackson St,1.0,0.0
2025-10-20,510,North,25012,91725.0,,17:13:01,17:13:01,1,635,4th Ave S & S Washington St,0.0,0.0
2025-10-20,510,North,25012,91725.0,,17:14:26,17:14:37,2,2638,4th Ave & Cherry St,0.0,0.0
2025-10-20,510,North,25012,91725.0,,17:16:43,17:17:43,3,641,4th Ave & Seneca St,1.0,0.0
2025-10-20,510,North,25012,91725.0,17:16:00,17:19:17,17:19:50,4,2976,4th Ave & Pine St,0.0,0.0
2025-10-20,510,North,25012,91725.0,,17:21:14,17:22:04,5,473,Olive Way & 6th Ave,1.0,0.0
2025-10-20,510,North,25012,91725.0,17:20:00,17:23:41,17:23:57,6,430,Howell St & 9th Ave,1.0,0.0
2025-10-20,510,North,25012,91725.0,,17:26:36,17:26:58,7,431,Howell St & Yale Ave,2.0,0.0
2025-10-20,510,North,25012,91725.0,17:42:00,17:42:05,17:42:26,11,2766,Mountlake Terrace Fwy Station Bay 7,0.0,4.0
2025-10-20,510,North,25012,91725.0,18:05:00,17:55:33,17:55:44,12,2869,South Everett Fwy Station Bay 6,0.0,1.0
2025-10-20,510,North,25012,91725.0,,18:03:39,18:03:39,13,3219,Broadway & 33rd St,0.0,0.0
2025-10-20,510,North,25012,91725.0,18:21:00,18:04:46,18:04:46,14,2861,Everett Station,0.0,1.0
2025-10-20,510,North,25013,91704.0,17:25:00,17:26:55,17:26:55,0,640,4th Ave S & S Jackson St,2.0,0.0
2025-10-20,510,North,25013,91704.0,,17:27:32,17:27:42,1,635,4th Ave S & S Washington St,0.0,0.0
2025-10-20,510,North,25013,91704.0,,17:29:15,17:29:43,2,2638,4th Ave & Cherry St,5.0,0.0
2025-10-20,510,North,25013,91704.0,,17:31:28,17:31:44,3,641,4th Ave & Seneca St,3.0,0.0
2025-10-20,510,North,25013,91704.0,17:31:00,17:32:38,17:33:18,4,2976,4th Ave & Pine St,2.0,0.0
2025-10-20,510,North,25013,91704.0,,17:34:27,17:35:27,5,473,Olive Way & 6th Ave,4.0,0.0
2025-10-20,510,North,25013,91704.0,17:35:00,17:36:00,17:36:17,6,430,Howell St & 9th Ave,1.0,0.0
2025-10-20,510,North,25013,91704.0,,17:38:36,17:38:51,7,431,Howell St & Yale Ave,1.0,0.0
2025-10-20,510,North,25013,91704.0,17:56:00,17:52:22,17:52:47,11,2766,Mountlake Terrace Fwy Station Bay 7,1.0,1.0
2025-10-20,510,North,25013,91704.0,18:18:00,18:04:51,18:05:26,12,2869,South Everett Fwy Station Bay 6,0.0,18.0
2025-10-20,510,North,25013,91704.0,,18:13:00,18:13:00,13,3219,Broadway & 33rd St,0.0,0.0
2025-10-20,510,North,25013,91704.0,18:33:00,18:13:56,18:13:56,14,2861,Everett Station,0.0,0.0
2025-10-20,510,North,25014,,17:45:00,,,0,640,4th Ave S & S Jackson St,,
2025-10-20,510,North,25014,,,,,1,635,4th Ave S & S Washington St,,
2025-10-20,510,North,25014,,,,,2,2638,4th Ave & Cherry St,,
2025-10-20,510,North,25014,,,,,3,641,4th Ave & Seneca St,,
2025-10-20,510,North,25014,,17:51:00,,,4,2976,4th Ave & Pine St,,
2025-10-20,510,North,25014,,,,,5,473,Olive Way & 6th Ave,,
2025-10-20,510,North,25014,,17:55:00,,,6,430,Howell St & 9th Ave,,
2025-10-20,510,North,25014,,,,,7,431,Howell St & Yale Ave,,
2025-10-20,510,North,25014,,18:13:00,,,11,2766,Mountlake Terrace Fwy Station Bay 7,,
2025-10-20,510,North,25014,,18:32:00,,,12,2869,South Everett Fwy Station Bay 6,,
2025-10-20,510,North,25014,,,,,13,3219,Broadway & 33rd St,,
2025-10-20,510,North,25014,,18:43:00,,,14,2861,Everett Station,,
2025-10-20,510,North,25015,91720.0,18:05:00,18:06:13,18:06:13,0,640,4th Ave S & S Jackson St,4.0,0.0
2025-10-20,510,North,25015,91720.0,,18:06:54,18:07:16,1,635,4th Ave S & S Washington St,1.0,0.0
2025-10-20,510,North,25015,91720.0,,18:08:32,18:09:13,2,2638,4th Ave & Cherry St,7.0,0.0
2025-10-20,510,North,25015,91720.0,,18:10:46,18:11:45,3,641,4th Ave & Seneca St,10.0,0.0
2025-10-20,510,North,25015,91720.0,18:11:00,18:13:32,18:14:29,4,2976,4th Ave & Pine St,4.0,0.0
2025-10-20,510,North,25015,91720.0,,18:16:27,18:17:35,5,473,Olive Way & 6th Ave,10.0,0.0
2025-10-20,510,North,25015,91720.0,18:14:00,18:19:05,18:20:44,6,430,Howell St & 9th Ave,3.0,0.0
2025-10-20,510,North,25015,91720.0,,18:23:40,18:24:27,7,431,Howell St & Yale Ave,6.0,0.0
2025-10-20,510,North,25015,91720.0,18:32:00,18:37:46,18:38:20,11,2766,Mountlake Terrace Fwy Station Bay 7,1.0,1.0
2025-10-20,510,North,25015,91720.0,18:48:00,18:49:58,18:51:11,12,2869,South Everett Fwy Station Bay 6,0.0,23.0
2025-10-20,510,North,25015,91720.0,,18:59:34,19:00:07,13,3219,Broadway & 33rd St,0.0,2.0
2025-10-20,510,North,25015,91720.0,18:59:00,19:01:23,19:01:23,14,2861,Everett Station,0.0,20.0
2025-10-20,510,North,25016,19853.0,18:30:00,18:38:01,18:38:01,0,640,4th Ave S & S Jackson St,2.0,0.0
2025-10-20,510,North,25016,19853.0,,18:39:38,18:40:18,1,635,4th Ave S & S Washington St,0.0,0.0
2025-10-20,510,North,25016,19853.0,,18:41:27,18:41:50,2,2638,4th Ave & Cherry St,1.0,0.0
2025-10-20,510,North,25016,19853.0,,18:43:30,18:44:44,3,641,4th Ave & Seneca St,2.0,0.0
2025-10-20,510,North,25016,19853.0,18:36:00,18:45:53,18:46:48,4,2976,4th Ave & Pine St,4.0,0.0
2025-10-20,510,North,25016,19853.0,,18:47:55,18:49:02,5,473,Olive Way & 6th Ave,3.0,0.0
2025-10-20,510,North,25016,19853.0,18:39:00,18:49:42,18:50:18,6,430,Howell St & 9th Ave,3.0,0.0
2025-10-20,510,North,25016,19853.0,,18:52:29,18:52:50,7,431,Howell St & Yale Ave,0.0,0.0
2025-10-20,510,North,25016,19853.0,18:57:00,19:05:38,19:06:01,11,2766,Mountlake Terrace Fwy Station Bay 7,0.0,1.0
2025-10-20,510,North,25016,19853.0,19:12:00,19:16:36,19:17:17,12,2869,South Everett Fwy Station Bay 6,0.0,6.0
2025-10-20,510,North,25016,19853.0,,19:24:15,19:24:36,13,3219,Broadway & 33rd St,0.0,1.0
2025-10-20,510,North,25016,19853.0,19:22:00,19:26:16,19:26:16,14,2861,Everett Station,0.0,7.0
2025-10-20,510,South,25017,91713.0,04:05:00,04:05:10,04:05:10,0,2986,Hewitt Ave & Fulton St,0.0,0.0
2025-10-20,510,South,25017,91713.0,,04:06:06,04:06:06,1,2440,Hewitt Ave & Lombard Ave,0.0,0.0
2025-10-20,510,South,25017,91713.0,,04:08:02,04:08:02,2,2355,Wetmore Ave & Wall St,0.0,0.0
2025-10-20,510,South,25017,91713.0,,04:08:28,04:08:28,3,2359,Pacific Ave & Rockefeller Ave,0.0,0.0
2025-10-20,510,South,25017,91713.0,04:11:00,04:10:14,04:11:04,4,2345,Everett Station Bay C1,0.0,0.0
2025-10-20,510,South,25017,91713.0,,04:12:57,04:13:10,5,2367,Broadway & 34th St,0.0,0.0
2025-10-20,510,South,25017,91713.0,04:20:00,04:19:55,04:20:25,6,2868,South Everett Fwy Station Bay 3,0.0,0.0
2025-10-20,510,South,25017,91713.0,04:31:00,04:30:39,04:31:12,7,2765,Mountlake Terrace Fwy Station Bay 6,0.0,0.0
2025-10-20,510,South,25017,91713.0,04:48:00,04:44:22,04:45:07,11,1909,Stewart St & 9th Ave,0.0,0.0
2025-10-20,510,South,25017,91713.0,,04:46:02,04:46:02,12,1908,Stewart St & 7th Ave,0.0,0.0
2025-10-20,510,South,25017,91713.0,04:52:00,04:47:37,04:48:19,13,2698,5th Ave & Pine St,0.0,0.0
2025-10-20,510,South,25017,91713.0,,04:49:27,04:49:53,14,2700,5th Ave & Seneca St,0.0,0.0
2025-10-20,510,South,25017,91713.0,,04:50:36,04:51:08,15,2702,5th Ave & Marion St,0.0,0.0
2025-10-20,510,South,25017,91713.0,,04:52:12,04:52:12,16,2290,5th Ave & Jefferson St,0.0,0.0
2025-10-20,510,South,25017,91713.0,05:00:00,04:54:33,04:54:33,17,2706,5th Ave S & S Jackson St,0.0,0.0
2025-10-20,510,South,25018,91704.0,04:40:00,04:40:15,04:40:15,0,2986,Hewitt Ave & Fulton St,2.0,0.0
2025-10-20,510,South,25018,91704.0,,04:41:21,04:41:34,1,2440,Hewitt Ave & Lombard Ave,1.0,0.0
2025-10-20,510,South,25018,91704.0,,04:43:27,04:43:47,2,2355,Wetmore Ave & Wall St,1.0,0.0
2025-10-20,510,South,25018,91704.0,,04:44:30,04:44:43,3,2359,Pacific Ave & Rockefeller Ave,1.0,0.0
2025-10-20,510,South,25018,91704.0,04:46:00,04:46:33,04:47:19,4,2345,Everett Station Bay C1,7.0,0.0
2025-10-20,510,South,25018,91704.0,,04:48:32,04:48:32,5,2367,Broadway & 34th St,0.0,0.0
2025-10-20,510,South,25018,91704.0,04:57:00,04:55:39,04:58:11,6,2868,South Everett Fwy Station Bay 3,24.0,0.0
2025-10-20,510,South,25018,91704.0,05:08:00,05:07:50,05:08:18,7,2765,Mountlake Terrace Fwy Station Bay 6,3.0,1.0
2025-10-20,510,South,25018,91704.0,05:26:00,05:21:31,05:21:55,11,1909,Stewart St & 9th Ave,0.0,9.0
2025-10-20,510,South,25018,91704.0,,05:23:02,05:23:27,12,1908,Stewart St & 7th Ave,0.0,4.0
2025-10-20,510,South,25018,91704.0,05:30:00,05:24:28,05:25:18,13,2698,5th Ave & Pine St,0.0,0.0
2025-10-20,510,South,25018,91704.0,,05:26:17,05:26:47,14,2700,5th Ave & Seneca St,0.0,10.0
2025-10-20,510,South,25018,91704.0,,05:27:27,05:28:26,15,2702,5th Ave & Marion St,0.0,12.0
2025-10-20,510,South,25018,91704.0,,05:29:41,05:30:09,16,2290,5th Ave & Jefferson St,0.0,3.0
2025-10-20,510,South,25018,91704.0,05:38:00,05:31:32,05:31:32,17,2706,5th Ave S & S Jackson St,0.0,0.0
2025-10-20,510,South,25019,91731.0,05:10:00,05:10:15,05:10:15,0,2345,Everett Station Bay C1,15.0,0.0
2025-10-20,510,South,25019,91731.0,,05:12:12,05:12:41,1,2367,Broadway & 34th St,2.0,0.0
2025-10-20,510,South,25019,91731.0,05:20:00,05:19:55,05:21:09,2,2868,South Everett Fwy Station Bay 3,19.0,0.0
2025-10-20,510,South,25019,91731.0,05:31:00,05:31:56,05:32:37,3,2765,Mountlake Terrace Fwy Station Bay 6,6.0,0.0
2025-10-20,510,South,25019,91731.0,05:49:00,05:47:21,05:48:03,7,1909,Stewart St & 9th Ave,0.0,6.0
2025-10-20,510,South,25019,91731.0,,05:49:04,05:49:30,8,1908,Stewart St & 7th Ave,0.0,2.0
2025-10-20,510,South,25019,91731.0,05:54:00,05:50:33,05:51:20,9,2698,5th Ave & Pine St,0.0,4.0
2025-10-20,510,South,25019,91731.0,,05:52:16,05:52:48,10,2700,5th Ave & Seneca St,0.0,11.0
2025-10-20,510,South,25019,91731.0,,05:53:35,05:54:06,11,2702,5th Ave & Marion St,0.0,6.0
2025-10-20,510,South,25019,91731.0,,05:55:13,05:55:46,12,2290,5th Ave & Jefferson St,0.0,11.0
2025-10-20,510,South,25019,91731.0,06:03:00,05:57:36,05:57:36,13,2706,5th Ave S & S Jackson St,0.0,2.0
2025-10-20,510,South,25020,91907.0,05:40:00,05:40:23,05:40:23,0,2345,Everett Station Bay C1,24.0,0.0
2025-10-20,510,South,25020,91907.0,,05:42:22,05:42:22,1,2367,Broadway & 34th St,0.0,0.0
2025-10-20,510,South,25020,91907.0,05:50:00,05:49:17,05:50:20,2,2868,South Everett Fwy Station Bay 3,15.0,0.0
2025-10-20,510,South,25020,91907.0,06:01:00,06:01:08,06:02:00,3,2765,Mountlake Terrace Fwy Station Bay 6,9.0,2.0
2025-10-20,510,South,25020,91907.0,06:22:00,06:17:33,06:18:00,7,1909,Stewart St & 9th Ave,0.0,10.0
2025-10-20,510,South,25020,91907.0,,06:18:35,06:19:01,8,1908,Stewart St & 7th Ave,0.0,4.0
2025-10-20,510,South,25020,91907.0,06:28:00,06:21:23,06:22:36,9,2698,5th Ave & Pine St,1.0,2.0
2025-10-20,510,South,25020,91907.0,,06:24:32,06:25:12,10,2700,5th Ave & Seneca St,0.0,9.0
2025-10-20,510,South,25020,91907.0,,06:26:36,06:27:17,11,2702,5th Ave & Marion St,0.0,11.0
2025-10-20,510,South,25020,91907.0,,06:28:31,06:29:03,12,2290,5th Ave & Jefferson St,0.0,7.0
2025-10-20,510,South,25020,91907.0,06:38:00,06:31:06,06:31:06,13,2706,5th Ave S & S Jackson St,0.0,4.0
2025-10-20,510,South,25021,91713.0,05:52:00,05:52:31,05:52:31,0,2345,Everett Station Bay C1,1.0,0.0
2025-10-20,510,South,25021,91713.0,,05:54:21,05:54:21,1,2367,Broadway & 34th St,0.0,0.0
2025-10-20,510,South,25021,91713.0,06:02:00,06:01:25,06:02:19,2,2868,South Everett Fwy Station Bay 3,0.0,0.0
2025-10-20,510,South,25021,91713.0,06:14:00,06:12:36,06:13:10,3,2765,Mountlake Terrace Fwy Station Bay 6,0.0,0.0
2025-10-20,510,South,25021,91713.0,06:35:00,06:28:01,06:28:29,7,1909,Stewart St & 9th Ave,0.0,0.0
2025-10-20,510,South,25021,91713.0,,06:28:58,06:29:21,8,1908,Stewart St & 7th Ave,0.0,1.0
2025-10-20,510,South,25021,91713.0,06:41:00,06:30:27,06:31:32,9,2698,5th Ave & Pine St,0.0,0.0
2025-10-20,510,South,25021,91713.0,,06:32:41,06:33:20,10,2700,5th Ave & Seneca St,0.0,0.0
2025-10-20,510,South,25021,91713.0,,06:34:03,06:34:47,11,2702,5th Ave & Marion St,0.0,0.0
2025-10-20,510,South,25021,91713.0,,06:36:06,06:36:33,12,2290,5th Ave & Jefferson St,0.0,0.0
2025-10-20,510,South,25021,91713.0,06:51:00,06:38:57,06:38:57,13,2706,5th Ave S & S Jackson St,0.0,0.0
2025-10-20,510,South,25022,91911.0,06:04:00,06:03:57,06:03:57,0,2345,Everett Station Bay C1,10.0,0.0
2025-10-20,510,South,25022,91911.0,,06:06:01,06:06:41,1,2367,Broadway & 34th St,1.0,0.0
2025-10-20,510,South,25022,91911.0,06:14:00,06:13:22,06:14:34,2,2868,South Everett Fwy Station Bay 3,17.0,0.0
2025-10-20,510,South,25022,91911.0,06:26:00,06:25:51,06:26:19,3,2765,Mountlake Terrace Fwy Station Bay 6,3.0,0.0
2025-10-20,510,South,25022,91911.0,06:48:00,06:41:39,06:42:05,7,1909,Stewart St & 9th Ave,0.0,2.0
2025-10-20,510,South,25022,91911.0,,06:42:49,06:43:15,8,1908,Stewart St & 7th Ave,0.0,8.0
2025-10-20,510,South,25022,91911.0,06:54:00,06:45:25,06:46:37,9,2698,5th Ave & Pine St,0.0,4.0
2025-10-20,510,South,25022,91911.0,,06:47:37,06:48:03,10,2700,5th Ave & Seneca St,0.0,7.0
2025-10-20,510,South,25022,91911.0,,06:49:06,06:49:49,11,2702,5th Ave & Marion St,0.0,5.0
2025-10-20,510,South,25022,91911.0,,06:50:58,06:51:24,12,2290,5th Ave & Jefferson St,0.0,5.0
2025-10-20,510,South,25022,91911.0,07:04:00,06:53:59,06:53:59,13,2706,5th Ave S & S Jackson St,0.0,0.0
2025-10-20,510,South,25023,91721.0,06:16:00,06:16:56,06:16:56,0,2345,Everett Station Bay C1,10.0,0.0
2025-10-20,510,South,25023,91721.0,,06:19:09,06:19:25,1,2367,Broadway & 34th St,1.0,0.0
2025-10-20,510,South,25023,91721.0,06:26:00,06:26:25,06:27:51,2,2868,South Everett Fwy Station Bay 3,22.0,0.0
2025-10-20,510,South,25023,91721.0,06:38:00,06:40:47,06:41:20,3,2765,Mountlake Terrace Fwy Station Bay 6,7.0,0.0
2025-10-20,510,South,25023,91721.0,07:00:00,06:55:36,06:56:14,7,1909,Stewart St & 9th Ave,0.0,5.0
2025-10-20,510,South,25023,91721.0,,06:57:09,06:57:50,8,1908,Stewart St & 7th Ave,0.0,13.0
2025-10-20,510,South,25023,91721.0,07:06:00,06:58:46,07:00:03,9,2698,5th Ave & Pine St,0.0,5.0
2025-10-20,510,South,25023,91721.0,,07:00:55,07:01:25,10,2700,5th Ave & Seneca St,0.0,8.0
2025-10-20,510,South,25023,91721.0,,07:02:31,07:03:14,11,2702,5th Ave & Marion St,0.0,6.0
2025-10-20,510,South,25023,91721.0,,07:04:21,07:04:44,12,2290,5th Ave & Jefferson St,0.0,3.0
2025-10-20,510,South,25023,91721.0,07:17:00,07:07:25,07:07:25,13,2706,5th Ave S & S Jackson St,0.0,0.0
2025-10-20,510,South,25024,91703.0,06:28:00,06:28:10,06:28:10,0,2345,Everett Station Bay C1,20.0,0.0
2025-10-20,510,South,25024,91703.0,,06:30:24,06:30:40,1,2367,Broadway & 34th St,1.0,0.0
2025-10-20,510,South,25024,91703.0,06:38:00,06:38:17,06:39:23,2,2868,South Everett Fwy Station Bay 3,20.0,1.0
2025-10-20,510,South,25024,91703.0,06:50:00,06:54:32,06:54:42,3,2765,Mountlake Terrace Fwy Station Bay 6,0.0,0.0
2025-10-20,510,South,25024,91703.0,07:13:00,07:08:34,07:09:03,7,1909,Stewart St & 9th Ave,0.0,8.0
2025-10-20,510,South,25024,91703.0,,07:09:33,07:10:10,8,1908,Stewart St & 7th Ave,0.0,14.0
2025-10-20,510,South,25024,91703.0,07:19:00,07:12:26,07:13:35,9,2698,5th Ave & Pine St,0.0,4.0
2025-10-20,510,South,25024,91703.0,,07:14:31,07:15:08,10,2700,5th Ave & Seneca St,0.0,3.0
2025-10-20,510,South,25024,91703.0,,07:16:12,07:16:46,11,2702,5th Ave & Marion St,0.0,7.0
2025-10-20,510,South,25024,91703.0,,07:18:02,07:18:33,12,2290,5th Ave & Jefferson St,0.0,2.0
2025-10-20,510,South,25024,91703.0,07:30:00,07:20:46,07:20:46,13,2706,5th Ave S & S Jackson St,0.0,2.0
2025-10-20,510,South,25025,91712.0,06:40:00,06:45:15,06:45:15,0,2345,Everett Station Bay C1,18.0,0.0
2025-10-20,510,South,25025,91712.0,,,,1,2367,Broadway & 34th St,,
2025-10-20,510,South,25025,91712.0,06:50:00,06:53:33,06:55:02,2,2868,South Everett Fwy Station Bay 3,20.0,0.0
2025-10-20,510,South,25025,91712.0,07:03:00,07:12:35,07:13:23,3,2765,Mountlake Terrace Fwy Station Bay 6,6.0,2.0
2025-10-20,510,South,25025,91712.0,07:28:00,07:32:57,07:33:50,7,1909,Stewart St & 9th Ave,3.0,15.0
2025-10-20,510,South,25025,91712.0,,07:34:42,07:35:16,8,1908,Stewart St & 7th Ave,2.0,4.0
2025-10-20,510,South,25025,91712.0,07:34:00,07:37:54,07:39:08,9,2698,5th Ave & Pine St,0.0,5.0
2025-10-20,510,South,25025,91712.0,,07:41:02,07:41:32,10,2700,5th Ave & Seneca St,1.0,10.0
2025-10-20,510,South,25025,91712.0,,07:43:06,07:43:50,11,2702,5th Ave & Marion St,0.0,9.0
2025-10-20,510,South,25025,91712.0,,07:45:07,07:45:35,12,2290,5th Ave & Jefferson St,0.0,3.0
2025-10-20,510,South,25025,91712.0,07:47:00,07:47:20,07:47:20,13,2706,5th Ave S & S Jackson St,0.0,2.0
2025-10-20,510,South,25026,91716.0,06:52:00,06:52:46,06:52:46,0,2345,Everett Station Bay C1,16.0,0.0
2025-10-20,510,South,25026,91716.0,,06:55:16,06:55:43,1,2367,Broadway & 34th St,3.0,0.0
2025-10-20,510,South,25026,91716.0,07:02:00,07:03:19,07:04:27,2,2868,South Everett Fwy Station Bay 3,16.0,0.0
2025-10-20,510,South,25026,91716.0,07:15:00,07:23:41,07:24:23,3,2765,Mountlake Terrace Fwy Station Bay 6,10.0,0.0
2025-10-20,510,South,25026,91716.0,07:40:00,07:43:23,07:44:13,7,1909,Stewart St & 9th Ave,0.0,12.0
2025-10-20,510,South,25026,91716.0,,07:45:10,07:45:46,8,1908,Stewart St & 7th Ave,0.0,9.0
2025-10-20,510,South,25026,91716.0,07:46:00,07:46:53,07:47:40,9,2698,5th Ave & Pine St,0.0,8.0
2025-10-20,510,South,25026,91716.0,,07:50:16,07:51:21,10,2700,5th Ave & Seneca St,0.0,8.0
2025-10-20,510,South,25026,91716.0,,07:52:07,07:52:37,11,2702,5th Ave & Marion St,0.0,5.0
2025-10-20,510,South,25026,91716.0,,07:53:58,07:54:19,12,2290,5th Ave & Jefferson St,0.0,1.0
2025-10-20,510,South,25026,91716.0,07:59:00,07:57:18,07:57:18,13,2706,5th Ave S & S Jackson St,1.0,3.0
2025-10-20,510,South,25027,9560.0,07:04:00,07:15:25,07:15:25,0,2345,Everett Station Bay C1,13.0,0.0
2025-10-20,510,South,25027,9560.0,,,,1,2367,Broadway & 34th St,,
2025-10-20,510,South,25027,9560.0,07:14:00,07:24:50,07:26:36,2,2868,South Everett Fwy Station Bay 3,20.0,0.0
2025-10-20,510,South,25027,9560.0,07:28:00,07:53:03,07:53:43,3,2765,Mountlake Terrace Fwy Station Bay 6,4.0,0.0
2025-10-20,510,South,25027,9560.0,07:59:00,08:17:35,08:18:09,7,1909,Stewart St & 9th Ave,0.0,14.0
2025-10-20,510,South,25027,9560.0,,08:19:40,08:20:11,8,1908,Stewart St & 7th Ave,0.0,12.0
2025-10-20,510,South,25027,9560.0,08:05:00,08:21:33,08:22:34,9,2698,5th Ave & Pine St,0.0,4.0
2025-10-20,510,South,25027,9560.0,,08:25:01,08:25:36,10,2700,5th Ave & Seneca St,0.0,3.0
2025-10-20,510,South,25027,9560.0,,08:27:58,08:28:45,11,2702,5th Ave & Marion St,0.0,2.0
2025-10-20,510,South,25027,9560.0,,08:30:04,08:30:33,12,2290,5th Ave & Jefferson St,0.0,2.0
2025-10-20,510,South,25027,9560.0,08:20:00,08:32:42,08:32:42,13,2706,5th Ave S & S Jackson St,0.0,0.0
2025-10-20,510,South,25028,91720.0,07:16:00,07:16:12,07:16:12,0,2345,Everett Station Bay C1,7.0,0.0
2025-10-20,510,South,25028,91720.0,,07:18:28,07:18:44,1,2367,Broadway & 34th St,1.0,0.0
2025-10-20,510,South,25028,91720.0,07:26:00,07:25:57,07:26:38,2,2868,South Everett Fwy Station Bay 3,2.0,1.0
2025-10-20,510,South,25028,91720.0,07:40:00,07:53:09,07:54:41,3,2765,Mountlake Terrace Fwy Station Bay 6,14.0,1.0
2025-10-20,510,South,25028,91720.0,08:11:00,08:16:34,08:17:02,7,1909,Stewart St & 9th Ave,2.0,10.0
2025-10-20,510,South,25028,91720.0,,08:18:09,08:18:31,8,1908,Stewart St & 7th Ave,0.0,2.0
2025-10-20,510,South,25028,91720.0,08:17:00,08:19:53,08:21:04,9,2698,5th Ave & Pine St,1.0,0.0
2025-10-20,510,South,25028,91720.0,,08:23:14,08:23:38,10,2700,5th Ave & Seneca St,0.0,3.0
2025-10-20,510,South,25028,91720.0,,08:26:29,08:27:14,11,2702,5th Ave & Marion St,0.0,8.0
2025-10-20,510,South,25028,91720.0,,08:29:34,08:29:50,12,2290,5th Ave & Jefferson St,0.0,2.0
2025-10-20,510,South,25028,91720.0,08:34:00,08:32:19,08:32:19,13,2706,5th Ave S & S Jackson St,1.0,1.0
2025-10-20,510,South,25029,19854.0,07:28:00,07:28:38,07:28:38,0,2345,Everett Station Bay C1,11.0,0.0
2025-10-20,510,South,25029,19854.0,,07:31:48,07:31:48,1,2367,Broadway & 34th St,0.0,0.0
2025-10-20,510,South,25029,19854.0,07:38:00,07:40:00,07:41:16,2,2868,South Everett Fwy Station Bay 3,16.0,0.0
2025-10-20,510,South,25029,19854.0,07:52:00,08:06:43,08:06:58,3,2765,Mountlake Terrace Fwy Station Bay 6,1.0,0.0
2025-10-20,510,South,25029,19854.0,08:23:00,08:29:35,08:30:05,7,1909,Stewart St & 9th Ave,0.0,8.0
2025-10-20,510,South,25029,19854.0,,08:30:50,08:31:19,8,1908,Stewart St & 7th Ave,0.0,9.0
2025-10-20,510,South,25029,19854.0,08:29:00,08:33:28,08:34:36,9,2698,5th Ave & Pine St,0.0,3.0
2025-10-20,510,South,25029,19854.0,,08:36:31,08:37:01,10,2700,5th Ave & Seneca St,0.0,3.0
2025-10-20,510,South,25029,19854.0,,08:38:56,08:39:29,11,2702,5th Ave & Marion St,0.0,3.0
2025-10-20,510,South,25029,19854.0,,08:41:39,08:42:03,12,2290,5th Ave & Jefferson St,0.0,2.0
2025-10-20,510,South,25029,19854.0,08:47:00,08:46:19,08:46:19,13,2706,5th Ave S & S Jackson St,1.0,1.0
2025-10-20,510,South,25030,91709.0,07:43:00,07:43:05,07:43:05,0,2345,Everett Station Bay C1,16.0,0.0
2025-10-20,510,South,25030,91709.0,,07:45:07,07:45:31,1,2367,Broadway & 34th St,1.0,0.0
2025-10-20,510,South,25030,91709.0,07:53:00,07:53:15,07:54:37,2,2868,South Everett Fwy Station Bay 3,22.0,0.0
2025-10-20,510,South,25030,91709.0,08:07:00,08:17:10,08:17:42,3,2765,Mountlake Terrace Fwy Station Bay 6,5.0,3.0
2025-10-20,510,South,25030,91709.0,08:38:00,08:37:03,08:38:10,7,1909,Stewart St & 9th Ave,0.0,17.0
2025-10-20,510,South,25030,91709.0,,08:39:03,08:39:33,8,1908,Stewart St & 7th Ave,0.0,10.0
2025-10-20,510,South,25030,91709.0,08:44:00,08:40:49,08:42:03,9,2698,5th Ave & Pine St,2.0,5.0
2025-10-20,510,South,25030,91709.0,,08:43:00,08:43:51,10,2700,5th Ave & Seneca St,1.0,5.0
2025-10-20,510,South,25030,91709.0,,08:44:32,08:45:15,11,2702,5th Ave & Marion St,0.0,5.0
2025-10-20,510,South,25030,91709.0,,08:46:22,08:46:41,12,2290,5th Ave & Jefferson St,1.0,0.0
2025-10-20,510,South,25030,91709.0,09:02:00,08:49:04,08:49:04,13,2706,5th Ave S & S Jackson St,0.0,3.0
2025-10-20,510,South,25031,91913.0,07:58:00,07:58:56,07:58:56,0,2345,Everett Station Bay C1,3.0,0.0
2025-10-20,510,South,25031,91913.0,,08:01:51,08:02:06,1,2367,Broadway & 34th St,1.0,0.0
2025-10-20,510,South,25031,91913.0,08:08:00,08:09:01,08:10:24,2,2868,South Everett Fwy Station Bay 3,28.0,0.0
2025-10-20,510,South,25031,91913.0,08:22:00,08:31:47,08:32:13,3,2765,Mountlake Terrace Fwy Station Bay 6,3.0,2.0
2025-10-20,510,South,25031,91913.0,08:53:00,08:52:06,08:52:39,7,1909,Stewart St & 9th Ave,0.0,9.0
2025-10-20,510,South,25031,91913.0,,08:53:14,08:53:53,8,1908,Stewart St & 7th Ave,0.0,14.0
2025-10-20,510,South,25031,91913.0,08:59:00,08:57:26,08:57:48,9,2698,5th Ave & Pine St,0.0,2.0
2025-10-20,510,South,25031,91913.0,,08:59:43,09:00:01,10,2700,5th Ave & Seneca St,0.0,2.0
2025-10-20,510,South,25031,91913.0,,09:01:15,09:01:48,11,2702,5th Ave & Marion St,0.0,4.0
2025-10-20,510,South,25031,91913.0,,09:03:04,09:03:27,12,2290,5th Ave & Jefferson St,0.0,2.0
2025-10-20,510,South,25031,91913.0,09:17:00,09:05:44,09:05:44,13,2706,5th Ave S & S Jackson St,0.0,0.0
2025-10-20,510,South,25032,91902.0,08:18:00,08:19:00,08:19:00,0,2345,Everett Station Bay C1,12.0,0.0
2025-10-20,510,South,25032,91902.0,,08:21:49,08:22:15,1,2367,Broadway & 34th St,2.0,0.0
2025-10-20,510,South,25032,91902.0,08:29:00,08:29:40,08:31:06,2,2868,South Everett Fwy Station Bay 3,20.0,0.0
2025-10-20,510,South,25032,91902.0,08:42:00,08:47:15,08:47:39,3,2765,Mountlake Terrace Fwy Station Bay 6,1.0,0.0
2025-10-20,510,South,25032,91902.0,09:13:00,09:05:58,09:06:43,7,1909,Stewart St & 9th Ave,1.0,14.0
2025-10-20,510,South,25032,91902.0,,09:07:42,09:08:14,8,1908,Stewart St & 7th Ave,1.0,13.0
2025-10-20,510,South,25032,91902.0,09:19:00,09:09:26,09:10:34,9,2698,5th Ave & Pine St,0.0,4.0
2025-10-20,510,South,25032,91902.0,,09:12:45,09:13:09,10,2700,5th Ave & Seneca St,1.0,2.0
2025-10-20,510,South,25032,91902.0,,09:14:45,09:15:14,11,2702,5th Ave & Marion St,0.0,2.0
2025-10-20,510,South,25032,91902.0,,09:17:31,09:17:44,12,2290,5th Ave & Jefferson St,0.0,1.0
2025-10-20,510,South,25032,91902.0,09:37:00,09:19:16,09:19:16,13,2706,5th Ave S & S Jackson St,0.0,2.0
2025-10-20,510,South,25033,91707.0,08:38:00,08:38:11,08:38:11,0,2345,Everett Station Bay C1,11.0,0.0
2025-10-20,510,South,25033,91707.0,,08:40:03,08:40:03,1,2367,Broadway & 34th St,0.0,0.0
2025-10-20,510,South,25033,91707.0,08:49:00,08:47:12,08:48:38,2,2868,South Everett Fwy Station Bay 3,11.0,1.0
2025-10-20,510,South,25033,91707.0,09:02:00,09:03:04,09:03:13,3,2765,Mountlake Terrace Fwy Station Bay 6,0.0,0.0
2025-10-20,510,South,25033,91707.0,09:33:00,09:20:50,09:21:21,7,1909,Stewart St & 9th Ave,0.0,8.0
2025-10-20,510,South,25033,91707.0,,09:22:39,09:23:09,8,1908,Stewart St & 7th Ave,0.0,7.0
2025-10-20,510,South,25033,91707.0,09:39:00,09:24:25,09:25:38,9,2698,5th Ave & Pine St,0.0,2.0
2025-10-20,510,South,25033,91707.0,,09:27:43,09:28:03,10,2700,5th Ave & Seneca St,0.0,2.0
2025-10-20,510,South,25033,91707.0,,09:29:32,09:30:15,11,2702,5th Ave & Marion St,0.0,1.0
2025-10-20,510,South,25033,91707.0,,09:31:23,09:31:35,12,2290,5th Ave & Jefferson St,0.0,0.0
2025-10-20,510,South,25033,91707.0,09:57:00,09:33:55,09:33:55,13,2706,5th Ave S & S Jackson St,0.0,1.0
2025-10-21,510,North,25001,91718.0,14:00:00,14:00:25,14:00:25,0,640,4th Ave S & S Jackson St,4.0,0.0
2025-10-21,510,North,25001,91718.0,,14:00:53,14:01:19,1,635,4th Ave S & S Washington St,2.0,0.0
2025-10-21,510,North,25001,91718.0,,14:02:20,14:03:05,2,2638,4th Ave & Cherry St,11.0,0.0
2025-10-21,510,North,25001,91718.0,,14:04:35,14:05:12,3,641,4th Ave & Seneca St,9.0,0.0
2025-10-21,510,North,25001,91718.0,14:06:00,14:06:23,14:07:19,4,2976,4th Ave & Pine St,5.0,0.0
2025-10-21,510,North,25001,91718.0,,14:08:29,14:09:24,5,473,Olive Way & 6th Ave,9.0,0.0
2025-10-21,510,North,25001,91718.0,14:10:00,14:10:05,14:10:48,6,430,Howell St & 9th Ave,10.0,0.0
2025-10-21,510,North,25001,91718.0,,14:12:57,14:13:36,7,431,Howell St & Yale Ave,5.0,2.0
2025-10-21,510,North,25001,91718.0,14:30:00,14:26:12,14:26:12,11,2766,Mountlake Terrace Fwy Station Bay 7,0.0,53.0
2025-10-21,510,North,25001,91718.0,14:47:00,,,12,2869,South Everett Fwy Station Bay 6,,
2025-10-21,510,North,25001,91718.0,,,,13,3219,Broadway & 33rd St,,
2025-10-21,510,North,25001,91718.0,15:04:00,,,14,2861,Everett Station,,
2025-10-21,510,North,25002,,14:20:00,,,0,640,4th Ave S & S Jackson St,,
2025-10-21,510,North,25002,,,,,1,635,4th Ave S & S Washington St,,
2025-10-21,510,North,25002,,,,,2,2638,4th Ave & Cherry St,,
2025-10-21,510,North,25002,,,,,3,641,4th Ave & Seneca St,,
2025-10-21,510,North,25002,,14:26:00,,,4,2976,4th Ave & Pine St,,
2025-10-21,510,North,25002,,,,,5,473,Olive Way & 6th Ave,,
2025-10-21,510,North,25002,,14:30:00,,,6,430,Howell St & 9th Ave,,
2025-10-21,510,North,25002,,,,,7,431,Howell St & Yale Ave,,
2025-10-21,510,North,25002,,14:50:00,,,11,2766,Mountlake Terrace Fwy Station Bay 7,,
2025-10-21,510,North,25002,,15:07:00,,,12,2869,South Everett Fwy Station Bay 6,,
2025-10-21,510,North,25002,,,,,13,3219,Broadway & 33rd St,,
2025-10-21,510,North,25002,,15:24:00,,,14,2861,Everett Station,,
2025-10-21,510,North,25003,91717.0,14:50:00,14:50:36,14:50:36,0,640,4th Ave S & S Jackson St,1.0,0.0
2025-10-21,510,North,25003,91717.0,,14:51:45,14:52:01,1,635,4th Ave S & S Washington St,0.0,0.0
2025-10-21,510,North,25003,91717.0,,14:53:18,14:54:24,2,2638,4th Ave & Cherry St,9.0,0.0
2025-10-21,510,North,25003,91717.0,,14:56:44,14:58:01,3,641,4th Ave & Seneca St,9.0,0.0
2025-10-21,510,North,25003,91717.0,14:56:00,14:59:38,15:00:57,4,2976,4th Ave & Pine St,6.0,0.0
2025-10-21,510,North,25003,91717.0,,15:03:08,15:04:03,5,473,Olive Way & 6th Ave,8.0,0.0
2025-10-21,510,North,25003,91717.0,15:00:00,15:05:36,15:06:30,6,430,Howell St & 9th Ave,6.0,0.0
2025-10-21,510,North,25003,91717.0,,15:10:08,15:10:58,7,431,Howell St & Yale Ave,5.0,0.0
2025-10-21,510,North,25003,91717.0,15:20:00,15:28:21,15:28:55,11,2766,Mountlake Terrace Fwy Station Bay 7,1.0,14.0
2025-10-21,510,North,25003,91717.0,15:38:00,15:41:12,15:42:09,12,2869,South Everett Fwy Station Bay 6,1.0,31.0
2025-10-21,510,North,25003,91717.0,,15:50:59,15:51:16,13,3219,Broadway & 33rd St,0.0,1.0
2025-10-21,510,North,25003,91717.0,15:57:00,15:53:04,15:53:04,14,2861,Everett Station,0.0,0.0
2025-10-21,510,North,25004,91910.0,15:10:00,15:17:17,15:17:17,0,640,4th Ave S & S Jackson St,6.0,0.0
2025-10-21,510,North,25004,91910.0,,,,1,635,4th Ave S & S Washington St,,
2025-10-21,510,North,25004,91910.0,,15:19:01,15:20:06,2,2638,4th Ave & Cherry St,6.0,0.0
2025-10-21,510,North,25004,91910.0,,15:22:52,15:23:44,3,641,4th Ave & Seneca St,5.0,0.0
2025-10-21,510,North,25004,91910.0,15:16:00,15:25:23,15:26:10,4,2976,4th Ave & Pine St,6.0,0.0
2025-10-21,510,North,25004,91910.0,,15:28:30,15:29:31,5,473,Olive Way & 6th Ave,6.0,0.0
2025-10-21,510,North,25004,91910.0,15:20:00,15:31:06,15:31:43,6,430,Howell St & 9th Ave,2.0,0.0
2025-10-21,510,North,25004,91910.0,,15:34:10,15:34:51,7,431,Howell St & Yale Ave,3.0,0.0
2025-10-21,510,North,25004,91910.0,15:40:00,15:52:21,15:52:45,11,2766,Mountlake Terrace Fwy Station Bay 7,0.0,3.0
2025-10-21,510,North,25004,91910.0,16:00:00,16:05:30,16:06:29,12,2869,South Everett Fwy Station Bay 6,0.0,29.0
2025-10-21,510,North,25004,91910.0,,16:15:27,16:15:59,13,3219,Broadway & 33rd St,0.0,2.0
2025-10-21,510,North,25004,91910.0,16:21:00,16:18:08,16:18:08,14,2861,Everett Station,0.0,0.0
2025-10-21,510,North,25005,91505.0,15:25:00,15:27:40,15:27:40,0,640,4th Ave S & S Jackson St,3.0,0.0
2025-10-21,510,North,25005,91505.0,,15:29:10,15:29:42,1,635,4th Ave S & S Washington St,2.0,0.0
2025-10-21,510,North,25005,91505.0,,15:30:57,15:31:41,2,2638,4th Ave & Cherry St,3.0,0.0
2025-10-21,510,North,25005,91505.0,,15:34:07,15:34:41,3,641,4th Ave & Seneca St,2.0,0.0
2025-10-21,510,North,25005,91505.0,15:31:00,15:36:36,15:37:08,4,2976,4th Ave & Pine St,3.0,0.0
2025-10-21,510,North,25005,91505.0,,15:39:11,15:40:02,5,473,Olive Way & 6th Ave,5.0,0.0
2025-10-21,510,North,25005,91505.0,15:35:00,15:41:42,15:42:31,6,430,Howell St & 9th Ave,4.0,0.0
2025-10-21,510,North,25005,91505.0,,15:45:12,15:45:53,7,431,Howell St & Yale Ave,3.0,0.0
2025-10-21,510,North,25005,91505.0,15:56:00,16:06:21,16:07:03,11,2766,Mountlake Terrace Fwy Station Bay 7,0.0,8.0
2025-10-21,510,North,25005,91505.0,16:16:00,16:21:13,16:22:22,12,2869,South Everett Fwy Station Bay 6,0.0,17.0
2025-10-21,510,North,25005,91505.0,,16:30:47,16:31:08,13,3219,Broadway & 33rd St,0.0,0.0
2025-10-21,510,North,25005,91505.0,16:38:00,16:32:39,16:32:39,14,2861,Everett Station,0.0,0.0
2025-10-21,510,North,25006,91902.0,15:40:00,15:40:40,15:40:40,0,640,4th Ave S & S Jackson St,2.0,0.0
2025-10-21,510,North,25006,91902.0,,15:41:21,15:41:38,1,635,4th Ave S & S Washington St,1.0,0.0
2025-10-21,510,North,25006,91902.0,,15:42:53,15:43:35,2,2638,4th Ave & Cherry St,11.0,0.0
2025-10-21,510,North,25006,91902.0,,15:46:03,15:46:32,3,641,4th Ave & Seneca St,4.0,0.0
2025-10-21,510,North,25006,91902.0,15:46:00,15:47:51,15:48:25,4,2976,4th Ave & Pine St,3.0,0.0
2025-10-21,510,North,25006,91902.0,,15:50:49,15:52:00,5,473,Olive Way & 6th Ave,13.0,0.0
2025-10-21,510,North,25006,91902.0,15:50:00,15:53:34,15:54:06,6,430,Howell St & 9th Ave,6.0,0.0
2025-10-21,510,North,25006,91902.0,,15:57:06,15:57:53,7,431,Howell St & Yale Ave,7.0,0.0
2025-10-21,510,North,25006,91902.0,16:12:00,16:17:56,16:18:21,11,2766,Mountlake Terrace Fwy Station Bay 7,0.0,8.0
2025-10-21,510,North,25006,91902.0,16:35:00,16:31:09,16:32:04,12,2869,South Everett Fwy Station Bay 6,0.0,20.0
2025-10-21,510,North,25006,91902.0,,16:40:50,16:40:50,13,3219,Broadway & 33rd St,0.0,0.0
2025-10-21,510,North,25006,91902.0,16:58:00,16:41:54,16:41:54,14,2861,Everett Station,0.0,19.0
2025-10-21,510,North,25007,91714.0,15:55:00,15:58:08,15:58:08,0,640,4th Ave S & S Jackson St,3.0,0.0
2025-10-21,510,North,25007,91714.0,,15:58:59,15:59:16,1,635,4th Ave S & S Washington St,0.0,0.0
2025-10-21,510,North,25007,91714.0,,16:00:56,16:01:51,2,2638,4th Ave & Cherry St,11.0,0.0
2025-10-21,510,North,25007,91714.0,,16:04:30,16:05:46,3,641,4th Ave & Seneca St,8.0,0.0
2025-10-21,510,North,25007,91714.0,16:01:00,16:07:09,16:07:57,4,2976,4th Ave & Pine St,5.0,0.0
2025-10-21,510,North,25007,91714.0,,16:09:06,16:10:29,5,473,Olive Way & 6th Ave,16.0,0.0
2025-10-21,510,North,25007,91714.0,16:05:00,16:12:09,16:13:03,6,430,Howell St & 9th Ave,7.0,0.0
2025-10-21,510,North,25007,91714.0,,16:16:10,16:16:48,7,431,Howell St & Yale Ave,6.0,0.0
2025-10-21,510,North,25007,91714.0,16:28:00,16:38:52,16:39:30,11,2766,Mountlake Terrace Fwy Station Bay 7,0.0,20.0
2025-10-21,510,North,25007,91714.0,16:51:00,16:53:40,16:54:57,12,2869,South Everett Fwy Station Bay 6,0.0,35.0
2025-10-21,510,North,25007,91714.0,,17:03:45,17:04:02,13,3219,Broadway & 33rd St,0.0,1.0
2025-10-21,510,North,25007,91714.0,17:14:00,17:05:07,17:05:07,14,2861,Everett Station,0.0,0.0
2025-10-21,510,North,25008,91706.0,16:10:00,16:10:18,16:10:18,0,640,4th Ave S & S Jackson St,0.0,0.0
2025-10-21,510,North,25008,91706.0,,16:10:56,16:11:21,1,635,4th Ave S & S Washington St,2.0,0.0
2025-10-21,510,North,25008,91706.0,,16:12:49,16:13:40,2,2638,4th Ave & Cherry St,9.0,0.0
2025-10-21,510,North,25008,91706.0,,16:15:56,16:16:45,3,641,4th Ave & Seneca St,14.0,0.0
2025-10-21,510,North,25008,91706.0,16:16:00,16:18:26,16:19:48,4,2976,4th Ave & Pine St,7.0,0.0
2025-10-21,510,North,25008,91706.0,,16:20:45,16:22:00,5,473,Olive Way & 6th Ave,11.0,0.0
2025-10-21,510,North,25008,91706.0,16:20:00,16:22:36,16:23:25,6,430,Howell St & 9th Ave,7.0,0.0
2025-10-21,510,North,25008,91706.0,,16:26:32,16:27:02,7,431,Howell St & Yale Ave,3.0,0.0
2025-10-21,510,North,25008,91706.0,16:43:00,16:47:23,16:47:56,11,2766,Mountlake Terrace Fwy Station Bay 7,0.0,10.0
2025-10-21,510,North,25008,91706.0,17:06:00,17:01:15,17:02:16,12,2869,South Everett Fwy Station Bay 6,0.0,20.0
2025-10-21,510,North,25008,91706.0,,17:09:48,17:09:48,13,3219,Broadway & 33rd St,0.0,0.0
2025-10-21,510,North,25008,91706.0,17:29:00,17:10:37,17:10:37,14,2861,Everett Station,0.0,23.0
2025-10-21,510,North,25009,,16:25:00,,,0,640,4th Ave S & S Jackson St,,
2025-10-21,510,North,25009,,,,,1,635,4th Ave S & S Washington St,,
2025-10-21,510,North,25009,,,,,2,2638,4th Ave & Cherry St,,
2025-10-21,510,North,25009,,,,,3,641,4th Ave & Seneca St,,
2025-10-21,510,North,25009,,16:31:00,,,4,2976,4th Ave & Pine St,,
2025-10-21,510,North,25009,,,,,5,473,Olive Way & 6th Ave,,
2025-10-21,510,North,25009,,16:35:00,,,6,430,Howell St & 9th Ave,,
2025-10-21,510,North,25009,,,,,7,431,Howell St & Yale Ave,,
2025-10-21,510,North,25009,,16:58:00,,,11,2766,Mountlake Terrace Fwy Station Bay 7,,
2025-10-21,510,North,25009,,17:21:00,,,12,2869,South Everett Fwy Station Bay 6,,
2025-10-21,510,North,25009,,,,,13,3219,Broadway & 33rd St,,
2025-10-21,510,North,25009,,17:44:00,,,14,2861,Everett Station,,
2025-10-21,510,North,25010,19852.0,16:40:00,16:43:30,16:43:30,0,640,4th Ave S & S Jackson St,17.0,0.0
2025-10-21,510,North,25010,19852.0,,16:45:12,16:45:27,1,635,4th Ave S & S Washington St,1.0,0.0
2025-10-21,510,North,25010,19852.0,,16:46:31,16:47:27,2,2638,4th Ave & Cherry St,10.0,0.0
2025-10-21,510,North,25010,19852.0,,16:49:01,16:50:48,3,641,4th Ave & Seneca St,15.0,0.0
2025-10-21,510,North,25010,19852.0,16:46:00,16:52:08,16:52:56,4,2976,4th Ave & Pine St,10.0,0.0
2025-10-21,510,North,25010,19852.0,,16:54:09,16:55:04,5,473,Olive Way & 6th Ave,13.0,0.0
2025-10-21,510,North,25010,19852.0,16:50:00,16:56:36,16:57:15,6,430,Howell St & 9th Ave,7.0,0.0
2025-10-21,510,North,25010,19852.0,,17:04:09,17:04:32,7,431,Howell St & Yale Ave,2.0,3.0
2025-10-21,510,North,25010,19852.0,17:13:00,17:22:58,17:23:33,11,2766,Mountlake Terrace Fwy Station Bay 7,2.0,2.0
2025-10-21,510,North,25010,19852.0,17:36:00,17:36:08,17:38:42,12,2869,South Everett Fwy Station Bay 6,0.0,47.0
2025-10-21,510,North,25010,19852.0,,17:45:32,17:45:50,13,3219,Broadway & 33rd St,0.0,2.0
2025-10-21,510,North,25010,19852.0,17:59:00,17:47:16,17:47:16,14,2861,Everett Station,0.0,23.0
2025-10-21,510,North,25011,19856.0,16:55:00,16:55:36,16:55:36,0,640,4th Ave S & S Jackson St,3.0,0.0
2025-10-21,510,North,25011,19856.0,,16:56:10,16:56:37,1,635,4th Ave S & S Washington St,2.0,0.0
2025-10-21,510,North,25011,19856.0,,16:58:01,16:58:33,2,2638,4th Ave & Cherry St,6.0,0.0
2025-10-21,510,North,25011,19856.0,,17:00:09,17:01:17,3,641,4th Ave & Seneca St,6.0,0.0
2025-10-21,510,North,25011,19856.0,17:01:00,17:02:32,17:03:20,4,2976,4th Ave & Pine St,7.0,1.0
2025-10-21,510,North,25011,19856.0,,17:06:05,17:07:03,5,473,Olive Way & 6th Ave,5.0,0.0
2025-10-21,510,North,25011,19856.0,17:05:00,17:08:34,17:09:01,6,430,Howell St & 9th Ave,4.0,0.0
2025-10-21,510,North,25011,19856.0,,17:13:11,17:13:49,7,431,Howell St & Yale Ave,2.0,2.0
2025-10-21,510,North,25011,19856.0,17:27:00,17:33:33,17:33:56,11,2766,Mountlake Terrace Fwy Station Bay 7,0.0,1.0
2025-10-21,510,North,25011,19856.0,17:50:00,17:46:38,17:47:24,12,2869,South Everett Fwy Station Bay 6,0.0,23.0
2025-10-21,510,North,25011,19856.0,,17:54:49,17:55:04,13,3219,Broadway & 33rd St,0.0,1.0
2025-10-21,510,North,25011,19856.0,18:09:00,17:56:07,17:56:07,14,2861,Everett Station,0.0,7.0
2025-10-21,510,North,25012,91911.0,17:10:00,17:15:12,17:15:12,0,640,4th Ave S & S Jackson St,4.0,0.0
2025-10-21,510,North,25012,91911.0,,17:15:45,17:16:29,1,635,4th Ave S & S Washington St,3.0,0.0
2025-10-21,510,North,25012,91911.0,,17:17:36,17:18:14,2,2638,4th Ave & Cherry St,7.0,0.0
2025-10-21,510,North,25012,91911.0,,17:20:30,17:23:45,3,641,4th Ave & Seneca St,11.0,1.0
2025-10-21,510,North,25012,91911.0,17:16:00,17:24:42,17:25:10,4,2976,4th Ave & Pine St,3.0,0.0
2025-10-21,510,North,25012,91911.0,,17:26:51,17:28:02,5,473,Olive Way & 6th Ave,13.0,0.0
2025-10-21,510,North,25012,91911.0,17:20:00,17:29:41,17:30:32,6,430,Howell St & 9th Ave,7.0,0.0
2025-10-21,510,North,25012,91911.0,,17:35:40,17:36:21,7,431,Howell St & Yale Ave,6.0,0.0
2025-10-21,510,North,25012,91911.0,17:42:00,17:54:13,17:54:44,11,2766,Mountlake Terrace Fwy Station Bay 7,0.0,9.0
2025-10-21,510,North,25012,91911.0,18:05:00,18:07:31,18:08:33,12,2869,South Everett Fwy Station Bay 6,0.0,26.0
2025-10-21,510,North,25012,91911.0,,18:16:19,18:16:42,13,3219,Broadway & 33rd St,0.0,4.0
2025-10-21,510,North,25012,91911.0,18:21:00,18:18:20,18:18:20,14,2861,Everett Station,0.0,14.0
2025-10-21,510,North,25013,91726.0,17:25:00,17:28:38,17:28:38,0,640,4th Ave S & S Jackson St,0.0,0.0
2025-10-21,510,North,25013,91726.0,,17:29:07,17:29:13,1,635,4th Ave S & S Washington St,0.0,0.0
2025-10-21,510,North,25013,91726.0,,17:30:49,17:31:13,2,2638,4th Ave & Cherry St,4.0,0.0
2025-10-21,510,North,25013,91726.0,,17:34:02,17:34:28,3,641,4th Ave & Seneca St,5.0,0.0
2025-10-21,510,North,25013,91726.0,17:31:00,17:36:36,17:37:50,4,2976,4th Ave & Pine St,3.0,0.0
2025-10-21,510,North,25013,91726.0,,17:38:47,17:39:10,5,473,Olive Way & 6th Ave,2.0,0.0
2025-10-21,510,North,25013,91726.0,17:35:00,17:41:32,17:41:53,6,430,Howell St & 9th Ave,6.0,0.0
2025-10-21,510,North,25013,91726.0,,17:46:06,17:46:35,7,431,Howell St & Yale Ave,3.0,0.0
2025-10-21,510,North,25013,91726.0,17:56:00,18:04:16,18:04:31,11,2766,Mountlake Terrace Fwy Station Bay 7,0.0,2.0
2025-10-21,510,North,25013,91726.0,18:18:00,18:16:30,18:17:14,12,2869,South Everett Fwy Station Bay 6,0.0,15.0
2025-10-21,510,North,25013,91726.0,,18:23:56,18:24:16,13,3219,Broadway & 33rd St,0.0,1.0
2025-10-21,510,North,25013,91726.0,18:33:00,18:25:17,18:25:17,14,2861,Everett Station,0.0,5.0
2025-10-21,510,North,25014,91708.0,17:45:00,17:46:35,17:46:35,0,640,4th Ave S & S Jackson St,2.0,0.0
2025-10-21,510,North,25014,91708.0,,17:47:17,17:47:26,1,635,4th Ave S & S Washington St,0.0,0.0
2025-10-21,510,North,25014,91708.0,,17:48:49,17:49:18,2,2638,4th Ave & Cherry St,2.0,0.0
2025-10-21,510,North,25014,91708.0,,17:51:56,17:52:42,3,641,4th Ave & Seneca St,6.0,0.0
2025-10-21,510,North,25014,91708.0,17:51:00,17:54:28,17:55:09,4,2976,4th Ave & Pine St,6.0,0.0
2025-10-21,510,North,25014,91708.0,,17:57:05,17:58:01,5,473,Olive Way & 6th Ave,1.0,0.0
2025-10-21,510,North,25014,91708.0,17:55:00,17:58:34,17:58:47,6,430,Howell St & 9th Ave,1.0,0.0
2025-10-21,510,North,25014,91708.0,,18:01:04,18:01:30,7,431,Howell St & Yale Ave,3.0,0.0
2025-10-21,510,North,25014,91708.0,18:13:00,18:17:58,18:18:52,11,2766,Mountlake Terrace Fwy Station Bay 7,0.0,2.0
2025-10-21,510,North,25014,91708.0,18:32:00,18:30:14,18:31:03,12,2869,South Everett Fwy Station Bay 6,0.0,18.0
2025-10-21,510,North,25014,91708.0,,18:38:06,18:38:21,13,3219,Broadway & 33rd St,0.0,1.0
2025-10-21,510,North,25014,91708.0,18:43:00,18:39:36,18:39:36,14,2861,Everett Station,0.0,0.0
2025-10-21,510,North,25015,91709.0,18:05:00,18:09:48,18:09:48,0,640,4th Ave S & S Jackson St,3.0,0.0
2025-10-21,510,North,25015,91709.0,,18:10:59,18:11:06,1,635,4th Ave S & S Washington St,0.0,0.0
2025-10-21,510,North,25015,91709.0,,18:11:55,18:12:27,2,2638,4th Ave & Cherry St,4.0,0.0
2025-10-21,510,North,25015,91709.0,,18:13:28,18:14:42,3,641,4th Ave & Seneca St,5.0,0.0
2025-10-21,510,North,25015,91709.0,18:11:00,18:16:07,18:17:01,4,2976,4th Ave & Pine St,4.0,0.0
2025-10-21,510,North,25015,91709.0,,18:18:05,18:20:34,5,473,Olive Way & 6th Ave,14.0,0.0
2025-10-21,510,North,25015,91709.0,18:14:00,18:22:06,18:22:44,6,430,Howell St & 9th Ave,4.0,0.0
2025-10-21,510,North,25015,91709.0,,18:25:07,18:25:35,7,431,Howell St & Yale Ave,2.0,0.0
2025-10-21,510,North,25015,91709.0,18:32:00,18:40:59,18:41:53,11,2766,Mountlake Terrace Fwy Station Bay 7,1.0,11.0
2025-10-21,510,North,25015,91709.0,18:48:00,18:53:55,18:54:48,12,2869,South Everett Fwy Station Bay 6,0.0,11.0
2025-10-21,510,North,25015,91709.0,,19:02:41,19:02:52,13,3219,Broadway & 33rd St,0.0,0.0
2025-10-21,510,North,25015,91709.0,18:59:00,19:04:04,19:04:04,14,2861,Everett Station,0.0,15.0
2025-10-21,510,North,25016,91909.0,18:30:00,18:35:26,18:35:26,0,640,4th Ave S & S Jackson St,5.0,0.0
2025-10-21,510,North,25016,91909.0,,,,1,635,4th Ave S & S Washington St,,
2025-10-21,510,North,25016,91909.0,,18:36:56,18:37:23,2,2638,4th Ave & Cherry St,2.0,0.0
2025-10-21,510,North,25016,91909.0,,18:39:07,18:40:34,3,641,4th Ave & Seneca St,4.0,0.0
2025-10-21,510,North,25016,91909.0,18:36:00,18:42:44,18:43:25,4,2976,4th Ave & Pine St,3.0,0.0
2025-10-21,510,North,25016,91909.0,,18:44:53,18:46:03,5,473,Olive Way & 6th Ave,3.0,0.0
2025-10-21,510,North,25016,91909.0,18:39:00,18:47:34,18:47:59,6,430,Howell St & 9th Ave,4.0,0.0
2025-10-21,510,North,25016,91909.0,,18:51:04,18:51:24,7,431,Howell St & Yale Ave,1.0,1.0
2025-10-21,510,North,25016,91909.0,18:57:00,19:04:22,19:04:36,11,2766,Mountlake Terrace Fwy Station Bay 7,0.0,0.0
2025-10-21,510,North,25016,91909.0,19:12:00,19:16:16,19:16:48,12,2869,South Everett Fwy Station Bay 6,0.0,12.0
2025-10-21,510,North,25016,91909.0,,19:23:57,19:24:13,13,3219,Broadway & 33rd St,0.0,0.0
2025-10-21,510,North,25016,91909.0,19:22:00,19:25:42,19:25:42,14,2861,Everett Station,0.0,9.0
2025-10-21,510,South,25017,91712.0,04:05:00,04:14:53,04:14:53,0,2986,Hewitt Ave & Fulton St,1.0,0.0
2025-10-21,510,South,25017,91712.0,,04:16:04,04:16:04,1,2440,Hewitt Ave & Lombard Ave,0.0,0.0
2025-10-21,510,South,25017,91712.0,,04:18:00,04:18:00,2,2355,Wetmore Ave & Wall St,0.0,0.0
2025-10-21,510,South,25017,91712.0,,04:18:47,04:18:58,3,2359,Pacific Ave & Rockefeller Ave,1.0,0.0
2025-10-21,510,South,25017,91712.0,04:11:00,04:21:02,04:21:52,4,2345,Everett Station Bay C1,9.0,0.0
2025-10-21,510,South,25017,91712.0,,04:23:38,04:23:58,5,2367,Broadway & 34th St,1.0,0.0
2025-10-21,510,South,25017,91712.0,04:20:00,04:30:53,04:31:33,6,2868,South Everett Fwy Station Bay 3,5.0,0.0
2025-10-21,510,South,25017,91712.0,04:31:00,04:41:48,04:42:05,7,2765,Mountlake Terrace Fwy Station Bay 6,0.0,0.0
2025-10-21,510,South,25017,91712.0,04:48:00,04:56:23,04:57:06,11,1909,Stewart St & 9th Ave,0.0,6.0
2025-10-21,510,South,25017,91712.0,,04:58:11,04:58:28,12,1908,Stewart St & 7th Ave,0.0,0.0
2025-10-21,510,South,25017,91712.0,04:52:00,04:59:34,05:00:24,13,2698,5th Ave & Pine St,0.0,5.0
2025-10-21,510,South,25017,91712.0,,05:01:20,05:01:45,14,2700,5th Ave & Seneca St,0.0,2.0
2025-10-21,510,South,25017,91712.0,,05:02:35,05:03:11,15,2702,5th Ave & Marion St,0.0,4.0
2025-10-21,510,South,25017,91712.0,,05:04:13,05:04:26,16,2290,5th Ave & Jefferson St,0.0,0.0
2025-10-21,510,South,25017,91712.0,05:00:00,05:06:47,05:06:47,17,2706,5th Ave S & S Jackson St,0.0,0.0
2025-10-21,510,South,25018,91911.0,04:40:00,04:40:11,04:40:11,0,2986,Hewitt Ave & Fulton St,3.0,0.0
2025-10-21,510,South,25018,91911.0,,04:41:04,04:41:04,1,2440,Hewitt Ave & Lombard Ave,0.0,0.0
2025-10-21,510,South,25018,91911.0,,04:42:37,04:42:56,2,2355,Wetmore Ave & Wall St,1.0,0.0
2025-10-21,510,South,25018,91911.0,,04:43:39,04:43:39,3,2359,Pacific Ave & Rockefeller Ave,0.0,0.0
2025-10-21,510,South,25018,91911.0,04:46:00,04:45:37,04:46:28,4,2345,Everett Station Bay C1,10.0,0.0
2025-10-21,510,South,25018,91911.0,,04:47:59,04:48:15,5,2367,Broadway & 34th St,1.0,0.0
2025-10-21,510,South,25018,91911.0,04:57:00,04:55:49,04:58:21,6,2868,South Everett Fwy Station Bay 3,23.0,0.0
2025-10-21,510,South,25018,91911.0,05:08:00,05:08:21,05:08:43,7,2765,Mountlake Terrace Fwy Station Bay 6,2.0,1.0
2025-10-21,510,South,25018,91911.0,05:26:00,05:21:29,05:21:58,11,1909,Stewart St & 9th Ave,0.0,9.0
2025-10-21,510,South,25018,91911.0,,05:23:03,05:23:25,12,1908,Stewart St & 7th Ave,0.0,3.0
2025-10-21,510,South,25018,91911.0,05:30:00,05:24:28,05:25:19,13,2698,5th Ave & Pine St,0.0,4.0
2025-10-21,510,South,25018,91911.0,,05:26:17,05:26:54,14,2700,5th Ave & Seneca St,0.0,9.0
2025-10-21,510,South,25018,91911.0,,05:27:37,05:28:26,15,2702,5th Ave & Marion St,0.0,6.0
2025-10-21,510,South,25018,91911.0,,05:29:39,05:30:02,16,2290,5th Ave & Jefferson St,0.0,2.0
2025-10-21,510,South,25018,91911.0,05:38:00,05:31:35,05:31:35,17,2706,5th Ave S & S Jackson St,0.0,6.0
2025-10-21,510,South,25019,91711.0,05:10:00,05:10:06,05:10:06,0,2345,Everett Station Bay C1,19.0,0.0
2025-10-21,510,South,25019,91711.0,,05:11:53,05:12:18,1,2367,Broadway & 34th St,2.0,0.0
2025-10-21,510,South,25019,91711.0,05:20:00,05:19:40,05:21:09,2,2868,South Everett Fwy Station Bay 3,22.0,0.0
2025-10-21,510,South,25019,91711.0,05:31:00,05:31:51,05:32:23,3,2765,Mountlake Terrace Fwy Station Bay 6,5.0,0.0
2025-10-21,510,South,25019,91711.0,05:49:00,05:46:34,05:47:06,7,1909,Stewart St & 9th Ave,0.0,7.0
2025-10-21,510,South,25019,91711.0,,05:48:09,05:48:25,8,1908,Stewart St & 7th Ave,0.0,2.0
2025-10-21,510,South,25019,91711.0,05:54:00,05:49:35,05:50:26,9,2698,5th Ave & Pine St,0.0,5.0
2025-10-21,510,South,25019,91711.0,,05:51:19,05:51:52,10,2700,5th Ave & Seneca St,0.0,12.0
2025-10-21,510,South,25019,91711.0,,05:52:33,05:53:11,11,2702,5th Ave & Marion St,0.0,12.0
2025-10-21,510,South,25019,91711.0,,05:54:35,05:54:35,12,2290,5th Ave & Jefferson St,0.0,10.0
2025-10-21,510,South,25019,91711.0,06:03:00,05:56:25,05:56:25,13,2706,5th Ave S & S Jackson St,0.0,0.0
2025-10-21,510,South,25020,91707.0,05:40:00,05:40:17,05:40:17,0,2345,Everett Station Bay C1,23.0,0.0
2025-10-21,510,South,25020,91707.0,,05:42:14,05:42:14,1,2367,Broadway & 34th St,0.0,0.0
2025-10-21,510,South,25020,91707.0,05:50:00,05:49:14,05:50:28,2,2868,South Everett Fwy Station Bay 3,18.0,0.0
2025-10-21,510,South,25020,91707.0,06:01:00,06:01:18,06:02:00,3,2765,Mountlake Terrace Fwy Station Bay 6,10.0,0.0
2025-10-21,510,South,25020,91707.0,06:22:00,06:14:59,06:15:41,7,1909,Stewart St & 9th Ave,2.0,9.0
2025-10-21,510,South,25020,91707.0,,06:16:36,06:17:07,8,1908,Stewart St & 7th Ave,0.0,5.0
2025-10-21,510,South,25020,91707.0,06:28:00,06:18:16,06:19:34,9,2698,5th Ave & Pine St,0.0,7.0
2025-10-21,510,South,25020,91707.0,,06:21:23,06:22:03,10,2700,5th Ave & Seneca St,0.0,7.0
2025-10-21,510,South,25020,91707.0,,06:23:25,06:24:06,11,2702,5th Ave & Marion St,0.0,11.0
2025-10-21,510,South,25020,91707.0,,06:25:23,06:25:51,12,2290,5th Ave & Jefferson St,0.0,14.0
2025-10-21,510,South,25020,91707.0,06:38:00,06:27:40,06:27:40,13,2706,5th Ave S & S Jackson St,0.0,0.0
2025-10-21,510,South,25021,91712.0,05:52:00,06:02:12,06:02:12,0,2345,Everett Station Bay C1,1.0,0.0
2025-10-21,510,South,25021,91712.0,,06:04:10,06:04:26,1,2367,Broadway & 34th St,0.0,0.0
2025-10-21,510,South,25021,91712.0,06:02:00,06:11:48,06:13:13,2,2868,South Everett Fwy Station Bay 3,26.0,0.0
2025-10-21,510,South,25021,91712.0,06:14:00,06:25:45,06:26:32,3,2765,Mountlake Terrace Fwy Station Bay 6,5.0,0.0
2025-10-21,510,South,25021,91712.0,06:35:00,06:43:07,06:43:35,7,1909,Stewart St & 9th Ave,0.0,5.0
2025-10-21,510,South,25021,91712.0,,06:44:09,06:44:41,8,1908,Stewart St & 7th Ave,0.0,6.0
2025-10-21,510,South,25021,91712.0,06:41:00,06:46:57,06:47:27,9,2698,5th Ave & Pine St,0.0,4.0
2025-10-21,510,South,25021,91712.0,,06:49:03,06:49:33,10,2700,5th Ave & Seneca St,0.0,6.0
2025-10-21,510,South,25021,91712.0,,06:50:36,06:51:18,11,2702,5th Ave & Marion St,0.0,5.0
2025-10-21,510,South,25021,91712.0,,06:52:35,06:53:03,12,2290,5th Ave & Jefferson St,0.0,6.0
2025-10-21,510,South,25021,91712.0,06:51:00,06:55:44,06:55:44,13,2706,5th Ave S & S Jackson St,0.0,0.0
2025-10-21,510,South,25022,91913.0,06:04:00,06:04:20,06:04:20,0,2345,Everett Station Bay C1,37.0,0.0
2025-10-21,510,South,25022,91913.0,,06:06:05,06:06:26,1,2367,Broadway & 34th St,0.0,0.0
2025-10-21,510,South,25022,91913.0,06:14:00,06:13:25,06:13:36,2,2868,South Everett Fwy Station Bay 3,0.0,0.0
2025-10-21,510,South,25022,91913.0,06:26:00,06:25:57,06:27:29,3,2765,Mountlake Terrace Fwy Station Bay 6,2.0,2.0
2025-10-21,510,South,25022,91913.0,06:48:00,06:43:14,06:43:40,7,1909,Stewart St & 9th Ave,0.0,4.0
2025-10-21,510,South,25022,91913.0,,06:45:08,06:45:46,8,1908,Stewart St & 7th Ave,0.0,7.0
2025-10-21,510,South,25022,91913.0,06:54:00,06:48:23,06:49:35,9,2698,5th Ave & Pine St,0.0,5.0
2025-10-21,510,South,25022,91913.0,,06:50:22,06:50:47,10,2700,5th Ave & Seneca St,0.0,7.0
2025-10-21,510,South,25022,91913.0,,06:52:03,06:52:47,11,2702,5th Ave & Marion St,0.0,9.0
2025-10-21,510,South,25022,91913.0,,06:53:53,06:54:25,12,2290,5th Ave & Jefferson St,0.0,5.0
2025-10-21,510,South,25022,91913.0,07:04:00,06:56:19,06:56:19,13,2706,5th Ave S & S Jackson St,0.0,0.0
2025-10-21,510,South,25023,91908.0,06:16:00,06:17:52,06:17:52,0,2345,Everett Station Bay C1,14.0,0.0
2025-10-21,510,South,25023,91908.0,,06:19:34,06:19:49,1,2367,Broadway & 34th St,1.0,0.0
2025-10-21,510,South,25023,91908.0,06:26:00,06:27:32,06:28:39,2,2868,South Everett Fwy Station Bay 3,19.0,0.0
2025-10-21,510,South,25023,91908.0,06:38:00,06:41:17,06:41:57,3,2765,Mountlake Terrace Fwy Station Bay 6,8.0,1.0
2025-10-21,510,South,25023,91908.0,07:00:00,06:57:16,06:57:46,7,1909,Stewart St & 9th Ave,0.0,8.0
2025-10-21,510,South,25023,91908.0,,06:58:37,06:59:10,8,1908,Stewart St & 7th Ave,0.0,8.0
2025-10-21,510,South,25023,91908.0,07:06:00,07:00:20,07:01:37,9,2698,5th Ave & Pine St,1.0,9.0
2025-10-21,510,South,25023,91908.0,,07:02:34,07:03:23,10,2700,5th Ave & Seneca St,0.0,9.0
2025-10-21,510,South,25023,91908.0,,07:04:02,07:04:50,11,2702,5th Ave & Marion St,0.0,5.0
2025-10-21,510,South,25023,91908.0,,07:05:57,07:06:19,12,2290,5th Ave & Jefferson St,0.0,3.0
2025-10-21,510,South,25023,91908.0,07:17:00,07:08:54,07:08:54,13,2706,5th Ave S & S Jackson St,0.0,0.0
2025-10-21,510,South,25024,91718.0,06:28:00,06:28:37,06:28:37,0,2345,Everett Station Bay C1,11.0,0.0
2025-10-21,510,South,25024,91718.0,,06:31:56,06:32:22,1,2367,Broadway & 34th St,1.0,0.0
2025-10-21,510,South,25024,91718.0,06:38:00,06:40:29,06:42:06,2,2868,South Everett Fwy Station Bay 3,29.0,0.0
2025-10-21,510,South,25024,91718.0,06:50:00,06:55:51,06:56:58,3,2765,Mountlake Terrace Fwy Station Bay 6,15.0,0.0
2025-10-21,510,South,25024,91718.0,07:13:00,07:16:01,07:17:14,7,1909,Stewart St & 9th Ave,0.0,16.0
2025-10-21,510,South,25024,91718.0,,07:18:11,07:18:52,8,1908,Stewart St & 7th Ave,0.0,15.0
2025-10-21,510,South,25024,91718.0,07:19:00,07:21:24,07:22:35,9,2698,5th Ave & Pine St,0.0,4.0
2025-10-21,510,South,25024,91718.0,,07:24:42,07:25:10,10,2700,5th Ave & Seneca St,0.0,7.0
2025-10-21,510,South,25024,91718.0,,07:26:38,07:27:17,11,2702,5th Ave & Marion St,0.0,10.0
2025-10-21,510,South,25024,91718.0,,07:29:34,07:30:02,12,2290,5th Ave & Jefferson St,0.0,4.0
2025-10-21,510,South,25024,91718.0,07:30:00,07:32:23,07:32:23,13,2706,5th Ave S & S Jackson St,0.0,0.0
2025-10-21,510,South,25025,19817.0,06:40:00,06:55:21,06:55:21,0,2345,Everett Station Bay C1,27.0,0.0
2025-10-21,510,South,25025,19817.0,,,,1,2367,Broadway & 34th St,,
2025-10-21,510,South,25025,19817.0,06:50:00,07:03:40,07:05:57,2,2868,South Everett Fwy Station Bay 3,31.0,0.0
2025-10-21,510,South,25025,19817.0,07:03:00,07:22:07,07:23:00,3,2765,Mountlake Terrace Fwy Station Bay 6,8.0,4.0
2025-10-21,510,South,25025,19817.0,07:28:00,07:52:16,07:53:16,7,1909,Stewart St & 9th Ave,0.0,21.0
2025-10-21,510,South,25025,19817.0,,07:54:21,07:54:49,8,1908,Stewart St & 7th Ave,0.0,9.0
2025-10-21,510,South,25025,19817.0,07:34:00,07:57:27,07:58:41,9,2698,5th Ave & Pine St,4.0,9.0
2025-10-21,510,South,25025,19817.0,,08:00:33,08:01:03,10,2700,5th Ave & Seneca St,0.0,11.0
2025-10-21,510,South,25025,19817.0,,08:02:48,08:03:19,11,2702,5th Ave & Marion St,1.0,7.0
2025-10-21,510,South,25025,19817.0,,08:04:39,08:05:02,12,2290,5th Ave & Jefferson St,0.0,7.0
2025-10-21,510,South,25025,19817.0,07:47:00,08:08:21,08:08:21,13,2706,5th Ave S & S Jackson St,0.0,3.0
2025-10-21,510,South,25026,91903.0,06:52:00,06:53:09,06:53:09,0,2345,Everett Station Bay C1,3.0,0.0
2025-10-21,510,South,25026,91903.0,,06:57:12,06:57:12,1,2367,Broadway & 34th St,0.0,0.0
2025-10-21,510,South,25026,91903.0,07:02:00,07:04:36,07:06:49,2,2868,South Everett Fwy Station Bay 3,19.0,0.0
2025-10-21,510,South,25026,91903.0,07:15:00,07:23:21,07:23:51,3,2765,Mountlake Terrace Fwy Station Bay 6,5.0,0.0
2025-10-21,510,South,25026,91903.0,07:40:00,07:52:22,07:53:14,7,1909,Stewart St & 9th Ave,0.0,4.0
2025-10-21,510,South,25026,91903.0,,07:54:22,07:54:49,8,1908,Stewart St & 7th Ave,0.0,4.0
2025-10-21,510,South,25026,91903.0,07:46:00,07:59:00,07:59:38,9,2698,5th Ave & Pine St,0.0,3.0
2025-10-21,510,South,25026,91903.0,,08:02:13,08:03:20,10,2700,5th Ave & Seneca St,0.0,7.0
2025-10-21,510,South,25026,91903.0,,08:04:03,08:04:34,11,2702,5th Ave & Marion St,0.0,6.0
2025-10-21,510,South,25026,91903.0,,08:06:04,08:06:21,12,2290,5th Ave & Jefferson St,0.0,3.0
2025-10-21,510,South,25026,91903.0,07:59:00,08:09:37,08:09:37,13,2706,5th Ave S & S Jackson St,1.0,1.0
2025-10-21,510,South,25027,91717.0,07:04:00,07:05:14,07:05:14,0,2345,Everett Station Bay C1,16.0,0.0
2025-10-21,510,South,25027,91717.0,,07:08:42,07:08:58,1,2367,Broadway & 34th St,0.0,0.0
2025-10-21,510,South,25027,91717.0,07:14:00,07:17:12,07:18:16,2,2868,South Everett Fwy Station Bay 3,10.0,0.0
2025-10-21,510,South,25027,91717.0,07:28:00,07:37:59,07:39:53,3,2765,Mountlake Terrace Fwy Station Bay 6,13.0,0.0
2025-10-21,510,South,25027,91717.0,07:59:00,08:11:32,08:12:45,7,1909,Stewart St & 9th Ave,0.0,14.0
2025-10-21,510,South,25027,91717.0,,08:13:42,08:14:18,8,1908,Stewart St & 7th Ave,0.0,8.0
2025-10-21,510,South,25027,91717.0,08:05:00,08:15:28,08:16:33,9,2698,5th Ave & Pine St,0.0,5.0
2025-10-21,510,South,25027,91717.0,,08:18:50,08:19:22,10,2700,5th Ave & Seneca St,1.0,5.0
2025-10-21,510,South,25027,91717.0,,08:20:48,08:21:21,11,2702,5th Ave & Marion St,0.0,6.0
2025-10-21,510,South,25027,91717.0,,08:23:36,08:24:30,12,2290,5th Ave & Jefferson St,0.0,1.0
2025-10-21,510,South,25027,91717.0,08:20:00,08:27:49,08:27:49,13,2706,5th Ave S & S Jackson St,0.0,1.0
2025-10-21,510,South,25028,91910.0,07:16:00,07:16:22,07:16:22,0,2345,Everett Station Bay C1,10.0,0.0
2025-10-21,510,South,25028,91910.0,,07:18:37,07:18:37,1,2367,Broadway & 34th St,0.0,0.0
2025-10-21,510,South,25028,91910.0,07:26:00,07:25:56,07:27:08,2,2868,South Everett Fwy Station Bay 3,19.0,0.0
2025-10-21,510,South,25028,91910.0,07:40:00,07:46:06,07:46:44,3,2765,Mountlake Terrace Fwy Station Bay 6,10.0,0.0
2025-10-21,510,South,25028,91910.0,08:11:00,08:18:54,08:19:33,7,1909,Stewart St & 9th Ave,0.0,19.0
2025-10-21,510,South,25028,91910.0,,08:20:17,08:20:47,8,1908,Stewart St & 7th Ave,0.0,8.0
2025-10-21,510,South,25028,91910.0,08:17:00,08:22:54,08:24:04,9,2698,5th Ave & Pine St,0.0,3.0
2025-10-21,510,South,25028,91910.0,,08:26:25,08:26:45,10,2700,5th Ave & Seneca St,0.0,3.0
2025-10-21,510,South,25028,91910.0,,08:28:14,08:28:47,11,2702,5th Ave & Marion St,0.0,5.0
2025-10-21,510,South,25028,91910.0,,08:31:04,08:31:19,12,2290,5th Ave & Jefferson St,0.0,1.0
2025-10-21,510,South,25028,91910.0,08:34:00,08:32:50,08:32:50,13,2706,5th Ave S & S Jackson St,0.0,0.0
2025-10-21,510,South,25029,19855.0,07:28:00,07:29:12,07:29:12,0,2345,Everett Station Bay C1,9.0,0.0
2025-10-21,510,South,25029,19855.0,,07:31:58,07:32:15,1,2367,Broadway & 34th St,1.0,0.0
2025-10-21,510,South,25029,19855.0,07:38:00,07:40:27,07:41:35,2,2868,South Everett Fwy Station Bay 3,18.0,0.0
2025-10-21,510,South,25029,19855.0,07:52:00,07:58:46,07:59:24,3,2765,Mountlake Terrace Fwy Station Bay 6,9.0,0.0
2025-10-21,510,South,25029,19855.0,08:23:00,08:34:36,08:35:20,7,1909,Stewart St & 9th Ave,0.0,11.0
2025-10-21,510,South,25029,19855.0,,08:36:21,08:36:53,8,1908,Stewart St & 7th Ave,0.0,13.0
2025-10-21,510,South,25029,19855.0,08:29:00,08:39:29,08:40:44,9,2698,5th Ave & Pine St,1.0,4.0
2025-10-21,510,South,25029,19855.0,,08:43:04,08:43:29,10,2700,5th Ave & Seneca St,0.0,4.0
2025-10-21,510,South,25029,19855.0,,08:44:52,08:45:30,11,2702,5th Ave & Marion St,0.0,3.0
2025-10-21,510,South,25029,19855.0,,08:47:33,08:47:50,12,2290,5th Ave & Jefferson St,0.0,3.0
2025-10-21,510,South,25029,19855.0,08:47:00,08:51:19,08:51:19,13,2706,5th Ave S & S Jackson St,0.0,0.0
2025-10-21,510,South,25030,91505.0,07:43:00,07:43:18,07:43:18,0,2345,Everett Station Bay C1,11.0,0.0
2025-10-21,510,South,25030,91505.0,,07:45:06,07:45:06,1,2367,Broadway & 34th St,0.0,0.0
2025-10-21,510,South,25030,91505.0,07:53:00,07:52:31,07:54:14,2,2868,South Everett Fwy Station Bay 3,23.0,0.0
2025-10-21,510,South,25030,91505.0,08:07:00,08:09:09,08:10:00,3,2765,Mountlake Terrace Fwy Station Bay 6,4.0,4.0
2025-10-21,510,South,25030,91505.0,08:38:00,08:44:23,08:44:57,7,1909,Stewart St & 9th Ave,0.0,14.0
2025-10-21,510,South,25030,91505.0,,08:45:24,08:45:55,8,1908,Stewart St & 7th Ave,0.0,6.0
2025-10-21,510,South,25030,91505.0,08:44:00,08:48:21,08:49:31,9,2698,5th Ave & Pine St,1.0,4.0
2025-10-21,510,South,25030,91505.0,,08:51:44,08:52:05,10,2700,5th Ave & Seneca St,0.0,5.0
2025-10-21,510,South,25030,91505.0,,08:53:52,08:54:21,11,2702,5th Ave & Marion St,0.0,6.0
2025-10-21,510,South,25030,91505.0,,08:55:27,08:55:27,12,2290,5th Ave & Jefferson St,0.0,0.0
2025-10-21,510,South,25030,91505.0,09:02:00,08:57:20,08:57:20,13,2706,5th Ave S & S Jackson St,0.0,0.0
2025-10-21,510,South,25031,,07:58:00,,,0,2345,Everett Station Bay C1,,
2025-10-21,510,South,25031,,,,,1,2367,Broadway & 34th St,,
2025-10-21,510,South,25031,,08:08:00,,,2,2868,South Everett Fwy Station Bay 3,,
2025-10-21,510,South,25031,,08:22:00,,,3,2765,Mountlake Terrace Fwy Station Bay 6,,
2025-10-21,510,South,25031,,08:53:00,,,7,1909,Stewart St & 9th Ave,,
2025-10-21,510,South,25031,,,,,8,1908,Stewart St & 7th Ave,,
2025-10-21,510,South,25031,,08:59:00,,,9,2698,5th Ave & Pine St,,
2025-10-21,510,South,25031,,,,,10,2700,5th Ave & Seneca St,,
2025-10-21,510,South,25031,,,,,11,2702,5th Ave & Marion St,,
2025-10-21,510,South,25031,,,,,12,2290,5th Ave & Jefferson St,,
2025-10-21,510,South,25031,,09:17:00,,,13,2706,5th Ave S & S Jackson St,,
2025-10-21,510,South,25032,,08:18:00,,,0,2345,Everett Station Bay C1,,
2025-10-21,510,South,25032,,,,,1,2367,Broadway & 34th St,,
2025-10-21,510,South,25032,,08:29:00,,,2,2868,South Everett Fwy Station Bay 3,,
2025-10-21,510,South,25032,,08:42:00,,,3,2765,Mountlake Terrace Fwy Station Bay 6,,
2025-10-21,510,South,25032,,09:13:00,,,7,1909,Stewart St & 9th Ave,,
2025-10-21,510,South,25032,,,,,8,1908,Stewart St & 7th Ave,,
2025-10-21,510,South,25032,,09:19:00,,,9,2698,5th Ave & Pine St,,
2025-10-21,510,South,25032,,,,,10,2700,5th Ave & Seneca St,,
2025-10-21,510,South,25032,,,,,11,2702,5th Ave & Marion St,,
2025-10-21,510,South,25032,,,,,12,2290,5th Ave & Jefferson St,,
2025-10-21,510,South,25032,,09:37:00,,,13,2706,5th Ave S & S Jackson St,,
2025-10-21,510,South,25033,91728.0,08:38:00,08:38:14,08:38:14,0,2345,Everett Station Bay C1,34.0,0.0
2025-10-21,510,South,25033,91728.0,,08:40:18,08:40:38,1,2367,Broadway & 34th St,1.0,0.0
2025-10-21,510,South,25033,91728.0,08:49:00,08:48:27,08:50:17,2,2868,South Everett Fwy Station Bay 3,29.0,0.0
2025-10-21,510,South,25033,91728.0,09:02:00,09:02:15,09:02:15,3,2765,Mountlake Terrace Fwy Station Bay 6,0.0,0.0
2025-10-21,510,South,25033,91728.0,09:33:00,09:33:21,09:34:27,7,1909,Stewart St & 9th Ave,0.0,26.0
2025-10-21,510,South,25033,91728.0,,09:35:00,09:35:35,8,1908,Stewart St & 7th Ave,0.0,18.0
2025-10-21,510,South,25033,91728.0,09:39:00,09:37:55,09:39:10,9,2698,5th Ave & Pine St,0.0,1.0
2025-10-21,510,South,25033,91728.0,,09:41:17,09:41:51,10,2700,5th Ave & Seneca St,0.0,9.0
2025-10-21,510,South,25033,91728.0,,09:43:12,09:43:49,11,2702,5th Ave & Marion St,0.0,8.0
2025-10-21,510,South,25033,91728.0,,09:45:10,09:45:42,12,2290,5th Ave & Jefferson St,0.0,2.0
2025-10-21,510,South,25033,91728.0,09:57:00,09:47:37,09:47:37,13,2706,5th Ave S & S Jackson St,0.0,0.0
2025-10-22,510,North,25001,91704.0,14:00:00,13:59:46,13:59:46,0,640,4th Ave S & S Jackson St,6.0,0.0
2025-10-22,510,North,25001,91704.0,,14:00:51,14:01:15,1,635,4th Ave S & S Washington St,1.0,0.0
2025-10-22,510,North,25001,91704.0,,14:02:29,14:03:05,2,2638,4th Ave & Cherry St,6.0,0.0
2025-10-22,510,North,25001,91704.0,,14:04:32,14:05:12,3,641,4th Ave & Seneca St,8.0,0.0
2025-10-22,510,North,25001,91704.0,14:06:00,14:06:17,14:07:22,4,2976,4th Ave & Pine St,5.0,0.0
2025-10-22,510,North,25001,91704.0,,14:08:28,14:09:25,5,473,Olive Way & 6th Ave,8.0,0.0
2025-10-22,510,North,25001,91704.0,14:10:00,14:11:03,14:11:39,6,430,Howell St & 9th Ave,7.0,0.0
2025-10-22,510,North,25001,91704.0,,14:14:32,14:15:14,7,431,Howell St & Yale Ave,4.0,0.0
2025-10-22,510,North,25001,91704.0,14:30:00,14:27:44,14:28:18,11,2766,Mountlake Terrace Fwy Station Bay 7,1.0,13.0
2025-10-22,510,North,25001,91704.0,14:47:00,14:39:09,14:40:05,12,2869,South Everett Fwy Station Bay 6,0.0,29.0
2025-10-22,510,North,25001,91704.0,,14:50:37,14:51:02,13,3219,Broadway & 33rd St,0.0,4.0
2025-10-22,510,North,25001,91704.0,15:04:00,14:52:15,14:52:15,14,2861,Everett Station,0.0,0.0
2025-10-22,510,North,25002,91719.0,14:20:00,14:21:52,14:21:52,0,640,4th Ave S & S Jackson St,4.0,0.0
2025-10-22,510,North,25002,91719.0,,14:23:31,14:23:56,1,635,4th Ave S & S Washington St,2.0,0.0
2025-10-22,510,North,25002,91719.0,,14:25:30,14:26:21,2,2638,4th Ave & Cherry St,10.0,0.0
2025-10-22,510,North,25002,91719.0,,14:29:51,14:30:32,3,641,4th Ave & Seneca St,2.0,0.0
2025-10-22,510,North,25002,91719.0,14:26:00,14:31:57,14:33:15,4,2976,4th Ave & Pine St,8.0,1.0
2025-10-22,510,North,25002,91719.0,,14:34:31,14:35:33,5,473,Olive Way & 6th Ave,6.0,0.0
2025-10-22,510,North,25002,91719.0,14:30:00,14:37:11,14:37:36,6,430,Howell St & 9th Ave,3.0,0.0
2025-10-22,510,North,25002,91719.0,,14:40:20,14:41:04,7,431,Howell St & Yale Ave,3.0,0.0
2025-10-22,510,North,25002,91719.0,14:50:00,14:55:29,14:56:05,11,2766,Mountlake Terrace Fwy Station Bay 7,0.0,6.0
2025-10-22,510,North,25002,91719.0,15:07:00,15:07:36,15:08:37,12,2869,South Everett Fwy Station Bay 6,0.0,26.0
2025-10-22,510,North,25002,91719.0,,15:17:22,15:17:51,13,3219,Broadway & 33rd St,0.0,5.0
2025-10-22,510,North,25002,91719.0,15:24:00,15:19:04,15:19:04,14,2861,Everett Station,0.0,0.0
2025-10-22,510,North,25003,91912.0,14:50:00,,,0,640,4th Ave S & S Jackson St,,
2025-10-22,510,North,25003,91912.0,,,,1,635,4th Ave S & S Washington St,,
2025-10-22,510,North,25003,91912.0,,,,2,2638,4th Ave & Cherry St,,
2025-10-22,510,North,25003,91912.0,,,,3,641,4th Ave & Seneca St,,
2025-10-22,510,North,25003,91912.0,14:56:00,,,4,2976,4th Ave & Pine St,,
2025-10-22,510,North,25003,91912.0,,,,5,473,Olive Way & 6th Ave,,
2025-10-22,510,North,25003,91912.0,15:00:00,,,6,430,Howell St & 9th Ave,,
2025-10-22,510,North,25003,91912.0,,,,7,431,Howell St & Yale Ave,,
2025-10-22,510,North,25003,91912.0,15:20:00,15:25:38,15:26:08,11,2766,Mountlake Terrace Fwy Station Bay 7,48.0,0.0
2025-10-22,510,North,25003,91912.0,15:38:00,15:38:39,15:39:32,12,2869,South Everett Fwy Station Bay 6,1.0,19.0
2025-10-22,510,North,25003,91912.0,,15:47:57,15:48:32,13,3219,Broadway & 33rd St,0.0,5.0
2025-10-22,510,North,25003,91912.0,15:57:00,15:49:50,15:49:50,14,2861,Everett Station,0.0,30.0
2025-10-22,510,North,25004,91721.0,15:10:00,15:14:12,15:14:12,0,640,4th Ave S & S Jackson St,5.0,0.0
2025-10-22,510,North,25004,91721.0,,,,1,635,4th Ave S & S Washington St,,
2025-10-22,510,North,25004,91721.0,,15:15:50,15:16:46,2,2638,4th Ave & Cherry St,7.0,0.0
2025-10-22,510,North,25004,91721.0,,15:19:44,15:20:47,3,641,4th Ave & Seneca St,2.0,0.0
2025-10-22,510,North,25004,91721.0,15:16:00,15:21:58,15:22:53,4,2976,4th Ave & Pine St,5.0,0.0
2025-10-22,510,North,25004,91721.0,,15:24:08,15:25:29,5,473,Olive Way & 6th Ave,14.0,0.0
2025-10-22,510,North,25004,91721.0,15:20:00,15:27:07,15:27:49,6,430,Howell St & 9th Ave,4.0,0.0
2025-10-22,510,North,25004,91721.0,,15:31:09,15:31:58,7,431,Howell St & Yale Ave,4.0,0.0
2025-10-22,510,North,25004,91721.0,15:40:00,15:50:53,15:51:29,11,2766,Mountlake Terrace Fwy Station Bay 7,0.0,4.0
2025-10-22,510,North,25004,91721.0,16:00:00,16:04:18,16:05:29,12,2869,South Everett Fwy Station Bay 6,0.0,37.0
2025-10-22,510,North,25004,91721.0,,16:13:22,16:13:50,13,3219,Broadway & 33rd St,0.0,0.0
2025-10-22,510,North,25004,91721.0,16:21:00,16:15:29,16:15:29,14,2861,Everett Station,0.0,0.0
2025-10-22,510,North,25005,91711.0,15:25:00,15:27:15,15:27:15,0,640,4th Ave S & S Jackson St,2.0,0.0
2025-10-22,510,North,25005,91711.0,,15:27:58,15:28:32,1,635,4th Ave S & S Washington St,3.0,0.0
2025-10-22,510,North,25005,91711.0,,15:29:37,15:30:09,2,2638,4th Ave & Cherry St,4.0,0.0
2025-10-22,510,North,25005,91711.0,,15:32:57,15:33:25,3,641,4th Ave & Seneca St,2.0,0.0
2025-10-22,510,North,25005,91711.0,15:31:00,15:35:21,15:36:21,4,2976,4th Ave & Pine St,1.0,1.0
2025-10-22,510,North,25005,91711.0,,15:37:37,15:38:38,5,473,Olive Way & 6th Ave,6.0,0.0
2025-10-22,510,North,25005,91711.0,15:35:00,15:40:16,15:41:02,6,430,Howell St & 9th Ave,5.0,0.0
2025-10-22,510,North,25005,91711.0,,15:44:49,15:45:35,7,431,Howell St & Yale Ave,4.0,0.0
2025-10-22,510,North,25005,91711.0,15:56:00,16:05:34,16:06:22,11,2766,Mountlake Terrace Fwy Station Bay 7,0.0,11.0
2025-10-22,510,North,25005,91711.0,16:16:00,16:19:09,16:20:18,12,2869,South Everett Fwy Station Bay 6,0.0,14.0
2025-10-22,510,North,25005,91711.0,,16:29:32,16:29:51,13,3219,Broadway & 33rd St,0.0,1.0
2025-10-22,510,North,25005,91711.0,16:38:00,16:31:13,16:31:13,14,2861,Everett Station,0.0,0.0
2025-10-22,510,North,25006,91901.0,15:40:00,15:41:00,15:41:00,0,640,4th Ave S & S Jackson St,4.0,0.0
2025-10-22,510,North,25006,91901.0,,15:42:33,15:42:52,1,635,4th Ave S & S Washington St,2.0,0.0
2025-10-22,510,North,25006,91901.0,,15:44:29,15:45:03,2,2638,4th Ave & Cherry St,6.0,0.0
2025-10-22,510,North,25006,91901.0,,15:48:12,15:49:16,3,641,4th Ave & Seneca St,6.0,0.0
2025-10-22,510,North,25006,91901.0,15:46:00,15:50:42,15:51:21,4,2976,4th Ave & Pine St,5.0,0.0
2025-10-22,510,North,25006,91901.0,,15:52:36,15:53:41,5,473,Olive Way & 6th Ave,7.0,0.0
2025-10-22,510,North,25006,91901.0,15:50:00,15:55:18,15:55:51,6,430,Howell St & 9th Ave,5.0,0.0
2025-10-22,510,North,25006,91901.0,,15:59:41,16:00:13,7,431,Howell St & Yale Ave,4.0,0.0
2025-10-22,510,North,25006,91901.0,16:12:00,16:21:36,16:22:01,11,2766,Mountlake Terrace Fwy Station Bay 7,0.0,3.0
2025-10-22,510,North,25006,91901.0,16:35:00,16:34:13,16:34:57,12,2869,South Everett Fwy Station Bay 6,0.0,16.0
2025-10-22,510,North,25006,91901.0,,16:43:06,16:43:06,13,3219,Broadway & 33rd St,0.0,0.0
2025-10-22,510,North,25006,91901.0,16:58:00,16:44:20,16:44:20,14,2861,Everett Station,0.0,20.0
2025-10-22,510,North,25007,91714.0,15:55:00,15:55:28,15:55:28,0,640,4th Ave S & S Jackson St,3.0,0.0
2025-10-22,510,North,25007,91714.0,,15:56:07,15:56:14,1,635,4th Ave S & S Washington St,0.0,0.0
2025-10-22,510,North,25007,91714.0,,15:57:50,15:58:27,2,2638,4th Ave & Cherry St,11.0,0.0
2025-10-22,510,North,25007,91714.0,,16:00:10,16:01:11,3,641,4th Ave & Seneca St,6.0,0.0
2025-10-22,510,North,25007,91714.0,16:01:00,16:02:28,16:03:18,4,2976,4th Ave & Pine St,2.0,0.0
2025-10-22,510,North,25007,91714.0,,16:04:22,16:05:34,5,473,Olive Way & 6th Ave,11.0,0.0
2025-10-22,510,North,25007,91714.0,16:05:00,16:07:06,16:07:32,6,430,Howell St & 9th Ave,4.0,1.0
2025-10-22,510,North,25007,91714.0,,16:10:26,16:10:48,7,431,Howell St & Yale Ave,5.0,0.0
2025-10-22,510,North,25007,91714.0,16:28:00,16:32:39,16:33:02,11,2766,Mountlake Terrace Fwy Station Bay 7,0.0,4.0
2025-10-22,510,North,25007,91714.0,16:51:00,16:45:45,16:46:31,12,2869,South Everett Fwy Station Bay 6,0.0,24.0
2025-10-22,510,North,25007,91714.0,,16:54:05,16:54:19,13,3219,Broadway & 33rd St,0.0,1.0
2025-10-22,510,North,25007,91714.0,17:14:00,16:55:40,16:55:40,14,2861,Everett Station,0.0,12.0
2025-10-22,510,North,25008,19817.0,16:10:00,16:10:46,16:10:46,0,640,4th Ave S & S Jackson St,3.0,0.0
2025-10-22,510,North,25008,19817.0,,16:11:18,16:12:26,1,635,4th Ave S & S Washington St,0.0,0.0
2025-10-22,510,North,25008,19817.0,,16:14:22,16:15:15,2,2638,4th Ave & Cherry St,11.0,0.0
2025-10-22,510,North,25008,19817.0,,16:18:02,16:19:16,3,641,4th Ave & Seneca St,7.0,0.0
2025-10-22,510,North,25008,19817.0,16:16:00,16:20:31,16:21:21,4,2976,4th Ave & Pine St,8.0,0.0
2025-10-22,510,North,25008,19817.0,,16:22:27,16:23:34,5,473,Olive Way & 6th Ave,9.0,0.0
2025-10-22,510,North,25008,19817.0,16:20:00,16:25:05,16:25:45,6,430,Howell St & 9th Ave,6.0,0.0
2025-10-22,510,North,25008,19817.0,,16:28:23,16:29:00,7,431,Howell St & Yale Ave,4.0,0.0
2025-10-22,510,North,25008,19817.0,16:43:00,16:48:35,16:49:02,11,2766,Mountlake Terrace Fwy Station Bay 7,0.0,7.0
2025-10-22,510,North,25008,19817.0,17:06:00,17:01:31,17:02:21,12,2869,South Everett Fwy Station Bay 6,0.0,21.0
2025-10-22,510,North,25008,19817.0,,17:10:03,17:10:22,13,3219,Broadway & 33rd St,0.0,3.0
2025-10-22,510,North,25008,19817.0,17:29:00,17:11:26,17:11:26,14,2861,Everett Station,0.0,17.0
2025-10-22,510,North,25009,,16:25:00,,,0,640,4th Ave S & S Jackson St,,
2025-10-22,510,North,25009,,,,,1,635,4th Ave S & S Washington St,,
2025-10-22,510,North,25009,,,,,2,2638,4th Ave & Cherry St,,
2025-10-22,510,North,25009,,,,,3,641,4th Ave & Seneca St,,
2025-10-22,510,North,25009,,16:31:00,,,4,2976,4th Ave & Pine St,,
2025-10-22,510,North,25009,,,,,5,473,Olive Way & 6th Ave,,
2025-10-22,510,North,25009,,16:35:00,,,6,430,Howell St & 9th Ave,,
2025-10-22,510,North,25009,,,,,7,431,Howell St & Yale Ave,,
2025-10-22,510,North,25009,,16:58:00,,,11,2766,Mountlake Terrace Fwy Station Bay 7,,
2025-10-22,510,North,25009,,17:21:00,,,12,2869,South Everett Fwy Station Bay 6,,
2025-10-22,510,North,25009,,,,,13,3219,Broadway & 33rd St,,
2025-10-22,510,North,25009,,17:44:00,,,14,2861,Everett Station,,
2025-10-22,510,North,25010,19851.0,16:40:00,16:41:58,16:41:58,0,640,4th Ave S & S Jackson St,8.0,0.0
2025-10-22,510,North,25010,19851.0,,16:42:34,16:42:54,1,635,4th Ave S & S Washington St,3.0,0.0
2025-10-22,510,North,25010,19851.0,,16:49:08,16:50:10,2,2638,4th Ave & Cherry St,17.0,0.0
2025-10-22,510,North,25010,19851.0,,16:52:36,16:53:48,3,641,4th Ave & Seneca St,17.0,0.0
2025-10-22,510,North,25010,19851.0,16:46:00,16:55:03,16:55:58,4,2976,4th Ave & Pine St,15.0,1.0
2025-10-22,510,North,25010,19851.0,,16:57:06,16:59:36,5,473,Olive Way & 6th Ave,21.0,3.0
2025-10-22,510,North,25010,19851.0,16:50:00,17:01:10,17:01:57,6,430,Howell St & 9th Ave,10.0,1.0
2025-10-22,510,North,25010,19851.0,,17:05:41,17:06:38,7,431,Howell St & Yale Ave,8.0,3.0
2025-10-22,510,North,25010,19851.0,17:13:00,17:23:17,17:24:19,11,2766,Mountlake Terrace Fwy Station Bay 7,1.0,22.0
2025-10-22,510,North,25010,19851.0,17:36:00,17:38:11,17:41:05,12,2869,South Everett Fwy Station Bay 6,0.0,51.0
2025-10-22,510,North,25010,19851.0,,17:48:20,17:48:20,13,3219,Broadway & 33rd St,0.0,0.0
2025-10-22,510,North,25010,19851.0,17:59:00,17:49:16,17:49:16,14,2861,Everett Station,0.0,19.0
2025-10-22,510,North,25011,19810.0,16:55:00,16:55:49,16:55:49,0,640,4th Ave S & S Jackson St,2.0,0.0
2025-10-22,510,North,25011,19810.0,,16:57:32,16:57:42,1,635,4th Ave S & S Washington St,0.0,0.0
2025-10-22,510,North,25011,19810.0,,16:59:45,17:00:16,2,2638,4th Ave & Cherry St,6.0,0.0
2025-10-22,510,North,25011,19810.0,,17:02:59,17:04:20,3,641,4th Ave & Seneca St,8.0,0.0
2025-10-22,510,North,25011,19810.0,17:01:00,17:05:42,17:06:25,4,2976,4th Ave & Pine St,10.0,0.0
2025-10-22,510,North,25011,19810.0,,17:07:38,17:08:44,5,473,Olive Way & 6th Ave,15.0,0.0
2025-10-22,510,North,25011,19810.0,17:05:00,17:10:36,17:11:48,6,430,Howell St & 9th Ave,3.0,0.0
2025-10-22,510,North,25011,19810.0,,17:14:41,17:15:11,7,431,Howell St & Yale Ave,3.0,0.0
2025-10-22,510,North,25011,19810.0,17:27:00,17:32:44,17:33:17,11,2766,Mountlake Terrace Fwy Station Bay 7,0.0,13.0
2025-10-22,510,North,25011,19810.0,17:50:00,17:46:41,17:47:23,12,2869,South Everett Fwy Station Bay 6,0.0,15.0
2025-10-22,510,North,25011,19810.0,,17:55:28,17:55:28,13,3219,Broadway & 33rd St,0.0,0.0
2025-10-22,510,North,25011,19810.0,18:09:00,17:57:09,17:57:09,14,2861,Everett Station,0.0,19.0
2025-10-22,510,North,25012,91911.0,17:10:00,17:11:07,17:11:07,0,640,4th Ave S & S Jackson St,2.0,0.0
2025-10-22,510,North,25012,91911.0,,17:12:26,17:12:57,1,635,4th Ave S & S Washington St,2.0,0.0
2025-10-22,510,North,25012,91911.0,,17:17:26,17:18:36,2,2638,4th Ave & Cherry St,8.0,0.0
2025-10-22,510,North,25012,91911.0,,17:22:13,17:22:58,3,641,4th Ave & Seneca St,6.0,0.0
2025-10-22,510,North,25012,91911.0,17:16:00,17:25:24,17:26:11,4,2976,4th Ave & Pine St,6.0,0.0
2025-10-22,510,North,25012,91911.0,,17:28:16,17:29:33,5,473,Olive Way & 6th Ave,11.0,0.0
2025-10-22,510,North,25012,91911.0,17:20:00,17:31:09,17:32:01,6,430,Howell St & 9th Ave,8.0,0.0
2025-10-22,510,North,25012,91911.0,,17:35:34,17:36:08,7,431,Howell St & Yale Ave,2.0,1.0
2025-10-22,510,North,25012,91911.0,17:42:00,17:54:51,17:55:05,11,2766,Mountlake Terrace Fwy Station Bay 7,0.0,1.0
2025-10-22,510,North,25012,91911.0,18:05:00,18:07:51,18:08:54,12,2869,South Everett Fwy Station Bay 6,0.0,21.0
2025-10-22,510,North,25012,91911.0,,18:16:22,18:16:41,13,3219,Broadway & 33rd St,0.0,2.0
2025-10-22,510,North,25012,91911.0,18:21:00,18:18:12,18:18:12,14,2861,Everett Station,1.0,21.0
2025-10-22,510,North,25013,91905.0,17:25:00,17:28:25,17:28:25,0,640,4th Ave S & S Jackson St,2.0,0.0
2025-10-22,510,North,25013,91905.0,,17:29:12,17:29:21,1,635,4th Ave S & S Washington St,0.0,0.0
2025-10-22,510,North,25013,91905.0,,17:32:18,17:33:41,2,2638,4th Ave & Cherry St,3.0,0.0
2025-10-22,510,North,25013,91905.0,,17:37:20,17:37:46,3,641,4th Ave & Seneca St,3.0,0.0
2025-10-22,510,North,25013,91905.0,17:31:00,17:39:36,17:40:05,4,2976,4th Ave & Pine St,6.0,0.0
2025-10-22,510,North,25013,91905.0,,17:41:39,17:41:59,5,473,Olive Way & 6th Ave,3.0,0.0
2025-10-22,510,North,25013,91905.0,17:35:00,17:43:25,17:43:59,6,430,Howell St & 9th Ave,4.0,1.0
2025-10-22,510,North,25013,91905.0,,17:47:32,17:47:45,7,431,Howell St & Yale Ave,0.0,0.0
2025-10-22,510,North,25013,91905.0,17:56:00,18:06:46,18:07:03,11,2766,Mountlake Terrace Fwy Station Bay 7,0.0,3.0
2025-10-22,510,North,25013,91905.0,18:18:00,18:18:44,18:19:19,12,2869,South Everett Fwy Station Bay 6,0.0,15.0
2025-10-22,510,North,25013,91905.0,,18:25:43,18:25:57,13,3219,Broadway & 33rd St,0.0,1.0
2025-10-22,510,North,25013,91905.0,18:33:00,18:26:51,18:26:51,14,2861,Everett Station,2.0,3.0
2025-10-22,510,North,25014,91728.0,17:45:00,17:47:54,17:47:54,0,640,4th Ave S & S Jackson St,4.0,0.0
2025-10-22,510,North,25014,91728.0,,17:49:06,17:49:06,1,635,4th Ave S & S Washington St,0.0,0.0
2025-10-22,510,North,25014,91728.0,,17:50:23,17:50:56,2,2638,4th Ave & Cherry St,5.0,0.0
2025-10-22,510,North,25014,91728.0,,17:52:25,17:53:43,3,641,4th Ave & Seneca St,9.0,0.0
2025-10-22,510,North,25014,91728.0,17:51:00,17:55:00,17:55:46,4,2976,4th Ave & Pine St,4.0,1.0
2025-10-22,510,North,25014,91728.0,,17:56:45,17:57:58,5,473,Olive Way & 6th Ave,6.0,0.0
2025-10-22,510,North,25014,91728.0,17:55:00,17:58:36,17:58:59,6,430,Howell St & 9th Ave,1.0,0.0
2025-10-22,510,North,25014,91728.0,,18:02:37,18:03:00,7,431,Howell St & Yale Ave,3.0,1.0
2025-10-22,510,North,25014,91728.0,18:13:00,18:20:08,18:20:37,11,2766,Mountlake Terrace Fwy Station Bay 7,1.0,8.0
2025-10-22,510,North,25014,91728.0,18:32:00,18:32:51,18:33:44,12,2869,South Everett Fwy Station Bay 6,0.0,15.0
2025-10-22,510,North,25014,91728.0,,18:41:10,18:41:32,13,3219,Broadway & 33rd St,0.0,4.0
2025-10-22,510,North,25014,91728.0,18:43:00,18:43:19,18:43:19,14,2861,Everett Station,1.0,5.0
2025-10-22,510,North,25015,91722.0,18:05:00,18:05:28,18:05:28,0,640,4th Ave S & S Jackson St,1.0,0.0
2025-10-22,510,North,25015,91722.0,,18:06:28,18:06:37,1,635,4th Ave S & S Washington St,0.0,0.0
2025-10-22,510,North,25015,91722.0,,18:08:19,18:08:46,2,2638,4th Ave & Cherry St,3.0,0.0
2025-10-22,510,North,25015,91722.0,,18:11:55,18:13:15,3,641,4th Ave & Seneca St,8.0,0.0
2025-10-22,510,North,25015,91722.0,18:11:00,18:14:54,18:15:25,4,2976,4th Ave & Pine St,4.0,0.0
2025-10-22,510,North,25015,91722.0,,18:17:51,18:19:03,5,473,Olive Way & 6th Ave,8.0,0.0
2025-10-22,510,North,25015,91722.0,18:14:00,18:20:35,18:21:19,6,430,Howell St & 9th Ave,3.0,0.0
2025-10-22,510,North,25015,91722.0,,18:25:08,18:25:46,7,431,Howell St & Yale Ave,2.0,0.0
2025-10-22,510,North,25015,91722.0,18:32:00,18:41:08,18:41:32,11,2766,Mountlake Terrace Fwy Station Bay 7,1.0,1.0
2025-10-22,510,North,25015,91722.0,18:48:00,18:54:43,18:55:35,12,2869,South Everett Fwy Station Bay 6,0.0,14.0
2025-10-22,510,North,25015,91722.0,,19:03:14,19:03:28,13,3219,Broadway & 33rd St,0.0,0.0
2025-10-22,510,North,25015,91722.0,18:59:00,19:04:47,19:04:47,14,2861,Everett Station,0.0,15.0
2025-10-22,510,North,25016,19856.0,18:30:00,18:33:46,18:33:46,0,640,4th Ave S & S Jackson St,1.0,0.0
2025-10-22,510,North,25016,19856.0,,,,1,635,4th Ave S & S Washington St,,
2025-10-22,510,North,25016,19856.0,,18:35:29,18:36:03,2,2638,4th Ave & Cherry St,3.0,0.0
2025-10-22,510,North,25016,19856.0,,18:38:32,18:38:48,3,641,4th Ave & Seneca St,1.0,0.0
2025-10-22,510,North,25016,19856.0,18:36:00,18:41:13,18:42:02,4,2976,4th Ave & Pine St,3.0,0.0
2025-10-22,510,North,25016,19856.0,,18:43:23,18:44:30,5,473,Olive Way & 6th Ave,2.0,0.0
2025-10-22,510,North,25016,19856.0,18:39:00,18:45:13,18:45:32,6,430,Howell St & 9th Ave,2.0,0.0
2025-10-22,510,North,25016,19856.0,,18:49:07,18:49:26,7,431,Howell St & Yale Ave,1.0,0.0
2025-10-22,510,North,25016,19856.0,18:57:00,19:01:59,19:02:12,11,2766,Mountlake Terrace Fwy Station Bay 7,0.0,0.0
2025-10-22,510,North,25016,19856.0,19:12:00,19:13:21,19:13:49,12,2869,South Everett Fwy Station Bay 6,0.0,7.0
2025-10-22,510,North,25016,19856.0,,19:20:45,19:20:59,13,3219,Broadway & 33rd St,0.0,0.0
2025-10-22,510,North,25016,19856.0,19:22:00,19:22:13,19:22:13,14,2861,Everett Station,0.0,6.0
2025-10-22,510,South,25017,9560.0,04:05:00,04:20:35,04:20:35,0,2986,Hewitt Ave & Fulton St,2.0,0.0
2025-10-22,510,South,25017,9560.0,,04:21:49,04:21:49,1,2440,Hewitt Ave & Lombard Ave,0.0,0.0
2025-10-22,510,South,25017,9560.0,,04:23:56,04:24:42,2,2355,Wetmore Ave & Wall St,2.0,0.0
2025-10-22,510,South,25017,9560.0,,04:25:35,04:25:35,3,2359,Pacific Ave & Rockefeller Ave,0.0,0.0
2025-10-22,510,South,25017,9560.0,04:11:00,04:27:27,04:28:27,4,2345,Everett Station Bay C1,15.0,0.0
2025-10-22,510,South,25017,9560.0,,04:30:05,04:30:05,5,2367,Broadway & 34th St,0.0,0.0
2025-10-22,510,South,25017,9560.0,04:20:00,04:37:54,04:38:28,6,2868,South Everett Fwy Station Bay 3,6.0,0.0
2025-10-22,510,South,25017,9560.0,04:31:00,04:49:36,04:50:14,7,2765,Mountlake Terrace Fwy Station Bay 6,4.0,1.0
2025-10-22,510,South,25017,9560.0,04:48:00,05:05:19,05:06:02,11,1909,Stewart St & 9th Ave,0.0,5.0
2025-10-22,510,South,25017,9560.0,,05:07:07,05:07:29,12,1908,Stewart St & 7th Ave,1.0,1.0
2025-10-22,510,South,25017,9560.0,04:52:00,05:08:29,05:09:21,13,2698,5th Ave & Pine St,0.0,5.0
2025-10-22,510,South,25017,9560.0,,05:11:12,05:11:34,14,2700,5th Ave & Seneca St,0.0,6.0
2025-10-22,510,South,25017,9560.0,,05:12:33,05:12:49,15,2702,5th Ave & Marion St,0.0,5.0
2025-10-22,510,South,25017,9560.0,,05:14:35,05:14:54,16,2290,5th Ave & Jefferson St,0.0,3.0
2025-10-22,510,South,25017,9560.0,05:00:00,05:16:45,05:16:45,17,2706,5th Ave S & S Jackson St,0.0,4.0
2025-10-22,510,South,25018,91713.0,04:40:00,04:40:20,04:40:20,0,2986,Hewitt Ave & Fulton St,0.0,0.0
2025-10-22,510,South,25018,91713.0,,04:41:21,04:41:21,1,2440,Hewitt Ave & Lombard Ave,0.0,0.0
2025-10-22,510,South,25018,91713.0,,04:42:53,04:42:53,2,2355,Wetmore Ave & Wall St,0.0,0.0
2025-10-22,510,South,25018,91713.0,,04:43:18,04:43:29,3,2359,Pacific Ave & Rockefeller Ave,0.0,0.0
2025-10-22,510,South,25018,91713.0,04:46:00,04:46:38,04:47:24,4,2345,Everett Station Bay C1,0.0,0.0
2025-10-22,510,South,25018,91713.0,,04:48:50,04:48:50,5,2367,Broadway & 34th St,0.0,0.0
2025-10-22,510,South,25018,91713.0,04:57:00,04:55:51,04:58:23,6,2868,South Everett Fwy Station Bay 3,0.0,0.0
2025-10-22,510,South,25018,91713.0,05:08:00,05:08:08,05:08:42,7,2765,Mountlake Terrace Fwy Station Bay 6,0.0,0.0
2025-10-22,510,South,25018,91713.0,05:26:00,05:21:35,05:22:07,11,1909,Stewart St & 9th Ave,0.0,0.0
2025-10-22,510,South,25018,91713.0,,05:23:07,05:23:32,12,1908,Stewart St & 7th Ave,0.0,0.0
2025-10-22,510,South,25018,91713.0,05:30:00,05:24:32,05:25:23,13,2698,5th Ave & Pine St,0.0,0.0
2025-10-22,510,South,25018,91713.0,,05:26:16,05:26:43,14,2700,5th Ave & Seneca St,0.0,0.0
2025-10-22,510,South,25018,91713.0,,05:27:29,05:28:32,15,2702,5th Ave & Marion St,0.0,0.0
2025-10-22,510,South,25018,91713.0,,05:29:38,05:30:05,16,2290,5th Ave & Jefferson St,0.0,0.0
2025-10-22,510,South,25018,91713.0,05:38:00,05:31:37,05:31:37,17,2706,5th Ave S & S Jackson St,0.0,0.0
2025-10-22,510,South,25019,91901.0,05:10:00,05:10:20,05:10:20,0,2345,Everett Station Bay C1,18.0,0.0
2025-10-22,510,South,25019,91901.0,,05:12:43,05:13:06,1,2367,Broadway & 34th St,3.0,0.0
2025-10-22,510,South,25019,91901.0,05:20:00,05:20:39,05:22:07,2,2868,South Everett Fwy Station Bay 3,20.0,0.0
2025-10-22,510,South,25019,91901.0,05:31:00,05:32:58,05:33:32,3,2765,Mountlake Terrace Fwy Station Bay 6,4.0,0.0
2025-10-22,510,South,25019,91901.0,05:49:00,05:48:39,05:49:09,7,1909,Stewart St & 9th Ave,0.0,7.0
2025-10-22,510,South,25019,91901.0,,05:50:10,05:50:30,8,1908,Stewart St & 7th Ave,0.0,2.0
2025-10-22,510,South,25019,91901.0,05:54:00,05:52:34,05:53:24,9,2698,5th Ave & Pine St,0.0,8.0
2025-10-22,510,South,25019,91901.0,,05:55:21,05:55:52,10,2700,5th Ave & Seneca St,0.0,9.0
2025-10-22,510,South,25019,91901.0,,05:56:46,05:57:49,11,2702,5th Ave & Marion St,0.0,12.0
2025-10-22,510,South,25019,91901.0,,05:59:37,06:00:07,12,2290,5th Ave & Jefferson St,0.0,7.0
2025-10-22,510,South,25019,91901.0,06:03:00,06:02:05,06:02:05,13,2706,5th Ave S & S Jackson St,0.0,0.0
2025-10-22,510,South,25020,91727.0,05:40:00,05:40:10,05:40:10,0,2345,Everett Station Bay C1,15.0,0.0
2025-10-22,510,South,25020,19816.0,05:40:00,,,0,2345,Everett Station Bay C1,,
2025-10-22,510,South,25020,91727.0,,05:41:56,05:41:56,1,2367,Broadway & 34th St,0.0,0.0
2025-10-22,510,South,25020,19816.0,,,,1,2367,Broadway & 34th St,,
2025-10-22,510,South,25020,91727.0,05:50:00,05:49:13,05:49:13,2,2868,South Everett Fwy Station Bay 3,0.0,15.0
2025-10-22,510,South,25020,19816.0,05:50:00,06:34:47,06:34:47,2,2868,South Everett Fwy Station Bay 3,11.0,0.0
2025-10-22,510,South,25020,91727.0,06:01:00,,,3,2765,Mountlake Terrace Fwy Station Bay 6,,
2025-10-22,510,South,25020,19816.0,06:01:00,06:49:20,06:49:34,3,2765,Mountlake Terrace Fwy Station Bay 6,3.0,0.0
2025-10-22,510,South,25020,91727.0,06:22:00,,,7,1909,Stewart St & 9th Ave,,
2025-10-22,510,South,25020,19816.0,06:22:00,07:06:25,07:06:50,7,1909,Stewart St & 9th Ave,1.0,2.0
2025-10-22,510,South,25020,91727.0,,,,8,1908,Stewart St & 7th Ave,,
2025-10-22,510,South,25020,19816.0,,07:07:39,07:08:08,8,1908,Stewart St & 7th Ave,1.0,2.0
2025-10-22,510,South,25020,19816.0,06:28:00,07:09:18,07:09:37,9,2698,5th Ave & Pine St,0.0,6.0
2025-10-22,510,South,25020,91727.0,06:28:00,,,9,2698,5th Ave & Pine St,,
2025-10-22,510,South,25020,91727.0,,,,10,2700,5th Ave & Seneca St,,
2025-10-22,510,South,25020,19816.0,,07:11:08,07:11:21,10,2700,5th Ave & Seneca St,0.0,3.0
2025-10-22,510,South,25020,91727.0,,,,11,2702,5th Ave & Marion St,,
2025-10-22,510,South,25020,19816.0,,07:12:56,07:13:09,11,2702,5th Ave & Marion St,0.0,2.0
2025-10-22,510,South,25020,19816.0,,07:14:32,07:14:47,12,2290,5th Ave & Jefferson St,0.0,1.0
2025-10-22,510,South,25020,91727.0,,,,12,2290,5th Ave & Jefferson St,,
2025-10-22,510,South,25020,19816.0,06:38:00,07:16:04,07:16:04,13,2706,5th Ave S & S Jackson St,0.0,0.0
2025-10-22,510,South,25020,91727.0,06:38:00,,,13,2706,5th Ave S & S Jackson St,,
2025-10-22,510,South,25021,9560.0,05:52:00,06:00:40,06:00:40,0,2345,Everett Station Bay C1,24.0,0.0
2025-10-22,510,South,25021,9560.0,,06:02:46,06:02:46,1,2367,Broadway & 34th St,0.0,0.0
2025-10-22,510,South,25021,9560.0,06:02:00,06:10:42,06:13:41,2,2868,South Everett Fwy Station Bay 3,40.0,1.0
2025-10-22,510,South,25021,9560.0,06:14:00,06:26:40,06:27:23,3,2765,Mountlake Terrace Fwy Station Bay 6,2.0,1.0
2025-10-22,510,South,25021,9560.0,06:35:00,06:43:05,06:44:11,7,1909,Stewart St & 9th Ave,1.0,7.0
2025-10-22,510,South,25021,9560.0,,06:45:10,06:45:38,8,1908,Stewart St & 7th Ave,2.0,13.0
2025-10-22,510,South,25021,9560.0,06:41:00,06:46:49,06:48:03,9,2698,5th Ave & Pine St,2.0,10.0
2025-10-22,510,South,25021,9560.0,,06:50:01,06:50:29,10,2700,5th Ave & Seneca St,0.0,16.0
2025-10-22,510,South,25021,9560.0,,06:52:04,06:52:46,11,2702,5th Ave & Marion St,0.0,12.0
2025-10-22,510,South,25021,9560.0,,06:53:59,06:54:23,12,2290,5th Ave & Jefferson St,0.0,11.0
2025-10-22,510,South,25021,9560.0,06:51:00,06:57:21,06:57:21,13,2706,5th Ave S & S Jackson St,0.0,0.0
2025-10-22,510,South,25022,91725.0,06:04:00,06:04:23,06:04:23,0,2345,Everett Station Bay C1,8.0,0.0
2025-10-22,510,South,25022,91725.0,,06:06:08,06:06:52,1,2367,Broadway & 34th St,2.0,0.0
2025-10-22,510,South,25022,91725.0,06:14:00,06:14:06,06:14:50,2,2868,South Everett Fwy Station Bay 3,9.0,0.0
2025-10-22,510,South,25022,91725.0,06:26:00,06:27:36,06:28:04,3,2765,Mountlake Terrace Fwy Station Bay 6,0.0,4.0
2025-10-22,510,South,25022,91725.0,06:48:00,06:43:13,06:44:15,7,1909,Stewart St & 9th Ave,0.0,3.0
2025-10-22,510,South,25022,91725.0,,06:45:17,06:45:51,8,1908,Stewart St & 7th Ave,0.0,3.0
2025-10-22,510,South,25022,91725.0,06:54:00,06:48:21,06:48:42,9,2698,5th Ave & Pine St,0.0,1.0
2025-10-22,510,South,25022,91725.0,,06:50:52,06:51:39,10,2700,5th Ave & Seneca St,0.0,1.0
2025-10-22,510,South,25022,91725.0,,06:52:14,06:52:49,11,2702,5th Ave & Marion St,0.0,4.0
2025-10-22,510,South,25022,91725.0,,06:54:03,06:54:33,12,2290,5th Ave & Jefferson St,0.0,3.0
2025-10-22,510,South,25022,91725.0,07:04:00,06:57:40,06:57:40,13,2706,5th Ave S & S Jackson St,0.0,0.0
2025-10-22,510,South,25023,91720.0,06:16:00,06:17:49,06:17:49,0,2345,Everett Station Bay C1,21.0,0.0
2025-10-22,510,South,25023,91720.0,,06:19:27,06:19:57,1,2367,Broadway & 34th St,2.0,0.0
2025-10-22,510,South,25023,91720.0,06:26:00,06:26:54,06:27:57,2,2868,South Everett Fwy Station Bay 3,18.0,0.0
2025-10-22,510,South,25023,91720.0,06:38:00,06:42:41,06:43:02,3,2765,Mountlake Terrace Fwy Station Bay 6,2.0,0.0
2025-10-22,510,South,25023,91720.0,07:00:00,,,7,1909,Stewart St & 9th Ave,,
2025-10-22,510,South,25023,91720.0,,07:01:37,07:02:20,8,1908,Stewart St & 7th Ave,0.0,17.0
2025-10-22,510,South,25023,91720.0,07:06:00,07:03:27,07:03:58,9,2698,5th Ave & Pine St,0.0,6.0
2025-10-22,510,South,25023,91720.0,,07:05:36,07:06:17,10,2700,5th Ave & Seneca St,0.0,5.0
2025-10-22,510,South,25023,91720.0,,07:07:09,07:08:04,11,2702,5th Ave & Marion St,0.0,14.0
2025-10-22,510,South,25023,91720.0,,07:08:59,07:09:14,12,2290,5th Ave & Jefferson St,0.0,1.0
2025-10-22,510,South,25023,91720.0,07:17:00,07:12:32,07:12:32,13,2706,5th Ave S & S Jackson St,0.0,0.0
2025-10-22,510,South,25024,19813.0,06:28:00,06:28:04,06:28:04,0,2345,Everett Station Bay C1,17.0,0.0
2025-10-22,510,South,25024,19813.0,,06:30:32,06:30:54,1,2367,Broadway & 34th St,2.0,0.0
2025-10-22,510,South,25024,19813.0,06:38:00,06:38:25,06:40:01,2,2868,South Everett Fwy Station Bay 3,21.0,0.0
2025-10-22,510,South,25024,19813.0,06:50:00,06:54:25,06:54:54,3,2765,Mountlake Terrace Fwy Station Bay 6,4.0,1.0
2025-10-22,510,South,25024,19813.0,07:13:00,07:12:04,07:12:43,7,1909,Stewart St & 9th Ave,0.0,5.0
2025-10-22,510,South,25024,19813.0,,07:13:39,07:14:00,8,1908,Stewart St & 7th Ave,0.0,13.0
2025-10-22,510,South,25024,19813.0,07:19:00,07:15:23,07:15:40,9,2698,5th Ave & Pine St,1.0,6.0
2025-10-22,510,South,25024,19813.0,,07:17:28,07:17:54,10,2700,5th Ave & Seneca St,0.0,8.0
2025-10-22,510,South,25024,19813.0,,07:19:09,07:19:47,11,2702,5th Ave & Marion St,0.0,10.0
2025-10-22,510,South,25024,19813.0,,07:20:59,07:21:11,12,2290,5th Ave & Jefferson St,0.0,0.0
2025-10-22,510,South,25024,19813.0,07:30:00,07:23:50,07:23:50,13,2706,5th Ave S & S Jackson St,0.0,2.0
2025-10-22,510,South,25025,91704.0,06:40:00,06:43:43,06:43:43,0,2345,Everett Station Bay C1,14.0,0.0
2025-10-22,510,South,25025,91704.0,,,,1,2367,Broadway & 34th St,,
2025-10-22,510,South,25025,91704.0,06:50:00,06:52:22,06:55:03,2,2868,South Everett Fwy Station Bay 3,31.0,1.0
2025-10-22,510,South,25025,91704.0,07:03:00,07:09:41,07:10:32,3,2765,Mountlake Terrace Fwy Station Bay 6,9.0,0.0
2025-10-22,510,South,25025,91704.0,07:28:00,07:30:26,07:31:12,7,1909,Stewart St & 9th Ave,2.0,15.0
2025-10-22,510,South,25025,91704.0,,07:31:52,07:32:24,8,1908,Stewart St & 7th Ave,0.0,8.0
2025-10-22,510,South,25025,91704.0,07:34:00,07:34:52,07:36:09,9,2698,5th Ave & Pine St,2.0,6.0
2025-10-22,510,South,25025,91704.0,,07:38:01,07:39:27,10,2700,5th Ave & Seneca St,0.0,9.0
2025-10-22,510,South,25025,91704.0,,07:40:05,07:40:49,11,2702,5th Ave & Marion St,0.0,11.0
2025-10-22,510,South,25025,91704.0,,07:41:59,07:42:33,12,2290,5th Ave & Jefferson St,0.0,6.0
2025-10-22,510,South,25025,91704.0,07:47:00,07:44:24,07:44:24,13,2706,5th Ave S & S Jackson St,0.0,2.0
2025-10-22,510,South,25026,91907.0,06:52:00,06:52:38,06:52:38,0,2345,Everett Station Bay C1,18.0,0.0
2025-10-22,510,South,25026,91907.0,,06:55:25,06:55:46,1,2367,Broadway & 34th St,0.0,0.0
2025-10-22,510,South,25026,91907.0,07:02:00,07:03:33,07:05:19,2,2868,South Everett Fwy Station Bay 3,24.0,0.0
2025-10-22,510,South,25026,91907.0,07:15:00,07:22:06,07:23:04,3,2765,Mountlake Terrace Fwy Station Bay 6,15.0,2.0
2025-10-22,510,South,25026,91907.0,07:40:00,07:45:08,07:45:57,7,1909,Stewart St & 9th Ave,0.0,19.0
2025-10-22,510,South,25026,91907.0,,07:46:43,07:47:22,8,1908,Stewart St & 7th Ave,0.0,6.0
2025-10-22,510,South,25026,91907.0,07:46:00,07:49:56,07:51:04,9,2698,5th Ave & Pine St,0.0,5.0
2025-10-22,510,South,25026,91907.0,,07:53:18,07:53:56,10,2700,5th Ave & Seneca St,0.0,14.0
2025-10-22,510,South,25026,91907.0,,07:55:13,07:55:49,11,2702,5th Ave & Marion St,0.0,7.0
2025-10-22,510,South,25026,91907.0,,07:58:03,07:58:23,12,2290,5th Ave & Jefferson St,0.0,3.0
2025-10-22,510,South,25026,91907.0,07:59:00,08:00:59,08:00:59,13,2706,5th Ave S & S Jackson St,0.0,1.0
2025-10-22,510,South,25027,91504.0,07:04:00,07:12:06,07:12:06,0,2345,Everett Station Bay C1,12.0,0.0
2025-10-22,510,South,25027,91504.0,,,,1,2367,Broadway & 34th St,,
2025-10-22,510,South,25027,91504.0,07:14:00,07:20:25,07:22:12,2,2868,South Everett Fwy Station Bay 3,17.0,0.0
2025-10-22,510,South,25027,91504.0,07:28:00,07:43:07,07:44:36,3,2765,Mountlake Terrace Fwy Station Bay 6,12.0,0.0
2025-10-22,510,South,25027,91504.0,07:59:00,08:13:06,08:14:03,7,1909,Stewart St & 9th Ave,1.0,12.0
2025-10-22,510,South,25027,91504.0,,08:15:10,08:15:53,8,1908,Stewart St & 7th Ave,0.0,14.0
2025-10-22,510,South,25027,91504.0,08:05:00,08:18:30,08:19:34,9,2698,5th Ave & Pine St,2.0,5.0
2025-10-22,510,South,25027,91504.0,,08:21:55,08:22:30,10,2700,5th Ave & Seneca St,0.0,4.0
2025-10-22,510,South,25027,91504.0,,08:23:41,08:24:19,11,2702,5th Ave & Marion St,0.0,6.0
2025-10-22,510,South,25027,91504.0,,08:26:42,08:27:14,12,2290,5th Ave & Jefferson St,0.0,2.0
2025-10-22,510,South,25027,91504.0,08:20:00,08:29:36,08:29:36,13,2706,5th Ave S & S Jackson St,0.0,1.0
2025-10-22,510,South,25028,91716.0,07:16:00,07:16:12,07:16:12,0,2345,Everett Station Bay C1,6.0,0.0
2025-10-22,510,South,25028,91716.0,,07:18:49,07:19:24,1,2367,Broadway & 34th St,1.0,0.0
2025-10-22,510,South,25028,91716.0,07:26:00,07:26:46,07:27:53,2,2868,South Everett Fwy Station Bay 3,13.0,0.0
2025-10-22,510,South,25028,91716.0,07:40:00,07:47:31,07:48:00,3,2765,Mountlake Terrace Fwy Station Bay 6,2.0,0.0
2025-10-22,510,South,25028,91716.0,08:11:00,08:18:23,08:18:45,7,1909,Stewart St & 9th Ave,0.0,6.0
2025-10-22,510,South,25028,91716.0,,08:19:36,08:20:06,8,1908,Stewart St & 7th Ave,0.0,6.0
2025-10-22,510,South,25028,91716.0,08:17:00,08:22:47,08:24:02,9,2698,5th Ave & Pine St,0.0,5.0
2025-10-22,510,South,25028,91716.0,,08:26:27,08:26:42,10,2700,5th Ave & Seneca St,0.0,0.0
2025-10-22,510,South,25028,91716.0,,08:28:07,08:28:46,11,2702,5th Ave & Marion St,0.0,4.0
2025-10-22,510,South,25028,91716.0,,08:31:03,08:31:20,12,2290,5th Ave & Jefferson St,0.0,1.0
2025-10-22,510,South,25028,91716.0,08:34:00,08:32:59,08:32:59,13,2706,5th Ave S & S Jackson St,2.0,2.0
2025-10-22,510,South,25029,91703.0,07:28:00,07:28:47,07:28:47,0,2345,Everett Station Bay C1,17.0,0.0
2025-10-22,510,South,25029,91703.0,,07:32:09,07:32:09,1,2367,Broadway & 34th St,0.0,0.0
2025-10-22,510,South,25029,91703.0,07:38:00,07:40:13,07:42:02,2,2868,South Everett Fwy Station Bay 3,21.0,0.0
2025-10-22,510,South,25029,91703.0,07:52:00,07:58:39,07:58:58,3,2765,Mountlake Terrace Fwy Station Bay 6,1.0,0.0
2025-10-22,510,South,25029,91703.0,08:23:00,08:34:36,08:35:12,7,1909,Stewart St & 9th Ave,0.0,15.0
2025-10-22,510,South,25029,91703.0,,08:36:09,08:37:29,8,1908,Stewart St & 7th Ave,1.0,10.0
2025-10-22,510,South,25029,91703.0,08:29:00,08:40:53,08:42:04,9,2698,5th Ave & Pine St,0.0,3.0
2025-10-22,510,South,25029,91703.0,,08:44:02,08:44:52,10,2700,5th Ave & Seneca St,0.0,5.0
2025-10-22,510,South,25029,91703.0,,08:46:13,08:46:46,11,2702,5th Ave & Marion St,0.0,6.0
2025-10-22,510,South,25029,91703.0,,08:48:07,08:48:20,12,2290,5th Ave & Jefferson St,0.0,1.0
2025-10-22,510,South,25029,91703.0,08:47:00,08:50:58,08:50:58,13,2706,5th Ave S & S Jackson St,0.0,0.0
2025-10-22,510,South,25030,91712.0,07:43:00,07:43:14,07:43:14,0,2345,Everett Station Bay C1,12.0,0.0
2025-10-22,510,South,25030,91712.0,,07:45:11,07:45:11,1,2367,Broadway & 34th St,0.0,0.0
2025-10-22,510,South,25030,91712.0,07:53:00,07:52:20,07:53:55,2,2868,South Everett Fwy Station Bay 3,22.0,1.0
2025-10-22,510,South,25030,91712.0,08:07:00,08:06:24,08:06:41,3,2765,Mountlake Terrace Fwy Station Bay 6,2.0,4.0
2025-10-22,510,South,25030,91712.0,08:38:00,08:36:52,08:37:25,7,1909,Stewart St & 9th Ave,1.0,13.0
2025-10-22,510,South,25030,91712.0,,08:37:53,08:38:24,8,1908,Stewart St & 7th Ave,0.0,9.0
2025-10-22,510,South,25030,91712.0,08:44:00,08:39:18,08:40:30,9,2698,5th Ave & Pine St,1.0,4.0
2025-10-22,510,South,25030,91712.0,,08:41:25,08:41:41,10,2700,5th Ave & Seneca St,1.0,2.0
2025-10-22,510,South,25030,91712.0,,08:43:00,08:43:42,11,2702,5th Ave & Marion St,0.0,1.0
2025-10-22,510,South,25030,91712.0,,08:44:50,08:45:10,12,2290,5th Ave & Jefferson St,0.0,2.0
2025-10-22,510,South,25030,91712.0,09:02:00,08:47:08,08:47:08,13,2706,5th Ave S & S Jackson St,0.0,3.0
2025-10-22,510,South,25031,91721.0,07:58:00,08:00:22,08:00:22,0,2345,Everett Station Bay C1,20.0,0.0
2025-10-22,510,South,25031,91721.0,,,,1,2367,Broadway & 34th St,,
2025-10-22,510,South,25031,91721.0,08:08:00,08:08:14,08:09:30,2,2868,South Everett Fwy Station Bay 3,24.0,0.0
2025-10-22,510,South,25031,91721.0,08:22:00,08:24:22,08:24:59,3,2765,Mountlake Terrace Fwy Station Bay 6,10.0,3.0
2025-10-22,510,South,25031,91721.0,08:53:00,08:55:40,08:56:24,7,1909,Stewart St & 9th Ave,0.0,24.0
2025-10-22,510,South,25031,91721.0,,08:57:18,08:57:58,8,1908,Stewart St & 7th Ave,0.0,17.0
2025-10-22,510,South,25031,91721.0,08:59:00,09:00:15,09:00:36,9,2698,5th Ave & Pine St,0.0,2.0
2025-10-22,510,South,25031,91721.0,,09:03:24,09:03:48,10,2700,5th Ave & Seneca St,0.0,4.0
2025-10-22,510,South,25031,91721.0,,09:05:23,09:06:11,11,2702,5th Ave & Marion St,0.0,4.0
2025-10-22,510,South,25031,91721.0,,09:07:16,09:07:23,12,2290,5th Ave & Jefferson St,0.0,0.0
2025-10-22,510,South,25031,91721.0,09:17:00,09:09:30,09:09:30,13,2706,5th Ave S & S Jackson St,0.0,0.0
2025-10-22,510,South,25032,91910.0,08:18:00,08:19:20,08:19:20,0,2345,Everett Station Bay C1,12.0,0.0
2025-10-22,510,South,25032,91910.0,,08:22:02,08:22:02,1,2367,Broadway & 34th St,0.0,0.0
2025-10-22,510,South,25032,91910.0,08:29:00,08:29:04,08:30:23,2,2868,South Everett Fwy Station Bay 3,23.0,0.0
2025-10-22,510,South,25032,91910.0,08:42:00,08:41:21,08:41:47,3,2765,Mountlake Terrace Fwy Station Bay 6,0.0,0.0
2025-10-22,510,South,25032,91910.0,09:13:00,09:09:29,09:10:08,7,1909,Stewart St & 9th Ave,0.0,13.0
2025-10-22,510,South,25032,91910.0,,09:10:43,09:11:31,8,1908,Stewart St & 7th Ave,0.0,15.0
2025-10-22,510,South,25032,91910.0,09:19:00,09:13:53,09:15:05,9,2698,5th Ave & Pine St,0.0,1.0
2025-10-22,510,South,25032,91910.0,,09:16:59,09:17:24,10,2700,5th Ave & Seneca St,0.0,4.0
2025-10-22,510,South,25032,91910.0,,09:19:03,09:19:43,11,2702,5th Ave & Marion St,0.0,1.0
2025-10-22,510,South,25032,91910.0,,09:21:01,09:21:29,12,2290,5th Ave & Jefferson St,0.0,1.0
2025-10-22,510,South,25032,91910.0,09:37:00,09:24:09,09:24:09,13,2706,5th Ave S & S Jackson St,0.0,0.0
2025-10-22,510,South,25033,91505.0,08:38:00,08:38:16,08:38:16,0,2345,Everett Station Bay C1,18.0,0.0
2025-10-22,510,South,25033,91505.0,,08:41:50,08:41:50,1,2367,Broadway & 34th St,0.0,0.0
2025-10-22,510,South,25033,91505.0,08:49:00,08:48:18,08:49:29,2,2868,South Everett Fwy Station Bay 3,18.0,0.0
2025-10-22,510,South,25033,91505.0,09:02:00,09:00:28,09:00:47,3,2765,Mountlake Terrace Fwy Station Bay 6,0.0,3.0
2025-10-22,510,South,25033,91505.0,09:33:00,09:23:59,09:24:38,7,1909,Stewart St & 9th Ave,1.0,9.0
2025-10-22,510,South,25033,91505.0,,09:25:33,09:26:08,8,1908,Stewart St & 7th Ave,0.0,11.0
2025-10-22,510,South,25033,91505.0,09:39:00,09:27:18,09:28:32,9,2698,5th Ave & Pine St,0.0,5.0
2025-10-22,510,South,25033,91505.0,,09:29:27,09:29:51,10,2700,5th Ave & Seneca St,1.0,4.0
2025-10-22,510,South,25033,91505.0,,09:31:03,09:31:40,11,2702,5th Ave & Marion St,0.0,5.0
2025-10-22,510,South,25033,91505.0,,09:32:55,09:33:08,12,2290,5th Ave & Jefferson St,0.0,1.0
2025-10-22,510,South,25033,91505.0,09:57:00,09:35:56,09:35:56,13,2706,5th Ave S & S Jackson St,0.0,0.0
2025-10-23,510,North,25001,91910.0,14:00:00,14:00:12,14:00:12,0,640,4th Ave S & S Jackson St,4.0,0.0
2025-10-23,510,North,25001,91910.0,,14:00:39,14:00:54,1,635,4th Ave S & S Washington St,1.0,0.0
2025-10-23,510,North,25001,91910.0,,14:02:07,14:02:34,2,2638,4th Ave & Cherry St,4.0,0.0
2025-10-23,510,North,25001,91910.0,,14:05:45,14:06:23,3,641,4th Ave & Seneca St,11.0,1.0
2025-10-23,510,North,25001,91910.0,14:06:00,14:07:57,14:08:52,4,2976,4th Ave & Pine St,8.0,0.0
2025-10-23,510,North,25001,91910.0,,14:09:47,14:10:41,5,473,Olive Way & 6th Ave,12.0,0.0
2025-10-23,510,North,25001,91910.0,14:10:00,14:12:22,14:13:07,6,430,Howell St & 9th Ave,6.0,0.0
2025-10-23,510,North,25001,91910.0,,14:16:13,14:16:47,7,431,Howell St & Yale Ave,6.0,0.0
2025-10-23,510,North,25001,91910.0,14:30:00,14:29:21,14:29:48,11,2766,Mountlake Terrace Fwy Station Bay 7,0.0,7.0
2025-10-23,510,North,25001,91910.0,14:47:00,14:41:01,14:41:47,12,2869,South Everett Fwy Station Bay 6,0.0,20.0
2025-10-23,510,North,25001,91910.0,,14:49:16,14:49:37,13,3219,Broadway & 33rd St,0.0,4.0
2025-10-23,510,North,25001,91910.0,15:04:00,14:50:58,14:50:58,14,2861,Everett Station,1.0,21.0
2025-10-23,510,North,25002,91905.0,14:20:00,14:22:11,14:22:11,0,640,4th Ave S & S Jackson St,4.0,0.0
2025-10-23,510,North,25002,91905.0,,14:23:26,14:23:49,1,635,4th Ave S & S Washington St,1.0,0.0
2025-10-23,510,North,25002,91905.0,,14:25:23,14:26:10,2,2638,4th Ave & Cherry St,6.0,0.0
2025-10-23,510,North,25002,91905.0,,14:29:47,14:30:29,3,641,4th Ave & Seneca St,5.0,0.0
2025-10-23,510,North,25002,91905.0,14:26:00,14:31:46,14:33:12,4,2976,4th Ave & Pine St,4.0,0.0
2025-10-23,510,North,25002,91905.0,,14:34:41,14:35:31,5,473,Olive Way & 6th Ave,6.0,0.0
2025-10-23,510,North,25002,91905.0,14:30:00,14:37:11,14:37:46,6,430,Howell St & 9th Ave,4.0,0.0
2025-10-23,510,North,25002,91905.0,,14:41:39,14:42:03,7,431,Howell St & Yale Ave,3.0,1.0
2025-10-23,510,North,25002,91905.0,14:50:00,14:56:58,14:57:29,11,2766,Mountlake Terrace Fwy Station Bay 7,1.0,9.0
2025-10-23,510,North,25002,91905.0,15:07:00,15:09:29,15:10:16,12,2869,South Everett Fwy Station Bay 6,2.0,23.0
2025-10-23,510,North,25002,91905.0,,15:19:05,15:19:26,13,3219,Broadway & 33rd St,0.0,3.0
2025-10-23,510,North,25002,91905.0,15:24:00,15:20:48,15:20:48,14,2861,Everett Station,0.0,0.0
2025-10-23,510,North,25003,91505.0,14:50:00,14:50:34,14:50:34,0,640,4th Ave S & S Jackson St,3.0,0.0
2025-10-23,510,North,25003,91505.0,,14:51:19,14:51:19,1,635,4th Ave S & S Washington St,0.0,0.0
2025-10-23,510,North,25003,91505.0,,14:52:34,14:53:22,2,2638,4th Ave & Cherry St,11.0,0.0
2025-10-23,510,North,25003,91505.0,,14:56:46,14:57:14,3,641,4th Ave & Seneca St,5.0,0.0
2025-10-23,510,North,25003,91505.0,14:56:00,14:58:04,14:58:50,4,2976,4th Ave & Pine St,4.0,0.0
2025-10-23,510,North,25003,91505.0,,14:59:48,15:01:01,5,473,Olive Way & 6th Ave,11.0,0.0
2025-10-23,510,North,25003,91505.0,15:00:00,15:02:30,15:03:16,6,430,Howell St & 9th Ave,10.0,0.0
2025-10-23,510,North,25003,91505.0,,15:05:35,15:06:05,7,431,Howell St & Yale Ave,5.0,0.0
2025-10-23,510,North,25003,91505.0,15:20:00,15:21:00,15:21:28,11,2766,Mountlake Terrace Fwy Station Bay 7,1.0,10.0
2025-10-23,510,North,25003,91505.0,15:38:00,15:34:09,15:35:03,12,2869,South Everett Fwy Station Bay 6,1.0,33.0
2025-10-23,510,North,25003,91505.0,,15:44:51,15:45:35,13,3219,Broadway & 33rd St,0.0,8.0
2025-10-23,510,North,25003,91505.0,15:57:00,15:46:24,15:46:24,14,2861,Everett Station,0.0,0.0
2025-10-23,510,North,25004,91901.0,15:10:00,15:12:31,15:12:31,0,640,4th Ave S & S Jackson St,7.0,0.0
2025-10-23,510,North,25004,91901.0,,,,1,635,4th Ave S & S Washington St,,
2025-10-23,510,North,25004,91901.0,,15:14:24,15:15:28,2,2638,4th Ave & Cherry St,11.0,0.0
2025-10-23,510,North,25004,91901.0,,15:20:33,15:20:57,3,641,4th Ave & Seneca St,2.0,0.0
2025-10-23,510,North,25004,91901.0,15:16:00,15:22:00,15:22:31,4,2976,4th Ave & Pine St,3.0,0.0
2025-10-23,510,North,25004,91901.0,,15:24:12,15:25:20,5,473,Olive Way & 6th Ave,11.0,0.0
2025-10-23,510,North,25004,91901.0,15:20:00,15:26:40,15:27:36,6,430,Howell St & 9th Ave,8.0,0.0
2025-10-23,510,North,25004,91901.0,,15:29:57,15:30:35,7,431,Howell St & Yale Ave,3.0,0.0
2025-10-23,510,North,25004,91901.0,15:40:00,15:48:15,15:48:39,11,2766,Mountlake Terrace Fwy Station Bay 7,0.0,0.0
2025-10-23,510,North,25004,91901.0,16:00:00,16:02:08,16:03:06,12,2869,South Everett Fwy Station Bay 6,1.0,25.0
2025-10-23,510,North,25004,91901.0,,16:13:01,16:13:01,13,3219,Broadway & 33rd St,0.0,0.0
2025-10-23,510,North,25004,91901.0,16:21:00,16:14:19,16:14:19,14,2861,Everett Station,1.0,22.0
2025-10-23,510,North,25005,91717.0,15:25:00,15:29:08,15:29:08,0,640,4th Ave S & S Jackson St,4.0,0.0
2025-10-23,510,North,25005,91717.0,,,,1,635,4th Ave S & S Washington St,,
2025-10-23,510,North,25005,91717.0,,15:30:59,15:31:36,2,2638,4th Ave & Cherry St,2.0,0.0
2025-10-23,510,North,25005,91717.0,,15:34:38,15:35:49,3,641,4th Ave & Seneca St,2.0,0.0
2025-10-23,510,North,25005,91717.0,15:31:00,15:37:00,15:38:11,4,2976,4th Ave & Pine St,4.0,0.0
2025-10-23,510,North,25005,91717.0,,15:40:19,15:41:33,5,473,Olive Way & 6th Ave,11.0,0.0
2025-10-23,510,North,25005,91717.0,15:35:00,15:43:11,15:44:01,6,430,Howell St & 9th Ave,6.0,0.0
2025-10-23,510,North,25005,91717.0,,15:47:42,15:48:30,7,431,Howell St & Yale Ave,4.0,0.0
2025-10-23,510,North,25005,91717.0,15:56:00,16:08:37,16:09:16,11,2766,Mountlake Terrace Fwy Station Bay 7,0.0,6.0
2025-10-23,510,North,25005,91717.0,16:16:00,16:22:15,16:23:28,12,2869,South Everett Fwy Station Bay 6,0.0,25.0
2025-10-23,510,North,25005,91717.0,,16:31:34,16:32:06,13,3219,Broadway & 33rd St,0.0,2.0
2025-10-23,510,North,25005,91717.0,16:38:00,16:33:58,16:33:58,14,2861,Everett Station,0.0,0.0
2025-10-23,510,North,25006,91702.0,15:40:00,15:40:41,15:40:41,0,640,4th Ave S & S Jackson St,4.0,0.0
2025-10-23,510,North,25006,91702.0,,15:41:18,15:41:34,1,635,4th Ave S & S Washington St,1.0,0.0
2025-10-23,510,North,25006,91702.0,,15:42:56,15:43:37,2,2638,4th Ave & Cherry St,7.0,0.0
2025-10-23,510,North,25006,91702.0,,15:47:53,15:49:17,3,641,4th Ave & Seneca St,4.0,0.0
2025-10-23,510,North,25006,91702.0,15:46:00,15:50:18,15:51:22,4,2976,4th Ave & Pine St,5.0,0.0
2025-10-23,510,North,25006,91702.0,,15:52:21,15:53:32,5,473,Olive Way & 6th Ave,12.0,0.0
2025-10-23,510,North,25006,91702.0,15:50:00,15:55:04,15:55:46,6,430,Howell St & 9th Ave,4.0,0.0
2025-10-23,510,North,25006,91702.0,,15:58:11,15:58:40,7,431,Howell St & Yale Ave,1.0,0.0
2025-10-23,510,North,25006,91702.0,16:12:00,16:17:53,16:18:25,11,2766,Mountlake Terrace Fwy Station Bay 7,0.0,9.0
2025-10-23,510,North,25006,91702.0,16:35:00,16:33:13,16:33:54,12,2869,South Everett Fwy Station Bay 6,0.0,12.0
2025-10-23,510,North,25006,91702.0,,16:41:56,16:41:56,13,3219,Broadway & 33rd St,0.0,0.0
2025-10-23,510,North,25006,91702.0,16:58:00,16:42:36,16:42:36,14,2861,Everett Station,0.0,17.0
2025-10-23,510,North,25007,91703.0,15:55:00,15:55:32,15:55:32,0,640,4th Ave S & S Jackson St,11.0,0.0
2025-10-23,510,North,25007,91703.0,,15:56:18,15:56:18,1,635,4th Ave S & S Washington St,0.0,0.0
2025-10-23,510,North,25007,91703.0,,15:58:14,15:58:36,2,2638,4th Ave & Cherry St,2.0,0.0
2025-10-23,510,North,25007,91703.0,,16:01:42,16:02:46,3,641,4th Ave & Seneca St,8.0,0.0
2025-10-23,510,North,25007,91703.0,16:01:00,16:04:03,16:04:50,4,2976,4th Ave & Pine St,9.0,0.0
2025-10-23,510,North,25007,91703.0,,16:05:56,16:07:00,5,473,Olive Way & 6th Ave,6.0,0.0
2025-10-23,510,North,25007,91703.0,16:05:00,16:07:44,16:08:30,6,430,Howell St & 9th Ave,5.0,0.0
2025-10-23,510,North,25007,91703.0,,16:10:36,16:11:20,7,431,Howell St & Yale Ave,5.0,0.0
2025-10-23,510,North,25007,91703.0,16:28:00,16:30:25,16:30:51,11,2766,Mountlake Terrace Fwy Station Bay 7,0.0,9.0
2025-10-23,510,North,25007,91703.0,16:51:00,16:45:27,16:46:29,12,2869,South Everett Fwy Station Bay 6,0.0,22.0
2025-10-23,510,North,25007,91703.0,,16:55:24,16:56:01,13,3219,Broadway & 33rd St,0.0,2.0
2025-10-23,510,North,25007,91703.0,17:14:00,16:57:16,16:57:16,14,2861,Everett Station,0.0,13.0
2025-10-23,510,North,25008,,16:10:00,,,0,640,4th Ave S & S Jackson St,,
2025-10-23,510,North,25008,,,,,1,635,4th Ave S & S Washington St,,
2025-10-23,510,North,25008,,,,,2,2638,4th Ave & Cherry St,,
2025-10-23,510,North,25008,,,,,3,641,4th Ave & Seneca St,,
2025-10-23,510,North,25008,,16:16:00,,,4,2976,4th Ave & Pine St,,
2025-10-23,510,North,25008,,,,,5,473,Olive Way & 6th Ave,,
2025-10-23,510,North,25008,,16:20:00,,,6,430,Howell St & 9th Ave,,
2025-10-23,510,North,25008,,,,,7,431,Howell St & Yale Ave,,
2025-10-23,510,North,25008,,16:43:00,,,11,2766,Mountlake Terrace Fwy Station Bay 7,,
2025-10-23,510,North,25008,,17:06:00,,,12,2869,South Everett Fwy Station Bay 6,,
2025-10-23,510,North,25008,,,,,13,3219,Broadway & 33rd St,,
2025-10-23,510,North,25008,,17:29:00,,,14,2861,Everett Station,,
2025-10-23,510,North,25009,,16:25:00,,,0,640,4th Ave S & S Jackson St,,
2025-10-23,510,North,25009,,,,,1,635,4th Ave S & S Washington St,,
2025-10-23,510,North,25009,,,,,2,2638,4th Ave & Cherry St,,
2025-10-23,510,North,25009,,,,,3,641,4th Ave & Seneca St,,
2025-10-23,510,North,25009,,16:31:00,,,4,2976,4th Ave & Pine St,,
2025-10-23,510,North,25009,,,,,5,473,Olive Way & 6th Ave,,
2025-10-23,510,North,25009,,16:35:00,,,6,430,Howell St & 9th Ave,,
2025-10-23,510,North,25009,,,,,7,431,Howell St & Yale Ave,,
2025-10-23,510,North,25009,,16:58:00,,,11,2766,Mountlake Terrace Fwy Station Bay 7,,
2025-10-23,510,North,25009,,17:21:00,,,12,2869,South Everett Fwy Station Bay 6,,
2025-10-23,510,North,25009,,,,,13,3219,Broadway & 33rd St,,
2025-10-23,510,North,25009,,17:44:00,,,14,2861,Everett Station,,
2025-10-23,510,North,25010,91723.0,16:40:00,16:43:39,16:43:39,0,640,4th Ave S & S Jackson St,5.0,0.0
2025-10-23,510,North,25010,91723.0,,16:44:15,16:44:33,1,635,4th Ave S & S Washington St,2.0,0.0
2025-10-23,510,North,25010,91723.0,,16:46:23,16:46:59,2,2638,4th Ave & Cherry St,3.0,0.0
2025-10-23,510,North,25010,91723.0,,16:50:54,16:51:38,3,641,4th Ave & Seneca St,8.0,0.0
2025-10-23,510,North,25010,91723.0,16:46:00,16:54:31,16:55:50,4,2976,4th Ave & Pine St,6.0,0.0
2025-10-23,510,North,25010,91723.0,,16:57:03,16:58:03,5,473,Olive Way & 6th Ave,11.0,0.0
2025-10-23,510,North,25010,91723.0,16:50:00,16:59:58,17:00:35,6,430,Howell St & 9th Ave,5.0,0.0
2025-10-23,510,North,25010,91723.0,,17:06:06,17:06:20,7,431,Howell St & Yale Ave,1.0,0.0
2025-10-23,510,North,25010,91723.0,17:13:00,17:27:50,17:28:22,11,2766,Mountlake Terrace Fwy Station Bay 7,1.0,4.0
2025-10-23,510,North,25010,91723.0,17:36:00,17:42:53,17:44:35,12,2869,South Everett Fwy Station Bay 6,0.0,35.0
2025-10-23,510,North,25010,91723.0,,17:51:59,17:52:19,13,3219,Broadway & 33rd St,0.0,3.0
2025-10-23,510,North,25010,91723.0,17:59:00,17:53:15,17:53:15,14,2861,Everett Station,0.0,0.0
2025-10-23,510,North,25011,91912.0,16:55:00,16:55:08,16:55:08,0,640,4th Ave S & S Jackson St,8.0,0.0
2025-10-23,510,North,25011,91912.0,,16:55:51,16:56:05,1,635,4th Ave S & S Washington St,1.0,0.0
2025-10-23,510,North,25011,91912.0,,16:59:14,17:00:39,2,2638,4th Ave & Cherry St,13.0,0.0
2025-10-23,510,North,25011,91912.0,,17:03:01,17:03:16,3,641,4th Ave & Seneca St,0.0,0.0
2025-10-23,510,North,25011,91912.0,17:01:00,17:04:04,17:04:45,4,2976,4th Ave & Pine St,0.0,1.0
2025-10-23,510,North,25011,91912.0,,17:05:57,17:06:57,5,473,Olive Way & 6th Ave,5.0,2.0
2025-10-23,510,North,25011,91912.0,17:05:00,17:08:28,17:09:05,6,430,Howell St & 9th Ave,6.0,0.0
2025-10-23,510,North,25011,91912.0,,17:13:03,17:13:39,7,431,Howell St & Yale Ave,3.0,2.0
2025-10-23,510,North,25011,91912.0,17:27:00,17:33:56,17:34:28,11,2766,Mountlake Terrace Fwy Station Bay 7,0.0,12.0
2025-10-23,510,North,25011,91912.0,17:50:00,17:50:43,17:51:23,12,2869,South Everett Fwy Station Bay 6,0.0,12.0
2025-10-23,510,North,25011,91912.0,,17:58:48,17:59:02,13,3219,Broadway & 33rd St,0.0,2.0
2025-10-23,510,North,25011,91912.0,18:09:00,18:00:08,18:00:08,14,2861,Everett Station,0.0,5.0
2025-10-23,510,North,25012,91911.0,17:10:00,17:12:50,17:12:50,0,640,4th Ave S & S Jackson St,2.0,0.0
2025-10-23,510,North,25012,91911.0,,17:14:04,17:14:17,1,635,4th Ave S & S Washington St,1.0,0.0
2025-10-23,510,North,25012,91911.0,,17:16:27,17:17:51,2,2638,4th Ave & Cherry St,9.0,0.0
2025-10-23,510,North,25012,91911.0,,17:22:06,17:22:55,3,641,4th Ave & Seneca St,11.0,0.0
2025-10-23,510,North,25012,91911.0,17:16:00,17:24:54,17:25:49,4,2976,4th Ave & Pine St,5.0,0.0
2025-10-23,510,North,25012,91911.0,,17:27:07,17:28:01,5,473,Olive Way & 6th Ave,8.0,0.0
2025-10-23,510,North,25012,91911.0,17:20:00,17:29:40,17:30:18,6,430,Howell St & 9th Ave,8.0,0.0
2025-10-23,510,North,25012,91911.0,,17:35:43,17:36:16,7,431,Howell St & Yale Ave,4.0,1.0
2025-10-23,510,North,25012,91911.0,17:42:00,18:00:17,18:00:56,11,2766,Mountlake Terrace Fwy Station Bay 7,2.0,4.0
2025-10-23,510,North,25012,91911.0,18:05:00,18:15:16,18:16:02,12,2869,South Everett Fwy Station Bay 6,0.0,25.0
2025-10-23,510,North,25012,91911.0,,18:23:56,18:24:37,13,3219,Broadway & 33rd St,0.0,2.0
2025-10-23,510,North,25012,91911.0,18:21:00,18:25:54,18:25:54,14,2861,Everett Station,0.0,18.0
2025-10-23,510,North,25013,91712.0,17:25:00,17:25:20,17:25:20,0,640,4th Ave S & S Jackson St,1.0,0.0
2025-10-23,510,North,25013,91712.0,,17:25:58,17:25:58,1,635,4th Ave S & S Washington St,0.0,0.0
2025-10-23,510,North,25013,91712.0,,17:29:45,17:29:53,2,2638,4th Ave & Cherry St,0.0,0.0
2025-10-23,510,North,25013,91712.0,,17:37:00,17:37:42,3,641,4th Ave & Seneca St,8.0,0.0
2025-10-23,510,North,25013,91712.0,17:31:00,17:38:40,17:39:25,4,2976,4th Ave & Pine St,5.0,0.0
2025-10-23,510,North,25013,91712.0,,17:40:34,17:41:33,5,473,Olive Way & 6th Ave,4.0,0.0
2025-10-23,510,North,25013,91712.0,17:35:00,17:43:03,17:43:28,6,430,Howell St & 9th Ave,2.0,0.0
2025-10-23,510,North,25013,91712.0,,17:46:19,17:46:36,7,431,Howell St & Yale Ave,2.0,1.0
2025-10-23,510,North,25013,91712.0,17:56:00,18:09:42,18:10:03,11,2766,Mountlake Terrace Fwy Station Bay 7,0.0,4.0
2025-10-23,510,North,25013,91712.0,18:18:00,18:24:17,18:24:50,12,2869,South Everett Fwy Station Bay 6,0.0,11.0
2025-10-23,510,North,25013,91712.0,,18:32:30,18:32:30,13,3219,Broadway & 33rd St,0.0,0.0
2025-10-23,510,North,25013,91712.0,18:33:00,18:33:56,18:33:56,14,2861,Everett Station,0.0,6.0
2025-10-23,510,North,25014,91721.0,17:45:00,17:46:27,17:46:27,0,640,4th Ave S & S Jackson St,6.0,0.0
2025-10-23,510,North,25014,91721.0,,17:47:07,17:47:16,1,635,4th Ave S & S Washington St,0.0,0.0
2025-10-23,510,North,25014,91721.0,,17:49:17,17:50:09,2,2638,4th Ave & Cherry St,6.0,0.0
2025-10-23,510,North,25014,91721.0,,17:52:46,17:53:47,3,641,4th Ave & Seneca St,5.0,0.0
2025-10-23,510,North,25014,91721.0,17:51:00,17:55:26,17:55:55,4,2976,4th Ave & Pine St,1.0,0.0
2025-10-23,510,North,25014,91721.0,,17:58:18,17:59:32,5,473,Olive Way & 6th Ave,5.0,0.0
2025-10-23,510,North,25014,91721.0,17:55:00,18:00:10,18:00:45,6,430,Howell St & 9th Ave,3.0,1.0
2025-10-23,510,North,25014,91721.0,,18:04:06,18:04:36,7,431,Howell St & Yale Ave,3.0,1.0
2025-10-23,510,North,25014,91721.0,18:13:00,18:26:03,18:26:25,11,2766,Mountlake Terrace Fwy Station Bay 7,1.0,1.0
2025-10-23,510,North,25014,91721.0,18:32:00,18:39:58,18:40:49,12,2869,South Everett Fwy Station Bay 6,0.0,16.0
2025-10-23,510,North,25014,91721.0,,18:48:38,18:49:06,13,3219,Broadway & 33rd St,0.0,0.0
2025-10-23,510,North,25014,91721.0,18:43:00,18:50:38,18:50:38,14,2861,Everett Station,0.0,11.0
2025-10-23,510,North,25015,91706.0,18:05:00,18:07:01,18:07:01,0,640,4th Ave S & S Jackson St,3.0,0.0
2025-10-23,510,North,25015,91706.0,,18:08:06,18:08:23,1,635,4th Ave S & S Washington St,0.0,0.0
2025-10-23,510,North,25015,91706.0,,18:09:53,18:10:22,2,2638,4th Ave & Cherry St,0.0,0.0
2025-10-23,510,North,25015,91706.0,,18:13:08,18:13:44,3,641,4th Ave & Seneca St,4.0,0.0
2025-10-23,510,North,25015,91706.0,18:11:00,18:15:54,18:16:51,4,2976,4th Ave & Pine St,6.0,0.0
2025-10-23,510,North,25015,91706.0,,18:19:22,18:20:34,5,473,Olive Way & 6th Ave,9.0,0.0
2025-10-23,510,North,25015,91706.0,18:14:00,18:22:06,18:22:32,6,430,Howell St & 9th Ave,2.0,0.0
2025-10-23,510,North,25015,91706.0,,18:25:10,18:26:01,7,431,Howell St & Yale Ave,3.0,0.0
2025-10-23,510,North,25015,91706.0,18:32:00,18:43:10,18:43:40,11,2766,Mountlake Terrace Fwy Station Bay 7,0.0,9.0
2025-10-23,510,North,25015,91706.0,18:48:00,18:58:07,18:58:59,12,2869,South Everett Fwy Station Bay 6,0.0,17.0
2025-10-23,510,North,25015,91706.0,,19:06:22,19:07:00,13,3219,Broadway & 33rd St,0.0,1.0
2025-10-23,510,North,25015,91706.0,18:59:00,19:08:26,19:08:26,14,2861,Everett Station,0.0,0.0
2025-10-23,510,North,25016,19851.0,18:30:00,18:32:59,18:32:59,0,640,4th Ave S & S Jackson St,3.0,0.0
2025-10-23,510,North,25016,19851.0,,18:33:37,18:33:48,1,635,4th Ave S & S Washington St,0.0,0.0
2025-10-23,510,North,25016,19851.0,,18:35:22,18:35:55,2,2638,4th Ave & Cherry St,3.0,0.0
2025-10-23,510,North,25016,19851.0,,18:37:37,18:38:45,3,641,4th Ave & Seneca St,3.0,0.0
2025-10-23,510,North,25016,19851.0,18:36:00,18:40:13,18:40:44,4,2976,4th Ave & Pine St,5.0,0.0
2025-10-23,510,North,25016,19851.0,,18:41:58,18:43:02,5,473,Olive Way & 6th Ave,2.0,0.0
2025-10-23,510,North,25016,19851.0,18:39:00,18:43:41,18:44:18,6,430,Howell St & 9th Ave,3.0,0.0
2025-10-23,510,North,25016,19851.0,,18:47:39,18:48:11,7,431,Howell St & Yale Ave,3.0,0.0
2025-10-23,510,North,25016,19851.0,18:57:00,19:00:45,19:01:08,11,2766,Mountlake Terrace Fwy Station Bay 7,0.0,2.0
2025-10-23,510,North,25016,19851.0,19:12:00,19:12:18,19:12:49,12,2869,South Everett Fwy Station Bay 6,0.0,11.0
2025-10-23,510,North,25016,19851.0,,19:19:48,19:20:10,13,3219,Broadway & 33rd St,0.0,2.0
2025-10-23,510,North,25016,19851.0,19:22:00,19:21:27,19:21:27,14,2861,Everett Station,0.0,7.0
2025-10-23,510,South,25017,91727.0,04:05:00,04:05:20,04:05:20,0,2986,Hewitt Ave & Fulton St,3.0,0.0
2025-10-23,510,South,25017,91727.0,,04:06:17,04:06:17,1,2440,Hewitt Ave & Lombard Ave,0.0,0.0
2025-10-23,510,South,25017,91727.0,,04:07:48,04:08:00,2,2355,Wetmore Ave & Wall St,1.0,0.0
2025-10-23,510,South,25017,91727.0,,04:08:43,04:08:43,3,2359,Pacific Ave & Rockefeller Ave,0.0,0.0
2025-10-23,510,South,25017,91727.0,04:11:00,04:10:41,04:11:30,4,2345,Everett Station Bay C1,11.0,0.0
2025-10-23,510,South,25017,91727.0,,04:13:05,04:13:05,5,2367,Broadway & 34th St,0.0,0.0
2025-10-23,510,South,25017,91727.0,04:20:00,04:19:51,04:20:18,6,2868,South Everett Fwy Station Bay 3,3.0,0.0
2025-10-23,510,South,25017,91727.0,04:31:00,04:30:36,04:30:58,7,2765,Mountlake Terrace Fwy Station Bay 6,3.0,0.0
2025-10-23,510,South,25017,91727.0,04:48:00,04:44:24,04:45:03,11,1909,Stewart St & 9th Ave,0.0,5.0
2025-10-23,510,South,25017,91727.0,,04:45:59,04:45:59,12,1908,Stewart St & 7th Ave,0.0,0.0
2025-10-23,510,South,25017,91727.0,04:52:00,04:47:36,04:48:20,13,2698,5th Ave & Pine St,0.0,5.0
2025-10-23,510,South,25017,91727.0,,04:49:24,04:49:52,14,2700,5th Ave & Seneca St,0.0,5.0
2025-10-23,510,South,25017,91727.0,,04:50:39,04:51:08,15,2702,5th Ave & Marion St,0.0,4.0
2025-10-23,510,South,25017,91727.0,,04:52:16,04:52:26,16,2290,5th Ave & Jefferson St,0.0,1.0
2025-10-23,510,South,25017,91727.0,05:00:00,04:54:23,04:54:23,17,2706,5th Ave S & S Jackson St,0.0,1.0
2025-10-23,510,South,25018,91725.0,04:40:00,04:41:34,04:41:34,0,2986,Hewitt Ave & Fulton St,2.0,0.0
2025-10-23,510,South,25018,91725.0,,04:42:34,04:42:34,1,2440,Hewitt Ave & Lombard Ave,0.0,0.0
2025-10-23,510,South,25018,91725.0,,04:44:19,04:44:38,2,2355,Wetmore Ave & Wall St,1.0,0.0
2025-10-23,510,South,25018,91725.0,,04:45:38,04:45:48,3,2359,Pacific Ave & Rockefeller Ave,1.0,0.0
2025-10-23,510,South,25018,91725.0,04:46:00,04:47:16,04:48:11,4,2345,Everett Station Bay C1,14.0,0.0
2025-10-23,510,South,25018,91725.0,,04:49:36,04:49:52,5,2367,Broadway & 34th St,1.0,0.0
2025-10-23,510,South,25018,91725.0,04:57:00,04:56:18,04:58:44,6,2868,South Everett Fwy Station Bay 3,21.0,0.0
2025-10-23,510,South,25018,91725.0,05:08:00,05:08:33,05:08:56,7,2765,Mountlake Terrace Fwy Station Bay 6,2.0,1.0
2025-10-23,510,South,25018,91725.0,05:26:00,05:21:37,05:22:07,11,1909,Stewart St & 9th Ave,0.0,7.0
2025-10-23,510,South,25018,91725.0,,05:23:01,05:23:23,12,1908,Stewart St & 7th Ave,1.0,4.0
2025-10-23,510,South,25018,91725.0,05:30:00,05:24:25,05:25:17,13,2698,5th Ave & Pine St,2.0,4.0
2025-10-23,510,South,25018,91725.0,,05:26:07,05:26:43,14,2700,5th Ave & Seneca St,0.0,9.0
2025-10-23,510,South,25018,91725.0,,05:27:31,05:28:26,15,2702,5th Ave & Marion St,0.0,5.0
2025-10-23,510,South,25018,91725.0,,05:29:37,05:30:00,16,2290,5th Ave & Jefferson St,0.0,4.0
2025-10-23,510,South,25018,91725.0,05:38:00,05:31:35,05:31:35,17,2706,5th Ave S & S Jackson St,0.0,11.0
2025-10-23,510,South,25019,91721.0,05:10:00,05:11:04,05:11:04,0,2345,Everett Station Bay C1,12.0,0.0
2025-10-23,510,South,25019,91721.0,,05:13:06,05:13:28,1,2367,Broadway & 34th St,2.0,0.0
2025-10-23,510,South,25019,91721.0,05:20:00,05:21:03,05:22:12,2,2868,South Everett Fwy Station Bay 3,15.0,0.0
2025-10-23,510,South,25019,91721.0,05:31:00,05:33:07,05:33:40,3,2765,Mountlake Terrace Fwy Station Bay 6,6.0,0.0
2025-10-23,510,South,25019,91721.0,05:49:00,05:48:27,05:49:04,7,1909,Stewart St & 9th Ave,0.0,4.0
2025-10-23,510,South,25019,91721.0,,05:50:05,05:50:31,8,1908,Stewart St & 7th Ave,1.0,3.0
2025-10-23,510,South,25019,91721.0,05:54:00,05:51:27,05:52:18,9,2698,5th Ave & Pine St,0.0,4.0
2025-10-23,510,South,25019,91721.0,,05:53:59,05:54:29,10,2700,5th Ave & Seneca St,0.0,9.0
2025-10-23,510,South,25019,91721.0,,05:55:40,05:56:27,11,2702,5th Ave & Marion St,0.0,6.0
2025-10-23,510,South,25019,91721.0,,05:58:05,05:58:34,12,2290,5th Ave & Jefferson St,0.0,10.0
2025-10-23,510,South,25019,91721.0,06:03:00,06:00:41,06:00:41,13,2706,5th Ave S & S Jackson St,0.0,0.0
2025-10-23,510,South,25020,91716.0,05:40:00,05:40:11,05:40:11,0,2345,Everett Station Bay C1,23.0,0.0
2025-10-23,510,South,25020,91716.0,,05:41:46,05:42:14,1,2367,Broadway & 34th St,1.0,0.0
2025-10-23,510,South,25020,91716.0,05:50:00,05:49:09,05:50:09,2,2868,South Everett Fwy Station Bay 3,15.0,0.0
2025-10-23,510,South,25020,91716.0,06:01:00,06:00:21,06:01:03,3,2765,Mountlake Terrace Fwy Station Bay 6,11.0,0.0
2025-10-23,510,South,25020,91716.0,06:22:00,06:14:54,06:15:43,7,1909,Stewart St & 9th Ave,0.0,6.0
2025-10-23,510,South,25020,91716.0,,06:16:37,06:17:05,8,1908,Stewart St & 7th Ave,0.0,6.0
2025-10-23,510,South,25020,91716.0,06:28:00,06:18:16,06:19:32,9,2698,5th Ave & Pine St,0.0,5.0
2025-10-23,510,South,25020,91716.0,,06:20:25,06:21:02,10,2700,5th Ave & Seneca St,0.0,11.0
2025-10-23,510,South,25020,91716.0,,06:22:01,06:22:45,11,2702,5th Ave & Marion St,0.0,14.0
2025-10-23,510,South,25020,91716.0,,06:23:54,06:24:20,12,2290,5th Ave & Jefferson St,0.0,8.0
2025-10-23,510,South,25020,91716.0,06:38:00,06:26:05,06:26:05,13,2706,5th Ave S & S Jackson St,0.0,0.0
2025-10-23,510,South,25021,91727.0,05:52:00,05:52:12,05:52:12,0,2345,Everett Station Bay C1,20.0,0.0
2025-10-23,510,South,25021,91727.0,,05:54:26,05:54:26,1,2367,Broadway & 34th St,0.0,0.0
2025-10-23,510,South,25021,91727.0,06:02:00,06:01:38,06:02:44,2,2868,South Everett Fwy Station Bay 3,17.0,1.0
2025-10-23,510,South,25021,91727.0,06:14:00,06:13:19,06:13:35,3,2765,Mountlake Terrace Fwy Station Bay 6,0.0,1.0
2025-10-23,510,South,25021,91727.0,06:35:00,06:28:01,06:28:18,7,1909,Stewart St & 9th Ave,0.0,4.0
2025-10-23,510,South,25021,91727.0,,06:28:53,06:29:17,8,1908,Stewart St & 7th Ave,0.0,4.0
2025-10-23,510,South,25021,91727.0,06:41:00,06:30:23,06:31:33,9,2698,5th Ave & Pine St,0.0,7.0
2025-10-23,510,South,25021,91727.0,,06:32:38,06:33:18,10,2700,5th Ave & Seneca St,0.0,5.0
2025-10-23,510,South,25021,91727.0,,06:34:02,06:34:45,11,2702,5th Ave & Marion St,0.0,7.0
2025-10-23,510,South,25021,91727.0,,06:36:05,06:36:30,12,2290,5th Ave & Jefferson St,0.0,8.0
2025-10-23,510,South,25021,91727.0,06:51:00,06:38:48,06:38:48,13,2706,5th Ave S & S Jackson St,0.0,0.0
2025-10-23,510,South,25022,91706.0,06:04:00,06:04:18,06:04:18,0,2345,Everett Station Bay C1,19.0,0.0
2025-10-23,510,South,25022,91706.0,,06:06:19,06:06:19,1,2367,Broadway & 34th St,0.0,0.0
2025-10-23,510,South,25022,91706.0,06:14:00,06:13:18,06:14:39,2,2868,South Everett Fwy Station Bay 3,21.0,0.0
2025-10-23,510,South,25022,91706.0,06:26:00,06:25:59,06:26:34,3,2765,Mountlake Terrace Fwy Station Bay 6,3.0,3.0
2025-10-23,510,South,25022,91706.0,06:48:00,06:41:34,06:42:08,7,1909,Stewart St & 9th Ave,1.0,8.0
2025-10-23,510,South,25022,91706.0,,06:42:36,06:43:13,8,1908,Stewart St & 7th Ave,0.0,6.0
2025-10-23,510,South,25022,91706.0,06:54:00,06:45:18,06:45:51,9,2698,5th Ave & Pine St,0.0,4.0
2025-10-23,510,South,25022,91706.0,,06:47:24,06:47:51,10,2700,5th Ave & Seneca St,0.0,6.0
2025-10-23,510,South,25022,91706.0,,06:49:06,06:49:46,11,2702,5th Ave & Marion St,0.0,7.0
2025-10-23,510,South,25022,91706.0,,06:50:58,06:51:24,12,2290,5th Ave & Jefferson St,0.0,5.0
2025-10-23,510,South,25022,91706.0,07:04:00,06:53:56,06:53:56,13,2706,5th Ave S & S Jackson St,0.0,5.0
2025-10-23,510,South,25023,91504.0,06:16:00,06:17:00,06:17:00,0,2345,Everett Station Bay C1,14.0,0.0
2025-10-23,510,South,25023,91504.0,,06:18:44,06:19:08,1,2367,Broadway & 34th St,1.0,0.0
2025-10-23,510,South,25023,91504.0,06:26:00,06:27:00,06:28:15,2,2868,South Everett Fwy Station Bay 3,23.0,0.0
2025-10-23,510,South,25023,91504.0,06:38:00,06:41:30,06:42:18,3,2765,Mountlake Terrace Fwy Station Bay 6,13.0,0.0
2025-10-23,510,South,25023,91504.0,07:00:00,06:57:55,06:58:27,7,1909,Stewart St & 9th Ave,0.0,8.0
2025-10-23,510,South,25023,91504.0,,06:58:51,06:59:30,8,1908,Stewart St & 7th Ave,0.0,13.0
2025-10-23,510,South,25023,91504.0,07:06:00,07:01:58,07:03:02,9,2698,5th Ave & Pine St,0.0,5.0
2025-10-23,510,South,25023,91504.0,,07:05:07,07:06:06,10,2700,5th Ave & Seneca St,2.0,12.0
2025-10-23,510,South,25023,91504.0,,07:06:57,07:07:44,11,2702,5th Ave & Marion St,0.0,12.0
2025-10-23,510,South,25023,91504.0,,07:08:53,07:09:18,12,2290,5th Ave & Jefferson St,0.0,3.0
2025-10-23,510,South,25023,91504.0,07:17:00,07:11:03,07:11:03,13,2706,5th Ave S & S Jackson St,0.0,0.0
2025-10-23,510,South,25024,91712.0,06:28:00,06:29:35,06:29:35,0,2345,Everett Station Bay C1,26.0,0.0
2025-10-23,510,South,25024,91712.0,,06:32:07,06:32:47,1,2367,Broadway & 34th St,4.0,0.0
2025-10-23,510,South,25024,91712.0,06:38:00,06:40:00,06:41:30,2,2868,South Everett Fwy Station Bay 3,20.0,0.0
2025-10-23,510,South,25024,91712.0,06:50:00,06:54:28,06:55:38,3,2765,Mountlake Terrace Fwy Station Bay 6,12.0,0.0
2025-10-23,510,South,25024,91712.0,07:13:00,07:11:52,07:12:36,7,1909,Stewart St & 9th Ave,0.0,13.0
2025-10-23,510,South,25024,91712.0,,07:13:39,07:14:23,8,1908,Stewart St & 7th Ave,0.0,12.0
2025-10-23,510,South,25024,91712.0,07:19:00,07:16:53,07:18:06,9,2698,5th Ave & Pine St,1.0,7.0
2025-10-23,510,South,25024,91712.0,,07:19:58,07:20:40,10,2700,5th Ave & Seneca St,0.0,12.0
2025-10-23,510,South,25024,91712.0,,07:22:07,07:22:47,11,2702,5th Ave & Marion St,0.0,13.0
2025-10-23,510,South,25024,91712.0,,07:24:00,07:24:23,12,2290,5th Ave & Jefferson St,0.0,2.0
2025-10-23,510,South,25024,91712.0,07:30:00,07:27:14,07:27:14,13,2706,5th Ave S & S Jackson St,0.0,4.0
2025-10-23,510,South,25025,91907.0,06:40:00,06:43:53,06:43:53,0,2345,Everett Station Bay C1,6.0,0.0
2025-10-23,510,South,25025,91907.0,,06:44:04,06:44:04,1,2367,Broadway & 34th St,0.0,0.0
2025-10-23,510,South,25025,91907.0,06:50:00,06:51:58,06:53:52,2,2868,South Everett Fwy Station Bay 3,27.0,0.0
2025-10-23,510,South,25025,91907.0,07:03:00,07:06:36,07:07:39,3,2765,Mountlake Terrace Fwy Station Bay 6,6.0,2.0
2025-10-23,510,South,25025,91907.0,07:28:00,07:25:01,07:25:40,7,1909,Stewart St & 9th Ave,1.0,11.0
2025-10-23,510,South,25025,91907.0,,07:26:15,07:26:45,8,1908,Stewart St & 7th Ave,0.0,7.0
2025-10-23,510,South,25025,91907.0,07:34:00,07:28:53,07:30:06,9,2698,5th Ave & Pine St,0.0,8.0
2025-10-23,510,South,25025,91907.0,,07:31:05,07:31:35,10,2700,5th Ave & Seneca St,0.0,6.0
2025-10-23,510,South,25025,91907.0,,07:32:39,07:33:17,11,2702,5th Ave & Marion St,0.0,3.0
2025-10-23,510,South,25025,91907.0,,07:34:33,07:34:57,12,2290,5th Ave & Jefferson St,0.0,2.0
2025-10-23,510,South,25025,91907.0,07:47:00,07:37:37,07:37:37,13,2706,5th Ave S & S Jackson St,0.0,1.0
2025-10-23,510,South,25026,91711.0,06:52:00,06:52:15,06:52:15,0,2345,Everett Station Bay C1,17.0,0.0
2025-10-23,510,South,25026,91711.0,,06:54:10,06:54:33,1,2367,Broadway & 34th St,2.0,0.0
2025-10-23,510,South,25026,91711.0,07:02:00,07:02:00,07:03:28,2,2868,South Everett Fwy Station Bay 3,23.0,0.0
2025-10-23,510,South,25026,91711.0,07:15:00,07:17:34,07:18:27,3,2765,Mountlake Terrace Fwy Station Bay 6,4.0,1.0
2025-10-23,510,South,25026,91711.0,07:40:00,07:40:03,07:40:50,7,1909,Stewart St & 9th Ave,0.0,16.0
2025-10-23,510,South,25026,91711.0,,07:42:14,07:42:42,8,1908,Stewart St & 7th Ave,0.0,6.0
2025-10-23,510,South,25026,91711.0,07:46:00,07:43:55,07:45:08,9,2698,5th Ave & Pine St,0.0,5.0
2025-10-23,510,South,25026,91711.0,,07:48:33,07:49:06,10,2700,5th Ave & Seneca St,1.0,9.0
2025-10-23,510,South,25026,91711.0,,07:50:35,07:51:20,11,2702,5th Ave & Marion St,0.0,7.0
2025-10-23,510,South,25026,91711.0,,07:53:37,07:53:57,12,2290,5th Ave & Jefferson St,0.0,2.0
2025-10-23,510,South,25026,91711.0,07:59:00,07:57:24,07:57:24,13,2706,5th Ave S & S Jackson St,0.0,1.0
2025-10-23,510,South,25027,19853.0,07:04:00,07:05:00,07:05:00,0,2345,Everett Station Bay C1,10.0,0.0
2025-10-23,510,South,25027,19853.0,,07:07:20,07:07:57,1,2367,Broadway & 34th St,1.0,0.0
2025-10-23,510,South,25027,19853.0,07:14:00,07:15:43,07:17:39,2,2868,South Everett Fwy Station Bay 3,18.0,0.0
2025-10-23,510,South,25027,19853.0,07:28:00,07:37:11,07:38:00,3,2765,Mountlake Terrace Fwy Station Bay 6,6.0,0.0
2025-10-23,510,South,25027,19853.0,07:59:00,08:05:34,08:06:22,7,1909,Stewart St & 9th Ave,0.0,12.0
2025-10-23,510,South,25027,19853.0,,08:07:44,08:08:22,8,1908,Stewart St & 7th Ave,0.0,8.0
2025-10-23,510,South,25027,19853.0,08:05:00,08:11:03,08:12:08,9,2698,5th Ave & Pine St,1.0,3.0
2025-10-23,510,South,25027,19853.0,,08:14:03,08:14:48,10,2700,5th Ave & Seneca St,0.0,11.0
2025-10-23,510,South,25027,19853.0,,08:16:10,08:16:50,11,2702,5th Ave & Marion St,0.0,0.0
2025-10-23,510,South,25027,19853.0,,08:19:08,08:19:35,12,2290,5th Ave & Jefferson St,0.0,2.0
2025-10-23,510,South,25027,19853.0,08:20:00,08:22:45,08:22:45,13,2706,5th Ave S & S Jackson St,0.0,0.0
2025-10-23,510,South,25028,,07:16:00,,,0,2345,Everett Station Bay C1,,
2025-10-23,510,South,25028,,,,,1,2367,Broadway & 34th St,,
2025-10-23,510,South,25028,,07:26:00,,,2,2868,South Everett Fwy Station Bay 3,,
2025-10-23,510,South,25028,,07:40:00,,,3,2765,Mountlake Terrace Fwy Station Bay 6,,
2025-10-23,510,South,25028,,08:11:00,,,7,1909,Stewart St & 9th Ave,,
2025-10-23,510,South,25028,,,,,8,1908,Stewart St & 7th Ave,,
2025-10-23,510,South,25028,,08:17:00,,,9,2698,5th Ave & Pine St,,
2025-10-23,510,South,25028,,,,,10,2700,5th Ave & Seneca St,,
2025-10-23,510,South,25028,,,,,11,2702,5th Ave & Marion St,,
2025-10-23,510,South,25028,,,,,12,2290,5th Ave & Jefferson St,,
2025-10-23,510,South,25028,,08:34:00,,,13,2706,5th Ave S & S Jackson St,,
2025-10-23,510,South,25029,91707.0,07:28:00,07:32:08,07:32:08,0,2345,Everett Station Bay C1,19.0,0.0
2025-10-23,510,South,25029,91707.0,,,,1,2367,Broadway & 34th St,,
2025-10-23,510,South,25029,91707.0,07:38:00,07:42:05,07:44:58,2,2868,South Everett Fwy Station Bay 3,44.0,1.0
2025-10-23,510,South,25029,91707.0,07:52:00,08:02:58,08:03:45,3,2765,Mountlake Terrace Fwy Station Bay 6,8.0,3.0
2025-10-23,510,South,25029,91707.0,08:23:00,08:34:43,08:35:39,7,1909,Stewart St & 9th Ave,0.0,24.0
2025-10-23,510,South,25029,91707.0,,08:36:15,08:37:07,8,1908,Stewart St & 7th Ave,0.0,21.0
2025-10-23,510,South,25029,91707.0,08:29:00,08:39:21,08:40:35,9,2698,5th Ave & Pine St,3.0,4.0
2025-10-23,510,South,25029,91707.0,,08:42:45,08:43:17,10,2700,5th Ave & Seneca St,0.0,7.0
2025-10-23,510,South,25029,91707.0,,08:46:01,08:46:47,11,2702,5th Ave & Marion St,0.0,10.0
2025-10-23,510,South,25029,91707.0,,08:49:13,08:50:03,12,2290,5th Ave & Jefferson St,0.0,4.0
2025-10-23,510,South,25029,91707.0,08:47:00,08:52:32,08:52:32,13,2706,5th Ave S & S Jackson St,0.0,0.0
2025-10-23,510,South,25030,91717.0,07:43:00,07:43:46,07:43:46,0,2345,Everett Station Bay C1,16.0,0.0
2025-10-23,510,South,25030,91717.0,,07:45:16,07:45:16,1,2367,Broadway & 34th St,0.0,0.0
2025-10-23,510,South,25030,91717.0,07:53:00,07:52:04,07:53:02,2,2868,South Everett Fwy Station Bay 3,12.0,1.0
2025-10-23,510,South,25030,91717.0,08:07:00,08:07:20,08:07:42,3,2765,Mountlake Terrace Fwy Station Bay 6,3.0,4.0
2025-10-23,510,South,25030,91717.0,08:38:00,08:38:23,08:38:49,7,1909,Stewart St & 9th Ave,0.0,8.0
2025-10-23,510,South,25030,91717.0,,08:39:18,08:39:40,8,1908,Stewart St & 7th Ave,0.0,7.0
2025-10-23,510,South,25030,91717.0,08:44:00,08:41:34,08:42:01,9,2698,5th Ave & Pine St,0.0,3.0
2025-10-23,510,South,25030,91717.0,,08:44:11,08:44:33,10,2700,5th Ave & Seneca St,1.0,1.0
2025-10-23,510,South,25030,91717.0,,08:46:13,08:46:44,11,2702,5th Ave & Marion St,0.0,6.0
2025-10-23,510,South,25030,91717.0,,08:49:08,08:49:35,12,2290,5th Ave & Jefferson St,0.0,2.0
2025-10-23,510,South,25030,91717.0,09:02:00,08:52:27,08:52:27,13,2706,5th Ave S & S Jackson St,0.0,0.0
2025-10-23,510,South,25031,91728.0,07:58:00,08:06:46,08:06:46,0,2345,Everett Station Bay C1,14.0,0.0
2025-10-23,510,South,25031,91728.0,,08:08:40,08:08:40,1,2367,Broadway & 34th St,0.0,0.0
2025-10-23,510,South,25031,91728.0,08:08:00,08:16:48,08:18:17,2,2868,South Everett Fwy Station Bay 3,26.0,0.0
2025-10-23,510,South,25031,91728.0,08:22:00,08:29:36,08:29:59,3,2765,Mountlake Terrace Fwy Station Bay 6,3.0,1.0
2025-10-23,510,South,25031,91728.0,08:53:00,08:58:23,08:59:12,7,1909,Stewart St & 9th Ave,0.0,20.0
2025-10-23,510,South,25031,91728.0,,09:00:04,09:00:44,8,1908,Stewart St & 7th Ave,0.0,9.0
2025-10-23,510,South,25031,91728.0,08:59:00,09:03:20,09:04:31,9,2698,5th Ave & Pine St,0.0,1.0
2025-10-23,510,South,25031,91728.0,,09:06:41,09:07:15,10,2700,5th Ave & Seneca St,0.0,9.0
2025-10-23,510,South,25031,91728.0,,09:08:37,09:09:14,11,2702,5th Ave & Marion St,0.0,3.0
2025-10-23,510,South,25031,91728.0,,09:10:28,09:10:39,12,2290,5th Ave & Jefferson St,0.0,0.0
2025-10-23,510,South,25031,91728.0,09:17:00,09:13:03,09:13:03,13,2706,5th Ave S & S Jackson St,0.0,0.0
2025-10-23,510,South,25032,91704.0,08:18:00,08:19:32,08:19:32,0,2345,Everett Station Bay C1,15.0,0.0
2025-10-23,510,South,25032,91704.0,,08:22:08,08:22:26,1,2367,Broadway & 34th St,1.0,0.0
2025-10-23,510,South,25032,91704.0,08:29:00,08:29:45,08:31:22,2,2868,South Everett Fwy Station Bay 3,27.0,0.0
2025-10-23,510,South,25032,91704.0,08:42:00,08:42:14,08:42:27,3,2765,Mountlake Terrace Fwy Station Bay 6,0.0,0.0
2025-10-23,510,South,25032,91704.0,09:13:00,09:09:58,09:10:46,7,1909,Stewart St & 9th Ave,0.0,18.0
2025-10-23,510,South,25032,91704.0,,09:12:05,09:12:41,8,1908,Stewart St & 7th Ave,0.0,14.0
2025-10-23,510,South,25032,91704.0,09:19:00,09:13:46,09:15:02,9,2698,5th Ave & Pine St,0.0,3.0
2025-10-23,510,South,25032,91704.0,,09:17:06,09:17:33,10,2700,5th Ave & Seneca St,1.0,3.0
2025-10-23,510,South,25032,91704.0,,09:19:10,09:19:46,11,2702,5th Ave & Marion St,0.0,3.0
2025-10-23,510,South,25032,91704.0,,09:22:00,09:22:18,12,2290,5th Ave & Jefferson St,0.0,2.0
2025-10-23,510,South,25032,91704.0,09:37:00,09:24:00,09:24:00,13,2706,5th Ave S & S Jackson St,0.0,1.0
2025-10-23,510,South,25033,9560.0,08:38:00,08:38:14,08:38:14,0,2345,Everett Station Bay C1,7.0,0.0
2025-10-23,510,South,25033,9560.0,,08:40:22,08:40:47,1,2367,Broadway & 34th St,2.0,0.0
2025-10-23,510,South,25033,9560.0,08:49:00,08:49:01,08:49:36,2,2868,South Everett Fwy Station Bay 3,8.0,0.0
2025-10-23,510,South,25033,9560.0,09:02:00,09:01:08,09:01:30,3,2765,Mountlake Terrace Fwy Station Bay 6,0.0,1.0
2025-10-23,510,South,25033,9560.0,09:33:00,09:27:55,09:28:19,7,1909,Stewart St & 9th Ave,0.0,8.0
2025-10-23,510,South,25033,9560.0,,09:29:03,09:29:29,8,1908,Stewart St & 7th Ave,2.0,3.0
2025-10-23,510,South,25033,9560.0,09:39:00,09:31:55,09:33:02,9,2698,5th Ave & Pine St,0.0,2.0
2025-10-23,510,South,25033,9560.0,,09:35:04,09:35:20,10,2700,5th Ave & Seneca St,0.0,3.0
2025-10-23,510,South,25033,9560.0,,09:36:59,09:37:46,11,2702,5th Ave & Marion St,0.0,1.0
2025-10-23,510,South,25033,9560.0,,09:39:02,09:39:28,12,2290,5th Ave & Jefferson St,0.0,0.0
2025-10-23,510,South,25033,9560.0,09:57:00,09:42:24,09:42:24,13,2706,5th Ave S & S Jackson St,1.0,2.0
2025-10-24,510,North,25001,91905.0,14:00:00,14:03:46,14:03:46,0,640,4th Ave S & S Jackson St,4.0,0.0
2025-10-24,510,North,25001,91905.0,,14:04:39,14:04:39,1,635,4th Ave S & S Washington St,0.0,0.0
2025-10-24,510,North,25001,91905.0,,14:06:12,14:06:44,2,2638,4th Ave & Cherry St,6.0,0.0
2025-10-24,510,North,25001,91905.0,,14:08:13,14:09:08,3,641,4th Ave & Seneca St,5.0,1.0
2025-10-24,510,North,25001,91905.0,14:06:00,14:10:23,14:11:15,4,2976,4th Ave & Pine St,6.0,0.0
2025-10-24,510,North,25001,91905.0,,14:12:39,14:13:22,5,473,Olive Way & 6th Ave,7.0,0.0
2025-10-24,510,North,25001,91905.0,14:10:00,14:15:09,14:15:43,6,430,Howell St & 9th Ave,4.0,0.0
2025-10-24,510,North,25001,91905.0,,14:17:55,14:18:24,7,431,Howell St & Yale Ave,3.0,0.0
2025-10-24,510,North,25001,91905.0,14:30:00,14:33:41,14:34:03,11,2766,Mountlake Terrace Fwy Station Bay 7,0.0,7.0
2025-10-24,510,North,25001,91905.0,14:47:00,14:51:47,14:52:35,12,2869,South Everett Fwy Station Bay 6,1.0,21.0
2025-10-24,510,North,25001,91905.0,,15:04:09,15:04:36,13,3219,Broadway & 33rd St,0.0,7.0
2025-10-24,510,North,25001,91905.0,15:04:00,15:06:10,15:06:10,14,2861,Everett Station,0.0,0.0
2025-10-24,510,North,25002,91910.0,14:20:00,14:20:23,14:20:23,0,640,4th Ave S & S Jackson St,1.0,0.0
2025-10-24,510,North,25002,91910.0,,14:22:27,14:22:27,1,635,4th Ave S & S Washington St,0.0,0.0
2025-10-24,510,North,25002,91910.0,,14:24:04,14:24:38,2,2638,4th Ave & Cherry St,5.0,0.0
2025-10-24,510,North,25002,91910.0,,14:25:53,14:26:12,3,641,4th Ave & Seneca St,1.0,0.0
2025-10-24,510,North,25002,91910.0,14:26:00,14:27:55,14:28:36,4,2976,4th Ave & Pine St,2.0,0.0
2025-10-24,510,North,25002,91910.0,,14:30:00,14:30:44,5,473,Olive Way & 6th Ave,6.0,0.0
2025-10-24,510,North,25002,91910.0,14:30:00,14:32:25,14:32:51,6,430,Howell St & 9th Ave,4.0,0.0
2025-10-24,510,North,25002,91910.0,,14:34:17,14:34:50,7,431,Howell St & Yale Ave,3.0,0.0
2025-10-24,510,North,25002,91910.0,14:50:00,14:53:20,14:53:42,11,2766,Mountlake Terrace Fwy Station Bay 7,1.0,4.0
2025-10-24,510,North,25002,91910.0,15:07:00,15:11:26,15:12:09,12,2869,South Everett Fwy Station Bay 6,0.0,19.0
2025-10-24,510,North,25002,91910.0,,15:23:15,15:23:15,13,3219,Broadway & 33rd St,0.0,0.0
2025-10-24,510,North,25002,91910.0,15:24:00,15:24:18,15:24:18,14,2861,Everett Station,0.0,0.0
2025-10-24,510,North,25003,91902.0,14:50:00,14:56:06,14:56:06,0,640,4th Ave S & S Jackson St,3.0,0.0
2025-10-24,510,North,25003,91902.0,,14:57:23,14:57:40,1,635,4th Ave S & S Washington St,1.0,0.0
2025-10-24,510,North,25003,91902.0,,14:59:49,15:00:14,2,2638,4th Ave & Cherry St,3.0,0.0
2025-10-24,510,North,25003,91902.0,,15:03:12,15:04:15,3,641,4th Ave & Seneca St,3.0,0.0
2025-10-24,510,North,25003,91902.0,14:56:00,15:05:14,15:06:24,4,2976,4th Ave & Pine St,7.0,0.0
2025-10-24,510,North,25003,91902.0,,15:07:37,15:08:29,5,473,Olive Way & 6th Ave,6.0,0.0
2025-10-24,510,North,25003,91902.0,15:00:00,15:09:11,15:10:05,6,430,Howell St & 9th Ave,10.0,1.0
2025-10-24,510,North,25003,91902.0,,15:12:02,15:12:41,7,431,Howell St & Yale Ave,3.0,0.0
2025-10-24,510,North,25003,91902.0,15:20:00,15:33:54,15:34:24,11,2766,Mountlake Terrace Fwy Station Bay 7,1.0,12.0
2025-10-24,510,North,25003,91902.0,15:38:00,15:54:32,15:55:13,12,2869,South Everett Fwy Station Bay 6,0.0,23.0
2025-10-24,510,North,25003,91902.0,,16:08:08,16:08:33,13,3219,Broadway & 33rd St,0.0,1.0
2025-10-24,510,North,25003,91902.0,15:57:00,16:09:47,16:09:47,14,2861,Everett Station,0.0,0.0
2025-10-24,510,North,25004,91717.0,15:10:00,15:17:15,15:17:15,0,640,4th Ave S & S Jackson St,7.0,0.0
2025-10-24,510,North,25004,91717.0,,,,1,635,4th Ave S & S Washington St,,
2025-10-24,510,North,25004,91717.0,,15:19:01,15:19:58,2,2638,4th Ave & Cherry St,3.0,0.0
2025-10-24,510,North,25004,91717.0,,15:21:43,15:22:06,3,641,4th Ave & Seneca St,2.0,0.0
2025-10-24,510,North,25004,91717.0,15:16:00,15:23:25,15:24:27,4,2976,4th Ave & Pine St,2.0,0.0
2025-10-24,510,North,25004,91717.0,,15:25:32,15:26:32,5,473,Olive Way & 6th Ave,7.0,0.0
2025-10-24,510,North,25004,91717.0,15:20:00,15:28:05,15:28:55,6,430,Howell St & 9th Ave,3.0,0.0
2025-10-24,510,North,25004,91717.0,,15:32:38,15:33:12,7,431,Howell St & Yale Ave,1.0,0.0
2025-10-24,510,North,25004,91717.0,15:40:00,15:58:25,15:58:48,11,2766,Mountlake Terrace Fwy Station Bay 7,1.0,0.0
2025-10-24,510,North,25004,91717.0,16:00:00,16:20:51,16:21:42,12,2869,South Everett Fwy Station Bay 6,0.0,25.0
2025-10-24,510,North,25004,91717.0,,16:34:24,16:34:51,13,3219,Broadway & 33rd St,0.0,1.0
2025-10-24,510,North,25004,91717.0,16:21:00,16:36:22,16:36:22,14,2861,Everett Station,0.0,0.0
2025-10-24,510,North,25005,91727.0,15:25:00,15:31:40,15:31:40,0,640,4th Ave S & S Jackson St,2.0,0.0
2025-10-24,510,North,25005,91727.0,,15:33:17,15:33:59,1,635,4th Ave S & S Washington St,0.0,0.0
2025-10-24,510,North,25005,91727.0,,15:35:38,15:36:12,2,2638,4th Ave & Cherry St,2.0,0.0
2025-10-24,510,North,25005,91727.0,,15:38:36,15:39:14,3,641,4th Ave & Seneca St,3.0,0.0
2025-10-24,510,North,25005,91727.0,15:31:00,15:41:16,15:41:43,4,2976,4th Ave & Pine St,1.0,0.0
2025-10-24,510,North,25005,91727.0,,15:43:28,15:44:29,5,473,Olive Way & 6th Ave,10.0,0.0
2025-10-24,510,North,25005,91727.0,15:35:00,15:46:13,15:46:45,6,430,Howell St & 9th Ave,2.0,0.0
2025-10-24,510,North,25005,91727.0,,15:49:42,15:50:30,7,431,Howell St & Yale Ave,0.0,0.0
2025-10-24,510,North,25005,91727.0,15:56:00,16:17:43,16:18:13,11,2766,Mountlake Terrace Fwy Station Bay 7,0.0,0.0
2025-10-24,510,North,25005,91727.0,16:16:00,16:41:41,16:43:24,12,2869,South Everett Fwy Station Bay 6,2.0,22.0
2025-10-24,510,North,25005,91727.0,,16:56:18,16:56:36,13,3219,Broadway & 33rd St,0.0,0.0
2025-10-24,510,North,25005,91727.0,16:38:00,16:58:19,16:58:19,14,2861,Everett Station,0.0,0.0
2025-10-24,510,North,25006,91912.0,15:40:00,15:42:52,15:42:52,0,640,4th Ave S & S Jackson St,4.0,0.0
2025-10-24,510,North,25006,91912.0,,15:44:06,15:44:27,1,635,4th Ave S & S Washington St,2.0,0.0
2025-10-24,510,North,25006,91912.0,,15:46:09,15:46:21,2,2638,4th Ave & Cherry St,0.0,0.0
2025-10-24,510,North,25006,91912.0,,15:49:47,15:50:44,3,641,4th Ave & Seneca St,3.0,0.0
2025-10-24,510,North,25006,91912.0,15:46:00,15:51:50,15:52:51,4,2976,4th Ave & Pine St,2.0,0.0
2025-10-24,510,North,25006,91912.0,,15:55:17,15:56:30,5,473,Olive Way & 6th Ave,5.0,0.0
2025-10-24,510,North,25006,91912.0,15:50:00,15:58:11,15:58:41,6,430,Howell St & 9th Ave,3.0,0.0
2025-10-24,510,North,25006,91912.0,,16:02:38,16:03:04,7,431,Howell St & Yale Ave,2.0,0.0
2025-10-24,510,North,25006,91912.0,16:12:00,16:30:06,16:30:32,11,2766,Mountlake Terrace Fwy Station Bay 7,2.0,3.0
2025-10-24,510,North,25006,91912.0,16:35:00,16:53:10,16:53:45,12,2869,South Everett Fwy Station Bay 6,0.0,13.0
2025-10-24,510,North,25006,91912.0,,17:03:58,17:04:11,13,3219,Broadway & 33rd St,0.0,1.0
2025-10-24,510,North,25006,91912.0,16:58:00,17:05:43,17:05:43,14,2861,Everett Station,0.0,6.0
2025-10-24,510,North,25007,91901.0,15:55:00,15:57:52,15:57:52,0,640,4th Ave S & S Jackson St,9.0,0.0
2025-10-24,510,North,25007,91901.0,,15:59:16,15:59:36,1,635,4th Ave S & S Washington St,1.0,0.0
2025-10-24,510,North,25007,91901.0,,16:01:11,16:01:56,2,2638,4th Ave & Cherry St,7.0,0.0
2025-10-24,510,North,25007,91901.0,,16:04:01,16:04:45,3,641,4th Ave & Seneca St,7.0,2.0
2025-10-24,510,North,25007,91901.0,16:01:00,16:06:38,16:07:10,4,2976,4th Ave & Pine St,3.0,0.0
2025-10-24,510,North,25007,91901.0,,16:10:19,16:11:27,5,473,Olive Way & 6th Ave,3.0,0.0
2025-10-24,510,North,25007,91901.0,16:05:00,16:13:09,16:13:40,6,430,Howell St & 9th Ave,5.0,0.0
2025-10-24,510,North,25007,91901.0,,16:17:36,16:18:11,7,431,Howell St & Yale Ave,7.0,0.0
2025-10-24,510,North,25007,91901.0,16:28:00,16:46:56,16:47:29,11,2766,Mountlake Terrace Fwy Station Bay 7,0.0,9.0
2025-10-24,510,North,25007,91901.0,16:51:00,17:10:22,17:11:30,12,2869,South Everett Fwy Station Bay 6,1.0,20.0
2025-10-24,510,North,25007,91901.0,,17:20:21,17:20:39,13,3219,Broadway & 33rd St,0.0,1.0
2025-10-24,510,North,25007,91901.0,17:14:00,17:22:19,17:22:19,14,2861,Everett Station,0.0,11.0
2025-10-24,510,North,25008,9566.0,16:10:00,16:14:06,16:14:06,0,640,4th Ave S & S Jackson St,4.0,0.0
2025-10-24,510,North,25008,9566.0,,16:15:34,16:15:53,1,635,4th Ave S & S Washington St,0.0,0.0
2025-10-24,510,North,25008,9566.0,,16:17:32,16:18:02,2,2638,4th Ave & Cherry St,3.0,1.0
2025-10-24,510,North,25008,9566.0,,16:19:37,16:20:54,3,641,4th Ave & Seneca St,6.0,1.0
2025-10-24,510,North,25008,9566.0,16:16:00,16:22:06,16:22:53,4,2976,4th Ave & Pine St,4.0,0.0
2025-10-24,510,North,25008,9566.0,,16:23:58,16:25:04,5,473,Olive Way & 6th Ave,5.0,0.0
2025-10-24,510,North,25008,9566.0,16:20:00,16:25:46,16:26:17,6,430,Howell St & 9th Ave,3.0,0.0
2025-10-24,510,North,25008,9566.0,,16:29:39,16:29:57,7,431,Howell St & Yale Ave,0.0,0.0
2025-10-24,510,North,25008,9566.0,16:43:00,16:57:46,16:58:07,11,2766,Mountlake Terrace Fwy Station Bay 7,0.0,3.0
2025-10-24,510,North,25008,9566.0,17:06:00,17:20:39,17:21:12,12,2869,South Everett Fwy Station Bay 6,0.0,12.0
2025-10-24,510,North,25008,9566.0,,17:30:01,17:30:16,13,3219,Broadway & 33rd St,0.0,1.0
2025-10-24,510,North,25008,9566.0,17:29:00,17:32:13,17:32:13,14,2861,Everett Station,0.0,7.0
2025-10-24,510,North,25009,,16:25:00,,,0,640,4th Ave S & S Jackson St,,
2025-10-24,510,North,25009,,,,,1,635,4th Ave S & S Washington St,,
2025-10-24,510,North,25009,,,,,2,2638,4th Ave & Cherry St,,
2025-10-24,510,North,25009,,,,,3,641,4th Ave & Seneca St,,
2025-10-24,510,North,25009,,16:31:00,,,4,2976,4th Ave & Pine St,,
2025-10-24,510,North,25009,,,,,5,473,Olive Way & 6th Ave,,
2025-10-24,510,North,25009,,16:35:00,,,6,430,Howell St & 9th Ave,,
2025-10-24,510,North,25009,,,,,7,431,Howell St & Yale Ave,,
2025-10-24,510,North,25009,,16:58:00,,,11,2766,Mountlake Terrace Fwy Station Bay 7,,
2025-10-24,510,North,25009,,17:21:00,,,12,2869,South Everett Fwy Station Bay 6,,
2025-10-24,510,North,25009,,,,,13,3219,Broadway & 33rd St,,
2025-10-24,510,North,25009,,17:44:00,,,14,2861,Everett Station,,
2025-10-24,510,North,25010,19810.0,16:40:00,16:41:30,16:41:30,0,640,4th Ave S & S Jackson St,1.0,0.0
2025-10-24,510,North,25010,19810.0,,16:42:31,16:42:46,1,635,4th Ave S & S Washington St,1.0,0.0
2025-10-24,510,North,25010,19810.0,,16:44:27,16:44:49,2,2638,4th Ave & Cherry St,3.0,0.0
2025-10-24,510,North,25010,19810.0,,16:46:48,16:47:44,3,641,4th Ave & Seneca St,4.0,0.0
2025-10-24,510,North,25010,19810.0,16:46:00,16:49:02,16:49:25,4,2976,4th Ave & Pine St,5.0,0.0
2025-10-24,510,North,25010,19810.0,,16:50:50,16:52:02,5,473,Olive Way & 6th Ave,3.0,0.0
2025-10-24,510,North,25010,19810.0,16:50:00,16:53:33,16:53:49,6,430,Howell St & 9th Ave,3.0,0.0
2025-10-24,510,North,25010,19810.0,,16:56:54,16:57:06,7,431,Howell St & Yale Ave,1.0,0.0
2025-10-24,510,North,25010,19810.0,17:13:00,17:26:24,17:26:41,11,2766,Mountlake Terrace Fwy Station Bay 7,1.0,1.0
2025-10-24,510,North,25010,19810.0,17:36:00,17:48:25,17:50:19,12,2869,South Everett Fwy Station Bay 6,0.0,16.0
2025-10-24,510,North,25010,19810.0,,17:58:36,17:58:36,13,3219,Broadway & 33rd St,0.0,0.0
2025-10-24,510,North,25010,19810.0,17:59:00,17:59:38,17:59:38,14,2861,Everett Station,0.0,5.0
2025-10-24,510,North,25011,91716.0,16:55:00,16:56:50,16:56:50,0,640,4th Ave S & S Jackson St,6.0,0.0
2025-10-24,510,North,25011,91716.0,,16:57:28,16:57:49,1,635,4th Ave S & S Washington St,2.0,0.0
2025-10-24,510,North,25011,91716.0,,16:59:19,16:59:52,2,2638,4th Ave & Cherry St,3.0,0.0
2025-10-24,510,North,25011,91716.0,,17:01:23,17:01:46,3,641,4th Ave & Seneca St,2.0,0.0
2025-10-24,510,North,25011,91716.0,17:01:00,17:02:45,17:03:50,4,2976,4th Ave & Pine St,4.0,0.0
2025-10-24,510,North,25011,91716.0,,17:04:48,17:05:29,5,473,Olive Way & 6th Ave,5.0,0.0
2025-10-24,510,North,25011,91716.0,17:05:00,17:07:10,17:08:40,6,430,Howell St & 9th Ave,11.0,0.0
2025-10-24,510,North,25011,91716.0,,17:11:37,17:12:08,7,431,Howell St & Yale Ave,3.0,0.0
2025-10-24,510,North,25011,91716.0,17:27:00,17:41:45,17:42:33,11,2766,Mountlake Terrace Fwy Station Bay 7,0.0,12.0
2025-10-24,510,North,25011,91716.0,17:50:00,18:02:57,18:03:43,12,2869,South Everett Fwy Station Bay 6,0.0,14.0
2025-10-24,510,North,25011,91716.0,,18:11:25,18:11:25,13,3219,Broadway & 33rd St,0.0,0.0
2025-10-24,510,North,25011,91716.0,18:09:00,18:12:28,18:12:28,14,2861,Everett Station,0.0,10.0
2025-10-24,510,North,25012,91730.0,17:10:00,17:11:55,17:11:55,0,640,4th Ave S & S Jackson St,1.0,0.0
2025-10-24,510,North,25012,91730.0,,17:12:42,17:12:42,1,635,4th Ave S & S Washington St,0.0,0.0
2025-10-24,510,North,25012,91730.0,,17:14:27,17:14:52,2,2638,4th Ave & Cherry St,4.0,0.0
2025-10-24,510,North,25012,91730.0,,17:16:51,17:17:51,3,641,4th Ave & Seneca St,6.0,0.0
2025-10-24,510,North,25012,91730.0,17:16:00,17:19:16,17:19:54,4,2976,4th Ave & Pine St,3.0,0.0
2025-10-24,510,North,25012,91730.0,,17:22:21,17:23:32,5,473,Olive Way & 6th Ave,7.0,0.0
2025-10-24,510,North,25012,91730.0,17:20:00,17:24:20,17:24:48,6,430,Howell St & 9th Ave,4.0,0.0
2025-10-24,510,North,25012,91730.0,,17:28:14,17:28:45,7,431,Howell St & Yale Ave,1.0,0.0
2025-10-24,510,North,25012,91730.0,17:42:00,17:56:09,17:56:36,11,2766,Mountlake Terrace Fwy Station Bay 7,0.0,5.0
2025-10-24,510,North,25012,91730.0,18:05:00,18:17:01,18:17:37,12,2869,South Everett Fwy Station Bay 6,0.0,13.0
2025-10-24,510,North,25012,91730.0,,18:26:32,18:26:32,13,3219,Broadway & 33rd St,0.0,0.0
2025-10-24,510,North,25012,91730.0,18:21:00,18:27:59,18:27:59,14,2861,Everett Station,0.0,8.0
2025-10-24,510,North,25013,91719.0,17:25:00,17:26:56,17:26:56,0,640,4th Ave S & S Jackson St,3.0,0.0
2025-10-24,510,North,25013,91719.0,,17:27:53,17:27:53,1,635,4th Ave S & S Washington St,0.0,0.0
2025-10-24,510,North,25013,91719.0,,17:29:25,17:30:07,2,2638,4th Ave & Cherry St,4.0,0.0
2025-10-24,510,North,25013,91719.0,,17:31:30,17:32:43,3,641,4th Ave & Seneca St,5.0,0.0
2025-10-24,510,North,25013,91719.0,17:31:00,17:34:12,17:34:53,4,2976,4th Ave & Pine St,5.0,0.0
2025-10-24,510,North,25013,91719.0,,17:35:51,17:37:02,5,473,Olive Way & 6th Ave,5.0,0.0
2025-10-24,510,North,25013,91719.0,17:35:00,17:38:31,17:38:59,6,430,Howell St & 9th Ave,4.0,0.0
2025-10-24,510,North,25013,91719.0,,17:41:38,17:41:51,7,431,Howell St & Yale Ave,0.0,0.0
2025-10-24,510,North,25013,91719.0,17:56:00,18:06:44,18:07:27,11,2766,Mountlake Terrace Fwy Station Bay 7,0.0,7.0
2025-10-24,510,North,25013,91719.0,18:18:00,18:29:02,18:29:33,12,2869,South Everett Fwy Station Bay 6,0.0,9.0
2025-10-24,510,North,25013,91719.0,,18:38:00,18:38:26,13,3219,Broadway & 33rd St,0.0,1.0
2025-10-24,510,North,25013,91719.0,18:33:00,18:40:22,18:40:22,14,2861,Everett Station,0.0,9.0
2025-10-24,510,North,25014,91907.0,17:45:00,17:48:39,17:48:39,0,640,4th Ave S & S Jackson St,1.0,0.0
2025-10-24,510,North,25014,91907.0,,17:49:57,17:50:05,1,635,4th Ave S & S Washington St,0.0,0.0
2025-10-24,510,North,25014,91907.0,,17:51:00,17:51:25,2,2638,4th Ave & Cherry St,3.0,0.0
2025-10-24,510,North,25014,91907.0,,17:54:02,17:55:14,3,641,4th Ave & Seneca St,5.0,0.0
2025-10-24,510,North,25014,91907.0,17:51:00,17:56:24,17:57:18,4,2976,4th Ave & Pine St,5.0,0.0
2025-10-24,510,North,25014,91907.0,,17:58:18,17:59:31,5,473,Olive Way & 6th Ave,4.0,0.0
2025-10-24,510,North,25014,91907.0,17:55:00,18:00:10,18:01:01,6,430,Howell St & 9th Ave,1.0,1.0
2025-10-24,510,North,25014,91907.0,,18:02:56,18:03:29,7,431,Howell St & Yale Ave,2.0,0.0
2025-10-24,510,North,25014,91907.0,18:13:00,18:23:18,18:23:45,11,2766,Mountlake Terrace Fwy Station Bay 7,1.0,4.0
2025-10-24,510,North,25014,91907.0,18:32:00,18:41:46,18:42:23,12,2869,South Everett Fwy Station Bay 6,0.0,15.0
2025-10-24,510,North,25014,91907.0,,18:49:56,18:50:10,13,3219,Broadway & 33rd St,0.0,2.0
2025-10-24,510,North,25014,91907.0,18:43:00,18:51:16,18:51:16,14,2861,Everett Station,0.0,0.0
2025-10-24,510,North,25015,91726.0,18:05:00,18:05:28,18:05:28,0,640,4th Ave S & S Jackson St,0.0,0.0
2025-10-24,510,North,25015,91726.0,,18:06:36,18:06:56,1,635,4th Ave S & S Washington St,0.0,0.0
2025-10-24,510,North,25015,91726.0,,18:08:32,18:08:53,2,2638,4th Ave & Cherry St,1.0,0.0
2025-10-24,510,North,25015,91726.0,,18:10:47,18:11:48,3,641,4th Ave & Seneca St,2.0,0.0
2025-10-24,510,North,25015,91726.0,18:11:00,18:13:53,18:14:19,4,2976,4th Ave & Pine St,3.0,0.0
2025-10-24,510,North,25015,91726.0,,18:16:21,18:17:33,5,473,Olive Way & 6th Ave,6.0,0.0
2025-10-24,510,North,25015,91726.0,18:14:00,18:19:17,18:19:52,6,430,Howell St & 9th Ave,2.0,0.0
2025-10-24,510,North,25015,91726.0,,18:23:40,18:24:08,7,431,Howell St & Yale Ave,1.0,1.0
2025-10-24,510,North,25015,91726.0,18:32:00,18:42:26,18:43:10,11,2766,Mountlake Terrace Fwy Station Bay 7,2.0,4.0
2025-10-24,510,North,25015,91726.0,18:48:00,19:00:36,19:01:18,12,2869,South Everett Fwy Station Bay 6,0.0,10.0
2025-10-24,510,North,25015,91726.0,,19:09:40,19:10:02,13,3219,Broadway & 33rd St,0.0,2.0
2025-10-24,510,North,25015,91726.0,18:59:00,19:11:19,19:11:19,14,2861,Everett Station,0.0,0.0
2025-10-24,510,North,25016,91711.0,18:30:00,18:35:08,18:35:08,0,640,4th Ave S & S Jackson St,0.0,0.0
2025-10-24,510,North,25016,91711.0,,,,1,635,4th Ave S & S Washington St,,
2025-10-24,510,North,25016,91711.0,,18:36:53,18:37:07,2,2638,4th Ave & Cherry St,0.0,0.0
2025-10-24,510,North,25016,91711.0,,18:38:59,18:39:16,3,641,4th Ave & Seneca St,1.0,0.0
2025-10-24,510,North,25016,91711.0,18:36:00,18:40:58,18:41:07,4,2976,4th Ave & Pine St,0.0,0.0
2025-10-24,510,North,25016,91711.0,,18:43:22,18:44:31,5,473,Olive Way & 6th Ave,3.0,0.0
2025-10-24,510,North,25016,91711.0,18:39:00,18:45:10,18:45:31,6,430,Howell St & 9th Ave,1.0,0.0
2025-10-24,510,North,25016,91711.0,,18:49:12,18:49:26,7,431,Howell St & Yale Ave,0.0,0.0
2025-10-24,510,North,25016,91711.0,18:57:00,19:03:05,19:03:18,11,2766,Mountlake Terrace Fwy Station Bay 7,0.0,0.0
2025-10-24,510,North,25016,91711.0,19:12:00,19:16:06,19:16:33,12,2869,South Everett Fwy Station Bay 6,0.0,3.0
2025-10-24,510,North,25016,91711.0,,19:23:43,19:23:55,13,3219,Broadway & 33rd St,0.0,0.0
2025-10-24,510,North,25016,91711.0,19:22:00,19:25:12,19:25:12,14,2861,Everett Station,1.0,3.0
2025-10-24,510,South,25017,91702.0,04:05:00,04:05:06,04:05:06,0,2986,Hewitt Ave & Fulton St,3.0,0.0
2025-10-24,510,South,25017,91702.0,,04:06:03,04:06:03,1,2440,Hewitt Ave & Lombard Ave,0.0,0.0
2025-10-24,510,South,25017,91702.0,,04:07:45,04:07:59,2,2355,Wetmore Ave & Wall St,1.0,0.0
2025-10-24,510,South,25017,91702.0,,04:09:01,04:09:01,3,2359,Pacific Ave & Rockefeller Ave,0.0,0.0
2025-10-24,510,South,25017,91702.0,04:11:00,04:11:15,04:11:41,4,2345,Everett Station Bay C1,4.0,0.0
2025-10-24,510,South,25017,91702.0,,04:13:14,04:13:14,5,2367,Broadway & 34th St,0.0,0.0
2025-10-24,510,South,25017,91702.0,04:20:00,04:20:16,04:20:44,6,2868,South Everett Fwy Station Bay 3,5.0,0.0
2025-10-24,510,South,25017,91702.0,04:31:00,04:31:12,04:31:25,7,2765,Mountlake Terrace Fwy Station Bay 6,1.0,0.0
2025-10-24,510,South,25017,91702.0,04:48:00,04:45:32,04:46:03,11,1909,Stewart St & 9th Ave,0.0,1.0
2025-10-24,510,South,25017,91702.0,,04:46:58,04:46:58,12,1908,Stewart St & 7th Ave,0.0,0.0
2025-10-24,510,South,25017,91702.0,04:52:00,04:48:35,04:49:21,13,2698,5th Ave & Pine St,0.0,4.0
2025-10-24,510,South,25017,91702.0,,04:50:24,04:50:51,14,2700,5th Ave & Seneca St,0.0,3.0
2025-10-24,510,South,25017,91702.0,,04:51:35,04:51:53,15,2702,5th Ave & Marion St,0.0,3.0
2025-10-24,510,South,25017,91702.0,,04:53:30,04:53:30,16,2290,5th Ave & Jefferson St,0.0,0.0
2025-10-24,510,South,25017,91702.0,05:00:00,04:55:33,04:55:33,17,2706,5th Ave S & S Jackson St,0.0,3.0
2025-10-24,510,South,25018,91718.0,04:40:00,04:40:17,04:40:17,0,2986,Hewitt Ave & Fulton St,2.0,0.0
2025-10-24,510,South,25018,91718.0,,04:41:26,04:41:26,1,2440,Hewitt Ave & Lombard Ave,0.0,0.0
2025-10-24,510,South,25018,91718.0,,04:42:57,04:42:57,2,2355,Wetmore Ave & Wall St,0.0,0.0
2025-10-24,510,South,25018,91718.0,,04:43:29,04:43:29,3,2359,Pacific Ave & Rockefeller Ave,0.0,0.0
2025-10-24,510,South,25018,91718.0,04:46:00,04:45:23,04:46:25,4,2345,Everett Station Bay C1,11.0,0.0
2025-10-24,510,South,25018,91718.0,,04:47:37,04:47:37,5,2367,Broadway & 34th St,0.0,0.0
2025-10-24,510,South,25018,91718.0,04:57:00,04:54:59,04:58:31,6,2868,South Everett Fwy Station Bay 3,18.0,3.0
2025-10-24,510,South,25018,91718.0,05:08:00,05:08:19,05:08:44,7,2765,Mountlake Terrace Fwy Station Bay 6,3.0,0.0
2025-10-24,510,South,25018,91718.0,05:26:00,05:21:32,05:22:01,11,1909,Stewart St & 9th Ave,0.0,5.0
2025-10-24,510,South,25018,91718.0,,05:23:02,05:23:20,12,1908,Stewart St & 7th Ave,0.0,3.0
2025-10-24,510,South,25018,91718.0,05:30:00,05:24:28,05:25:18,13,2698,5th Ave & Pine St,0.0,2.0
2025-10-24,510,South,25018,91718.0,,05:26:08,05:26:40,14,2700,5th Ave & Seneca St,0.0,7.0
2025-10-24,510,South,25018,91718.0,,05:27:29,05:28:25,15,2702,5th Ave & Marion St,0.0,4.0
2025-10-24,510,South,25018,91718.0,,05:29:45,05:30:05,16,2290,5th Ave & Jefferson St,0.0,2.0
2025-10-24,510,South,25018,91718.0,05:38:00,05:31:44,05:31:44,17,2706,5th Ave S & S Jackson St,1.0,9.0
2025-10-24,510,South,25019,91716.0,05:10:00,05:10:09,05:10:09,0,2345,Everett Station Bay C1,7.0,0.0
2025-10-24,510,South,25019,91716.0,,05:12:10,05:12:32,1,2367,Broadway & 34th St,2.0,0.0
2025-10-24,510,South,25019,91716.0,05:20:00,05:19:49,05:20:49,2,2868,South Everett Fwy Station Bay 3,8.0,0.0
2025-10-24,510,South,25019,91716.0,05:31:00,05:31:06,05:31:33,3,2765,Mountlake Terrace Fwy Station Bay 6,2.0,1.0
2025-10-24,510,South,25019,91716.0,05:49:00,05:45:14,05:45:32,7,1909,Stewart St & 9th Ave,0.0,2.0
2025-10-24,510,South,25019,91716.0,,05:46:06,05:46:29,8,1908,Stewart St & 7th Ave,0.0,0.0
2025-10-24,510,South,25019,91716.0,05:54:00,05:47:32,05:48:20,9,2698,5th Ave & Pine St,0.0,4.0
2025-10-24,510,South,25019,91716.0,,05:49:22,05:49:52,10,2700,5th Ave & Seneca St,0.0,2.0
2025-10-24,510,South,25019,91716.0,,05:50:36,05:51:08,11,2702,5th Ave & Marion St,0.0,5.0
2025-10-24,510,South,25019,91716.0,,05:52:05,05:52:23,12,2290,5th Ave & Jefferson St,0.0,5.0
2025-10-24,510,South,25019,91716.0,06:03:00,05:55:01,05:55:01,13,2706,5th Ave S & S Jackson St,0.0,0.0
2025-10-24,510,South,25020,91725.0,05:40:00,05:40:11,05:40:11,0,2345,Everett Station Bay C1,20.0,0.0
2025-10-24,510,South,25020,91725.0,,05:42:04,05:42:32,1,2367,Broadway & 34th St,1.0,0.0
2025-10-24,510,South,25020,91725.0,05:50:00,05:49:23,05:50:10,2,2868,South Everett Fwy Station Bay 3,11.0,0.0
2025-10-24,510,South,25020,91725.0,06:01:00,06:00:09,06:00:38,3,2765,Mountlake Terrace Fwy Station Bay 6,6.0,0.0
2025-10-24,510,South,25020,91725.0,06:22:00,06:13:22,06:14:11,7,1909,Stewart St & 9th Ave,0.0,6.0
2025-10-24,510,South,25020,91725.0,,06:15:08,06:15:34,8,1908,Stewart St & 7th Ave,0.0,5.0
2025-10-24,510,South,25020,91725.0,06:28:00,06:16:49,06:18:03,9,2698,5th Ave & Pine St,0.0,1.0
2025-10-24,510,South,25020,91725.0,,06:19:00,06:19:32,10,2700,5th Ave & Seneca St,0.0,12.0
2025-10-24,510,South,25020,91725.0,,06:20:28,06:21:15,11,2702,5th Ave & Marion St,0.0,5.0
2025-10-24,510,South,25020,91725.0,,06:22:26,06:23:27,12,2290,5th Ave & Jefferson St,0.0,9.0
2025-10-24,510,South,25020,91725.0,06:38:00,06:25:56,06:25:56,13,2706,5th Ave S & S Jackson St,0.0,0.0
2025-10-24,510,South,25021,91702.0,05:52:00,05:52:07,05:52:07,0,2345,Everett Station Bay C1,10.0,0.0
2025-10-24,510,South,25021,91702.0,,05:53:53,05:53:53,1,2367,Broadway & 34th St,0.0,0.0
2025-10-24,510,South,25021,91702.0,06:02:00,06:01:07,06:01:45,2,2868,South Everett Fwy Station Bay 3,7.0,0.0
2025-10-24,510,South,25021,91702.0,06:14:00,06:12:23,06:13:01,3,2765,Mountlake Terrace Fwy Station Bay 6,5.0,0.0
2025-10-24,510,South,25021,91702.0,06:35:00,06:27:57,06:28:11,7,1909,Stewart St & 9th Ave,1.0,3.0
2025-10-24,510,South,25021,91702.0,,06:28:45,06:29:04,8,1908,Stewart St & 7th Ave,0.0,4.0
2025-10-24,510,South,25021,91702.0,06:41:00,06:30:27,06:31:31,9,2698,5th Ave & Pine St,0.0,3.0
2025-10-24,510,South,25021,91702.0,,06:32:35,06:33:16,10,2700,5th Ave & Seneca St,0.0,5.0
2025-10-24,510,South,25021,91702.0,,06:34:00,06:34:46,11,2702,5th Ave & Marion St,0.0,2.0
2025-10-24,510,South,25021,91702.0,,06:36:03,06:36:27,12,2290,5th Ave & Jefferson St,0.0,6.0
2025-10-24,510,South,25021,91702.0,06:51:00,06:38:51,06:38:51,13,2706,5th Ave S & S Jackson St,0.0,0.0
2025-10-24,510,South,25022,91728.0,06:04:00,06:04:28,06:04:28,0,2345,Everett Station Bay C1,8.0,0.0
2025-10-24,510,South,25022,91728.0,,06:06:11,06:06:27,1,2367,Broadway & 34th St,2.0,0.0
2025-10-24,510,South,25022,91728.0,06:14:00,06:13:41,06:14:57,2,2868,South Everett Fwy Station Bay 3,24.0,0.0
2025-10-24,510,South,25022,91728.0,06:26:00,06:25:23,06:26:19,3,2765,Mountlake Terrace Fwy Station Bay 6,3.0,1.0
2025-10-24,510,South,25022,91728.0,06:48:00,06:40:48,06:41:21,7,1909,Stewart St & 9th Ave,0.0,5.0
2025-10-24,510,South,25022,91728.0,,06:42:11,06:42:44,8,1908,Stewart St & 7th Ave,0.0,10.0
2025-10-24,510,South,25022,91728.0,06:54:00,06:43:50,06:45:03,9,2698,5th Ave & Pine St,0.0,5.0
2025-10-24,510,South,25022,91728.0,,06:45:58,06:46:26,10,2700,5th Ave & Seneca St,0.0,3.0
2025-10-24,510,South,25022,91728.0,,06:47:50,06:48:35,11,2702,5th Ave & Marion St,1.0,6.0
2025-10-24,510,South,25022,91728.0,,06:49:29,06:49:52,12,2290,5th Ave & Jefferson St,0.0,5.0
2025-10-24,510,South,25022,91728.0,07:04:00,06:52:21,06:52:21,13,2706,5th Ave S & S Jackson St,0.0,3.0
2025-10-24,510,South,25023,91714.0,06:16:00,06:16:55,06:16:55,0,2345,Everett Station Bay C1,10.0,0.0
2025-10-24,510,South,25023,91714.0,,06:18:33,06:18:33,1,2367,Broadway & 34th St,0.0,0.0
2025-10-24,510,South,25023,91714.0,06:26:00,06:25:35,06:26:41,2,2868,South Everett Fwy Station Bay 3,16.0,0.0
2025-10-24,510,South,25023,91714.0,06:38:00,06:37:10,06:37:32,3,2765,Mountlake Terrace Fwy Station Bay 6,2.0,0.0
2025-10-24,510,South,25023,91714.0,07:00:00,06:51:57,06:52:19,7,1909,Stewart St & 9th Ave,0.0,4.0
2025-10-24,510,South,25023,91714.0,,06:52:50,06:53:21,8,1908,Stewart St & 7th Ave,0.0,4.0
2025-10-24,510,South,25023,91714.0,07:06:00,06:54:18,06:54:35,9,2698,5th Ave & Pine St,0.0,2.0
2025-10-24,510,South,25023,91714.0,,06:56:08,06:56:36,10,2700,5th Ave & Seneca St,0.0,7.0
2025-10-24,510,South,25023,91714.0,,06:58:01,06:58:44,11,2702,5th Ave & Marion St,0.0,8.0
2025-10-24,510,South,25023,91714.0,,06:59:54,07:00:15,12,2290,5th Ave & Jefferson St,0.0,3.0
2025-10-24,510,South,25023,91714.0,07:17:00,07:02:15,07:02:15,13,2706,5th Ave S & S Jackson St,0.0,0.0
2025-10-24,510,South,25024,91905.0,06:28:00,06:28:40,06:28:40,0,2345,Everett Station Bay C1,11.0,0.0
2025-10-24,510,South,25024,91905.0,,06:31:58,06:32:24,1,2367,Broadway & 34th St,3.0,0.0
2025-10-24,510,South,25024,91905.0,06:38:00,06:39:48,06:41:10,2,2868,South Everett Fwy Station Bay 3,17.0,0.0
2025-10-24,510,South,25024,91905.0,06:50:00,06:51:49,06:52:06,3,2765,Mountlake Terrace Fwy Station Bay 6,1.0,0.0
2025-10-24,510,South,25024,91905.0,07:13:00,07:06:56,07:07:23,7,1909,Stewart St & 9th Ave,0.0,6.0
2025-10-24,510,South,25024,91905.0,,07:07:54,07:08:24,8,1908,Stewart St & 7th Ave,0.0,9.0
2025-10-24,510,South,25024,91905.0,07:19:00,07:10:49,07:12:02,9,2698,5th Ave & Pine St,0.0,3.0
2025-10-24,510,South,25024,91905.0,,07:13:56,07:14:18,10,2700,5th Ave & Seneca St,0.0,3.0
2025-10-24,510,South,25024,91905.0,,07:15:55,07:16:44,11,2702,5th Ave & Marion St,0.0,4.0
2025-10-24,510,South,25024,91905.0,,07:17:54,07:18:19,12,2290,5th Ave & Jefferson St,0.0,4.0
2025-10-24,510,South,25024,91905.0,07:30:00,07:20:33,07:20:33,13,2706,5th Ave S & S Jackson St,0.0,3.0
2025-10-24,510,South,25025,91701.0,06:40:00,06:43:58,06:43:58,0,2345,Everett Station Bay C1,3.0,0.0
2025-10-24,510,South,25025,91701.0,,,,1,2367,Broadway & 34th St,,
2025-10-24,510,South,25025,91701.0,06:50:00,06:51:40,06:53:19,2,2868,South Everett Fwy Station Bay 3,16.0,0.0
2025-10-24,510,South,25025,91701.0,07:03:00,07:04:35,07:05:16,3,2765,Mountlake Terrace Fwy Station Bay 6,0.0,1.0
2025-10-24,510,South,25025,91701.0,07:28:00,07:21:18,07:22:01,7,1909,Stewart St & 9th Ave,0.0,4.0
2025-10-24,510,South,25025,91701.0,,07:22:40,07:23:22,8,1908,Stewart St & 7th Ave,0.0,3.0
2025-10-24,510,South,25025,91701.0,07:34:00,07:25:53,07:27:06,9,2698,5th Ave & Pine St,0.0,5.0
2025-10-24,510,South,25025,91701.0,,07:29:01,07:29:34,10,2700,5th Ave & Seneca St,1.0,3.0
2025-10-24,510,South,25025,91701.0,,07:31:07,07:31:50,11,2702,5th Ave & Marion St,0.0,2.0
2025-10-24,510,South,25025,91701.0,,07:33:04,07:33:34,12,2290,5th Ave & Jefferson St,0.0,1.0
2025-10-24,510,South,25025,91701.0,07:47:00,07:35:48,07:35:48,13,2706,5th Ave S & S Jackson St,0.0,1.0
2025-10-24,510,South,25026,91504.0,06:52:00,06:52:46,06:52:46,0,2345,Everett Station Bay C1,7.0,0.0
2025-10-24,510,South,25026,91504.0,,06:55:23,06:55:54,1,2367,Broadway & 34th St,3.0,0.0
2025-10-24,510,South,25026,91504.0,07:02:00,07:03:26,07:04:16,2,2868,South Everett Fwy Station Bay 3,15.0,0.0
2025-10-24,510,South,25026,91504.0,07:15:00,07:15:35,07:16:02,3,2765,Mountlake Terrace Fwy Station Bay 6,3.0,0.0
2025-10-24,510,South,25026,91504.0,07:40:00,07:32:35,07:33:21,7,1909,Stewart St & 9th Ave,2.0,6.0
2025-10-24,510,South,25026,91504.0,,07:34:43,07:35:14,8,1908,Stewart St & 7th Ave,0.0,5.0
2025-10-24,510,South,25026,91504.0,07:46:00,07:37:53,07:39:04,9,2698,5th Ave & Pine St,0.0,3.0
2025-10-24,510,South,25026,91504.0,,07:41:13,07:41:39,10,2700,5th Ave & Seneca St,1.0,7.0
2025-10-24,510,South,25026,91504.0,,07:43:08,07:43:45,11,2702,5th Ave & Marion St,0.0,4.0
2025-10-24,510,South,25026,91504.0,,07:46:01,07:46:25,12,2290,5th Ave & Jefferson St,0.0,4.0
2025-10-24,510,South,25026,91504.0,07:59:00,07:49:02,07:49:02,13,2706,5th Ave S & S Jackson St,0.0,2.0
2025-10-24,510,South,25027,19854.0,07:04:00,07:05:45,07:05:45,0,2345,Everett Station Bay C1,6.0,0.0
2025-10-24,510,South,25027,19854.0,,07:08:54,07:09:11,1,2367,Broadway & 34th St,0.0,0.0
2025-10-24,510,South,25027,19854.0,07:14:00,07:17:53,07:18:47,2,2868,South Everett Fwy Station Bay 3,7.0,0.0
2025-10-24,510,South,25027,19854.0,07:28:00,07:31:46,07:32:26,3,2765,Mountlake Terrace Fwy Station Bay 6,4.0,0.0
2025-10-24,510,South,25027,19854.0,07:59:00,07:52:34,07:53:02,7,1909,Stewart St & 9th Ave,0.0,5.0
2025-10-24,510,South,25027,19854.0,,07:54:14,07:54:38,8,1908,Stewart St & 7th Ave,0.0,2.0
2025-10-24,510,South,25027,19854.0,08:05:00,07:56:06,07:57:08,9,2698,5th Ave & Pine St,0.0,5.0
2025-10-24,510,South,25027,19854.0,,07:59:20,07:59:51,10,2700,5th Ave & Seneca St,0.0,0.0
2025-10-24,510,South,25027,19854.0,,08:01:15,08:02:13,11,2702,5th Ave & Marion St,0.0,5.0
2025-10-24,510,South,25027,19854.0,,08:04:09,08:04:25,12,2290,5th Ave & Jefferson St,0.0,0.0
2025-10-24,510,South,25027,19854.0,08:20:00,08:07:31,08:07:31,13,2706,5th Ave S & S Jackson St,0.0,0.0
2025-10-24,510,South,25028,91730.0,07:16:00,07:16:21,07:16:21,0,2345,Everett Station Bay C1,3.0,0.0
2025-10-24,510,South,25028,91730.0,,07:18:47,07:18:47,1,2367,Broadway & 34th St,0.0,0.0
2025-10-24,510,South,25028,91730.0,07:26:00,07:25:31,07:26:13,2,2868,South Everett Fwy Station Bay 3,10.0,0.0
2025-10-24,510,South,25028,91730.0,07:40:00,07:37:52,07:38:27,3,2765,Mountlake Terrace Fwy Station Bay 6,6.0,1.0
2025-10-24,510,South,25028,91730.0,08:11:00,07:58:28,07:59:18,7,1909,Stewart St & 9th Ave,1.0,11.0
2025-10-24,510,South,25028,91730.0,,08:00:12,08:00:41,8,1908,Stewart St & 7th Ave,0.0,2.0
2025-10-24,510,South,25028,91730.0,08:17:00,08:02:00,08:03:06,9,2698,5th Ave & Pine St,0.0,3.0
2025-10-24,510,South,25028,91730.0,,08:05:02,08:05:28,10,2700,5th Ave & Seneca St,0.0,1.0
2025-10-24,510,South,25028,91730.0,,08:07:01,08:07:15,11,2702,5th Ave & Marion St,0.0,1.0
2025-10-24,510,South,25028,91730.0,,08:10:07,08:10:20,12,2290,5th Ave & Jefferson St,0.0,1.0
2025-10-24,510,South,25028,91730.0,08:34:00,08:12:31,08:12:31,13,2706,5th Ave S & S Jackson St,0.0,0.0
2025-10-24,510,South,25029,91903.0,07:28:00,07:29:30,07:29:30,0,2345,Everett Station Bay C1,12.0,0.0
2025-10-24,510,South,25029,91903.0,,07:32:04,07:32:18,1,2367,Broadway & 34th St,1.0,0.0
2025-10-24,510,South,25029,91903.0,07:38:00,07:40:04,07:41:02,2,2868,South Everett Fwy Station Bay 3,12.0,0.0
2025-10-24,510,South,25029,91903.0,07:52:00,07:52:35,07:53:20,3,2765,Mountlake Terrace Fwy Station Bay 6,1.0,1.0
2025-10-24,510,South,25029,91903.0,08:23:00,08:15:15,08:15:42,7,1909,Stewart St & 9th Ave,0.0,8.0
2025-10-24,510,South,25029,91903.0,,08:16:38,08:17:08,8,1908,Stewart St & 7th Ave,0.0,4.0
2025-10-24,510,South,25029,91903.0,08:29:00,08:19:48,08:21:05,9,2698,5th Ave & Pine St,0.0,4.0
2025-10-24,510,South,25029,91903.0,,08:23:18,08:23:34,10,2700,5th Ave & Seneca St,0.0,2.0
2025-10-24,510,South,25029,91903.0,,08:25:03,08:25:47,11,2702,5th Ave & Marion St,0.0,7.0
2025-10-24,510,South,25029,91903.0,,08:32:32,08:32:45,12,2290,5th Ave & Jefferson St,0.0,0.0
2025-10-24,510,South,25029,91903.0,08:47:00,08:34:38,08:34:38,13,2706,5th Ave S & S Jackson St,0.0,0.0
2025-10-24,510,South,25030,91907.0,07:43:00,07:43:01,07:43:01,0,2345,Everett Station Bay C1,8.0,0.0
2025-10-24,510,South,25030,91907.0,,07:45:10,07:45:10,1,2367,Broadway & 34th St,0.0,0.0
2025-10-24,510,South,25030,91907.0,07:53:00,07:53:02,07:53:56,2,2868,South Everett Fwy Station Bay 3,17.0,0.0
2025-10-24,510,South,25030,91907.0,08:07:00,08:04:38,08:04:53,3,2765,Mountlake Terrace Fwy Station Bay 6,1.0,0.0
2025-10-24,510,South,25030,91907.0,08:38:00,08:20:23,08:20:54,7,1909,Stewart St & 9th Ave,0.0,14.0
2025-10-24,510,South,25030,91907.0,,08:21:17,08:21:36,8,1908,Stewart St & 7th Ave,0.0,5.0
2025-10-24,510,South,25030,91907.0,08:44:00,08:22:56,08:24:05,9,2698,5th Ave & Pine St,0.0,1.0
2025-10-24,510,South,25030,91907.0,,08:25:00,08:25:21,10,2700,5th Ave & Seneca St,0.0,3.0
2025-10-24,510,South,25030,91907.0,,08:26:50,08:27:15,11,2702,5th Ave & Marion St,0.0,2.0
2025-10-24,510,South,25030,91907.0,,08:32:32,08:32:32,12,2290,5th Ave & Jefferson St,0.0,0.0
2025-10-24,510,South,25030,91907.0,09:02:00,08:33:59,08:33:59,13,2706,5th Ave S & S Jackson St,0.0,1.0
2025-10-24,510,South,25031,91708.0,07:58:00,07:58:07,07:58:07,0,2345,Everett Station Bay C1,11.0,0.0
2025-10-24,510,South,25031,91708.0,,08:00:15,08:00:15,1,2367,Broadway & 34th St,0.0,0.0
2025-10-24,510,South,25031,91708.0,08:08:00,08:07:24,08:08:08,2,2868,South Everett Fwy Station Bay 3,11.0,0.0
2025-10-24,510,South,25031,91708.0,08:22:00,08:18:44,08:19:32,3,2765,Mountlake Terrace Fwy Station Bay 6,11.0,3.0
2025-10-24,510,South,25031,91708.0,08:53:00,08:36:21,08:36:48,7,1909,Stewart St & 9th Ave,0.0,15.0
2025-10-24,510,South,25031,91708.0,,08:37:41,08:38:04,8,1908,Stewart St & 7th Ave,0.0,7.0
2025-10-24,510,South,25031,91708.0,08:59:00,08:39:17,08:39:38,9,2698,5th Ave & Pine St,1.0,4.0
2025-10-24,510,South,25031,91708.0,,08:41:26,08:42:25,10,2700,5th Ave & Seneca St,1.0,6.0
2025-10-24,510,South,25031,91708.0,,08:43:12,08:43:48,11,2702,5th Ave & Marion St,1.0,0.0
2025-10-24,510,South,25031,91708.0,,08:44:51,08:45:07,12,2290,5th Ave & Jefferson St,0.0,1.0
2025-10-24,510,South,25031,91708.0,09:17:00,08:47:35,08:47:35,13,2706,5th Ave S & S Jackson St,0.0,0.0
2025-10-24,510,South,25032,91731.0,08:18:00,08:16:39,08:16:39,0,2345,Everett Station Bay C1,0.0,0.0
2025-10-24,510,South,25032,91731.0,,08:20:38,08:20:38,1,2367,Broadway & 34th St,0.0,0.0
2025-10-24,510,South,25032,91731.0,08:29:00,08:28:55,08:28:55,2,2868,South Everett Fwy Station Bay 3,0.0,0.0
2025-10-24,510,South,25032,91731.0,08:42:00,08:40:13,08:40:13,3,2765,Mountlake Terrace Fwy Station Bay 6,0.0,0.0
2025-10-24,510,South,25032,91731.0,09:13:00,09:00:16,09:00:59,7,1909,Stewart St & 9th Ave,0.0,0.0
2025-10-24,510,South,25032,91731.0,,09:01:49,09:02:25,8,1908,Stewart St & 7th Ave,0.0,0.0
2025-10-24,510,South,25032,91731.0,09:19:00,09:04:52,09:06:06,9,2698,5th Ave & Pine St,0.0,0.0
2025-10-24,510,South,25032,91731.0,,09:07:03,09:07:25,10,2700,5th Ave & Seneca St,0.0,0.0
2025-10-24,510,South,25032,91731.0,,09:08:37,09:09:16,11,2702,5th Ave & Marion St,0.0,0.0
2025-10-24,510,South,25032,91731.0,,09:10:35,09:11:02,12,2290,5th Ave & Jefferson St,0.0,0.0
2025-10-24,510,South,25032,91731.0,09:37:00,09:12:54,09:12:54,13,2706,5th Ave S & S Jackson St,0.0,0.0
2025-10-24,510,South,25033,91704.0,08:38:00,08:38:11,08:38:11,0,2345,Everett Station Bay C1,11.0,0.0
2025-10-24,510,South,25033,91704.0,,08:40:17,08:40:17,1,2367,Broadway & 34th St,0.0,0.0
2025-10-24,510,South,25033,91704.0,08:49:00,08:46:46,08:49:10,2,2868,South Everett Fwy Station Bay 3,20.0,0.0
2025-10-24,510,South,25033,91704.0,09:02:00,08:59:24,09:00:08,3,2765,Mountlake Terrace Fwy Station Bay 6,7.0,0.0
2025-10-24,510,South,25033,91704.0,09:33:00,09:18:54,09:19:54,7,1909,Stewart St & 9th Ave,2.0,14.0
2025-10-24,510,South,25033,91704.0,,09:21:06,09:21:52,8,1908,Stewart St & 7th Ave,0.0,12.0
2025-10-24,510,South,25033,91704.0,09:39:00,09:22:52,09:24:03,9,2698,5th Ave & Pine St,0.0,6.0
2025-10-24,510,South,25033,91704.0,,09:26:00,09:26:22,10,2700,5th Ave & Seneca St,1.0,3.0
2025-10-24,510,South,25033,91704.0,,09:28:08,09:28:46,11,2702,5th Ave & Marion St,0.0,3.0
2025-10-24,510,South,25033,91704.0,,09:29:54,09:30:23,12,2290,5th Ave & Jefferson St,0.0,1.0
2025-10-24,510,South,25033,91704.0,09:57:00,09:32:38,09:32:38,13,2706,5th Ave S & S Jackson St,0.0,2.0
2025-10-27,510,North,25001,91730.0,14:00:00,14:00:19,14:00:19,0,640,4th Ave S & S Jackson St,4.0,0.0
2025-10-27,510,North,25001,91730.0,,14:00:46,14:00:46,1,635,4th Ave S & S Washington St,0.0,0.0
2025-10-27,510,North,25001,91730.0,,14:02:09,14:02:49,2,2638,4th Ave & Cherry St,5.0,0.0
2025-10-27,510,North,25001,91730.0,,14:04:06,14:05:10,3,641,4th Ave & Seneca St,9.0,0.0
2025-10-27,510,North,25001,91730.0,14:06:00,14:06:15,14:08:37,4,2976,4th Ave & Pine St,3.0,0.0
2025-10-27,510,North,25001,91730.0,,14:09:47,14:10:41,5,473,Olive Way & 6th Ave,7.0,0.0
2025-10-27,510,North,25001,91730.0,14:10:00,14:11:21,14:11:56,6,430,Howell St & 9th Ave,4.0,0.0
2025-10-27,510,North,25001,91730.0,,14:14:40,14:15:14,7,431,Howell St & Yale Ave,3.0,3.0
2025-10-27,510,North,25001,91730.0,14:30:00,14:27:15,14:27:35,11,2766,Mountlake Terrace Fwy Station Bay 7,0.0,6.0
2025-10-27,510,North,25001,91730.0,14:47:00,14:38:25,14:39:25,12,2869,South Everett Fwy Station Bay 6,1.0,24.0
2025-10-27,510,North,25001,91730.0,,14:47:37,14:47:59,13,3219,Broadway & 33rd St,0.0,3.0
2025-10-27,510,North,25001,91730.0,15:04:00,14:49:25,14:49:25,14,2861,Everett Station,0.0,0.0
2025-10-27,510,North,25002,91714.0,14:20:00,14:29:31,14:29:31,0,640,4th Ave S & S Jackson St,6.0,0.0
2025-10-27,510,North,25002,91714.0,,14:30:09,14:30:40,1,635,4th Ave S & S Washington St,1.0,0.0
2025-10-27,510,North,25002,91714.0,,14:31:48,14:32:25,2,2638,4th Ave & Cherry St,5.0,1.0
2025-10-27,510,North,25002,91714.0,,14:34:41,14:35:46,3,641,4th Ave & Seneca St,3.0,2.0
2025-10-27,510,North,25002,91714.0,14:26:00,14:36:53,14:37:53,4,2976,4th Ave & Pine St,6.0,0.0
2025-10-27,510,North,25002,91714.0,,14:39:01,14:40:12,5,473,Olive Way & 6th Ave,6.0,0.0
2025-10-27,510,North,25002,91714.0,14:30:00,14:41:59,14:42:31,6,430,Howell St & 9th Ave,5.0,0.0
2025-10-27,510,North,25002,91714.0,,14:46:08,14:46:40,7,431,Howell St & Yale Ave,3.0,0.0
2025-10-27,510,North,25002,91714.0,14:50:00,15:00:50,15:01:20,11,2766,Mountlake Terrace Fwy Station Bay 7,0.0,5.0
2025-10-27,510,North,25002,91714.0,15:07:00,15:12:41,15:13:34,12,2869,South Everett Fwy Station Bay 6,0.0,23.0
2025-10-27,510,North,25002,91714.0,,15:21:23,15:21:43,13,3219,Broadway & 33rd St,0.0,4.0
2025-10-27,510,North,25002,91714.0,15:24:00,15:23:07,15:23:07,14,2861,Everett Station,0.0,0.0
2025-10-27,510,North,25003,91504.0,14:50:00,14:50:22,14:50:22,0,640,4th Ave S & S Jackson St,1.0,0.0
2025-10-27,510,North,25003,91504.0,,14:51:21,14:51:32,1,635,4th Ave S & S Washington St,1.0,0.0
2025-10-27,510,North,25003,91504.0,,14:52:22,14:53:04,2,2638,4th Ave & Cherry St,7.0,0.0
2025-10-27,510,North,25003,91504.0,,14:54:59,14:55:26,3,641,4th Ave & Seneca St,5.0,0.0
2025-10-27,510,North,25003,91504.0,14:56:00,14:56:34,14:57:19,4,2976,4th Ave & Pine St,5.0,0.0
2025-10-27,510,North,25003,91504.0,,14:58:26,14:59:28,5,473,Olive Way & 6th Ave,6.0,0.0
2025-10-27,510,North,25003,91504.0,15:00:00,15:00:09,15:01:07,6,430,Howell St & 9th Ave,5.0,0.0
2025-10-27,510,North,25003,91504.0,,15:04:04,15:04:27,7,431,Howell St & Yale Ave,2.0,0.0
2025-10-27,510,North,25003,91504.0,15:20:00,15:17:55,15:18:10,11,2766,Mountlake Terrace Fwy Station Bay 7,0.0,1.0
2025-10-27,510,North,25003,91504.0,15:38:00,15:29:32,15:30:15,12,2869,South Everett Fwy Station Bay 6,0.0,16.0
2025-10-27,510,North,25003,91504.0,,15:42:19,15:42:32,13,3219,Broadway & 33rd St,0.0,1.0
2025-10-27,510,North,25003,91504.0,15:57:00,15:44:42,15:44:42,14,2861,Everett Station,1.0,15.0
2025-10-27,510,North,25004,91731.0,15:10:00,,,0,640,4th Ave S & S Jackson St,,
2025-10-27,510,North,25004,91731.0,,15:13:32,15:13:32,1,635,4th Ave S & S Washington St,0.0,0.0
2025-10-27,510,North,25004,91731.0,,15:15:41,15:15:41,2,2638,4th Ave & Cherry St,0.0,0.0
2025-10-27,510,North,25004,91731.0,,15:17:57,15:17:57,3,641,4th Ave & Seneca St,0.0,0.0
2025-10-27,510,North,25004,91731.0,15:16:00,15:19:59,15:19:59,4,2976,4th Ave & Pine St,0.0,0.0
2025-10-27,510,North,25004,91731.0,,15:23:40,15:23:40,5,473,Olive Way & 6th Ave,0.0,0.0
2025-10-27,510,North,25004,91731.0,15:20:00,15:26:43,15:26:43,6,430,Howell St & 9th Ave,0.0,0.0
2025-10-27,510,North,25004,91731.0,,15:30:29,15:30:29,7,431,Howell St & Yale Ave,0.0,0.0
2025-10-27,510,North,25004,91731.0,15:40:00,15:44:54,15:45:16,11,2766,Mountlake Terrace Fwy Station Bay 7,0.0,0.0
2025-10-27,510,North,25004,91731.0,16:00:00,15:56:34,15:57:23,12,2869,South Everett Fwy Station Bay 6,0.0,0.0
2025-10-27,510,North,25004,91731.0,,16:07:47,16:08:16,13,3219,Broadway & 33rd St,0.0,0.0
2025-10-27,510,North,25004,91731.0,16:21:00,16:09:48,16:09:48,14,2861,Everett Station,0.0,0.0
2025-10-27,510,North,25005,91721.0,15:25:00,15:27:40,15:27:40,0,640,4th Ave S & S Jackson St,1.0,0.0
2025-10-27,510,North,25005,91721.0,,15:29:11,15:29:48,1,635,4th Ave S & S Washington St,2.0,0.0
2025-10-27,510,North,25005,91721.0,,15:31:19,15:32:01,2,2638,4th Ave & Cherry St,5.0,0.0
2025-10-27,510,North,25005,91721.0,,15:33:18,15:34:17,3,641,4th Ave & Seneca St,4.0,0.0
2025-10-27,510,North,25005,91721.0,15:31:00,15:35:28,15:36:40,4,2976,4th Ave & Pine St,4.0,0.0
2025-10-27,510,North,25005,91721.0,,15:38:49,15:40:01,5,473,Olive Way & 6th Ave,5.0,0.0
2025-10-27,510,North,25005,91721.0,15:35:00,15:41:43,15:42:54,6,430,Howell St & 9th Ave,6.0,2.0
2025-10-27,510,North,25005,91721.0,,15:45:11,15:45:57,7,431,Howell St & Yale Ave,4.0,0.0
2025-10-27,510,North,25005,91721.0,15:56:00,16:00:46,16:01:18,11,2766,Mountlake Terrace Fwy Station Bay 7,0.0,7.0
2025-10-27,510,North,25005,91721.0,16:16:00,16:12:59,16:14:18,12,2869,South Everett Fwy Station Bay 6,0.0,21.0
2025-10-27,510,North,25005,91721.0,,16:24:59,16:25:21,13,3219,Broadway & 33rd St,0.0,1.0
2025-10-27,510,North,25005,91721.0,16:38:00,16:26:48,16:26:48,14,2861,Everett Station,0.0,0.0
2025-10-27,510,North,25006,91712.0,15:40:00,15:41:05,15:41:05,0,640,4th Ave S & S Jackson St,4.0,0.0
2025-10-27,510,North,25006,91712.0,,15:42:28,15:42:50,1,635,4th Ave S & S Washington St,2.0,0.0
2025-10-27,510,North,25006,91712.0,,15:44:18,15:44:55,2,2638,4th Ave & Cherry St,8.0,0.0
2025-10-27,510,North,25006,91712.0,,15:46:39,15:47:51,3,641,4th Ave & Seneca St,3.0,0.0
2025-10-27,510,North,25006,91712.0,15:46:00,15:49:21,15:49:55,4,2976,4th Ave & Pine St,4.0,0.0
2025-10-27,510,North,25006,91712.0,,15:50:57,15:51:48,5,473,Olive Way & 6th Ave,11.0,0.0
2025-10-27,510,North,25006,91712.0,15:50:00,15:53:32,15:54:10,6,430,Howell St & 9th Ave,6.0,0.0
2025-10-27,510,North,25006,91712.0,,15:56:36,15:57:11,7,431,Howell St & Yale Ave,6.0,2.0
2025-10-27,510,North,25006,91712.0,16:12:00,16:11:37,16:12:01,11,2766,Mountlake Terrace Fwy Station Bay 7,0.0,5.0
2025-10-27,510,North,25006,91712.0,16:35:00,16:23:57,16:24:50,12,2869,South Everett Fwy Station Bay 6,2.0,25.0
2025-10-27,510,North,25006,91712.0,,16:33:43,16:34:20,13,3219,Broadway & 33rd St,0.0,1.0
2025-10-27,510,North,25006,91712.0,16:58:00,16:36:05,16:36:05,14,2861,Everett Station,0.0,13.0
2025-10-27,510,North,25007,91722.0,15:55:00,15:58:21,15:58:21,0,640,4th Ave S & S Jackson St,3.0,0.0
2025-10-27,510,North,25007,91722.0,,15:58:59,15:59:41,1,635,4th Ave S & S Washington St,1.0,0.0
2025-10-27,510,North,25007,91722.0,,16:00:58,16:01:47,2,2638,4th Ave & Cherry St,8.0,0.0
2025-10-27,510,North,25007,91722.0,,16:03:01,16:04:16,3,641,4th Ave & Seneca St,9.0,0.0
2025-10-27,510,North,25007,91722.0,16:01:00,16:05:29,16:06:29,4,2976,4th Ave & Pine St,9.0,1.0
2025-10-27,510,North,25007,91722.0,,16:07:32,16:08:40,5,473,Olive Way & 6th Ave,7.0,0.0
2025-10-27,510,North,25007,91722.0,16:05:00,16:10:06,16:10:44,6,430,Howell St & 9th Ave,3.0,0.0
2025-10-27,510,North,25007,91722.0,,16:13:11,16:14:08,7,431,Howell St & Yale Ave,7.0,1.0
2025-10-27,510,North,25007,91722.0,16:28:00,16:28:52,16:29:26,11,2766,Mountlake Terrace Fwy Station Bay 7,0.0,10.0
2025-10-27,510,North,25007,91722.0,16:51:00,16:42:34,16:43:38,12,2869,South Everett Fwy Station Bay 6,0.0,33.0
2025-10-27,510,North,25007,91722.0,,16:52:04,16:52:44,13,3219,Broadway & 33rd St,0.0,2.0
2025-10-27,510,North,25007,91722.0,17:14:00,16:54:02,16:54:02,14,2861,Everett Station,0.0,0.0
2025-10-27,510,North,25008,19854.0,16:10:00,16:10:31,16:10:31,0,640,4th Ave S & S Jackson St,5.0,0.0
2025-10-27,510,North,25008,19854.0,,16:11:07,16:11:21,1,635,4th Ave S & S Washington St,1.0,0.0
2025-10-27,510,North,25008,19854.0,,16:12:50,16:13:36,2,2638,4th Ave & Cherry St,5.0,0.0
2025-10-27,510,North,25008,19854.0,,16:15:18,16:16:21,3,641,4th Ave & Seneca St,17.0,1.0
2025-10-27,510,North,25008,19854.0,16:16:00,16:17:35,16:18:23,4,2976,4th Ave & Pine St,3.0,0.0
2025-10-27,510,North,25008,19854.0,,16:19:32,16:20:46,5,473,Olive Way & 6th Ave,9.0,0.0
2025-10-27,510,North,25008,19854.0,16:20:00,16:22:21,16:23:03,6,430,Howell St & 9th Ave,8.0,4.0
2025-10-27,510,North,25008,19854.0,,16:25:29,16:26:11,7,431,Howell St & Yale Ave,5.0,0.0
2025-10-27,510,North,25008,19854.0,16:43:00,16:41:23,16:41:50,11,2766,Mountlake Terrace Fwy Station Bay 7,0.0,6.0
2025-10-27,510,North,25008,19854.0,17:06:00,16:54:22,16:55:27,12,2869,South Everett Fwy Station Bay 6,0.0,23.0
2025-10-27,510,North,25008,19854.0,,17:05:02,17:05:16,13,3219,Broadway & 33rd St,0.0,1.0
2025-10-27,510,North,25008,19854.0,17:29:00,17:06:47,17:06:47,14,2861,Everett Station,0.0,18.0
2025-10-27,510,North,25009,,16:25:00,,,0,640,4th Ave S & S Jackson St,,
2025-10-27,510,North,25009,,,,,1,635,4th Ave S & S Washington St,,
2025-10-27,510,North,25009,,,,,2,2638,4th Ave & Cherry St,,
2025-10-27,510,North,25009,,,,,3,641,4th Ave & Seneca St,,
2025-10-27,510,North,25009,,16:31:00,,,4,2976,4th Ave & Pine St,,
2025-10-27,510,North,25009,,,,,5,473,Olive Way & 6th Ave,,
2025-10-27,510,North,25009,,16:35:00,,,6,430,Howell St & 9th Ave,,
2025-10-27,510,North,25009,,,,,7,431,Howell St & Yale Ave,,
2025-10-27,510,North,25009,,16:58:00,,,11,2766,Mountlake Terrace Fwy Station Bay 7,,
2025-10-27,510,North,25009,,17:21:00,,,12,2869,South Everett Fwy Station Bay 6,,
2025-10-27,510,North,25009,,,,,13,3219,Broadway & 33rd St,,
2025-10-27,510,North,25009,,17:44:00,,,14,2861,Everett Station,,
2025-10-27,510,North,25010,19816.0,16:40:00,16:42:43,16:42:43,0,640,4th Ave S & S Jackson St,5.0,0.0
2025-10-27,510,North,25010,19816.0,,16:44:04,16:44:24,1,635,4th Ave S & S Washington St,2.0,0.0
2025-10-27,510,North,25010,19816.0,,16:46:00,16:46:25,2,2638,4th Ave & Cherry St,4.0,0.0
2025-10-27,510,North,25010,19816.0,,16:48:00,16:49:23,3,641,4th Ave & Seneca St,5.0,0.0
2025-10-27,510,North,25010,19816.0,16:46:00,16:50:42,16:51:15,4,2976,4th Ave & Pine St,2.0,0.0
2025-10-27,510,North,25010,19816.0,,16:52:28,16:53:32,5,473,Olive Way & 6th Ave,6.0,2.0
2025-10-27,510,North,25010,19816.0,16:50:00,16:55:08,16:55:36,6,430,Howell St & 9th Ave,5.0,2.0
2025-10-27,510,North,25010,19816.0,,16:59:38,17:00:03,7,431,Howell St & Yale Ave,2.0,0.0
2025-10-27,510,North,25010,19816.0,17:13:00,17:14:44,17:15:05,11,2766,Mountlake Terrace Fwy Station Bay 7,0.0,2.0
2025-10-27,510,North,25010,19816.0,17:36:00,17:26:53,17:27:40,12,2869,South Everett Fwy Station Bay 6,0.0,17.0
2025-10-27,510,North,25010,19816.0,,17:35:20,17:35:20,13,3219,Broadway & 33rd St,0.0,0.0
2025-10-27,510,North,25010,19816.0,17:59:00,17:36:17,17:36:17,14,2861,Everett Station,1.0,9.0
2025-10-27,510,North,25011,91728.0,16:55:00,16:55:16,16:55:16,0,640,4th Ave S & S Jackson St,4.0,0.0
2025-10-27,510,North,25011,91728.0,,16:55:57,16:56:16,1,635,4th Ave S & S Washington St,1.0,0.0
2025-10-27,510,North,25011,91728.0,,16:57:50,16:58:07,2,2638,4th Ave & Cherry St,1.0,0.0
2025-10-27,510,North,25011,91728.0,,16:59:28,17:00:02,3,641,4th Ave & Seneca St,5.0,0.0
2025-10-27,510,North,25011,91728.0,17:01:00,17:02:03,17:02:20,4,2976,4th Ave & Pine St,1.0,0.0
2025-10-27,510,North,25011,91728.0,,17:04:15,17:05:31,5,473,Olive Way & 6th Ave,6.0,0.0
2025-10-27,510,North,25011,91728.0,17:05:00,17:07:03,17:07:42,6,430,Howell St & 9th Ave,3.0,0.0
2025-10-27,510,North,25011,91728.0,,17:11:37,17:12:26,7,431,Howell St & Yale Ave,6.0,0.0
2025-10-27,510,North,25011,91728.0,17:27:00,17:26:23,17:26:48,11,2766,Mountlake Terrace Fwy Station Bay 7,0.0,2.0
2025-10-27,510,North,25011,91728.0,17:50:00,17:38:30,17:39:57,12,2869,South Everett Fwy Station Bay 6,1.0,20.0
2025-10-27,510,North,25011,91728.0,,17:46:47,17:47:02,13,3219,Broadway & 33rd St,0.0,1.0
2025-10-27,510,North,25011,91728.0,18:09:00,17:48:12,17:48:12,14,2861,Everett Station,0.0,5.0
2025-10-27,510,North,25012,91727.0,17:10:00,17:10:54,17:10:54,0,640,4th Ave S & S Jackson St,0.0,0.0
2025-10-27,510,North,25012,91727.0,,17:12:25,17:12:37,1,635,4th Ave S & S Washington St,1.0,0.0
2025-10-27,510,North,25012,91727.0,,17:14:19,17:14:52,2,2638,4th Ave & Cherry St,5.0,0.0
2025-10-27,510,North,25012,91727.0,,17:16:44,17:17:41,3,641,4th Ave & Seneca St,5.0,0.0
2025-10-27,510,North,25012,91727.0,17:16:00,17:19:13,17:19:51,4,2976,4th Ave & Pine St,7.0,0.0
2025-10-27,510,North,25012,91727.0,,17:21:02,17:22:04,5,473,Olive Way & 6th Ave,9.0,0.0
2025-10-27,510,North,25012,91727.0,17:20:00,17:23:43,17:24:09,6,430,Howell St & 9th Ave,4.0,0.0
2025-10-27,510,North,25012,91727.0,,17:28:06,17:28:48,7,431,Howell St & Yale Ave,3.0,0.0
2025-10-27,510,North,25012,91727.0,17:42:00,17:41:46,17:42:12,11,2766,Mountlake Terrace Fwy Station Bay 7,1.0,1.0
2025-10-27,510,North,25012,91727.0,18:05:00,17:54:16,17:55:14,12,2869,South Everett Fwy Station Bay 6,0.0,19.0
2025-10-27,510,North,25012,91727.0,,18:02:36,18:02:52,13,3219,Broadway & 33rd St,0.0,2.0
2025-10-27,510,North,25012,91727.0,18:21:00,18:04:19,18:04:19,14,2861,Everett Station,0.0,13.0
2025-10-27,510,North,25013,91726.0,17:25:00,17:28:32,17:28:32,0,640,4th Ave S & S Jackson St,2.0,0.0
2025-10-27,510,North,25013,91726.0,,17:29:04,17:29:11,1,635,4th Ave S & S Washington St,0.0,0.0
2025-10-27,510,North,25013,91726.0,,17:29:57,17:30:29,2,2638,4th Ave & Cherry St,9.0,0.0
2025-10-27,510,North,25013,91726.0,,17:31:27,17:31:55,3,641,4th Ave & Seneca St,6.0,0.0
2025-10-27,510,North,25013,91726.0,17:31:00,17:32:45,17:33:21,4,2976,4th Ave & Pine St,3.0,0.0
2025-10-27,510,North,25013,91726.0,,17:34:23,17:35:26,5,473,Olive Way & 6th Ave,7.0,0.0
2025-10-27,510,North,25013,91726.0,17:35:00,17:36:03,17:37:07,6,430,Howell St & 9th Ave,4.0,1.0
2025-10-27,510,North,25013,91726.0,,17:40:04,17:40:18,7,431,Howell St & Yale Ave,0.0,2.0
2025-10-27,510,North,25013,91726.0,17:56:00,17:52:44,17:53:02,11,2766,Mountlake Terrace Fwy Station Bay 7,0.0,3.0
2025-10-27,510,North,25013,91726.0,18:18:00,18:03:47,18:04:30,12,2869,South Everett Fwy Station Bay 6,0.0,17.0
2025-10-27,510,North,25013,91726.0,,18:11:00,18:11:00,13,3219,Broadway & 33rd St,0.0,0.0
2025-10-27,510,North,25013,91726.0,18:33:00,18:11:46,18:11:46,14,2861,Everett Station,0.0,8.0
2025-10-27,510,North,25014,91907.0,17:45:00,17:48:51,17:48:51,0,640,4th Ave S & S Jackson St,2.0,0.0
2025-10-27,510,North,25014,91907.0,,17:49:59,17:49:59,1,635,4th Ave S & S Washington St,0.0,0.0
2025-10-27,510,North,25014,91907.0,,17:50:52,17:51:19,2,2638,4th Ave & Cherry St,2.0,0.0
2025-10-27,510,North,25014,91907.0,,17:52:44,17:53:49,3,641,4th Ave & Seneca St,7.0,0.0
2025-10-27,510,North,25014,91907.0,17:51:00,17:56:11,17:56:41,4,2976,4th Ave & Pine St,3.0,0.0
2025-10-27,510,North,25014,91907.0,,17:58:21,17:59:32,5,473,Olive Way & 6th Ave,6.0,0.0
2025-10-27,510,North,25014,91907.0,17:55:00,18:01:06,18:01:06,6,430,Howell St & 9th Ave,0.0,0.0
2025-10-27,510,North,25014,91907.0,,18:04:07,18:04:28,7,431,Howell St & Yale Ave,1.0,0.0
2025-10-27,510,North,25014,91907.0,18:13:00,18:18:38,18:19:19,11,2766,Mountlake Terrace Fwy Station Bay 7,1.0,3.0
2025-10-27,510,North,25014,91907.0,18:32:00,18:31:09,18:31:51,12,2869,South Everett Fwy Station Bay 6,0.0,12.0
2025-10-27,510,North,25014,91907.0,,18:39:44,18:40:05,13,3219,Broadway & 33rd St,0.0,1.0
2025-10-27,510,North,25014,91907.0,18:43:00,18:41:41,18:41:41,14,2861,Everett Station,2.0,8.0
2025-10-27,510,North,25015,19814.0,18:05:00,18:12:06,18:12:06,0,640,4th Ave S & S Jackson St,6.0,0.0
2025-10-27,510,North,25015,19814.0,,18:13:44,18:14:15,1,635,4th Ave S & S Washington St,1.0,0.0
2025-10-27,510,North,25015,19814.0,,18:15:59,18:16:20,2,2638,4th Ave & Cherry St,2.0,0.0
2025-10-27,510,North,25015,19814.0,,18:18:09,18:19:20,3,641,4th Ave & Seneca St,10.0,1.0
2025-10-27,510,North,25015,19814.0,18:11:00,18:20:38,18:21:25,4,2976,4th Ave & Pine St,4.0,0.0
2025-10-27,510,North,25015,19814.0,,18:23:48,18:25:04,5,473,Olive Way & 6th Ave,6.0,0.0
2025-10-27,510,North,25015,19814.0,18:14:00,18:26:37,18:27:11,6,430,Howell St & 9th Ave,1.0,0.0
2025-10-27,510,North,25015,19814.0,,18:29:42,18:30:08,7,431,Howell St & Yale Ave,2.0,1.0
2025-10-27,510,North,25015,19814.0,18:32:00,18:43:49,18:44:13,11,2766,Mountlake Terrace Fwy Station Bay 7,0.0,4.0
2025-10-27,510,North,25015,19814.0,18:48:00,18:55:38,18:56:09,12,2869,South Everett Fwy Station Bay 6,0.0,9.0
2025-10-27,510,North,25015,19814.0,,19:03:36,19:03:52,13,3219,Broadway & 33rd St,0.0,0.0
2025-10-27,510,North,25015,19814.0,18:59:00,19:05:05,19:05:05,14,2861,Everett Station,0.0,17.0
2025-10-27,510,North,25016,91905.0,18:30:00,18:32:24,18:32:24,0,640,4th Ave S & S Jackson St,1.0,0.0
2025-10-27,510,North,25016,91905.0,,18:33:54,18:34:04,1,635,4th Ave S & S Washington St,2.0,2.0
2025-10-27,510,North,25016,91905.0,,18:35:35,18:36:02,2,2638,4th Ave & Cherry St,1.0,0.0
2025-10-27,510,North,25016,91905.0,,18:38:56,18:39:21,3,641,4th Ave & Seneca St,3.0,0.0
2025-10-27,510,North,25016,91905.0,18:36:00,18:40:59,18:41:23,4,2976,4th Ave & Pine St,1.0,0.0
2025-10-27,510,North,25016,91905.0,,18:43:12,18:44:40,5,473,Olive Way & 6th Ave,5.0,0.0
2025-10-27,510,North,25016,91905.0,18:39:00,18:46:03,18:46:44,6,430,Howell St & 9th Ave,3.0,0.0
2025-10-27,510,North,25016,91905.0,,18:49:06,18:49:28,7,431,Howell St & Yale Ave,2.0,0.0
2025-10-27,510,North,25016,91905.0,18:57:00,19:02:11,19:02:35,11,2766,Mountlake Terrace Fwy Station Bay 7,0.0,4.0
2025-10-27,510,North,25016,91905.0,19:12:00,19:13:19,19:14:29,12,2869,South Everett Fwy Station Bay 6,0.0,10.0
2025-10-27,510,North,25016,91905.0,,19:21:29,19:21:40,13,3219,Broadway & 33rd St,0.0,0.0
2025-10-27,510,North,25016,91905.0,19:22:00,19:23:00,19:23:00,14,2861,Everett Station,1.0,3.0
2025-10-27,510,South,25017,91710.0,04:05:00,04:05:06,04:05:06,0,2986,Hewitt Ave & Fulton St,5.0,0.0
2025-10-27,510,South,25017,91710.0,,04:06:07,04:06:07,1,2440,Hewitt Ave & Lombard Ave,0.0,0.0
2025-10-27,510,South,25017,91710.0,,04:08:06,04:08:06,2,2355,Wetmore Ave & Wall St,0.0,0.0
2025-10-27,510,South,25017,91710.0,,04:08:45,04:08:45,3,2359,Pacific Ave & Rockefeller Ave,0.0,0.0
2025-10-27,510,South,25017,91710.0,04:11:00,04:10:46,04:11:39,4,2345,Everett Station Bay C1,12.0,0.0
2025-10-27,510,South,25017,91710.0,,04:13:14,04:13:14,5,2367,Broadway & 34th St,0.0,0.0
2025-10-27,510,South,25017,91710.0,04:20:00,04:20:01,04:21:07,6,2868,South Everett Fwy Station Bay 3,9.0,0.0
2025-10-27,510,South,25017,91710.0,04:31:00,04:31:14,04:31:41,7,2765,Mountlake Terrace Fwy Station Bay 6,3.0,0.0
2025-10-27,510,South,25017,91710.0,04:48:00,04:45:30,04:46:04,11,1909,Stewart St & 9th Ave,0.0,5.0
2025-10-27,510,South,25017,91710.0,,04:47:08,04:47:25,12,1908,Stewart St & 7th Ave,0.0,2.0
2025-10-27,510,South,25017,91710.0,04:52:00,04:48:35,04:49:19,13,2698,5th Ave & Pine St,0.0,5.0
2025-10-27,510,South,25017,91710.0,,04:50:20,04:50:49,14,2700,5th Ave & Seneca St,0.0,7.0
2025-10-27,510,South,25017,91710.0,,04:51:32,04:51:49,15,2702,5th Ave & Marion St,0.0,4.0
2025-10-27,510,South,25017,91710.0,,04:53:29,04:53:29,16,2290,5th Ave & Jefferson St,0.0,0.0
2025-10-27,510,South,25017,91710.0,05:00:00,04:55:39,04:55:39,17,2706,5th Ave S & S Jackson St,0.0,6.0
2025-10-27,510,South,25018,91911.0,04:40:00,04:40:03,04:40:03,0,2986,Hewitt Ave & Fulton St,1.0,0.0
2025-10-27,510,South,25018,91911.0,,04:41:28,04:41:45,1,2440,Hewitt Ave & Lombard Ave,1.0,0.0
2025-10-27,510,South,25018,91911.0,,04:43:29,04:43:49,2,2355,Wetmore Ave & Wall St,1.0,0.0
2025-10-27,510,South,25018,91911.0,,04:44:46,04:44:54,3,2359,Pacific Ave & Rockefeller Ave,1.0,0.0
2025-10-27,510,South,25018,91911.0,04:46:00,04:47:20,04:48:00,4,2345,Everett Station Bay C1,11.0,0.0
2025-10-27,510,South,25018,91911.0,,04:49:43,04:50:04,5,2367,Broadway & 34th St,2.0,0.0
2025-10-27,510,South,25018,91911.0,04:57:00,04:57:14,05:00:25,6,2868,South Everett Fwy Station Bay 3,21.0,0.0
2025-10-27,510,South,25018,91911.0,05:08:00,05:11:02,05:11:25,7,2765,Mountlake Terrace Fwy Station Bay 6,3.0,1.0
2025-10-27,510,South,25018,91911.0,05:26:00,05:25:16,05:25:48,11,1909,Stewart St & 9th Ave,0.0,12.0
2025-10-27,510,South,25018,91911.0,,05:27:03,05:27:27,12,1908,Stewart St & 7th Ave,0.0,3.0
2025-10-27,510,South,25018,91911.0,05:30:00,05:28:31,05:29:19,13,2698,5th Ave & Pine St,0.0,2.0
2025-10-27,510,South,25018,91911.0,,05:30:23,05:30:50,14,2700,5th Ave & Seneca St,0.0,4.0
2025-10-27,510,South,25018,91911.0,,05:31:33,05:32:25,15,2702,5th Ave & Marion St,0.0,9.0
2025-10-27,510,South,25018,91911.0,,05:34:00,05:34:22,16,2290,5th Ave & Jefferson St,0.0,2.0
2025-10-27,510,South,25018,91911.0,05:38:00,05:36:26,05:36:26,17,2706,5th Ave S & S Jackson St,0.0,8.0
2025-10-27,510,South,25019,91903.0,05:10:00,05:10:12,05:10:12,0,2345,Everett Station Bay C1,16.0,0.0
2025-10-27,510,South,25019,91903.0,,05:12:10,05:12:39,1,2367,Broadway & 34th St,4.0,0.0
2025-10-27,510,South,25019,91903.0,05:20:00,05:19:51,05:21:14,2,2868,South Everett Fwy Station Bay 3,19.0,0.0
2025-10-27,510,South,25019,91903.0,05:31:00,05:32:14,05:33:05,3,2765,Mountlake Terrace Fwy Station Bay 6,4.0,1.0
2025-10-27,510,South,25019,91903.0,05:49:00,05:48:26,05:49:03,7,1909,Stewart St & 9th Ave,0.0,2.0
2025-10-27,510,South,25019,91903.0,,05:50:05,05:50:28,8,1908,Stewart St & 7th Ave,0.0,5.0
2025-10-27,510,South,25019,91903.0,05:54:00,05:51:35,05:52:21,9,2698,5th Ave & Pine St,0.0,7.0
2025-10-27,510,South,25019,91903.0,,05:53:17,05:53:50,10,2700,5th Ave & Seneca St,0.0,11.0
2025-10-27,510,South,25019,91903.0,,05:54:32,05:55:12,11,2702,5th Ave & Marion St,0.0,6.0
2025-10-27,510,South,25019,91903.0,,05:56:34,05:57:18,12,2290,5th Ave & Jefferson St,0.0,11.0
2025-10-27,510,South,25019,91903.0,06:03:00,05:58:42,05:58:42,13,2706,5th Ave S & S Jackson St,0.0,0.0
2025-10-27,510,South,25020,91702.0,05:40:00,05:40:23,05:40:23,0,2345,Everett Station Bay C1,29.0,0.0
2025-10-27,510,South,25020,91702.0,,05:42:40,05:43:12,1,2367,Broadway & 34th St,1.0,0.0
2025-10-27,510,South,25020,91702.0,05:50:00,05:50:36,05:51:54,2,2868,South Everett Fwy Station Bay 3,19.0,0.0
2025-10-27,510,South,25020,91702.0,06:01:00,06:02:43,06:03:17,3,2765,Mountlake Terrace Fwy Station Bay 6,1.0,2.0
2025-10-27,510,South,25020,91702.0,06:22:00,06:17:33,06:18:54,7,1909,Stewart St & 9th Ave,6.0,9.0
2025-10-27,510,South,25020,91702.0,,06:19:48,06:20:15,8,1908,Stewart St & 7th Ave,0.0,4.0
2025-10-27,510,South,25020,91702.0,06:28:00,06:21:22,06:22:36,9,2698,5th Ave & Pine St,0.0,7.0
2025-10-27,510,South,25020,91702.0,,06:23:30,06:24:16,10,2700,5th Ave & Seneca St,0.0,14.0
2025-10-27,510,South,25020,91702.0,,06:25:05,06:25:38,11,2702,5th Ave & Marion St,0.0,11.0
2025-10-27,510,South,25020,91702.0,,06:26:58,06:27:36,12,2290,5th Ave & Jefferson St,0.0,9.0
2025-10-27,510,South,25020,91702.0,06:38:00,06:29:15,06:29:15,13,2706,5th Ave S & S Jackson St,0.0,0.0
2025-10-27,510,South,25021,91710.0,05:52:00,05:52:44,05:52:44,0,2345,Everett Station Bay C1,20.0,0.0
2025-10-27,510,South,25021,91710.0,,05:54:35,05:54:35,1,2367,Broadway & 34th St,0.0,0.0
2025-10-27,510,South,25021,91710.0,06:02:00,06:01:08,06:02:07,2,2868,South Everett Fwy Station Bay 3,13.0,0.0
2025-10-27,510,South,25021,91710.0,06:14:00,06:12:38,06:12:58,3,2765,Mountlake Terrace Fwy Station Bay 6,1.0,0.0
2025-10-27,510,South,25021,91710.0,06:35:00,06:27:54,06:28:13,7,1909,Stewart St & 9th Ave,0.0,4.0
2025-10-27,510,South,25021,91710.0,,06:29:06,06:29:33,8,1908,Stewart St & 7th Ave,0.0,6.0
2025-10-27,510,South,25021,91710.0,06:41:00,06:31:47,06:32:12,9,2698,5th Ave & Pine St,0.0,3.0
2025-10-27,510,South,25021,91710.0,,06:33:53,06:34:17,10,2700,5th Ave & Seneca St,0.0,4.0
2025-10-27,510,South,25021,91710.0,,06:35:26,06:35:51,11,2702,5th Ave & Marion St,0.0,6.0
2025-10-27,510,South,25021,91710.0,,06:37:27,06:37:58,12,2290,5th Ave & Jefferson St,0.0,11.0
2025-10-27,510,South,25021,91710.0,06:51:00,06:40:25,06:40:25,13,2706,5th Ave S & S Jackson St,0.0,0.0
2025-10-27,510,South,25022,91907.0,06:04:00,06:04:08,06:04:08,0,2345,Everett Station Bay C1,11.0,0.0
2025-10-27,510,South,25022,91907.0,,06:06:06,06:06:38,1,2367,Broadway & 34th St,3.0,0.0
2025-10-27,510,South,25022,91907.0,06:14:00,06:13:26,06:14:28,2,2868,South Everett Fwy Station Bay 3,17.0,0.0
2025-10-27,510,South,25022,91907.0,06:26:00,06:25:28,06:26:13,3,2765,Mountlake Terrace Fwy Station Bay 6,4.0,3.0
2025-10-27,510,South,25022,91907.0,06:48:00,06:41:28,06:42:16,7,1909,Stewart St & 9th Ave,0.0,3.0
2025-10-27,510,South,25022,91907.0,,06:43:39,06:44:16,8,1908,Stewart St & 7th Ave,0.0,9.0
2025-10-27,510,South,25022,91907.0,06:54:00,06:45:34,06:45:34,9,2698,5th Ave & Pine St,0.0,0.0
2025-10-27,510,South,25022,91907.0,,06:47:12,06:47:48,10,2700,5th Ave & Seneca St,0.0,8.0
2025-10-27,510,South,25022,91907.0,,06:49:06,06:49:47,11,2702,5th Ave & Marion St,1.0,9.0
2025-10-27,510,South,25022,91907.0,,06:50:57,06:51:19,12,2290,5th Ave & Jefferson St,0.0,4.0
2025-10-27,510,South,25022,91907.0,07:04:00,06:53:59,06:53:59,13,2706,5th Ave S & S Jackson St,0.0,0.0
2025-10-27,510,South,25023,91711.0,06:16:00,06:16:27,06:16:27,0,2345,Everett Station Bay C1,12.0,0.0
2025-10-27,510,South,25023,91711.0,,06:18:28,06:18:50,1,2367,Broadway & 34th St,1.0,0.0
2025-10-27,510,South,25023,91711.0,06:26:00,06:25:59,06:27:04,2,2868,South Everett Fwy Station Bay 3,19.0,0.0
2025-10-27,510,South,25023,91711.0,06:38:00,06:39:39,06:40:08,3,2765,Mountlake Terrace Fwy Station Bay 6,7.0,0.0
2025-10-27,510,South,25023,91711.0,07:00:00,06:55:25,06:55:55,7,1909,Stewart St & 9th Ave,0.0,5.0
2025-10-27,510,South,25023,91711.0,,06:57:08,06:57:37,8,1908,Stewart St & 7th Ave,0.0,11.0
2025-10-27,510,South,25023,91711.0,07:06:00,06:58:51,07:00:05,9,2698,5th Ave & Pine St,0.0,7.0
2025-10-27,510,South,25023,91711.0,,07:01:05,07:01:46,10,2700,5th Ave & Seneca St,0.0,11.0
2025-10-27,510,South,25023,91711.0,,07:02:27,07:03:12,11,2702,5th Ave & Marion St,0.0,4.0
2025-10-27,510,South,25023,91711.0,,07:04:25,07:04:38,12,2290,5th Ave & Jefferson St,0.0,1.0
2025-10-27,510,South,25023,91711.0,07:17:00,07:07:20,07:07:20,13,2706,5th Ave S & S Jackson St,0.0,0.0
2025-10-27,510,South,25024,91905.0,06:28:00,06:30:05,06:30:05,0,2345,Everett Station Bay C1,19.0,0.0
2025-10-27,510,South,25024,91905.0,,06:32:00,06:32:16,1,2367,Broadway & 34th St,1.0,0.0
2025-10-27,510,South,25024,91905.0,06:38:00,06:39:22,06:41:47,2,2868,South Everett Fwy Station Bay 3,26.0,0.0
2025-10-27,510,South,25024,91905.0,06:50:00,06:56:02,06:57:59,3,2765,Mountlake Terrace Fwy Station Bay 6,18.0,1.0
2025-10-27,510,South,25024,91905.0,07:13:00,07:12:09,07:12:48,7,1909,Stewart St & 9th Ave,1.0,10.0
2025-10-27,510,South,25024,91905.0,,07:13:36,07:14:18,8,1908,Stewart St & 7th Ave,0.0,11.0
2025-10-27,510,South,25024,91905.0,07:19:00,07:15:18,07:16:33,9,2698,5th Ave & Pine St,1.0,12.0
2025-10-27,510,South,25024,91905.0,,07:17:33,07:18:17,10,2700,5th Ave & Seneca St,0.0,9.0
2025-10-27,510,South,25024,91905.0,,07:19:05,07:19:43,11,2702,5th Ave & Marion St,0.0,14.0
2025-10-27,510,South,25024,91905.0,,07:20:57,07:21:31,12,2290,5th Ave & Jefferson St,0.0,6.0
2025-10-27,510,South,25024,91905.0,07:30:00,07:24:00,07:24:00,13,2706,5th Ave S & S Jackson St,0.0,3.0
2025-10-27,510,South,25025,91716.0,06:40:00,06:43:51,06:43:51,0,2345,Everett Station Bay C1,11.0,0.0
2025-10-27,510,South,25025,91716.0,,,,1,2367,Broadway & 34th St,,
2025-10-27,510,South,25025,91716.0,06:50:00,06:52:40,06:53:52,2,2868,South Everett Fwy Station Bay 3,17.0,0.0
2025-10-27,510,South,25025,91716.0,07:03:00,07:16:52,07:17:18,3,2765,Mountlake Terrace Fwy Station Bay 6,1.0,4.0
2025-10-27,510,South,25025,91716.0,07:28:00,07:32:54,07:33:31,7,1909,Stewart St & 9th Ave,0.0,6.0
2025-10-27,510,South,25025,91716.0,,07:34:44,07:35:11,8,1908,Stewart St & 7th Ave,0.0,0.0
2025-10-27,510,South,25025,91716.0,07:34:00,07:37:55,07:39:05,9,2698,5th Ave & Pine St,0.0,5.0
2025-10-27,510,South,25025,91716.0,,07:41:02,07:41:33,10,2700,5th Ave & Seneca St,0.0,4.0
2025-10-27,510,South,25025,91716.0,,07:43:05,07:43:48,11,2702,5th Ave & Marion St,0.0,6.0
2025-10-27,510,South,25025,91716.0,,07:45:04,07:45:28,12,2290,5th Ave & Jefferson St,0.0,3.0
2025-10-27,510,South,25025,91716.0,07:47:00,07:47:32,07:47:32,13,2706,5th Ave S & S Jackson St,1.0,2.0
2025-10-27,510,South,25026,91718.0,06:52:00,06:52:04,06:52:04,0,2345,Everett Station Bay C1,10.0,0.0
2025-10-27,510,South,25026,91718.0,,06:53:41,06:55:05,1,2367,Broadway & 34th St,1.0,0.0
2025-10-27,510,South,25026,91718.0,07:02:00,07:01:43,07:03:07,2,2868,South Everett Fwy Station Bay 3,21.0,0.0
2025-10-27,510,South,25026,91718.0,07:15:00,07:24:45,07:25:07,3,2765,Mountlake Terrace Fwy Station Bay 6,1.0,0.0
2025-10-27,510,South,25026,91718.0,07:40:00,07:39:17,07:39:50,7,1909,Stewart St & 9th Ave,0.0,9.0
2025-10-27,510,South,25026,91718.0,,07:40:35,07:41:03,8,1908,Stewart St & 7th Ave,0.0,6.0
2025-10-27,510,South,25026,91718.0,07:46:00,07:42:22,07:43:35,9,2698,5th Ave & Pine St,1.0,6.0
2025-10-27,510,South,25026,91718.0,,07:44:26,07:45:21,10,2700,5th Ave & Seneca St,0.0,6.0
2025-10-27,510,South,25026,91718.0,,07:45:59,07:46:26,11,2702,5th Ave & Marion St,0.0,4.0
2025-10-27,510,South,25026,91718.0,,07:47:56,07:48:17,12,2290,5th Ave & Jefferson St,0.0,2.0
2025-10-27,510,South,25026,91718.0,07:59:00,07:51:00,07:51:00,13,2706,5th Ave S & S Jackson St,1.0,2.0
2025-10-27,510,South,25027,19813.0,07:04:00,07:07:15,07:07:15,0,2345,Everett Station Bay C1,15.0,0.0
2025-10-27,510,South,25027,19813.0,,07:10:32,07:10:52,1,2367,Broadway & 34th St,0.0,0.0
2025-10-27,510,South,25027,19813.0,07:14:00,07:19:00,07:20:36,2,2868,South Everett Fwy Station Bay 3,26.0,0.0
2025-10-27,510,South,25027,19813.0,07:28:00,07:53:24,07:54:13,3,2765,Mountlake Terrace Fwy Station Bay 6,8.0,1.0
2025-10-27,510,South,25027,19813.0,07:59:00,08:16:34,08:17:20,7,1909,Stewart St & 9th Ave,0.0,13.0
2025-10-27,510,South,25027,19813.0,,08:18:19,08:19:01,8,1908,Stewart St & 7th Ave,0.0,11.0
2025-10-27,510,South,25027,19813.0,08:05:00,08:23:10,08:24:05,9,2698,5th Ave & Pine St,0.0,1.0
2025-10-27,510,South,25027,19813.0,,08:26:19,08:26:49,10,2700,5th Ave & Seneca St,0.0,12.0
2025-10-27,510,South,25027,19813.0,,08:28:15,08:28:43,11,2702,5th Ave & Marion St,0.0,6.0
2025-10-27,510,South,25027,19813.0,,08:31:03,08:31:24,12,2290,5th Ave & Jefferson St,0.0,2.0
2025-10-27,510,South,25027,19813.0,08:20:00,08:34:22,08:34:22,13,2706,5th Ave S & S Jackson St,0.0,3.0
2025-10-27,510,South,25028,91720.0,07:16:00,07:16:12,07:16:12,0,2345,Everett Station Bay C1,15.0,0.0
2025-10-27,510,South,25028,91720.0,,07:18:39,07:18:52,1,2367,Broadway & 34th St,2.0,0.0
2025-10-27,510,South,25028,91720.0,07:26:00,07:26:03,07:26:42,2,2868,South Everett Fwy Station Bay 3,9.0,2.0
2025-10-27,510,South,25028,91720.0,07:40:00,07:57:48,07:58:20,3,2765,Mountlake Terrace Fwy Station Bay 6,6.0,0.0
2025-10-27,510,South,25028,91720.0,08:11:00,08:17:46,08:18:23,7,1909,Stewart St & 9th Ave,0.0,0.0
2025-10-27,510,South,25028,91720.0,,08:22:38,08:23:06,8,1908,Stewart St & 7th Ave,0.0,16.0
2025-10-27,510,South,25028,91720.0,08:17:00,08:25:50,08:27:04,9,2698,5th Ave & Pine St,0.0,4.0
2025-10-27,510,South,25028,91720.0,,08:29:16,08:29:40,10,2700,5th Ave & Seneca St,0.0,5.0
2025-10-27,510,South,25028,91720.0,,08:31:04,08:31:44,11,2702,5th Ave & Marion St,0.0,3.0
2025-10-27,510,South,25028,91720.0,,08:33:03,08:33:14,12,2290,5th Ave & Jefferson St,0.0,1.0
2025-10-27,510,South,25028,91720.0,08:34:00,08:35:37,08:35:37,13,2706,5th Ave S & S Jackson St,1.0,2.0
2025-10-27,510,South,25029,91712.0,07:28:00,07:29:09,07:29:09,0,2345,Everett Station Bay C1,8.0,0.0
2025-10-27,510,South,25029,91712.0,,07:32:06,07:32:37,1,2367,Broadway & 34th St,2.0,0.0
2025-10-27,510,South,25029,91712.0,07:38:00,07:40:18,07:41:35,2,2868,South Everett Fwy Station Bay 3,21.0,0.0
2025-10-27,510,South,25029,91712.0,07:52:00,08:08:30,08:09:19,3,2765,Mountlake Terrace Fwy Station Bay 6,3.0,2.0
2025-10-27,510,South,25029,91712.0,08:23:00,08:29:23,08:30:03,7,1909,Stewart St & 9th Ave,2.0,8.0
2025-10-27,510,South,25029,91712.0,,08:31:39,08:32:08,8,1908,Stewart St & 7th Ave,0.0,7.0
2025-10-27,510,South,25029,91712.0,08:29:00,08:33:25,08:34:35,9,2698,5th Ave & Pine St,2.0,5.0
2025-10-27,510,South,25029,91712.0,,08:35:32,08:35:59,10,2700,5th Ave & Seneca St,0.0,6.0
2025-10-27,510,South,25029,91712.0,,08:37:00,08:37:43,11,2702,5th Ave & Marion St,0.0,8.0
2025-10-27,510,South,25029,91712.0,,08:38:59,08:39:20,12,2290,5th Ave & Jefferson St,0.0,2.0
2025-10-27,510,South,25029,91712.0,08:47:00,08:41:01,08:41:01,13,2706,5th Ave S & S Jackson St,0.0,0.0
2025-10-27,510,South,25030,91701.0,07:43:00,07:44:01,07:44:01,0,2345,Everett Station Bay C1,11.0,0.0
2025-10-27,510,South,25030,91701.0,,07:46:56,07:46:56,1,2367,Broadway & 34th St,0.0,0.0
2025-10-27,510,South,25030,91701.0,07:53:00,07:54:13,07:55:09,2,2868,South Everett Fwy Station Bay 3,9.0,0.0
2025-10-27,510,South,25030,91701.0,08:07:00,08:20:06,08:20:48,3,2765,Mountlake Terrace Fwy Station Bay 6,8.0,0.0
2025-10-27,510,South,25030,91701.0,08:38:00,08:45:52,08:46:40,7,1909,Stewart St & 9th Ave,0.0,13.0
2025-10-27,510,South,25030,91701.0,,08:48:03,08:48:34,8,1908,Stewart St & 7th Ave,0.0,6.0
2025-10-27,510,South,25030,91701.0,08:44:00,08:49:50,08:50:20,9,2698,5th Ave & Pine St,0.0,3.0
2025-10-27,510,South,25030,91701.0,,08:53:10,08:53:41,10,2700,5th Ave & Seneca St,0.0,2.0
2025-10-27,510,South,25030,91701.0,,08:55:03,08:55:43,11,2702,5th Ave & Marion St,0.0,2.0
2025-10-27,510,South,25030,91701.0,,08:57:53,08:57:53,12,2290,5th Ave & Jefferson St,0.0,0.0
2025-10-27,510,South,25030,91701.0,09:02:00,08:59:29,08:59:29,13,2706,5th Ave S & S Jackson St,0.0,2.0
2025-10-27,510,South,25031,91714.0,07:58:00,07:59:10,07:59:10,0,2345,Everett Station Bay C1,12.0,0.0
2025-10-27,510,South,25031,91714.0,,08:01:59,08:02:18,1,2367,Broadway & 34th St,1.0,0.0
2025-10-27,510,South,25031,91714.0,08:08:00,08:09:55,08:10:55,2,2868,South Everett Fwy Station Bay 3,17.0,0.0
2025-10-27,510,South,25031,91714.0,08:22:00,08:28:56,08:29:21,3,2765,Mountlake Terrace Fwy Station Bay 6,3.0,0.0
2025-10-27,510,South,25031,91714.0,08:53:00,08:58:11,08:58:41,7,1909,Stewart St & 9th Ave,0.0,13.0
2025-10-27,510,South,25031,91714.0,,09:00:04,09:00:30,8,1908,Stewart St & 7th Ave,0.0,5.0
2025-10-27,510,South,25031,91714.0,08:59:00,09:01:51,09:03:03,9,2698,5th Ave & Pine St,0.0,6.0
2025-10-27,510,South,25031,91714.0,,09:05:13,09:05:44,10,2700,5th Ave & Seneca St,0.0,5.0
2025-10-27,510,South,25031,91714.0,,09:07:10,09:07:39,11,2702,5th Ave & Marion St,0.0,3.0
2025-10-27,510,South,25031,91714.0,,09:08:57,09:09:13,12,2290,5th Ave & Jefferson St,0.0,1.0
2025-10-27,510,South,25031,91714.0,09:17:00,09:11:10,09:11:10,13,2706,5th Ave S & S Jackson St,0.0,0.0
2025-10-27,510,South,25032,19816.0,08:18:00,08:20:10,08:20:10,0,2345,Everett Station Bay C1,17.0,0.0
2025-10-27,510,South,25032,19816.0,,08:23:39,08:24:00,1,2367,Broadway & 34th St,2.0,0.0
2025-10-27,510,South,25032,19816.0,08:29:00,08:32:04,08:33:24,2,2868,South Everett Fwy Station Bay 3,24.0,0.0
2025-10-27,510,South,25032,19816.0,08:42:00,08:48:33,08:48:55,3,2765,Mountlake Terrace Fwy Station Bay 6,1.0,0.0
2025-10-27,510,South,25032,19816.0,09:13:00,09:15:10,09:15:41,7,1909,Stewart St & 9th Ave,0.0,14.0
2025-10-27,510,South,25032,19816.0,,09:16:39,09:17:02,8,1908,Stewart St & 7th Ave,0.0,16.0
2025-10-27,510,South,25032,19816.0,09:19:00,09:18:18,09:19:36,9,2698,5th Ave & Pine St,0.0,8.0
2025-10-27,510,South,25032,19816.0,,09:21:25,09:22:00,10,2700,5th Ave & Seneca St,2.0,2.0
2025-10-27,510,South,25032,19816.0,,09:23:44,09:24:14,11,2702,5th Ave & Marion St,0.0,3.0
2025-10-27,510,South,25032,19816.0,,09:26:34,09:26:49,12,2290,5th Ave & Jefferson St,0.0,2.0
2025-10-27,510,South,25032,19816.0,09:37:00,09:28:55,09:28:55,13,2706,5th Ave S & S Jackson St,0.0,1.0
2025-10-27,510,South,25033,91708.0,08:38:00,08:38:29,08:38:29,0,2345,Everett Station Bay C1,7.0,0.0
2025-10-27,510,South,25033,91708.0,,08:40:09,08:40:09,1,2367,Broadway & 34th St,0.0,0.0
2025-10-27,510,South,25033,91708.0,08:49:00,08:46:45,08:47:50,2,2868,South Everett Fwy Station Bay 3,12.0,0.0
2025-10-27,510,South,25033,91708.0,09:02:00,08:59:08,08:59:39,3,2765,Mountlake Terrace Fwy Station Bay 6,6.0,0.0
2025-10-27,510,South,25033,91708.0,09:33:00,09:23:44,09:24:41,7,1909,Stewart St & 9th Ave,0.0,13.0
2025-10-27,510,South,25033,91708.0,,09:25:33,09:26:07,8,1908,Stewart St & 7th Ave,0.0,8.0
2025-10-27,510,South,25033,91708.0,09:39:00,09:27:14,09:27:33,9,2698,5th Ave & Pine St,0.0,1.0
2025-10-27,510,South,25033,91708.0,,09:29:03,09:29:33,10,2700,5th Ave & Seneca St,0.0,1.0
2025-10-27,510,South,25033,91708.0,,09:30:59,09:31:45,11,2702,5th Ave & Marion St,0.0,2.0
2025-10-27,510,South,25033,91708.0,,09:32:57,09:33:09,12,2290,5th Ave & Jefferson St,0.0,0.0
2025-10-27,510,South,25033,91708.0,09:57:00,09:35:31,09:35:31,13,2706,5th Ave S & S Jackson St,0.0,0.0
2025-10-28,510,North,25001,91726.0,14:00:00,13:59:54,13:59:54,0,640,4th Ave S & S Jackson St,4.0,0.0
2025-10-28,510,North,25001,91726.0,,14:01:35,14:01:52,1,635,4th Ave S & S Washington St,1.0,0.0
2025-10-28,510,North,25001,91726.0,,14:03:30,14:04:08,2,2638,4th Ave & Cherry St,5.0,0.0
2025-10-28,510,North,25001,91726.0,,14:05:24,14:06:35,3,641,4th Ave & Seneca St,10.0,0.0
2025-10-28,510,North,25001,91726.0,14:06:00,14:07:32,14:09:01,4,2976,4th Ave & Pine St,8.0,0.0
2025-10-28,510,North,25001,91726.0,,14:09:50,14:10:42,5,473,Olive Way & 6th Ave,4.0,0.0
2025-10-28,510,North,25001,91726.0,14:10:00,14:12:22,14:13:16,6,430,Howell St & 9th Ave,9.0,0.0
2025-10-28,510,North,25001,91726.0,,14:16:10,14:16:59,7,431,Howell St & Yale Ave,7.0,0.0
2025-10-28,510,North,25001,91726.0,14:30:00,14:29:19,14:29:52,11,2766,Mountlake Terrace Fwy Station Bay 7,0.0,12.0
2025-10-28,510,North,25001,91726.0,14:47:00,14:40:16,14:41:10,12,2869,South Everett Fwy Station Bay 6,1.0,31.0
2025-10-28,510,North,25001,91726.0,,14:48:17,14:48:38,13,3219,Broadway & 33rd St,0.0,6.0
2025-10-28,510,North,25001,91726.0,15:04:00,14:49:57,14:49:57,14,2861,Everett Station,0.0,0.0
2025-10-28,510,North,25002,91905.0,14:20:00,14:26:51,14:26:51,0,640,4th Ave S & S Jackson St,5.0,0.0
2025-10-28,510,North,25002,91905.0,,14:27:26,14:27:35,1,635,4th Ave S & S Washington St,0.0,0.0
2025-10-28,510,North,25002,91905.0,,14:29:10,14:29:49,2,2638,4th Ave & Cherry St,5.0,0.0
2025-10-28,510,North,25002,91905.0,,14:30:55,14:32:23,3,641,4th Ave & Seneca St,5.0,0.0
2025-10-28,510,North,25002,91905.0,14:26:00,14:33:41,14:34:10,4,2976,4th Ave & Pine St,3.0,0.0
2025-10-28,510,North,25002,91905.0,,14:35:56,14:37:00,5,473,Olive Way & 6th Ave,5.0,0.0
2025-10-28,510,North,25002,91905.0,14:30:00,14:37:36,14:38:14,6,430,Howell St & 9th Ave,4.0,3.0
2025-10-28,510,North,25002,91905.0,,14:41:36,14:42:08,7,431,Howell St & Yale Ave,2.0,0.0
2025-10-28,510,North,25002,91905.0,14:50:00,14:56:43,14:57:07,11,2766,Mountlake Terrace Fwy Station Bay 7,1.0,5.0
2025-10-28,510,North,25002,91905.0,15:07:00,15:08:13,15:09:08,12,2869,South Everett Fwy Station Bay 6,1.0,20.0
2025-10-28,510,North,25002,91905.0,,15:16:47,15:17:07,13,3219,Broadway & 33rd St,0.0,3.0
2025-10-28,510,North,25002,91905.0,15:24:00,15:18:17,15:18:17,14,2861,Everett Station,0.0,0.0
2025-10-28,510,North,25003,91911.0,14:50:00,14:51:00,14:51:00,0,640,4th Ave S & S Jackson St,6.0,0.0
2025-10-28,510,North,25003,91911.0,,14:51:39,14:51:55,1,635,4th Ave S & S Washington St,1.0,0.0
2025-10-28,510,North,25003,91911.0,,14:53:26,14:53:57,2,2638,4th Ave & Cherry St,6.0,0.0
2025-10-28,510,North,25003,91911.0,,14:56:37,14:57:15,3,641,4th Ave & Seneca St,7.0,0.0
2025-10-28,510,North,25003,91911.0,14:56:00,14:58:22,14:58:51,4,2976,4th Ave & Pine St,4.0,0.0
2025-10-28,510,North,25003,91911.0,,15:00:03,15:01:01,5,473,Olive Way & 6th Ave,8.0,0.0
2025-10-28,510,North,25003,91911.0,15:00:00,15:02:32,15:03:03,6,430,Howell St & 9th Ave,4.0,0.0
2025-10-28,510,North,25003,91911.0,,15:05:40,15:06:01,7,431,Howell St & Yale Ave,1.0,0.0
2025-10-28,510,North,25003,91911.0,15:20:00,15:21:17,15:21:43,11,2766,Mountlake Terrace Fwy Station Bay 7,1.0,8.0
2025-10-28,510,North,25003,91911.0,15:38:00,15:33:30,15:34:12,12,2869,South Everett Fwy Station Bay 6,0.0,22.0
2025-10-28,510,North,25003,91911.0,,15:42:49,15:43:16,13,3219,Broadway & 33rd St,0.0,8.0
2025-10-28,510,North,25003,91911.0,15:57:00,15:44:26,15:44:26,14,2861,Everett Station,0.0,0.0
2025-10-28,510,North,25004,19817.0,15:10:00,15:11:05,15:11:05,0,640,4th Ave S & S Jackson St,5.0,0.0
2025-10-28,510,North,25004,19817.0,,,,1,635,4th Ave S & S Washington St,,
2025-10-28,510,North,25004,19817.0,,15:13:00,15:13:51,2,2638,4th Ave & Cherry St,9.0,0.0
2025-10-28,510,North,25004,19817.0,,15:16:12,15:16:29,3,641,4th Ave & Seneca St,1.0,0.0
2025-10-28,510,North,25004,19817.0,15:16:00,15:17:44,15:18:42,4,2976,4th Ave & Pine St,7.0,0.0
2025-10-28,510,North,25004,19817.0,,15:20:54,15:22:02,5,473,Olive Way & 6th Ave,8.0,0.0
2025-10-28,510,North,25004,19817.0,15:20:00,15:23:36,15:24:13,6,430,Howell St & 9th Ave,4.0,0.0
2025-10-28,510,North,25004,19817.0,,15:26:42,15:27:22,7,431,Howell St & Yale Ave,5.0,0.0
2025-10-28,510,North,25004,19817.0,15:40:00,15:44:03,15:44:43,11,2766,Mountlake Terrace Fwy Station Bay 7,0.0,4.0
2025-10-28,510,North,25004,19817.0,16:00:00,15:57:54,15:58:46,12,2869,South Everett Fwy Station Bay 6,1.0,36.0
2025-10-28,510,North,25004,19817.0,,16:07:13,16:07:24,13,3219,Broadway & 33rd St,0.0,0.0
2025-10-28,510,North,25004,19817.0,16:21:00,16:08:38,16:08:38,14,2861,Everett Station,0.0,0.0
2025-10-28,510,North,25005,91704.0,15:25:00,15:27:27,15:27:27,0,640,4th Ave S & S Jackson St,2.0,0.0
2025-10-28,510,North,25005,91704.0,,15:29:03,15:29:32,1,635,4th Ave S & S Washington St,2.0,0.0
2025-10-28,510,North,25005,91704.0,,15:31:05,15:32:02,2,2638,4th Ave & Cherry St,10.0,0.0
2025-10-28,510,North,25005,91704.0,,15:34:12,15:35:44,3,641,4th Ave & Seneca St,6.0,0.0
2025-10-28,510,North,25005,91704.0,15:31:00,15:37:02,15:37:50,4,2976,4th Ave & Pine St,7.0,1.0
2025-10-28,510,North,25005,91704.0,,15:39:07,15:41:31,5,473,Olive Way & 6th Ave,4.0,0.0
2025-10-28,510,North,25005,91704.0,15:35:00,15:43:07,15:44:26,6,430,Howell St & 9th Ave,5.0,0.0
2025-10-28,510,North,25005,91704.0,,15:47:40,15:48:27,7,431,Howell St & Yale Ave,3.0,5.0
2025-10-28,510,North,25005,91704.0,15:56:00,16:06:54,16:07:29,11,2766,Mountlake Terrace Fwy Station Bay 7,0.0,8.0
2025-10-28,510,North,25005,91704.0,16:16:00,16:19:59,16:20:59,12,2869,South Everett Fwy Station Bay 6,0.0,24.0
2025-10-28,510,North,25005,91704.0,,16:29:12,16:29:46,13,3219,Broadway & 33rd St,0.0,1.0
2025-10-28,510,North,25005,91704.0,16:38:00,16:31:36,16:31:36,14,2861,Everett Station,0.0,0.0
2025-10-28,510,North,25006,91708.0,15:40:00,15:40:37,15:40:37,0,640,4th Ave S & S Jackson St,1.0,0.0
2025-10-28,510,North,25006,91708.0,,15:42:23,15:42:32,1,635,4th Ave S & S Washington St,0.0,0.0
2025-10-28,510,North,25006,91708.0,,15:43:48,15:44:19,2,2638,4th Ave & Cherry St,5.0,0.0
2025-10-28,510,North,25006,91708.0,,15:48:04,15:48:28,3,641,4th Ave & Seneca St,2.0,0.0
2025-10-28,510,North,25006,91708.0,15:46:00,15:50:27,15:51:24,4,2976,4th Ave & Pine St,1.0,0.0
2025-10-28,510,North,25006,91708.0,,15:52:34,15:53:31,5,473,Olive Way & 6th Ave,6.0,0.0
2025-10-28,510,North,25006,91708.0,15:50:00,15:55:07,15:55:29,6,430,Howell St & 9th Ave,2.0,0.0
2025-10-28,510,North,25006,91708.0,,15:58:11,15:58:33,7,431,Howell St & Yale Ave,1.0,0.0
2025-10-28,510,North,25006,91708.0,16:12:00,16:16:23,16:16:43,11,2766,Mountlake Terrace Fwy Station Bay 7,0.0,0.0
2025-10-28,510,North,25006,91708.0,16:35:00,16:29:03,16:29:37,12,2869,South Everett Fwy Station Bay 6,0.0,18.0
2025-10-28,510,North,25006,91708.0,,16:37:15,16:37:15,13,3219,Broadway & 33rd St,0.0,0.0
2025-10-28,510,North,25006,91708.0,16:58:00,16:38:42,16:38:42,14,2861,Everett Station,0.0,0.0
2025-10-28,510,North,25007,91902.0,15:55:00,15:55:26,15:55:26,0,640,4th Ave S & S Jackson St,2.0,0.0
2025-10-28,510,North,25007,91902.0,,15:56:05,15:56:16,1,635,4th Ave S & S Washington St,0.0,0.0
2025-10-28,510,North,25007,91902.0,,15:57:59,15:58:55,2,2638,4th Ave & Cherry St,4.0,0.0
2025-10-28,510,North,25007,91902.0,,16:00:06,16:01:14,3,641,4th Ave & Seneca St,4.0,0.0
2025-10-28,510,North,25007,91902.0,16:01:00,16:02:22,16:03:06,4,2976,4th Ave & Pine St,4.0,0.0
2025-10-28,510,North,25007,91902.0,,16:04:21,16:05:32,5,473,Olive Way & 6th Ave,3.0,0.0
2025-10-28,510,North,25007,91902.0,16:05:00,16:07:04,16:07:58,6,430,Howell St & 9th Ave,5.0,0.0
2025-10-28,510,North,25007,91902.0,,16:11:39,16:12:27,7,431,Howell St & Yale Ave,3.0,0.0
2025-10-28,510,North,25007,91902.0,16:28:00,16:31:39,16:32:11,11,2766,Mountlake Terrace Fwy Station Bay 7,0.0,0.0
2025-10-28,510,North,25007,91902.0,16:51:00,16:45:54,16:46:53,12,2869,South Everett Fwy Station Bay 6,0.0,19.0
2025-10-28,510,North,25007,91902.0,,16:55:58,16:56:31,13,3219,Broadway & 33rd St,0.0,6.0
2025-10-28,510,North,25007,91902.0,17:14:00,16:57:36,16:57:36,14,2861,Everett Station,0.0,0.0
2025-10-28,510,North,25008,19852.0,16:10:00,16:11:39,16:11:39,0,640,4th Ave S & S Jackson St,6.0,0.0
2025-10-28,510,North,25008,19852.0,,16:12:41,16:13:00,1,635,4th Ave S & S Washington St,1.0,0.0
2025-10-28,510,North,25008,19852.0,,16:14:24,16:15:35,2,2638,4th Ave & Cherry St,9.0,0.0
2025-10-28,510,North,25008,19852.0,,16:16:33,16:17:48,3,641,4th Ave & Seneca St,10.0,0.0
2025-10-28,510,North,25008,19852.0,16:16:00,16:18:58,16:19:52,4,2976,4th Ave & Pine St,4.0,0.0
2025-10-28,510,North,25008,19852.0,,16:20:59,16:22:05,5,473,Olive Way & 6th Ave,5.0,0.0
2025-10-28,510,North,25008,19852.0,16:20:00,16:23:34,16:24:07,6,430,Howell St & 9th Ave,3.0,0.0
2025-10-28,510,North,25008,19852.0,,16:26:38,16:27:13,7,431,Howell St & Yale Ave,3.0,0.0
2025-10-28,510,North,25008,19852.0,16:43:00,16:47:14,16:47:41,11,2766,Mountlake Terrace Fwy Station Bay 7,0.0,6.0
2025-10-28,510,North,25008,19852.0,17:06:00,17:01:43,17:02:48,12,2869,South Everett Fwy Station Bay 6,1.0,35.0
2025-10-28,510,North,25008,19852.0,,17:11:22,17:11:37,13,3219,Broadway & 33rd St,0.0,1.0
2025-10-28,510,North,25008,19852.0,17:29:00,17:13:13,17:13:13,14,2861,Everett Station,0.0,0.0
2025-10-28,510,North,25009,,16:25:00,,,0,640,4th Ave S & S Jackson St,,
2025-10-28,510,North,25009,,,,,1,635,4th Ave S & S Washington St,,
2025-10-28,510,North,25009,,,,,2,2638,4th Ave & Cherry St,,
2025-10-28,510,North,25009,,,,,3,641,4th Ave & Seneca St,,
2025-10-28,510,North,25009,,16:31:00,,,4,2976,4th Ave & Pine St,,
2025-10-28,510,North,25009,,,,,5,473,Olive Way & 6th Ave,,
2025-10-28,510,North,25009,,16:35:00,,,6,430,Howell St & 9th Ave,,
2025-10-28,510,North,25009,,,,,7,431,Howell St & Yale Ave,,
2025-10-28,510,North,25009,,16:58:00,,,11,2766,Mountlake Terrace Fwy Station Bay 7,,
2025-10-28,510,North,25009,,17:21:00,,,12,2869,South Everett Fwy Station Bay 6,,
2025-10-28,510,North,25009,,,,,13,3219,Broadway & 33rd St,,
2025-10-28,510,North,25009,,17:44:00,,,14,2861,Everett Station,,
2025-10-28,510,North,25010,91702.0,16:40:00,16:45:02,16:45:02,0,640,4th Ave S & S Jackson St,4.0,0.0
2025-10-28,510,North,25010,91702.0,,16:45:40,16:46:02,1,635,4th Ave S & S Washington St,1.0,0.0
2025-10-28,510,North,25010,91702.0,,16:47:50,16:48:48,2,2638,4th Ave & Cherry St,15.0,1.0
2025-10-28,510,North,25010,91702.0,,16:50:37,16:52:17,3,641,4th Ave & Seneca St,13.0,0.0
2025-10-28,510,North,25010,91702.0,16:46:00,16:53:34,16:54:21,4,2976,4th Ave & Pine St,4.0,0.0
2025-10-28,510,North,25010,91702.0,,16:56:46,16:58:06,5,473,Olive Way & 6th Ave,13.0,0.0
2025-10-28,510,North,25010,91702.0,16:50:00,16:59:36,17:00:04,6,430,Howell St & 9th Ave,3.0,0.0
2025-10-28,510,North,25010,91702.0,,17:02:38,17:03:20,7,431,Howell St & Yale Ave,4.0,1.0
2025-10-28,510,North,25010,91702.0,17:13:00,17:24:52,17:25:25,11,2766,Mountlake Terrace Fwy Station Bay 7,1.0,7.0
2025-10-28,510,North,25010,91702.0,17:36:00,17:40:43,17:42:55,12,2869,South Everett Fwy Station Bay 6,0.0,31.0
2025-10-28,510,North,25010,91702.0,,17:52:07,17:52:07,13,3219,Broadway & 33rd St,0.0,0.0
2025-10-28,510,North,25010,91702.0,17:59:00,17:52:58,17:52:58,14,2861,Everett Station,0.0,18.0
2025-10-28,510,North,25011,91731.0,16:55:00,16:55:35,16:55:35,0,640,4th Ave S & S Jackson St,0.0,0.0
2025-10-28,510,North,25011,91731.0,,16:56:30,16:56:30,1,635,4th Ave S & S Washington St,0.0,0.0
2025-10-28,510,North,25011,91731.0,,16:59:07,16:59:07,2,2638,4th Ave & Cherry St,0.0,0.0
2025-10-28,510,North,25011,91731.0,,17:00:10,17:01:11,3,641,4th Ave & Seneca St,0.0,0.0
2025-10-28,510,North,25011,91731.0,17:01:00,17:03:20,17:03:20,4,2976,4th Ave & Pine St,0.0,0.0
2025-10-28,510,North,25011,91731.0,,17:05:47,17:05:47,5,473,Olive Way & 6th Ave,0.0,0.0
2025-10-28,510,North,25011,91731.0,17:05:00,17:07:44,17:07:44,6,430,Howell St & 9th Ave,0.0,0.0
2025-10-28,510,North,25011,91731.0,,17:11:55,17:11:55,7,431,Howell St & Yale Ave,0.0,0.0
2025-10-28,510,North,25011,91731.0,17:27:00,17:31:47,17:32:11,11,2766,Mountlake Terrace Fwy Station Bay 7,0.0,0.0
2025-10-28,510,North,25011,91731.0,17:50:00,17:46:22,17:47:03,12,2869,South Everett Fwy Station Bay 6,0.0,0.0
2025-10-28,510,North,25011,91731.0,,17:55:47,17:56:20,13,3219,Broadway & 33rd St,0.0,0.0
2025-10-28,510,North,25011,91731.0,18:09:00,17:57:31,17:57:31,14,2861,Everett Station,0.0,0.0
2025-10-28,510,North,25012,91727.0,17:10:00,17:10:37,17:10:37,0,640,4th Ave S & S Jackson St,0.0,0.0
2025-10-28,510,North,25012,91727.0,,17:12:11,17:12:23,1,635,4th Ave S & S Washington St,1.0,0.0
2025-10-28,510,North,25012,91727.0,,17:14:23,17:15:07,2,2638,4th Ave & Cherry St,7.0,0.0
2025-10-28,510,North,25012,91727.0,,17:19:04,17:20:43,3,641,4th Ave & Seneca St,9.0,0.0
2025-10-28,510,North,25012,91727.0,17:16:00,17:22:01,17:22:53,4,2976,4th Ave & Pine St,8.0,0.0
2025-10-28,510,North,25012,91727.0,,17:24:06,17:25:13,5,473,Olive Way & 6th Ave,17.0,0.0
2025-10-28,510,North,25012,91727.0,17:20:00,17:27:08,17:27:59,6,430,Howell St & 9th Ave,10.0,1.0
2025-10-28,510,North,25012,91727.0,,17:31:08,17:31:58,7,431,Howell St & Yale Ave,7.0,0.0
2025-10-28,510,North,25012,91727.0,17:42:00,17:52:36,17:53:10,11,2766,Mountlake Terrace Fwy Station Bay 7,0.0,11.0
2025-10-28,510,North,25012,91727.0,18:05:00,18:07:58,18:09:08,12,2869,South Everett Fwy Station Bay 6,0.0,23.0
2025-10-28,510,North,25012,91727.0,,18:16:50,18:17:08,13,3219,Broadway & 33rd St,0.0,4.0
2025-10-28,510,North,25012,91727.0,18:21:00,18:18:35,18:18:35,14,2861,Everett Station,1.0,21.0
2025-10-28,510,North,25013,91707.0,17:25:00,17:26:47,17:26:47,0,640,4th Ave S & S Jackson St,3.0,0.0
2025-10-28,510,North,25013,91707.0,,17:27:29,17:27:34,1,635,4th Ave S & S Washington St,0.0,0.0
2025-10-28,510,North,25013,91707.0,,17:28:30,17:28:51,2,2638,4th Ave & Cherry St,3.0,0.0
2025-10-28,510,North,25013,91707.0,,17:30:12,17:31:30,3,641,4th Ave & Seneca St,6.0,0.0
2025-10-28,510,North,25013,91707.0,17:31:00,17:32:58,17:33:32,4,2976,4th Ave & Pine St,3.0,0.0
2025-10-28,510,North,25013,91707.0,,17:34:25,17:35:28,5,473,Olive Way & 6th Ave,5.0,0.0
2025-10-28,510,North,25013,91707.0,17:35:00,17:37:10,17:37:25,6,430,Howell St & 9th Ave,1.0,0.0
2025-10-28,510,North,25013,91707.0,,17:41:35,17:41:35,7,431,Howell St & Yale Ave,0.0,0.0
2025-10-28,510,North,25013,91707.0,17:56:00,18:01:12,18:01:52,11,2766,Mountlake Terrace Fwy Station Bay 7,1.0,3.0
2025-10-28,510,North,25013,91707.0,18:18:00,18:15:36,18:16:41,12,2869,South Everett Fwy Station Bay 6,1.0,20.0
2025-10-28,510,North,25013,91707.0,,18:24:15,18:24:15,13,3219,Broadway & 33rd St,0.0,0.0
2025-10-28,510,North,25013,91707.0,18:33:00,18:25:18,18:25:18,14,2861,Everett Station,0.0,0.0
2025-10-28,510,North,25014,19813.0,17:45:00,17:47:02,17:47:02,0,640,4th Ave S & S Jackson St,3.0,0.0
2025-10-28,510,North,25014,19813.0,,17:48:26,17:48:36,1,635,4th Ave S & S Washington St,0.0,0.0
2025-10-28,510,North,25014,19813.0,,17:49:22,17:49:51,2,2638,4th Ave & Cherry St,3.0,0.0
2025-10-28,510,North,25014,19813.0,,17:52:36,17:53:42,3,641,4th Ave & Seneca St,11.0,0.0
2025-10-28,510,North,25014,19813.0,17:51:00,17:56:07,17:57:19,4,2976,4th Ave & Pine St,8.0,0.0
2025-10-28,510,North,25014,19813.0,,17:58:30,17:59:35,5,473,Olive Way & 6th Ave,1.0,0.0
2025-10-28,510,North,25014,19813.0,17:55:00,18:01:01,18:01:25,6,430,Howell St & 9th Ave,3.0,0.0
2025-10-28,510,North,25014,19813.0,,18:04:07,18:04:35,7,431,Howell St & Yale Ave,3.0,0.0
2025-10-28,510,North,25014,19813.0,18:13:00,18:23:34,18:23:58,11,2766,Mountlake Terrace Fwy Station Bay 7,0.0,3.0
2025-10-28,510,North,25014,19813.0,18:32:00,18:37:32,18:37:59,12,2869,South Everett Fwy Station Bay 6,0.0,20.0
2025-10-28,510,North,25014,19813.0,,18:45:54,18:46:15,13,3219,Broadway & 33rd St,0.0,1.0
2025-10-28,510,North,25014,19813.0,18:43:00,18:47:33,18:47:33,14,2861,Everett Station,0.0,8.0
2025-10-28,510,North,25015,9560.0,18:05:00,18:05:22,18:05:22,0,640,4th Ave S & S Jackson St,0.0,0.0
2025-10-28,510,North,25015,9560.0,,18:06:39,18:06:51,1,635,4th Ave S & S Washington St,0.0,0.0
2025-10-28,510,North,25015,9560.0,,18:08:28,18:08:56,2,2638,4th Ave & Cherry St,3.0,0.0
2025-10-28,510,North,25015,9560.0,,18:11:42,18:12:17,3,641,4th Ave & Seneca St,3.0,0.0
2025-10-28,510,North,25015,9560.0,18:11:00,18:14:23,18:15:21,4,2976,4th Ave & Pine St,3.0,0.0
2025-10-28,510,North,25015,9560.0,,18:18:04,18:19:02,5,473,Olive Way & 6th Ave,3.0,0.0
2025-10-28,510,North,25015,9560.0,18:14:00,18:20:33,18:20:59,6,430,Howell St & 9th Ave,2.0,0.0
2025-10-28,510,North,25015,9560.0,,18:25:09,18:25:29,7,431,Howell St & Yale Ave,1.0,0.0
2025-10-28,510,North,25015,9560.0,18:32:00,18:41:42,18:41:58,11,2766,Mountlake Terrace Fwy Station Bay 7,0.0,0.0
2025-10-28,510,North,25015,9560.0,18:48:00,18:55:12,18:55:55,12,2869,South Everett Fwy Station Bay 6,0.0,10.0
2025-10-28,510,North,25015,9560.0,,19:04:02,19:04:13,13,3219,Broadway & 33rd St,0.0,0.0
2025-10-28,510,North,25015,9560.0,18:59:00,19:05:31,19:05:31,14,2861,Everett Station,1.0,6.0
2025-10-28,510,North,25016,91728.0,18:30:00,18:32:16,18:32:16,0,640,4th Ave S & S Jackson St,5.0,0.0
2025-10-28,510,North,25016,91728.0,,18:33:31,18:33:41,1,635,4th Ave S & S Washington St,0.0,0.0
2025-10-28,510,North,25016,91728.0,,18:35:27,18:35:46,2,2638,4th Ave & Cherry St,2.0,0.0
2025-10-28,510,North,25016,91728.0,,18:38:32,18:38:57,3,641,4th Ave & Seneca St,2.0,0.0
2025-10-28,510,North,25016,91728.0,18:36:00,18:40:28,18:41:35,4,2976,4th Ave & Pine St,2.0,0.0
2025-10-28,510,North,25016,91728.0,,18:43:30,18:44:31,5,473,Olive Way & 6th Ave,4.0,0.0
2025-10-28,510,North,25016,91728.0,18:39:00,18:45:12,18:45:44,6,430,Howell St & 9th Ave,4.0,0.0
2025-10-28,510,North,25016,91728.0,,18:49:08,18:49:23,7,431,Howell St & Yale Ave,0.0,0.0
2025-10-28,510,North,25016,91728.0,18:57:00,19:02:00,19:02:13,11,2766,Mountlake Terrace Fwy Station Bay 7,0.0,1.0
2025-10-28,510,North,25016,91728.0,19:12:00,19:13:50,19:14:29,12,2869,South Everett Fwy Station Bay 6,0.0,13.0
2025-10-28,510,North,25016,91728.0,,19:22:03,19:22:14,13,3219,Broadway & 33rd St,0.0,0.0
2025-10-28,510,North,25016,91728.0,19:22:00,19:23:37,19:23:37,14,2861,Everett Station,0.0,5.0
2025-10-28,510,South,25017,91710.0,04:05:00,04:05:13,04:05:13,0,2986,Hewitt Ave & Fulton St,5.0,0.0
2025-10-28,510,South,25017,91710.0,,04:06:34,04:06:34,1,2440,Hewitt Ave & Lombard Ave,0.0,0.0
2025-10-28,510,South,25017,91710.0,,04:08:37,04:08:52,2,2355,Wetmore Ave & Wall St,1.0,0.0
2025-10-28,510,South,25017,91710.0,,04:09:32,04:09:32,3,2359,Pacific Ave & Rockefeller Ave,0.0,0.0
2025-10-28,510,South,25017,91710.0,04:11:00,04:11:25,04:12:27,4,2345,Everett Station Bay C1,16.0,0.0
2025-10-28,510,South,25017,91710.0,,04:14:05,04:14:05,5,2367,Broadway & 34th St,0.0,0.0
2025-10-28,510,South,25017,91710.0,04:20:00,04:21:02,04:21:51,6,2868,South Everett Fwy Station Bay 3,4.0,0.0
2025-10-28,510,South,25017,91710.0,04:31:00,04:32:18,04:32:38,7,2765,Mountlake Terrace Fwy Station Bay 6,1.0,0.0
2025-10-28,510,South,25017,91710.0,04:48:00,04:46:38,04:47:10,11,1909,Stewart St & 9th Ave,0.0,5.0
2025-10-28,510,South,25017,91710.0,,04:48:09,04:48:32,12,1908,Stewart St & 7th Ave,0.0,2.0
2025-10-28,510,South,25017,91710.0,04:52:00,04:49:31,04:50:20,13,2698,5th Ave & Pine St,0.0,5.0
2025-10-28,510,South,25017,91710.0,,04:51:16,04:51:51,14,2700,5th Ave & Seneca St,0.0,7.0
2025-10-28,510,South,25017,91710.0,,04:52:32,04:53:13,15,2702,5th Ave & Marion St,0.0,5.0
2025-10-28,510,South,25017,91710.0,,04:55:06,04:55:19,16,2290,5th Ave & Jefferson St,0.0,0.0
2025-10-28,510,South,25017,91710.0,05:00:00,04:56:45,04:56:45,17,2706,5th Ave S & S Jackson St,0.0,3.0
2025-10-28,510,South,25018,91714.0,04:40:00,04:40:05,04:40:05,0,2986,Hewitt Ave & Fulton St,3.0,0.0
2025-10-28,510,South,25018,91714.0,,04:41:13,04:41:13,1,2440,Hewitt Ave & Lombard Ave,0.0,0.0
2025-10-28,510,South,25018,91714.0,,04:43:28,04:43:48,2,2355,Wetmore Ave & Wall St,3.0,0.0
2025-10-28,510,South,25018,91714.0,,04:44:33,04:44:42,3,2359,Pacific Ave & Rockefeller Ave,1.0,0.0
2025-10-28,510,South,25018,91714.0,04:46:00,04:46:49,04:47:48,4,2345,Everett Station Bay C1,13.0,0.0
2025-10-28,510,South,25018,91714.0,,04:49:21,04:49:21,5,2367,Broadway & 34th St,0.0,0.0
2025-10-28,510,South,25018,91714.0,04:57:00,04:56:01,04:58:52,6,2868,South Everett Fwy Station Bay 3,19.0,0.0
2025-10-28,510,South,25018,91714.0,05:08:00,05:09:29,05:09:57,7,2765,Mountlake Terrace Fwy Station Bay 6,4.0,0.0
2025-10-28,510,South,25018,91714.0,05:26:00,05:24:13,05:24:41,11,1909,Stewart St & 9th Ave,0.0,10.0
2025-10-28,510,South,25018,91714.0,,05:26:04,05:26:24,12,1908,Stewart St & 7th Ave,0.0,4.0
2025-10-28,510,South,25018,91714.0,05:30:00,05:27:31,05:28:20,13,2698,5th Ave & Pine St,0.0,4.0
2025-10-28,510,South,25018,91714.0,,05:29:23,05:29:50,14,2700,5th Ave & Seneca St,0.0,10.0
2025-10-28,510,South,25018,91714.0,,05:30:32,05:31:06,15,2702,5th Ave & Marion St,0.0,7.0
2025-10-28,510,South,25018,91714.0,,05:32:29,05:32:50,16,2290,5th Ave & Jefferson St,0.0,2.0
2025-10-28,510,South,25018,91714.0,05:38:00,05:35:08,05:35:08,17,2706,5th Ave S & S Jackson St,0.0,6.0
2025-10-28,510,South,25019,91907.0,05:10:00,05:10:09,05:10:09,0,2345,Everett Station Bay C1,16.0,0.0
2025-10-28,510,South,25019,91907.0,,05:11:47,05:12:13,1,2367,Broadway & 34th St,4.0,0.0
2025-10-28,510,South,25019,91907.0,05:20:00,05:19:17,05:20:36,2,2868,South Everett Fwy Station Bay 3,19.0,0.0
2025-10-28,510,South,25019,91907.0,05:31:00,05:31:18,05:31:58,3,2765,Mountlake Terrace Fwy Station Bay 6,8.0,0.0
2025-10-28,510,South,25019,91907.0,05:49:00,05:46:27,05:47:06,7,1909,Stewart St & 9th Ave,0.0,8.0
2025-10-28,510,South,25019,91907.0,,05:48:05,05:48:25,8,1908,Stewart St & 7th Ave,0.0,1.0
2025-10-28,510,South,25019,91907.0,05:54:00,05:49:33,05:50:23,9,2698,5th Ave & Pine St,0.0,8.0
2025-10-28,510,South,25019,91907.0,,05:51:19,05:51:56,10,2700,5th Ave & Seneca St,0.0,11.0
2025-10-28,510,South,25019,91907.0,,05:52:38,05:53:11,11,2702,5th Ave & Marion St,0.0,10.0
2025-10-28,510,South,25019,91907.0,,05:53:55,05:54:26,12,2290,5th Ave & Jefferson St,0.0,9.0
2025-10-28,510,South,25019,91907.0,06:03:00,05:56:12,05:56:12,13,2706,5th Ave S & S Jackson St,0.0,0.0
2025-10-28,510,South,25020,91721.0,05:40:00,05:40:23,05:40:23,0,2345,Everett Station Bay C1,28.0,0.0
2025-10-28,510,South,25020,91721.0,,05:42:16,05:42:47,1,2367,Broadway & 34th St,2.0,0.0
2025-10-28,510,South,25020,91721.0,05:50:00,05:49:56,05:51:06,2,2868,South Everett Fwy Station Bay 3,21.0,0.0
2025-10-28,510,South,25020,91721.0,06:01:00,06:01:31,06:01:57,3,2765,Mountlake Terrace Fwy Station Bay 6,3.0,1.0
2025-10-28,510,South,25020,91721.0,06:22:00,06:15:19,06:16:09,7,1909,Stewart St & 9th Ave,0.0,10.0
2025-10-28,510,South,25020,91721.0,,06:16:41,06:17:05,8,1908,Stewart St & 7th Ave,0.0,4.0
2025-10-28,510,South,25020,91721.0,06:28:00,06:18:25,06:18:43,9,2698,5th Ave & Pine St,0.0,3.0
2025-10-28,510,South,25020,91721.0,,06:21:29,06:22:00,10,2700,5th Ave & Seneca St,0.0,13.0
2025-10-28,510,South,25020,91721.0,,06:23:24,06:24:15,11,2702,5th Ave & Marion St,0.0,11.0
2025-10-28,510,South,25020,91721.0,,06:25:24,06:25:53,12,2290,5th Ave & Jefferson St,0.0,8.0
2025-10-28,510,South,25020,91721.0,06:38:00,06:27:20,06:27:20,13,2706,5th Ave S & S Jackson St,0.0,4.0
2025-10-28,510,South,25021,91710.0,05:52:00,05:52:59,05:52:59,0,2345,Everett Station Bay C1,27.0,0.0
2025-10-28,510,South,25021,91710.0,,05:54:55,05:55:27,1,2367,Broadway & 34th St,2.0,0.0
2025-10-28,510,South,25021,91710.0,06:02:00,06:02:43,06:04:01,2,2868,South Everett Fwy Station Bay 3,19.0,1.0
2025-10-28,510,South,25021,91710.0,06:14:00,06:16:04,06:16:33,3,2765,Mountlake Terrace Fwy Station Bay 6,2.0,2.0
2025-10-28,510,South,25021,91710.0,06:35:00,06:31:42,06:32:14,7,1909,Stewart St & 9th Ave,0.0,3.0
2025-10-28,510,South,25021,91710.0,,06:33:09,06:33:48,8,1908,Stewart St & 7th Ave,0.0,5.0
2025-10-28,510,South,25021,91710.0,06:41:00,06:34:56,06:36:05,9,2698,5th Ave & Pine St,0.0,7.0
2025-10-28,510,South,25021,91710.0,,06:36:58,06:37:36,10,2700,5th Ave & Seneca St,0.0,9.0
2025-10-28,510,South,25021,91710.0,,06:38:36,06:39:18,11,2702,5th Ave & Marion St,0.0,10.0
2025-10-28,510,South,25021,91710.0,,06:40:29,06:41:00,12,2290,5th Ave & Jefferson St,0.0,8.0
2025-10-28,510,South,25021,91710.0,06:51:00,06:42:34,06:42:34,13,2706,5th Ave S & S Jackson St,0.0,5.0
2025-10-28,510,South,25022,91716.0,06:04:00,06:04:00,06:04:00,0,2345,Everett Station Bay C1,13.0,0.0
2025-10-28,510,South,25022,91716.0,,06:05:55,06:05:55,1,2367,Broadway & 34th St,0.0,0.0
2025-10-28,510,South,25022,91716.0,06:14:00,06:12:33,06:13:53,2,2868,South Everett Fwy Station Bay 3,10.0,0.0
2025-10-28,510,South,25022,91716.0,06:26:00,06:25:55,06:26:12,3,2765,Mountlake Terrace Fwy Station Bay 6,0.0,1.0
2025-10-28,510,South,25022,91716.0,06:48:00,06:42:56,06:43:25,7,1909,Stewart St & 9th Ave,0.0,3.0
2025-10-28,510,South,25022,91716.0,,06:43:51,06:44:17,8,1908,Stewart St & 7th Ave,0.0,5.0
2025-10-28,510,South,25022,91716.0,06:54:00,06:46:54,06:47:22,9,2698,5th Ave & Pine St,0.0,3.0
2025-10-28,510,South,25022,91716.0,,06:50:11,06:50:37,10,2700,5th Ave & Seneca St,0.0,3.0
2025-10-28,510,South,25022,91716.0,,06:52:00,06:52:48,11,2702,5th Ave & Marion St,0.0,7.0
2025-10-28,510,South,25022,91716.0,,06:53:59,06:54:20,12,2290,5th Ave & Jefferson St,0.0,1.0
2025-10-28,510,South,25022,91716.0,07:04:00,06:57:05,06:57:05,13,2706,5th Ave S & S Jackson St,0.0,0.0
2025-10-28,510,South,25023,91902.0,06:16:00,06:16:19,06:16:19,0,2345,Everett Station Bay C1,13.0,0.0
2025-10-28,510,South,25023,91902.0,,06:18:01,06:18:17,1,2367,Broadway & 34th St,1.0,0.0
2025-10-28,510,South,25023,91902.0,06:26:00,06:25:48,06:26:57,2,2868,South Everett Fwy Station Bay 3,19.0,0.0
2025-10-28,510,South,25023,91902.0,06:38:00,06:41:14,06:41:55,3,2765,Mountlake Terrace Fwy Station Bay 6,0.0,0.0
2025-10-28,510,South,25023,91902.0,07:00:00,06:58:03,06:58:32,7,1909,Stewart St & 9th Ave,0.0,7.0
2025-10-28,510,South,25023,91902.0,,06:59:03,06:59:30,8,1908,Stewart St & 7th Ave,0.0,11.0
2025-10-28,510,South,25023,91902.0,07:06:00,07:01:55,07:02:33,9,2698,5th Ave & Pine St,0.0,4.0
2025-10-28,510,South,25023,91902.0,,07:04:53,07:05:19,10,2700,5th Ave & Seneca St,0.0,5.0
2025-10-28,510,South,25023,91902.0,,07:06:56,07:07:43,11,2702,5th Ave & Marion St,0.0,4.0
2025-10-28,510,South,25023,91902.0,,07:08:52,07:09:07,12,2290,5th Ave & Jefferson St,0.0,1.0
2025-10-28,510,South,25023,91902.0,07:17:00,07:11:19,07:11:19,13,2706,5th Ave S & S Jackson St,0.0,1.0
2025-10-28,510,South,25024,91910.0,06:28:00,06:28:37,06:28:37,0,2345,Everett Station Bay C1,19.0,0.0
2025-10-28,510,South,25024,91910.0,,06:30:37,06:31:02,1,2367,Broadway & 34th St,2.0,0.0
2025-10-28,510,South,25024,91910.0,06:38:00,06:38:25,06:40:07,2,2868,South Everett Fwy Station Bay 3,22.0,0.0
2025-10-28,510,South,25024,91910.0,06:50:00,06:58:01,06:58:27,3,2765,Mountlake Terrace Fwy Station Bay 6,3.0,0.0
2025-10-28,510,South,25024,91910.0,07:13:00,07:16:00,07:16:35,7,1909,Stewart St & 9th Ave,1.0,8.0
2025-10-28,510,South,25024,91910.0,,07:17:07,07:17:41,8,1908,Stewart St & 7th Ave,0.0,13.0
2025-10-28,510,South,25024,91910.0,07:19:00,07:19:52,07:21:03,9,2698,5th Ave & Pine St,0.0,5.0
2025-10-28,510,South,25024,91910.0,,07:21:54,07:22:35,10,2700,5th Ave & Seneca St,0.0,7.0
2025-10-28,510,South,25024,91910.0,,07:23:36,07:24:16,11,2702,5th Ave & Marion St,0.0,8.0
2025-10-28,510,South,25024,91910.0,,07:25:27,07:25:56,12,2290,5th Ave & Jefferson St,0.0,2.0
2025-10-28,510,South,25024,91910.0,07:30:00,07:27:27,07:27:27,13,2706,5th Ave S & S Jackson St,0.0,4.0
2025-10-28,510,South,25025,91704.0,06:40:00,06:43:37,06:43:37,0,2345,Everett Station Bay C1,16.0,0.0
2025-10-28,510,South,25025,91704.0,,,,1,2367,Broadway & 34th St,,
2025-10-28,510,South,25025,91704.0,06:50:00,06:52:31,06:54:14,2,2868,South Everett Fwy Station Bay 3,29.0,0.0
2025-10-28,510,South,25025,91704.0,07:03:00,07:13:18,07:13:53,3,2765,Mountlake Terrace Fwy Station Bay 6,3.0,3.0
2025-10-28,510,South,25025,91704.0,07:28:00,07:33:59,07:34:40,7,1909,Stewart St & 9th Ave,0.0,10.0
2025-10-28,510,South,25025,91704.0,,07:36:09,07:36:48,8,1908,Stewart St & 7th Ave,0.0,3.0
2025-10-28,510,South,25025,91704.0,07:34:00,07:39:23,07:40:35,9,2698,5th Ave & Pine St,1.0,8.0
2025-10-28,510,South,25025,91704.0,,07:42:45,07:43:53,10,2700,5th Ave & Seneca St,0.0,10.0
2025-10-28,510,South,25025,91704.0,,07:44:56,07:45:34,11,2702,5th Ave & Marion St,0.0,11.0
2025-10-28,510,South,25025,91704.0,,07:46:33,07:47:02,12,2290,5th Ave & Jefferson St,0.0,4.0
2025-10-28,510,South,25025,91704.0,07:47:00,07:49:13,07:49:13,13,2706,5th Ave S & S Jackson St,0.0,0.0
2025-10-28,510,South,25026,91731.0,06:52:00,06:52:06,06:52:06,0,2345,Everett Station Bay C1,0.0,0.0
2025-10-28,510,South,25026,91731.0,,06:55:32,06:55:32,1,2367,Broadway & 34th St,0.0,0.0
2025-10-28,510,South,25026,91731.0,07:02:00,07:04:08,07:04:08,2,2868,South Everett Fwy Station Bay 3,0.0,0.0
2025-10-28,510,South,25026,91731.0,07:15:00,07:24:08,07:24:08,3,2765,Mountlake Terrace Fwy Station Bay 6,0.0,0.0
2025-10-28,510,South,25026,91731.0,07:40:00,07:43:13,07:43:52,7,1909,Stewart St & 9th Ave,0.0,0.0
2025-10-28,510,South,25026,91731.0,,07:45:08,07:45:46,8,1908,Stewart St & 7th Ave,22.0,4.0
2025-10-28,510,South,25026,91731.0,07:46:00,07:48:13,07:48:32,9,2698,5th Ave & Pine St,0.0,3.0
2025-10-28,510,South,25026,91731.0,,07:50:42,07:51:20,10,2700,5th Ave & Seneca St,0.0,6.0
2025-10-28,510,South,25026,91731.0,,07:52:14,07:52:44,11,2702,5th Ave & Marion St,0.0,8.0
2025-10-28,510,South,25026,91731.0,,07:55:01,07:55:14,12,2290,5th Ave & Jefferson St,0.0,0.0
2025-10-28,510,South,25026,91731.0,07:59:00,07:57:23,07:57:23,13,2706,5th Ave S & S Jackson St,0.0,1.0
2025-10-28,510,South,25027,91911.0,07:04:00,07:05:06,07:05:06,0,2345,Everett Station Bay C1,8.0,0.0
2025-10-28,510,South,25027,91911.0,,07:07:12,07:07:12,1,2367,Broadway & 34th St,0.0,0.0
2025-10-28,510,South,25027,91911.0,07:14:00,07:14:31,07:16:06,2,2868,South Everett Fwy Station Bay 3,19.0,0.0
2025-10-28,510,South,25027,91911.0,07:28:00,07:36:39,07:37:03,3,2765,Mountlake Terrace Fwy Station Bay 6,3.0,0.0
2025-10-28,510,South,25027,91911.0,07:59:00,08:06:58,08:07:32,7,1909,Stewart St & 9th Ave,0.0,10.0
2025-10-28,510,South,25027,91911.0,,08:08:04,08:08:33,8,1908,Stewart St & 7th Ave,0.0,4.0
2025-10-28,510,South,25027,91911.0,08:05:00,08:12:20,08:13:31,9,2698,5th Ave & Pine St,0.0,4.0
2025-10-28,510,South,25027,91911.0,,08:15:52,08:16:32,10,2700,5th Ave & Seneca St,0.0,7.0
2025-10-28,510,South,25027,91911.0,,08:17:37,08:18:13,11,2702,5th Ave & Marion St,0.0,3.0
2025-10-28,510,South,25027,91911.0,,08:19:25,08:19:44,12,2290,5th Ave & Jefferson St,0.0,1.0
2025-10-28,510,South,25027,91911.0,08:20:00,08:22:26,08:22:26,13,2706,5th Ave S & S Jackson St,0.0,1.0
2025-10-28,510,South,25028,19853.0,07:16:00,,,0,2345,Everett Station Bay C1,,
2025-10-28,510,South,25028,19853.0,,,,1,2367,Broadway & 34th St,,
2025-10-28,510,South,25028,19853.0,07:26:00,07:30:39,07:30:39,2,2868,South Everett Fwy Station Bay 3,21.0,0.0
2025-10-28,510,South,25028,19853.0,07:40:00,07:51:56,07:52:49,3,2765,Mountlake Terrace Fwy Station Bay 6,26.0,2.0
2025-10-28,510,South,25028,19853.0,08:11:00,08:36:22,08:37:18,7,1909,Stewart St & 9th Ave,0.0,20.0
2025-10-28,510,South,25028,19853.0,,08:37:55,08:38:35,8,1908,Stewart St & 7th Ave,0.0,7.0
2025-10-28,510,South,25028,19853.0,08:17:00,08:41:03,08:42:05,9,2698,5th Ave & Pine St,3.0,4.0
2025-10-28,510,South,25028,19853.0,,08:44:17,08:44:52,10,2700,5th Ave & Seneca St,0.0,4.0
2025-10-28,510,South,25028,19853.0,,08:47:28,08:48:18,11,2702,5th Ave & Marion St,0.0,12.0
2025-10-28,510,South,25028,19853.0,,08:50:36,08:50:58,12,2290,5th Ave & Jefferson St,0.0,1.0
2025-10-28,510,South,25028,19853.0,08:34:00,08:54:12,08:54:12,13,2706,5th Ave S & S Jackson St,0.0,0.0
2025-10-28,510,South,25029,91711.0,07:28:00,07:28:53,07:28:53,0,2345,Everett Station Bay C1,12.0,0.0
2025-10-28,510,South,25029,91711.0,,07:32:00,07:33:32,1,2367,Broadway & 34th St,3.0,2.0
2025-10-28,510,South,25029,91711.0,07:38:00,07:41:13,07:42:22,2,2868,South Everett Fwy Station Bay 3,13.0,0.0
2025-10-28,510,South,25029,91711.0,07:52:00,08:03:37,08:03:48,3,2765,Mountlake Terrace Fwy Station Bay 6,0.0,0.0
2025-10-28,510,South,25029,91711.0,08:23:00,08:38:36,08:39:44,7,1909,Stewart St & 9th Ave,0.0,9.0
2025-10-28,510,South,25029,91711.0,,08:40:49,08:41:13,8,1908,Stewart St & 7th Ave,0.0,3.0
2025-10-28,510,South,25029,91711.0,08:29:00,08:42:22,08:43:36,9,2698,5th Ave & Pine St,0.0,6.0
2025-10-28,510,South,25029,91711.0,,08:45:54,08:46:15,10,2700,5th Ave & Seneca St,0.0,1.0
2025-10-28,510,South,25029,91711.0,,08:47:44,08:48:18,11,2702,5th Ave & Marion St,0.0,6.0
2025-10-28,510,South,25029,91711.0,,08:50:38,08:50:56,12,2290,5th Ave & Jefferson St,0.0,1.0
2025-10-28,510,South,25029,91711.0,08:47:00,08:54:54,08:54:54,13,2706,5th Ave S & S Jackson St,0.0,0.0
2025-10-28,510,South,25030,91703.0,07:43:00,,,0,2345,Everett Station Bay C1,,
2025-10-28,510,South,25030,91703.0,,,,1,2367,Broadway & 34th St,,
2025-10-28,510,South,25030,91703.0,07:53:00,,,2,2868,South Everett Fwy Station Bay 3,,
2025-10-28,510,South,25030,91703.0,08:07:00,08:14:08,08:14:08,3,2765,Mountlake Terrace Fwy Station Bay 6,33.0,0.0
2025-10-28,510,South,25030,91703.0,08:38:00,08:58:14,08:59:13,7,1909,Stewart St & 9th Ave,0.0,15.0
2025-10-28,510,South,25030,91703.0,,09:00:08,09:00:34,8,1908,Stewart St & 7th Ave,0.0,9.0
2025-10-28,510,South,25030,91703.0,08:44:00,09:02:05,09:02:29,9,2698,5th Ave & Pine St,1.0,1.0
2025-10-28,510,South,25030,91703.0,,09:05:17,09:05:47,10,2700,5th Ave & Seneca St,0.0,6.0
2025-10-28,510,South,25030,91703.0,,09:07:16,09:07:48,11,2702,5th Ave & Marion St,0.0,2.0
2025-10-28,510,South,25030,91703.0,,09:08:56,09:09:28,12,2290,5th Ave & Jefferson St,0.0,1.0
2025-10-28,510,South,25030,91703.0,09:02:00,09:11:19,09:11:19,13,2706,5th Ave S & S Jackson St,0.0,0.0
2025-10-28,510,South,25031,91727.0,07:58:00,07:58:23,07:58:23,0,2345,Everett Station Bay C1,16.0,0.0
2025-10-28,510,South,25031,91727.0,,08:00:14,08:00:23,1,2367,Broadway & 34th St,0.0,0.0
2025-10-28,510,South,25031,91727.0,08:08:00,08:08:03,08:09:32,2,2868,South Everett Fwy Station Bay 3,21.0,0.0
2025-10-28,510,South,25031,91727.0,08:22:00,08:25:52,08:26:15,3,2765,Mountlake Terrace Fwy Station Bay 6,2.0,0.0
2025-10-28,510,South,25031,91727.0,08:53:00,09:03:55,09:04:24,7,1909,Stewart St & 9th Ave,0.0,11.0
2025-10-28,510,South,25031,91727.0,,09:04:52,09:05:25,8,1908,Stewart St & 7th Ave,1.0,9.0
2025-10-28,510,South,25031,91727.0,08:59:00,09:07:49,09:09:03,9,2698,5th Ave & Pine St,0.0,5.0
2025-10-28,510,South,25031,91727.0,,09:11:09,09:12:20,10,2700,5th Ave & Seneca St,2.0,6.0
2025-10-28,510,South,25031,91727.0,,09:13:01,09:13:43,11,2702,5th Ave & Marion St,0.0,6.0
2025-10-28,510,South,25031,91727.0,,09:16:00,09:16:13,12,2290,5th Ave & Jefferson St,0.0,1.0
2025-10-28,510,South,25031,91727.0,09:17:00,09:19:00,09:19:00,13,2706,5th Ave S & S Jackson St,0.0,4.0
2025-10-28,510,South,25032,19812.0,08:18:00,08:19:10,08:19:10,0,2345,Everett Station Bay C1,17.0,0.0
2025-10-28,510,South,25032,19812.0,,08:21:58,08:22:10,1,2367,Broadway & 34th St,0.0,0.0
2025-10-28,510,South,25032,19812.0,08:29:00,08:29:33,08:31:03,2,2868,South Everett Fwy Station Bay 3,28.0,0.0
2025-10-28,510,South,25032,19812.0,08:42:00,08:43:21,08:43:47,3,2765,Mountlake Terrace Fwy Station Bay 6,2.0,0.0
2025-10-28,510,South,25032,19812.0,09:13:00,09:22:03,09:22:45,7,1909,Stewart St & 9th Ave,1.0,20.0
2025-10-28,510,South,25032,19812.0,,09:24:04,09:24:33,8,1908,Stewart St & 7th Ave,0.0,16.0
2025-10-28,510,South,25032,19812.0,09:19:00,09:25:51,09:27:04,9,2698,5th Ave & Pine St,0.0,2.0
2025-10-28,510,South,25032,19812.0,,09:30:24,09:30:48,10,2700,5th Ave & Seneca St,1.0,4.0
2025-10-28,510,South,25032,19812.0,,09:32:28,09:33:12,11,2702,5th Ave & Marion St,0.0,4.0
2025-10-28,510,South,25032,19812.0,,09:35:33,09:35:49,12,2290,5th Ave & Jefferson St,0.0,1.0
2025-10-28,510,South,25032,19812.0,09:37:00,09:37:45,09:37:45,13,2706,5th Ave S & S Jackson St,0.0,2.0
2025-10-28,510,South,25033,91704.0,08:38:00,08:33:47,08:33:47,0,2345,Everett Station Bay C1,1.0,0.0
2025-10-28,510,South,25033,91704.0,,08:40:25,08:40:25,1,2367,Broadway & 34th St,4.0,0.0
2025-10-28,510,South,25033,91704.0,08:49:00,08:48:10,08:49:27,2,2868,South Everett Fwy Station Bay 3,12.0,0.0
2025-10-28,510,South,25033,91704.0,09:02:00,09:01:01,09:02:11,3,2765,Mountlake Terrace Fwy Station Bay 6,0.0,0.0
2025-10-28,510,South,25033,91704.0,09:33:00,09:30:20,09:31:05,7,1909,Stewart St & 9th Ave,0.0,5.0
2025-10-28,510,South,25033,91704.0,,09:31:48,09:32:12,8,1908,Stewart St & 7th Ave,0.0,3.0
2025-10-28,510,South,25033,91704.0,09:39:00,09:36:19,09:37:36,9,2698,5th Ave & Pine St,0.0,3.0
2025-10-28,510,South,25033,91704.0,,09:40:05,09:40:50,10,2700,5th Ave & Seneca St,0.0,3.0
2025-10-28,510,South,25033,91704.0,,09:41:40,09:42:16,11,2702,5th Ave & Marion St,0.0,2.0
2025-10-28,510,South,25033,91704.0,,09:44:30,09:44:51,12,2290,5th Ave & Jefferson St,0.0,1.0
2025-10-28,510,South,25033,91704.0,09:57:00,09:47:39,09:47:39,13,2706,5th Ave S & S Jackson St,0.0,0.0
2025-10-29,510,North,25001,91705.0,14:00:00,14:00:15,14:00:15,0,640,4th Ave S & S Jackson St,2.0,0.0
2025-10-29,510,North,25001,91705.0,,14:00:44,14:01:10,1,635,4th Ave S & S Washington St,1.0,0.0
2025-10-29,510,North,25001,91705.0,,14:02:19,14:03:00,2,2638,4th Ave & Cherry St,3.0,0.0
2025-10-29,510,North,25001,91705.0,,14:04:14,14:05:12,3,641,4th Ave & Seneca St,8.0,0.0
2025-10-29,510,North,25001,91705.0,14:06:00,14:06:22,14:07:24,4,2976,4th Ave & Pine St,5.0,0.0
2025-10-29,510,North,25001,91705.0,,14:08:35,14:09:23,5,473,Olive Way & 6th Ave,6.0,0.0
2025-10-29,510,North,25001,91705.0,14:10:00,14:10:03,14:10:53,6,430,Howell St & 9th Ave,8.0,0.0
2025-10-29,510,North,25001,91705.0,,14:13:03,14:13:30,7,431,Howell St & Yale Ave,3.0,0.0
2025-10-29,510,North,25001,91705.0,14:30:00,14:25:58,14:26:25,11,2766,Mountlake Terrace Fwy Station Bay 7,0.0,7.0
2025-10-29,510,North,25001,91705.0,14:47:00,14:37:07,14:40:14,12,2869,South Everett Fwy Station Bay 6,1.0,30.0
2025-10-29,510,North,25001,91705.0,,,,13,3219,Broadway & 33rd St,,
2025-10-29,510,North,25001,91705.0,15:04:00,14:59:43,14:59:43,14,2861,Everett Station,0.0,0.0
2025-10-29,510,North,25002,91717.0,14:20:00,14:20:20,14:20:20,0,640,4th Ave S & S Jackson St,3.0,0.0
2025-10-29,510,North,25002,91717.0,,14:21:01,14:21:28,1,635,4th Ave S & S Washington St,2.0,0.0
2025-10-29,510,North,25002,91717.0,,14:22:24,14:22:58,2,2638,4th Ave & Cherry St,4.0,0.0
2025-10-29,510,North,25002,91717.0,,14:24:20,14:25:17,3,641,4th Ave & Seneca St,3.0,0.0
2025-10-29,510,North,25002,91717.0,14:26:00,14:26:29,14:27:23,4,2976,4th Ave & Pine St,9.0,0.0
2025-10-29,510,North,25002,91717.0,,14:28:38,14:29:25,5,473,Olive Way & 6th Ave,6.0,0.0
2025-10-29,510,North,25002,91717.0,14:30:00,14:31:06,14:31:47,6,430,Howell St & 9th Ave,10.0,0.0
2025-10-29,510,North,25002,91717.0,,14:34:19,14:34:50,7,431,Howell St & Yale Ave,1.0,0.0
2025-10-29,510,North,25002,91717.0,14:50:00,14:49:20,14:49:50,11,2766,Mountlake Terrace Fwy Station Bay 7,1.0,4.0
2025-10-29,510,North,25002,91717.0,15:07:00,15:01:11,15:02:02,12,2869,South Everett Fwy Station Bay 6,0.0,17.0
2025-10-29,510,North,25002,91717.0,,15:10:49,15:18:36,13,3219,Broadway & 33rd St,4.0,22.0
2025-10-29,510,North,25002,91717.0,15:24:00,15:19:52,15:19:52,14,2861,Everett Station,0.0,0.0
2025-10-29,510,North,25003,91903.0,14:50:00,14:50:21,14:50:21,0,640,4th Ave S & S Jackson St,4.0,0.0
2025-10-29,510,North,25003,91903.0,,14:51:29,14:51:46,1,635,4th Ave S & S Washington St,1.0,0.0
2025-10-29,510,North,25003,91903.0,,14:53:18,14:54:05,2,2638,4th Ave & Cherry St,7.0,0.0
2025-10-29,510,North,25003,91903.0,,14:55:37,14:56:45,3,641,4th Ave & Seneca St,8.0,0.0
2025-10-29,510,North,25003,91903.0,14:56:00,14:57:55,14:58:50,4,2976,4th Ave & Pine St,4.0,0.0
2025-10-29,510,North,25003,91903.0,,14:59:51,15:01:01,5,473,Olive Way & 6th Ave,7.0,0.0
2025-10-29,510,North,25003,91903.0,15:00:00,15:01:40,15:02:36,6,430,Howell St & 9th Ave,9.0,0.0
2025-10-29,510,North,25003,91903.0,,15:05:38,15:06:01,7,431,Howell St & Yale Ave,1.0,0.0
2025-10-29,510,North,25003,91903.0,15:20:00,15:21:29,15:22:03,11,2766,Mountlake Terrace Fwy Station Bay 7,1.0,15.0
2025-10-29,510,North,25003,91903.0,15:38:00,15:34:51,15:35:42,12,2869,South Everett Fwy Station Bay 6,1.0,25.0
2025-10-29,510,North,25003,91903.0,,15:44:34,15:44:47,13,3219,Broadway & 33rd St,0.0,3.0
2025-10-29,510,North,25003,91903.0,15:57:00,15:45:57,15:45:57,14,2861,Everett Station,0.0,0.0
2025-10-29,510,North,25004,91908.0,15:10:00,15:12:32,15:12:32,0,640,4th Ave S & S Jackson St,3.0,0.0
2025-10-29,510,North,25004,91908.0,,,,1,635,4th Ave S & S Washington St,,
2025-10-29,510,North,25004,91908.0,,15:14:28,15:15:46,2,2638,4th Ave & Cherry St,9.0,0.0
2025-10-29,510,North,25004,91908.0,,15:17:59,15:19:26,3,641,4th Ave & Seneca St,3.0,0.0
2025-10-29,510,North,25004,91908.0,15:16:00,15:20:33,15:21:21,4,2976,4th Ave & Pine St,5.0,0.0
2025-10-29,510,North,25004,91908.0,,15:22:31,15:23:33,5,473,Olive Way & 6th Ave,4.0,0.0
2025-10-29,510,North,25004,91908.0,15:20:00,15:25:12,15:25:52,6,430,Howell St & 9th Ave,4.0,0.0
2025-10-29,510,North,25004,91908.0,,15:28:22,15:28:56,7,431,Howell St & Yale Ave,6.0,0.0
2025-10-29,510,North,25004,91908.0,15:40:00,15:48:29,15:48:59,11,2766,Mountlake Terrace Fwy Station Bay 7,0.0,3.0
2025-10-29,510,North,25004,91908.0,16:00:00,16:02:06,16:03:32,12,2869,South Everett Fwy Station Bay 6,1.0,31.0
2025-10-29,510,North,25004,91908.0,,16:13:06,16:13:22,13,3219,Broadway & 33rd St,0.0,1.0
2025-10-29,510,North,25004,91908.0,16:21:00,16:14:44,16:14:44,14,2861,Everett Station,0.0,0.0
2025-10-29,510,North,25005,91721.0,15:25:00,15:27:23,15:27:23,0,640,4th Ave S & S Jackson St,8.0,0.0
2025-10-29,510,North,25005,91721.0,,15:28:50,15:29:29,1,635,4th Ave S & S Washington St,2.0,0.0
2025-10-29,510,North,25005,91721.0,,15:31:04,15:31:57,2,2638,4th Ave & Cherry St,6.0,0.0
2025-10-29,510,North,25005,91721.0,,15:33:09,15:34:17,3,641,4th Ave & Seneca St,3.0,0.0
2025-10-29,510,North,25005,91721.0,15:31:00,15:35:24,15:36:41,4,2976,4th Ave & Pine St,5.0,1.0
2025-10-29,510,North,25005,91721.0,,15:38:51,15:40:02,5,473,Olive Way & 6th Ave,6.0,1.0
2025-10-29,510,North,25005,91721.0,15:35:00,15:41:38,15:42:54,6,430,Howell St & 9th Ave,6.0,2.0
2025-10-29,510,North,25005,91721.0,,15:45:15,15:45:57,7,431,Howell St & Yale Ave,3.0,2.0
2025-10-29,510,North,25005,91721.0,15:56:00,16:07:22,16:07:58,11,2766,Mountlake Terrace Fwy Station Bay 7,0.0,10.0
2025-10-29,510,North,25005,91721.0,16:16:00,16:20:21,16:21:24,12,2869,South Everett Fwy Station Bay 6,0.0,23.0
2025-10-29,510,North,25005,91721.0,,16:29:40,16:29:55,13,3219,Broadway & 33rd St,0.0,0.0
2025-10-29,510,North,25005,91721.0,16:38:00,16:31:50,16:31:50,14,2861,Everett Station,0.0,0.0
2025-10-29,510,North,25006,91911.0,15:40:00,15:42:26,15:42:26,0,640,4th Ave S & S Jackson St,3.0,0.0
2025-10-29,510,North,25006,91911.0,,15:44:00,15:44:22,1,635,4th Ave S & S Washington St,1.0,0.0
2025-10-29,510,North,25006,91911.0,,15:46:01,15:46:33,2,2638,4th Ave & Cherry St,6.0,0.0
2025-10-29,510,North,25006,91911.0,,15:48:59,15:49:23,3,641,4th Ave & Seneca St,1.0,0.0
2025-10-29,510,North,25006,91911.0,15:46:00,15:50:32,15:51:19,4,2976,4th Ave & Pine St,2.0,0.0
2025-10-29,510,North,25006,91911.0,,15:52:29,15:53:34,5,473,Olive Way & 6th Ave,11.0,0.0
2025-10-29,510,North,25006,91911.0,15:50:00,15:55:03,15:55:35,6,430,Howell St & 9th Ave,4.0,0.0
2025-10-29,510,North,25006,91911.0,,15:59:36,16:00:12,7,431,Howell St & Yale Ave,4.0,0.0
2025-10-29,510,North,25006,91911.0,16:12:00,16:20:24,16:21:01,11,2766,Mountlake Terrace Fwy Station Bay 7,1.0,3.0
2025-10-29,510,North,25006,91911.0,16:35:00,16:33:26,16:34:06,12,2869,South Everett Fwy Station Bay 6,1.0,16.0
2025-10-29,510,North,25006,91911.0,,16:42:50,16:43:09,13,3219,Broadway & 33rd St,0.0,1.0
2025-10-29,510,North,25006,91911.0,16:58:00,16:44:11,16:44:11,14,2861,Everett Station,0.0,14.0
2025-10-29,510,North,25007,91723.0,15:55:00,15:57:12,15:57:12,0,640,4th Ave S & S Jackson St,3.0,0.0
2025-10-29,510,North,25007,91723.0,,15:57:51,15:58:13,1,635,4th Ave S & S Washington St,1.0,0.0
2025-10-29,510,North,25007,91723.0,,15:59:30,16:00:45,2,2638,4th Ave & Cherry St,11.0,0.0
2025-10-29,510,North,25007,91723.0,,16:02:36,16:03:21,3,641,4th Ave & Seneca St,5.0,0.0
2025-10-29,510,North,25007,91723.0,16:01:00,16:04:22,16:04:52,4,2976,4th Ave & Pine St,3.0,0.0
2025-10-29,510,North,25007,91723.0,,16:06:03,16:07:11,5,473,Olive Way & 6th Ave,10.0,0.0
2025-10-29,510,North,25007,91723.0,16:05:00,16:08:38,16:09:20,6,430,Howell St & 9th Ave,5.0,0.0
2025-10-29,510,North,25007,91723.0,,16:13:12,16:13:49,7,431,Howell St & Yale Ave,3.0,1.0
2025-10-29,510,North,25007,91723.0,16:28:00,16:34:26,16:34:58,11,2766,Mountlake Terrace Fwy Station Bay 7,0.0,8.0
2025-10-29,510,North,25007,91723.0,16:51:00,16:47:55,16:49:10,12,2869,South Everett Fwy Station Bay 6,0.0,29.0
2025-10-29,510,North,25007,91723.0,,16:56:58,16:57:35,13,3219,Broadway & 33rd St,0.0,3.0
2025-10-29,510,North,25007,91723.0,17:14:00,16:58:37,16:58:37,14,2861,Everett Station,0.0,0.0
2025-10-29,510,North,25008,19856.0,16:10:00,16:10:32,16:10:32,0,640,4th Ave S & S Jackson St,3.0,0.0
2025-10-29,510,North,25008,19856.0,,16:11:10,16:11:25,1,635,4th Ave S & S Washington St,1.0,0.0
2025-10-29,510,North,25008,19856.0,,16:12:58,16:13:38,2,2638,4th Ave & Cherry St,8.0,0.0
2025-10-29,510,North,25008,19856.0,,16:15:03,16:15:37,3,641,4th Ave & Seneca St,4.0,0.0
2025-10-29,510,North,25008,19856.0,16:16:00,16:17:20,16:18:23,4,2976,4th Ave & Pine St,3.0,0.0
2025-10-29,510,North,25008,19856.0,,16:19:26,16:20:34,5,473,Olive Way & 6th Ave,16.0,0.0
2025-10-29,510,North,25008,19856.0,16:20:00,16:22:03,16:22:39,6,430,Howell St & 9th Ave,4.0,0.0
2025-10-29,510,North,25008,19856.0,,16:25:07,16:25:39,7,431,Howell St & Yale Ave,7.0,1.0
2025-10-29,510,North,25008,19856.0,16:43:00,16:45:07,16:45:40,11,2766,Mountlake Terrace Fwy Station Bay 7,0.0,12.0
2025-10-29,510,North,25008,19856.0,17:06:00,16:58:37,16:59:36,12,2869,South Everett Fwy Station Bay 6,0.0,19.0
2025-10-29,510,North,25008,19856.0,,17:07:15,17:07:15,13,3219,Broadway & 33rd St,0.0,0.0
2025-10-29,510,North,25008,19856.0,17:29:00,17:08:31,17:08:31,14,2861,Everett Station,0.0,14.0
2025-10-29,510,North,25009,,16:25:00,,,0,640,4th Ave S & S Jackson St,,
2025-10-29,510,North,25009,,,,,1,635,4th Ave S & S Washington St,,
2025-10-29,510,North,25009,,,,,2,2638,4th Ave & Cherry St,,
2025-10-29,510,North,25009,,,,,3,641,4th Ave & Seneca St,,
2025-10-29,510,North,25009,,16:31:00,,,4,2976,4th Ave & Pine St,,
2025-10-29,510,North,25009,,,,,5,473,Olive Way & 6th Ave,,
2025-10-29,510,North,25009,,16:35:00,,,6,430,Howell St & 9th Ave,,
2025-10-29,510,North,25009,,,,,7,431,Howell St & Yale Ave,,
2025-10-29,510,North,25009,,16:58:00,,,11,2766,Mountlake Terrace Fwy Station Bay 7,,
2025-10-29,510,North,25009,,17:21:00,,,12,2869,South Everett Fwy Station Bay 6,,
2025-10-29,510,North,25009,,,,,13,3219,Broadway & 33rd St,,
2025-10-29,510,North,25009,,17:44:00,,,14,2861,Everett Station,,
2025-10-29,510,North,25010,91712.0,16:40:00,16:48:39,16:48:39,0,640,4th Ave S & S Jackson St,5.0,0.0
2025-10-29,510,North,25010,91712.0,,16:49:56,16:49:56,1,635,4th Ave S & S Washington St,0.0,0.0
2025-10-29,510,North,25010,91712.0,,16:50:44,16:51:47,2,2638,4th Ave & Cherry St,14.0,0.0
2025-10-29,510,North,25010,91712.0,,16:53:31,16:54:20,3,641,4th Ave & Seneca St,6.0,0.0
2025-10-29,510,North,25010,91712.0,16:46:00,16:56:09,16:57:21,4,2976,4th Ave & Pine St,7.0,0.0
2025-10-29,510,North,25010,91712.0,,16:58:27,16:59:39,5,473,Olive Way & 6th Ave,13.0,0.0
2025-10-29,510,North,25010,91712.0,16:50:00,17:01:10,17:01:43,6,430,Howell St & 9th Ave,5.0,0.0
2025-10-29,510,North,25010,91712.0,,17:05:38,17:06:10,7,431,Howell St & Yale Ave,5.0,0.0
2025-10-29,510,North,25010,91712.0,17:13:00,17:26:03,17:26:50,11,2766,Mountlake Terrace Fwy Station Bay 7,2.0,15.0
2025-10-29,510,North,25010,91712.0,17:36:00,17:40:32,17:43:02,12,2869,South Everett Fwy Station Bay 6,0.0,29.0
2025-10-29,510,North,25010,91712.0,,17:51:50,17:51:50,13,3219,Broadway & 33rd St,0.0,0.0
2025-10-29,510,North,25010,91712.0,17:59:00,17:53:10,17:53:10,14,2861,Everett Station,0.0,13.0
2025-10-29,510,North,25011,19816.0,16:55:00,16:55:34,16:55:34,0,640,4th Ave S & S Jackson St,4.0,0.0
2025-10-29,510,North,25011,19816.0,,16:57:13,16:58:01,1,635,4th Ave S & S Washington St,2.0,0.0
2025-10-29,510,North,25011,19816.0,,16:59:37,17:00:09,2,2638,4th Ave & Cherry St,4.0,0.0
2025-10-29,510,North,25011,19816.0,,17:02:34,17:03:04,3,641,4th Ave & Seneca St,5.0,0.0
2025-10-29,510,North,25011,19816.0,17:01:00,17:05:02,17:05:37,4,2976,4th Ave & Pine St,4.0,0.0
2025-10-29,510,North,25011,19816.0,,17:07:14,17:08:33,5,473,Olive Way & 6th Ave,5.0,0.0
2025-10-29,510,North,25011,19816.0,17:05:00,17:10:08,17:10:46,6,430,Howell St & 9th Ave,9.0,0.0
2025-10-29,510,North,25011,19816.0,,17:14:37,17:15:08,7,431,Howell St & Yale Ave,2.0,2.0
2025-10-29,510,North,25011,19816.0,17:27:00,17:36:22,17:36:57,11,2766,Mountlake Terrace Fwy Station Bay 7,1.0,6.0
2025-10-29,510,North,25011,19816.0,17:50:00,17:50:39,17:51:16,12,2869,South Everett Fwy Station Bay 6,0.0,16.0
2025-10-29,510,North,25011,19816.0,,17:59:09,17:59:40,13,3219,Broadway & 33rd St,0.0,2.0
2025-10-29,510,North,25011,19816.0,18:09:00,18:01:17,18:01:17,14,2861,Everett Station,0.0,10.0
2025-10-29,510,North,25012,91730.0,17:10:00,17:10:15,17:10:15,0,640,4th Ave S & S Jackson St,2.0,0.0
2025-10-29,510,North,25012,91730.0,,17:10:58,17:11:10,1,635,4th Ave S & S Washington St,1.0,0.0
2025-10-29,510,North,25012,91730.0,,17:12:50,17:13:37,2,2638,4th Ave & Cherry St,11.0,0.0
2025-10-29,510,North,25012,91730.0,,17:15:06,17:16:15,3,641,4th Ave & Seneca St,8.0,0.0
2025-10-29,510,North,25012,91730.0,17:16:00,17:17:32,17:18:55,4,2976,4th Ave & Pine St,10.0,1.0
2025-10-29,510,North,25012,91730.0,,17:20:45,17:22:03,5,473,Olive Way & 6th Ave,8.0,0.0
2025-10-29,510,North,25012,91730.0,17:20:00,17:23:33,17:23:57,6,430,Howell St & 9th Ave,2.0,1.0
2025-10-29,510,North,25012,91730.0,,17:26:36,17:27:15,7,431,Howell St & Yale Ave,4.0,0.0
2025-10-29,510,North,25012,91730.0,17:42:00,17:46:30,17:46:57,11,2766,Mountlake Terrace Fwy Station Bay 7,0.0,6.0
2025-10-29,510,North,25012,91730.0,18:05:00,18:00:51,18:01:55,12,2869,South Everett Fwy Station Bay 6,0.0,25.0
2025-10-29,510,North,25012,91730.0,,18:09:25,18:09:42,13,3219,Broadway & 33rd St,0.0,2.0
2025-10-29,510,North,25012,91730.0,18:21:00,18:10:55,18:10:55,14,2861,Everett Station,0.0,11.0
2025-10-29,510,North,25013,91907.0,17:25:00,17:26:47,17:26:47,0,640,4th Ave S & S Jackson St,5.0,0.0
2025-10-29,510,North,25013,91907.0,,17:27:34,17:27:45,1,635,4th Ave S & S Washington St,0.0,0.0
2025-10-29,510,North,25013,91907.0,,17:29:16,17:29:49,2,2638,4th Ave & Cherry St,9.0,0.0
2025-10-29,510,North,25013,91907.0,,17:31:31,17:32:45,3,641,4th Ave & Seneca St,13.0,0.0
2025-10-29,510,North,25013,91907.0,17:31:00,17:34:02,17:34:53,4,2976,4th Ave & Pine St,6.0,0.0
2025-10-29,510,North,25013,91907.0,,17:35:53,17:36:58,5,473,Olive Way & 6th Ave,8.0,0.0
2025-10-29,510,North,25013,91907.0,17:35:00,17:38:44,17:39:13,6,430,Howell St & 9th Ave,5.0,0.0
2025-10-29,510,North,25013,91907.0,,17:41:33,17:41:53,7,431,Howell St & Yale Ave,2.0,0.0
2025-10-29,510,North,25013,91907.0,17:56:00,18:00:09,18:00:39,11,2766,Mountlake Terrace Fwy Station Bay 7,0.0,5.0
2025-10-29,510,North,25013,91907.0,18:18:00,18:13:50,18:14:48,12,2869,South Everett Fwy Station Bay 6,0.0,27.0
2025-10-29,510,North,25013,91907.0,,18:21:57,18:22:28,13,3219,Broadway & 33rd St,0.0,2.0
2025-10-29,510,North,25013,91907.0,18:33:00,18:23:31,18:23:31,14,2861,Everett Station,0.0,14.0
2025-10-29,510,North,25014,91706.0,17:45:00,17:45:12,17:45:12,0,640,4th Ave S & S Jackson St,7.0,0.0
2025-10-29,510,North,25014,91706.0,,17:45:49,17:45:56,1,635,4th Ave S & S Washington St,0.0,0.0
2025-10-29,510,North,25014,91706.0,,17:47:39,17:48:01,2,2638,4th Ave & Cherry St,2.0,0.0
2025-10-29,510,North,25014,91706.0,,17:50:39,17:52:17,3,641,4th Ave & Seneca St,6.0,2.0
2025-10-29,510,North,25014,91706.0,17:51:00,17:53:47,17:54:23,4,2976,4th Ave & Pine St,3.0,2.0
2025-10-29,510,North,25014,91706.0,,17:56:44,17:58:01,5,473,Olive Way & 6th Ave,8.0,0.0
2025-10-29,510,North,25014,91706.0,17:55:00,17:58:40,17:59:33,6,430,Howell St & 9th Ave,7.0,0.0
2025-10-29,510,North,25014,91706.0,,18:02:40,18:03:31,7,431,Howell St & Yale Ave,4.0,0.0
2025-10-29,510,North,25014,91706.0,18:13:00,18:19:53,18:20:17,11,2766,Mountlake Terrace Fwy Station Bay 7,1.0,9.0
2025-10-29,510,North,25014,91706.0,18:32:00,18:33:10,18:34:01,12,2869,South Everett Fwy Station Bay 6,0.0,13.0
2025-10-29,510,North,25014,91706.0,,18:41:40,18:42:04,13,3219,Broadway & 33rd St,0.0,1.0
2025-10-29,510,North,25014,91706.0,18:43:00,18:43:44,18:43:44,14,2861,Everett Station,0.0,11.0
2025-10-29,510,North,25015,19812.0,18:05:00,18:07:34,18:07:34,0,640,4th Ave S & S Jackson St,1.0,0.0
2025-10-29,510,North,25015,19812.0,,18:08:15,18:08:25,1,635,4th Ave S & S Washington St,0.0,0.0
2025-10-29,510,North,25015,19812.0,,18:10:25,18:10:56,2,2638,4th Ave & Cherry St,3.0,0.0
2025-10-29,510,North,25015,19812.0,,18:13:01,18:14:19,3,641,4th Ave & Seneca St,7.0,0.0
2025-10-29,510,North,25015,19812.0,18:11:00,18:15:47,18:17:06,4,2976,4th Ave & Pine St,12.0,0.0
2025-10-29,510,North,25015,19812.0,,18:19:17,18:20:43,5,473,Olive Way & 6th Ave,9.0,0.0
2025-10-29,510,North,25015,19812.0,18:14:00,18:22:08,18:23:02,6,430,Howell St & 9th Ave,5.0,0.0
2025-10-29,510,North,25015,19812.0,,18:26:36,18:27:29,7,431,Howell St & Yale Ave,5.0,0.0
2025-10-29,510,North,25015,19812.0,18:32:00,18:42:31,18:42:58,11,2766,Mountlake Terrace Fwy Station Bay 7,0.0,6.0
2025-10-29,510,North,25015,19812.0,18:48:00,18:55:48,18:56:48,12,2869,South Everett Fwy Station Bay 6,0.0,10.0
2025-10-29,510,North,25015,19812.0,,19:04:04,19:04:29,13,3219,Broadway & 33rd St,0.0,1.0
2025-10-29,510,North,25015,19812.0,18:59:00,19:05:51,19:05:51,14,2861,Everett Station,0.0,25.0
2025-10-29,510,North,25016,19855.0,18:30:00,18:31:24,18:31:24,0,640,4th Ave S & S Jackson St,7.0,0.0
2025-10-29,510,North,25016,19855.0,,18:31:59,18:32:29,1,635,4th Ave S & S Washington St,0.0,0.0
2025-10-29,510,North,25016,19855.0,,18:33:54,18:34:31,2,2638,4th Ave & Cherry St,5.0,0.0
2025-10-29,510,North,25016,19855.0,,18:36:01,18:36:26,3,641,4th Ave & Seneca St,3.0,0.0
2025-10-29,510,North,25016,19855.0,18:36:00,18:38:21,18:38:33,4,2976,4th Ave & Pine St,0.0,0.0
2025-10-29,510,North,25016,19855.0,,18:40:16,18:41:31,5,473,Olive Way & 6th Ave,6.0,1.0
2025-10-29,510,North,25016,19855.0,18:39:00,18:42:10,18:42:39,6,430,Howell St & 9th Ave,4.0,0.0
2025-10-29,510,North,25016,19855.0,,18:46:05,18:46:25,7,431,Howell St & Yale Ave,1.0,1.0
2025-10-29,510,North,25016,19855.0,18:57:00,18:58:43,18:59:05,11,2766,Mountlake Terrace Fwy Station Bay 7,0.0,5.0
2025-10-29,510,North,25016,19855.0,19:12:00,19:09:49,19:10:20,12,2869,South Everett Fwy Station Bay 6,0.0,9.0
2025-10-29,510,North,25016,19855.0,,19:16:57,19:17:15,13,3219,Broadway & 33rd St,0.0,0.0
2025-10-29,510,North,25016,19855.0,19:22:00,19:18:28,19:18:28,14,2861,Everett Station,1.0,11.0
2025-10-29,510,South,25017,91719.0,04:05:00,04:05:12,04:05:12,0,2986,Hewitt Ave & Fulton St,4.0,0.0
2025-10-29,510,South,25017,91719.0,,04:06:29,04:06:29,1,2440,Hewitt Ave & Lombard Ave,0.0,0.0
2025-10-29,510,South,25017,91719.0,,04:08:33,04:08:48,2,2355,Wetmore Ave & Wall St,1.0,0.0
2025-10-29,510,South,25017,91719.0,,04:09:29,04:09:29,3,2359,Pacific Ave & Rockefeller Ave,0.0,0.0
2025-10-29,510,South,25017,91719.0,04:11:00,04:11:32,04:13:03,4,2345,Everett Station Bay C1,18.0,0.0
2025-10-29,510,South,25017,91719.0,,04:14:41,04:14:41,5,2367,Broadway & 34th St,0.0,0.0
2025-10-29,510,South,25017,91719.0,04:20:00,04:21:39,04:22:38,6,2868,South Everett Fwy Station Bay 3,6.0,0.0
2025-10-29,510,South,25017,91719.0,04:31:00,04:33:18,04:33:45,7,2765,Mountlake Terrace Fwy Station Bay 6,3.0,0.0
2025-10-29,510,South,25017,91719.0,04:48:00,04:48:17,04:49:06,11,1909,Stewart St & 9th Ave,0.0,5.0
2025-10-29,510,South,25017,91719.0,,04:50:09,04:50:26,12,1908,Stewart St & 7th Ave,0.0,0.0
2025-10-29,510,South,25017,91719.0,04:52:00,04:51:29,04:52:20,13,2698,5th Ave & Pine St,0.0,6.0
2025-10-29,510,South,25017,91719.0,,04:53:14,04:53:40,14,2700,5th Ave & Seneca St,0.0,7.0
2025-10-29,510,South,25017,91719.0,,04:54:35,04:55:07,15,2702,5th Ave & Marion St,0.0,4.0
2025-10-29,510,South,25017,91719.0,,04:56:40,04:57:09,16,2290,5th Ave & Jefferson St,0.0,1.0
2025-10-29,510,South,25017,91719.0,05:00:00,04:59:05,04:59:05,17,2706,5th Ave S & S Jackson St,0.0,9.0
2025-10-29,510,South,25018,,04:40:00,,,0,2986,Hewitt Ave & Fulton St,,
2025-10-29,510,South,25018,,,,,1,2440,Hewitt Ave & Lombard Ave,,
2025-10-29,510,South,25018,,,,,2,2355,Wetmore Ave & Wall St,,
2025-10-29,510,South,25018,,,,,3,2359,Pacific Ave & Rockefeller Ave,,
2025-10-29,510,South,25018,,04:46:00,,,4,2345,Everett Station Bay C1,,
2025-10-29,510,South,25018,,,,,5,2367,Broadway & 34th St,,
2025-10-29,510,South,25018,,04:57:00,,,6,2868,South Everett Fwy Station Bay 3,,
2025-10-29,510,South,25018,,05:08:00,,,7,2765,Mountlake Terrace Fwy Station Bay 6,,
2025-10-29,510,South,25018,,05:26:00,,,11,1909,Stewart St & 9th Ave,,
2025-10-29,510,South,25018,,,,,12,1908,Stewart St & 7th Ave,,
2025-10-29,510,South,25018,,05:30:00,,,13,2698,5th Ave & Pine St,,
2025-10-29,510,South,25018,,,,,14,2700,5th Ave & Seneca St,,
2025-10-29,510,South,25018,,,,,15,2702,5th Ave & Marion St,,
2025-10-29,510,South,25018,,,,,16,2290,5th Ave & Jefferson St,,
2025-10-29,510,South,25018,,05:38:00,,,17,2706,5th Ave S & S Jackson St,,
2025-10-29,510,South,25019,91721.0,05:10:00,05:14:09,05:14:09,0,2345,Everett Station Bay C1,28.0,0.0
2025-10-29,510,South,25019,91721.0,,05:16:21,05:16:44,1,2367,Broadway & 34th St,4.0,0.0
2025-10-29,510,South,25019,91721.0,05:20:00,05:23:45,05:25:37,2,2868,South Everett Fwy Station Bay 3,28.0,1.0
2025-10-29,510,South,25019,91721.0,05:31:00,05:36:05,05:36:32,3,2765,Mountlake Terrace Fwy Station Bay 6,3.0,0.0
2025-10-29,510,South,25019,91721.0,05:49:00,05:51:14,05:52:06,7,1909,Stewart St & 9th Ave,0.0,9.0
2025-10-29,510,South,25019,91721.0,,05:53:05,05:53:30,8,1908,Stewart St & 7th Ave,0.0,6.0
2025-10-29,510,South,25019,91721.0,05:54:00,05:54:28,05:55:18,9,2698,5th Ave & Pine St,0.0,7.0
2025-10-29,510,South,25019,91721.0,,05:56:19,05:57:19,10,2700,5th Ave & Seneca St,0.0,18.0
2025-10-29,510,South,25019,91721.0,,05:58:36,05:59:18,11,2702,5th Ave & Marion St,0.0,12.0
2025-10-29,510,South,25019,91721.0,,06:00:56,06:01:20,12,2290,5th Ave & Jefferson St,0.0,10.0
2025-10-29,510,South,25019,91721.0,06:03:00,06:02:56,06:02:56,13,2706,5th Ave S & S Jackson St,0.0,0.0
2025-10-29,510,South,25020,91905.0,05:40:00,05:40:09,05:40:09,0,2345,Everett Station Bay C1,28.0,0.0
2025-10-29,510,South,25020,91905.0,,05:41:49,05:42:16,1,2367,Broadway & 34th St,2.0,0.0
2025-10-29,510,South,25020,91905.0,05:50:00,05:50:03,05:51:27,2,2868,South Everett Fwy Station Bay 3,18.0,0.0
2025-10-29,510,South,25020,91905.0,06:01:00,06:04:00,06:04:43,3,2765,Mountlake Terrace Fwy Station Bay 6,9.0,1.0
2025-10-29,510,South,25020,91905.0,06:22:00,06:19:02,06:19:37,7,1909,Stewart St & 9th Ave,0.0,14.0
2025-10-29,510,South,25020,91905.0,,06:21:07,06:21:34,8,1908,Stewart St & 7th Ave,0.0,1.0
2025-10-29,510,South,25020,91905.0,06:28:00,06:22:49,06:23:27,9,2698,5th Ave & Pine St,0.0,7.0
2025-10-29,510,South,25020,91905.0,,06:25:04,06:25:47,10,2700,5th Ave & Seneca St,0.0,11.0
2025-10-29,510,South,25020,91905.0,,06:26:31,06:27:16,11,2702,5th Ave & Marion St,0.0,13.0
2025-10-29,510,South,25020,91905.0,,06:28:28,06:28:59,12,2290,5th Ave & Jefferson St,0.0,10.0
2025-10-29,510,South,25020,91905.0,06:38:00,06:30:57,06:30:57,13,2706,5th Ave S & S Jackson St,0.0,0.0
2025-10-29,510,South,25021,91719.0,05:52:00,05:52:25,05:52:25,0,2345,Everett Station Bay C1,16.0,0.0
2025-10-29,510,South,25021,91719.0,,05:55:07,05:55:29,1,2367,Broadway & 34th St,1.0,0.0
2025-10-29,510,South,25021,91719.0,06:02:00,06:04:10,06:05:24,2,2868,South Everett Fwy Station Bay 3,20.0,2.0
2025-10-29,510,South,25021,91719.0,06:14:00,06:25:05,06:25:49,3,2765,Mountlake Terrace Fwy Station Bay 6,4.0,1.0
2025-10-29,510,South,25021,91719.0,06:35:00,06:40:48,06:41:16,7,1909,Stewart St & 9th Ave,0.0,5.0
2025-10-29,510,South,25021,91719.0,,06:42:10,06:42:37,8,1908,Stewart St & 7th Ave,0.0,6.0
2025-10-29,510,South,25021,91719.0,06:41:00,06:43:53,06:45:02,9,2698,5th Ave & Pine St,0.0,5.0
2025-10-29,510,South,25021,91719.0,,06:46:01,06:46:37,10,2700,5th Ave & Seneca St,0.0,7.0
2025-10-29,510,South,25021,91719.0,,06:47:37,06:48:20,11,2702,5th Ave & Marion St,0.0,7.0
2025-10-29,510,South,25021,91719.0,,06:49:34,06:50:05,12,2290,5th Ave & Jefferson St,0.0,8.0
2025-10-29,510,South,25021,91719.0,06:51:00,06:52:24,06:52:24,13,2706,5th Ave S & S Jackson St,0.0,0.0
2025-10-29,510,South,25022,91728.0,06:04:00,06:04:23,06:04:23,0,2345,Everett Station Bay C1,14.0,0.0
2025-10-29,510,South,25022,91728.0,,06:06:28,06:07:15,1,2367,Broadway & 34th St,2.0,0.0
2025-10-29,510,South,25022,91728.0,06:14:00,06:18:10,06:19:15,2,2868,South Everett Fwy Station Bay 3,19.0,0.0
2025-10-29,510,South,25022,91728.0,06:26:00,06:34:22,06:34:51,3,2765,Mountlake Terrace Fwy Station Bay 6,3.0,3.0
2025-10-29,510,South,25022,91728.0,06:48:00,06:50:29,06:50:59,7,1909,Stewart St & 9th Ave,0.0,6.0
2025-10-29,510,South,25022,91728.0,,06:51:27,06:52:00,8,1908,Stewart St & 7th Ave,0.0,11.0
2025-10-29,510,South,25022,91728.0,06:54:00,06:54:22,06:55:36,9,2698,5th Ave & Pine St,0.0,2.0
2025-10-29,510,South,25022,91728.0,,06:56:24,06:56:52,10,2700,5th Ave & Seneca St,0.0,4.0
2025-10-29,510,South,25022,91728.0,,06:57:59,06:58:49,11,2702,5th Ave & Marion St,0.0,8.0
2025-10-29,510,South,25022,91728.0,,06:59:56,07:00:24,12,2290,5th Ave & Jefferson St,0.0,4.0
2025-10-29,510,South,25022,91728.0,07:04:00,07:02:20,07:02:20,13,2706,5th Ave S & S Jackson St,0.0,0.0
2025-10-29,510,South,25023,,06:16:00,,,0,2345,Everett Station Bay C1,,
2025-10-29,510,South,25023,,,,,1,2367,Broadway & 34th St,,
2025-10-29,510,South,25023,,06:26:00,,,2,2868,South Everett Fwy Station Bay 3,,
2025-10-29,510,South,25023,,06:38:00,,,3,2765,Mountlake Terrace Fwy Station Bay 6,,
2025-10-29,510,South,25023,,07:00:00,,,7,1909,Stewart St & 9th Ave,,
2025-10-29,510,South,25023,,,,,8,1908,Stewart St & 7th Ave,,
2025-10-29,510,South,25023,,07:06:00,,,9,2698,5th Ave & Pine St,,
2025-10-29,510,South,25023,,,,,10,2700,5th Ave & Seneca St,,
2025-10-29,510,South,25023,,,,,11,2702,5th Ave & Marion St,,
2025-10-29,510,South,25023,,,,,12,2290,5th Ave & Jefferson St,,
2025-10-29,510,South,25023,,07:17:00,,,13,2706,5th Ave S & S Jackson St,,
2025-10-29,510,South,25024,91902.0,06:28:00,06:30:24,06:30:24,0,2345,Everett Station Bay C1,27.0,0.0
2025-10-29,510,South,25024,91902.0,,06:33:26,06:33:55,1,2367,Broadway & 34th St,2.0,0.0
2025-10-29,510,South,25024,91902.0,06:38:00,06:44:43,06:47:19,2,2868,South Everett Fwy Station Bay 3,36.0,0.0
2025-10-29,510,South,25024,91902.0,06:50:00,07:05:31,07:06:41,3,2765,Mountlake Terrace Fwy Station Bay 6,3.0,0.0
2025-10-29,510,South,25024,91902.0,07:13:00,07:23:33,07:24:41,7,1909,Stewart St & 9th Ave,0.0,4.0
2025-10-29,510,South,25024,91902.0,,07:25:37,07:26:33,8,1908,Stewart St & 7th Ave,0.0,2.0
2025-10-29,510,South,25024,91902.0,07:19:00,07:28:52,07:30:04,9,2698,5th Ave & Pine St,0.0,14.0
2025-10-29,510,South,25024,91902.0,,07:30:56,07:31:43,10,2700,5th Ave & Seneca St,1.0,14.0
2025-10-29,510,South,25024,91902.0,,07:32:33,07:33:11,11,2702,5th Ave & Marion St,0.0,21.0
2025-10-29,510,South,25024,91902.0,,07:34:30,07:34:58,12,2290,5th Ave & Jefferson St,0.0,0.0
2025-10-29,510,South,25024,91902.0,07:30:00,07:37:16,07:37:16,13,2706,5th Ave S & S Jackson St,0.0,14.0
2025-10-29,510,South,25025,19810.0,06:40:00,06:40:55,06:40:55,0,2345,Everett Station Bay C1,15.0,0.0
2025-10-29,510,South,25025,19810.0,,06:43:32,06:43:32,1,2367,Broadway & 34th St,0.0,0.0
2025-10-29,510,South,25025,19810.0,06:50:00,06:52:49,06:54:33,2,2868,South Everett Fwy Station Bay 3,22.0,0.0
2025-10-29,510,South,25025,19810.0,07:03:00,07:12:58,07:13:35,3,2765,Mountlake Terrace Fwy Station Bay 6,0.0,1.0
2025-10-29,510,South,25025,19810.0,07:28:00,07:34:08,07:34:33,7,1909,Stewart St & 9th Ave,0.0,6.0
2025-10-29,510,South,25025,19810.0,,07:35:05,07:35:36,8,1908,Stewart St & 7th Ave,0.0,5.0
2025-10-29,510,South,25025,19810.0,07:34:00,07:37:53,07:39:05,9,2698,5th Ave & Pine St,0.0,2.0
2025-10-29,510,South,25025,19810.0,,07:41:20,07:41:43,10,2700,5th Ave & Seneca St,0.0,12.0
2025-10-29,510,South,25025,19810.0,,07:43:12,07:43:51,11,2702,5th Ave & Marion St,0.0,8.0
2025-10-29,510,South,25025,19810.0,,07:46:05,07:46:26,12,2290,5th Ave & Jefferson St,0.0,2.0
2025-10-29,510,South,25025,19810.0,07:47:00,07:49:11,07:49:11,13,2706,5th Ave S & S Jackson St,1.0,2.0
2025-10-29,510,South,25026,91703.0,06:52:00,06:52:59,06:52:59,0,2345,Everett Station Bay C1,13.0,0.0
2025-10-29,510,South,25026,91703.0,,06:55:11,06:55:11,1,2367,Broadway & 34th St,0.0,0.0
2025-10-29,510,South,25026,91703.0,07:02:00,07:03:04,07:04:17,2,2868,South Everett Fwy Station Bay 3,20.0,0.0
2025-10-29,510,South,25026,91703.0,07:15:00,07:23:43,07:24:02,3,2765,Mountlake Terrace Fwy Station Bay 6,0.0,0.0
2025-10-29,510,South,25026,91703.0,07:40:00,07:47:35,07:48:11,7,1909,Stewart St & 9th Ave,1.0,8.0
2025-10-29,510,South,25026,91703.0,,07:49:37,07:50:18,8,1908,Stewart St & 7th Ave,0.0,7.0
2025-10-29,510,South,25026,91703.0,07:46:00,07:52:57,07:54:04,9,2698,5th Ave & Pine St,0.0,5.0
2025-10-29,510,South,25026,91703.0,,07:56:00,07:56:34,10,2700,5th Ave & Seneca St,0.0,7.0
2025-10-29,510,South,25026,91703.0,,07:58:06,07:58:44,11,2702,5th Ave & Marion St,0.0,5.0
2025-10-29,510,South,25026,91703.0,,08:01:03,08:01:19,12,2290,5th Ave & Jefferson St,0.0,2.0
2025-10-29,510,South,25026,91703.0,07:59:00,08:02:49,08:02:49,13,2706,5th Ave S & S Jackson St,0.0,0.0
2025-10-29,510,South,25027,19812.0,07:04:00,07:05:40,07:05:40,0,2345,Everett Station Bay C1,14.0,0.0
2025-10-29,510,South,25027,19812.0,,07:08:36,07:08:56,1,2367,Broadway & 34th St,0.0,0.0
2025-10-29,510,South,25027,19812.0,07:14:00,07:18:55,07:21:25,2,2868,South Everett Fwy Station Bay 3,22.0,0.0
2025-10-29,510,South,25027,19812.0,07:28:00,07:44:53,07:45:35,3,2765,Mountlake Terrace Fwy Station Bay 6,1.0,1.0
2025-10-29,510,South,25027,19812.0,07:59:00,08:18:26,08:18:58,7,1909,Stewart St & 9th Ave,0.0,9.0
2025-10-29,510,South,25027,19812.0,,08:19:42,08:20:08,8,1908,Stewart St & 7th Ave,0.0,7.0
2025-10-29,510,South,25027,19812.0,08:05:00,08:23:04,08:24:05,9,2698,5th Ave & Pine St,0.0,5.0
2025-10-29,510,South,25027,19812.0,,08:26:28,08:26:57,10,2700,5th Ave & Seneca St,0.0,4.0
2025-10-29,510,South,25027,19812.0,,08:28:23,08:29:02,11,2702,5th Ave & Marion St,0.0,8.0
2025-10-29,510,South,25027,19812.0,,08:31:06,08:31:24,12,2290,5th Ave & Jefferson St,0.0,1.0
2025-10-29,510,South,25027,19812.0,08:20:00,08:34:15,08:34:15,13,2706,5th Ave S & S Jackson St,0.0,2.0
2025-10-29,510,South,25028,19816.0,07:16:00,07:16:17,07:16:17,0,2345,Everett Station Bay C1,8.0,0.0
2025-10-29,510,South,25028,19816.0,,07:18:44,07:19:34,1,2367,Broadway & 34th St,1.0,0.0
2025-10-29,510,South,25028,19816.0,07:26:00,07:29:16,07:30:03,2,2868,South Everett Fwy Station Bay 3,12.0,0.0
2025-10-29,510,South,25028,19816.0,07:40:00,07:51:33,07:52:23,3,2765,Mountlake Terrace Fwy Station Bay 6,11.0,0.0
2025-10-29,510,South,25028,19816.0,08:11:00,08:24:01,08:24:33,7,1909,Stewart St & 9th Ave,2.0,12.0
2025-10-29,510,South,25028,19816.0,,08:25:37,08:25:53,8,1908,Stewart St & 7th Ave,0.0,6.0
2025-10-29,510,South,25028,19816.0,08:17:00,08:27:21,08:28:35,9,2698,5th Ave & Pine St,1.0,6.0
2025-10-29,510,South,25028,19816.0,,08:30:44,08:30:56,10,2700,5th Ave & Seneca St,0.0,2.0
2025-10-29,510,South,25028,19816.0,,08:32:38,08:33:16,11,2702,5th Ave & Marion St,0.0,6.0
2025-10-29,510,South,25028,19816.0,,08:34:31,08:34:44,12,2290,5th Ave & Jefferson St,0.0,2.0
2025-10-29,510,South,25028,19816.0,08:34:00,08:37:23,08:37:23,13,2706,5th Ave S & S Jackson St,0.0,1.0
2025-10-29,510,South,25029,19817.0,07:28:00,07:29:46,07:29:46,0,2345,Everett Station Bay C1,8.0,0.0
2025-10-29,510,South,25029,19817.0,,07:33:38,07:33:54,1,2367,Broadway & 34th St,1.0,0.0
2025-10-29,510,South,25029,19817.0,07:38:00,07:42:06,07:42:57,2,2868,South Everett Fwy Station Bay 3,10.0,0.0
2025-10-29,510,South,25029,19817.0,07:52:00,08:00:22,08:00:40,3,2765,Mountlake Terrace Fwy Station Bay 6,0.0,2.0
2025-10-29,510,South,25029,19817.0,08:23:00,08:29:33,08:29:49,7,1909,Stewart St & 9th Ave,0.0,5.0
2025-10-29,510,South,25029,19817.0,,08:30:36,08:30:55,8,1908,Stewart St & 7th Ave,0.0,6.0
2025-10-29,510,South,25029,19817.0,08:29:00,08:33:26,08:34:36,9,2698,5th Ave & Pine St,3.0,2.0
2025-10-29,510,South,25029,19817.0,,08:36:42,08:37:11,10,2700,5th Ave & Seneca St,0.0,1.0
2025-10-29,510,South,25029,19817.0,,08:38:38,08:39:16,11,2702,5th Ave & Marion St,0.0,5.0
2025-10-29,510,South,25029,19817.0,,08:41:37,08:41:47,12,2290,5th Ave & Jefferson St,0.0,1.0
2025-10-29,510,South,25029,19817.0,08:47:00,08:44:21,08:44:21,13,2706,5th Ave S & S Jackson St,0.0,0.0
2025-10-29,510,South,25030,91908.0,07:43:00,07:42:54,07:42:54,0,2345,Everett Station Bay C1,10.0,0.0
2025-10-29,510,South,25030,91908.0,,07:44:54,07:44:54,1,2367,Broadway & 34th St,0.0,0.0
2025-10-29,510,South,25030,91908.0,07:53:00,07:51:11,07:52:53,2,2868,South Everett Fwy Station Bay 3,22.0,0.0
2025-10-29,510,South,25030,91908.0,08:07:00,08:06:54,08:07:30,3,2765,Mountlake Terrace Fwy Station Bay 6,5.0,3.0
2025-10-29,510,South,25030,91908.0,08:38:00,08:41:41,08:42:42,7,1909,Stewart St & 9th Ave,0.0,14.0
2025-10-29,510,South,25030,91908.0,,08:43:32,08:44:00,8,1908,Stewart St & 7th Ave,0.0,5.0
2025-10-29,510,South,25030,91908.0,08:44:00,08:45:15,08:46:31,9,2698,5th Ave & Pine St,1.0,5.0
2025-10-29,510,South,25030,91908.0,,08:48:21,08:48:41,10,2700,5th Ave & Seneca St,0.0,5.0
2025-10-29,510,South,25030,91908.0,,08:49:15,08:49:43,11,2702,5th Ave & Marion St,0.0,6.0
2025-10-29,510,South,25030,91908.0,,08:50:44,08:50:44,12,2290,5th Ave & Jefferson St,0.0,0.0
2025-10-29,510,South,25030,91908.0,09:02:00,08:53:47,08:53:47,13,2706,5th Ave S & S Jackson St,0.0,0.0
2025-10-29,510,South,25031,91907.0,07:58:00,07:58:19,07:58:19,0,2345,Everett Station Bay C1,15.0,0.0
2025-10-29,510,South,25031,91907.0,,08:00:10,08:00:22,1,2367,Broadway & 34th St,1.0,0.0
2025-10-29,510,South,25031,91907.0,08:08:00,08:07:31,08:08:31,2,2868,South Everett Fwy Station Bay 3,18.0,0.0
2025-10-29,510,South,25031,91907.0,08:22:00,08:22:34,08:22:46,3,2765,Mountlake Terrace Fwy Station Bay 6,0.0,1.0
2025-10-29,510,South,25031,91907.0,08:53:00,08:56:42,08:57:19,7,1909,Stewart St & 9th Ave,0.0,12.0
2025-10-29,510,South,25031,91907.0,,08:58:40,08:59:19,8,1908,Stewart St & 7th Ave,0.0,10.0
2025-10-29,510,South,25031,91907.0,08:59:00,09:01:49,09:02:04,9,2698,5th Ave & Pine St,0.0,4.0
2025-10-29,510,South,25031,91907.0,,09:03:53,09:04:20,10,2700,5th Ave & Seneca St,0.0,2.0
2025-10-29,510,South,25031,91907.0,,09:05:35,09:06:15,11,2702,5th Ave & Marion St,0.0,4.0
2025-10-29,510,South,25031,91907.0,,09:07:28,09:07:38,12,2290,5th Ave & Jefferson St,0.0,0.0
2025-10-29,510,South,25031,91907.0,09:17:00,09:11:02,09:11:02,13,2706,5th Ave S & S Jackson St,0.0,1.0
2025-10-29,510,South,25032,19853.0,08:18:00,08:19:09,08:19:09,0,2345,Everett Station Bay C1,18.0,0.0
2025-10-29,510,South,25032,19853.0,,08:21:51,08:22:10,1,2367,Broadway & 34th St,1.0,0.0
2025-10-29,510,South,25032,19853.0,08:29:00,08:30:40,08:32:47,2,2868,South Everett Fwy Station Bay 3,24.0,0.0
2025-10-29,510,South,25032,19853.0,08:42:00,08:45:11,08:45:45,3,2765,Mountlake Terrace Fwy Station Bay 6,3.0,0.0
2025-10-29,510,South,25032,19853.0,09:13:00,09:22:13,09:23:13,7,1909,Stewart St & 9th Ave,0.0,0.0
2025-10-29,510,South,25032,19853.0,,09:24:05,09:24:51,8,1908,Stewart St & 7th Ave,0.0,18.0
2025-10-29,510,South,25032,19853.0,09:19:00,09:27:27,09:28:35,9,2698,5th Ave & Pine St,0.0,0.0
2025-10-29,510,South,25032,19853.0,,09:30:57,09:31:41,10,2700,5th Ave & Seneca St,0.0,26.0
2025-10-29,510,South,25032,19853.0,,09:32:41,09:33:15,11,2702,5th Ave & Marion St,0.0,2.0
2025-10-29,510,South,25032,19853.0,,09:34:25,09:35:00,12,2290,5th Ave & Jefferson St,0.0,0.0
2025-10-29,510,South,25032,19853.0,09:37:00,09:37:43,09:37:43,13,2706,5th Ave S & S Jackson St,0.0,0.0
2025-10-29,510,South,25033,91708.0,08:38:00,08:38:12,08:38:12,0,2345,Everett Station Bay C1,14.0,0.0
2025-10-29,510,South,25033,91708.0,,08:40:07,08:40:38,1,2367,Broadway & 34th St,1.0,0.0
2025-10-29,510,South,25033,91708.0,08:49:00,08:47:35,08:48:43,2,2868,South Everett Fwy Station Bay 3,15.0,0.0
2025-10-29,510,South,25033,91708.0,09:02:00,08:59:29,09:00:12,3,2765,Mountlake Terrace Fwy Station Bay 6,8.0,1.0
2025-10-29,510,South,25033,91708.0,09:33:00,09:26:20,09:26:56,7,1909,Stewart St & 9th Ave,0.0,14.0
2025-10-29,510,South,25033,91708.0,,09:27:18,09:27:54,8,1908,Stewart St & 7th Ave,0.0,10.0
2025-10-29,510,South,25033,91708.0,09:39:00,09:30:17,09:30:33,9,2698,5th Ave & Pine St,0.0,1.0
2025-10-29,510,South,25033,91708.0,,09:33:23,09:33:58,10,2700,5th Ave & Seneca St,0.0,6.0
2025-10-29,510,South,25033,91708.0,,09:35:27,09:36:11,11,2702,5th Ave & Marion St,0.0,4.0
2025-10-29,510,South,25033,91708.0,,09:37:20,09:37:39,12,2290,5th Ave & Jefferson St,0.0,2.0
2025-10-29,510,South,25033,91708.0,09:57:00,09:40:50,09:40:50,13,2706,5th Ave S & S Jackson St,0.0,0.0
2025-10-30,510,North,25001,91731.0,14:00:00,,,0,640,4th Ave S & S Jackson St,,
2025-10-30,510,North,25001,91731.0,,,,1,635,4th Ave S & S Washington St,,
2025-10-30,510,North,25001,91731.0,,,,2,2638,4th Ave & Cherry St,,
2025-10-30,510,North,25001,91731.0,,14:05:20,14:05:20,3,641,4th Ave & Seneca St,0.0,0.0
2025-10-30,510,North,25001,91731.0,14:06:00,14:07:18,14:07:18,4,2976,4th Ave & Pine St,0.0,0.0
2025-10-30,510,North,25001,91731.0,,14:08:19,14:10:43,5,473,Olive Way & 6th Ave,0.0,0.0
2025-10-30,510,North,25001,91731.0,14:10:00,14:12:22,14:13:46,6,430,Howell St & 9th Ave,0.0,0.0
2025-10-30,510,North,25001,91731.0,,14:16:37,14:16:37,7,431,Howell St & Yale Ave,0.0,0.0
2025-10-30,510,North,25001,91731.0,14:30:00,14:29:08,14:29:08,11,2766,Mountlake Terrace Fwy Station Bay 7,0.0,0.0
2025-10-30,510,North,25001,91731.0,14:47:00,14:40:26,14:41:11,12,2869,South Everett Fwy Station Bay 6,0.0,0.0
2025-10-30,510,North,25001,91731.0,,14:50:27,14:50:52,13,3219,Broadway & 33rd St,0.0,0.0
2025-10-30,510,North,25001,91731.0,15:04:00,14:52:05,14:52:05,14,2861,Everett Station,0.0,0.0
2025-10-30,510,North,25002,91703.0,14:20:00,14:20:28,14:20:28,0,640,4th Ave S & S Jackson St,7.0,0.0
2025-10-30,510,North,25002,91703.0,,14:21:52,14:22:02,1,635,4th Ave S & S Washington St,0.0,0.0
2025-10-30,510,North,25002,91703.0,,14:23:41,14:24:21,2,2638,4th Ave & Cherry St,4.0,1.0
2025-10-30,510,North,25002,91703.0,,14:25:35,14:26:29,3,641,4th Ave & Seneca St,5.0,2.0
2025-10-30,510,North,25002,91703.0,14:26:00,14:27:48,14:28:24,4,2976,4th Ave & Pine St,3.0,0.0
2025-10-30,510,North,25002,91703.0,,14:30:05,14:31:05,5,473,Olive Way & 6th Ave,12.0,1.0
2025-10-30,510,North,25002,91703.0,14:30:00,14:32:38,14:33:18,6,430,Howell St & 9th Ave,5.0,0.0
2025-10-30,510,North,25002,91703.0,,14:37:48,14:37:48,7,431,Howell St & Yale Ave,3.0,0.0
2025-10-30,510,North,25002,91703.0,14:50:00,14:51:18,14:51:50,11,2766,Mountlake Terrace Fwy Station Bay 7,1.0,11.0
2025-10-30,510,North,25002,91703.0,15:07:00,15:03:59,15:04:38,12,2869,South Everett Fwy Station Bay 6,1.0,20.0
2025-10-30,510,North,25002,91703.0,,15:14:04,15:14:33,13,3219,Broadway & 33rd St,0.0,6.0
2025-10-30,510,North,25002,91703.0,15:24:00,15:16:01,15:16:01,14,2861,Everett Station,0.0,0.0
2025-10-30,510,North,25003,91907.0,14:50:00,14:52:34,14:52:34,0,640,4th Ave S & S Jackson St,2.0,0.0
2025-10-30,510,North,25003,91907.0,,14:53:05,14:53:19,1,635,4th Ave S & S Washington St,2.0,0.0
2025-10-30,510,North,25003,91907.0,,14:53:57,14:54:30,2,2638,4th Ave & Cherry St,6.0,0.0
2025-10-30,510,North,25003,91907.0,,14:55:26,14:55:55,3,641,4th Ave & Seneca St,1.0,0.0
2025-10-30,510,North,25003,91907.0,14:56:00,14:56:45,14:57:24,4,2976,4th Ave & Pine St,6.0,0.0
2025-10-30,510,North,25003,91907.0,,14:58:30,14:59:35,5,473,Olive Way & 6th Ave,10.0,0.0
2025-10-30,510,North,25003,91907.0,15:00:00,15:00:08,15:00:48,6,430,Howell St & 9th Ave,6.0,0.0
2025-10-30,510,North,25003,91907.0,,15:04:06,15:04:33,7,431,Howell St & Yale Ave,3.0,1.0
2025-10-30,510,North,25003,91907.0,15:20:00,15:19:23,15:19:51,11,2766,Mountlake Terrace Fwy Station Bay 7,1.0,6.0
2025-10-30,510,North,25003,91907.0,15:38:00,15:31:39,15:32:31,12,2869,South Everett Fwy Station Bay 6,0.0,29.0
2025-10-30,510,North,25003,91907.0,,15:40:15,15:40:30,13,3219,Broadway & 33rd St,0.0,1.0
2025-10-30,510,North,25003,91907.0,15:57:00,15:41:35,15:41:35,14,2861,Everett Station,0.0,0.0
2025-10-30,510,North,25004,91903.0,15:10:00,15:14:02,15:14:02,0,640,4th Ave S & S Jackson St,7.0,0.0
2025-10-30,510,North,25004,91903.0,,,,1,635,4th Ave S & S Washington St,,
2025-10-30,510,North,25004,91903.0,,15:15:59,15:16:52,2,2638,4th Ave & Cherry St,8.0,0.0
2025-10-30,510,North,25004,91903.0,,15:18:13,15:19:40,3,641,4th Ave & Seneca St,6.0,5.0
2025-10-30,510,North,25004,91903.0,15:16:00,15:21:36,15:22:16,4,2976,4th Ave & Pine St,4.0,0.0
2025-10-30,510,North,25004,91903.0,,15:24:19,15:25:26,5,473,Olive Way & 6th Ave,4.0,0.0
2025-10-30,510,North,25004,91903.0,15:20:00,15:27:05,15:28:01,6,430,Howell St & 9th Ave,6.0,0.0
2025-10-30,510,North,25004,91903.0,,15:30:11,15:30:38,7,431,Howell St & Yale Ave,1.0,0.0
2025-10-30,510,North,25004,91903.0,15:40:00,15:48:39,15:49:05,11,2766,Mountlake Terrace Fwy Station Bay 7,0.0,0.0
2025-10-30,510,North,25004,91903.0,16:00:00,16:01:26,16:02:30,12,2869,South Everett Fwy Station Bay 6,0.0,29.0
2025-10-30,510,North,25004,91903.0,,16:10:45,16:11:03,13,3219,Broadway & 33rd St,0.0,2.0
2025-10-30,510,North,25004,91903.0,16:21:00,16:13:03,16:13:03,14,2861,Everett Station,0.0,0.0
2025-10-30,510,North,25005,91711.0,15:25:00,15:28:34,15:28:34,0,640,4th Ave S & S Jackson St,7.0,0.0
2025-10-30,510,North,25005,91711.0,,15:29:18,15:29:59,1,635,4th Ave S & S Washington St,2.0,0.0
2025-10-30,510,North,25005,91711.0,,15:31:05,15:31:42,2,2638,4th Ave & Cherry St,3.0,0.0
2025-10-30,510,North,25005,91711.0,,15:33:13,15:34:16,3,641,4th Ave & Seneca St,1.0,1.0
2025-10-30,510,North,25005,91711.0,15:31:00,15:35:35,15:36:18,4,2976,4th Ave & Pine St,0.0,0.0
2025-10-30,510,North,25005,91711.0,,15:37:41,15:38:43,5,473,Olive Way & 6th Ave,13.0,0.0
2025-10-30,510,North,25005,91711.0,15:35:00,15:40:13,15:41:01,6,430,Howell St & 9th Ave,4.0,0.0
2025-10-30,510,North,25005,91711.0,,15:43:43,15:44:24,7,431,Howell St & Yale Ave,3.0,0.0
2025-10-30,510,North,25005,91711.0,15:56:00,16:02:33,16:03:21,11,2766,Mountlake Terrace Fwy Station Bay 7,0.0,10.0
2025-10-30,510,North,25005,91711.0,16:16:00,16:17:01,16:18:10,12,2869,South Everett Fwy Station Bay 6,1.0,21.0
2025-10-30,510,North,25005,91711.0,,16:26:33,16:26:59,13,3219,Broadway & 33rd St,0.0,2.0
2025-10-30,510,North,25005,91711.0,16:38:00,16:28:47,16:28:47,14,2861,Everett Station,0.0,0.0
2025-10-30,510,North,25006,91910.0,15:40:00,15:43:33,15:43:33,0,640,4th Ave S & S Jackson St,7.0,0.0
2025-10-30,510,North,25006,91910.0,,15:44:15,15:44:43,1,635,4th Ave S & S Washington St,2.0,0.0
2025-10-30,510,North,25006,91910.0,,15:46:03,15:46:45,2,2638,4th Ave & Cherry St,5.0,0.0
2025-10-30,510,North,25006,91910.0,,15:49:03,15:50:02,3,641,4th Ave & Seneca St,8.0,0.0
2025-10-30,510,North,25006,91910.0,15:46:00,15:51:45,15:52:51,4,2976,4th Ave & Pine St,4.0,0.0
2025-10-30,510,North,25006,91910.0,,15:54:03,15:55:12,5,473,Olive Way & 6th Ave,7.0,0.0
2025-10-30,510,North,25006,91910.0,15:50:00,15:56:42,15:57:15,6,430,Howell St & 9th Ave,4.0,0.0
2025-10-30,510,North,25006,91910.0,,16:01:09,16:01:45,7,431,Howell St & Yale Ave,5.0,0.0
2025-10-30,510,North,25006,91910.0,16:12:00,16:20:57,16:21:23,11,2766,Mountlake Terrace Fwy Station Bay 7,0.0,4.0
2025-10-30,510,North,25006,91910.0,16:35:00,16:35:24,16:36:16,12,2869,South Everett Fwy Station Bay 6,0.0,22.0
2025-10-30,510,North,25006,91910.0,,16:44:13,16:44:13,13,3219,Broadway & 33rd St,0.0,0.0
2025-10-30,510,North,25006,91910.0,16:58:00,16:45:17,16:45:17,14,2861,Everett Station,0.0,16.0
2025-10-30,510,North,25007,91710.0,15:55:00,15:56:31,15:56:31,0,640,4th Ave S & S Jackson St,1.0,0.0
2025-10-30,510,North,25007,91710.0,,,,1,635,4th Ave S & S Washington St,,
2025-10-30,510,North,25007,91710.0,,15:58:02,15:58:36,2,2638,4th Ave & Cherry St,5.0,0.0
2025-10-30,510,North,25007,91710.0,,16:00:13,16:01:14,3,641,4th Ave & Seneca St,8.0,0.0
2025-10-30,510,North,25007,91710.0,16:01:00,16:02:32,16:03:19,4,2976,4th Ave & Pine St,2.0,0.0
2025-10-30,510,North,25007,91710.0,,16:05:51,16:07:02,5,473,Olive Way & 6th Ave,6.0,0.0
2025-10-30,510,North,25007,91710.0,16:05:00,16:08:41,16:09:22,6,430,Howell St & 9th Ave,7.0,0.0
2025-10-30,510,North,25007,91710.0,,16:13:08,16:13:52,7,431,Howell St & Yale Ave,6.0,2.0
2025-10-30,510,North,25007,91710.0,16:28:00,16:32:25,16:32:54,11,2766,Mountlake Terrace Fwy Station Bay 7,0.0,11.0
2025-10-30,510,North,25007,91710.0,16:51:00,16:47:21,16:48:04,12,2869,South Everett Fwy Station Bay 6,1.0,22.0
2025-10-30,510,North,25007,91710.0,,16:56:32,16:56:47,13,3219,Broadway & 33rd St,0.0,1.0
2025-10-30,510,North,25007,91710.0,17:14:00,16:58:03,16:58:03,14,2861,Everett Station,0.0,0.0
2025-10-30,510,North,25008,19852.0,16:10:00,16:11:30,16:11:30,0,640,4th Ave S & S Jackson St,2.0,0.0
2025-10-30,510,North,25008,19852.0,,16:12:33,16:12:43,1,635,4th Ave S & S Washington St,0.0,0.0
2025-10-30,510,North,25008,19852.0,,16:14:34,16:15:26,2,2638,4th Ave & Cherry St,10.0,0.0
2025-10-30,510,North,25008,19852.0,,16:17:55,16:19:16,3,641,4th Ave & Seneca St,7.0,0.0
2025-10-30,510,North,25008,19852.0,16:16:00,16:20:36,16:21:22,4,2976,4th Ave & Pine St,6.0,0.0
2025-10-30,510,North,25008,19852.0,,16:22:42,16:23:35,5,473,Olive Way & 6th Ave,8.0,0.0
2025-10-30,510,North,25008,19852.0,16:20:00,16:25:10,16:26:39,6,430,Howell St & 9th Ave,8.0,0.0
2025-10-30,510,North,25008,19852.0,,16:29:38,16:30:00,7,431,Howell St & Yale Ave,1.0,0.0
2025-10-30,510,North,25008,19852.0,16:43:00,16:50:15,16:50:39,11,2766,Mountlake Terrace Fwy Station Bay 7,1.0,2.0
2025-10-30,510,North,25008,19852.0,17:06:00,17:05:06,17:06:03,12,2869,South Everett Fwy Station Bay 6,0.0,23.0
2025-10-30,510,North,25008,19852.0,,17:13:33,17:13:33,13,3219,Broadway & 33rd St,0.0,0.0
2025-10-30,510,North,25008,19852.0,17:29:00,17:15:02,17:15:02,14,2861,Everett Station,0.0,18.0
2025-10-30,510,North,25009,,16:25:00,,,0,640,4th Ave S & S Jackson St,,
2025-10-30,510,North,25009,,,,,1,635,4th Ave S & S Washington St,,
2025-10-30,510,North,25009,,,,,2,2638,4th Ave & Cherry St,,
2025-10-30,510,North,25009,,,,,3,641,4th Ave & Seneca St,,
2025-10-30,510,North,25009,,16:31:00,,,4,2976,4th Ave & Pine St,,
2025-10-30,510,North,25009,,,,,5,473,Olive Way & 6th Ave,,
2025-10-30,510,North,25009,,16:35:00,,,6,430,Howell St & 9th Ave,,
2025-10-30,510,North,25009,,,,,7,431,Howell St & Yale Ave,,
2025-10-30,510,North,25009,,16:58:00,,,11,2766,Mountlake Terrace Fwy Station Bay 7,,
2025-10-30,510,North,25009,,17:21:00,,,12,2869,South Everett Fwy Station Bay 6,,
2025-10-30,510,North,25009,,,,,13,3219,Broadway & 33rd St,,
2025-10-30,510,North,25009,,17:44:00,,,14,2861,Everett Station,,
2025-10-30,510,North,25010,19815.0,16:40:00,16:40:36,16:40:36,0,640,4th Ave S & S Jackson St,3.0,0.0
2025-10-30,510,North,25010,19815.0,,16:41:22,16:41:40,1,635,4th Ave S & S Washington St,2.0,0.0
2025-10-30,510,North,25010,19815.0,,16:43:02,16:43:26,2,2638,4th Ave & Cherry St,6.0,0.0
2025-10-30,510,North,25010,19815.0,,16:45:13,16:46:18,3,641,4th Ave & Seneca St,6.0,0.0
2025-10-30,510,North,25010,19815.0,16:46:00,16:47:23,16:47:57,4,2976,4th Ave & Pine St,6.0,1.0
2025-10-30,510,North,25010,19815.0,,16:50:47,16:52:08,5,473,Olive Way & 6th Ave,8.0,0.0
2025-10-30,510,North,25010,19815.0,16:50:00,16:53:46,16:54:15,6,430,Howell St & 9th Ave,7.0,0.0
2025-10-30,510,North,25010,19815.0,,16:57:03,16:57:26,7,431,Howell St & Yale Ave,2.0,3.0
2025-10-30,510,North,25010,19815.0,17:13:00,17:16:20,17:16:43,11,2766,Mountlake Terrace Fwy Station Bay 7,0.0,10.0
2025-10-30,510,North,25010,19815.0,17:36:00,17:31:05,17:31:44,12,2869,South Everett Fwy Station Bay 6,0.0,17.0
2025-10-30,510,North,25010,19815.0,,17:39:51,17:40:02,13,3219,Broadway & 33rd St,0.0,1.0
2025-10-30,510,North,25010,19815.0,17:59:00,17:41:24,17:41:24,14,2861,Everett Station,0.0,8.0
2025-10-30,510,North,25011,91723.0,16:55:00,16:55:14,16:55:14,0,640,4th Ave S & S Jackson St,3.0,0.0
2025-10-30,510,North,25011,91723.0,,16:55:55,16:56:15,1,635,4th Ave S & S Washington St,1.0,0.0
2025-10-30,510,North,25011,91723.0,,16:57:57,16:58:43,2,2638,4th Ave & Cherry St,9.0,0.0
2025-10-30,510,North,25011,91723.0,,17:00:03,17:01:14,3,641,4th Ave & Seneca St,11.0,1.0
2025-10-30,510,North,25011,91723.0,17:01:00,17:02:16,17:03:21,4,2976,4th Ave & Pine St,7.0,0.0
2025-10-30,510,North,25011,91723.0,,17:04:41,17:05:53,5,473,Olive Way & 6th Ave,11.0,0.0
2025-10-30,510,North,25011,91723.0,17:05:00,17:08:52,17:09:21,6,430,Howell St & 9th Ave,2.0,1.0
2025-10-30,510,North,25011,91723.0,,17:13:06,17:14:04,7,431,Howell St & Yale Ave,6.0,1.0
2025-10-30,510,North,25011,91723.0,17:27:00,17:32:11,17:33:01,11,2766,Mountlake Terrace Fwy Station Bay 7,1.0,11.0
2025-10-30,510,North,25011,91723.0,17:50:00,17:46:51,17:47:43,12,2869,South Everett Fwy Station Bay 6,0.0,21.0
2025-10-30,510,North,25011,91723.0,,17:55:10,17:55:22,13,3219,Broadway & 33rd St,0.0,1.0
2025-10-30,510,North,25011,91723.0,18:09:00,17:56:33,17:56:33,14,2861,Everett Station,0.0,15.0
2025-10-30,510,North,25012,91902.0,17:10:00,17:10:30,17:10:30,0,640,4th Ave S & S Jackson St,9.0,0.0
2025-10-30,510,North,25012,91902.0,,17:11:20,17:11:20,1,635,4th Ave S & S Washington St,0.0,0.0
2025-10-30,510,North,25012,91902.0,,17:13:34,17:14:03,2,2638,4th Ave & Cherry St,5.0,0.0
2025-10-30,510,North,25012,91902.0,,17:16:43,17:17:44,3,641,4th Ave & Seneca St,6.0,1.0
2025-10-30,510,North,25012,91902.0,17:16:00,17:19:15,17:20:12,4,2976,4th Ave & Pine St,9.0,1.0
2025-10-30,510,North,25012,91902.0,,17:22:26,17:23:32,5,473,Olive Way & 6th Ave,8.0,0.0
2025-10-30,510,North,25012,91902.0,17:20:00,17:25:19,17:26:20,6,430,Howell St & 9th Ave,5.0,1.0
2025-10-30,510,North,25012,91902.0,,17:29:38,17:30:08,7,431,Howell St & Yale Ave,6.0,0.0
2025-10-30,510,North,25012,91902.0,17:42:00,17:48:31,17:48:59,11,2766,Mountlake Terrace Fwy Station Bay 7,0.0,6.0
2025-10-30,510,North,25012,91902.0,18:05:00,18:04:18,18:05:11,12,2869,South Everett Fwy Station Bay 6,0.0,23.0
2025-10-30,510,North,25012,91902.0,,18:13:37,18:13:51,13,3219,Broadway & 33rd St,0.0,2.0
2025-10-30,510,North,25012,91902.0,18:21:00,18:15:42,18:15:42,14,2861,Everett Station,0.0,14.0
2025-10-30,510,North,25013,91725.0,17:25:00,17:25:25,17:25:25,0,640,4th Ave S & S Jackson St,5.0,0.0
2025-10-30,510,North,25013,91725.0,,17:26:00,17:26:00,1,635,4th Ave S & S Washington St,0.0,0.0
2025-10-30,510,North,25013,91725.0,,17:27:52,17:28:24,2,2638,4th Ave & Cherry St,7.0,0.0
2025-10-30,510,North,25013,91725.0,,17:30:11,17:34:19,3,641,4th Ave & Seneca St,9.0,0.0
2025-10-30,510,North,25013,91725.0,17:31:00,17:35:35,17:36:19,4,2976,4th Ave & Pine St,5.0,0.0
2025-10-30,510,North,25013,91725.0,,17:37:36,17:38:34,5,473,Olive Way & 6th Ave,5.0,0.0
2025-10-30,510,North,25013,91725.0,17:35:00,17:40:07,17:40:45,6,430,Howell St & 9th Ave,6.0,0.0
2025-10-30,510,North,25013,91725.0,,17:44:35,17:45:03,7,431,Howell St & Yale Ave,3.0,0.0
2025-10-30,510,North,25013,91725.0,17:56:00,18:03:59,18:04:51,11,2766,Mountlake Terrace Fwy Station Bay 7,2.0,5.0
2025-10-30,510,North,25013,91725.0,18:18:00,18:19:14,18:22:31,12,2869,South Everett Fwy Station Bay 6,2.0,20.0
2025-10-30,510,North,25013,91725.0,,18:30:06,18:30:27,13,3219,Broadway & 33rd St,0.0,3.0
2025-10-30,510,North,25013,91725.0,18:33:00,18:44:42,18:44:42,14,2861,Everett Station,0.0,16.0
2025-10-30,510,North,25014,91720.0,17:45:00,17:46:40,17:46:40,0,640,4th Ave S & S Jackson St,2.0,0.0
2025-10-30,510,North,25014,91720.0,,17:47:22,17:47:28,1,635,4th Ave S & S Washington St,0.0,0.0
2025-10-30,510,North,25014,91720.0,,17:48:54,17:49:34,2,2638,4th Ave & Cherry St,4.0,0.0
2025-10-30,510,North,25014,91720.0,,17:51:09,17:52:15,3,641,4th Ave & Seneca St,5.0,0.0
2025-10-30,510,North,25014,91720.0,17:51:00,17:53:40,17:54:22,4,2976,4th Ave & Pine St,5.0,0.0
2025-10-30,510,North,25014,91720.0,,17:56:51,17:58:04,5,473,Olive Way & 6th Ave,7.0,0.0
2025-10-30,510,North,25014,91720.0,17:55:00,17:59:32,18:00:02,6,430,Howell St & 9th Ave,6.0,0.0
2025-10-30,510,North,25014,91720.0,,18:04:08,18:04:38,7,431,Howell St & Yale Ave,3.0,0.0
2025-10-30,510,North,25014,91720.0,18:13:00,18:21:09,18:21:50,11,2766,Mountlake Terrace Fwy Station Bay 7,1.0,9.0
2025-10-30,510,North,25014,91720.0,18:32:00,18:36:19,18:37:40,12,2869,South Everett Fwy Station Bay 6,1.0,14.0
2025-10-30,510,North,25014,91720.0,,18:45:30,18:45:56,13,3219,Broadway & 33rd St,0.0,1.0
2025-10-30,510,North,25014,91720.0,18:43:00,18:47:32,18:47:32,14,2861,Everett Station,0.0,10.0
2025-10-30,510,North,25015,91724.0,18:05:00,18:09:50,18:09:50,0,640,4th Ave S & S Jackson St,1.0,0.0
2025-10-30,510,North,25015,91724.0,,18:10:56,18:11:03,1,635,4th Ave S & S Washington St,0.0,0.0
2025-10-30,510,North,25015,91724.0,,18:11:47,18:12:07,2,2638,4th Ave & Cherry St,3.0,0.0
2025-10-30,510,North,25015,91724.0,,18:13:21,18:14:40,3,641,4th Ave & Seneca St,6.0,0.0
2025-10-30,510,North,25015,91724.0,18:11:00,18:15:49,18:17:01,4,2976,4th Ave & Pine St,4.0,0.0
2025-10-30,510,North,25015,91724.0,,18:17:53,18:19:00,5,473,Olive Way & 6th Ave,5.0,0.0
2025-10-30,510,North,25015,91724.0,18:14:00,18:20:28,18:20:53,6,430,Howell St & 9th Ave,2.0,0.0
2025-10-30,510,North,25015,91724.0,,18:23:33,18:24:03,7,431,Howell St & Yale Ave,2.0,1.0
2025-10-30,510,North,25015,91724.0,18:32:00,18:39:05,18:39:33,11,2766,Mountlake Terrace Fwy Station Bay 7,1.0,3.0
2025-10-30,510,North,25015,91724.0,18:48:00,18:52:51,18:53:28,12,2869,South Everett Fwy Station Bay 6,0.0,20.0
2025-10-30,510,North,25015,91724.0,,19:00:22,19:00:43,13,3219,Broadway & 33rd St,0.0,0.0
2025-10-30,510,North,25015,91724.0,18:59:00,19:02:09,19:02:09,14,2861,Everett Station,0.0,0.0
2025-10-30,510,North,25016,91726.0,18:30:00,18:30:32,18:30:32,0,640,4th Ave S & S Jackson St,2.0,0.0
2025-10-30,510,North,25016,91726.0,,18:31:57,18:32:13,1,635,4th Ave S & S Washington St,1.0,0.0
2025-10-30,510,North,25016,91726.0,,18:33:01,18:33:35,2,2638,4th Ave & Cherry St,4.0,0.0
2025-10-30,510,North,25016,91726.0,,18:34:28,18:35:47,3,641,4th Ave & Seneca St,4.0,0.0
2025-10-30,510,North,25016,91726.0,18:36:00,18:36:41,18:37:50,4,2976,4th Ave & Pine St,2.0,0.0
2025-10-30,510,North,25016,91726.0,,18:39:06,18:39:59,5,473,Olive Way & 6th Ave,7.0,0.0
2025-10-30,510,North,25016,91726.0,18:39:00,18:40:44,18:41:02,6,430,Howell St & 9th Ave,1.0,1.0
2025-10-30,510,North,25016,91726.0,,18:44:36,18:44:51,7,431,Howell St & Yale Ave,0.0,1.0
2025-10-30,510,North,25016,91726.0,18:57:00,18:58:11,18:58:40,11,2766,Mountlake Terrace Fwy Station Bay 7,0.0,4.0
2025-10-30,510,North,25016,91726.0,19:12:00,19:10:12,19:10:53,12,2869,South Everett Fwy Station Bay 6,0.0,9.0
2025-10-30,510,North,25016,91726.0,,19:17:28,19:17:39,13,3219,Broadway & 33rd St,0.0,0.0
2025-10-30,510,North,25016,91726.0,19:22:00,19:18:49,19:18:49,14,2861,Everett Station,1.0,7.0
2025-10-30,510,South,25017,91727.0,04:05:00,04:05:06,04:05:06,0,2986,Hewitt Ave & Fulton St,3.0,0.0
2025-10-30,510,South,25017,91727.0,,04:06:02,04:06:18,1,2440,Hewitt Ave & Lombard Ave,1.0,0.0
2025-10-30,510,South,25017,91727.0,,04:08:33,04:08:48,2,2355,Wetmore Ave & Wall St,1.0,0.0
2025-10-30,510,South,25017,91727.0,,04:09:40,04:09:40,3,2359,Pacific Ave & Rockefeller Ave,0.0,0.0
2025-10-30,510,South,25017,91727.0,04:11:00,04:11:45,04:13:03,4,2345,Everett Station Bay C1,18.0,0.0
2025-10-30,510,South,25017,91727.0,,04:14:47,04:14:47,5,2367,Broadway & 34th St,0.0,0.0
2025-10-30,510,South,25017,91727.0,04:20:00,04:22:20,04:23:02,6,2868,South Everett Fwy Station Bay 3,3.0,0.0
2025-10-30,510,South,25017,91727.0,04:31:00,04:34:48,04:34:59,7,2765,Mountlake Terrace Fwy Station Bay 6,0.0,0.0
2025-10-30,510,South,25017,91727.0,04:48:00,04:48:12,04:48:48,11,1909,Stewart St & 9th Ave,0.0,5.0
2025-10-30,510,South,25017,91727.0,,04:50:03,04:50:23,12,1908,Stewart St & 7th Ave,0.0,2.0
2025-10-30,510,South,25017,91727.0,04:52:00,04:51:29,04:52:19,13,2698,5th Ave & Pine St,0.0,6.0
2025-10-30,510,South,25017,91727.0,,04:53:21,04:53:49,14,2700,5th Ave & Seneca St,0.0,5.0
2025-10-30,510,South,25017,91727.0,,04:54:28,04:55:04,15,2702,5th Ave & Marion St,0.0,2.0
2025-10-30,510,South,25017,91727.0,,04:56:30,04:56:55,16,2290,5th Ave & Jefferson St,0.0,1.0
2025-10-30,510,South,25017,91727.0,05:00:00,04:58:48,04:58:48,17,2706,5th Ave S & S Jackson St,0.0,5.0
2025-10-30,510,South,25018,,04:40:00,,,0,2986,Hewitt Ave & Fulton St,,
2025-10-30,510,South,25018,,,,,1,2440,Hewitt Ave & Lombard Ave,,
2025-10-30,510,South,25018,,,,,2,2355,Wetmore Ave & Wall St,,
2025-10-30,510,South,25018,,,,,3,2359,Pacific Ave & Rockefeller Ave,,
2025-10-30,510,South,25018,,04:46:00,,,4,2345,Everett Station Bay C1,,
2025-10-30,510,South,25018,,,,,5,2367,Broadway & 34th St,,
2025-10-30,510,South,25018,,04:57:00,,,6,2868,South Everett Fwy Station Bay 3,,
2025-10-30,510,South,25018,,05:08:00,,,7,2765,Mountlake Terrace Fwy Station Bay 6,,
2025-10-30,510,South,25018,,05:26:00,,,11,1909,Stewart St & 9th Ave,,
2025-10-30,510,South,25018,,,,,12,1908,Stewart St & 7th Ave,,
2025-10-30,510,South,25018,,05:30:00,,,13,2698,5th Ave & Pine St,,
2025-10-30,510,South,25018,,,,,14,2700,5th Ave & Seneca St,,
2025-10-30,510,South,25018,,,,,15,2702,5th Ave & Marion St,,
2025-10-30,510,South,25018,,,,,16,2290,5th Ave & Jefferson St,,
2025-10-30,510,South,25018,,05:38:00,,,17,2706,5th Ave S & S Jackson St,,
2025-10-30,510,South,25019,91911.0,05:10:00,05:13:56,05:13:56,0,2345,Everett Station Bay C1,23.0,0.0
2025-10-30,510,South,25019,91911.0,,05:15:39,05:16:39,1,2367,Broadway & 34th St,1.0,0.0
2025-10-30,510,South,25019,91911.0,05:20:00,05:24:10,05:25:52,2,2868,South Everett Fwy Station Bay 3,22.0,1.0
2025-10-30,510,South,25019,91911.0,05:31:00,05:36:30,05:36:37,3,2765,Mountlake Terrace Fwy Station Bay 6,0.0,0.0
2025-10-30,510,South,25019,91911.0,05:49:00,05:51:10,05:51:35,7,1909,Stewart St & 9th Ave,0.0,4.0
2025-10-30,510,South,25019,91911.0,,05:53:03,05:53:37,8,1908,Stewart St & 7th Ave,0.0,4.0
2025-10-30,510,South,25019,91911.0,05:54:00,05:55:30,05:56:22,9,2698,5th Ave & Pine St,0.0,5.0
2025-10-30,510,South,25019,91911.0,,05:58:13,05:58:46,10,2700,5th Ave & Seneca St,0.0,7.0
2025-10-30,510,South,25019,91911.0,,05:59:34,06:00:24,11,2702,5th Ave & Marion St,0.0,15.0
2025-10-30,510,South,25019,91911.0,,06:01:24,06:02:18,12,2290,5th Ave & Jefferson St,0.0,10.0
2025-10-30,510,South,25019,91911.0,06:03:00,06:04:57,06:04:57,13,2706,5th Ave S & S Jackson St,0.0,0.0
2025-10-30,510,South,25020,91717.0,05:40:00,05:40:29,05:40:29,0,2345,Everett Station Bay C1,25.0,0.0
2025-10-30,510,South,25020,91717.0,,05:41:55,05:42:29,1,2367,Broadway & 34th St,3.0,0.0
2025-10-30,510,South,25020,91717.0,05:50:00,05:49:11,05:50:59,2,2868,South Everett Fwy Station Bay 3,28.0,1.0
2025-10-30,510,South,25020,91717.0,06:01:00,06:01:10,06:01:45,3,2765,Mountlake Terrace Fwy Station Bay 6,1.0,1.0
2025-10-30,510,South,25020,91717.0,06:22:00,06:15:03,06:15:59,7,1909,Stewart St & 9th Ave,1.0,6.0
2025-10-30,510,South,25020,91717.0,,06:16:42,06:17:21,8,1908,Stewart St & 7th Ave,1.0,7.0
2025-10-30,510,South,25020,91717.0,06:28:00,06:18:22,06:19:34,9,2698,5th Ave & Pine St,0.0,7.0
2025-10-30,510,South,25020,91717.0,,06:20:29,06:21:22,10,2700,5th Ave & Seneca St,0.0,14.0
2025-10-30,510,South,25020,91717.0,,06:22:09,06:22:48,11,2702,5th Ave & Marion St,0.0,6.0
2025-10-30,510,South,25020,91717.0,,06:23:58,06:24:40,12,2290,5th Ave & Jefferson St,0.0,10.0
2025-10-30,510,South,25020,91717.0,06:38:00,06:27:14,06:27:14,13,2706,5th Ave S & S Jackson St,0.0,7.0
2025-10-30,510,South,25021,91727.0,05:52:00,05:52:07,05:52:07,0,2345,Everett Station Bay C1,14.0,0.0
2025-10-30,510,South,25021,91727.0,,05:53:46,05:54:00,1,2367,Broadway & 34th St,1.0,0.0
2025-10-30,510,South,25021,91727.0,06:02:00,06:00:44,06:01:43,2,2868,South Everett Fwy Station Bay 3,11.0,0.0
2025-10-30,510,South,25021,91727.0,06:14:00,06:12:13,06:12:31,3,2765,Mountlake Terrace Fwy Station Bay 6,1.0,1.0
2025-10-30,510,South,25021,91727.0,06:35:00,06:26:26,06:26:45,7,1909,Stewart St & 9th Ave,0.0,6.0
2025-10-30,510,South,25021,91727.0,,06:27:17,06:27:40,8,1908,Stewart St & 7th Ave,0.0,3.0
2025-10-30,510,South,25021,91727.0,06:41:00,06:28:49,06:29:08,9,2698,5th Ave & Pine St,0.0,4.0
2025-10-30,510,South,25021,91727.0,,06:30:55,06:31:48,10,2700,5th Ave & Seneca St,0.0,6.0
2025-10-30,510,South,25021,91727.0,,06:32:29,06:33:13,11,2702,5th Ave & Marion St,0.0,5.0
2025-10-30,510,South,25021,91727.0,,06:34:28,06:34:42,12,2290,5th Ave & Jefferson St,0.0,2.0
2025-10-30,510,South,25021,91727.0,06:51:00,06:37:04,06:37:04,13,2706,5th Ave S & S Jackson St,0.0,0.0
2025-10-30,510,South,25022,91724.0,06:04:00,06:04:08,06:04:08,0,2345,Everett Station Bay C1,22.0,0.0
2025-10-30,510,South,25022,91724.0,,06:05:55,06:06:17,1,2367,Broadway & 34th St,1.0,0.0
2025-10-30,510,South,25022,91724.0,06:14:00,06:13:30,06:14:32,2,2868,South Everett Fwy Station Bay 3,11.0,0.0
2025-10-30,510,South,25022,91724.0,06:26:00,06:25:46,06:26:05,3,2765,Mountlake Terrace Fwy Station Bay 6,2.0,0.0
2025-10-30,510,South,25022,91724.0,06:48:00,06:40:54,06:41:22,7,1909,Stewart St & 9th Ave,0.0,5.0
2025-10-30,510,South,25022,91724.0,,06:42:18,06:42:46,8,1908,Stewart St & 7th Ave,0.0,9.0
2025-10-30,510,South,25022,91724.0,06:54:00,06:43:51,06:44:22,9,2698,5th Ave & Pine St,0.0,5.0
2025-10-30,510,South,25022,91724.0,,06:45:54,06:46:19,10,2700,5th Ave & Seneca St,0.0,7.0
2025-10-30,510,South,25022,91724.0,,06:47:36,06:48:17,11,2702,5th Ave & Marion St,1.0,5.0
2025-10-30,510,South,25022,91724.0,,06:49:27,06:49:52,12,2290,5th Ave & Jefferson St,0.0,2.0
2025-10-30,510,South,25022,91724.0,07:04:00,06:52:18,06:52:18,13,2706,5th Ave S & S Jackson St,0.0,4.0
2025-10-30,510,South,25023,,06:16:00,,,0,2345,Everett Station Bay C1,,
2025-10-30,510,South,25023,,,,,1,2367,Broadway & 34th St,,
2025-10-30,510,South,25023,,06:26:00,,,2,2868,South Everett Fwy Station Bay 3,,
2025-10-30,510,South,25023,,06:38:00,,,3,2765,Mountlake Terrace Fwy Station Bay 6,,
2025-10-30,510,South,25023,,07:00:00,,,7,1909,Stewart St & 9th Ave,,
2025-10-30,510,South,25023,,,,,8,1908,Stewart St & 7th Ave,,
2025-10-30,510,South,25023,,07:06:00,,,9,2698,5th Ave & Pine St,,
2025-10-30,510,South,25023,,,,,10,2700,5th Ave & Seneca St,,
2025-10-30,510,South,25023,,,,,11,2702,5th Ave & Marion St,,
2025-10-30,510,South,25023,,,,,12,2290,5th Ave & Jefferson St,,
2025-10-30,510,South,25023,,07:17:00,,,13,2706,5th Ave S & S Jackson St,,
2025-10-30,510,South,25024,91912.0,06:28:00,06:29:37,06:29:37,0,2345,Everett Station Bay C1,30.0,0.0
2025-10-30,510,South,25024,91912.0,,06:31:37,06:32:08,1,2367,Broadway & 34th St,5.0,0.0
2025-10-30,510,South,25024,91912.0,06:38:00,06:39:29,06:41:43,2,2868,South Everett Fwy Station Bay 3,44.0,0.0
2025-10-30,510,South,25024,91912.0,06:50:00,06:54:07,06:54:29,3,2765,Mountlake Terrace Fwy Station Bay 6,2.0,0.0
2025-10-30,510,South,25024,91912.0,07:13:00,07:10:06,07:11:16,7,1909,Stewart St & 9th Ave,2.0,15.0
2025-10-30,510,South,25024,91912.0,,07:12:06,07:12:41,8,1908,Stewart St & 7th Ave,0.0,19.0
2025-10-30,510,South,25024,91912.0,07:19:00,07:13:49,07:15:02,9,2698,5th Ave & Pine St,0.0,12.0
2025-10-30,510,South,25024,91912.0,,07:15:55,07:16:41,10,2700,5th Ave & Seneca St,1.0,8.0
2025-10-30,510,South,25024,91912.0,,07:17:44,07:18:30,11,2702,5th Ave & Marion St,0.0,19.0
2025-10-30,510,South,25024,91912.0,,07:19:30,07:20:03,12,2290,5th Ave & Jefferson St,0.0,8.0
2025-10-30,510,South,25024,91912.0,07:30:00,07:22:24,07:22:24,13,2706,5th Ave S & S Jackson St,0.0,3.0
2025-10-30,510,South,25025,91731.0,06:40:00,06:48:33,06:48:33,0,2345,Everett Station Bay C1,0.0,0.0
2025-10-30,510,South,25025,91731.0,,06:48:43,06:48:43,1,2367,Broadway & 34th St,0.0,0.0
2025-10-30,510,South,25025,91731.0,06:50:00,06:55:47,06:57:22,2,2868,South Everett Fwy Station Bay 3,8.0,0.0
2025-10-30,510,South,25025,91731.0,07:03:00,07:10:50,07:12:16,3,2765,Mountlake Terrace Fwy Station Bay 6,24.0,0.0
2025-10-30,510,South,25025,91731.0,07:28:00,07:28:51,07:29:34,7,1909,Stewart St & 9th Ave,0.0,14.0
2025-10-30,510,South,25025,91731.0,,,,8,1908,Stewart St & 7th Ave,,
2025-10-30,510,South,25025,91731.0,07:34:00,07:31:22,07:34:41,9,2698,5th Ave & Pine St,2.0,5.0
2025-10-30,510,South,25025,91731.0,,07:36:41,07:37:22,10,2700,5th Ave & Seneca St,0.0,11.0
2025-10-30,510,South,25025,91731.0,,07:38:35,07:39:15,11,2702,5th Ave & Marion St,0.0,3.0
2025-10-30,510,South,25025,91731.0,,07:40:30,07:40:46,12,2290,5th Ave & Jefferson St,0.0,1.0
2025-10-30,510,South,25025,91731.0,07:47:00,07:42:44,07:42:44,13,2706,5th Ave S & S Jackson St,2.0,2.0
2025-10-30,510,South,25026,91708.0,06:52:00,06:52:44,06:52:44,0,2345,Everett Station Bay C1,18.0,0.0
2025-10-30,510,South,25026,91708.0,,06:55:12,06:55:36,1,2367,Broadway & 34th St,2.0,0.0
2025-10-30,510,South,25026,91708.0,07:02:00,07:02:52,07:03:57,2,2868,South Everett Fwy Station Bay 3,15.0,0.0
2025-10-30,510,South,25026,91708.0,07:15:00,07:17:24,07:18:16,3,2765,Mountlake Terrace Fwy Station Bay 6,11.0,2.0
2025-10-30,510,South,25026,91708.0,07:40:00,07:37:36,07:38:23,7,1909,Stewart St & 9th Ave,0.0,19.0
2025-10-30,510,South,25026,91708.0,,07:39:17,07:39:57,8,1908,Stewart St & 7th Ave,0.0,8.0
2025-10-30,510,South,25026,91708.0,07:46:00,07:42:25,07:43:36,9,2698,5th Ave & Pine St,0.0,4.0
2025-10-30,510,South,25026,91708.0,,07:45:51,07:46:21,10,2700,5th Ave & Seneca St,0.0,6.0
2025-10-30,510,South,25026,91708.0,,07:47:40,07:48:17,11,2702,5th Ave & Marion St,0.0,5.0
2025-10-30,510,South,25026,91708.0,,07:49:33,07:49:57,12,2290,5th Ave & Jefferson St,0.0,2.0
2025-10-30,510,South,25026,91708.0,07:59:00,07:52:42,07:52:42,13,2706,5th Ave S & S Jackson St,0.0,0.0
2025-10-30,510,South,25027,19852.0,07:04:00,07:06:02,07:06:02,0,2345,Everett Station Bay C1,12.0,0.0
2025-10-30,510,South,25027,19852.0,,07:08:32,07:09:26,1,2367,Broadway & 34th St,3.0,0.0
2025-10-30,510,South,25027,19852.0,07:14:00,07:17:17,07:18:36,2,2868,South Everett Fwy Station Bay 3,15.0,0.0
2025-10-30,510,South,25027,19852.0,07:28:00,07:37:15,07:38:06,3,2765,Mountlake Terrace Fwy Station Bay 6,7.0,1.0
2025-10-30,510,South,25027,19852.0,07:59:00,08:03:24,08:04:15,7,1909,Stewart St & 9th Ave,1.0,13.0
2025-10-30,510,South,25027,19852.0,,08:04:55,08:05:35,8,1908,Stewart St & 7th Ave,0.0,6.0
2025-10-30,510,South,25027,19852.0,08:05:00,08:09:29,08:10:36,9,2698,5th Ave & Pine St,1.0,5.0
2025-10-30,510,South,25027,19852.0,,08:12:57,08:13:41,10,2700,5th Ave & Seneca St,0.0,5.0
2025-10-30,510,South,25027,19852.0,,08:14:51,08:15:19,11,2702,5th Ave & Marion St,0.0,6.0
2025-10-30,510,South,25027,19852.0,,08:17:36,08:18:01,12,2290,5th Ave & Jefferson St,0.0,1.0
2025-10-30,510,South,25027,19852.0,08:20:00,08:20:54,08:20:54,13,2706,5th Ave S & S Jackson St,0.0,2.0
2025-10-30,510,South,25028,91710.0,07:16:00,07:16:17,07:16:17,0,2345,Everett Station Bay C1,10.0,0.0
2025-10-30,510,South,25028,91710.0,,07:18:25,07:18:46,1,2367,Broadway & 34th St,1.0,0.0
2025-10-30,510,South,25028,91710.0,07:26:00,07:26:00,07:27:02,2,2868,South Everett Fwy Station Bay 3,17.0,0.0
2025-10-30,510,South,25028,91710.0,07:40:00,07:45:57,07:46:36,3,2765,Mountlake Terrace Fwy Station Bay 6,8.0,0.0
2025-10-30,510,South,25028,91710.0,08:11:00,08:17:49,08:18:43,7,1909,Stewart St & 9th Ave,0.0,15.0
2025-10-30,510,South,25028,91710.0,,08:20:14,08:20:14,8,1908,Stewart St & 7th Ave,0.0,9.0
2025-10-30,510,South,25028,91710.0,08:17:00,08:21:21,08:22:31,9,2698,5th Ave & Pine St,0.0,3.0
2025-10-30,510,South,25028,91710.0,,08:24:40,08:25:06,10,2700,5th Ave & Seneca St,0.0,4.0
2025-10-30,510,South,25028,91710.0,,08:26:39,08:27:14,11,2702,5th Ave & Marion St,0.0,5.0
2025-10-30,510,South,25028,91710.0,,08:29:33,08:29:42,12,2290,5th Ave & Jefferson St,0.0,0.0
2025-10-30,510,South,25028,91710.0,08:34:00,08:32:31,08:32:31,13,2706,5th Ave S & S Jackson St,0.0,0.0
2025-10-30,510,South,25029,19857.0,07:28:00,07:28:13,07:28:13,0,2345,Everett Station Bay C1,10.0,0.0
2025-10-30,510,South,25029,19857.0,,07:31:41,07:31:41,1,2367,Broadway & 34th St,0.0,0.0
2025-10-30,510,South,25029,19857.0,07:38:00,07:39:20,07:40:21,2,2868,South Everett Fwy Station Bay 3,15.0,0.0
2025-10-30,510,South,25029,19857.0,07:52:00,07:56:42,07:57:12,3,2765,Mountlake Terrace Fwy Station Bay 6,5.0,1.0
2025-10-30,510,South,25029,19857.0,08:23:00,08:23:36,08:24:29,7,1909,Stewart St & 9th Ave,0.0,4.0
2025-10-30,510,South,25029,19857.0,,08:25:38,08:26:03,8,1908,Stewart St & 7th Ave,0.0,9.0
2025-10-30,510,South,25029,19857.0,08:29:00,08:27:29,08:28:36,9,2698,5th Ave & Pine St,0.0,3.0
2025-10-30,510,South,25029,19857.0,,08:30:46,08:31:15,10,2700,5th Ave & Seneca St,0.0,9.0
2025-10-30,510,South,25029,19857.0,,08:32:49,08:33:21,11,2702,5th Ave & Marion St,0.0,2.0
2025-10-30,510,South,25029,19857.0,,08:35:33,08:35:52,12,2290,5th Ave & Jefferson St,0.0,2.0
2025-10-30,510,South,25029,19857.0,08:47:00,08:37:35,08:37:35,13,2706,5th Ave S & S Jackson St,0.0,0.0
2025-10-30,510,South,25030,91719.0,07:43:00,07:42:52,07:42:52,0,2345,Everett Station Bay C1,10.0,0.0
2025-10-30,510,South,25030,91719.0,,07:44:58,07:45:13,1,2367,Broadway & 34th St,2.0,0.0
2025-10-30,510,South,25030,91719.0,07:53:00,07:51:51,07:53:16,2,2868,South Everett Fwy Station Bay 3,23.0,0.0
2025-10-30,510,South,25030,91719.0,08:07:00,08:06:50,08:07:04,3,2765,Mountlake Terrace Fwy Station Bay 6,0.0,3.0
2025-10-30,510,South,25030,91719.0,08:38:00,08:30:50,08:31:19,7,1909,Stewart St & 9th Ave,1.0,10.0
2025-10-30,510,South,25030,91719.0,,08:31:49,08:32:10,8,1908,Stewart St & 7th Ave,0.0,5.0
2025-10-30,510,South,25030,91719.0,08:44:00,08:33:12,08:33:36,9,2698,5th Ave & Pine St,0.0,3.0
2025-10-30,510,South,25030,91719.0,,08:35:29,08:35:53,10,2700,5th Ave & Seneca St,0.0,8.0
2025-10-30,510,South,25030,91719.0,,08:36:59,08:37:40,11,2702,5th Ave & Marion St,1.0,3.0
2025-10-30,510,South,25030,91719.0,,08:38:47,08:39:24,12,2290,5th Ave & Jefferson St,0.0,1.0
2025-10-30,510,South,25030,91719.0,09:02:00,08:40:50,08:40:50,13,2706,5th Ave S & S Jackson St,0.0,4.0
2025-10-30,510,South,25031,91728.0,07:58:00,08:08:32,08:08:32,0,2345,Everett Station Bay C1,12.0,0.0
2025-10-30,510,South,25031,91728.0,,08:11:44,08:11:44,1,2367,Broadway & 34th St,0.0,0.0
2025-10-30,510,South,25031,91728.0,08:08:00,08:18:48,08:20:02,2,2868,South Everett Fwy Station Bay 3,19.0,0.0
2025-10-30,510,South,25031,91728.0,08:22:00,08:31:33,08:32:21,3,2765,Mountlake Terrace Fwy Station Bay 6,8.0,1.0
2025-10-30,510,South,25031,91728.0,08:53:00,09:04:12,09:04:58,7,1909,Stewart St & 9th Ave,0.0,19.0
2025-10-30,510,South,25031,91728.0,,09:06:09,09:06:45,8,1908,Stewart St & 7th Ave,1.0,13.0
2025-10-30,510,South,25031,91728.0,08:59:00,09:09:20,09:09:36,9,2698,5th Ave & Pine St,0.0,0.0
2025-10-30,510,South,25031,91728.0,,09:11:28,09:11:58,10,2700,5th Ave & Seneca St,0.0,5.0
2025-10-30,510,South,25031,91728.0,,09:13:11,09:13:46,11,2702,5th Ave & Marion St,0.0,2.0
2025-10-30,510,South,25031,91728.0,,09:14:56,09:15:29,12,2290,5th Ave & Jefferson St,0.0,0.0
2025-10-30,510,South,25031,91728.0,09:17:00,09:17:32,09:17:32,13,2706,5th Ave S & S Jackson St,0.0,0.0
2025-10-30,510,South,25032,91902.0,08:18:00,08:21:21,08:21:21,0,2345,Everett Station Bay C1,11.0,0.0
2025-10-30,510,South,25032,91902.0,,08:23:23,08:24:02,1,2367,Broadway & 34th St,2.0,0.0
2025-10-30,510,South,25032,91902.0,08:29:00,08:30:39,08:32:22,2,2868,South Everett Fwy Station Bay 3,25.0,0.0
2025-10-30,510,South,25032,91902.0,08:42:00,08:43:53,08:44:07,3,2765,Mountlake Terrace Fwy Station Bay 6,0.0,0.0
2025-10-30,510,South,25032,91902.0,09:13:00,09:12:48,09:13:51,7,1909,Stewart St & 9th Ave,0.0,0.0
2025-10-30,510,South,25032,91902.0,,09:15:07,09:15:50,8,1908,Stewart St & 7th Ave,0.0,38.0
2025-10-30,510,South,25032,91902.0,09:19:00,09:18:19,09:19:41,9,2698,5th Ave & Pine St,0.0,0.0
2025-10-30,510,South,25032,91902.0,,09:21:42,09:22:08,10,2700,5th Ave & Seneca St,0.0,0.0
2025-10-30,510,South,25032,91902.0,,09:23:47,09:24:23,11,2702,5th Ave & Marion St,0.0,0.0
2025-10-30,510,South,25032,91902.0,,09:25:22,09:25:43,12,2290,5th Ave & Jefferson St,0.0,0.0
2025-10-30,510,South,25032,91902.0,09:37:00,09:27:48,09:27:48,13,2706,5th Ave S & S Jackson St,0.0,0.0
2025-10-30,510,South,25033,91903.0,08:38:00,08:38:58,08:38:58,0,2345,Everett Station Bay C1,9.0,0.0
2025-10-30,510,South,25033,91903.0,,08:41:39,08:41:39,1,2367,Broadway & 34th St,0.0,0.0
2025-10-30,510,South,25033,91903.0,08:49:00,08:48:07,08:50:10,2,2868,South Everett Fwy Station Bay 3,19.0,0.0
2025-10-30,510,South,25033,91903.0,09:02:00,09:01:03,09:01:43,3,2765,Mountlake Terrace Fwy Station Bay 6,4.0,1.0
2025-10-30,510,South,25033,91903.0,09:33:00,09:22:17,09:22:57,7,1909,Stewart St & 9th Ave,0.0,16.0
2025-10-30,510,South,25033,91903.0,,09:24:05,09:24:35,8,1908,Stewart St & 7th Ave,0.0,8.0
2025-10-30,510,South,25033,91903.0,09:39:00,09:25:51,09:26:07,9,2698,5th Ave & Pine St,0.0,2.0
2025-10-30,510,South,25033,91903.0,,09:27:56,09:28:25,10,2700,5th Ave & Seneca St,0.0,4.0
2025-10-30,510,South,25033,91903.0,,09:29:34,09:29:56,11,2702,5th Ave & Marion St,0.0,0.0
2025-10-30,510,South,25033,91903.0,,09:31:33,09:31:59,12,2290,5th Ave & Jefferson St,0.0,1.0
2025-10-30,510,South,25033,91903.0,09:57:00,09:34:41,09:34:41,13,2706,5th Ave S & S Jackson St,0.0,0.0
2025-10-31,510,North,25001,91714.0,14:00:00,14:00:15,14:00:15,0,640,4th Ave S & S Jackson St,8.0,0.0
2025-10-31,510,North,25001,91714.0,,14:00:43,14:00:43,1,635,4th Ave S & S Washington St,0.0,0.0
2025-10-31,510,North,25001,91714.0,,14:02:08,14:02:37,2,2638,4th Ave & Cherry St,5.0,0.0
2025-10-31,510,North,25001,91714.0,,14:03:59,14:05:08,3,641,4th Ave & Seneca St,5.0,0.0
2025-10-31,510,North,25001,91714.0,14:06:00,14:06:15,14:06:34,4,2976,4th Ave & Pine St,2.0,0.0
2025-10-31,510,North,25001,91714.0,,14:08:30,14:10:42,5,473,Olive Way & 6th Ave,16.0,0.0
2025-10-31,510,North,25001,91714.0,14:10:00,14:12:22,14:13:21,6,430,Howell St & 9th Ave,7.0,0.0
2025-10-31,510,North,25001,91714.0,,14:15:59,14:16:44,7,431,Howell St & Yale Ave,7.0,3.0
2025-10-31,510,North,25001,91714.0,14:30:00,14:29:55,14:30:37,11,2766,Mountlake Terrace Fwy Station Bay 7,1.0,6.0
2025-10-31,510,North,25001,91714.0,14:47:00,14:42:10,14:43:14,12,2869,South Everett Fwy Station Bay 6,0.0,39.0
2025-10-31,510,North,25001,91714.0,,14:53:46,14:54:12,13,3219,Broadway & 33rd St,0.0,3.0
2025-10-31,510,North,25001,91714.0,15:04:00,14:55:27,14:55:27,14,2861,Everett Station,0.0,0.0
2025-10-31,510,North,25002,91723.0,14:20:00,14:20:13,14:20:13,0,640,4th Ave S & S Jackson St,4.0,0.0
2025-10-31,510,North,25002,91723.0,,14:21:03,14:21:12,1,635,4th Ave S & S Washington St,0.0,0.0
2025-10-31,510,North,25002,91723.0,,14:22:24,14:22:45,2,2638,4th Ave & Cherry St,2.0,0.0
2025-10-31,510,North,25002,91723.0,,14:24:20,14:24:53,3,641,4th Ave & Seneca St,2.0,0.0
2025-10-31,510,North,25002,91723.0,14:26:00,14:26:27,14:27:17,4,2976,4th Ave & Pine St,3.0,0.0
2025-10-31,510,North,25002,91723.0,,14:28:32,14:29:23,5,473,Olive Way & 6th Ave,2.0,0.0
2025-10-31,510,North,25002,91723.0,14:30:00,14:31:04,14:31:26,6,430,Howell St & 9th Ave,3.0,0.0
2025-10-31,510,North,25002,91723.0,,14:34:06,14:34:32,7,431,Howell St & Yale Ave,3.0,0.0
2025-10-31,510,North,25002,91723.0,14:50:00,14:48:14,14:48:35,11,2766,Mountlake Terrace Fwy Station Bay 7,1.0,3.0
2025-10-31,510,North,25002,91723.0,15:07:00,15:03:21,15:03:52,12,2869,South Everett Fwy Station Bay 6,0.0,17.0
2025-10-31,510,North,25002,91723.0,,15:14:10,15:14:10,13,3219,Broadway & 33rd St,0.0,0.0
2025-10-31,510,North,25002,91723.0,15:24:00,15:15:36,15:15:36,14,2861,Everett Station,0.0,0.0
2025-10-31,510,North,25003,91705.0,14:50:00,,,0,640,4th Ave S & S Jackson St,,
2025-10-31,510,North,25003,91705.0,,,,1,635,4th Ave S & S Washington St,,
2025-10-31,510,North,25003,91705.0,,14:54:38,14:54:38,2,2638,4th Ave & Cherry St,0.0,0.0
2025-10-31,510,North,25003,91705.0,,14:55:27,14:56:44,3,641,4th Ave & Seneca St,11.0,0.0
2025-10-31,510,North,25003,91705.0,14:56:00,14:57:46,14:58:11,4,2976,4th Ave & Pine St,2.0,1.0
2025-10-31,510,North,25003,91705.0,,15:00:00,15:00:58,5,473,Olive Way & 6th Ave,12.0,0.0
2025-10-31,510,North,25003,91705.0,15:00:00,15:02:35,15:02:57,6,430,Howell St & 9th Ave,4.0,0.0
2025-10-31,510,North,25003,91705.0,,15:07:04,15:07:48,7,431,Howell St & Yale Ave,10.0,0.0
2025-10-31,510,North,25003,91705.0,15:20:00,15:25:16,15:25:41,11,2766,Mountlake Terrace Fwy Station Bay 7,0.0,9.0
2025-10-31,510,North,25003,91705.0,15:38:00,15:42:08,15:42:47,12,2869,South Everett Fwy Station Bay 6,0.0,16.0
2025-10-31,510,North,25003,91705.0,,15:54:17,15:54:52,13,3219,Broadway & 33rd St,0.0,1.0
2025-10-31,510,North,25003,91705.0,15:57:00,15:56:12,15:56:12,14,2861,Everett Station,1.0,13.0
2025-10-31,510,North,25004,91721.0,15:10:00,15:12:17,15:12:17,0,640,4th Ave S & S Jackson St,7.0,0.0
2025-10-31,510,North,25004,91721.0,,,,1,635,4th Ave S & S Washington St,,
2025-10-31,510,North,25004,91721.0,,15:14:27,15:15:40,2,2638,4th Ave & Cherry St,4.0,0.0
2025-10-31,510,North,25004,91721.0,,15:17:35,15:18:00,3,641,4th Ave & Seneca St,1.0,0.0
2025-10-31,510,North,25004,91721.0,15:16:00,15:19:07,15:19:52,4,2976,4th Ave & Pine St,3.0,0.0
2025-10-31,510,North,25004,91721.0,,15:20:57,15:22:03,5,473,Olive Way & 6th Ave,4.0,0.0
2025-10-31,510,North,25004,91721.0,15:20:00,15:23:36,15:24:33,6,430,Howell St & 9th Ave,8.0,0.0
2025-10-31,510,North,25004,91721.0,,15:28:07,15:28:45,7,431,Howell St & Yale Ave,3.0,0.0
2025-10-31,510,North,25004,91721.0,15:40:00,15:50:14,15:50:43,11,2766,Mountlake Terrace Fwy Station Bay 7,0.0,8.0
2025-10-31,510,North,25004,91721.0,16:00:00,16:08:12,16:08:57,12,2869,South Everett Fwy Station Bay 6,0.0,21.0
2025-10-31,510,North,25004,91721.0,,16:21:52,16:22:09,13,3219,Broadway & 33rd St,0.0,1.0
2025-10-31,510,North,25004,91721.0,16:21:00,16:23:51,16:23:51,14,2861,Everett Station,0.0,0.0
2025-10-31,510,North,25005,91722.0,15:25:00,15:28:13,15:28:13,0,640,4th Ave S & S Jackson St,2.0,0.0
2025-10-31,510,North,25005,91722.0,,15:29:09,15:29:43,1,635,4th Ave S & S Washington St,1.0,0.0
2025-10-31,510,North,25005,91722.0,,15:30:57,15:32:03,2,2638,4th Ave & Cherry St,4.0,1.0
2025-10-31,510,North,25005,91722.0,,15:34:04,15:34:45,3,641,4th Ave & Seneca St,5.0,0.0
2025-10-31,510,North,25005,91722.0,15:31:00,15:36:44,15:37:33,4,2976,4th Ave & Pine St,3.0,0.0
2025-10-31,510,North,25005,91722.0,,15:39:00,15:40:04,5,473,Olive Way & 6th Ave,10.0,0.0
2025-10-31,510,North,25005,91722.0,15:35:00,15:41:40,15:43:00,6,430,Howell St & 9th Ave,9.0,0.0
2025-10-31,510,North,25005,91722.0,,15:46:14,15:46:59,7,431,Howell St & Yale Ave,2.0,0.0
2025-10-31,510,North,25005,91722.0,15:56:00,16:11:15,16:12:36,11,2766,Mountlake Terrace Fwy Station Bay 7,0.0,11.0
2025-10-31,510,North,25005,91722.0,16:16:00,16:31:21,16:32:44,12,2869,South Everett Fwy Station Bay 6,1.0,22.0
2025-10-31,510,North,25005,91722.0,,16:46:04,16:46:32,13,3219,Broadway & 33rd St,0.0,3.0
2025-10-31,510,North,25005,91722.0,16:38:00,16:48:05,16:48:05,14,2861,Everett Station,0.0,0.0
2025-10-31,510,North,25006,91731.0,15:40:00,15:42:16,15:42:16,0,640,4th Ave S & S Jackson St,0.0,0.0
2025-10-31,510,North,25006,91731.0,,15:44:04,15:44:04,1,635,4th Ave S & S Washington St,0.0,0.0
2025-10-31,510,North,25006,91731.0,,15:46:26,15:46:26,2,2638,4th Ave & Cherry St,0.0,0.0
2025-10-31,510,North,25006,91731.0,,15:49:25,15:49:25,3,641,4th Ave & Seneca St,0.0,0.0
2025-10-31,510,North,25006,91731.0,15:46:00,15:51:27,15:51:27,4,2976,4th Ave & Pine St,0.0,0.0
2025-10-31,510,North,25006,91731.0,,15:53:40,15:53:40,5,473,Olive Way & 6th Ave,0.0,0.0
2025-10-31,510,North,25006,91731.0,15:50:00,15:55:44,15:55:44,6,430,Howell St & 9th Ave,0.0,0.0
2025-10-31,510,North,25006,91731.0,,16:00:27,16:00:27,7,431,Howell St & Yale Ave,0.0,0.0
2025-10-31,510,North,25006,91731.0,16:12:00,16:23:56,16:24:27,11,2766,Mountlake Terrace Fwy Station Bay 7,0.0,0.0
2025-10-31,510,North,25006,91731.0,16:35:00,16:43:49,16:44:18,12,2869,South Everett Fwy Station Bay 6,0.0,0.0
2025-10-31,510,North,25006,91731.0,,16:57:03,16:57:24,13,3219,Broadway & 33rd St,0.0,0.0
2025-10-31,510,North,25006,91731.0,16:58:00,16:58:36,16:58:36,14,2861,Everett Station,0.0,0.0
2025-10-31,510,North,25007,91702.0,15:55:00,15:55:19,15:55:19,0,640,4th Ave S & S Jackson St,1.0,0.0
2025-10-31,510,North,25007,91702.0,,15:56:04,15:56:19,1,635,4th Ave S & S Washington St,1.0,0.0
2025-10-31,510,North,25007,91702.0,,15:57:51,15:58:16,2,2638,4th Ave & Cherry St,5.0,0.0
2025-10-31,510,North,25007,91702.0,,16:00:30,16:00:57,3,641,4th Ave & Seneca St,4.0,0.0
2025-10-31,510,North,25007,91702.0,16:01:00,16:02:25,16:03:24,4,2976,4th Ave & Pine St,2.0,0.0
2025-10-31,510,North,25007,91702.0,,16:04:25,16:05:31,5,473,Olive Way & 6th Ave,5.0,0.0
2025-10-31,510,North,25007,91702.0,16:05:00,16:06:12,16:06:28,6,430,Howell St & 9th Ave,2.0,0.0
2025-10-31,510,North,25007,91702.0,,16:10:08,16:10:44,7,431,Howell St & Yale Ave,8.0,0.0
2025-10-31,510,North,25007,91702.0,16:28:00,16:34:42,16:35:04,11,2766,Mountlake Terrace Fwy Station Bay 7,0.0,7.0
2025-10-31,510,North,25007,91702.0,16:51:00,16:54:34,16:55:15,12,2869,South Everett Fwy Station Bay 6,0.0,12.0
2025-10-31,510,North,25007,91702.0,,17:06:53,17:07:17,13,3219,Broadway & 33rd St,0.0,3.0
2025-10-31,510,North,25007,91702.0,17:14:00,17:08:08,17:08:08,14,2861,Everett Station,0.0,6.0
2025-10-31,510,North,25008,19815.0,16:10:00,16:16:29,16:16:29,0,640,4th Ave S & S Jackson St,4.0,0.0
2025-10-31,510,North,25008,19815.0,,16:17:13,16:17:32,1,635,4th Ave S & S Washington St,1.0,0.0
2025-10-31,510,North,25008,19815.0,,16:18:58,16:19:36,2,2638,4th Ave & Cherry St,5.0,0.0
2025-10-31,510,North,25008,19815.0,,16:20:58,16:22:14,3,641,4th Ave & Seneca St,10.0,0.0
2025-10-31,510,North,25008,19815.0,16:16:00,16:23:23,16:23:58,4,2976,4th Ave & Pine St,2.0,0.0
2025-10-31,510,North,25008,19815.0,,16:25:36,16:26:36,5,473,Olive Way & 6th Ave,8.0,1.0
2025-10-31,510,North,25008,19815.0,16:20:00,16:28:12,16:28:45,6,430,Howell St & 9th Ave,4.0,0.0
2025-10-31,510,North,25008,19815.0,,16:31:09,16:31:39,7,431,Howell St & Yale Ave,4.0,0.0
2025-10-31,510,North,25008,19815.0,16:43:00,16:57:55,16:58:54,11,2766,Mountlake Terrace Fwy Station Bay 7,0.0,13.0
2025-10-31,510,North,25008,19815.0,17:06:00,17:19:26,17:20:12,12,2869,South Everett Fwy Station Bay 6,1.0,23.0
2025-10-31,510,North,25008,19815.0,,17:30:51,17:31:07,13,3219,Broadway & 33rd St,0.0,2.0
2025-10-31,510,North,25008,19815.0,17:29:00,17:32:28,17:32:28,14,2861,Everett Station,0.0,0.0
2025-10-31,510,North,25009,,16:25:00,,,0,640,4th Ave S & S Jackson St,,
2025-10-31,510,North,25009,,,,,1,635,4th Ave S & S Washington St,,
2025-10-31,510,North,25009,,,,,2,2638,4th Ave & Cherry St,,
2025-10-31,510,North,25009,,,,,3,641,4th Ave & Seneca St,,
2025-10-31,510,North,25009,,16:31:00,,,4,2976,4th Ave & Pine St,,
2025-10-31,510,North,25009,,,,,5,473,Olive Way & 6th Ave,,
2025-10-31,510,North,25009,,16:35:00,,,6,430,Howell St & 9th Ave,,
2025-10-31,510,North,25009,,,,,7,431,Howell St & Yale Ave,,
2025-10-31,510,North,25009,,16:58:00,,,11,2766,Mountlake Terrace Fwy Station Bay 7,,
2025-10-31,510,North,25009,,17:21:00,,,12,2869,South Everett Fwy Station Bay 6,,
2025-10-31,510,North,25009,,,,,13,3219,Broadway & 33rd St,,
2025-10-31,510,North,25009,,17:44:00,,,14,2861,Everett Station,,
2025-10-31,510,North,25010,91724.0,16:40:00,16:43:42,16:43:42,0,640,4th Ave S & S Jackson St,2.0,0.0
2025-10-31,510,North,25010,91724.0,,16:44:19,16:44:31,1,635,4th Ave S & S Washington St,1.0,0.0
2025-10-31,510,North,25010,91724.0,,16:45:58,16:46:36,2,2638,4th Ave & Cherry St,12.0,0.0
2025-10-31,510,North,25010,91724.0,,16:48:06,16:49:16,3,641,4th Ave & Seneca St,6.0,1.0
2025-10-31,510,North,25010,91724.0,16:46:00,16:50:48,16:51:59,4,2976,4th Ave & Pine St,4.0,0.0
2025-10-31,510,North,25010,91724.0,,16:55:42,16:56:33,5,473,Olive Way & 6th Ave,6.0,1.0
2025-10-31,510,North,25010,91724.0,16:50:00,16:58:10,16:58:26,6,430,Howell St & 9th Ave,2.0,0.0
2025-10-31,510,North,25010,91724.0,,17:01:08,17:01:35,7,431,Howell St & Yale Ave,3.0,0.0
2025-10-31,510,North,25010,91724.0,17:13:00,17:29:27,17:29:59,11,2766,Mountlake Terrace Fwy Station Bay 7,0.0,10.0
2025-10-31,510,North,25010,91724.0,17:36:00,17:50:51,17:51:48,12,2869,South Everett Fwy Station Bay 6,0.0,14.0
2025-10-31,510,North,25010,91724.0,,18:00:37,18:00:37,13,3219,Broadway & 33rd St,0.0,0.0
2025-10-31,510,North,25010,91724.0,17:59:00,18:01:41,18:01:41,14,2861,Everett Station,0.0,10.0
2025-10-31,510,North,25011,91728.0,16:55:00,16:55:08,16:55:08,0,640,4th Ave S & S Jackson St,2.0,0.0
2025-10-31,510,North,25011,91728.0,,16:55:55,16:56:02,1,635,4th Ave S & S Washington St,0.0,0.0
2025-10-31,510,North,25011,91728.0,,16:56:51,16:57:16,2,2638,4th Ave & Cherry St,4.0,0.0
2025-10-31,510,North,25011,91728.0,,16:59:31,17:00:00,3,641,4th Ave & Seneca St,5.0,1.0
2025-10-31,510,North,25011,91728.0,17:01:00,17:01:03,17:01:43,4,2976,4th Ave & Pine St,1.0,0.0
2025-10-31,510,North,25011,91728.0,,17:02:56,17:04:00,5,473,Olive Way & 6th Ave,1.0,0.0
2025-10-31,510,North,25011,91728.0,17:05:00,17:04:37,17:05:16,6,430,Howell St & 9th Ave,2.0,0.0
2025-10-31,510,North,25011,91728.0,,17:07:20,17:07:43,7,431,Howell St & Yale Ave,0.0,0.0
2025-10-31,510,North,25011,91728.0,17:27:00,17:34:06,17:34:40,11,2766,Mountlake Terrace Fwy Station Bay 7,0.0,4.0
2025-10-31,510,North,25011,91728.0,17:50:00,17:55:44,17:56:22,12,2869,South Everett Fwy Station Bay 6,0.0,7.0
2025-10-31,510,North,25011,91728.0,,18:05:24,18:05:24,13,3219,Broadway & 33rd St,0.0,0.0
2025-10-31,510,North,25011,91728.0,18:09:00,18:06:49,18:06:49,14,2861,Everett Station,0.0,3.0
2025-10-31,510,North,25012,91725.0,17:10:00,17:10:55,17:10:55,0,640,4th Ave S & S Jackson St,3.0,0.0
2025-10-31,510,North,25012,91725.0,,17:12:32,17:12:32,1,635,4th Ave S & S Washington St,0.0,0.0
2025-10-31,510,North,25012,91725.0,,17:14:32,17:15:02,2,2638,4th Ave & Cherry St,7.0,0.0
2025-10-31,510,North,25012,91725.0,,17:16:52,17:17:46,3,641,4th Ave & Seneca St,8.0,0.0
2025-10-31,510,North,25012,91725.0,17:16:00,17:19:01,17:19:52,4,2976,4th Ave & Pine St,5.0,1.0
2025-10-31,510,North,25012,91725.0,,17:22:19,17:23:35,5,473,Olive Way & 6th Ave,4.0,0.0
2025-10-31,510,North,25012,91725.0,17:20:00,17:25:13,17:25:50,6,430,Howell St & 9th Ave,6.0,0.0
2025-10-31,510,North,25012,91725.0,,17:29:41,17:30:14,7,431,Howell St & Yale Ave,3.0,5.0
2025-10-31,510,North,25012,91725.0,17:42:00,17:55:40,17:56:02,11,2766,Mountlake Terrace Fwy Station Bay 7,0.0,6.0
2025-10-31,510,North,25012,91725.0,18:05:00,18:16:38,18:17:15,12,2869,South Everett Fwy Station Bay 6,0.0,14.0
2025-10-31,510,North,25012,91725.0,,18:26:10,18:26:29,13,3219,Broadway & 33rd St,0.0,2.0
2025-10-31,510,North,25012,91725.0,18:21:00,18:28:02,18:28:02,14,2861,Everett Station,0.0,8.0
2025-10-31,510,North,25013,,17:25:00,,,0,640,4th Ave S & S Jackson St,,
2025-10-31,510,North,25013,,,,,1,635,4th Ave S & S Washington St,,
2025-10-31,510,North,25013,,,,,2,2638,4th Ave & Cherry St,,
2025-10-31,510,North,25013,,,,,3,641,4th Ave & Seneca St,,
2025-10-31,510,North,25013,,17:31:00,,,4,2976,4th Ave & Pine St,,
2025-10-31,510,North,25013,,,,,5,473,Olive Way & 6th Ave,,
2025-10-31,510,North,25013,,17:35:00,,,6,430,Howell St & 9th Ave,,
2025-10-31,510,North,25013,,,,,7,431,Howell St & Yale Ave,,
2025-10-31,510,North,25013,,17:56:00,,,11,2766,Mountlake Terrace Fwy Station Bay 7,,
2025-10-31,510,North,25013,,18:18:00,,,12,2869,South Everett Fwy Station Bay 6,,
2025-10-31,510,North,25013,,,,,13,3219,Broadway & 33rd St,,
2025-10-31,510,North,25013,,18:33:00,,,14,2861,Everett Station,,
2025-10-31,510,North,25014,91704.0,17:45:00,17:46:27,17:46:27,0,640,4th Ave S & S Jackson St,3.0,0.0
2025-10-31,510,North,25014,91704.0,,17:47:14,17:47:41,1,635,4th Ave S & S Washington St,1.0,0.0
2025-10-31,510,North,25014,91704.0,,17:48:59,17:49:18,2,2638,4th Ave & Cherry St,1.0,0.0
2025-10-31,510,North,25014,91704.0,,17:51:09,17:52:13,3,641,4th Ave & Seneca St,3.0,0.0
2025-10-31,510,North,25014,91704.0,17:51:00,17:53:30,17:54:18,4,2976,4th Ave & Pine St,6.0,0.0
2025-10-31,510,North,25014,91704.0,,17:55:36,17:56:43,5,473,Olive Way & 6th Ave,4.0,0.0
2025-10-31,510,North,25014,91704.0,17:55:00,17:58:14,17:58:44,6,430,Howell St & 9th Ave,3.0,0.0
2025-10-31,510,North,25014,91704.0,,18:01:08,18:01:45,7,431,Howell St & Yale Ave,3.0,0.0
2025-10-31,510,North,25014,91704.0,18:13:00,18:19:35,18:25:03,11,2766,Mountlake Terrace Fwy Station Bay 7,0.0,2.0
2025-10-31,510,North,25014,91704.0,18:32:00,,,12,2869,South Everett Fwy Station Bay 6,,
2025-10-31,510,North,25014,91704.0,,,,13,3219,Broadway & 33rd St,,
2025-10-31,510,North,25014,91704.0,18:43:00,,,14,2861,Everett Station,,
2025-10-31,510,North,25015,,18:05:00,,,0,640,4th Ave S & S Jackson St,,
2025-10-31,510,North,25015,,,,,1,635,4th Ave S & S Washington St,,
2025-10-31,510,North,25015,,,,,2,2638,4th Ave & Cherry St,,
2025-10-31,510,North,25015,,,,,3,641,4th Ave & Seneca St,,
2025-10-31,510,North,25015,,18:11:00,,,4,2976,4th Ave & Pine St,,
2025-10-31,510,North,25015,,,,,5,473,Olive Way & 6th Ave,,
2025-10-31,510,North,25015,,18:14:00,,,6,430,Howell St & 9th Ave,,
2025-10-31,510,North,25015,,,,,7,431,Howell St & Yale Ave,,
2025-10-31,510,North,25015,,18:32:00,,,11,2766,Mountlake Terrace Fwy Station Bay 7,,
2025-10-31,510,North,25015,,18:48:00,,,12,2869,South Everett Fwy Station Bay 6,,
2025-10-31,510,North,25015,,,,,13,3219,Broadway & 33rd St,,
2025-10-31,510,North,25015,,18:59:00,,,14,2861,Everett Station,,
2025-10-31,510,North,25016,19856.0,18:30:00,18:28:58,18:28:58,0,640,4th Ave S & S Jackson St,1.0,0.0
2025-10-31,510,North,25016,19856.0,,18:30:32,18:30:45,1,635,4th Ave S & S Washington St,0.0,0.0
2025-10-31,510,North,25016,19856.0,,18:32:24,18:32:38,2,2638,4th Ave & Cherry St,0.0,0.0
2025-10-31,510,North,25016,19856.0,,18:34:27,18:34:47,3,641,4th Ave & Seneca St,2.0,0.0
2025-10-31,510,North,25016,19856.0,18:36:00,18:35:44,18:36:27,4,2976,4th Ave & Pine St,6.0,0.0
2025-10-31,510,North,25016,19856.0,,18:37:25,18:38:40,5,473,Olive Way & 6th Ave,5.0,0.0
2025-10-31,510,North,25016,19856.0,18:39:00,18:40:05,18:40:29,6,430,Howell St & 9th Ave,2.0,0.0
2025-10-31,510,North,25016,19856.0,,18:43:06,18:43:43,7,431,Howell St & Yale Ave,1.0,0.0
2025-10-31,510,North,25016,19856.0,18:57:00,18:57:47,18:58:12,11,2766,Mountlake Terrace Fwy Station Bay 7,0.0,4.0
2025-10-31,510,North,25016,19856.0,19:12:00,19:09:20,19:09:42,12,2869,South Everett Fwy Station Bay 6,0.0,5.0
2025-10-31,510,North,25016,19856.0,,19:16:58,19:17:15,13,3219,Broadway & 33rd St,0.0,1.0
2025-10-31,510,North,25016,19856.0,19:22:00,19:18:34,19:18:34,14,2861,Everett Station,1.0,8.0
2025-10-31,510,South,25017,91716.0,04:05:00,04:05:07,04:05:07,0,2986,Hewitt Ave & Fulton St,2.0,0.0
2025-10-31,510,South,25017,91716.0,,04:06:17,04:06:17,1,2440,Hewitt Ave & Lombard Ave,0.0,0.0
2025-10-31,510,South,25017,91716.0,,04:07:48,04:08:10,2,2355,Wetmore Ave & Wall St,2.0,0.0
2025-10-31,510,South,25017,91716.0,,04:09:08,04:09:08,3,2359,Pacific Ave & Rockefeller Ave,0.0,0.0
2025-10-31,510,South,25017,91716.0,04:11:00,04:11:13,04:12:06,4,2345,Everett Station Bay C1,11.0,0.0
2025-10-31,510,South,25017,91716.0,,04:13:33,04:13:33,5,2367,Broadway & 34th St,0.0,0.0
2025-10-31,510,South,25017,91716.0,04:20:00,04:20:05,04:20:43,6,2868,South Everett Fwy Station Bay 3,4.0,0.0
2025-10-31,510,South,25017,91716.0,04:31:00,04:30:41,04:31:17,7,2765,Mountlake Terrace Fwy Station Bay 6,2.0,0.0
2025-10-31,510,South,25017,91716.0,04:48:00,04:44:21,04:45:02,11,1909,Stewart St & 9th Ave,0.0,3.0
2025-10-31,510,South,25017,91716.0,,04:46:10,04:46:31,12,1908,Stewart St & 7th Ave,0.0,1.0
2025-10-31,510,South,25017,91716.0,04:52:00,04:47:35,04:48:19,13,2698,5th Ave & Pine St,0.0,5.0
2025-10-31,510,South,25017,91716.0,,04:49:24,04:49:52,14,2700,5th Ave & Seneca St,0.0,4.0
2025-10-31,510,South,25017,91716.0,,04:50:37,04:51:12,15,2702,5th Ave & Marion St,0.0,3.0
2025-10-31,510,South,25017,91716.0,,04:52:21,04:53:03,16,2290,5th Ave & Jefferson St,0.0,1.0
2025-10-31,510,South,25017,91716.0,05:00:00,04:54:38,04:54:38,17,2706,5th Ave S & S Jackson St,0.0,4.0
2025-10-31,510,South,25018,,04:40:00,,,0,2986,Hewitt Ave & Fulton St,,
2025-10-31,510,South,25018,,,,,1,2440,Hewitt Ave & Lombard Ave,,
2025-10-31,510,South,25018,,,,,2,2355,Wetmore Ave & Wall St,,
2025-10-31,510,South,25018,,,,,3,2359,Pacific Ave & Rockefeller Ave,,
2025-10-31,510,South,25018,,04:46:00,,,4,2345,Everett Station Bay C1,,
2025-10-31,510,South,25018,,,,,5,2367,Broadway & 34th St,,
2025-10-31,510,South,25018,,04:57:00,,,6,2868,South Everett Fwy Station Bay 3,,
2025-10-31,510,South,25018,,05:08:00,,,7,2765,Mountlake Terrace Fwy Station Bay 6,,
2025-10-31,510,South,25018,,05:26:00,,,11,1909,Stewart St & 9th Ave,,
2025-10-31,510,South,25018,,,,,12,1908,Stewart St & 7th Ave,,
2025-10-31,510,South,25018,,05:30:00,,,13,2698,5th Ave & Pine St,,
2025-10-31,510,South,25018,,,,,14,2700,5th Ave & Seneca St,,
2025-10-31,510,South,25018,,,,,15,2702,5th Ave & Marion St,,
2025-10-31,510,South,25018,,,,,16,2290,5th Ave & Jefferson St,,
2025-10-31,510,South,25018,,05:38:00,,,17,2706,5th Ave S & S Jackson St,,
2025-10-31,510,South,25019,91903.0,05:10:00,05:10:10,05:10:10,0,2345,Everett Station Bay C1,13.0,0.0
2025-10-31,510,South,25019,91903.0,,05:12:04,05:12:28,1,2367,Broadway & 34th St,2.0,0.0
2025-10-31,510,South,25019,91903.0,05:20:00,05:19:53,05:21:29,2,2868,South Everett Fwy Station Bay 3,16.0,1.0
2025-10-31,510,South,25019,91903.0,05:31:00,05:32:20,05:32:57,3,2765,Mountlake Terrace Fwy Station Bay 6,5.0,0.0
2025-10-31,510,South,25019,91903.0,05:49:00,05:47:20,05:47:42,7,1909,Stewart St & 9th Ave,0.0,4.0
2025-10-31,510,South,25019,91903.0,,05:49:07,05:49:32,8,1908,Stewart St & 7th Ave,0.0,4.0
2025-10-31,510,South,25019,91903.0,05:54:00,05:50:33,05:51:24,9,2698,5th Ave & Pine St,0.0,3.0
2025-10-31,510,South,25019,91903.0,,05:52:15,05:52:52,10,2700,5th Ave & Seneca St,0.0,4.0
2025-10-31,510,South,25019,91903.0,,05:53:39,05:54:10,11,2702,5th Ave & Marion St,0.0,8.0
2025-10-31,510,South,25019,91903.0,,05:55:22,05:55:57,12,2290,5th Ave & Jefferson St,0.0,9.0
2025-10-31,510,South,25019,91903.0,06:03:00,05:57:36,05:57:36,13,2706,5th Ave S & S Jackson St,0.0,3.0
2025-10-31,510,South,25020,91907.0,05:40:00,05:40:33,05:40:33,0,2345,Everett Station Bay C1,12.0,0.0
2025-10-31,510,South,25020,91907.0,,05:42:01,05:42:01,1,2367,Broadway & 34th St,0.0,0.0
2025-10-31,510,South,25020,91907.0,05:50:00,05:49:03,05:50:09,2,2868,South Everett Fwy Station Bay 3,12.0,0.0
2025-10-31,510,South,25020,91907.0,06:01:00,06:00:23,06:00:31,3,2765,Mountlake Terrace Fwy Station Bay 6,0.0,0.0
2025-10-31,510,South,25020,91907.0,06:22:00,06:13:32,06:14:00,7,1909,Stewart St & 9th Ave,0.0,3.0
2025-10-31,510,South,25020,91907.0,,06:15:10,06:15:40,8,1908,Stewart St & 7th Ave,1.0,0.0
2025-10-31,510,South,25020,91907.0,06:28:00,06:16:46,06:18:04,9,2698,5th Ave & Pine St,0.0,6.0
2025-10-31,510,South,25020,91907.0,,06:18:52,06:19:18,10,2700,5th Ave & Seneca St,0.0,6.0
2025-10-31,510,South,25020,91907.0,,06:20:27,06:20:43,11,2702,5th Ave & Marion St,0.0,1.0
2025-10-31,510,South,25020,91907.0,,06:22:03,06:22:27,12,2290,5th Ave & Jefferson St,0.0,9.0
2025-10-31,510,South,25020,91907.0,06:38:00,06:25:35,06:25:35,13,2706,5th Ave S & S Jackson St,0.0,0.0
2025-10-31,510,South,25021,91716.0,05:52:00,05:52:07,05:52:07,0,2345,Everett Station Bay C1,10.0,0.0
2025-10-31,510,South,25021,91716.0,,05:54:24,05:54:37,1,2367,Broadway & 34th St,1.0,0.0
2025-10-31,510,South,25021,91716.0,06:02:00,06:01:22,06:02:05,2,2868,South Everett Fwy Station Bay 3,11.0,0.0
2025-10-31,510,South,25021,91716.0,06:14:00,06:12:09,06:12:20,3,2765,Mountlake Terrace Fwy Station Bay 6,0.0,0.0
2025-10-31,510,South,25021,91716.0,06:35:00,06:26:29,06:26:49,7,1909,Stewart St & 9th Ave,0.0,3.0
2025-10-31,510,South,25021,91716.0,,06:27:17,06:27:38,8,1908,Stewart St & 7th Ave,0.0,3.0
2025-10-31,510,South,25021,91716.0,06:41:00,06:28:48,06:29:03,9,2698,5th Ave & Pine St,0.0,2.0
2025-10-31,510,South,25021,91716.0,,06:30:39,06:30:54,10,2700,5th Ave & Seneca St,0.0,3.0
2025-10-31,510,South,25021,91716.0,,06:32:27,06:33:15,11,2702,5th Ave & Marion St,0.0,6.0
2025-10-31,510,South,25021,91716.0,,06:34:30,06:34:53,12,2290,5th Ave & Jefferson St,0.0,2.0
2025-10-31,510,South,25021,91716.0,06:51:00,06:37:14,06:37:14,13,2706,5th Ave S & S Jackson St,0.0,3.0
2025-10-31,510,South,25022,91911.0,06:04:00,06:04:09,06:04:09,0,2345,Everett Station Bay C1,9.0,0.0
2025-10-31,510,South,25022,91911.0,,06:05:56,06:06:23,1,2367,Broadway & 34th St,2.0,0.0
2025-10-31,510,South,25022,91911.0,06:14:00,06:13:12,06:13:58,2,2868,South Everett Fwy Station Bay 3,11.0,0.0
2025-10-31,510,South,25022,91911.0,06:26:00,06:24:16,06:24:56,3,2765,Mountlake Terrace Fwy Station Bay 6,3.0,2.0
2025-10-31,510,South,25022,91911.0,06:48:00,06:39:24,06:39:47,7,1909,Stewart St & 9th Ave,0.0,5.0
2025-10-31,510,South,25022,91911.0,,06:40:42,06:41:15,8,1908,Stewart St & 7th Ave,0.0,8.0
2025-10-31,510,South,25022,91911.0,06:54:00,06:42:48,06:43:15,9,2698,5th Ave & Pine St,0.0,2.0
2025-10-31,510,South,25022,91911.0,,06:45:43,06:46:04,10,2700,5th Ave & Seneca St,0.0,3.0
2025-10-31,510,South,25022,91911.0,,06:47:32,06:48:12,11,2702,5th Ave & Marion St,0.0,2.0
2025-10-31,510,South,25022,91911.0,,06:49:23,06:49:46,12,2290,5th Ave & Jefferson St,0.0,3.0
2025-10-31,510,South,25022,91911.0,07:04:00,06:52:13,06:52:13,13,2706,5th Ave S & S Jackson St,0.0,0.0
2025-10-31,510,South,25023,91706.0,06:16:00,06:17:49,06:17:49,0,2345,Everett Station Bay C1,0.0,0.0
2025-10-31,510,South,25023,91706.0,,06:19:49,06:20:08,1,2367,Broadway & 34th St,0.0,0.0
2025-10-31,510,South,25023,91706.0,06:26:00,06:27:53,06:28:41,2,2868,South Everett Fwy Station Bay 3,0.0,0.0
2025-10-31,510,South,25023,91706.0,06:38:00,06:39:13,06:39:44,3,2765,Mountlake Terrace Fwy Station Bay 6,0.0,0.0
2025-10-31,510,South,25023,91706.0,07:00:00,06:53:48,06:54:42,7,1909,Stewart St & 9th Ave,0.0,0.0
2025-10-31,510,South,25023,91706.0,,06:55:37,06:56:07,8,1908,Stewart St & 7th Ave,0.0,0.0
2025-10-31,510,South,25023,91706.0,07:06:00,06:57:18,06:58:36,9,2698,5th Ave & Pine St,0.0,0.0
2025-10-31,510,South,25023,91706.0,,06:59:28,06:59:58,10,2700,5th Ave & Seneca St,0.0,0.0
2025-10-31,510,South,25023,91706.0,,07:00:59,07:01:46,11,2702,5th Ave & Marion St,0.0,0.0
2025-10-31,510,South,25023,91706.0,,07:02:52,07:03:13,12,2290,5th Ave & Jefferson St,0.0,0.0
2025-10-31,510,South,25023,91706.0,07:17:00,07:05:35,07:05:35,13,2706,5th Ave S & S Jackson St,0.0,0.0
2025-10-31,510,South,25024,91908.0,06:28:00,06:28:08,06:28:08,0,2345,Everett Station Bay C1,7.0,0.0
2025-10-31,510,South,25024,91908.0,,06:30:18,06:30:18,1,2367,Broadway & 34th St,0.0,0.0
2025-10-31,510,South,25024,91908.0,06:38:00,06:36:59,06:38:23,2,2868,South Everett Fwy Station Bay 3,12.0,0.0
2025-10-31,510,South,25024,91908.0,06:50:00,06:48:37,06:49:07,3,2765,Mountlake Terrace Fwy Station Bay 6,7.0,0.0
2025-10-31,510,South,25024,91908.0,07:13:00,07:02:57,07:03:31,7,1909,Stewart St & 9th Ave,1.0,8.0
2025-10-31,510,South,25024,91908.0,,07:04:31,07:04:51,8,1908,Stewart St & 7th Ave,0.0,2.0
2025-10-31,510,South,25024,91908.0,07:19:00,07:06:14,07:06:33,9,2698,5th Ave & Pine St,0.0,5.0
2025-10-31,510,South,25024,91908.0,,07:08:03,07:08:28,10,2700,5th Ave & Seneca St,0.0,5.0
2025-10-31,510,South,25024,91908.0,,07:09:52,07:10:40,11,2702,5th Ave & Marion St,0.0,2.0
2025-10-31,510,South,25024,91908.0,,07:11:48,07:12:14,12,2290,5th Ave & Jefferson St,0.0,3.0
2025-10-31,510,South,25024,91908.0,07:30:00,07:14:02,07:14:02,13,2706,5th Ave S & S Jackson St,0.0,2.0
2025-10-31,510,South,25025,91504.0,06:40:00,06:43:37,06:43:37,0,2345,Everett Station Bay C1,7.0,0.0
2025-10-31,510,South,25025,91504.0,,,,1,2367,Broadway & 34th St,,
2025-10-31,510,South,25025,91504.0,06:50:00,06:51:55,06:53:40,2,2868,South Everett Fwy Station Bay 3,24.0,1.0
2025-10-31,510,South,25025,91504.0,07:03:00,07:04:21,07:04:52,3,2765,Mountlake Terrace Fwy Station Bay 6,5.0,0.0
2025-10-31,510,South,25025,91504.0,07:28:00,07:19:19,07:20:22,7,1909,Stewart St & 9th Ave,0.0,11.0
2025-10-31,510,South,25025,91504.0,,07:21:10,07:21:40,8,1908,Stewart St & 7th Ave,0.0,0.0
2025-10-31,510,South,25025,91504.0,07:34:00,07:22:58,07:24:05,9,2698,5th Ave & Pine St,0.0,11.0
2025-10-31,510,South,25025,91504.0,,07:25:05,07:25:41,10,2700,5th Ave & Seneca St,0.0,10.0
2025-10-31,510,South,25025,91504.0,,07:26:32,07:27:18,11,2702,5th Ave & Marion St,0.0,1.0
2025-10-31,510,South,25025,91504.0,,07:28:26,07:30:38,12,2290,5th Ave & Jefferson St,0.0,1.0
2025-10-31,510,South,25025,91504.0,07:47:00,07:31:13,07:31:13,13,2706,5th Ave S & S Jackson St,1.0,2.0
2025-10-31,510,South,25026,91905.0,06:52:00,06:52:12,06:52:12,0,2345,Everett Station Bay C1,6.0,0.0
2025-10-31,510,South,25026,91905.0,,06:54:09,06:54:27,1,2367,Broadway & 34th St,1.0,0.0
2025-10-31,510,South,25026,91905.0,07:02:00,07:01:56,07:02:58,2,2868,South Everett Fwy Station Bay 3,15.0,0.0
2025-10-31,510,South,25026,91905.0,07:15:00,07:14:07,07:15:09,3,2765,Mountlake Terrace Fwy Station Bay 6,0.0,0.0
2025-10-31,510,South,25026,91905.0,07:40:00,07:31:03,07:31:34,7,1909,Stewart St & 9th Ave,0.0,6.0
2025-10-31,510,South,25026,91905.0,,07:32:10,07:32:31,8,1908,Stewart St & 7th Ave,0.0,4.0
2025-10-31,510,South,25026,91905.0,07:46:00,07:34:54,07:36:06,9,2698,5th Ave & Pine St,0.0,4.0
2025-10-31,510,South,25026,91905.0,,07:38:16,07:38:38,10,2700,5th Ave & Seneca St,0.0,6.0
2025-10-31,510,South,25026,91905.0,,07:40:10,07:40:44,11,2702,5th Ave & Marion St,0.0,1.0
2025-10-31,510,South,25026,91905.0,,07:42:04,07:42:25,12,2290,5th Ave & Jefferson St,0.0,1.0
2025-10-31,510,South,25026,91905.0,07:59:00,07:44:18,07:44:18,13,2706,5th Ave S & S Jackson St,0.0,0.0
2025-10-31,510,South,25027,19814.0,07:04:00,07:05:19,07:05:19,0,2345,Everett Station Bay C1,6.0,0.0
2025-10-31,510,South,25027,19814.0,,07:08:43,07:09:29,1,2367,Broadway & 34th St,2.0,0.0
2025-10-31,510,South,25027,19814.0,07:14:00,07:17:32,07:18:54,2,2868,South Everett Fwy Station Bay 3,13.0,0.0
2025-10-31,510,South,25027,19814.0,07:28:00,07:30:40,07:31:12,3,2765,Mountlake Terrace Fwy Station Bay 6,0.0,0.0
2025-10-31,510,South,25027,19814.0,07:59:00,07:49:02,07:49:35,7,1909,Stewart St & 9th Ave,0.0,5.0
2025-10-31,510,South,25027,19814.0,,07:50:34,07:51:11,8,1908,Stewart St & 7th Ave,0.0,1.0
2025-10-31,510,South,25027,19814.0,08:05:00,07:54:28,07:55:37,9,2698,5th Ave & Pine St,0.0,3.0
2025-10-31,510,South,25027,19814.0,,07:57:50,07:58:12,10,2700,5th Ave & Seneca St,0.0,4.0
2025-10-31,510,South,25027,19814.0,,07:59:45,08:01:44,11,2702,5th Ave & Marion St,1.0,5.0
2025-10-31,510,South,25027,19814.0,,08:03:03,08:03:33,12,2290,5th Ave & Jefferson St,0.0,2.0
2025-10-31,510,South,25027,19814.0,08:20:00,08:05:56,08:05:56,13,2706,5th Ave S & S Jackson St,0.0,2.0
2025-10-31,510,South,25028,19851.0,07:16:00,07:17:14,07:17:14,0,2345,Everett Station Bay C1,8.0,0.0
2025-10-31,510,South,25028,19851.0,,07:18:46,07:19:01,1,2367,Broadway & 34th St,1.0,0.0
2025-10-31,510,South,25028,19851.0,07:26:00,07:26:38,07:27:38,2,2868,South Everett Fwy Station Bay 3,11.0,0.0
2025-10-31,510,South,25028,19851.0,07:40:00,07:38:01,07:38:55,3,2765,Mountlake Terrace Fwy Station Bay 6,12.0,0.0
2025-10-31,510,South,25028,19851.0,08:11:00,07:56:38,07:57:03,7,1909,Stewart St & 9th Ave,0.0,10.0
2025-10-31,510,South,25028,19851.0,,07:57:34,07:58:03,8,1908,Stewart St & 7th Ave,0.0,7.0
2025-10-31,510,South,25028,19851.0,08:17:00,08:00:19,08:01:33,9,2698,5th Ave & Pine St,0.0,5.0
2025-10-31,510,South,25028,19851.0,,08:03:33,08:03:58,10,2700,5th Ave & Seneca St,0.0,5.0
2025-10-31,510,South,25028,19851.0,,08:05:32,08:06:14,11,2702,5th Ave & Marion St,0.0,4.0
2025-10-31,510,South,25028,19851.0,,08:07:31,08:07:46,12,2290,5th Ave & Jefferson St,0.0,1.0
2025-10-31,510,South,25028,19851.0,08:34:00,08:10:40,08:10:40,13,2706,5th Ave S & S Jackson St,0.0,0.0
2025-10-31,510,South,25029,19855.0,07:28:00,07:32:48,07:32:48,0,2345,Everett Station Bay C1,6.0,0.0
2025-10-31,510,South,25029,19855.0,,07:35:27,07:35:27,1,2367,Broadway & 34th St,0.0,0.0
2025-10-31,510,South,25029,19855.0,07:38:00,07:42:42,07:43:56,2,2868,South Everett Fwy Station Bay 3,11.0,0.0
2025-10-31,510,South,25029,19855.0,07:52:00,07:54:39,07:55:04,3,2765,Mountlake Terrace Fwy Station Bay 6,1.0,2.0
2025-10-31,510,South,25029,19855.0,08:23:00,08:13:01,08:13:27,7,1909,Stewart St & 9th Ave,0.0,7.0
2025-10-31,510,South,25029,19855.0,,08:14:03,08:14:33,8,1908,Stewart St & 7th Ave,0.0,2.0
2025-10-31,510,South,25029,19855.0,08:29:00,08:17:01,08:17:23,9,2698,5th Ave & Pine St,0.0,2.0
2025-10-31,510,South,25029,19855.0,,08:19:03,08:19:22,10,2700,5th Ave & Seneca St,0.0,2.0
2025-10-31,510,South,25029,19855.0,,08:20:35,08:21:17,11,2702,5th Ave & Marion St,0.0,3.0
2025-10-31,510,South,25029,19855.0,,08:23:42,08:23:53,12,2290,5th Ave & Jefferson St,0.0,0.0
2025-10-31,510,South,25029,19855.0,08:47:00,08:25:47,08:25:47,13,2706,5th Ave S & S Jackson St,0.0,0.0
2025-10-31,510,South,25030,91714.0,07:43:00,07:43:02,07:43:02,0,2345,Everett Station Bay C1,6.0,0.0
2025-10-31,510,South,25030,91714.0,,07:45:06,07:45:31,1,2367,Broadway & 34th St,2.0,0.0
2025-10-31,510,South,25030,91714.0,07:53:00,07:52:36,07:53:09,2,2868,South Everett Fwy Station Bay 3,9.0,0.0
2025-10-31,510,South,25030,91714.0,08:07:00,08:02:46,08:02:58,3,2765,Mountlake Terrace Fwy Station Bay 6,0.0,1.0
2025-10-31,510,South,25030,91714.0,08:38:00,08:18:08,08:18:33,7,1909,Stewart St & 9th Ave,0.0,5.0
2025-10-31,510,South,25030,91714.0,,08:19:38,08:20:10,8,1908,Stewart St & 7th Ave,0.0,6.0
2025-10-31,510,South,25030,91714.0,08:44:00,08:21:13,08:21:22,9,2698,5th Ave & Pine St,1.0,0.0
2025-10-31,510,South,25030,91714.0,,08:23:06,08:23:16,10,2700,5th Ave & Seneca St,0.0,1.0
2025-10-31,510,South,25030,91714.0,,08:23:51,08:24:13,11,2702,5th Ave & Marion St,0.0,2.0
2025-10-31,510,South,25030,91714.0,,08:25:21,08:25:31,12,2290,5th Ave & Jefferson St,0.0,1.0
2025-10-31,510,South,25030,91714.0,09:02:00,08:27:24,08:27:24,13,2706,5th Ave S & S Jackson St,0.0,2.0
2025-10-31,510,South,25031,19817.0,07:58:00,08:06:55,08:06:55,0,2345,Everett Station Bay C1,12.0,0.0
2025-10-31,510,South,25031,19817.0,,08:10:14,08:10:14,1,2367,Broadway & 34th St,0.0,0.0
2025-10-31,510,South,25031,19817.0,08:08:00,08:17:00,08:18:01,2,2868,South Everett Fwy Station Bay 3,17.0,0.0
2025-10-31,510,South,25031,19817.0,08:22:00,08:28:17,08:29:20,3,2765,Mountlake Terrace Fwy Station Bay 6,5.0,0.0
2025-10-31,510,South,25031,19817.0,08:53:00,08:46:08,08:46:27,7,1909,Stewart St & 9th Ave,0.0,15.0
2025-10-31,510,South,25031,19817.0,,08:46:58,08:47:21,8,1908,Stewart St & 7th Ave,0.0,10.0
2025-10-31,510,South,25031,19817.0,08:59:00,08:49:59,08:51:05,9,2698,5th Ave & Pine St,0.0,6.0
2025-10-31,510,South,25031,19817.0,,08:53:18,08:53:49,10,2700,5th Ave & Seneca St,0.0,3.0
2025-10-31,510,South,25031,19817.0,,08:55:20,08:55:45,11,2702,5th Ave & Marion St,0.0,0.0
2025-10-31,510,South,25031,19817.0,,08:58:03,08:58:16,12,2290,5th Ave & Jefferson St,0.0,0.0
2025-10-31,510,South,25031,19817.0,09:17:00,09:00:36,09:00:36,13,2706,5th Ave S & S Jackson St,0.0,0.0
2025-10-31,510,South,25032,91908.0,08:18:00,08:18:07,08:18:07,0,2345,Everett Station Bay C1,5.0,0.0
2025-10-31,510,South,25032,91908.0,,08:20:11,08:20:23,1,2367,Broadway & 34th St,1.0,0.0
2025-10-31,510,South,25032,91908.0,08:29:00,08:27:20,08:28:21,2,2868,South Everett Fwy Station Bay 3,11.0,0.0
2025-10-31,510,South,25032,91908.0,08:42:00,08:38:34,08:39:11,3,2765,Mountlake Terrace Fwy Station Bay 6,8.0,1.0
2025-10-31,510,South,25032,91908.0,09:13:00,08:54:54,08:55:34,7,1909,Stewart St & 9th Ave,0.0,11.0
2025-10-31,510,South,25032,91908.0,,08:57:01,08:57:20,8,1908,Stewart St & 7th Ave,0.0,6.0
2025-10-31,510,South,25032,91908.0,09:19:00,08:58:50,08:59:10,9,2698,5th Ave & Pine St,0.0,5.0
2025-10-31,510,South,25032,91908.0,,09:01:01,09:01:37,10,2700,5th Ave & Seneca St,1.0,1.0
2025-10-31,510,South,25032,91908.0,,09:02:42,09:03:13,11,2702,5th Ave & Marion St,0.0,1.0
2025-10-31,510,South,25032,91908.0,,09:04:24,09:04:37,12,2290,5th Ave & Jefferson St,0.0,1.0
2025-10-31,510,South,25032,91908.0,09:37:00,09:07:22,09:07:22,13,2706,5th Ave S & S Jackson St,0.0,0.0
2025-10-31,510,South,25033,91725.0,08:38:00,08:38:45,08:38:45,0,2345,Everett Station Bay C1,10.0,0.0
2025-10-31,510,South,25033,91725.0,,08:42:01,08:42:15,1,2367,Broadway & 34th St,1.0,0.0
2025-10-31,510,South,25033,91725.0,08:49:00,08:49:28,08:50:51,2,2868,South Everett Fwy Station Bay 3,24.0,0.0
2025-10-31,510,South,25033,91725.0,09:02:00,09:00:57,09:01:24,3,2765,Mountlake Terrace Fwy Station Bay 6,1.0,1.0
2025-10-31,510,South,25033,91725.0,09:33:00,09:15:01,09:16:04,7,1909,Stewart St & 9th Ave,0.0,14.0
2025-10-31,510,South,25033,91725.0,,09:16:40,09:17:55,8,1908,Stewart St & 7th Ave,0.0,7.0
2025-10-31,510,South,25033,91725.0,09:39:00,09:19:46,09:21:00,9,2698,5th Ave & Pine St,0.0,4.0
2025-10-31,510,South,25033,91725.0,,09:21:58,09:22:20,10,2700,5th Ave & Seneca St,0.0,4.0
2025-10-31,510,South,25033,91725.0,,09:23:31,09:24:14,11,2702,5th Ave & Marion St,0.0,5.0
2025-10-31,510,South,25033,91725.0,,09:25:21,09:25:36,12,2290,5th Ave & Jefferson St,0.0,0.0
2025-10-31,510,South,25033,91725.0,09:57:00,09:27:31,09:27:31,13,2706,5th Ave S & S Jackson St,0.0,1.0
